episode,mean_reward,std_reward,min_reward,max_reward
1,-3.047999858856201,0.15230236947536469,-3.4100000858306885,-2.7799999713897705
2,-2.873000144958496,0.10872442275285721,-3.009999990463257,-2.630000114440918
3,-2.9280002117156982,0.14239384233951569,-3.2799999713897705,-2.740000009536743
4,-2.876999855041504,0.1256224811077118,-3.130000114440918,-2.700000047683716
5,-2.991000175476074,0.14376717805862427,-3.190000057220459,-2.690000057220459
6,-2.9159998893737793,0.10461356490850449,-3.0399999618530273,-2.6700000762939453
7,-2.887000322341919,0.11463417857885361,-3.0999999046325684,-2.680000066757202
8,-2.5460000038146973,1.0292054414749146,-3.3499999046325684,-0.3400000035762787
9,-2.366999864578247,1.1873608827590942,-3.240000009536743,0.14499999582767487
10,-2.997999906539917,0.09537290781736374,-3.109999895095825,-2.809999942779541
11,-2.6519997119903564,0.7338910102844238,-3.069999933242798,-0.4699999988079071
12,-2.7234997749328613,0.5923852324485779,-3.049999952316284,-0.9649999737739563
13,-2.119499921798706,1.1794500350952148,-3.190000057220459,-0.07000000029802322
14,-2.5114998817443848,0.8314626812934875,-3.0999999046325684,-0.7950000166893005
15,-2.517500162124634,1.3538448810577393,-3.1500000953674316,1.524999976158142
16,-2.94599986076355,0.149144247174263,-3.2100000381469727,-2.7200000286102295
17,-2.993000030517578,0.1086324080824852,-3.130000114440918,-2.7899999618530273
18,-2.925999879837036,0.1405133605003357,-3.2799999713897705,-2.7899999618530273
19,-2.6364998817443848,0.581928014755249,-3.049999952316284,-0.9350000023841858
20,-2.578000068664551,1.0725651979446411,-3.130000114440918,0.6200000047683716
21,-2.322499990463257,1.383696436882019,-3.119999885559082,1.2350000143051147
22,-2.7179999351501465,0.4487493932247162,-2.990000009536743,-1.399999976158142
23,-2.2734999656677246,1.4693570137023926,-3.140000104904175,1.4950000047683716
24,-2.728999614715576,0.6719590425491333,-3.0399999618530273,-0.7300000190734863
25,-2.495499849319458,1.1584655046463013,-3.0799999237060547,0.9649999737739563
26,-2.357499837875366,1.252064824104309,-3.430000066757202,0.6150000095367432
27,-2.4689998626708984,0.9928615689277649,-3.130000114440918,-0.06499999761581421
28,-1.4954999685287476,1.8916189670562744,-3.140000104904175,1.4800000190734863
29,-2.2704999446868896,1.2951070070266724,-3.0299999713897705,0.9049999713897705
30,-2.9830002784729004,0.1417074203491211,-3.25,-2.640000104904175
31,-1.8875000476837158,1.6728975772857666,-3.2799999713897705,1.225000023841858
32,-2.7149999141693115,0.7892812490463257,-3.3499999046325684,-0.38999998569488525
33,-2.2814998626708984,1.3374080657958984,-3.2200000286102295,0.7200000286102295
34,-2.4625000953674316,1.3022964000701904,-3.049999952316284,1.434999942779541
35,-2.320000171661377,1.3561193943023682,-3.069999933242798,1.3899999856948853
36,-2.3454997539520264,0.9753319025039673,-3.4000000953674316,-0.4950000047683716
37,-2.448500156402588,1.025436520576477,-3.2300000190734863,4.440892098500626e-16
38,-2.139500141143799,1.4954673051834106,-3.0399999618530273,1.524999976158142
39,-2.5224997997283936,1.1851439476013184,-3.119999885559082,1.0049999952316284
40,-2.7910001277923584,0.6669700145721436,-3.5199999809265137,-0.8799999952316284
41,-2.3224997520446777,1.2713836431503296,-3.069999933242798,0.9200000166893005
42,-2.2694997787475586,1.0346072912216187,-2.890000104904175,-0.11999999731779099
43,-2.6659998893737793,0.7502692937850952,-3.109999895095825,-0.4300000071525574
44,-2.923999786376953,0.15376606583595276,-3.309999942779541,-2.7899999618530273
45,-2.8899998664855957,0.1350555568933487,-3.190000057220459,-2.7100000381469727
46,-2.4609999656677246,0.9953838586807251,-3.140000104904175,-0.1599999964237213
47,-2.620500087738037,0.7308229804039001,-3.0899999141693115,-0.4449999928474426
48,-2.4535000324249268,1.1393684148788452,-3.2799999713897705,2.220446049250313e-16
49,-2.197000026702881,1.2641503810882568,-2.9100000858306885,0.7549999952316284
50,-2.2829999923706055,1.2271108627319336,-3.180000066757202,0.38999998569488525
51,-2.1690001487731934,1.4861793518066406,-3.180000066757202,1.4700000286102295
52,-2.439500331878662,0.9673739671707153,-3.0399999618530273,-0.24500000476837158
53,-1.973000168800354,1.652835726737976,-3.25,1.434999942779541
54,-2.6564998626708984,0.870017409324646,-3.309999942779541,-0.08500000089406967
55,-1.751500129699707,1.7776515483856201,-3.0799999237060547,1.5149999856948853
56,-2.9170000553131104,0.07950474321842194,-3.0399999618530273,-2.7899999618530273
57,-2.2619998455047607,0.9333332180976868,-3.0399999618530273,-0.4950000047683716
58,-2.1670000553131104,1.2813570499420166,-3.190000057220459,0.5799999833106995
59,-2.4564998149871826,1.1420814990997314,-3.059999942779541,0.9549999833106995
60,-1.5199998617172241,1.71639883518219,-3.0299999713897705,1.4249999523162842
61,-2.198000192642212,1.4843083620071411,-3.140000104904175,1.4950000047683716
62,-1.621999979019165,1.3616610765457153,-3.109999895095825,0.7649999856948853
63,-2.7139999866485596,0.8829745650291443,-3.4100000858306885,-0.11999999731779099
64,-1.1955000162124634,1.5161306858062744,-2.990000009536743,1.465000033378601
65,-2.618500232696533,0.892978310585022,-3.1700000762939453,0.02500000037252903
66,-2.2680001258850098,1.3166457414627075,-3.1500000953674316,1.0
67,-1.8844999074935913,1.6110066175460815,-3.0399999618530273,1.1200000047683716
68,-1.503499984741211,1.6452234983444214,-2.930000066757202,1.5499999523162842
69,-1.7684999704360962,1.4998517036437988,-3.069999933242798,1.0850000381469727
70,-2.1505000591278076,1.1314337253570557,-3.130000114440918,-0.3799999952316284
71,-0.8044999837875366,1.9423716068267822,-3.190000057220459,1.4950000047683716
72,-1.9169998168945312,1.5479295253753662,-3.069999933242798,1.2799999713897705
73,-2.2804999351501465,1.2938053607940674,-3.2799999713897705,1.1699999570846558
74,-2.194999933242798,1.2372994422912598,-2.990000009536743,0.48500001430511475
75,-2.3244998455047607,1.1959984302520752,-3.009999990463257,0.9049999713897705
76,-2.0394997596740723,1.3200254440307617,-3.25,0.7049999833106995
77,-2.059999942779541,1.531306505203247,-3.309999942779541,1.3300000429153442
78,-1.8530000448226929,1.5830464363098145,-3.009999990463257,1.1649999618530273
79,-1.2179999351501465,1.4651079177856445,-3.0999999046325684,1.0099999904632568
80,-1.7424999475479126,1.591583013534546,-3.059999942779541,1.5700000524520874
81,-2.1150002479553223,1.6213698387145996,-3.009999990463257,1.4249999523162842
82,-2.2174999713897705,1.2837390899658203,-3.009999990463257,1.0299999713897705
83,-2.5455000400543213,0.8303747177124023,-2.940000057220459,-0.06499999761581421
84,-2.059999942779541,1.6199243068695068,-3.0799999237060547,1.4950000047683716
85,-2.7295000553131104,0.6348088383674622,-3.200000047683716,-0.8650000095367432
86,-2.254499912261963,1.2608181238174438,-3.0,0.9800000190734863
87,-2.4059998989105225,1.151811122894287,-3.1600000858306885,0.6949999928474426
88,-1.5720001459121704,1.6591356992721558,-3.049999952316284,1.2200000286102295
89,-2.4449996948242188,1.3066388368606567,-3.0999999046325684,1.4600000381469727
90,-2.119499921798706,1.250276803970337,-3.0299999713897705,0.36000001430511475
91,-2.2345001697540283,1.0307338237762451,-3.069999933242798,-0.3799999952316284
92,-1.7679996490478516,1.7296591997146606,-3.0299999713897705,1.4600000381469727
93,-1.8125,1.5589631795883179,-3.190000057220459,1.2300000190734863
94,-1.846000075340271,1.3412193059921265,-3.0299999713897705,-0.03999999910593033
95,-1.0649999380111694,1.8746252059936523,-3.049999952316284,1.0750000476837158
96,-2.114500045776367,1.5727055072784424,-2.990000009536743,1.0499999523162842
97,-0.8730000257492065,1.4598444700241089,-3.0999999046325684,1.149999976158142
98,-1.4835000038146973,1.6880313158035278,-3.0399999618530273,1.1799999475479126
99,-0.8229999542236328,1.6987645626068115,-3.009999990463257,1.5149999856948853
100,-2.008000135421753,1.3432315587997437,-2.9800000190734863,0.4699999988079071
101,-1.6175000667572021,1.6357784271240234,-2.940000057220459,1.4149999618530273
102,-1.4900000095367432,1.8541251420974731,-3.2200000286102295,1.25
103,-1.5870000123977661,1.6515405178070068,-2.950000047683716,1.3049999475479126
104,-2.0820000171661377,1.5362863540649414,-3.119999885559082,1.1299999952316284
105,-1.8909997940063477,1.551410436630249,-3.0799999237060547,0.7799999713897705
106,-1.1965000629425049,1.7531415224075317,-3.009999990463257,1.3899999856948853
107,-1.496999979019165,1.692433476448059,-2.950000047683716,1.034999966621399
108,-0.8644999265670776,1.5326879024505615,-2.990000009536743,1.2599999904632568
109,-1.9270000457763672,1.5161813497543335,-3.1600000858306885,0.9049999713897705
110,-2.0840001106262207,1.1926017999649048,-3.009999990463257,0.0949999988079071
111,-1.6155002117156982,1.6519176959991455,-3.069999933242798,1.1749999523162842
112,-1.1324999332427979,1.4988983869552612,-3.009999990463257,0.9300000071525574
113,-1.2085000276565552,1.4515613317489624,-3.1500000953674316,1.159999966621399
114,-1.0824999809265137,1.555771827697754,-3.009999990463257,1.4500000476837158
115,-1.1524999141693115,1.7313408851623535,-2.9200000762939453,1.1749999523162842
116,-1.5874998569488525,1.6204155683517456,-3.0199999809265137,1.0850000381469727
117,-1.4040000438690186,1.7798030376434326,-2.990000009536743,1.5099999904632568
118,-0.9045000076293945,1.7001625299453735,-2.950000047683716,1.034999966621399
119,-1.2875001430511475,1.6486937999725342,-2.9200000762939453,1.0950000286102295
120,-1.025499939918518,1.6124321222305298,-2.9600000381469727,1.274999976158142
121,-1.1805000305175781,1.7691699266433716,-2.9000000953674316,1.3700000047683716
122,-0.7569999694824219,1.8078373670578003,-2.9100000858306885,1.5499999523162842
123,-0.9345000386238098,1.9273121356964111,-3.009999990463257,1.4600000381469727
124,-2.4619998931884766,1.234802007675171,-2.990000009536743,1.2300000190734863
125,-0.8000000715255737,1.4979686737060547,-3.009999990463257,1.0149999856948853
126,-0.6559999585151672,1.6283193826675415,-2.9600000381469727,1.159999966621399
127,-1.0159999132156372,1.5908595323562622,-2.859999895095825,1.4149999618530273
128,-1.7354999780654907,1.4506869316101074,-3.009999990463257,0.5400000214576721
129,-1.5315001010894775,1.504777431488037,-3.069999933242798,1.1100000143051147
130,-0.8730000257492065,1.6410928964614868,-2.9000000953674316,1.024999976158142
131,-1.3229998350143433,1.6301506757736206,-2.950000047683716,0.9350000023841858
132,-1.9014999866485596,1.442697286605835,-2.940000057220459,0.8650000095367432
133,-1.0214998722076416,1.2901357412338257,-3.069999933242798,0.925000011920929
134,-0.574999988079071,1.7481719255447388,-3.25,1.5499999523162842
135,-1.8329999446868896,1.3614554405212402,-3.0399999618530273,0.550000011920929
136,-1.712499976158142,1.7224825620651245,-2.950000047683716,1.2300000190734863
137,-0.8780000805854797,1.7801337242126465,-2.9700000286102295,1.5049999952316284
138,-0.5995000004768372,1.8837854862213135,-2.9700000286102295,1.475000023841858
139,-0.671000063419342,1.458598256111145,-2.640000104904175,1.5700000524520874
140,-1.8259999752044678,1.5177364349365234,-2.9000000953674316,0.949999988079071
141,-0.661500096321106,1.7905950546264648,-2.9000000953674316,1.5499999523162842
142,-1.8639999628067017,1.4550219774246216,-2.9600000381469727,0.625
143,-1.5490000247955322,1.7008377313613892,-3.130000114440918,0.8199999928474426
144,-0.9340000152587891,1.805962085723877,-3.2200000286102295,1.4700000286102295
145,-1.6295000314712524,1.5187797546386719,-2.9100000858306885,1.3300000429153442
146,-0.5300000309944153,1.7381298542022705,-3.1700000762939453,1.5700000524520874
147,-1.0425000190734863,1.671181082725525,-3.0199999809265137,1.4950000047683716
148,-0.9845000505447388,1.63428795337677,-2.930000066757202,1.2400000095367432
149,-1.5029999017715454,1.7868187427520752,-3.109999895095825,1.2300000190734863
150,-1.316499948501587,1.557461142539978,-2.9600000381469727,0.7599999904632568
151,-0.8904998898506165,1.76078462600708,-3.369999885559082,1.315000057220459
152,-0.8170000314712524,1.7588791847229004,-3.009999990463257,1.2949999570846558
153,-1.4259998798370361,1.5087708234786987,-3.0399999618530273,0.9750000238418579
154,-0.7940000295639038,1.6334775686264038,-2.9000000953674316,1.225000023841858
155,-0.2345000058412552,1.4528790712356567,-3.0199999809265137,1.1200000047683716
156,-1.0985000133514404,1.8026620149612427,-2.940000057220459,1.284999966621399
157,-1.4494999647140503,1.7724510431289673,-2.950000047683716,1.4900000095367432
158,-0.35600000619888306,1.6716067790985107,-2.8299999237060547,1.2999999523162842
159,-0.9160000085830688,1.948472261428833,-2.869999885559082,1.524999976158142
160,-0.9024999737739563,1.688394546508789,-2.950000047683716,1.2699999809265137
161,0.33400002121925354,1.2589516639709473,-2.819999933242798,1.4900000095367432
162,-0.715999960899353,1.805739164352417,-3.069999933242798,1.2599999904632568
163,-0.6570000648498535,1.8278979063034058,-3.049999952316284,1.284999966621399
164,-0.5580000281333923,1.624686360359192,-2.9700000286102295,1.2999999523162842
165,-0.5105000734329224,1.6931648254394531,-2.930000066757202,1.5399999618530273
166,-0.18400005996227264,1.4481968879699707,-2.9600000381469727,1.5399999618530273
167,-0.6784999966621399,1.7792879343032837,-2.9200000762939453,1.3250000476837158
168,-1.2000000476837158,1.7914868593215942,-3.2200000286102295,0.9950000047683716
169,-0.2474999874830246,1.2999484539031982,-2.9600000381469727,1.065000057220459
170,-0.6479998826980591,1.8845571279525757,-2.9800000190734863,1.5950000286102295
171,-1.248000144958496,1.7238941192626953,-2.950000047683716,1.2699999809265137
172,0.437000036239624,1.2630897760391235,-2.819999933242798,1.5049999952316284
173,-0.47600001096725464,1.8876066207885742,-2.7699999809265137,1.5750000476837158
174,-0.10000000149011612,1.568368673324585,-2.869999885559082,1.5199999809265137
175,-1.0494998693466187,1.707306981086731,-3.0799999237060547,1.565000057220459
176,-1.338499903678894,1.4784232378005981,-2.890000104904175,0.6850000023841858
177,0.09599999338388443,1.5938770771026611,-2.9700000286102295,1.3799999952316284
178,-1.470500111579895,1.6881297826766968,-2.9200000762939453,1.059999942779541
179,-0.3579999804496765,1.4617903232574463,-2.7899999618530273,1.4950000047683716
180,-1.6410000324249268,1.8316900730133057,-3.0,1.25
181,-0.1720000058412552,1.8078927993774414,-2.9200000762939453,1.5449999570846558
182,-2.0875000953674316,1.1612046957015991,-2.9800000190734863,0.10000000149011612
183,-1.7289998531341553,1.6368106603622437,-2.869999885559082,1.2200000286102295
184,-0.45249995589256287,1.6300203800201416,-2.9600000381469727,1.3799999952316284
185,-1.0130001306533813,1.648062825202942,-3.2100000381469727,1.5499999523162842
186,-0.9909998774528503,1.8583416938781738,-2.9200000762939453,1.5850000381469727
187,-0.9109999537467957,1.6182842254638672,-2.930000066757202,1.340000033378601
188,-2.811999797821045,0.07152622193098068,-2.950000047683716,-2.690000057220459
189,-1.4240000247955322,1.7941735982894897,-3.0199999809265137,1.1200000047683716
190,-1.5449998378753662,1.7572890520095825,-3.069999933242798,1.4800000190734863
191,-0.20799994468688965,1.937657356262207,-3.5899999141693115,1.534999966621399
192,-0.030000006780028343,1.5219757556915283,-2.7799999713897705,1.5700000524520874
193,-1.0969998836517334,1.863986611366272,-2.950000047683716,1.5449999570846558
194,-0.3605000376701355,1.7834845781326294,-2.9200000762939453,1.465000033378601
195,-0.4429999887943268,2.063009023666382,-3.25,1.4850000143051147
196,-0.7015000581741333,1.1986910104751587,-2.9700000286102295,0.5450000166893005
197,-1.6780000925064087,1.8207296133041382,-2.9700000286102295,1.340000033378601
198,-2.005500078201294,1.3732744455337524,-3.0199999809265137,1.159999966621399
199,-1.0145000219345093,1.7810958623886108,-2.9800000190734863,1.0850000381469727
200,-0.8260000944137573,1.7017474174499512,-2.890000104904175,1.1349999904632568
201,-0.20749998092651367,1.560364007949829,-2.8499999046325684,1.4299999475479126
202,0.18400001525878906,1.2878369092941284,-3.0399999618530273,1.5049999952316284
203,-0.3519999384880066,1.73183012008667,-3.0,1.5199999809265137
204,-0.5979998707771301,1.534852147102356,-2.9200000762939453,1.090000033378601
205,0.25450000166893005,1.2564681768417358,-2.9600000381469727,1.475000023841858
206,-0.20099997520446777,1.446284532546997,-3.0,1.340000033378601
207,-0.3044999837875366,1.6910802125930786,-2.880000114440918,1.3250000476837158
208,-0.590999960899353,1.683968186378479,-2.890000104904175,1.5750000476837158
209,-1.156499981880188,1.7644928693771362,-2.890000104904175,1.4850000143051147
210,-0.14149999618530273,1.58548903465271,-2.9600000381469727,1.5449999570846558
211,-0.013000035658478737,1.5706959962844849,-2.890000104904175,1.5149999856948853
212,-0.36350005865097046,1.6810905933380127,-2.9200000762939453,1.440000057220459
213,0.6675000190734863,1.2070754766464233,-2.7799999713897705,1.5449999570846558
214,0.6810001134872437,1.1822706460952759,-2.759999990463257,1.590000033378601
215,0.3045000433921814,1.2188609838485718,-2.859999895095825,1.375
216,-0.22699999809265137,1.7804960012435913,-2.940000057220459,1.5499999523162842
217,0.14049997925758362,1.6059786081314087,-2.7699999809265137,1.5199999809265137
218,0.559499979019165,0.6918397545814514,-0.7549999952316284,1.440000057220459
219,-0.42149990797042847,1.7086223363876343,-2.9700000286102295,1.5399999618530273
220,-0.2745000422000885,1.69198477268219,-3.890000104904175,1.4900000095367432
221,0.1014999970793724,1.604362964630127,-2.8399999141693115,1.399999976158142
222,0.2789999544620514,1.2966318130493164,-2.940000057220459,1.4049999713897705
223,0.7260000109672546,0.5715146660804749,-0.375,1.309999942779541
224,-0.38450002670288086,1.6052217483520508,-2.809999942779541,1.399999976158142
225,0.1889999657869339,1.6774545907974243,-3.2300000190734863,1.4850000143051147
226,0.05499996989965439,1.457101583480835,-2.75,1.4199999570846558
227,-1.000499963760376,2.0849311351776123,-3.430000066757202,1.5449999570846558
228,-0.765999972820282,1.8199254274368286,-3.309999942779541,1.2400000095367432
229,-0.6634999513626099,1.887197732925415,-3.009999990463257,1.4500000476837158
230,-0.3725000023841858,1.763675570487976,-3.069999933242798,1.5299999713897705
231,-0.22350001335144043,1.1513535976409912,-2.7300000190734863,1.4850000143051147
232,0.8240000605583191,0.6954344511032104,-0.8450000286102295,1.5
233,-0.31449994444847107,1.7202478647232056,-2.930000066757202,1.3049999475479126
234,-0.2965000867843628,1.7795631885528564,-3.2100000381469727,1.4950000047683716
235,-0.5670000314712524,1.5500309467315674,-3.069999933242798,0.9750000238418579
236,-0.059999994933605194,1.463391661643982,-3.0,1.2200000286102295
237,-0.7770000100135803,1.7999794483184814,-2.9100000858306885,1.315000057220459
238,-0.3095000088214874,1.7389628887176514,-2.940000057220459,1.524999976158142
239,-0.34950006008148193,1.747833490371704,-3.2300000190734863,1.3049999475479126
240,0.06650003790855408,1.2162134647369385,-2.799999952316284,1.5499999523162842
241,-0.012500000186264515,1.4449589252471924,-2.9200000762939453,1.340000033378601
242,0.35850000381469727,1.5307351350784302,-2.8299999237060547,1.2599999904632568
243,0.30000001192092896,1.6375484466552734,-2.950000047683716,1.5399999618530273
244,0.3225000202655792,1.6376770734786987,-2.890000104904175,1.4800000190734863
245,0.47600001096725464,1.463621973991394,-3.740000009536743,1.5449999570846558
246,-0.039000000804662704,1.5174036026000977,-2.9800000190734863,1.3700000047683716
247,-0.5595000386238098,1.537363886833191,-2.7899999618530273,1.1699999570846558
248,0.8179999589920044,0.8004286289215088,-0.8399999737739563,1.4950000047683716
249,-0.35899999737739563,1.617675542831421,-2.809999942779541,1.5399999618530273
250,-0.40700000524520874,1.6520580053329468,-2.859999895095825,1.5449999570846558
251,0.055500008165836334,1.6465470790863037,-3.2799999713897705,1.534999966621399
252,0.4560000002384186,1.2025740146636963,-2.75,1.5950000286102295
253,-1.0715000629425049,1.8655282258987427,-3.6600000858306885,1.3650000095367432
254,0.6825000047683716,1.2049548625946045,-2.6600000858306885,1.5199999809265137
255,0.36400002241134644,0.7022278904914856,-0.8149999976158142,1.2050000429153442
256,0.19850008189678192,1.5257080793380737,-2.559999942779541,1.5149999856948853
257,-0.3824999928474426,1.7934775352478027,-3.1500000953674316,1.3849999904632568
258,0.7245000600814819,1.2641983032226562,-2.869999885559082,1.440000057220459
259,-0.062499988824129105,1.4583898782730103,-2.819999933242798,1.350000023841858
260,0.3499999940395355,1.2079734802246094,-2.869999885559082,1.309999942779541
261,0.09999997168779373,1.6224995851516724,-2.9000000953674316,1.5399999618530273
262,0.024000048637390137,1.6467753648757935,-3.1600000858306885,1.4900000095367432
263,0.18800000846385956,1.560463309288025,-2.950000047683716,1.3550000190734863
264,0.6025000214576721,0.6972813010215759,-1.0549999475479126,1.340000033378601
265,0.40950003266334534,1.2673090696334839,-2.9000000953674316,1.4950000047683716
266,0.14699998497962952,1.1178175210952759,-2.950000047683716,1.1649999618530273
267,0.03999999910593033,1.6112991571426392,-2.9200000762939453,1.3650000095367432
268,-0.25999999046325684,1.819300889968872,-3.0,1.4500000476837158
269,-0.25599998235702515,1.8744676113128662,-3.2200000286102295,1.3849999904632568
270,-0.4949999749660492,2.0571558475494385,-3.319999933242798,1.5399999618530273
271,-0.6390000581741333,1.9405834674835205,-3.140000104904175,1.3450000286102295
272,-0.1599999964237213,1.8248766660690308,-3.009999990463257,1.4800000190734863
273,-0.02949998341500759,1.8214917182922363,-2.859999895095825,1.534999966621399
274,0.12250001728534698,1.5816055536270142,-2.859999895095825,1.5149999856948853
275,-0.4909999370574951,1.6647248268127441,-3.0899999141693115,1.4850000143051147
276,-0.5440000295639038,1.9308491945266724,-3.0399999618530273,1.4299999475479126
277,-0.8535000085830688,1.7201120853424072,-2.9800000190734863,1.5099999904632568
278,-0.2789999842643738,1.86384117603302,-3.240000009536743,1.4700000286102295
279,0.34300002455711365,1.2706615924835205,-2.9000000953674316,1.4700000286102295
280,0.7515000104904175,1.282164216041565,-2.890000104904175,1.5449999570846558
281,0.02299998328089714,1.7885611057281494,-2.809999942779541,1.4600000381469727
282,0.21549999713897705,1.656838059425354,-3.200000047683716,1.5149999856948853
283,0.30399996042251587,1.7808772325515747,-3.440000057220459,1.4500000476837158
284,-0.20650000870227814,1.7801265716552734,-2.950000047683716,1.5950000286102295
285,0.6959999799728394,1.2180163860321045,-2.9000000953674316,1.5399999618530273
286,0.530500054359436,1.185747504234314,-2.869999885559082,1.4900000095367432
287,0.34950000047683716,1.284214735031128,-2.890000104904175,1.5700000524520874
288,0.6604999303817749,1.275955319404602,-2.7200000286102295,1.5
289,0.4945000112056732,1.301056146621704,-2.7100000381469727,1.4850000143051147
290,0.30049997568130493,1.631611943244934,-2.930000066757202,1.5049999952316284
291,0.07699999958276749,1.5395276546478271,-2.859999895095825,1.5399999618530273
292,0.12250001728534698,1.2813609838485718,-2.9600000381469727,1.5499999523162842
293,-0.3030000329017639,1.879570722579956,-2.7100000381469727,1.4600000381469727
294,-0.025999967008829117,1.780144453048706,-2.819999933242798,1.5850000381469727
295,-0.3955000340938568,1.7570792436599731,-2.9800000190734863,1.5549999475479126
296,-0.2214999943971634,1.7866101264953613,-2.9800000190734863,1.3799999952316284
297,0.4685000479221344,1.3315857648849487,-2.9100000858306885,1.5399999618530273
298,0.07050000131130219,1.5659908056259155,-3.0399999618530273,1.3450000286102295
299,0.10850001871585846,1.5959011316299438,-3.049999952316284,1.4550000429153442
300,0.24050001800060272,1.142364740371704,-2.75,1.3650000095367432
301,0.359499990940094,1.3104225397109985,-2.9800000190734863,1.4299999475479126
302,0.7564999461174011,1.267513394355774,-2.930000066757202,1.5499999523162842
303,0.6574999690055847,1.321618914604187,-2.9000000953674316,1.5149999856948853
304,0.6339999437332153,1.2591601610183716,-2.890000104904175,1.5499999523162842
305,0.7214999794960022,1.2176843881607056,-2.880000114440918,1.475000023841858
306,0.6800000071525574,1.2466976642608643,-2.890000104904175,1.4600000381469727
307,0.48850005865097046,1.2622401714324951,-2.9200000762939453,1.440000057220459
308,0.7245000004768372,1.2894657850265503,-2.8399999141693115,1.5399999618530273
309,0.7409999966621399,1.2568269968032837,-2.9100000858306885,1.5549999475479126
310,0.3205000162124634,1.5816200971603394,-2.819999933242798,1.4049999713897705
311,0.7224999666213989,1.2793089151382446,-2.9800000190734863,1.4950000047683716
312,0.6040000319480896,1.2447164058685303,-2.9200000762939453,1.4550000429153442
313,0.6194999814033508,1.1975880861282349,-2.8299999237060547,1.315000057220459
314,0.7280000448226929,1.2144056558609009,-2.8499999046325684,1.534999966621399
315,0.969499945640564,0.463187038898468,-0.10499999672174454,1.4800000190734863
316,1.131500005722046,0.6537891030311584,-0.6949999928474426,1.534999966621399
317,0.7315000295639038,1.2253592014312744,-2.8399999141693115,1.4049999713897705
318,0.3215000033378601,1.6497576236724854,-3.0199999809265137,1.5499999523162842
319,0.7654999494552612,1.2917052507400513,-2.9800000190734863,1.5750000476837158
320,-0.13499999046325684,1.844651699066162,-2.869999885559082,1.524999976158142
321,0.050000011920928955,1.7609655857086182,-2.809999942779541,1.440000057220459
322,0.5715000033378601,1.1593663692474365,-2.700000047683716,1.375
323,0.6265000104904175,1.261701226234436,-2.819999933242798,1.4600000381469727
324,0.08150000125169754,1.717306137084961,-3.3399999141693115,1.5149999856948853
325,0.699999988079071,1.261536717414856,-2.890000104904175,1.5149999856948853
326,1.1054999828338623,0.46847862005233765,-0.1599999964237213,1.5549999475479126
327,0.8205000162124634,1.2251396179199219,-2.8299999237060547,1.465000033378601
328,0.4440000057220459,1.3410849571228027,-2.8399999141693115,1.5449999570846558
329,0.7675000429153442,1.2227106094360352,-2.690000057220459,1.5950000286102295
330,0.656499981880188,1.1328239440917969,-2.440000057220459,1.5399999618530273
331,0.8790000677108765,1.2668875455856323,-2.7699999809265137,1.5499999523162842
332,0.40699997544288635,1.5858078002929688,-2.819999933242798,1.4950000047683716
333,-0.29399996995925903,1.8745423555374146,-3.369999885559082,1.4900000095367432
334,0.7900000214576721,1.2326109409332275,-2.8499999046325684,1.5499999523162842
335,0.44349998235702515,1.4057080745697021,-2.559999942779541,1.409999966621399
336,0.6209999322891235,1.3026738166809082,-2.950000047683716,1.5049999952316284
337,0.39399999380111694,1.6189931631088257,-2.819999933242798,1.5449999570846558
338,0.9730000495910645,0.5805609226226807,-0.2800000011920929,1.4800000190734863
339,0.39900001883506775,1.6706463098526,-3.069999933242798,1.559999942779541
340,0.7740000486373901,1.2167553901672363,-2.859999895095825,1.3700000047683716
341,0.8859999775886536,1.2649738788604736,-2.8499999046325684,1.5750000476837158
342,0.9925000071525574,0.5184556245803833,-0.16500000655651093,1.5549999475479126
343,0.8544999957084656,0.7495681047439575,-1.0399999618530273,1.534999966621399
344,0.8544999957084656,1.2126096487045288,-2.7699999809265137,1.434999942779541
345,0.440000057220459,1.629131555557251,-2.8399999141693115,1.4900000095367432
346,1.034000039100647,0.4352172017097473,0.17000000178813934,1.5750000476837158
347,1.0575000047683716,0.43388503789901733,0.014999999664723873,1.4800000190734863
348,0.8199998736381531,1.1461609601974487,-2.4800000190734863,1.6150000095367432
349,0.25050005316734314,1.5480188131332397,-2.7200000286102295,1.5499999523162842
350,0.36399999260902405,1.2841687202453613,-2.7200000286102295,1.4900000095367432
351,0.44099998474121094,1.2672901153564453,-2.7799999713897705,1.475000023841858
352,0.4515000283718109,1.356263279914856,-2.8499999046325684,1.5149999856948853
353,0.1314999759197235,1.658047080039978,-2.940000057220459,1.4850000143051147
354,0.9545000195503235,1.275679111480713,-2.859999895095825,1.559999942779541
355,0.7890000343322754,1.195099949836731,-2.700000047683716,1.5750000476837158
356,0.6424999833106995,1.2160309553146362,-2.6700000762939453,1.5499999523162842
357,0.8359999656677246,1.25007963180542,-2.869999885559082,1.4800000190734863
358,0.7545000314712524,1.266160488128662,-2.9100000858306885,1.5399999618530273
359,0.590999960899353,1.1648730039596558,-2.6700000762939453,1.5149999856948853
360,0.6144999861717224,1.1869571208953857,-2.6700000762939453,1.5449999570846558
361,0.4930000305175781,1.2849069833755493,-2.950000047683716,1.5049999952316284
362,1.2545000314712524,0.24920323491096497,0.7799999713897705,1.5399999618530273
363,1.1059999465942383,0.4097670018672943,0.20499999821186066,1.524999976158142
364,1.1499998569488525,0.33853358030319214,0.45500001311302185,1.5149999856948853
365,0.2120000422000885,1.5768342018127441,-2.869999885559082,1.4600000381469727
366,0.5299999713897705,1.1777393817901611,-2.75,1.5449999570846558
367,0.6100000143051147,1.2018693685531616,-2.5299999713897705,1.3949999809265137
368,1.1104999780654907,0.370374470949173,0.15000000596046448,1.4800000190734863
369,1.249500036239624,0.23791226744651794,0.6899999976158142,1.5549999475479126
370,0.7985000014305115,1.1944059133529663,-2.690000057220459,1.565000057220459
371,0.4715000092983246,1.2571097612380981,-2.869999885559082,1.4199999570846558
372,-0.12400003522634506,1.8666237592697144,-2.9800000190734863,1.4850000143051147
373,0.9769999384880066,1.32330322265625,-2.9800000190734863,1.5499999523162842
374,0.9420000314712524,1.1735910177230835,-2.3499999046325684,1.5950000286102295
375,0.9539999961853027,0.5913577079772949,-0.10499999672174454,1.5399999618530273
376,0.8154999613761902,1.062307596206665,-2.3299999237060547,1.5099999904632568
377,0.33250004053115845,1.7101435661315918,-3.0399999618530273,1.5399999618530273
378,-0.02250004932284355,1.8555028438568115,-2.880000114440918,1.565000057220459
379,0.25599998235702515,1.5953224897384644,-3.009999990463257,1.4850000143051147
380,1.1714999675750732,0.49650803208351135,-0.2549999952316284,1.534999966621399
381,0.4514999985694885,1.583298921585083,-2.7100000381469727,1.524999976158142
382,0.840999960899353,1.2461055517196655,-2.859999895095825,1.4800000190734863
383,1.128999948501587,0.5851529240608215,-0.375,1.5449999570846558
384,-0.09349998086690903,1.8156996965408325,-2.930000066757202,1.475000023841858
385,0.8260000348091125,1.2514867782592773,-2.809999942779541,1.5449999570846558
386,0.6134999990463257,1.2408243417739868,-2.859999895095825,1.4299999475479126
387,0.5845000147819519,1.442626953125,-2.990000009536743,1.5549999475479126
388,0.8755000233650208,1.1935356855392456,-2.6700000762939453,1.5149999856948853
389,0.29649999737739563,1.6314258575439453,-2.9000000953674316,1.5549999475479126
390,0.9995000958442688,1.1379376649856567,-2.4000000953674316,1.5399999618530273
391,0.8955000042915344,1.2492706775665283,-2.759999990463257,1.5499999523162842
392,0.6614999771118164,1.313194751739502,-3.180000066757202,1.5149999856948853
393,1.1134999990463257,0.45305103063583374,0.1550000011920929,1.600000023841858
394,1.2904999256134033,0.2923649251461029,0.6949999928474426,1.5449999570846558
395,1.1909998655319214,0.34204381704330444,0.33500000834465027,1.534999966621399
396,0.7684999704360962,1.2716014385223389,-2.75,1.5750000476837158
397,0.2994999885559082,1.6469250917434692,-3.009999990463257,1.4850000143051147
398,0.5755000114440918,1.5415648221969604,-2.869999885559082,1.6200000047683716
399,0.8715000152587891,1.1892162561416626,-2.6700000762939453,1.600000023841858
400,0.7284999489784241,1.389625906944275,-3.049999952316284,1.559999942779541
401,0.6345000267028809,1.283591628074646,-2.8299999237060547,1.5549999475479126
402,0.7419999837875366,1.210322618484497,-2.740000009536743,1.4900000095367432
403,0.6509999632835388,1.1868062019348145,-2.509999990463257,1.475000023841858
404,1.1970000267028809,0.30280521512031555,0.4350000023841858,1.565000057220459
405,1.2855000495910645,0.12248366326093674,1.1399999856948853,1.5399999618530273
406,1.2314999103546143,0.1995501071214676,0.7699999809265137,1.534999966621399
407,0.7979999780654907,1.321208119392395,-2.9700000286102295,1.5099999904632568
408,0.9039999842643738,1.356787919998169,-3.130000114440918,1.5199999809265137
409,1.2805001735687256,0.20749036967754364,0.875,1.5199999809265137
410,0.6354999542236328,1.294388771057129,-3.049999952316284,1.4850000143051147
411,1.0649999380111694,0.5287485122680664,-0.2549999952316284,1.5750000476837158
412,0.6664999723434448,1.3137599229812622,-2.690000057220459,1.5099999904632568
413,0.6620000004768372,1.2499743700027466,-2.799999952316284,1.5
414,0.4269999861717224,1.5961692333221436,-2.7899999618530273,1.5399999618530273
415,1.341499924659729,0.12302540242671967,1.1299999952316284,1.5499999523162842
416,0.6545000076293945,1.2931694984436035,-2.8499999046325684,1.4700000286102295
417,0.6884999871253967,1.2631192207336426,-2.7100000381469727,1.465000033378601
418,1.1864999532699585,0.33986061811447144,0.49000000953674316,1.5750000476837158
419,0.7595000267028809,1.2755165100097656,-2.8299999237060547,1.4199999570846558
420,0.8855000734329224,1.2505747079849243,-2.7699999809265137,1.5499999523162842
421,0.7535001039505005,1.2565289735794067,-2.7899999618530273,1.5700000524520874
422,1.2829999923706055,0.2675369381904602,0.5299999713897705,1.4800000190734863
423,0.8165000081062317,1.3091351985931396,-2.859999895095825,1.524999976158142
424,1.3034999370574951,0.061320871114730835,1.190000057220459,1.399999976158142
425,0.8174999952316284,0.7552028298377991,-0.7900000214576721,1.4900000095367432
426,0.778499960899353,1.3249094486236572,-3.0199999809265137,1.5149999856948853
427,0.9180000424385071,1.2910271883010864,-2.940000057220459,1.5850000381469727
428,0.9350000619888306,1.2888133525848389,-2.9000000953674316,1.5399999618530273
429,1.278499960899353,0.23554246127605438,0.699999988079071,1.5449999570846558
430,0.9790000915527344,1.2790050506591797,-2.8399999141693115,1.5950000286102295
431,0.09100000560283661,1.6321747303009033,-3.130000114440918,1.5549999475479126
432,0.6654999852180481,1.2032549381256104,-2.680000066757202,1.5499999523162842
433,0.4415000081062317,1.6158729791641235,-2.880000114440918,1.5049999952316284
434,1.2085000276565552,0.3557811975479126,0.17499999701976776,1.4900000095367432
435,1.1934999227523804,0.6866987943649292,-0.8349999785423279,1.5950000286102295
436,0.7970000505447388,1.1945337057113647,-2.559999942779541,1.5399999618530273
437,0.7269999980926514,1.312479019165039,-2.859999895095825,1.5149999856948853
438,1.317000150680542,0.11441589891910553,1.149999976158142,1.475000023841858
439,0.9134999513626099,1.2294248342514038,-2.75,1.5199999809265137
440,0.7029999494552612,0.9120367169380188,-1.1349999904632568,1.6150000095367432
441,0.9505000114440918,1.2095215320587158,-2.6600000858306885,1.534999966621399
442,1.1115000247955322,0.3413872718811035,0.1550000011920929,1.4049999713897705
443,1.2279999256134033,0.16081355512142181,0.9549999833106995,1.4600000381469727
444,0.7475000023841858,1.192223310470581,-2.75,1.4900000095367432
445,0.8199999928474426,1.2293778657913208,-2.7200000286102295,1.5549999475479126
446,1.0805000066757202,0.496721476316452,-0.18000000715255737,1.5099999904632568
447,0.8460000157356262,1.3622201681137085,-2.7799999713897705,1.565000057220459
448,1.0889999866485596,0.45932453870773315,0.0949999988079071,1.4800000190734863
449,0.8209999799728394,1.2374969720840454,-2.700000047683716,1.565000057220459
450,1.2424999475479126,0.2973150312900543,0.5450000166893005,1.559999942779541
451,0.9810001254081726,0.8944936394691467,-1.649999976158142,1.5
452,0.859000027179718,1.1666849851608276,-2.5799999237060547,1.5399999618530273
453,0.44249996542930603,1.7807908058166504,-3.450000047683716,1.5449999570846558
454,1.315500020980835,0.17251738905906677,1.0399999618530273,1.534999966621399
455,1.3624999523162842,0.1307908445596695,1.1449999809265137,1.5449999570846558
456,0.7085000276565552,1.2054356336593628,-2.5799999237060547,1.565000057220459
457,1.3280000686645508,0.16512419283390045,1.034999966621399,1.5700000524520874
458,1.0214999914169312,1.2303295135498047,-2.630000114440918,1.5950000286102295
459,0.32600000500679016,1.6418826580047607,-2.930000066757202,1.5449999570846558
460,0.40849989652633667,1.6171023845672607,-2.9200000762939453,1.5049999952316284
461,0.304999977350235,1.7019195556640625,-3.140000104904175,1.5700000524520874
462,1.0850000381469727,0.4533155560493469,0.1599999964237213,1.440000057220459
463,0.9649999737739563,1.2461419105529785,-2.740000009536743,1.6200000047683716
464,1.1714999675750732,0.3804868459701538,0.4449999928474426,1.5049999952316284
465,1.243499994277954,0.20647093653678894,0.7200000286102295,1.465000033378601
466,0.44999998807907104,1.6414324045181274,-2.9000000953674316,1.5199999809265137
467,1.373500108718872,0.1690865159034729,0.9750000238418579,1.625
468,0.7175000309944153,1.3985710144042969,-2.809999942779541,1.5449999570846558
469,1.003499984741211,0.7392767667770386,-1.0099999904632568,1.5950000286102295
470,1.3429999351501465,0.14996999502182007,1.125,1.534999966621399
471,0.3994999825954437,1.4207524061203003,-2.890000104904175,1.5499999523162842
472,0.9935000538825989,0.7216441035270691,-0.7799999713897705,1.5950000286102295
473,0.8694999814033508,1.2735882997512817,-2.940000057220459,1.4850000143051147
474,0.9210000038146973,1.3141876459121704,-3.009999990463257,1.5700000524520874
475,1.0484999418258667,0.5448809266090393,-0.38999998569488525,1.5399999618530273
476,1.3130000829696655,0.35354068875312805,0.28999999165534973,1.5700000524520874
477,0.9409999847412109,1.2106544971466064,-2.6700000762939453,1.5149999856948853
478,1.3310000896453857,0.3640109598636627,0.32499998807907104,1.6200000047683716
479,1.2395000457763672,0.2891491949558258,0.6800000071525574,1.5049999952316284
480,0.5180000066757202,1.6814862489700317,-2.9000000953674316,1.565000057220459
481,0.6729999780654907,1.3000754117965698,-2.859999895095825,1.5449999570846558
482,1.3615000247955322,0.20320002734661102,0.8849999904632568,1.625
483,0.9354999661445618,1.2252131700515747,-2.690000057220459,1.5700000524520874
484,1.2050001621246338,0.28511402010917664,0.48500001430511475,1.4900000095367432
485,1.1734999418258667,0.6570770144462585,-0.7799999713897705,1.5549999475479126
486,1.0235000848770142,0.5950548648834229,-0.4749999940395355,1.5199999809265137
487,1.096000075340271,0.397968590259552,0.10499999672174454,1.4249999523162842
488,0.7574999928474426,1.3472626209259033,-2.890000104904175,1.534999966621399
489,1.3050000667572021,0.2060946226119995,0.7549999952316284,1.5399999618530273
490,0.7574999928474426,1.205784559249878,-2.7300000190734863,1.4900000095367432
491,0.4934999346733093,1.592639446258545,-2.700000047683716,1.5099999904632568
492,0.9635000228881836,1.2140223979949951,-2.6700000762939453,1.5
493,0.612500011920929,1.3314489126205444,-2.5799999237060547,1.559999942779541
494,1.2020000219345093,0.35468438267707825,0.2750000059604645,1.565000057220459
495,1.2079999446868896,0.3420906364917755,0.574999988079071,1.534999966621399
496,0.6764999628067017,1.3006500005722046,-2.640000104904175,1.524999976158142
497,1.309000015258789,0.15966841578483582,1.034999966621399,1.475000023841858
498,0.8984999656677246,1.1268186569213867,-2.450000047683716,1.5499999523162842
499,0.9100000262260437,1.2624757289886475,-2.8399999141693115,1.534999966621399
500,1.3504998683929443,0.22972211241722107,0.8600000143051147,1.5750000476837158
501,1.375499963760376,0.1938227117061615,1.0199999809265137,1.565000057220459
502,1.121999979019165,0.2700759172439575,0.5149999856948853,1.4249999523162842
503,1.152000069618225,0.4613794684410095,-0.125,1.559999942779541
504,1.4255000352859497,0.11992601305246353,1.2300000190734863,1.5449999570846558
505,1.3555001020431519,0.12983548641204834,1.1649999618530273,1.565000057220459
506,1.176999807357788,0.40096259117126465,0.04500000178813934,1.5549999475479126
507,1.095500111579895,0.5819254517555237,-0.5149999856948853,1.5149999856948853
508,1.2020000219345093,0.3493436872959137,0.2800000011920929,1.600000023841858
509,0.8044999837875366,1.178712248802185,-2.690000057220459,1.3899999856948853
510,1.2100000381469727,0.5622366666793823,-0.4050000011920929,1.5449999570846558
511,0.8365000486373901,0.8208624720573425,-0.75,1.5750000476837158
512,1.2589999437332153,0.6558993458747864,-0.6800000071525574,1.6100000143051147
513,1.0210000276565552,0.6144786477088928,-0.20999999344348907,1.5750000476837158
514,0.8339999914169312,1.3642098903656006,-3.240000009536743,1.4500000476837158
515,1.128000020980835,0.5473125576972961,-0.1599999964237213,1.565000057220459
516,1.2475000619888306,0.24927140772342682,0.5450000166893005,1.5099999904632568
517,1.2080000638961792,0.2884805202484131,0.4000000059604645,1.4299999475479126
518,0.9644999504089355,1.3193074464797974,-2.9800000190734863,1.5700000524520874
519,1.1559998989105225,0.4830983281135559,-0.2549999952316284,1.4850000143051147
520,0.718500018119812,1.3093472719192505,-2.759999990463257,1.4900000095367432
521,1.1885000467300415,0.35149717330932617,0.5,1.5199999809265137
522,0.4859999716281891,1.3042773008346558,-2.7799999713897705,1.559999942779541
523,0.9474999308586121,1.2752454280853271,-2.859999895095825,1.590000033378601
524,1.224000096321106,0.17912007868289948,0.8799999952316284,1.4550000429153442
525,0.8984999656677246,1.2481226921081543,-2.75,1.559999942779541
526,1.1569998264312744,0.621269702911377,-0.6800000071525574,1.5499999523162842
527,1.130500078201294,0.42549648880958557,-0.06499999761581421,1.4550000429153442
528,1.3620001077651978,0.18016935884952545,1.090000033378601,1.6150000095367432
529,0.8254998922348022,1.1757198572158813,-2.640000104904175,1.5049999952316284
530,1.3545000553131104,0.22540463507175446,0.7450000047683716,1.565000057220459
531,1.2744998931884766,0.2087995558977127,0.7099999785423279,1.4800000190734863
532,1.2365000247955322,0.22261005640029907,0.7850000262260437,1.5449999570846558
533,1.368499994277954,0.09648963809013367,1.2300000190734863,1.590000033378601
534,0.7775000333786011,1.2687301635742188,-2.930000066757202,1.565000057220459
535,0.7524999976158142,1.1873126029968262,-2.75,1.3250000476837158
536,1.2174999713897705,0.4017913043498993,0.125,1.5199999809265137
537,1.1980000734329224,0.37050098180770874,0.12999999523162842,1.4900000095367432
538,1.2960001230239868,0.16863864660263062,1.0099999904632568,1.5499999523162842
539,0.8674999475479126,1.2177485227584839,-2.740000009536743,1.4950000047683716
540,1.1109999418258667,0.43127602338790894,-0.09000000357627869,1.4950000047683716
541,1.2524999380111694,0.286306232213974,0.41499999165534973,1.4199999570846558
542,1.096000075340271,0.5654369592666626,-0.5299999713897705,1.5
543,0.9864999651908875,1.2694389820098877,-2.799999952316284,1.5449999570846558
544,0.965999960899353,1.2148288488388062,-2.6500000953674316,1.5750000476837158
545,0.968500018119812,1.2748862504959106,-2.8399999141693115,1.5499999523162842
546,1.3539998531341553,0.1637498140335083,0.9700000286102295,1.5750000476837158
547,0.6990000009536743,1.2359466552734375,-2.700000047683716,1.5449999570846558
548,0.7195000052452087,1.4187308549880981,-2.7799999713897705,1.5700000524520874
549,1.3195000886917114,0.1620563268661499,1.1449999809265137,1.600000023841858
550,1.121999979019165,0.6691120862960815,-0.8600000143051147,1.5199999809265137
551,1.1974999904632568,0.6236876249313354,-0.6299999952316284,1.5199999809265137
552,1.0959999561309814,0.5800120830535889,-0.4000000059604645,1.559999942779541
553,1.2025001049041748,0.3762196898460388,0.375,1.5950000286102295
554,0.719499945640564,1.2671512365341187,-2.9200000762939453,1.3700000047683716
555,1.1700000762939453,0.6624915599822998,-0.7799999713897705,1.590000033378601
556,0.7670000195503235,1.215335726737976,-2.8299999237060547,1.3849999904632568
557,1.272499918937683,0.16897113621234894,0.9300000071525574,1.5399999618530273
558,1.2255001068115234,0.2914228141307831,0.6549999713897705,1.5149999856948853
559,1.121999979019165,0.43264421820640564,-0.06499999761581421,1.524999976158142
560,1.2384999990463257,0.16562078893184662,0.9449999928474426,1.4900000095367432
561,0.7465000152587891,1.3053103685379028,-2.859999895095825,1.5449999570846558
562,1.1804999113082886,0.45224690437316895,-0.10999999940395355,1.5750000476837158
563,1.371000051498413,0.13976410031318665,1.059999942779541,1.5449999570846558
564,0.2939999997615814,1.3260595798492432,-2.75,1.4299999475479126
565,1.3454999923706055,0.1625799536705017,1.0950000286102295,1.6100000143051147
566,0.8690000772476196,1.251089096069336,-2.8299999237060547,1.4900000095367432
567,1.1470000743865967,0.3375440537929535,0.23999999463558197,1.5549999475479126
568,1.1019999980926514,0.5766333341598511,-0.5400000214576721,1.475000023841858
569,0.7409999966621399,1.2669941186904907,-2.7200000286102295,1.5399999618530273
570,0.8144999742507935,1.3588330745697021,-2.950000047683716,1.559999942779541
571,1.3184999227523804,0.18458126485347748,0.925000011920929,1.5449999570846558
572,0.5480000376701355,1.6734713315963745,-2.819999933242798,1.5750000476837158
573,0.9565000534057617,1.217012882232666,-2.680000066757202,1.5099999904632568
574,1.3980000019073486,0.18981832265853882,0.9700000286102295,1.5950000286102295
575,1.347999930381775,0.1844884753227234,1.0549999475479126,1.590000033378601
576,1.2850000858306885,0.28760212659835815,0.5049999952316284,1.5149999856948853
577,1.2649999856948853,0.24646501243114471,0.7300000190734863,1.600000023841858
578,1.3114999532699585,0.12182055413722992,1.1150000095367432,1.5149999856948853
579,1.1419999599456787,0.44234150648117065,-0.10999999940395355,1.4800000190734863
580,1.0309998989105225,0.49626001715660095,-0.11999999731779099,1.559999942779541
581,0.6175000071525574,1.3496689796447754,-2.859999895095825,1.4199999570846558
582,0.906999945640564,1.2858775854110718,-2.930000066757202,1.5049999952316284
583,1.3550000190734863,0.20719556510448456,0.8849999904632568,1.590000033378601
584,0.8600000143051147,1.2835693359375,-2.880000114440918,1.565000057220459
585,1.2654998302459717,0.21845422685146332,0.6899999976158142,1.559999942779541
586,1.1220000982284546,0.6899898648262024,-0.9150000214576721,1.4950000047683716
587,0.8830000162124634,1.2365418672561646,-2.799999952316284,1.5
588,0.8565000295639038,1.243040680885315,-2.8499999046325684,1.5199999809265137
589,0.8079999685287476,1.1774150133132935,-2.6700000762939453,1.4900000095367432
590,1.191499948501587,0.4345632791519165,-0.004999999888241291,1.5299999713897705
591,1.3165000677108765,0.1277702897787094,1.024999976158142,1.5449999570846558
592,1.2074999809265137,0.3418424427509308,0.25999999046325684,1.5299999713897705
593,1.4160000085830688,0.11736269295215607,1.2300000190734863,1.5950000286102295
594,1.2325000762939453,0.20615831017494202,0.8600000143051147,1.5499999523162842
595,0.4059999883174896,1.6156946420669556,-2.819999933242798,1.4800000190734863
596,0.6785000562667847,1.3124996423721313,-2.7300000190734863,1.559999942779541
597,0.612500011920929,1.3255946636199951,-2.7799999713897705,1.4950000047683716
598,0.7064999341964722,1.3722082376480103,-2.990000009536743,1.5399999618530273
599,0.8484999537467957,1.2617430686950684,-2.7100000381469727,1.600000023841858
600,0.7735000252723694,1.2959052324295044,-2.9200000762939453,1.565000057220459
601,1.2809998989105225,0.28410208225250244,0.6650000214576721,1.6200000047683716
602,0.8339999914169312,1.207459807395935,-2.75,1.475000023841858
603,1.1990000009536743,0.2335144579410553,0.6949999928474426,1.4900000095367432
604,0.6635000109672546,1.2423487901687622,-2.9200000762939453,1.4199999570846558
605,1.1004999876022339,0.445350706577301,-0.17499999701976776,1.5700000524520874
606,1.2654999494552612,0.2907271087169647,0.5400000214576721,1.5399999618530273
607,1.2944999933242798,0.18654021620750427,0.8899999856948853,1.5099999904632568
608,0.7009999752044678,1.192832350730896,-2.7699999809265137,1.534999966621399
609,1.0360000133514404,0.49148648977279663,0.08500000089406967,1.5149999856948853
610,1.1924999952316284,0.32197242975234985,0.5600000023841858,1.4950000047683716
611,1.3524999618530273,0.11000566929578781,1.2050000429153442,1.5449999570846558
612,1.246999979019165,0.20480720698833466,0.8349999785423279,1.559999942779541
613,1.301999807357788,0.24579665064811707,0.7099999785423279,1.534999966621399
614,1.114499807357788,0.6088162064552307,-0.675000011920929,1.5299999713897705
615,1.1540000438690186,0.43126440048217773,0.29499998688697815,1.5099999904632568
616,1.195500135421753,0.17367282509803772,0.7350000143051147,1.350000023841858
617,1.059499979019165,0.6886343359947205,-0.9399999976158142,1.5149999856948853
618,0.5760000348091125,1.3036367893218994,-2.809999942779541,1.4900000095367432
619,0.8715000152587891,0.8137999773025513,-1.2549999952316284,1.524999976158142
620,1.3070000410079956,0.20576928555965424,0.9549999833106995,1.565000057220459
621,1.3055000305175781,0.13480448722839355,0.9850000143051147,1.534999966621399
622,1.150999903678894,0.4433440864086151,-0.1599999964237213,1.434999942779541
623,1.0774999856948853,0.674348771572113,-0.75,1.5850000381469727
624,1.1734999418258667,0.31325748562812805,0.33000001311302185,1.4550000429153442
625,0.7900000810623169,1.2898157835006714,-2.7699999809265137,1.5750000476837158
626,0.8799999356269836,1.216591477394104,-2.7100000381469727,1.6100000143051147
627,1.164000153541565,0.45041534304618835,-0.11999999731779099,1.475000023841858
628,1.1794999837875366,0.27544915676116943,0.5699999928474426,1.5449999570846558
629,1.0820000171661377,0.4485989511013031,-0.0949999988079071,1.4199999570846558
630,1.3420000076293945,0.14553694427013397,1.1050000190734863,1.5299999713897705
631,0.9109999537467957,1.2479959726333618,-2.799999952316284,1.5099999904632568
632,1.1600000858306885,0.527119517326355,-0.3799999952316284,1.5149999856948853
633,0.546500027179718,1.2999731302261353,-3.059999942779541,1.340000033378601
634,1.1660001277923584,0.5810369849205017,-0.5600000023841858,1.4850000143051147
635,1.2604999542236328,0.30972930788993835,0.7149999737739563,1.6150000095367432
636,1.1664998531341553,0.5084931254386902,-0.2750000059604645,1.565000057220459
637,0.718000054359436,0.7408785223960876,-0.4449999928474426,1.534999966621399
638,1.2914998531341553,0.15948431193828583,0.9700000286102295,1.5049999952316284
639,0.8819999694824219,1.2242043018341064,-2.7699999809265137,1.4249999523162842
640,1.1519999504089355,0.6725332736968994,-0.8349999785423279,1.5
641,0.9609999656677246,1.2908269166946411,-2.890000104904175,1.5750000476837158
642,1.3025000095367432,0.1575317531824112,0.9549999833106995,1.5700000524520874
643,0.9049999117851257,1.2758312225341797,-2.890000104904175,1.5449999570846558
644,1.1364998817443848,0.43509799242019653,0.15000000596046448,1.5700000524520874
645,0.5435000658035278,1.6871691942214966,-2.8299999237060547,1.565000057220459
646,1.2599999904632568,0.29364946484565735,0.44999998807907104,1.5149999856948853
647,1.2779998779296875,0.07473956793546677,1.1749999523162842,1.440000057220459
648,0.3965000510215759,1.5846295356750488,-2.7699999809265137,1.409999966621399
649,1.2945001125335693,0.30001211166381836,0.47999998927116394,1.5850000381469727
650,0.7104999423027039,1.3212937116622925,-2.7300000190734863,1.399999976158142
651,1.127000093460083,0.620238721370697,-0.6600000262260437,1.5700000524520874
652,1.3255000114440918,0.18485736846923828,1.0,1.5449999570846558
653,0.9364999532699585,1.2791463136672974,-2.890000104904175,1.4950000047683716
654,1.022499918937683,0.612585723400116,-0.7749999761581421,1.4850000143051147
655,0.6244999766349792,1.2601279020309448,-2.759999990463257,1.5950000286102295
656,0.859000027179718,1.4540767669677734,-3.4600000381469727,1.524999976158142
657,1.3309998512268066,0.12210241705179214,1.1200000047683716,1.534999966621399
658,1.0985000133514404,0.518623411655426,-0.3100000023841858,1.5750000476837158
659,1.246500015258789,0.1454484462738037,0.9549999833106995,1.4850000143051147
660,1.2820000648498535,0.300101637840271,0.6000000238418579,1.5199999809265137
661,0.6515000462532043,1.3045766353607178,-2.7799999713897705,1.5700000524520874
662,1.2135001420974731,0.3225216865539551,0.3400000035762787,1.5449999570846558
663,1.1799999475479126,0.5566776394844055,-0.41999998688697815,1.5499999523162842
664,1.122999906539917,0.4247952401638031,-0.0949999988079071,1.4500000476837158
665,1.3405001163482666,0.12238158285617828,1.1050000190734863,1.5149999856948853
666,0.9360000491142273,1.2257952690124512,-2.7200000286102295,1.5199999809265137
667,1.2304999828338623,0.20079155266284943,0.8100000023841858,1.4900000095367432
668,1.252000093460083,0.20305417478084564,0.8149999976158142,1.524999976158142
669,1.1324999332427979,0.6780017018318176,-0.8899999856948853,1.465000033378601
670,0.8834999203681946,1.3956128358840942,-3.2799999713897705,1.5399999618530273
671,0.8810000419616699,1.2483124732971191,-2.8499999046325684,1.4550000429153442
672,1.1790001392364502,0.21946299076080322,0.7099999785423279,1.5099999904632568
673,0.8560000658035278,1.2268797159194946,-2.7899999618530273,1.4800000190734863
674,1.3194999694824219,0.16727899014949799,0.9549999833106995,1.5700000524520874
675,1.0824999809265137,0.5409447550773621,-0.5249999761581421,1.3600000143051147
676,1.3364999294281006,0.1732635498046875,1.024999976158142,1.565000057220459
677,0.8655000925064087,1.2694830894470215,-2.9000000953674316,1.5199999809265137
678,1.312000036239624,0.2113906294107437,0.7300000190734863,1.5149999856948853
679,1.3825000524520874,0.1658802330493927,1.0399999618530273,1.625
680,0.7705000042915344,1.1819124221801758,-2.7300000190734863,1.5449999570846558
681,1.3424999713897705,0.17466038465499878,0.925000011920929,1.5
682,1.319000005722046,0.20378665626049042,0.7649999856948853,1.5449999570846558
683,1.1759999990463257,0.35440656542778015,0.20999999344348907,1.5149999856948853
684,1.4054999351501465,0.1340979039669037,1.2000000476837158,1.6200000047683716
685,1.3910000324249268,0.1239919438958168,1.1200000047683716,1.565000057220459
686,1.25,0.26406437158584595,0.6150000095367432,1.5700000524520874
687,1.1549999713897705,0.3860245943069458,0.15000000596046448,1.534999966621399
688,1.2074999809265137,0.30435383319854736,0.45500001311302185,1.5149999856948853
689,1.3044999837875366,0.16494622826576233,1.034999966621399,1.5800000429153442
690,1.2660000324249268,0.13681739568710327,1.034999966621399,1.5149999856948853
691,1.3559999465942383,0.18038567900657654,1.065000057220459,1.5700000524520874
692,0.5744999647140503,1.4581279754638672,-3.4000000953674316,1.4900000095367432
693,1.1325000524520874,0.5855392813682556,-0.5,1.559999942779541
694,1.1994999647140503,0.6200259923934937,-0.625,1.5449999570846558
695,1.1419999599456787,0.4465769827365875,-0.06499999761581421,1.5750000476837158
696,1.127000093460083,0.4931642711162567,-0.14499999582767487,1.5950000286102295
697,1.3274999856948853,0.13149620592594147,1.0299999713897705,1.4850000143051147
698,0.45949992537498474,1.6962804794311523,-2.950000047683716,1.4850000143051147
699,0.7354999780654907,1.2362209558486938,-2.819999933242798,1.5199999809265137
700,0.7789999842643738,1.3508141040802002,-2.8499999046325684,1.5449999570846558
701,1.188499927520752,0.41786989569664,-0.009999999776482582,1.5750000476837158
702,1.2815001010894775,0.34138724207878113,0.6100000143051147,1.565000057220459
703,1.0145000219345093,0.34765249490737915,0.3400000035762787,1.3650000095367432
704,0.6440000534057617,1.22940194606781,-2.7300000190734863,1.3849999904632568
705,0.8760000467300415,0.6756396889686584,-0.6650000214576721,1.4600000381469727
706,1.093000054359436,0.4238525629043579,-0.009999999776482582,1.5099999904632568
707,1.2374999523162842,0.2523019015789032,0.6650000214576721,1.4850000143051147
708,1.2944999933242798,0.19224269688129425,0.824999988079071,1.5750000476837158
709,0.9725000262260437,0.5373045802116394,-0.054999999701976776,1.4900000095367432
710,1.3174998760223389,0.18719306588172913,0.9800000190734863,1.5750000476837158
711,0.9629999995231628,0.6509270668029785,-0.5099999904632568,1.5
712,1.1655000448226929,0.3633349537849426,0.5149999856948853,1.5700000524520874
713,0.908500075340271,0.732495903968811,-0.7049999833106995,1.5199999809265137
714,1.190500020980835,0.18348637223243713,0.7099999785423279,1.4199999570846558
715,1.2354999780654907,0.43750688433647156,0.019999999552965164,1.5700000524520874
716,1.1749999523162842,0.4932038187980652,-0.23000000417232513,1.5149999856948853
717,0.9109999537467957,0.40700000524520874,0.25,1.340000033378601
718,1.1050000190734863,0.5839263200759888,-0.4749999940395355,1.5449999570846558
719,1.221000075340271,0.33413171768188477,0.5299999713897705,1.524999976158142
720,1.1734998226165771,0.2845175564289093,0.4300000071525574,1.625
721,0.6804999113082886,1.23855459690094,-2.880000114440918,1.5149999856948853
722,1.0195000171661377,0.43808361887931824,0.10000000149011612,1.4500000476837158
723,1.3215000629425049,0.17171268165111542,1.0700000524520874,1.5950000286102295
724,1.1899999380111694,0.33611756563186646,0.2549999952316284,1.5049999952316284
725,1.2664999961853027,0.3010818064212799,0.574999988079071,1.600000023841858
726,0.8484999537467957,1.2487034797668457,-2.869999885559082,1.534999966621399
727,1.1514999866485596,0.3397502899169922,0.23499999940395355,1.5199999809265137
728,0.9569999575614929,0.980508029460907,-1.9700000286102295,1.4600000381469727
729,0.9155000448226929,0.5757840275764465,-0.5149999856948853,1.4299999475479126
730,0.921500027179718,0.5628900527954102,-0.6050000190734863,1.524999976158142
731,1.0399999618530273,0.6758846044540405,-0.7200000286102295,1.5800000429153442
732,1.1709998846054077,0.37228888273239136,0.28999999165534973,1.5399999618530273
733,1.0235000848770142,0.476455956697464,-0.10000000149011612,1.5399999618530273
734,1.3020000457763672,0.16234531998634338,0.925000011920929,1.4800000190734863
735,1.1725000143051147,0.31694045662879944,0.5450000166893005,1.4800000190734863
736,1.1250001192092896,0.4045182168483734,0.1850000023841858,1.5099999904632568
737,0.9469999074935913,0.7411551475524902,-0.8700000047683716,1.559999942779541
738,1.3489999771118164,0.13482950627803802,1.0850000381469727,1.534999966621399
739,1.3725000619888306,0.1342991143465042,1.0549999475479126,1.524999976158142
740,1.2114999294281006,0.3324759006500244,0.4449999928474426,1.5700000524520874
741,1.2640000581741333,0.24535484611988068,0.7200000286102295,1.5149999856948853
742,1.3784998655319214,0.21823211014270782,0.7900000214576721,1.590000033378601
743,1.2914999723434448,0.25272563099861145,0.6600000262260437,1.5299999713897705
744,1.2889999151229858,0.1775781512260437,0.9300000071525574,1.5700000524520874
745,1.246999979019165,0.24704451858997345,0.7549999952316284,1.5499999523162842
746,1.2409999370574951,0.2188241332769394,0.7749999761581421,1.5199999809265137
747,1.3315000534057617,0.20083636045455933,0.9449999928474426,1.5399999618530273
748,1.281499981880188,0.2426937371492386,0.6600000262260437,1.565000057220459
749,1.2410000562667847,0.39240795373916626,0.12999999523162842,1.590000033378601
750,1.194000005722046,0.37064000964164734,0.2750000059604645,1.4850000143051147
751,0.7274999618530273,1.2814977169036865,-2.890000104904175,1.5499999523162842
752,1.378499984741211,0.16017255187034607,0.9950000047683716,1.5449999570846558
753,0.8819999694824219,1.2490200996398926,-2.740000009536743,1.5750000476837158
754,1.3270000219345093,0.14683663845062256,1.059999942779541,1.5499999523162842
755,1.1794999837875366,0.24550408124923706,0.7649999856948853,1.5299999713897705
756,1.4295001029968262,0.1006590723991394,1.2100000381469727,1.565000057220459
757,1.1150000095367432,0.4536793828010559,-0.1550000011920929,1.5099999904632568
758,1.343999981880188,0.1639786809682846,1.0549999475479126,1.6100000143051147
759,0.9160000085830688,1.2965277433395386,-2.9100000858306885,1.6150000095367432
760,0.8044999837875366,1.235634446144104,-2.880000114440918,1.3700000047683716
761,1.3244998455047607,0.20482248067855835,1.0,1.5700000524520874
762,1.2149999141693115,0.25497058033943176,0.5,1.5049999952316284
763,1.0869998931884766,0.4079901874065399,-0.03999999910593033,1.4900000095367432
764,0.6964999437332153,1.3409680128097534,-2.799999952316284,1.5299999713897705
765,1.244499921798706,0.22590318322181702,0.8199999928474426,1.5549999475479126
766,1.2935000658035278,0.23921801149845123,0.699999988079071,1.5700000524520874
767,1.3420000076293945,0.1040240228176117,1.1950000524520874,1.5499999523162842
768,1.3600000143051147,0.14170390367507935,1.090000033378601,1.5449999570846558
769,1.1445000171661377,0.68719881772995,-0.8799999952316284,1.5499999523162842
770,1.3060001134872437,0.10772185772657394,1.1050000190734863,1.4600000381469727
771,0.8860000371932983,1.251250982284546,-2.819999933242798,1.4600000381469727
772,1.0670000314712524,0.5299962162971497,-0.46000000834465027,1.3949999809265137
773,1.3700000047683716,0.10380268841981888,1.2450000047683716,1.559999942779541
774,1.2339999675750732,0.15841086208820343,0.9549999833106995,1.5
775,1.1134999990463257,0.7398650646209717,-1.0700000524520874,1.5149999856948853
776,1.0834999084472656,0.4691004753112793,-0.10499999672174454,1.534999966621399
777,0.8630000948905945,1.267284870147705,-2.869999885559082,1.5449999570846558
778,1.2595000267028809,0.23547238111495972,0.699999988079071,1.5449999570846558
779,0.786500096321106,1.223366379737854,-2.869999885559082,1.3700000047683716
780,1.2410000562667847,0.3292248547077179,0.44999998807907104,1.5199999809265137
781,1.3459999561309814,0.12429400533437729,1.1799999475479126,1.5399999618530273
782,1.3279999494552612,0.28898271918296814,0.7649999856948853,1.600000023841858
783,1.351500153541565,0.11115416139364243,1.1200000047683716,1.5049999952316284
784,1.1200001239776611,0.29665637016296387,0.7200000286102295,1.5099999904632568
785,1.0024999380111694,0.6757485866546631,-0.7599999904632568,1.475000023841858
786,1.2985000610351562,0.24427494406700134,0.7099999785423279,1.5449999570846558
787,1.2009999752044678,0.32807621359825134,0.5450000166893005,1.5449999570846558
788,1.176499843597412,0.1815633475780487,0.8149999976158142,1.4850000143051147
789,0.6809999942779541,1.3885438442230225,-2.7899999618530273,1.524999976158142
790,1.2135000228881836,0.3205623924732208,0.33500000834465027,1.5
791,1.1734999418258667,0.4326779842376709,0.06499999761581421,1.5399999618530273
792,1.099500060081482,0.54161536693573,-0.5,1.4199999570846558
793,0.5119999647140503,1.409975528717041,-3.390000104904175,1.5700000524520874
794,1.1435000896453857,0.49524763226509094,-0.2750000059604645,1.5049999952316284
795,1.4194999933242798,0.09331264346837997,1.2999999523162842,1.5499999523162842
796,1.3610000610351562,0.19559907913208008,0.8899999856948853,1.590000033378601
797,1.097999930381775,0.5236706733703613,-0.36000001430511475,1.6150000095367432
798,1.1055001020431519,0.27141711115837097,0.5400000214576721,1.4199999570846558
799,1.0309998989105225,0.5043203234672546,-0.1899999976158142,1.559999942779541
800,0.778499960899353,1.2272714376449585,-2.809999942779541,1.5099999904632568
801,1.3665000200271606,0.13762357831001282,1.1100000143051147,1.5950000286102295
802,1.1815000772476196,0.3156425952911377,0.4350000023841858,1.4550000429153442
803,1.2625001668930054,0.30087578296661377,0.550000011920929,1.5449999570846558
804,0.8289999961853027,0.6702454686164856,-0.47999998927116394,1.4800000190734863
805,0.9494999647140503,0.4070162773132324,0.1599999964237213,1.4299999475479126
806,1.3245000839233398,0.2695964574813843,0.625,1.5950000286102295
807,0.9909999966621399,0.568589448928833,-0.3400000035762787,1.4850000143051147
808,1.0385000705718994,0.3201175630092621,0.550000011920929,1.5399999618530273
809,1.3314999341964722,0.14444807171821594,1.090000033378601,1.5449999570846558
810,0.8500000238418579,0.6632834672927856,-0.9700000286102295,1.5199999809265137
811,0.8089998960494995,0.5276921391487122,-0.5699999928474426,1.3949999809265137
812,0.6074999570846558,1.4020596742630005,-3.2699999809265137,1.590000033378601
813,0.9494999647140503,0.3177849054336548,0.4650000035762787,1.4500000476837158
814,1.1200000047683716,0.39889219403266907,0.10000000149011612,1.534999966621399
815,0.9779999852180481,0.4738101363182068,0.09000000357627869,1.4800000190734863
816,1.2044999599456787,0.5373427867889404,-0.36000001430511475,1.534999966621399
817,0.7639999389648438,1.25779128074646,-2.680000066757202,1.5950000286102295
818,1.1729999780654907,0.2803676128387451,0.5099999904632568,1.4950000047683716
819,1.2204999923706055,0.3067527711391449,0.5450000166893005,1.5750000476837158
820,1.309499979019165,0.19410628080368042,0.8700000047683716,1.5099999904632568
821,0.9545000195503235,0.6012256145477295,-0.6050000190734863,1.5499999523162842
822,1.3930001258850098,0.10288828611373901,1.2100000381469727,1.5149999856948853
823,1.3919999599456787,0.11685887724161148,1.1399999856948853,1.5449999570846558
824,1.1414999961853027,0.3570437729358673,0.2549999952316284,1.5149999856948853
825,1.3799999952316284,0.13485176861286163,1.0299999713897705,1.5750000476837158
826,1.1995000839233398,0.3864094316959381,0.25,1.5049999952316284
827,0.9645000696182251,0.6742939352989197,-0.4950000047683716,1.565000057220459
828,1.1010000705718994,0.5681847929954529,-0.5299999713897705,1.4500000476837158
829,1.2334998846054077,0.21189677715301514,0.8700000047683716,1.534999966621399
830,0.9010000228881836,0.89879310131073,-1.0399999618530273,1.4500000476837158
831,1.059000015258789,0.48461219668388367,-0.2849999964237213,1.475000023841858
832,1.156000018119812,0.34292712807655334,0.3199999928474426,1.5950000286102295
833,1.1405000686645508,0.4253319203853607,-0.06499999761581421,1.5449999570846558
834,1.190500020980835,0.410764217376709,0.3199999928474426,1.5449999570846558
835,1.250999927520752,0.32735148072242737,0.3700000047683716,1.5399999618530273
836,1.1729999780654907,0.12936769425868988,0.9850000143051147,1.3949999809265137
837,0.8390000462532043,1.3660541772842407,-3.2200000286102295,1.5549999475479126
838,1.3109999895095825,0.24414953589439392,0.7200000286102295,1.5950000286102295
839,1.1629999876022339,0.5006305575370789,-0.2800000011920929,1.5449999570846558
840,1.2990000247955322,0.31800785660743713,0.46000000834465027,1.5750000476837158
841,1.1785000562667847,0.36476054787635803,0.2750000059604645,1.5950000286102295
842,1.1614999771118164,0.24719475209712982,0.5699999928474426,1.5
843,0.7559999823570251,1.2253403663635254,-2.819999933242798,1.4450000524520874
844,1.2359999418258667,0.48709750175476074,-0.17499999701976776,1.559999942779541
845,1.2274999618530273,0.19488778710365295,0.925000011920929,1.534999966621399
846,1.1530001163482666,0.27062150835990906,0.47999998927116394,1.434999942779541
847,0.6814998388290405,1.3142718076705933,-2.9800000190734863,1.4900000095367432
848,1.15500009059906,0.3214731812477112,0.36000001430511475,1.465000033378601
849,1.183500051498413,0.17704589664936066,0.8899999856948853,1.4500000476837158
850,1.152000069618225,0.4855779707431793,-0.2750000059604645,1.4600000381469727
851,1.260500192642212,0.36837106943130493,0.22499999403953552,1.600000023841858
852,0.8064999580383301,1.2441704273223877,-2.859999895095825,1.4500000476837158
853,1.2235000133514404,0.3910245895385742,0.1550000011920929,1.5449999570846558
854,1.3394999504089355,0.21827106177806854,0.7799999713897705,1.5049999952316284
855,1.3095000982284546,0.17731964588165283,0.9900000095367432,1.600000023841858
856,1.2735000848770142,0.1587458699941635,0.9649999737739563,1.565000057220459
857,1.3870000839233398,0.1472277194261551,1.1749999523162842,1.5950000286102295
858,1.3264999389648438,0.13364224135875702,1.100000023841858,1.4950000047683716
859,0.9719999432563782,0.5848470330238342,-0.28999999165534973,1.5850000381469727
860,0.8704999685287476,1.5052846670150757,-3.640000104904175,1.5149999856948853
861,1.222499966621399,0.14503879845142365,1.0099999904632568,1.4900000095367432
862,1.3389999866485596,0.23244139552116394,0.6800000071525574,1.5299999713897705
863,1.309000015258789,0.14647184312343597,0.9800000190734863,1.475000023841858
864,0.8569999933242798,1.20916748046875,-2.75,1.4950000047683716
865,1.3360000848770142,0.11599139869213104,1.0399999618530273,1.4800000190734863
866,1.2960001230239868,0.19749431312084198,0.8999999761581421,1.5299999713897705
867,1.1034998893737793,0.3708709478378296,0.2750000059604645,1.5449999570846558
868,1.097999930381775,0.442251056432724,0.05000000074505806,1.475000023841858
869,0.6324999928474426,1.377267599105835,-3.2200000286102295,1.475000023841858
870,0.7975000143051147,1.095434308052063,-2.3299999237060547,1.5199999809265137
871,1.3580000400543213,0.11340635269880295,1.090000033378601,1.4850000143051147
872,1.3274999856948853,0.1618371307849884,1.059999942779541,1.565000057220459
873,1.1850000619888306,0.2998916804790497,0.4350000023841858,1.5149999856948853
874,0.5985000133514404,1.1137257814407349,-2.5899999141693115,1.5950000286102295
875,1.2549999952316284,0.2382015883922577,0.7099999785423279,1.5499999523162842
876,1.305999994277954,0.23920492827892303,0.8550000190734863,1.5449999570846558
877,1.2720000743865967,0.11756274849176407,1.0950000286102295,1.4500000476837158
878,0.4465000033378601,1.4520366191864014,-2.6600000858306885,1.465000033378601
879,1.1890000104904175,0.5943096280097961,-0.574999988079071,1.5099999904632568
880,1.059499979019165,0.3854377269744873,0.4050000011920929,1.4500000476837158
881,1.1110000610351562,0.666036069393158,-0.824999988079071,1.5950000286102295
882,1.0759999752044678,0.5549179911613464,-0.4399999976158142,1.5399999618530273
883,1.3720000982284546,0.12820295989513397,1.1449999809265137,1.5399999618530273
884,1.3240000009536743,0.14247457683086395,1.0549999475479126,1.5149999856948853
885,1.2374999523162842,0.2090962678194046,0.8299999833106995,1.4249999523162842
886,1.2445000410079956,0.17549146711826324,0.8100000023841858,1.465000033378601
887,1.2610000371932983,0.10910547524690628,1.0549999475479126,1.3949999809265137
888,0.8850000500679016,1.2262136936187744,-2.759999990463257,1.4500000476837158
889,1.239499807357788,0.3490734398365021,0.23499999940395355,1.5700000524520874
890,1.3899999856948853,0.1215318888425827,1.1100000143051147,1.6150000095367432
891,0.903499960899353,0.6969793438911438,-0.6850000023841858,1.5449999570846558
892,1.0915000438690186,0.6644849181175232,-0.7149999737739563,1.5499999523162842
893,1.2655000686645508,0.17976999282836914,0.8399999737739563,1.5549999475479126
894,1.2389999628067017,0.27379554510116577,0.7099999785423279,1.5049999952316284
895,0.887499988079071,0.751635730266571,-0.4749999940395355,1.524999976158142
896,1.0735000371932983,0.7275302410125732,-1.059999942779541,1.5800000429153442
897,1.0200001001358032,0.5466991662979126,-0.2150000035762787,1.5449999570846558
898,1.2559999227523804,0.2488754540681839,0.6700000166893005,1.5449999570846558
899,1.3044999837875366,0.2282482236623764,0.6899999976158142,1.5049999952316284
900,1.2415000200271606,0.2630213797092438,0.7350000143051147,1.5499999523162842
901,0.5399999618530273,1.2851556539535522,-2.7300000190734863,1.5950000286102295
902,0.4964999556541443,1.4172227382659912,-3.4600000381469727,1.5399999618530273
903,0.9299999475479126,1.2620222568511963,-2.8399999141693115,1.5149999856948853
904,1.2380000352859497,0.25140804052352905,0.6449999809265137,1.5399999618530273
905,1.0129998922348022,0.5886263847351074,-0.17000000178813934,1.6050000190734863
906,1.254499912261963,0.2635853886604309,0.6449999809265137,1.5750000476837158
907,1.3665001392364502,0.1504833847284317,1.024999976158142,1.5299999713897705
908,1.2365000247955322,0.18121878802776337,0.824999988079071,1.5099999904632568
909,1.2799999713897705,0.24479584395885468,0.7049999833106995,1.590000033378601
910,1.1755000352859497,0.29557105898857117,0.4099999964237213,1.4149999618530273
911,1.1984999179840088,0.24000053107738495,0.7450000047683716,1.5049999952316284
912,1.2330000400543213,0.30300331115722656,0.6549999713897705,1.5950000286102295
913,0.6954999566078186,0.5835214257240295,-0.27000001072883606,1.4199999570846558
914,1.1384999752044678,0.28365516662597656,0.5450000166893005,1.5149999856948853
915,1.2050000429153442,0.2618396282196045,0.6299999952316284,1.559999942779541
916,1.3325002193450928,0.18934424221515656,0.8450000286102295,1.524999976158142
917,0.7029999494552612,1.4104257822036743,-3.0399999618530273,1.5199999809265137
918,1.246000051498413,0.15573695302009583,0.9399999976158142,1.4900000095367432
919,1.3034999370574951,0.1107260063290596,1.1449999809265137,1.4800000190734863
920,1.2344999313354492,0.15055646002292633,0.9850000143051147,1.5399999618530273
921,1.1730000972747803,0.42853352427482605,0.12999999523162842,1.600000023841858
922,1.1309999227523804,0.4896416962146759,-0.22499999403953552,1.5099999904632568
923,1.2294999361038208,0.13938166201114655,0.9800000190734863,1.4850000143051147
924,0.9985000491142273,0.7611834406852722,-0.9449999928474426,1.4850000143051147
925,0.949999988079071,1.333202838897705,-3.0399999618530273,1.565000057220459
926,1.064000129699707,0.3471728265285492,0.3199999928474426,1.4299999475479126
927,1.0209999084472656,0.36742889881134033,0.25999999046325684,1.5199999809265137
928,1.2725000381469727,0.25144830346107483,0.6399999856948853,1.5049999952316284
929,1.1450001001358032,0.6042101979255676,-0.6150000095367432,1.5449999570846558
930,1.0429999828338623,0.6804527640342712,-0.8199999928474426,1.4850000143051147
931,0.968000054359436,0.6994826793670654,-0.7850000262260437,1.5950000286102295
932,1.2380001544952393,0.2960169017314911,0.5149999856948853,1.4850000143051147
933,1.1014999151229858,0.442272812128067,-0.16500000655651093,1.4700000286102295
934,1.128499984741211,0.16334092617034912,0.8399999737739563,1.315000057220459
935,1.3034999370574951,0.15277518332004547,1.059999942779541,1.590000033378601
936,1.2704999446868896,0.14000803232192993,1.0099999904632568,1.434999942779541
937,1.096000075340271,0.5178165435791016,-0.17499999701976776,1.6200000047683716
938,1.0724999904632568,0.6683197617530823,-0.875,1.5149999856948853
939,1.3260000944137573,0.15262369811534882,1.0950000286102295,1.5750000476837158
940,1.124500036239624,0.4008457064628601,0.5,1.5950000286102295
941,1.2390000820159912,0.1842932403087616,0.7900000214576721,1.4550000429153442
942,1.3184999227523804,0.12737837433815002,1.149999976158142,1.5449999570846558
943,1.1485000848770142,0.32085859775543213,0.36500000953674316,1.534999966621399
944,0.8970000147819519,1.1938931941986084,-2.6500000953674316,1.5549999475479126
945,1.2059999704360962,0.24862422049045563,0.6549999713897705,1.5049999952316284
946,1.2499998807907104,0.26545244455337524,0.7450000047683716,1.4900000095367432
947,1.0589998960494995,0.6882979273796082,-0.9649999737739563,1.475000023841858
948,1.221500039100647,0.183589905500412,0.7649999856948853,1.3949999809265137
949,1.0765000581741333,0.363400936126709,0.36500000953674316,1.5099999904632568
950,1.246999979019165,0.361539751291275,0.20999999344348907,1.5700000524520874
951,1.1109998226165771,0.26044002175331116,0.7599999904632568,1.5199999809265137
952,1.3144999742507935,0.1720675826072693,0.8999999761581421,1.4850000143051147
953,1.0790001153945923,0.5199653506278992,-0.4399999976158142,1.5399999618530273
954,1.184000015258789,0.3450782597064972,0.3799999952316284,1.5099999904632568
955,1.155500054359436,0.20689913630485535,0.7649999856948853,1.3550000190734863
956,0.8240000009536743,1.2183016538619995,-2.759999990463257,1.565000057220459
957,1.3135000467300415,0.13055744767189026,1.090000033378601,1.5950000286102295
958,1.2225000858306885,0.24847787618637085,0.7649999856948853,1.5499999523162842
959,1.061000108718872,0.5488661527633667,-0.20000000298023224,1.5149999856948853
960,0.9979999661445618,0.7644023895263672,-1.1950000524520874,1.5199999809265137
961,1.2574999332427979,0.20847363770008087,0.7149999737739563,1.5049999952316284
962,1.2165000438690186,0.2871241271495819,0.6850000023841858,1.590000033378601
963,1.087499976158142,0.4348117411136627,0.04500000178813934,1.4600000381469727
964,1.2030000686645508,0.2974071502685547,0.6549999713897705,1.4500000476837158
965,1.150999903678894,0.3911444842815399,0.39500001072883606,1.4850000143051147
966,1.3320000171661377,0.1051950603723526,1.1699999570846558,1.5149999856948853
967,1.1445000171661377,0.5440057516098022,-0.33000001311302185,1.4800000190734863
968,1.1630001068115234,0.4560767114162445,-0.1550000011920929,1.6200000047683716
969,1.0625,0.5403389930725098,-0.4399999976158142,1.534999966621399
970,1.1575000286102295,0.34972310066223145,0.46000000834465027,1.534999966621399
971,1.1449999809265137,0.46485480666160583,-0.17499999701976776,1.534999966621399
972,1.2769999504089355,0.14328640699386597,1.1150000095367432,1.534999966621399
973,1.1260000467300415,0.5870553851127625,-0.2800000011920929,1.565000057220459
974,0.903499960899353,1.2369095087051392,-2.7799999713897705,1.5449999570846558
975,1.0499999523162842,0.4741307497024536,0.10499999672174454,1.5399999618530273
976,1.1514999866485596,0.43000611662864685,-0.07999999821186066,1.5549999475479126
977,0.8255000114440918,1.2703590393066406,-2.859999895095825,1.559999942779541
978,1.2254998683929443,0.3767920732498169,0.14499999582767487,1.5750000476837158
979,1.1655000448226929,0.28924429416656494,0.5149999856948853,1.5950000286102295
980,1.1369999647140503,0.28809893131256104,0.46000000834465027,1.5099999904632568
981,1.191999912261963,0.32746145129203796,0.5249999761581421,1.5399999618530273
982,1.0815000534057617,0.41608926653862,0.1550000011920929,1.5099999904632568
983,1.1775000095367432,0.4007071852684021,0.3050000071525574,1.5499999523162842
984,1.1864999532699585,0.47590991854667664,-0.08500000089406967,1.5750000476837158
985,1.1899999380111694,0.41224992275238037,-0.009999999776482582,1.5499999523162842
986,1.283000111579895,0.19379369914531708,0.9200000166893005,1.5700000524520874
987,1.2105001211166382,0.49013495445251465,-0.20000000298023224,1.5399999618530273
988,1.054499864578247,0.2678287923336029,0.47999998927116394,1.4700000286102295
989,1.4045000076293945,0.13178488612174988,1.1749999523162842,1.600000023841858
990,0.7329999804496765,1.3694089651107788,-3.0,1.5499999523162842
991,1.3034999370574951,0.16904217004776,0.9549999833106995,1.5049999952316284
992,1.1089999675750732,0.4539702534675598,0.22499999403953552,1.5750000476837158
993,1.3265000581741333,0.16298849880695343,1.0399999618530273,1.5499999523162842
994,1.127500057220459,0.3977891802787781,0.20000000298023224,1.5049999952316284
995,1.3294999599456787,0.15268349647521973,0.9350000023841858,1.534999966621399
996,1.2374999523162842,0.22563523054122925,0.6850000023841858,1.4950000047683716
997,1.3140000104904175,0.12603174149990082,1.1399999856948853,1.5199999809265137
998,1.1140000820159912,0.3509330451488495,0.33500000834465027,1.4800000190734863
999,1.246999979019165,0.1779494434595108,0.8199999928474426,1.475000023841858
1000,1.2580000162124634,0.35532519221305847,0.2800000011920929,1.559999942779541
1001,1.3124998807907104,0.18100067973136902,0.9950000047683716,1.6100000143051147
1002,1.3645000457763672,0.14157064259052277,1.0700000524520874,1.6100000143051147
1003,1.25600004196167,0.21665409207344055,0.8299999833106995,1.524999976158142
1004,0.7695000171661377,1.256635308265686,-2.9100000858306885,1.4600000381469727
1005,0.9775000810623169,0.5828904509544373,-0.38999998569488525,1.5149999856948853
1006,1.3034999370574951,0.23172235488891602,0.7950000166893005,1.5199999809265137
1007,1.3905000686645508,0.1781495213508606,1.034999966621399,1.600000023841858
1008,0.926500141620636,1.2898237705230713,-2.9200000762939453,1.625
1009,1.3194999694824219,0.16044390201568604,0.9750000238418579,1.5099999904632568
1010,1.2280001640319824,0.3603276312351227,0.20999999344348907,1.565000057220459
1011,1.002000093460083,0.4431264102458954,-0.10999999940395355,1.534999966621399
1012,1.129500150680542,0.35238081216812134,0.3400000035762787,1.5549999475479126
1013,1.2844998836517334,0.23928487300872803,0.8199999928474426,1.5149999856948853
1014,1.1840001344680786,0.28529635071754456,0.574999988079071,1.465000033378601
1015,1.2869999408721924,0.2183597832918167,0.8450000286102295,1.524999976158142
1016,1.2065000534057617,0.3120100200176239,0.4350000023841858,1.475000023841858
1017,1.309499979019165,0.15879939496517181,1.0399999618530273,1.534999966621399
1018,1.246999979019165,0.2834625244140625,0.6299999952316284,1.600000023841858
1019,1.2450000047683716,0.3693101704120636,0.2150000035762787,1.5499999523162842
1020,1.3174999952316284,0.1832382082939148,1.0399999618530273,1.5449999570846558
1021,0.9600000381469727,0.6654960513114929,-0.5550000071525574,1.4500000476837158
1022,1.2675000429153442,0.2816935181617737,0.5950000286102295,1.565000057220459
1023,1.1489999294281006,0.4697275757789612,-0.23499999940395355,1.4950000047683716
1024,1.1679999828338623,0.44502922892570496,-0.10499999672174454,1.5049999952316284
1025,1.2645000219345093,0.22270439565181732,0.7900000214576721,1.5299999713897705
1026,1.2704999446868896,0.2843277156352997,0.4399999976158142,1.4950000047683716
1027,1.313499927520752,0.2250894159078598,0.8999999761581421,1.565000057220459
1028,1.1495001316070557,0.437020868062973,0.2150000035762787,1.5299999713897705
1029,1.0460000038146973,0.6541398763656616,-0.36500000953674316,1.600000023841858
1030,1.3259999752044678,0.20010998845100403,0.9549999833106995,1.5950000286102295
1031,1.1920000314712524,0.24709513783454895,0.5950000286102295,1.5099999904632568
1032,1.187000036239624,0.1712045520544052,0.8450000286102295,1.4700000286102295
1033,1.2389999628067017,0.28939419984817505,0.5299999713897705,1.5950000286102295
1034,1.1414999961853027,0.45484092831611633,0.20999999344348907,1.5850000381469727
1035,1.2144999504089355,0.24999450147151947,0.7099999785423279,1.4900000095367432
1036,1.0699999332427979,0.4365890622138977,-0.08500000089406967,1.440000057220459
1037,0.9724999666213989,0.6953892707824707,-0.41999998688697815,1.475000023841858
1038,1.2050000429153442,0.4745893180370331,-0.11999999731779099,1.6200000047683716
1039,1.1070001125335693,0.5169728994369507,0.009999999776482582,1.625
1040,0.8364999890327454,1.22642982006073,-2.7899999618530273,1.559999942779541
1041,1.119499921798706,0.3535566031932831,0.25,1.4500000476837158
1042,1.3079999685287476,0.20816098153591156,0.7900000214576721,1.5449999570846558
1043,1.2280000448226929,0.2734154462814331,0.4699999988079071,1.4800000190734863
1044,1.1480000019073486,0.5550324320793152,-0.4699999988079071,1.534999966621399
1045,1.034500002861023,0.4454798102378845,0.13500000536441803,1.4249999523162842
1046,1.0364999771118164,0.5487396717071533,-0.4449999928474426,1.4800000190734863
1047,1.0970001220703125,0.419173002243042,-0.05999999865889549,1.475000023841858
1048,1.190500020980835,0.37633395195007324,0.12999999523162842,1.5099999904632568
1049,1.188500165939331,0.5811456441879272,-0.5299999713897705,1.5499999523162842
1050,1.252000093460083,0.2946031391620636,0.39500001072883606,1.5099999904632568
1051,0.8655000925064087,1.051654577255249,-2.0199999809265137,1.5499999523162842
1052,1.368499994277954,0.1352599412202835,1.0950000286102295,1.5700000524520874
1053,1.339500069618225,0.289140522480011,0.5099999904632568,1.600000023841858
1054,1.339500069618225,0.14155298471450806,1.1200000047683716,1.6150000095367432
1055,1.1850000619888306,0.20104725658893585,0.7850000262260437,1.3949999809265137
1056,1.1780000925064087,0.6275516152381897,-0.6850000023841858,1.4950000047683716
1057,1.3020000457763672,0.18511077761650085,0.8349999785423279,1.4800000190734863
1058,1.0679999589920044,0.5409491658210754,-0.36000001430511475,1.534999966621399
1059,1.160499930381775,0.5119103789329529,-0.32499998807907104,1.5149999856948853
1060,1.2065000534057617,0.49948498606681824,-0.23000000417232513,1.5700000524520874
1061,0.6934999823570251,1.2254612445831299,-2.8399999141693115,1.5199999809265137
1062,0.4619999825954437,1.701556921005249,-2.940000057220459,1.5700000524520874
1063,1.2290000915527344,0.32520610094070435,0.3799999952316284,1.5750000476837158
1064,0.7480000257492065,1.156203269958496,-2.619999885559082,1.5049999952316284
1065,1.405500054359436,0.17038851976394653,0.9300000071525574,1.5449999570846558
1066,1.0095000267028809,0.776464581489563,-1.2000000476837158,1.534999966621399
1067,1.1165001392364502,0.2984296381473541,0.5649999976158142,1.4299999475479126
1068,1.065500020980835,0.5491833090782166,-0.3050000071525574,1.5099999904632568
1069,1.3025000095367432,0.1335524022579193,1.0800000429153442,1.5399999618530273
1070,1.121000051498413,0.3487606942653656,0.4000000059604645,1.5049999952316284
1071,1.308500051498413,0.21186140179634094,0.7599999904632568,1.5399999618530273
1072,0.8344999551773071,1.265832543373108,-2.869999885559082,1.5
1073,1.311000108718872,0.1408509910106659,1.0950000286102295,1.5
1074,1.3019999265670776,0.17407183349132538,0.8999999761581421,1.5049999952316284
1075,0.9094999432563782,1.143217921257019,-2.450000047683716,1.5850000381469727
1076,0.8585000038146973,1.198732614517212,-2.5799999237060547,1.5099999904632568
1077,1.121500015258789,0.38758257031440735,0.019999999552965164,1.475000023841858
1078,0.8524999618530273,1.247554063796997,-2.8399999141693115,1.534999966621399
1079,1.0724999904632568,0.3409929871559143,0.22499999403953552,1.4149999618530273
1080,1.1790000200271606,0.40870407223701477,0.014999999664723873,1.5399999618530273
1081,1.2139999866485596,0.30300819873809814,0.46000000834465027,1.534999966621399
1082,1.1380001306533813,0.5426149964332581,-0.4300000071525574,1.5149999856948853
1083,1.0705000162124634,0.4733521640300751,-0.20000000298023224,1.4950000047683716
1084,1.1349999904632568,0.6187244653701782,-0.6700000166893005,1.5449999570846558
1085,1.0835001468658447,0.533924400806427,-0.4099999964237213,1.5149999856948853
1086,1.3424999713897705,0.1587647795677185,0.9599999785423279,1.5149999856948853
1087,1.2400000095367432,0.3624844253063202,0.1899999976158142,1.5149999856948853
1088,1.0239999294281006,0.5811101198196411,-0.6399999856948853,1.4900000095367432
1089,1.0299999713897705,0.5881921648979187,-0.4300000071525574,1.5149999856948853
1090,1.219499945640564,0.2950631380081177,0.5199999809265137,1.6150000095367432
1091,1.2885000705718994,0.222823366522789,0.8700000047683716,1.565000057220459
1092,1.0165001153945923,0.656022310256958,-0.3700000047683716,1.5399999618530273
1093,1.1374999284744263,0.15419548749923706,0.8600000143051147,1.3600000143051147
1094,0.8335000276565552,1.181524634361267,-2.6600000858306885,1.5199999809265137
1095,1.3279999494552612,0.1360919028520584,1.1399999856948853,1.5750000476837158
1096,1.1445000171661377,0.34802621603012085,0.3700000047683716,1.5199999809265137
1097,1.3055001497268677,0.1713103950023651,1.0700000524520874,1.5700000524520874
1098,1.2710000276565552,0.19568851590156555,0.7900000214576721,1.5149999856948853
1099,1.2699998617172241,0.1280234307050705,1.0850000381469727,1.4850000143051147
1100,1.1779998540878296,0.5401768088340759,-0.41499999165534973,1.5199999809265137
1101,1.0434999465942383,0.6672444939613342,-0.4449999928474426,1.5800000429153442
1102,1.1069999933242798,0.3308413624763489,0.45500001311302185,1.465000033378601
1103,1.2730000019073486,0.39244237542152405,0.1599999964237213,1.5700000524520874
1104,1.0870000123977661,0.3248938322067261,0.4300000071525574,1.5
1105,1.194000005722046,0.25129464268684387,0.5950000286102295,1.4950000047683716
1106,1.128999948501587,0.24786891043186188,0.6100000143051147,1.3650000095367432
1107,0.8819999694824219,1.2607698440551758,-2.7799999713897705,1.565000057220459
1108,1.3469998836517334,0.13531816005706787,1.0499999523162842,1.534999966621399
1109,1.0820000171661377,0.41350457072257996,0.10999999940395355,1.5800000429153442
1110,1.2120000123977661,0.18759265542030334,0.9549999833106995,1.5099999904632568
1111,1.184499979019165,0.18435631692409515,0.9800000190734863,1.5099999904632568
1112,1.0255000591278076,0.29707279801368713,0.4749999940395355,1.409999966621399
1113,1.1984999179840088,0.2774711549282074,0.7400000095367432,1.559999942779541
1114,0.9824997782707214,0.7588189840316772,-1.225000023841858,1.4850000143051147
1115,1.190500020980835,0.1864866018295288,0.7450000047683716,1.440000057220459
1116,1.372499942779541,0.13478222489356995,1.065000057220459,1.5700000524520874
1117,1.2355000972747803,0.19917894899845123,0.7149999737739563,1.475000023841858
1118,1.0225000381469727,0.412306010723114,0.09000000357627869,1.4850000143051147
1119,1.248500108718872,0.19898556172847748,0.824999988079071,1.565000057220459
1120,1.3370001316070557,0.22451281547546387,0.7599999904632568,1.559999942779541
1121,1.2405000925064087,0.2079116404056549,0.8999999761581421,1.5149999856948853
1122,1.1400001049041748,0.18716304004192352,0.7300000190734863,1.340000033378601
1123,0.7570000290870667,1.3319650888442993,-2.9200000762939453,1.5700000524520874
1124,1.224500060081482,0.2619871199131012,0.5699999928474426,1.5950000286102295
1125,1.2409999370574951,0.2771534025669098,0.4749999940395355,1.475000023841858
1126,1.194000005722046,0.34180256724357605,0.44999998807907104,1.5149999856948853
1127,1.1485000848770142,0.3967181146144867,0.02500000037252903,1.475000023841858
1128,1.3149999380111694,0.15687574446201324,0.949999988079071,1.4900000095367432
1129,1.0239999294281006,0.5560566782951355,-0.4000000059604645,1.5299999713897705
1130,1.3559999465942383,0.1427900642156601,1.159999966621399,1.5499999523162842
1131,1.1674998998641968,0.19546419382095337,0.7049999833106995,1.399999976158142
1132,1.3960000276565552,0.07144228368997574,1.2599999904632568,1.5099999904632568
1133,1.0440000295639038,0.4914356470108032,0.004999999888241291,1.4900000095367432
1134,1.3315000534057617,0.05924735218286514,1.2200000286102295,1.4249999523162842
1135,1.308500051498413,0.17639516294002533,1.024999976158142,1.559999942779541
1136,1.4084999561309814,0.10015112906694412,1.2350000143051147,1.5449999570846558
1137,1.1779999732971191,0.2859650254249573,0.6150000095367432,1.4950000047683716
1138,1.1109999418258667,0.3572239875793457,0.23499999940395355,1.4249999523162842
1139,1.184499979019165,0.370381236076355,0.46000000834465027,1.5700000524520874
1140,1.3469998836517334,0.14550255239009857,1.0850000381469727,1.5449999570846558
1141,1.2815001010894775,0.12839490175247192,1.0,1.465000033378601
1142,1.2499998807907104,0.21694469451904297,0.7950000166893005,1.5049999952316284
1143,1.3310000896453857,0.1457703709602356,1.0299999713897705,1.5299999713897705
1144,1.2574999332427979,0.23893775045871735,0.8450000286102295,1.5750000476837158
1145,1.3940000534057617,0.15472234785556793,1.1399999856948853,1.625
1146,1.3070000410079956,0.12161826342344284,1.125,1.5199999809265137
1147,1.0165001153945923,0.7274478077888489,-1.0499999523162842,1.5700000524520874
1148,1.3325001001358032,0.1258024275302887,1.034999966621399,1.475000023841858
1149,1.2089999914169312,0.1890079379081726,0.8450000286102295,1.4199999570846558
1150,1.2690000534057617,0.13553228974342346,1.0199999809265137,1.5
1151,1.1139999628067017,0.3028101623058319,0.49000000953674316,1.4950000047683716
1152,1.3040000200271606,0.2282082438468933,0.7649999856948853,1.6200000047683716
1153,1.3015000820159912,0.20164386928081512,0.8500000238418579,1.4850000143051147
1154,1.378499984741211,0.12506099045276642,1.0950000286102295,1.600000023841858
1155,1.193000078201294,0.5097165703773499,-0.28999999165534973,1.534999966621399
1156,1.220499873161316,0.21744483709335327,0.8450000286102295,1.5700000524520874
1157,1.2920000553131104,0.22989346086978912,0.7699999809265137,1.5199999809265137
1158,1.3350000381469727,0.18857358396053314,0.9200000166893005,1.5700000524520874
1159,1.0204999446868896,0.7156131863594055,-0.6050000190734863,1.5099999904632568
1160,1.1619999408721924,0.3428425192832947,0.49000000953674316,1.4550000429153442
1161,1.1360000371932983,0.27290841937065125,0.6499999761581421,1.600000023841858
1162,1.2475000619888306,0.26651689410209656,0.6299999952316284,1.5299999713897705
1163,1.3630000352859497,0.1300230771303177,1.190000057220459,1.5850000381469727
1164,1.2230000495910645,0.32389965653419495,0.3100000023841858,1.5399999618530273
1165,1.4000000953674316,0.15935809910297394,1.1200000047683716,1.6150000095367432
1166,1.11899995803833,0.292453408241272,0.5600000023841858,1.4450000524520874
1167,0.989000141620636,0.577857255935669,-0.4749999940395355,1.5549999475479126
1168,1.222000002861023,0.2556677460670471,0.7599999904632568,1.5099999904632568
1169,1.2630000114440918,0.16334319114685059,0.9800000190734863,1.5099999904632568
1170,1.3454999923706055,0.15499112010002136,1.0950000286102295,1.5199999809265137
1171,1.378000020980835,0.18046051263809204,1.034999966621399,1.6200000047683716
1172,1.3270000219345093,0.1162153109908104,1.1200000047683716,1.5099999904632568
1173,1.272499918937683,0.18597377836704254,0.8949999809265137,1.5099999904632568
1174,1.3245000839233398,0.16496135294437408,1.0049999952316284,1.600000023841858
1175,1.215999960899353,0.5087474584579468,-0.2750000059604645,1.5700000524520874
1176,1.3205000162124634,0.12522880733013153,1.024999976158142,1.475000023841858
1177,1.3434998989105225,0.15487171709537506,1.0700000524520874,1.565000057220459
1178,1.1540000438690186,0.56174635887146,-0.5,1.5499999523162842
1179,1.0720001459121704,0.6363300681114197,-0.75,1.5950000286102295
1180,1.155500054359436,0.2585580050945282,0.49000000953674316,1.4700000286102295
1181,1.2984999418258667,0.23837000131607056,0.7049999833106995,1.5099999904632568
1182,1.2020000219345093,0.2695106565952301,0.44999998807907104,1.434999942779541
1183,1.2699999809265137,0.17686150968074799,0.9800000190734863,1.559999942779541
1184,1.0214999914169312,0.6766093969345093,-0.7649999856948853,1.4700000286102295
1185,1.1225000619888306,0.6568076014518738,-0.8149999976158142,1.4800000190734863
1186,1.1445000171661377,0.37758079171180725,0.14000000059604645,1.5
1187,1.184999942779541,0.23192672431468964,0.7200000286102295,1.475000023841858
1188,0.909000039100647,1.2079110145568848,-2.690000057220459,1.5499999523162842
1189,0.718000054359436,1.168394684791565,-2.569999933242798,1.4450000524520874
1190,1.11899995803833,0.5688356161117554,-0.550000011920929,1.524999976158142
1191,1.2860000133514404,0.171111062169075,0.9800000190734863,1.5549999475479126
1192,0.8989999890327454,1.2420341968536377,-2.809999942779541,1.4900000095367432
1193,1.3014999628067017,0.21084414422512054,0.8050000071525574,1.5700000524520874
1194,1.3539999723434448,0.10830050706863403,1.1349999904632568,1.5
1195,0.8684999346733093,1.2197152376174927,-2.7300000190734863,1.534999966621399
1196,1.2885000705718994,0.2416304051876068,0.6700000166893005,1.5750000476837158
1197,1.2440000772476196,0.18353202939033508,0.8199999928474426,1.4500000476837158
1198,1.3105000257492065,0.28734517097473145,0.5350000262260437,1.565000057220459
1199,0.905500054359436,1.234612226486206,-2.7799999713897705,1.5149999856948853
1200,1.3884999752044678,0.12300507724285126,1.1699999570846558,1.5399999618530273
1201,1.286500096321106,0.12227121740579605,1.0399999618530273,1.5099999904632568
1202,1.2174999713897705,0.3267204463481903,0.5849999785423279,1.5499999523162842
1203,0.656999945640564,1.2699944972991943,-2.8499999046325684,1.5099999904632568
1204,1.2334998846054077,0.21547679603099823,0.8999999761581421,1.4900000095367432
1205,1.2029998302459717,0.3753878176212311,0.1599999964237213,1.4900000095367432
1206,1.1469999551773071,0.41874927282333374,0.07500000298023224,1.5449999570846558
1207,1.3589999675750732,0.2012808918952942,0.8149999976158142,1.534999966621399
1208,0.9359999895095825,1.21248459815979,-2.690000057220459,1.475000023841858
1209,1.2139999866485596,0.19520245492458344,0.8999999761581421,1.524999976158142
1210,0.9640001058578491,0.5518369078636169,-0.35499998927116394,1.565000057220459
1211,1.2279999256134033,0.14681962132453918,0.9850000143051147,1.4149999618530273
1212,1.1710001230239868,0.2905580699443817,0.675000011920929,1.4900000095367432
1213,1.4155000448226929,0.12582626938819885,1.190000057220459,1.565000057220459
1214,1.352500081062317,0.1642901450395584,1.1349999904632568,1.5850000381469727
1215,1.121000051498413,0.5782767534255981,-0.5450000166893005,1.5049999952316284
1216,1.256500005722046,0.10303032398223877,1.090000033378601,1.4249999523162842
1217,1.405500054359436,0.0884152352809906,1.2899999618530273,1.5700000524520874
1218,1.150999903678894,0.47435641288757324,-0.10999999940395355,1.5950000286102295
1219,1.3655000925064087,0.19143469631671906,0.9850000143051147,1.5499999523162842
1220,1.2309999465942383,0.1758095771074295,1.034999966621399,1.4950000047683716
1221,1.0755000114440918,0.5468109846115112,-0.26499998569488525,1.475000023841858
1222,1.277500033378601,0.27432870864868164,0.7049999833106995,1.5449999570846558
1223,1.3900001049041748,0.20963062345981598,0.9549999833106995,1.625
1224,1.1864999532699585,0.4029829502105713,0.05000000074505806,1.5199999809265137
1225,1.3054999113082886,0.11035056412220001,1.0850000381469727,1.4249999523162842
1226,1.3529999256134033,0.10183810442686081,1.1749999523162842,1.5
1227,1.3049999475479126,0.19956201314926147,0.8700000047683716,1.475000023841858
1228,1.1779998540878296,0.2355334311723709,0.8650000095367432,1.5449999570846558
1229,1.2955000400543213,0.12174665182828903,1.090000033378601,1.4900000095367432
1230,1.1745001077651978,0.3907201588153839,0.13500000536441803,1.5499999523162842
1231,1.2739999294281006,0.27038678526878357,0.7599999904632568,1.4900000095367432
1232,1.2695000171661377,0.21486565470695496,0.7300000190734863,1.4900000095367432
1233,1.378499984741211,0.15811468660831451,1.159999966621399,1.600000023841858
1234,1.3014999628067017,0.23920753598213196,0.8050000071525574,1.559999942779541
1235,1.030500054359436,0.6437291502952576,-0.7549999952316284,1.5049999952316284
1236,1.2689999341964722,0.2188127189874649,0.7099999785423279,1.5
1237,1.2649999856948853,0.128452330827713,1.1050000190734863,1.4700000286102295
1238,1.312999963760376,0.20962108671665192,0.875,1.5950000286102295
1239,1.3179999589920044,0.1358528584241867,1.034999966621399,1.534999966621399
1240,1.246999979019165,0.20835304260253906,0.8450000286102295,1.5149999856948853
1241,1.310999870300293,0.19089002907276154,0.824999988079071,1.5299999713897705
1242,1.2769999504089355,0.2172234058380127,0.7749999761581421,1.5800000429153442
1243,0.840999960899353,1.207695722579956,-2.740000009536743,1.4700000286102295
1244,1.3429999351501465,0.1408403366804123,1.1749999523162842,1.5950000286102295
1245,1.1769999265670776,0.2573052942752838,0.6200000047683716,1.5700000524520874
1246,1.3199999332427979,0.19170287251472473,1.065000057220459,1.600000023841858
1247,1.3700000047683716,0.12461940944194794,1.149999976158142,1.5449999570846558
1248,1.1759999990463257,0.4638631343841553,-0.15000000596046448,1.534999966621399
1249,1.3240000009536743,0.09496841579675674,1.149999976158142,1.440000057220459
1250,1.147499918937683,0.48150935769081116,-0.17499999701976776,1.5
1251,1.3050000667572021,0.1304415464401245,0.9850000143051147,1.5149999856948853
1252,1.2369999885559082,0.1986730992794037,0.7599999904632568,1.5149999856948853
1253,1.312999963760376,0.24239635467529297,0.7350000143051147,1.6150000095367432
1254,1.3045001029968262,0.09910725057125092,1.2000000476837158,1.5049999952316284
1255,0.9930000305175781,0.7004648447036743,-1.090000033378601,1.399999976158142
1256,1.2519999742507935,0.18471869826316833,0.8450000286102295,1.4950000047683716
1257,1.3569999933242798,0.2135321944952011,0.8299999833106995,1.600000023841858
1258,1.0829999446868896,0.4558190703392029,-0.2150000035762787,1.4700000286102295
1259,1.2965000867843628,0.18570202589035034,0.9150000214576721,1.5950000286102295
1260,1.338499903678894,0.18270261585712433,0.925000011920929,1.5700000524520874
1261,1.2730000019073486,0.27006664872169495,0.5450000166893005,1.6150000095367432
1262,1.3519999980926514,0.10459922254085541,1.2350000143051147,1.5399999618530273
1263,1.3949998617172241,0.08674676716327667,1.2799999713897705,1.5950000286102295
1264,1.194000005722046,0.44472914934158325,-0.06499999761581421,1.5700000524520874
1265,1.2820000648498535,0.15797469019889832,0.9850000143051147,1.4700000286102295
1266,1.3380000591278076,0.16535110771656036,0.9800000190734863,1.5549999475479126
1267,0.9399999380111694,1.2311558723449707,-2.7300000190734863,1.5049999952316284
1268,1.4065001010894775,0.12169736623764038,1.2300000190734863,1.5800000429153442
1269,0.8955000042915344,1.247947096824646,-2.809999942779541,1.600000023841858
1270,1.2109999656677246,0.18985256552696228,0.9549999833106995,1.5099999904632568
1271,1.2470000982284546,0.21615038812160492,0.7350000143051147,1.5049999952316284
1272,1.2774999141693115,0.24221119284629822,0.9399999976158142,1.5700000524520874
1273,1.3124998807907104,0.12166037410497665,1.0750000476837158,1.4500000476837158
1274,1.3135000467300415,0.11265101283788681,1.1699999570846558,1.4850000143051147
1275,0.8040000200271606,1.2831772565841675,-2.9600000381469727,1.5299999713897705
1276,1.3309999704360962,0.15639372169971466,1.0700000524520874,1.5700000524520874
1277,1.346500039100647,0.11528333276510239,1.1449999809265137,1.5099999904632568
1278,1.253000020980835,0.1900946944952011,0.7900000214576721,1.524999976158142
1279,1.3424999713897705,0.10276792198419571,1.1950000524520874,1.524999976158142
1280,1.2990000247955322,0.14828689396381378,1.0549999475479126,1.5199999809265137
1281,1.3315000534057617,0.12998174130916595,1.0549999475479126,1.524999976158142
1282,1.3079999685287476,0.18616123497486115,0.9449999928474426,1.590000033378601
1283,1.3454999923706055,0.19280105829238892,0.8149999976158142,1.5750000476837158
1284,1.2890000343322754,0.24504896998405457,0.5950000286102295,1.5149999856948853
1285,1.059000015258789,0.6283820271492004,-0.6349999904632568,1.4149999618530273
1286,1.4550000429153442,0.0899166539311409,1.2999999523162842,1.600000023841858
1287,1.3799998760223389,0.08837419003248215,1.2400000095367432,1.5149999856948853
1288,1.2860000133514404,0.25536051392555237,0.6150000095367432,1.5499999523162842
1289,1.319000005722046,0.1481013298034668,1.034999966621399,1.5
1290,1.380000114440918,0.09749358147382736,1.2050000429153442,1.5299999713897705
1291,1.2580000162124634,0.19109158217906952,0.875,1.5399999618530273
1292,1.2214999198913574,0.2461305558681488,0.8149999976158142,1.5700000524520874
1293,1.1800000667572021,0.22834186255931854,0.6100000143051147,1.3700000047683716
1294,1.3194999694824219,0.09686201065778732,1.1799999475479126,1.534999966621399
1295,1.3199999332427979,0.11293802410364151,1.125,1.4500000476837158
1296,1.2625000476837158,0.16172894835472107,0.9300000071525574,1.5549999475479126
1297,1.3084999322891235,0.21602141857147217,0.9750000238418579,1.600000023841858
1298,1.3259999752044678,0.19832800328731537,0.8999999761581421,1.559999942779541
1299,1.2645000219345093,0.2666969299316406,0.7599999904632568,1.565000057220459
1300,1.2264999151229858,0.27768731117248535,0.550000011920929,1.5049999952316284
1301,1.2869999408721924,0.26213738322257996,0.7799999713897705,1.5750000476837158
1302,1.2060000896453857,0.16741865873336792,0.9850000143051147,1.565000057220459
1303,1.0179998874664307,0.37627914547920227,0.11500000208616257,1.440000057220459
1304,1.1770000457763672,0.3841562569141388,0.13500000536441803,1.590000033378601
1305,1.4474999904632568,0.12468460947275162,1.149999976158142,1.5950000286102295
1306,1.3485000133514404,0.13166341185569763,1.1749999523162842,1.590000033378601
1307,1.056999921798706,0.3830874562263489,0.11999999731779099,1.4950000047683716
1308,1.3055000305175781,0.19517236948013306,0.875,1.5800000429153442
1309,1.2259999513626099,0.22571885585784912,0.9549999833106995,1.5099999904632568
1310,1.3680000305175781,0.10524256527423859,1.2350000143051147,1.5449999570846558
1311,1.2904999256134033,0.19030828773975372,0.925000011920929,1.524999976158142
1312,1.2649999856948853,0.19461499154567719,0.9750000238418579,1.5099999904632568
1313,1.3959999084472656,0.13591909408569336,1.100000023841858,1.5750000476837158
1314,1.1670000553131104,0.4072849154472351,0.14499999582767487,1.600000023841858
1315,0.8135000467300415,1.2088756561279297,-2.700000047683716,1.5399999618530273
1316,1.1770000457763672,0.1938840001821518,0.7450000047683716,1.4249999523162842
1317,1.3329999446868896,0.15266303718090057,0.9950000047683716,1.565000057220459
1318,1.277000069618225,0.22126002609729767,0.8100000023841858,1.5049999952316284
1319,1.187000036239624,0.39323148131370544,0.3199999928474426,1.5950000286102295
1320,1.2619998455047607,0.15172672271728516,0.9300000071525574,1.4450000524520874
1321,1.3265000581741333,0.15011745691299438,1.034999966621399,1.5399999618530273
1322,1.4135000705718994,0.17621082067489624,1.0399999618530273,1.5950000286102295
1323,1.3640000820159912,0.1816287487745285,0.9549999833106995,1.600000023841858
1324,1.2990000247955322,0.19090312719345093,0.7649999856948853,1.4450000524520874
1325,1.3009998798370361,0.22115379571914673,0.8949999809265137,1.625
1326,1.3149998188018799,0.13204164803028107,1.090000033378601,1.5099999904632568
1327,1.3209999799728394,0.16247770190238953,1.0399999618530273,1.524999976158142
1328,1.2910001277923584,0.3224189877510071,0.4300000071525574,1.5199999809265137
1329,1.2235000133514404,0.26830998063087463,0.7300000190734863,1.559999942779541
1330,1.314500093460083,0.19593939185142517,1.0399999618530273,1.5499999523162842
1331,1.0684999227523804,0.6130622029304504,-0.5149999856948853,1.5449999570846558
1332,1.2325000762939453,0.32509419322013855,0.3100000023841858,1.5449999570846558
1333,1.337499976158142,0.1720937341451645,0.9549999833106995,1.5049999952316284
1334,1.3194999694824219,0.14728288352489471,1.0,1.524999976158142
1335,1.3415000438690186,0.1299624741077423,1.0800000429153442,1.5700000524520874
1336,1.3194999694824219,0.1918521374464035,0.875,1.5299999713897705
1337,1.2804999351501465,0.14013296365737915,0.9449999928474426,1.4249999523162842
1338,1.371000051498413,0.133917897939682,1.125,1.590000033378601
1339,1.221500039100647,0.18721714615821838,0.7599999904632568,1.4500000476837158
1340,1.4010000228881836,0.09197283536195755,1.2549999952316284,1.590000033378601
1341,1.3584998846054077,0.08834732323884964,1.1649999618530273,1.524999976158142
1342,1.3420000076293945,0.15267939865589142,1.1200000047683716,1.5199999809265137
1343,1.316499948501587,0.17891409993171692,1.0399999618530273,1.6200000047683716
1344,1.3329999446868896,0.22173407673835754,0.7799999713897705,1.590000033378601
1345,1.397499918937683,0.08997918665409088,1.2599999904632568,1.565000057220459
1346,1.3550001382827759,0.07635444402694702,1.1799999475479126,1.475000023841858
1347,1.1029999256134033,0.4027480483055115,0.07500000298023224,1.5499999523162842
1348,1.281999945640564,0.21034732460975647,0.8700000047683716,1.5199999809265137
1349,1.060999870300293,0.6937788128852844,-0.949999988079071,1.4500000476837158
1350,1.277000069618225,0.2033863365650177,0.9200000166893005,1.5750000476837158
1351,1.309000015258789,0.12175384908914566,1.149999976158142,1.475000023841858
1352,1.4024999141693115,0.11979670822620392,1.184999942779541,1.5850000381469727
1353,1.1934999227523804,0.5678646564483643,-0.4749999940395355,1.559999942779541
1354,1.3255001306533813,0.1473168283700943,1.090000033378601,1.5499999523162842
1355,1.0315001010894775,0.7469539642333984,-0.5699999928474426,1.5099999904632568
1356,1.221500039100647,0.3491421639919281,0.26499998569488525,1.5449999570846558
1357,1.2855000495910645,0.2678007483482361,0.5450000166893005,1.5149999856948853
1358,1.3065000772476196,0.11908084154129028,1.0850000381469727,1.5199999809265137
1359,1.2934999465942383,0.18267525732517242,0.925000011920929,1.5750000476837158
1360,1.428999900817871,0.12136310338973999,1.184999942779541,1.6200000047683716
1361,1.3734999895095825,0.12857003509998322,1.149999976158142,1.5850000381469727
1362,1.2739999294281006,0.16528460383415222,0.9800000190734863,1.5449999570846558
1363,1.3504999876022339,0.1812519133090973,0.8999999761581421,1.5750000476837158
1364,1.2825000286102295,0.14422638714313507,1.034999966621399,1.590000033378601
1365,1.344499945640564,0.13056513667106628,1.1449999809265137,1.5049999952316284
1366,1.2690000534057617,0.1267043948173523,1.0199999809265137,1.4700000286102295
1367,1.1800000667572021,0.4259107708930969,-0.029999999329447746,1.565000057220459
1368,1.4075000286102295,0.14712664484977722,1.065000057220459,1.5950000286102295
1369,1.3254998922348022,0.1777561455965042,0.9800000190734863,1.5099999904632568
1370,1.378000020980835,0.08778384327888489,1.2599999904632568,1.565000057220459
1371,1.2964999675750732,0.17958354949951172,0.8550000190734863,1.4850000143051147
1372,1.314499855041504,0.1268749088048935,1.065000057220459,1.4800000190734863
1373,1.3500001430511475,0.16063936054706573,1.0199999809265137,1.5149999856948853
1374,1.2590000629425049,0.1899973750114441,0.8299999833106995,1.4600000381469727
1375,1.3799998760223389,0.14303846657276154,1.149999976158142,1.5499999523162842
1376,1.3854999542236328,0.122136190533638,1.225000023841858,1.5750000476837158
1377,1.3399999141693115,0.12647134065628052,1.1549999713897705,1.5149999856948853
1378,1.3519999980926514,0.12934838235378265,1.149999976158142,1.5399999618530273
1379,1.281999945640564,0.26435014605522156,0.5649999976158142,1.5199999809265137
1380,1.3219999074935913,0.18229371309280396,0.9549999833106995,1.5449999570846558
1381,1.1800000667572021,0.46974462270736694,-0.16500000655651093,1.5049999952316284
1382,1.3874999284744263,0.10052984207868576,1.149999976158142,1.524999976158142
1383,1.3279999494552612,0.1438436359167099,1.125,1.5549999475479126
1384,1.2975000143051147,0.11769133806228638,1.034999966621399,1.475000023841858
1385,1.2829999923706055,0.3203607201576233,0.49000000953674316,1.5950000286102295
1386,1.340000033378601,0.12318684905767441,1.100000023841858,1.5399999618530273
1387,1.1549999713897705,0.34208187460899353,0.29499998688697815,1.4450000524520874
1388,1.3270001411437988,0.11705126613378525,1.0800000429153442,1.565000057220459
1389,1.188999891281128,0.5443702340126038,-0.4050000011920929,1.534999966621399
1390,1.246500015258789,0.33471667766571045,0.27000001072883606,1.4800000190734863
1391,1.1130000352859497,0.7418429851531982,-1.0750000476837158,1.5700000524520874
1392,1.3335000276565552,0.18464899063110352,0.925000011920929,1.5499999523162842
1393,1.2324999570846558,0.23573555052280426,0.5950000286102295,1.5399999618530273
1394,1.346500039100647,0.1814669370651245,0.875,1.5049999952316284
1395,1.433000087738037,0.10703270882368088,1.2549999952316284,1.5700000524520874
1396,1.3884999752044678,0.1947568953037262,0.9150000214576721,1.5399999618530273
1397,1.305999994277954,0.14911071956157684,1.1150000095367432,1.5700000524520874
1398,1.3290001153945923,0.14081548154354095,1.0049999952316284,1.5099999904632568
1399,1.344499945640564,0.1894656866788864,0.8349999785423279,1.559999942779541
1400,1.3025000095367432,0.21281740069389343,0.7900000214576721,1.5549999475479126
1401,1.3380000591278076,0.4068918526172638,0.13500000536441803,1.6200000047683716
1402,1.2044999599456787,0.2893652617931366,0.625,1.590000033378601
1403,1.2674999237060547,0.3091379404067993,0.7200000286102295,1.6200000047683716
1404,1.2975000143051147,0.18725983798503876,0.9200000166893005,1.524999976158142
1405,1.222499966621399,0.38015952706336975,0.1599999964237213,1.534999966621399
1406,1.3634998798370361,0.14486286044120789,1.1200000047683716,1.6150000095367432
1407,1.274999976158142,0.25471553206443787,0.574999988079071,1.4900000095367432
1408,1.2984999418258667,0.13137824833393097,1.0950000286102295,1.5399999618530273
1409,1.2790000438690186,0.2033199518918991,0.9399999976158142,1.5399999618530273
1410,1.3209998607635498,0.17937111854553223,1.0099999904632568,1.565000057220459
1411,1.3194999694824219,0.1285777986049652,1.1200000047683716,1.559999942779541
1412,1.3585000038146973,0.15159238874912262,1.1050000190734863,1.565000057220459
1413,1.2510000467300415,0.1403709203004837,0.9200000166893005,1.409999966621399
1414,1.3569999933242798,0.11798728257417679,1.1449999809265137,1.5399999618530273
1415,1.213499903678894,0.43172356486320496,0.009999999776482582,1.5049999952316284
1416,1.36899995803833,0.13792750239372253,1.0800000429153442,1.5449999570846558
1417,1.378499984741211,0.0836973786354065,1.25,1.4850000143051147
1418,1.4005000591278076,0.19669075310230255,1.0399999618530273,1.590000033378601
1419,1.2714999914169312,0.17169812321662903,1.0049999952316284,1.5449999570846558
1420,1.2064999341964722,0.42645078897476196,0.05000000074505806,1.590000033378601
1421,1.3905000686645508,0.09064903110265732,1.2300000190734863,1.559999942779541
1422,1.3855000734329224,0.12600497901439667,1.2000000476837158,1.565000057220459
1423,1.1379998922348022,0.39710327982902527,0.054999999701976776,1.4049999713897705
1424,1.2654999494552612,0.4932314157485962,-0.20499999821186066,1.5049999952316284
1425,1.3199999332427979,0.2537616789340973,0.5699999928474426,1.4700000286102295
1426,1.2680000066757202,0.16029971837997437,1.024999976158142,1.5299999713897705
1427,1.1744998693466187,0.44567617774009705,-0.03500000014901161,1.534999966621399
1428,1.3370000123977661,0.11593534052371979,1.1699999570846558,1.5700000524520874
1429,1.3389999866485596,0.2267686128616333,0.7149999737739563,1.5449999570846558
1430,1.2140001058578491,0.40491849184036255,0.03999999910593033,1.5700000524520874
1431,1.2650001049041748,0.1368027627468109,1.0700000524520874,1.5700000524520874
1432,1.313999891281128,0.14575320482254028,1.090000033378601,1.559999942779541
1433,1.1410000324249268,0.5024032592773438,-0.3400000035762787,1.475000023841858
1434,1.1745001077651978,0.48855626583099365,-0.12999999523162842,1.6050000190734863
1435,1.3489999771118164,0.15919800102710724,1.1050000190734863,1.5950000286102295
1436,1.349500060081482,0.1282663196325302,1.065000057220459,1.4900000095367432
1437,1.272499918937683,0.11165235936641693,1.0750000476837158,1.4199999570846558
1438,1.3174999952316284,0.11079825460910797,1.1449999809265137,1.590000033378601
1439,1.347999930381775,0.1720058023929596,0.9950000047683716,1.5499999523162842
1440,1.3135000467300415,0.21360066533088684,0.8700000047683716,1.5850000381469727
1441,1.222499966621399,0.5563688278198242,-0.4350000023841858,1.5149999856948853
1442,1.2740000486373901,0.2567274868488312,0.7749999761581421,1.5149999856948853
1443,0.8784999847412109,1.3441188335418701,-3.0399999618530273,1.565000057220459
1444,1.3640000820159912,0.09486304223537445,1.2000000476837158,1.5299999713897705
1445,1.2445000410079956,0.26038864254951477,0.7450000047683716,1.5099999904632568
1446,1.3140000104904175,0.2078917920589447,0.7649999856948853,1.565000057220459
1447,1.3244999647140503,0.179073303937912,0.9150000214576721,1.5449999570846558
1448,1.343500018119812,0.1196463480591774,1.1449999809265137,1.4950000047683716
1449,1.3774999380111694,0.14137272536754608,1.1150000095367432,1.5850000381469727
1450,1.2279999256134033,0.1460171341896057,0.9649999737739563,1.375
1451,1.319000005722046,0.20685502886772156,0.7599999904632568,1.534999966621399
1452,1.3515000343322754,0.14845961332321167,1.0399999618530273,1.565000057220459
1453,1.3905000686645508,0.11722732335329056,1.2050000429153442,1.5950000286102295
1454,1.4525001049041748,0.0915764719247818,1.2949999570846558,1.5950000286102295
1455,1.3615000247955322,0.1356106698513031,1.149999976158142,1.5750000476837158
1456,1.319000005722046,0.21577534079551697,0.7850000262260437,1.600000023841858
1457,1.2590000629425049,0.22289909422397614,0.6499999761581421,1.4900000095367432
1458,1.3824999332427979,0.12971603870391846,1.1699999570846558,1.559999942779541
1459,1.3310000896453857,0.134309321641922,1.0850000381469727,1.534999966621399
1460,1.378499984741211,0.10855986922979355,1.2300000190734863,1.5399999618530273
1461,1.1365000009536743,0.4522944390773773,-0.16500000655651093,1.4700000286102295
1462,1.3420000076293945,0.18355107307434082,0.9150000214576721,1.5750000476837158
1463,1.2704999446868896,0.41346976161003113,0.05000000074505806,1.5099999904632568
1464,1.1434998512268066,0.3926451802253723,0.07500000298023224,1.5
1465,1.3524999618530273,0.16070549190044403,1.024999976158142,1.600000023841858
1466,1.243499994277954,0.277263879776001,0.6449999809265137,1.600000023841858
1467,1.3840000629425049,0.12833158671855927,1.2050000429153442,1.600000023841858
1468,1.378000020980835,0.10625909268856049,1.2000000476837158,1.524999976158142
1469,1.3500001430511475,0.13527749478816986,1.1150000095367432,1.5299999713897705
1470,1.3459999561309814,0.1341417282819748,1.034999966621399,1.5199999809265137
1471,1.1820000410079956,0.4306286573410034,0.03500000014901161,1.565000057220459
1472,1.1425000429153442,0.4021022915840149,0.02500000037252903,1.4450000524520874
1473,1.3280000686645508,0.1641523689031601,1.0099999904632568,1.5449999570846558
1474,1.400499939918518,0.13385534286499023,1.1950000524520874,1.590000033378601
1475,1.2624999284744263,0.20101305842399597,0.8149999976158142,1.5299999713897705
1476,1.2360000610351562,0.498556911945343,-0.22499999403953552,1.5499999523162842
1477,1.2914998531341553,0.12433924525976181,1.0850000381469727,1.5049999952316284
1478,1.315999984741211,0.1044221967458725,1.0700000524520874,1.4249999523162842
1479,1.2665001153945923,0.1603909432888031,0.9850000143051147,1.475000023841858
1480,1.2774999141693115,0.17795012891292572,0.8899999856948853,1.5
1481,1.341499924659729,0.17963920533657074,0.9850000143051147,1.625
1482,1.3895000219345093,0.15108688175678253,1.1100000143051147,1.5750000476837158
1483,1.2559999227523804,0.2586580812931061,0.5699999928474426,1.5750000476837158
1484,1.3545000553131104,0.12941117584705353,1.1200000047683716,1.600000023841858
1485,1.3330000638961792,0.21746492385864258,0.8299999833106995,1.5449999570846558
1486,1.3415000438690186,0.13362352550029755,1.1200000047683716,1.6050000190734863
1487,1.0704998970031738,0.6198163032531738,-0.46000000834465027,1.534999966621399
1488,1.245500087738037,0.15664370357990265,0.8199999928474426,1.4249999523162842
1489,1.4040000438690186,0.1313164085149765,1.1100000143051147,1.5700000524520874
1490,1.4225000143051147,0.10628382116556168,1.25,1.5549999475479126
1491,1.3615000247955322,0.13017390668392181,1.090000033378601,1.534999966621399
1492,1.1969999074935913,0.40134894847869873,0.1599999964237213,1.524999976158142
1493,1.3345000743865967,0.11367607861757278,1.1950000524520874,1.5750000476837158
1494,0.9079998731613159,1.2354819774627686,-2.759999990463257,1.565000057220459
1495,1.309999942779541,0.13065221905708313,1.1100000143051147,1.4950000047683716
1496,1.1759998798370361,0.32095012068748474,0.3400000035762787,1.524999976158142
1497,1.2869999408721924,0.40684887766838074,0.10499999672174454,1.590000033378601
1498,1.3610000610351562,0.12222518771886826,1.1349999904632568,1.5549999475479126
1499,1.3739999532699585,0.09417536854743958,1.225000023841858,1.5149999856948853
1500,1.3105000257492065,0.22040246427059174,0.9399999976158142,1.5950000286102295
1501,1.1475000381469727,0.28623637557029724,0.550000011920929,1.4249999523162842
1502,1.3184999227523804,0.1630038172006607,1.0950000286102295,1.5399999618530273
1503,1.1489999294281006,0.5307250022888184,-0.35499998927116394,1.5449999570846558
1504,1.1330000162124634,0.5655139088630676,-0.33000001311302185,1.534999966621399
1505,1.3640000820159912,0.16588850319385529,1.0750000476837158,1.559999942779541
1506,1.2499998807907104,0.28582337498664856,0.625,1.5700000524520874
1507,1.2669999599456787,0.1528594195842743,1.0,1.465000033378601
1508,1.4275000095367432,0.10888639837503433,1.2050000429153442,1.5750000476837158
1509,1.2730000019073486,0.14548540115356445,0.9449999928474426,1.4800000190734863
1510,1.3285000324249268,0.21008393168449402,0.8399999737739563,1.565000057220459
1511,1.2300000190734863,0.25310078263282776,0.7799999713897705,1.565000057220459
1512,1.1445001363754272,0.36260485649108887,0.17499999701976776,1.4800000190734863
1513,1.2890000343322754,0.18541575968265533,1.0299999713897705,1.5700000524520874
1514,1.2590000629425049,0.36740848422050476,0.2150000035762787,1.5700000524520874
1515,1.3289999961853027,0.1896813064813614,0.8399999737739563,1.534999966621399
1516,1.38100004196167,0.12037026137113571,1.190000057220459,1.5700000524520874
1517,1.187000036239624,0.5016682147979736,-0.2849999964237213,1.5199999809265137
1518,1.3810001611709595,0.12569409608840942,1.1449999809265137,1.590000033378601
1519,1.1545000076293945,0.8524272441864014,-1.375,1.625
1520,1.2445000410079956,0.31349998712539673,0.38999998569488525,1.5449999570846558
1521,1.3429999351501465,0.08173739165067673,1.2350000143051147,1.5149999856948853
1522,1.3259999752044678,0.1553834080696106,1.1200000047683716,1.590000033378601
1523,1.3339999914169312,0.11484337598085403,1.149999976158142,1.5099999904632568
1524,0.844499945640564,1.3253668546676636,-3.049999952316284,1.565000057220459
1525,1.4054999351501465,0.13066081702709198,1.1950000524520874,1.5800000429153442
1526,1.194000005722046,0.23333235085010529,0.5350000262260437,1.434999942779541
1527,1.2869999408721924,0.15918856859207153,1.034999966621399,1.590000033378601
1528,1.0154999494552612,0.707210898399353,-1.0449999570846558,1.5149999856948853
1529,1.251499891281128,0.18760396540164948,0.9350000023841858,1.524999976158142
1530,1.3244999647140503,0.13428422808647156,1.0399999618530273,1.5
1531,1.3945000171661377,0.10279713571071625,1.2599999904632568,1.5399999618530273
1532,1.3585000038146973,0.1365659385919571,1.1699999570846558,1.5299999713897705
1533,1.1985000371932983,0.5116690397262573,-0.3050000071525574,1.5
1534,1.2595001459121704,0.23856288194656372,0.75,1.559999942779541
1535,1.3259999752044678,0.11920151114463806,1.149999976158142,1.5700000524520874
1536,1.2599999904632568,0.09792853891849518,1.0950000286102295,1.3899999856948853
1537,1.2285001277923584,0.3266194462776184,0.5,1.5750000476837158
1538,1.3544999361038208,0.14144696295261383,1.065000057220459,1.5399999618530273
1539,1.4375,0.06812673062086105,1.284999966621399,1.5399999618530273
1540,1.3350000381469727,0.16113658249378204,0.9300000071525574,1.5149999856948853
1541,1.2594999074935913,0.21578288078308105,0.7649999856948853,1.5099999904632568
1542,1.3249999284744263,0.14246053993701935,1.0499999523162842,1.4850000143051147
1543,1.2875001430511475,0.3152082562446594,0.38499999046325684,1.5299999713897705
1544,1.3914999961853027,0.08840388059616089,1.2300000190734863,1.5149999856948853
1545,1.3340001106262207,0.29480332136154175,0.5199999809265137,1.5499999523162842
1546,1.3834999799728394,0.11541339010000229,1.2000000476837158,1.524999976158142
1547,1.3035000562667847,0.17134833335876465,0.9850000143051147,1.5700000524520874
1548,1.319000005722046,0.13116402924060822,1.0950000286102295,1.4950000047683716
1549,1.3604999780654907,0.1266777366399765,1.159999966621399,1.5399999618530273
1550,1.2315000295639038,0.3144840896129608,0.4350000023841858,1.590000033378601
1551,1.3480000495910645,0.18565019965171814,0.8700000047683716,1.559999942779541
1552,1.2799999713897705,0.18533752858638763,0.9399999976158142,1.524999976158142
1553,1.2730000019073486,0.1450379341840744,1.0299999713897705,1.5800000429153442
1554,1.3870000839233398,0.0856504738330841,1.2699999809265137,1.5750000476837158
1555,1.283500075340271,0.28982794284820557,0.47999998927116394,1.5499999523162842
1556,1.3919999599456787,0.11194197833538055,1.2699999809265137,1.5950000286102295
1557,1.2934999465942383,0.2972124516963959,0.45500001311302185,1.5449999570846558
1558,1.2904999256134033,0.12983547151088715,1.0099999904632568,1.5
1559,1.377000093460083,0.09917660057544708,1.2300000190734863,1.5299999713897705
1560,1.3660000562667847,0.09481032937765121,1.2000000476837158,1.5299999713897705
1561,1.4225000143051147,0.09203939884901047,1.274999976158142,1.565000057220459
1562,1.378000020980835,0.09646761417388916,1.2100000381469727,1.590000033378601
1563,1.246999979019165,0.37237879633903503,0.18000000715255737,1.5750000476837158
1564,1.3600000143051147,0.13940946757793427,1.1349999904632568,1.5700000524520874
1565,1.343000054359436,0.11906298995018005,1.1100000143051147,1.4850000143051147
1566,1.153999924659729,0.3391813337802887,0.24500000476837158,1.5449999570846558
1567,1.215999960899353,0.5003438591957092,-0.17499999701976776,1.5950000286102295
1568,1.249500036239624,0.3796606957912445,0.33000001311302185,1.5750000476837158
1569,1.3840000629425049,0.10006997734308243,1.2599999904632568,1.5449999570846558
1570,1.1654999256134033,0.32695910334587097,0.23000000417232513,1.4450000524520874
1571,1.349000096321106,0.14616429805755615,1.0099999904632568,1.5850000381469727
1572,1.2579998970031738,0.15851183235645294,0.9449999928474426,1.475000023841858
1573,1.3459999561309814,0.14390622079372406,1.0049999952316284,1.475000023841858
1574,1.350000023841858,0.23251883685588837,0.8949999809265137,1.5850000381469727
1575,1.3955000638961792,0.1854919046163559,0.9150000214576721,1.6150000095367432
1576,1.222000002861023,0.34053781628608704,0.32499998807907104,1.5499999523162842
1577,1.1494998931884766,0.32023781538009644,0.28999999165534973,1.524999976158142
1578,1.3575000762939453,0.13193273544311523,1.0950000286102295,1.559999942779541
1579,1.3615000247955322,0.11119913309812546,1.2050000429153442,1.559999942779541
1580,1.4159998893737793,0.1215483620762825,1.1799999475479126,1.5399999618530273
1581,1.278499960899353,0.22405412793159485,0.6700000166893005,1.465000033378601
1582,1.2785000801086426,0.24596799910068512,0.6549999713897705,1.5850000381469727
1583,1.3910000324249268,0.08024338632822037,1.284999966621399,1.4900000095367432
1584,1.3264999389648438,0.0894441232085228,1.1649999618530273,1.475000023841858
1585,1.376499891281128,0.1907491683959961,0.8650000095367432,1.5449999570846558
1586,1.409999966621399,0.12377399951219559,1.1699999570846558,1.5700000524520874
1587,1.3970000743865967,0.12389913946390152,1.2050000429153442,1.5399999618530273
1588,1.155500054359436,0.4069855511188507,0.03999999910593033,1.5299999713897705
1589,1.2505000829696655,0.3098664879798889,0.4749999940395355,1.5149999856948853
1590,1.2055000066757202,0.21972085535526276,0.7250000238418579,1.5750000476837158
1591,1.2764999866485596,0.15406250953674316,1.0149999856948853,1.565000057220459
1592,1.4190000295639038,0.09544108062982559,1.309999942779541,1.5800000429153442
1593,1.2265000343322754,0.2555978298187256,0.6899999976158142,1.5449999570846558
1594,1.2880001068115234,0.17891618609428406,1.0199999809265137,1.590000033378601
1595,1.18149995803833,0.42481788992881775,-0.014999999664723873,1.4850000143051147
1596,1.3964998722076416,0.12173845618963242,1.1399999856948853,1.5950000286102295
1597,1.2920000553131104,0.09811218827962875,1.1399999856948853,1.4700000286102295
1598,1.3840000629425049,0.1255946159362793,1.159999966621399,1.5750000476837158
1599,1.277999997138977,0.2970791161060333,0.49000000953674316,1.625
1600,1.3029998540878296,0.12064823508262634,0.9700000286102295,1.434999942779541
1601,1.19350004196167,0.2856575846672058,0.4350000023841858,1.5700000524520874
1602,0.6895000338554382,1.2539806365966797,-2.940000057220459,1.4500000476837158
1603,1.3135000467300415,0.12112081050872803,1.149999976158142,1.4950000047683716
1604,1.3345000743865967,0.0980420932173729,1.184999942779541,1.475000023841858
1605,1.3560000658035278,0.1829453557729721,1.034999966621399,1.625
1606,1.3389999866485596,0.18008051812648773,0.9850000143051147,1.5499999523162842
1607,1.3545000553131104,0.10541465133428574,1.1399999856948853,1.5099999904632568
1608,1.2715001106262207,0.23344218730926514,0.6499999761581421,1.5850000381469727
1609,1.3550000190734863,0.07137928158044815,1.25,1.4950000047683716
1610,1.3675000667572021,0.11079824715852737,1.1449999809265137,1.5449999570846558
1611,1.3595001697540283,0.1316709965467453,1.1100000143051147,1.4850000143051147
1612,1.1069999933242798,0.40665218234062195,0.15000000596046448,1.4249999523162842
1613,1.407999873161316,0.10805552452802658,1.1950000524520874,1.5449999570846558
1614,1.3009999990463257,0.12772627174854279,1.1150000095367432,1.5149999856948853
1615,1.2269999980926514,0.30963045358657837,0.4050000011920929,1.5399999618530273
1616,1.4049999713897705,0.12365274131298065,1.1150000095367432,1.5750000476837158
1617,1.1980000734329224,0.3357022702693939,0.32499998807907104,1.5850000381469727
1618,1.2624999284744263,0.11737226694822311,1.0800000429153442,1.434999942779541
1619,1.2489999532699585,0.44059503078460693,-0.03500000014901161,1.534999966621399
1620,1.3734999895095825,0.10385207831859589,1.25,1.5149999856948853
1621,1.3325001001358032,0.1454346925020218,1.059999942779541,1.5199999809265137
1622,1.3624999523162842,0.1391267627477646,1.0099999904632568,1.5
1623,1.4320000410079956,0.11773274838924408,1.2450000047683716,1.5700000524520874
1624,1.3224999904632568,0.3056243360042572,0.48500001430511475,1.5499999523162842
1625,1.3930000066757202,0.11196428537368774,1.2200000286102295,1.5950000286102295
1626,1.2399998903274536,0.3123139441013336,0.39500001072883606,1.434999942779541
1627,1.309499979019165,0.3730713725090027,0.27000001072883606,1.6150000095367432
1628,1.3320000171661377,0.14950251579284668,1.0,1.534999966621399
1629,1.2764999866485596,0.12526075541973114,1.0499999523162842,1.4850000143051147
1630,1.2860000133514404,0.18758730590343475,0.8199999928474426,1.5099999904632568
1631,1.3170000314712524,0.25485482811927795,0.6399999856948853,1.559999942779541
1632,1.315999984741211,0.11932728439569473,1.1200000047683716,1.4900000095367432
1633,1.3580000400543213,0.1152215227484703,1.1799999475479126,1.5449999570846558
1634,1.2994999885559082,0.14422985911369324,0.9549999833106995,1.440000057220459
1635,1.3650000095367432,0.1224948912858963,1.149999976158142,1.534999966621399
1636,1.4224998950958252,0.12867110967636108,1.1399999856948853,1.5700000524520874
1637,1.2510000467300415,0.2012312114238739,0.8899999856948853,1.600000023841858
1638,1.3015000820159912,0.14896392822265625,1.0950000286102295,1.5700000524520874
1639,1.3954999446868896,0.1875026524066925,0.9150000214576721,1.6050000190734863
1640,1.1770000457763672,0.3279191851615906,0.32499998807907104,1.5449999570846558
1641,1.3785001039505005,0.11267320066690445,1.1449999809265137,1.5149999856948853
1642,1.3355001211166382,0.13083291053771973,1.149999976158142,1.6200000047683716
1643,1.3860000371932983,0.10587255656719208,1.2300000190734863,1.559999942779541
1644,1.2254999876022339,0.44760167598724365,-0.07999999821186066,1.5399999618530273
1645,1.373500108718872,0.20073676109313965,0.8100000023841858,1.5449999570846558
1646,1.4160000085830688,0.10111378878355026,1.2000000476837158,1.5149999856948853
1647,1.2714999914169312,0.2851758301258087,0.5400000214576721,1.5700000524520874
1648,0.8309999704360962,1.2661906480789185,-2.880000114440918,1.600000023841858
1649,1.3304998874664307,0.1704765409231186,0.949999988079071,1.559999942779541
1650,1.3985000848770142,0.13105438649654388,1.1449999809265137,1.600000023841858
1651,1.3510000705718994,0.24822171032428741,0.6499999761581421,1.565000057220459
1652,1.279500126838684,0.2460736632347107,0.8199999928474426,1.5399999618530273
1653,1.3559999465942383,0.16349005699157715,1.0399999618530273,1.5449999570846558
1654,1.2615000009536743,0.31186577677726746,0.38999998569488525,1.534999966621399
1655,1.3585000038146973,0.09394277632236481,1.2050000429153442,1.5449999570846558
1656,1.2690000534057617,0.1582055687904358,0.8899999856948853,1.5449999570846558
1657,1.3114999532699585,0.15682873129844666,1.0399999618530273,1.5199999809265137
1658,1.3529999256134033,0.1328006088733673,1.1150000095367432,1.5199999809265137
1659,1.3240001201629639,0.1739080250263214,0.925000011920929,1.6200000047683716
1660,1.3054999113082886,0.10640604794025421,1.1050000190734863,1.4500000476837158
1661,1.4110000133514404,0.10285424441099167,1.2599999904632568,1.559999942779541
1662,1.2984999418258667,0.09539524465799332,1.1349999904632568,1.4500000476837158
1663,1.347999930381775,0.08652166277170181,1.2400000095367432,1.5399999618530273
1664,1.321000099182129,0.12387091666460037,1.1100000143051147,1.4600000381469727
1665,1.3825000524520874,0.1531706601381302,1.0950000286102295,1.565000057220459
1666,1.3020000457763672,0.183687224984169,0.8600000143051147,1.4900000095367432
1667,1.4234998226165771,0.12339064478874207,1.225000023841858,1.565000057220459
1668,1.281999945640564,0.19941416382789612,0.8949999809265137,1.4850000143051147
1669,1.3819999694824219,0.09413287043571472,1.1950000524520874,1.5049999952316284
1670,1.2535001039505005,0.2116016298532486,0.7599999904632568,1.4950000047683716
1671,1.314500093460083,0.17113517224788666,0.9900000095367432,1.559999942779541
1672,1.3755000829696655,0.12844164669513702,1.184999942779541,1.600000023841858
1673,1.4075000286102295,0.09968073666095734,1.215000033378601,1.524999976158142
1674,1.3084999322891235,0.13487125933170319,1.059999942779541,1.4800000190734863
1675,1.303999900817871,0.14917774498462677,1.0299999713897705,1.5049999952316284
1676,1.2864999771118164,0.12132702022790909,1.1050000190734863,1.5199999809265137
1677,1.3209999799728394,0.09789790213108063,1.1699999570846558,1.5099999904632568
1678,1.3294999599456787,0.15014074742794037,1.1449999809265137,1.5499999523162842
1679,1.3509999513626099,0.15512573719024658,1.0149999856948853,1.5549999475479126
1680,1.2960001230239868,0.15556028485298157,1.090000033378601,1.565000057220459
1681,1.400499939918518,0.09822040796279907,1.2699999809265137,1.5399999618530273
1682,1.3910000324249268,0.09546724706888199,1.2450000047683716,1.5399999618530273
1683,1.3889999389648438,0.13865062594413757,1.125,1.534999966621399
1684,1.4225001335144043,0.10023099184036255,1.284999966621399,1.5950000286102295
1685,1.3299999237060547,0.16701796650886536,1.0750000476837158,1.565000057220459
1686,1.3199999332427979,0.2110213190317154,0.7649999856948853,1.5149999856948853
1687,1.3040000200271606,0.1681041270494461,0.9549999833106995,1.5399999618530273
1688,1.4275000095367432,0.10665952414274216,1.2899999618530273,1.6050000190734863
1689,1.3229999542236328,0.20440402626991272,0.8999999761581421,1.5449999570846558
1690,1.3399999141693115,0.16948452591896057,0.9049999713897705,1.534999966621399
1691,1.3435001373291016,0.12522080540657043,1.149999976158142,1.5700000524520874
1692,1.2574999332427979,0.2994682788848877,0.48500001430511475,1.559999942779541
1693,1.3595000505447388,0.15458735823631287,1.1200000047683716,1.5299999713897705
1694,1.3300000429153442,0.17868968844413757,0.8899999856948853,1.5149999856948853
1695,1.376500129699707,0.1293841153383255,1.1699999570846558,1.524999976158142
1696,1.4040000438690186,0.14259734749794006,1.184999942779541,1.600000023841858
1697,1.2730000019073486,0.25511959195137024,0.7300000190734863,1.524999976158142
1698,1.3050000667572021,0.23121419548988342,0.7149999737739563,1.559999942779541
1699,1.3804999589920044,0.11555192619562149,1.1749999523162842,1.559999942779541
1700,1.313999891281128,0.1242537647485733,1.065000057220459,1.4800000190734863
1701,1.4095001220703125,0.0891193151473999,1.284999966621399,1.565000057220459
1702,1.3720000982284546,0.11675187945365906,1.149999976158142,1.534999966621399
1703,1.4205000400543213,0.11402743309736252,1.2450000047683716,1.5700000524520874
1704,1.3324999809265137,0.12649604678153992,1.090000033378601,1.5099999904632568
1705,1.3344999551773071,0.14339543879032135,1.1150000095367432,1.600000023841858
1706,1.3385000228881836,0.12004268914461136,1.1699999570846558,1.5499999523162842
1707,1.3845000267028809,0.08629744499921799,1.2050000429153442,1.534999966621399
1708,1.4199999570846558,0.09433979541063309,1.2599999904632568,1.534999966621399
1709,1.253000020980835,0.2790089547634125,0.46000000834465027,1.4900000095367432
1710,1.3845001459121704,0.09976094216108322,1.2100000381469727,1.5449999570846558
1711,1.2709999084472656,0.09812747687101364,1.1449999809265137,1.4800000190734863
1712,1.3704999685287476,0.20631834864616394,1.0299999713897705,1.6150000095367432
1713,1.3739999532699585,0.143697589635849,1.1200000047683716,1.5950000286102295
1714,1.4300000667572021,0.09085701406002045,1.3250000476837158,1.565000057220459
1715,1.3644999265670776,0.1256871223449707,1.0950000286102295,1.5700000524520874
1716,1.3995001316070557,0.11025992035865784,1.25,1.625
1717,1.337499976158142,0.10196200758218765,1.2000000476837158,1.5750000476837158
1718,1.3285000324249268,0.12488092482089996,1.1799999475479126,1.559999942779541
1719,1.371999979019165,0.11079709976911545,1.2050000429153442,1.534999966621399
1720,1.3930000066757202,0.126692533493042,1.1649999618530273,1.559999942779541
1721,1.38100004196167,0.1534242480993271,1.0950000286102295,1.5700000524520874
1722,1.375,0.09612493962049484,1.1699999570846558,1.5149999856948853
1723,1.3489999771118164,0.13127833604812622,1.1150000095367432,1.5549999475479126
1724,1.3874999284744263,0.13715411722660065,1.1749999523162842,1.559999942779541
1725,1.3654999732971191,0.16829213500022888,0.9750000238418579,1.5499999523162842
1726,1.397499918937683,0.11358367651700974,1.1699999570846558,1.5049999952316284
1727,1.3880000114440918,0.11610772460699081,1.2300000190734863,1.5700000524520874
1728,1.3675000667572021,0.15413063764572144,1.0499999523162842,1.534999966621399
1729,1.3324999809265137,0.19300580024719238,0.8500000238418579,1.559999942779541
1730,1.3160001039505005,0.1968095600605011,0.8149999976158142,1.5199999809265137
1731,1.3680000305175781,0.15873248875141144,1.0,1.5950000286102295
1732,1.3844999074935913,0.09618864208459854,1.1699999570846558,1.5
1733,1.2395000457763672,0.43187063932418823,0.029999999329447746,1.5700000524520874
1734,1.3040001392364502,0.2155667096376419,0.9300000071525574,1.600000023841858
1735,1.3305000066757202,0.1306799352169037,1.065000057220459,1.5399999618530273
1736,1.378499984741211,0.1301162838935852,1.125,1.5399999618530273
1737,1.256500005722046,0.47915053367614746,-0.03500000014901161,1.5950000286102295
1738,1.443000078201294,0.08832328021526337,1.2649999856948853,1.6150000095367432
1739,1.3935000896453857,0.11193859577178955,1.1699999570846558,1.5399999618530273
1740,1.3475000858306885,0.15617698431015015,0.9850000143051147,1.5700000524520874
1741,1.3365000486373901,0.13369837403297424,1.159999966621399,1.565000057220459
1742,1.371999979019165,0.13797101378440857,1.0399999618530273,1.5399999618530273
1743,1.3855000734329224,0.11005568504333496,1.184999942779541,1.534999966621399
1744,1.310499906539917,0.17854200303554535,0.9150000214576721,1.5299999713897705
1745,1.3229999542236328,0.25345808267593384,0.6050000190734863,1.5950000286102295
1746,1.3100000619888306,0.1520361602306366,0.9950000047683716,1.5499999523162842
1747,1.334999918937683,0.17438463866710663,1.100000023841858,1.5850000381469727
1748,1.340499997138977,0.1436915099620819,1.090000033378601,1.565000057220459
1749,1.3739999532699585,0.10933435708284378,1.2400000095367432,1.5700000524520874
1750,1.313499927520752,0.19000065326690674,0.9449999928474426,1.6150000095367432
1751,1.3785001039505005,0.10592567175626755,1.2050000429153442,1.5399999618530273
1752,1.2975000143051147,0.12944592535495758,1.0950000286102295,1.559999942779541
1753,1.315999984741211,0.1782245635986328,0.9549999833106995,1.5399999618530273
1754,1.403499960899353,0.09359623491764069,1.284999966621399,1.565000057220459
1755,1.3599998950958252,0.10134099423885345,1.2200000286102295,1.524999976158142
1756,1.337999939918518,0.1245230883359909,1.1200000047683716,1.5399999618530273
1757,1.3844999074935913,0.12997020781040192,1.2300000190734863,1.5750000476837158
1758,1.278499960899353,0.275663286447525,0.5600000023841858,1.4700000286102295
1759,1.3510000705718994,0.1609782725572586,1.034999966621399,1.5099999904632568
1760,1.375499963760376,0.16027240455150604,1.0950000286102295,1.5549999475479126
1761,1.2879999876022339,0.2273125797510147,0.7749999761581421,1.5800000429153442
1762,1.3485000133514404,0.12971216440200806,1.090000033378601,1.5549999475479126
1763,1.2764999866485596,0.19931194186210632,0.7250000238418579,1.440000057220459
1764,1.3695000410079956,0.1290823221206665,1.2000000476837158,1.600000023841858
1765,1.3935000896453857,0.1575920283794403,1.0850000381469727,1.600000023841858
1766,1.2695000171661377,0.37642693519592285,0.2150000035762787,1.524999976158142
1767,1.3244999647140503,0.1771221160888672,1.0499999523162842,1.5449999570846558
1768,1.372999906539917,0.14825992286205292,1.034999966621399,1.5449999570846558
1769,1.3580000400543213,0.11023157835006714,1.100000023841858,1.5
1770,1.3565000295639038,0.11038678884506226,1.1950000524520874,1.5499999523162842
1771,1.4014999866485596,0.10062429308891296,1.2300000190734863,1.534999966621399
1772,1.337499976158142,0.19178438186645508,0.8550000190734863,1.5700000524520874
1773,1.4275000095367432,0.10842624306678772,1.2200000286102295,1.590000033378601
1774,1.3650000095367432,0.09118659794330597,1.2000000476837158,1.5399999618530273
1775,1.3585001230239868,0.10516771674156189,1.2300000190734863,1.534999966621399
1776,1.3579999208450317,0.19487431645393372,0.925000011920929,1.625
1777,1.3659999370574951,0.16026228666305542,1.1150000095367432,1.5750000476837158
1778,1.3700001239776611,0.07655064016580582,1.2799999713897705,1.524999976158142
1779,1.337499976158142,0.2195364385843277,0.8450000286102295,1.590000033378601
1780,1.315999984741211,0.23072494566440582,0.8199999928474426,1.590000033378601
1781,1.3550000190734863,0.20504875481128693,0.7950000166893005,1.5399999618530273
1782,1.3385000228881836,0.18043072521686554,1.065000057220459,1.6200000047683716
1783,1.3964999914169312,0.1616639941930771,0.9750000238418579,1.5449999570846558
1784,1.3964999914169312,0.08717940002679825,1.190000057220459,1.4950000047683716
1785,1.31850004196167,0.1226590946316719,1.149999976158142,1.5049999952316284
1786,1.3840000629425049,0.10103961080312729,1.1749999523162842,1.5449999570846558
1787,1.3949999809265137,0.09391484409570694,1.2000000476837158,1.5399999618530273
1788,1.3645000457763672,0.17910122871398926,1.0299999713897705,1.5750000476837158
1789,1.3899999856948853,0.13260842859745026,1.1100000143051147,1.559999942779541
1790,1.3900001049041748,0.13985708355903625,1.0950000286102295,1.590000033378601
1791,1.3065000772476196,0.1660579890012741,1.0,1.5750000476837158
1792,1.2860000133514404,0.2823100984096527,0.4950000047683716,1.524999976158142
1793,1.305999994277954,0.11601292341947556,1.065000057220459,1.4700000286102295
1794,1.410500168800354,0.1203422099351883,1.215000033378601,1.565000057220459
1795,1.2899999618530273,0.1808175891637802,0.8050000071525574,1.4850000143051147
1796,1.3630001544952393,0.10488566011190414,1.184999942779541,1.5499999523162842
1797,1.2935001850128174,0.23706591129302979,0.6399999856948853,1.5299999713897705
1798,1.378000020980835,0.08391067385673523,1.2549999952316284,1.5049999952316284
1799,1.3380000591278076,0.1049809381365776,1.1799999475479126,1.5449999570846558
1800,1.3859999179840088,0.09068627655506134,1.2549999952316284,1.5149999856948853
1801,1.3244999647140503,0.1242668479681015,1.0049999952316284,1.4800000190734863
1802,1.3535001277923584,0.1378776878118515,1.1449999809265137,1.5149999856948853
1803,1.3624999523162842,0.1287682056427002,1.215000033378601,1.5700000524520874
1804,1.3485000133514404,0.12855057418346405,1.1749999523162842,1.5950000286102295
1805,1.399999976158142,0.12870511412620544,1.149999976158142,1.5700000524520874
1806,1.3654999732971191,0.1373763084411621,1.1050000190734863,1.5299999713897705
1807,1.2839999198913574,0.14713598787784576,1.065000057220459,1.524999976158142
1808,1.312000036239624,0.10812492668628693,1.100000023841858,1.475000023841858
1809,1.3105000257492065,0.15283077955245972,1.0700000524520874,1.600000023841858
1810,1.3020000457763672,0.2439897507429123,0.75,1.5399999618530273
1811,1.369499921798706,0.15217505395412445,1.0950000286102295,1.5700000524520874
1812,1.3539998531341553,0.1146908774971962,1.2300000190734863,1.5449999570846558
1813,1.4250001907348633,0.09324698150157928,1.309999942779541,1.590000033378601
1814,1.3365000486373901,0.14179298281669617,1.034999966621399,1.5449999570846558
1815,1.437999963760376,0.09534673392772675,1.2949999570846558,1.5750000476837158
1816,1.2905000448226929,0.17019769549369812,0.9449999928474426,1.4850000143051147
1817,1.3510000705718994,0.12247040122747421,1.1299999952316284,1.5399999618530273
1818,1.3880000114440918,0.1120312437415123,1.2000000476837158,1.590000033378601
1819,1.2855000495910645,0.10135211795568466,1.0950000286102295,1.4700000286102295
1820,1.4540001153945923,0.0942549929022789,1.2999999523162842,1.5950000286102295
1821,1.3324999809265137,0.12795019149780273,1.0399999618530273,1.534999966621399
1822,1.4525001049041748,0.052021630108356476,1.3700000047683716,1.5449999570846558
1823,1.4164999723434448,0.13317376375198364,1.100000023841858,1.5950000286102295
1824,1.373999834060669,0.12821464240550995,1.2050000429153442,1.5399999618530273
1825,1.4230000972747803,0.13533660769462585,1.1649999618530273,1.5549999475479126
1826,1.4105000495910645,0.06694962084293365,1.274999976158142,1.4800000190734863
1827,1.337999939918518,0.15048585832118988,1.065000057220459,1.5149999856948853
1828,1.4144999980926514,0.08137720078229904,1.274999976158142,1.5099999904632568
1829,1.3875000476837158,0.12233663350343704,1.2050000429153442,1.565000057220459
1830,1.436000108718872,0.111238494515419,1.25,1.590000033378601
1831,1.4054999351501465,0.19216462969779968,0.8799999952316284,1.5700000524520874
1832,1.403499960899353,0.06960783898830414,1.2599999904632568,1.4850000143051147
1833,1.383000135421753,0.12930971384048462,1.0549999475479126,1.5499999523162842
1834,1.3200000524520874,0.15185518562793732,1.0800000429153442,1.5950000286102295
1835,1.3450000286102295,0.12054044753313065,1.090000033378601,1.4950000047683716
1836,1.3489999771118164,0.09369629621505737,1.2050000429153442,1.4800000190734863
1837,1.3184999227523804,0.16186490654945374,0.9750000238418579,1.5449999570846558
1838,1.348000168800354,0.1530228555202484,0.9750000238418579,1.5549999475479126
1839,1.4470000267028809,0.1005534827709198,1.2799999713897705,1.590000033378601
1840,1.2274999618530273,0.2782197892665863,0.5799999833106995,1.6150000095367432
1841,1.2860000133514404,0.1303035020828247,1.059999942779541,1.465000033378601
1842,1.366999864578247,0.18267732858657837,0.9049999713897705,1.5149999856948853
1843,1.3930000066757202,0.08726968616247177,1.2599999904632568,1.534999966621399
1844,1.3609999418258667,0.18388581275939941,0.9950000047683716,1.5449999570846558
1845,1.434999942779541,0.11013630032539368,1.284999966621399,1.590000033378601
1846,1.375,0.13270267844200134,1.065000057220459,1.5700000524520874
1847,1.3880000114440918,0.11994164437055588,1.2100000381469727,1.5700000524520874
1848,1.3849999904632568,0.10156279057264328,1.2050000429153442,1.524999976158142
1849,1.4290001392364502,0.0917278528213501,1.2549999952316284,1.5499999523162842
1850,1.375499963760376,0.11149999499320984,1.2549999952316284,1.590000033378601
1851,1.373500108718872,0.15303675830364227,1.1449999809265137,1.6150000095367432
1852,1.3630000352859497,0.09729336202144623,1.225000023841858,1.5199999809265137
1853,1.3554998636245728,0.1350453794002533,1.034999966621399,1.5399999618530273
1854,1.283000111579895,0.16870388388633728,1.0149999856948853,1.5049999952316284
1855,1.440999984741211,0.08166393637657166,1.3200000524520874,1.5700000524520874
1856,1.2964999675750732,0.29281437397003174,0.7450000047683716,1.590000033378601
1857,1.3819998502731323,0.08585452288389206,1.2000000476837158,1.5
1858,1.371000051498413,0.14454755187034607,1.065000057220459,1.5299999713897705
1859,1.225000023841858,0.39336368441581726,0.3449999988079071,1.6200000047683716
1860,1.3674999475479126,0.16721616685390472,0.949999988079071,1.5549999475479126
1861,1.4494998455047607,0.08162259310483932,1.315000057220459,1.565000057220459
1862,1.3910000324249268,0.09496841579675674,1.2200000286102295,1.5
1863,1.369499921798706,0.08869753032922745,1.25,1.5049999952316284
1864,1.308500051498413,0.19295141100883484,0.8600000143051147,1.5750000476837158
1865,1.2669999599456787,0.13715322315692902,1.0499999523162842,1.475000023841858
1866,1.3574999570846558,0.12056637555360794,1.1549999713897705,1.5499999523162842
1867,1.3869999647140503,0.15806961059570312,1.0399999618530273,1.600000023841858
1868,1.1710001230239868,0.2721286714076996,0.4350000023841858,1.375
1869,1.250999927520752,0.3567618131637573,0.2199999988079071,1.5499999523162842
1870,1.371999979019165,0.09573923051357269,1.1950000524520874,1.5149999856948853
1871,1.4609999656677246,0.094599150121212,1.215000033378601,1.6050000190734863
1872,1.3174999952316284,0.1447800099849701,0.9549999833106995,1.4800000190734863
1873,1.4274998903274536,0.12540435791015625,1.2000000476837158,1.5750000476837158
1874,1.378000020980835,0.17996110022068024,0.9850000143051147,1.6150000095367432
1875,1.3489999771118164,0.17754997313022614,0.9150000214576721,1.5549999475479126
1876,1.4114999771118164,0.07460060715675354,1.2549999952316284,1.5199999809265137
1877,1.3989999294281006,0.14788171648979187,1.2050000429153442,1.625
1878,1.3220000267028809,0.08649277687072754,1.1749999523162842,1.475000023841858
1879,1.3440001010894775,0.06643794476985931,1.2300000190734863,1.4600000381469727
1880,1.3669999837875366,0.12209014594554901,1.1749999523162842,1.5700000524520874
1881,1.4415000677108765,0.09674837440252304,1.2000000476837158,1.5499999523162842
1882,1.3989999294281006,0.10781466960906982,1.1749999523162842,1.5149999856948853
1883,1.311000108718872,0.10175461322069168,1.0950000286102295,1.4600000381469727
1884,1.3755000829696655,0.14043591916561127,1.0850000381469727,1.5700000524520874
1885,1.3350000381469727,0.1893145591020584,0.8999999761581421,1.565000057220459
1886,1.3930000066757202,0.15241721272468567,1.125,1.600000023841858
1887,1.2200000286102295,0.5290321707725525,-0.35499998927116394,1.4900000095367432
1888,1.3720000982284546,0.1349296122789383,1.1200000047683716,1.5700000524520874
1889,1.337499976158142,0.11241108179092407,1.1749999523162842,1.5199999809265137
1890,1.3934999704360962,0.10264137387275696,1.25,1.5499999523162842
1891,1.4210000038146973,0.07262229174375534,1.315000057220459,1.5449999570846558
1892,1.4110000133514404,0.07930322736501694,1.2599999904632568,1.5
1893,1.3645000457763672,0.1358574777841568,1.059999942779541,1.5750000476837158
1894,1.3939999341964722,0.12870118021965027,1.2000000476837158,1.5499999523162842
1895,1.3514999151229858,0.0878080353140831,1.1749999523162842,1.475000023841858
1896,1.2915000915527344,0.12419844418764114,1.1150000095367432,1.5850000381469727
1897,1.3374998569488525,0.09877372533082962,1.1100000143051147,1.5199999809265137
1898,1.440000057220459,0.0982089415192604,1.215000033378601,1.5449999570846558
1899,1.3370001316070557,0.10925199836492538,1.1799999475479126,1.5099999904632568
1900,1.3875000476837158,0.1525491625070572,1.149999976158142,1.5750000476837158
1901,1.4149999618530273,0.08024962246417999,1.2649999856948853,1.4900000095367432
1902,1.371500015258789,0.16978000104427338,0.9200000166893005,1.5449999570846558
1903,1.2599999904632568,0.36989185214042664,0.20499999821186066,1.5099999904632568
1904,1.4305000305175781,0.09070418030023575,1.225000023841858,1.5199999809265137
1905,1.2549998760223389,0.21356496214866638,0.8700000047683716,1.4900000095367432
1906,1.2619998455047607,0.2940255105495453,0.4000000059604645,1.5149999856948853
1907,1.375,0.17767949402332306,0.9800000190734863,1.600000023841858
1908,1.3844999074935913,0.06439914554357529,1.2799999713897705,1.5099999904632568
1909,1.372999906539917,0.07759511470794678,1.25,1.5399999618530273
1910,1.4290000200271606,0.1450827419757843,1.149999976158142,1.600000023841858
1911,1.3924999237060547,0.13202744722366333,1.1299999952316284,1.5299999713897705
1912,1.3385000228881836,0.18030597269535065,1.0449999570846558,1.5449999570846558
1913,1.412000060081482,0.13592645525932312,1.1549999713897705,1.565000057220459
1914,1.3280000686645508,0.11796608567237854,1.1349999904632568,1.5099999904632568
1915,1.3219999074935913,0.1581486612558365,0.9850000143051147,1.5149999856948853
1916,1.3415000438690186,0.07848724722862244,1.2300000190734863,1.5049999952316284
1917,1.3739999532699585,0.11271203309297562,1.215000033378601,1.600000023841858
1918,1.38100004196167,0.1072566956281662,1.2549999952316284,1.559999942779541
1919,1.2259999513626099,0.4559375047683716,-0.09000000357627869,1.5399999618530273
1920,1.4030001163482666,0.12687000632286072,1.1299999952316284,1.534999966621399
1921,1.3545000553131104,0.14201146364212036,1.100000023841858,1.5700000524520874
1922,1.3389999866485596,0.17265284061431885,1.0149999856948853,1.534999966621399
1923,1.340499997138977,0.11201447993516922,1.2000000476837158,1.5199999809265137
1924,1.428999900817871,0.09396274387836456,1.2300000190734863,1.5399999618530273
1925,1.434000015258789,0.06981402635574341,1.315000057220459,1.5099999904632568
1926,1.441499948501587,0.12190262228250504,1.2549999952316284,1.6150000095367432
1927,1.4415000677108765,0.12778988480567932,1.2599999904632568,1.6200000047683716
1928,1.4700000286102295,0.06928201019763947,1.340000033378601,1.559999942779541
1929,1.2334998846054077,0.1908801943063736,0.8999999761581421,1.5199999809265137
1930,1.3494999408721924,0.11199216544628143,1.215000033378601,1.5499999523162842
1931,1.3370000123977661,0.14834417402744293,0.9800000190734863,1.5399999618530273
1932,1.409000039100647,0.10108908265829086,1.2300000190734863,1.565000057220459
1933,1.2699998617172241,0.2149069458246231,0.8199999928474426,1.5049999952316284
1934,1.4364999532699585,0.09211541712284088,1.2599999904632568,1.590000033378601
1935,1.3884999752044678,0.11276189982891083,1.2000000476837158,1.5199999809265137
1936,1.3899999856948853,0.14678213000297546,1.1150000095367432,1.559999942779541
1937,1.3894999027252197,0.15093789994716644,1.1200000047683716,1.565000057220459
1938,1.437000036239624,0.0985444039106369,1.2549999952316284,1.6100000143051147
1939,1.3224999904632568,0.10698714107275009,1.1050000190734863,1.4850000143051147
1940,1.375499963760376,0.15120266377925873,1.0950000286102295,1.5499999523162842
1941,1.3385000228881836,0.21078483760356903,0.8349999785423279,1.5950000286102295
1942,1.311000108718872,0.11759679019451141,1.1200000047683716,1.4850000143051147
1943,1.3245000839233398,0.11761057376861572,1.0950000286102295,1.5
1944,1.284000039100647,0.170803964138031,0.925000011920929,1.5099999904632568
1945,1.3560000658035278,0.0958332046866417,1.2200000286102295,1.5750000476837158
1946,1.3939998149871826,0.09216289967298508,1.2450000047683716,1.5199999809265137
1947,1.4194999933242798,0.08106940984725952,1.2699999809265137,1.5199999809265137
1948,1.3910000324249268,0.10439826548099518,1.215000033378601,1.5700000524520874
1949,1.4325001239776611,0.12956176698207855,1.1100000143051147,1.5750000476837158
1950,1.3560000658035278,0.17004117369651794,1.0549999475479126,1.5700000524520874
1951,1.3405001163482666,0.08784788101911545,1.2200000286102295,1.4950000047683716
1952,1.34250009059906,0.19606439769268036,0.8149999976158142,1.5199999809265137
1953,1.3834998607635498,0.10495356470346451,1.2300000190734863,1.5199999809265137
1954,1.3669999837875366,0.080099917948246,1.2100000381469727,1.4850000143051147
1955,1.28249990940094,0.13780875504016876,1.0,1.4950000047683716
1956,1.3899999856948853,0.11806777119636536,1.1749999523162842,1.5499999523162842
1957,1.3725000619888306,0.124984972178936,1.065000057220459,1.559999942779541
1958,1.308500051498413,0.20312617719173431,0.8349999785423279,1.5299999713897705
1959,1.400499939918518,0.1190052479505539,1.149999976158142,1.5499999523162842
1960,1.371000051498413,0.1299576759338379,1.149999976158142,1.5149999856948853
1961,1.315999984741211,0.10287856310606003,1.1200000047683716,1.5399999618530273
1962,1.3889999389648438,0.12535549700260162,1.1799999475479126,1.5399999618530273
1963,1.3859999179840088,0.07088018953800201,1.309999942779541,1.5149999856948853
1964,1.3665001392364502,0.0889677032828331,1.1699999570846558,1.5049999952316284
1965,1.3910000324249268,0.08187795430421829,1.274999976158142,1.5449999570846558
1966,1.3650000095367432,0.130172997713089,1.159999966621399,1.565000057220459
1967,1.3774999380111694,0.117924764752388,1.1449999809265137,1.534999966621399
1968,1.3394999504089355,0.1296427696943283,1.1749999523162842,1.5449999570846558
1969,1.381500005722046,0.12530063092708588,1.2000000476837158,1.600000023841858
1970,1.3509999513626099,0.14465129375457764,1.1050000190734863,1.5149999856948853
1971,1.3380000591278076,0.12270288914442062,1.090000033378601,1.5049999952316284
1972,1.3339998722076416,0.333622545003891,0.3799999952316284,1.5750000476837158
1973,1.3500001430511475,0.1644384115934372,1.065000057220459,1.559999942779541
1974,1.3220001459121704,0.17614199221134186,1.0,1.5449999570846558
1975,1.3839998245239258,0.1276283711194992,1.1799999475479126,1.559999942779541
1976,1.3399999141693115,0.12761269509792328,1.1449999809265137,1.559999942779541
1977,1.3650000095367432,0.12884096801280975,1.0800000429153442,1.534999966621399
1978,1.287000060081482,0.15863795578479767,1.0950000286102295,1.5449999570846558
1979,1.3294999599456787,0.15345114469528198,1.059999942779541,1.5399999618530273
1980,1.3229999542236328,0.17934881150722504,0.8949999809265137,1.534999966621399
1981,1.3949999809265137,0.11844830214977264,1.1749999523162842,1.5449999570846558
1982,1.3830000162124634,0.10005498677492142,1.2000000476837158,1.4800000190734863
1983,1.3920000791549683,0.1299269199371338,1.149999976158142,1.600000023841858
1984,1.4284999370574951,0.09148905426263809,1.309999942779541,1.5299999713897705
1985,1.3539998531341553,0.15738169848918915,1.0499999523162842,1.5950000286102295
1986,1.4254999160766602,0.03656843677163124,1.375,1.5
1987,1.4535000324249268,0.07665015757083893,1.315000057220459,1.5299999713897705
1988,1.3250000476837158,0.14758048951625824,1.100000023841858,1.5299999713897705
1989,1.3880000114440918,0.08846469223499298,1.2599999904632568,1.5149999856948853
1990,1.3034999370574951,0.08786498010158539,1.149999976158142,1.4500000476837158
1991,1.278499960899353,0.23417995870113373,0.6549999713897705,1.5449999570846558
1992,1.4160000085830688,0.07532595098018646,1.3049999475479126,1.5299999713897705
1993,1.3755000829696655,0.1106221154332161,1.125,1.475000023841858
1994,1.0279998779296875,1.1490674018859863,-2.4000000953674316,1.565000057220459
1995,1.410500168800354,0.11950839310884476,1.184999942779541,1.5950000286102295
1996,1.3724998235702515,0.11437328904867172,1.1299999952316284,1.6200000047683716
1997,1.3769999742507935,0.180751234292984,1.034999966621399,1.5850000381469727
1998,1.3669999837875366,0.06356886029243469,1.284999966621399,1.4900000095367432
1999,1.4040000438690186,0.11074294149875641,1.2000000476837158,1.5449999570846558
2000,1.378000020980835,0.1043839231133461,1.1549999713897705,1.5049999952316284
