episode,mean_reward,std_reward,min_reward,max_reward
1,-3.119999885559082,0.21674874424934387,-3.6500000953674316,-2.7799999713897705
2,-2.8889999389648438,0.13772805035114288,-3.1600000858306885,-2.609999895095825
3,-3.0279996395111084,0.17758379876613617,-3.380000114440918,-2.7100000381469727
4,-2.9140000343322754,0.15869469940662384,-3.2300000190734863,-2.7300000190734863
5,-2.7685000896453857,0.7872739434242249,-3.640000104904175,-0.5350000262260437
6,-2.9549999237060547,0.1267477571964264,-3.0799999237060547,-2.640000104904175
7,-2.921999931335449,0.27326908707618713,-3.5999999046325684,-2.609999895095825
8,-3.0180001258850098,0.16117067635059357,-3.369999885559082,-2.8499999046325684
9,-3.0980000495910645,0.1800999790430069,-3.569999933242798,-2.869999885559082
10,-2.9950003623962402,0.08969392627477646,-3.180000066757202,-2.8499999046325684
11,-2.936000108718872,0.09090656042098999,-3.069999933242798,-2.809999942779541
12,-2.6404998302459717,0.9907483458518982,-3.1600000858306885,0.3149999976158142
13,-2.9040000438690186,0.14974644780158997,-3.2200000286102295,-2.7100000381469727
14,-2.9159998893737793,0.12547506392002106,-3.119999885559082,-2.680000066757202
15,-2.8980000019073486,0.11813550442457199,-3.069999933242798,-2.690000057220459
16,-2.7049996852874756,0.6184860467910767,-3.0899999141693115,-0.8799999952316284
17,-3.072000026702881,0.1348925083875656,-3.369999885559082,-2.9100000858306885
18,-2.9630000591278076,0.20736682415008545,-3.2699999809265137,-2.549999952316284
19,-2.9800002574920654,0.1967231184244156,-3.3399999141693115,-2.75
20,-2.7750000953674316,0.7059921622276306,-3.5299999713897705,-0.7699999809265137
21,-2.626499891281128,0.8772002458572388,-3.0399999618530273,-0.004999999888241291
22,-2.502000093460083,1.3035169839859009,-3.240000009536743,1.3899999856948853
23,-2.555500030517578,1.11273193359375,-3.0899999141693115,0.7549999952316284
24,-3.068000078201294,0.17394253611564636,-3.380000114440918,-2.8299999237060547
25,-2.9699997901916504,0.2824535369873047,-3.680000066757202,-2.6500000953674316
26,-3.0209999084472656,0.23876558244228363,-3.5399999618530273,-2.559999942779541
27,-2.1634998321533203,1.464844822883606,-3.4700000286102295,1.0850000381469727
28,-3.0910000801086426,0.16189193725585938,-3.4800000190734863,-2.930000066757202
29,-2.950000047683716,0.18406520783901215,-3.2899999618530273,-2.6700000762939453
30,-2.6075000762939453,1.1961840391159058,-3.25,0.9549999833106995
31,-2.9740002155303955,0.13639646768569946,-3.2799999713897705,-2.759999990463257
32,-3.054999828338623,0.16942550241947174,-3.25,-2.700000047683716
33,-2.6080002784729004,0.9201064705848694,-3.2300000190734863,0.10999999940395355
34,-2.2760000228881836,1.257499098777771,-3.0399999618530273,0.5799999833106995
35,-2.9609999656677246,0.09170063585042953,-3.130000114440918,-2.7799999713897705
36,-3.007999897003174,0.13666018843650818,-3.25,-2.8499999046325684
37,-2.8219997882843018,0.13511478900909424,-2.9700000286102295,-2.5
38,-2.9620003700256348,0.12335315346717834,-3.140000104904175,-2.75
39,-3.056999921798706,0.1254630982875824,-3.309999942779541,-2.930000066757202
40,-2.9579999446868896,0.17336666584014893,-3.259999990463257,-2.7200000286102295
41,-2.6040000915527344,1.1250972747802734,-3.25,0.75
42,-2.266000270843506,1.376947283744812,-3.3399999141693115,0.5600000023841858
43,-2.441499948501587,1.2980254888534546,-3.069999933242798,1.434999942779541
44,-2.6659998893737793,0.9641597867012024,-3.2100000381469727,0.20999999344348907
45,-2.376499891281128,1.2199796438217163,-3.190000057220459,0.8149999976158142
46,-1.712499976158142,1.8702155351638794,-3.180000066757202,1.5199999809265137
47,-2.9669997692108154,0.15518052875995636,-3.1600000858306885,-2.6700000762939453
48,-2.9220001697540283,0.11822011321783066,-3.049999952316284,-2.6700000762939453
49,-2.5934996604919434,1.0340794324874878,-3.2200000286102295,0.4650000035762787
50,-2.6485002040863037,1.1065442562103271,-3.2799999713897705,0.6449999809265137
51,-2.6444997787475586,0.9275409579277039,-3.0999999046325684,0.125
52,-2.5369999408721924,1.1414731740951538,-3.2100000381469727,0.8600000143051147
53,-2.936999797821045,0.09623407572507858,-3.0999999046325684,-2.7899999618530273
54,-2.626500129699707,1.0247440338134766,-3.2100000381469727,0.41499999165534973
55,-2.691999912261963,0.7491968870162964,-3.1600000858306885,-0.5099999904632568
56,-2.943000078201294,0.13993214070796967,-3.190000057220459,-2.619999885559082
57,-2.8540000915527344,0.13350658118724823,-3.130000114440918,-2.7100000381469727
58,-2.63100004196167,1.1701576709747314,-3.180000066757202,0.8700000047683716
59,-2.5920002460479736,1.009096622467041,-3.3499999046325684,0.4000000059604645
60,-2.254000186920166,1.5056971311569214,-3.200000047683716,1.0700000524520874
61,-2.9639999866485596,0.1317725032567978,-3.119999885559082,-2.740000009536743
62,-2.6029999256134033,1.1521028280258179,-3.1500000953674316,0.8399999737739563
63,-2.992999792098999,0.11983738839626312,-3.2300000190734863,-2.799999952316284
64,-2.885000228881836,0.11412710696458817,-3.0399999618530273,-2.6500000953674316
65,-2.6655001640319824,0.9152116179466248,-3.200000047683716,0.04500000178813934
66,-2.997999906539917,0.1337011754512787,-3.1700000762939453,-2.7100000381469727
67,-2.982999801635742,0.11891593039035797,-3.2200000286102295,-2.809999942779541
68,-2.4000000953674316,1.0895228385925293,-3.190000057220459,-0.03999999910593033
69,-2.3554999828338623,1.3391423225402832,-3.190000057220459,0.7250000238418579
70,-2.870999813079834,0.12700001895427704,-3.130000114440918,-2.700000047683716
71,-2.9019999504089355,0.16216039657592773,-3.140000104904175,-2.690000057220459
72,-2.947000026702881,0.11314152926206589,-3.130000114440918,-2.799999952316284
73,-2.4544997215270996,1.2080737352371216,-3.009999990463257,1.1649999618530273
74,-2.6540000438690186,1.2078592777252197,-3.369999885559082,0.9399999976158142
75,-2.9570000171661377,0.12361633777618408,-3.190000057220459,-2.7100000381469727
76,-2.9579997062683105,0.2789551913738251,-3.740000009536743,-2.740000009536743
77,-2.994999885559082,0.15474173426628113,-3.2699999809265137,-2.799999952316284
78,-2.947000026702881,0.14276203513145447,-3.319999933242798,-2.759999990463257
79,-2.1635000705718994,1.4748932123184204,-3.0999999046325684,1.5700000524520874
80,-2.6635000705718994,1.2888833284378052,-3.430000066757202,1.1749999523162842
81,-2.4850001335144043,1.2896606922149658,-3.0199999809265137,1.3700000047683716
82,-2.9159998893737793,0.17442475259304047,-3.3399999141693115,-2.7200000286102295
83,-2.4600000381469727,1.333221673965454,-3.190000057220459,1.5099999904632568
84,-2.309999942779541,1.4260995388031006,-3.4000000953674316,0.6399999856948853
85,-3.0929999351501465,0.17742885649204254,-3.4100000858306885,-2.8299999237060547
86,-2.8819997310638428,0.0993780642747879,-3.059999942779541,-2.7200000286102295
87,-2.5940001010894775,1.2301316261291504,-3.380000114440918,1.059999942779541
88,-2.565999984741211,1.005596399307251,-3.059999942779541,0.41999998688697815
89,-2.6629998683929443,0.8588486909866333,-3.130000114440918,-0.10999999940395355
90,-2.569000005722046,1.0714612007141113,-3.140000104904175,0.6200000047683716
91,-2.9159998893737793,0.10480455309152603,-3.119999885559082,-2.690000057220459
92,-3.00600004196167,0.11620669811964035,-3.190000057220459,-2.8499999046325684
93,-2.627500057220459,0.9818738698959351,-3.4000000953674316,0.2549999952316284
94,-2.5764997005462646,1.0824695825576782,-3.190000057220459,0.6449999809265137
95,-2.4780001640319824,1.228240966796875,-3.130000114440918,1.190000057220459
96,-2.687000036239624,0.9129517674446106,-3.259999990463257,0.019999999552965164
97,-2.565000057220459,1.2205674648284912,-3.0999999046325684,1.090000033378601
98,-2.1610000133514404,1.5118709802627563,-3.0299999713897705,1.3550000190734863
99,-2.3410000801086426,1.4546250104904175,-3.319999933242798,1.274999976158142
100,-2.99399995803833,0.0914549008011818,-3.109999895095825,-2.8399999141693115
101,-2.565499782562256,1.3506006002426147,-3.2300000190734863,1.475000023841858
102,-2.6644999980926514,1.1223646402359009,-3.190000057220459,0.675000011920929
103,-2.9770002365112305,0.20030228793621063,-3.380000114440918,-2.700000047683716
104,-2.5475001335144043,1.1153637170791626,-3.4000000953674316,0.7549999952316284
105,-2.877000331878662,0.18204666674137115,-3.0899999141693115,-2.4700000286102295
106,-2.8600001335144043,0.11304865032434464,-3.0999999046325684,-2.740000009536743
107,-2.8960001468658447,0.14568458497524261,-3.1600000858306885,-2.7100000381469727
108,-2.6705002784729004,0.8784658312797546,-3.130000114440918,-0.054999999701976776
109,-3.0440001487731934,0.09393615275621414,-3.190000057220459,-2.9100000858306885
110,-2.577000141143799,0.9110329747200012,-3.0799999237060547,0.12999999523162842
111,-2.638000011444092,0.8271734714508057,-3.0199999809265137,-0.17000000178813934
112,-2.139500141143799,1.6051081418991089,-3.0799999237060547,1.4199999570846558
113,-2.492499828338623,1.3368606567382812,-3.0899999141693115,1.5049999952316284
114,-3.002999782562256,0.15588776767253876,-3.180000066757202,-2.6600000858306885
115,-2.985999822616577,0.14772945642471313,-3.3299999237060547,-2.809999942779541
116,-2.9639999866485596,0.15107612311840057,-3.2899999618530273,-2.740000009536743
117,-2.324500322341919,1.4085675477981567,-3.2200000286102295,1.5149999856948853
118,-2.872999906539917,0.24815520644187927,-3.200000047683716,-2.3299999237060547
119,-2.5204997062683105,1.0104960203170776,-3.0,0.4950000047683716
120,-2.944000244140625,0.09199995547533035,-3.0999999046325684,-2.7799999713897705
121,-2.6414999961853027,0.689260721206665,-3.0199999809265137,-0.5950000286102295
122,-2.247000217437744,1.3361010551452637,-3.130000114440918,0.5350000262260437
123,-2.927000045776367,0.10780072212219238,-3.0399999618530273,-2.740000009536743
124,-2.23799991607666,1.4958512783050537,-3.1600000858306885,1.2450000047683716
125,-2.122499942779541,1.6068933010101318,-3.059999942779541,1.2400000095367432
126,-2.953000068664551,0.1883109211921692,-3.4100000858306885,-2.7100000381469727
127,-2.9589998722076416,0.1174265518784523,-3.140000104904175,-2.6700000762939453
128,-2.9780001640319824,0.13818830251693726,-3.2200000286102295,-2.7699999809265137
129,-2.9549999237060547,0.12265808880329132,-3.140000104904175,-2.799999952316284
130,-2.6505000591278076,0.9281229376792908,-3.140000104904175,0.11500000208616257
131,-2.9000000953674316,0.24604877829551697,-3.130000114440918,-2.2899999618530273
132,-2.892000198364258,0.11634430289268494,-3.0999999046325684,-2.7200000286102295
133,-2.946000337600708,0.10892201960086823,-3.1500000953674316,-2.7699999809265137
134,-2.6665000915527344,0.614841639995575,-3.049999952316284,-0.875
135,-2.4779999256134033,1.1206943988800049,-2.9700000286102295,0.8700000047683716
136,-2.576000213623047,0.8960155844688416,-3.0999999046325684,0.09000000357627869
137,-2.502500057220459,1.3460297584533691,-3.319999933242798,1.5149999856948853
138,-2.937000036239624,0.17849653959274292,-3.4000000953674316,-2.740000009536743
139,-2.5339999198913574,1.1409486532211304,-3.119999885559082,0.8700000047683716
140,-2.888000011444092,0.18131738901138306,-3.309999942779541,-2.700000047683716
141,-2.92900013923645,0.11449456214904785,-3.1600000858306885,-2.740000009536743
142,-2.745999813079834,0.6222089529037476,-3.2100000381469727,-0.949999988079071
143,-2.5739998817443848,0.8421068787574768,-3.0799999237060547,-0.07000000029802322
144,-2.6399998664855957,0.8555349707603455,-3.180000066757202,-0.10000000149011612
145,-2.991000175476074,0.1824527084827423,-3.369999885559082,-2.7699999809265137
146,-2.8500001430511475,0.11135528236627579,-3.049999952316284,-2.680000066757202
147,-2.9839999675750732,0.10883015394210815,-3.140000104904175,-2.759999990463257
148,-2.5455000400543213,1.116822361946106,-3.140000104904175,0.7850000262260437
149,-2.4775002002716064,1.2566567659378052,-3.0899999141693115,1.2549999952316284
150,-2.931999683380127,0.10419216006994247,-3.1500000953674316,-2.7899999618530273
151,-1.6795002222061157,1.9131001234054565,-3.009999990463257,1.3949999809265137
152,-2.571000099182129,1.1232582330703735,-3.0999999046325684,0.7799999713897705
153,-2.885999917984009,0.11697861552238464,-3.049999952316284,-2.700000047683716
154,-2.689500093460083,0.7736293077468872,-3.2200000286102295,-0.4050000011920929
155,-2.8959999084472656,0.12232740223407745,-3.0899999141693115,-2.7200000286102295
156,-2.57450008392334,0.7840932607650757,-3.190000057220459,-0.9549999833106995
157,-2.4629998207092285,1.3000311851501465,-3.0999999046325684,1.4199999570846558
158,-2.9170002937316895,0.16911828517913818,-3.309999942779541,-2.680000066757202
159,-2.926999807357788,0.16595478355884552,-3.1700000762939453,-2.6600000858306885
160,-2.92900013923645,0.09782129526138306,-3.140000104904175,-2.75
161,-2.3370003700256348,1.3115339279174805,-3.25,0.4099999964237213
162,-2.9590001106262207,0.10885309427976608,-3.0999999046325684,-2.75
163,-2.863999843597412,0.14284257590770721,-3.2200000286102295,-2.6600000858306885
164,-2.370500087738037,1.244834303855896,-3.25,0.3149999976158142
165,-2.685499906539917,0.6123741865158081,-3.0999999046325684,-0.8849999904632568
166,-2.7074999809265137,0.5633349418640137,-3.109999895095825,-1.0549999475479126
167,-2.934000015258789,0.09488944709300995,-3.130000114440918,-2.7899999618530273
168,-2.951000213623047,0.1538473218679428,-3.1700000762939453,-2.680000066757202
169,-2.3560001850128174,1.2797456979751587,-3.430000066757202,0.7549999952316284
170,-2.9739999771118164,0.15761981904506683,-3.190000057220459,-2.6700000762939453
171,-2.361999988555908,1.4138797521591187,-3.190000057220459,1.4900000095367432
172,-2.6434998512268066,0.7728390693664551,-3.049999952316284,-0.3449999988079071
173,-2.9489998817443848,0.08190850913524628,-3.130000114440918,-2.8499999046325684
174,-2.6399998664855957,0.7626270651817322,-3.0399999618530273,-0.3700000047683716
175,-2.4679999351501465,0.8601605296134949,-3.130000114440918,-0.550000011920929
176,-2.8329999446868896,0.10363881289958954,-2.990000009536743,-2.609999895095825
177,-2.940999984741211,0.16183015704154968,-3.25,-2.690000057220459
178,-2.874000072479248,0.09635350853204727,-3.0399999618530273,-2.680000066757202
179,-2.880000114440918,0.15836665034294128,-3.0799999237060547,-2.559999942779541
180,-2.426500082015991,1.3153479099273682,-2.990000009536743,1.5149999856948853
181,-2.805999755859375,0.6671161651611328,-3.3499999046325684,-0.8799999952316284
182,-2.5409998893737793,1.143708348274231,-3.3499999046325684,0.8500000238418579
183,-2.872000217437744,0.13044540584087372,-3.130000114440918,-2.7300000190734863
184,-2.8259999752044678,0.08392852544784546,-3.049999952316284,-2.7200000286102295
185,-2.360499858856201,1.1848046779632568,-2.9800000190734863,0.8949999809265137
186,-2.5290002822875977,1.1412488222122192,-3.2899999618530273,0.8700000047683716
187,-2.9180002212524414,0.0862322449684143,-3.0399999618530273,-2.759999990463257
188,-2.558500051498413,0.9564571976661682,-3.1600000858306885,0.2849999964237213
189,-2.8499999046325684,0.1326650083065033,-2.9800000190734863,-2.490000009536743
190,-2.6705002784729004,0.7684934735298157,-3.049999952316284,-0.375
191,-2.9679999351501465,0.11720069497823715,-3.1700000762939453,-2.819999933242798
192,-2.93399977684021,0.12427389621734619,-3.1700000762939453,-2.700000047683716
193,-2.5139999389648438,1.2591679096221924,-3.069999933242798,1.25
194,-2.691999912261963,0.9701010584831238,-3.2799999713897705,0.20000000298023224
195,-2.867000102996826,0.16846661269664764,-3.25,-2.619999885559082
196,-2.9089999198913574,0.12493596225976944,-3.069999933242798,-2.690000057220459
197,-2.554999828338623,1.1680861711502075,-3.200000047683716,0.9300000071525574
198,-2.890000343322754,0.09176057577133179,-3.0399999618530273,-2.7699999809265137
199,-2.7179999351501465,0.5970394015312195,-3.2200000286102295,-1.0
200,-2.9110000133514404,0.13389918208122253,-3.109999895095825,-2.6600000858306885
201,-2.9170002937316895,0.17663808166980743,-3.1500000953674316,-2.609999895095825
202,-2.9210000038146973,0.0864233747124672,-3.069999933242798,-2.7799999713897705
203,-2.4695000648498535,0.7245221138000488,-2.9700000286102295,-1.0399999618530273
204,-2.4839999675750732,1.2784771919250488,-3.0199999809265137,1.340000033378601
205,-2.554499864578247,1.2166684865951538,-3.119999885559082,1.0850000381469727
206,-2.9539999961853027,0.16481508314609528,-3.200000047683716,-2.619999885559082
207,-2.428499698638916,1.1697266101837158,-2.9800000190734863,1.065000057220459
208,-2.807999849319458,0.3788086771965027,-3.1500000953674316,-1.7100000381469727
209,-2.687000036239624,0.855219841003418,-3.2799999713897705,-0.1599999964237213
210,-2.1555001735687256,1.7406556606292725,-3.109999895095825,1.4199999570846558
211,-2.938000202178955,0.1445544809103012,-3.1500000953674316,-2.690000057220459
212,-2.55649995803833,0.9555105566978455,-3.0799999237060547,0.2849999964237213
213,-2.4739997386932373,1.3333505392074585,-3.1700000762939453,1.5099999904632568
214,-2.4795002937316895,1.20535147190094,-3.069999933242798,1.1150000095367432
215,-2.622499942779541,0.9902961254119873,-3.1600000858306885,0.32499998807907104
216,-2.873000144958496,0.1363855004310608,-3.1700000762939453,-2.680000066757202
217,-2.4539999961853027,0.9179782271385193,-3.059999942779541,-0.49000000953674316
218,-2.797999858856201,0.1342981904745102,-3.0399999618530273,-2.5299999713897705
219,-2.9159998893737793,0.15324489772319794,-3.2300000190734863,-2.6700000762939453
220,-2.257999897003174,1.1406559944152832,-3.0199999809265137,0.18000000715255737
221,-2.9850001335144043,0.07658326625823975,-3.109999895095825,-2.8299999237060547
222,-2.62149977684021,0.5471747517585754,-3.009999990463257,-1.034999966621399
223,-2.827000141143799,0.15684708952903748,-3.009999990463257,-2.5299999713897705
224,-2.8969998359680176,0.06943345814943314,-2.9800000190734863,-2.7699999809265137
225,-1.8950001001358032,1.6495407819747925,-3.0399999618530273,1.4299999475479126
226,-1.682499885559082,1.7782649993896484,-2.9700000286102295,1.2300000190734863
227,-2.7325003147125244,0.5712497234344482,-3.25,-1.065000057220459
228,-2.953000068664551,0.11287601292133331,-3.109999895095825,-2.7100000381469727
229,-2.2750000953674316,1.4701564311981201,-3.1600000858306885,1.4550000429153442
230,-2.8989996910095215,0.10530431568622589,-3.0399999618530273,-2.640000104904175
231,-2.9000000953674316,0.10079682618379593,-3.0,-2.6700000762939453
232,-2.878999948501587,0.11202230304479599,-3.0799999237060547,-2.6600000858306885
233,-2.9020001888275146,0.09917661547660828,-3.0399999618530273,-2.7300000190734863
234,-2.496500015258789,1.3039478063583374,-3.0399999618530273,1.4049999713897705
235,-2.639500141143799,0.8558284044265747,-3.130000114440918,-0.0949999988079071
236,-2.1685001850128174,1.5498194694519043,-3.069999933242798,1.2400000095367432
237,-2.9519999027252197,0.13113346695899963,-3.109999895095825,-2.6500000953674316
238,-2.7764999866485596,0.680661678314209,-3.1600000858306885,-0.7549999952316284
239,-2.8910000324249268,0.16139698028564453,-3.0799999237060547,-2.640000104904175
240,-2.869999885559082,0.1252996325492859,-3.0299999713897705,-2.700000047683716
241,-2.946000099182129,0.09779570251703262,-3.109999895095825,-2.7799999713897705
242,-2.8490002155303955,0.1341230720281601,-3.049999952316284,-2.6600000858306885
243,-2.8960001468658447,0.16722442209720612,-3.069999933242798,-2.5399999618530273
244,-2.877999782562256,0.13948477804660797,-3.1500000953674316,-2.7100000381469727
245,-2.4644999504089355,1.1544532775878906,-3.0199999809265137,0.9750000238418579
246,-2.6509997844696045,0.6788439154624939,-3.109999895095825,-0.6499999761581421
247,-2.9159998893737793,0.14967969059944153,-3.1600000858306885,-2.609999895095825
248,-2.6429998874664307,0.8215357661247253,-3.0799999237060547,-0.20999999344348907
249,-2.867000102996826,0.12329231947660446,-3.059999942779541,-2.700000047683716
250,-2.4629998207092285,1.2464914321899414,-3.0299999713897705,1.2699999809265137
251,-2.553999900817871,1.0881378650665283,-3.009999990463257,0.699999988079071
252,-2.8949999809265137,0.10604243725538254,-3.059999942779541,-2.690000057220459
253,-2.2639999389648438,1.35322904586792,-3.009999990463257,1.4850000143051147
254,-2.866999864578247,0.10305823385715485,-3.049999952316284,-2.7100000381469727
255,-1.8264999389648438,1.7577002048492432,-3.0999999046325684,1.2899999618530273
256,-2.859999895095825,0.1511952430009842,-3.200000047683716,-2.680000066757202
257,-2.6019999980926514,0.889671802520752,-3.049999952316284,0.05000000074505806
258,-2.7909998893737793,0.07993123680353165,-2.9000000953674316,-2.640000104904175
259,-2.8470001220703125,0.08567965030670166,-2.9800000190734863,-2.7100000381469727
260,-2.88100004196167,0.1575087308883667,-3.180000066757202,-2.6600000858306885
261,-2.871000051498413,0.1169145479798317,-3.0,-2.609999895095825
262,-2.933000087738037,0.10936632007360458,-3.069999933242798,-2.680000066757202
263,-2.865999937057495,0.12322334945201874,-3.119999885559082,-2.680000066757202
264,-2.5970001220703125,1.0314750671386719,-3.319999933242798,0.4300000071525574
265,-2.9050002098083496,0.13691239058971405,-3.1600000858306885,-2.640000104904175
266,-2.888000011444092,0.14743134379386902,-3.1700000762939453,-2.630000114440918
267,-2.8630001544952393,0.1033489778637886,-2.990000009536743,-2.619999885559082
268,-2.4649999141693115,0.8146349191665649,-3.069999933242798,-0.7850000262260437
269,-2.9539999961853027,0.08845337480306625,-3.0999999046325684,-2.809999942779541
270,-2.134500026702881,1.5097954273223877,-3.009999990463257,1.4450000524520874
271,-2.4779999256134033,1.111897349357605,-3.069999933242798,0.8399999737739563
272,-2.695499897003174,0.5626564621925354,-3.0799999237060547,-1.034999966621399
273,-2.317499876022339,1.2465617656707764,-3.069999933242798,0.4099999964237213
274,-2.545499801635742,0.8828830122947693,-3.25,0.03500000014901161
275,-2.486999988555908,1.2480148077011108,-3.140000104904175,1.2400000095367432
276,-2.428499937057495,1.2935649156570435,-3.0999999046325684,1.434999942779541
277,-2.6509997844696045,0.7757377624511719,-3.1500000953674316,-0.3499999940395355
278,-2.632500171661377,0.7968915700912476,-3.0,-0.2549999952316284
279,-2.8379998207092285,0.09378699958324432,-2.990000009536743,-2.680000066757202
280,-2.765500068664551,0.6610991954803467,-3.0899999141693115,-0.7950000166893005
281,-2.870000123977661,0.08625544607639313,-3.0199999809265137,-2.690000057220459
282,-2.88100004196167,0.09648316353559494,-2.990000009536743,-2.6600000858306885
283,-2.456500291824341,1.1455175876617432,-2.930000066757202,0.9750000238418579
284,-2.818999767303467,0.12070214003324509,-3.0199999809265137,-2.5999999046325684
285,-2.80400013923645,0.12729495763778687,-2.930000066757202,-2.549999952316284
286,-2.559499740600586,1.0460412502288818,-3.049999952316284,0.5649999976158142
287,-2.8919997215270996,0.09130170941352844,-3.0199999809265137,-2.700000047683716
288,-2.9119999408721924,0.11294245719909668,-3.059999942779541,-2.680000066757202
289,-2.941999912261963,0.1422533243894577,-3.140000104904175,-2.740000009536743
290,-2.378000020980835,0.9875707030296326,-3.0199999809265137,-0.03999999910593033
291,-2.569499969482422,0.976510226726532,-3.059999942779541,0.3449999988079071
292,-2.6644999980926514,0.8153172135353088,-3.0799999237060547,-0.24500000476837158
293,-2.871999979019165,0.10656452924013138,-3.069999933242798,-2.7100000381469727
294,-2.6454999446868896,0.5803811550140381,-2.990000009536743,-0.925000011920929
295,-2.937000036239624,0.10000499337911606,-3.0999999046325684,-2.799999952316284
296,-2.630000352859497,0.7407833933830261,-3.109999895095825,-0.44999998807907104
297,-2.927999973297119,0.14176036417484283,-3.2200000286102295,-2.75
298,-2.6635003089904785,0.7082444429397583,-3.180000066757202,-0.6150000095367432
299,-2.8299999237060547,0.07321204245090485,-2.930000066757202,-2.7100000381469727
300,-2.5824999809265137,0.9559478759765625,-3.059999942779541,0.2750000059604645
301,-2.5279998779296875,1.1118794679641724,-3.130000114440918,0.7900000214576721
302,-2.92199969291687,0.12742061913013458,-3.130000114440918,-2.619999885559082
303,-2.4819998741149902,1.3542511463165283,-3.0899999141693115,1.5700000524520874
304,-2.8959999084472656,0.11697862297296524,-3.0399999618530273,-2.690000057220459
305,-2.560499906539917,1.2530691623687744,-3.259999990463257,1.1749999523162842
306,-2.690499782562256,0.6911672949790955,-3.0399999618530273,-0.625
307,-2.375999927520752,0.9885565042495728,-3.0,0.10000000149011612
308,-2.6445000171661377,0.7992760539054871,-3.0199999809265137,-0.26499998569488525
309,-2.4129998683929443,1.1466652154922485,-3.049999952316284,0.8999999761581421
310,-2.075500011444092,1.5101232528686523,-2.990000009536743,1.2899999618530273
311,-2.757999897003174,0.5303168892860413,-3.0199999809265137,-1.1799999475479126
312,-2.860999822616577,0.12700001895427704,-3.069999933242798,-2.5899999141693115
313,-2.8559999465942383,0.07269115000963211,-2.990000009536743,-2.7300000190734863
314,-2.9240000247955322,0.11001821607351303,-3.1500000953674316,-2.7200000286102295
315,-2.875999927520752,0.14941218495368958,-3.009999990463257,-2.4700000286102295
316,-2.565999984741211,0.8999911546707153,-2.930000066757202,0.12999999523162842
317,-1.752000093460083,1.744349718093872,-3.049999952316284,1.190000057220459
318,-2.5339999198913574,1.184214472770691,-3.0799999237060547,1.0
319,-2.614500045776367,0.735113799571991,-2.990000009536743,-0.42500001192092896
320,-2.243500232696533,1.4182454347610474,-3.0299999713897705,1.534999966621399
321,-2.8499999046325684,0.07937254756689072,-3.009999990463257,-2.7200000286102295
322,-2.6034998893737793,0.8499765992164612,-3.0799999237060547,-0.10499999672174454
323,-2.9149999618530273,0.08743569254875183,-3.049999952316284,-2.740000009536743
324,-2.6115002632141113,0.8272667527198792,-3.0399999618530273,-0.1550000011920929
325,-2.9669997692108154,0.11189725995063782,-3.0999999046325684,-2.7899999618530273
326,-2.1434998512268066,1.6331045627593994,-3.0999999046325684,1.2300000190734863
327,-2.4725000858306885,1.242608666419983,-3.0799999237060547,1.2450000047683716
328,-2.5964999198913574,0.8093332648277283,-3.0799999237060547,-0.19499999284744263
329,-2.8259999752044678,0.15704773366451263,-3.0899999141693115,-2.509999990463257
330,-2.861999988555908,0.2887144386768341,-3.1700000762939453,-2.3299999237060547
331,-2.2185001373291016,1.020715594291687,-3.1600000858306885,-0.5450000166893005
332,-2.260499954223633,1.3168001174926758,-3.009999990463257,1.1699999570846558
333,-2.947000026702881,0.1304645836353302,-3.2799999713897705,-2.809999942779541
334,-2.6410000324249268,0.9558603167533875,-3.1700000762939453,0.20000000298023224
335,-2.8400003910064697,0.17674842476844788,-3.190000057220459,-2.5799999237060547
336,-2.438999891281128,0.8134549260139465,-3.0999999046325684,-0.8500000238418579
337,-2.8889999389648438,0.1584581434726715,-3.119999885559082,-2.630000114440918
338,-2.5,1.248631238937378,-3.069999933242798,1.2200000286102295
339,-2.86899995803833,0.11894959956407547,-3.140000104904175,-2.680000066757202
340,-2.320500135421753,1.3259648084640503,-3.069999933242798,0.949999988079071
341,-2.8529999256134033,0.0997045561671257,-2.9800000190734863,-2.6600000858306885
342,-2.8539998531341553,0.11586201190948486,-2.990000009536743,-2.619999885559082
343,-2.6675000190734863,0.8064218163490295,-3.1600000858306885,-0.2849999964237213
344,-2.639500141143799,0.7094590663909912,-3.0399999618530273,-0.5450000166893005
345,-2.9140000343322754,0.08440379053354263,-3.069999933242798,-2.740000009536743
346,-2.6030001640319824,0.6209195256233215,-3.069999933242798,-0.7799999713897705
347,-2.8519999980926514,0.11391224712133408,-3.009999990463257,-2.700000047683716
348,-2.376999855041504,1.0791298151016235,-3.130000114440918,0.17000000178813934
349,-2.4489998817443848,1.310743808746338,-2.9600000381469727,1.4800000190734863
350,-2.634500026702881,0.6411179304122925,-3.069999933242798,-0.7649999856948853
351,-2.7850000858306885,0.19571663439273834,-3.069999933242798,-2.3299999237060547
352,-2.5204997062683105,1.0682239532470703,-3.009999990463257,0.675000011920929
353,-2.9210000038146973,0.12372956424951553,-3.25,-2.809999942779541
354,-2.759500026702881,0.5169740915298462,-3.0199999809265137,-1.215000033378601
355,-2.4554998874664307,1.1947184801101685,-3.049999952316284,1.1150000095367432
356,-1.8584998846054077,1.4792802333831787,-3.0999999046325684,1.5499999523162842
357,-2.8440001010894775,0.1136838048696518,-3.0199999809265137,-2.619999885559082
358,-2.8980002403259277,0.06997145712375641,-3.009999990463257,-2.7899999618530273
359,-2.497999906539917,0.9083231687545776,-3.0199999809265137,-0.6150000095367432
360,-2.3325002193450928,1.135071039199829,-3.0999999046325684,0.5149999856948853
361,-2.690500020980835,0.6236363053321838,-3.009999990463257,-0.8349999785423279
362,-2.9170002937316895,0.10714941471815109,-3.0899999141693115,-2.6700000762939453
363,-2.7130000591278076,0.6455238461494446,-3.2799999713897705,-0.8399999737739563
364,-2.68149995803833,0.7975839972496033,-3.130000114440918,-0.3149999976158142
365,-2.5300002098083496,0.8593950867652893,-3.140000104904175,2.220446049250313e-16
366,-2.307499885559082,1.1875547170639038,-3.0399999618530273,0.6499999761581421
367,-2.886000156402588,0.10772186517715454,-3.049999952316284,-2.690000057220459
368,-2.812000036239624,0.09887362271547318,-3.0,-2.630000114440918
369,-2.4064998626708984,1.2831836938858032,-2.950000047683716,1.434999942779541
370,-2.3429999351501465,0.9858706593513489,-2.990000009536743,-0.3100000023841858
371,-2.884999990463257,0.10499999672174454,-3.0199999809265137,-2.6500000953674316
372,-2.5309996604919434,0.862084150314331,-3.119999885559082,0.019999999552965164
373,-2.6029999256134033,0.6462514996528625,-3.0199999809265137,-0.699999988079071
374,-2.4564998149871826,1.285675048828125,-3.0299999713897705,1.3849999904632568
375,-2.636000156402588,0.8248538970947266,-3.0799999237060547,-0.1899999976158142
376,-2.8970000743865967,0.19026558101177216,-3.3399999141693115,-2.7300000190734863
377,-2.9159996509552,0.10413450747728348,-3.049999952316284,-2.690000057220459
378,-2.501499891281128,0.9921543598175049,-3.009999990463257,0.45500001311302185
379,-2.863999843597412,0.1297844648361206,-3.059999942779541,-2.559999942779541
380,-2.931000232696533,0.09994500875473022,-3.140000104904175,-2.7699999809265137
381,-2.5789999961853027,0.7760083675384521,-2.9100000858306885,-0.25999999046325684
382,-2.8289999961853027,0.07272553443908691,-2.9700000286102295,-2.7200000286102295
383,-2.4590001106262207,1.207993745803833,-3.140000104904175,1.1399999856948853
384,-2.4850001335144043,1.0028856992721558,-3.3499999046325684,-0.2549999952316284
385,-2.8369996547698975,0.14471004903316498,-3.0999999046325684,-2.5999999046325684
386,-2.8419997692108154,0.0871550515294075,-2.9800000190734863,-2.680000066757202
387,-2.7195000648498535,0.6544327139854431,-3.0899999141693115,-0.7749999761581421
388,-1.7204999923706055,1.8128892183303833,-3.0,1.4550000429153442
389,-2.8249998092651367,0.11706838011741638,-2.990000009536743,-2.5899999141693115
390,-2.3379998207092285,1.1510130167007446,-3.069999933242798,0.13500000536441803
391,-2.2214999198913574,1.2997462749481201,-3.069999933242798,0.8849999904632568
392,-2.867000102996826,0.10964031517505646,-3.049999952316284,-2.7200000286102295
393,-2.3994998931884766,1.2699142694473267,-3.0799999237060547,1.3849999904632568
394,-2.8239998817443848,0.24795964360237122,-3.059999942779541,-2.1500000953674316
395,-2.9000000953674316,0.12058191001415253,-3.069999933242798,-2.6600000858306885
396,-2.447999954223633,1.2548210620880127,-3.130000114440918,1.2799999713897705
397,-2.6419999599456787,0.5900474786758423,-2.9600000381469727,-0.8899999856948853
398,-2.6075000762939453,0.7121841311454773,-3.200000047683716,-0.5350000262260437
399,-2.5370001792907715,0.9290645718574524,-3.069999933242798,0.20000000298023224
400,-2.8329999446868896,0.16911828517913818,-3.069999933242798,-2.4700000286102295
401,-2.623000144958496,0.9555841684341431,-3.140000104904175,0.2199999988079071
402,-2.865999937057495,0.13632316887378693,-3.130000114440918,-2.6600000858306885
403,-2.2029998302459717,1.3528861999511719,-2.9600000381469727,0.6800000071525574
404,-2.4010000228881836,0.8781309723854065,-3.009999990463257,-0.42500001192092896
405,-2.8949999809265137,0.12870511412620544,-3.1600000858306885,-2.7200000286102295
406,-2.934999942779541,0.12322740256786346,-3.069999933242798,-2.690000057220459
407,-2.444000244140625,0.8698988556861877,-3.0899999141693115,-0.6800000071525574
408,-2.434499979019165,0.8783918619155884,-3.059999942779541,-0.6050000190734863
409,-2.7174999713897705,0.724228024482727,-3.190000057220459,-0.5849999785423279
410,-2.6599998474121094,0.8685965538024902,-3.130000114440918,-0.07000000029802322
411,-2.6575000286102295,0.8418944478034973,-3.2699999809265137,-0.20499999821186066
412,-2.9080002307891846,0.0489489920437336,-2.9600000381469727,-2.819999933242798
413,-2.9170000553131104,0.10010495036840439,-3.049999952316284,-2.75
414,-2.3305001258850098,1.000675916671753,-2.9600000381469727,-0.125
415,-2.5935001373291016,0.8507409691810608,-3.0399999618530273,-0.054999999701976776
416,-2.1045002937316895,1.661238193511963,-3.0399999618530273,1.4800000190734863
417,-2.253000020980835,0.9553460478782654,-2.9700000286102295,-0.6349999904632568
418,-2.6575000286102295,0.7615551352500916,-3.130000114440918,-0.4050000011920929
419,-1.9594999551773071,1.3865972757339478,-3.109999895095825,1.2300000190734863
420,-2.8899998664855957,0.0941275805234909,-3.069999933242798,-2.7799999713897705
421,-2.2754998207092285,1.1825237274169922,-3.0999999046325684,0.7300000190734863
422,-2.3580000400543213,1.1394959688186646,-3.130000114440918,0.07500000298023224
423,-2.828000068664551,0.15464797616004944,-3.009999990463257,-2.4700000286102295
424,-2.5174999237060547,0.9182462692260742,-3.0399999618530273,0.20499999821186066
425,-2.8899998664855957,0.12099584192037582,-3.069999933242798,-2.740000009536743
426,-2.4784998893737793,0.9589160680770874,-3.109999895095825,-0.41999998688697815
427,-2.634000062942505,0.7862086892127991,-3.0399999618530273,-0.30000001192092896
428,-2.0995001792907715,1.3407655954360962,-3.069999933242798,1.149999976158142
429,-2.620500087738037,0.7147042751312256,-3.0999999046325684,-0.5049999952316284
430,-2.8409996032714844,0.09246080368757248,-2.990000009536743,-2.7100000381469727
431,-2.629499912261963,0.6535536050796509,-3.069999933242798,-0.6949999928474426
432,-2.7125000953674316,0.651648759841919,-3.2100000381469727,-0.8050000071525574
433,-2.492999792098999,0.8705751299858093,-2.950000047683716,0.029999999329447746
434,-2.6009998321533203,0.9277656078338623,-3.0399999618530273,0.1599999964237213
435,-1.8964999914169312,1.5348551273345947,-3.0399999618530273,1.5499999523162842
436,-2.5785000324249268,0.8072237968444824,-3.0799999237060547,-0.19499999284744263
437,-2.449000120162964,0.7952760457992554,-3.0,-0.7749999761581421
438,-2.815000057220459,0.14813847839832306,-3.0299999713897705,-2.559999942779541
439,-2.2059998512268066,1.3692841529846191,-3.059999942779541,1.4249999523162842
440,-2.441500186920166,1.011296272277832,-3.0199999809265137,0.5450000166893005
441,-2.685500144958496,0.6136385202407837,-3.069999933242798,-0.875
442,-2.616499900817871,0.7325232028961182,-3.009999990463257,-0.4449999928474426
443,-2.867999792098999,0.12528370320796967,-3.0199999809265137,-2.5899999141693115
444,-2.435500144958496,0.8598734140396118,-2.9600000381469727,-0.5950000286102295
445,-2.56600022315979,0.9647611379623413,-2.990000009536743,0.3199999928474426
446,-2.6050000190734863,0.7545362114906311,-2.950000047683716,-0.36000001430511475
447,-2.361499786376953,1.0210437774658203,-3.109999895095825,-0.26499998569488525
448,-2.696000099182129,0.6311608552932739,-3.130000114440918,-0.8600000143051147
449,-2.864000082015991,0.10641428828239441,-3.009999990463257,-2.6700000762939453
450,-1.8420002460479736,1.2055583000183105,-2.890000104904175,0.4050000011920929
451,-2.3264999389648438,1.3596360683441162,-3.3299999237060547,1.3650000095367432
452,-1.694000005722046,1.8013743162155151,-2.990000009536743,1.4900000095367432
453,-2.2960000038146973,1.0513724088668823,-3.0999999046325684,-0.009999999776482582
454,-2.7084999084472656,0.7345612049102783,-3.0999999046325684,-0.5350000262260437
455,-2.5189995765686035,0.722986102104187,-3.0,-0.3799999952316284
456,-2.0099997520446777,1.175659418106079,-3.0899999141693115,-0.28999999165534973
457,-2.432499885559082,1.192382574081421,-3.069999933242798,1.1050000190734863
458,-2.6604998111724854,0.571027398109436,-2.9000000953674316,-0.9549999833106995
459,-2.000999927520752,1.5793191194534302,-2.950000047683716,1.4900000095367432
460,-2.2890000343322754,0.9390655159950256,-3.049999952316284,-0.7049999833106995
461,-2.1424999237060547,1.1888508796691895,-3.190000057220459,-0.17499999701976776
462,-2.2669999599456787,1.2545839548110962,-3.130000114440918,1.149999976158142
463,-2.4074997901916504,1.002699375152588,-3.0799999237060547,-0.1599999964237213
464,-2.0805001258850098,1.4643607139587402,-3.1700000762939453,1.4600000381469727
465,-2.256999969482422,0.9642178416252136,-3.0,-0.38499999046325684
466,-1.343000054359436,1.579023838043213,-3.0,1.5449999570846558
467,-2.5395004749298096,1.0423301458358765,-3.0299999713897705,0.574999988079071
468,-1.8479998111724854,1.329857587814331,-3.1500000953674316,0.1599999964237213
469,-2.616499900817871,0.6421294212341309,-3.0999999046325684,-0.7649999856948853
470,-2.2730000019073486,1.382223129272461,-3.0999999046325684,1.4199999570846558
471,-2.6540000438690186,0.6203740835189819,-2.9600000381469727,-0.8100000023841858
472,-2.1465001106262207,1.3270646333694458,-3.0199999809265137,0.9300000071525574
473,-1.8760000467300415,1.3098888397216797,-3.049999952316284,-0.03500000014901161
474,-2.577000141143799,0.7483989596366882,-2.9800000190734863,-0.3499999940395355
475,-2.49399995803833,0.6715534329414368,-2.990000009536743,-0.6000000238418579
476,-2.8269999027252197,0.19131389260292053,-3.140000104904175,-2.5799999237060547
477,-2.317500114440918,1.0366225242614746,-3.0999999046325684,-0.11999999731779099
478,-2.0985000133514404,1.4193027019500732,-2.9700000286102295,1.434999942779541
479,-2.4714999198913574,1.1871142387390137,-3.0799999237060547,1.0750000476837158
480,-2.562000036239624,0.905834436416626,-3.049999952316284,0.14000000059604645
481,-2.9230000972747803,0.13468855619430542,-3.1600000858306885,-2.759999990463257
482,-1.9490001201629639,1.4762212038040161,-3.0799999237060547,1.4800000190734863
483,-2.503499984741211,1.1230494976043701,-3.1600000858306885,0.8349999785423279
484,-2.8289999961853027,0.12565430998802185,-3.0199999809265137,-2.619999885559082
485,-2.1575000286102295,1.1040136814117432,-3.109999895095825,-0.04500000178813934
486,-2.244499921798706,1.36624014377594,-3.0999999046325684,1.1799999475479126
487,-2.626499891281128,0.5470925569534302,-3.059999942779541,-1.0549999475479126
488,-2.301500082015991,1.0983397960662842,-3.0799999237060547,0.1550000011920929
489,-1.9179998636245728,1.4733061790466309,-2.9800000190734863,1.4950000047683716
490,-2.2195000648498535,1.3676704168319702,-3.059999942779541,1.0850000381469727
491,-2.129499912261963,1.3057804107666016,-2.930000066757202,1.090000033378601
492,-2.6694998741149902,0.6988005638122559,-3.069999933242798,-0.6050000190734863
493,-2.62250018119812,0.684891402721405,-2.9600000381469727,-0.5849999785423279
494,-1.7934999465942383,1.7291603088378906,-3.0999999046325684,1.524999976158142
495,-2.1685001850128174,1.266282081604004,-2.940000057220459,1.0950000286102295
496,-2.3989999294281006,0.9668138027191162,-3.2200000286102295,-0.4699999988079071
497,-2.5160000324249268,0.7930094003677368,-3.130000114440918,-0.2199999988079071
498,-1.7675001621246338,1.5801982879638672,-2.990000009536743,0.8100000023841858
499,-2.8380002975463867,0.11311940103769302,-3.009999990463257,-2.690000057220459
500,-2.308000087738037,1.030929684638977,-3.049999952316284,0.28999999165534973
501,-2.575500011444092,1.0179057121276855,-3.130000114440918,0.45500001311302185
502,-1.468000054359436,1.6027668714523315,-2.9100000858306885,1.3849999904632568
503,-2.0835001468658447,1.125126838684082,-3.049999952316284,-0.05999999865889549
504,-1.9954999685287476,1.4633121490478516,-2.9600000381469727,1.5449999570846558
505,-2.45300030708313,1.0847493410110474,-2.9700000286102295,0.7699999809265137
506,-2.237499952316284,1.2046561241149902,-3.109999895095825,0.2849999964237213
507,-2.427000045776367,0.9443071484565735,-3.190000057220459,-0.32499998807907104
508,-2.015500068664551,1.2076059579849243,-2.880000114440918,0.6899999976158142
509,-2.246500015258789,1.1619467735290527,-3.0999999046325684,0.5149999856948853
510,-2.5844998359680176,0.7130303382873535,-3.0399999618530273,-0.4749999940395355
511,-1.9444999694824219,1.4091352224349976,-3.0399999618530273,0.8399999737739563
512,-2.373999834060669,1.0355284214019775,-3.0199999809265137,0.03500000014901161
513,-1.9329999685287476,1.4213712215423584,-2.950000047683716,1.215000033378601
514,-2.832000255584717,0.11948219686746597,-3.069999933242798,-2.680000066757202
515,-2.0339999198913574,1.1703455448150635,-3.049999952316284,-0.09000000357627869
516,-1.8365001678466797,1.5435091257095337,-3.0399999618530273,1.0850000381469727
517,-2.5304999351501465,0.9191475510597229,-3.0999999046325684,0.17499999701976776
518,-1.556999921798706,1.4977067708969116,-3.0399999618530273,0.75
519,-2.195000171661377,1.1546125411987305,-3.049999952316284,-0.1850000023841858
520,-1.7730000019073486,1.4587584733963013,-3.119999885559082,1.125
521,-2.072499990463257,1.2884821891784668,-3.0199999809265137,0.38999998569488525
522,-2.815999984741211,0.1811739206314087,-3.109999895095825,-2.5299999713897705
523,-1.9230000972747803,1.202239990234375,-3.0999999046325684,0.3100000023841858
524,-2.056999921798706,1.335404872894287,-3.1600000858306885,0.29499998688697815
525,-2.514000177383423,0.943347156047821,-3.0199999809265137,0.30000001192092896
526,-2.6579997539520264,0.7642878293991089,-3.069999933242798,-0.38999998569488525
527,-1.8525002002716064,1.3582032918930054,-3.130000114440918,0.7049999833106995
528,-2.7569997310638428,0.1057402491569519,-2.9600000381469727,-2.619999885559082
529,-2.2925000190734863,1.2450687885284424,-3.3499999046325684,0.699999988079071
530,-2.559499979019165,0.7891465425491333,-3.0999999046325684,-0.24500000476837158
531,-1.9489997625350952,1.5221346616744995,-3.069999933242798,1.4950000047683716
532,-2.304500102996826,1.1578092575073242,-3.0999999046325684,0.03500000014901161
533,-2.319000005722046,1.0782434940338135,-3.049999952316284,0.23999999463558197
534,-1.8259999752044678,1.5381544828414917,-3.049999952316284,1.434999942779541
535,-1.9739999771118164,1.4144694805145264,-3.0999999046325684,1.059999942779541
536,-2.3515000343322754,0.9433982372283936,-3.009999990463257,-0.02500000037252903
537,-1.7135000228881836,1.4002089500427246,-3.0299999713897705,0.5649999976158142
538,-2.301499843597412,1.0165629386901855,-3.069999933242798,-0.30000001192092896
539,-1.1495001316070557,1.7020421028137207,-3.0399999618530273,1.399999976158142
540,-2.6075000762939453,0.8048641681671143,-3.130000114440918,-0.23499999940395355
541,-2.819000005722046,0.0982293039560318,-2.930000066757202,-2.640000104904175
542,-2.2939999103546143,1.1442372798919678,-2.9600000381469727,0.675000011920929
543,-1.184000015258789,1.8657301664352417,-3.009999990463257,1.4850000143051147
544,-1.7869999408721924,1.6048429012298584,-2.990000009536743,1.4199999570846558
545,-2.5840001106262207,0.748494565486908,-2.9700000286102295,-0.3700000047683716
546,-2.565999984741211,0.8159804344177246,-3.0799999237060547,-0.20000000298023224
547,-2.0919997692108154,1.2739076614379883,-3.490000009536743,0.6200000047683716
548,-1.9530000686645508,1.4742612838745117,-3.0799999237060547,1.1449999809265137
549,-2.11299991607666,1.3266181945800781,-3.2200000286102295,0.574999988079071
550,-2.245500087738037,1.1971267461776733,-3.059999942779541,0.3499999940395355
551,-1.785499930381775,1.5411885976791382,-2.9700000286102295,1.100000023841858
552,-2.0435001850128174,1.2942527532577515,-3.049999952316284,0.3400000035762787
553,-2.2260000705718994,1.0717761516571045,-3.069999933242798,0.019999999552965164
554,-1.8989999294281006,1.6057689189910889,-3.2899999618530273,1.1150000095367432
555,-2.176999807357788,1.136730432510376,-3.0399999618530273,-0.07500000298023224
556,-2.180999994277954,1.315911889076233,-2.940000057220459,0.7950000166893005
557,-2.3259997367858887,1.0364187955856323,-3.0399999618530273,-0.23000000417232513
558,-2.0719997882843018,1.289639949798584,-3.1600000858306885,0.6800000071525574
559,-2.5869998931884766,0.8376401662826538,-3.130000114440918,-0.11999999731779099
560,-2.252999782562256,1.0298961400985718,-3.0399999618530273,-0.20499999821186066
561,-2.0490000247955322,1.524268388748169,-2.930000066757202,1.4850000143051147
562,-1.7404998540878296,1.3259307146072388,-2.9100000858306885,0.6000000238418579
563,-1.778999924659729,1.6382687091827393,-2.9800000190734863,1.534999966621399
564,-1.660500168800354,1.4356330633163452,-3.0999999046325684,0.5899999737739563
565,-1.5729999542236328,1.6205095052719116,-3.0399999618530273,1.4550000429153442
566,-1.9219999313354492,1.5450893640518188,-3.059999942779541,1.2599999904632568
567,-1.6644999980926514,1.5055968761444092,-2.9800000190734863,1.190000057220459
568,-1.9205000400543213,1.4342113733291626,-2.990000009536743,0.949999988079071
569,-2.445000171661377,0.9063580632209778,-3.309999942779541,-0.36000001430511475
570,-1.7925001382827759,1.5863783359527588,-2.9200000762939453,1.524999976158142
571,-2.4079999923706055,0.9770369529724121,-2.990000009536743,-0.22499999403953552
572,-2.1374998092651367,1.4265013933181763,-2.950000047683716,0.7950000166893005
573,-2.1470000743865967,1.2955291271209717,-2.930000066757202,0.8450000286102295
574,-1.9264999628067017,1.4373971223831177,-2.9600000381469727,1.3650000095367432
575,-2.4630000591278076,1.1584908962249756,-3.140000104904175,0.9800000190734863
576,-1.878000020980835,1.6917554140090942,-3.0199999809265137,1.4800000190734863
577,-2.4040000438690186,0.9004132151603699,-3.009999990463257,0.2199999988079071
578,-2.3480000495910645,0.9762254357337952,-3.069999933242798,2.220446049250313e-16
579,-2.2664999961853027,1.0775158405303955,-2.9800000190734863,-0.03999999910593033
580,-2.186000108718872,1.432844638824463,-3.130000114440918,1.5700000524520874
581,-2.552999973297119,0.7402844429016113,-3.0399999618530273,-0.38999998569488525
582,-2.4640002250671387,0.9191974997520447,-3.059999942779541,0.25999999046325684
583,-2.1460001468658447,1.0824503898620605,-3.0999999046325684,-0.054999999701976776
584,-1.8329998254776,1.3105632066726685,-3.069999933242798,0.2800000011920929
585,-1.9635000228881836,1.5826071500778198,-3.1600000858306885,1.565000057220459
586,-2.4900002479553223,1.1199284791946411,-3.25,0.8299999833106995
587,-1.8960001468658447,1.3773304224014282,-2.859999895095825,1.1649999618530273
588,-2.2149996757507324,1.13322114944458,-3.0299999713897705,0.5450000166893005
589,-1.90850031375885,1.4943578243255615,-3.049999952316284,0.7749999761581421
590,-2.115000009536743,1.5183889865875244,-3.109999895095825,1.4900000095367432
591,-1.9450000524520874,1.1687942743301392,-3.0399999618530273,0.04500000178813934
592,-1.6740000247955322,1.4462482929229736,-3.0999999046325684,1.065000057220459
593,-2.3364999294281006,0.9587023258209229,-3.009999990463257,-0.10000000149011612
594,-2.1554999351501465,1.1912691593170166,-3.0999999046325684,0.14000000059604645
595,-2.057999849319458,1.4057296514511108,-3.009999990463257,1.3200000524520874
596,-1.6330000162124634,1.4599369764328003,-2.990000009536743,1.2050000429153442
597,-1.9669997692108154,1.4142050743103027,-3.1500000953674316,0.9449999928474426
598,-2.1670002937316895,1.5070371627807617,-3.119999885559082,1.4800000190734863
599,-2.0929999351501465,1.2034475803375244,-2.930000066757202,0.5950000286102295
600,-1.9514999389648438,1.3110798597335815,-2.940000057220459,0.9900000095367432
601,-2.123500108718872,1.4370769262313843,-3.1700000762939453,1.524999976158142
602,-2.1654999256134033,0.9506483674049377,-2.9700000286102295,-0.3100000023841858
603,-1.7529999017715454,1.4178138971328735,-3.130000114440918,1.024999976158142
604,-2.200000047683716,1.0519601106643677,-2.990000009536743,-0.17000000178813934
605,-1.5820000171661377,1.6005815267562866,-2.990000009536743,1.4700000286102295
606,-1.8669999837875366,1.1433048248291016,-2.930000066757202,-0.05999999865889549
607,-1.2639999389648438,1.6341263055801392,-2.9000000953674316,1.3949999809265137
608,-1.784000039100647,1.3118246793746948,-2.9600000381469727,0.05999999865889549
609,-2.3575000762939453,0.8931216597557068,-3.130000114440918,-0.5
610,-2.4665000438690186,0.8537566065788269,-3.1500000953674316,-0.6650000214576721
611,-2.0300002098083496,1.0964305400848389,-3.1600000858306885,-0.009999999776482582
612,-1.9520000219345093,1.495306372642517,-3.0399999618530273,0.9350000023841858
613,-2.0950000286102295,1.2739465236663818,-3.0199999809265137,0.8149999976158142
614,-1.9649999141693115,1.4932079315185547,-3.4700000286102295,1.0800000429153442
615,-2.3445000648498535,0.9885354042053223,-3.0199999809265137,-0.16500000655651093
616,-2.507999897003174,0.8929815888404846,-3.049999952316284,0.12999999523162842
617,-2.4700000286102295,0.9395743608474731,-3.259999990463257,0.20999999344348907
618,-2.254999876022339,1.1973073482513428,-2.950000047683716,0.7200000286102295
619,-1.4570001363754272,1.4847913980484009,-3.0999999046325684,1.524999976158142
620,-2.2169997692108154,1.1465344429016113,-3.0299999713897705,0.4300000071525574
621,-2.0815000534057617,1.2795624732971191,-3.1600000858306885,0.925000011920929
622,-2.6655001640319824,0.7120338678359985,-3.0,-0.5350000262260437
623,-2.0290000438690186,1.1071648597717285,-3.1500000953674316,0.03500000014901161
624,-1.8424999713897705,1.2341196537017822,-2.930000066757202,-0.13500000536441803
625,-2.859999895095825,0.09726253896951675,-3.009999990463257,-2.7200000286102295
626,-1.0829999446868896,1.7131187915802002,-2.869999885559082,1.3949999809265137
627,-1.9935001134872437,1.2998309135437012,-3.0399999618530273,0.5699999928474426
628,-1.9490001201629639,1.3934001922607422,-2.930000066757202,0.5450000166893005
629,-2.308500051498413,1.0936545133590698,-3.009999990463257,0.16500000655651093
630,-2.0215001106262207,1.3550351858139038,-3.109999895095825,0.49000000953674316
631,-1.6915000677108765,1.648522138595581,-3.0399999618530273,1.4249999523162842
632,-2.561999797821045,0.7522074580192566,-3.0199999809265137,-0.33000001311302185
633,-2.644500255584717,0.682782769203186,-3.009999990463257,-0.6549999713897705
634,-1.2845001220703125,1.6995373964309692,-3.0999999046325684,1.465000033378601
635,-1.5714998245239258,1.4590734243392944,-3.0199999809265137,0.7950000166893005
636,-1.994499921798706,1.4803284406661987,-3.0199999809265137,1.475000023841858
637,-2.298499822616577,1.0958970785140991,-2.9800000190734863,0.4000000059604645
638,-1.9469999074935913,1.188421607017517,-3.0,0.3050000071525574
639,-2.17900013923645,1.2725521326065063,-2.950000047683716,0.7099999785423279
640,-2.384500026702881,0.9307267069816589,-3.0799999237060547,-0.44999998807907104
641,-1.8899999856948853,1.4123384952545166,-3.0399999618530273,1.0099999904632568
642,-2.1694998741149902,1.1233775615692139,-3.049999952316284,0.014999999664723873
643,-2.015000104904175,1.5045198202133179,-3.0999999046325684,1.534999966621399
644,-1.7314999103546143,1.4237539768218994,-2.9800000190734863,1.184999942779541
645,-1.5379998683929443,1.4689011573791504,-2.859999895095825,1.4850000143051147
646,-2.357999801635742,0.9130229353904724,-2.940000057220459,-0.2750000059604645
647,-2.2715001106262207,0.848015546798706,-2.9000000953674316,-0.41999998688697815
648,-2.0845000743865967,1.4714490175247192,-3.069999933242798,1.534999966621399
649,-2.551999807357788,0.6105866432189941,-2.950000047683716,-0.75
650,-1.9179999828338623,1.3436074256896973,-2.9600000381469727,0.5450000166893005
651,-2.0894999504089355,1.2505327463150024,-3.069999933242798,0.42500001192092896
652,-1.7135000228881836,1.5059782266616821,-3.0199999809265137,1.3600000143051147
653,-1.587499976158142,1.5288807153701782,-2.930000066757202,1.0499999523162842
654,-2.452000141143799,0.9731680750846863,-2.940000057220459,0.4300000071525574
655,-1.7850000858306885,1.4382245540618896,-2.8399999141693115,1.1649999618530273
656,-1.8514999151229858,1.5934978723526,-3.0899999141693115,1.524999976158142
657,-1.7244999408721924,1.45708167552948,-2.9800000190734863,0.6650000214576721
658,-1.785500168800354,1.6397064924240112,-3.2200000286102295,1.534999966621399
659,-2.071000099182129,1.5222183465957642,-3.3299999237060547,1.2000000476837158
660,-2.302999973297119,1.0414226055145264,-2.9600000381469727,0.20000000298023224
661,-1.8209998607635498,1.4876370429992676,-2.869999885559082,1.2549999952316284
662,-2.359999895095825,1.3077384233474731,-3.7100000381469727,0.3100000023841858
663,-1.8974997997283936,1.4048188924789429,-2.930000066757202,0.5899999737739563
664,-2.2699999809265137,0.9559707641601562,-3.1600000858306885,-0.5600000023841858
665,-2.1484999656677246,1.1973973512649536,-3.200000047683716,-0.0949999988079071
666,-1.44350004196167,1.7486238479614258,-3.2899999618530273,1.4550000429153442
667,-1.0350000858306885,1.4472784996032715,-2.869999885559082,1.25
668,-2.063999891281128,1.2258706092834473,-2.859999895095825,0.45500001311302185
669,-2.484999895095825,0.7087630033493042,-2.880000114440918,-0.41999998688697815
670,-2.3010001182556152,1.1102180480957031,-2.9700000286102295,0.2549999952316284
671,-2.3289999961853027,0.7975801229476929,-2.990000009536743,-0.5649999976158142
672,-2.067500114440918,1.2444742918014526,-3.0299999713897705,0.5600000023841858
673,-1.5399999618530273,1.646965503692627,-3.069999933242798,1.4850000143051147
674,-1.9605000019073486,1.3603904247283936,-3.049999952316284,1.0499999523162842
675,-2.57099986076355,0.844007670879364,-3.0399999618530273,-0.05999999865889549
676,-1.9194999933242798,1.3879380226135254,-2.9200000762939453,1.0399999618530273
677,-1.8889999389648438,1.5094929933547974,-2.9800000190734863,1.5099999904632568
678,-2.108999729156494,1.1927547454833984,-3.0999999046325684,-0.05999999865889549
679,-2.059999942779541,1.2894824743270874,-2.990000009536743,0.4449999928474426
680,-2.05400013923645,1.139363408088684,-3.0199999809265137,0.2849999964237213
681,-1.6094999313354492,1.6463831663131714,-3.009999990463257,1.4850000143051147
682,-1.994499921798706,1.2634247541427612,-3.0199999809265137,0.3499999940395355
683,-1.6075000762939453,1.3170123100280762,-3.0999999046325684,0.7149999737739563
684,-1.568000078201294,1.5059584379196167,-2.990000009536743,1.4199999570846558
685,-2.117499828338623,1.0489691495895386,-3.069999933242798,-0.2150000035762787
686,-2.318499803543091,0.9297151565551758,-3.069999933242798,-0.33000001311302185
687,-2.0989999771118164,1.0966876745224,-2.9200000762939453,-0.14499999582767487
688,-1.5315001010894775,1.6570396423339844,-2.9800000190734863,1.440000057220459
689,-2.2820000648498535,1.2278807163238525,-3.069999933242798,0.26499998569488525
690,-2.010499954223633,1.3333537578582764,-3.049999952316284,0.8399999737739563
691,-1.6124999523162842,1.572515845298767,-2.990000009536743,1.434999942779541
692,-1.562999963760376,1.5209194421768188,-2.869999885559082,1.1699999570846558
693,-1.9775002002716064,1.3141484260559082,-2.990000009536743,1.1100000143051147
694,-1.9314998388290405,1.5007432699203491,-3.0799999237060547,1.2699999809265137
695,-1.9845001697540283,1.3289742469787598,-3.009999990463257,0.8799999952316284
696,-2.825000047683716,0.24009375274181366,-3.4100000858306885,-2.569999933242798
697,-1.9674999713897705,1.4451682567596436,-3.119999885559082,1.4249999523162842
698,-1.343999981880188,1.5783405303955078,-2.9600000381469727,1.3650000095367432
699,-1.9739999771118164,1.458632469177246,-3.0899999141693115,1.0750000476837158
700,-1.837499976158142,1.2421720027923584,-2.9600000381469727,0.7850000262260437
701,-1.160500168800354,1.7853703498840332,-3.1700000762939453,1.1549999713897705
702,-1.9579999446868896,1.394525408744812,-3.0999999046325684,1.3849999904632568
703,-2.1545000076293945,1.2076432704925537,-3.069999933242798,-0.23499999940395355
704,-1.3314999341964722,1.7495027780532837,-2.869999885559082,1.350000023841858
705,-2.2279999256134033,1.2337812185287476,-3.309999942779541,0.4099999964237213
706,-1.6634998321533203,1.739190936088562,-2.869999885559082,1.2350000143051147
707,-2.1690001487731934,1.2971001863479614,-2.9200000762939453,1.159999966621399
708,-1.6780000925064087,1.2947204113006592,-2.990000009536743,1.090000033378601
709,-1.0550000667572021,1.8080320358276367,-3.0399999618530273,1.5199999809265137
710,-1.8795000314712524,1.5324904918670654,-3.0,1.1749999523162842
711,-1.4739999771118164,1.6039135456085205,-2.9200000762939453,1.2000000476837158
712,-1.7709999084472656,1.0996062755584717,-2.9700000286102295,-0.18000000715255737
713,-2.0245001316070557,1.2099967002868652,-3.009999990463257,0.8399999737739563
714,-1.7829999923706055,1.4183990955352783,-3.0999999046325684,0.875
715,-1.3619999885559082,1.6336771249771118,-2.8399999141693115,1.2999999523162842
716,-2.138000011444092,1.146907091140747,-3.0399999618530273,0.4699999988079071
717,-1.6725000143051147,1.6851130723953247,-3.0399999618530273,1.309999942779541
718,-1.0855000019073486,1.789279818534851,-2.890000104904175,1.5199999809265137
719,-1.6074998378753662,1.5175000429153442,-2.9000000953674316,1.350000023841858
720,-2.432500123977661,1.1805533170700073,-3.0399999618530273,1.0750000476837158
721,-1.7295000553131104,1.629982352256775,-3.069999933242798,1.2999999523162842
722,-1.9900001287460327,1.3165333271026611,-3.0399999618530273,0.7099999785423279
723,-1.496500015258789,1.5953809022903442,-3.009999990463257,1.524999976158142
724,-1.7639999389648438,1.5732256174087524,-3.0799999237060547,1.1950000524520874
725,-1.0519999265670776,1.6045422554016113,-3.0399999618530273,1.4800000190734863
726,-1.1900001764297485,1.6541296243667603,-3.009999990463257,1.3049999475479126
727,-1.0714999437332153,1.8434085845947266,-2.9800000190734863,1.565000057220459
728,-1.4465000629425049,1.6468000411987305,-2.990000009536743,1.5099999904632568
729,-1.875,1.3237183094024658,-3.0199999809265137,1.274999976158142
730,-1.8530000448226929,1.1235105991363525,-3.119999885559082,-0.29499998688697815
731,-1.3904999494552612,1.6480845212936401,-2.9600000381469727,1.5700000524520874
732,-1.7564998865127563,1.2461782693862915,-3.0199999809265137,0.8050000071525574
733,-1.7915000915527344,1.167685866355896,-3.0399999618530273,0.06499999761581421
734,-2.057500123977661,1.3280912637710571,-2.9200000762939453,1.0950000286102295
735,-1.3774999380111694,1.6162647008895874,-3.4100000858306885,1.024999976158142
736,-1.7564998865127563,1.5095646381378174,-3.049999952316284,1.524999976158142
737,-1.5264999866485596,1.6383315324783325,-3.1600000858306885,1.4049999713897705
738,-2.429999828338623,0.871446967124939,-3.109999895095825,-0.3799999952316284
739,-2.0739998817443848,1.1876232624053955,-3.049999952316284,0.20000000298023224
740,-2.0339999198913574,1.2188637256622314,-3.009999990463257,0.04500000178813934
741,-1.900499701499939,1.2522048950195312,-3.0399999618530273,0.15000000596046448
742,-1.6040000915527344,1.567226529121399,-2.9700000286102295,1.5299999713897705
743,-0.8694999814033508,1.7743991613388062,-2.990000009536743,1.5049999952316284
744,-1.7695000171661377,1.1790874004364014,-2.9800000190734863,-0.20499999821186066
745,-1.7325000762939453,1.5378836393356323,-2.930000066757202,1.5399999618530273
746,-1.2079999446868896,1.8172619342803955,-3.0999999046325684,1.4900000095367432
747,-1.5210000276565552,1.6724663972854614,-3.0999999046325684,1.5149999856948853
748,-1.7334998846054077,1.3264540433883667,-2.9800000190734863,0.3700000047683716
749,-1.6440000534057617,1.5519211292266846,-2.9600000381469727,1.2200000286102295
750,-1.8009999990463257,1.2449032068252563,-2.9600000381469727,0.33500000834465027
751,-1.4890000820159912,1.7480229139328003,-3.009999990463257,1.4900000095367432
752,-1.6594998836517334,1.6098175048828125,-3.140000104904175,1.5399999618530273
753,-1.3030000925064087,1.668459177017212,-3.2300000190734863,1.215000033378601
754,-1.6004998683929443,1.4250410795211792,-2.809999942779541,0.8149999976158142
755,-1.75,1.660085678100586,-2.9600000381469727,1.315000057220459
756,-1.8865000009536743,1.4192075729370117,-2.9000000953674316,1.3250000476837158
757,-2.2184998989105225,1.3969323635101318,-3.0999999046325684,1.3200000524520874
758,-2.0379998683929443,1.1410789489746094,-3.0399999618530273,-0.125
759,-1.4459998607635498,1.6989729404449463,-3.0,1.3049999475479126
760,-1.2905000448226929,1.8256101608276367,-2.940000057220459,1.2549999952316284
761,-1.4964998960494995,1.660409688949585,-3.059999942779541,1.4299999475479126
762,-1.6410000324249268,1.3790373802185059,-3.0399999618530273,0.41999998688697815
763,-1.3940000534057617,1.625838041305542,-3.2200000286102295,0.9300000071525574
764,-1.3914998769760132,1.849787712097168,-3.069999933242798,1.440000057220459
765,-0.8405000567436218,1.7528624534606934,-3.240000009536743,1.4249999523162842
766,-1.6119998693466187,1.456949234008789,-2.9200000762939453,1.2200000286102295
767,-2.0875000953674316,0.9842948317527771,-2.880000114440918,-0.5
768,-2.453000068664551,0.7302197813987732,-2.9600000381469727,-0.4000000059604645
769,-1.6529998779296875,1.5928891897201538,-3.680000066757202,1.3650000095367432
770,-1.027500033378601,1.8800774812698364,-3.069999933242798,1.434999942779541
771,-1.7529999017715454,1.5888882875442505,-2.9000000953674316,1.465000033378601
772,-2.1430001258850098,1.2438633441925049,-3.0399999618530273,0.6050000190734863
773,-1.2959998846054077,1.8963382244110107,-2.940000057220459,1.3799999952316284
774,-1.3075001239776611,1.6706874370574951,-3.009999990463257,1.5
775,-0.9959999918937683,1.9589993953704834,-3.069999933242798,1.5700000524520874
776,-1.6399999856948853,1.5361038446426392,-3.069999933242798,1.4800000190734863
777,-1.4139999151229858,1.6809964179992676,-3.0399999618530273,1.5449999570846558
778,-1.1945000886917114,1.9873870611190796,-3.0,1.5549999475479126
779,-1.6019999980926514,1.6263335943222046,-2.930000066757202,1.3450000286102295
780,-1.3274999856948853,1.8427062034606934,-2.890000104904175,1.4800000190734863
781,-1.9420000314712524,1.3056840896606445,-2.940000057220459,0.8899999856948853
782,-1.3569999933242798,1.4857239723205566,-2.9600000381469727,0.8899999856948853
783,-1.2790000438690186,1.4872487783432007,-3.0399999618530273,1.25
784,-0.9890000224113464,1.5209565162658691,-2.869999885559082,1.534999966621399
785,-1.8740001916885376,1.378175973892212,-2.890000104904175,1.1150000095367432
786,-1.4500000476837158,1.5094287395477295,-3.130000114440918,1.4199999570846558
787,-1.3420000076293945,1.659031629562378,-2.9100000858306885,1.4249999523162842
788,-1.9700000286102295,1.3513031005859375,-3.0999999046325684,0.9399999976158142
789,-1.7920000553131104,1.3343241214752197,-3.0399999618530273,0.6499999761581421
790,-0.7689999341964722,1.705989122390747,-2.950000047683716,1.2799999713897705
791,-1.1225000619888306,1.7395793199539185,-2.9600000381469727,1.5549999475479126
792,-1.9544998407363892,1.4584211111068726,-3.049999952316284,0.7149999737739563
793,-2.1465001106262207,1.2474174499511719,-2.950000047683716,0.5450000166893005
794,-0.8520000576972961,1.769692301750183,-3.0399999618530273,1.5149999856948853
795,-1.4785001277923584,1.7898603677749634,-3.0199999809265137,1.4900000095367432
796,-1.1059999465942383,1.4857604503631592,-2.890000104904175,1.475000023841858
797,-1.84499990940094,1.058281660079956,-2.9700000286102295,0.1550000011920929
798,-1.3589999675750732,1.6235111951828003,-3.069999933242798,1.434999942779541
799,-1.6955000162124634,1.5000624656677246,-2.880000114440918,1.0950000286102295
800,-1.6334998607635498,1.5278531312942505,-2.9600000381469727,1.1649999618530273
801,-1.184999942779541,1.5882207155227661,-2.8499999046325684,1.465000033378601
802,-1.535499930381775,1.6367902755737305,-3.009999990463257,1.409999966621399
803,-1.0145000219345093,1.6447392702102661,-3.0199999809265137,1.4850000143051147
804,-1.781999945640564,1.497748613357544,-3.009999990463257,0.9350000023841858
805,-1.573000192642212,1.6592365503311157,-3.2100000381469727,1.2350000143051147
806,-1.752000093460083,1.4906980991363525,-3.130000114440918,1.475000023841858
807,-1.183500051498413,1.9180108308792114,-3.6500000953674316,1.524999976158142
808,-0.856499969959259,1.8887298107147217,-3.3399999141693115,1.5499999523162842
809,-1.7510000467300415,1.4837549924850464,-3.309999942779541,1.1200000047683716
810,-1.9520000219345093,1.3866040706634521,-2.890000104904175,1.4049999713897705
811,-2.2355000972747803,1.1744199991226196,-2.9800000190734863,0.8450000286102295
812,-1.1804999113082886,1.7668594121932983,-2.990000009536743,1.4800000190734863
813,-1.878499984741211,1.4471663236618042,-2.9200000762939453,0.6399999856948853
814,-1.564500093460083,1.6578561067581177,-3.1500000953674316,1.274999976158142
815,-1.3860000371932983,1.2119154930114746,-2.950000047683716,0.3449999988079071
816,-1.655500054359436,1.3320443630218506,-2.859999895095825,1.024999976158142
817,-1.2949999570846558,1.7384432554244995,-2.890000104904175,1.5
818,-1.556999921798706,1.7726014852523804,-2.9000000953674316,1.440000057220459
819,-1.2370001077651978,1.6046218872070312,-2.8499999046325684,1.3450000286102295
820,-1.321000099182129,1.6759992837905884,-3.0399999618530273,1.3550000190734863
821,-0.9655000567436218,1.8561687469482422,-2.890000104904175,1.5499999523162842
822,-1.562999963760376,1.5195988416671753,-3.25,0.9549999833106995
823,-1.535499930381775,1.6063770055770874,-2.869999885559082,1.3949999809265137
824,-1.339500069618225,1.7966725826263428,-2.930000066757202,1.315000057220459
825,-1.805999755859375,1.1761159896850586,-2.8299999237060547,0.23499999940395355
826,-1.0264999866485596,1.7816762924194336,-2.940000057220459,1.4700000286102295
827,-1.030500054359436,1.5522522926330566,-2.799999952316284,1.3949999809265137
828,-2.121999979019165,1.092090129852295,-3.0,-0.25
829,-1.4170000553131104,1.6682178974151611,-2.950000047683716,1.4249999523162842
830,-2.137000322341919,1.2875776290893555,-3.1500000953674316,1.034999966621399
831,-1.5195000171661377,1.5253350734710693,-2.9800000190734863,1.2000000476837158
832,-1.3945000171661377,1.7204787731170654,-2.9200000762939453,1.4450000524520874
833,-1.6124999523162842,1.628267765045166,-2.799999952316284,1.3700000047683716
834,-1.31850004196167,1.7407455444335938,-2.990000009536743,1.2450000047683716
835,-1.4550000429153442,1.7435208559036255,-2.9800000190734863,1.440000057220459
836,-2.0475001335144043,1.1001801490783691,-2.9200000762939453,0.1899999976158142
837,-0.8655000925064087,1.3887934684753418,-3.0299999713897705,1.0
838,-0.949999988079071,1.8358254432678223,-2.9200000762939453,1.475000023841858
839,-1.0684999227523804,1.6303006410598755,-2.940000057220459,1.340000033378601
840,-1.1695001125335693,1.4976239204406738,-2.9200000762939453,1.2200000286102295
841,-1.0179998874664307,1.852892518043518,-2.869999885559082,1.4049999713897705
842,-1.6395000219345093,1.4112555980682373,-2.950000047683716,1.0
843,-1.3939998149871826,1.4197883605957031,-2.930000066757202,0.5550000071525574
844,-1.8669999837875366,1.3792537450790405,-3.0299999713897705,0.5099999904632568
845,-1.621500015258789,1.429585576057434,-2.8499999046325684,1.309999942779541
846,-0.5890000462532043,1.771347999572754,-2.859999895095825,1.475000023841858
847,-1.2920000553131104,1.9127260446548462,-3.2200000286102295,1.590000033378601
848,-1.2130000591278076,1.699920892715454,-2.990000009536743,1.465000033378601
849,-0.8180000185966492,1.815429925918579,-2.9700000286102295,1.5399999618530273
850,-1.2864999771118164,1.7431021928787231,-3.0199999809265137,1.3350000381469727
851,-1.1690000295639038,1.8031318187713623,-2.930000066757202,1.3300000429153442
852,-1.2035000324249268,1.5986011028289795,-2.8399999141693115,1.5449999570846558
853,-1.712499976158142,1.3333383798599243,-3.0,1.1100000143051147
854,-1.4525001049041748,1.4531539678573608,-2.890000104904175,1.065000057220459
855,-0.9380000233650208,1.8533917665481567,-2.819999933242798,1.4800000190734863
856,-0.8420000076293945,1.6412681341171265,-2.9000000953674316,1.4299999475479126
857,-0.8640000224113464,1.2887431383132935,-2.869999885559082,0.9200000166893005
858,-0.908500075340271,1.8617210388183594,-3.049999952316284,1.315000057220459
859,-1.0759999752044678,1.7518731355667114,-2.990000009536743,1.25
860,-1.0785000324249268,1.8993988037109375,-3.1700000762939453,1.215000033378601
861,-1.227500081062317,1.5875394344329834,-2.950000047683716,0.6899999976158142
862,-0.6044999361038208,1.4267820119857788,-2.819999933242798,1.2100000381469727
863,-1.340499997138977,1.4971128702163696,-2.869999885559082,1.190000057220459
864,-0.8060000538825989,1.6713989973068237,-2.930000066757202,1.1950000524520874
865,-1.4794999361038208,1.3699862957000732,-3.0999999046325684,0.5099999904632568
866,-1.2324998378753662,1.5680086612701416,-3.009999990463257,1.315000057220459
867,-1.224500060081482,1.5652658939361572,-2.990000009536743,1.4500000476837158
868,-1.1105000972747803,1.435634732246399,-2.950000047683716,1.434999942779541
869,-1.4685001373291016,1.3713845014572144,-2.9800000190734863,0.19499999284744263
870,-0.5090000033378601,1.6807405948638916,-2.799999952316284,1.4249999523162842
871,-1.1640000343322754,1.8537378311157227,-3.259999990463257,1.5049999952316284
872,-1.2360000610351562,1.4448680877685547,-3.0199999809265137,1.3049999475479126
873,-1.0860000848770142,1.7016355991363525,-2.9800000190734863,1.434999942779541
874,-1.5035001039505005,1.5131722688674927,-3.069999933242798,1.1399999856948853
875,-1.593999981880188,1.260239601135254,-2.9200000762939453,0.6800000071525574
876,-0.40949997305870056,1.6120460033416748,-2.799999952316284,1.315000057220459
877,-0.6204999685287476,1.8036220073699951,-2.8399999141693115,1.2300000190734863
878,-0.8489999771118164,1.957282304763794,-2.950000047683716,1.3600000143051147
879,-1.0889999866485596,1.781125783920288,-3.3399999141693115,1.409999966621399
880,-1.1560001373291016,1.665637731552124,-2.9200000762939453,1.2450000047683716
881,-1.1345001459121704,1.7040313482284546,-3.0299999713897705,1.434999942779541
882,-1.1689999103546143,1.5149649381637573,-3.049999952316284,1.1950000524520874
883,-1.290000081062317,1.6374584436416626,-2.9800000190734863,1.375
884,-0.3154999911785126,1.7242743968963623,-2.9800000190734863,1.5199999809265137
885,-0.6575000286102295,1.534894585609436,-2.7799999713897705,1.284999966621399
886,-0.7954999804496765,1.6016169786453247,-2.7899999618530273,1.159999966621399
887,-1.3454999923706055,1.6273727416992188,-2.9100000858306885,1.2400000095367432
888,-1.3814998865127563,1.5184844732284546,-2.950000047683716,1.4700000286102295
889,-1.2610000371932983,1.7548558712005615,-2.859999895095825,1.5049999952316284
890,-1.3700000047683716,1.837988018989563,-3.119999885559082,1.3200000524520874
891,-0.6215000748634338,1.538421392440796,-2.9200000762939453,1.5049999952316284
892,-0.7954999804496765,1.3668713569641113,-2.9000000953674316,0.9599999785423279
893,-1.2035000324249268,1.5390013456344604,-2.799999952316284,1.4249999523162842
894,-0.5735000371932983,1.8792458772659302,-2.9800000190734863,1.434999942779541
895,-0.8125001192092896,1.7292371988296509,-2.9000000953674316,1.4800000190734863
896,-1.2535001039505005,1.435959815979004,-2.9800000190734863,1.2400000095367432
897,-0.25949999690055847,1.7778139114379883,-2.940000057220459,1.5049999952316284
898,-0.9149999618530273,1.890452265739441,-2.880000114440918,1.4800000190734863
899,-1.0824999809265137,1.7567102909088135,-2.9700000286102295,1.475000023841858
900,-0.5054999589920044,1.6547951698303223,-2.8399999141693115,1.5499999523162842
901,-0.5504999756813049,1.7937564849853516,-2.8299999237060547,1.4249999523162842
902,-1.368499994277954,1.8530057668685913,-3.009999990463257,1.534999966621399
903,-0.8260000348091125,1.826797604560852,-2.809999942779541,1.3899999856948853
904,-0.7124999761581421,1.7177255153656006,-2.7799999713897705,1.3899999856948853
905,-1.3574999570846558,1.4053401947021484,-3.059999942779541,0.949999988079071
906,-1.0119998455047607,1.6792575120925903,-2.9200000762939453,1.190000057220459
907,-0.34049996733665466,1.8200981616973877,-2.950000047683716,1.4199999570846558
908,-0.559499979019165,1.5641156435012817,-2.890000104904175,1.3450000286102295
909,-0.6790000200271606,1.7236847877502441,-2.9800000190734863,1.3899999856948853
910,-1.0464999675750732,1.259599208831787,-2.9800000190734863,0.6200000047683716
911,-0.2355000227689743,1.4795039892196655,-2.9600000381469727,1.3600000143051147
912,-0.9655000567436218,1.8155804872512817,-2.9000000953674316,1.3300000429153442
913,-0.9065000414848328,1.5644407272338867,-2.9000000953674316,1.2599999904632568
914,-1.215499997138977,1.5226250886917114,-2.869999885559082,0.8600000143051147
915,-0.8614999651908875,1.717016339302063,-3.1600000858306885,1.2949999570846558
916,0.3464999794960022,1.2175673246383667,-2.490000009536743,1.4700000286102295
917,-0.5385000109672546,1.5124996900558472,-2.7799999713897705,1.2400000095367432
918,-0.19899998605251312,1.7672674655914307,-2.9700000286102295,1.4500000476837158
919,-0.6059999465942383,1.7613656520843506,-2.869999885559082,1.5
920,-0.8105000257492065,1.7713814973831177,-2.950000047683716,1.399999976158142
921,-0.9389999508857727,1.5857518911361694,-2.9600000381469727,0.9200000166893005
922,-1.0090000629425049,1.4889036417007446,-2.759999990463257,1.5149999856948853
923,-1.3970000743865967,1.480542540550232,-2.9200000762939453,1.4299999475479126
924,-0.7914999723434448,1.664328694343567,-2.9800000190734863,1.475000023841858
925,-0.7315000295639038,1.5069971084594727,-2.8499999046325684,1.215000033378601
926,-0.5824999809265137,1.5298534631729126,-2.8399999141693115,1.4199999570846558
927,-0.05099999159574509,1.5672297477722168,-2.799999952316284,1.5149999856948853
928,-0.5379999279975891,1.6221363544464111,-2.9200000762939453,1.5049999952316284
929,-0.8220000267028809,1.784361481666565,-3.0799999237060547,1.4550000429153442
930,-1.0754998922348022,1.7258236408233643,-2.9100000858306885,1.4049999713897705
931,-1.4290001392364502,1.353142261505127,-2.890000104904175,0.4399999976158142
932,-0.8009999990463257,1.777737021446228,-3.130000114440918,1.4450000524520874
933,-0.7615000009536743,1.5191676616668701,-2.9100000858306885,1.4249999523162842
934,-0.5674999952316284,1.6635974645614624,-3.109999895095825,1.524999976158142
935,-1.5829999446868896,1.4581207036972046,-2.8499999046325684,0.9200000166893005
936,-1.2219998836517334,1.5211149454116821,-2.8299999237060547,1.1449999809265137
937,-0.31749996542930603,1.4810508489608765,-3.009999990463257,1.4550000429153442
938,-0.41200000047683716,1.2181423902511597,-2.799999952316284,1.0299999713897705
939,-0.2485000193119049,1.0560327768325806,-2.880000114440918,1.0
940,-0.49650001525878906,1.7353487014770508,-3.190000057220459,1.5800000429153442
941,0.0014999896520748734,1.4574413299560547,-2.7699999809265137,1.4500000476837158
942,0.19249996542930603,1.1607308387756348,-2.5299999713897705,1.534999966621399
943,0.008999979123473167,1.2247159481048584,-3.0299999713897705,1.375
944,-1.032999873161316,1.570138931274414,-3.009999990463257,0.9200000166893005
945,-0.7775000333786011,1.594037652015686,-2.9600000381469727,1.3650000095367432
946,-0.3749999403953552,1.2237380743026733,-2.75,1.4199999570846558
947,-1.4135000705718994,1.684532642364502,-2.950000047683716,1.1699999570846558
948,-0.9520000219345093,1.626664161682129,-3.190000057220459,0.9750000238418579
949,-0.4649999737739563,1.6310641765594482,-3.069999933242798,1.4199999570846558
950,-0.21449999511241913,1.331060528755188,-2.8499999046325684,1.434999942779541
951,-0.7339999079704285,1.4485143423080444,-3.059999942779541,1.034999966621399
952,-0.44200000166893005,1.5920743942260742,-2.819999933242798,1.4950000047683716
953,-0.38050001859664917,1.7392202615737915,-2.950000047683716,1.4700000286102295
954,-1.3275001049041748,1.5054223537445068,-2.9800000190734863,1.340000033378601
955,-1.0755001306533813,2.078624963760376,-3.4100000858306885,1.559999942779541
956,-1.1755001544952393,1.6169407367706299,-2.9100000858306885,1.0299999713897705
957,-0.7460000514984131,1.5596790313720703,-3.049999952316284,1.2050000429153442
958,-0.7254999876022339,1.6670879125595093,-2.950000047683716,1.3700000047683716
959,-0.10650002956390381,1.27523934841156,-2.9700000286102295,1.4249999523162842
960,-0.12950000166893005,1.4758225679397583,-2.7899999618530273,1.159999966621399
961,-0.10249996185302734,1.6032891273498535,-2.8299999237060547,1.475000023841858
962,-0.1495000422000885,1.7383460998535156,-3.0399999618530273,1.5399999618530273
963,-0.5544999837875366,1.6034064292907715,-2.880000114440918,1.524999976158142
964,-0.7315000295639038,1.6186846494674683,-2.950000047683716,1.4850000143051147
965,-0.9995000958442688,1.491169810295105,-2.9700000286102295,1.149999976158142
966,-0.36500003933906555,1.6128003597259521,-2.7100000381469727,1.5149999856948853
967,-0.7274999618530273,1.7106026411056519,-2.859999895095825,1.5
968,-0.3615000247955322,1.6777127981185913,-2.9200000762939453,1.5449999570846558
969,-0.8944999575614929,1.5850811004638672,-2.9800000190734863,1.3450000286102295
970,-0.21150001883506775,1.6940675973892212,-2.7100000381469727,1.534999966621399
971,-0.31049999594688416,1.3062551021575928,-2.9000000953674316,1.524999976158142
972,-0.9415000677108765,1.4215679168701172,-2.9200000762939453,1.1449999809265137
973,-0.7414999604225159,1.5976890325546265,-2.930000066757202,1.5099999904632568
974,-0.969499945640564,1.5455119609832764,-2.9800000190734863,1.5399999618530273
975,-1.058500051498413,1.9185150861740112,-3.3499999046325684,1.340000033378601
976,-1.215999960899353,1.4566071033477783,-2.940000057220459,1.2549999952316284
977,0.024000000208616257,1.385847568511963,-2.680000066757202,1.5399999618530273
978,-0.38749998807907104,1.7017362117767334,-3.009999990463257,1.4199999570846558
979,-0.34049996733665466,1.6055208444595337,-2.8499999046325684,1.4600000381469727
980,-0.7565000653266907,1.757408618927002,-2.940000057220459,1.225000023841858
981,-0.6105000376701355,1.1533396244049072,-2.450000047683716,0.8949999809265137
982,0.04599997028708458,1.1795079708099365,-2.700000047683716,1.409999966621399
983,-0.390999972820282,1.5908328294754028,-2.890000104904175,1.465000033378601
984,0.08699999749660492,1.1455614566802979,-2.680000066757202,1.4600000381469727
985,-0.390500009059906,1.7214521169662476,-3.069999933242798,1.3600000143051147
986,-0.7695000171661377,1.616390347480774,-2.7699999809265137,1.565000057220459
987,0.19849999248981476,1.1338651180267334,-2.609999895095825,1.4900000095367432
988,-0.4689999520778656,1.4805773496627808,-2.7300000190734863,1.475000023841858
989,-0.5349999666213989,1.447901964187622,-2.869999885559082,1.3650000095367432
990,-0.484499990940094,1.5913256406784058,-2.8399999141693115,1.475000023841858
991,0.0040000067092478275,1.182716727256775,-2.799999952316284,1.5099999904632568
992,-0.1510000377893448,1.7074451446533203,-3.4700000286102295,1.4249999523162842
993,-1.1059999465942383,1.668028473854065,-2.950000047683716,1.4299999475479126
994,-0.36899998784065247,1.3336392641067505,-2.869999885559082,1.3200000524520874
995,-0.2709999680519104,1.6929410696029663,-2.799999952316284,1.4800000190734863
996,-0.4894999563694,1.616094708442688,-2.7899999618530273,1.475000023841858
997,-0.7100000381469727,1.5208204984664917,-2.940000057220459,1.2599999904632568
998,-0.781000018119812,1.3341753482818604,-2.9800000190734863,1.4700000286102295
999,-1.0315001010894775,1.76909601688385,-3.0,1.2999999523162842
1000,-0.4989999830722809,1.5503625869750977,-2.880000114440918,1.4199999570846558
1001,-0.6514999866485596,1.5134085416793823,-3.0899999141693115,1.190000057220459
1002,0.18599998950958252,0.8672508597373962,-1.690000057220459,1.2899999618530273
1003,0.047500018030405045,1.1414272785186768,-2.7200000286102295,1.4850000143051147
1004,0.24050000309944153,1.0802464485168457,-2.630000114440918,1.440000057220459
1005,-0.5695000886917114,1.6947424411773682,-3.069999933242798,1.5049999952316284
1006,-0.2409999817609787,1.372735857963562,-2.8499999046325684,1.5199999809265137
1007,-0.30250000953674316,1.713800311088562,-3.0299999713897705,1.5950000286102295
1008,0.22950001060962677,1.1646039485931396,-2.759999990463257,1.4249999523162842
1009,0.05100001022219658,1.4528968334197998,-2.880000114440918,1.5049999952316284
1010,-0.15850000083446503,1.0928542613983154,-3.0999999046325684,1.1100000143051147
1011,0.1459999978542328,1.1204570531845093,-2.619999885559082,1.2899999618530273
1012,-0.2990000247955322,1.2131175994873047,-2.7300000190734863,1.065000057220459
1013,-0.24950000643730164,1.7998311519622803,-2.9200000762939453,1.4950000047683716
1014,-0.002000021981075406,1.5084564685821533,-2.859999895095825,1.3200000524520874
1015,-0.4475000500679016,1.4950321912765503,-3.259999990463257,1.2450000047683716
1016,-0.5859999656677246,1.7276266813278198,-2.799999952316284,1.5049999952316284
1017,-0.40400004386901855,1.6688871383666992,-3.0,1.4600000381469727
1018,0.0065000117756426334,1.5216209888458252,-2.809999942779541,1.4550000429153442
1019,0.023999998345971107,1.561226725578308,-2.7699999809265137,1.5299999713897705
1020,0.33799999952316284,1.2718240022659302,-2.740000009536743,1.5
1021,-0.3400000333786011,1.672240972518921,-2.9800000190734863,1.284999966621399
1022,-0.7029999494552612,1.7753256559371948,-3.200000047683716,1.4600000381469727
1023,-0.4509999752044678,1.5309226512908936,-3.0399999618530273,1.2300000190734863
1024,-0.981499969959259,1.6865557432174683,-2.9200000762939453,1.5
1025,0.3070000410079956,1.500816822052002,-3.0999999046325684,1.4800000190734863
1026,0.597000002861023,0.6779424548149109,-0.26499998569488525,1.5149999856948853
1027,0.3024999797344208,1.1997921466827393,-2.819999933242798,1.2350000143051147
1028,-0.042999982833862305,1.542375087738037,-3.0999999046325684,1.524999976158142
1029,-0.3174999952316284,1.5292141437530518,-2.9600000381469727,1.2549999952316284
1030,-0.9290000200271606,1.5476268529891968,-3.0199999809265137,1.0850000381469727
1031,0.08400000631809235,1.416138768196106,-2.440000057220459,1.4950000047683716
1032,-0.14400002360343933,1.4179295301437378,-2.9800000190734863,1.4550000429153442
1033,-0.28050005435943604,1.4681390523910522,-2.759999990463257,1.4500000476837158
1034,-0.20600001513957977,1.5614540576934814,-2.75,1.4299999475479126
1035,-0.09349998831748962,1.2876628637313843,-2.25,1.440000057220459
1036,-0.23249998688697815,1.3527311086654663,-2.8399999141693115,1.534999966621399
1037,-0.40599995851516724,1.6431126594543457,-2.9700000286102295,1.3200000524520874
1038,-0.5714999437332153,1.5318127870559692,-2.859999895095825,1.5199999809265137
1039,-0.39399996399879456,1.5296728610992432,-2.950000047683716,1.3200000524520874
1040,-0.3504999577999115,1.740464687347412,-2.950000047683716,1.4600000381469727
1041,-0.10750001668930054,1.4556068181991577,-2.890000104904175,1.409999966621399
1042,0.3895000219345093,1.2174080610275269,-2.7799999713897705,1.4950000047683716
1043,0.041499990969896317,1.4820595979690552,-2.880000114440918,1.5700000524520874
1044,-0.7765000462532043,1.851720929145813,-3.2100000381469727,1.5099999904632568
1045,-0.22050002217292786,1.430100440979004,-2.690000057220459,1.4800000190734863
1046,-0.3244999945163727,1.305646300315857,-2.809999942779541,1.2000000476837158
1047,-0.06599999219179153,1.490737795829773,-2.859999895095825,1.4700000286102295
1048,0.39149996638298035,1.0461549758911133,-1.899999976158142,1.5099999904632568
1049,-0.07400001585483551,1.5395725965499878,-3.0,1.465000033378601
1050,-0.22950001060962677,1.4503852128982544,-2.7799999713897705,1.309999942779541
1051,0.14750000834465027,1.1848591566085815,-2.809999942779541,1.5149999856948853
1052,-0.40799999237060547,1.3711968660354614,-3.009999990463257,1.309999942779541
1053,0.6610000133514404,0.7107207179069519,-0.6499999761581421,1.524999976158142
1054,0.17699997127056122,1.171309471130371,-2.7799999713897705,1.4600000381469727
1055,0.0214999970048666,1.3365815877914429,-2.4000000953674316,1.2799999713897705
1056,-0.5180000066757202,1.217900276184082,-2.7799999713897705,1.1699999570846558
1057,0.28849998116493225,1.152770757675171,-2.5399999618530273,1.5299999713897705
1058,-0.20549997687339783,1.4177560806274414,-2.759999990463257,1.475000023841858
1059,0.33449995517730713,1.2717673778533936,-3.049999952316284,1.4800000190734863
1060,0.4300000071525574,1.215833067893982,-2.5299999713897705,1.534999966621399
1061,0.5555000305175781,0.8465295433998108,-0.875,1.3949999809265137
1062,0.6940000057220459,0.6375217437744141,-0.6150000095367432,1.4800000190734863
1063,0.4905000329017639,0.9974252581596375,-2.2200000286102295,1.3600000143051147
1064,0.22349998354911804,0.7759833931922913,-1.5199999809265137,1.5049999952316284
1065,0.05149998143315315,1.17412531375885,-2.6500000953674316,1.5299999713897705
1066,-0.1809999942779541,1.5366729497909546,-3.0799999237060547,1.5399999618530273
1067,0.30799996852874756,1.2641642093658447,-2.7699999809265137,1.3899999856948853
1068,0.3244999945163727,1.1921272277832031,-2.9100000858306885,1.4800000190734863
1069,0.06799998134374619,1.6063424348831177,-3.1600000858306885,1.4299999475479126
1070,0.5189999938011169,0.6222370862960815,-0.15000000596046448,1.4450000524520874
1071,0.23400001227855682,1.0495470762252808,-2.2200000286102295,1.3350000381469727
1072,-0.5329999923706055,1.7429718971252441,-3.299999952316284,1.5099999904632568
1073,0.41649994254112244,1.077629566192627,-2.1600000858306885,1.5099999904632568
1074,0.4435001015663147,0.6751039028167725,-0.3799999952316284,1.5099999904632568
1075,0.32850003242492676,1.1563888788223267,-2.7699999809265137,1.3600000143051147
1076,0.05000000074505806,1.345633625984192,-3.180000066757202,1.4500000476837158
1077,-0.6774999499320984,1.7808750867843628,-3.069999933242798,1.465000033378601
1078,0.5115000009536743,0.7973018884658813,-0.625,1.5399999618530273
1079,-0.4269999563694,1.4543403387069702,-2.859999895095825,1.3600000143051147
1080,0.5220000147819519,0.9228168725967407,-0.949999988079071,1.5399999618530273
1081,0.367000013589859,1.1692994832992554,-2.7100000381469727,1.5149999856948853
1082,0.22200004756450653,1.436842441558838,-2.799999952316284,1.5299999713897705
1083,-0.7265000343322754,1.8004014492034912,-2.9200000762939453,1.4850000143051147
1084,0.2630000114440918,1.0046968460083008,-2.130000114440918,1.5099999904632568
1085,-0.2409999817609787,1.705823540687561,-3.0199999809265137,1.524999976158142
1086,-0.13450001180171967,1.4303451776504517,-2.880000114440918,1.5149999856948853
1087,0.31800001859664917,0.7279876470565796,-0.8050000071525574,1.215000033378601
1088,0.3244999647140503,1.1996800899505615,-2.4700000286102295,1.5299999713897705
1089,0.36350002884864807,1.1507607698440552,-2.609999895095825,1.565000057220459
1090,0.5100000500679016,1.1856200695037842,-2.549999952316284,1.565000057220459
1091,-0.4139999747276306,1.7341117858886719,-3.440000057220459,1.565000057220459
1092,0.3360000252723694,1.1188405752182007,-2.7100000381469727,1.225000023841858
1093,0.5269999504089355,0.5309199094772339,-0.1599999964237213,1.4299999475479126
1094,-0.10699999332427979,1.1483535766601562,-2.6600000858306885,1.2599999904632568
1095,0.055000025779008865,1.5342081785202026,-2.859999895095825,1.4299999475479126
1096,0.023499995470046997,1.406010389328003,-2.740000009536743,1.3450000286102295
1097,0.6439999341964722,0.7454119324684143,-0.4399999976158142,1.3700000047683716
1098,0.27549999952316284,1.2688153982162476,-2.690000057220459,1.4950000047683716
1099,0.17900000512599945,0.7462599873542786,-1.4800000190734863,1.215000033378601
1100,-0.30650001764297485,1.6116855144500732,-2.8299999237060547,1.3600000143051147
1101,0.703499972820282,0.6344408988952637,-0.39500001072883606,1.4500000476837158
1102,0.6964999437332153,0.6617630124092102,-0.4749999940395355,1.4800000190734863
1103,0.6255000233650208,0.4676721692085266,-0.16500000655651093,1.4049999713897705
1104,0.6015000343322754,0.6239994168281555,-0.29499998688697815,1.524999976158142
1105,-0.12700003385543823,1.4985095262527466,-2.609999895095825,1.5
1106,-0.07399997860193253,1.5158724784851074,-2.8299999237060547,1.434999942779541
1107,0.32499998807907104,1.1253266334533691,-2.7200000286102295,1.3650000095367432
1108,0.013500022701919079,1.486733078956604,-2.890000104904175,1.434999942779541
1109,0.4860000014305115,0.6894882321357727,-0.875,1.4850000143051147
1110,0.2850000262260437,0.675518274307251,-0.7649999856948853,1.309999942779541
1111,0.37000003457069397,1.2476938962936401,-2.740000009536743,1.4299999475479126
1112,-0.15400001406669617,1.4577720165252686,-2.700000047683716,1.3700000047683716
1113,0.7240000367164612,0.6047429442405701,-0.375,1.4950000047683716
1114,0.1680000126361847,1.0701148509979248,-2.319999933242798,1.350000023841858
1115,0.2199999988079071,0.7108234763145447,-0.5600000023841858,1.315000057220459
1116,0.8000000715255737,0.6504191160202026,-0.25,1.565000057220459
1117,0.3974999189376831,0.7601751089096069,-0.8799999952316284,1.309999942779541
1118,-0.4715000092983246,1.5802501440048218,-2.9800000190734863,1.3600000143051147
1119,0.3964999318122864,1.2050520181655884,-2.880000114440918,1.524999976158142
1120,0.4909999966621399,0.9247183203697205,-1.940000057220459,1.4900000095367432
1121,0.2990000247955322,0.7450898885726929,-0.6949999928474426,1.4249999523162842
1122,0.5045000314712524,0.7158926129341125,-0.4449999928474426,1.4700000286102295
1123,0.09100000560283661,1.5373562574386597,-3.0199999809265137,1.4600000381469727
1124,0.4975000023841858,1.2816342115402222,-2.9200000762939453,1.534999966621399
1125,0.5699999928474426,0.682081401348114,-0.6499999761581421,1.375
1126,0.1275000125169754,1.5564451217651367,-2.6700000762939453,1.399999976158142
1127,0.16899999976158142,1.215223789215088,-2.309999942779541,1.3650000095367432
1128,0.4569999575614929,0.6552296876907349,-0.25999999046325684,1.5499999523162842
1129,-0.26200002431869507,1.6156580448150635,-2.700000047683716,1.4700000286102295
1130,0.3555000424385071,1.2573332786560059,-2.8499999046325684,1.3550000190734863
1131,-0.07049998641014099,1.503819227218628,-3.009999990463257,1.2000000476837158
1132,0.4569999575614929,0.5652707815170288,-0.4000000059604645,1.2050000429153442
1133,0.5505000352859497,0.6206104159355164,-0.3199999928474426,1.4299999475479126
1134,0.46500006318092346,1.3497426509857178,-3.180000066757202,1.565000057220459
1135,0.6310000419616699,0.5724980235099792,-0.5149999856948853,1.309999942779541
1136,0.34199997782707214,1.321622610092163,-3.049999952316284,1.5399999618530273
1137,0.36949998140335083,1.222295880317688,-2.9200000762939453,1.465000033378601
1138,0.5734999775886536,1.0718047618865967,-2.1600000858306885,1.5299999713897705
1139,0.5015000104904175,0.575313150882721,-0.4000000059604645,1.4049999713897705
1140,0.8520000576972961,0.5526988506317139,-0.18000000715255737,1.4950000047683716
1141,-0.09849999099969864,1.6265469789505005,-3.359999895095825,1.4950000047683716
1142,0.1509999930858612,1.436872959136963,-2.8399999141693115,1.4900000095367432
1143,0.7124999761581421,0.5954588651657104,-0.2549999952316284,1.3949999809265137
1144,0.6184999942779541,0.6062097549438477,-0.3100000023841858,1.5
1145,0.8094999194145203,0.6254855990409851,-0.4050000011920929,1.4199999570846558
1146,0.7940000295639038,0.6900246143341064,-0.3499999940395355,1.5199999809265137
1147,0.8269999623298645,0.5544105172157288,0.02500000037252903,1.5700000524520874
1148,0.9309999346733093,0.38120728731155396,0.1599999964237213,1.5299999713897705
1149,0.550000011920929,0.6991708874702454,-0.699999988079071,1.3949999809265137
1150,-0.052999965846538544,1.0412161350250244,-2.559999942779541,1.340000033378601
1151,0.6465000510215759,0.5740342140197754,-0.28999999165534973,1.2999999523162842
1152,0.4975000023841858,0.7167155742645264,-0.8050000071525574,1.2350000143051147
1153,0.5074999928474426,1.2771496772766113,-2.9000000953674316,1.524999976158142
1154,-0.02199999988079071,1.6958937644958496,-3.5399999618530273,1.475000023841858
1155,0.29899996519088745,1.1240147352218628,-2.7200000286102295,1.274999976158142
1156,0.7749999761581421,0.49939459562301636,-0.004999999888241291,1.4199999570846558
1157,0.5395000576972961,1.2261452674865723,-2.819999933242798,1.5
1158,0.8295000195503235,0.5633136034011841,-0.20000000298023224,1.5449999570846558
1159,0.44300001859664917,1.1753365993499756,-2.8499999046325684,1.3650000095367432
1160,0.6625000238418579,1.2122855186462402,-2.7799999713897705,1.5049999952316284
1161,0.7470000386238098,0.40614160895347595,0.10499999672174454,1.4500000476837158
1162,0.753000020980835,0.5554376840591431,-0.3199999928474426,1.399999976158142
1163,0.7484999895095825,1.2233766317367554,-2.8399999141693115,1.5700000524520874
1164,0.38600003719329834,1.1786364316940308,-2.819999933242798,1.565000057220459
1165,0.8109999895095825,0.6188287734985352,-0.2549999952316284,1.6150000095367432
1166,0.6515000462532043,0.6009951829910278,-0.5099999904632568,1.4199999570846558
1167,0.4764999747276306,1.2310017347335815,-2.7899999618530273,1.534999966621399
1168,0.3584999740123749,1.0563830137252808,-1.190000057220459,1.5449999570846558
1169,0.9970000386238098,0.44523701071739197,0.4099999964237213,1.5049999952316284
1170,0.4494999945163727,1.0762073993682861,-2.140000104904175,1.5149999856948853
1171,0.6924999952316284,0.6062889099121094,-0.44999998807907104,1.5299999713897705
1172,0.7109999656677246,0.6369332671165466,-0.17499999701976776,1.5099999904632568
1173,1.025499939918518,0.34603792428970337,0.20000000298023224,1.4049999713897705
1174,0.6620000004768372,0.7167084813117981,-0.6499999761581421,1.4249999523162842
1175,0.57750004529953,0.5458582639694214,-0.24500000476837158,1.3600000143051147
1176,0.08650002628564835,1.2076879739761353,-2.569999933242798,1.4199999570846558
1177,0.40799999237060547,1.4130237102508545,-3.180000066757202,1.559999942779541
1178,0.6545000672340393,0.5088931322097778,-0.47999998927116394,1.3700000047683716
1179,0.38350003957748413,1.25696861743927,-2.2799999713897705,1.5950000286102295
1180,0.9769999384880066,0.5096871852874756,-0.41499999165534973,1.3600000143051147
1181,0.7580000162124634,0.5755267143249512,-0.2800000011920929,1.4950000047683716
1182,0.6660000085830688,0.6259863972663879,-0.38499999046325684,1.4700000286102295
1183,0.398000031709671,0.544941246509552,-0.375,1.159999966621399
1184,0.47249993681907654,1.152829647064209,-2.6700000762939453,1.4199999570846558
1185,0.6885000467300415,0.634653627872467,-0.2549999952316284,1.4900000095367432
1186,-0.04199998825788498,1.3108456134796143,-2.8299999237060547,1.475000023841858
1187,0.6720000505447388,0.6408400535583496,-0.5600000023841858,1.590000033378601
1188,0.8109999895095825,0.6477568745613098,-0.2849999964237213,1.5499999523162842
1189,0.44200000166893005,0.5288392901420593,-0.33500000834465027,1.2699999809265137
1190,0.37700000405311584,1.2689546346664429,-2.619999885559082,1.4950000047683716
1191,0.2720000147819519,1.2458876371383667,-2.990000009536743,1.4249999523162842
1192,1.0705000162124634,0.5443595051765442,0.04500000178813934,1.534999966621399
1193,0.737500011920929,0.5049319267272949,0.14000000059604645,1.475000023841858
1194,0.8095000982284546,0.5731293559074402,-0.32499998807907104,1.4550000429153442
1195,0.4814999997615814,1.2763463258743286,-3.0399999618530273,1.2999999523162842
1196,0.4610000252723694,1.192930817604065,-2.890000104904175,1.5199999809265137
1197,0.6799999475479126,0.6468423008918762,-0.1550000011920929,1.434999942779541
1198,0.41149991750717163,1.1630929708480835,-2.690000057220459,1.4249999523162842
1199,0.2809999883174896,1.2543041706085205,-2.930000066757202,1.4500000476837158
1200,0.6230000257492065,0.6415886282920837,-0.6800000071525574,1.4850000143051147
1201,0.3580000400543213,0.9521323442459106,-2.0999999046325684,1.2599999904632568
1202,0.8220000267028809,0.4292912781238556,0.20499999821186066,1.4149999618530273
1203,0.8830000758171082,0.660799503326416,-0.4699999988079071,1.4900000095367432
1204,1.1134999990463257,0.3134170472621918,0.375,1.4850000143051147
1205,0.5770000219345093,0.8291477560997009,-1.5099999904632568,1.4800000190734863
1206,0.31800004839897156,1.299086570739746,-2.549999952316284,1.4299999475479126
1207,0.8184999227523804,0.5151458382606506,-0.2549999952316284,1.5299999713897705
1208,0.5005000233650208,1.2316927909851074,-2.930000066757202,1.5199999809265137
1209,1.0320000648498535,0.5006306171417236,0.07999999821186066,1.524999976158142
1210,0.733500063419342,1.21953284740448,-2.7300000190734863,1.6150000095367432
1211,0.6855000257492065,0.6043362021446228,-0.5099999904632568,1.3799999952316284
1212,0.8730000257492065,0.4892811179161072,-0.03500000014901161,1.3849999904632568
1213,1.0134999752044678,0.4062637686729431,0.29499998688697815,1.559999942779541
1214,0.6664999723434448,0.5556349754333496,-0.5649999976158142,1.5
1215,0.9564999341964722,0.5027078986167908,0.11999999731779099,1.4850000143051147
1216,0.4939999580383301,1.2506334781646729,-2.9100000858306885,1.4299999475479126
1217,0.6039999723434448,1.2301968336105347,-2.8299999237060547,1.5549999475479126
1218,1.0794999599456787,0.4108372628688812,0.11500000208616257,1.5
1219,0.8835000991821289,0.40631917119026184,0.15000000596046448,1.4500000476837158
1220,0.7724999189376831,0.5350759625434875,-0.04500000178813934,1.4950000047683716
1221,0.8810000419616699,0.47662249207496643,0.17499999701976776,1.3949999809265137
1222,0.906000018119812,0.44065746665000916,0.13500000536441803,1.4600000381469727
1223,0.26999998092651367,1.21201491355896,-2.9000000953674316,1.350000023841858
1224,0.5914999842643738,0.5422824621200562,-0.3199999928474426,1.2599999904632568
1225,0.8644999265670776,0.5316175818443298,-0.36000001430511475,1.4199999570846558
1226,0.8574999570846558,0.43470823764801025,0.03500000014901161,1.5449999570846558
1227,0.8585000038146973,0.5424299836158752,-0.054999999701976776,1.5399999618530273
1228,0.6869999766349792,1.072269082069397,-2.200000047683716,1.4500000476837158
1229,0.9345000386238098,0.5125790238380432,0.004999999888241291,1.5449999570846558
1230,0.47600001096725464,1.2713040113449097,-2.799999952316284,1.5099999904632568
1231,0.8880001306533813,0.6023711562156677,-0.6449999809265137,1.5399999618530273
1232,1.0859999656677246,0.41664013266563416,0.10000000149011612,1.524999976158142
1233,0.8665000200271606,0.6476806998252869,-0.39500001072883606,1.5700000524520874
1234,0.722000002861023,0.7680240869522095,-0.9950000047683716,1.565000057220459
1235,0.2760000228881836,1.2528043985366821,-2.619999885559082,1.4900000095367432
1236,0.5135000348091125,1.20913827419281,-2.9200000762939453,1.3949999809265137
1237,0.6399999856948853,1.2894494533538818,-3.0899999141693115,1.465000033378601
1238,0.7890000343322754,0.5539034008979797,-0.11999999731779099,1.475000023841858
1239,0.7919999957084656,0.563720703125,-0.6150000095367432,1.4800000190734863
1240,0.5989999771118164,1.2705230712890625,-2.950000047683716,1.5099999904632568
1241,0.6929999589920044,1.237212896347046,-2.8499999046325684,1.5149999856948853
1242,1.033000111579895,0.48953139781951904,0.054999999701976776,1.409999966621399
1243,0.9675000309944153,0.2809470593929291,0.5149999856948853,1.4049999713897705
1244,0.7299999594688416,0.7097640633583069,-0.8700000047683716,1.5499999523162842
1245,0.5320000052452087,0.840423047542572,-0.8849999904632568,1.5099999904632568
1246,0.5679999589920044,0.6034119725227356,-0.5550000071525574,1.2599999904632568
1247,0.7879999876022339,0.909008264541626,-1.6299999952316284,1.5399999618530273
1248,0.8535000085830688,0.4204881191253662,0.26499998569488525,1.4850000143051147
1249,0.8024999499320984,0.4759056866168976,-0.009999999776482582,1.524999976158142
1250,0.9329999685287476,0.6096810698509216,-0.23999999463558197,1.5049999952316284
1251,0.8539999723434448,0.5284732580184937,-0.11999999731779099,1.4800000190734863
1252,0.7830000519752502,0.6736401319503784,-0.41499999165534973,1.4199999570846558
1253,0.7465000152587891,0.71971195936203,-0.36000001430511475,1.565000057220459
1254,1.0770000219345093,0.34672901034355164,0.26499998569488525,1.4900000095367432
1255,0.7260000109672546,0.5886077284812927,-0.4300000071525574,1.4900000095367432
1256,0.7145000696182251,1.3023967742919922,-2.950000047683716,1.5399999618530273
1257,0.8130000829696655,0.6205529570579529,-0.04500000178813934,1.600000023841858
1258,0.843500018119812,0.36696764826774597,0.30000001192092896,1.3350000381469727
1259,1.1400001049041748,0.30602288246154785,0.5649999976158142,1.4900000095367432
1260,0.7315000891685486,0.7907087206840515,-0.699999988079071,1.565000057220459
1261,0.7085000872612,1.2938663959503174,-2.8299999237060547,1.4850000143051147
1262,1.005500078201294,0.48036158084869385,-0.17499999701976776,1.5750000476837158
1263,1.1449999809265137,0.33031803369522095,0.3449999988079071,1.4550000429153442
1264,0.6929999589920044,0.7059115171432495,-0.48500001430511475,1.5700000524520874
1265,0.9759999513626099,0.5316004157066345,-0.38499999046325684,1.440000057220459
1266,0.800000011920929,0.5501136183738708,-0.2150000035762787,1.4149999618530273
1267,0.11449998617172241,1.553897500038147,-2.8299999237060547,1.4500000476837158
1268,0.5024999976158142,1.126592755317688,-2.319999933242798,1.534999966621399
1269,0.981499969959259,0.4512263834476471,-0.11999999731779099,1.5299999713897705
1270,0.8440000414848328,0.5892019867897034,-0.3149999976158142,1.5850000381469727
1271,0.8689999580383301,0.45002666115760803,0.05999999865889549,1.3700000047683716
1272,0.8950001001358032,0.5229340195655823,-0.17000000178813934,1.5299999713897705
1273,0.7935000658035278,0.5538052320480347,-0.22499999403953552,1.3899999856948853
1274,0.9129999876022339,0.5877635478973389,-0.5299999713897705,1.4800000190734863
1275,0.968000054359436,0.5924322605133057,-0.11500000208616257,1.4900000095367432
1276,0.8530000448226929,0.41975706815719604,-0.3149999976158142,1.2050000429153442
1277,1.2695001363754272,0.24250204861164093,0.7049999833106995,1.4800000190734863
1278,0.8730000257492065,0.5285272002220154,-0.10499999672174454,1.409999966621399
1279,1.1510000228881836,0.19468949735164642,0.8650000095367432,1.440000057220459
1280,1.0479999780654907,0.5821391344070435,-0.5649999976158142,1.5
1281,0.8920000195503235,0.5915031433105469,-0.2750000059604645,1.524999976158142
1282,0.40949997305870056,1.285099983215332,-2.7899999618530273,1.3899999856948853
1283,0.9019999504089355,0.5916130542755127,-0.5950000286102295,1.434999942779541
1284,1.1115000247955322,0.2587474286556244,0.5950000286102295,1.4249999523162842
1285,1.0414999723434448,0.3667972683906555,0.22499999403953552,1.4600000381469727
1286,1.1640000343322754,0.36546412110328674,0.5550000071525574,1.565000057220459
1287,0.8554999232292175,0.6694231033325195,-0.5600000023841858,1.5099999904632568
1288,1.063999891281128,0.26429906487464905,0.46000000834465027,1.475000023841858
1289,0.9354999661445618,0.5621496438980103,-0.47999998927116394,1.559999942779541
1290,1.0249998569488525,0.5110822319984436,0.10999999940395355,1.4850000143051147
1291,0.6790000200271606,0.6665763258934021,-0.5849999785423279,1.3650000095367432
1292,0.831000030040741,0.5960234999656677,-0.2750000059604645,1.5149999856948853
1293,0.8639999628067017,0.750832200050354,-1.1449999809265137,1.5
1294,1.0405000448226929,0.3777264356613159,0.3100000023841858,1.4800000190734863
1295,0.9434999227523804,0.46321189403533936,0.17499999701976776,1.4800000190734863
1296,0.6355000138282776,0.6188879013061523,-0.39500001072883606,1.4950000047683716
1297,1.1415001153945923,0.38130074739456177,0.12999999523162842,1.5399999618530273
1298,0.8934999704360962,0.4036400318145752,0.23999999463558197,1.475000023841858
1299,0.921500027179718,0.49951502680778503,0.07000000029802322,1.4850000143051147
1300,0.9565000534057617,0.4761829674243927,-0.15000000596046448,1.4299999475479126
1301,0.9024999737739563,0.46024584770202637,0.18000000715255737,1.625
1302,1.0204999446868896,0.5779725313186646,-0.23999999463558197,1.534999966621399
1303,1.0169999599456787,0.5591385960578918,-0.26499998569488525,1.4850000143051147
1304,0.5865000486373901,1.2106982469558716,-2.7699999809265137,1.3899999856948853
1305,1.0584999322891235,0.41083481907844543,0.3050000071525574,1.475000023841858
1306,0.9114999771118164,0.6466453671455383,-0.5400000214576721,1.559999942779541
1307,0.8830000162124634,0.5646821856498718,-0.3050000071525574,1.534999966621399
1308,0.8135000467300415,0.963952898979187,-1.909999966621399,1.565000057220459
1309,0.8649999499320984,0.7517978549003601,-0.8349999785423279,1.565000057220459
1310,0.6979999542236328,1.1869292259216309,-2.759999990463257,1.5099999904632568
1311,1.0094999074935913,0.3829520344734192,0.36500000953674316,1.524999976158142
1312,0.8954998850822449,0.5292279720306396,-0.38999998569488525,1.434999942779541
1313,0.9975000619888306,0.5051299333572388,0.004999999888241291,1.5700000524520874
1314,1.1035000085830688,0.24380367994308472,0.5600000023841858,1.434999942779541
1315,0.8479999303817749,0.48041754961013794,-0.10000000149011612,1.4249999523162842
1316,1.033500075340271,0.3882206082344055,0.09000000357627869,1.4299999475479126
1317,0.9179999232292175,0.5069872140884399,-0.1550000011920929,1.4550000429153442
1318,0.8609999418258667,0.6293083429336548,-0.23499999940395355,1.4900000095367432
1319,0.45900002121925354,0.707137942314148,-0.9850000143051147,1.315000057220459
1320,0.4949999749660492,1.20027494430542,-2.8299999237060547,1.4550000429153442
1321,0.9614999890327454,0.632325291633606,-0.6600000262260437,1.524999976158142
1322,0.7834999561309814,0.6680794954299927,-0.5849999785423279,1.4600000381469727
1323,0.8510000109672546,0.4647461473941803,4.440892098500626e-16,1.5449999570846558
1324,0.9420000314712524,0.3949759602546692,0.22499999403953552,1.5049999952316284
1325,0.8489999771118164,0.3751986026763916,0.11500000208616257,1.475000023841858
1326,0.8725000619888306,0.5459818840026855,-0.4749999940395355,1.4850000143051147
1327,0.453499972820282,1.3178240060806274,-2.819999933242798,1.3650000095367432
1328,0.6820000410079956,1.2239774465560913,-2.859999895095825,1.5199999809265137
1329,1.003499984741211,0.5724030137062073,-0.49000000953674316,1.5299999713897705
1330,0.8425000309944153,0.6378254294395447,-0.7250000238418579,1.524999976158142
1331,0.731499969959259,0.7176421284675598,-0.5849999785423279,1.4800000190734863
1332,0.9309999346733093,0.6460177302360535,-0.3499999940395355,1.524999976158142
1333,0.9439999461174011,0.37646248936653137,0.3449999988079071,1.3899999856948853
1334,1.0975000858306885,0.4010813236236572,0.30000001192092896,1.5449999570846558
1335,0.8570000529289246,0.5655625462532043,0.07999999821186066,1.565000057220459
1336,1.1364998817443848,0.4137333035469055,0.375,1.5950000286102295
1337,0.8274999856948853,1.190683126449585,-2.700000047683716,1.524999976158142
1338,0.7964999675750732,0.6007705926895142,-0.46000000834465027,1.5850000381469727
1339,1.0889999866485596,0.3679320514202118,0.3799999952316284,1.5149999856948853
1340,0.26749998331069946,1.203744649887085,-2.700000047683716,1.2899999618530273
1341,0.8524999618530273,0.5068098902702332,0.11500000208616257,1.524999976158142
1342,1.0179998874664307,0.455676406621933,-0.11999999731779099,1.3650000095367432
1343,0.9109999537467957,0.6285371780395508,-0.2800000011920929,1.4800000190734863
1344,0.9125000238418579,0.5003161430358887,-0.07000000029802322,1.5099999904632568
1345,1.1424999237060547,0.4532838463783264,-0.03500000014901161,1.5750000476837158
1346,0.7475000023841858,1.2457432746887207,-2.7799999713897705,1.534999966621399
1347,1.000499963760376,0.3668477237224579,0.32499998807907104,1.5499999523162842
1348,0.606499969959259,0.8089037537574768,-1.4600000381469727,1.3849999904632568
1349,0.7690000534057617,1.189566731452942,-2.75,1.4450000524520874
1350,0.7304999828338623,0.583602786064148,-0.7250000238418579,1.340000033378601
1351,1.0915000438690186,0.48708340525627136,-0.26499998569488525,1.475000023841858
1352,1.1339999437332153,0.27557939291000366,0.5849999785423279,1.4950000047683716
1353,1.2430000305175781,0.2294907420873642,0.8199999928474426,1.5049999952316284
1354,0.7400000691413879,0.5831380486488342,-0.6200000047683716,1.3200000524520874
1355,0.7519999742507935,0.7173081636428833,-0.8500000238418579,1.4500000476837158
1356,0.9320000410079956,0.5222221612930298,0.08500000089406967,1.4900000095367432
1357,0.9605000615119934,0.32309016585350037,0.5400000214576721,1.4800000190734863
1358,1.1430000066757202,0.22422310709953308,0.6850000023841858,1.524999976158142
1359,1.1365001201629639,0.3986041247844696,0.06499999761581421,1.5549999475479126
1360,0.5400000810623169,0.8303764462471008,-0.949999988079071,1.4850000143051147
1361,1.1439999341964722,0.2606319487094879,0.5550000071525574,1.4950000047683716
1362,1.2330000400543213,0.17494569718837738,0.925000011920929,1.5099999904632568
1363,0.8454999923706055,1.2324293851852417,-2.7799999713897705,1.5099999904632568
1364,1.022499918937683,0.34160101413726807,0.32499998807907104,1.559999942779541
1365,1.0049999952316284,0.5250952243804932,-0.33500000834465027,1.4500000476837158
1366,0.872499942779541,0.5053080320358276,-0.019999999552965164,1.559999942779541
1367,0.902999997138977,0.6506312489509583,-0.5600000023841858,1.5
1368,1.024999976158142,0.4965430200099945,0.04500000178813934,1.5399999618530273
1369,0.9340000152587891,0.6085384488105774,-0.6150000095367432,1.4700000286102295
1370,0.921500027179718,0.4770589768886566,-0.3449999988079071,1.3550000190734863
1371,0.37800005078315735,1.2884103059768677,-2.859999895095825,1.4800000190734863
1372,0.968500018119812,0.21168430149555206,0.625,1.225000023841858
1373,0.9490000605583191,0.4067111909389496,0.004999999888241291,1.3250000476837158
1374,0.9279999732971191,0.6162232160568237,-0.5950000286102295,1.4950000047683716
1375,1.1885000467300415,0.37863603234291077,0.4350000023841858,1.5449999570846558
1376,1.0455000400543213,0.3359646797180176,0.3149999976158142,1.4500000476837158
1377,1.034999966621399,0.5117372274398804,0.13500000536441803,1.524999976158142
1378,0.8944999575614929,0.5123350620269775,-0.4300000071525574,1.4900000095367432
1379,1.1839998960494995,0.2739233374595642,0.550000011920929,1.4800000190734863
1380,1.1170001029968262,0.41412076354026794,0.10999999940395355,1.534999966621399
1381,1.0210000276565552,0.49700504541397095,-0.125,1.5
1382,1.1770000457763672,0.2533693015575409,0.7649999856948853,1.5499999523162842
1383,0.6909999847412109,0.5268956422805786,-0.17000000178813934,1.25
1384,1.1060000658035278,0.461182177066803,-0.07500000298023224,1.5299999713897705
1385,0.905500054359436,0.6996336579322815,-0.6600000262260437,1.4950000047683716
1386,1.0265001058578491,0.4432891607284546,0.014999999664723873,1.5700000524520874
1387,0.5979999899864197,1.2307075262069702,-2.880000114440918,1.4249999523162842
1388,0.98499995470047,0.3286411464214325,0.4000000059604645,1.4049999713897705
1389,0.9904999732971191,0.4842439889907837,0.08500000089406967,1.559999942779541
1390,1.0640000104904175,0.3011627495288849,0.675000011920929,1.5399999618530273
1391,1.1714999675750732,0.1584148108959198,0.75,1.340000033378601
1392,1.1265000104904175,0.3267877995967865,0.4050000011920929,1.5
1393,0.925000011920929,0.5389944314956665,-0.4300000071525574,1.3600000143051147
1394,0.893500030040741,0.49750399589538574,-0.07500000298023224,1.4900000095367432
1395,1.0360000133514404,0.512424647808075,-0.29499998688697815,1.565000057220459
1396,0.7775000333786011,0.6220661401748657,-0.4950000047683716,1.5700000524520874
1397,0.9620000123977661,0.4878176152706146,-0.26499998569488525,1.5750000476837158
1398,1.1720001697540283,0.261172354221344,0.7250000238418579,1.4600000381469727
1399,1.247999906539917,0.2798231542110443,0.6700000166893005,1.600000023841858
1400,0.8810000419616699,0.5755206346511841,-0.5199999809265137,1.3450000286102295
1401,1.0665000677108765,0.4319493770599365,0.14499999582767487,1.5099999904632568
1402,1.1039999723434448,0.5205276012420654,-0.13500000536441803,1.4850000143051147
1403,0.9779999852180481,0.7484457492828369,-0.8550000190734863,1.5449999570846558
1404,1.0810000896453857,0.40338441729545593,0.3100000023841858,1.524999976158142
1405,0.8514999151229858,0.5961881279945374,-0.03500000014901161,1.5299999713897705
1406,0.9279999732971191,0.44953978061676025,0.24500000476837158,1.4800000190734863
1407,1.1200000047683716,0.18356198072433472,0.8600000143051147,1.375
1408,0.8484999537467957,0.5230728983879089,-0.05999999865889549,1.5199999809265137
1409,0.9750000834465027,0.4401249885559082,-0.07000000029802322,1.465000033378601
1410,0.9450000524520874,0.39768704771995544,0.07999999821186066,1.3849999904632568
1411,1.0175000429153442,0.4204833507537842,0.009999999776482582,1.3700000047683716
1412,1.0845000743865967,0.4226904809474945,-0.009999999776482582,1.5399999618530273
1413,0.9119998812675476,0.576607346534729,-0.5199999809265137,1.5
1414,1.0505000352859497,0.5079588890075684,-0.26499998569488525,1.5149999856948853
1415,1.0320000648498535,0.4662359952926636,0.009999999776482582,1.5750000476837158
1416,1.2620000839233398,0.24703440070152283,0.6600000262260437,1.534999966621399
1417,1.1700000762939453,0.2734684646129608,0.6000000238418579,1.4700000286102295
1418,1.1024999618530273,0.40041384100914,0.09000000357627869,1.4800000190734863
1419,1.121500015258789,0.3756464421749115,0.35499998927116394,1.559999942779541
1420,1.187000036239624,0.2563903331756592,0.6449999809265137,1.5750000476837158
1421,1.1200001239776611,0.4687163531780243,-0.13500000536441803,1.4900000095367432
1422,0.5629999041557312,1.2824628353118896,-2.4700000286102295,1.534999966621399
1423,0.7520000338554382,1.1311370134353638,-2.5999999046325684,1.4500000476837158
1424,0.8999999761581421,1.2324711084365845,-2.7699999809265137,1.5399999618530273
1425,1.0804998874664307,0.35586127638816833,0.3400000035762787,1.5
1426,1.2369999885559082,0.11866338551044464,0.9649999737739563,1.409999966621399
1427,1.1185001134872437,0.4416675567626953,-0.03500000014901161,1.5099999904632568
1428,1.1124999523162842,0.2522027790546417,0.7250000238418579,1.559999942779541
1429,1.128499984741211,0.2985217571258545,0.4300000071525574,1.5399999618530273
1430,1.063999891281128,0.5318260788917542,-0.08500000089406967,1.5850000381469727
1431,1.2279999256134033,0.36348453164100647,0.20499999821186066,1.5700000524520874
1432,0.8854999542236328,0.71952223777771,-0.8600000143051147,1.4850000143051147
1433,0.9520000219345093,0.6675447225570679,-0.699999988079071,1.534999966621399
1434,0.9899998903274536,0.36545178294181824,0.4300000071525574,1.3700000047683716
1435,1.0455000400543213,0.41711780428886414,0.2849999964237213,1.534999966621399
1436,1.0950000286102295,0.29142752289772034,0.5249999761581421,1.590000033378601
1437,0.9765000343322754,0.405426025390625,0.32499998807907104,1.5800000429153442
1438,0.9274999499320984,0.4314524829387665,-0.10000000149011612,1.4199999570846558
1439,1.1705000400543213,0.32338404655456543,0.6600000262260437,1.5499999523162842
1440,0.9449999928474426,0.6196894645690918,-0.2549999952316284,1.5449999570846558
1441,1.1130001544952393,0.3388819992542267,0.23499999940395355,1.4800000190734863
1442,1.0045000314712524,0.41015514731407166,0.10000000149011612,1.5149999856948853
1443,0.9869999885559082,0.5361166000366211,-0.009999999776482582,1.5750000476837158
1444,1.0719999074935913,0.47203394770622253,0.014999999664723873,1.475000023841858
1445,1.1749999523162842,0.4856284558773041,-0.15000000596046448,1.5099999904632568
1446,1.0889999866485596,0.18197251856327057,0.7350000143051147,1.3650000095367432
1447,1.2670000791549683,0.14951921999454498,0.9649999737739563,1.5449999570846558
1448,1.0485000610351562,0.4593966007232666,0.2199999988079071,1.475000023841858
1449,0.9975000619888306,0.3851509690284729,0.38499999046325684,1.5149999856948853
1450,1.1459999084472656,0.21583326160907745,0.8700000047683716,1.5549999475479126
1451,1.2139999866485596,0.3624761998653412,0.22499999403953552,1.524999976158142
1452,1.1010000705718994,0.19860512018203735,0.6700000166893005,1.3049999475479126
1453,1.1610000133514404,0.20111939311027527,0.8149999976158142,1.4900000095367432
1454,1.219499945640564,0.332388699054718,0.5049999952316284,1.559999942779541
1455,0.8665000200271606,0.4090357720851898,0.13500000536441803,1.4199999570846558
1456,1.2260000705718994,0.24802015721797943,0.7149999737739563,1.534999966621399
1457,1.1425000429153442,0.27028921246528625,0.6050000190734863,1.4700000286102295
1458,0.8140000104904175,1.363223671913147,-3.069999933242798,1.5700000524520874
1459,1.032999873161316,0.3810393810272217,0.2750000059604645,1.4800000190734863
1460,1.0540001392364502,0.24912644922733307,0.5699999928474426,1.5299999713897705
1461,1.2355000972747803,0.27692463994026184,0.7799999713897705,1.5199999809265137
1462,0.7770000696182251,0.4138309359550476,0.009999999776482582,1.315000057220459
1463,1.2130000591278076,0.28039437532424927,0.5400000214576721,1.5950000286102295
1464,1.225000023841858,0.15784487128257751,1.0049999952316284,1.5099999904632568
1465,1.0644999742507935,0.545698881149292,-0.1899999976158142,1.565000057220459
1466,0.7714999914169312,1.2861765623092651,-2.9700000286102295,1.4550000429153442
1467,1.0350000858306885,0.5231395959854126,-0.07999999821186066,1.5750000476837158
1468,1.1610000133514404,0.40172630548477173,0.1850000023841858,1.4700000286102295
1469,1.2200000286102295,0.5084731578826904,-0.23999999463558197,1.6150000095367432
1470,1.0829999446868896,0.30437803268432617,0.6100000143051147,1.4600000381469727
1471,1.131500005722046,0.2011224776506424,0.800000011920929,1.4950000047683716
1472,1.0099999904632568,0.4587210416793823,-0.125,1.5049999952316284
1473,1.1449999809265137,0.25721585750579834,0.48500001430511475,1.534999966621399
1474,1.3144999742507935,0.2097790539264679,0.9549999833106995,1.5700000524520874
1475,0.9965000152587891,0.28356701135635376,0.5799999833106995,1.4600000381469727
1476,0.6710000038146973,1.1212712526321411,-2.630000114440918,1.3650000095367432
1477,1.2315000295639038,0.29175373911857605,0.6399999856948853,1.5800000429153442
1478,1.0750000476837158,0.4059310257434845,0.2549999952316284,1.475000023841858
1479,1.1004998683929443,0.3600934147834778,0.25999999046325684,1.4800000190734863
1480,0.9399999380111694,0.864389955997467,-1.600000023841858,1.4950000047683716
1481,1.2044999599456787,0.24062885344028473,0.6800000071525574,1.5399999618530273
1482,1.0794999599456787,0.34875816106796265,0.13500000536441803,1.4299999475479126
1483,1.1200000047683716,0.46572527289390564,-0.10999999940395355,1.5700000524520874
1484,1.2465001344680786,0.28252479434013367,0.5600000023841858,1.5950000286102295
1485,1.2005001306533813,0.43210211396217346,0.2199999988079071,1.5399999618530273
1486,1.1779999732971191,0.15981553494930267,0.7749999761581421,1.3700000047683716
1487,1.2634999752044678,0.24596796929836273,0.6449999809265137,1.5299999713897705
1488,1.2040001153945923,0.2807472348213196,0.625,1.6050000190734863
1489,1.25,0.35177406668663025,0.32499998807907104,1.5449999570846558
1490,1.0165001153945923,0.5459031462669373,-0.2750000059604645,1.5099999904632568
1491,1.1569998264312744,0.3466136157512665,0.5550000071525574,1.5199999809265137
1492,0.7144999504089355,1.2345696687698364,-2.799999952316284,1.5399999618530273
1493,1.0439999103546143,0.2891089618206024,0.45500001311302185,1.465000033378601
1494,0.8799999952316284,0.6566087007522583,-0.6349999904632568,1.5399999618530273
1495,1.256500005722046,0.22486717998981476,0.9100000262260437,1.524999976158142
1496,1.2725000381469727,0.23471523821353912,0.7200000286102295,1.5750000476837158
1497,1.2864999771118164,0.14698722958564758,0.9900000095367432,1.534999966621399
1498,1.0885000228881836,0.46270430088043213,0.004999999888241291,1.475000023841858
1499,1.3024998903274536,0.19338110089302063,0.9200000166893005,1.4900000095367432
1500,1.3250000476837158,0.21525564789772034,0.824999988079071,1.559999942779541
1501,1.0934998989105225,0.4053088128566742,0.019999999552965164,1.600000023841858
1502,1.2545000314712524,0.2251826822757721,0.8199999928474426,1.475000023841858
1503,1.2330000400543213,0.31081506609916687,0.6299999952316284,1.534999966621399
1504,1.123499870300293,0.19615109264850616,0.8650000095367432,1.4800000190734863
1505,1.2960000038146973,0.20608007907867432,0.8500000238418579,1.4950000047683716
1506,1.2060000896453857,0.15344054996967316,0.8650000095367432,1.4800000190734863
1507,1.2669999599456787,0.23934493958950043,0.7549999952316284,1.534999966621399
1508,1.2409999370574951,0.2962076961994171,0.625,1.5499999523162842
1509,1.1085000038146973,0.43751028180122375,-0.14499999582767487,1.4600000381469727
1510,1.2825000286102295,0.33279311656951904,0.33000001311302185,1.565000057220459
1511,1.2674999237060547,0.12925267219543457,1.024999976158142,1.4550000429153442
1512,1.1644999980926514,0.290262371301651,0.5199999809265137,1.4600000381469727
1513,1.0499999523162842,0.47028714418411255,0.019999999552965164,1.5449999570846558
1514,1.275499939918518,0.18605710566043854,0.9850000143051147,1.559999942779541
1515,1.0534999370574951,0.5949245095252991,-0.6850000023841858,1.524999976158142
1516,1.2605000734329224,0.20882348716259003,0.9750000238418579,1.5449999570846558
1517,1.1089999675750732,0.4434681534767151,0.11500000208616257,1.4850000143051147
1518,1.304499864578247,0.1746489405632019,1.0,1.5700000524520874
1519,1.1735000610351562,0.39943739771842957,0.25,1.6100000143051147
1520,1.1054999828338623,0.41035622358322144,0.07999999821186066,1.5199999809265137
1521,1.0859999656677246,0.627247154712677,-0.7200000286102295,1.5549999475479126
1522,1.3390001058578491,0.21471843123435974,0.8100000023841858,1.5850000381469727
1523,1.183500051498413,0.3230483829975128,0.5649999976158142,1.524999976158142
1524,1.2200000286102295,0.17639444768428802,0.9150000214576721,1.475000023841858
1525,1.3125,0.2078731656074524,0.8349999785423279,1.5399999618530273
1526,1.0810000896453857,0.3294905126094818,0.2150000035762787,1.4900000095367432
1527,1.183500051498413,0.3133452534675598,0.5350000262260437,1.4950000047683716
1528,1.055999994277954,0.33639857172966003,0.36500000953674316,1.375
1529,1.2000000476837158,0.3733764886856079,0.30000001192092896,1.5099999904632568
1530,1.0494999885559082,0.561370849609375,-0.20499999821186066,1.5399999618530273
1531,1.2549998760223389,0.1938169300556183,0.8700000047683716,1.5299999713897705
1532,1.2634999752044678,0.18346728384494781,0.8450000286102295,1.475000023841858
1533,1.1740000247955322,0.16057397425174713,0.8399999737739563,1.409999966621399
1534,1.277999997138977,0.3539647161960602,0.25999999046325684,1.534999966621399
1535,0.932499885559082,0.739412784576416,-1.149999976158142,1.5199999809265137
1536,1.0405000448226929,0.37176236510276794,0.019999999552965164,1.4550000429153442
1537,1.2264999151229858,0.21324926614761353,0.9350000023841858,1.5149999856948853
1538,1.0235000848770142,0.1781158298254013,0.75,1.2949999570846558
1539,1.2260000705718994,0.27526167035102844,0.7549999952316284,1.534999966621399
1540,1.2290000915527344,0.1994592696428299,0.9350000023841858,1.5049999952316284
1541,1.1560001373291016,0.4548175632953644,-0.07500000298023224,1.4850000143051147
1542,1.1180000305175781,0.3536113500595093,0.23499999940395355,1.4249999523162842
1543,1.2994999885559082,0.21290194988250732,0.8650000095367432,1.5499999523162842
1544,1.2429999113082886,0.15310454368591309,0.9300000071525574,1.4850000143051147
1545,0.9719999432563782,0.6875544190406799,-0.7200000286102295,1.5299999713897705
1546,1.2024998664855957,0.29287582635879517,0.7250000238418579,1.4850000143051147
1547,1.246000051498413,0.2109004408121109,0.9200000166893005,1.5399999618530273
1548,1.0205000638961792,0.4065799415111542,0.07000000029802322,1.440000057220459
1549,1.31850004196167,0.19494934380054474,0.8450000286102295,1.5449999570846558
1550,1.0699999332427979,0.33809763193130493,0.2549999952316284,1.4600000381469727
1551,1.1460001468658447,0.4939979612827301,-0.17499999701976776,1.5399999618530273
1552,1.2654999494552612,0.15374411642551422,0.8999999761581421,1.524999976158142
1553,1.1600000858306885,0.33165496587753296,0.4050000011920929,1.5850000381469727
1554,1.1495000123977661,0.3581092655658722,0.2199999988079071,1.4600000381469727
1555,1.186000108718872,0.3685770034790039,0.3799999952316284,1.5549999475479126
1556,1.1524999141693115,0.36780598759651184,0.4950000047683716,1.6100000143051147
1557,1.0885000228881836,0.3844349980354309,0.25999999046325684,1.5049999952316284
1558,0.95250004529953,0.5236327052116394,-0.33500000834465027,1.5049999952316284
1559,1.2625001668930054,0.16328273713588715,0.9300000071525574,1.5299999713897705
1560,1.253000020980835,0.24115553498268127,0.75,1.4850000143051147
1561,1.1325000524520874,0.4999312460422516,-0.08500000089406967,1.5149999856948853
1562,0.9800001382827759,0.40556132793426514,0.20000000298023224,1.4500000476837158
1563,1.0260000228881836,0.2912026643753052,0.39500001072883606,1.5149999856948853
1564,1.1165000200271606,0.4319204092025757,0.19499999284744263,1.4800000190734863
1565,1.246000051498413,0.27051615715026855,0.6000000238418579,1.5049999952316284
1566,0.8114999532699585,1.2711492776870728,-2.9200000762939453,1.5199999809265137
1567,1.250499963760376,0.22086705267429352,0.7649999856948853,1.5199999809265137
1568,1.3050000667572021,0.11655471473932266,1.0950000286102295,1.4850000143051147
1569,1.2155001163482666,0.36986789107322693,0.23499999940395355,1.5449999570846558
1570,1.2680000066757202,0.20721003413200378,0.8500000238418579,1.5700000524520874
1571,1.1619999408721924,0.36518627405166626,0.1850000023841858,1.565000057220459
1572,1.1085000038146973,0.39300161600112915,0.1899999976158142,1.475000023841858
1573,1.0850000381469727,0.4788684844970703,-0.06499999761581421,1.4800000190734863
1574,1.2389999628067017,0.2264486700296402,0.75,1.4249999523162842
1575,1.1875,0.23291896283626556,0.7950000166893005,1.4700000286102295
1576,1.3014999628067017,0.17591263353824615,0.9850000143051147,1.5149999856948853
1577,1.030500054359436,0.29218530654907227,0.46000000834465027,1.3700000047683716
1578,1.1759999990463257,0.5346531867980957,-0.375,1.5700000524520874
1579,1.2719999551773071,0.2236872911453247,0.6949999928474426,1.534999966621399
1580,1.3424999713897705,0.20211690664291382,0.9150000214576721,1.5299999713897705
1581,1.218000054359436,0.18436649441719055,0.9049999713897705,1.4850000143051147
1582,1.1545000076293945,0.44454723596572876,-0.019999999552965164,1.5149999856948853
1583,1.2369998693466187,0.30871671438217163,0.6949999928474426,1.5850000381469727
1584,1.0625,0.39246177673339844,0.11999999731779099,1.4800000190734863
1585,1.128000020980835,0.23395727574825287,0.75,1.5149999856948853
1586,1.2079999446868896,0.3624376058578491,0.46000000834465027,1.4850000143051147
1587,1.2410000562667847,0.32348722219467163,0.4699999988079071,1.559999942779541
1588,1.2345000505447388,0.20434589684009552,0.8899999856948853,1.5299999713897705
1589,1.251499891281128,0.09643780440092087,1.1349999904632568,1.434999942779541
1590,1.187000036239624,0.39396190643310547,0.08500000089406967,1.5950000286102295
1591,1.2325000762939453,0.2825530767440796,0.5550000071525574,1.565000057220459
1592,1.2219998836517334,0.14489994943141937,0.9449999928474426,1.434999942779541
1593,1.2815001010894775,0.16683900356292725,1.0049999952316284,1.4950000047683716
1594,1.2739999294281006,0.24161747097969055,0.7799999713897705,1.559999942779541
1595,1.2590000629425049,0.14633524417877197,0.9950000047683716,1.440000057220459
1596,1.3375000953674316,0.23576736450195312,0.8650000095367432,1.590000033378601
1597,1.3350000381469727,0.10084640979766846,1.2200000286102295,1.534999966621399
1598,1.2960001230239868,0.27003517746925354,0.6150000095367432,1.5950000286102295
1599,0.6945000290870667,1.2386796474456787,-2.9200000762939453,1.440000057220459
1600,1.3240000009536743,0.17008528113365173,0.9300000071525574,1.534999966621399
1601,1.216999888420105,0.3488137125968933,0.5450000166893005,1.5700000524520874
1602,1.0889999866485596,0.3927454650402069,0.019999999552965164,1.524999976158142
1603,0.8389999270439148,0.6576693654060364,-0.9549999833106995,1.4950000047683716
1604,1.2324999570846558,0.19896292686462402,0.8700000047683716,1.5449999570846558
1605,1.084999918937683,0.6004748344421387,-0.49000000953674316,1.5049999952316284
1606,1.2814998626708984,0.2247782051563263,0.8550000190734863,1.5399999618530273
1607,1.278499960899353,0.18658842146396637,0.9399999976158142,1.5099999904632568
1608,1.035499930381775,0.5190445184707642,-0.41999998688697815,1.475000023841858
1609,1.0709998607635498,0.538561999797821,-0.4099999964237213,1.559999942779541
1610,1.2719998359680176,0.2073909342288971,0.7300000190734863,1.5499999523162842
1611,1.063500165939331,0.44064754247665405,-0.10000000149011612,1.565000057220459
1612,1.1744999885559082,0.1299894154071808,1.0049999952316284,1.4049999713897705
1613,1.222000002861023,0.4186418652534485,0.054999999701976776,1.5449999570846558
1614,1.0959999561309814,0.5475755929946899,-0.06499999761581421,1.559999942779541
1615,1.059000015258789,0.5127270221710205,-0.10000000149011612,1.5700000524520874
1616,0.9835000038146973,0.7385494709014893,-1.1100000143051147,1.559999942779541
1617,1.2685000896453857,0.17693288624286652,0.9800000190734863,1.534999966621399
1618,1.0189999341964722,0.5248180627822876,-0.07500000298023224,1.559999942779541
1619,1.3480000495910645,0.15208879113197327,0.9850000143051147,1.534999966621399
1620,1.1890000104904175,0.4205341935157776,0.14499999582767487,1.5199999809265137
1621,1.2629998922348022,0.19546355307102203,0.9300000071525574,1.5199999809265137
1622,0.844499945640564,1.2086199522018433,-2.75,1.5049999952316284
1623,1.1800000667572021,0.3575122356414795,0.2549999952316284,1.5700000524520874
1624,1.312999963760376,0.16276054084300995,0.9599999785423279,1.5399999618530273
1625,1.2135000228881836,0.23460660874843597,0.8349999785423279,1.5800000429153442
1626,1.346500039100647,0.12729986011981964,1.1399999856948853,1.5299999713897705
1627,1.1274999380111694,0.2187492698431015,0.7850000262260437,1.409999966621399
1628,1.1794999837875366,0.2433459460735321,0.7099999785423279,1.4199999570846558
1629,1.154500126838684,0.36064839363098145,0.17000000178813934,1.4850000143051147
1630,1.2420001029968262,0.18914546072483063,0.8399999737739563,1.5099999904632568
1631,1.2050000429153442,0.31887301802635193,0.38999998569488525,1.4600000381469727
1632,1.2174999713897705,0.22473596036434174,0.8199999928474426,1.4900000095367432
1633,1.2894999980926514,0.16671007871627808,0.9900000095367432,1.5149999856948853
1634,1.1664999723434448,0.2951783239841461,0.47999998927116394,1.4950000047683716
1635,1.194000005722046,0.24291767179965973,0.7099999785423279,1.5149999856948853
1636,1.178999900817871,0.3548577129840851,0.39500001072883606,1.534999966621399
1637,1.2154998779296875,0.2582581043243408,0.6549999713897705,1.5950000286102295
1638,1.1230000257492065,0.24422530829906464,0.6100000143051147,1.4700000286102295
1639,1.0429999828338623,0.619222104549408,-0.1899999976158142,1.5750000476837158
1640,1.2070000171661377,0.1855963170528412,0.8349999785423279,1.5049999952316284
1641,1.2165000438690186,0.2849302589893341,0.46000000834465027,1.534999966621399
1642,1.2480000257492065,0.20621833205223083,0.9449999928474426,1.5499999523162842
1643,1.318000078201294,0.178370401263237,1.0,1.5449999570846558
1644,1.4224998950958252,0.053770340979099274,1.350000023841858,1.5299999713897705
1645,1.253000020980835,0.30051788687705994,0.39500001072883606,1.5399999618530273
1646,1.1949999332427979,0.3665992319583893,0.375,1.5
1647,0.8985000848770142,1.162168264389038,-2.559999942779541,1.5
1648,1.255000114440918,0.23085710406303406,0.7599999904632568,1.5950000286102295
1649,1.2395000457763672,0.4819255471229553,-0.07500000298023224,1.5299999713897705
1650,1.253000020980835,0.36271339654922485,0.5450000166893005,1.600000023841858
1651,1.2974998950958252,0.2767602801322937,0.5699999928474426,1.534999966621399
1652,1.2894998788833618,0.14013296365737915,1.0700000524520874,1.5099999904632568
1653,1.2970001697540283,0.1937291920185089,0.8199999928474426,1.5149999856948853
1654,1.3324999809265137,0.1907649040222168,0.9200000166893005,1.5399999618530273
1655,1.2294998168945312,0.30252641439437866,0.46000000834465027,1.524999976158142
1656,1.281999945640564,0.19763852655887604,0.9549999833106995,1.5499999523162842
1657,1.2975000143051147,0.24605132639408112,0.7099999785423279,1.5199999809265137
1658,1.3289999961853027,0.16964371502399445,0.9200000166893005,1.524999976158142
1659,1.1414998769760132,0.4152291715145111,0.15000000596046448,1.5
1660,1.2755000591278076,0.1936420500278473,0.949999988079071,1.5449999570846558
1661,1.3109999895095825,0.1973169893026352,0.9399999976158142,1.534999966621399
1662,1.3370000123977661,0.13042624294757843,1.159999966621399,1.5199999809265137
1663,1.3504998683929443,0.17672647535800934,0.8999999761581421,1.534999966621399
1664,0.971500039100647,0.5127720832824707,-0.23000000417232513,1.5499999523162842
1665,1.3009999990463257,0.17084787786006927,0.9200000166893005,1.5499999523162842
1666,1.1800000667572021,0.4332089424133301,-0.07999999821186066,1.5099999904632568
1667,1.3904999494552612,0.1282663196325302,1.1050000190734863,1.534999966621399
1668,1.128000020980835,0.47668227553367615,-0.20000000298023224,1.5449999570846558
1669,1.2904999256134033,0.19267132878303528,0.8450000286102295,1.5299999713897705
1670,1.1655000448226929,0.08900701999664307,1.0399999618530273,1.2999999523162842
1671,1.3040000200271606,0.1823156476020813,0.9549999833106995,1.5499999523162842
1672,1.3570001125335693,0.1959744691848755,0.9950000047683716,1.600000023841858
1673,1.2080001831054688,0.3805732727050781,0.5400000214576721,1.565000057220459
1674,1.282000184059143,0.2252243459224701,0.8849999904632568,1.5750000476837158
1675,1.2685000896453857,0.3259681761264801,0.38499999046325684,1.5800000429153442
1676,1.1554999351501465,0.31836652755737305,0.5450000166893005,1.6100000143051147
1677,1.097499966621399,0.4082845151424408,0.20499999821186066,1.5549999475479126
1678,1.2894999980926514,0.182283416390419,0.875,1.5399999618530273
1679,1.2834999561309814,0.20532961189746857,0.8849999904632568,1.559999942779541
1680,0.9110000729560852,1.0678337812423706,-2.25,1.5
1681,1.334999918937683,0.16957300901412964,0.9950000047683716,1.5700000524520874
1682,1.3350000381469727,0.2549411654472351,0.6349999904632568,1.5499999523162842
1683,1.2254998683929443,0.24749191105365753,0.6200000047683716,1.534999966621399
1684,1.2254999876022339,0.18488439917564392,0.8450000286102295,1.5099999904632568
1685,1.2804999351501465,0.14297640323638916,0.9549999833106995,1.465000033378601
1686,1.2130000591278076,0.27747252583503723,0.5799999833106995,1.5099999904632568
1687,1.0805000066757202,0.4602469205856323,-0.10999999940395355,1.409999966621399
1688,1.2645000219345093,0.18173401057720184,0.9399999976158142,1.4700000286102295
1689,1.2735000848770142,0.224154531955719,0.8999999761581421,1.5449999570846558
1690,1.2290000915527344,0.24970783293247223,0.7350000143051147,1.5449999570846558
1691,1.219499945640564,0.31194910407066345,0.550000011920929,1.5700000524520874
1692,1.0090000629425049,0.43165841698646545,0.05000000074505806,1.440000057220459
1693,1.250499963760376,0.09652590751647949,1.1050000190734863,1.465000033378601
1694,1.21750009059906,0.325117290019989,0.5,1.5149999856948853
1695,1.2644999027252197,0.21305455267429352,0.8550000190734863,1.5099999904632568
1696,0.7170000672340393,1.251543402671814,-2.8299999237060547,1.5950000286102295
1697,1.2374999523162842,0.1622844934463501,1.0049999952316284,1.4950000047683716
1698,1.2450000047683716,0.2254883497953415,0.8100000023841858,1.5700000524520874
1699,0.8420000076293945,1.2504602670669556,-2.809999942779541,1.559999942779541
1700,1.2844998836517334,0.1398293823003769,1.034999966621399,1.4800000190734863
1701,0.7964999675750732,1.27434504032135,-2.8399999141693115,1.5149999856948853
1702,1.3645000457763672,0.1350453495979309,1.1549999713897705,1.5399999618530273
1703,1.2725000381469727,0.25629329681396484,0.5649999976158142,1.5499999523162842
1704,1.3544999361038208,0.16799476742744446,0.9700000286102295,1.5549999475479126
1705,1.3289999961853027,0.15102650225162506,1.1050000190734863,1.5700000524520874
1706,1.3345000743865967,0.2529866397380829,0.7799999713897705,1.600000023841858
1707,0.9969999194145203,0.5799232125282288,-0.41999998688697815,1.5399999618530273
1708,1.3359999656677246,0.15001332759857178,1.0750000476837158,1.5049999952316284
1709,1.2299998998641968,0.40007492899894714,0.46000000834465027,1.5199999809265137
1710,0.8504999279975891,1.2467466592788696,-2.7300000190734863,1.534999966621399
1711,1.246999979019165,0.11638730019330978,1.0299999713897705,1.475000023841858
1712,1.2549999952316284,0.252922922372818,0.7950000166893005,1.5850000381469727
1713,1.2264999151229858,0.470409631729126,-0.10000000149011612,1.559999942779541
1714,1.4070000648498535,0.16246846318244934,1.0950000286102295,1.6050000190734863
1715,1.3224999904632568,0.21731601655483246,0.9549999833106995,1.565000057220459
1716,1.2990000247955322,0.24055977165699005,0.7699999809265137,1.6150000095367432
1717,1.2590000629425049,0.1284094899892807,1.065000057220459,1.465000033378601
1718,1.0775001049041748,0.4437749981880188,-0.029999999329447746,1.565000057220459
1719,0.8215000033378601,1.2786595821380615,-2.880000114440918,1.534999966621399
1720,1.1859999895095825,0.18360011279582977,0.8849999904632568,1.4550000429153442
1721,1.3709999322891235,0.14373238384723663,1.0449999570846558,1.559999942779541
1722,1.2225000858306885,0.43921664357185364,-0.06499999761581421,1.5549999475479126
1723,1.1694999933242798,0.4507296681404114,-0.11999999731779099,1.5099999904632568
1724,1.1200000047683716,0.7770714163780212,-1.190000057220459,1.5149999856948853
1725,1.3194998502731323,0.16781610250473022,0.9449999928474426,1.5299999713897705
1726,1.128499984741211,0.8319827318191528,-1.2699999809265137,1.6200000047683716
1727,1.3984999656677246,0.10705257207155228,1.1799999475479126,1.5299999713897705
1728,1.3585000038146973,0.17756758630275726,0.8700000047683716,1.5449999570846558
1729,1.087499976158142,0.7310993075370789,-1.0499999523162842,1.534999966621399
1730,1.1029999256134033,0.6563999652862549,-0.8100000023841858,1.565000057220459
1731,1.3399999141693115,0.1901709884405136,0.8899999856948853,1.5850000381469727
1732,1.3194999694824219,0.12236113101243973,1.1449999809265137,1.534999966621399
1733,1.2970000505447388,0.21468816697597504,0.9800000190734863,1.5700000524520874
1734,0.906000018119812,1.2469559907913208,-2.809999942779541,1.5950000286102295
1735,1.281999945640564,0.34806033968925476,0.2800000011920929,1.534999966621399
1736,1.1965000629425049,0.1935206651687622,0.7400000095367432,1.4149999618530273
1737,1.30649995803833,0.15787732601165771,0.9449999928474426,1.5149999856948853
1738,1.3130000829696655,0.23761522769927979,0.7250000238418579,1.6200000047683716
1739,1.2005000114440918,0.39923331141471863,0.08500000089406967,1.534999966621399
1740,1.2599998712539673,0.20383818447589874,0.8199999928474426,1.5750000476837158
1741,1.2724997997283936,0.276317298412323,0.6449999809265137,1.5700000524520874
1742,1.2575000524520874,0.3488355576992035,0.4350000023841858,1.5399999618530273
1743,1.3014999628067017,0.37466686964035034,0.23000000417232513,1.5700000524520874
1744,1.2589999437332153,0.19453534483909607,0.9449999928474426,1.524999976158142
1745,1.2674999237060547,0.22094397246837616,0.6600000262260437,1.4900000095367432
1746,1.1750000715255737,0.5484296083450317,-0.42500001192092896,1.5499999523162842
1747,1.343500018119812,0.10723920911550522,1.1799999475479126,1.534999966621399
1748,1.2415001392364502,0.1236739531159401,1.065000057220459,1.5049999952316284
1749,1.0314998626708984,0.6986381411552429,-0.42500001192092896,1.5750000476837158
1750,1.4474999904632568,0.09429343044757843,1.2599999904632568,1.6150000095367432
1751,1.3309999704360962,0.15773077309131622,1.0149999856948853,1.524999976158142
1752,1.121000051498413,0.5909348726272583,-0.6100000143051147,1.5850000381469727
1753,0.8824999928474426,1.2232645750045776,-2.7699999809265137,1.4800000190734863
1754,1.2744998931884766,0.18586893379688263,1.0199999809265137,1.565000057220459
1755,0.9265000224113464,1.2409614324569702,-2.7799999713897705,1.534999966621399
1756,1.3240001201629639,0.163352370262146,1.1399999856948853,1.5449999570846558
1757,1.3914998769760132,0.19170357286930084,1.0099999904632568,1.6150000095367432
1758,1.3250000476837158,0.09733963012695312,1.1399999856948853,1.4800000190734863
1759,1.2709999084472656,0.13555072247982025,1.0750000476837158,1.524999976158142
1760,1.3450000286102295,0.15449921786785126,1.149999976158142,1.5700000524520874
1761,0.4820000231266022,1.6560437679290771,-2.8399999141693115,1.4950000047683716
1762,1.2720000743865967,0.1498866230249405,1.0549999475479126,1.5099999904632568
1763,0.8495000004768372,1.2659767866134644,-2.930000066757202,1.4900000095367432
1764,1.3215000629425049,0.2412058264017105,0.6949999928474426,1.5800000429153442
1765,1.2994998693466187,0.18496555089950562,0.8199999928474426,1.5449999570846558
1766,1.3804999589920044,0.12205430120229721,1.1549999713897705,1.5299999713897705
1767,1.375499963760376,0.12172611057758331,1.0700000524520874,1.5399999618530273
1768,1.4199999570846558,0.08500000089406967,1.2450000047683716,1.5099999904632568
1769,1.4380000829696655,0.0875842496752739,1.2599999904632568,1.5750000476837158
1770,1.1519999504089355,0.5763254165649414,-0.5199999809265137,1.5299999713897705
1771,1.3634998798370361,0.1465614140033722,0.9950000047683716,1.524999976158142
1772,0.9269999265670776,1.177189826965332,-2.5899999141693115,1.5099999904632568
1773,0.8479999303817749,1.1865226030349731,-2.6600000858306885,1.475000023841858
1774,1.3820000886917114,0.15537375211715698,1.0399999618530273,1.6050000190734863
1775,1.3485000133514404,0.2219352275133133,0.8149999976158142,1.5700000524520874
1776,0.8550000190734863,1.1397740840911865,-2.5299999713897705,1.4500000476837158
1777,1.2695000171661377,0.3190254867076874,0.4449999928474426,1.5750000476837158
1778,1.0519999265670776,0.6780751943588257,-0.9049999713897705,1.5700000524520874
1779,1.352500081062317,0.316316694021225,0.4350000023841858,1.590000033378601
1780,1.340999960899353,0.11352972686290741,1.1349999904632568,1.4700000286102295
1781,1.345500111579895,0.11830998212099075,1.1799999475479126,1.5499999523162842
1782,1.1924998760223389,0.1010507270693779,0.9700000286102295,1.340000033378601
1783,1.3605000972747803,0.16115908324718475,1.0399999618530273,1.5449999570846558
1784,1.438999891281128,0.09748846292495728,1.2899999618530273,1.600000023841858
1785,1.2545000314712524,0.2048712968826294,0.8450000286102295,1.5149999856948853
1786,1.344499945640564,0.2621779143810272,0.6000000238418579,1.565000057220459
1787,1.341999888420105,0.12339367717504501,1.1200000047683716,1.5399999618530273
1788,1.1700000762939453,0.6155038475990295,-0.6150000095367432,1.5549999475479126
1789,1.2554999589920044,0.2655225992202759,0.7900000214576721,1.559999942779541
1790,1.3504998683929443,0.1332000494003296,1.0800000429153442,1.590000033378601
1791,1.318000078201294,0.1715109497308731,1.0,1.565000057220459
1792,1.2249999046325684,0.26146700978279114,0.6499999761581421,1.534999966621399
1793,1.253999948501587,0.11659332364797592,1.1200000047683716,1.4800000190734863
1794,1.3149999380111694,0.13164344429969788,1.065000057220459,1.534999966621399
1795,1.156999945640564,0.22917461395263672,0.5400000214576721,1.4550000429153442
1796,1.345500111579895,0.11511839926242828,1.190000057220459,1.5499999523162842
1797,1.312999963760376,0.2086767852306366,0.8399999737739563,1.565000057220459
1798,1.4225000143051147,0.09080886840820312,1.284999966621399,1.5449999570846558
1799,1.2929999828338623,0.13964597880840302,0.9800000190734863,1.4700000286102295
1800,1.2344999313354492,0.14918862283229828,1.065000057220459,1.5149999856948853
1801,1.253000020980835,0.13998574018478394,1.034999966621399,1.465000033378601
1802,1.352500081062317,0.16858603060245514,1.100000023841858,1.5199999809265137
1803,1.1030000448226929,0.5878230929374695,-0.5849999785423279,1.5199999809265137
1804,1.344499945640564,0.143917515873909,1.1749999523162842,1.5700000524520874
1805,1.3809999227523804,0.1376916915178299,1.1100000143051147,1.5700000524520874
1806,1.337499976158142,0.12800878286361694,1.100000023841858,1.5399999618530273
1807,1.371000051498413,0.10951713472604752,1.1749999523162842,1.5149999856948853
1808,1.2515000104904175,0.23684436082839966,0.6650000214576721,1.4800000190734863
1809,1.3199999332427979,0.16286496818065643,1.065000057220459,1.5950000286102295
1810,1.2280000448226929,0.20114919543266296,0.824999988079071,1.475000023841858
1811,1.1070001125335693,0.48945990204811096,-0.3400000035762787,1.4149999618530273
1812,1.3070001602172852,0.16488176584243774,0.9800000190734863,1.5399999618530273
1813,1.2929999828338623,0.2981962263584137,0.4749999940395355,1.5299999713897705
1814,1.1779998540878296,0.4654148519039154,-0.125,1.5199999809265137
1815,1.375499963760376,0.16207174956798553,1.1399999856948853,1.5700000524520874
1816,1.0985000133514404,0.5844401121139526,-0.07000000029802322,1.5950000286102295
1817,1.3140000104904175,0.12549501657485962,1.0850000381469727,1.4950000047683716
1818,0.8149999380111694,0.8134095072746277,-0.8600000143051147,1.4850000143051147
1819,1.1749999523162842,0.2786575257778168,0.5149999856948853,1.4950000047683716
1820,1.4284999370574951,0.1630038321018219,1.0099999904632568,1.565000057220459
1821,1.2990001440048218,0.15616975724697113,0.8700000047683716,1.4299999475479126
1822,1.2890000343322754,0.37342870235443115,0.2800000011920929,1.5449999570846558
1823,1.3549998998641968,0.2644428014755249,0.6700000166893005,1.590000033378601
1824,1.375,0.09126881510019302,1.2599999904632568,1.559999942779541
1825,1.3020000457763672,0.23002392053604126,0.7099999785423279,1.5049999952316284
1826,1.347499966621399,0.07606741786003113,1.2450000047683716,1.5149999856948853
1827,1.3399999141693115,0.1607326716184616,1.065000057220459,1.5299999713897705
1828,1.312999963760376,0.2791522741317749,0.5,1.4900000095367432
1829,1.1349999904632568,0.5693636536598206,-0.5049999952316284,1.5049999952316284
1830,1.1785000562667847,0.5266643166542053,-0.3449999988079071,1.5049999952316284
1831,1.1600000858306885,0.5382331609725952,-0.3700000047683716,1.559999942779541
1832,1.3420000076293945,0.09957912564277649,1.1549999713897705,1.4800000190734863
1833,1.1619999408721924,0.5026240944862366,-0.009999999776482582,1.5399999618530273
1834,1.2964999675750732,0.09762300550937653,1.0399999618530273,1.4249999523162842
1835,1.343999981880188,0.1343279778957367,1.1399999856948853,1.5700000524520874
1836,1.3174998760223389,0.24584802985191345,0.6899999976158142,1.5800000429153442
1837,1.2925000190734863,0.19927681982517242,0.9150000214576721,1.5850000381469727
1838,1.3420000076293945,0.1094806045293808,1.1349999904632568,1.4900000095367432
1839,1.428999900817871,0.11536464840173721,1.2549999952316284,1.5850000381469727
1840,1.256500005722046,0.24649594724178314,0.8050000071525574,1.565000057220459
1841,1.321000099182129,0.12119816988706589,1.1449999809265137,1.534999966621399
1842,1.3565000295639038,0.1007484570145607,1.2050000429153442,1.5099999904632568
1843,1.2974998950958252,0.3186161518096924,0.42500001192092896,1.5549999475479126
1844,1.2885000705718994,0.12930679321289062,1.0449999570846558,1.5299999713897705
1845,1.3984999656677246,0.10779727250337601,1.215000033378601,1.5700000524520874
1846,1.256500005722046,0.2087109535932541,0.8199999928474426,1.5750000476837158
1847,1.2799999713897705,0.25334757566452026,0.875,1.5199999809265137
1848,1.2144999504089355,0.19308611750602722,0.9549999833106995,1.4850000143051147
1849,1.002500057220459,1.2682453393936157,-2.7899999618530273,1.5850000381469727
1850,1.2929999828338623,0.09468896687030792,1.0800000429153442,1.475000023841858
1851,0.9100000262260437,1.1716121435165405,-2.559999942779541,1.559999942779541
1852,1.2459999322891235,0.22494220733642578,0.8550000190734863,1.5499999523162842
1853,1.378499984741211,0.16277359426021576,1.0800000429153442,1.5399999618530273
1854,1.2635000944137573,0.30042511224746704,0.5699999928474426,1.559999942779541
1855,1.337499976158142,0.18379676342010498,1.0199999809265137,1.625
1856,1.3224999904632568,0.12783288955688477,1.149999976158142,1.5399999618530273
1857,1.3545000553131104,0.13947132229804993,1.1100000143051147,1.534999966621399
1858,1.3650000095367432,0.14474114775657654,1.0399999618530273,1.5299999713897705
1859,1.3050000667572021,0.19245778024196625,0.9549999833106995,1.5499999523162842
1860,1.3545000553131104,0.16953539848327637,1.0549999475479126,1.5549999475479126
1861,0.9629999399185181,1.372671127319336,-3.140000104904175,1.565000057220459
1862,0.985500156879425,0.6035165786743164,-0.7200000286102295,1.4249999523162842
1863,1.2130000591278076,0.44410136342048645,2.220446049250313e-16,1.565000057220459
1864,1.3630000352859497,0.13746273517608643,1.1749999523162842,1.565000057220459
1865,1.3364999294281006,0.11236213147640228,1.1749999523162842,1.5549999475479126
1866,1.277000069618225,0.18747268617153168,1.024999976158142,1.565000057220459
1867,1.442000150680542,0.10677547007799149,1.2599999904632568,1.600000023841858
1868,1.1749999523162842,0.30874747037887573,0.49000000953674316,1.5299999713897705
1869,1.3550001382827759,0.22978249192237854,0.7350000143051147,1.5800000429153442
1870,1.1825000047683716,0.42627015709877014,0.014999999664723873,1.5399999618530273
1871,1.375499963760376,0.16221052408218384,1.1050000190734863,1.6200000047683716
1872,1.099500060081482,0.5078408122062683,-0.20999999344348907,1.5199999809265137
1873,1.3859999179840088,0.15528683364391327,1.090000033378601,1.565000057220459
1874,1.2764999866485596,0.18414735794067383,0.824999988079071,1.524999976158142
1875,1.3215000629425049,0.1681673377752304,1.0449999570846558,1.590000033378601
1876,1.366999864578247,0.11621531844139099,1.1349999904632568,1.5149999856948853
1877,1.3859999179840088,0.15823715925216675,1.1200000047683716,1.6200000047683716
1878,1.311000108718872,0.1447204202413559,1.0099999904632568,1.4850000143051147
1879,1.3680000305175781,0.11142709106206894,1.1150000095367432,1.5299999713897705
1880,1.2315000295639038,0.20811113715171814,0.925000011920929,1.5199999809265137
1881,1.3880000114440918,0.14930172264575958,1.1449999809265137,1.5399999618530273
1882,1.374500036239624,0.13022001087665558,1.1150000095367432,1.5049999952316284
1883,1.2395000457763672,0.22616863250732422,0.675000011920929,1.5049999952316284
1884,1.3535000085830688,0.17395474016666412,0.9350000023841858,1.5700000524520874
1885,1.2285001277923584,0.1602661907672882,0.9200000166893005,1.4550000429153442
1886,1.1685000658035278,0.3391832411289215,0.36000001430511475,1.5750000476837158
1887,1.3125,0.16185255348682404,1.0399999618530273,1.5449999570846558
1888,1.2574999332427979,0.1466841846704483,0.8550000190734863,1.3700000047683716
1889,1.2320001125335693,0.17092686891555786,0.925000011920929,1.5449999570846558
1890,1.310999870300293,0.1639481484889984,0.9850000143051147,1.5449999570846558
1891,1.30899977684021,0.23216158151626587,0.7350000143051147,1.5399999618530273
1892,1.3279999494552612,0.13259336352348328,1.0850000381469727,1.4850000143051147
1893,1.3250000476837158,0.19068297743797302,0.8500000238418579,1.534999966621399
1894,1.3585000038146973,0.22008009254932404,0.8650000095367432,1.5449999570846558
1895,1.216999888420105,0.2581975758075714,0.6200000047683716,1.534999966621399
1896,1.3020000457763672,0.10670521855354309,1.1299999952316284,1.475000023841858
1897,1.2030000686645508,0.23251022398471832,0.6899999976158142,1.4149999618530273
1898,1.3485000133514404,0.1184704452753067,1.0850000381469727,1.524999976158142
1899,1.3509999513626099,0.15891505777835846,1.0850000381469727,1.5449999570846558
1900,1.4314998388290405,0.10072363913059235,1.2799999713897705,1.5700000524520874
1901,1.3594999313354492,0.15138445794582367,1.034999966621399,1.6100000143051147
1902,1.3009999990463257,0.15578511357307434,0.9549999833106995,1.4500000476837158
1903,1.3779999017715454,0.1057402491569519,1.1100000143051147,1.5099999904632568
1904,1.3645001649856567,0.09616261720657349,1.215000033378601,1.5099999904632568
1905,1.1945000886917114,0.47853654623031616,-0.17000000178813934,1.600000023841858
1906,1.368499994277954,0.11000113934278488,1.149999976158142,1.534999966621399
1907,1.342000126838684,0.160673588514328,1.0700000524520874,1.600000023841858
1908,1.2734999656677246,0.4844277501106262,-0.14000000059604645,1.5800000429153442
1909,1.1495001316070557,0.47707152366638184,-0.05000000074505806,1.5750000476837158
1910,1.3604999780654907,0.11176873743534088,1.149999976158142,1.5149999856948853
1911,1.2859998941421509,0.13645146787166595,1.0449999570846558,1.524999976158142
1912,1.378000020980835,0.17376995086669922,1.0950000286102295,1.600000023841858
1913,1.2944999933242798,0.2713894844055176,0.6000000238418579,1.5499999523162842
1914,1.3550000190734863,0.15543487668037415,0.9350000023841858,1.5149999856948853
1915,1.2295000553131104,0.17313940823078156,0.8849999904632568,1.465000033378601
1916,1.3545000553131104,0.10496308654546738,1.2050000429153442,1.4850000143051147
1917,1.3445000648498535,0.0358782522380352,1.284999966621399,1.409999966621399
1918,1.2984998226165771,0.25920116901397705,0.6050000190734863,1.565000057220459
1919,1.3355000019073486,0.15775692462921143,1.0099999904632568,1.534999966621399
1920,1.3584998846054077,0.11291700601577759,1.1749999523162842,1.5399999618530273
1921,1.3209999799728394,0.21475335955619812,0.8700000047683716,1.5750000476837158
1922,1.2664999961853027,0.3181355893611908,0.42500001192092896,1.5499999523162842
1923,1.3040000200271606,0.14236922562122345,1.1200000047683716,1.5399999618530273
1924,1.346500039100647,0.20771433413028717,0.7900000214576721,1.5449999570846558
1925,1.3990000486373901,0.13036103546619415,1.1449999809265137,1.5449999570846558
1926,1.3375000953674316,0.15719814598560333,1.1100000143051147,1.5750000476837158
1927,1.3914999961853027,0.18288041651248932,1.0950000286102295,1.6200000047683716
1928,1.3519999980926514,0.1376444697380066,1.1399999856948853,1.5399999618530273
1929,0.950999915599823,1.2362074851989746,-2.740000009536743,1.5700000524520874
1930,1.2919999361038208,0.11849471926689148,1.159999966621399,1.5499999523162842
1931,1.160499930381775,0.2597445845603943,0.5099999904632568,1.4299999475479126
1932,1.3885000944137573,0.1378595381975174,1.215000033378601,1.590000033378601
1933,1.2554998397827148,0.24419716000556946,0.6549999713897705,1.5149999856948853
1934,1.3224999904632568,0.1930835098028183,0.925000011920929,1.5449999570846558
1935,1.2774999141693115,0.15567995607852936,0.9700000286102295,1.4800000190734863
1936,1.3615000247955322,0.14170479774475098,1.1349999904632568,1.565000057220459
1937,1.3435001373291016,0.11384309828281403,1.0950000286102295,1.5
1938,1.4010001420974731,0.10714009404182434,1.2599999904632568,1.6050000190734863
1939,1.2774999141693115,0.1921880543231964,0.9449999928474426,1.5149999856948853
1940,1.371999979019165,0.15471261739730835,1.0950000286102295,1.5449999570846558
1941,1.3125001192092896,0.15156269073486328,1.1200000047683716,1.5950000286102295
1942,1.4280000925064087,0.1254432052373886,1.2200000286102295,1.590000033378601
1943,1.3869999647140503,0.0764918401837349,1.2799999713897705,1.5049999952316284
1944,1.2384998798370361,0.2121444046497345,0.8500000238418579,1.5099999904632568
1945,1.3889999389648438,0.15086084604263306,1.100000023841858,1.5399999618530273
1946,1.2840001583099365,0.18748067319393158,0.9549999833106995,1.5149999856948853
1947,1.3890000581741333,0.10358088463544846,1.190000057220459,1.565000057220459
1948,1.3540000915527344,0.08251665532588959,1.2300000190734863,1.534999966621399
1949,1.254499912261963,0.3031620681285858,0.5649999976158142,1.559999942779541
1950,1.3929998874664307,0.15093377232551575,1.059999942779541,1.5700000524520874
1951,1.2165000438690186,0.3167574107646942,0.4050000011920929,1.5149999856948853
1952,1.3874999284744263,0.1376272290945053,1.149999976158142,1.5750000476837158
1953,1.3945000171661377,0.13237163424491882,1.1799999475479126,1.534999966621399
1954,1.2864999771118164,0.22669418156147003,0.6800000071525574,1.4850000143051147
1955,0.8999999761581421,1.236329197883606,-2.7799999713897705,1.5399999618530273
1956,1.3860000371932983,0.14473769068717957,1.0549999475479126,1.5499999523162842
1957,1.3229999542236328,0.13002309203147888,1.1150000095367432,1.565000057220459
1958,1.3625000715255737,0.12804783880710602,1.1050000190734863,1.5700000524520874
1959,1.3570001125335693,0.19593621790409088,0.875,1.6150000095367432
1960,1.309499979019165,0.07285089790821075,1.149999976158142,1.4450000524520874
1961,1.2669999599456787,0.12872838973999023,1.1150000095367432,1.5049999952316284
1962,1.3654999732971191,0.145231693983078,1.065000057220459,1.5399999618530273
1963,1.2569999694824219,0.16431981325149536,0.9049999713897705,1.4249999523162842
1964,1.1430000066757202,0.4263402223587036,0.07999999821186066,1.534999966621399
1965,1.3609998226165771,0.07562408596277237,1.2599999904632568,1.4900000095367432
1966,1.375,0.11445524543523788,1.2300000190734863,1.5700000524520874
1967,1.3530000448226929,0.14965291321277618,1.1200000047683716,1.5399999618530273
1968,1.3995001316070557,0.11816196143627167,1.2300000190734863,1.600000023841858
1969,1.3554999828338623,0.14626090228557587,1.0950000286102295,1.600000023841858
1970,1.3360000848770142,0.11840187013149261,1.1449999809265137,1.5149999856948853
1971,1.315500020980835,0.17347118258476257,1.0,1.5149999856948853
1972,1.3504998683929443,0.14148233830928802,1.0399999618530273,1.5449999570846558
1973,1.3489998579025269,0.15519019961357117,1.065000057220459,1.565000057220459
1974,1.3985000848770142,0.11683431267738342,1.1749999523162842,1.5750000476837158
1975,1.3584998846054077,0.12678822875022888,1.1799999475479126,1.565000057220459
1976,1.183500051498413,0.4020948112010956,0.10499999672174454,1.5149999856948853
1977,1.2675000429153442,0.37908604741096497,0.2150000035762787,1.600000023841858
1978,1.1460001468658447,0.5084476470947266,-0.28999999165534973,1.5549999475479126
1979,1.2825000286102295,0.15493950247764587,1.0099999904632568,1.5049999952316284
1980,1.3690000772476196,0.13776427507400513,1.0800000429153442,1.4900000095367432
1981,1.3329999446868896,0.19022618234157562,0.8700000047683716,1.5950000286102295
1982,1.3940000534057617,0.12993843853473663,1.0750000476837158,1.5850000381469727
1983,1.2910000085830688,0.12012076377868652,1.0549999475479126,1.409999966621399
1984,1.2615001201629639,0.5133421421051025,-0.23999999463558197,1.5700000524520874
1985,1.307499885559082,0.11824233829975128,1.1749999523162842,1.534999966621399
1986,1.318000078201294,0.12952221930027008,1.034999966621399,1.4800000190734863
1987,1.3370001316070557,0.1523023396730423,1.1299999952316284,1.565000057220459
1988,1.3434998989105225,0.12020917981863022,1.1200000047683716,1.5399999618530273
1989,1.3244999647140503,0.12189032137393951,1.1200000047683716,1.5399999618530273
1990,1.3510000705718994,0.12885649502277374,1.0950000286102295,1.4900000095367432
1991,1.2654999494552612,0.2384580820798874,0.8550000190734863,1.5449999570846558
1992,1.3574999570846558,0.09354811161756516,1.25,1.534999966621399
1993,1.377000093460083,0.13925157487392426,1.0049999952316284,1.5049999952316284
1994,1.2190001010894775,0.2985280454158783,0.6150000095367432,1.565000057220459
1995,0.9915000200271606,1.2337504625320435,-2.690000057220459,1.565000057220459
1996,1.3229999542236328,0.18708555400371552,0.8299999833106995,1.5299999713897705
1997,1.3535000085830688,0.1947825849056244,0.8949999809265137,1.5950000286102295
1998,1.290000081062317,0.1655445545911789,0.9549999833106995,1.4900000095367432
1999,1.371999979019165,0.12512391805648804,1.2000000476837158,1.559999942779541
2000,1.352000117301941,0.09757561981678009,1.1299999952316284,1.475000023841858
