episode,mean_reward,std_reward,min_reward,max_reward
1,-3.0839998722076416,0.20025980472564697,-3.559999942779541,-2.809999942779541
2,-2.9489998817443848,0.1322459876537323,-3.2799999713897705,-2.819999933242798
3,-2.55649995803833,1.181571125984192,-3.490000009536743,0.9350000023841858
4,-2.927999973297119,0.1809861958026886,-3.2799999713897705,-2.7100000381469727
5,-2.735999822616577,0.8279517292976379,-3.25,-0.30000001192092896
6,-2.7209999561309814,1.1356534957885742,-3.569999933242798,0.6299999952316284
7,-2.501500129699707,1.342065691947937,-3.3399999141693115,1.4850000143051147
8,-2.7730000019073486,0.601565420627594,-3.130000114440918,-1.0
9,-2.993999719619751,0.11490868777036667,-3.1500000953674316,-2.799999952316284
10,-2.3445000648498535,1.4927297830581665,-3.549999952316284,1.4900000095367432
11,-2.940000057220459,0.20827868580818176,-3.390000104904175,-2.7200000286102295
12,-2.707000255584717,0.8830294609069824,-3.25,-0.07999999821186066
13,-2.944999933242798,0.1146516352891922,-3.1500000953674316,-2.7300000190734863
14,-2.9579997062683105,0.21553656458854675,-3.4100000858306885,-2.700000047683716
15,-2.637500047683716,0.9709820747375488,-3.1600000858306885,0.2549999952316284
16,-2.5149998664855957,1.165334701538086,-3.1700000762939453,0.9599999785423279
17,-2.999000072479248,0.10113850235939026,-3.2200000286102295,-2.859999895095825
18,-2.7929999828338623,0.5780320167541504,-3.190000057220459,-1.1200000047683716
19,-2.8989999294281006,0.1502963751554489,-3.2100000381469727,-2.700000047683716
20,-2.6800003051757812,0.8140761852264404,-3.2200000286102295,-0.28999999165534973
21,-2.6334996223449707,0.914767861366272,-3.319999933242798,0.06499999761581421
22,-2.629500150680542,1.3358525037765503,-3.569999933242798,1.274999976158142
23,-2.7814998626708984,0.6201130747795105,-3.130000114440918,-0.9350000023841858
24,-2.564500093460083,1.2587779760360718,-3.2200000286102295,1.1950000524520874
25,-2.888000011444092,0.16916264593601227,-3.190000057220459,-2.5899999141693115
26,-2.9780001640319824,0.09505787491798401,-3.130000114440918,-2.7899999618530273
27,-2.5940003395080566,0.957216739654541,-3.180000066757202,0.25
28,-2.996999979019165,0.1508011668920517,-3.319999933242798,-2.740000009536743
29,-2.995000123977661,0.25299209356307983,-3.5199999809265137,-2.690000057220459
30,-2.2674999237060547,1.6145421266555786,-3.549999952316284,0.9449999928474426
31,-2.9010000228881836,0.1889682412147522,-3.2100000381469727,-2.509999990463257
32,-2.879000186920166,0.12817564606666565,-3.069999933242798,-2.6500000953674316
33,-2.9119999408721924,0.11872661113739014,-3.130000114440918,-2.759999990463257
34,-2.7574996948242188,0.5303265452384949,-3.190000057220459,-1.225000023841858
35,-2.9190001487731934,0.12731458246707916,-3.1700000762939453,-2.700000047683716
36,-2.9590001106262207,0.07395270466804504,-3.140000104904175,-2.869999885559082
37,-2.571500062942505,1.134491205215454,-3.0899999141693115,0.824999988079071
38,-2.1584999561309814,1.24141263961792,-3.069999933242798,0.29499998688697815
39,-2.44350004196167,1.1930718421936035,-3.2899999618530273,0.3149999976158142
40,-2.9029998779296875,0.1397891491651535,-3.059999942779541,-2.559999942779541
41,-2.448500156402588,1.0381956100463867,-3.2300000190734863,-0.11999999731779099
42,-2.9030001163482666,0.19416747987270355,-3.380000114440918,-2.7200000286102295
43,-2.9009997844696045,0.11920153349637985,-3.1700000762939453,-2.7200000286102295
44,-2.2065000534057617,1.408868432044983,-3.0899999141693115,1.4249999523162842
45,-2.863999843597412,0.20621350407600403,-3.2300000190734863,-2.4800000190734863
46,-2.4835000038146973,1.3028048276901245,-3.109999895095825,1.4149999618530273
47,-2.875,0.07762090116739273,-3.0,-2.7699999809265137
48,-2.9779999256134033,0.1203993409872055,-3.2300000190734863,-2.7699999809265137
49,-2.2790000438690186,1.2169321775436401,-3.009999990463257,0.7049999833106995
50,-2.197999954223633,1.5817571878433228,-3.3299999237060547,1.2000000476837158
51,-2.8489999771118164,0.1307249218225479,-3.0799999237060547,-2.5399999618530273
52,-2.8849995136260986,0.09962429851293564,-3.059999942779541,-2.7899999618530273
53,-2.5910000801086426,0.9705508947372437,-3.069999933242798,0.30000001192092896
54,-2.936999797821045,0.16186721622943878,-3.309999942779541,-2.680000066757202
55,-2.8319997787475586,0.1524335741996765,-3.059999942779541,-2.4700000286102295
56,-2.764000177383423,0.5531582236289978,-3.430000066757202,-1.2000000476837158
57,-2.8510000705718994,0.12372952699661255,-3.049999952316284,-2.680000066757202
58,-2.384500026702881,1.1649773120880127,-3.0799999237060547,0.6850000023841858
59,-2.4509999752044678,1.1383272409439087,-3.0199999809265137,0.949999988079071
60,-2.8959996700286865,0.14520327746868134,-3.069999933242798,-2.6700000762939453
61,-2.8899998664855957,0.07655065506696701,-3.0,-2.740000009536743
62,-2.6089999675750732,0.6950604319572449,-3.009999990463257,-0.550000011920929
63,-2.9170002937316895,0.09434512257575989,-3.0799999237060547,-2.740000009536743
64,-2.688500165939331,0.5959616303443909,-3.0399999618530273,-0.925000011920929
65,-2.69599986076355,0.8760274052619934,-3.240000009536743,-0.09000000357627869
66,-2.450500011444092,0.875438392162323,-2.9700000286102295,-0.32499998807907104
67,-2.2350001335144043,1.05031418800354,-3.130000114440918,-0.0949999988079071
68,-2.1075000762939453,1.0863568782806396,-3.0199999809265137,-0.125
69,-1.8829997777938843,1.6036601066589355,-2.950000047683716,1.524999976158142
70,-2.440999984741211,1.2926828861236572,-3.190000057220459,1.4199999570846558
71,-2.995999813079834,0.2297476977109909,-3.450000047683716,-2.7100000381469727
72,-2.0290000438690186,1.5043566226959229,-3.2100000381469727,1.0099999904632568
73,-2.945000171661377,0.29863858222961426,-3.7200000286102295,-2.700000047683716
74,-2.9579999446868896,0.29342120885849,-3.700000047683716,-2.690000057220459
75,-2.559500217437744,1.1271700859069824,-3.549999952316284,0.7549999952316284
76,-2.009500026702881,1.3477470874786377,-2.9800000190734863,0.5950000286102295
77,-2.178499937057495,1.5265485048294067,-3.190000057220459,0.9100000262260437
78,-2.61650013923645,0.7142829895019531,-3.0,-0.4950000047683716
79,-2.944999933242798,0.10317463427782059,-3.140000104904175,-2.740000009536743
80,-2.683000087738037,0.7781651616096497,-3.0899999141693115,-0.3700000047683716
81,-2.888000011444092,0.08634815365076065,-3.0799999237060547,-2.799999952316284
82,-2.8949999809265137,0.14813846349716187,-3.0999999046325684,-2.609999895095825
83,-2.6130001544952393,0.9479562640190125,-3.109999895095825,0.20999999344348907
84,-2.4749999046325684,1.232909083366394,-3.069999933242798,1.190000057220459
85,-2.5390000343322754,1.1395301818847656,-3.0399999618530273,0.8700000047683716
86,-2.8459999561309814,0.23660938441753387,-3.4800000190734863,-2.609999895095825
87,-2.994000196456909,0.1076289638876915,-3.299999952316284,-2.890000104904175
88,-2.477999687194824,1.2943477630615234,-3.259999990463257,1.3799999952316284
89,-2.1115000247955322,1.685630440711975,-3.6700000762939453,1.4500000476837158
90,-3.0450000762939453,0.30276229977607727,-3.9200000762939453,-2.809999942779541
91,-2.49399995803833,0.9872709512710571,-3.1600000858306885,-0.11999999731779099
92,-2.195499897003174,1.352494716644287,-3.049999952316284,0.5849999785423279
93,-2.8910000324249268,0.12381035834550858,-3.130000114440918,-2.6500000953674316
94,-2.2644999027252197,1.3536735773086548,-3.009999990463257,1.4850000143051147
95,-2.3995003700256348,1.157122254371643,-2.9600000381469727,1.0549999475479126
96,-2.2304999828338623,1.4851539134979248,-3.3299999237060547,0.9800000190734863
97,-2.2400002479553223,1.4238890409469604,-3.25,1.2000000476837158
98,-2.622499942779541,0.753436267375946,-3.119999885559082,-0.39500001072883606
99,-2.049499988555908,1.562072992324829,-3.009999990463257,1.3300000429153442
100,-2.2109999656677246,1.4432910680770874,-3.119999885559082,0.7900000214576721
101,-2.5169999599456787,1.031038761138916,-2.950000047683716,0.5699999928474426
102,-2.636000156402588,0.6050322651863098,-2.9200000762939453,-0.8299999833106995
103,-1.5295000076293945,1.6995270252227783,-2.940000057220459,1.440000057220459
104,-2.136000156402588,1.4006850719451904,-3.009999990463257,1.0149999856948853
105,-2.4489998817443848,1.0740153789520264,-3.0399999618530273,0.75
106,-1.3609999418258667,1.809570074081421,-3.009999990463257,1.0750000476837158
107,-2.2925000190734863,1.1678383350372314,-3.0399999618530273,0.3149999976158142
108,-2.8450000286102295,0.07927802205085754,-2.990000009536743,-2.75
109,-2.6100001335144043,1.0396056175231934,-3.0799999237060547,0.5
110,-1.8029998540878296,1.494361400604248,-2.9200000762939453,0.9300000071525574
111,-2.010499954223633,1.5626651048660278,-2.9100000858306885,1.2300000190734863
112,-2.634500026702881,0.8132603168487549,-3.009999990463257,-0.20499999821186066
113,-2.428499937057495,1.19450843334198,-2.9800000190734863,1.1349999904632568
114,-2.6700003147125244,0.6217073798179626,-3.049999952316284,-0.8399999737739563
115,-2.630000114440918,0.5578530430793762,-2.950000047683716,-0.9800000190734863
116,-2.3854997158050537,0.8957188725471497,-2.9100000858306885,-0.33500000834465027
117,-1.6969997882843018,1.5968643426895142,-2.9000000953674316,1.0850000381469727
118,-2.1399998664855957,1.4938005208969116,-3.0199999809265137,1.0700000524520874
119,-2.5924999713897705,0.7621589303016663,-3.069999933242798,-0.32499998807907104
120,-2.2320001125335693,1.3699638843536377,-3.1500000953674316,0.5649999976158142
121,-2.375499725341797,1.2857108116149902,-2.930000066757202,1.475000023841858
122,-2.0490002632141113,1.678269624710083,-2.9600000381469727,1.3899999856948853
123,-1.7929999828338623,1.671127200126648,-3.0399999618530273,1.5700000524520874
124,-2.5209999084472656,0.8999828100204468,-3.0399999618530273,0.15000000596046448
125,-2.2120001316070557,1.2578059434890747,-2.990000009536743,0.8999999761581421
126,-1.6614999771118164,1.7320653200149536,-2.859999895095825,1.3700000047683716
127,-1.9259999990463257,1.4130477905273438,-2.9600000381469727,0.9200000166893005
128,-2.066999912261963,1.5471396446228027,-2.950000047683716,1.5399999618530273
129,-2.4195001125335693,1.0040130615234375,-3.119999885559082,0.20000000298023224
130,-2.4130001068115234,0.9439205527305603,-3.009999990463257,-0.5149999856948853
131,-1.7384999990463257,1.7560040950775146,-2.950000047683716,1.4600000381469727
132,-2.11899995803833,1.4308210611343384,-2.880000114440918,1.4199999570846558
133,-1.7105000019073486,1.7543951272964478,-3.0999999046325684,1.409999966621399
134,-2.440999746322632,1.1900794506072998,-2.9800000190734863,1.1200000047683716
135,-1.9130001068115234,1.4558420181274414,-2.9600000381469727,1.0950000286102295
136,-2.1460001468658447,1.4663641452789307,-2.950000047683716,0.8100000023841858
137,-2.8520002365112305,0.12294712662696838,-3.0999999046325684,-2.6700000762939453
138,-1.8309999704360962,1.4647897481918335,-2.940000057220459,0.8700000047683716
139,-1.7454999685287476,1.3611822128295898,-2.890000104904175,0.8650000095367432
140,-2.4590001106262207,1.2042545080184937,-2.990000009536743,1.149999976158142
141,-2.0505001544952393,1.5219533443450928,-2.9200000762939453,1.5449999570846558
142,-2.6419999599456787,0.5186482667922974,-2.930000066757202,-1.1100000143051147
143,-1.7944999933242798,1.6948901414871216,-3.0999999046325684,1.434999942779541
144,-2.621500015258789,0.6401408314704895,-2.9200000762939453,-0.7149999737739563
145,-1.8369998931884766,1.6124751567840576,-2.9600000381469727,1.2450000047683716
146,-2.2739996910095215,1.2867649793624878,-3.140000104904175,1.100000023841858
147,-1.844499945640564,1.5954426527023315,-2.950000047683716,1.1449999809265137
148,-2.3955001831054688,0.9502485394477844,-3.009999990463257,-0.38499999046325684
149,-2.438999891281128,0.8287153244018555,-2.940000057220459,-0.75
150,-1.4325000047683716,1.7282770872116089,-2.9700000286102295,1.284999966621399
151,-1.8990001678466797,1.515718936920166,-3.0799999237060547,1.125
152,-2.423499822616577,1.164796233177185,-2.9700000286102295,1.065000057220459
153,-2.4664998054504395,0.9528117775917053,-2.869999885559082,0.38499999046325684
154,-2.5324997901916504,0.9005588293075562,-2.950000047683716,0.1550000011920929
155,-2.251999855041504,1.286699652671814,-3.0399999618530273,1.0299999713897705
156,-2.3229997158050537,1.0701687335968018,-2.990000009536743,0.09000000357627869
157,-1.941499948501587,1.4271125793457031,-2.9800000190734863,1.2549999952316284
158,-1.9915001392364502,1.6336921453475952,-2.9200000762939453,1.4900000095367432
159,-1.7709999084472656,1.7353541851043701,-2.930000066757202,1.5149999856948853
160,-1.7885000705718994,1.644946813583374,-2.9200000762939453,1.1399999856948853
161,-2.4469997882843018,1.1255048513412476,-2.9600000381469727,0.9200000166893005
162,-2.1424999237060547,1.4395854473114014,-2.990000009536743,1.4850000143051147
163,-2.431000232696533,0.882583737373352,-3.299999952316284,-0.6549999713897705
164,-2.1624999046325684,1.4250601530075073,-3.0399999618530273,1.034999966621399
165,-2.2110002040863037,1.1999850273132324,-2.9800000190734863,0.4050000011920929
166,-1.8629999160766602,1.3373578786849976,-2.9700000286102295,0.675000011920929
167,-1.4789998531341553,1.6577194929122925,-2.9200000762939453,1.0850000381469727
168,-2.2669997215270996,1.2375140190124512,-3.0299999713897705,0.5600000023841858
169,-2.177000045776367,1.4103779792785645,-3.0399999618530273,1.034999966621399
170,-1.8004999160766602,1.618654489517212,-3.0199999809265137,1.4500000476837158
171,-2.2294998168945312,1.2506526708602905,-2.9800000190734863,0.4650000035762787
172,-1.0129998922348022,1.8982113599777222,-2.9700000286102295,1.5499999523162842
173,-1.312499761581421,1.6319117546081543,-2.8299999237060547,1.465000033378601
174,-2.2135000228881836,1.2677578926086426,-2.880000114440918,1.1749999523162842
175,-2.3899998664855957,1.3078073263168335,-2.9200000762939453,1.5299999713897705
176,-1.5410001277923584,1.5712300539016724,-2.9000000953674316,0.7300000190734863
177,-1.4474999904632568,1.8188049793243408,-2.9200000762939453,1.5399999618530273
178,-2.185499906539917,1.2879410982131958,-2.9800000190734863,0.6850000023841858
179,-1.2050000429153442,1.9063184261322021,-2.890000104904175,1.4900000095367432
180,-1.0924999713897705,1.8361295461654663,-2.9600000381469727,1.5149999856948853
181,-1.3009999990463257,1.5887428522109985,-2.880000114440918,1.315000057220459
182,-1.78000009059906,1.6082677841186523,-2.9000000953674316,1.315000057220459
183,-2.329500198364258,1.0717660188674927,-2.9600000381469727,0.3799999952316284
184,-2.6484999656677246,0.6022127866744995,-2.990000009536743,-0.8550000190734863
185,-1.6684999465942383,1.8562219142913818,-2.9600000381469727,1.2050000429153442
186,-1.9879999160766602,1.334181785583496,-2.9000000953674316,1.2350000143051147
187,-1.6424999237060547,1.8447835445404053,-2.990000009536743,1.3300000429153442
188,-2.5285000801086426,0.7403311729431152,-2.950000047683716,-0.32499998807907104
189,-1.3005001544952393,1.9050623178482056,-2.9600000381469727,1.5299999713897705
190,-1.4824999570846558,1.7298688888549805,-2.930000066757202,1.2400000095367432
191,-2.0334999561309814,1.2777559757232666,-3.0399999618530273,0.5199999809265137
192,-1.9769999980926514,1.3434828519821167,-2.9800000190734863,0.26499998569488525
193,-1.7194998264312744,1.6933966875076294,-2.8399999141693115,1.5199999809265137
194,-2.059500217437744,1.0644234418869019,-2.950000047683716,-0.14499999582767487
195,-1.9249998331069946,1.2906917333602905,-2.890000104904175,0.28999999165534973
196,-2.0855000019073486,1.5847119092941284,-3.049999952316284,1.149999976158142
197,-1.2574999332427979,1.9729840755462646,-2.930000066757202,1.5499999523162842
198,-1.7395000457763672,1.805677890777588,-3.0299999713897705,1.5700000524520874
199,-1.3620001077651978,1.5294283628463745,-2.9600000381469727,0.5699999928474426
200,-1.4595000743865967,1.6822298765182495,-2.950000047683716,1.2200000286102295
201,-1.0499999523162842,1.5854511260986328,-2.9800000190734863,1.3200000524520874
202,-2.5204999446868896,0.9844298958778381,-3.0,0.41499999165534973
203,-2.258500099182129,1.1053688526153564,-3.009999990463257,0.14000000059604645
204,-1.5445001125335693,1.5995099544525146,-3.009999990463257,0.9300000071525574
205,-1.3890000581741333,1.8063952922821045,-2.930000066757202,1.340000033378601
206,-2.0204999446868896,1.518170714378357,-2.880000114440918,1.0149999856948853
207,-2.004000186920166,1.5465264320373535,-2.9600000381469727,1.1299999952316284
208,-0.7834999561309814,1.6762325763702393,-2.8399999141693115,1.2200000286102295
209,-2.125,1.4371743202209473,-2.990000009536743,1.1349999904632568
210,-1.9704997539520264,1.4783309698104858,-2.9600000381469727,1.3300000429153442
211,-1.434499979019165,1.878064751625061,-2.9800000190734863,1.4550000429153442
212,-2.1619999408721924,1.3914223909378052,-2.990000009536743,0.6899999976158142
213,-1.3200000524520874,1.8491579294204712,-3.0399999618530273,1.4950000047683716
214,-1.1705000400543213,1.966989517211914,-2.890000104904175,1.3650000095367432
215,-0.6165000200271606,1.8915046453475952,-2.9100000858306885,1.4600000381469727
216,-1.3905000686645508,1.7436763048171997,-2.869999885559082,1.2450000047683716
217,-1.433500051498413,1.7262401580810547,-2.9000000953674316,1.090000033378601
218,-1.630000114440918,1.55399489402771,-2.930000066757202,1.0399999618530273
219,-1.028499960899353,1.5637791156768799,-2.9100000858306885,1.4900000095367432
220,-0.9085000157356262,1.9230029582977295,-2.990000009536743,1.2999999523162842
221,-0.96399986743927,1.8921042680740356,-3.0199999809265137,1.2549999952316284
222,-1.185999870300293,1.697499394416809,-2.890000104904175,1.5149999856948853
223,-1.655500054359436,1.676585078239441,-2.869999885559082,1.2949999570846558
224,-1.6045000553131104,1.800365924835205,-2.9200000762939453,1.1950000524520874
225,-1.3199999332427979,1.8699637651443481,-2.9200000762939453,1.5499999523162842
226,-1.341499924659729,1.7032190561294556,-3.0,1.475000023841858
227,-1.0220000743865967,1.7728426456451416,-2.809999942779541,1.5299999713897705
228,-0.7494999766349792,1.7738933563232422,-2.9200000762939453,1.3200000524520874
229,-1.6770000457763672,1.8004765510559082,-2.9700000286102295,1.4500000476837158
230,-1.3229999542236328,1.5281805992126465,-2.9200000762939453,0.6949999928474426
231,-1.7379999160766602,1.6489136219024658,-2.890000104904175,1.149999976158142
232,-1.4700000286102295,1.6385618448257446,-2.869999885559082,0.9900000095367432
233,-1.4205000400543213,1.4942378997802734,-2.8499999046325684,1.1649999618530273
234,-1.7634999752044678,1.6246753931045532,-2.9600000381469727,1.059999942779541
235,-1.315500020980835,1.859019160270691,-2.9200000762939453,1.2999999523162842
236,-1.4350000619888306,1.7373082637786865,-2.950000047683716,1.149999976158142
237,-1.7649999856948853,1.6488206386566162,-3.0399999618530273,1.375
238,-0.9555000066757202,1.6262940168380737,-2.950000047683716,1.3250000476837158
239,-0.7639999985694885,1.514550805091858,-2.9000000953674316,1.340000033378601
240,-1.7679998874664307,1.6647826433181763,-2.9000000953674316,1.465000033378601
241,-1.3994998931884766,1.5464740991592407,-2.890000104904175,1.475000023841858
242,-1.0880000591278076,1.7582978010177612,-2.890000104904175,1.2999999523162842
243,-1.2484999895095825,1.6831592321395874,-3.009999990463257,1.2599999904632568
244,-0.015499991364777088,1.4453450441360474,-2.7300000190734863,1.4249999523162842
245,-0.5740000009536743,1.832743525505066,-2.950000047683716,1.1749999523162842
246,-1.4895000457763672,1.7683204412460327,-2.9200000762939453,1.315000057220459
247,-1.1510000228881836,1.7001187801361084,-2.950000047683716,1.5700000524520874
248,-1.0260000228881836,1.9011099338531494,-2.940000057220459,1.3799999952316284
249,-1.6995000839233398,1.685912847518921,-3.0999999046325684,1.3200000524520874
250,-1.4544999599456787,1.7267489433288574,-2.990000009536743,1.5449999570846558
251,-1.091499924659729,1.840543508529663,-3.2799999713897705,1.534999966621399
252,-0.48249998688697815,1.6268514394760132,-2.8499999046325684,1.5
253,-2.0470001697540283,1.6451917886734009,-3.0399999618530273,1.5449999570846558
254,-1.0509999990463257,1.7797397375106812,-2.930000066757202,1.5099999904632568
255,-0.6830000281333923,1.8323074579238892,-2.950000047683716,1.3450000286102295
256,-0.7100000977516174,1.7963296175003052,-2.859999895095825,1.475000023841858
257,-1.752000093460083,1.3774763345718384,-2.950000047683716,0.9950000047683716
258,-0.8535000681877136,1.8717585802078247,-2.950000047683716,1.4850000143051147
259,-0.590499997138977,1.7703394889831543,-2.819999933242798,1.3700000047683716
260,-1.8454999923706055,1.4753447771072388,-2.9600000381469727,1.2000000476837158
261,-1.215000033378601,1.9208825826644897,-2.880000114440918,1.5199999809265137
262,-0.5644999742507935,1.8850005865097046,-2.880000114440918,1.465000033378601
263,-1.0054999589920044,1.7665650844573975,-3.5299999713897705,1.059999942779541
264,-1.1095000505447388,1.8659614324569702,-2.9800000190734863,1.4950000047683716
265,-0.8225000500679016,1.927027940750122,-3.319999933242798,1.4950000047683716
266,-1.7849998474121094,1.7283257246017456,-2.9800000190734863,1.3849999904632568
267,-1.559000015258789,1.6552051305770874,-3.069999933242798,1.034999966621399
268,-0.8224999308586121,1.7369227409362793,-2.890000104904175,1.4700000286102295
269,-0.4114999771118164,2.002133846282959,-2.9200000762939453,1.3849999904632568
270,-0.902999997138977,1.9599556922912598,-2.890000104904175,1.465000033378601
271,-1.7714999914169312,1.6062254905700684,-2.9200000762939453,1.2300000190734863
272,-1.3875000476837158,1.7142423391342163,-2.880000114440918,1.5
273,-0.658500075340271,2.039010763168335,-2.7799999713897705,1.6150000095367432
274,-0.7014999389648438,2.028303623199463,-2.9000000953674316,1.4700000286102295
275,-0.38599997758865356,1.9277989864349365,-2.809999942779541,1.4900000095367432
276,-0.9219999313354492,1.9385654926300049,-2.859999895095825,1.4950000047683716
277,-0.9409999847412109,1.8162059783935547,-2.880000114440918,1.5499999523162842
278,-1.8879998922348022,1.5265028476715088,-3.069999933242798,1.465000033378601
279,-1.0440000295639038,1.8518002033233643,-3.009999990463257,1.3949999809265137
280,-0.9020000696182251,1.6592592000961304,-2.890000104904175,1.350000023841858
281,-1.030499815940857,1.7656718492507935,-2.8499999046325684,1.5099999904632568
282,-0.5630000829696655,1.897688388824463,-3.109999895095825,1.3600000143051147
283,-0.7064998745918274,1.8563822507858276,-2.930000066757202,1.4249999523162842
284,-1.6704998016357422,1.6641581058502197,-2.869999885559082,1.1050000190734863
285,-2.0174999237060547,1.5611746311187744,-2.890000104904175,1.1150000095367432
286,-1.258500099182129,1.8739304542541504,-2.9600000381469727,1.4850000143051147
287,-0.30949997901916504,1.7099641561508179,-2.9600000381469727,1.3849999904632568
288,-0.6885000467300415,1.9093573093414307,-2.9600000381469727,1.5199999809265137
289,-0.8829998970031738,1.8349456787109375,-2.7699999809265137,1.3700000047683716
290,-1.7049999237060547,1.6781865358352661,-2.859999895095825,1.1649999618530273
291,-1.406000018119812,1.763589859008789,-2.950000047683716,1.4500000476837158
292,-0.8245000839233398,2.020787477493286,-2.9100000858306885,1.5399999618530273
293,-1.4384998083114624,1.6217491626739502,-2.8399999141693115,1.3899999856948853
294,-1.2040001153945923,1.652302622795105,-3.180000066757202,1.465000033378601
295,-0.8140000104904175,2.10017728805542,-3.140000104904175,1.5549999475479126
296,-0.7184998393058777,1.8108230829238892,-2.9200000762939453,1.4850000143051147
297,-0.8225000500679016,2.0569214820861816,-2.990000009536743,1.4700000286102295
298,-0.8995000123977661,1.9690802097320557,-2.930000066757202,1.5049999952316284
299,-1.0899999141693115,1.7380578517913818,-2.9000000953674316,1.2050000429153442
300,-0.38449999690055847,1.664257287979126,-2.7899999618530273,1.5099999904632568
301,-0.5494999885559082,1.7225843667984009,-2.9200000762939453,1.565000057220459
302,-0.5374999642372131,1.8833192586898804,-3.0299999713897705,1.3250000476837158
303,-0.00550003070384264,1.5607681274414062,-2.950000047683716,1.5199999809265137
304,0.4129999279975891,1.3225433826446533,-2.950000047683716,1.5499999523162842
305,-0.4975000321865082,1.8190386295318604,-3.430000066757202,1.350000023841858
306,0.3414999842643738,1.3005095720291138,-2.8299999237060547,1.5950000286102295
307,-0.3544999957084656,1.7214521169662476,-3.009999990463257,1.2000000476837158
308,-0.16249993443489075,1.8331478834152222,-2.9000000953674316,1.559999942779541
309,-0.0364999882876873,1.8009581565856934,-2.75,1.5149999856948853
310,0.2460000067949295,1.5703579187393188,-2.809999942779541,1.5549999475479126
311,-0.226500004529953,1.4049111604690552,-2.740000009536743,1.284999966621399
312,-0.9959999918937683,1.835082769393921,-3.0399999618530273,1.2599999904632568
313,0.12850001454353333,1.5022915601730347,-2.799999952316284,1.3350000381469727
314,0.0860000029206276,1.571244478225708,-2.799999952316284,1.4800000190734863
315,-0.8704999685287476,1.966817855834961,-2.9200000762939453,1.215000033378601
316,-0.2149999886751175,1.844700574874878,-2.869999885559082,1.524999976158142
317,-0.19050005078315735,1.7090179920196533,-2.7799999713897705,1.340000033378601
318,-0.2409999668598175,1.8740822076797485,-2.859999895095825,1.5549999475479126
319,-0.16899999976158142,1.7954663038253784,-2.9200000762939453,1.5
320,-0.08149995654821396,1.7876423597335815,-2.8399999141693115,1.4900000095367432
321,-0.2900000214576721,1.7289851903915405,-2.809999942779541,1.4149999618530273
322,-0.13199999928474426,1.361352562904358,-2.799999952316284,1.309999942779541
323,-0.1459999531507492,1.7996691465377808,-2.869999885559082,1.3300000429153442
324,0.8824999928474426,1.2712007761001587,-2.890000104904175,1.5149999856948853
325,0.011999988928437233,1.8722995519638062,-2.9000000953674316,1.5099999904632568
326,0.1875,1.1883018016815186,-2.8499999046325684,1.309999942779541
327,-1.003999948501587,1.6418142318725586,-2.9600000381469727,1.225000023841858
328,-0.5199999809265137,1.8648779392242432,-2.9000000953674316,1.2050000429153442
329,-0.4055000841617584,1.3238040208816528,-2.7899999618530273,1.375
330,-0.8949999809265137,1.9574075937271118,-2.890000104904175,1.534999966621399
331,0.28099995851516724,1.5350614786148071,-2.640000104904175,1.5399999618530273
332,-0.11600001901388168,1.5200408697128296,-2.9200000762939453,1.4249999523162842
333,-0.16700001060962677,1.8184969425201416,-2.890000104904175,1.475000023841858
334,0.8684999346733093,0.5183002948760986,-0.3400000035762787,1.5499999523162842
335,-0.9930000305175781,1.8585023880004883,-2.930000066757202,1.5449999570846558
336,-0.556999921798706,2.0681333541870117,-3.2799999713897705,1.5199999809265137
337,0.011500036343932152,1.8415714502334595,-2.8499999046325684,1.4199999570846558
338,0.7879999876022339,1.2465397119522095,-2.9000000953674316,1.4199999570846558
339,0.48900002241134644,1.3282352685928345,-2.75,1.5399999618530273
340,-0.06500009447336197,1.508220911026001,-2.9200000762939453,1.2649999856948853
341,0.34550005197525024,1.6985044479370117,-3.240000009536743,1.565000057220459
342,-0.218500018119812,1.7904441356658936,-2.9700000286102295,1.5199999809265137
343,-0.05149999260902405,1.5799747705459595,-2.8499999046325684,1.3949999809265137
344,-0.6764999628067017,1.8070237636566162,-2.9200000762939453,1.25
345,0.6679999828338623,1.2376251220703125,-2.819999933242798,1.5149999856948853
346,0.2290000021457672,1.5899509191513062,-2.8299999237060547,1.5149999856948853
347,0.1900000274181366,1.6197561025619507,-2.8399999141693115,1.4900000095367432
348,0.4924999177455902,1.2132316827774048,-2.9200000762939453,1.434999942779541
349,-0.5275000333786011,1.8142495155334473,-2.9000000953674316,1.3849999904632568
350,-0.3164999783039093,1.6603434085845947,-2.880000114440918,1.2200000286102295
351,-0.39899998903274536,1.9569655656814575,-2.890000104904175,1.434999942779541
352,0.19900000095367432,1.6291465759277344,-2.809999942779541,1.5449999570846558
353,-0.41799992322921753,1.7028170824050903,-2.8499999046325684,1.3700000047683716
354,0.40950003266334534,1.6499688625335693,-2.809999942779541,1.5750000476837158
355,0.11650000512599945,1.5381710529327393,-2.75,1.5750000476837158
356,-0.12800002098083496,1.4995853900909424,-2.9700000286102295,1.4600000381469727
357,0.637999951839447,1.1293343305587769,-2.6700000762939453,1.315000057220459
358,-0.8264999389648438,1.9989008903503418,-2.890000104904175,1.5199999809265137
359,-0.018000010401010513,1.4735758304595947,-2.740000009536743,1.5149999856948853
360,0.30300000309944153,1.645801067352295,-3.0399999618530273,1.534999966621399
361,-0.07999996840953827,1.6365466117858887,-2.9800000190734863,1.4900000095367432
362,0.6209999918937683,1.2759286165237427,-2.990000009536743,1.524999976158142
363,-0.43150001764297485,1.6953849792480469,-3.190000057220459,1.5099999904632568
364,-1.3605000972747803,1.9000229835510254,-2.890000104904175,1.4149999618530273
365,-0.08449999243021011,1.6854249238967896,-2.819999933242798,1.3550000190734863
366,-0.7505000233650208,1.8305429220199585,-2.890000104904175,1.5449999570846558
367,0.3865000307559967,1.2969350814819336,-2.8499999046325684,1.5850000381469727
368,0.08900000154972076,1.7712421417236328,-3.569999933242798,1.5099999904632568
369,0.4300000071525574,1.6319727897644043,-2.8499999046325684,1.565000057220459
370,-0.03449998050928116,1.6018918752670288,-2.8399999141693115,1.3949999809265137
371,-0.019500017166137695,1.8407517671585083,-2.880000114440918,1.4049999713897705
372,-0.3099999725818634,1.7636865377426147,-2.9200000762939453,1.4700000286102295
373,0.606499969959259,1.2534552812576294,-2.799999952316284,1.5499999523162842
374,0.13550002872943878,1.6984986066818237,-2.799999952316284,1.5700000524520874
375,0.4690000116825104,1.6179074048995972,-2.7699999809265137,1.4700000286102295
376,-0.4824999272823334,1.9257781505584717,-3.069999933242798,1.4900000095367432
377,-0.10149995982646942,1.447007417678833,-2.680000066757202,1.440000057220459
378,0.003000020980834961,1.6975661516189575,-2.8499999046325684,1.4049999713897705
379,-0.13899998366832733,1.7855387926101685,-2.869999885559082,1.4299999475479126
380,0.017999958246946335,1.87297523021698,-2.9000000953674316,1.399999976158142
381,-0.06399999558925629,1.7984353303909302,-2.880000114440918,1.5149999856948853
382,-0.09099997580051422,1.8164232969284058,-2.809999942779541,1.5
383,-0.1080000028014183,1.819445252418518,-3.009999990463257,1.5499999523162842
384,0.32100000977516174,1.5647152662277222,-2.7899999618530273,1.4550000429153442
385,0.09049997478723526,1.8123207092285156,-2.7200000286102295,1.5750000476837158
386,-0.13650000095367432,1.5875753164291382,-3.130000114440918,1.340000033378601
387,0.17949995398521423,1.7410591840744019,-3.130000114440918,1.5700000524520874
388,1.1084998846054077,0.36954736709594727,0.4000000059604645,1.5199999809265137
389,0.06599999964237213,1.4680767059326172,-2.819999933242798,1.4049999713897705
390,0.5825000405311584,1.2123658657073975,-2.569999933242798,1.5099999904632568
391,0.35649996995925903,1.6418617963790894,-2.890000104904175,1.5449999570846558
392,0.35200005769729614,1.5998954772949219,-2.809999942779541,1.4950000047683716
393,-0.055500030517578125,1.7620222568511963,-2.7799999713897705,1.4149999618530273
394,0.3944999575614929,1.6474381685256958,-2.740000009536743,1.5399999618530273
395,0.21799997985363007,1.5945268869400024,-2.859999895095825,1.5399999618530273
396,0.2835000157356262,1.5426114797592163,-2.700000047683716,1.5700000524520874
397,0.002999937627464533,1.5715903043746948,-2.9200000762939453,1.475000023841858
398,0.8180000185966492,0.7817103266716003,-0.6700000166893005,1.5049999952316284
399,-0.40949997305870056,1.7727583646774292,-2.940000057220459,1.409999966621399
400,0.27150002121925354,1.3526197671890259,-2.8399999141693115,1.565000057220459
401,-0.0860000029206276,1.4893434047698975,-2.7300000190734863,1.4900000095367432
402,0.40450000762939453,1.3994970321655273,-3.3299999237060547,1.475000023841858
403,0.5349999666213989,1.3381686210632324,-2.7799999713897705,1.625
404,1.0040000677108765,0.24605689942836761,0.5149999856948853,1.340000033378601
405,0.7110000252723694,1.2928587198257446,-2.8399999141693115,1.4149999618530273
406,0.4594999849796295,1.2941685914993286,-2.930000066757202,1.4800000190734863
407,0.7389999628067017,1.2900731563568115,-3.0399999618530273,1.4850000143051147
408,0.34299999475479126,1.6602848768234253,-2.9000000953674316,1.534999966621399
409,0.778499960899353,0.508522629737854,-0.14000000059604645,1.4450000524520874
410,-0.27950000762939453,1.772096872329712,-2.950000047683716,1.565000057220459
411,1.0105000734329224,0.4820396602153778,-0.10000000149011612,1.5700000524520874
412,0.796500027179718,1.205047845840454,-2.7200000286102295,1.5149999856948853
413,0.5014999508857727,1.6844778060913086,-2.890000104904175,1.534999966621399
414,0.13950000703334808,1.5859167575836182,-2.869999885559082,1.5449999570846558
415,1.1649999618530273,0.32627442479133606,0.33500000834465027,1.5
416,0.5289999842643738,1.4837853908538818,-3.7899999618530273,1.5049999952316284
417,0.8585000038146973,0.5635780692100525,-0.375,1.399999976158142
418,-0.4859999716281891,1.936288595199585,-2.9000000953674316,1.565000057220459
419,0.4059999883174896,1.5774518251419067,-2.759999990463257,1.4500000476837158
420,0.9589999914169312,0.6794806122779846,-0.8600000143051147,1.5449999570846558
421,0.3295000195503235,1.286093831062317,-2.9100000858306885,1.5700000524520874
422,0.8760000467300415,1.1069910526275635,-2.200000047683716,1.534999966621399
423,0.9430000185966492,0.7427018284797668,-0.7400000095367432,1.524999976158142
424,1.0045000314712524,0.4515331983566284,-0.10999999940395355,1.4600000381469727
425,0.23800000548362732,1.178885579109192,-2.7300000190734863,1.315000057220459
426,1.003000020980835,0.5680766105651855,-0.3700000047683716,1.4800000190734863
427,0.42149996757507324,1.6634182929992676,-2.9100000858306885,1.534999966621399
428,0.47199997305870056,1.719815731048584,-3.190000057220459,1.559999942779541
429,0.9079999923706055,0.49325042963027954,0.03500000014901161,1.4249999523162842
430,0.6369999647140503,1.2297605276107788,-2.4100000858306885,1.4800000190734863
431,0.23200002312660217,1.2826948165893555,-2.759999990463257,1.340000033378601
432,0.7275000214576721,1.233795404434204,-2.859999895095825,1.5499999523162842
433,0.01550001185387373,1.4693050384521484,-2.859999895095825,1.5199999809265137
434,0.8420000076293945,0.6063051819801331,-0.39500001072883606,1.5199999809265137
435,0.2489999532699585,1.8158258199691772,-3.6600000858306885,1.5449999570846558
436,1.1309999227523804,0.6994348168373108,-0.925000011920929,1.5399999618530273
437,0.5835000276565552,1.2214726209640503,-2.609999895095825,1.4299999475479126
438,1.1405000686645508,0.21310150623321533,0.8050000071525574,1.4199999570846558
439,0.4744999408721924,1.2654929161071777,-2.6500000953674316,1.5549999475479126
440,0.2369999885559082,1.6387238502502441,-2.940000057220459,1.4950000047683716
441,1.248499870300293,0.24035441875457764,0.6200000047683716,1.559999942779541
442,0.44899997115135193,1.2009179592132568,-2.7300000190734863,1.5549999475479126
443,0.8140000104904175,1.2112427949905396,-2.7899999618530273,1.4149999618530273
444,0.9380000233650208,0.5423522591590881,-0.4050000011920929,1.4800000190734863
445,0.7904999852180481,1.2706856727600098,-2.9000000953674316,1.5449999570846558
446,0.7129999399185181,1.2395083904266357,-2.890000104904175,1.3899999856948853
447,1.128499984741211,0.3449641466140747,0.5099999904632568,1.4900000095367432
448,0.6244999766349792,1.2176790237426758,-2.75,1.3799999952316284
449,0.6629999876022339,1.3174922466278076,-2.8299999237060547,1.5549999475479126
450,0.3490000069141388,1.624140977859497,-2.819999933242798,1.5700000524520874
451,0.7795000076293945,1.2103500366210938,-2.809999942779541,1.4249999523162842
452,0.8619999885559082,1.248387336730957,-2.819999933242798,1.5399999618530273
453,0.8194999694824219,1.1705926656723022,-2.609999895095825,1.5099999904632568
454,1.1635000705718994,0.289249449968338,0.375,1.5299999713897705
455,1.0794999599456787,0.6378379464149475,-0.5400000214576721,1.565000057220459
456,0.6165000200271606,1.3004114627838135,-2.7899999618530273,1.5750000476837158
457,0.5764999985694885,1.2858130931854248,-3.009999990463257,1.4199999570846558
458,0.4880000054836273,1.6550137996673584,-2.819999933242798,1.5950000286102295
459,0.3904999792575836,1.6335506439208984,-2.930000066757202,1.5199999809265137
460,0.6864999532699585,1.2854143381118774,-2.799999952316284,1.5099999904632568
461,1.2289999723434448,0.5173673629760742,-0.2849999964237213,1.5549999475479126
462,0.4050000309944153,1.61793851852417,-2.869999885559082,1.465000033378601
463,0.9340000152587891,1.2815220355987549,-2.869999885559082,1.625
464,0.8359999656677246,1.2335777282714844,-2.7699999809265137,1.5099999904632568
465,1.1139999628067017,0.4303765892982483,0.07500000298023224,1.4850000143051147
466,0.9444999694824219,1.2676048278808594,-2.8399999141693115,1.5199999809265137
467,0.9375,1.2906010150909424,-2.9100000858306885,1.5449999570846558
468,0.9125000238418579,1.2897350788116455,-2.930000066757202,1.5499999523162842
469,0.6055000424385071,1.2717949151992798,-2.7100000381469727,1.5199999809265137
470,0.7754999995231628,1.2361056804656982,-2.7200000286102295,1.4850000143051147
471,0.5110000371932983,1.3709008693695068,-3.0,1.5499999523162842
472,0.7900000214576721,0.6718816757202148,-0.4699999988079071,1.3700000047683716
473,1.2374999523162842,0.23528970777988434,0.625,1.4850000143051147
474,0.6425000429153442,1.251369833946228,-2.890000104904175,1.5700000524520874
475,0.4350000321865082,1.2444396018981934,-2.759999990463257,1.4900000095367432
476,1.2574999332427979,0.46910154819488525,-0.07999999821186066,1.5700000524520874
477,0.17550000548362732,1.6595970392227173,-3.3299999237060547,1.440000057220459
478,1.1794999837875366,0.4335864782333374,0.004999999888241291,1.6150000095367432
479,1.3654999732971191,0.09709400683641434,1.2050000429153442,1.5399999618530273
480,1.0280001163482666,1.0863475799560547,-2.2100000381469727,1.559999942779541
481,1.1714999675750732,0.5174120664596558,-0.2849999964237213,1.5149999856948853
482,0.5115000009536743,1.3462746143341064,-2.759999990463257,1.5449999570846558
483,1.3194999694824219,0.1580735296010971,1.0700000524520874,1.534999966621399
484,0.8619999885559082,1.2124029397964478,-2.7200000286102295,1.4800000190734863
485,1.246999979019165,0.24546076357364655,0.6000000238418579,1.465000033378601
486,0.5554999709129333,1.2956609725952148,-2.7300000190734863,1.409999966621399
487,0.9950000047683716,0.6155688166618347,-0.7250000238418579,1.4249999523162842
488,0.6904999613761902,1.248255729675293,-2.6500000953674316,1.465000033378601
489,1.3799999952316284,0.11249446868896484,1.184999942779541,1.565000057220459
490,0.7590000033378601,1.23320472240448,-2.8399999141693115,1.5399999618530273
491,1.1745001077651978,0.5362809300422668,-0.3700000047683716,1.5499999523162842
492,0.9194999933242798,1.2287319898605347,-2.740000009536743,1.5399999618530273
493,0.41750001907348633,1.583146095275879,-2.890000104904175,1.5449999570846558
494,0.5770000219345093,1.2019904851913452,-2.75,1.565000057220459
495,1.1944999694824219,0.23947285115718842,0.7549999952316284,1.5449999570846558
496,0.6504999995231628,1.308070182800293,-2.950000047683716,1.524999976158142
497,0.7485000491142273,1.2196353673934937,-2.7100000381469727,1.4700000286102295
498,1.1104999780654907,0.356240451335907,0.3499999940395355,1.4950000047683716
499,1.1755000352859497,0.2690487802028656,0.5950000286102295,1.4500000476837158
500,0.9279999732971191,1.2412739992141724,-2.7799999713897705,1.5199999809265137
501,1.2529999017715454,0.4240943193435669,0.26499998569488525,1.6200000047683716
502,1.2025001049041748,0.2895362675189972,0.5400000214576721,1.5299999713897705
503,1.1610000133514404,0.41247305274009705,0.1599999964237213,1.5399999618530273
504,1.3515000343322754,0.19215942919254303,0.9549999833106995,1.5499999523162842
505,1.0420000553131104,0.5099470615386963,0.13500000536441803,1.524999976158142
506,1.2475001811981201,0.31425508856773376,0.6100000143051147,1.5099999904632568
507,0.844499945640564,1.162926197052002,-2.5899999141693115,1.5099999904632568
508,1.2920000553131104,0.28671589493751526,0.550000011920929,1.600000023841858
509,0.8500000238418579,0.5774469375610352,-0.5950000286102295,1.4800000190734863
510,1.2225000858306885,0.35332173109054565,0.20999999344348907,1.5449999570846558
511,1.246999979019165,0.2605302333831787,0.7450000047683716,1.5750000476837158
512,1.3489999771118164,0.13626810908317566,1.1749999523162842,1.5399999618530273
513,1.2920000553131104,0.14832733571529388,0.9150000214576721,1.5199999809265137
514,1.2934999465942383,0.22138260304927826,0.7749999761581421,1.524999976158142
515,1.252000093460083,0.08692526817321777,1.034999966621399,1.340000033378601
516,1.284000039100647,0.2574179172515869,0.625,1.5399999618530273
517,1.1740000247955322,0.2182292491197586,0.625,1.399999976158142
518,1.2740000486373901,0.22206757962703705,0.6949999928474426,1.5199999809265137
519,0.6554999351501465,1.3332936763763428,-2.7799999713897705,1.465000033378601
520,1.2234998941421509,0.28827980160713196,0.5799999833106995,1.5
521,1.2160000801086426,0.34734565019607544,0.27000001072883606,1.534999966621399
522,1.1130000352859497,0.4081004559993744,-0.03999999910593033,1.4700000286102295
523,1.3285000324249268,0.14323145151138306,1.0099999904632568,1.5399999618530273
524,0.9199999570846558,0.6258634328842163,-0.4449999928474426,1.4900000095367432
525,1.1540000438690186,0.7127475738525391,-0.8899999856948853,1.6150000095367432
526,0.3474999666213989,1.3486515283584595,-2.9200000762939453,1.5499999523162842
527,1.310499906539917,0.13257922232151031,1.034999966621399,1.5049999952316284
528,1.2634999752044678,0.2353619486093521,0.675000011920929,1.5099999904632568
529,1.1829999685287476,0.47246795892715454,-0.18000000715255737,1.5149999856948853
530,1.3339998722076416,0.11130587011575699,1.0950000286102295,1.465000033378601
531,1.1924999952316284,0.4672325551509857,-0.10000000149011612,1.590000033378601
532,1.19350004196167,0.1873238980770111,0.8949999809265137,1.4700000286102295
533,1.0994999408721924,0.4990914463996887,-0.24500000476837158,1.5750000476837158
534,0.6360000371932983,1.2640626430511475,-2.75,1.5700000524520874
535,0.3969999849796295,1.3064535856246948,-2.819999933242798,1.534999966621399
536,1.247999906539917,0.21728092432022095,0.8500000238418579,1.5199999809265137
537,1.3259999752044678,0.17298556864261627,0.9549999833106995,1.5099999904632568
538,0.9110000729560852,1.2309788465499878,-2.740000009536743,1.5499999523162842
539,0.6230000257492065,1.5204575061798096,-3.7100000381469727,1.5449999570846558
540,1.1434999704360962,0.21194398403167725,0.8999999761581421,1.4900000095367432
541,0.7749999165534973,1.2616714239120483,-2.930000066757202,1.4500000476837158
542,1.1054999828338623,0.506756603717804,0.019999999552965164,1.559999942779541
543,1.289500117301941,0.3137311637401581,0.4449999928474426,1.5499999523162842
544,0.9339998960494995,0.8247842192649841,-0.7649999856948853,1.5199999809265137
545,1.3149998188018799,0.2551470100879669,0.8199999928474426,1.600000023841858
546,1.3294999599456787,0.14141161739826202,1.0149999856948853,1.559999942779541
547,1.003499984741211,0.6743294596672058,-0.8949999809265137,1.4700000286102295
548,1.3980000019073486,0.12779280543327332,1.215000033378601,1.590000033378601
549,1.2610000371932983,0.26393938064575195,0.6499999761581421,1.600000023841858
550,0.9890000224113464,0.7635175585746765,-1.0499999523162842,1.5149999856948853
551,1.414000153541565,0.1283121109008789,1.2000000476837158,1.5700000524520874
552,1.065500020980835,0.593500018119812,-0.6549999713897705,1.4700000286102295
553,0.5425000190734863,1.479204773902893,-3.569999933242798,1.5850000381469727
554,0.8095000386238098,1.2250232696533203,-2.8399999141693115,1.4299999475479126
555,1.2964999675750732,0.22408761084079742,0.8299999833106995,1.5950000286102295
556,1.2844998836517334,0.07656534016132355,1.1749999523162842,1.4049999713897705
557,1.3014999628067017,0.10406847298145294,1.1749999523162842,1.5399999618530273
558,1.2269999980926514,0.25244998931884766,0.75,1.5399999618530273
559,0.7875000238418579,0.6492698192596436,-0.5,1.440000057220459
560,1.0410000085830688,0.7948924899101257,-1.3250000476837158,1.4700000286102295
561,1.1405000686645508,0.42037153244018555,0.10499999672174454,1.5399999618530273
562,1.309000015258789,0.16804467141628265,1.034999966621399,1.5750000476837158
563,1.1639999151229858,0.7158240675926208,-0.9549999833106995,1.5449999570846558
564,1.2244999408721924,0.20180994272232056,0.8149999976158142,1.4800000190734863
565,1.252000093460083,0.22649726271629333,0.8700000047683716,1.5700000524520874
566,1.102500081062317,0.42635807394981384,-0.04500000178813934,1.5399999618530273
567,1.1345000267028809,0.19614344835281372,0.8700000047683716,1.4199999570846558
568,1.2935001850128174,0.18907736241817474,0.7649999856948853,1.465000033378601
569,1.2214999198913574,0.21998919546604156,0.6549999713897705,1.5449999570846558
570,1.3609999418258667,0.14383673667907715,1.0399999618530273,1.524999976158142
571,1.249500036239624,0.2760566174983978,0.6949999928474426,1.590000033378601
572,1.2515000104904175,0.34932830929756165,0.30000001192092896,1.5700000524520874
573,1.1804999113082886,0.4451822340488434,-0.03500000014901161,1.5950000286102295
574,1.2225000858306885,0.3981409966945648,0.2199999988079071,1.5950000286102295
575,1.2740001678466797,0.32334813475608826,0.5249999761581421,1.5850000381469727
576,1.3280000686645508,0.1774570494890213,1.0549999475479126,1.5950000286102295
577,0.7975000143051147,1.5819264650344849,-3.7799999713897705,1.5850000381469727
578,1.2089999914169312,0.27781108021736145,0.42500001192092896,1.475000023841858
579,0.8795000314712524,1.2363786697387695,-2.799999952316284,1.5199999809265137
580,1.2085001468658447,0.28578880429267883,0.5049999952316284,1.565000057220459
581,0.4699999690055847,1.318791151046753,-2.8499999046325684,1.5
582,1.1495000123977661,0.26924383640289307,0.5899999737739563,1.5449999570846558
583,1.0424998998641968,0.7356128096580505,-0.6549999713897705,1.5950000286102295
584,1.1679999828338623,0.44932281970977783,0.25,1.565000057220459
585,1.247499942779541,0.22021864354610443,0.800000011920929,1.5750000476837158
586,1.2704999446868896,0.19057084619998932,0.7950000166893005,1.5149999856948853
587,1.19100022315979,0.2146485447883606,0.9200000166893005,1.5149999856948853
588,1.213499903678894,0.2771736681461334,0.46000000834465027,1.4249999523162842
589,0.8709999918937683,1.2044767141342163,-2.7200000286102295,1.399999976158142
590,1.1410000324249268,0.3472376763820648,0.2750000059604645,1.4700000286102295
591,0.8319999575614929,1.2296690940856934,-2.7799999713897705,1.4500000476837158
592,1.284000039100647,0.19827759265899658,0.8199999928474426,1.475000023841858
593,1.2109999656677246,0.2907473146915436,0.5,1.5950000286102295
594,0.9079999923706055,1.3062852621078491,-2.990000009536743,1.5850000381469727
595,1.3454997539520264,0.14395225048065186,1.1050000190734863,1.565000057220459
596,1.290000081062317,0.2378760278224945,0.8650000095367432,1.5700000524520874
597,1.1909998655319214,0.311927855014801,0.33000001311302185,1.5299999713897705
598,1.2894999980926514,0.2764095664024353,0.5950000286102295,1.600000023841858
599,1.2395000457763672,0.3234381675720215,0.4950000047683716,1.5149999856948853
600,0.7620000839233398,1.2579988241195679,-2.9000000953674316,1.4500000476837158
601,1.0789999961853027,0.5529547929763794,-0.3499999940395355,1.5099999904632568
602,0.95250004529953,0.5737257599830627,-0.03500000014901161,1.4800000190734863
603,1.089500069618225,0.37569567561149597,0.18000000715255737,1.5199999809265137
604,1.1014999151229858,0.5682958960533142,-0.5550000071525574,1.534999966621399
605,1.209999918937683,0.35874083638191223,0.3499999940395355,1.5700000524520874
606,1.2184998989105225,0.17442835867404938,0.9049999713897705,1.4900000095367432
607,1.2454999685287476,0.37733569741249084,0.2150000035762787,1.5099999904632568
608,1.0230000019073486,0.531489372253418,-0.17000000178813934,1.4299999475479126
609,1.2105000019073486,0.4263768792152405,0.1550000011920929,1.565000057220459
610,1.3385000228881836,0.12433924525976181,1.1449999809265137,1.5449999570846558
611,1.374500036239624,0.15974120795726776,1.034999966621399,1.600000023841858
612,1.1115000247955322,0.32054680585861206,0.5600000023841858,1.5750000476837158
613,1.160499930381775,0.3825274407863617,0.38999998569488525,1.5399999618530273
614,0.8335000276565552,1.069111943244934,-2.259999990463257,1.5299999713897705
615,1.312999963760376,0.20664219558238983,0.75,1.5049999952316284
616,1.2095000743865967,0.2054561972618103,0.7599999904632568,1.5149999856948853
617,1.1920000314712524,0.5774434804916382,-0.4749999940395355,1.5700000524520874
618,1.1260000467300415,0.5879957675933838,-0.5799999833106995,1.559999942779541
619,1.2415001392364502,0.25915291905403137,0.6700000166893005,1.5499999523162842
620,0.963499903678894,1.1915642023086548,-2.5999999046325684,1.5700000524520874
621,0.7709999680519104,1.187875747680664,-2.7200000286102295,1.5299999713897705
622,1.0880000591278076,0.2483968585729599,0.48500001430511475,1.4249999523162842
623,1.373500108718872,0.13183416426181793,1.1100000143051147,1.590000033378601
624,1.0169999599456787,0.5546178817749023,-0.4699999988079071,1.5049999952316284
625,1.0845000743865967,0.4945980906486511,-0.22499999403953552,1.600000023841858
626,0.968000054359436,1.244112491607666,-2.75,1.565000057220459
627,1.1074999570846558,0.4439890384674072,0.05999999865889549,1.559999942779541
628,1.2450001239776611,0.24720436334609985,0.675000011920929,1.4950000047683716
629,1.1439999341964722,0.5135552287101746,-0.3799999952316284,1.4249999523162842
630,0.8895000219345093,1.2403234243392944,-2.799999952316284,1.534999966621399
631,1.378499984741211,0.1396254003047943,1.1200000047683716,1.5750000476837158
632,1.2675000429153442,0.12213210761547089,1.0449999570846558,1.465000033378601
633,0.984000027179718,0.5724805593490601,-0.7149999737739563,1.284999966621399
634,1.3834999799728394,0.12994326651096344,1.1050000190734863,1.565000057220459
635,1.311000108718872,0.25828084349632263,0.675000011920929,1.6150000095367432
636,1.0814999341964722,0.8052517175674438,-1.2699999809265137,1.524999976158142
637,1.218999981880188,0.3450130224227905,0.46000000834465027,1.534999966621399
638,1.1990000009536743,0.359727680683136,0.375,1.590000033378601
639,0.971500039100647,0.5876566171646118,-0.22499999403953552,1.4249999523162842
640,1.1570000648498535,0.2801089286804199,0.4399999976158142,1.4299999475479126
641,1.2015001773834229,0.29671579599380493,0.5899999737739563,1.5199999809265137
642,1.1699999570846558,0.38922998309135437,0.029999999329447746,1.375
643,1.3050000667572021,0.31566596031188965,0.4350000023841858,1.5449999570846558
644,1.2570000886917114,0.18075120449066162,0.9549999833106995,1.559999942779541
645,1.287000060081482,0.2648603618144989,0.5950000286102295,1.5199999809265137
646,1.0905001163482666,0.4014626145362854,0.46000000834465027,1.6200000047683716
647,0.8489999771118164,1.1942440271377563,-2.7100000381469727,1.4249999523162842
648,1.1729999780654907,0.4325864017009735,0.054999999701976776,1.5499999523162842
649,1.1290000677108765,0.32381168007850647,0.6800000071525574,1.5800000429153442
650,1.2920000553131104,0.15205591917037964,0.9800000190734863,1.5049999952316284
651,1.0334999561309814,0.7732595205307007,-0.9800000190734863,1.5449999570846558
652,1.1009999513626099,0.6318971514701843,-0.7699999809265137,1.4900000095367432
653,1.315000057220459,0.13481469452381134,1.125,1.590000033378601
654,0.7405000329017639,1.2755556106567383,-2.7100000381469727,1.565000057220459
655,1.2994998693466187,0.2970559597015381,0.49000000953674316,1.5950000286102295
656,1.3889999389648438,0.15250901877880096,1.0049999952316284,1.5099999904632568
657,1.248500108718872,0.16791443526744843,0.9549999833106995,1.4500000476837158
658,1.2085000276565552,0.4383152425289154,-0.019999999552965164,1.5149999856948853
659,1.1145000457763672,0.6678526997566223,-0.8550000190734863,1.5399999618530273
660,1.369499921798706,0.08959493786096573,1.2200000286102295,1.475000023841858
661,1.1139999628067017,0.4830983579158783,-0.1550000011920929,1.5700000524520874
662,1.0144999027252197,0.5665485262870789,-0.12999999523162842,1.399999976158142
663,1.3634998798370361,0.17324909567832947,1.0399999618530273,1.5449999570846558
664,1.3234999179840088,0.17919330298900604,1.0800000429153442,1.5750000476837158
665,1.3485000133514404,0.1498507559299469,0.9950000047683716,1.565000057220459
666,1.149999976158142,0.41372087597846985,0.17499999701976776,1.5149999856948853
667,1.3424999713897705,0.13789944350719452,1.1399999856948853,1.5399999618530273
668,1.064500093460083,0.4699757993221283,-0.014999999664723873,1.534999966621399
669,1.3079999685287476,0.1714380383491516,0.9950000047683716,1.5199999809265137
670,1.3774999380111694,0.0662664994597435,1.284999966621399,1.5149999856948853
671,1.1390001773834229,0.6065220832824707,-0.6399999856948853,1.559999942779541
672,1.1694999933242798,0.24951405823230743,0.5899999737739563,1.5
673,1.277500033378601,0.24313834309577942,0.6399999856948853,1.5399999618530273
674,1.2725000381469727,0.19706915318965912,0.8450000286102295,1.475000023841858
675,1.2984999418258667,0.12484089285135269,1.0700000524520874,1.5
676,1.2089999914169312,0.5099647045135498,-0.22499999403953552,1.559999942779541
677,1.1124999523162842,0.27865076065063477,0.675000011920929,1.5199999809265137
678,1.0445001125335693,0.6333302855491638,-0.75,1.5149999856948853
679,1.3804999589920044,0.1610659658908844,0.9850000143051147,1.6200000047683716
680,1.165000081062317,0.34927064180374146,0.2150000035762787,1.440000057220459
681,1.0184999704360962,0.619996190071106,-0.6399999856948853,1.6150000095367432
682,1.2599999904632568,0.2368754744529724,0.8450000286102295,1.5449999570846558
683,1.2209999561309814,0.14249210059642792,0.9950000047683716,1.5149999856948853
684,1.249500036239624,0.3198550343513489,0.5350000262260437,1.5700000524520874
685,1.2984999418258667,0.17835427820682526,0.8999999761581421,1.559999942779541
686,1.0799999237060547,0.5607539415359497,-0.26499998569488525,1.590000033378601
687,1.121500015258789,0.4417411983013153,-0.06499999761581421,1.5199999809265137
688,1.2790000438690186,0.22747306525707245,0.8149999976158142,1.590000033378601
689,1.2389999628067017,0.31090834736824036,0.3700000047683716,1.4850000143051147
690,1.2070000171661377,0.343767374753952,0.49000000953674316,1.5149999856948853
691,0.9675000309944153,1.2677839994430542,-2.819999933242798,1.565000057220459
692,0.8544999957084656,1.2237104177474976,-2.690000057220459,1.5
693,1.3339999914169312,0.13503330945968628,1.090000033378601,1.5499999523162842
694,1.347999930381775,0.1104128435254097,1.1399999856948853,1.5449999570846558
695,1.290000081062317,0.2104043811559677,0.8149999976158142,1.5099999904632568
696,1.2669999599456787,0.1917446255683899,0.875,1.5399999618530273
697,1.2699999809265137,0.13270266354084015,0.9850000143051147,1.4299999475479126
698,0.845500111579895,1.3281216621398926,-3.0899999141693115,1.4900000095367432
699,1.1415001153945923,0.32132577896118164,0.5099999904632568,1.5149999856948853
700,1.2834999561309814,0.2077985554933548,0.7350000143051147,1.5499999523162842
701,1.3450000286102295,0.15740075707435608,1.0549999475479126,1.5449999570846558
702,1.1630001068115234,0.4013614356517792,0.3100000023841858,1.5750000476837158
703,1.121999979019165,0.4077695608139038,0.4399999976158142,1.5099999904632568
704,0.9959999322891235,0.5058497786521912,-0.11500000208616257,1.440000057220459
705,1.2259999513626099,0.4015893340110779,0.07500000298023224,1.625
706,1.281499981880188,0.22786015272140503,0.8149999976158142,1.5549999475479126
707,1.0184999704360962,0.5575663447380066,-0.4300000071525574,1.4249999523162842
708,1.131500005722046,0.6114084124565125,-0.6100000143051147,1.5700000524520874
709,1.3485000133514404,0.10997841507196426,1.1749999523162842,1.524999976158142
710,1.280500054359436,0.25587546825408936,0.7350000143051147,1.5750000476837158
711,1.2710000276565552,0.2601134479045868,0.7450000047683716,1.534999966621399
712,1.3485000133514404,0.21342505514621735,0.8999999761581421,1.565000057220459
713,1.3465001583099365,0.13588689267635345,1.2000000476837158,1.600000023841858
714,1.209999918937683,0.2946523427963257,0.4399999976158142,1.4800000190734863
715,0.8679999113082886,1.278706669807434,-2.869999885559082,1.6200000047683716
716,1.2740001678466797,0.13922643661499023,1.0449999570846558,1.4850000143051147
717,1.128999948501587,0.352532297372818,0.2800000011920929,1.475000023841858
718,1.2060000896453857,0.4135202467441559,0.07999999821186066,1.5299999713897705
719,1.30649995803833,0.14496637880802155,0.949999988079071,1.440000057220459
720,1.1715000867843628,0.3383271396160126,0.20999999344348907,1.4600000381469727
721,0.6215000152587891,1.2984087467193604,-2.950000047683716,1.5049999952316284
722,1.1915000677108765,0.16040651500225067,0.925000011920929,1.409999966621399
723,1.2809998989105225,0.18325936794281006,0.8949999809265137,1.534999966621399
724,1.3790000677108765,0.11186598241329193,1.1449999809265137,1.5499999523162842
725,1.3215000629425049,0.23872628808021545,0.8349999785423279,1.5449999570846558
726,1.0875000953674316,0.305133193731308,0.2800000011920929,1.4700000286102295
727,1.2304999828338623,0.2140379548072815,0.8500000238418579,1.5750000476837158
728,1.3050000667572021,0.1883082538843155,0.8450000286102295,1.5149999856948853
729,1.0810000896453857,0.4638146162033081,-0.23999999463558197,1.475000023841858
730,1.2355000972747803,0.2738197445869446,0.5049999952316284,1.600000023841858
731,1.3559999465942383,0.2174258530139923,0.9549999833106995,1.590000033378601
732,1.218000054359436,0.6219573616981506,-0.6150000095367432,1.5700000524520874
733,1.2664998769760132,0.17358066141605377,0.9549999833106995,1.5449999570846558
734,1.2960000038146973,0.08055432885885239,1.1749999523162842,1.434999942779541
735,1.1440000534057617,0.2698870003223419,0.4350000023841858,1.3450000286102295
736,1.1449998617172241,0.49513131380081177,-0.28999999165534973,1.534999966621399
737,1.2060000896453857,0.17165082693099976,0.8999999761581421,1.5800000429153442
738,1.250999927520752,0.2870522439479828,0.6000000238418579,1.5499999523162842
739,1.2365000247955322,0.21342504024505615,0.800000011920929,1.534999966621399
740,1.2924998998641968,0.13360857963562012,1.1100000143051147,1.5149999856948853
741,0.9239999651908875,0.4701850712299347,-0.33500000834465027,1.465000033378601
742,1.3065000772476196,0.22888918220996857,0.6949999928474426,1.6150000095367432
743,1.340499997138977,0.11841558665037155,1.1100000143051147,1.4900000095367432
744,1.3254998922348022,0.12297257781028748,1.159999966621399,1.5750000476837158
745,1.3350000381469727,0.16725727915763855,1.0700000524520874,1.565000057220459
746,1.1485000848770142,0.4936499297618866,0.019999999552965164,1.565000057220459
747,1.345500111579895,0.1550394892692566,1.065000057220459,1.5299999713897705
748,1.405500054359436,0.130545973777771,1.1150000095367432,1.5950000286102295
749,1.1309999227523804,0.4432482421398163,0.06499999761581421,1.4900000095367432
750,1.3870000839233398,0.1389460265636444,1.065000057220459,1.590000033378601
751,1.3535000085830688,0.11267318576574326,1.1950000524520874,1.5199999809265137
752,1.3260000944137573,0.27189886569976807,0.5600000023841858,1.5449999570846558
753,1.4544999599456787,0.09026210010051727,1.315000057220459,1.565000057220459
754,1.121999979019165,0.5267693996429443,-0.11999999731779099,1.5449999570846558
755,1.2950000762939453,0.16873055696487427,1.0549999475479126,1.5399999618530273
756,1.1780000925064087,0.4609891176223755,-0.1599999964237213,1.4600000381469727
757,1.3019999265670776,0.1530228555202484,1.0750000476837158,1.5499999523162842
758,1.2079999446868896,0.18196427822113037,0.9100000262260437,1.4149999618530273
759,1.3055000305175781,0.15268349647521973,0.9549999833106995,1.5099999904632568
760,1.3739999532699585,0.12609122693538666,1.0850000381469727,1.5449999570846558
761,1.3079999685287476,0.1325933337211609,1.065000057220459,1.5299999713897705
762,1.2899999618530273,0.1735079288482666,0.9649999737739563,1.565000057220459
763,1.3105000257492065,0.2051151990890503,0.8650000095367432,1.5449999570846558
764,1.1320000886917114,0.483146995306015,-0.07500000298023224,1.5149999856948853
765,1.2840001583099365,0.2244192361831665,0.7599999904632568,1.5299999713897705
766,1.2734999656677246,0.17820002138614655,0.949999988079071,1.559999942779541
767,0.869999885559082,1.2179982662200928,-2.759999990463257,1.4600000381469727
768,1.3309999704360962,0.1555924266576767,1.059999942779541,1.5750000476837158
769,1.3055000305175781,0.20080402493476868,0.8399999737739563,1.5700000524520874
770,1.378000020980835,0.1108647957444191,1.1399999856948853,1.5850000381469727
771,1.2454999685287476,0.2718680799007416,0.5299999713897705,1.5199999809265137
772,1.1984999179840088,0.16478849947452545,0.7749999761581421,1.340000033378601
773,1.3405001163482666,0.18046395480632782,0.9150000214576721,1.559999942779541
774,1.2979999780654907,0.1508343517780304,1.059999942779541,1.5499999523162842
775,1.2999999523162842,0.19508974254131317,0.8999999761581421,1.5700000524520874
776,1.2314999103546143,0.2510283589363098,0.6600000262260437,1.524999976158142
777,1.248999834060669,0.46644827723503113,-0.06499999761581421,1.5449999570846558
778,1.377000093460083,0.16808032989501953,1.0,1.565000057220459
779,1.2780001163482666,0.18918509781360626,0.9200000166893005,1.5750000476837158
780,1.153499960899353,0.35272544622421265,0.2199999988079071,1.4800000190734863
781,1.3259999752044678,0.13839799165725708,1.0399999618530273,1.4850000143051147
782,1.3289999961853027,0.15784171223640442,1.059999942779541,1.600000023841858
783,1.3005000352859497,0.21625736355781555,0.8299999833106995,1.5399999618530273
784,1.155500054359436,0.5259822010993958,-0.33500000834465027,1.5449999570846558
785,1.2584999799728394,0.12847276031970978,1.0800000429153442,1.465000033378601
786,1.3234999179840088,0.17004483938217163,0.9449999928474426,1.524999976158142
787,1.3135000467300415,0.16186493635177612,0.9350000023841858,1.4900000095367432
788,0.9440000653266907,0.6714342832565308,-0.4950000047683716,1.465000033378601
789,1.096000075340271,0.3706669509410858,0.29499998688697815,1.5099999904632568
790,1.2979999780654907,0.17430146038532257,0.9950000047683716,1.5750000476837158
791,1.2945001125335693,0.29944491386413574,0.49000000953674316,1.565000057220459
792,1.278999924659729,0.19391748309135437,0.7900000214576721,1.5399999618530273
793,1.2400000095367432,0.28781071305274963,0.574999988079071,1.5299999713897705
794,1.3245000839233398,0.22840149700641632,0.8450000286102295,1.524999976158142
795,1.3009999990463257,0.19948431849479675,0.9200000166893005,1.5399999618530273
796,1.2644999027252197,0.2985000014305115,0.5149999856948853,1.6200000047683716
797,1.3209998607635498,0.17555342614650726,1.0399999618530273,1.6150000095367432
798,1.284000039100647,0.1431397795677185,1.090000033378601,1.5149999856948853
799,1.1969999074935913,0.3697444796562195,0.2150000035762787,1.600000023841858
800,1.2155001163482666,0.16401904821395874,0.8650000095367432,1.3949999809265137
801,1.3474998474121094,0.1261596381664276,1.1549999713897705,1.5049999952316284
802,0.5464999675750732,1.4803293943405151,-3.680000066757202,1.4800000190734863
803,0.5820000171661377,1.5089751482009888,-3.7799999713897705,1.5299999713897705
804,1.0785000324249268,0.35503557324409485,0.11999999731779099,1.5199999809265137
805,1.2799999713897705,0.1645752191543579,1.0449999570846558,1.6050000190734863
806,0.9899999499320984,0.475431352853775,0.38499999046325684,1.5950000286102295
807,1.215000033378601,0.249619722366333,0.5649999976158142,1.4900000095367432
808,1.3464999198913574,0.09132496267557144,1.2050000429153442,1.5
809,1.3494999408721924,0.15715357661247253,1.0700000524520874,1.5399999618530273
810,1.2000000476837158,0.19874608516693115,0.8999999761581421,1.600000023841858
811,1.189500093460083,0.28460893034935,0.5699999928474426,1.4950000047683716
812,1.2669999599456787,0.23300430178642273,0.6499999761581421,1.5149999856948853
813,1.190500020980835,0.4111170768737793,0.02500000037252903,1.5449999570846558
814,0.6739999651908875,1.2106151580810547,-2.890000104904175,1.3600000143051147
815,1.2235000133514404,0.2356061190366745,0.7900000214576721,1.590000033378601
816,1.2085000276565552,0.3325135409832001,0.4300000071525574,1.5850000381469727
817,1.2030000686645508,0.2749199867248535,0.5899999737739563,1.5850000381469727
818,1.0149999856948853,0.4979558289051056,0.05000000074505806,1.590000033378601
819,1.3044999837875366,0.2863079607486725,0.4950000047683716,1.5750000476837158
820,1.222000002861023,0.2769404351711273,0.5249999761581421,1.4850000143051147
821,1.0470000505447388,0.5895939469337463,-0.28999999165534973,1.5399999618530273
822,1.3375000953674316,0.22310590744018555,0.7450000047683716,1.524999976158142
823,1.1430000066757202,0.5119922161102295,-0.004999999888241291,1.5499999523162842
824,1.2640000581741333,0.1708039939403534,0.9599999785423279,1.475000023841858
825,1.3454999923706055,0.15786784887313843,1.149999976158142,1.5700000524520874
826,1.290000081062317,0.18170030415058136,1.0099999904632568,1.5199999809265137
827,1.3524999618530273,0.132216677069664,1.0950000286102295,1.5299999713897705
828,1.2899999618530273,0.1072380542755127,1.090000033378601,1.4500000476837158
829,1.1610000133514404,0.34461426734924316,0.23000000417232513,1.475000023841858
830,1.311000108718872,0.08607551455497742,1.190000057220459,1.4249999523162842
831,1.2575000524520874,0.09775605797767639,1.065000057220459,1.4199999570846558
832,1.0920000076293945,0.5312730073928833,-0.28999999165534973,1.5
833,1.1530001163482666,0.2873168885707855,0.4650000035762787,1.440000057220459
834,1.2080000638961792,0.369987815618515,0.36000001430511475,1.5950000286102295
835,1.3569999933242798,0.19962716102600098,1.034999966621399,1.565000057220459
836,1.1309999227523804,0.45505931973457336,0.07000000029802322,1.5299999713897705
837,1.3045001029968262,0.1290436089038849,1.1299999952316284,1.5399999618530273
838,1.2920000553131104,0.11209816485643387,1.149999976158142,1.5199999809265137
839,1.284500002861023,0.2288825958967209,0.7250000238418579,1.5499999523162842
840,1.312999963760376,0.2023264765739441,1.0199999809265137,1.5750000476837158
841,1.3200000524520874,0.3051720857620239,0.6899999976158142,1.600000023841858
842,1.1800000667572021,0.23529767990112305,0.7350000143051147,1.5149999856948853
843,1.0505000352859497,0.5491878390312195,-0.3199999928474426,1.5399999618530273
844,1.406000018119812,0.08929724246263504,1.2699999809265137,1.559999942779541
845,1.3075000047683716,0.10977818816900253,1.1549999713897705,1.5299999713897705
846,1.412500023841858,0.06481702625751495,1.315000057220459,1.524999976158142
847,1.3855000734329224,0.12299288809299469,1.2300000190734863,1.6150000095367432
848,1.121999979019165,0.3318297863006592,0.2849999964237213,1.4249999523162842
849,1.2734999656677246,0.19358524680137634,0.8199999928474426,1.4900000095367432
850,1.2764999866485596,0.10945431888103485,1.1399999856948853,1.524999976158142
851,1.3574998378753662,0.16926681995391846,1.0549999475479126,1.6150000095367432
852,1.2795000076293945,0.22026631236076355,0.6800000071525574,1.5199999809265137
853,1.2285001277923584,0.21566236019134521,0.7400000095367432,1.5399999618530273
854,1.2994999885559082,0.27477672696113586,0.5199999809265137,1.5700000524520874
855,1.1349999904632568,0.35808518528938293,0.5600000023841858,1.5449999570846558
856,1.316499948501587,0.18576934933662415,0.9649999737739563,1.5750000476837158
857,1.3545000553131104,0.15499114990234375,1.0850000381469727,1.6100000143051147
858,1.2395000457763672,0.1343400478363037,0.9800000190734863,1.4199999570846558
859,1.2034999132156372,0.33773547410964966,0.5249999761581421,1.5299999713897705
860,1.1894999742507935,0.34209975600242615,0.6200000047683716,1.590000033378601
861,0.9950000047683716,0.49355849623680115,-0.11999999731779099,1.590000033378601
862,1.1755000352859497,0.3869589567184448,0.10499999672174454,1.5099999904632568
863,1.185499906539917,0.4031528830528259,0.10499999672174454,1.5750000476837158
864,1.2285000085830688,0.25882473587989807,0.5950000286102295,1.559999942779541
865,1.3019999265670776,0.27707579731941223,0.5450000166893005,1.5449999570846558
866,1.1494998931884766,0.3266454339027405,0.3100000023841858,1.534999966621399
867,1.2869999408721924,0.1538863331079483,0.9850000143051147,1.4950000047683716
868,1.283500075340271,0.1331174373626709,1.0499999523162842,1.4850000143051147
869,1.2645000219345093,0.16339293122291565,1.0950000286102295,1.6150000095367432
870,1.315500020980835,0.19946742057800293,0.7749999761581421,1.524999976158142
871,1.3119999170303345,0.1375354528427124,1.059999942779541,1.5199999809265137
872,1.2679998874664307,0.28566762804985046,0.6100000143051147,1.5800000429153442
873,1.215499997138977,0.29399359226226807,0.3499999940395355,1.3849999904632568
874,1.3265000581741333,0.17746900022029877,0.9950000047683716,1.5950000286102295
875,1.1439999341964722,0.4348149299621582,0.06499999761581421,1.4800000190734863
876,1.0115000009536743,0.5144805312156677,-0.23999999463558197,1.4950000047683716
877,1.284999966621399,0.09602082520723343,1.1349999904632568,1.3949999809265137
878,1.2964999675750732,0.13120688498020172,1.1100000143051147,1.5449999570846558
879,1.2615000009536743,0.34252774715423584,0.28999999165534973,1.534999966621399
880,1.2235000133514404,0.3042946755886078,0.3799999952316284,1.5099999904632568
881,1.3274999856948853,0.24667032063007355,0.6499999761581421,1.565000057220459
882,1.1575000286102295,0.5690397620201111,-0.5,1.5399999618530273
883,1.4025001525878906,0.10198651254177094,1.2300000190734863,1.534999966621399
884,1.403499960899353,0.1450181007385254,1.090000033378601,1.5950000286102295
885,1.2450000047683716,0.2019529491662979,0.8600000143051147,1.559999942779541
886,1.1309999227523804,0.3478131890296936,0.15000000596046448,1.5299999713897705
887,1.2879999876022339,0.19525879621505737,0.7950000166893005,1.5199999809265137
888,1.3565000295639038,0.1110866591334343,1.1950000524520874,1.5099999904632568
889,1.3044999837875366,0.18520867824554443,0.875,1.5149999856948853
890,1.337999939918518,0.1435653269290924,1.1100000143051147,1.6150000095367432
891,1.2595000267028809,0.17953342199325562,0.8999999761581421,1.5099999904632568
892,1.2450001239776611,0.27203860878944397,0.5249999761581421,1.5449999570846558
893,1.2235000133514404,0.31918686628341675,0.41999998688697815,1.5449999570846558
894,1.343500018119812,0.10283602029085159,1.1950000524520874,1.5099999904632568
895,1.1575000286102295,0.34131544828414917,0.38499999046325684,1.524999976158142
896,1.1949999332427979,0.1960994452238083,0.75,1.434999942779541
897,1.3380000591278076,0.11634433269500732,1.1649999618530273,1.4800000190734863
898,1.3565001487731934,0.11668440699577332,1.1399999856948853,1.5449999570846558
899,1.1639999151229858,0.5335531830787659,-0.2849999964237213,1.565000057220459
900,1.3819999694824219,0.09025517851114273,1.274999976158142,1.5499999523162842
901,0.9760000109672546,1.2484467029571533,-2.75,1.5449999570846558
902,0.45900002121925354,1.7103198766708374,-2.9700000286102295,1.5449999570846558
903,0.4729999899864197,0.741512656211853,-1.0800000429153442,1.3650000095367432
904,0.6105000376701355,1.4196205139160156,-3.200000047683716,1.6150000095367432
905,1.0069999694824219,0.6246047019958496,-0.5849999785423279,1.4800000190734863
906,1.3119999170303345,0.09849366545677185,1.159999966621399,1.4550000429153442
907,1.1045000553131104,0.4002652168273926,0.2150000035762787,1.5199999809265137
908,0.9829999804496765,0.4611518085002899,-0.3199999928474426,1.3700000047683716
909,1.190999984741211,0.40145236253738403,0.125,1.4850000143051147
910,0.8359999656677246,1.227513313293457,-2.680000066757202,1.5499999523162842
911,0.8769999742507935,0.7449368834495544,-1.25,1.4550000429153442
912,0.9405000805854797,0.7037736177444458,-0.8050000071525574,1.5700000524520874
913,0.8620001077651978,0.7318989038467407,-0.6650000214576721,1.3700000047683716
914,1.159500002861023,0.5054872035980225,-0.2849999964237213,1.5049999952316284
915,1.281999945640564,0.2564975619316101,0.5450000166893005,1.4800000190734863
916,1.0820000171661377,0.42652198672294617,0.27000001072883606,1.5099999904632568
917,1.2295000553131104,0.3870558738708496,0.23999999463558197,1.5149999856948853
918,1.2184998989105225,0.22281213104724884,0.8299999833106995,1.4850000143051147
919,1.065500020980835,0.45399588346481323,0.019999999552965164,1.4500000476837158
920,1.2304999828338623,0.21675390005111694,0.8199999928474426,1.4950000047683716
921,1.2339999675750732,0.2168847620487213,0.8100000023841858,1.4850000143051147
922,1.0384999513626099,0.7057125568389893,-0.8600000143051147,1.5399999618530273
923,1.0915000438690186,0.5992580652236938,-0.6399999856948853,1.5149999856948853
924,1.0125000476837158,0.5792289972305298,-0.2800000011920929,1.4500000476837158
925,1.0954999923706055,0.406463086605072,0.3199999928474426,1.5399999618530273
926,1.148499846458435,0.5186185240745544,-0.2849999964237213,1.475000023841858
927,1.2295000553131104,0.3290778696537018,0.6499999761581421,1.5750000476837158
928,1.1299999952316284,0.5822499394416809,-0.41499999165534973,1.5700000524520874
929,1.1790000200271606,0.5077784657478333,-0.2800000011920929,1.5499999523162842
930,1.2730000019073486,0.2567119002342224,0.5450000166893005,1.4900000095367432
931,1.2394999265670776,0.19775554537773132,0.9049999713897705,1.5950000286102295
932,1.334999918937683,0.10032448172569275,1.1200000047683716,1.5099999904632568
933,1.3019999265670776,0.253743976354599,0.6399999856948853,1.534999966621399
934,1.0320000648498535,0.6476812362670898,-0.8600000143051147,1.5499999523162842
935,1.065500020980835,0.4068811237812042,0.16500000655651093,1.409999966621399
936,1.1480000019073486,0.5183686017990112,-0.3449999988079071,1.524999976158142
937,1.2700001001358032,0.35587918758392334,0.4350000023841858,1.6200000047683716
938,1.0825001001358032,0.41043421626091003,0.23000000417232513,1.5099999904632568
939,1.2740000486373901,0.2263382524251938,0.8349999785423279,1.565000057220459
940,1.3255001306533813,0.22332097589969635,0.7400000095367432,1.5950000286102295
941,1.18149995803833,0.2996335029602051,0.6499999761581421,1.5299999713897705
942,1.3009999990463257,0.1964281052350998,0.800000011920929,1.5449999570846558
943,1.1430000066757202,0.3847804665565491,0.1850000023841858,1.475000023841858
944,1.2174999713897705,0.31184330582618713,0.32499998807907104,1.434999942779541
945,1.1770000457763672,0.4714403748512268,-0.18000000715255737,1.5
946,1.2135000228881836,0.2992745637893677,0.49000000953674316,1.4850000143051147
947,1.402000069618225,0.10407209396362305,1.2549999952316284,1.565000057220459
948,1.1415001153945923,0.3958601653575897,0.1599999964237213,1.5
949,1.3819999694824219,0.12391934543848038,1.1749999523162842,1.565000057220459
950,1.3510000705718994,0.1625392585992813,1.0499999523162842,1.5700000524520874
951,1.1179999113082886,0.4555172920227051,-0.20999999344348907,1.4600000381469727
952,1.2755000591278076,0.2350473254919052,0.824999988079071,1.524999976158142
953,0.8894999623298645,0.8756353855133057,-1.4800000190734863,1.5099999904632568
954,1.1679999828338623,0.18417653441429138,0.7200000286102295,1.3700000047683716
955,1.2929999828338623,0.1573086380958557,1.0399999618530273,1.565000057220459
956,1.2304999828338623,0.32026124000549316,0.6200000047683716,1.565000057220459
957,1.3060001134872437,0.0674833208322525,1.2300000190734863,1.4249999523162842
958,1.3100000619888306,0.12851068377494812,1.1050000190734863,1.534999966621399
959,1.2125000953674316,0.34247076511383057,0.32499998807907104,1.559999942779541
960,1.0315001010894775,0.6275032162666321,-0.44999998807907104,1.5049999952316284
961,1.2820000648498535,0.2241673469543457,0.6399999856948853,1.4600000381469727
962,1.2660000324249268,0.3221164345741272,0.4000000059604645,1.5950000286102295
963,1.1090000867843628,0.4839824140071869,-0.02500000037252903,1.5449999570846558
964,1.136000156402588,0.311069130897522,0.35499998927116394,1.4500000476837158
965,1.1805000305175781,0.24436090886592865,0.5350000262260437,1.4850000143051147
966,1.372999906539917,0.1693694144487381,0.9449999928474426,1.534999966621399
967,1.1794999837875366,0.39670172333717346,0.375,1.5549999475479126
968,1.1045000553131104,0.5342164635658264,-0.375,1.6200000047683716
969,1.071000099182129,0.4874105155467987,-0.23499999940395355,1.5950000286102295
970,1.1514999866485596,0.5016574859619141,-0.17499999701976776,1.5449999570846558
971,1.3399999141693115,0.1132916808128357,1.1649999618530273,1.5
972,1.1464999914169312,0.3424839377403259,0.23000000417232513,1.5700000524520874
973,1.437000036239624,0.10313097387552261,1.315000057220459,1.5750000476837158
974,1.314500093460083,0.1745487004518509,1.0099999904632568,1.5449999570846558
975,1.2344999313354492,0.22328735888004303,0.6600000262260437,1.4850000143051147
976,1.2289999723434448,0.37800660729408264,0.4000000059604645,1.5700000524520874
977,1.2235000133514404,0.2906806766986847,0.5299999713897705,1.5700000524520874
978,1.0245000123977661,0.4165300130844116,0.14499999582767487,1.5750000476837158
979,1.1260000467300415,0.3678165376186371,0.32499998807907104,1.5149999856948853
980,1.3015000820159912,0.22851748764514923,0.7350000143051147,1.5299999713897705
981,1.1649999618530273,0.33075669407844543,0.4050000011920929,1.5399999618530273
982,1.0820000171661377,0.4018034338951111,0.1550000011920929,1.5049999952316284
983,1.1454999446868896,0.4603175222873688,-0.125,1.4950000047683716
984,1.0985000133514404,0.48276832699775696,-0.2549999952316284,1.5750000476837158
985,1.2235000133514404,0.43143394589424133,2.220446049250313e-16,1.5499999523162842
986,1.1230000257492065,0.5095939636230469,-0.29499998688697815,1.5700000524520874
987,1.3305000066757202,0.16406475007534027,0.925000011920929,1.4900000095367432
988,1.2095000743865967,0.2370595932006836,0.6600000262260437,1.4600000381469727
989,1.3614999055862427,0.14580895006656647,1.024999976158142,1.534999966621399
990,1.0399999618530273,0.58464515209198,-0.5649999976158142,1.5499999523162842
991,1.2089999914169312,0.3760172724723816,0.2150000035762787,1.534999966621399
992,1.1780000925064087,0.2895013093948364,0.6850000023841858,1.4950000047683716
993,0.989000141620636,0.7886627912521362,-1.159999966621399,1.5449999570846558
994,1.0804998874664307,0.37997666001319885,0.36000001430511475,1.4950000047683716
995,1.3385000228881836,0.17485779523849487,0.925000011920929,1.534999966621399
996,1.1489999294281006,0.3797551989555359,0.1599999964237213,1.4900000095367432
997,1.1204999685287476,0.3279820680618286,0.2150000035762787,1.4199999570846558
998,1.383000135421753,0.10208330303430557,1.1299999952316284,1.5049999952316284
999,1.2344999313354492,0.2005423754453659,0.9549999833106995,1.600000023841858
1000,1.0794999599456787,0.661458432674408,-0.7549999952316284,1.5199999809265137
1001,0.9164999723434448,0.7407463788986206,-0.7749999761581421,1.6200000047683716
1002,0.7599999904632568,0.634428858757019,-0.9150000214576721,1.315000057220459
1003,0.8289999961853027,0.6961314678192139,-0.8149999976158142,1.5299999713897705
1004,0.9900000691413879,0.5617161393165588,-0.35499998927116394,1.5049999952316284
1005,1.2864999771118164,0.11000114679336548,1.1200000047683716,1.4550000429153442
1006,1.253999948501587,0.3661065399646759,0.23000000417232513,1.5199999809265137
1007,1.3304998874664307,0.22356709837913513,0.8500000238418579,1.5950000286102295
1008,1.243499994277954,0.3473546504974365,0.32499998807907104,1.6200000047683716
1009,1.185499906539917,0.27970027923583984,0.5,1.5
1010,1.1045000553131104,0.6210291981697083,-0.17499999701976776,1.5950000286102295
1011,1.2295000553131104,0.13777610659599304,0.9049999713897705,1.4049999713897705
1012,1.2035000324249268,0.33148193359375,0.29499998688697815,1.5
1013,1.319000005722046,0.29878753423690796,0.4950000047683716,1.5099999904632568
1014,1.1230000257492065,0.5059407353401184,-0.02500000037252903,1.5750000476837158
1015,1.287500023841858,0.39870572090148926,0.125,1.5750000476837158
1016,1.2820000648498535,0.239292711019516,0.7099999785423279,1.5149999856948853
1017,0.7215000987052917,1.3107861280441284,-2.690000057220459,1.590000033378601
1018,1.1644998788833618,0.3266148269176483,0.5400000214576721,1.5850000381469727
1019,1.1450001001358032,0.5827306509017944,-0.5049999952316284,1.5499999523162842
1020,1.0989999771118164,0.3949417769908905,-0.009999999776482582,1.4550000429153442
1021,1.061000108718872,0.5161482691764832,-0.32499998807907104,1.4700000286102295
1022,1.2425000667572021,0.17795012891292572,0.9850000143051147,1.4900000095367432
1023,1.131500005722046,0.28266632556915283,0.550000011920929,1.5549999475479126
1024,1.068000078201294,0.5575984120368958,-0.3400000035762787,1.5950000286102295
1025,1.275499939918518,0.15182967483997345,1.0,1.5199999809265137
1026,1.3820000886917114,0.11397805064916611,1.2050000429153442,1.559999942779541
1027,1.1745001077651978,0.5868067741394043,-0.5550000071525574,1.5549999475479126
1028,1.062000036239624,0.6223270893096924,-0.4650000035762787,1.5449999570846558
1029,1.2825000286102295,0.12828190624713898,1.065000057220459,1.4550000429153442
1030,1.380500078201294,0.1591767966747284,1.1100000143051147,1.600000023841858
1031,0.9180000424385071,0.4996158480644226,-0.11999999731779099,1.4299999475479126
1032,1.128999948501587,0.43051597476005554,-0.03500000014901161,1.5
1033,1.277999997138977,0.2075355499982834,0.8199999928474426,1.5800000429153442
1034,1.2595000267028809,0.26839756965637207,0.6549999713897705,1.5299999713897705
1035,1.2975000143051147,0.25246039032936096,0.6349999904632568,1.5399999618530273
1036,1.2640001773834229,0.14880861341953278,0.9950000047683716,1.4800000190734863
1037,1.244499921798706,0.16008515655994415,1.024999976158142,1.475000023841858
1038,1.3669999837875366,0.15532545745372772,1.065000057220459,1.625
1039,1.1495001316070557,0.45898500084877014,-0.11500000208616257,1.625
1040,0.972000002861023,0.8530451059341431,-1.534999966621399,1.565000057220459
1041,1.2884999513626099,0.15362372994422913,1.034999966621399,1.600000023841858
1042,0.9864999651908875,0.5927860140800476,-0.17499999701976776,1.5449999570846558
1043,1.2825000286102295,0.20134858787059784,0.9300000071525574,1.5700000524520874
1044,1.0779999494552612,0.5121434926986694,-0.23499999940395355,1.5399999618530273
1045,1.2515000104904175,0.2459374964237213,0.6549999713897705,1.4850000143051147
1046,1.2459999322891235,0.14788171648979187,1.0099999904632568,1.4550000429153442
1047,0.7290000319480896,1.3183848857879639,-3.0199999809265137,1.534999966621399
1048,1.1540000438690186,0.43701714277267456,-0.03999999910593033,1.5099999904632568
1049,1.3589999675750732,0.1501132845878601,1.0950000286102295,1.5499999523162842
1050,1.3385001420974731,0.16172583401203156,0.9700000286102295,1.5549999475479126
1051,0.8474999666213989,1.3183194398880005,-2.9800000190734863,1.5299999713897705
1052,1.3609999418258667,0.09369631111621857,1.149999976158142,1.4900000095367432
1053,1.309499979019165,0.2847055494785309,0.7200000286102295,1.5950000286102295
1054,1.372999906539917,0.1097998097538948,1.1799999475479126,1.5499999523162842
1055,1.2079999446868896,0.2460203319787979,0.6700000166893005,1.5
1056,1.2914998531341553,0.18773718178272247,0.9599999785423279,1.5499999523162842
1057,1.2279999256134033,0.30704396963119507,0.625,1.5399999618530273
1058,1.285499930381775,0.14332567155361176,1.090000033378601,1.5099999904632568
1059,1.2799999713897705,0.20713524520397186,0.8999999761581421,1.4800000190734863
1060,1.2934999465942383,0.21981866657733917,0.7850000262260437,1.5449999570846558
1061,1.312999963760376,0.13849550485610962,1.0399999618530273,1.5049999952316284
1062,1.2430000305175781,0.26053982973098755,0.625,1.5750000476837158
1063,1.2799999713897705,0.18567444384098053,0.875,1.5099999904632568
1064,1.3174999952316284,0.18255478143692017,0.8849999904632568,1.5049999952316284
1065,1.3415000438690186,0.17901186645030975,0.8799999952316284,1.534999966621399
1066,1.310499906539917,0.1793522983789444,0.9850000143051147,1.6200000047683716
1067,1.2645000219345093,0.2325989156961441,0.7900000214576721,1.534999966621399
1068,1.2894999980926514,0.26107901334762573,0.5600000023841858,1.5099999904632568
1069,1.1924999952316284,0.30421411991119385,0.4650000035762787,1.4850000143051147
1070,1.270999789237976,0.1585685908794403,0.9850000143051147,1.5449999570846558
1071,1.241499900817871,0.2746092677116394,0.5,1.5049999952316284
1072,1.3919999599456787,0.12504398822784424,1.2000000476837158,1.5750000476837158
1073,1.3055000305175781,0.3073715269565582,0.5,1.5449999570846558
1074,1.2815001010894775,0.32204076647758484,0.3799999952316284,1.5099999904632568
1075,1.3485000133514404,0.1489303559064865,1.0399999618530273,1.5449999570846558
1076,1.275499939918518,0.2964493930339813,0.46000000834465027,1.6100000143051147
1077,1.2950000762939453,0.1376045197248459,1.0199999809265137,1.5750000476837158
1078,1.3650000095367432,0.12282100319862366,1.149999976158142,1.5399999618530273
1079,1.1470000743865967,0.43903419375419617,-0.0949999988079071,1.600000023841858
1080,1.1864999532699585,0.3675870895385742,0.32499998807907104,1.590000033378601
1081,1.1780000925064087,0.3948873281478882,0.1850000023841858,1.565000057220459
1082,0.9504998922348022,1.271079182624817,-2.8499999046325684,1.559999942779541
1083,1.1599998474121094,0.3553941547870636,0.15000000596046448,1.4450000524520874
1084,1.1705000400543213,0.3359200060367584,0.550000011920929,1.5399999618530273
1085,1.378999948501587,0.10688312351703644,1.190000057220459,1.565000057220459
1086,1.3510000705718994,0.23982077836990356,0.9350000023841858,1.6200000047683716
1087,1.2259998321533203,0.20232152938842773,0.8199999928474426,1.5099999904632568
1088,1.3215000629425049,0.2558617889881134,0.7099999785423279,1.5449999570846558
1089,1.3114999532699585,0.12186160683631897,1.1200000047683716,1.5750000476837158
1090,1.253999948501587,0.28193792700767517,0.5600000023841858,1.6150000095367432
1091,1.3070001602172852,0.17944636940956116,1.0199999809265137,1.524999976158142
1092,1.118499994277954,0.5839265584945679,-0.5899999737739563,1.590000033378601
1093,1.2620000839233398,0.16557776927947998,0.949999988079071,1.4299999475479126
1094,1.2905000448226929,0.17318271100521088,0.9449999928474426,1.5700000524520874
1095,1.374000072479248,0.10258655995130539,1.1050000190734863,1.465000033378601
1096,0.8939999341964722,1.2807025909423828,-2.930000066757202,1.5099999904632568
1097,1.3420000076293945,0.22252191603183746,0.7749999761581421,1.559999942779541
1098,1.3905000686645508,0.07744189351797104,1.2549999952316284,1.5099999904632568
1099,1.244999885559082,0.21918030083179474,0.8050000071525574,1.5700000524520874
1100,1.2339999675750732,0.3094737231731415,0.550000011920929,1.5149999856948853
1101,1.189500093460083,0.32126665115356445,0.38499999046325684,1.5049999952316284
1102,1.1974999904632568,0.3005765378475189,0.375,1.4900000095367432
1103,1.184499979019165,0.3136514723300934,0.45500001311302185,1.5700000524520874
1104,0.9369999170303345,0.7886608839035034,-0.7099999785423279,1.5399999618530273
1105,1.190000057220459,0.4295637309551239,0.019999999552965164,1.5
1106,1.2475000619888306,0.16951771080493927,0.7699999809265137,1.4249999523162842
1107,1.0394999980926514,0.7218083143234253,-0.4000000059604645,1.5399999618530273
1108,1.0945000648498535,0.44643840193748474,0.009999999776482582,1.465000033378601
1109,1.3255001306533813,0.19196940958499908,0.9950000047683716,1.5800000429153442
1110,1.3254998922348022,0.12450803071260452,1.1200000047683716,1.4800000190734863
1111,1.3454999923706055,0.1350823938846588,1.0950000286102295,1.524999976158142
1112,0.8539999723434448,0.7019216418266296,-0.6399999856948853,1.5549999475479126
1113,1.274999976158142,0.21364690363407135,0.7799999713897705,1.4800000190734863
1114,1.2390000820159912,0.2579709589481354,0.5899999737739563,1.5149999856948853
1115,0.6039999723434448,1.2318803071975708,-2.890000104904175,1.4199999570846558
1116,1.3230000734329224,0.16480596363544464,0.8949999809265137,1.565000057220459
1117,1.3420000076293945,0.1274794042110443,1.0850000381469727,1.5399999618530273
1118,1.3389999866485596,0.10910545289516449,1.1749999523162842,1.524999976158142
1119,1.1529998779296875,0.25994423031806946,0.6000000238418579,1.434999942779541
1120,1.284500002861023,0.2818550169467926,0.5950000286102295,1.5750000476837158
1121,1.2510000467300415,0.22153781354427338,0.8450000286102295,1.5099999904632568
1122,1.289500117301941,0.12844161689281464,0.9750000238418579,1.465000033378601
1123,1.2725000381469727,0.29588213562965393,0.550000011920929,1.559999942779541
1124,1.3454999923706055,0.19846221804618835,0.9850000143051147,1.6200000047683716
1125,1.0069999694824219,0.5388144850730896,-0.23000000417232513,1.4800000190734863
1126,1.1435000896453857,0.28070491552352905,0.5400000214576721,1.475000023841858
1127,1.2660000324249268,0.12177438288927078,1.0700000524520874,1.475000023841858
1128,1.2450000047683716,0.2393324077129364,0.6349999904632568,1.4700000286102295
1129,1.186000108718872,0.31116554141044617,0.49000000953674316,1.5399999618530273
1130,1.305999994277954,0.3267858624458313,0.3499999940395355,1.5449999570846558
1131,1.285499930381775,0.1883009523153305,0.9049999713897705,1.5149999856948853
1132,1.1649999618530273,0.3909347951412201,0.15000000596046448,1.5149999856948853
1133,1.2359999418258667,0.2671872079372406,0.625,1.4850000143051147
1134,1.25,0.44127655029296875,-0.03999999910593033,1.565000057220459
1135,1.2999999523162842,0.30234915018081665,0.42500001192092896,1.5099999904632568
1136,1.272499918937683,0.2287602573633194,0.8799999952316284,1.5700000524520874
1137,1.1694999933242798,0.21597974002361298,0.6800000071525574,1.409999966621399
1138,1.212499976158142,0.25477689504623413,0.625,1.5299999713897705
1139,1.3629999160766602,0.12716524302959442,1.149999976158142,1.5700000524520874
1140,0.8569999933242798,0.621917188167572,-0.35499998927116394,1.5149999856948853
1141,1.2929999828338623,0.11093240976333618,1.090000033378601,1.440000057220459
1142,0.8544999957084656,1.2938672304153442,-2.950000047683716,1.5449999570846558
1143,1.3545000553131104,0.09204482287168503,1.2000000476837158,1.534999966621399
1144,1.3489999771118164,0.1289146989583969,1.0950000286102295,1.590000033378601
1145,1.3730000257492065,0.16535113751888275,1.0950000286102295,1.6150000095367432
1146,1.2005000114440918,0.2406080961227417,0.7350000143051147,1.5199999809265137
1147,1.281999945640564,0.2707138657569885,0.574999988079071,1.565000057220459
1148,1.2920000553131104,0.17900002002716064,0.8199999928474426,1.475000023841858
1149,1.3274999856948853,0.12572290003299713,1.1200000047683716,1.5499999523162842
1150,1.3000000715255737,0.17714400589466095,0.9800000190734863,1.5299999713897705
1151,1.2404998540878296,0.19513392448425293,0.9049999713897705,1.559999942779541
1152,1.218000054359436,0.3027474284172058,0.46000000834465027,1.5049999952316284
1153,1.2440000772476196,0.23833590745925903,0.6949999928474426,1.5149999856948853
1154,1.1514999866485596,0.6081737279891968,-0.5450000166893005,1.600000023841858
1155,1.3669999837875366,0.1632666438817978,0.9800000190734863,1.5449999570846558
1156,1.31850004196167,0.14751356840133667,1.0099999904632568,1.5700000524520874
1157,1.3865001201629639,0.0928991436958313,1.2200000286102295,1.5149999856948853
1158,1.2654999494552612,0.3621702194213867,0.25,1.590000033378601
1159,1.2650001049041748,0.19326148927211761,0.8899999856948853,1.465000033378601
1160,1.2920000553131104,0.3291063606739044,0.3499999940395355,1.5399999618530273
1161,1.1064999103546143,0.23280946910381317,0.6050000190734863,1.375
1162,1.378000020980835,0.13520725071430206,1.0399999618530273,1.5399999618530273
1163,1.25,0.25626158714294434,0.5950000286102295,1.5750000476837158
1164,1.3769999742507935,0.10970872640609741,1.25,1.565000057220459
1165,1.442500114440918,0.101470448076725,1.2999999523162842,1.6200000047683716
1166,1.1920000314712524,0.15442150831222534,0.9300000071525574,1.3949999809265137
1167,0.7265000343322754,1.4579490423202515,-3.569999933242798,1.4900000095367432
1168,1.3849999904632568,0.12519985437393188,1.1950000524520874,1.600000023841858
1169,1.2644999027252197,0.16157738864421844,0.8999999761581421,1.4600000381469727
1170,1.3539998531341553,0.15496450662612915,0.949999988079071,1.5299999713897705
1171,1.1140000820159912,0.6863009929656982,-0.8349999785423279,1.6150000095367432
1172,1.3399999141693115,0.12537941336631775,1.1399999856948853,1.5199999809265137
1173,1.3840000629425049,0.15755635499954224,1.1050000190734863,1.5700000524520874
1174,1.3980000019073486,0.10065286606550217,1.2350000143051147,1.5149999856948853
1175,1.2869999408721924,0.21728092432022095,0.7699999809265137,1.5399999618530273
1176,1.3570001125335693,0.060299236327409744,1.2599999904632568,1.4299999475479126
1177,1.2864999771118164,0.20381426811218262,0.824999988079071,1.565000057220459
1178,1.2990000247955322,0.1195993423461914,1.1150000095367432,1.5099999904632568
1179,1.3910000324249268,0.13095420598983765,1.1749999523162842,1.5950000286102295
1180,1.3369998931884766,0.16957592964172363,1.065000057220459,1.565000057220459
1181,1.035499930381775,0.6466623544692993,-0.41999998688697815,1.5149999856948853
1182,1.2595000267028809,0.10682815313339233,1.059999942779541,1.475000023841858
1183,1.3199999332427979,0.16454485058784485,1.024999976158142,1.590000033378601
1184,1.191499948501587,0.2946697175502777,0.46000000834465027,1.5099999904632568
1185,1.3244999647140503,0.11138781905174255,1.0850000381469727,1.4800000190734863
1186,1.4144999980926514,0.1515989601612091,1.0750000476837158,1.5950000286102295
1187,1.341999888420105,0.14092905819416046,0.9950000047683716,1.5449999570846558
1188,1.2384999990463257,0.28040194511413574,0.4650000035762787,1.5449999570846558
1189,1.2229998111724854,0.30469000339508057,0.47999998927116394,1.559999942779541
1190,1.2319999933242798,0.17328011989593506,0.824999988079071,1.4800000190734863
1191,1.3894999027252197,0.12795409560203552,1.1649999618530273,1.5199999809265137
1192,1.164000153541565,0.476591020822525,-0.20499999821186066,1.5449999570846558
1193,1.253499984741211,0.2525475323200226,0.5649999976158142,1.565000057220459
1194,1.3960001468658447,0.08175573498010635,1.2599999904632568,1.5
1195,1.2954999208450317,0.22364535927772522,0.7350000143051147,1.5299999713897705
1196,1.3075001239776611,0.23162738978862762,0.7099999785423279,1.5399999618530273
1197,1.2120001316070557,0.22603319585323334,0.6499999761581421,1.5149999856948853
1198,1.408000111579895,0.10602357238531113,1.1950000524520874,1.565000057220459
1199,1.3424999713897705,0.10240239650011063,1.1799999475479126,1.5149999856948853
1200,1.4190000295639038,0.10297571867704391,1.2549999952316284,1.5499999523162842
1201,1.094499945640564,0.32766178250312805,0.47999998927116394,1.5099999904632568
1202,0.8725000619888306,1.28471839427948,-2.930000066757202,1.5499999523162842
1203,1.2325000762939453,0.23857128620147705,0.7599999904632568,1.5700000524520874
1204,0.9954999685287476,0.6485346555709839,-0.4000000059604645,1.4900000095367432
1205,1.217000126838684,0.4724997282028198,-0.12999999523162842,1.5850000381469727
1206,1.3440001010894775,0.10494761168956757,1.090000033378601,1.4800000190734863
1207,1.3344999551773071,0.13882452249526978,1.149999976158142,1.559999942779541
1208,1.249000072479248,0.22536414861679077,0.8550000190734863,1.5850000381469727
1209,1.3964999914169312,0.10273873060941696,1.2000000476837158,1.5399999618530273
1210,1.3370000123977661,0.1510993242263794,1.059999942779541,1.565000057220459
1211,1.2790000438690186,0.13101144134998322,1.0950000286102295,1.534999966621399
1212,1.2039998769760132,0.34120962023735046,0.38999998569488525,1.465000033378601
1213,1.3135000467300415,0.2531111538410187,0.8349999785423279,1.565000057220459
1214,1.3849999904632568,0.12443874776363373,1.149999976158142,1.565000057220459
1215,0.7610000371932983,1.305961012840271,-2.9000000953674316,1.5149999856948853
1216,1.3440001010894775,0.15907232463359833,1.059999942779541,1.5149999856948853
1217,1.277999997138977,0.2642839550971985,0.5699999928474426,1.4950000047683716
1218,1.2254999876022339,0.3634243309497833,0.2549999952316284,1.5449999570846558
1219,1.3075001239776611,0.2527276277542114,0.6399999856948853,1.5449999570846558
1220,1.1204999685287476,0.48008573055267334,-0.20999999344348907,1.4900000095367432
1221,1.3270000219345093,0.17435882985591888,0.8999999761581421,1.5449999570846558
1222,1.2785000801086426,0.3978005349636078,0.17000000178813934,1.5499999523162842
1223,1.2404999732971191,0.467827171087265,-0.019999999552965164,1.625
1224,1.031999945640564,0.2647848129272461,0.5649999976158142,1.4149999618530273
1225,1.2844998836517334,0.19152610003948212,0.8149999976158142,1.524999976158142
1226,1.3075000047683716,0.15937770903110504,1.0399999618530273,1.5449999570846558
1227,1.2760000228881836,0.2624099850654602,0.6100000143051147,1.5449999570846558
1228,1.3415000438690186,0.1908801943063736,0.9300000071525574,1.534999966621399
1229,1.319000005722046,0.18510538339614868,1.0049999952316284,1.5700000524520874
1230,1.2515000104904175,0.1730758547782898,0.8650000095367432,1.5499999523162842
1231,1.2929999828338623,0.39884334802627563,0.15000000596046448,1.590000033378601
1232,1.382000207901001,0.1593298465013504,1.065000057220459,1.5750000476837158
1233,1.4055001735687256,0.12803220748901367,1.1399999856948853,1.559999942779541
1234,1.3575000762939453,0.17730271816253662,1.0,1.565000057220459
1235,1.3164998292922974,0.11106418073177338,1.149999976158142,1.4850000143051147
1236,1.3315000534057617,0.12759409844875336,1.1399999856948853,1.5049999952316284
1237,1.3109999895095825,0.08751573413610458,1.1649999618530273,1.475000023841858
1238,1.2799999713897705,0.10497618466615677,1.1399999856948853,1.5199999809265137
1239,1.2480000257492065,0.15881119668483734,0.9200000166893005,1.5399999618530273
1240,1.2350000143051147,0.16341665387153625,0.9850000143051147,1.4950000047683716
1241,1.3295000791549683,0.0803258940577507,1.2050000429153442,1.4850000143051147
1242,1.319000005722046,0.13217036426067352,1.1200000047683716,1.5950000286102295
1243,1.312000036239624,0.21949031949043274,0.7450000047683716,1.5149999856948853
1244,1.243499994277954,0.21756663918495178,0.7300000190734863,1.5
1245,1.284500002861023,0.1736440360546112,0.949999988079071,1.4850000143051147
1246,1.3089998960494995,0.12642785906791687,1.0399999618530273,1.4500000476837158
1247,1.3589999675750732,0.17275413870811462,0.9750000238418579,1.5449999570846558
1248,1.281999945640564,0.19397422671318054,0.875,1.5549999475479126
1249,1.2809998989105225,0.41084542870521545,0.10499999672174454,1.5449999570846558
1250,1.2130000591278076,0.2832948863506317,0.5149999856948853,1.475000023841858
1251,1.2009999752044678,0.2001849114894867,0.875,1.4850000143051147
1252,1.3135000467300415,0.22022771835327148,0.7649999856948853,1.5299999713897705
1253,1.165000081062317,0.5119521617889404,-0.16500000655651093,1.6200000047683716
1254,1.3569998741149902,0.16269910335540771,0.9549999833106995,1.5299999713897705
1255,1.3130000829696655,0.13468852639198303,1.0850000381469727,1.5099999904632568
1256,1.3220000267028809,0.1776822805404663,0.9200000166893005,1.5399999618530273
1257,1.3280000686645508,0.09330594539642334,1.2050000429153442,1.4800000190734863
1258,1.281000018119812,0.114756278693676,1.0549999475479126,1.4149999618530273
1259,1.3105000257492065,0.25444498658180237,0.6549999713897705,1.5950000286102295
1260,1.2975000143051147,0.2264425903558731,0.6899999976158142,1.5549999475479126
1261,1.253999948501587,0.2518710196018219,0.6549999713897705,1.4850000143051147
1262,1.162000060081482,0.3251784145832062,0.5199999809265137,1.5049999952316284
1263,1.3964999914169312,0.16074901819229126,1.1050000190734863,1.600000023841858
1264,1.3625000715255737,0.11893801391124725,1.1950000524520874,1.5850000381469727
1265,1.252000093460083,0.16226826608181,0.9800000190734863,1.4299999475479126
1266,1.3519998788833618,0.17101463675498962,1.0399999618530273,1.5700000524520874
1267,1.2864999771118164,0.16497044265270233,0.9800000190734863,1.5
1268,1.3424999713897705,0.1452626883983612,0.9800000190734863,1.534999966621399
1269,1.4185000658035278,0.1278485506772995,1.1749999523162842,1.5950000286102295
1270,1.3450000286102295,0.08127113431692123,1.2200000286102295,1.524999976158142
1271,1.3144999742507935,0.13642670214176178,1.065000057220459,1.5299999713897705
1272,1.3259999752044678,0.19343991577625275,0.875,1.5700000524520874
1273,1.2825000286102295,0.13660618662834167,1.1050000190734863,1.5
1274,1.2929998636245728,0.16709576547145844,0.9900000095367432,1.559999942779541
1275,1.3819999694824219,0.14128340780735016,1.034999966621399,1.559999942779541
1276,1.3220000267028809,0.20221522450447083,0.8999999761581421,1.5549999475479126
1277,1.374500036239624,0.09605858474969864,1.184999942779541,1.5099999904632568
1278,1.340999960899353,0.15031301975250244,1.034999966621399,1.524999976158142
1279,1.40500009059906,0.11928955465555191,1.2050000429153442,1.5950000286102295
1280,1.2839999198913574,0.17895251512527466,0.9399999976158142,1.534999966621399
1281,1.3730000257492065,0.13017681241035461,1.125,1.524999976158142
1282,1.3445000648498535,0.1899137943983078,0.9300000071525574,1.5800000429153442
1283,1.3624999523162842,0.16005076467990875,1.0099999904632568,1.5750000476837158
1284,1.2509998083114624,0.31722861528396606,0.3700000047683716,1.524999976158142
1285,1.1994999647140503,0.486602783203125,-0.22499999403953552,1.5750000476837158
1286,1.4529999494552612,0.08243787288665771,1.2799999713897705,1.5950000286102295
1287,1.3785001039505005,0.16471262276172638,0.9200000166893005,1.5149999856948853
1288,1.2864999771118164,0.1339225471019745,1.090000033378601,1.4950000047683716
1289,1.249500036239624,0.17318271100521088,0.9200000166893005,1.4950000047683716
1290,1.4110000133514404,0.0945991575717926,1.2599999904632568,1.524999976158142
1291,1.368499994277954,0.2107374221086502,0.8999999761581421,1.5950000286102295
1292,0.9954999089241028,1.242904782295227,-2.7100000381469727,1.5199999809265137
1293,1.1165000200271606,0.5464112162590027,-0.4449999928474426,1.5149999856948853
1294,1.305999994277954,0.18932512402534485,0.875,1.5399999618530273
1295,1.274999976158142,0.16763055324554443,0.8550000190734863,1.4800000190734863
1296,1.249500036239624,0.27205193042755127,0.7599999904632568,1.6200000047683716
1297,1.3524998426437378,0.20838966965675354,0.8999999761581421,1.5950000286102295
1298,1.3450000286102295,0.15663652122020721,1.0099999904632568,1.5199999809265137
1299,1.3630000352859497,0.16769318282604218,1.0499999523162842,1.524999976158142
1300,1.1334999799728394,0.3162044584751129,0.46000000834465027,1.475000023841858
1301,1.0789999961853027,0.602618396282196,-0.550000011920929,1.4850000143051147
1302,1.0720000267028809,0.4054454267024994,0.22499999403953552,1.4600000381469727
1303,1.2330000400543213,0.22919641435146332,0.6899999976158142,1.4700000286102295
1304,1.2360000610351562,0.13870471715927124,1.034999966621399,1.5549999475479126
1305,1.3200000524520874,0.2354145348072052,0.824999988079071,1.590000033378601
1306,1.3330000638961792,0.12089666724205017,1.1349999904632568,1.5800000429153442
1307,1.1584999561309814,0.2953645884990692,0.6499999761581421,1.5449999570846558
1308,1.349000096321106,0.1735626608133316,0.9750000238418579,1.5950000286102295
1309,1.2894999980926514,0.24240924417972565,0.7200000286102295,1.5149999856948853
1310,1.3774999380111694,0.09836792200803757,1.2300000190734863,1.534999966621399
1311,1.3320000171661377,0.14683663845062256,1.0549999475479126,1.524999976158142
1312,1.3485000133514404,0.192718043923378,0.9300000071525574,1.5499999523162842
1313,1.3625001907348633,0.28124943375587463,0.5450000166893005,1.5700000524520874
1314,1.256500005722046,0.3096292316913605,0.4050000011920929,1.5149999856948853
1315,1.1794999837875366,0.3063286542892456,0.4350000023841858,1.5499999523162842
1316,1.2454999685287476,0.24590089917182922,0.7350000143051147,1.5750000476837158
1317,1.3865000009536743,0.08084090054035187,1.2799999713897705,1.5149999856948853
1318,1.3660000562667847,0.11721348017454147,1.184999942779541,1.5399999618530273
1319,1.3264999389648438,0.2135772705078125,0.949999988079071,1.5850000381469727
1320,1.2465001344680786,0.29487326741218567,0.49000000953674316,1.5950000286102295
1321,1.3870000839233398,0.09042124450206757,1.274999976158142,1.524999976158142
1322,1.3264998197555542,0.2202504426240921,0.8899999856948853,1.6200000047683716
1323,1.2739999294281006,0.20356570184230804,0.8450000286102295,1.5950000286102295
1324,1.2975001335144043,0.22335228323936462,0.9850000143051147,1.5399999618530273
1325,0.9869999885559082,1.2387275695800781,-2.700000047683716,1.5950000286102295
1326,1.3369998931884766,0.1840950846672058,0.8650000095367432,1.524999976158142
1327,0.6050000786781311,1.2408827543258667,-2.7699999809265137,1.524999976158142
1328,1.3375000953674316,0.1564328968524933,1.0399999618530273,1.5149999856948853
1329,1.243499994277954,0.14981737732887268,1.024999976158142,1.4900000095367432
1330,1.2960001230239868,0.18887561559677124,0.8999999761581421,1.5399999618530273
1331,1.378499984741211,0.09591792523860931,1.2000000476837158,1.4900000095367432
1332,1.3125,0.2853703498840332,0.5350000262260437,1.5399999618530273
1333,1.283500075340271,0.1404999941587448,1.0549999475479126,1.5099999904632568
1334,0.95250004529953,1.3357025384902954,-3.0399999618530273,1.5750000476837158
1335,1.3665000200271606,0.1594059318304062,1.0099999904632568,1.5750000476837158
1336,1.3809999227523804,0.14852268993854523,1.065000057220459,1.5449999570846558
1337,1.3829997777938843,0.08608715981245041,1.274999976158142,1.5199999809265137
1338,1.3234999179840088,0.11766582727432251,1.1100000143051147,1.5299999713897705
1339,1.2894999980926514,0.13045018911361694,1.100000023841858,1.5049999952316284
1340,1.385500192642212,0.16471870243549347,0.9599999785423279,1.559999942779541
1341,1.2975000143051147,0.198623389005661,0.8999999761581421,1.534999966621399
1342,1.2450001239776611,0.22569893300533295,0.6549999713897705,1.5199999809265137
1343,1.369499921798706,0.07824481278657913,1.2549999952316284,1.5
1344,1.3125,0.12122809141874313,1.1649999618530273,1.5399999618530273
1345,1.3554999828338623,0.11957112699747086,1.184999942779541,1.565000057220459
1346,1.349500060081482,0.20873966813087463,0.8050000071525574,1.5449999570846558
1347,1.3920000791549683,0.14647865295410156,1.1150000095367432,1.5499999523162842
1348,1.2995001077651978,0.15767769515514374,1.0,1.5049999952316284
1349,1.3829998970031738,0.12124767899513245,1.1950000524520874,1.5700000524520874
1350,1.2829999923706055,0.23948067426681519,0.6850000023841858,1.559999942779541
1351,1.1524999141693115,0.2598196268081665,0.4749999940395355,1.465000033378601
1352,1.3519999980926514,0.35585951805114746,0.36500000953674316,1.5950000286102295
1353,1.1629999876022339,0.30081722140312195,0.550000011920929,1.5149999856948853
1354,1.3585001230239868,0.1643935590982437,1.065000057220459,1.534999966621399
1355,1.3600000143051147,0.17877361178398132,0.9599999785423279,1.565000057220459
1356,1.090999960899353,0.39978620409965515,0.23999999463558197,1.5199999809265137
1357,1.3830000162124634,0.09165697544813156,1.2300000190734863,1.5099999904632568
1358,1.3604998588562012,0.09978602081537247,1.2549999952316284,1.5199999809265137
1359,1.343000054359436,0.16428937017917633,0.9850000143051147,1.559999942779541
1360,1.2590000629425049,0.49894288182258606,-0.23000000417232513,1.5099999904632568
1361,1.2700001001358032,0.376596599817276,0.20999999344348907,1.590000033378601
1362,1.3714998960494995,0.11469632387161255,1.2300000190734863,1.5399999618530273
1363,1.2620000839233398,0.34552279114723206,0.3199999928474426,1.5199999809265137
1364,1.317500114440918,0.11221075057983398,1.149999976158142,1.5049999952316284
1365,1.3030000925064087,0.11685889959335327,1.0950000286102295,1.475000023841858
1366,1.2429999113082886,0.23459751904010773,0.8149999976158142,1.5499999523162842
1367,1.249500036239624,0.19169573485851288,0.9649999737739563,1.4950000047683716
1368,1.3329999446868896,0.20035217702388763,0.8199999928474426,1.5399999618530273
1369,1.3184999227523804,0.11619057506322861,1.1649999618530273,1.5049999952316284
1370,1.3285000324249268,0.1280243992805481,1.1449999809265137,1.5399999618530273
1371,1.3240000009536743,0.13139253854751587,1.090000033378601,1.4900000095367432
1372,1.2885000705718994,0.1469021886587143,1.059999942779541,1.5099999904632568
1373,1.3270000219345093,0.12264176458120346,1.1200000047683716,1.5149999856948853
1374,1.3539999723434448,0.1289728581905365,1.125,1.534999966621399
1375,1.3020000457763672,0.1970938742160797,0.9049999713897705,1.5499999523162842
1376,1.4294999837875366,0.10216286778450012,1.2699999809265137,1.5700000524520874
1377,1.2859998941421509,0.19481785595417023,0.875,1.5299999713897705
1378,1.2970000505447388,0.11929375678300858,1.1399999856948853,1.4950000047683716
1379,1.341999888420105,0.11734990775585175,1.1749999523162842,1.5199999809265137
1380,1.406499981880188,0.13397854566574097,1.1749999523162842,1.5750000476837158
1381,1.3450000286102295,0.11432410776615143,1.1749999523162842,1.5049999952316284
1382,1.2995001077651978,0.24203771352767944,0.6449999809265137,1.524999976158142
1383,1.2410000562667847,0.11013173311948776,1.0549999475479126,1.4049999713897705
1384,1.3279999494552612,0.12570203840732574,1.1449999809265137,1.5299999713897705
1385,1.2730000019073486,0.24154916405677795,0.8550000190734863,1.5950000286102295
1386,1.2720000743865967,0.29568731784820557,0.5149999856948853,1.5700000524520874
1387,1.2405000925064087,0.20368418097496033,0.7250000238418579,1.4149999618530273
1388,1.190999984741211,0.3138694167137146,0.6299999952316284,1.590000033378601
1389,1.3640000820159912,0.1476787030696869,1.0950000286102295,1.565000057220459
1390,1.3199999332427979,0.1560288369655609,0.9449999928474426,1.5149999856948853
1391,1.2089998722076416,0.13591910898685455,1.0499999523162842,1.5149999856948853
1392,1.4030001163482666,0.1561601608991623,1.0700000524520874,1.565000057220459
1393,1.3125,0.19119688868522644,0.8199999928474426,1.5299999713897705
1394,1.2475001811981201,0.23745788633823395,0.6600000262260437,1.534999966621399
1395,1.3950001001358032,0.12587693333625793,1.1549999713897705,1.5750000476837158
1396,1.275999903678894,0.21046139299869537,0.7699999809265137,1.5099999904632568
1397,1.1624999046325684,0.2588653266429901,0.5950000286102295,1.475000023841858
1398,1.3235000371932983,0.16257384419441223,0.8999999761581421,1.5199999809265137
1399,1.3599998950958252,0.16277286410331726,1.0800000429153442,1.590000033378601
1400,1.3235000371932983,0.18928879499435425,0.8450000286102295,1.5549999475479126
1401,1.3880000114440918,0.17258621752262115,0.9900000095367432,1.6100000143051147
1402,1.2409999370574951,0.301734983921051,0.44999998807907104,1.534999966621399
1403,1.3109999895095825,0.19277966022491455,1.0750000476837158,1.6200000047683716
1404,0.6699999570846558,1.3149372339248657,-3.009999990463257,1.524999976158142
1405,1.1660000085830688,0.28978264331817627,0.5849999785423279,1.559999942779541
1406,1.2400000095367432,0.2789534032344818,0.8050000071525574,1.6200000047683716
1407,1.1820000410079956,0.4794538617134094,-0.19499999284744263,1.5399999618530273
1408,1.2379999160766602,0.24368217587471008,0.6150000095367432,1.534999966621399
1409,1.1470000743865967,0.2785964906215668,0.6200000047683716,1.5099999904632568
1410,1.2559999227523804,0.2481713443994522,0.5849999785423279,1.5750000476837158
1411,0.7584999799728394,1.5456018447875977,-3.8499999046325684,1.565000057220459
1412,1.1749999523162842,0.15193746984004974,0.800000011920929,1.3700000047683716
1413,1.218000054359436,0.15438911318778992,0.9649999737739563,1.4950000047683716
1414,1.3170000314712524,0.20013993978500366,0.8999999761581421,1.6150000095367432
1415,1.2110000848770142,0.34620657563209534,0.3050000071525574,1.590000033378601
1416,1.3715001344680786,0.17242461442947388,0.9399999976158142,1.5099999904632568
1417,1.3075000047683716,0.2576358914375305,0.6100000143051147,1.559999942779541
1418,1.402500033378601,0.09124830365180969,1.2599999904632568,1.5750000476837158
1419,1.3230000734329224,0.09651944041252136,1.159999966621399,1.5049999952316284
1420,1.2704999446868896,0.1719513088464737,1.0049999952316284,1.5499999523162842
1421,1.2720000743865967,0.13494816422462463,1.0099999904632568,1.4600000381469727
1422,1.3925000429153442,0.15253280103206635,1.1399999856948853,1.565000057220459
1423,1.3034999370574951,0.146219864487648,1.0199999809265137,1.5399999618530273
1424,1.2949998378753662,0.1625884473323822,0.8949999809265137,1.4950000047683716
1425,1.21750009059906,0.18788625299930573,0.7200000286102295,1.4500000476837158
1426,1.0239999294281006,0.5391789674758911,-0.2849999964237213,1.434999942779541
1427,1.1690001487731934,0.1816975474357605,0.8550000190734863,1.5099999904632568
1428,1.311000108718872,0.1468808948993683,1.065000057220459,1.5700000524520874
1429,1.2664999961853027,0.2651890814304352,0.6549999713897705,1.5449999570846558
1430,1.4119999408721924,0.13159027695655823,1.1749999523162842,1.600000023841858
1431,1.3084999322891235,0.15083186328411102,0.9300000071525574,1.4550000429153442
1432,1.375999927520752,0.13421624898910522,1.1649999618530273,1.600000023841858
1433,1.247499942779541,0.25608837604522705,0.6150000095367432,1.5950000286102295
1434,1.2910001277923584,0.24351385235786438,0.7300000190734863,1.5499999523162842
1435,1.1785000562667847,0.5785890221595764,-0.5149999856948853,1.5950000286102295
1436,1.1584999561309814,0.22091910243034363,0.7250000238418579,1.4249999523162842
1437,1.1765000820159912,0.28084737062454224,0.6349999904632568,1.5850000381469727
1438,1.2390000820159912,0.21085304021835327,0.8500000238418579,1.5850000381469727
1439,1.340999960899353,0.165813148021698,1.024999976158142,1.5449999570846558
1440,1.4045000076293945,0.13016240298748016,1.2050000429153442,1.590000033378601
1441,1.4094998836517334,0.08827372640371323,1.2300000190734863,1.5700000524520874
1442,1.3440001010894775,0.20680665969848633,0.8849999904632568,1.559999942779541
1443,1.309000015258789,0.2080841213464737,0.949999988079071,1.5449999570846558
1444,1.3380000591278076,0.1308281272649765,1.0800000429153442,1.5449999570846558
1445,1.4070000648498535,0.13845936954021454,1.100000023841858,1.5700000524520874
1446,1.2130000591278076,0.20852097868919373,0.75,1.5750000476837158
1447,1.280500054359436,0.17264775931835175,0.8849999904632568,1.5099999904632568
1448,1.38100004196167,0.1022448018193245,1.1399999856948853,1.4850000143051147
1449,1.3020000457763672,0.20578143000602722,0.925000011920929,1.5399999618530273
1450,1.2940000295639038,0.16074512898921967,0.9850000143051147,1.5149999856948853
1451,1.1430000066757202,0.42268308997154236,0.27000001072883606,1.5449999570846558
1452,1.2334998846054077,0.08837562799453735,1.1200000047683716,1.3650000095367432
1453,1.4205000400543213,0.1307373195886612,1.2050000429153442,1.600000023841858
1454,1.221000075340271,0.3673880696296692,0.24500000476837158,1.600000023841858
1455,1.350000023841858,0.13141538202762604,1.0950000286102295,1.565000057220459
1456,1.3615000247955322,0.13433261215686798,1.1749999523162842,1.590000033378601
1457,1.305999994277954,0.13495926558971405,1.0449999570846558,1.4900000095367432
1458,1.4210000038146973,0.11231206357479095,1.2200000286102295,1.5700000524520874
1459,1.287500023841858,0.1564169079065323,1.034999966621399,1.5299999713897705
1460,1.2744998931884766,0.2834470868110657,0.5199999809265137,1.5399999618530273
1461,0.9414998888969421,1.2665643692016602,-2.8499999046325684,1.4700000286102295
1462,1.4190000295639038,0.09802548587322235,1.2100000381469727,1.559999942779541
1463,1.4329999685287476,0.09236341714859009,1.2599999904632568,1.590000033378601
1464,1.285499930381775,0.24601270258426666,0.8650000095367432,1.5700000524520874
1465,1.253999948501587,0.2770721912384033,0.5699999928474426,1.565000057220459
1466,0.8399999737739563,1.3664753437042236,-3.2200000286102295,1.5800000429153442
1467,1.3799999952316284,0.174269899725914,1.0950000286102295,1.6200000047683716
1468,1.2380000352859497,0.2558046281337738,0.5799999833106995,1.524999976158142
1469,1.3655000925064087,0.16544559597969055,1.090000033378601,1.5399999618530273
1470,1.2200000286102295,0.2578080892562866,0.5,1.4700000286102295
1471,1.3865001201629639,0.1291133314371109,1.1649999618530273,1.565000057220459
1472,1.3539998531341553,0.1339178830385208,1.1200000047683716,1.5099999904632568
1473,1.3339999914169312,0.13823530077934265,1.0549999475479126,1.5449999570846558
1474,1.3254998922348022,0.20182231068611145,0.9750000238418579,1.590000033378601
1475,1.312000036239624,0.14704079926013947,1.1200000047683716,1.5199999809265137
1476,1.243499994277954,0.329143226146698,0.375,1.534999966621399
1477,1.3219999074935913,0.12802736461162567,1.1449999809265137,1.5049999952316284
1478,1.3639999628067017,0.08552193641662598,1.159999966621399,1.475000023841858
1479,1.251500129699707,0.22563299536705017,0.8149999976158142,1.5099999904632568
1480,1.3294999599456787,0.16830700635910034,0.8799999952316284,1.5149999856948853
1481,1.3550000190734863,0.22359561920166016,0.8650000095367432,1.625
1482,1.3674999475479126,0.13251887261867523,1.184999942779541,1.5399999618530273
1483,1.287000060081482,0.14406944811344147,0.9549999833106995,1.475000023841858
1484,1.3585000038146973,0.15411116182804108,1.024999976158142,1.5950000286102295
1485,1.2480000257492065,0.2615167498588562,0.6399999856948853,1.5199999809265137
1486,1.378999948501587,0.11642163246870041,1.2300000190734863,1.625
1487,1.3249999284744263,0.172075554728508,0.9350000023841858,1.4950000047683716
1488,1.1959999799728394,0.3891451954841614,0.30000001192092896,1.6150000095367432
1489,1.2120000123977661,0.27014991641044617,0.5950000286102295,1.5299999713897705
1490,1.3195000886917114,0.15956895053386688,0.8650000095367432,1.465000033378601
1491,1.3259999752044678,0.15410710871219635,1.0449999570846558,1.524999976158142
1492,1.3865000009536743,0.10597287863492966,1.225000023841858,1.5399999618530273
1493,1.2675000429153442,0.39214953780174255,0.18000000715255737,1.6100000143051147
1494,1.2990000247955322,0.16085398197174072,1.0099999904632568,1.565000057220459
1495,1.0975000858306885,0.5251631140708923,-0.32499998807907104,1.5099999904632568
1496,1.3569998741149902,0.11670902371406555,1.2100000381469727,1.5299999713897705
1497,1.4119999408721924,0.11198659241199493,1.2100000381469727,1.5850000381469727
1498,1.1959999799728394,0.506531298160553,-0.2849999964237213,1.5549999475479126
1499,1.251500129699707,0.24472485482692719,0.6349999904632568,1.4850000143051147
1500,0.9934999346733093,1.3104963302612305,-2.9200000762939453,1.5950000286102295
1501,1.2795000076293945,0.20785149931907654,0.8700000047683716,1.590000033378601
1502,1.243499994277954,0.22365206480026245,0.6700000166893005,1.4900000095367432
1503,1.4369999170303345,0.10696259886026382,1.25,1.5549999475479126
1504,1.3600000143051147,0.10940749943256378,1.1549999713897705,1.5449999570846558
1505,1.310499906539917,0.07373771071434021,1.1950000524520874,1.440000057220459
1506,1.256500005722046,0.19927430152893066,0.75,1.4850000143051147
1507,1.2949998378753662,0.2544012665748596,0.5950000286102295,1.5099999904632568
1508,1.3659999370574951,0.09598957002162933,1.2050000429153442,1.5199999809265137
1509,1.2625000476837158,0.22115889191627502,0.7049999833106995,1.475000023841858
1510,1.2669999599456787,0.1946689486503601,0.9300000071525574,1.5700000524520874
1511,1.275499939918518,0.2194020301103592,0.9549999833106995,1.565000057220459
1512,1.3854999542236328,0.09811855107545853,1.2300000190734863,1.565000057220459
1513,1.3220000267028809,0.18881474435329437,0.8849999904632568,1.565000057220459
1514,1.2944999933242798,0.13534122705459595,1.0099999904632568,1.475000023841858
1515,1.248500108718872,0.07720265537500381,1.090000033378601,1.340000033378601
1516,1.3964998722076416,0.11983426660299301,1.2300000190734863,1.5700000524520874
1517,1.4109998941421509,0.13097329437732697,1.1549999713897705,1.5850000381469727
1518,1.3184999227523804,0.10387612134218216,1.159999966621399,1.4850000143051147
1519,1.3904999494552612,0.09600651264190674,1.1749999523162842,1.5199999809265137
1520,1.301499843597412,0.13446283340454102,1.059999942779541,1.5299999713897705
1521,1.399999976158142,0.13236315548419952,1.1799999475479126,1.565000057220459
1522,1.3194999694824219,0.22481602430343628,0.8550000190734863,1.5149999856948853
1523,1.3904999494552612,0.10055965930223465,1.2000000476837158,1.534999966621399
1524,1.3234997987747192,0.14281193912029266,1.1200000047683716,1.5149999856948853
1525,1.3935000896453857,0.18828237056732178,0.8999999761581421,1.6150000095367432
1526,0.8684999346733093,1.2621372938156128,-2.880000114440918,1.4900000095367432
1527,1.3264999389648438,0.16456079483032227,1.0549999475479126,1.590000033378601
1528,1.2879999876022339,0.2351403832435608,0.6700000166893005,1.5099999904632568
1529,1.3060001134872437,0.17750774323940277,0.925000011920929,1.5449999570846558
1530,1.347999930381775,0.22111310064792633,0.8700000047683716,1.5449999570846558
1531,1.4205000400543213,0.08412638306617737,1.2599999904632568,1.534999966621399
1532,1.3799999952316284,0.14725825190544128,1.065000057220459,1.5399999618530273
1533,1.2274999618530273,0.2585464119911194,0.5600000023841858,1.524999976158142
1534,1.409500002861023,0.12486892193555832,1.1449999809265137,1.559999942779541
1535,1.1949999332427979,0.3746998608112335,0.33500000834465027,1.565000057220459
1536,1.2344999313354492,0.14545531570911407,0.8700000047683716,1.3949999809265137
1537,1.36899995803833,0.13292481005191803,1.159999966621399,1.5149999856948853
1538,1.3040000200271606,0.18883590400218964,0.8550000190734863,1.5399999618530273
1539,1.381500005722046,0.14135150611400604,1.0449999570846558,1.5399999618530273
1540,1.2964999675750732,0.1924324482679367,0.925000011920929,1.5099999904632568
1541,1.374500036239624,0.08835864067077637,1.1950000524520874,1.5099999904632568
1542,1.3020000457763672,0.16480594873428345,0.925000011920929,1.4850000143051147
1543,1.3350001573562622,0.17412637174129486,0.9950000047683716,1.5199999809265137
1544,1.3174999952316284,0.19566872715950012,0.8899999856948853,1.5850000381469727
1545,1.2195000648498535,0.2706884741783142,0.6499999761581421,1.5499999523162842
1546,1.3385000228881836,0.1665540486574173,1.0950000286102295,1.524999976158142
1547,1.312999963760376,0.21339166164398193,0.8199999928474426,1.5399999618530273
1548,1.3594999313354492,0.12176719307899475,1.1200000047683716,1.4900000095367432
1549,1.3454997539520264,0.1535813957452774,1.0800000429153442,1.5499999523162842
1550,1.2545000314712524,0.18137596547603607,0.9700000286102295,1.5449999570846558
1551,1.415000081062317,0.11204908043146133,1.2050000429153442,1.559999942779541
1552,1.2744998931884766,0.18014506995677948,0.8700000047683716,1.524999976158142
1553,1.3675000667572021,0.14094768464565277,1.0950000286102295,1.590000033378601
1554,1.2999999523162842,0.16263456642627716,1.1050000190734863,1.5750000476837158
1555,1.4850000143051147,0.07039175927639008,1.3700000047683716,1.565000057220459
1556,1.2850000858306885,0.288305401802063,0.6200000047683716,1.6150000095367432
1557,1.277000069618225,0.33542659878730774,0.375,1.5449999570846558
1558,1.3259999752044678,0.13112588226795197,1.1200000047683716,1.534999966621399
1559,1.3100000619888306,0.2709520161151886,0.6299999952316284,1.5850000381469727
1560,1.378499984741211,0.08938819915056229,1.25,1.524999976158142
1561,1.3924999237060547,0.12379924207925797,1.1399999856948853,1.5199999809265137
1562,1.346000075340271,0.1501798927783966,0.9800000190734863,1.5199999809265137
1563,1.251499891281128,0.38616088032722473,0.18000000715255737,1.565000057220459
1564,1.4100000858306885,0.13714954257011414,1.1950000524520874,1.5700000524520874
1565,1.379499912261963,0.10699181258678436,1.2050000429153442,1.534999966621399
1566,1.3859999179840088,0.14106380939483643,1.0850000381469727,1.5850000381469727
1567,1.3709999322891235,0.2865990102291107,0.5600000023841858,1.5950000286102295
1568,1.3725000619888306,0.13105818629264832,1.149999976158142,1.5499999523162842
1569,1.2639999389648438,0.3808595836162567,0.1850000023841858,1.534999966621399
1570,1.3905000686645508,0.14780816435813904,1.1299999952316284,1.5950000286102295
1571,1.3799998760223389,0.16009372472763062,1.1150000095367432,1.5850000381469727
1572,1.2829999923706055,0.21136701107025146,0.7649999856948853,1.5700000524520874
1573,1.3559999465942383,0.16193825006484985,0.9449999928474426,1.559999942779541
1574,1.3244999647140503,0.146226704120636,1.1200000047683716,1.5700000524520874
1575,0.9610000848770142,1.188385009765625,-2.5899999141693115,1.5
1576,1.3140000104904175,0.18764060735702515,0.8199999928474426,1.5499999523162842
1577,1.2404998540878296,0.1761171668767929,0.8399999737739563,1.5049999952316284
1578,1.3159998655319214,0.2955147922039032,0.46000000834465027,1.559999942779541
1579,1.3560000658035278,0.11873920261859894,1.1649999618530273,1.5449999570846558
1580,1.437000036239624,0.10351812094449997,1.1699999570846558,1.5049999952316284
1581,1.2864999771118164,0.3032824695110321,0.46000000834465027,1.565000057220459
1582,1.378999948501587,0.13780058920383453,1.1449999809265137,1.5299999713897705
1583,1.347000002861023,0.1754736602306366,1.059999942779541,1.600000023841858
1584,1.434000015258789,0.0791454091668129,1.315000057220459,1.559999942779541
1585,1.2875001430511475,0.2061825394630432,0.7950000166893005,1.5449999570846558
1586,1.4690001010894775,0.08458132296800613,1.3250000476837158,1.6150000095367432
1587,1.4465000629425049,0.11077114194631577,1.2100000381469727,1.5499999523162842
1588,1.3585000038146973,0.1290939599275589,1.0299999713897705,1.5399999618530273
1589,1.149999976158142,0.291006863117218,0.5799999833106995,1.434999942779541
1590,1.4075000286102295,0.1122552827000618,1.2050000429153442,1.5750000476837158
1591,1.255500078201294,0.22586996853351593,0.6600000262260437,1.565000057220459
1592,1.4175000190734863,0.12639720737934113,1.2649999856948853,1.6150000095367432
1593,1.3914999961853027,0.09265661239624023,1.2599999904632568,1.5499999523162842
1594,1.3280000686645508,0.08591274917125702,1.1749999523162842,1.5199999809265137
1595,1.2510000467300415,0.1671496331691742,0.9900000095367432,1.4850000143051147
1596,1.3890000581741333,0.17812635004520416,0.9800000190734863,1.600000023841858
1597,1.3199999332427979,0.1800277829170227,0.8949999809265137,1.5
1598,1.372499942779541,0.20149751007556915,0.9350000023841858,1.590000033378601
1599,1.3585001230239868,0.18919631838798523,1.065000057220459,1.6200000047683716
1600,1.3740001916885376,0.12354755401611328,1.1649999618530273,1.5399999618530273
1601,1.2699999809265137,0.2462722361087799,0.6449999809265137,1.5700000524520874
1602,1.2489999532699585,0.23272086679935455,0.8999999761581421,1.590000033378601
1603,1.3564999103546143,0.16833077371120453,1.0149999856948853,1.559999942779541
1604,1.2899999618530273,0.20405882596969604,0.7599999904632568,1.4900000095367432
1605,1.3820000886917114,0.15307186543941498,1.0950000286102295,1.625
1606,1.371999979019165,0.11378047615289688,1.215000033378601,1.5399999618530273
1607,1.3574999570846558,0.1298123449087143,1.0800000429153442,1.5099999904632568
1608,1.3445000648498535,0.07554633915424347,1.2300000190734863,1.475000023841858
1609,1.1705000400543213,0.45230770111083984,0.2750000059604645,1.5399999618530273
1610,1.2200000286102295,0.32005468010902405,0.3149999976158142,1.4800000190734863
1611,1.310500144958496,0.21780094504356384,0.8700000047683716,1.5750000476837158
1612,0.9135000109672546,1.2789392471313477,-2.9000000953674316,1.4900000095367432
1613,1.4244999885559082,0.13664644956588745,1.1699999570846558,1.6200000047683716
1614,1.2209999561309814,0.26191410422325134,0.8149999976158142,1.4850000143051147
1615,1.375,0.13206058740615845,1.1449999809265137,1.5700000524520874
1616,1.371999979019165,0.21885155141353607,0.7850000262260437,1.565000057220459
1617,1.2450001239776611,0.2807311713695526,0.5149999856948853,1.5750000476837158
1618,1.2934999465942383,0.28690633177757263,0.7099999785423279,1.5700000524520874
1619,1.3604999780654907,0.13430283963680267,1.1799999475479126,1.524999976158142
1620,1.315500020980835,0.2325989007949829,0.8700000047683716,1.5199999809265137
1621,1.3849999904632568,0.12431814521551132,1.149999976158142,1.6200000047683716
1622,1.3100000619888306,0.11621101200580597,1.1100000143051147,1.4900000095367432
1623,1.440500020980835,0.07118462026119232,1.3300000429153442,1.565000057220459
1624,1.3750001192092896,0.15831929445266724,0.9449999928474426,1.5499999523162842
1625,1.373500108718872,0.14896392822265625,1.1200000047683716,1.5950000286102295
1626,1.368499994277954,0.12349190562963486,1.1200000047683716,1.5449999570846558
1627,1.3830000162124634,0.1143503412604332,1.2450000047683716,1.590000033378601
1628,1.3669999837875366,0.19358718395233154,0.8999999761581421,1.559999942779541
1629,1.2855000495910645,0.21839697659015656,0.675000011920929,1.4850000143051147
1630,1.3215000629425049,0.13382917642593384,1.100000023841858,1.524999976158142
1631,1.337999939918518,0.1528267115354538,0.949999988079071,1.524999976158142
1632,1.3335000276565552,0.11655577272176743,1.1749999523162842,1.5449999570846558
1633,1.4010000228881836,0.12236828356981277,1.2300000190734863,1.5950000286102295
1634,1.3125,0.11238884180784225,1.1100000143051147,1.4800000190734863
1635,1.2975000143051147,0.34537118673324585,0.29499998688697815,1.5299999713897705
1636,1.4265000820159912,0.057881344109773636,1.350000023841858,1.5149999856948853
1637,1.2899999618530273,0.2904823422431946,0.5099999904632568,1.590000033378601
1638,1.2309999465942383,0.251065731048584,0.574999988079071,1.4800000190734863
1639,1.434499979019165,0.14559274911880493,1.1749999523162842,1.6150000095367432
1640,1.3585000038146973,0.10047512501478195,1.1749999523162842,1.5399999618530273
1641,1.308500051498413,0.3131377398967743,0.4350000023841858,1.5449999570846558
1642,1.3119999170303345,0.37560752034187317,0.2849999964237213,1.625
1643,1.4049999713897705,0.1303456872701645,1.2200000286102295,1.600000023841858
1644,1.3960000276565552,0.12491597980260849,1.1699999570846558,1.600000023841858
1645,1.3550000190734863,0.2681790292263031,0.5849999785423279,1.5449999570846558
1646,1.3114999532699585,0.4011237621307373,0.125,1.5199999809265137
1647,1.4060001373291016,0.10697662830352783,1.2300000190734863,1.559999942779541
1648,1.2309999465942383,0.5208876729011536,-0.23999999463558197,1.5850000381469727
1649,1.3989999294281006,0.1283121109008789,1.2050000429153442,1.600000023841858
1650,1.258500099182129,0.5943906307220459,-0.5099999904632568,1.590000033378601
1651,1.4315000772476196,0.09091341495513916,1.284999966621399,1.5449999570846558
1652,1.219499945640564,0.3634931147098541,0.25,1.5399999618530273
1653,1.2384999990463257,0.30782338976860046,0.38999998569488525,1.5399999618530273
1654,1.3564999103546143,0.10010118037462234,1.1950000524520874,1.5299999713897705
1655,1.3519998788833618,0.0870976448059082,1.1299999952316284,1.4800000190734863
1656,1.409999966621399,0.08523495495319366,1.2050000429153442,1.5499999523162842
1657,1.3535001277923584,0.12767243385314941,1.1299999952316284,1.5199999809265137
1658,1.38100004196167,0.14171801507472992,1.159999966621399,1.5850000381469727
1659,1.2884999513626099,0.2155579924583435,0.7149999737739563,1.5
1660,1.371000051498413,0.11206693947315216,1.0950000286102295,1.565000057220459
1661,1.375,0.1398034244775772,1.0950000286102295,1.5700000524520874
1662,1.307499885559082,0.2768596112728119,0.625,1.5499999523162842
1663,1.3989999294281006,0.08595927804708481,1.25,1.5399999618530273
1664,1.243499994277954,0.2182779312133789,0.7149999737739563,1.5
1665,1.3989999294281006,0.1021469309926033,1.190000057220459,1.559999942779541
1666,1.3209999799728394,0.13877680897712708,1.0099999904632568,1.5
1667,1.462999939918518,0.09816312044858932,1.284999966621399,1.565000057220459
1668,1.281000018119812,0.27071014046669006,0.5450000166893005,1.5449999570846558
1669,1.3930000066757202,0.08823829889297485,1.2549999952316284,1.5449999570846558
1670,1.3519999980926514,0.10012991726398468,1.1349999904632568,1.4950000047683716
1671,1.4195001125335693,0.08675973862409592,1.284999966621399,1.565000057220459
1672,1.3355000019073486,0.0865577906370163,1.1749999523162842,1.4450000524520874
1673,1.4764999151229858,0.07490162551403046,1.309999942779541,1.5700000524520874
1674,1.4059998989105225,0.07831988483667374,1.2999999523162842,1.524999976158142
1675,1.1984999179840088,0.3866332471370697,0.12999999523162842,1.5
1676,1.4325000047683716,0.09532181918621063,1.2350000143051147,1.524999976158142
1677,0.9079999923706055,1.3106337785720825,-3.009999990463257,1.5149999856948853
1678,1.438999891281128,0.08662562072277069,1.225000023841858,1.5499999523162842
1679,1.339500069618225,0.1436740905046463,1.090000033378601,1.534999966621399
1680,1.3355000019073486,0.1695796251296997,0.9800000190734863,1.5299999713897705
1681,1.4084999561309814,0.07399491965770721,1.309999942779541,1.5299999713897705
1682,1.4489998817443848,0.08461084961891174,1.315000057220459,1.559999942779541
1683,1.443000078201294,0.08255904167890549,1.340000033378601,1.5449999570846558
1684,1.3730000257492065,0.16109313070774078,1.0,1.5850000381469727
1685,1.3865000009536743,0.08709332346916199,1.2300000190734863,1.5399999618530273
1686,1.3739999532699585,0.13421624898910522,1.149999976158142,1.5149999856948853
1687,1.3214999437332153,0.12959648668766022,1.1399999856948853,1.5499999523162842
1688,1.408000111579895,0.12870897352695465,1.1100000143051147,1.600000023841858
1689,1.4185000658035278,0.138907328248024,1.1200000047683716,1.5499999523162842
1690,1.3985000848770142,0.12613582611083984,1.0950000286102295,1.5549999475479126
1691,1.3550000190734863,0.12575769424438477,1.1449999809265137,1.565000057220459
1692,1.3289999961853027,0.2113267481327057,0.8700000047683716,1.5850000381469727
1693,1.2055000066757202,0.2865610718727112,0.5450000166893005,1.524999976158142
1694,1.3830000162124634,0.17652477324008942,0.925000011920929,1.559999942779541
1695,1.407000184059143,0.06874590367078781,1.2699999809265137,1.5099999904632568
1696,1.4485000371932983,0.12839488685131073,1.190000057220459,1.5950000286102295
1697,1.3185001611709595,0.14515595138072968,1.0049999952316284,1.5299999713897705
1698,1.3535001277923584,0.1345929205417633,1.1150000095367432,1.5750000476837158
1699,1.2860000133514404,0.12332478165626526,0.9700000286102295,1.440000057220459
1700,1.343999981880188,0.15259096026420593,1.034999966621399,1.5850000381469727
1701,1.3089998960494995,0.16102483868598938,0.9599999785423279,1.5299999713897705
1702,1.3429999351501465,0.1646541804075241,1.0750000476837158,1.5950000286102295
1703,1.405500054359436,0.08759137243032455,1.2799999713897705,1.5549999475479126
1704,1.4094998836517334,0.08833036571741104,1.274999976158142,1.5199999809265137
1705,1.3645000457763672,0.14438579976558685,1.1649999618530273,1.5850000381469727
1706,1.0425000190734863,1.222751498222351,-2.619999885559082,1.5549999475479126
1707,1.4030001163482666,0.130272775888443,1.1950000524520874,1.590000033378601
1708,1.3394999504089355,0.13521187007427216,0.9950000047683716,1.5049999952316284
1709,1.3814998865127563,0.13116878271102905,1.1349999904632568,1.5149999856948853
1710,1.3860000371932983,0.11746913194656372,1.1950000524520874,1.5750000476837158
1711,1.2829999923706055,0.3084736466407776,0.375,1.475000023841858
1712,1.3475000858306885,0.08013270795345306,1.2050000429153442,1.4700000286102295
1713,1.3045001029968262,0.22051586210727692,0.8299999833106995,1.565000057220459
1714,1.0,1.210817813873291,-2.5999999046325684,1.6200000047683716
1715,1.3289999961853027,0.1999724954366684,0.8199999928474426,1.5700000524520874
1716,1.3540000915527344,0.16771702468395233,0.9950000047683716,1.625
1717,1.2799999713897705,0.19927369058132172,0.8500000238418579,1.5700000524520874
1718,1.3895000219345093,0.1522243469953537,1.065000057220459,1.590000033378601
1719,1.4560000896453857,0.10287857055664062,1.2599999904632568,1.5399999618530273
1720,1.1779999732971191,0.19170549511909485,0.7300000190734863,1.465000033378601
1721,1.4189999103546143,0.1336001604795456,1.1549999713897705,1.5750000476837158
1722,1.3895000219345093,0.10196691751480103,1.2599999904632568,1.5700000524520874
1723,1.3250000476837158,0.11009086668491364,1.1799999475479126,1.4800000190734863
1724,1.3599998950958252,0.13228757679462433,1.1399999856948853,1.5549999475479126
1725,1.3975000381469727,0.14264027774333954,1.1449999809265137,1.5499999523162842
1726,1.383500099182129,0.17951393127441406,1.065000057220459,1.6200000047683716
1727,1.3865000009536743,0.14113911986351013,1.0549999475479126,1.559999942779541
1728,1.3760000467300415,0.18041342496871948,1.0299999713897705,1.5449999570846558
1729,1.3670001029968262,0.13842324912548065,1.065000057220459,1.534999966621399
1730,1.3159998655319214,0.24147257208824158,0.6949999928474426,1.5750000476837158
1731,1.3589999675750732,0.125015988945961,1.1299999952316284,1.534999966621399
1732,1.3894999027252197,0.10792241245508194,1.2050000429153442,1.5199999809265137
1733,1.402500033378601,0.16775356233119965,1.1200000047683716,1.5700000524520874
1734,1.3919999599456787,0.14846211671829224,1.149999976158142,1.5850000381469727
1735,1.3809998035430908,0.10667237639427185,1.2000000476837158,1.5549999475479126
1736,1.3450000286102295,0.15992183983325958,1.065000057220459,1.5499999523162842
1737,1.412000060081482,0.11675186455249786,1.2000000476837158,1.5850000381469727
1738,1.2949999570846558,0.26431989669799805,0.7400000095367432,1.5199999809265137
1739,1.3945000171661377,0.11830995231866837,1.2050000429153442,1.5449999570846558
1740,1.380000114440918,0.1020539179444313,1.2549999952316284,1.5700000524520874
1741,1.368499994277954,0.11884970217943192,1.159999966621399,1.5700000524520874
1742,1.4300000667572021,0.11441151797771454,1.2000000476837158,1.5700000524520874
1743,1.4380000829696655,0.13596321642398834,1.149999976158142,1.5700000524520874
1744,1.373500108718872,0.15124565362930298,0.9800000190734863,1.5299999713897705
1745,1.280500054359436,0.14431649446487427,1.0199999809265137,1.5099999904632568
1746,1.2945001125335693,0.30441296100616455,0.4300000071525574,1.5449999570846558
1747,1.316499948501587,0.20960736274719238,0.9850000143051147,1.5950000286102295
1748,1.3514999151229858,0.14165186882019043,1.1349999904632568,1.5700000524520874
1749,1.341999888420105,0.14536507427692413,1.1150000095367432,1.565000057220459
1750,1.4255001544952393,0.12270798534154892,1.1649999618530273,1.6150000095367432
1751,1.4200000762939453,0.09399466216564178,1.225000023841858,1.5499999523162842
1752,1.3240000009536743,0.15309803187847137,1.0549999475479126,1.4800000190734863
1753,1.319000005722046,0.13983561098575592,1.090000033378601,1.5399999618530273
1754,1.1764999628067017,0.5565071702003479,-0.44999998807907104,1.565000057220459
1755,1.2015000581741333,0.33367687463760376,0.46000000834465027,1.534999966621399
1756,1.4040000438690186,0.13026511669158936,1.1449999809265137,1.5700000524520874
1757,1.46999990940094,0.10222524404525757,1.340000033378601,1.6200000047683716
1758,1.3919999599456787,0.08857764303684235,1.2300000190734863,1.5149999856948853
1759,1.3009999990463257,0.2479294240474701,0.6499999761581421,1.5399999618530273
1760,1.4214999675750732,0.13696806132793427,1.149999976158142,1.565000057220459
1761,1.402000069618225,0.12102066725492477,1.2050000429153442,1.5850000381469727
1762,1.3665000200271606,0.11289487034082413,1.1749999523162842,1.5099999904632568
1763,1.4304999113082886,0.06958628445863724,1.2999999523162842,1.5299999713897705
1764,1.2969999313354492,0.12180311232805252,1.125,1.5149999856948853
1765,1.4229999780654907,0.061773769557476044,1.3250000476837158,1.5049999952316284
1766,1.3910000324249268,0.08089501410722733,1.274999976158142,1.5099999904632568
1767,1.4045000076293945,0.09968575835227966,1.2400000095367432,1.5449999570846558
1768,1.4390000104904175,0.1156027615070343,1.1200000047683716,1.5399999618530273
1769,1.3125,0.26013699173927307,0.6050000190734863,1.5449999570846558
1770,1.3440001010894775,0.1095399484038353,1.125,1.475000023841858
1771,0.9600000381469727,1.269029140472412,-2.8299999237060547,1.5399999618530273
1772,1.380500078201294,0.18189899623394012,0.9300000071525574,1.5700000524520874
1773,1.3339999914169312,0.13154466450214386,1.1749999523162842,1.5950000286102295
1774,1.3645000457763672,0.1606774628162384,1.0850000381469727,1.625
1775,1.4209998846054077,0.0989646464586258,1.2300000190734863,1.5700000524520874
1776,1.4275000095367432,0.09813893586397171,1.2450000047683716,1.625
1777,1.253000020980835,0.43036147952079773,0.03999999910593033,1.5750000476837158
1778,1.3899999856948853,0.07707139849662781,1.3049999475479126,1.565000057220459
1779,1.3760000467300415,0.19696193933486938,0.8899999856948853,1.5499999523162842
1780,1.2489999532699585,0.3459104001522064,0.33000001311302185,1.600000023841858
1781,1.3609999418258667,0.23008477687835693,0.7049999833106995,1.565000057220459
1782,1.3940000534057617,0.17224693298339844,1.034999966621399,1.6150000095367432
1783,1.441499948501587,0.11447817087173462,1.2549999952316284,1.590000033378601
1784,1.4660000801086426,0.07492662966251373,1.340000033378601,1.5950000286102295
1785,1.3535001277923584,0.11751701682806015,1.1749999523162842,1.5199999809265137
1786,1.3830000162124634,0.11612924933433533,1.2450000047683716,1.565000057220459
1787,1.36899995803833,0.17301443219184875,1.065000057220459,1.565000057220459
1788,1.0880000591278076,0.5323119163513184,-0.4000000059604645,1.559999942779541
1789,1.406999945640564,0.1035422682762146,1.2599999904632568,1.565000057220459
1790,1.3889999389648438,0.11015444248914719,1.2100000381469727,1.5950000286102295
1791,1.2639999389648438,0.16235457360744476,1.0099999904632568,1.4850000143051147
1792,1.2680000066757202,0.27389049530029297,0.5,1.524999976158142
1793,1.3575000762939453,0.141000896692276,1.0399999618530273,1.559999942779541
1794,1.415000081062317,0.11113055050373077,1.2450000047683716,1.5399999618530273
1795,1.314500093460083,0.22997228801250458,0.6800000071525574,1.524999976158142
1796,1.4234999418258667,0.0903894230723381,1.2050000429153442,1.5499999523162842
1797,1.3964999914169312,0.11395283788442612,1.149999976158142,1.565000057220459
1798,1.4300000667572021,0.09757047891616821,1.25,1.559999942779541
1799,1.3429999351501465,0.1318180412054062,1.1150000095367432,1.534999966621399
1800,1.3809999227523804,0.1073731780052185,1.2050000429153442,1.5299999713897705
1801,1.3595000505447388,0.10201592743396759,1.1749999523162842,1.4800000190734863
1802,1.4485000371932983,0.05463743582367897,1.3200000524520874,1.5199999809265137
1803,1.368499994277954,0.11484883725643158,1.149999976158142,1.565000057220459
1804,1.3514999151229858,0.13962538540363312,1.149999976158142,1.5950000286102295
1805,1.3914998769760132,0.15202057361602783,1.0499999523162842,1.5750000476837158
1806,1.3489999771118164,0.23657768964767456,0.6850000023841858,1.5299999713897705
1807,1.3240000009536743,0.10054352134466171,1.1200000047683716,1.5149999856948853
1808,1.2645000219345093,0.16678506135940552,0.9350000023841858,1.4900000095367432
1809,1.3539998531341553,0.13696350157260895,1.1449999809265137,1.5950000286102295
1810,1.378999948501587,0.0995439738035202,1.1799999475479126,1.5299999713897705
1811,1.3854999542236328,0.14288893342018127,1.1050000190734863,1.600000023841858
1812,1.3299999237060547,0.1523318737745285,1.0549999475479126,1.5499999523162842
1813,1.4359999895095825,0.11069779098033905,1.2549999952316284,1.590000033378601
1814,1.3995001316070557,0.04101523756980896,1.340000033378601,1.4700000286102295
1815,1.3650000095367432,0.2435261756181717,0.699999988079071,1.5700000524520874
1816,1.4175000190734863,0.10672979801893234,1.2549999952316284,1.5950000286102295
1817,1.434499979019165,0.08807524293661118,1.284999966621399,1.5549999475479126
1818,1.3380000591278076,0.09706182777881622,1.225000023841858,1.5049999952316284
1819,1.2674999237060547,0.08497792482376099,1.149999976158142,1.434999942779541
1820,1.4564999341964722,0.08631481975317001,1.3300000429153442,1.5850000381469727
1821,1.3610000610351562,0.1323215514421463,1.1399999856948853,1.559999942779541
1822,1.4449999332427979,0.07981228083372116,1.284999966621399,1.5499999523162842
1823,1.4084999561309814,0.11887073516845703,1.1749999523162842,1.600000023841858
1824,1.3795000314712524,0.11977998912334442,1.1749999523162842,1.559999942779541
1825,1.3890000581741333,0.10855412483215332,1.2599999904632568,1.5549999475479126
1826,1.4045000076293945,0.11372006684541702,1.1749999523162842,1.590000033378601
1827,1.4229999780654907,0.08477028459310532,1.284999966621399,1.565000057220459
1828,1.4325000047683716,0.07795030623674393,1.3250000476837158,1.5700000524520874
1829,1.3825000524520874,0.09615740925073624,1.2050000429153442,1.5049999952316284
1830,1.4550001621246338,0.08840249478816986,1.3550000190734863,1.5950000286102295
1831,1.2644999027252197,0.2334357649087906,0.7799999713897705,1.5750000476837158
1832,1.2910000085830688,0.18361373245716095,0.7799999713897705,1.4700000286102295
1833,1.3905000686645508,0.11250444501638412,1.184999942779541,1.5399999618530273
1834,1.3320000171661377,0.09130167961120605,1.0950000286102295,1.4299999475479126
1835,1.3760000467300415,0.097974494099617,1.2450000047683716,1.559999942779541
1836,1.3504999876022339,0.1028943657875061,1.1200000047683716,1.4900000095367432
1837,1.4560000896453857,0.06537581980228424,1.3700000047683716,1.559999942779541
1838,1.2974998950958252,0.24966228008270264,0.7099999785423279,1.5049999952316284
1839,1.43149995803833,0.12577858567237854,1.1799999475479126,1.5850000381469727
1840,1.3840000629425049,0.13683567941188812,1.149999976158142,1.6150000095367432
1841,1.3654998540878296,0.1887650489807129,0.8450000286102295,1.559999942779541
1842,1.406999945640564,0.0760657787322998,1.2799999713897705,1.5099999904632568
1843,1.376000165939331,0.12140429019927979,1.1749999523162842,1.524999976158142
1844,1.3519999980926514,0.11430659145116806,1.2100000381469727,1.5399999618530273
1845,1.4000000953674316,0.13194696605205536,1.1549999713897705,1.565000057220459
1846,0.9025000333786011,1.243945837020874,-2.809999942779541,1.565000057220459
1847,1.3314999341964722,0.14481109380722046,1.034999966621399,1.524999976158142
1848,1.3865000009536743,0.09515907615423203,1.2200000286102295,1.524999976158142
1849,1.4525001049041748,0.09397473186254501,1.2949999570846558,1.590000033378601
1850,1.3604999780654907,0.07821283489465714,1.274999976158142,1.534999966621399
1851,1.3774999380111694,0.16654203832149506,1.065000057220459,1.600000023841858
1852,1.2454999685287476,0.20902691781520844,0.7300000190734863,1.5149999856948853
1853,1.4679999351501465,0.07791662216186523,1.274999976158142,1.534999966621399
1854,1.4230000972747803,0.09869647771120071,1.2050000429153442,1.559999942779541
1855,1.4269999265670776,0.1106390655040741,1.2649999856948853,1.625
1856,1.378499984741211,0.11738931387662888,1.1549999713897705,1.534999966621399
1857,1.2615001201629639,0.3159513473510742,0.5899999737739563,1.565000057220459
1858,1.347000002861023,0.19487431645393372,0.8199999928474426,1.5399999618530273
1859,1.1779999732971191,0.7682161331176758,-1.0700000524520874,1.6200000047683716
1860,1.4084999561309814,0.12538039684295654,1.1150000095367432,1.5549999475479126
1861,1.4210001230239868,0.15353824198246002,1.0700000524520874,1.5700000524520874
1862,1.4205000400543213,0.08010774850845337,1.2699999809265137,1.5299999713897705
1863,1.416500210762024,0.10447607934474945,1.225000023841858,1.590000033378601
1864,1.3219999074935913,0.15644808113574982,1.1699999570846558,1.5750000476837158
1865,1.369499921798706,0.1241057962179184,1.2050000429153442,1.6200000047683716
1866,1.2890000343322754,0.26122593879699707,0.6150000095367432,1.565000057220459
1867,1.4079999923706055,0.10205881297588348,1.1950000524520874,1.5700000524520874
1868,1.2774999141693115,0.11625941097736359,1.0950000286102295,1.4800000190734863
1869,1.2920000553131104,0.2469736784696579,0.6600000262260437,1.5449999570846558
1870,1.371000051498413,0.1124010682106018,1.149999976158142,1.524999976158142
1871,1.3945000171661377,0.12464852631092072,1.1349999904632568,1.565000057220459
1872,1.2400000095367432,0.16539347171783447,0.949999988079071,1.4450000524520874
1873,1.3884999752044678,0.10592566430568695,1.2050000429153442,1.559999942779541
1874,1.3765000104904175,0.1626506894826889,1.1150000095367432,1.6150000095367432
1875,1.4290000200271606,0.11197767406702042,1.2599999904632568,1.5449999570846558
1876,1.374500036239624,0.1104411631822586,1.184999942779541,1.5199999809265137
1877,1.4079999923706055,0.14151325821876526,1.2300000190734863,1.6200000047683716
1878,1.3185001611709595,0.14598031342029572,1.0099999904632568,1.4850000143051147
1879,1.2699999809265137,0.38550615310668945,0.1550000011920929,1.534999966621399
1880,1.3079999685287476,0.24651771783828735,0.7350000143051147,1.559999942779541
1881,1.4484999179840088,0.09356947243213654,1.2300000190734863,1.5499999523162842
1882,1.4290001392364502,0.08581376820802689,1.2699999809265137,1.5149999856948853
1883,1.347000002861023,0.10274239629507065,1.149999976158142,1.4800000190734863
1884,1.4375,0.1441916972398758,1.0950000286102295,1.565000057220459
1885,1.3294999599456787,0.20086625218391418,0.9750000238418579,1.5750000476837158
1886,1.4075000286102295,0.14978735148906708,1.1050000190734863,1.600000023841858
1887,1.318000078201294,0.16438063979148865,0.9850000143051147,1.5049999952316284
1888,1.317500114440918,0.1563689410686493,1.090000033378601,1.565000057220459
1889,1.404500126838684,0.12311477214097977,1.2200000286102295,1.5449999570846558
1890,1.3659999370574951,0.16520896553993225,1.0199999809265137,1.559999942779541
1891,1.375499963760376,0.16754773259162903,0.9850000143051147,1.5399999618530273
1892,1.3515000343322754,0.12439954280853271,1.0800000429153442,1.5
1893,1.3964998722076416,0.1317393183708191,1.1449999809265137,1.5700000524520874
1894,1.0295000076293945,1.2522507905960083,-2.7200000286102295,1.5499999523162842
1895,1.3305000066757202,0.10531975328922272,1.1799999475479126,1.4900000095367432
1896,1.3375000953674316,0.14228932559490204,1.1399999856948853,1.5950000286102295
1897,1.3504999876022339,0.1107124462723732,1.2000000476837158,1.5299999713897705
1898,1.4620000123977661,0.10067771375179291,1.184999942779541,1.5549999475479126
1899,1.3504999876022339,0.20674197375774384,0.9449999928474426,1.5499999523162842
1900,1.446000099182129,0.10079185664653778,1.274999976158142,1.5700000524520874
1901,1.3595000505447388,0.2584516406059265,0.675000011920929,1.6150000095367432
1902,1.4495000839233398,0.08143862336874008,1.309999942779541,1.534999966621399
1903,1.347999930381775,0.1147431805729866,1.1950000524520874,1.5299999713897705
1904,1.433500051498413,0.11872342228889465,1.149999976158142,1.565000057220459
1905,1.3679999113082886,0.13017681241035461,1.1349999904632568,1.600000023841858
1906,1.3905001878738403,0.09880410879850388,1.2549999952316284,1.5399999618530273
1907,1.4219999313354492,0.1165589988231659,1.2300000190734863,1.600000023841858
1908,1.440500020980835,0.08244545012712479,1.284999966621399,1.590000033378601
1909,1.3430001735687256,0.14548538625240326,1.0950000286102295,1.5850000381469727
1910,1.4275000095367432,0.10609546303749084,1.2050000429153442,1.5449999570846558
1911,1.4200000762939453,0.13573871552944183,1.100000023841858,1.6100000143051147
1912,1.4084999561309814,0.16513706743717194,0.9750000238418579,1.600000023841858
1913,1.3605000972747803,0.3223697245121002,0.4350000023841858,1.5850000381469727
1914,1.4170000553131104,0.09688135981559753,1.2450000047683716,1.559999942779541
1915,1.346000075340271,0.14320960640907288,1.065000057220459,1.5399999618530273
1916,1.3840000629425049,0.10655514895915985,1.1449999809265137,1.5099999904632568
1917,1.3714998960494995,0.13605237007141113,1.0850000381469727,1.590000033378601
1918,1.2869999408721924,0.38865283131599426,0.16500000655651093,1.559999942779541
1919,1.3609999418258667,0.11015443503856659,1.2300000190734863,1.5449999570846558
1920,1.343500018119812,0.20117218792438507,0.8199999928474426,1.5449999570846558
1921,1.4059998989105225,0.12819518148899078,1.1549999713897705,1.565000057220459
1922,1.3744999170303345,0.11170162260532379,1.149999976158142,1.5499999523162842
1923,1.2890000343322754,0.11381564289331436,1.0399999618530273,1.4700000286102295
1924,1.3849999904632568,0.16898223757743835,0.9800000190734863,1.5449999570846558
1925,1.439000129699707,0.07980602979660034,1.2999999523162842,1.5950000286102295
1926,1.4325000047683716,0.1031322106719017,1.25,1.5750000476837158
1927,1.3884999752044678,0.17535749077796936,1.0950000286102295,1.5950000286102295
1928,1.3755000829696655,0.18534359335899353,0.925000011920929,1.5850000381469727
1929,1.3004999160766602,0.23406679928302765,0.7099999785423279,1.565000057220459
1930,1.3529999256134033,0.10173986107110977,1.1749999523162842,1.5499999523162842
1931,1.3604998588562012,0.1037653461098671,1.2300000190734863,1.5449999570846558
1932,1.4299999475479126,0.0917060598731041,1.2599999904632568,1.5800000429153442
1933,1.3644999265670776,0.10916615277528763,1.149999976158142,1.534999966621399
1934,1.4065001010894775,0.09884456545114517,1.2599999904632568,1.5499999523162842
1935,1.371999979019165,0.1128760352730751,1.2000000476837158,1.565000057220459
1936,1.4175001382827759,0.09610540419816971,1.2599999904632568,1.559999942779541
1937,1.3910000324249268,0.10370149463415146,1.2599999904632568,1.565000057220459
1938,1.403499960899353,0.08526575565338135,1.2050000429153442,1.5099999904632568
1939,1.3530000448226929,0.12095868587493896,1.059999942779541,1.5149999856948853
1940,1.38100004196167,0.125753715634346,1.2050000429153442,1.5449999570846558
1941,1.3760000467300415,0.15648962557315826,1.149999976158142,1.6200000047683716
1942,1.3935000896453857,0.16536399722099304,1.034999966621399,1.5850000381469727
1943,1.3554999828338623,0.0757446363568306,1.2649999856948853,1.5399999618530273
1944,1.3674999475479126,0.10198651254177094,1.2050000429153442,1.5099999904632568
1945,1.3964999914169312,0.10681875050067902,1.2200000286102295,1.5449999570846558
1946,1.3910000324249268,0.1244547888636589,1.2300000190734863,1.559999942779541
1947,1.412500023841858,0.11931575834751129,1.2300000190734863,1.5700000524520874
1948,1.4284999370574951,0.08726540207862854,1.284999966621399,1.5750000476837158
1949,1.378499984741211,0.12079012393951416,1.1449999809265137,1.5700000524520874
1950,1.4375,0.12219349294900894,1.190000057220459,1.5700000524520874
1951,1.2815001010894775,0.1320236623287201,1.0099999904632568,1.5149999856948853
1952,1.3965001106262207,0.12353240698575974,1.149999976158142,1.5750000476837158
1953,1.3704999685287476,0.13895052671432495,1.1100000143051147,1.534999966621399
1954,1.3844999074935913,0.05207926034927368,1.284999966621399,1.4850000143051147
1955,1.3954999446868896,0.13637173175811768,1.125,1.5399999618530273
1956,1.4295001029968262,0.10543835908174515,1.25,1.559999942779541
1957,1.400499939918518,0.0979655310511589,1.2000000476837158,1.5499999523162842
1958,1.4264999628067017,0.11362327635288239,1.1950000524520874,1.5750000476837158
1959,1.378000020980835,0.1234949380159378,1.1549999713897705,1.5199999809265137
1960,1.4045000076293945,0.0837988629937172,1.2000000476837158,1.5199999809265137
1961,1.3680000305175781,0.09905049949884415,1.1749999523162842,1.5399999618530273
1962,1.3980001211166382,0.10614141076803207,1.2599999904632568,1.5399999618530273
1963,1.3900001049041748,0.10890361666679382,1.1449999809265137,1.5149999856948853
1964,1.2419999837875366,0.4492615759372711,-0.05000000074505806,1.534999966621399
1965,1.405500054359436,0.14336055517196655,1.1449999809265137,1.559999942779541
1966,1.3680000305175781,0.13238580524921417,1.1649999618530273,1.5449999570846558
1967,1.3774999380111694,0.11726570874452591,1.2050000429153442,1.5399999618530273
1968,1.3600000143051147,0.20416904985904694,0.9750000238418579,1.600000023841858
1969,1.3044999837875366,0.1431860774755478,1.059999942779541,1.600000023841858
1970,1.380500078201294,0.1408802568912506,1.0950000286102295,1.5149999856948853
1971,1.2635000944137573,0.20419415831565857,0.7200000286102295,1.4800000190734863
1972,1.4329999685287476,0.0746726244688034,1.2599999904632568,1.5049999952316284
1973,1.3945000171661377,0.12032144516706467,1.1200000047683716,1.565000057220459
1974,1.4695000648498535,0.09649999439716339,1.2300000190734863,1.5750000476837158
1975,1.397999882698059,0.1262180507183075,1.125,1.559999942779541
1976,1.3910000324249268,0.08092588186264038,1.2599999904632568,1.5299999713897705
1977,1.4520000219345093,0.07029225677251816,1.2799999713897705,1.5399999618530273
1978,1.3025000095367432,0.17817476391792297,0.9549999833106995,1.5449999570846558
1979,1.308500051498413,0.22862686216831207,0.75,1.5499999523162842
1980,1.1784999370574951,0.6203911900520325,-0.6499999761581421,1.5049999952316284
1981,1.3895000219345093,0.12650002539157867,1.1749999523162842,1.600000023841858
1982,1.3984999656677246,0.12751570343971252,1.1649999618530273,1.5950000286102295
1983,1.3584998846054077,0.16164854168891907,1.065000057220459,1.5950000286102295
1984,1.4380000829696655,0.10119782388210297,1.25,1.5700000524520874
1985,1.3305000066757202,0.08427487313747406,1.2549999952316284,1.4850000143051147
1986,1.3914998769760132,0.09265660494565964,1.1950000524520874,1.5099999904632568
1987,1.4190000295639038,0.06949099153280258,1.315000057220459,1.5299999713897705
1988,1.4135000705718994,0.11614752560853958,1.1200000047683716,1.5449999570846558
1989,1.4270000457763672,0.08617424219846725,1.315000057220459,1.5800000429153442
1990,1.2960000038146973,0.1389928013086319,1.1100000143051147,1.5449999570846558
1991,1.397499918937683,0.1322922706604004,1.1100000143051147,1.5499999523162842
1992,1.3680000305175781,0.09439810365438461,1.2300000190734863,1.4950000047683716
1993,1.409000039100647,0.09065870195627213,1.2200000286102295,1.5700000524520874
1994,1.3840000629425049,0.16013742983341217,1.1349999904632568,1.5449999570846558
1995,1.4480000734329224,0.05528109520673752,1.350000023841858,1.5499999523162842
1996,1.3165000677108765,0.1495167315006256,1.0950000286102295,1.6200000047683716
1997,1.340999960899353,0.1914915144443512,0.9300000071525574,1.5950000286102295
1998,1.3519999980926514,0.13181805610656738,1.1100000143051147,1.5
1999,1.3320000171661377,0.15527716279029846,1.024999976158142,1.559999942779541
2000,1.408500075340271,0.08360771834850311,1.2450000047683716,1.5049999952316284
