episode,mean_reward,std_reward,min_reward,max_reward
1,-3.0309998989105225,0.11144061386585236,-3.2225000858306885,-2.865000009536743
2,-2.7109999656677246,0.9061635136604309,-3.234999895095825,-0.023749999701976776
3,-2.7785000801086426,1.1555168628692627,-3.6475000381469727,0.6237499713897705
4,-3.083250045776367,0.16371680796146393,-3.4600000381469727,-2.8212499618530273
5,-3.0087499618530273,0.13972069323062897,-3.3212499618530273,-2.827500104904175
6,-2.977375030517578,0.10811953246593475,-3.1187500953674316,-2.7825000286102295
7,-2.977875232696533,0.07627470791339874,-3.077500104904175,-2.8262500762939453
8,-2.995375156402588,0.06866823881864548,-3.088749885559082,-2.8975000381469727
9,-3.05299973487854,0.1198282539844513,-3.3450000286102295,-2.8887500762939453
10,-3.0219998359680176,0.1289599984884262,-3.206249952316284,-2.700000047683716
11,-3.0341250896453857,0.12226258218288422,-3.2487499713897705,-2.898750066757202
12,-3.0306248664855957,0.11399181932210922,-3.172499895095825,-2.8375000953674316
13,-2.668750047683716,1.122779369354248,-3.3262500762939453,0.6800000071525574
14,-2.6292500495910645,1.1488070487976074,-3.174999952316284,0.8100000023841858
15,-3.039375066757202,0.10668330639600754,-3.182499885559082,-2.8662500381469727
16,-2.985499858856201,0.08784785121679306,-3.132499933242798,-2.815000057220459
17,-2.598875045776367,1.2884011268615723,-3.362499952316284,1.222499966621399
18,-2.803874969482422,0.7294667363166809,-3.266249895095825,-0.6362500190734863
19,-3.014500141143799,0.09668280929327011,-3.1387500762939453,-2.833750009536743
20,-2.6861250400543213,0.8717291355133057,-3.4962499141693115,-0.8949999809265137
21,-3.085749864578247,0.17959001660346985,-3.565000057220459,-2.9149999618530273
22,-2.705749988555908,0.808892548084259,-3.1362500190734863,-0.29750001430511475
23,-2.557875156402588,0.9723366498947144,-3.0199999809265137,0.34375
24,-2.459749937057495,1.137337327003479,-3.1787500381469727,0.3987500071525574
25,-2.817499876022339,0.5661075711250305,-3.3524999618530273,-1.1799999475479126
26,-2.9947502613067627,0.08400111645460129,-3.1137499809265137,-2.8424999713897705
27,-2.7548749446868896,0.8240849375724792,-3.331249952316284,-0.3162499964237213
28,-2.5053749084472656,0.8755197525024414,-3.0799999237060547,-0.737500011920929
29,-2.76550030708313,0.6623344421386719,-3.163749933242798,-0.7950000166893005
30,-3.059000015258789,0.11008915305137634,-3.200000047683716,-2.877500057220459
31,-2.8480000495910645,0.5267320275306702,-3.242500066757202,-1.315000057220459
32,-3.0147500038146973,0.07826398313045502,-3.1237499713897705,-2.8975000381469727
33,-2.994375228881836,0.10495276004076004,-3.1287500858306885,-2.8137500286102295
34,-2.766624927520752,0.6293027400970459,-3.182499885559082,-0.9049999713897705
35,-3.008124828338623,0.08298202604055405,-3.1475000381469727,-2.8837499618530273
36,-2.5486247539520264,1.2785329818725586,-3.15625,1.2625000476837158
37,-2.5421249866485596,1.2625830173492432,-3.119999885559082,1.2387499809265137
38,-2.4628751277923584,1.260900855064392,-3.0250000953674316,1.308750033378601
39,-2.710124969482422,1.013823390007019,-3.257499933242798,0.3199999928474426
40,-2.69962477684021,0.9790486693382263,-3.237499952316284,0.2199999988079071
41,-2.975749969482422,0.06835838407278061,-3.119999885559082,-2.8475000858306885
42,-2.53487491607666,1.165252923965454,-3.0924999713897705,0.9524999856948853
43,-2.934500217437744,0.08261392265558243,-3.0850000381469727,-2.827500104904175
44,-2.047374963760376,1.4622547626495361,-3.0999999046325684,0.800000011920929
45,-2.9870002269744873,0.07047649472951889,-3.0737500190734863,-2.833750009536743
46,-2.532374858856201,1.1278560161590576,-3.484999895095825,0.4025000035762787
47,-2.9936251640319824,0.08468956500291824,-3.109999895095825,-2.867500066757202
48,-2.9508750438690186,0.10437317937612534,-3.0850000381469727,-2.690000057220459
49,-2.751624822616577,0.6061631441116333,-3.091249942779541,-0.9674999713897705
50,-2.693999767303467,0.9261809587478638,-3.331249952316284,0.054999999701976776
51,-2.9214999675750732,0.13285663723945618,-3.130000114440918,-2.609999895095825
52,-2.9594998359680176,0.0661466047167778,-3.059999942779541,-2.8837499618530273
53,-2.679874897003174,0.8790620565414429,-3.336250066757202,-0.08624999970197678
54,-1.8724998235702515,1.400640606880188,-3.081249952316284,0.45375001430511475
55,-2.017500162124634,1.4967401027679443,-3.213749885559082,1.059999942779541
56,-2.3642499446868896,1.2609305381774902,-3.252500057220459,0.18250000476837158
57,-2.2673752307891846,1.3287620544433594,-3.069999933242798,0.5387499928474426
58,-2.475750207901001,0.9112951159477234,-3.109999895095825,-0.3700000047683716
59,-1.9343750476837158,1.69623601436615,-3.216249942779541,1.028749942779541
60,-2.9881250858306885,0.15262621641159058,-3.28125,-2.6987500190734863
61,-2.9982500076293945,0.11112236231565475,-3.1524999141693115,-2.836250066757202
62,-2.9267499446868896,0.14930382370948792,-3.2537500858306885,-2.6875
63,-2.970250368118286,0.10505769401788712,-3.122499942779541,-2.796250104904175
64,-2.114374876022339,1.2511154413223267,-3.069999933242798,0.1537500023841858
65,-2.979249954223633,0.11101119965314865,-3.119999885559082,-2.805000066757202
66,-2.569999933242798,1.2837163209915161,-3.351249933242798,1.252500057220459
67,-2.931375026702881,0.09068050235509872,-3.0399999618530273,-2.7174999713897705
68,-2.9241249561309814,0.22221896052360535,-3.5012500286102295,-2.680000066757202
69,-2.584249973297119,1.1581079959869385,-3.0512499809265137,0.887499988079071
70,-2.933499813079834,0.0948679968714714,-3.112499952316284,-2.817500114440918
71,-2.786875009536743,0.667081356048584,-3.578749895095825,-0.8812500238418579
72,-2.80287504196167,0.593721866607666,-3.34375,-1.0750000476837158
73,-2.9931252002716064,0.09946615993976593,-3.200000047683716,-2.8162500858306885
74,-1.7576252222061157,1.7440282106399536,-3.0625,1.5087499618530273
75,-2.2608749866485596,1.4054975509643555,-3.197499990463257,0.8787500262260437
76,-2.941375255584717,0.10677148401737213,-3.148750066757202,-2.7987499237060547
77,-2.6363749504089355,0.7800841927528381,-3.0374999046325684,-0.3174999952316284
78,-2.917875289916992,0.09302394837141037,-3.115000009536743,-2.7750000953674316
79,-2.498499870300293,1.1389278173446655,-2.9749999046325684,0.9150000214576721
80,-2.4861252307891846,1.328980803489685,-3.081249952316284,1.4900000095367432
81,-2.946124792098999,0.066227488219738,-3.0625,-2.862499952316284
82,-1.5958750247955322,1.989904761314392,-3.0450000762939453,1.4850000143051147
83,-2.6858747005462646,0.7973839640617371,-3.1262500286102295,-0.3075000047683716
84,-2.0908751487731934,1.662432312965393,-3.101249933242798,1.4987499713897705
85,-2.9462502002716064,0.10581973940134048,-3.130000114440918,-2.797499895095825
86,-2.490374803543091,1.2902873754501343,-3.1449999809265137,1.3637499809265137
87,-2.2322499752044678,1.4177381992340088,-3.0062499046325684,1.4900000095367432
88,-2.7032501697540283,0.8726303577423096,-3.1212499141693115,-0.09375
89,-2.3838748931884766,1.405503273010254,-3.3812499046325684,1.4950000047683716
90,-2.9655001163482666,0.12874045968055725,-3.266249895095825,-2.817500114440918
91,-2.4800000190734863,1.1178100109100342,-3.609999895095825,0.5337499976158142
92,-2.9341249465942383,0.08803417533636093,-3.1137499809265137,-2.7987499237060547
93,-1.5973751544952393,1.6203627586364746,-3.0512499809265137,0.7512500286102295
94,-2.520749807357788,1.204818844795227,-3.1187500953674316,1.0812499523162842
95,-2.720250129699707,0.8573155999183655,-3.461250066757202,-0.20874999463558197
96,-2.687624931335449,0.8009985089302063,-3.2987499237060547,-0.3162499964237213
97,-2.551375150680542,1.1977888345718384,-3.021250009536743,1.0387500524520874
98,-1.2561249732971191,1.6894303560256958,-2.9649999141693115,0.9162499904632568
99,-2.218250036239624,1.4991552829742432,-3.1449999809265137,1.1737500429153442
100,-2.5978751182556152,1.0644217729568481,-3.163749933242798,0.5874999761581421
101,-2.6700000762939453,0.7176321744918823,-3.03125,-0.5249999761581421
102,-2.318624973297119,1.2450462579727173,-3.141249895095825,0.16500000655651093
103,-2.3978748321533203,1.2311846017837524,-3.302500009536743,0.2512499988079071
104,-2.3293750286102295,1.193275809288025,-3.0399999618530273,0.19625000655651093
105,-2.1878750324249268,1.2741987705230713,-3.492500066757202,0.19875000417232513
106,-2.5003750324249268,0.9948549866676331,-2.956249952316284,0.4762499928474426
107,-2.4846248626708984,1.166048288345337,-3.0537500381469727,1.0012500286102295
108,-2.7230002880096436,0.6916754841804504,-3.211250066757202,-0.6800000071525574
109,-2.674499988555908,0.6439410448074341,-3.036250114440918,-0.7637500166893005
110,-2.073624849319458,1.2991055250167847,-3.103749990463257,0.6837499737739563
111,-1.9950001239776611,1.7131215333938599,-3.336250066757202,1.503749966621399
112,-1.9356250762939453,1.614243745803833,-3.0687499046325684,1.4900000095367432
113,-2.441500186920166,1.0977187156677246,-3.1575000286102295,0.47749999165534973
114,-2.381500005722046,1.131690502166748,-3.002500057220459,0.5450000166893005
115,-2.7306251525878906,0.6838163137435913,-3.115000009536743,-0.706250011920929
116,-2.540374994277954,0.614218533039093,-2.911250114440918,-1.1862499713897705
117,-2.2813751697540283,1.2600427865982056,-3.221250057220459,0.24500000476837158
118,-2.2518749237060547,1.355037808418274,-3.0399999618530273,0.7412499785423279
119,-1.9013750553131104,1.594334363937378,-3.0399999618530273,1.4262499809265137
120,-2.573499917984009,1.0307000875473022,-3.036250114440918,0.5099999904632568
121,-1.90625,1.6300157308578491,-3.046250104904175,0.9474999904632568
122,-2.07212495803833,1.6474252939224243,-3.1075000762939453,1.5549999475479126
123,-2.709750175476074,0.8391355276107788,-3.1937499046325684,-0.20874999463558197
124,-2.550750255584717,1.3341939449310303,-3.299999952316284,1.4225000143051147
125,-2.549375057220459,0.9346351623535156,-2.9649999141693115,0.24375000596046448
126,-2.7603750228881836,0.6630952954292297,-3.6812500953674316,-0.9524999856948853
127,-2.1997499465942383,1.4562079906463623,-3.021250009536743,1.5087499618530273
128,-2.917249917984009,0.10333926975727081,-3.0225000381469727,-2.6424999237060547
129,-2.310499906539917,1.2278143167495728,-3.0374999046325684,0.25
130,-2.2750000953674316,1.3724615573883057,-3.0824999809265137,1.4450000524520874
131,-1.6595001220703125,1.6255161762237549,-3.1624999046325684,1.440000057220459
132,-2.1947500705718994,1.4648336172103882,-3.234999895095825,0.793749988079071
133,-2.4831252098083496,0.8055557608604431,-3.0512499809265137,-0.6587499976158142
134,-2.9019999504089355,0.12189418822526932,-3.192500114440918,-2.737499952316284
135,-2.9438748359680176,0.12679636478424072,-3.182499885559082,-2.71875
136,-2.32212495803833,1.3007549047470093,-3.3687500953674316,0.7799999713897705
137,-2.130999803543091,1.5847612619400024,-3.047499895095825,1.402500033378601
138,-1.8753750324249268,1.6459290981292725,-2.9912500381469727,1.4900000095367432
139,-2.9468750953674316,0.15135248005390167,-3.3112499713897705,-2.7174999713897705
140,-2.6473753452301025,0.8174302577972412,-3.2200000286102295,-0.2224999964237213
141,-2.3364996910095215,1.0758051872253418,-3.021250009536743,-0.014999999664723873
142,-2.7481250762939453,0.6234168410301208,-3.234999895095825,-0.9237499833106995
143,-2.5506250858306885,1.0140118598937988,-3.8187499046325684,-0.33000001311302185
144,-2.4663748741149902,1.1841723918914795,-3.009999990463257,1.0762499570846558
145,-2.595749855041504,1.0841984748840332,-3.2637500762939453,0.6349999904632568
146,-2.184500217437744,1.3508319854736328,-3.0325000286102295,0.6112499833106995
147,-1.2787500619888306,2.0090036392211914,-3.0012500286102295,1.4950000047683716
148,-2.200124979019165,1.4319348335266113,-3.1449999809265137,1.056249976158142
149,-2.0411250591278076,1.4841171503067017,-3.2825000286102295,0.33125001192092896
150,-1.7776248455047607,1.404151439666748,-2.950000047683716,0.3725000023841858
151,-2.6066250801086426,0.853594958782196,-3.0924999713897705,-0.07124999910593033
152,-2.725749969482422,0.5655067563056946,-3.1212499141693115,-1.0512499809265137
153,-2.611999988555908,0.9799178838729858,-3.1524999141693115,0.3112500011920929
154,-2.5012497901916504,1.1482211351394653,-2.9912500381469727,0.9350000023841858
155,-1.8706248998641968,1.6387147903442383,-3.163749933242798,0.9150000214576721
156,-1.531749963760376,1.6966204643249512,-3.0687499046325684,1.2400000095367432
157,-2.77762508392334,0.603171706199646,-3.3037500381469727,-1.0449999570846558
158,-2.6202499866485596,0.8482894897460938,-3.072499990463257,-0.0925000011920929
159,-1.8602498769760132,1.6196576356887817,-3.009999990463257,1.068750023841858
160,-2.280625104904175,1.12452232837677,-3.447499990463257,0.021250000223517418
161,-2.124875068664551,1.2950570583343506,-3.541249990463257,0.2750000059604645
162,-2.3393750190734863,1.4175010919570923,-3.452500104904175,1.1475000381469727
163,-2.1792500019073486,1.4616607427597046,-3.2049999237060547,1.2087500095367432
164,-2.8940000534057617,0.10285883396863937,-3.115000009536743,-2.7437500953674316
165,-2.625,1.0149916410446167,-3.122499942779541,0.39500001072883606
166,-1.4481251239776611,1.429300308227539,-2.944999933242798,1.059999942779541
167,-2.3046250343322754,1.3198819160461426,-3.3062500953674316,0.7275000214576721
168,-2.6163747310638428,0.7698127627372742,-2.9362499713897705,-0.3100000023841858
169,-1.9813750982284546,1.3924715518951416,-2.978749990463257,0.5924999713897705
170,-2.9322500228881836,0.11938224732875824,-3.2200000286102295,-2.786250114440918
171,-2.4301249980926514,0.9136926531791687,-3.009999990463257,-0.28999999165534973
172,-2.902750015258789,0.09449505060911179,-3.033750057220459,-2.6875
173,-2.3017499446868896,1.1866004467010498,-2.9912500381469727,0.5950000286102295
174,-2.6635000705718994,0.7108340263366699,-3.1700000762939453,-0.5562499761581421
175,-2.4393749237060547,0.8489946722984314,-2.9412500858306885,-0.6050000190734863
176,-3.0414998531341553,0.22299295663833618,-3.651249885559082,-2.833750009536743
177,-2.9619998931884766,0.14966441690921783,-3.325000047683716,-2.728749990463257
178,-2.7236249446868896,0.7046360969543457,-3.4412500858306885,-0.6987500190734863
179,-1.8507499694824219,1.5404363870620728,-3.557499885559082,0.8075000047683716
180,-2.9013750553131104,0.09048732370138168,-3.0537500381469727,-2.7850000858306885
181,-2.4678750038146973,1.1960952281951904,-3.3299999237060547,0.1599999964237213
182,-2.442625045776367,0.9890555143356323,-3.0037500858306885,0.17624999582767487
183,-1.8603750467300415,1.6034438610076904,-2.9487500190734863,1.0187499523162842
184,-2.8823750019073486,0.06666017323732376,-2.96875,-2.75
185,-2.2160000801086426,1.3960881233215332,-3.036250114440918,1.128749966621399
186,-1.7352498769760132,1.807429313659668,-3.200000047683716,1.3075000047683716
187,-2.9202499389648438,0.16493159532546997,-3.341249942779541,-2.6862499713897705
188,-1.8592500686645508,1.5243120193481445,-2.9149999618530273,1.2412500381469727
189,-1.9212501049041748,1.6214786767959595,-3.384999990463257,0.9825000166893005
190,-2.726749897003174,0.5875872373580933,-3.083750009536743,-0.9925000071525574
191,-2.057500123977661,1.3308981657028198,-3.021250009536743,0.4749999940395355
192,-2.427999973297119,1.267869472503662,-2.9725000858306885,1.3674999475479126
193,-2.911249876022339,0.11003831773996353,-3.1524999141693115,-2.7699999809265137
194,-2.8877501487731934,0.10063670575618744,-3.0062499046325684,-2.6549999713897705
195,-2.603250026702881,0.8800303936004639,-3.047499895095825,0.021250000223517418
196,-1.8580001592636108,1.3710389137268066,-3.0062499046325684,0.7325000166893005
197,-2.475749969482422,1.3077564239501953,-3.182499885559082,1.4299999475479126
198,-2.297374963760376,1.1884335279464722,-3.0587499141693115,0.49000000953674316
199,-2.3183751106262207,1.3172129392623901,-3.203749895095825,0.9399999976158142
200,-1.600000023841858,1.9718784093856812,-3.0399999618530273,1.5137499570846558
201,-2.7678749561309814,0.5678776502609253,-3.3350000381469727,-1.125
202,-2.1221251487731934,1.19629967212677,-2.997499942779541,0.10249999910593033
203,-1.3199999332427979,1.8619239330291748,-2.9100000858306885,1.3274999856948853
204,-2.0012500286102295,1.4765993356704712,-3.0712499618530273,1.3825000524520874
205,-1.9318749904632568,1.5072325468063354,-2.9725000858306885,1.3550000190734863
206,-1.5182498693466187,1.7664763927459717,-3.016249895095825,1.2024999856948853
207,-1.6422500610351562,1.5524526834487915,-2.9912500381469727,0.6162499785423279
208,-1.5815000534057617,1.8169963359832764,-3.411250114440918,1.4900000095367432
209,-2.426999807357788,0.9939523935317993,-2.976249933242798,-0.29124999046325684
210,-1.4376251697540283,1.8443119525909424,-3.180000066757202,1.0299999713897705
211,-2.184375047683716,1.4426424503326416,-3.257499933242798,1.0800000429153442
212,-2.0296249389648438,1.4116345643997192,-3.0012500286102295,1.2024999856948853
213,-1.5556249618530273,1.6624557971954346,-2.9149999618530273,1.3250000476837158
214,-2.6776251792907715,0.6017242074012756,-2.952500104904175,-0.8774999976158142
215,-2.27524995803833,1.2230759859085083,-3.002500057220459,0.9662500023841858
216,-2.1500000953674316,1.5057625770568848,-2.9774999618530273,1.527500033378601
217,-2.707750082015991,0.6563029885292053,-3.1337499618530273,-0.7524999976158142
218,-1.9780000448226929,1.5207064151763916,-2.9825000762939453,1.3137500286102295
219,-2.5258748531341553,0.991492748260498,-3.161250114440918,-0.20499999821186066
220,-2.3791251182556152,1.1163455247879028,-3.127500057220459,0.4387499988079071
221,-2.1541247367858887,1.4723749160766602,-3.088749885559082,1.0099999904632568
222,-1.9713748693466187,1.5385215282440186,-3.297499895095825,0.8075000047683716
223,-2.4912497997283936,1.2364232540130615,-3.228749990463257,1.1887500286102295
224,-2.1095001697540283,1.4783084392547607,-2.96875,0.8912500143051147
225,-2.30537486076355,1.2395254373550415,-2.9987499713897705,1.037500023841858
226,-1.049375057220459,1.631390929222107,-2.862499952316284,1.1787500381469727
227,-1.286500096321106,1.6264479160308838,-3.0350000858306885,0.9175000190734863
228,-2.53125,1.3189283609390259,-3.458750009536743,1.3899999856948853
229,-2.2231249809265137,1.5391720533370972,-3.369999885559082,1.527500033378601
230,-2.7362499237060547,0.7583262324333191,-3.6787500381469727,-0.5762500166893005
231,-2.208124876022339,1.3755754232406616,-3.002500057220459,0.6700000166893005
232,-1.9486249685287476,1.2591534852981567,-3.021250009536743,0.6037499904632568
233,-0.7586249113082886,1.741112232208252,-3.601249933242798,1.3550000190734863
234,-1.9682499170303345,1.443739414215088,-3.0924999713897705,1.0262500047683716
235,-2.251124858856201,1.2449673414230347,-2.9574999809265137,0.8212500214576721
236,-2.2301249504089355,0.9554926156997681,-3.0587499141693115,-0.48249998688697815
237,-2.0249998569488525,1.4598337411880493,-2.983750104904175,1.350000023841858
238,-1.5904998779296875,1.7293158769607544,-2.978749990463257,1.4537500143051147
239,-1.7236249446868896,1.5772684812545776,-3.25,0.8125
240,-1.7536251544952393,1.3917447328567505,-2.896250009536743,0.6412500143051147
241,-2.219250202178955,1.3798807859420776,-3.0999999046325684,0.6050000190734863
242,-1.8544998168945312,1.674862027168274,-3.0512499809265137,1.0462499856948853
243,-1.794624924659729,1.523318886756897,-3.1112499237060547,1.431249976158142
244,-2.5713748931884766,0.7331810593605042,-2.9287500381469727,-0.3799999952316284
245,-2.140624761581421,1.3312691450119019,-2.942500114440918,0.7637500166893005
246,-2.213249921798706,1.2750663757324219,-3.0737500190734863,0.4762499928474426
247,-1.832374930381775,1.608199954032898,-3.047499895095825,1.1349999904632568
248,-2.212750196456909,1.3702964782714844,-3.047499895095825,0.9175000190734863
249,-1.893375039100647,1.725803017616272,-3.3924999237060547,1.159999966621399
250,-0.862625002861023,1.3808867931365967,-2.867500066757202,1.0187499523162842
251,-2.000999927520752,1.4205173254013062,-3.2012500762939453,0.5299999713897705
252,-1.828125,1.514684796333313,-2.9574999809265137,0.8125
253,-2.360374927520752,1.1808687448501587,-3.516249895095825,-0.019999999552965164
254,-2.5946249961853027,1.1577337980270386,-3.327500104904175,0.8500000238418579
255,-2.4281249046325684,0.9891631603240967,-3.5199999809265137,-0.029999999329447746
256,-2.13700008392334,1.4484570026397705,-2.9600000381469727,0.8725000023841858
257,-2.918875217437744,0.08893545717000961,-3.0737500190734863,-2.7799999713897705
258,-1.8376247882843018,1.626452922821045,-3.0325000286102295,1.2037500143051147
259,-0.8524999618530273,1.683862328529358,-3.0199999809265137,1.2999999523162842
260,-2.380625009536743,1.0732476711273193,-3.021250009536743,0.29750001430511475
261,-2.299375057220459,1.288400411605835,-2.990000009536743,1.225000023841858
262,-2.1861250400543213,1.2462085485458374,-3.640000104904175,0.042500000447034836
263,-2.425750255584717,1.0744251012802124,-3.481250047683716,0.1875
264,-1.4338750839233398,1.578492522239685,-3.365000009536743,0.9850000143051147
265,-1.2112500667572021,1.7274906635284424,-2.953749895095825,1.090000033378601
266,-1.9826250076293945,1.4234000444412231,-3.5087499618530273,0.65625
267,-2.703749895095825,0.6221505403518677,-3.208750009536743,-0.8725000023841858
268,-2.4296250343322754,1.2796915769577026,-2.961250066757202,1.4049999713897705
269,-2.3424999713897705,1.29503333568573,-3.0924999713897705,0.9237499833106995
270,-1.8559997081756592,1.5579771995544434,-2.9024999141693115,1.3837499618530273
271,-1.2007501125335693,1.7405041456222534,-3.0012500286102295,1.3125
272,-1.1702499389648438,1.7885833978652954,-2.997499942779541,1.527500033378601
273,-1.674625039100647,1.5989198684692383,-3.043750047683716,1.5362499952316284
274,-2.3359999656677246,1.501671314239502,-3.5299999713897705,1.0612499713897705
275,-2.148250102996826,1.4371432065963745,-3.0174999237060547,1.100000023841858
276,-2.202000141143799,1.3933930397033691,-2.971250057220459,1.3137500286102295
277,-2.1308751106262207,1.418163776397705,-3.2674999237060547,1.1050000190734863
278,-2.5921249389648438,0.704824686050415,-2.9487500190734863,-0.5
279,-2.280250072479248,1.294243335723877,-3.140000104904175,1.0787500143051147
280,-2.244375228881836,1.368510127067566,-2.96875,1.4487500190734863
281,-1.213249921798706,1.5196362733840942,-2.990000009536743,0.9137499928474426
282,-2.4462499618530273,1.229377031326294,-3.526249885559082,0.49125000834465027
283,-2.2406249046325684,1.3436046838760376,-3.028749942779541,1.2400000095367432
284,-2.2072501182556152,1.080161213874817,-2.978749990463257,0.17499999701976776
285,-1.3845001459121704,1.6029410362243652,-3.077500104904175,0.8999999761581421
286,-2.4746251106262207,1.346014380455017,-3.197499990463257,1.5412499904632568
287,-1.706624984741211,1.4287735223770142,-2.978749990463257,0.6549999713897705
288,-1.8896249532699585,1.2451995611190796,-3.0325000286102295,0.17749999463558197
289,-1.8793751001358032,1.530575156211853,-2.9237499237060547,1.368749976158142
290,-1.9277499914169312,1.6252864599227905,-3.1024999618530273,1.471250057220459
291,-1.9206249713897705,1.6582988500595093,-3.268749952316284,0.8125
292,-1.4076249599456787,1.5570478439331055,-3.072499990463257,0.8500000238418579
293,-2.531125068664551,1.2483233213424683,-3.072499990463257,1.2074999809265137
294,-2.2115001678466797,1.3626352548599243,-3.2387499809265137,1.2987500429153442
295,-2.172999858856201,1.4669475555419922,-2.9887499809265137,0.918749988079071
296,-1.414124846458435,1.4685300588607788,-2.903749942779541,0.6225000023841858
297,-2.2562499046325684,1.206158995628357,-3.047499895095825,0.5350000262260437
298,-1.8943748474121094,1.3741583824157715,-3.216249942779541,0.4387499988079071
299,-2.0828747749328613,1.6763092279434204,-3.03125,1.2912499904632568
300,-2.4922497272491455,0.8695999383926392,-2.9912500381469727,-0.7450000047683716
301,-1.5392500162124634,1.6929686069488525,-3.0299999713897705,1.1675000190734863
302,-2.4146251678466797,1.0766805410385132,-3.5762500762939453,-0.2775000035762787
303,-1.869875192642212,1.6187667846679688,-3.1362500190734863,0.7099999785423279
304,-2.3263747692108154,1.1379868984222412,-2.9987499713897705,0.08624999970197678
305,-2.094874858856201,1.6658300161361694,-3.0662500858306885,1.3912500143051147
306,-1.0392500162124634,1.86871337890625,-2.9987499713897705,1.434999942779541
307,-1.6017500162124634,1.595065951347351,-2.940000057220459,0.9399999976158142
308,-1.5063750743865967,1.8055459260940552,-2.9887499809265137,1.3624999523162842
309,-2.4346251487731934,1.4342620372772217,-3.6424999237060547,1.3537499904632568
310,-2.591749906539917,0.9031034111976624,-3.0174999237060547,0.10374999791383743
311,-2.118500232696533,1.4516541957855225,-3.0512499809265137,0.8062499761581421
312,-1.480375051498413,1.7085798978805542,-3.077500104904175,1.033750057220459
313,-1.2857500314712524,1.762487530708313,-3.0062499046325684,1.090000033378601
314,-1.9506248235702515,1.6232056617736816,-3.3012499809265137,1.4950000047683716
315,-2.377999782562256,0.9853795766830444,-2.961250066757202,-0.4025000035762787
316,-1.8043750524520874,1.6899795532226562,-3.140000104904175,1.3324999809265137
317,-1.739875078201294,1.3969722986221313,-2.9725000858306885,0.9612500071525574
318,-2.4857499599456787,1.1955324411392212,-3.1862499713897705,1.0762499570846558
319,-1.9905000925064087,1.4306851625442505,-3.0350000858306885,1.0299999713897705
320,-1.7638750076293945,1.5206384658813477,-3.297499895095825,1.0387500524520874
321,-2.34975004196167,1.3654577732086182,-3.5487499237060547,1.184999942779541
322,-1.7353750467300415,1.459653615951538,-3.0199999809265137,0.7400000095367432
323,-2.6469998359680176,0.6184951663017273,-3.0712499618530273,-0.8162500262260437
324,-2.562624931335449,1.0001397132873535,-3.1237499713897705,0.41624999046325684
325,-2.012125253677368,1.5408895015716553,-3.1449999809265137,0.8924999833106995
326,-1.9327499866485596,1.440212368965149,-2.930000066757202,0.7387499809265137
327,-1.9731251001358032,1.3917021751403809,-2.9987499713897705,1.0412499904632568
328,-1.6062500476837158,1.688342571258545,-3.283750057220459,1.2037500143051147
329,-0.9862500429153442,1.6341253519058228,-2.930000066757202,1.2649999856948853
330,-2.465750217437744,1.193475365638733,-3.728749990463257,-0.0024999999441206455
331,-2.492875099182129,1.2290700674057007,-3.0374999046325684,1.1875
332,-1.9241249561309814,1.1236706972122192,-2.976249933242798,-0.2199999988079071
333,-2.721374988555908,0.6110172271728516,-3.211250066757202,-0.9287499785423279
334,-1.8058748245239258,1.7908464670181274,-3.6549999713897705,1.152500033378601
335,-2.2168750762939453,1.3614728450775146,-3.192500114440918,0.706250011920929
336,-2.230750322341919,1.5268272161483765,-3.523750066757202,1.1950000524520874
337,-1.9527498483657837,1.4471477270126343,-2.9700000286102295,0.3700000047683716
338,-1.6963751316070557,1.8402233123779297,-3.680000066757202,1.1299999952316284
339,-2.6082499027252197,1.191163182258606,-3.78125,0.8525000214576721
340,-1.6538749933242798,1.5176973342895508,-2.942500114440918,0.3462499976158142
341,-2.505500078201294,1.231762170791626,-3.8237500190734863,0.8974999785423279
342,-2.0968751907348633,1.3329567909240723,-3.1449999809265137,0.6650000214576721
343,-1.5598748922348022,1.660395622253418,-3.028749942779541,1.3799999952316284
344,-2.5677497386932373,1.1627006530761719,-3.0799999237060547,0.9112499952316284
345,-1.313499927520752,1.59404718875885,-2.953749895095825,0.7387499809265137
346,-1.1043750047683716,1.7069379091262817,-3.4937500953674316,1.346250057220459
347,-2.270249843597412,1.4481189250946045,-3.5637500286102295,1.1150000095367432
348,-1.8872501850128174,1.6236732006072998,-3.143749952316284,1.2112499475479126
349,-2.1091248989105225,1.256935715675354,-3.002500057220459,0.7887499928474426
350,-2.330125093460083,1.0691900253295898,-3.481250047683716,-0.20999999344348907
351,-1.5767500400543213,1.9887912273406982,-3.0399999618530273,1.503749966621399
352,-2.3308749198913574,1.1644595861434937,-2.9987499713897705,0.4325000047683716
353,-2.072624921798706,1.3027386665344238,-3.09375,0.41999998688697815
354,-1.8221250772476196,1.4924421310424805,-3.4487500190734863,0.41624999046325684
355,-2.368499994277954,1.1078764200210571,-3.1737499237060547,0.2762500047683716
356,-1.596500039100647,1.6505731344223022,-3.0999999046325684,1.3912500143051147
357,-2.310875177383423,1.2364329099655151,-3.0687499046325684,0.65625
358,-2.421999931335449,1.0573698282241821,-3.1500000953674316,-0.3162499964237213
359,-2.8947501182556152,0.16096560657024384,-3.1937499046325684,-2.6187500953674316
360,-1.3408749103546143,1.6325432062149048,-3.0924999713897705,1.0325000286102295
361,-2.0587501525878906,1.3516119718551636,-3.1187500953674316,0.9412500262260437
362,-2.5625,0.996620237827301,-3.0199999809265137,0.41999998688697815
363,-2.858750104904175,0.10522743314504623,-3.0399999618530273,-2.690000057220459
364,-2.688624858856201,0.5389652848243713,-2.961250066757202,-1.0812499523162842
365,-1.4756247997283936,1.711749792098999,-3.137500047683716,0.90625
366,-1.9384998083114624,1.5667773485183716,-3.182499885559082,0.8974999785423279
367,-1.840250015258789,1.325697422027588,-3.1362500190734863,0.7037500143051147
368,-1.744249939918518,1.7675096988677979,-3.0137500762939453,1.1862499713897705
369,-2.186999797821045,1.4962022304534912,-3.2125000953674316,1.3387500047683716
370,-2.13212513923645,1.530229091644287,-3.0374999046325684,1.277500033378601
371,-2.090625286102295,1.3963240385055542,-3.2462499141693115,1.3662500381469727
372,-2.360499858856201,1.141363501548767,-3.3399999141693115,0.5099999904632568
373,-2.0152499675750732,1.656051516532898,-3.8499999046325684,1.1375000476837158
374,-1.3227499723434448,1.7525100708007812,-3.1075000762939453,1.503749966621399
375,-1.6016250848770142,1.6813181638717651,-3.115000009536743,1.1449999809265137
376,-2.356374979019165,1.0654972791671753,-2.961250066757202,0.10000000149011612
377,-1.9802500009536743,1.4687567949295044,-3.072499990463257,1.1725000143051147
378,-2.576249837875366,1.1810553073883057,-3.559999942779541,0.90625
379,-1.4690001010894775,1.4535361528396606,-2.96875,0.8912500143051147
380,-2.1755003929138184,1.1923247575759888,-3.1362500190734863,0.3812499940395355
381,-1.9201250076293945,1.6020071506500244,-3.759999990463257,0.7875000238418579
382,-2.2886252403259277,1.453925609588623,-3.541249990463257,1.4637500047683716
383,-2.3768749237060547,1.2879308462142944,-3.692500114440918,0.9449999928474426
384,-1.380750060081482,1.5477796792984009,-2.983750104904175,1.002500057220459
385,-2.1382498741149902,1.1636170148849487,-2.9649999141693115,0.1912499964237213
386,-1.0111249685287476,1.6694023609161377,-2.96875,1.5137499570846558
387,-2.4513750076293945,0.7794774770736694,-2.971250057220459,-0.8550000190734863
388,-2.003875255584717,1.6471774578094482,-2.9000000953674316,1.4850000143051147
389,-2.2365002632141113,1.5096834897994995,-3.490000009536743,1.0187499523162842
390,-1.2836248874664307,1.8487073183059692,-3.771250009536743,1.3899999856948853
391,-2.225250005722046,1.5362941026687622,-3.28125,0.9712499976158142
392,-2.3913750648498535,1.0363023281097412,-3.009999990463257,-0.19625000655651093
393,-2.2674996852874756,1.1440404653549194,-2.9700000286102295,0.6549999713897705
394,-2.0168747901916504,1.5437310934066772,-3.3550000190734863,1.100000023841858
395,-1.8847497701644897,1.7194876670837402,-3.271250009536743,1.5137499570846558
396,-1.6142499446868896,1.2946604490280151,-2.96875,-0.14499999582767487
397,-2.0122499465942383,1.3565583229064941,-3.184999942779541,0.4650000035762787
398,-1.1556249856948853,1.526132583618164,-3.0625,1.0425000190734863
399,-1.8055000305175781,1.6253745555877686,-2.950000047683716,1.5137499570846558
400,-1.7309999465942383,1.808958649635315,-3.0924999713897705,1.3849999904632568
401,-2.1682498455047607,1.5254368782043457,-3.6312499046325684,0.9825000166893005
402,-1.133000135421753,1.5768003463745117,-3.286250114440918,0.9474999904632568
403,-1.3012499809265137,1.6213451623916626,-2.9674999713897705,0.9287499785423279
404,-1.7396249771118164,1.3330533504486084,-2.930000066757202,0.3712500035762787
405,-1.2413748502731323,1.6842676401138306,-2.9912500381469727,0.9800000190734863
406,-1.6864999532699585,1.533961296081543,-3.317500114440918,0.9037500023841858
407,-2.056000232696533,1.301286220550537,-3.0899999141693115,0.26499998569488525
408,-1.6459999084472656,1.723272681236267,-3.3812499046325684,1.149999976158142
409,-2.452625036239624,1.2264204025268555,-3.5762500762939453,0.7462499737739563
410,-1.5233749151229858,1.5479463338851929,-3.5012500286102295,0.7074999809265137
411,-1.4397499561309814,1.8325378894805908,-3.028749942779541,1.4537500143051147
412,-2.0971250534057617,1.472520112991333,-3.265000104904175,0.9775000214576721
413,-2.3849997520446777,1.3827540874481201,-3.4200000762939453,0.5174999833106995
414,-1.980624794960022,1.1515982151031494,-3.151249885559082,0.14249999821186066
415,-1.6064999103546143,1.7286741733551025,-3.358750104904175,1.246250033378601
416,-2.727874994277954,0.5548321604728699,-3.1875,-1.1012500524520874
417,-2.653250217437744,1.022170901298523,-3.966249942779541,0.23999999463558197
418,-1.3016250133514404,1.607143759727478,-3.0512499809265137,1.027500033378601
419,-1.1274999380111694,1.2951583862304688,-3.1600000858306885,0.36625000834465027
420,-1.8577499389648438,1.6056288480758667,-3.009999990463257,1.472499966621399
421,-2.1097500324249268,1.441878318786621,-3.6837499141693115,0.5287500023841858
422,-2.098249912261963,1.2894902229309082,-3.091249942779541,0.7462499737739563
423,-1.3690001964569092,1.7647956609725952,-3.4512500762939453,1.2287499904632568
424,-2.027250051498413,1.5755811929702759,-3.262500047683716,0.9887499809265137
425,-2.8162500858306885,0.711736261844635,-3.5562500953674316,-0.8337500095367432
426,-1.1429998874664307,1.5247247219085693,-2.9725000858306885,0.8174999952316284
427,-1.7497498989105225,1.7553889751434326,-3.690000057220459,0.8550000190734863
428,-1.206125020980835,1.6098864078521729,-3.190000057220459,1.1512500047683716
429,-1.0536249876022339,1.831842064857483,-2.961250066757202,1.3362499475479126
430,-1.3396251201629639,1.592529296875,-3.523750066757202,0.8137500286102295
431,-1.6067498922348022,1.7952712774276733,-3.331249952316284,1.4637500047683716
432,-1.7241251468658447,1.4434176683425903,-2.952500104904175,0.53125
433,-2.0447499752044678,1.1740084886550903,-3.421250104904175,-0.33000001311302185
434,-2.1740002632141113,1.0717312097549438,-3.047499895095825,0.02500000037252903
435,-2.540374994277954,1.1093460321426392,-3.291249990463257,0.7587500214576721
436,-1.9252498149871826,1.5028520822525024,-3.0762500762939453,1.0637500286102295
437,-2.1201250553131104,1.438923954963684,-3.4625000953674316,0.5962499976158142
438,-0.8386250734329224,1.7372689247131348,-3.0950000286102295,1.5175000429153442
439,-1.8406250476837158,1.3467061519622803,-3.0537500381469727,0.8050000071525574
440,-1.597749948501587,1.5259008407592773,-2.898750066757202,0.8725000023841858
441,-1.2543749809265137,1.7559844255447388,-3.1937499046325684,1.3862500190734863
442,-1.1488749980926514,1.7180578708648682,-2.9100000858306885,1.0262500047683716
443,-1.0255000591278076,1.7186678647994995,-3.2125000953674316,1.184999942779541
444,-1.9248749017715454,1.4804342985153198,-2.9825000762939453,0.8500000238418579
445,-1.0160000324249268,1.6274588108062744,-2.9987499713897705,0.824999988079071
446,-1.6041250228881836,1.7699471712112427,-3.5,1.4487500190734863
447,-1.825374960899353,1.7120033502578735,-3.7200000286102295,1.3324999809265137
448,-2.226749897003174,1.3015996217727661,-3.9512500762939453,0.39625000953674316
449,-1.4111250638961792,1.635610580444336,-3.369999885559082,0.9399999976158142
450,-2.494750499725342,1.1969608068466187,-3.7725000381469727,0.1550000011920929
451,-1.496250033378601,1.8875547647476196,-3.53125,1.368749976158142
452,-2.4267499446868896,1.1475374698638916,-3.1524999141693115,0.6150000095367432
453,-1.8554999828338623,1.349033236503601,-3.0174999237060547,0.6499999761581421
454,-2.286749839782715,1.3139475584030151,-3.0737500190734863,0.41499999165534973
455,-2.7511250972747803,0.7903880476951599,-3.856250047683716,-0.5687500238418579
456,-2.224874973297119,1.2692408561706543,-3.752500057220459,0.24500000476837158
457,-2.5759997367858887,1.0718235969543457,-3.3424999713897705,0.6025000214576721
458,-2.145124912261963,1.4309674501419067,-2.983750104904175,0.7950000166893005
459,-1.610124945640564,1.692575216293335,-3.5,0.7699999809265137
460,-0.7675000429153442,1.8310943841934204,-3.1312499046325684,1.527500033378601
461,-1.9703750610351562,1.4430391788482666,-3.202500104904175,0.9325000047683716
462,-1.9143749475479126,1.5834100246429443,-3.336250066757202,1.0012500286102295
463,-1.9591248035430908,1.4650505781173706,-3.237499952316284,0.8187500238418579
464,-1.931249976158142,1.5429050922393799,-3.71875,1.3075000047683716
465,-1.8667500019073486,1.69491708278656,-3.190000057220459,1.0637500286102295
466,-2.1700000762939453,1.5111321210861206,-3.3399999141693115,1.2274999618530273
467,-2.221250057220459,1.5197635889053345,-3.2825000286102295,0.8424999713897705
468,-2.62137508392334,1.1087350845336914,-3.4287500381469727,0.6487500071525574
469,-1.7602500915527344,1.5341283082962036,-3.069999933242798,1.4637500047683716
470,-1.4182499647140503,1.4962427616119385,-3.002500057220459,1.002500057220459
471,-2.0225000381469727,1.4341821670532227,-3.115000009536743,1.0437500476837158
472,-1.4343750476837158,1.6065330505371094,-3.137500047683716,0.8174999952316284
473,-1.8044999837875366,1.7378753423690796,-3.819999933242798,0.9037500023841858
474,-2.1484999656677246,1.2773345708847046,-2.918750047683716,0.7587500214576721
475,-2.0557501316070557,1.3995604515075684,-3.278749942779541,0.9800000190734863
476,-2.41837477684021,1.123382806777954,-3.416249990463257,0.017500000074505806
477,-1.5911248922348022,1.7609226703643799,-3.5,1.4249999523162842
478,-3.0421249866485596,0.19430972635746002,-3.526249885559082,-2.7987499237060547
479,-1.0659998655319214,1.5416306257247925,-3.043750047683716,0.762499988079071
480,-2.0248751640319824,1.437380075454712,-3.567500114440918,0.5625
481,-1.9522498846054077,1.8533014059066772,-3.7925000190734863,1.1349999904632568
482,-1.8767502307891846,1.4784435033798218,-3.838749885559082,0.5299999713897705
483,-2.2367498874664307,1.3765733242034912,-3.5225000381469727,0.6362500190734863
484,-2.7558748722076416,0.6319792866706848,-3.3924999237060547,-0.9399999976158142
485,-1.1425001621246338,1.5425926446914673,-3.0625,1.2699999809265137
486,-1.5853750705718994,1.779021143913269,-3.478749990463257,1.2287499904632568
487,-1.4703750610351562,1.8837873935699463,-3.747499942779541,1.0712499618530273
488,-2.5223748683929443,1.119508981704712,-3.0662500858306885,0.8262500166893005
489,-2.301499843597412,1.0491939783096313,-3.002500057220459,0.10625000298023224
490,-1.8446251153945923,1.3005943298339844,-2.930000066757202,0.44874998927116394
491,-2.2437500953674316,1.0066132545471191,-3.0350000858306885,-0.3199999928474426
492,-1.102500081062317,1.8253217935562134,-3.021250009536743,1.193750023841858
493,-1.8788750171661377,1.4099961519241333,-3.4412500858306885,0.22624999284744263
494,-0.6415000557899475,1.6057698726654053,-3.151249885559082,0.8725000023841858
495,-1.7806251049041748,1.8652400970458984,-3.4337499141693115,1.1950000524520874
496,-1.661374807357788,1.6808303594589233,-3.069999933242798,1.34375
497,-1.9192501306533813,1.4550604820251465,-2.961250066757202,1.0824999809265137
498,-1.3803750276565552,1.643251657485962,-3.0537500381469727,0.875
499,-2.079249858856201,0.980234682559967,-2.9800000190734863,-0.4000000059604645
500,-1.5599998235702515,1.3171406984329224,-2.9124999046325684,0.35374999046325684
501,-2.479249954223633,1.2279709577560425,-3.8299999237060547,0.2824999988079071
502,-1.7682498693466187,1.642592191696167,-2.9800000190734863,1.4912500381469727
503,-0.5947499871253967,1.6579598188400269,-2.961250066757202,1.2799999713897705
504,-1.2552499771118164,1.888225793838501,-3.418750047683716,0.9399999976158142
505,-2.27524995803833,1.1967848539352417,-3.036250114440918,0.4637500047683716
506,-1.5262500047683716,1.6026285886764526,-3.625,0.9537500143051147
507,-1.57687509059906,1.6254477500915527,-2.961250066757202,1.4800000190734863
508,-0.7677500247955322,1.507411003112793,-2.9237499237060547,1.225000023841858
509,-0.4482499957084656,1.3245859146118164,-2.867500066757202,1.1237499713897705
510,-1.9051250219345093,1.7787846326828003,-3.740000009536743,1.2087500095367432
511,-1.4518749713897705,1.8414088487625122,-3.166249990463257,1.1712499856948853
512,-1.0510001182556152,1.570334553718567,-2.9487500190734863,1.118749976158142
513,-1.183250069618225,1.4607280492782593,-2.924999952316284,0.856249988079071
514,-2.227749824523926,1.4732823371887207,-3.3924999237060547,1.1449999809265137
515,-2.313000202178955,1.2572396993637085,-3.1024999618530273,0.9800000190734863
516,-1.70187509059906,1.8479450941085815,-3.8499999046325684,1.3450000286102295
517,-1.4876248836517334,1.5258439779281616,-2.9749999046325684,1.0499999523162842
518,-1.465999960899353,1.669533610343933,-2.884999990463257,1.149999976158142
519,-2.275749921798706,1.3848525285720825,-3.2537500858306885,0.9900000095367432
520,-1.3068749904632568,1.6342341899871826,-2.953749895095825,0.9649999737739563
521,-1.7273750305175781,1.5509791374206543,-3.140000104904175,1.1174999475479126
522,-0.6273750066757202,1.6095789670944214,-3.0062499046325684,1.2387499809265137
523,-1.9100000858306885,1.5682835578918457,-3.3087499141693115,1.3899999856948853
524,-1.222999930381775,1.727326512336731,-2.961250066757202,1.3200000524520874
525,-1.1801249980926514,1.5822765827178955,-3.1337499618530273,1.2424999475479126
526,-0.7488750219345093,1.7601399421691895,-3.0924999713897705,1.2024999856948853
527,-1.9588749408721924,1.3938684463500977,-3.0174999237060547,0.6700000166893005
528,-1.403499960899353,1.9082881212234497,-3.021250009536743,1.53125
529,-0.8808749318122864,1.7482680082321167,-3.057499885559082,1.2587499618530273
530,-1.4928749799728394,1.6448945999145508,-3.4262499809265137,0.8799999952316284
531,-1.6338751316070557,1.6304190158843994,-3.168750047683716,1.1974999904632568
532,-1.1992499828338623,1.8222880363464355,-3.4774999618530273,1.183750033378601
533,-1.7141250371932983,1.2533866167068481,-3.028749942779541,0.4387499988079071
534,-1.3564999103546143,1.7965608835220337,-3.487499952316284,1.5499999523162842
535,-1.9441249370574951,1.6048104763031006,-3.083750009536743,1.2024999856948853
536,-1.6340000629425049,1.749086856842041,-3.317500114440918,1.3312499523162842
537,-1.4422500133514404,1.545098066329956,-2.983750104904175,0.9112499952316284
538,-2.044250011444092,1.3983718156814575,-3.130000114440918,0.7699999809265137
539,-1.3751250505447388,1.6704721450805664,-3.5450000762939453,1.5549999475479126
540,-1.6795002222061157,1.7936285734176636,-3.4437499046325684,1.1449999809265137
541,-2.030125141143799,1.3041820526123047,-3.2412500381469727,0.12125000357627869
542,-1.7546249628067017,1.750301718711853,-3.865000009536743,1.4950000047683716
543,-1.757750153541565,1.7987720966339111,-3.0799999237060547,1.315000057220459
544,-2.3413748741149902,1.0762643814086914,-3.2750000953674316,0.0037499999161809683
545,-1.3148750066757202,1.6457865238189697,-3.0250000953674316,0.987500011920929
546,-2.1172499656677246,1.4096623659133911,-3.3125,0.8362500071525574
547,-0.9624999761581421,1.5963152647018433,-2.9912500381469727,1.278749942779541
548,-1.2258751392364502,1.415007472038269,-3.1024999618530273,0.6100000143051147
549,-1.5261250734329224,1.6804630756378174,-2.976249933242798,1.253749966621399
550,-1.6443750858306885,1.5548723936080933,-2.96875,0.8799999952316284
551,-2.4297499656677246,1.0504623651504517,-3.2437500953674316,0.1599999964237213
552,-1.782749891281128,1.4971325397491455,-3.0850000381469727,1.4987499713897705
553,-0.590499997138977,1.6400172710418701,-3.065000057220459,1.2237499952316284
554,-1.393625020980835,1.2841966152191162,-2.9725000858306885,0.4399999976158142
555,-1.7012500762939453,1.595915675163269,-2.9800000190734863,1.3624999523162842
556,-1.9817498922348022,1.5310826301574707,-3.206249952316284,1.2037500143051147
557,-0.8360000848770142,1.8001279830932617,-3.2200000286102295,1.1162500381469727
558,-1.6690000295639038,1.4180923700332642,-3.333750009536743,0.3462499976158142
559,-0.6418749690055847,1.6785327196121216,-2.987499952316284,1.2387499809265137
560,-2.539375066757202,1.2452939748764038,-3.581249952316284,1.1375000476837158
561,-0.7461249828338623,1.5182347297668457,-2.9912500381469727,1.527500033378601
562,-1.9502499103546143,1.5600910186767578,-3.0274999141693115,1.2350000143051147
563,-1.2131249904632568,1.7097392082214355,-2.9725000858306885,1.221250057220459
564,-0.011999964714050293,1.4882301092147827,-2.831249952316284,1.4387500286102295
565,-1.6584999561309814,1.6166605949401855,-3.0350000858306885,0.9537500143051147
566,-1.1922498941421509,1.6874746084213257,-3.0625,0.7024999856948853
567,-1.0492500066757202,1.609389305114746,-3.333750009536743,1.2200000286102295
568,-2.142124891281128,1.362930417060852,-3.2012500762939453,0.39250001311302185
569,-1.5656249523162842,1.6750190258026123,-3.3324999809265137,0.6225000023841858
570,-1.2036250829696655,1.2380387783050537,-3.109999895095825,0.6387500166893005
571,-2.2869999408721924,1.4137665033340454,-3.2437500953674316,1.340000033378601
572,-2.4030003547668457,0.9956298470497131,-3.0037500858306885,-0.23874999582767487
573,-1.8910000324249268,1.3059074878692627,-3.259999990463257,0.4099999964237213
574,-1.6968748569488525,1.4215277433395386,-3.009999990463257,0.20000000298023224
575,-2.1422500610351562,1.269021987915039,-3.2462499141693115,0.5512499809265137
576,-1.1891249418258667,1.811010479927063,-3.2987499237060547,0.9837499856948853
577,-0.5843750238418579,1.6465708017349243,-3.015000104904175,1.462499976158142
578,-1.0728750228881836,1.5440706014633179,-3.005000114440918,0.768750011920929
579,-1.8001251220703125,1.8089940547943115,-3.25,1.4225000143051147
580,-1.446250081062317,1.516055941581726,-2.956249952316284,0.987500011920929
581,-1.8978748321533203,1.6576457023620605,-3.5562500953674316,1.4537500143051147
582,-1.1060000658035278,1.5764459371566772,-3.221250057220459,0.96875
583,-1.308250069618225,1.4954432249069214,-3.4262499809265137,0.33125001192092896
584,-1.742875099182129,1.373589038848877,-3.036250114440918,0.6337500214576721
585,-0.9348748922348022,1.8247084617614746,-3.3212499618530273,1.2987500429153442
586,-2.110499858856201,1.320767879486084,-3.1937499046325684,0.7712500095367432
587,-1.682499885559082,1.548997163772583,-3.2825000286102295,1.1974999904632568
588,-2.0496249198913574,1.438844919204712,-3.771250009536743,0.6787499785423279
589,-1.6014999151229858,1.7794212102890015,-3.327500104904175,1.4674999713897705
590,-0.8391250371932983,1.7604111433029175,-3.711250066757202,1.1475000381469727
591,-1.5733751058578491,1.6157740354537964,-2.9237499237060547,0.8424999713897705
592,-1.1172500848770142,1.5040136575698853,-3.0062499046325684,0.9424999952316284
593,-2.013124942779541,1.3174338340759277,-2.9287500381469727,0.5425000190734863
594,-1.2403749227523804,1.955112099647522,-3.444999933242798,1.375
595,-1.216999888420105,1.5247536897659302,-3.2799999713897705,1.3137500286102295
596,-2.3012499809265137,1.3421196937561035,-3.184999942779541,1.068750023841858
597,-1.5855000019073486,1.6481877565383911,-2.9912500381469727,0.7649999856948853
598,-2.0672500133514404,1.25326406955719,-3.2487499713897705,-0.023749999701976776
599,-1.5251250267028809,1.4143283367156982,-2.950000047683716,1.006250023841858
600,-1.2030000686645508,1.7254865169525146,-2.8375000953674316,1.2024999856948853
601,-1.3170000314712524,1.4303349256515503,-3.0425000190734863,1.024999976158142
602,-1.105875015258789,1.5094037055969238,-3.038749933242798,0.8675000071525574
603,-1.483625054359436,1.4352734088897705,-2.9312500953674316,1.0987499952316284
604,-1.9377498626708984,1.7313580513000488,-3.5037500858306885,1.4800000190734863
605,-2.043375015258789,1.5332247018814087,-2.9725000858306885,1.1162500381469727
606,-0.8205000162124634,1.8217648267745972,-3.009999990463257,1.5175000429153442
607,-1.112375020980835,1.5101759433746338,-2.9312500953674316,0.875
608,-1.8930000066757202,1.577431559562683,-3.0762500762939453,1.0700000524520874
609,-0.677125096321106,1.5364949703216553,-3.259999990463257,0.90625
610,-1.7744998931884766,1.4991188049316406,-3.081249952316284,1.100000023841858
611,-0.48487502336502075,1.1063411235809326,-2.893749952316284,1.2612500190734863
612,-1.042625069618225,1.900152564048767,-3.0325000286102295,1.1962499618530273
613,-2.087625026702881,1.1668533086776733,-2.9362499713897705,-0.23499999940395355
614,-1.237874984741211,1.7618467807769775,-3.163749933242798,1.4987499713897705
615,-1.316499948501587,1.6327654123306274,-2.893749952316284,1.006250023841858
616,-1.688249945640564,1.820505976676941,-2.9549999237060547,1.4912500381469727
617,-1.1603749990463257,1.9020518064498901,-3.700000047683716,1.0549999475479126
618,-1.6208750009536743,1.3070061206817627,-2.9862499237060547,0.14499999582767487
619,-1.453125,1.9507179260253906,-3.3087499141693115,1.1074999570846558
620,-2.4736251831054688,1.0969305038452148,-2.942500114440918,0.8112499713897705
621,-1.826124906539917,1.6383428573608398,-3.2049999237060547,0.8974999785423279
622,-0.22175002098083496,1.1820870637893677,-2.862499952316284,1.3350000381469727
623,-0.8477500081062317,1.7775533199310303,-3.291249990463257,1.024999976158142
624,-0.8078749775886536,1.6071680784225464,-3.396250009536743,1.0087499618530273
625,-1.301875114440918,1.7028988599777222,-2.9987499713897705,1.1487499475479126
626,-1.2620000839233398,1.7789058685302734,-3.122499942779541,1.0187499523162842
627,-1.5941250324249268,1.7148526906967163,-3.0924999713897705,1.2799999713897705
628,-1.6907498836517334,1.5519309043884277,-3.4149999618530273,0.6587499976158142
629,-2.1947498321533203,1.3942445516586304,-3.1187500953674316,1.2675000429153442
630,-1.0789999961853027,1.507484793663025,-3.018749952316284,1.0850000381469727
631,-1.1643750667572021,2.0087952613830566,-3.3212499618530273,1.3125
632,-1.5683748722076416,1.3681703805923462,-2.918750047683716,0.6162499785423279
633,-1.0950000286102295,1.5967768430709839,-3.103749990463257,0.8675000071525574
634,-0.4441250264644623,1.328532338142395,-2.755000114440918,1.1799999475479126
635,-1.4572498798370361,1.575482726097107,-3.4175000190734863,0.7087500095367432
636,-1.4146250486373901,1.3880486488342285,-3.036250114440918,0.6600000262260437
637,-1.6147499084472656,1.6147822141647339,-3.171250104904175,1.0862499475479126
638,-1.1551251411437988,1.7202553749084473,-2.898750066757202,1.3312499523162842
639,-0.5632500052452087,1.5850849151611328,-2.896250009536743,1.2400000095367432
640,-0.8787500262260437,1.4558699131011963,-2.981250047683716,1.1174999475479126
641,-0.9751250147819519,1.540625810623169,-3.296250104904175,1.475000023841858
642,-1.3098751306533813,1.6653794050216675,-3.0399999618530273,1.184999942779541
643,-0.5000000596046448,1.6173763275146484,-2.884999990463257,1.2799999713897705
644,-0.3160000443458557,1.6076923608779907,-3.4512500762939453,1.4450000524520874
645,-1.1047500371932983,1.6317793130874634,-3.211250066757202,1.3487499952316284
646,-1.912750244140625,1.5472557544708252,-3.106250047683716,0.9462500214576721
647,-1.4932498931884766,1.6731809377670288,-3.5399999618530273,1.3324999809265137
648,-0.984125018119812,1.5574859380722046,-2.831249952316284,1.306249976158142
649,-1.7212501764297485,1.4469401836395264,-2.992500066757202,1.024999976158142
650,-1.38462495803833,1.3214056491851807,-3.4075000286102295,0.19499999284744263
651,-1.077875018119812,1.7608015537261963,-2.9000000953674316,1.4800000190734863
652,-0.3974999487400055,1.3422160148620605,-2.9124999046325684,1.0
653,-0.981249988079071,1.7115625143051147,-2.9487500190734863,1.5137499570846558
654,-0.07987500727176666,1.4838666915893555,-2.961250066757202,1.472499966621399
655,-1.0028750896453857,1.5916627645492554,-2.9000000953674316,1.0800000429153442
656,-0.841874897480011,1.8054442405700684,-2.987499952316284,1.4850000143051147
657,-0.1965000182390213,1.459686279296875,-2.880000114440918,1.4175000190734863
658,-1.8610000610351562,1.5069538354873657,-2.950000047683716,1.0237499475479126
659,-0.6541250348091125,1.51466703414917,-2.961250066757202,1.1549999713897705
660,-0.8496249318122864,1.9187018871307373,-3.65625,1.5225000381469727
661,-0.4517500400543213,1.3676633834838867,-2.9312500953674316,1.2062499523162842
662,-0.9177500009536743,1.7957710027694702,-2.9800000190734863,1.493749976158142
663,-1.5022499561309814,1.518747091293335,-3.036250114440918,1.2712500095367432
664,-0.8388749957084656,1.773646593093872,-3.413749933242798,1.097499966621399
665,-0.6797500848770142,1.618950605392456,-2.96875,1.4950000047683716
666,-1.027000069618225,1.8999059200286865,-3.1937499046325684,1.0299999713897705
667,-1.7253749370574951,1.4775724411010742,-2.9312500953674316,1.4137500524520874
668,-0.336124986410141,1.3785991668701172,-3.0174999237060547,0.9412500262260437
669,-0.5378749370574951,1.751451015472412,-3.244999885559082,1.341249942779541
670,-1.0325000286102295,1.87456214427948,-3.069999933242798,1.287500023841858
671,-1.7451250553131104,1.6363093852996826,-3.5199999809265137,1.1100000143051147
672,-0.9724999666213989,1.3808549642562866,-2.9725000858306885,1.1112500429153442
673,-0.8141249418258667,1.721109390258789,-2.953749895095825,1.1487499475479126
674,-1.8736250400543213,1.3499484062194824,-3.036250114440918,0.3375000059604645
675,-0.6765000224113464,1.6430466175079346,-3.319999933242798,1.1875
676,-1.880124807357788,1.5674521923065186,-2.9674999713897705,0.9474999904632568
677,-1.261625051498413,1.7877991199493408,-3.666249990463257,1.3899999856948853
678,-0.03324999660253525,1.462668538093567,-2.9549999237060547,1.5049999952316284
679,-1.9467499256134033,1.4982985258102417,-3.041249990463257,1.309999942779541
680,-0.8611248731613159,1.750020146369934,-2.990000009536743,1.256250023841858
681,-0.6987500190734863,1.667293667793274,-3.7074999809265137,1.1362500190734863
682,-0.5982499718666077,1.8997561931610107,-2.9437499046325684,1.5225000381469727
683,-0.4573749601840973,1.310302972793579,-2.867500066757202,1.34375
684,-1.7779998779296875,1.5873304605484009,-3.805000066757202,1.153749942779541
685,-0.7758749723434448,1.3954211473464966,-2.950000047683716,0.9850000143051147
686,-0.12587496638298035,1.4105393886566162,-2.8612499237060547,1.2937500476837158
687,-1.2289999723434448,1.6652334928512573,-3.0662500858306885,0.8612499833106995
688,-1.689000129699707,1.487080693244934,-3.106250047683716,0.6237499713897705
689,-1.6358749866485596,1.659192442893982,-3.03125,1.2262500524520874
690,-0.38587498664855957,1.3358627557754517,-2.8375000953674316,1.315000057220459
691,-0.9621249437332153,1.4954451322555542,-3.0950000286102295,1.0237499475479126
692,-1.4234999418258667,1.5372778177261353,-2.956249952316284,1.0137499570846558
693,-0.5220000147819519,1.4101117849349976,-3.2125000953674316,1.1799999475479126
694,-0.7804999947547913,1.805862545967102,-3.033750057220459,1.4574999809265137
695,-0.921875,1.7361886501312256,-3.0012500286102295,1.215000033378601
696,-1.3098751306533813,1.481757402420044,-3.211250066757202,0.8012499809265137
697,0.20087499916553497,1.1471153497695923,-2.75,1.2337499856948853
698,-0.7223750352859497,1.79116690158844,-2.8612499237060547,1.2825000286102295
699,-0.38450002670288086,1.3686914443969727,-2.7987499237060547,1.1449999809265137
700,-1.20437490940094,1.7805293798446655,-3.2774999141693115,1.118749976158142
701,-1.2085000276565552,1.7312941551208496,-2.987499952316284,1.1662499904632568
702,-0.8055000305175781,1.5403101444244385,-2.8812499046325684,1.5412499904632568
703,-1.9795000553131104,1.4157761335372925,-3.166249990463257,0.9225000143051147
704,-0.5155000686645508,1.3524537086486816,-2.893749952316284,1.0549999475479126
705,-0.9096249341964722,1.6623404026031494,-3.15625,0.9449999928474426
706,-0.7081249356269836,1.5072078704833984,-2.8812499046325684,1.0425000190734863
707,-0.7505000233650208,1.6191774606704712,-3.509999990463257,1.0762499570846558
708,-0.2600000202655792,1.82607102394104,-3.3550000190734863,1.53125
709,-1.6068748235702515,1.5573108196258545,-3.0137500762939453,0.7762500047683716
710,0.179500013589859,1.2217965126037598,-3.09375,1.1299999952316284
711,-1.1731250286102295,1.9277578592300415,-3.3450000286102295,1.2949999570846558
712,-1.333249807357788,1.7245006561279297,-3.283750057220459,1.225000023841858
713,-0.5951250791549683,1.6181713342666626,-2.9674999713897705,1.346250057220459
714,-0.26612502336502075,1.7036018371582031,-2.8887500762939453,1.2200000286102295
715,-0.7627500295639038,1.623628854751587,-2.8037500381469727,1.066249966621399
716,-0.8680001497268677,1.7781099081039429,-3.0,0.9850000143051147
717,-0.3449999690055847,1.7465261220932007,-2.961250066757202,1.402500033378601
718,-0.594499945640564,1.3903577327728271,-3.299999952316284,1.225000023841858
719,-0.6934999823570251,1.825186014175415,-2.9800000190734863,1.2949999570846558
720,-0.7428749799728394,1.4837820529937744,-2.893749952316284,1.1387499570846558
721,-0.44737499952316284,1.3113969564437866,-2.862499952316284,0.8774999976158142
722,-0.5457500219345093,1.6010913848876953,-2.880000114440918,1.3849999904632568
723,-0.1822499930858612,1.2211452722549438,-3.069999933242798,1.1862499713897705
724,-0.7698749899864197,1.7263277769088745,-2.930000066757202,1.318750023841858
725,-0.6769999265670776,1.9842406511306763,-3.309999942779541,1.277500033378601
726,-0.3216249942779541,1.4966450929641724,-2.961250066757202,0.9325000047683716
727,-0.12950000166893005,1.4500826597213745,-2.8687500953674316,1.1100000143051147
728,-0.2174999713897705,1.1976103782653809,-2.859999895095825,1.1787500381469727
729,-1.0447499752044678,1.799451231956482,-3.319999933242798,1.1087499856948853
730,-0.5512499809265137,1.9056527614593506,-2.9237499237060547,1.3862500190734863
731,-0.87437504529953,1.722479224205017,-3.2537500858306885,0.887499988079071
732,-0.7414999008178711,1.8893015384674072,-3.0425000190734863,1.3899999856948853
733,-1.3163750171661377,1.9088449478149414,-3.84375,1.3849999904632568
734,-0.9580000042915344,1.5358880758285522,-2.890000104904175,0.9474999904632568
735,0.6130000352859497,0.5120529532432556,-0.5012500286102295,1.2937500476837158
736,-1.368749976158142,1.7141962051391602,-3.3450000286102295,1.0
737,-0.9363750219345093,1.9481158256530762,-2.930000066757202,1.3987499475479126
738,-0.49825000762939453,1.6122545003890991,-2.898750066757202,1.3350000381469727
739,-0.8027499914169312,1.5105918645858765,-2.9674999713897705,0.9825000166893005
740,-0.7521250247955322,1.8040077686309814,-3.005000114440918,1.153749942779541
741,-0.7834999561309814,1.6387163400650024,-3.0587499141693115,1.3650000095367432
742,-1.5048750638961792,1.715009093284607,-3.081249952316284,0.8862500190734863
743,-0.9273750185966492,1.3927785158157349,-2.9674999713897705,1.1024999618530273
744,-0.8298749923706055,1.4297728538513184,-3.4512500762939453,0.45124998688697815
745,-1.55649995803833,1.7088829278945923,-3.5350000858306885,0.9112499952316284
746,-0.5371249914169312,1.6970664262771606,-3.182499885559082,1.1487499475479126
747,-0.5492500066757202,1.8206692934036255,-3.932499885559082,1.2962499856948853
748,-0.8477500081062317,1.8647054433822632,-3.856250047683716,1.0499999523162842
749,-0.8702499270439148,1.6461684703826904,-2.8112499713897705,1.1987500190734863
750,-0.518375039100647,1.6479538679122925,-2.7874999046325684,1.4900000095367432
751,-0.8142499923706055,1.8720664978027344,-3.3350000381469727,1.3250000476837158
752,-0.96812504529953,1.7201802730560303,-2.9987499713897705,1.3037500381469727
753,-0.5725000500679016,1.6183115243911743,-2.942500114440918,1.1112500429153442
754,-0.8967499732971191,1.7458477020263672,-3.163749933242798,1.0462499856948853
755,-0.8502500653266907,1.624993085861206,-3.384999990463257,1.152500033378601
756,-0.257874995470047,1.3842276334762573,-2.867500066757202,1.340000033378601
757,-1.726750135421753,1.8221977949142456,-3.7412500381469727,1.2312500476837158
758,-1.3446251153945923,1.735742449760437,-3.578749895095825,1.2962499856948853
759,-0.7702499628067017,1.4540135860443115,-2.8499999046325684,1.2037500143051147
760,-1.5892499685287476,1.7138698101043701,-3.2512500286102295,0.9825000166893005
761,-0.593000054359436,1.652721643447876,-2.9000000953674316,1.277500033378601
762,-1.0630000829696655,1.6872928142547607,-3.052500009536743,1.1487499475479126
763,-0.9201250076293945,1.6255286931991577,-2.893749952316284,1.2799999713897705
764,-0.9167500734329224,1.63883376121521,-3.5924999713897705,0.9512500166893005
765,-0.4102500081062317,1.7397041320800781,-3.171250104904175,1.277500033378601
766,-0.5611249804496765,1.8726975917816162,-2.911250114440918,1.4550000429153442
767,-1.0871250629425049,1.7657346725463867,-3.4200000762939453,1.1662499904632568
768,-0.3488749861717224,1.3617589473724365,-3.009999990463257,1.1449999809265137
769,-1.3116248846054077,1.8748172521591187,-4.071249961853027,1.3125
770,-1.783250093460083,1.6843801736831665,-3.4462499618530273,0.7400000095367432
771,-1.297374963760376,1.6540234088897705,-2.990000009536743,1.0625
772,-1.1296250820159912,1.7070411443710327,-2.893749952316284,1.1100000143051147
773,-1.2231249809265137,1.8803493976593018,-3.444999933242798,1.221250057220459
774,-0.4987500309944153,1.8952662944793701,-3.737499952316284,1.503749966621399
775,-1.4240000247955322,1.8564097881317139,-3.1737499237060547,1.2037500143051147
776,-0.2043749839067459,1.061324954032898,-3.0512499809265137,1.0199999809265137
777,-0.8938749432563782,1.7403889894485474,-3.166249990463257,1.4299999475479126
778,-1.135124921798706,1.5831655263900757,-2.96875,0.9412500262260437
779,-1.5371248722076416,1.7878057956695557,-3.1862499713897705,1.308750033378601
780,-0.7072499990463257,1.6362723112106323,-2.9987499713897705,1.5412499904632568
781,-0.612125039100647,1.8945406675338745,-2.961250066757202,1.375
782,-0.5911250114440918,1.3237664699554443,-2.893749952316284,1.184999942779541
783,-0.3105000853538513,1.7826299667358398,-2.9312500953674316,1.3537499904632568
784,-0.5945000052452087,1.6519235372543335,-3.0250000953674316,1.0549999475479126
785,-0.8096250295639038,1.777062177658081,-2.9600000381469727,1.1637500524520874
786,-1.7318750619888306,1.7721503973007202,-3.0199999809265137,1.1799999475479126
787,0.2526249885559082,0.8266949653625488,-1.846250057220459,1.190000057220459
788,-1.6571251153945923,1.5586466789245605,-2.9749999046325684,0.7325000166893005
789,-2.076124906539917,1.6243518590927124,-3.057499885559082,1.3837499618530273
790,-1.3015000820159912,1.844098448753357,-3.831249952316284,1.0549999475479126
791,-1.044124960899353,1.8778084516525269,-3.0662500858306885,1.1549999713897705
792,-1.0966249704360962,1.8841885328292847,-3.1112499237060547,1.1399999856948853
793,-0.8738750219345093,1.726142406463623,-2.9312500953674316,1.2424999475479126
794,-0.9057499766349792,1.7062512636184692,-3.009999990463257,0.9950000047683716
795,-0.8482500314712524,1.4633184671401978,-2.9487500190734863,1.1862499713897705
796,-0.6231249570846558,1.5796741247177124,-2.9387500286102295,1.2575000524520874
797,-0.42112502455711365,1.3313132524490356,-2.8550000190734863,1.1124999523162842
798,-0.08050001412630081,1.5686960220336914,-2.817500114440918,1.434999942779541
799,-0.8892500996589661,1.7531598806381226,-3.0850000381469727,1.1675000190734863
800,-0.6468750238418579,1.8508321046829224,-3.072499990463257,1.277500033378601
801,-1.5095000267028809,1.5318392515182495,-3.098750114440918,1.1337499618530273
802,-1.7006250619888306,1.5366510152816772,-2.952500104904175,1.0149999856948853
803,-0.9423750042915344,1.5215466022491455,-3.125,1.3262499570846558
804,-0.14249999821186066,1.3936084508895874,-2.8575000762939453,1.09375
805,0.22450001537799835,0.754364013671875,-1.191249966621399,1.3324999809265137
806,-1.3255001306533813,1.5988776683807373,-3.0712499618530273,0.8412500023841858
807,-0.2216249406337738,1.4680436849594116,-2.825000047683716,1.372499942779541
808,-0.500249981880188,1.6670055389404297,-3.0174999237060547,1.503749966621399
809,-0.5147500038146973,1.9234193563461304,-3.596250057220459,1.274999976158142
810,-1.6298749446868896,1.3991132974624634,-3.367500066757202,0.26499998569488525
811,-2.3671250343322754,1.2512857913970947,-3.3475000858306885,0.8675000071525574
812,-0.249750018119812,1.3937366008758545,-2.7799999713897705,1.1074999570846558
813,-0.8256250619888306,1.7171891927719116,-2.9862499237060547,1.125
814,-0.01950002647936344,1.5050023794174194,-2.984999895095825,1.2387499809265137
815,-0.7442499995231628,1.6592683792114258,-3.377500057220459,1.0737500190734863
816,-0.6028750538825989,1.6648391485214233,-3.1700000762939453,1.2450000047683716
817,-0.17412500083446503,1.614164113998413,-3.171250104904175,1.3300000429153442
818,-0.09999994933605194,1.6104792356491089,-3.03125,1.5225000381469727
819,-1.3034999370574951,1.7224314212799072,-2.990000009536743,1.346250057220459
820,0.3474999964237213,1.0546964406967163,-2.706249952316284,1.2549999952316284
821,0.20612497627735138,1.1579660177230835,-2.8812499046325684,1.1725000143051147
822,0.367249995470047,1.2723891735076904,-3.2125000953674316,1.3362499475479126
823,-0.531374990940094,1.6476044654846191,-2.913749933242798,1.5225000381469727
824,-0.6107500195503235,2.028019905090332,-4.071249961853027,1.3137500286102295
825,-0.22099998593330383,1.508221983909607,-3.276249885559082,1.006250023841858
826,-0.05825001001358032,1.1043225526809692,-2.825000047683716,0.9712499976158142
827,-0.46875,1.303236961364746,-2.8812499046325684,1.037500023841858
828,-0.11624999344348907,1.3880608081817627,-2.768749952316284,1.097499966621399
829,-1.1903749704360962,1.817497968673706,-3.0174999237060547,1.131250023841858
830,-0.27037498354911804,1.665082335472107,-2.8550000190734863,1.1862499713897705
831,-0.809374988079071,1.539669394493103,-2.987499952316284,1.3387500047683716
832,-0.2331250160932541,1.4243667125701904,-2.875,1.253749966621399
833,-0.8642500042915344,1.773329496383667,-3.1887500286102295,1.2725000381469727
834,-1.1213750839233398,1.8626866340637207,-3.091249942779541,1.4674999713897705
835,-0.18187500536441803,1.557185173034668,-2.9749999046325684,1.3600000143051147
836,-0.3647499978542328,1.5015767812728882,-2.9312500953674316,1.3674999475479126
837,0.15399999916553497,1.2306817770004272,-2.971250057220459,1.4950000047683716
838,-0.13100001215934753,1.543500304222107,-2.992500066757202,1.4574999809265137
839,-0.11112506687641144,1.5884581804275513,-2.934999942779541,1.2762500047683716
840,0.07849996536970139,1.5996943712234497,-2.8499999046325684,1.3362499475479126
841,-0.7006250619888306,1.6825798749923706,-3.5425000190734863,1.0625
842,-0.8487499952316284,1.967620849609375,-4.00124979019165,1.1699999570846558
843,-0.10212497413158417,1.814074158668518,-2.9887499809265137,1.34375
844,-0.7885000705718994,1.8039155006408691,-3.091249942779541,1.277500033378601
845,0.06849999725818634,1.2622348070144653,-3.0012500286102295,1.3487499952316284
846,-0.8535000085830688,1.7169724702835083,-2.9887499809265137,1.190000057220459
847,-0.5503751039505005,1.7092770338058472,-3.3137500286102295,1.090000033378601
848,0.04862496256828308,1.5653903484344482,-2.987499952316284,1.5499999523162842
849,-0.4216249883174896,1.6186363697052002,-2.9725000858306885,1.0
850,-0.9261249303817749,1.762811541557312,-3.4574999809265137,1.1425000429153442
851,-0.16712501645088196,1.4556154012680054,-2.9774999618530273,1.0549999475479126
852,-0.5249999761581421,1.6523419618606567,-2.950000047683716,1.3537499904632568
853,-1.3088750839233398,1.8973147869110107,-3.680000066757202,1.024999976158142
854,-1.4551249742507935,1.7130446434020996,-3.617500066757202,0.8600000143051147
855,-1.290000081062317,1.3453621864318848,-3.184999942779541,0.4412499964237213
856,-1.1201250553131104,1.8185616731643677,-3.916249990463257,1.3250000476837158
857,-0.3383750021457672,1.7389742136001587,-2.956249952316284,1.3200000524520874
858,-0.16937509179115295,1.7654082775115967,-2.9387500286102295,1.4587500095367432
859,-1.7098748683929443,1.6935906410217285,-3.4075000286102295,1.1062500476837158
860,-0.006124997045844793,1.440274715423584,-2.8187499046325684,1.2587499618530273
861,0.12799999117851257,1.2050117254257202,-3.0637500286102295,1.2087500095367432
862,-0.622249960899353,1.6421504020690918,-3.182499885559082,1.100000023841858
863,-0.7881250381469727,1.9635467529296875,-3.793750047683716,1.222499966621399
864,0.37724998593330383,1.2434686422348022,-3.0062499046325684,1.2675000429153442
865,-0.056374989449977875,1.4879872798919678,-2.8550000190734863,1.2587499618530273
866,0.7588750123977661,0.5460304021835327,-0.4737499952316284,1.3337500095367432
867,-1.560499906539917,1.6679109334945679,-2.981250047683716,1.09375
868,-0.6632499694824219,1.2455940246582031,-2.8299999237060547,1.1124999523162842
869,-0.7441250085830688,1.5015766620635986,-3.028749942779541,1.0575000047683716
870,-0.4976249635219574,1.6264628171920776,-3.098750114440918,1.002500057220459
871,-0.16862496733665466,1.478312373161316,-2.9124999046325684,1.09375
872,-0.5420000553131104,1.9407129287719727,-3.7300000190734863,1.4574999809265137
873,-0.8990000486373901,1.7045767307281494,-2.961250066757202,1.403749942779541
874,-0.03049999475479126,1.4536043405532837,-2.918750047683716,1.2587499618530273
875,-0.2331250160932541,1.433304786682129,-2.9312500953674316,1.1799999475479126
876,-0.6211250424385071,1.6894668340682983,-3.005000114440918,1.440000057220459
877,-0.8385000228881836,1.7934117317199707,-3.237499952316284,1.3025000095367432
878,-0.6116250157356262,1.4549567699432373,-2.8062500953674316,0.8887500166893005
879,-1.2753750085830688,1.9640065431594849,-3.069999933242798,1.2937500476837158
880,-0.6330000162124634,1.5804442167282104,-3.127500057220459,1.037500023841858
881,-0.6678749918937683,1.8459912538528442,-3.012500047683716,1.2262500524520874
882,0.5690000057220459,0.6628283858299255,-0.6587499976158142,1.4249999523162842
883,-0.7795000672340393,1.859389305114746,-4.103750228881836,1.440000057220459
884,-0.7011249661445618,1.611700177192688,-2.9337499141693115,1.4225000143051147
885,-1.1456249952316284,1.793882131576538,-2.96875,1.1074999570846558
886,-1.0674998760223389,1.57965087890625,-3.0399999618530273,1.1112500429153442
887,-1.3680000305175781,1.5926063060760498,-3.03125,0.9337499737739563
888,-0.4593749940395355,1.6776214838027954,-3.1362500190734863,1.0225000381469727
889,0.4908750057220459,0.32950910925865173,-0.07874999940395355,1.0199999809265137
890,-0.21937498450279236,1.2379924058914185,-3.140000104904175,1.4049999713897705
891,0.250374972820282,1.2003754377365112,-2.9862499237060547,1.1924999952316284
892,-1.1505000591278076,1.811153531074524,-3.012500047683716,1.1475000381469727
893,-0.8583749532699585,1.5369176864624023,-3.1912500858306885,1.2400000095367432
894,0.021500010043382645,1.5174134969711304,-2.956249952316284,1.2037500143051147
895,-0.5862500071525574,1.6941165924072266,-3.077500104904175,1.3899999856948853
896,-0.10875000804662704,1.4529305696487427,-2.8424999713897705,1.472499966621399
897,0.2877500355243683,0.7083296775817871,-0.9599999785423279,1.087499976158142
898,-0.876750111579895,1.6817880868911743,-3.002500057220459,1.153749942779541
899,0.31450000405311584,0.6310327053070068,-0.9150000214576721,1.368749976158142
900,-0.47312498092651367,1.4985133409500122,-3.559999942779541,1.15625
901,-0.984749972820282,1.5856531858444214,-2.8550000190734863,1.2887500524520874
902,-0.5152499675750732,1.567726492881775,-2.9075000286102295,1.2350000143051147
903,0.22599998116493225,1.6615197658538818,-3.0299999713897705,1.503749966621399
904,-0.8271251916885376,1.548475742340088,-3.317500114440918,1.0425000190734863
905,0.09987498819828033,1.4836084842681885,-2.8862500190734863,1.09375
906,-0.3720000088214874,1.761547327041626,-3.190000057220459,1.4487500190734863
907,-0.14637497067451477,1.4440051317214966,-2.819999933242798,1.287500023841858
908,0.6107500791549683,0.6027969121932983,-0.49000000953674316,1.3274999856948853
909,-0.6235000491142273,1.5356566905975342,-2.916249990463257,0.9150000214576721
910,-0.2763749957084656,1.7260018587112427,-2.817500114440918,1.350000023841858
911,-0.3333750367164612,1.4734175205230713,-3.0112500190734863,1.3912500143051147
912,-0.8667500615119934,1.5779253244400024,-3.3949999809265137,0.9350000023841858
913,0.12575003504753113,1.271938681602478,-2.934999942779541,1.4537500143051147
914,0.3967500329017639,1.2139254808425903,-2.890000104904175,1.4900000095367432
915,-0.8895000219345093,1.8260343074798584,-3.53125,1.2087500095367432
916,0.05499998852610588,1.172435998916626,-2.9000000953674316,1.2074999809265137
917,-0.22312498092651367,1.4132221937179565,-2.984999895095825,1.1299999952316284
918,-0.035000015050172806,1.5272327661514282,-2.903749942779541,1.1475000381469727
919,-0.05524996668100357,1.577953577041626,-3.141249895095825,1.1262500286102295
920,-0.6632500290870667,1.5874404907226562,-2.934999942779541,1.2112499475479126
921,0.7488750219345093,1.254327654838562,-2.893749952316284,1.475000023841858
922,-0.9608749151229858,1.8065823316574097,-3.6700000762939453,0.8262500166893005
923,0.04237501695752144,1.7652136087417603,-3.646250009536743,1.5087499618530273
924,-0.1107499748468399,1.5559756755828857,-3.1312499046325684,1.2712500095367432
925,-0.13625001907348633,1.4296265840530396,-2.9412500858306885,1.1862499713897705
926,0.3072499930858612,1.202366828918457,-2.8299999237060547,1.441249966621399
927,0.09362495690584183,1.1878690719604492,-2.880000114440918,1.3487499952316284
928,0.16200000047683716,1.1463210582733154,-2.9124999046325684,1.2987500429153442
929,-0.47224998474121094,1.7397382259368896,-3.255000114440918,1.2450000047683716
930,0.040250014513731,1.4853005409240723,-2.84375,1.399999976158142
931,-0.23787501454353333,1.5893832445144653,-3.6162500381469727,1.1875
932,-0.51500004529953,1.6952582597732544,-3.2200000286102295,0.887499988079071
933,0.5637499690055847,0.6491605639457703,-0.7149999737739563,1.3674999475479126
934,-0.13137498497962952,1.1168103218078613,-2.7674999237060547,0.8712499737739563
935,-0.5266250371932983,1.6553179025650024,-3.0450000762939453,1.159999966621399
936,-0.006249976344406605,1.5859280824661255,-3.052500009536743,1.4450000524520874
937,0.6937500238418579,0.5777934789657593,-0.2787500023841858,1.434999942779541
938,0.4052499830722809,0.805134117603302,-0.9887499809265137,1.472499966621399
939,0.16237501800060272,1.198901653289795,-2.875,1.1512500047683716
940,-0.5144999623298645,1.4119467735290527,-3.5899999141693115,0.8112499713897705
941,-0.3833750784397125,1.7416552305221558,-3.317500114440918,1.153749942779541
942,0.340999960899353,1.2304763793945312,-2.921250104904175,1.3550000190734863
943,0.6192499995231628,0.659153401851654,-0.6962500214576721,1.5225000381469727
944,0.47075000405311584,0.7447793483734131,-1.0,1.3125
945,0.0325000174343586,1.522382378578186,-2.961250066757202,1.3137500286102295
946,-0.0650000125169754,1.1631031036376953,-2.848750114440918,1.149999976158142
947,0.28162500262260437,1.2615280151367188,-3.1362500190734863,1.381250023841858
948,0.11212500184774399,1.1411961317062378,-2.8062500953674316,1.253749966621399
949,0.36949998140335083,1.1984883546829224,-2.8125,1.2587499618530273
950,-0.36637502908706665,1.6626956462860107,-2.9825000762939453,1.1174999475479126
951,0.3162500262260437,1.2184300422668457,-3.0799999237060547,1.4137500524520874
952,-1.5537500381469727,1.4916540384292603,-3.2225000858306885,0.8224999904632568
953,-1.4738750457763672,1.6886134147644043,-3.549999952316284,1.1137499809265137
954,0.38200002908706665,1.2717926502227783,-3.3612499237060547,1.2037500143051147
955,-0.049250006675720215,1.2000913619995117,-3.192500114440918,1.2999999523162842
956,0.5857499837875366,1.1577032804489136,-2.84375,1.184999942779541
957,-0.31325000524520874,1.247097134590149,-3.302500009536743,1.0812499523162842
958,-0.9212499856948853,1.9621142148971558,-3.0299999713897705,1.2575000524520874
959,0.2851250171661377,0.8874613046646118,-1.2024999856948853,1.277500033378601
960,-0.781374990940094,1.4565337896347046,-2.930000066757202,0.9462500214576721
961,-1.1302499771118164,1.8949064016342163,-3.742500066757202,1.184999942779541
962,0.6362500786781311,0.5477893352508545,-0.32499998807907104,1.2575000524520874
963,0.43187493085861206,1.1743836402893066,-2.942500114440918,1.2899999618530273
964,-0.13487499952316284,1.0606917142868042,-2.8375000953674316,0.8224999904632568
965,0.11812498420476913,1.582517147064209,-3.0137500762939453,1.3137500286102295
966,0.041625019162893295,1.1239053010940552,-2.799999952316284,1.3350000381469727
967,-0.23224997520446777,1.4606759548187256,-2.805000066757202,1.181249976158142
968,0.027000010013580322,1.466279149055481,-2.84375,1.372499942779541
969,-0.2775000035762787,1.7558915615081787,-2.96875,1.4249999523162842
970,-0.2292499989271164,1.3586622476577759,-2.875,1.131250023841858
971,-0.41975003480911255,1.5054928064346313,-3.302500009536743,1.3825000524520874
972,0.03750002384185791,1.625807523727417,-3.216249942779541,1.4137500524520874
973,0.25575000047683716,1.2413411140441895,-2.930000066757202,1.2262500524520874
974,-1.0487501621246338,1.861982822418213,-3.0450000762939453,1.2074999809265137
975,-0.6233750581741333,1.9388651847839355,-3.192500114440918,1.5225000381469727
976,-0.38312506675720215,1.7472158670425415,-3.0712499618530273,1.2400000095367432
977,0.19725003838539124,1.1347558498382568,-2.7874999046325684,1.183750033378601
978,-0.6146249771118164,1.7683601379394531,-3.0112500190734863,1.4950000047683716
979,-0.1732500195503235,1.1880457401275635,-2.8475000858306885,1.2699999809265137
980,-0.46937498450279236,1.3692570924758911,-2.950000047683716,0.9337499737739563
981,-0.05012500286102295,1.4850804805755615,-3.140000104904175,1.128749966621399
982,0.1210000067949295,1.2735118865966797,-2.922499895095825,1.2912499904632568
983,0.4737500250339508,0.6221823692321777,-0.625,1.3537499904632568
984,-0.7589999437332153,1.8294836282730103,-3.091249942779541,1.1112500429153442
985,0.34199997782707214,1.257646918296814,-3.1075000762939453,1.3637499809265137
986,0.15012498199939728,1.1823774576187134,-2.890000104904175,1.1475000381469727
987,0.27837496995925903,1.4390641450881958,-3.567500114440918,1.308750033378601
988,-0.3358750343322754,1.405070185661316,-2.887500047683716,1.2112499475479126
989,0.3333750069141388,0.8099187612533569,-0.9612500071525574,1.2962499856948853
990,-0.15937498211860657,1.5420094728469849,-2.9000000953674316,1.4524999856948853
991,-0.4578750729560852,1.6928074359893799,-3.141249895095825,1.5499999523162842
992,-0.09837500751018524,1.7148725986480713,-3.950000047683716,1.3324999809265137
993,-0.6792500019073486,1.795013666152954,-2.848750114440918,1.2649999856948853
994,-1.1623750925064087,1.960993766784668,-3.4600000381469727,1.0075000524520874
995,-1.4214999675750732,1.8313549757003784,-3.680000066757202,1.0924999713897705
996,-0.26100000739097595,1.728365182876587,-2.8737499713897705,1.502500057220459
997,0.14112496376037598,1.2625658512115479,-3.046250104904175,1.184999942779541
998,0.31437498331069946,1.1836186647415161,-2.862499952316284,1.0924999713897705
999,0.3256250023841858,1.0972306728363037,-2.7487499713897705,1.1362500190734863
1000,-0.9151250123977661,1.7981830835342407,-3.293750047683716,1.2087500095367432
1001,-0.0008750021224841475,1.0973130464553833,-2.7437500953674316,1.3250000476837158
1002,0.9679999351501465,0.4623773992061615,-0.30125001072883606,1.4049999713897705
1003,0.1136249527335167,1.4370580911636353,-3.4600000381469727,1.434999942779541
1004,0.009375005960464478,1.4746829271316528,-2.911250114440918,1.472499966621399
1005,0.28824999928474426,0.9565694332122803,-1.3312499523162842,1.2400000095367432
1006,0.36787500977516174,1.2624133825302124,-2.8112499713897705,1.5412499904632568
1007,0.2603749632835388,1.1496089696884155,-2.778749942779541,1.3849999904632568
1008,-0.3333750367164612,1.7578917741775513,-3.140000104904175,1.3624999523162842
1009,0.5509999990463257,1.2070409059524536,-3.0012500286102295,1.46875
1010,0.5279999375343323,1.1823526620864868,-2.9049999713897705,1.4950000047683716
1011,-0.2084999829530716,1.3941491842269897,-2.9049999713897705,0.9912499785423279
1012,0.18725000321865082,1.3283922672271729,-3.549999952316284,1.1662499904632568
1013,0.163875013589859,1.551204800605774,-2.9024999141693115,1.434999942779541
1014,0.4817500710487366,1.1664587259292603,-2.8812499046325684,1.4387500286102295
1015,-0.518875002861023,2.086465835571289,-4.070000171661377,1.0199999809265137
1016,0.7806249856948853,0.734512448310852,-1.0950000286102295,1.408750057220459
1017,0.6850000619888306,1.1408308744430542,-2.7300000190734863,1.2350000143051147
1018,0.831250011920929,0.2364000827074051,0.27250000834465027,1.153749942779541
1019,-0.8137499690055847,1.7499064207077026,-2.96875,1.3112499713897705
1020,0.9616249203681946,0.161836177110672,0.6700000166893005,1.184999942779541
1021,0.25362497568130493,1.3342641592025757,-3.3550000190734863,1.225000023841858
1022,0.07687500864267349,1.1637771129608154,-2.875,1.1887500286102295
1023,0.3439999520778656,1.1939563751220703,-2.875,1.2100000381469727
1024,-0.2992500066757202,1.7155709266662598,-2.9825000762939453,1.4900000095367432
1025,0.09125004708766937,1.534717321395874,-2.9912500381469727,1.0950000286102295
1026,0.3337499797344208,0.750845193862915,-0.7912499904632568,1.1337499618530273
1027,-0.26975002884864807,1.6584619283676147,-3.9437499046325684,1.3250000476837158
1028,0.08749999850988388,1.1380164623260498,-2.922499895095825,1.184999942779541
1029,-0.8182500004768372,1.7602756023406982,-3.125,0.9474999904632568
1030,0.6620000004768372,0.472754567861557,-0.36500000953674316,1.3799999952316284
1031,0.01887500286102295,1.6009122133255005,-3.163749933242798,1.434999942779541
1032,-0.27512502670288086,1.7860491275787354,-4.090000152587891,1.503749966621399
1033,-0.983625054359436,1.7182213068008423,-3.148750066757202,1.2699999809265137
1034,0.3974999785423279,1.206790566444397,-2.918750047683716,1.2074999809265137
1035,0.2276250123977661,1.1402195692062378,-2.858750104904175,1.308750033378601
1036,-0.4690000116825104,1.755003809928894,-2.9124999046325684,1.2862499952316284
1037,0.2433750182390213,1.2011669874191284,-2.9124999046325684,1.3037500381469727
1038,-0.31712499260902405,1.7810053825378418,-3.1937499046325684,1.191249966621399
1039,0.30324995517730713,1.2265359163284302,-2.8550000190734863,1.375
1040,0.3512499928474426,0.6215155124664307,-0.5062500238418579,1.1649999618530273
1041,0.4036250114440918,0.6584523320198059,-0.9399999976158142,1.253749966621399
1042,0.035249970853328705,1.4809365272521973,-2.887500047683716,1.2350000143051147
1043,-0.021625012159347534,1.4911930561065674,-2.930000066757202,1.3825000524520874
1044,-0.3486250042915344,1.5065231323242188,-3.021250009536743,1.2074999809265137
1045,0.09037502110004425,1.2244727611541748,-3.026249885559082,1.1262500286102295
1046,0.4948750436306,0.5519342422485352,-0.6387500166893005,1.1262500286102295
1047,-0.36824995279312134,1.392240285873413,-2.8737499713897705,1.2000000476837158
1048,0.8125,0.5433861017227173,-0.4375,1.5362499952316284
1049,-0.36949998140335083,1.7922329902648926,-3.5537500381469727,1.318750023841858
1050,-0.4778749942779541,1.6450029611587524,-2.9124999046325684,1.3524999618530273
1051,-0.1456250250339508,1.6667648553848267,-3.403749942779541,1.2887500524520874
1052,0.4997499883174896,0.6098964810371399,-0.7599999904632568,1.1299999952316284
1053,0.1743749976158142,0.6963236331939697,-1.1137499809265137,1.2000000476837158
1054,0.27149999141693115,1.2455092668533325,-2.827500104904175,1.3362499475479126
1055,0.48137497901916504,0.5502318739891052,-0.42875000834465027,1.243749976158142
1056,0.028874974697828293,1.4934712648391724,-2.836250066757202,1.1012500524520874
1057,0.25550001859664917,1.2482033967971802,-2.9237499237060547,1.1699999570846558
1058,0.45100003480911255,1.2193338871002197,-2.8887500762939453,1.3837499618530273
1059,0.596000075340271,0.603197455406189,-0.7787500023841858,1.527500033378601
1060,0.11662501096725464,1.1333847045898438,-2.862499952316284,1.1100000143051147
1061,0.13587501645088196,1.230928659439087,-3.2200000286102295,1.3137500286102295
1062,0.3659999966621399,1.263666033744812,-2.9987499713897705,1.4987499713897705
1063,0.16337499022483826,1.349149227142334,-3.3887500762939453,1.2762500047683716
1064,0.07475000619888306,1.2864543199539185,-2.805000066757202,1.2899999618530273
1065,-0.3373749852180481,1.660102128982544,-2.903749942779541,1.1024999618530273
1066,0.6864999532699585,0.5429999828338623,-0.49000000953674316,1.2300000190734863
1067,-0.8524999618530273,1.922960877418518,-3.3112499713897705,1.3224999904632568
1068,-0.16037502884864807,1.5660358667373657,-3.115000009536743,1.403749942779541
1069,0.7641249895095825,0.6491629481315613,-1.0549999475479126,1.2725000381469727
1070,0.08799998462200165,1.533327341079712,-2.9312500953674316,1.2549999952316284
1071,-0.15900000929832458,1.4354898929595947,-2.867500066757202,1.190000057220459
1072,0.053624995052814484,1.4671990871429443,-2.9000000953674316,1.0625
1073,-0.33662495017051697,1.6841459274291992,-2.9124999046325684,1.0212500095367432
1074,0.2176249921321869,1.5868712663650513,-2.9800000190734863,1.253749966621399
1075,0.7577500343322754,0.8287789821624756,-1.5499999523162842,1.3262499570846558
1076,-0.5252500176429749,1.5242040157318115,-3.430000066757202,1.1887500286102295
1077,0.6425000429153442,0.599730908870697,-0.48124998807907104,1.4824999570846558
1078,0.25837498903274536,1.2530708312988281,-3.2274999618530273,1.1549999713897705
1079,0.46299996972084045,1.2723405361175537,-3.255000114440918,1.252500057220459
1080,0.12087497860193253,1.6937915086746216,-3.471250057220459,1.372499942779541
1081,0.7207499742507935,0.5078096985816956,-0.24375000596046448,1.2799999713897705
1082,0.48524999618530273,1.3307315111160278,-3.0350000858306885,1.4587500095367432
1083,-0.1626250296831131,1.217090129852295,-2.9412500858306885,1.2087500095367432
1084,-0.07099999487400055,1.6151859760284424,-3.182499885559082,1.318750023841858
1085,0.2633749842643738,1.2184195518493652,-3.038749933242798,1.28125
1086,0.19850000739097595,1.1183372735977173,-2.8062500953674316,1.2337499856948853
1087,0.06225001811981201,1.5142850875854492,-2.9312500953674316,1.3300000429153442
1088,-0.4869999885559082,1.7038484811782837,-3.055000066757202,1.2262500524520874
1089,0.8048750162124634,0.5362772941589355,-0.29249998927116394,1.5212500095367432
1090,0.019749999046325684,1.4863773584365845,-2.96875,1.2100000381469727
1091,-0.2358749806880951,1.4175360202789307,-2.7674999237060547,1.3075000047683716
1092,-0.10050000995397568,1.4471253156661987,-2.918750047683716,1.3574999570846558
1093,0.327750027179718,1.4275705814361572,-3.5112500190734863,1.3137500286102295
1094,-0.16574996709823608,2.0177462100982666,-3.8399999141693115,1.5087499618530273
1095,0.41449999809265137,1.3054351806640625,-3.103749990463257,1.408750057220459
1096,-0.11525006592273712,1.4221675395965576,-2.893749952316284,1.118749976158142
1097,0.2773749828338623,1.2788052558898926,-2.805000066757202,1.3637499809265137
1098,0.7882500290870667,0.5548781752586365,-0.2762500047683716,1.4225000143051147
1099,0.40699997544288635,0.6070351600646973,-0.6612499952316284,1.221250057220459
1100,0.37425002455711365,0.5610055923461914,-0.4037500023841858,1.1112500429153442
1101,0.6448749899864197,0.6066806316375732,-0.8899999856948853,1.3300000429153442
1102,0.18399998545646667,1.1892712116241455,-2.8862500190734863,1.1174999475479126
1103,0.7558749914169312,0.6144621968269348,-0.7875000238418579,1.3350000381469727
1104,-0.1508750021457672,1.4823602437973022,-2.96875,1.3324999809265137
1105,0.2629999816417694,1.2606494426727295,-2.916249990463257,1.5137499570846558
1106,0.924000084400177,0.5539801716804504,-0.5375000238418579,1.443750023841858
1107,0.8992500305175781,0.39706748723983765,-0.042500000447034836,1.377500057220459
1108,-0.014874989166855812,1.2467705011367798,-2.740000009536743,1.2575000524520874
1109,-0.2758749723434448,1.496508240699768,-3.1112499237060547,1.1162500381469727
1110,-0.6468750238418579,1.6173204183578491,-2.893749952316284,1.3587499856948853
1111,-0.026624996215105057,1.5247644186019897,-3.0399999618530273,1.1449999809265137
1112,0.29112499952316284,1.3150513172149658,-2.9000000953674316,1.5362499952316284
1113,0.607124924659729,1.1990798711776733,-2.831249952316284,1.5087499618530273
1114,-0.6453748941421509,1.6296601295471191,-3.733750104904175,1.2412500381469727
1115,-0.04112501069903374,1.1881844997406006,-2.856250047683716,1.1050000190734863
1116,-0.19337502121925354,1.5866883993148804,-3.171250104904175,1.216249942779541
1117,0.179625004529953,1.5773320198059082,-2.903749942779541,1.5087499618530273
1118,0.3127500116825104,1.2020729780197144,-2.944999933242798,1.21875
1119,0.3919999897480011,1.2375209331512451,-3.0250000953674316,1.503749966621399
1120,0.20012502372264862,1.1258584260940552,-2.6987500190734863,1.1262500286102295
1121,0.7421249747276306,0.4834446609020233,-0.38499999046325684,1.1987500190734863
1122,0.20412497222423553,1.1556280851364136,-3.0112500190734863,1.09375
1123,0.8013749122619629,0.3489033877849579,0.19374999403953552,1.375
1124,0.4060000479221344,1.2258312702178955,-2.856250047683716,1.4550000429153442
1125,0.5805000066757202,1.2916032075881958,-3.1600000858306885,1.309999942779541
1126,0.5017499923706055,1.1361615657806396,-2.7750000953674316,1.3125
1127,-0.03637499734759331,1.5468562841415405,-3.15625,1.1649999618530273
1128,0.0819999948143959,1.6621882915496826,-3.2612500190734863,1.3949999809265137
1129,0.3670000433921814,0.8492366671562195,-0.9900000095367432,1.2662500143051147
1130,-0.47325000166893005,1.7312723398208618,-3.151249885559082,1.253749966621399
1131,-0.24687497317790985,1.7016242742538452,-2.9124999046325684,0.987500011920929
1132,0.6137499809265137,0.6023352742195129,-0.7799999713897705,1.434999942779541
1133,0.2723749876022339,1.266966462135315,-3.283750057220459,1.472499966621399
1134,0.48249998688697815,0.7216149568557739,-0.6362500190734863,1.1174999475479126
1135,0.8106249570846558,0.3441966474056244,-0.11625000089406967,1.1549999713897705
1136,0.4465000033378601,1.1055223941802979,-2.7799999713897705,1.0800000429153442
1137,0.36500000953674316,1.340651512145996,-3.4049999713897705,1.3799999952316284
1138,0.48087501525878906,0.6942163109779358,-0.9725000262260437,1.2400000095367432
1139,0.35499995946884155,1.299426555633545,-2.805000066757202,1.475000023841858
1140,0.8176250457763672,0.5224409103393555,-0.19499999284744263,1.5449999570846558
1141,0.2774999737739563,1.151585340499878,-2.84375,1.21875
1142,1.0891250371932983,0.3135208487510681,0.5,1.4550000429153442
1143,-0.21125002205371857,1.3998322486877441,-2.950000047683716,1.1437499523162842
1144,0.23800000548362732,1.1279836893081665,-2.846250057220459,1.1737500429153442
1145,0.8595000505447388,0.5426365733146667,-0.6974999904632568,1.2400000095367432
1146,0.39250004291534424,1.2869161367416382,-3.2825000286102295,1.2949999570846558
1147,0.33112502098083496,1.2695914506912231,-2.96875,1.4587500095367432
1148,0.4737500250339508,1.2127032279968262,-2.953749895095825,1.2350000143051147
1149,0.7048750519752502,0.5482438802719116,-0.7212499976158142,1.2825000286102295
1150,0.7517499923706055,0.5555209517478943,-0.53125,1.4275000095367432
1151,-0.325749933719635,1.6875905990600586,-2.8812499046325684,1.278749942779541
1152,0.367125004529953,1.2086992263793945,-2.896250009536743,1.2400000095367432
1153,0.7846249341964722,0.511095404624939,-0.6225000023841858,1.2699999809265137
1154,0.28949999809265137,1.1988297700881958,-2.836250066757202,1.2725000381469727
1155,0.1940000057220459,1.31767737865448,-3.569999933242798,1.2074999809265137
1156,0.6612499356269836,0.44809287786483765,-0.24375000596046448,1.097499966621399
1157,-0.2331250160932541,1.7470130920410156,-2.9800000190734863,1.4262499809265137
1158,0.5382500290870667,0.722192645072937,-0.7250000238418579,1.399999976158142
1159,0.4909999966621399,0.7289881110191345,-0.7087500095367432,1.2899999618530273
1160,0.4780000150203705,1.186720848083496,-2.8375000953674316,1.4850000143051147
1161,0.171625018119812,1.5333460569381714,-2.8924999237060547,1.3949999809265137
1162,0.5871250033378601,0.3617043197154999,-0.021250000223517418,1.1612499952316284
1163,0.515250027179718,0.7784902453422546,-1.212499976158142,1.2725000381469727
1164,0.14212501049041748,1.1891403198242188,-3.158750057220459,1.0625
1165,0.528499960899353,1.2058699131011963,-2.961250066757202,1.216249942779541
1166,-0.01175001822412014,1.4911822080612183,-2.84375,1.1699999570846558
1167,0.7591249346733093,0.3825126886367798,-0.09624999761581421,1.3312499523162842
1168,0.38487499952316284,1.2052295207977295,-2.7874999046325684,1.246250033378601
1169,0.8417500257492065,0.32591512799263,0.3075000047683716,1.368749976158142
1170,0.512874960899353,0.6919714212417603,-0.7612500190734863,1.5212500095367432
1171,0.23512497544288635,1.1736314296722412,-2.71875,1.2649999856948853
1172,0.783875048160553,0.5194700956344604,-0.009999999776482582,1.4537500143051147
1173,0.4635000228881836,0.6478346586227417,-0.5012500286102295,1.3350000381469727
1174,0.3242499828338623,1.1644681692123413,-2.942500114440918,1.350000023841858
1175,0.6932500004768372,0.4662829041481018,-0.11874999850988388,1.221250057220459
1176,0.08612499386072159,1.1993552446365356,-3.0137500762939453,1.1662499904632568
1177,0.8106249570846558,0.4703766107559204,-0.0012499999720603228,1.4887499809265137
1178,0.3922499716281891,1.242181658744812,-3.161250114440918,1.25
1179,0.746749997138977,0.6030710935592651,-0.46875,1.2899999618530273
1180,0.24962501227855682,1.5931296348571777,-3.0399999618530273,1.2662500143051147
1181,0.6447499990463257,0.38376539945602417,-0.17749999463558197,1.0187499523162842
1182,0.3153750002384186,1.166298747062683,-2.737499952316284,1.443750023841858
1183,0.6103749871253967,0.5886162519454956,-0.65625,1.5125000476837158
1184,0.6549999117851257,0.5259096026420593,-0.4449999928474426,1.2087500095367432
1185,0.43187499046325684,1.5611743927001953,-4.210000038146973,1.3524999618530273
1186,0.6226250529289246,0.2948317527770996,0.13500000536441803,1.0299999713897705
1187,1.0160000324249268,0.20341214537620544,0.7049999833106995,1.4212499856948853
1188,0.2956250011920929,1.2709378004074097,-3.1549999713897705,1.4450000524520874
1189,0.19049999117851257,1.1302036046981812,-2.932499885559082,0.9300000071525574
1190,-0.34737497568130493,1.706011176109314,-2.950000047683716,1.181249976158142
1191,0.44099992513656616,1.2428478002548218,-3.021250009536743,1.2712500095367432
1192,0.06549999862909317,1.541802167892456,-2.9749999046325684,1.2387499809265137
1193,-0.5487500429153442,1.8425142765045166,-3.5137500762939453,1.3587499856948853
1194,0.3397499918937683,1.1546992063522339,-2.737499952316284,1.462499976158142
1195,-0.11087498813867569,1.515118956565857,-2.981250047683716,1.1262500286102295
1196,0.4437499940395355,1.1681421995162964,-2.7300000190734863,1.2975000143051147
1197,0.8822499513626099,0.3191540539264679,0.3787499964237213,1.4262499809265137
1198,0.687250018119812,0.3910601735115051,0.036249998956918716,1.2549999952316284
1199,0.6807500123977661,0.518196165561676,-0.4099999964237213,1.309999942779541
1200,0.9157500267028809,0.3722042441368103,-0.10000000149011612,1.225000023841858
1201,0.40049999952316284,1.239809513092041,-2.856250047683716,1.412500023841858
1202,-0.5644999742507935,1.694233775138855,-3.009999990463257,1.2699999809265137
1203,0.9128749966621399,0.41283437609672546,-0.054999999701976776,1.412500023841858
1204,0.4701249599456787,1.3307653665542603,-3.221250057220459,1.5137499570846558
1205,0.3722499907016754,1.2014824151992798,-2.8237500190734863,1.4812500476837158
1206,-0.38975000381469727,1.730913519859314,-3.244999885559082,1.2200000286102295
1207,0.12775005400180817,1.5133360624313354,-2.8712499141693115,1.3899999856948853
1208,0.6088749766349792,1.1701328754425049,-2.867500066757202,1.1924999952316284
1209,0.4883749485015869,0.3380638659000397,0.042500000447034836,1.1449999809265137
1210,0.16874997317790985,1.2688093185424805,-3.0012500286102295,1.3987499475479126
1211,0.8895001411437988,0.22479797899723053,0.48124998807907104,1.2599999904632568
1212,0.7540000081062317,0.5471428036689758,-0.7112500071525574,1.3987499475479126
1213,0.672624945640564,0.76777184009552,-1.3075000047683716,1.4850000143051147
1214,0.5659999847412109,1.196350336074829,-2.971250057220459,1.3450000286102295
1215,0.3435000479221344,1.2038688659667969,-2.8187499046325684,1.2000000476837158
1216,0.627625048160553,0.7383690476417542,-0.7362499833106995,1.4537500143051147
1217,0.5426250100135803,0.5860661864280701,-0.5924999713897705,1.1725000143051147
1218,0.7783749103546143,1.1632003784179688,-2.648750066757202,1.4950000047683716
1219,0.6727499961853027,0.5130658149719238,-0.6787499785423279,1.28125
1220,0.9835001230239868,0.33030611276626587,0.3375000059604645,1.5012500286102295
1221,0.8112499117851257,0.4238082468509674,0.07500000298023224,1.3899999856948853
1222,0.08637493848800659,1.5414178371429443,-2.8499999046325684,1.1262500286102295
1223,0.6307500600814819,0.570095419883728,-0.5249999761581421,1.3524999618530273
1224,0.1446250081062317,1.2267786264419556,-3.047499895095825,1.1549999713897705
1225,0.831250011920929,0.4364684224128723,0.019999999552965164,1.368749976158142
1226,0.6130000352859497,0.6294819712638855,-0.6000000238418579,1.377500057220459
1227,0.09200001507997513,1.5425124168395996,-3.2300000190734863,1.2450000047683716
1228,0.7722499370574951,0.4883965253829956,-0.5074999928474426,1.2662500143051147
1229,0.5322499871253967,0.6309028267860413,-0.7674999833106995,1.308750033378601
1230,0.9145000576972961,0.26640617847442627,0.4650000035762787,1.2625000476837158
1231,0.705875039100647,0.3948765993118286,-0.0012499999720603228,1.1487499475479126
1232,0.9516250491142273,0.29715317487716675,0.42625001072883606,1.4987499713897705
1233,0.44849997758865356,1.2075355052947998,-2.9487500190734863,1.28125
1234,0.4312500059604645,1.2085603475570679,-2.918750047683716,1.2725000381469727
1235,0.4922499656677246,1.1959164142608643,-2.950000047683716,1.4537500143051147
1236,-0.21437497437000275,1.8123970031738281,-2.8499999046325684,1.5137499570846558
1237,0.5727500319480896,1.1773236989974976,-2.8399999141693115,1.3450000286102295
1238,0.7566249966621399,0.5118849873542786,-0.2874999940395355,1.253749966621399
1239,0.9452500343322754,0.29855892062187195,0.20250000059604645,1.1950000524520874
1240,0.5942500233650208,0.6264498829841614,-0.5687500238418579,1.4587500095367432
1241,0.8130000233650208,0.35867470502853394,-0.0012499999720603228,1.2712500095367432
1242,0.6419999599456787,0.49077466130256653,-0.23250000178813934,1.1987500190734863
1243,0.8542500734329224,0.48634034395217896,-0.03999999910593033,1.3274999856948853
1244,0.0059999823570251465,1.1716293096542358,-2.8687500953674316,1.149999976158142
1245,0.46937504410743713,0.9656378030776978,-2.2149999141693115,1.2362500429153442
1246,0.7406250238418579,0.4521947503089905,-0.30000001192092896,1.2975000143051147
1247,0.6422500014305115,0.694622814655304,-0.7037500143051147,1.381250023841858
1248,-0.3002500534057617,1.6741639375686646,-2.880000114440918,1.2912499904632568
1249,0.5561249852180481,0.4151661694049835,-0.2849999964237213,1.1174999475479126
1250,0.21812495589256287,1.1558438539505005,-2.7987499237060547,1.2762500047683716
1251,0.31550002098083496,1.2066303491592407,-2.799999952316284,1.3799999952316284
1252,0.6482499837875366,1.197082757949829,-2.8862500190734863,1.3312499523162842
1253,0.844499945640564,0.23907515406608582,0.48750001192092896,1.149999976158142
1254,1.0488749742507935,0.25380566716194153,0.39250001311302185,1.318750023841858
1255,0.8793749809265137,0.6427775025367737,-0.9887499809265137,1.3250000476837158
1256,0.29725000262260437,1.1503840684890747,-2.75,1.2337499856948853
1257,0.625749945640564,1.290316104888916,-3.1600000858306885,1.4199999570846558
1258,-0.11662499606609344,1.4853343963623047,-2.9124999046325684,1.2400000095367432
1259,1.0048749446868896,0.40262824296951294,0.42124998569488525,1.5549999475479126
1260,0.3773750364780426,1.1211042404174805,-2.7562499046325684,1.2037500143051147
1261,0.7301250100135803,0.5528899431228638,-0.5099999904632568,1.4299999475479126
1262,0.24637499451637268,1.16519033908844,-2.911250114440918,1.2799999713897705
1263,0.429874986410141,1.2840383052825928,-2.838749885559082,1.2862499952316284
1264,0.752500057220459,0.6699766516685486,-0.949999988079071,1.315000057220459
1265,0.3850000500679016,1.2397215366363525,-2.950000047683716,1.371250033378601
1266,0.41475000977516174,1.2001177072525024,-2.8550000190734863,1.4674999713897705
1267,0.09600000083446503,1.579123854637146,-2.940000057220459,1.4950000047683716
1268,0.09674999117851257,1.2439725399017334,-2.9800000190734863,1.153749942779541
1269,0.40187501907348633,1.2879031896591187,-2.8737499713897705,1.5137499570846558
1270,-0.5318750143051147,1.6319676637649536,-2.940000057220459,1.1174999475479126
1271,0.2266250103712082,1.5626705884933472,-2.9124999046325684,1.3362499475479126
1272,0.7253749966621399,0.602645993232727,-0.606249988079071,1.3487499952316284
1273,0.8023750185966492,0.421304315328598,0.05249999836087227,1.3075000047683716
1274,0.009124994277954102,1.6377313137054443,-3.1937499046325684,1.253749966621399
1275,0.21024999022483826,1.5217671394348145,-2.8375000953674316,1.1575000286102295
1276,0.7627500295639038,0.32668352127075195,0.17249999940395355,1.1162500381469727
1277,0.9540001153945923,0.3024652898311615,0.47874999046325684,1.4950000047683716
1278,0.1902499794960022,1.3935083150863647,-3.5562500953674316,1.4325000047683716
1279,0.4196249842643738,1.1456310749053955,-2.6987500190734863,1.431249976158142
1280,0.3726249635219574,1.2082748413085938,-2.8350000381469727,1.183750033378601
1281,0.31099995970726013,1.1715764999389648,-2.817500114440918,1.2937500476837158
1282,0.26112502813339233,1.1776208877563477,-2.961250066757202,1.1675000190734863
1283,0.6736250519752502,0.5277097821235657,-0.3162499964237213,1.1974999904632568
1284,0.8510000109672546,0.33971714973449707,0.16500000655651093,1.3250000476837158
1285,-0.2783749997615814,1.5677769184112549,-3.234999895095825,1.28125
1286,0.5102499723434448,1.1870501041412354,-2.8375000953674316,1.4175000190734863
1287,-0.23475000262260437,1.6206907033920288,-3.7850000858306885,1.2262500524520874
1288,0.4552500247955322,0.7024343013763428,-0.9012500047683716,1.1987500190734863
1289,0.7808749675750732,0.3778458833694458,0.3100000023841858,1.3362499475479126
1290,0.6324999928474426,1.550587773323059,-4.010000228881836,1.3524999618530273
1291,0.4101249575614929,1.1690492630004883,-2.8812499046325684,1.2712500095367432
1292,0.8228750228881836,0.34906572103500366,-0.11999999731779099,1.1074999570846558
1293,0.5837500095367432,0.5689988136291504,-0.5924999713897705,1.403749942779541
1294,0.9806250333786011,0.3329284191131592,0.16500000655651093,1.433750033378601
1295,0.5341249704360962,1.2925441265106201,-3.096250057220459,1.3487499952316284
1296,0.9038749933242798,0.44907286763191223,-0.30000001192092896,1.3350000381469727
1297,0.8701249957084656,0.29030826687812805,0.3112500011920929,1.2725000381469727
1298,0.2581250071525574,1.2283742427825928,-2.8499999046325684,1.2450000047683716
1299,0.8643749952316284,0.40114766359329224,-0.05000000074505806,1.3274999856948853
1300,0.4337500035762787,1.2979249954223633,-2.8187499046325684,1.3587499856948853
1301,0.35749995708465576,1.2000014781951904,-2.8887500762939453,1.3949999809265137
1302,0.5593749284744263,1.2399425506591797,-3.0199999809265137,1.5499999523162842
1303,0.8202499151229858,0.5088285803794861,-0.26124998927116394,1.4900000095367432
1304,0.7622500061988831,0.3318154811859131,0.021250000223517418,1.1299999952316284
1305,0.9046250581741333,0.12358076125383377,0.675000011920929,1.100000023841858
1306,0.9706249237060547,0.400116503238678,0.1550000011920929,1.5
1307,-0.5052499771118164,1.919594168663025,-3.671250104904175,1.3849999904632568
1308,0.9052499532699585,0.6490511894226074,-0.8137500286102295,1.5087499618530273
1309,0.7271249890327454,0.41050389409065247,-0.33375000953674316,1.1362500190734863
1310,0.5307499766349792,1.1249340772628784,-2.674999952316284,1.34375
1311,0.47450000047683716,1.1445461511611938,-2.893749952316284,1.2999999523162842
1312,0.9616249203681946,0.24898922443389893,0.4737499952316284,1.308750033378601
1313,0.7746249437332153,0.45401060581207275,-0.3687500059604645,1.1649999618530273
1314,0.8821250200271606,0.28319883346557617,0.41874998807907104,1.368749976158142
1315,0.3268750011920929,1.1515295505523682,-2.668750047683716,1.5412499904632568
1316,0.9128750562667847,0.2770249843597412,0.47999998927116394,1.341249942779541
1317,0.5802499651908875,1.1890712976455688,-2.961250066757202,1.2987500429153442
1318,0.5857499837875366,1.1365233659744263,-2.7562499046325684,1.2887500524520874
1319,-0.12700001895427704,1.7400431632995605,-4.081250190734863,1.2400000095367432
1320,0.2746250033378601,1.2288089990615845,-2.950000047683716,1.4049999713897705
1321,0.5743750333786011,0.6222914457321167,-0.7099999785423279,1.440000057220459
1322,0.8854999542236328,0.39826586842536926,0.009999999776482582,1.3137500286102295
1323,1.0233750343322754,0.2802627384662628,0.5450000166893005,1.5412499904632568
1324,1.0931249856948853,0.2429591417312622,0.5674999952316284,1.433750033378601
1325,0.40925008058547974,1.2604423761367798,-3.148750066757202,1.2887500524520874
1326,1.0224997997283936,0.3999105393886566,-0.11124999821186066,1.403749942779541
1327,0.606624960899353,1.247451901435852,-2.958750009536743,1.4950000047683716
1328,-0.10150004923343658,1.4576290845870972,-2.950000047683716,1.283750057220459
1329,1.0226250886917114,0.4235757291316986,0.19625000655651093,1.503749966621399
1330,0.4313749372959137,1.1287192106246948,-2.896250009536743,1.222499966621399
1331,-0.06725002825260162,1.8417302370071411,-2.950000047683716,1.2862499952316284
1332,0.7772499918937683,0.4566737115383148,-0.4437499940395355,1.3762500286102295
1333,0.4569999575614929,1.198876142501831,-2.903749942779541,1.1174999475479126
1334,0.781374990940094,0.5142714381217957,-0.26374998688697815,1.28125
1335,0.8704999685287476,0.2329506278038025,0.4449999928474426,1.184999942779541
1336,0.7092499732971191,0.5206543803215027,-0.3512499928474426,1.183750033378601
1337,0.9809999465942383,0.2914665639400482,0.21875,1.243749976158142
1338,0.5957499742507935,1.2040585279464722,-2.8062500953674316,1.4812500476837158
1339,0.7163749933242798,0.4375583529472351,-0.22624999284744263,1.3574999570846558
1340,0.8331249952316284,0.4659423232078552,-0.10999999940395355,1.3612500429153442
1341,0.5982500314712524,0.41259175539016724,-0.19499999284744263,1.2625000476837158
1342,0.5443750023841858,1.171390175819397,-2.8812499046325684,1.2587499618530273
1343,1.0441250801086426,0.28236502408981323,0.2824999988079071,1.375
1344,0.1536249965429306,1.5059391260147095,-2.8375000953674316,1.28125
1345,0.768750011920929,0.6330767869949341,-0.8262500166893005,1.3075000047683716
1346,0.9612500071525574,0.21248088777065277,0.5987499952316284,1.277500033378601
1347,0.8856250047683716,0.34320011734962463,0.2874999940395355,1.34375
1348,0.7137500047683716,1.1944431066513062,-2.8299999237060547,1.4387500286102295
1349,0.25075000524520874,1.5808168649673462,-2.8924999237060547,1.2387499809265137
1350,0.6797500848770142,0.6841897368431091,-0.6974999904632568,1.4987499713897705
1351,0.6734999418258667,0.5724964141845703,-0.5887500047683716,1.340000033378601
1352,0.4571250081062317,1.231998324394226,-2.921250104904175,1.316249966621399
1353,0.8707500696182251,0.30324503779411316,0.2549999952316284,1.3075000047683716
1354,0.6915000081062317,0.6668015718460083,-0.9775000214576721,1.4900000095367432
1355,0.8121249079704285,0.3228738605976105,0.16249999403953552,1.2400000095367432
1356,0.18462498486042023,1.252362608909607,-2.961250066757202,1.412500023841858
1357,0.87562495470047,0.27470964193344116,0.48875001072883606,1.493749976158142
1358,0.2601250112056732,1.5455950498580933,-2.773750066757202,1.4762500524520874
1359,0.5958749651908875,0.7637211680412292,-0.9350000023841858,1.4637500047683716
1360,0.8116251230239868,0.3935086727142334,0.2150000035762787,1.277500033378601
1361,0.7701250314712524,0.4087563157081604,-0.016249999403953552,1.2450000047683716
1362,0.7409999966621399,0.6868737936019897,-1.225000023841858,1.2737499475479126
1363,1.0963749885559082,0.2371816784143448,0.7699999809265137,1.5225000381469727
1364,0.953874945640564,0.2331874519586563,0.5724999904632568,1.3799999952316284
1365,0.8727499842643738,0.48774412274360657,-0.23125000298023224,1.3762500286102295
1366,0.7513750195503235,0.4641236662864685,-0.4112499952316284,1.0924999713897705
1367,0.10962502658367157,1.5132397413253784,-2.9487500190734863,1.1362500190734863
1368,0.9437500238418579,0.30095937848091125,0.36625000834465027,1.2450000047683716
1369,0.6196249723434448,1.2981027364730835,-3.1050000190734863,1.527500033378601
1370,0.4911250174045563,1.1640008687973022,-2.884999990463257,1.309999942779541
1371,0.3686249852180481,1.1571741104125977,-2.768749952316284,1.4537500143051147
1372,0.9006250500679016,0.34079331159591675,0.2199999988079071,1.527500033378601
1373,0.9351249933242798,0.35018718242645264,0.06875000149011612,1.34375
1374,0.9950000047683716,0.325616717338562,0.4399999976158142,1.5499999523162842
1375,0.8574999570846558,0.2239140421152115,0.3449999988079071,1.1174999475479126
1376,0.49025002121925354,1.2207376956939697,-3.0174999237060547,1.2712500095367432
1377,0.6696249842643738,1.2143410444259644,-2.921250104904175,1.3574999570846558
1378,-0.14574997127056122,1.7893515825271606,-3.0737500190734863,1.3387500047683716
1379,0.06562499701976776,1.5990502834320068,-3.3299999237060547,1.1675000190734863
1380,1.0698750019073486,0.11066341400146484,0.9512500166893005,1.2649999856948853
1381,1.0933749675750732,0.1483893245458603,0.7749999761581421,1.243749976158142
1382,0.47812503576278687,1.2053844928741455,-2.9049999713897705,1.25
1383,0.9148750305175781,0.3021441400051117,0.41499999165534973,1.2999999523162842
1384,0.34450000524520874,1.1769407987594604,-2.9574999809265137,1.221250057220459
1385,0.49400004744529724,1.1598268747329712,-2.8187499046325684,1.341249942779541
1386,0.40574997663497925,0.5916909575462341,-0.550000011920929,1.162500023841858
1387,0.5988749861717224,1.2351609468460083,-2.950000047683716,1.5
1388,0.7141250371932983,0.6885513067245483,-0.7287499904632568,1.4537500143051147
1389,0.7842499613761902,0.4880305528640747,-0.36125001311302185,1.2975000143051147
1390,0.8582500219345093,0.5911033153533936,-0.8075000047683716,1.3312499523162842
1391,0.8648750185966492,0.43983960151672363,-0.3499999940395355,1.222499966621399
1392,1.0623748302459717,0.2503531575202942,0.550000011920929,1.4275000095367432
1393,0.6262499690055847,0.7547876834869385,-0.6025000214576721,1.4912500381469727
1394,0.6633749604225159,0.6168832778930664,-0.5199999809265137,1.2925000190734863
1395,0.4633750021457672,0.39658859372138977,-0.14124999940395355,1.090000033378601
1396,0.4266250729560852,1.1317673921585083,-2.7562499046325684,1.4762500524520874
1397,0.9354999661445618,0.21220509707927704,0.6050000190734863,1.2050000429153442
1398,0.3580000400543213,1.0862692594528198,-2.768749952316284,1.253749966621399
1399,0.6582499742507935,1.3145334720611572,-3.1387500762939453,1.3487499952316284
1400,0.5817499756813049,1.1658776998519897,-2.8375000953674316,1.246250033378601
1401,0.8346249461174011,0.5981442928314209,-0.6299999952316284,1.3849999904632568
1402,0.3713749647140503,1.24556565284729,-2.9412500858306885,1.3362499475479126
1403,0.8205000162124634,0.372970849275589,0.0,1.4762500524520874
1404,0.6184999942779541,0.3560669720172882,-0.26249998807907104,1.128749966621399
1405,1.1010000705718994,0.23215554654598236,0.7774999737739563,1.4262499809265137
1406,0.5554999113082886,0.7511758208274841,-0.8450000286102295,1.3312499523162842
1407,0.20150001347064972,1.1701642274856567,-2.8112499713897705,1.4637500047683716
1408,0.4196249842643738,1.1975562572479248,-2.836250066757202,1.3862500190734863
1409,0.3177499771118164,1.298628568649292,-3.103749990463257,1.252500057220459
1410,0.30000001192092896,1.1504321098327637,-2.7100000381469727,1.252500057220459
1411,0.28062501549720764,1.151465654373169,-2.809999942779541,1.190000057220459
1412,0.7415000200271606,0.6083599328994751,-0.7162500023841858,1.4550000429153442
1413,0.47474998235702515,1.2009145021438599,-2.9100000858306885,1.3450000286102295
1414,0.5575000047683716,0.6316278576850891,-0.9424999952316284,1.4850000143051147
1415,0.8289999961853027,0.2826574742794037,0.2874999940395355,1.253749966621399
1416,0.4648749828338623,0.4813059866428375,-0.3362500071525574,1.1662499904632568
1417,0.7386249303817749,0.48892271518707275,-0.5962499976158142,1.1349999904632568
1418,0.4314999580383301,1.206611156463623,-2.8862500190734863,1.1962499618530273
1419,0.3293749690055847,1.1883128881454468,-2.8187499046325684,1.274999976158142
1420,0.8666250109672546,0.46505412459373474,-0.11249999701976776,1.3925000429153442
1421,0.828499972820282,0.621411144733429,-0.5062500238418579,1.3862500190734863
1422,0.6866250038146973,0.40242430567741394,-0.1899999976158142,1.131250023841858
1423,0.9727498888969421,0.3510768413543701,0.08500000089406967,1.3450000286102295
1424,0.296875,1.2469451427459717,-2.8812499046325684,1.434999942779541
1425,0.7078749537467957,0.6577886343002319,-0.9662500023841858,1.5137499570846558
1426,0.3843750059604645,0.7426170110702515,-0.9800000190734863,1.3937499523162842
1427,0.5011249780654907,1.2584275007247925,-2.723750114440918,1.5125000476837158
1428,0.8772500157356262,0.36386802792549133,0.20000000298023224,1.4137500524520874
1429,0.5609999895095825,1.1873257160186768,-2.7874999046325684,1.3650000095367432
1430,0.5889999866485596,0.5180262327194214,-0.29499998688697815,1.3200000524520874
1431,0.8446249961853027,0.22062131762504578,0.48875001072883606,1.1862499713897705
1432,1.0351250171661377,0.39601781964302063,0.1274999976158142,1.4900000095367432
1433,0.7299998998641968,0.6125270128250122,-0.47749999165534973,1.3624999523162842
1434,0.4257499575614929,1.2178804874420166,-2.856250047683716,1.4362499713897705
1435,0.8868749737739563,0.45242756605148315,-0.20499999821186066,1.527500033378601
1436,0.9239999651908875,0.2974804639816284,0.33125001192092896,1.346250057220459
1437,0.5456250309944153,0.6459893584251404,-1.1437499523162842,1.1174999475479126
1438,0.24799999594688416,1.5398374795913696,-2.927500009536743,1.2274999618530273
1439,0.8351250886917114,0.4381133019924164,-0.29249998927116394,1.1875
1440,0.9633749723434448,0.2366432249546051,0.5450000166893005,1.3037500381469727
1441,0.0808749869465828,1.5703620910644531,-3.1962499618530273,1.1687500476837158
1442,0.6513749957084656,0.612529993057251,-0.9375,1.2037500143051147
1443,0.9567499160766602,0.34577006101608276,0.15000000596046448,1.5175000429153442
1444,0.8260000348091125,0.5396543145179749,-0.7287499904632568,1.1712499856948853
1445,0.01412498950958252,1.2596029043197632,-2.950000047683716,1.212499976158142
1446,0.7163749933242798,1.2035801410675049,-2.75,1.5125000476837158
1447,0.7291249632835388,0.6176735758781433,-0.5699999928474426,1.3337500095367432
1448,0.7027499675750732,0.582752525806427,-0.47999998927116394,1.2737499475479126
1449,0.5531250238418579,1.2101930379867554,-2.96875,1.2637499570846558
1450,0.08750000596046448,1.152841329574585,-2.7562499046325684,1.1262500286102295
1451,1.0850000381469727,0.1931620091199875,0.6899999976158142,1.4187500476837158
1452,0.8362500071525574,0.4362199008464813,-0.16374999284744263,1.3025000095367432
1453,1.0028749704360962,0.2683025598526001,0.30375000834465027,1.3624999523162842
1454,0.9587500691413879,0.6266717910766602,-0.8762500286102295,1.4524999856948853
1455,0.4788750112056732,1.2159044742584229,-3.115000009536743,1.1825000047683716
1456,0.690750002861023,0.6394619941711426,-0.48875001072883606,1.4450000524520874
1457,0.8020000457763672,0.3051496744155884,0.16500000655651093,1.1100000143051147
1458,0.9757500886917114,0.2161034345626831,0.6212499737739563,1.2999999523162842
1459,0.8522499799728394,0.23207002878189087,0.3774999976158142,1.2350000143051147
1460,0.8319999575614929,0.6037055253982544,-0.35249999165534973,1.4299999475479126
1461,0.9912500381469727,0.2806788682937622,0.47749999165534973,1.2987500429153442
1462,1.0859999656677246,0.28190910816192627,0.45500001311302185,1.5125000476837158
1463,0.8300000429153442,0.6590644121170044,-1.0199999809265137,1.4275000095367432
1464,0.4788750112056732,1.1297425031661987,-2.8499999046325684,1.1512500047683716
1465,0.5734999775886536,0.6547660827636719,-0.4637500047683716,1.503749966621399
1466,0.8186250925064087,0.3114655315876007,0.11999999731779099,1.221250057220459
1467,1.0261250734329224,0.46046459674835205,-0.06750000268220901,1.5087499618530273
1468,0.809249997138977,0.36899492144584656,-0.16750000417232513,1.184999942779541
1469,0.7774999737739563,0.5209864377975464,-0.5899999737739563,1.2712500095367432
1470,0.7302500009536743,0.5815834403038025,-0.5662500262260437,1.309999942779541
1471,0.621749997138977,1.261197566986084,-3.078749895095825,1.440000057220459
1472,1.0290000438690186,0.19844771921634674,0.7962499856948853,1.5412499904632568
1473,0.6031249761581421,1.1791856288909912,-2.884999990463257,1.2799999713897705
1474,0.4868749976158142,1.209087610244751,-3.038749933242798,1.2625000476837158
1475,1.1442500352859497,0.18492160737514496,0.90625,1.5
1476,0.5528749823570251,0.5759812593460083,-0.5062500238418579,1.4175000190734863
1477,1.0318748950958252,0.2386689931154251,0.6412500143051147,1.4487500190734863
1478,0.9052499532699585,0.37278249859809875,-0.11249999701976776,1.2549999952316284
1479,0.8046250343322754,0.4656229019165039,-0.1599999964237213,1.443750023841858
1480,0.793624997138977,0.5943014025688171,-0.8087499737739563,1.1987500190734863
1481,1.015624761581421,0.2326345294713974,0.7124999761581421,1.372499942779541
1482,0.21150000393390656,0.9072070717811584,-1.3112499713897705,1.3849999904632568
1483,0.968500018119812,0.21411576867103577,0.6587499976158142,1.3125
1484,0.2994999587535858,1.1890802383422852,-2.853749990463257,1.2862499952316284
1485,0.15599998831748962,1.5578842163085938,-2.9375,1.221250057220459
1486,1.0090000629425049,0.21456408500671387,0.5824999809265137,1.368749976158142
1487,0.8238750696182251,0.2034372091293335,0.5362499952316284,1.1675000190734863
1488,0.6396249532699585,1.249757170677185,-3.0712499618530273,1.2699999809265137
1489,0.3372500240802765,0.7559494972229004,-1.1387499570846558,1.1725000143051147
1490,0.9741250276565552,0.16862593591213226,0.75,1.3137500286102295
1491,1.0618751049041748,0.3020949065685272,0.4050000011920929,1.368749976158142
1492,0.8737499117851257,0.37229102849960327,-0.13875000178813934,1.3075000047683716
1493,0.5882499814033508,0.6056283116340637,-0.33125001192092896,1.2450000047683716
1494,0.9926250576972961,0.4320729374885559,0.0062500000931322575,1.4362499713897705
1495,0.7990000247955322,0.4761846363544464,-0.3737500011920929,1.222499966621399
1496,0.7383750081062317,0.2605739235877991,0.18125000596046448,1.1375000476837158
1497,0.5802500247955322,1.2308571338653564,-3.055000066757202,1.283750057220459
1498,0.6565000414848328,0.5989461541175842,-0.7549999952316284,1.216249942779541
1499,0.9729999303817749,0.38252460956573486,0.05000000074505806,1.5362499952316284
1500,0.7580000162124634,0.44985249638557434,-0.4112499952316284,1.283750057220459
1501,0.5417500138282776,0.8511547446250916,-0.9887499809265137,1.3949999809265137
1502,0.856624960899353,0.45130228996276855,-0.20874999463558197,1.3674999475479126
1503,0.765375018119812,0.19789204001426697,0.4399999976158142,1.1449999809265137
1504,0.24712499976158142,1.2123234272003174,-2.6187500953674316,1.408750057220459
1505,0.8022500276565552,0.45870018005371094,-0.05375000089406967,1.3424999713897705
1506,0.8073750734329224,0.5033936500549316,-0.0062500000931322575,1.493749976158142
1507,0.37412500381469727,1.4635001420974731,-3.6962499618530273,1.4487500190734863
1508,0.5885000228881836,0.661959171295166,-1.1974999904632568,1.1150000095367432
1509,0.8142499923706055,0.39976367354393005,-0.1537500023841858,1.1887500286102295
1510,0.7480000257492065,0.4522755742073059,-0.02250000089406967,1.190000057220459
1511,0.8279999494552612,0.21356000006198883,0.46000000834465027,1.2174999713897705
1512,0.908375084400177,0.27201566100120544,0.32749998569488525,1.1299999952316284
1513,0.8869999647140503,0.3163815140724182,0.3499999940395355,1.3174999952316284
1514,0.42125001549720764,1.2107722759246826,-2.903749942779541,1.4262499809265137
1515,0.3022499978542328,1.339156985282898,-3.278749942779541,1.3312499523162842
1516,0.7343749403953552,0.5314691066741943,-0.5,1.222499966621399
1517,0.656499981880188,0.4306400418281555,-0.24375000596046448,1.2549999952316284
1518,0.2798749804496765,1.5645700693130493,-2.8299999237060547,1.4137500524520874
1519,0.8508750200271606,0.454764723777771,-0.07874999940395355,1.4800000190734863
1520,0.8696249723434448,0.40127572417259216,0.07249999791383743,1.4487500190734863
1521,0.8528749346733093,0.3298640847206116,0.20874999463558197,1.2799999713897705
1522,0.9455000162124634,0.21339386701583862,0.7212499976158142,1.5225000381469727
1523,0.6973749995231628,0.6200031042098999,-0.6412500143051147,1.253749966621399
1524,0.8916250467300415,0.3526112735271454,0.24375000596046448,1.4950000047683716
1525,0.7524999380111694,0.5780587196350098,-0.581250011920929,1.3350000381469727
1526,0.45775002241134644,1.2730121612548828,-2.8125,1.368749976158142
1527,0.3036249577999115,1.2036386728286743,-2.961250066757202,1.434999942779541
1528,0.47837501764297485,1.170763611793518,-2.768749952316284,1.4850000143051147
1529,0.796375036239624,0.43845200538635254,-0.2824999988079071,1.2337499856948853
1530,-0.03487497568130493,1.5730338096618652,-3.016249895095825,1.3300000429153442
1531,0.45262497663497925,1.3526551723480225,-3.2612500190734863,1.5137499570846558
1532,0.6161249876022339,0.5032703876495361,-0.14124999940395355,1.4587500095367432
1533,0.1796249896287918,1.4553152322769165,-4.054999828338623,1.3524999618530273
1534,0.6451250314712524,0.5937919616699219,-0.5712500214576721,1.222499966621399
1535,0.8473750352859497,0.347500205039978,0.09000000357627869,1.277500033378601
1536,0.7731249332427979,0.4213123917579651,-0.2162500023841858,1.1487499475479126
1537,0.9559999704360962,0.4371766149997711,-0.24250000715255737,1.4450000524520874
1538,0.7324999570846558,0.7198971509933472,-1.1062500476837158,1.4674999713897705
1539,0.8555000424385071,0.5698865652084351,-0.8075000047683716,1.2549999952316284
1540,0.6296250224113464,0.5690787434577942,-0.7412499785423279,1.1475000381469727
1541,1.0043749809265137,0.23806725442409515,0.42124998569488525,1.375
1542,0.8704999685287476,0.4474707543849945,-0.3137499988079071,1.2887500524520874
1543,0.984000027179718,0.23463323712348938,0.4762499928474426,1.2925000190734863
1544,1.1319999694824219,0.20718365907669067,0.7737500071525574,1.440000057220459
1545,1.0118749141693115,0.2460756003856659,0.6287500262260437,1.3600000143051147
1546,0.6037499308586121,0.44556984305381775,-0.22624999284744263,1.2112499475479126
1547,0.6591249704360962,0.4767691195011139,-0.23250000178813934,1.2074999809265137
1548,0.6516249775886536,0.7551833391189575,-0.7099999785423279,1.3537499904632568
1549,0.5176249742507935,1.1792162656784058,-2.797499895095825,1.3624999523162842
1550,0.7080000042915344,0.6019920706748962,-0.41624999046325684,1.3075000047683716
1551,0.7783750295639038,0.49862274527549744,-0.2224999964237213,1.3899999856948853
1552,0.4949999749660492,1.1093512773513794,-2.7987499237060547,1.1987500190734863
1553,0.4991249442100525,1.1309945583343506,-2.84375,1.1924999952316284
1554,0.8853750228881836,0.4262789487838745,-0.21875,1.371250033378601
1555,0.9231250882148743,0.34158557653427124,0.054999999701976776,1.3899999856948853
1556,0.1823749840259552,1.6043732166290283,-2.96875,1.5362499952316284
1557,0.4638749659061432,1.2199492454528809,-2.911250114440918,1.2825000286102295
1558,0.9809999465942383,0.48560619354248047,-0.3487499952316284,1.4850000143051147
1559,1.1571251153945923,0.12576772272586823,0.9512500166893005,1.4075000286102295
1560,0.927125096321106,0.29301825165748596,0.4437499940395355,1.3962500095367432
1561,-0.11162501573562622,1.4771302938461304,-2.862499952316284,1.440000057220459
1562,0.734375,0.5530074834823608,-0.29124999046325684,1.346250057220459
1563,0.5287500023841858,1.1157586574554443,-2.7437500953674316,1.2262500524520874
1564,0.9722499847412109,0.3428022265434265,0.18125000596046448,1.347499966621399
1565,0.8347499966621399,0.34401118755340576,0.3187499940395355,1.2237499952316284
1566,0.7820000052452087,0.375831663608551,0.09749999642372131,1.3550000190734863
1567,0.9577500224113464,0.22750329971313477,0.6112499833106995,1.253749966621399
1568,0.8171250224113464,0.3824318051338196,0.20000000298023224,1.5087499618530273
1569,0.9135000109672546,0.2737196385860443,0.48875001072883606,1.308750033378601
1570,1.1045000553131104,0.2283933162689209,0.625,1.3825000524520874
1571,0.7826250195503235,0.39213496446609497,0.036249998956918716,1.2637499570846558
1572,0.8297500610351562,0.3409585952758789,0.1887499988079071,1.3337500095367432
1573,0.731999933719635,0.7562995553016663,-0.9362499713897705,1.4950000047683716
1574,0.8066250085830688,0.5461950898170471,-0.09749999642372131,1.4299999475479126
1575,0.1912500113248825,1.5546815395355225,-2.893749952316284,1.2074999809265137
1576,0.6165000200271606,1.4057693481445312,-3.5299999713897705,1.503749966621399
1577,0.8339999914169312,0.4025651216506958,0.01875000074505806,1.2587499618530273
1578,0.8381250500679016,0.4295121729373932,-0.3375000059604645,1.308750033378601
1579,0.653499960899353,1.1603431701660156,-2.786250114440918,1.318750023841858
1580,1.065999984741211,0.22298599779605865,0.6949999928474426,1.440000057220459
1581,0.5638750791549683,0.3624855577945709,-0.03750000149011612,1.0049999952316284
1582,1.0239999294281006,0.2829464375972748,0.6200000047683716,1.434999942779541
1583,0.5987499952316284,1.178834319114685,-2.875,1.2949999570846558
1584,0.4287499785423279,0.6863187551498413,-0.9925000071525574,1.0762499570846558
1585,1.138624906539917,0.22592617571353912,0.6662499904632568,1.3937499523162842
1586,0.6632499694824219,1.2007616758346558,-2.9000000953674316,1.3312499523162842
1587,0.9201250076293945,0.3815930187702179,0.01875000074505806,1.3937499523162842
1588,1.087499976158142,0.2482551634311676,0.699999988079071,1.440000057220459
1589,1.0253750085830688,0.29857736825942993,0.48500001430511475,1.4987499713897705
1590,0.5163750052452087,1.0754387378692627,-2.606250047683716,1.2937500476837158
1591,1.0628750324249268,0.28351646661758423,0.5262500047683716,1.568750023841858
1592,0.3763750195503235,1.1684650182724,-2.9049999713897705,1.2575000524520874
1593,-0.061875008046627045,1.4674917459487915,-2.817500114440918,1.1100000143051147
1594,0.8907499313354492,0.4378584623336792,-0.3112500011920929,1.2699999809265137
1595,0.9946250915527344,0.22176708281040192,0.6399999856948853,1.3524999618530273
1596,1.0149999856948853,0.2325403243303299,0.6762499809265137,1.440000057220459
1597,0.4989999830722809,1.1502952575683594,-2.8575000762939453,1.25
1598,0.8715000152587891,0.253168523311615,0.25,1.1174999475479126
1599,0.8611249923706055,0.23367208242416382,0.5325000286102295,1.246250033378601
1600,0.7038750052452087,0.37744057178497314,-0.10999999940395355,1.1437499523162842
1601,0.6750000715255737,0.5518271327018738,-0.3187499940395355,1.308750033378601
1602,0.9325000047683716,0.33344602584838867,0.29374998807907104,1.3125
1603,0.9562500715255737,0.3539941906929016,0.08124999701976776,1.431249976158142
1604,0.958375096321106,0.1840338408946991,0.6549999713897705,1.215000033378601
1605,0.8203749656677246,0.2518376410007477,0.4625000059604645,1.3137500286102295
1606,0.5237500071525574,0.8203482627868652,-0.9950000047683716,1.4487500190734863
1607,0.9426249265670776,0.33546772599220276,0.23874999582767487,1.3587499856948853
1608,0.6489999890327454,1.1805176734924316,-2.8662500381469727,1.277500033378601
1609,0.8733749389648438,0.42254403233528137,0.19499999284744263,1.278749942779541
1610,0.8043749928474426,0.2363308221101761,0.4312500059604645,1.2587499618530273
1611,0.6515000462532043,0.45575204491615295,-0.53125,1.2887500524520874
1612,0.8137499690055847,0.4149262011051178,-0.019999999552965164,1.3274999856948853
1613,0.9387500882148743,0.202959343791008,0.48249998688697815,1.181249976158142
1614,0.32737499475479126,1.3229576349258423,-3.497499942779541,1.1725000143051147
1615,1.0087499618530273,0.24022254347801208,0.42250001430511475,1.4237500429153442
1616,1.0315001010894775,0.24250826239585876,0.7412499785423279,1.4450000524520874
1617,0.5477501153945923,1.152457594871521,-2.8612499237060547,1.2587499618530273
1618,0.9449998736381531,0.23181957006454468,0.5649999976158142,1.2725000381469727
1619,0.8020000457763672,0.3517839312553406,-0.06624999642372131,1.243749976158142
1620,0.8186249732971191,0.5352594256401062,-0.2800000011920929,1.3825000524520874
1621,0.71812504529953,0.651826798915863,-0.6499999761581421,1.3387500047683716
1622,0.6488750576972961,0.4154784381389618,-0.11249999701976776,1.1637500524520874
1623,0.9478750228881836,0.2857840359210968,0.23125000298023224,1.475000023841858
1624,0.6497499942779541,1.1400043964385986,-2.723750114440918,1.3324999809265137
1625,0.9710000157356262,0.33861103653907776,0.13500000536441803,1.2975000143051147
1626,0.9637500643730164,0.2710183262825012,0.5287500023841858,1.2887500524520874
1627,0.6266250014305115,1.1440911293029785,-2.773750066757202,1.2362500429153442
1628,0.25562500953674316,1.2073520421981812,-2.6937499046325684,1.527500033378601
1629,1.03125,0.3907288908958435,0.20499999821186066,1.527500033378601
1630,0.7711249589920044,0.2645936906337738,0.27250000834465027,1.087499976158142
1631,0.6501250267028809,0.47176840901374817,-0.4137499928474426,1.1325000524520874
1632,0.8265000581741333,0.44656285643577576,-0.0625,1.402500033378601
1633,0.9471250772476196,0.19896769523620605,0.581250011920929,1.3825000524520874
1634,0.8955000042915344,0.31422334909439087,0.17499999701976776,1.4187500476837158
1635,0.9857500195503235,0.2757270038127899,0.5712500214576721,1.4550000429153442
1636,0.9076250195503235,0.27740567922592163,0.42124998569488525,1.350000023841858
1637,0.6093749403953552,0.606321394443512,-0.5687500238418579,1.2074999809265137
1638,0.3992500305175781,1.235714077949524,-2.8187499046325684,1.368749976158142
1639,0.6363750100135803,0.40478795766830444,0.03375000134110451,1.221250057220459
1640,0.8665000796318054,0.5551483035087585,-0.2737500071525574,1.3912500143051147
1641,-0.04512498900294304,1.7887632846832275,-4.070000171661377,1.3200000524520874
1642,0.7203750014305115,0.693816602230072,-1.2112499475479126,1.4950000047683716
1643,1.0439999103546143,0.2546061873435974,0.5824999809265137,1.4049999713897705
1644,0.22499999403953552,1.4423205852508545,-3.859999895095825,1.3362499475479126
1645,0.968000054359436,0.16609221696853638,0.6650000214576721,1.2712500095367432
1646,0.8697500228881836,0.264582097530365,0.4050000011920929,1.1799999475479126
1647,0.5753750205039978,1.4984593391418457,-3.869999885559082,1.4175000190734863
1648,0.6653749346733093,0.5410109162330627,-0.3174999952316284,1.3899999856948853
1649,0.7719999551773071,0.5822489261627197,-0.5724999904632568,1.4225000143051147
1650,0.9002500772476196,0.43840646743774414,-0.29249998927116394,1.4199999570846558
1651,1.012624979019165,0.10331150144338608,0.8125,1.1712499856948853
1652,1.0242500305175781,0.29723843932151794,0.4050000011920929,1.4850000143051147
1653,0.8680000305175781,0.24794796109199524,0.4699999988079071,1.221250057220459
1654,0.8752500414848328,0.46885159611701965,0.04749999940395355,1.53125
1655,0.8186249732971191,0.321157306432724,0.2487500011920929,1.191249966621399
1656,1.0728750228881836,0.36677607893943787,0.32374998927116394,1.4950000047683716
1657,0.8532499074935913,0.43663671612739563,-0.07249999791383743,1.2262500524520874
1658,0.8223749399185181,0.6142511963844299,-0.8637499809265137,1.190000057220459
1659,0.9383749961853027,0.38191500306129456,0.30000001192092896,1.4900000095367432
1660,0.8188750147819519,0.30475321412086487,0.2874999940395355,1.2725000381469727
1661,0.5356249809265137,1.1423500776290894,-2.867500066757202,1.1862499713897705
1662,0.6209999918937683,1.2542086839675903,-2.862499952316284,1.4812500476837158
1663,1.059499979019165,0.2034086138010025,0.8062499761581421,1.399999976158142
1664,0.767750084400177,0.5339815020561218,-0.7012500166893005,1.3125
1665,1.0157499313354492,0.25221842527389526,0.47749999165534973,1.2862499952316284
1666,0.9657500386238098,0.46842026710510254,-0.2562499940395355,1.503749966621399
1667,0.687874972820282,0.4123120605945587,-0.4112499952316284,1.1487499475479126
1668,0.3017500340938568,1.1999130249023438,-2.7674999237060547,1.2400000095367432
1669,0.6898750066757202,0.5877639055252075,-0.625,1.2999999523162842
1670,-0.09649994969367981,1.6011666059494019,-3.5,1.1150000095367432
1671,0.9465000033378601,0.269079327583313,0.5462499856948853,1.4275000095367432
1672,0.9157499074935913,0.3668460249900818,0.19374999403953552,1.2287499904632568
1673,0.5697499513626099,1.1650522947311401,-2.8375000953674316,1.274999976158142
1674,0.7925000190734863,0.646942138671875,-1.0499999523162842,1.4700000286102295
1675,1.0717499256134033,0.3134072721004486,0.18000000715255737,1.4187500476837158
1676,0.8806250691413879,0.343054860830307,0.16625000536441803,1.3075000047683716
1677,0.483875036239624,1.1836892366409302,-2.9512500762939453,1.1725000143051147
1678,0.5770000219345093,1.153272271156311,-2.799999952316284,1.5137499570846558
1679,0.7963749766349792,0.3450382649898529,-0.10625000298023224,1.090000033378601
1680,0.9951249361038208,0.25487464666366577,0.38374999165534973,1.3137500286102295
1681,0.8113749623298645,0.32003048062324524,0.2849999964237213,1.308750033378601
1682,0.6022499799728394,1.1741589307785034,-2.75,1.408750057220459
1683,0.8783749341964722,0.5267559885978699,-0.6675000190734863,1.2649999856948853
1684,0.6173750162124634,0.271299809217453,-0.038750000298023224,0.9637500047683716
1685,0.9257500767707825,0.33147314190864563,0.19875000417232513,1.2599999904632568
1686,0.9307500123977661,0.23048536479473114,0.5262500047683716,1.277500033378601
1687,0.6623749732971191,0.6906863451004028,-0.7574999928474426,1.381250023841858
1688,1.0187499523162842,0.34758180379867554,0.39500001072883606,1.4987499713897705
1689,0.2901249825954437,1.4050415754318237,-3.6424999237060547,1.5549999475479126
1690,0.9172499775886536,0.2307703197002411,0.5799999833106995,1.2400000095367432
1691,0.8209999799728394,0.3879750370979309,-0.014999999664723873,1.4275000095367432
1692,0.7908750772476196,0.39008015394210815,-0.07374999672174454,1.284999966621399
1693,0.8233750462532043,0.3882919251918793,-0.20874999463558197,1.222499966621399
1694,0.48912501335144043,1.257978916168213,-3.197499990463257,1.4850000143051147
1695,0.7460001111030579,0.6425269246101379,-0.8100000023841858,1.5
1696,0.969124972820282,0.3430233597755432,0.4137499928474426,1.412500023841858
1697,0.9733750224113464,0.19648317992687225,0.5674999952316284,1.2975000143051147
1698,0.9995000958442688,0.2914378046989441,0.2750000059604645,1.2737499475479126
1699,0.9459999799728394,0.24249345064163208,0.5987499952316284,1.350000023841858
1700,1.0217499732971191,0.15697155892848969,0.7149999737739563,1.308750033378601
1701,0.8930000066757202,0.4181429147720337,0.20874999463558197,1.5125000476837158
1702,0.9994999170303345,0.21404892206192017,0.6312500238418579,1.308750033378601
1703,0.9639999270439148,0.4539402723312378,-0.26499998569488525,1.4212499856948853
1704,0.762874960899353,0.5971419215202332,-0.6850000023841858,1.4049999713897705
1705,0.7752500772476196,0.48921552300453186,-0.22624999284744263,1.2887500524520874
1706,0.578624963760376,1.1711353063583374,-2.862499952316284,1.4900000095367432
1707,0.5660000443458557,1.3776452541351318,-3.516249895095825,1.2549999952316284
1708,0.9643748998641968,0.40475425124168396,-0.11249999701976776,1.4299999475479126
1709,0.45512494444847107,1.1932134628295898,-2.8375000953674316,1.2799999713897705
1710,0.8527500033378601,0.34540820121765137,0.23125000298023224,1.4850000143051147
1711,0.9544999003410339,0.40826812386512756,0.011250000447034836,1.4049999713897705
1712,0.9811250567436218,0.3403052091598511,0.1587499976158142,1.3312499523162842
1713,0.9542500376701355,0.26234886050224304,0.42875000834465027,1.3262499570846558
1714,0.9363750219345093,0.33845627307891846,0.05000000074505806,1.2412500381469727
1715,0.6211249828338623,1.257236361503601,-3.0662500858306885,1.4262499809265137
1716,0.965999960899353,0.28282660245895386,0.4387499988079071,1.2625000476837158
1717,0.7335000038146973,0.643089234828949,-0.6512500047683716,1.4362499713897705
1718,0.9512499570846558,0.23886841535568237,0.5400000214576721,1.3287500143051147
1719,0.858625054359436,0.3854881227016449,-0.22875000536441803,1.1649999618530273
1720,0.9112499356269836,0.34209784865379333,0.12250000238418579,1.4774999618530273
1721,0.7210000157356262,1.2257615327835083,-2.9124999046325684,1.4950000047683716
1722,1.0792500972747803,0.16821227967739105,0.6537500023841858,1.2762500047683716
1723,0.8928750157356262,0.5200459957122803,-0.012500000186264515,1.5225000381469727
1724,0.9893749952316284,0.2911696434020996,0.2762500047683716,1.3537499904632568
1725,0.2332499921321869,1.5217921733856201,-2.84375,1.100000023841858
1726,0.8650000691413879,0.2200319468975067,0.543749988079071,1.152500033378601
1727,0.9498748779296875,0.19546933472156525,0.5562499761581421,1.184999942779541
1728,-0.21812503039836884,1.726320505142212,-3.0299999713897705,1.222499966621399
1729,0.8211250305175781,0.46438947319984436,-0.3199999928474426,1.2262500524520874
1730,0.7501250505447388,0.6742891073226929,-0.7024999856948853,1.53125
1731,0.8887499570846558,0.4576621651649475,0.07500000298023224,1.503749966621399
1732,1.013874888420105,0.2482365369796753,0.36125001311302185,1.3125
1733,0.8617500066757202,0.3767887353897095,0.13875000178813934,1.2862499952316284
1734,0.6587499976158142,0.5911402702331543,-0.7124999761581421,1.2962499856948853
1735,0.9008749723434448,0.33835679292678833,0.06750000268220901,1.2625000476837158
1736,0.34724998474121094,1.6728990077972412,-3.0512499809265137,1.2575000524520874
1737,0.7807499766349792,0.34374234080314636,0.22499999403953552,1.1174999475479126
1738,0.6834999322891235,1.2238363027572632,-2.911250114440918,1.503749966621399
1739,0.8063750267028809,0.2556611895561218,0.29374998807907104,1.121250033378601
1740,0.8491250276565552,0.44623810052871704,-0.2837499976158142,1.2599999904632568
1741,0.8821250200271606,0.2553545832633972,0.3125,1.2937500476837158
1742,1.1124999523162842,0.1717156171798706,0.8799999952316284,1.5225000381469727
1743,0.9873749613761902,0.2940288186073303,0.4012500047683716,1.4112499952316284
1744,0.21062502264976501,1.0915006399154663,-2.893749952316284,1.100000023841858
1745,0.9552499651908875,0.18860986828804016,0.5975000262260437,1.3212499618530273
1746,0.8957499265670776,0.3145245611667633,0.3162499964237213,1.308750033378601
1747,0.8739999532699585,0.3235302269458771,0.014999999664723873,1.2174999713897705
1748,0.2801249623298645,1.5649993419647217,-2.817500114440918,1.527500033378601
1749,0.5856249928474426,1.1759170293807983,-2.8712499141693115,1.2949999570846558
1750,0.7837499380111694,0.581546425819397,-0.5849999785423279,1.403749942779541
1751,0.953125,0.37055331468582153,0.04125000163912773,1.4299999475479126
1752,1.024375081062317,0.24733279645442963,0.5262500047683716,1.434999942779541
1753,0.9162499308586121,0.35843583941459656,0.2849999964237213,1.4299999475479126
1754,0.6313750147819519,1.1243033409118652,-2.71875,1.2050000429153442
1755,0.7440000176429749,0.5713495016098022,-0.07000000029802322,1.527500033378601
1756,0.8460000157356262,0.5183699727058411,-0.3400000035762787,1.4287500381469727
1757,0.8982499837875366,0.4995439350605011,-0.4650000035762787,1.3387500047683716
1758,0.7250000238418579,0.5046221017837524,-0.625,1.3075000047683716
1759,1.0058749914169312,0.10059207677841187,0.7987499833106995,1.0950000286102295
1760,0.9688751101493835,0.17100295424461365,0.5662500262260437,1.1612499952316284
1761,0.6433750987052917,0.37036383152008057,-0.19374999403953552,1.0812499523162842
1762,0.8063750267028809,0.6527333855628967,-0.8037499785423279,1.5225000381469727
1763,1.0621249675750732,0.11830317229032516,0.856249988079071,1.2450000047683716
1764,0.8639999628067017,0.42670533061027527,-0.21875,1.377500057220459
1765,0.9127500653266907,0.33462050557136536,0.33000001311302185,1.4450000524520874
1766,1.0612499713897705,0.24518169462680817,0.6524999737739563,1.527500033378601
1767,1.0502500534057617,0.2217203974723816,0.6212499737739563,1.28125
1768,0.9614999890327454,0.2581090033054352,0.35749998688697815,1.3300000429153442
1769,0.9125000238418579,0.45414480566978455,-0.33250001072883606,1.4175000190734863
1770,0.8777499198913574,0.24395939707756042,0.38624998927116394,1.1799999475479126
1771,0.9798749685287476,0.3785306215286255,-0.05999999865889549,1.4225000143051147
1772,0.8556249737739563,0.24980318546295166,0.45124998688697815,1.2999999523162842
1773,1.003000020980835,0.2609233558177948,0.6012499928474426,1.4637500047683716
1774,0.6838749647140503,0.45590582489967346,-0.20499999821186066,1.2949999570846558
1775,0.9155000448226929,0.5180296897888184,-0.3725000023841858,1.5225000381469727
1776,0.8027499914169312,0.6569481492042542,-0.5350000262260437,1.4900000095367432
1777,0.9612500071525574,0.2318444848060608,0.5,1.2899999618530273
1778,1.001000165939331,0.28919920325279236,0.4950000047683716,1.5137499570846558
1779,0.7559999823570251,0.32127130031585693,0.32749998569488525,1.243749976158142
1780,1.0591249465942383,0.3419201374053955,0.36625000834465027,1.568750023841858
1781,0.9798749685287476,0.13285855948925018,0.8112499713897705,1.2725000381469727
1782,0.6131250262260437,1.353010892868042,-3.3812499046325684,1.434999942779541
1783,0.8987499475479126,0.22168602049350739,0.574999988079071,1.2087500095367432
1784,0.8809999227523804,0.41457992792129517,-0.17000000178813934,1.4187500476837158
1785,0.9103749394416809,0.2612757384777069,0.36250001192092896,1.277500033378601
1786,0.703000009059906,1.176667332649231,-2.8112499713897705,1.2625000476837158
1787,0.8461250066757202,0.25897541642189026,0.32624998688697815,1.225000023841858
1788,0.8027499914169312,0.585303008556366,-0.793749988079071,1.221250057220459
1789,0.36887499690055847,1.139578104019165,-2.7987499237060547,1.246250033378601
1790,0.9977499842643738,0.1817396730184555,0.6700000166893005,1.2200000286102295
1791,1.0230000019073486,0.13509510457515717,0.7537500262260437,1.2000000476837158
1792,-0.2957499325275421,1.6497013568878174,-2.911250114440918,1.090000033378601
1793,0.8356250524520874,0.4053691327571869,-0.125,1.5137499570846558
1794,0.9205000996589661,0.4941852390766144,-0.3187499940395355,1.443750023841858
1795,0.48737502098083496,1.13096022605896,-2.862499952316284,1.0750000476837158
1796,0.7823749780654907,0.3702560365200043,0.27125000953674316,1.2412500381469727
1797,0.8843749165534973,0.381498783826828,-0.16500000655651093,1.2450000047683716
1798,0.9239999651908875,0.3620772659778595,0.20125000178813934,1.431249976158142
1799,0.7355000972747803,0.5526570081710815,-0.5525000095367432,1.4049999713897705
1800,0.793624997138977,0.4982561767101288,-0.2199999988079071,1.2625000476837158
1801,0.9446249008178711,0.30940064787864685,0.3062500059604645,1.2625000476837158
1802,0.8842500448226929,0.325123131275177,0.3137499988079071,1.253749966621399
1803,0.8551250696182251,0.5776714086532593,-0.5600000023841858,1.5087499618530273
1804,0.6421249508857727,1.1730586290359497,-2.75,1.3224999904632568
1805,1.042875051498413,0.2705931067466736,0.42500001192092896,1.441249966621399
1806,0.7858750224113464,0.4694298803806305,-0.35624998807907104,1.2949999570846558
1807,0.8194999694824219,0.39410826563835144,-0.1899999976158142,1.2412500381469727
1808,1.022625207901001,0.1674957424402237,0.7825000286102295,1.3049999475479126
1809,0.8062499761581421,0.40626537799835205,-0.25,1.1124999523162842
1810,0.9835000038146973,0.2640991806983948,0.45625001192092896,1.278749942779541
1811,0.9312499761581421,0.20546594262123108,0.5262500047683716,1.215000033378601
1812,0.5766249895095825,1.137439250946045,-2.8125,1.1362500190734863
1813,1.0316250324249268,0.27960073947906494,0.5400000214576721,1.4862500429153442
1814,0.7452499866485596,0.26575350761413574,0.22374999523162842,1.0399999618530273
1815,1.0694999694824219,0.23326970636844635,0.6587499976158142,1.5175000429153442
1816,0.7103749513626099,0.7042585611343384,-0.8999999761581421,1.1862499713897705
1817,0.5056250095367432,1.2177331447601318,-2.75,1.4862500429153442
1818,1.0462499856948853,0.17749294638633728,0.7162500023841858,1.316249966621399
1819,0.7538749575614929,1.2141661643981934,-2.8762500286102295,1.2862499952316284
1820,0.8493749499320984,0.44761040806770325,-0.12125000357627869,1.2087500095367432
1821,1.137624979019165,0.3078039288520813,0.4350000023841858,1.527500033378601
1822,0.2824999988079071,1.158371925354004,-2.737499952316284,1.3862500190734863
1823,0.6162500381469727,0.57151198387146,-0.8675000071525574,1.1262500286102295
1824,0.7332500219345093,0.46947750449180603,-0.1599999964237213,1.308750033378601
1825,0.7593749761581421,0.3465459942817688,0.03999999910593033,1.100000023841858
1826,0.15412497520446777,1.5572437047958374,-3.0737500190734863,1.4574999809265137
1827,0.8341249227523804,0.4977063238620758,-0.20000000298023224,1.4850000143051147
1828,0.9848750233650208,0.20390978455543518,0.5112500190734863,1.2912499904632568
1829,0.5852500200271606,1.1791913509368896,-2.862499952316284,1.243749976158142
1830,0.3933750092983246,1.1605677604675293,-2.8812499046325684,1.0487500429153442
1831,0.8556250333786011,0.29728999733924866,0.2874999940395355,1.3137500286102295
1832,1.0379998683929443,0.14884155988693237,0.7649999856948853,1.2274999618530273
1833,0.986250102519989,0.18883855640888214,0.5950000286102295,1.221250057220459
1834,0.27812498807907104,1.1795682907104492,-2.7874999046325684,1.3274999856948853
1835,0.9433749914169312,0.3327536880970001,0.06499999761581421,1.3312499523162842
1836,0.8925000429153442,0.24183155596256256,0.4712499976158142,1.191249966621399
1837,0.6641249656677246,0.7407186031341553,-0.7162500023841858,1.5225000381469727
1838,0.9079999923706055,0.31421539187431335,0.27000001072883606,1.2387499809265137
1839,0.9627499580383301,0.3369828462600708,0.12250000238418579,1.4299999475479126
1840,0.15412500500679016,1.266947627067566,-2.981250047683716,1.3137500286102295
1841,0.9101249575614929,0.38199904561042786,0.23125000298023224,1.283750057220459
1842,0.7158750295639038,0.5398732423782349,-0.3449999988079071,1.4049999713897705
1843,0.5400000810623169,1.1282933950424194,-2.768749952316284,1.190000057220459
1844,0.29874998331069946,1.1680375337600708,-2.9237499237060547,1.1675000190734863
1845,0.9761248826980591,0.2849509119987488,0.3787499964237213,1.368749976158142
1846,1.0274999141693115,0.10852561891078949,0.8500000238418579,1.2450000047683716
1847,0.4281249940395355,1.1009451150894165,-2.7874999046325684,1.128749966621399
1848,0.35575002431869507,1.2941029071807861,-3.3812499046325684,1.3487499952316284
1849,0.5236250162124634,1.2997963428497314,-3.009999990463257,1.3524999618530273
1850,0.7410000562667847,0.6252481341362,-0.8949999809265137,1.2100000381469727
1851,0.8163750767707825,0.6050602793693542,-0.8550000190734863,1.431249976158142
1852,1.0383750200271606,0.3660733699798584,0.1237500011920929,1.3899999856948853
1853,0.30262500047683716,1.1352424621582031,-2.8375000953674316,1.2174999713897705
1854,0.9180000424385071,0.30951839685440063,0.38499999046325684,1.4812500476837158
1855,0.9183750152587891,0.1484345942735672,0.5987499952316284,1.153749942779541
1856,0.9225000143051147,0.428110271692276,0.05624999850988388,1.5137499570846558
1857,0.6211250424385071,1.1850651502609253,-2.858750104904175,1.4812500476837158
1858,0.5591249465942383,1.1511057615280151,-2.791249990463257,1.3487499952316284
1859,0.923750102519989,0.33313754200935364,0.32749998569488525,1.3624999523162842
1860,0.9117499589920044,0.3906777501106262,0.16500000655651093,1.4537500143051147
1861,0.9386250376701355,0.43350765109062195,-0.24500000476837158,1.2575000524520874
1862,1.043874979019165,0.19136959314346313,0.5950000286102295,1.247499942779541
1863,0.8982499241828918,0.3186417818069458,0.1574999988079071,1.1924999952316284
1864,1.0407500267028809,0.34753966331481934,0.21875,1.5262500047683716
1865,0.8306249380111694,0.5401542782783508,-0.6837499737739563,1.246250033378601
1866,0.9323749542236328,0.23798400163650513,0.5874999761581421,1.3624999523162842
1867,0.937749981880188,0.30593493580818176,0.14499999582767487,1.2987500429153442
1868,0.6307500600814819,1.205941915512085,-2.8924999237060547,1.4362499713897705
1869,1.0092499256134033,0.2926987409591675,0.4987500011920929,1.46875
1870,0.45512503385543823,1.2048594951629639,-2.6937499046325684,1.2387499809265137
1871,1.1017500162124634,0.1932535469532013,0.7275000214576721,1.5412499904632568
1872,0.8420000076293945,0.5606238842010498,-0.8062499761581421,1.2050000429153442
1873,0.5352500081062317,1.1678088903427124,-2.8112499713897705,1.308750033378601
1874,0.7882500886917114,0.6335424184799194,-0.8137500286102295,1.4275000095367432
1875,1.1181249618530273,0.24447153508663177,0.6587499976158142,1.527500033378601
1876,1.0158751010894775,0.4109634757041931,-0.0949999988079071,1.46875
1877,0.7437499761581421,1.252324104309082,-2.9987499713897705,1.316249966621399
1878,1.0873749256134033,0.1349785178899765,0.8612499833106995,1.2949999570846558
1879,0.7363750338554382,1.1987853050231934,-2.807499885559082,1.503749966621399
1880,0.8290001153945923,0.4420226216316223,-0.3700000047683716,1.1100000143051147
1881,0.9301250576972961,0.20315977931022644,0.4662500023841858,1.1687500476837158
1882,0.8790000081062317,0.22636309266090393,0.4037500023841858,1.1649999618530273
1883,0.9007499814033508,0.34380874037742615,0.05375000089406967,1.372499942779541
1884,0.5978749394416809,1.2452834844589233,-2.942500114440918,1.4674999713897705
1885,0.38962501287460327,1.3217201232910156,-3.0799999237060547,1.4812500476837158
1886,0.9430001378059387,0.28703179955482483,0.6150000095367432,1.5362499952316284
1887,0.9004999995231628,0.4007813334465027,-0.2212499976158142,1.2912499904632568
1888,0.8236249685287476,0.5083335041999817,-0.06499999761581421,1.4175000190734863
1889,0.9358751177787781,0.1792685091495514,0.5887500047683716,1.1649999618530273
1890,0.765999972820282,0.4502078890800476,-0.28999999165534973,1.2587499618530273
1891,0.8811249732971191,0.2304258495569229,0.5625,1.4262499809265137
1892,1.037750005722046,0.22311417758464813,0.6762499809265137,1.3524999618530273
1893,0.6857500076293945,0.5701691508293152,-0.48500001430511475,1.2912499904632568
1894,1.078874945640564,0.17479225993156433,0.8725000023841858,1.4587500095367432
1895,1.0388751029968262,0.23645852506160736,0.5874999761581421,1.3324999809265137
1896,1.0682499408721924,0.17490284144878387,0.7387499809265137,1.28125
1897,0.40537500381469727,1.2279013395309448,-2.9100000858306885,1.3550000190734863
1898,0.9328750371932983,0.20365263521671295,0.6712499856948853,1.2725000381469727
1899,0.7198750376701355,0.5680216550827026,-0.29499998688697815,1.4887499809265137
1900,0.4880000054836273,1.2181483507156372,-3.0850000381469727,1.152500033378601
1901,0.1821250170469284,1.216736912727356,-3.028749942779541,1.277500033378601
1902,0.7098749876022339,0.5097865462303162,-0.35499998927116394,1.4175000190734863
1903,0.9915000796318054,0.14778447151184082,0.6850000023841858,1.215000033378601
1904,0.7533749938011169,1.2471197843551636,-2.8924999237060547,1.5225000381469727
1905,0.6187499761581421,0.5784615874290466,-0.5562499761581421,1.3250000476837158
1906,1.0283750295639038,0.15438389778137207,0.7200000286102295,1.2699999809265137
1907,1.05649995803833,0.09576794505119324,0.9037500023841858,1.2599999904632568
1908,0.8677500486373901,0.4966348707675934,-0.5350000262260437,1.3075000047683716
1909,1.0726250410079956,0.14300179481506348,0.7674999833106995,1.34375
1910,0.6061250567436218,0.4510042369365692,-0.40625,1.2024999856948853
1911,0.6011250019073486,1.2489039897918701,-3.0999999046325684,1.284999966621399
1912,0.7627500295639038,0.3324153423309326,0.027499999850988388,1.1875
1913,0.49000000953674316,1.3490748405456543,-3.358750104904175,1.3912500143051147
1914,0.9652500152587891,0.24508342146873474,0.5212500095367432,1.2862499952316284
1915,0.9252499341964722,0.4209504723548889,0.16249999403953552,1.434999942779541
1916,0.8949999809265137,0.21038950979709625,0.44999998807907104,1.184999942779541
1917,0.9516249895095825,0.2129656970500946,0.6337500214576721,1.2899999618530273
1918,0.8295000195503235,0.32669711112976074,0.16500000655651093,1.1762499809265137
1919,0.9128749966621399,0.32300594449043274,0.01875000074505806,1.190000057220459
1920,0.9016250371932983,0.303844690322876,0.4337500035762787,1.412500023841858
1921,0.8867500424385071,0.5719059109687805,-0.6812499761581421,1.3762500286102295
1922,1.0315001010894775,0.23017099499702454,0.46875,1.3637499809265137
1923,0.37000003457069397,1.1467400789260864,-2.793750047683716,1.1725000143051147
1924,1.048875093460083,0.2593052387237549,0.3799999952316284,1.3125
1925,0.8506250381469727,0.5436564087867737,-0.5687500238418579,1.4500000476837158
1926,0.7059999704360962,1.2024867534637451,-2.7750000953674316,1.5
1927,1.0489999055862427,0.3199993968009949,0.19374999403953552,1.2949999570846558
1928,0.28562501072883606,1.1469348669052124,-2.859999895095825,1.4537500143051147
1929,-0.273499995470047,1.7972687482833862,-3.359999895095825,1.243749976158142
1930,0.985124945640564,0.2654750943183899,0.48249998688697815,1.4900000095367432
1931,1.0797500610351562,0.15410001575946808,0.8199999928474426,1.3125
1932,0.9817501306533813,0.3865582346916199,-0.026249999180436134,1.318750023841858
1933,0.20537503063678741,1.5223404169082642,-2.8924999237060547,1.308750033378601
1934,1.133000135421753,0.173317089676857,0.8924999833106995,1.440000057220459
1935,0.8073749542236328,0.39128410816192627,0.023749999701976776,1.3075000047683716
1936,1.015125036239624,0.2982456088066101,0.32875001430511475,1.5412499904632568
1937,1.0298750400543213,0.2557222843170166,0.6200000047683716,1.5362499952316284
1938,0.9569999575614929,0.4876116216182709,-0.007499999832361937,1.3600000143051147
1939,0.9987499117851257,0.24797554314136505,0.6050000190734863,1.5137499570846558
1940,0.9717499613761902,0.24275900423526764,0.5450000166893005,1.4049999713897705
1941,0.9362499117851257,0.26979970932006836,0.581250011920929,1.3949999809265137
1942,0.9212499856948853,0.2852734327316284,0.45124998688697815,1.4574999809265137
1943,1.129499912261963,0.14012181758880615,0.9637500047683716,1.4950000047683716
1944,0.9731251001358032,0.3178935647010803,0.10000000149011612,1.3637499809265137
1945,0.797124981880188,0.47254568338394165,-0.38499999046325684,1.3674999475479126
1946,0.6909999847412109,0.5952669382095337,-0.6200000047683716,1.1787500381469727
1947,0.7693750262260437,0.4776727855205536,-0.3137499988079071,1.3075000047683716
1948,0.9751249551773071,0.32210075855255127,0.41999998688697815,1.5225000381469727
1949,0.9323749542236328,0.15491171181201935,0.6474999785423279,1.1449999809265137
1950,0.9422499537467957,0.36641111969947815,0.23250000178813934,1.5175000429153442
1951,1.001750111579895,0.2578299939632416,0.543749988079071,1.5087499618530273
1952,0.8083750009536743,0.42772436141967773,-0.014999999664723873,1.5137499570846558
1953,0.32149994373321533,1.1985114812850952,-3.0250000953674316,1.1487499475479126
1954,0.6941249966621399,1.2816895246505737,-3.047499895095825,1.4487500190734863
1955,1.0401251316070557,0.1831507682800293,0.6675000190734863,1.278749942779541
1956,0.840874969959259,0.33036959171295166,0.17499999701976776,1.1725000143051147
1957,1.091249942779541,0.20573192834854126,0.7099999785423279,1.3075000047683716
1958,0.9445000886917114,0.3382972776889801,0.09000000357627869,1.2599999904632568
1959,0.7678749561309814,0.5937323570251465,-0.7612500190734863,1.3862500190734863
1960,0.9658750295639038,0.37492039799690247,0.1850000023841858,1.3949999809265137
1961,0.909125030040741,0.4034538269042969,-0.14624999463558197,1.5087499618530273
1962,0.9274999499320984,0.43021830916404724,-0.20374999940395355,1.4550000429153442
1963,0.937125027179718,0.24470201134681702,0.3700000047683716,1.1124999523162842
1964,0.5578749775886536,1.2423077821731567,-2.9100000858306885,1.4987499713897705
1965,0.5103750228881836,1.106237530708313,-2.762500047683716,1.2200000286102295
1966,0.565500020980835,0.6047711968421936,-0.90625,1.2862499952316284
1967,0.4996251165866852,1.2739521265029907,-3.293750047683716,1.1725000143051147
1968,0.7864999771118164,0.45360392332077026,-0.36625000834465027,1.2000000476837158
1969,0.971500039100647,0.3204590678215027,0.4925000071525574,1.5137499570846558
1970,0.8859999775886536,0.36030706763267517,0.17000000178813934,1.4450000524520874
1971,0.6193750500679016,0.6305167078971863,-0.875,1.3849999904632568
1972,0.9266250729560852,0.3313278257846832,0.125,1.3362499475479126
1973,0.5605000257492065,0.45242375135421753,-0.6299999952316284,1.0199999809265137
1974,1.034250020980835,0.23318126797676086,0.5649999976158142,1.2762500047683716
1975,0.7231249809265137,0.6894413828849792,-1.0,1.2037500143051147
1976,0.6887500286102295,0.6649069786071777,-0.8487499952316284,1.2825000286102295
1977,0.44700002670288086,1.2686132192611694,-2.963749885559082,1.5137499570846558
1978,0.9786249995231628,0.3317423164844513,0.1537500023841858,1.4587500095367432
1979,0.9494999647140503,0.16168853640556335,0.6662499904632568,1.2899999618530273
1980,0.9799998998641968,0.21566613018512726,0.6524999737739563,1.4175000190734863
1981,0.565750002861023,1.1551672220230103,-2.8375000953674316,1.5175000429153442
1982,0.9768750071525574,0.2208486646413803,0.5037500262260437,1.2637499570846558
1983,0.965874969959259,0.28678280115127563,0.4375,1.403749942779541
1984,1.0318750143051147,0.3783022165298462,0.016249999403953552,1.3324999809265137
1985,0.9487500190734863,0.27828943729400635,0.32374998927116394,1.3300000429153442
1986,1.1167500019073486,0.23338019847869873,0.7049999833106995,1.4862500429153442
1987,1.0083749294281006,0.2507900297641754,0.4399999976158142,1.3799999952316284
1988,1.0613750219345093,0.26102590560913086,0.48750001192092896,1.441249966621399
1989,0.9447500109672546,0.3454669713973999,0.2562499940395355,1.4862500429153442
1990,1.075124979019165,0.21449247002601624,0.6499999761581421,1.34375
1991,1.0089999437332153,0.1583891659975052,0.699999988079071,1.2762500047683716
1992,0.6193749308586121,1.194243311882019,-2.836250066757202,1.4187500476837158
1993,1.0037500858306885,0.3798256516456604,-0.04125000163912773,1.4137500524520874
1994,0.763124942779541,0.3611324429512024,-0.0625,1.100000023841858
1995,0.9096250534057617,0.4627222418785095,-0.09749999642372131,1.4450000524520874
1996,0.8619999885559082,0.6577540636062622,-1.0237499475479126,1.28125
1997,1.0471251010894775,0.25218674540519714,0.606249988079071,1.471250057220459
1998,0.7986249923706055,0.6433550715446472,-0.9537500143051147,1.3937499523162842
1999,0.7467500567436218,0.5320873260498047,-0.4300000071525574,1.4049999713897705
2000,0.7804999947547913,0.42873403429985046,-0.20000000298023224,1.1712499856948853
2001,1.0600000619888306,0.20356202125549316,0.7950000166893005,1.4262499809265137
2002,1.0534999370574951,0.4288220703601837,-0.10374999791383743,1.5137499570846558
2003,0.809749960899353,0.4001217484474182,-0.09749999642372131,1.1649999618530273
2004,0.7985000014305115,0.3638332188129425,-0.10999999940395355,1.2174999713897705
2005,0.9386250376701355,0.24688713252544403,0.3474999964237213,1.2237499952316284
2006,0.9336250424385071,0.33087030053138733,0.23874999582767487,1.3587499856948853
2007,0.860124945640564,0.2725891172885895,0.5262500047683716,1.3587499856948853
2008,1.0390000343322754,0.17291146516799927,0.7762500047683716,1.2575000524520874
2009,0.8840000033378601,0.28047212958335876,0.3174999952316284,1.318750023841858
2010,0.6893750429153442,1.201183557510376,-2.8887500762939453,1.3674999475479126
2011,0.7541249990463257,0.4155072271823883,0.0062500000931322575,1.3862500190734863
2012,0.9604999423027039,0.22459560632705688,0.581250011920929,1.2599999904632568
2013,1.0940001010894775,0.252514123916626,0.6000000238418579,1.4737499952316284
2014,1.0098750591278076,0.12036459892988205,0.7912499904632568,1.2587499618530273
2015,0.890625,0.3161700665950775,0.5274999737739563,1.503749966621399
2016,0.5559999942779541,1.1457617282867432,-2.793750047683716,1.4862500429153442
2017,0.9529999494552612,0.41401398181915283,-0.08874999731779099,1.503749966621399
2018,0.8920000195503235,0.35926365852355957,0.1599999964237213,1.440000057220459
2019,0.9447499513626099,0.38637810945510864,0.2199999988079071,1.4774999618530273
2020,1.0023750066757202,0.15804021060466766,0.7699999809265137,1.252500057220459
2021,1.0591250658035278,0.19734016060829163,0.5674999952316284,1.3212499618530273
2022,1.0069999694824219,0.42312386631965637,-0.15125000476837158,1.472499966621399
2023,0.8589999079704285,0.4841402769088745,0.11625000089406967,1.4362499713897705
2024,0.8217499852180481,0.5344159603118896,-0.5687500238418579,1.2949999570846558
2025,0.9988749623298645,0.3302723467350006,0.23250000178813934,1.3362499475479126
2026,0.9542499780654907,0.29871609807014465,0.39500001072883606,1.503749966621399
2027,0.8512500524520874,0.3026905357837677,0.20999999344348907,1.2699999809265137
2028,0.9380000233650208,0.30641433596611023,0.2487500011920929,1.375
2029,0.9391249418258667,0.28696638345718384,0.4637500047683716,1.53125
2030,0.854749858379364,0.39359432458877563,0.07625000178813934,1.277500033378601
2031,1.0429999828338623,0.3668898642063141,0.3100000023841858,1.2949999570846558
2032,0.7897499799728394,0.385517418384552,0.0625,1.2637499570846558
2033,1.0278748273849487,0.2201157808303833,0.675000011920929,1.3300000429153442
2034,0.734375,0.3586290180683136,0.03375000134110451,1.1349999904632568
2035,0.5942500233650208,1.1417664289474487,-2.700000047683716,1.28125
2036,1.0012500286102295,0.2499687522649765,0.5649999976158142,1.3762500286102295
2037,1.168624997138977,0.15017014741897583,0.9700000286102295,1.4674999713897705
2038,1.0571249723434448,0.25038596987724304,0.5787500143051147,1.4674999713897705
2039,0.8552500605583191,0.2681078314781189,0.2750000059604645,1.1449999809265137
2040,0.6539999842643738,1.1562283039093018,-2.7799999713897705,1.3550000190734863
2041,0.9232500195503235,0.3018335700035095,0.3100000023841858,1.3587499856948853
2042,0.9452500343322754,0.1628417670726776,0.668749988079071,1.2000000476837158
2043,0.3802500069141388,1.1401134729385376,-2.799999952316284,1.2200000286102295
2044,0.9916250109672546,0.5240786671638489,-0.30000001192092896,1.4900000095367432
2045,0.5737499594688416,1.1486366987228394,-2.809999942779541,1.434999942779541
2046,0.9086250066757202,0.4369226396083832,-0.20250000059604645,1.4900000095367432
2047,1.078624963760376,0.2516498565673828,0.7250000238418579,1.4187500476837158
2048,1.0649998188018799,0.2344674915075302,0.45750001072883606,1.381250023841858
2049,0.534000039100647,1.2120811939239502,-3.0512499809265137,1.2925000190734863
2050,0.6185000538825989,1.1518933773040771,-2.8062500953674316,1.2862499952316284
2051,0.812125027179718,0.49567633867263794,-0.41499999165534973,1.431249976158142
2052,0.9190000295639038,0.3054821193218231,0.47749999165534973,1.350000023841858
2053,0.8552500009536743,0.5021540522575378,-0.3499999940395355,1.2599999904632568
2054,1.0063750743865967,0.38826072216033936,0.26374998688697815,1.4587500095367432
2055,0.641499936580658,1.2033801078796387,-2.9237499237060547,1.3300000429153442
2056,1.0696251392364502,0.24462218582630157,0.6362500190734863,1.5225000381469727
2057,0.9441249966621399,0.3729066848754883,0.05000000074505806,1.3137500286102295
2058,0.9305000305175781,0.3056817352771759,0.22624999284744263,1.4424999952316284
2059,0.5217500329017639,1.1882445812225342,-2.836250066757202,1.4900000095367432
2060,0.9736250042915344,0.23944495618343353,0.5674999952316284,1.3624999523162842
2061,0.9878751039505005,0.42176973819732666,-0.042500000447034836,1.4900000095367432
2062,0.7748750448226929,0.44791650772094727,-0.35624998807907104,1.2300000190734863
2063,0.6528750061988831,0.5554221272468567,-0.5824999809265137,1.34375
2064,0.8827500343322754,0.18756480515003204,0.6150000095367432,1.1612499952316284
2065,0.9293749928474426,0.2980484664440155,0.5537499785423279,1.4587500095367432
2066,0.8056249618530273,0.3407006859779358,0.11500000208616257,1.274999976158142
2067,0.8701249957084656,0.4500223696231842,-0.17749999463558197,1.315000057220459
2068,0.29124999046325684,1.2052384614944458,-2.856250047683716,1.1887500286102295
2069,0.922249972820282,0.40566256642341614,-0.05999999865889549,1.3637499809265137
2070,0.9786251187324524,0.13297492265701294,0.731249988079071,1.183750033378601
2071,0.9042500257492065,0.3142680823802948,0.2199999988079071,1.462499976158142
2072,1.0255000591278076,0.25856345891952515,0.6712499856948853,1.4537500143051147
2073,1.130750060081482,0.21725217998027802,0.6899999976158142,1.3987499475479126
2074,0.8819999694824219,0.3107662796974182,0.3787499964237213,1.3450000286102295
2075,0.8297499418258667,0.5179601907730103,-0.3199999928474426,1.4049999713897705
2076,1.0422500371932983,0.2811398506164551,0.32749998569488525,1.4162499904632568
2077,0.9323750734329224,0.38881927728652954,-0.10249999910593033,1.2412500381469727
2078,0.8517500162124634,0.16887237131595612,0.5699999928474426,1.0625
2079,0.9271249771118164,0.37767383456230164,0.06499999761581421,1.503749966621399
2080,0.9003750085830688,0.4153767228126526,0.029999999329447746,1.346250057220459
2081,0.7627499103546143,0.4425641894340515,-0.2524999976158142,1.4299999475479126
2082,1.0336250066757202,0.2036268264055252,0.6575000286102295,1.28125
2083,0.2980000376701355,1.5706183910369873,-2.893749952316284,1.2362500429153442
2084,0.9699999690055847,0.3973211348056793,-0.15625,1.2925000190734863
2085,0.9471250772476196,0.49738597869873047,-0.4350000023841858,1.441249966621399
2086,0.9331250190734863,0.3597548007965088,0.13875000178813934,1.381250023841858
2087,0.921500027179718,0.481243759393692,-0.0637499988079071,1.527500033378601
2088,1.0926250219345093,0.12063948065042496,0.8237500190734863,1.2737499475479126
2089,0.8337499499320984,0.4498867988586426,-0.16500000655651093,1.3637499809265137
2090,0.9164999723434448,0.248024582862854,0.35249999165534973,1.2575000524520874
2091,0.6027500033378601,1.2149969339370728,-2.953749895095825,1.4299999475479126
2092,0.8651250004768372,0.33998504281044006,0.0012499999720603228,1.2699999809265137
2093,0.5092499852180481,1.1728278398513794,-2.8862500190734863,1.3075000047683716
2094,0.5691250562667847,1.105272889137268,-2.700000047683716,1.2975000143051147
2095,1.0502500534057617,0.35527974367141724,0.4074999988079071,1.5412499904632568
2096,0.6114999651908875,1.2089629173278809,-2.875,1.2912499904632568
2097,0.7048749923706055,0.40957769751548767,-0.3050000071525574,1.118749976158142
2098,0.9229999780654907,0.3372769057750702,-0.054999999701976776,1.2100000381469727
2099,0.6643750071525574,0.4802217483520508,-0.5762500166893005,1.1649999618530273
2100,0.9670001268386841,0.1801103800535202,0.6937500238418579,1.3125
2101,0.4196249842643738,1.1666932106018066,-2.9749999046325684,1.2987500429153442
2102,1.0534999370574951,0.1800840049982071,0.6424999833106995,1.3324999809265137
2103,0.9913749694824219,0.35879284143447876,0.0012499999720603228,1.318750023841858
2104,0.9250000715255737,0.2806076109409332,0.30000001192092896,1.2762500047683716
2105,0.925000011920929,0.16193553805351257,0.6962500214576721,1.1487499475479126
2106,0.9123750925064087,0.3591184616088867,0.32875001430511475,1.5137499570846558
2107,0.7175000309944153,0.40603646636009216,0.04874999821186066,1.434999942779541
2108,1.0175000429153442,0.2841770052909851,0.5799999833106995,1.527500033378601
2109,1.031499981880188,0.2263900190591812,0.47749999165534973,1.2825000286102295
2110,0.768750011920929,0.5857428908348083,-0.3400000035762787,1.381250023841858
2111,0.5822499990463257,0.4458288550376892,-0.26374998688697815,1.253749966621399
2112,0.8533749580383301,0.4732256531715393,-0.3112500011920929,1.4800000190734863
2113,0.7329999804496765,0.47366297245025635,-0.0925000011920929,1.5087499618530273
2114,0.8297500610351562,0.45307621359825134,-0.1587499976158142,1.462499976158142
2115,0.9591250419616699,0.2734479010105133,0.4399999976158142,1.2949999570846558
2116,0.8005000352859497,0.4886234700679779,-0.4699999988079071,1.2387499809265137
2117,0.9913749694824219,0.3787146806716919,-0.08624999970197678,1.3262499570846558
2118,1.0271250009536743,0.4310528337955475,-0.15125000476837158,1.4774999618530273
2119,0.8610000610351562,0.3903995752334595,-0.17249999940395355,1.190000057220459
2120,0.3687500059604645,1.215114951133728,-2.9124999046325684,1.3362499475479126
2121,0.7059999704360962,1.1975125074386597,-2.799999952316284,1.5362499952316284
2122,0.9904999732971191,0.24527738988399506,0.5600000023841858,1.34375
2123,0.7363749742507935,0.6580837368965149,-0.7724999785423279,1.3887499570846558
2124,1.0134999752044678,0.3458290994167328,0.30000001192092896,1.4900000095367432
2125,0.7968749403953552,0.6046521067619324,-0.5724999904632568,1.2587499618530273
2126,1.0702500343322754,0.20273582637310028,0.8262500166893005,1.3550000190734863
2127,0.9580000042915344,0.19152042269706726,0.606249988079071,1.308750033378601
2128,1.1166249513626099,0.0722237154841423,0.9712499976158142,1.216249942779541
2129,1.1676249504089355,0.1705995351076126,0.8924999833106995,1.4850000143051147
2130,0.8765000104904175,0.30058160424232483,0.3812499940395355,1.3274999856948853
2131,0.9201250076293945,0.2300139218568802,0.6762499809265137,1.3250000476837158
2132,0.8744999766349792,0.6151496171951294,-0.8500000238418579,1.5087499618530273
2133,1.0379998683929443,0.26002416014671326,0.4300000071525574,1.2862499952316284
2134,1.1531250476837158,0.22090952098369598,0.6700000166893005,1.4862500429153442
2135,1.0442500114440918,0.15086543560028076,0.8037499785423279,1.381250023841858
2136,0.48750001192092896,1.2076352834701538,-2.8350000381469727,1.2337499856948853
2137,0.9919999837875366,0.12689955532550812,0.6775000095367432,1.1799999475479126
2138,0.9084998965263367,0.4501919150352478,-0.09375,1.4212499856948853
2139,0.9637500047683716,0.3787091374397278,0.26249998807907104,1.4387500286102295
2140,1.0742499828338623,0.24014201760292053,0.7637500166893005,1.403749942779541
2141,0.9503750801086426,0.30291810631752014,0.32875001430511475,1.3274999856948853
2142,0.8388749957084656,0.344803124666214,-0.0062500000931322575,1.2200000286102295
2143,0.7463749647140503,0.290426641702652,0.26625001430511475,1.153749942779541
2144,1.092249870300293,0.20811118185520172,0.7049999833106995,1.4487500190734863
2145,0.9893749952316284,0.3752783238887787,0.10750000178813934,1.3949999809265137
2146,0.7867500185966492,0.3105389475822449,-0.05624999850988388,1.059999942779541
2147,0.9247499704360962,0.30193012952804565,0.2487500011920929,1.222499966621399
2148,0.7133750319480896,0.38233211636543274,0.05375000089406967,1.2999999523162842
2149,1.1201250553131104,0.11555767804384232,0.9662500023841858,1.3025000095367432
2150,0.9137500524520874,0.3788564205169678,0.3449999988079071,1.443750023841858
2151,0.8926249742507935,0.2343844622373581,0.5799999833106995,1.3025000095367432
2152,0.9220000505447388,0.3476942777633667,0.30125001072883606,1.2675000429153442
2153,0.9503750801086426,0.21146219968795776,0.5274999737739563,1.2549999952316284
2154,0.950374960899353,0.2829670011997223,0.32499998807907104,1.221250057220459
2155,0.8542500734329224,0.23721441626548767,0.4737499952316284,1.184999942779541
2156,0.6030000448226929,0.550706148147583,-0.5899999737739563,1.0612499713897705
2157,1.058500051498413,0.270434707403183,0.46875,1.3324999809265137
2158,0.9671249389648438,0.45980602502822876,-0.27000001072883606,1.412500023841858
2159,0.9556249380111694,0.18913310766220093,0.7099999785423279,1.3250000476837158
2160,0.9539999961853027,0.17740385234355927,0.6912500262260437,1.318750023841858
2161,1.0921249389648438,0.2114991545677185,0.8487499952316284,1.527500033378601
2162,0.027125012129545212,1.623293399810791,-3.1624999046325684,1.527500033378601
2163,0.9927499890327454,0.34951475262641907,0.10999999940395355,1.2999999523162842
2164,0.9737499952316284,0.36403724551200867,0.16249999403953552,1.2987500429153442
2165,0.8822500109672546,0.32735055685043335,0.36000001430511475,1.256250023841858
2166,0.8033749461174011,0.41423651576042175,-0.07249999791383743,1.162500023841858
2167,0.7505000233650208,1.2319837808609009,-2.916249990463257,1.381250023841858
2168,1.1392500400543213,0.2833483815193176,0.5787500143051147,1.5175000429153442
2169,0.9438749551773071,0.5047568678855896,-0.5287500023841858,1.346250057220459
2170,1.0194998979568481,0.2129262089729309,0.5849999785423279,1.2625000476837158
2171,0.6668749451637268,1.1894537210464478,-2.8375000953674316,1.5137499570846558
2172,1.027250051498413,0.29072365164756775,0.4699999988079071,1.2949999570846558
2173,0.8498749732971191,0.5380617380142212,-0.5699999928474426,1.3912500143051147
2174,1.0706249475479126,0.12879642844200134,0.8362500071525574,1.215000033378601
2175,0.6355000138282776,0.6440256834030151,-0.6637499928474426,1.3174999952316284
2176,1.0833749771118164,0.14832401275634766,0.8650000095367432,1.368749976158142
2177,0.997249960899353,0.33254456520080566,0.14000000059604645,1.252500057220459
2178,0.5958750247955322,0.28523510694503784,0.12250000238418579,0.9524999856948853
2179,1.1379998922348022,0.2534778118133545,0.7462499737739563,1.5412499904632568
2180,0.5418750047683716,1.2076395750045776,-2.9462499618530273,1.4299999475479126
2181,0.4151250422000885,1.2774702310562134,-3.0062499046325684,1.3825000524520874
2182,0.8113749623298645,0.5398473143577576,-0.625,1.28125
2183,0.718500018119812,0.44312378764152527,-0.3812499940395355,1.2087500095367432
2184,0.8388749957084656,0.3651692271232605,0.20749999582767487,1.3637499809265137
2185,1.0302499532699585,0.2016678899526596,0.675000011920929,1.4175000190734863
2186,0.5083749294281006,1.1555465459823608,-2.862499952316284,1.2324999570846558
2187,0.995374858379364,0.28091204166412354,0.48750001192092896,1.3674999475479126
2188,0.5683749318122864,1.1320170164108276,-2.7750000953674316,1.2362500429153442
2189,0.7228749990463257,1.219280481338501,-2.8862500190734863,1.4175000190734863
2190,0.5448750257492065,1.3715739250183105,-3.2750000953674316,1.5087499618530273
2191,0.7082500457763672,1.2108712196350098,-2.8924999237060547,1.3274999856948853
2192,1.0706249475479126,0.3095759451389313,0.5024999976158142,1.4387500286102295
2193,0.8311249613761902,0.46215641498565674,0.09125000238418579,1.3262499570846558
2194,0.8633750081062317,0.42090120911598206,-0.13500000536441803,1.4574999809265137
2195,1.0918750762939453,0.3016212582588196,0.3125,1.4175000190734863
2196,0.9315000772476196,0.33908137679100037,0.2462500035762787,1.2575000524520874
2197,0.831250011920929,0.45618218183517456,-0.45249998569488525,1.2037500143051147
2198,0.7958749532699585,0.3514043390750885,0.05249999836087227,1.2200000286102295
2199,1.1110000610351562,0.17924128472805023,0.7875000238418579,1.377500057220459
2200,1.0149999856948853,0.15353237092494965,0.7674999833106995,1.3174999952316284
2201,0.6342499852180481,1.1916844844818115,-2.817500114440918,1.4762500524520874
2202,0.9767500758171082,0.20447662472724915,0.6499999761581421,1.3849999904632568
2203,0.9882499575614929,0.2888166606426239,0.5037500262260437,1.3600000143051147
2204,1.0047500133514404,0.194651797413826,0.6399999856948853,1.3562500476837158
2205,0.7813750505447388,0.35176005959510803,-0.10000000149011612,1.1124999523162842
2206,0.8964999914169312,0.2997857630252838,0.38374999165534973,1.2487499713897705
2207,0.996874988079071,0.1707458347082138,0.7587500214576721,1.2762500047683716
2208,1.0547500848770142,0.19684608280658722,0.731249988079071,1.34375
2209,0.956000030040741,0.3345177471637726,0.27000001072883606,1.34375
2210,0.7597499489784241,0.6775169968605042,-0.8999999761581421,1.350000023841858
2211,1.0301249027252197,0.13443800806999207,0.8612499833106995,1.278749942779541
2212,1.0911251306533813,0.18291771411895752,0.831250011920929,1.5175000429153442
2213,0.9828749895095825,0.15822063386440277,0.7549999952316284,1.350000023841858
2214,0.875,0.4147600829601288,-0.014999999664723873,1.3624999523162842
2215,1.0189999341964722,0.2782820165157318,0.3162499964237213,1.3125
2216,0.8546250462532043,0.3449370563030243,0.2800000011920929,1.3862500190734863
2217,1.2052500247955322,0.2589370012283325,0.7200000286102295,1.527500033378601
2218,0.6622499823570251,1.1953505277633667,-2.856250047683716,1.371250033378601
2219,1.0452500581741333,0.11474944651126862,0.8487499952316284,1.1862499713897705
2220,0.9448749423027039,0.17629826068878174,0.6412500143051147,1.159999966621399
2221,0.497499942779541,1.1572085618972778,-2.875,1.2387499809265137
2222,0.5910000205039978,1.181319236755371,-2.8375000953674316,1.5412499904632568
2223,0.9749999046325684,0.3033345937728882,0.48875001072883606,1.4987499713897705
2224,0.8989999890327454,0.33915048837661743,0.04874999821186066,1.225000023841858
2225,1.0128750801086426,0.30588653683662415,0.4000000059604645,1.3450000286102295
2226,0.9261249303817749,0.2518056333065033,0.4399999976158142,1.3937499523162842
2227,0.5688750147819519,1.1979979276657104,-2.987499952316284,1.225000023841858
2228,0.9918749928474426,0.4620042145252228,-0.13375000655651093,1.53125
2229,0.5651249885559082,1.1819367408752441,-2.9049999713897705,1.2699999809265137
2230,0.9258750081062317,0.5348553657531738,-0.5862500071525574,1.3075000047683716
2231,0.5642499923706055,1.1866455078125,-2.8499999046325684,1.368749976158142
2232,0.5063750147819519,0.8136565685272217,-1.0987499952316284,1.3487499952316284
2233,1.0087499618530273,0.209060400724411,0.6337500214576721,1.2549999952316284
2234,0.8961250185966492,0.44472476840019226,-0.35499998927116394,1.252500057220459
2235,1.0228750705718994,0.15740379691123962,0.7099999785423279,1.277500033378601
2236,1.0150001049041748,0.1661757230758667,0.8412500023841858,1.3887499570846558
2237,0.9886249303817749,0.26076656579971313,0.606249988079071,1.341249942779541
2238,0.9931249618530273,0.3004508316516876,0.26499998569488525,1.3125
2239,1.0744999647140503,0.1982889175415039,0.7599999904632568,1.3574999570846558
2240,1.0297499895095825,0.18520578742027283,0.7412499785423279,1.3075000047683716
2241,1.0143749713897705,0.2042388767004013,0.7749999761581421,1.4800000190734863
2242,0.8420000076293945,0.5396779179573059,-0.32875001430511475,1.4450000524520874
2243,1.015125036239624,0.35252144932746887,0.32499998807907104,1.5362499952316284
2244,1.019624948501587,0.3478977084159851,0.15125000476837158,1.3300000429153442
2245,1.0392500162124634,0.12712715566158295,0.856249988079071,1.2762500047683716
2246,0.5789999961853027,1.1574985980987549,-2.8125,1.462499976158142
2247,1.1063750982284546,0.21515797078609467,0.6200000047683716,1.4537500143051147
2248,0.9128749966621399,0.35322973132133484,0.0925000011920929,1.2637499570846558
2249,1.0111249685287476,0.24428047239780426,0.45875000953674316,1.3125
2250,1.004249930381775,0.3282915949821472,0.05375000089406967,1.2587499618530273
2251,0.6303750276565552,1.1953835487365723,-2.8187499046325684,1.4299999475479126
2252,1.0878751277923584,0.23495614528656006,0.5199999809265137,1.4175000190734863
2253,1.1606251001358032,0.1674032062292099,0.8687499761581421,1.3862500190734863
2254,0.7863750457763672,0.4674720764160156,-0.2787500023841858,1.4674999713897705
2255,0.8416250348091125,0.2412448525428772,0.3799999952316284,1.2087500095367432
2256,0.9479999542236328,0.21830254793167114,0.6399999856948853,1.2274999618530273
2257,0.5337499976158142,1.2044442892074585,-2.848750114440918,1.408750057220459
2258,0.5717500448226929,1.3515379428863525,-3.4437499046325684,1.3524999618530273
2259,0.9919999837875366,0.25277596712112427,0.5849999785423279,1.5087499618530273
2260,0.8781250715255737,0.28829413652420044,0.3100000023841858,1.2587499618530273
2261,0.4143750071525574,1.1554361581802368,-2.8812499046325684,1.3125
2262,0.9698749780654907,0.3458203077316284,0.11249999701976776,1.3025000095367432
2263,0.8573750257492065,0.3136630654335022,0.26875001192092896,1.308750033378601
2264,0.9526249766349792,0.39747029542922974,0.14499999582767487,1.34375
2265,0.5395000576972961,1.2526874542236328,-2.994999885559082,1.4774999618530273
2266,0.8640000224113464,0.5594285130500793,-0.7099999785423279,1.2450000047683716
2267,0.8553749918937683,0.32434311509132385,0.06624999642372131,1.215000033378601
2268,1.0991250276565552,0.21657855808734894,0.7887499928474426,1.3862500190734863
2269,0.7802499532699585,0.3329990804195404,0.0925000011920929,1.2412500381469727
2270,0.8716250658035278,0.3207091987133026,0.028750000521540642,1.2412500381469727
2271,0.9771250486373901,0.3520547151565552,0.29499998688697815,1.377500057220459
2272,0.8326250314712524,0.19718046486377716,0.42500001192092896,1.0824999809265137
2273,0.9667499661445618,0.3751046359539032,0.13625000417232513,1.441249966621399
2274,0.7958749532699585,0.45040467381477356,-0.4112499952316284,1.1712499856948853
2275,1.0548750162124634,0.16839727759361267,0.7699999809265137,1.3862500190734863
2276,0.9754999876022339,0.20467214286327362,0.6312500238418579,1.3700000047683716
2277,0.9587499499320984,0.2568955421447754,0.41749998927116394,1.350000023841858
2278,0.6178749799728394,1.1865959167480469,-2.903749942779541,1.368749976158142
2279,1.0288749933242798,0.2587544918060303,0.5099999904632568,1.472499966621399
2280,0.8704999685287476,0.5184628963470459,-0.41499999165534973,1.4950000047683716
2281,0.6911250948905945,1.1659640073776245,-2.7300000190734863,1.4387500286102295
2282,1.0720000267028809,0.18505506217479706,0.7387499809265137,1.256250023841858
2283,1.0538750886917114,0.14803341031074524,0.8600000143051147,1.350000023841858
2284,1.083625078201294,0.2834775447845459,0.6949999928474426,1.412500023841858
2285,0.983375072479248,0.2806377112865448,0.2762500047683716,1.3312499523162842
2286,1.0207499265670776,0.4253411293029785,-0.1850000023841858,1.3137500286102295
2287,0.7776250243186951,0.6284756660461426,-0.8299999833106995,1.274999976158142
2288,1.077125072479248,0.27616575360298157,0.5,1.5362499952316284
2289,1.019874930381775,0.25326210260391235,0.6200000047683716,1.431249976158142
2290,1.074375033378601,0.2542066276073456,0.32374998927116394,1.2174999713897705
2291,0.5261249542236328,1.1860601902008057,-2.75,1.34375
2292,0.8684999346733093,0.29370149970054626,0.4012500047683716,1.3637499809265137
2293,1.1010000705718994,0.18000417947769165,0.8037499785423279,1.4550000429153442
2294,0.9350000619888306,0.44371092319488525,-0.3137499988079071,1.3262499570846558
2295,0.9833749532699585,0.21396994590759277,0.675000011920929,1.375
2296,0.5868749618530273,1.1419677734375,-2.7874999046325684,1.2074999809265137
2297,0.8543750047683716,0.35647374391555786,0.2537499964237213,1.316249966621399
2298,0.6176250576972961,1.192575216293335,-2.8299999237060547,1.4487500190734863
2299,0.8797499537467957,0.3524351716041565,0.16750000417232513,1.3537499904632568
2300,1.0068750381469727,0.18926770985126495,0.5662500262260437,1.2324999570846558
2301,1.037000060081482,0.20289099216461182,0.6700000166893005,1.274999976158142
2302,0.9042499661445618,0.2239065170288086,0.5249999761581421,1.315000057220459
2303,0.9711249470710754,0.4620661437511444,-0.33000001311302185,1.3825000524520874
2304,0.9748749732971191,0.2379859834909439,0.36375001072883606,1.3112499713897705
2305,1.0412498712539673,0.2247985303401947,0.5274999737739563,1.4950000047683716
2306,0.8963750600814819,0.22103410959243774,0.6349999904632568,1.2549999952316284
2307,0.8636249303817749,0.17677265405654907,0.5862500071525574,1.1437499523162842
2308,1.0313750505447388,0.15658310055732727,0.8537499904632568,1.381250023841858
2309,0.8520000576972961,0.3756332993507385,0.17749999463558197,1.4837499856948853
2310,0.9627499580383301,0.23824279010295868,0.550000011920929,1.277500033378601
2311,0.9771249890327454,0.3257937729358673,0.12999999523162842,1.346250057220459
2312,1.0287501811981201,0.24381473660469055,0.6587499976158142,1.4674999713897705
2313,0.8379999995231628,0.28274279832839966,0.3462499976158142,1.2625000476837158
2314,0.6941249966621399,1.2115074396133423,-2.84375,1.5087499618530273
2315,0.9096249341964722,0.20859578251838684,0.543749988079071,1.274999976158142
2316,1.1141250133514404,0.197054922580719,0.7737500071525574,1.3862500190734863
2317,0.8571249842643738,0.35722631216049194,0.23874999582767487,1.3174999952316284
2318,1.1317498683929443,0.09784425795078278,0.9900000095367432,1.3274999856948853
2319,1.055999994277954,0.16510584950447083,0.7549999952316284,1.375
2320,1.0068750381469727,0.18458928167819977,0.7162500023841858,1.3224999904632568
2321,0.9798749685287476,0.44803088903427124,-0.06499999761581421,1.318750023841858
2322,1.1008751392364502,0.2681563198566437,0.5400000214576721,1.5087499618530273
2323,0.5168749690055847,1.234179973602295,-2.867500066757202,1.4850000143051147
2324,0.8702499270439148,0.39222073554992676,-0.14124999940395355,1.2400000095367432
2325,1.065000057220459,0.28721943497657776,0.5849999785423279,1.5087499618530273
2326,0.9813750386238098,0.312955379486084,0.20499999821186066,1.3262499570846558
2327,0.7319999933242798,0.456127792596817,-0.20499999821186066,1.3324999809265137
2328,0.1341250091791153,1.5221433639526367,-2.7874999046325684,1.3300000429153442
2329,0.9812501072883606,0.35151371359825134,0.32124999165534973,1.4187500476837158
2330,1.0654999017715454,0.20125170052051544,0.7262499928474426,1.4674999713897705
2331,1.0838749408721924,0.1758829951286316,0.8962500095367432,1.4574999809265137
2332,1.0666249990463257,0.19980855286121368,0.7799999713897705,1.443750023841858
2333,0.9511250257492065,0.3305589258670807,0.2549999952316284,1.4387500286102295
2334,1.0845000743865967,0.13652287423610687,0.8374999761581421,1.2637499570846558
2335,0.9252500534057617,0.35349535942077637,0.04749999940395355,1.3174999952316284
2336,0.2015000283718109,1.5221515893936157,-2.8737499713897705,1.246250033378601
2337,0.9986249804496765,0.31125274300575256,0.3412500023841858,1.4862500429153442
2338,0.8282500505447388,0.521994411945343,-0.3137499988079071,1.3212499618530273
2339,0.893500030040741,0.3672681152820587,-0.0024999999441206455,1.1887500286102295
2340,0.9118749499320984,0.27699801325798035,0.26124998927116394,1.274999976158142
2341,1.0589998960494995,0.24857833981513977,0.6200000047683716,1.4225000143051147
2342,0.9521249532699585,0.3287970721721649,0.05874999985098839,1.3487499952316284
2343,0.6951249837875366,1.1416726112365723,-2.706249952316284,1.216249942779541
2344,0.8548749685287476,0.24107016623020172,0.36125001311302185,1.191249966621399
2345,0.9638749957084656,0.2185073345899582,0.44749999046325684,1.2400000095367432
2346,1.0725001096725464,0.21487931907176971,0.6850000023841858,1.3224999904632568
2347,1.1030000448226929,0.15830370783805847,0.731249988079071,1.28125
2348,0.37087497115135193,1.3528459072113037,-3.4625000953674316,1.3312499523162842
2349,0.172124981880188,1.4945460557937622,-2.875,1.2037500143051147
2350,0.9977499842643738,0.25498396158218384,0.38499999046325684,1.3274999856948853
2351,1.0109999179840088,0.15427127480506897,0.6887500286102295,1.2024999856948853
2352,1.0573749542236328,0.22605270147323608,0.5975000262260437,1.3387500047683716
2353,1.0635000467300415,0.21612843871116638,0.7450000047683716,1.5
2354,1.1482501029968262,0.14163576066493988,0.9700000286102295,1.4500000476837158
2355,0.7013750076293945,0.45029693841934204,-0.25999999046325684,1.472499966621399
2356,0.937250018119812,0.36195123195648193,0.004999999888241291,1.215000033378601
2357,0.9785000085830688,0.2369498908519745,0.4350000023841858,1.3324999809265137
2358,0.6161249876022339,1.1829653978347778,-2.84375,1.2450000047683716
2359,0.6783749461174011,1.2204574346542358,-2.950000047683716,1.3287500143051147
2360,0.5578749775886536,1.1563836336135864,-2.8162500858306885,1.2912499904632568
2361,0.7072499990463257,0.7241924405097961,-1.1050000190734863,1.4375
2362,0.905875027179718,0.2264067530632019,0.4449999928474426,1.1862499713897705
2363,0.9752499461174011,0.3909434974193573,0.19374999403953552,1.5137499570846558
2364,1.043874979019165,0.16176415979862213,0.7787500023841858,1.2362500429153442
2365,0.9521249532699585,0.3591426610946655,-0.05375000089406967,1.1962499618530273
2366,1.113374948501587,0.18829086422920227,0.8237500190734863,1.4950000047683716
2367,1.0612499713897705,0.18374402821063995,0.7512500286102295,1.3674999475479126
2368,0.9100000262260437,0.4817526638507843,-0.44999998807907104,1.431249976158142
2369,0.7148749828338623,1.2132456302642822,-2.8550000190734863,1.3637499809265137
2370,1.1067500114440918,0.23149865865707397,0.7475000023841858,1.4900000095367432
2371,0.8628749847412109,0.49357372522354126,-0.45875000953674316,1.3587499856948853
2372,1.0393750667572021,0.25127625465393066,0.45500001311302185,1.4075000286102295
2373,0.6889999508857727,1.187248706817627,-2.831249952316284,1.434999942779541
2374,0.9000000953674316,0.2509843111038208,0.48500001430511475,1.2262500524520874
2375,1.0913748741149902,0.3473486602306366,0.4762499928474426,1.5225000381469727
2376,0.963499903678894,0.476436585187912,-0.26249998807907104,1.3987499475479126
2377,0.9932500123977661,0.56820148229599,-0.5412499904632568,1.5175000429153442
2378,0.9688749313354492,0.2600754201412201,0.6150000095367432,1.5225000381469727
2379,0.9927498698234558,0.3121231496334076,0.4962500035762787,1.4587500095367432
2380,0.9942499995231628,0.25474265217781067,0.5299999713897705,1.4225000143051147
2381,0.9589999914169312,0.31778866052627563,0.09749999642372131,1.283750057220459
2382,0.9861249923706055,0.17725726962089539,0.6912500262260437,1.350000023841858
2383,0.9015001058578491,0.2406948208808899,0.5074999928474426,1.1662499904632568
2384,0.9909999966621399,0.2691478431224823,0.4925000071525574,1.3137500286102295
2385,0.9933750033378601,0.22566087543964386,0.6200000047683716,1.3825000524520874
2386,0.9514999389648438,0.24194252490997314,0.44624999165534973,1.2962499856948853
2387,1.0452500581741333,0.17092925310134888,0.7149999737739563,1.309999942779541
2388,0.8862498998641968,0.2831988036632538,0.5099999904632568,1.527500033378601
2389,0.8220000267028809,0.20900298655033112,0.5274999737739563,1.225000023841858
2390,1.1074999570846558,0.18923364579677582,0.6600000262260437,1.350000023841858
2391,0.7161250114440918,0.5008864998817444,-0.5899999737739563,1.2949999570846558
2392,0.9591250419616699,0.14396728575229645,0.6299999952316284,1.1074999570846558
2393,0.9481250047683716,0.2751733958721161,0.27000001072883606,1.350000023841858
2394,0.9831250309944153,0.40302109718322754,0.3050000071525574,1.493749976158142
2395,0.7699999809265137,0.4659864902496338,-0.20999999344348907,1.216249942779541
2396,1.0408748388290405,0.32376110553741455,0.5112500190734863,1.5549999475479126
2397,0.9678748846054077,0.3512713611125946,0.3762499988079071,1.4500000476837158
2398,1.02524995803833,0.2998931109905243,0.38999998569488525,1.472499966621399
2399,0.9699999690055847,0.369326651096344,0.20125000178813934,1.3137500286102295
2400,0.9921250343322754,0.30900904536247253,0.2462500035762787,1.4375
2401,1.0257500410079956,0.1780100017786026,0.8174999952316284,1.350000023841858
2402,0.6985000371932983,0.5514190793037415,-0.59375,1.34375
2403,0.9105000495910645,0.4035913646221161,-0.1287499964237213,1.3049999475479126
2404,0.935749888420105,0.18602688610553741,0.6012499928474426,1.2649999856948853
2405,0.9867500066757202,0.2876473665237427,0.49000000953674316,1.4175000190734863
2406,0.9888749122619629,0.15474015474319458,0.7712500095367432,1.2725000381469727
2407,0.7829999327659607,0.45832207798957825,-0.06750000268220901,1.2899999618530273
2408,0.9388750195503235,0.280290812253952,0.4025000035762787,1.2587499618530273
2409,1.0422499179840088,0.22506235539913177,0.6549999713897705,1.3125
2410,0.9663750529289246,0.21651242673397064,0.6712499856948853,1.434999942779541
2411,0.9817500114440918,0.25126567482948303,0.5787500143051147,1.2662500143051147
2412,1.0803749561309814,0.3138476312160492,0.3050000071525574,1.472499966621399
2413,0.9879999160766602,0.26332738995552063,0.36250001192092896,1.3362499475479126
2414,1.0386250019073486,0.2925734221935272,0.35749998688697815,1.4812500476837158
2415,0.703874945640564,0.48167234659194946,-0.1599999964237213,1.4049999713897705
2416,0.8891249895095825,0.394427627325058,2.220446049250313e-16,1.3487499952316284
2417,0.8855000734329224,0.2935228943824768,0.2537499964237213,1.3537499904632568
2418,1.0546250343322754,0.1876266747713089,0.7699999809265137,1.315000057220459
2419,0.766124963760376,0.3171639144420624,0.26374998688697815,1.253749966621399
2420,0.8939999341964722,0.45306485891342163,-0.26875001192092896,1.5087499618530273
2421,1.121999979019165,0.21194060146808624,0.7649999856948853,1.4912500381469727
2422,0.8703749775886536,0.3710833191871643,-0.1574999988079071,1.2412500381469727
2423,0.9620000123977661,0.3801780641078949,0.02500000037252903,1.3550000190734863
2424,0.7372499704360962,0.5951774716377258,-0.4650000035762787,1.346250057220459
2425,0.8058750033378601,0.4756453037261963,-0.22499999403953552,1.3949999809265137
2426,0.871874988079071,0.3141736388206482,0.32124999165534973,1.3312499523162842
2427,1.0082499980926514,0.24858300387859344,0.5762500166893005,1.3387500047683716
2428,0.9154999852180481,0.30829834938049316,0.3725000023841858,1.2725000381469727
2429,0.6117500066757202,0.4800247848033905,-0.3700000047683716,1.212499976158142
2430,0.9242499470710754,0.48713746666908264,-0.30125001072883606,1.5175000429153442
2431,0.10074996948242188,1.603294849395752,-3.086250066757202,1.28125
2432,0.7938749194145203,0.5229434370994568,-0.5012500286102295,1.4674999713897705
2433,1.0338749885559082,0.2465743124485016,0.675000011920929,1.4262499809265137
2434,0.9867500066757202,0.3314373195171356,0.15000000596046448,1.527500033378601
2435,0.593500018119812,1.2191087007522583,-2.825000047683716,1.341249942779541
2436,0.8432499766349792,0.6328737139701843,-0.9850000143051147,1.3287500143051147
2437,1.0071250200271606,0.18918412923812866,0.6262500286102295,1.34375
2438,0.909375011920929,0.3542819321155548,0.3412500023841858,1.4987499713897705
2439,1.0246248245239258,0.3087662160396576,0.19625000655651093,1.493749976158142
2440,1.0568749904632568,0.18433178961277008,0.637499988079071,1.253749966621399
2441,0.7438750863075256,0.5277965664863586,-0.2162500023841858,1.346250057220459
2442,0.3685000538825989,1.143715262413025,-2.8550000190734863,1.1549999713897705
2443,0.7778750658035278,0.44974857568740845,-0.3700000047683716,1.153749942779541
2444,0.98499995470047,0.22721685469150543,0.6187499761581421,1.3574999570846558
2445,0.6341249942779541,1.1889545917510986,-2.893749952316284,1.2925000190734863
2446,0.9638749957084656,0.5249835252761841,-0.53125,1.5087499618530273
2447,1.1118749380111694,0.22629575431346893,0.6862499713897705,1.4212499856948853
2448,0.8533749580383301,0.3270125687122345,0.1899999976158142,1.1875
2449,0.8835000991821289,0.36708176136016846,0.09875000268220901,1.316249966621399
2450,0.9899999499320984,0.3922554850578308,0.20125000178813934,1.434999942779541
2451,1.1036250591278076,0.21876603364944458,0.5487499833106995,1.3849999904632568
2452,0.6311250329017639,0.8377287983894348,-0.9912499785423279,1.53125
2453,0.9298750162124634,0.43881213665008545,-0.05000000074505806,1.3387500047683716
2454,0.8101250529289246,0.41053488850593567,-0.1287499964237213,1.181249976158142
2455,0.9238750338554382,0.21992573142051697,0.5537499785423279,1.252500057220459
2456,1.0964999198913574,0.23207339644432068,0.6662499904632568,1.4587500095367432
2457,1.0401251316070557,0.3766586184501648,0.30375000834465027,1.4987499713897705
2458,0.9646250605583191,0.192140132188797,0.6387500166893005,1.2000000476837158
2459,1.0230000019073486,0.1878432035446167,0.6150000095367432,1.3825000524520874
2460,1.1131250858306885,0.20486143231391907,0.7862499952316284,1.5175000429153442
2461,0.9268749356269836,0.19431470334529877,0.5950000286102295,1.2649999856948853
2462,1.0487500429153442,0.17673514783382416,0.6575000286102295,1.3137500286102295
2463,0.8758749961853027,0.3129931390285492,0.3762499988079071,1.2274999618530273
2464,0.47562503814697266,1.149457335472107,-2.8975000381469727,1.1337499618530273
2465,1.1236250400543213,0.1674472540616989,0.793749988079071,1.371250033378601
2466,0.9783749580383301,0.22514791786670685,0.41624999046325684,1.2762500047683716
2467,1.0103750228881836,0.20656268298625946,0.7350000143051147,1.5
2468,0.6087499856948853,1.1785253286361694,-2.7562499046325684,1.3274999856948853
2469,0.9898750185966492,0.3361149728298187,0.3449999988079071,1.4850000143051147
2470,0.9409999847412109,0.28109151124954224,0.26374998688697815,1.2287499904632568
2471,0.6322500109672546,0.6184910535812378,-0.824999988079071,1.2024999856948853
2472,0.9664999842643738,0.2536599338054657,0.6037499904632568,1.5137499570846558
2473,1.034000039100647,0.16774310171604156,0.6725000143051147,1.3212499618530273
2474,1.0668749809265137,0.30829229950904846,0.28999999165534973,1.441249966621399
2475,0.9943750500679016,0.2601701617240906,0.38499999046325684,1.3587499856948853
2476,1.072624921798706,0.17973630130290985,0.7512500286102295,1.399999976158142
2477,1.0956250429153442,0.15602709352970123,0.7962499856948853,1.2962499856948853
2478,0.9569999575614929,0.2515372633934021,0.5575000047683716,1.308750033378601
2479,0.9726249575614929,0.30895307660102844,0.20000000298023224,1.4287500381469727
2480,0.941750168800354,0.22592325508594513,0.4737499952316284,1.2599999904632568
2481,0.9667499661445618,0.3233318626880646,0.10999999940395355,1.277500033378601
2482,0.6966249942779541,1.1951955556869507,-2.778749942779541,1.5225000381469727
2483,0.9664999842643738,0.1934383064508438,0.5612499713897705,1.3012499809265137
2484,0.9038750529289246,0.33327749371528625,0.18250000476837158,1.3487499952316284
2485,0.40062499046325684,1.2002155780792236,-2.942500114440918,1.2725000381469727
2486,0.11500000953674316,1.520438313484192,-2.930000066757202,1.2037500143051147
2487,0.8934999704360962,0.36827078461647034,0.029999999329447746,1.3212499618530273
2488,0.5225000381469727,1.2199389934539795,-2.75,1.4587500095367432
2489,0.4286249279975891,1.2515459060668945,-2.9200000762939453,1.191249966621399
2490,0.7541249990463257,1.2352063655853271,-2.7750000953674316,1.5
2491,0.921125054359436,0.31581366062164307,0.4337500035762787,1.4187500476837158
2492,0.6988750100135803,1.2146363258361816,-2.8837499618530273,1.3312499523162842
2493,1.0696250200271606,0.24473905563354492,0.625,1.441249966621399
2494,0.749250054359436,1.1656540632247925,-2.680000066757202,1.431249976158142
2495,0.9006250500679016,0.2120821177959442,0.6362500190734863,1.2575000524520874
2496,0.9904999732971191,0.18990719318389893,0.6575000286102295,1.2949999570846558
2497,0.9401251077651978,0.11168096959590912,0.6850000023841858,1.0750000476837158
2498,0.5667499899864197,1.1365394592285156,-2.809999942779541,1.1675000190734863
2499,1.0523749589920044,0.2292865663766861,0.6212499737739563,1.443750023841858
2500,0.9800000190734863,0.30882033705711365,0.28999999165534973,1.3487499952316284
2501,0.981249988079071,0.2794397473335266,0.3799999952316284,1.318750023841858
2502,0.8961250185966492,0.2687636613845825,0.16249999403953552,1.190000057220459
2503,0.9392499923706055,0.30718234181404114,0.25999999046325684,1.3137500286102295
2504,0.4204999804496765,1.1447829008102417,-2.924999952316284,1.1325000524520874
2505,0.9326249957084656,0.4362114667892456,0.04749999940395355,1.4900000095367432
2506,1.1105000972747803,0.18947066366672516,0.8075000047683716,1.4487500190734863
2507,0.39350003004074097,1.1510525941848755,-2.799999952316284,1.3700000047683716
2508,0.8821250200271606,0.3441774845123291,0.1274999976158142,1.2625000476837158
2509,1.0225000381469727,0.22430376708507538,0.5787500143051147,1.368749976158142
2510,0.9618749618530273,0.3600018322467804,0.32749998569488525,1.4537500143051147
2511,0.8712499737739563,0.36772993206977844,-0.13249999284744263,1.215000033378601
2512,0.7997499704360962,0.6133885979652405,-0.7662500143051147,1.34375
2513,0.9435001611709595,0.27131208777427673,0.3675000071525574,1.368749976158142
2514,1.121500015258789,0.07779942452907562,0.9712499976158142,1.221250057220459
2515,0.6039999723434448,1.282113790512085,-3.2200000286102295,1.2725000381469727
2516,0.9174998998641968,0.4466363787651062,-0.23999999463558197,1.347499966621399
2517,0.8783750534057617,0.4324125647544861,-0.24500000476837158,1.3137500286102295
2518,0.9204999804496765,0.3066941797733307,0.20749999582767487,1.1862499713897705
2519,0.3321250081062317,1.2881635427474976,-3.0299999713897705,1.1862499713897705
2520,0.9008749723434448,0.31485018134117126,0.07374999672174454,1.1662499904632568
2521,0.8571249842643738,0.3513794541358948,-0.06624999642372131,1.2962499856948853
2522,1.0571250915527344,0.4168456792831421,-0.06624999642372131,1.475000023841858
2523,0.3198750615119934,1.2868454456329346,-2.838749885559082,1.3212499618530273
2524,0.6377500295639038,0.6602726578712463,-0.7200000286102295,1.1887500286102295
2525,0.9601249694824219,0.17972847819328308,0.550000011920929,1.191249966621399
2526,1.0081250667572021,0.22394143044948578,0.48875001072883606,1.2587499618530273
2527,1.1426249742507935,0.2028888612985611,0.8774999976158142,1.5075000524520874
2528,0.9275000691413879,0.37326014041900635,-0.17000000178813934,1.1862499713897705
2529,0.25849997997283936,1.5978609323501587,-2.9312500953674316,1.3487499952316284
2530,0.6915000081062317,0.6231316924095154,-0.9337499737739563,1.2862499952316284
2531,0.8999999761581421,0.5346856117248535,-0.5387499928474426,1.5137499570846558
2532,0.9761250615119934,0.39066746830940247,-0.04749999940395355,1.3274999856948853
2533,0.9615000486373901,0.14496959745883942,0.6700000166893005,1.1875
2534,0.8842499852180481,0.5608423948287964,-0.6200000047683716,1.5175000429153442
2535,0.9546250104904175,0.26800423860549927,0.23125000298023224,1.1862499713897705
2536,1.1167500019073486,0.28013232350349426,0.3425000011920929,1.3674999475479126
2537,0.6191250085830688,1.2664381265640259,-3.103749990463257,1.4950000047683716
2538,0.9964998960494995,0.34776148200035095,0.07874999940395355,1.2912499904632568
2539,0.9180000424385071,0.31122297048568726,0.11124999821186066,1.3362499475479126
2540,0.7722500562667847,0.4918980002403259,-0.6600000262260437,1.1712499856948853
2541,0.39499998092651367,1.1262977123260498,-2.768749952316284,1.0712499618530273
2542,0.39525002241134644,1.119915246963501,-2.8062500953674316,1.0812499523162842
2543,0.9331250190734863,0.24181686341762543,0.5287500023841858,1.3987499475479126
2544,1.002000093460083,0.30171966552734375,0.45750001072883606,1.2599999904632568
2545,1.0078749656677246,0.18035732209682465,0.5799999833106995,1.28125
2546,0.969499945640564,0.25517532229423523,0.39625000953674316,1.4862500429153442
2547,1.0724999904632568,0.14014945924282074,0.7887499928474426,1.278749942779541
2548,1.0396249294281006,0.2587953209877014,0.581250011920929,1.3600000143051147
2549,1.0727500915527344,0.21880842745304108,0.5962499976158142,1.4225000143051147
2550,0.874250054359436,0.3926517069339752,-0.07000000029802322,1.4262499809265137
2551,0.9026249647140503,0.27739325165748596,0.32875001430511475,1.1487499475479126
2552,1.0635000467300415,0.2322840392589569,0.6800000071525574,1.4774999618530273
2553,0.9901250004768372,0.23821109533309937,0.5799999833106995,1.3487499952316284
2554,1.0129998922348022,0.3348577916622162,0.32749998569488525,1.3600000143051147
2555,1.1086251735687256,0.26149892807006836,0.7174999713897705,1.5087499618530273
2556,1.0836249589920044,0.17536607384681702,0.7637500166893005,1.3849999904632568
2557,1.0668749809265137,0.16370537877082825,0.8924999833106995,1.4987499713897705
2558,0.9736250042915344,0.214809849858284,0.5099999904632568,1.222499966621399
2559,0.8931249380111694,0.3400525152683258,0.08749999850988388,1.2725000381469727
2560,1.0586249828338623,0.23853880167007446,0.5687500238418579,1.4275000095367432
2561,0.9003750085830688,0.25018686056137085,0.28999999165534973,1.2174999713897705
2562,0.8848749399185181,0.5000600814819336,-0.44999998807907104,1.5412499904632568
2563,0.6764999628067017,1.2444044351577759,-3.018749952316284,1.431249976158142
2564,1.027999997138977,0.20385290682315826,0.6412500143051147,1.3825000524520874
2565,0.5208749771118164,1.1741282939910889,-2.8612499237060547,1.2899999618530273
2566,0.9772499799728394,0.14782464504241943,0.7749999761581421,1.2400000095367432
2567,1.075124979019165,0.2132263034582138,0.6100000143051147,1.2975000143051147
2568,0.5052499771118164,1.205119013786316,-2.8924999237060547,1.341249942779541
2569,0.46849995851516724,1.1480244398117065,-2.893749952316284,1.1725000143051147
2570,0.8209999799728394,0.6147666573524475,-0.8575000166893005,1.4487500190734863
2571,1.0548750162124634,0.16559593379497528,0.824999988079071,1.2962499856948853
2572,0.6466249823570251,0.5093089938163757,-0.3137499988079071,1.181249976158142
2573,1.1486250162124634,0.1909969300031662,0.800000011920929,1.4487500190734863
2574,0.5887500047683716,1.1475014686584473,-2.786250114440918,1.2549999952316284
2575,1.0736249685287476,0.20760872960090637,0.6600000262260437,1.3937499523162842
2576,1.0164999961853027,0.18601980805397034,0.65625,1.372499942779541
2577,1.1026251316070557,0.1261032074689865,0.8662499785423279,1.2912499904632568
2578,0.9938751459121704,0.3598630130290985,0.12250000238418579,1.4574999809265137
2579,0.9424999356269836,0.2446509152650833,0.6387500166893005,1.3624999523162842
2580,1.1010000705718994,0.135061115026474,0.9112499952316284,1.412500023841858
2581,0.9070000648498535,0.3569253087043762,-0.009999999776482582,1.462499976158142
2582,0.684749960899353,1.185896873474121,-2.836250066757202,1.381250023841858
2583,0.9308750033378601,0.3885296881198883,0.10499999672174454,1.5225000381469727
2584,0.7808749675750732,0.4907599091529846,-0.2750000059604645,1.350000023841858
2585,0.934374988079071,0.5327837467193604,-0.5862500071525574,1.308750033378601
2586,1.0565000772476196,0.3063998520374298,0.5400000214576721,1.5175000429153442
2587,1.0290000438690186,0.2876954972743988,0.3774999976158142,1.412500023841858
2588,1.0332499742507935,0.2164747267961502,0.5450000166893005,1.3450000286102295
2589,0.8948749303817749,0.23542213439941406,0.38749998807907104,1.2725000381469727
2590,0.8526250123977661,0.32253122329711914,0.3362500071525574,1.277500033378601
2591,0.9507499933242798,0.2287207543849945,0.4449999928474426,1.2987500429153442
2592,1.0303751230239868,0.17346474528312683,0.8600000143051147,1.4900000095367432
2593,0.5978749990463257,1.1944659948349,-2.950000047683716,1.184999942779541
2594,0.9052499532699585,0.33380886912345886,0.1837500035762787,1.368749976158142
2595,1.0133750438690186,0.18929891288280487,0.5924999713897705,1.28125
2596,1.134124994277954,0.16081731021404266,0.8849999904632568,1.4850000143051147
2597,0.8103750348091125,0.5134893655776978,-0.4050000011920929,1.2762500047683716
2598,0.5870000123977661,1.1583991050720215,-2.768749952316284,1.3799999952316284
2599,0.9638749957084656,0.20666810870170593,0.6274999976158142,1.308750033378601
2600,0.5226249694824219,1.1964232921600342,-2.927500009536743,1.2937500476837158
2601,0.9446250200271606,0.2799062430858612,0.2862499952316284,1.3274999856948853
2602,0.9657500386238098,0.226804718375206,0.6549999713897705,1.3137500286102295
2603,0.9442499876022339,0.23120282590389252,0.5137500166893005,1.375
2604,0.7131249904632568,0.5620285272598267,-0.8050000071525574,1.278749942779541
2605,0.6504999399185181,0.5242235660552979,-0.14749999344348907,1.5362499952316284
2606,0.8358749151229858,0.4963876008987427,-0.1574999988079071,1.3200000524520874
2607,1.0847499370574951,0.18730390071868896,0.7950000166893005,1.440000057220459
2608,0.49687498807907104,1.215049147605896,-3.0450000762939453,1.1875
2609,0.6282500624656677,1.2368985414505005,-3.0399999618530273,1.221250057220459
2610,1.058000087738037,0.24923394620418549,0.581250011920929,1.3862500190734863
2611,1.1047499179840088,0.20047114789485931,0.7862499952316284,1.4987499713897705
2612,1.0398750305175781,0.1499754786491394,0.8662499785423279,1.274999976158142
2613,0.85999995470047,0.47645172476768494,-0.39500001072883606,1.3112499713897705
2614,1.0043749809265137,0.1341492384672165,0.800000011920929,1.2937500476837158
2615,0.8238750696182251,0.35354653000831604,0.1550000011920929,1.1362500190734863
2616,1.031499981880188,0.20004437863826752,0.6349999904632568,1.4212499856948853
2617,1.0193750858306885,0.27315932512283325,0.48875001072883606,1.4450000524520874
2618,0.6881250143051147,1.19442880153656,-2.8499999046325684,1.441249966621399
2619,0.5898750424385071,1.2182422876358032,-2.987499952316284,1.4674999713897705
2620,0.9586250185966492,0.5001723170280457,-0.4449999928474426,1.3250000476837158
2621,0.8827499151229858,0.6179021596908569,-0.862500011920929,1.3450000286102295
2622,1.0772502422332764,0.3063656985759735,0.32749998569488525,1.4175000190734863
2623,0.9337500333786011,0.3815752863883972,0.35624998807907104,1.4299999475479126
2624,0.7267500162124634,1.2690370082855225,-3.021250009536743,1.4137500524520874
2625,0.8657499551773071,0.45695433020591736,-0.03125,1.5225000381469727
2626,0.925000011920929,0.20139126479625702,0.5987499952316284,1.243749976158142
2627,1.0732500553131104,0.299187034368515,0.2537499964237213,1.3350000381469727
2628,0.827750027179718,0.28571608662605286,0.3737500011920929,1.1662499904632568
2629,0.9227499961853027,0.3441964387893677,0.10499999672174454,1.440000057220459
2630,1.011625051498413,0.22496949136257172,0.6050000190734863,1.2887500524520874
2631,1.0134999752044678,0.149998739361763,0.7137500047683716,1.1950000524520874
2632,0.577750027179718,1.192575454711914,-2.9337499141693115,1.1862499713897705
2633,0.9428750276565552,0.2888522744178772,0.3799999952316284,1.3250000476837158
2634,1.0658750534057617,0.26250892877578735,0.7300000190734863,1.5087499618530273
2635,0.7451249957084656,0.4348162114620209,-0.22499999403953552,1.28125
2636,1.0808749198913574,0.16978023946285248,0.7749999761581421,1.3637499809265137
2637,0.6819999814033508,1.4222694635391235,-3.5625,1.3937499523162842
2638,0.9997499585151672,0.2281123697757721,0.6775000095367432,1.2675000429153442
2639,0.7907500267028809,0.31322476267814636,0.18125000596046448,1.1487499475479126
2640,0.2932499945163727,1.2202577590942383,-2.9600000381469727,1.4175000190734863
2641,0.9491249918937683,0.362945020198822,0.11500000208616257,1.3537499904632568
2642,0.6912499666213989,0.5704447031021118,-0.4012500047683716,1.3624999523162842
2643,1.1843750476837158,0.21191038191318512,0.8550000190734863,1.5549999475479126
2644,0.8072500228881836,0.5903314352035522,-0.2562499940395355,1.5137499570846558
2645,0.6477500200271606,1.1654008626937866,-2.793750047683716,1.3799999952316284
2646,0.8771249651908875,0.4407210052013397,-0.3199999928474426,1.2549999952316284
2647,0.9539999961853027,0.33230435848236084,0.4112499952316284,1.4850000143051147
2648,0.9078750610351562,0.4542697072029114,-0.1899999976158142,1.5137499570846558
2649,1.0366251468658447,0.21310944855213165,0.5637500286102295,1.4262499809265137
2650,0.8374999761581421,0.5856564044952393,-0.7825000286102295,1.3337500095367432
2651,0.8528750538825989,0.5890707969665527,-0.7437499761581421,1.278749942779541
2652,0.8963750004768372,0.41403403878211975,-0.20749999582767487,1.493749976158142
2653,1.003749966621399,0.21088801324367523,0.7037500143051147,1.3212499618530273
2654,0.6152499914169312,0.5934728384017944,-0.4975000023841858,1.3037500381469727
2655,1.0782500505447388,0.2945108413696289,0.45625001192092896,1.4950000047683716
2656,0.9904999732971191,0.2535727322101593,0.5612499713897705,1.377500057220459
2657,0.950874924659729,0.33531472086906433,0.26875001192092896,1.4249999523162842
2658,0.9172499775886536,0.35606080293655396,0.10000000149011612,1.2274999618530273
2659,0.5855000019073486,1.1777619123458862,-2.893749952316284,1.3837499618530273
2660,1.0008749961853027,0.11623527109622955,0.8149999976158142,1.1662499904632568
2661,1.172374963760376,0.17720966041088104,0.8362500071525574,1.441249966621399
2662,1.0581250190734863,0.1922207772731781,0.6399999856948853,1.3624999523162842
2663,0.796999990940094,0.3882908225059509,-0.1599999964237213,1.159999966621399
2664,0.9510000348091125,0.3280395567417145,0.3187499940395355,1.368749976158142
2665,0.8383749127388,0.49845951795578003,-0.5562499761581421,1.2087500095367432
2666,0.8627500534057617,0.49607419967651367,-0.5400000214576721,1.2450000047683716
2667,0.7361249923706055,0.4744274318218231,-0.04874999821186066,1.2362500429153442
2668,1.1427500247955322,0.2011978179216385,0.7287499904632568,1.4674999713897705
2669,0.7671250104904175,0.5227042436599731,-0.36000001430511475,1.1825000047683716
2670,0.5818750262260437,1.1981420516967773,-2.867500066757202,1.4487500190734863
2671,0.872499942779541,0.1830402910709381,0.6087499856948853,1.184999942779541
2672,1.0360000133514404,0.3815928101539612,0.14000000059604645,1.4387500286102295
2673,1.0032498836517334,0.2875979244709015,0.3737500011920929,1.443750023841858
2674,0.5761250257492065,1.1407233476638794,-2.8062500953674316,1.131250023841858
2675,0.8461250066757202,0.23230531811714172,0.30375000834465027,1.1549999713897705
2676,1.0115001201629639,0.16904771327972412,0.7649999856948853,1.3300000429153442
2677,0.9298750162124634,0.37341976165771484,0.05249999836087227,1.274999976158142
2678,0.9983750581741333,0.23554062843322754,0.4762499928474426,1.2899999618530273
2679,0.9729999303817749,0.45990633964538574,-0.2562499940395355,1.4900000095367432
2680,0.8453750610351562,0.32960301637649536,0.41624999046325684,1.433750033378601
2681,0.5100000500679016,1.2094558477401733,-2.987499952316284,1.3137500286102295
2682,1.0792500972747803,0.19372354447841644,0.6600000262260437,1.2675000429153442
2683,1.1072499752044678,0.1762045919895172,0.7762500047683716,1.3574999570846558
2684,0.7408750057220459,0.4494813084602356,-0.10750000178813934,1.4550000429153442
2685,0.9045000076293945,0.23452290892601013,0.4399999976158142,1.0750000476837158
2686,0.8980000615119934,0.4001609981060028,-0.04125000163912773,1.3262499570846558
2687,1.0988750457763672,0.1823744922876358,0.6787499785423279,1.2999999523162842
2688,1.0579999685287476,0.13034233450889587,0.862500011920929,1.253749966621399
2689,0.8399999737739563,0.32118192315101624,0.29249998927116394,1.2712500095367432
2690,1.0912500619888306,0.19406263530254364,0.8899999856948853,1.4950000047683716
2691,0.5923750996589661,1.128027081489563,-2.7674999237060547,1.1662499904632568
2692,0.9686250686645508,0.32886186242103577,0.26750001311302185,1.5499999523162842
2693,0.6523750424385071,1.2273586988449097,-2.963749885559082,1.3250000476837158
2694,0.5237500071525574,1.267687439918518,-3.182499885559082,1.222499966621399
2695,0.9443749189376831,0.20681457221508026,0.6349999904632568,1.2262500524520874
2696,1.1610000133514404,0.2594168782234192,0.4699999988079071,1.368749976158142
2697,1.021125078201294,0.21099871397018433,0.6962500214576721,1.3550000190734863
2698,1.024375081062317,0.3604564070701599,0.11124999821186066,1.503749966621399
2699,0.8501249551773071,0.5424638390541077,-0.6662499904632568,1.3849999904632568
2700,0.9541250467300415,0.24236081540584564,0.5400000214576721,1.3574999570846558
2701,0.9754999876022339,0.2971811294555664,0.20000000298023224,1.3212499618530273
2702,0.8982499837875366,0.5768253803253174,-0.8149999976158142,1.1987500190734863
2703,0.5298750400543213,1.1899077892303467,-2.9049999713897705,1.3450000286102295
2704,0.9666250348091125,0.27480053901672363,0.40625,1.2949999570846558
2705,0.9243749380111694,0.276856392621994,0.4637500047683716,1.3612500429153442
2706,1.0125000476837158,0.2867462933063507,0.28999999165534973,1.28125
2707,1.0023750066757202,0.23104345798492432,0.5724999904632568,1.4275000095367432
2708,0.8511249423027039,0.35676518082618713,-0.0012499999720603228,1.2662500143051147
2709,1.1422499418258667,0.14045773446559906,0.9287499785423279,1.412500023841858
2710,0.9481250047683716,0.3796306848526001,-0.07374999672174454,1.3524999618530273
2711,0.753125011920929,0.5527181029319763,-0.6924999952316284,1.243749976158142
2712,0.5243749618530273,1.227172613143921,-3.0999999046325684,1.3125
2713,1.0069999694824219,0.17548255622386932,0.7300000190734863,1.3825000524520874
2714,0.6813749670982361,0.5514581203460693,-0.4449999928474426,1.4249999523162842
2715,0.9002499580383301,0.26677459478378296,0.2524999976158142,1.2112499475479126
2716,1.1062500476837158,0.16678015887737274,0.875,1.5087499618530273
2717,0.9013749957084656,0.2374226450920105,0.39625000953674316,1.215000033378601
2718,0.7286249995231628,0.45457276701927185,-0.32499998807907104,1.3362499475479126
2719,0.655750036239624,1.1889418363571167,-2.7799999713897705,1.3637499809265137
2720,1.0177500247955322,0.26806822419166565,0.45375001430511475,1.3200000524520874
2721,1.0134999752044678,0.26304155588150024,0.6800000071525574,1.4049999713897705
2722,0.7369999885559082,0.6151738166809082,-0.8349999785423279,1.4737499952316284
2723,0.38624995946884155,1.2080249786376953,-3.002500057220459,1.2699999809265137
2724,0.8293749690055847,0.3628331422805786,0.19750000536441803,1.350000023841858
2725,1.0656249523162842,0.18192137777805328,0.7162500023841858,1.3450000286102295
2726,0.3802499771118164,1.1657781600952148,-2.875,1.2487499713897705
2727,0.9401249885559082,0.26407766342163086,0.5037500262260437,1.2887500524520874
2728,0.8860001564025879,0.3739325702190399,0.10374999791383743,1.4225000143051147
2729,0.9169999957084656,0.3529714047908783,-0.05249999836087227,1.2174999713897705
2730,1.0138750076293945,0.11385771632194519,0.8600000143051147,1.221250057220459
2731,1.0149999856948853,0.22399567067623138,0.5787500143051147,1.341249942779541
2732,0.9216249585151672,0.23161934316158295,0.2737500071525574,1.1362500190734863
2733,0.9722499847412109,0.27971962094306946,0.2750000059604645,1.3550000190734863
2734,1.0423749685287476,0.1726769506931305,0.8349999785423279,1.3450000286102295
2735,1.0111249685287476,0.2729591429233551,0.5037500262260437,1.503749966621399
2736,1.0520000457763672,0.13176707923412323,0.8399999737739563,1.274999976158142
2737,0.9485000371932983,0.2703041136264801,0.48500001430511475,1.4275000095367432
2738,0.5455000400543213,1.1858441829681396,-2.9462499618530273,1.1100000143051147
2739,1.1057499647140503,0.2622494101524353,0.543749988079071,1.4187500476837158
2740,1.0182499885559082,0.4162001609802246,-0.13375000655651093,1.377500057220459
2741,1.1538749933242798,0.18423359096050262,0.800000011920929,1.3849999904632568
2742,0.9329999685287476,0.22133415937423706,0.5699999928474426,1.3200000524520874
2743,0.8698749542236328,0.360077440738678,0.09125000238418579,1.2662500143051147
2744,0.9278749227523804,0.21087321639060974,0.5450000166893005,1.308750033378601
2745,0.4477500021457672,1.1913141012191772,-2.953749895095825,1.181249976158142
2746,0.7064999341964722,0.4161958694458008,-0.2150000035762787,1.1449999809265137
2747,0.8539999723434448,0.29141026735305786,0.1550000011920929,1.2549999952316284
2748,0.796875,0.2572348415851593,0.1587499976158142,1.2074999809265137
2749,0.9488750696182251,0.2678884267807007,0.24124999344348907,1.2262500524520874
2750,1.0013749599456787,0.19310817122459412,0.7362499833106995,1.3937499523162842
2751,1.2010000944137573,0.2430887222290039,0.7250000238418579,1.4837499856948853
2752,0.8366249799728394,0.2987845540046692,0.30125001072883606,1.2200000286102295
2753,1.1186250448226929,0.11159279942512512,1.002500057220459,1.4175000190734863
2754,0.9904999732971191,0.23526860773563385,0.6200000047683716,1.2949999570846558
2755,0.5408750176429749,1.206891417503357,-3.009999990463257,1.315000057220459
2756,0.8992500305175781,0.24889391660690308,0.5325000286102295,1.2712500095367432
2757,0.6315000057220459,1.1927927732467651,-2.8475000858306885,1.3137500286102295
2758,1.0567500591278076,0.20953086018562317,0.7262499928474426,1.462499976158142
2759,0.9717500805854797,0.26329949498176575,0.32499998807907104,1.253749966621399
2760,1.014624834060669,0.30168434977531433,0.2750000059604645,1.3250000476837158
2761,1.122249960899353,0.2586333155632019,0.6175000071525574,1.5125000476837158
2762,0.9978750944137573,0.29489460587501526,0.26499998569488525,1.3624999523162842
2763,0.9102500677108765,0.28587791323661804,0.1887499988079071,1.3137500286102295
2764,1.0947500467300415,0.25704559683799744,0.5674999952316284,1.4950000047683716
2765,1.0041249990463257,0.26844462752342224,0.65625,1.5362499952316284
2766,0.918624997138977,0.4244770407676697,-0.24124999344348907,1.2962499856948853
2767,1.1737500429153442,0.18440277874469757,0.7950000166893005,1.4537500143051147
2768,1.1558750867843628,0.17379678785800934,0.8362500071525574,1.403749942779541
2769,1.0734999179840088,0.2508559226989746,0.6899999976158142,1.503749966621399
2770,0.8741251230239868,0.4332439601421356,0.07374999672174454,1.4587500095367432
2771,0.5900000333786011,1.1418274641036987,-2.8037500381469727,1.2400000095367432
2772,0.8904999494552612,0.40876537561416626,-0.10000000149011612,1.4537500143051147
2773,0.46400004625320435,1.2061232328414917,-2.978749990463257,1.4137500524520874
2774,1.0636250972747803,0.20528139173984528,0.6850000023841858,1.4175000190734863
2775,0.8547499775886536,0.25412213802337646,0.3774999976158142,1.225000023841858
2776,1.1001250743865967,0.19037006795406342,0.7400000095367432,1.434999942779541
2777,0.7962499856948853,0.574425220489502,-0.2524999976158142,1.5175000429153442
2778,0.515375018119812,1.1782482862472534,-2.875,1.3912500143051147
2779,0.637749969959259,1.2362143993377686,-2.9800000190734863,1.3312499523162842
2780,0.289124995470047,1.3776848316192627,-3.711250066757202,1.068750023841858
2781,0.8513749837875366,0.6452781558036804,-1.0700000524520874,1.2262500524520874
2782,0.9183748960494995,0.4625817537307739,-0.3675000071525574,1.3450000286102295
2783,1.0373750925064087,0.28856727480888367,0.4637500047683716,1.5087499618530273
2784,0.9477500915527344,0.4694996774196625,-0.26750001311302185,1.2587499618530273
2785,0.47437500953674316,1.1807186603546143,-2.8475000858306885,1.4212499856948853
2786,0.27287501096725464,1.543363094329834,-2.8125,1.3049999475479126
2787,1.0306251049041748,0.24930168688297272,0.606249988079071,1.3837499618530273
2788,1.024749994277954,0.16609841585159302,0.6775000095367432,1.2575000524520874
2789,0.4203750193119049,1.2133400440216064,-3.0762500762939453,1.1487499475479126
2790,1.0264999866485596,0.21520835161209106,0.6725000143051147,1.3300000429153442
2791,0.9411250352859497,0.30497923493385315,0.20874999463558197,1.3112499713897705
2792,1.0008749961853027,0.2053024023771286,0.6600000262260437,1.2587499618530273
2793,0.8852499723434448,0.4065774977207184,-0.11124999821186066,1.5549999475479126
2794,0.9104999303817749,0.47395119071006775,-0.4124999940395355,1.216249942779541
2795,0.4955000877380371,1.3357113599777222,-2.8125,1.4450000524520874
2796,0.8715000152587891,0.6022213101387024,-0.7962499856948853,1.3849999904632568
2797,0.972000002861023,0.2270326167345047,0.5525000095367432,1.2587499618530273
2798,0.9556249380111694,0.30610519647598267,0.4337500035762787,1.3075000047683716
2799,0.655750036239624,0.6719813346862793,-0.9700000286102295,1.3912500143051147
2800,0.8181249499320984,0.4222792387008667,-0.33125001192092896,1.2174999713897705
2801,1.0036250352859497,0.2380470335483551,0.5074999928474426,1.2899999618530273
2802,0.9236249923706055,0.5421232581138611,-0.6100000143051147,1.431249976158142
2803,1.1074999570846558,0.22506943345069885,0.6412500143051147,1.4850000143051147
2804,0.6110000014305115,1.1092840433120728,-2.6875,1.1987500190734863
2805,1.0299999713897705,0.19363385438919067,0.6549999713897705,1.3274999856948853
2806,0.5382499694824219,1.2620261907577515,-2.848750114440918,1.2737499475479126
2807,0.8610000610351562,0.4589375853538513,-0.3725000023841858,1.3849999904632568
2808,0.7892500162124634,0.35923585295677185,0.17874999344348907,1.2037500143051147
2809,0.8346250653266907,0.49858927726745605,0.036249998956918716,1.5225000381469727
2810,0.5397499799728394,1.300131916999817,-2.762500047683716,1.5499999523162842
2811,0.8798750042915344,0.6138736009597778,-0.7900000214576721,1.3825000524520874
2812,0.841999888420105,0.392963171005249,-0.1587499976158142,1.3287500143051147
2813,1.0478750467300415,0.1451723575592041,0.8237500190734863,1.3937499523162842
2814,0.9675000309944153,0.2576722800731659,0.48124998807907104,1.2862499952316284
2815,0.9085000157356262,0.44212546944618225,-0.3512499928474426,1.2725000381469727
2816,0.7578749656677246,0.48514917492866516,-0.5149999856948853,1.2174999713897705
2817,0.8535000085830688,0.5748838782310486,-0.6050000190734863,1.3137500286102295
2818,0.8446249961853027,0.2567562162876129,0.5262500047683716,1.2587499618530273
2819,0.9733750224113464,0.24719743430614471,0.5,1.4199999570846558
2820,1.0001249313354492,0.2389615923166275,0.4037500023841858,1.3025000095367432
2821,1.0711250305175781,0.20884090662002563,0.7599999904632568,1.4900000095367432
2822,0.9117500185966492,0.6220189929008484,-0.8650000095367432,1.503749966621399
2823,0.9828750491142273,0.16262595355510712,0.7287499904632568,1.191249966621399
2824,0.9912499189376831,0.24761107563972473,0.4612500071525574,1.2274999618530273
2825,0.7402499914169312,1.2060648202896118,-2.846250057220459,1.4075000286102295
2826,0.8077499270439148,0.6564010977745056,-0.9775000214576721,1.247499942779541
2827,1.1399999856948853,0.19226285815238953,0.824999988079071,1.5175000429153442
2828,0.9574999809265137,0.2593212127685547,0.6424999833106995,1.434999942779541
2829,0.840499997138977,0.24272939562797546,0.4074999988079071,1.2087500095367432
2830,0.8247499465942383,0.5054736733436584,-0.5899999737739563,1.2287499904632568
2831,0.6303750276565552,0.5679972767829895,-0.9712499976158142,1.0625
2832,0.8928748965263367,0.3872987926006317,0.2562499940395355,1.4537500143051147
2833,0.6475000381469727,1.16051185131073,-2.7674999237060547,1.5087499618530273
2834,1.0477501153945923,0.17922557890415192,0.8374999761581421,1.493749976158142
2835,0.9164999723434448,0.11797483265399933,0.7262499928474426,1.0812499523162842
2836,1.1247498989105225,0.21494318544864655,0.8799999952316284,1.5175000429153442
2837,0.8106249570846558,0.3118329346179962,2.220446049250313e-16,1.1637500524520874
2838,0.9195000529289246,0.48695939779281616,-0.4712499976158142,1.3200000524520874
2839,1.0586251020431519,0.4241563379764557,0.14875000715255737,1.4850000143051147
2840,1.077375054359436,0.13901939988136292,0.8349999785423279,1.28125
2841,0.32100000977516174,1.4125417470932007,-3.572499990463257,1.2549999952316284
2842,0.9961250424385071,0.2342063933610916,0.4950000047683716,1.3049999475479126
2843,1.1765000820159912,0.1512250006198883,0.8174999952316284,1.412500023841858
2844,1.0157499313354492,0.1876925677061081,0.6612499952316284,1.2262500524520874
2845,1.0041248798370361,0.3033093810081482,0.4300000071525574,1.5362499952316284
2846,0.9704999923706055,0.27869629859924316,0.4399999976158142,1.441249966621399
2847,0.8331249952316284,0.383677214384079,-0.16124999523162842,1.1737500429153442
2848,1.0747499465942383,0.17736861109733582,0.8349999785423279,1.3862500190734863
2849,0.9243749380111694,0.3236120641231537,0.05999999865889549,1.350000023841858
2850,1.0181249380111694,0.23717032372951508,0.7487499713897705,1.3849999904632568
2851,0.8541250228881836,0.4243985116481781,-0.1262499988079071,1.4587500095367432
2852,0.8347500562667847,0.3702198565006256,0.19625000655651093,1.3987499475479126
2853,1.0648750066757202,0.2980915904045105,0.4087499976158142,1.375
2854,1.034250020980835,0.2934377193450928,0.33500000834465027,1.3524999618530273
2855,0.8216250538825989,0.4939018785953522,0.07000000029802322,1.4637500047683716
2856,0.8418749570846558,0.3382141888141632,0.1875,1.2862499952316284
2857,0.7477499842643738,0.4940517544746399,-0.029999999329447746,1.3587499856948853
2858,0.9411250352859497,0.21106089651584625,0.6175000071525574,1.3587499856948853
2859,0.531749963760376,1.1546826362609863,-2.825000047683716,1.3274999856948853
2860,0.9316250085830688,0.14504314959049225,0.7162500023841858,1.2287499904632568
2861,0.7798749804496765,0.40948039293289185,-0.10374999791383743,1.1349999904632568
2862,0.9297498464584351,0.2578642964363098,0.5787500143051147,1.3075000047683716
2863,0.936500072479248,0.278419554233551,0.39500001072883606,1.1887500286102295
2864,0.4361250400543213,1.2049492597579956,-2.924999952316284,1.3174999952316284
2865,0.5429999828338623,1.1293606758117676,-2.737499952316284,1.1687500476837158
2866,0.06212501600384712,1.5212880373001099,-2.825000047683716,1.1924999952316284
2867,0.8659999966621399,0.33983349800109863,0.2750000059604645,1.1987500190734863
2868,1.0656250715255737,0.1772949993610382,0.887499988079071,1.4800000190734863
2869,1.0476250648498535,0.09950573742389679,0.8399999737739563,1.1487499475479126
2870,0.3856250047683716,1.2280486822128296,-3.009999990463257,1.2362500429153442
2871,1.03125,0.20585568249225616,0.6962500214576721,1.4550000429153442
2872,0.8853750228881836,0.5549031496047974,-0.6662499904632568,1.3300000429153442
2873,0.965999960899353,0.3243829905986786,0.2562499940395355,1.3350000381469727
2874,0.8612499237060547,0.2291608452796936,0.5462499856948853,1.277500033378601
2875,0.7431249618530273,1.2445712089538574,-2.950000047683716,1.4225000143051147
2876,0.15800000727176666,1.567368984222412,-2.9862499237060547,1.4487500190734863
2877,1.0518749952316284,0.20004472136497498,0.5837500095367432,1.318750023841858
2878,0.9588750004768372,0.4430386424064636,-0.17249999940395355,1.472499966621399
2879,1.065999984741211,0.3631962239742279,0.10374999791383743,1.4049999713897705
2880,0.9502500295639038,0.23170144855976105,0.5249999761581421,1.3274999856948853
2881,1.0192501544952393,0.2313149869441986,0.6487500071525574,1.4275000095367432
2882,1.1102499961853027,0.2271059900522232,0.6237499713897705,1.4487500190734863
2883,0.8454999923706055,0.27274197340011597,0.36000001430511475,1.149999976158142
2884,0.793999969959259,0.7799754738807678,-1.4912500381469727,1.1862499713897705
2885,0.8673748970031738,0.34973400831222534,0.2150000035762787,1.4900000095367432
2886,0.9286249876022339,0.5512149930000305,-0.6075000166893005,1.4850000143051147
2887,-0.25187498331069946,1.7703238725662231,-3.047499895095825,1.0762499570846558
2888,1.0210000276565552,0.2571161091327667,0.6112499833106995,1.403749942779541
2889,1.122499942779541,0.1585983783006668,0.7487499713897705,1.3350000381469727
2890,1.109125018119812,0.14003577828407288,0.8612499833106995,1.2925000190734863
2891,1.0954999923706055,0.20042628049850464,0.6612499952316284,1.440000057220459
2892,0.8082500696182251,0.5137956738471985,-0.6312500238418579,1.3174999952316284
2893,0.815625011920929,0.4305655062198639,-0.24375000596046448,1.2337499856948853
2894,0.7355000376701355,0.6363779902458191,-0.793749988079071,1.2887500524520874
2895,0.9962499737739563,0.15654073655605316,0.7637500166893005,1.375
2896,0.5619999766349792,1.1876513957977295,-2.953749895095825,1.340000033378601
2897,0.9954999685287476,0.2770645320415497,0.2750000059604645,1.3137500286102295
2898,1.0808749198913574,0.10364911705255508,0.949999988079071,1.2649999856948853
2899,0.17112499475479126,1.5441275835037231,-2.8762500286102295,1.222499966621399
2900,0.6138750314712524,1.1881526708602905,-2.875,1.3174999952316284
2901,0.8716250658035278,0.32336127758026123,0.2750000059604645,1.2362500429153442
2902,1.071874976158142,0.18613775074481964,0.824999988079071,1.3799999952316284
2903,0.7593750953674316,0.6910780072212219,-1.1749999523162842,1.340000033378601
2904,0.6701250076293945,1.184043526649475,-2.825000047683716,1.3137500286102295
2905,0.9437500238418579,0.3176003694534302,0.07999999821186066,1.277500033378601
2906,0.935624897480011,0.3974379897117615,0.05249999836087227,1.4950000047683716
2907,0.6361249685287476,0.6447057723999023,-1.0112500190734863,1.375
2908,1.1166250705718994,0.1789998561143875,0.7450000047683716,1.472499966621399
2909,0.8174999356269836,0.3731206953525543,-0.0925000011920929,1.2337499856948853
2910,0.6908749938011169,1.21982741355896,-2.9312500953674316,1.2549999952316284
2911,0.5442500114440918,1.2072279453277588,-2.9312500953674316,1.3550000190734863
2912,0.9283750653266907,0.3637964129447937,0.27000001072883606,1.3250000476837158
2913,0.9453750848770142,0.2579292953014374,0.48750001192092896,1.315000057220459
2914,0.9800000190734863,0.2742062509059906,0.23999999463558197,1.15625
2915,1.0640000104904175,0.17857493460178375,0.7275000214576721,1.350000023841858
2916,0.5699999928474426,1.2036710977554321,-2.9887499809265137,1.3550000190734863
2917,0.9928749799728394,0.33880212903022766,0.38874998688697815,1.3637499809265137
2918,0.5454999804496765,1.195670485496521,-2.706249952316284,1.253749966621399
2919,0.7746249437332153,0.4545292854309082,-0.35499998927116394,1.2949999570846558
2920,0.2437499761581421,1.5909342765808105,-2.9000000953674316,1.5362499952316284
2921,1.1454999446868896,0.13977573812007904,0.8662499785423279,1.3350000381469727
2922,0.9428750276565552,0.2600378692150116,0.3112500011920929,1.1649999618530273
2923,1.1456249952316284,0.19553712010383606,0.8062499761581421,1.4262499809265137
2924,0.9078750610351562,0.21510830521583557,0.48249998688697815,1.225000023841858
2925,0.9426250457763672,0.35972705483436584,-0.019999999552965164,1.3624999523162842
2926,0.6361249685287476,1.2241158485412598,-2.983750104904175,1.350000023841858
2927,0.5503750443458557,1.2738823890686035,-3.15625,1.4950000047683716
2928,0.9549999237060547,0.33301180601119995,0.38374999165534973,1.3212499618530273
2929,0.8234999775886536,0.3646264374256134,0.08500000089406967,1.340000033378601
2930,0.9133750200271606,0.2882869839668274,0.32875001430511475,1.3550000190734863
2931,1.086875081062317,0.1348288655281067,0.8224999904632568,1.3075000047683716
2932,0.9197500348091125,0.43331456184387207,-0.2574999928474426,1.3862500190734863
2933,0.892125129699707,0.3832256495952606,0.12125000357627869,1.283750057220459
2934,1.049625039100647,0.30209583044052124,0.33000001311302185,1.377500057220459
2935,0.8852499127388,0.3985621929168701,-0.12999999523162842,1.246250033378601
2936,1.0953750610351562,0.15308497846126556,0.831250011920929,1.403749942779541
2937,0.8222500681877136,0.4914439022541046,-0.3512499928474426,1.3975000381469727
2938,0.9797499775886536,0.1678287833929062,0.6887500286102295,1.2000000476837158
2939,0.6190000772476196,1.208471417427063,-2.9124999046325684,1.4474999904632568
2940,1.072624921798706,0.2257469743490219,0.7350000143051147,1.4162499904632568
2941,0.9412499666213989,0.26887786388397217,0.42375001311302185,1.350000023841858
2942,1.1253749132156372,0.1911977380514145,0.8374999761581421,1.5137499570846558
2943,1.1871249675750732,0.18770408630371094,0.8224999904632568,1.3837499618530273
2944,1.078624963760376,0.14141853153705597,0.824999988079071,1.2625000476837158
2945,0.9930000305175781,0.2678532600402832,0.5112500190734863,1.3550000190734863
2946,0.5806249380111694,1.2504268884658813,-2.978749990463257,1.4450000524520874
2947,1.1291249990463257,0.22780820727348328,0.6899999976158142,1.4249999523162842
2948,1.1342499256134033,0.20230330526828766,0.8537499904632568,1.4900000095367432
2949,1.0845000743865967,0.17037755250930786,0.9049999713897705,1.5125000476837158
2950,1.1126248836517334,0.22399528324604034,0.7524999976158142,1.412500023841858
2951,0.8920000195503235,0.4107608199119568,-0.25874999165534973,1.149999976158142
2952,0.9126250147819519,0.5476639270782471,-0.5425000190734863,1.5412499904632568
2953,1.0737500190734863,0.12110816687345505,0.8412500023841858,1.3450000286102295
2954,0.9337499737739563,0.4907602369785309,-0.4662500023841858,1.3650000095367432
2955,0.9257499575614929,0.30778300762176514,0.05249999836087227,1.184999942779541
2956,1.0343749523162842,0.5163048505783081,-0.4050000011920929,1.5
2957,1.011625051498413,0.16955092549324036,0.7450000047683716,1.2262500524520874
2958,1.0466248989105225,0.2568560242652893,0.5299999713897705,1.3937499523162842
2959,0.9755001068115234,0.2121572047472,0.7262499928474426,1.403749942779541
2960,0.9416249990463257,0.2881541848182678,0.38999998569488525,1.2412500381469727
2961,0.9600000381469727,0.20816759765148163,0.5899999737739563,1.2200000286102295
2962,0.35462498664855957,1.5928893089294434,-2.862499952316284,1.527500033378601
2963,1.0177500247955322,0.19052542746067047,0.7450000047683716,1.441249966621399
2964,1.0934998989105225,0.1625324785709381,0.8237500190734863,1.3849999904632568
2965,0.9117500185966492,0.37664520740509033,0.16500000655651093,1.2387499809265137
2966,1.0106251239776611,0.31094175577163696,0.30375000834465027,1.3862500190734863
2967,0.9627500772476196,0.5075445771217346,-0.3675000071525574,1.503749966621399
2968,0.6655000448226929,1.2396029233932495,-2.950000047683716,1.350000023841858
2969,0.8416250348091125,0.43458566069602966,0.08749999850988388,1.278749942779541
2970,1.0118749141693115,0.22973506152629852,0.6050000190734863,1.350000023841858
2971,0.5588750243186951,1.2378495931625366,-2.963749885559082,1.5225000381469727
2972,0.9688749313354492,0.271342396736145,0.45750001072883606,1.2949999570846558
2973,0.9768749475479126,0.41894257068634033,-0.1274999976158142,1.4049999713897705
2974,0.8379999995231628,0.403833270072937,-0.1599999964237213,1.191249966621399
2975,1.0527501106262207,0.3106277883052826,0.48249998688697815,1.4674999713897705
2976,0.2592500150203705,1.5881863832473755,-3.122499942779541,1.308750033378601
2977,0.8671250343322754,0.29822394251823425,0.29124999046325684,1.3324999809265137
2978,0.9732500910758972,0.39889776706695557,0.13875000178813934,1.4637500047683716
2979,0.8733750581741333,0.20773033797740936,0.5299999713897705,1.162500023841858
2980,1.0343749523162842,0.19000595808029175,0.6825000047683716,1.412500023841858
2981,0.7278749346733093,0.5891145467758179,-0.8787500262260437,1.4762500524520874
2982,0.8461250066757202,0.34365972876548767,0.1274999976158142,1.2725000381469727
2983,1.0169999599456787,0.18399065732955933,0.5862500071525574,1.316249966621399
2984,0.9524999856948853,0.28170186281204224,0.4375,1.5412499904632568
2985,1.055625081062317,0.26861000061035156,0.512499988079071,1.5087499618530273
2986,1.0600000619888306,0.1847582906484604,0.8650000095367432,1.5175000429153442
2987,0.6209999918937683,1.1615490913391113,-2.8062500953674316,1.350000023841858
2988,0.7173749804496765,1.15738844871521,-2.731250047683716,1.283750057220459
2989,1.0331250429153442,0.2595267593860626,0.3824999928474426,1.3962500095367432
2990,0.9416249990463257,0.2345474660396576,0.5087500214576721,1.2675000429153442
2991,0.9436250925064087,0.3505707383155823,0.09125000238418579,1.412500023841858
2992,1.0084999799728394,0.24969719350337982,0.5487499833106995,1.3237500190734863
2993,1.0608749389648438,0.3171498775482178,0.33000001311302185,1.5549999475479126
2994,0.7615000605583191,1.2078187465667725,-2.8299999237060547,1.471250057220459
2995,1.1977498531341553,0.14745423197746277,0.8237500190734863,1.3300000429153442
2996,0.8020000457763672,0.3526113033294678,0.19499999284744263,1.243749976158142
2997,0.549875020980835,1.1390613317489624,-2.6875,1.440000057220459
2998,1.0643750429153442,0.3307076692581177,0.4025000035762787,1.4500000476837158
2999,0.9392499923706055,0.34167012572288513,0.10999999940395355,1.3212499618530273
3000,1.1186250448226929,0.17697319388389587,0.893750011920929,1.4262499809265137
3001,0.7243749499320984,0.6317802667617798,-0.8374999761581421,1.278749942779541
3002,0.6223748922348022,1.1784946918487549,-2.7987499237060547,1.2999999523162842
3003,1.0505000352859497,0.1439739465713501,0.8824999928474426,1.247499942779541
3004,0.8883749842643738,0.5795238018035889,-0.7350000143051147,1.5087499618530273
3005,1.0641250610351562,0.2538454532623291,0.4350000023841858,1.2999999523162842
3006,1.0283749103546143,0.2693377733230591,0.3774999976158142,1.350000023841858
3007,1.0467500686645508,0.1694081574678421,0.6162499785423279,1.28125
3008,0.9398750066757202,0.4928848147392273,-0.4724999964237213,1.3200000524520874
3009,1.1010000705718994,0.2894735634326935,0.38999998569488525,1.4375
3010,0.5416249632835388,1.2943938970565796,-3.291249990463257,1.3274999856948853
3011,0.9236249923706055,0.35089993476867676,0.32749998569488525,1.3137500286102295
3012,1.09975004196167,0.195598304271698,0.8399999737739563,1.3825000524520874
3013,1.0598750114440918,0.22476129233837128,0.4987500011920929,1.2999999523162842
3014,0.6231250762939453,1.175402283668518,-2.825000047683716,1.222499966621399
3015,0.9068750143051147,0.2929218113422394,0.29124999046325684,1.375
3016,0.9975000619888306,0.20375767350196838,0.7212499976158142,1.252500057220459
3017,0.9766250848770142,0.27540940046310425,0.45249998569488525,1.3962500095367432
3018,0.797624945640564,0.4530688524246216,-0.08250000327825546,1.2374999523162842
3019,0.936750054359436,0.398664265871048,0.19374999403953552,1.4900000095367432
3020,1.037750005722046,0.3621109127998352,0.17000000178813934,1.3949999809265137
3021,1.0127500295639038,0.26982390880584717,0.4412499964237213,1.4149999618530273
3022,0.9912499189376831,0.26535117626190186,0.4387499988079071,1.3075000047683716
3023,0.9611250162124634,0.14644265174865723,0.7250000238418579,1.2424999475479126
3024,1.0368750095367432,0.21844281256198883,0.5249999761581421,1.3574999570846558
3025,1.059000015258789,0.22186975181102753,0.7387499809265137,1.402500033378601
3026,-0.009249976836144924,1.5010029077529907,-2.953749895095825,1.1299999952316284
3027,0.9991250038146973,0.2494581937789917,0.4762499928474426,1.399999976158142
3028,1.0805001258850098,0.15644608438014984,0.8550000190734863,1.2912499904632568
3029,0.5619999766349792,1.2985315322875977,-2.9725000858306885,1.475000023841858
3030,1.007374882698059,0.17764735221862793,0.699999988079071,1.2587499618530273
3031,0.9898751378059387,0.42112997174263,0.09000000357627869,1.4387500286102295
3032,0.43650001287460327,1.2795449495315552,-3.1112499237060547,1.4137500524520874
3033,0.5642499923706055,1.2588956356048584,-3.103749990463257,1.3937499523162842
3034,1.0474998950958252,0.16631294786930084,0.7712500095367432,1.3312499523162842
3035,1.0056250095367432,0.12924085557460785,0.7712500095367432,1.184999942779541
3036,0.968999981880188,0.3404155671596527,0.04749999940395355,1.2100000381469727
3037,0.9207501411437988,0.3082573115825653,0.24375000596046448,1.4049999713897705
3038,1.0956250429153442,0.0914454311132431,0.9612500071525574,1.2037500143051147
3039,1.074625015258789,0.21331757307052612,0.7200000286102295,1.4737499952316284
3040,0.48387497663497925,1.1284308433532715,-2.668750047683716,1.256250023841858
3041,1.1807500123977661,0.13674817979335785,0.987500011920929,1.5175000429153442
3042,1.006250023841858,0.34127700328826904,0.4012500047683716,1.4049999713897705
3043,0.6468750238418579,0.5198786854743958,-0.3187499940395355,1.1349999904632568
3044,1.016124963760376,0.14783801138401031,0.7387499809265137,1.2999999523162842
3045,1.1016250848770142,0.21857783198356628,0.6175000071525574,1.3274999856948853
3046,1.0328749418258667,0.24926958978176117,0.6212499737739563,1.3600000143051147
3047,1.0706250667572021,0.18219517171382904,0.7024999856948853,1.3174999952316284
3048,0.9788749814033508,0.2885705530643463,0.23624999821186066,1.3137500286102295
3049,0.887499988079071,0.3753635883331299,0.11500000208616257,1.412500023841858
3050,0.981249988079071,0.2314120978116989,0.41624999046325684,1.2637499570846558
3051,1.144874930381775,0.1677790880203247,0.8924999833106995,1.431249976158142
3052,1.024749994277954,0.25681328773498535,0.3737500011920929,1.3075000047683716
3053,0.9827499389648438,0.4660555124282837,-0.08375000208616257,1.503749966621399
3054,1.0003750324249268,0.33182451128959656,0.23874999582767487,1.3825000524520874
3055,1.1579999923706055,0.2072160542011261,0.7275000214576721,1.4049999713897705
3056,0.4163750112056732,1.1485939025878906,-2.856250047683716,1.2174999713897705
3057,0.9927500486373901,0.24815428256988525,0.4637500047683716,1.316249966621399
3058,1.1337499618530273,0.13426071405410767,0.7950000166893005,1.3075000047683716
3059,1.0130001306533813,0.3120557963848114,0.29124999046325684,1.4187500476837158
3060,0.9915000200271606,0.21346749365329742,0.6787499785423279,1.3312499523162842
3061,1.1128748655319214,0.20367103815078735,0.6412500143051147,1.4175000190734863
3062,1.11537504196167,0.07946512848138809,0.9912499785423279,1.221250057220459
3063,0.8691250681877136,0.4070184826850891,-0.26499998569488525,1.2450000047683716
3064,1.1333749294281006,0.29608437418937683,0.5762500166893005,1.527500033378601
3065,0.7463749647140503,1.2069758176803589,-2.848750114440918,1.4049999713897705
3066,1.0778751373291016,0.14134183526039124,0.7962499856948853,1.34375
3067,0.9398749470710754,0.3509097397327423,0.3499999940395355,1.3637499809265137
3068,1.0003750324249268,0.1821444034576416,0.6474999785423279,1.2599999904632568
3069,0.9076250195503235,0.307755708694458,0.05375000089406967,1.1200000047683716
3070,0.9321249127388,0.33802878856658936,0.06624999642372131,1.2100000381469727
3071,0.9984999895095825,0.32445234060287476,0.14000000059604645,1.2599999904632568
3072,0.8723750114440918,0.3656144142150879,0.14749999344348907,1.2662500143051147
3073,1.028249979019165,0.30942800641059875,0.4350000023841858,1.5499999523162842
3074,1.0547500848770142,0.23749133944511414,0.45124998688697815,1.2912499904632568
3075,0.6101250052452087,1.1838524341583252,-2.8812499046325684,1.4537500143051147
3076,0.9606249928474426,0.6140559911727905,-0.7950000166893005,1.3987499475479126
3077,0.6391249299049377,1.2047709226608276,-2.911250114440918,1.368749976158142
3078,1.1202499866485596,0.13631053268909454,0.7300000190734863,1.2262500524520874
3079,1.1177499294281006,0.18036143481731415,0.824999988079071,1.493749976158142
3080,0.9022499918937683,0.4780326783657074,-0.3499999940395355,1.431249976158142
3081,0.9459999799728394,0.22411617636680603,0.7049999833106995,1.3674999475479126
3082,0.828874945640564,0.49944794178009033,-0.47874999046325684,1.252500057220459
3083,1.1868749856948853,0.17765595018863678,0.8799999952316284,1.5137499570846558
3084,0.856124997138977,0.5127939581871033,-0.3675000071525574,1.2450000047683716
3085,0.7654999494552612,1.2254881858825684,-2.875,1.440000057220459
3086,0.6114999651908875,1.213729977607727,-2.9725000858306885,1.308750033378601
3087,0.8442500233650208,0.5192850232124329,-0.6800000071525574,1.2287499904632568
3088,0.4128749966621399,1.1318397521972656,-2.817500114440918,1.1862499713897705
3089,0.6001249551773071,1.2314835786819458,-3.021250009536743,1.278749942779541
3090,0.8927499651908875,0.3583559989929199,-0.008750000037252903,1.2350000143051147
3091,0.7584999799728394,1.1778268814086914,-2.737499952316284,1.503749966621399
3092,0.6138750314712524,1.2436407804489136,-3.049999952316284,1.3337500095367432
3093,1.129249930381775,0.09968262910842896,0.9850000143051147,1.2712500095367432
3094,1.0715000629425049,0.1836826354265213,0.7825000286102295,1.4950000047683716
3095,0.9906250238418579,0.21845212578773499,0.6387500166893005,1.3037500381469727
3096,0.8726250529289246,0.35714423656463623,0.20125000178813934,1.2637499570846558
3097,0.9873749613761902,0.2784979045391083,0.5862500071525574,1.5137499570846558
3098,1.1102498769760132,0.12269219756126404,0.9312499761581421,1.3524999618530273
3099,1.1049998998641968,0.19397808611392975,0.731249988079071,1.4249999523162842
3100,1.077625036239624,0.20996016263961792,0.6399999856948853,1.4900000095367432
3101,1.0797500610351562,0.26042622327804565,0.42875000834465027,1.3587499856948853
3102,0.2734999656677246,1.2448924779891968,-2.930000066757202,1.4225000143051147
3103,0.9242500066757202,0.3006587624549866,0.2887499928474426,1.2450000047683716
3104,1.0160000324249268,0.20891670882701874,0.6474999785423279,1.3550000190734863
3105,0.8552500605583191,0.610809862613678,-0.824999988079071,1.4175000190734863
3106,1.167875051498413,0.11771530658006668,0.9312499761581421,1.3887499570846558
3107,0.6722500920295715,1.2079380750656128,-2.934999942779541,1.2362500429153442
3108,1.0820000171661377,0.16612042486667633,0.8462499976158142,1.403749942779541
3109,0.9881249666213989,0.26715588569641113,0.45875000953674316,1.3250000476837158
3110,1.2055000066757202,0.1989968717098236,0.8974999785423279,1.527500033378601
3111,0.9667499661445618,0.2814123034477234,0.45249998569488525,1.2999999523162842
3112,0.5157500505447388,1.210700273513794,-2.706249952316284,1.3212499618530273
3113,1.0107500553131104,0.16300708055496216,0.7512500286102295,1.3274999856948853
3114,0.8690000772476196,0.691178560256958,-1.0987499952316284,1.4387500286102295
3115,0.9952500462532043,0.19895727932453156,0.5662500262260437,1.2637499570846558
3116,0.965999960899353,0.3643169105052948,-0.029999999329447746,1.3574999570846558
3117,1.027999997138977,0.20683342218399048,0.5074999928474426,1.2174999713897705
3118,1.1588749885559082,0.27953559160232544,0.5862500071525574,1.5637500286102295
3119,0.9863749742507935,0.1865990161895752,0.6112499833106995,1.2087500095367432
3120,1.077124834060669,0.28156983852386475,0.5137500166893005,1.5362499952316284
3121,0.9015000462532043,0.4827524423599243,-0.004999999888241291,1.3362499475479126
3122,0.9940000772476196,0.3301665186882019,0.08874999731779099,1.2762500047683716
3123,0.6937500238418579,1.2101318836212158,-2.867500066757202,1.4275000095367432
3124,0.7815000414848328,0.30275958776474,0.2199999988079071,1.193750023841858
3125,0.8496249914169312,0.28376269340515137,0.41999998688697815,1.2274999618530273
3126,1.0210000276565552,0.3685867488384247,0.03125,1.316249966621399
3127,0.6216250658035278,1.183035969734192,-2.8424999713897705,1.399999976158142
3128,0.9950000047683716,0.13876350224018097,0.768750011920929,1.2112499475479126
3129,0.8127500414848328,0.30987387895584106,0.11375000327825546,1.1799999475479126
3130,1.1112499237060547,0.2429165244102478,0.7149999737739563,1.4637500047683716
3131,1.0501248836517334,0.16783404350280762,0.7862499952316284,1.3274999856948853
3132,0.9797500371932983,0.1852252036333084,0.6612499952316284,1.3125
3133,0.484874963760376,1.1749387979507446,-2.822499990463257,1.309999942779541
3134,1.0715000629425049,0.17062458395957947,0.8424999713897705,1.2949999570846558
3135,1.1189998388290405,0.1937078982591629,0.8224999904632568,1.503749966621399
3136,1.0197499990463257,0.19294491410255432,0.5987499952316284,1.2637499570846558
3137,0.8366249203681946,0.3024871051311493,-0.02500000037252903,1.0824999809265137
3138,0.5273749828338623,1.217877984046936,-2.856250047683716,1.2899999618530273
3139,0.9844999313354492,0.21259936690330505,0.5400000214576721,1.399999976158142
3140,0.8574999570846558,0.3984866142272949,-0.0024999999441206455,1.3524999618530273
3141,0.9874998927116394,0.24517595767974854,0.3474999964237213,1.243749976158142
3142,0.95374995470047,0.30146828293800354,0.3462499976158142,1.2625000476837158
3143,1.1346250772476196,0.257200688123703,0.7512500286102295,1.5
3144,0.9141250848770142,0.3000192940235138,0.3824999928474426,1.2412500381469727
3145,0.9752499461174011,0.21510085463523865,0.5212500095367432,1.2625000476837158
3146,0.8684999346733093,0.26976194977760315,0.32875001430511475,1.131250023841858
3147,0.9637500047683716,0.2120451033115387,0.6575000286102295,1.2549999952316284
3148,0.8936249613761902,0.5485146045684814,-0.6274999976158142,1.2412500381469727
3149,1.0755001306533813,0.18616627156734467,0.731249988079071,1.3137500286102295
3150,0.9862500429153442,0.3568897843360901,-0.0012499999720603228,1.350000023841858
3151,1.0427500009536743,0.33434492349624634,0.1587499976158142,1.5149999856948853
3152,1.0549999475479126,0.30367591977119446,0.4950000047683716,1.4874999523162842
3153,0.8895000219345093,0.2663457691669464,0.3400000035762787,1.2412500381469727
3154,0.637874960899353,1.2189161777496338,-2.961250066757202,1.3212499618530273
3155,-0.5261248350143433,1.9372611045837402,-2.934999942779541,1.308750033378601
3156,1.0943748950958252,0.24064254760742188,0.4925000071525574,1.493749976158142
3157,1.0042500495910645,0.2179071009159088,0.6700000166893005,1.3912500143051147
3158,1.0233749151229858,0.24887624382972717,0.4950000047683716,1.3637499809265137
3159,1.0081250667572021,0.17693239450454712,0.6050000190734863,1.2599999904632568
3160,0.6602500081062317,1.19302237033844,-2.825000047683716,1.4550000429153442
3161,1.0341249704360962,0.1959233283996582,0.6337500214576721,1.4299999475479126
3162,0.5630000233650208,1.1623958349227905,-2.700000047683716,1.3200000524520874
3163,0.8836250305175781,0.45199090242385864,-0.11500000208616257,1.5175000429153442
3164,1.0061249732971191,0.21502068638801575,0.5625,1.253749966621399
3165,0.4352499842643738,1.1781798601150513,-2.755000114440918,1.2662500143051147
3166,0.9267500042915344,0.2883380055427551,0.2750000059604645,1.2350000143051147
3167,1.0087499618530273,0.26121529936790466,0.5649999976158142,1.3624999523162842
3168,1.0982500314712524,0.3858145475387573,-0.019999999552965164,1.3849999904632568
3169,1.0751250982284546,0.21208448708057404,0.5737500190734863,1.346250057220459
3170,0.8837500810623169,0.38149333000183105,-0.1862500011920929,1.2274999618530273
3171,1.064250111579895,0.09579633176326752,0.9100000262260437,1.2262500524520874
3172,0.7741249799728394,0.781333863735199,-1.1699999570846558,1.5175000429153442
3173,0.8584998846054077,0.2480258047580719,0.5037500262260437,1.434999942779541
3174,1.0429999828338623,0.1821693778038025,0.7512500286102295,1.2987500429153442
3175,1.021375060081482,0.3508296012878418,0.014999999664723873,1.3987499475479126
3176,1.004249930381775,0.22811265289783478,0.6225000023841858,1.3825000524520874
3177,0.9966249465942383,0.2570153474807739,0.3100000023841858,1.2649999856948853
3178,1.0484999418258667,0.33364033699035645,0.23250000178813934,1.4550000429153442
3179,1.0066249370574951,0.235880047082901,0.4375,1.2549999952316284
3180,0.9398750066757202,0.49690932035446167,-0.35374999046325684,1.434999942779541
3181,1.0077497959136963,0.29119569063186646,0.2824999988079071,1.3112499713897705
3182,1.1036250591278076,0.18706822395324707,0.6962500214576721,1.3250000476837158
3183,0.8617499470710754,0.29527541995048523,0.1850000023841858,1.2450000047683716
3184,0.8751250505447388,0.4391619861125946,0.12125000357627869,1.4950000047683716
3185,0.9591250419616699,0.2742285132408142,0.3487499952316284,1.2400000095367432
3186,1.062999963760376,0.24077624082565308,0.6112499833106995,1.4537500143051147
3187,1.012125015258789,0.29404348134994507,0.3449999988079071,1.3524999618530273
3188,0.8812500238418579,0.5320317149162292,-0.4712499976158142,1.3849999904632568
3189,0.5578749775886536,1.16561758518219,-2.8062500953674316,1.3137500286102295
3190,1.0178749561309814,0.23709508776664734,0.5837500095367432,1.4450000524520874
3191,1.0199999809265137,0.15017488598823547,0.7875000238418579,1.274999976158142
3192,0.8443750143051147,0.5678069591522217,-0.26124998927116394,1.3274999856948853
3193,0.9477499723434448,0.2752724885940552,0.4000000059604645,1.2949999570846558
3194,1.0986250638961792,0.26278284192085266,0.7099999785423279,1.4587500095367432
3195,0.9622500538825989,0.3583306670188904,-0.04874999821186066,1.2737499475479126
3196,0.9864999651908875,0.35700786113739014,0.15000000596046448,1.4950000047683716
3197,1.1375000476837158,0.18939954042434692,0.7049999833106995,1.3887499570846558
3198,0.9411250352859497,0.41861429810523987,0.12125000357627869,1.4249999523162842
3199,1.0631248950958252,0.31578385829925537,0.36125001311302185,1.4587500095367432
3200,0.625499963760376,1.20051908493042,-2.9312500953674316,1.350000023841858
3201,0.9711250066757202,0.1797797530889511,0.6387500166893005,1.1862499713897705
3202,1.0334999561309814,0.23844270408153534,0.5249999761581421,1.368749976158142
3203,1.0,0.15847711265087128,0.6924999952316284,1.2174999713897705
3204,0.5756250023841858,1.1948376893997192,-2.825000047683716,1.3224999904632568
3205,0.6807499527931213,1.2393873929977417,-2.8975000381469727,1.4950000047683716
3206,0.9595000147819519,0.3669763207435608,0.11999999731779099,1.2200000286102295
3207,1.0571248531341553,0.14789043366909027,0.8199999928474426,1.3125
3208,1.1039999723434448,0.12825000286102295,0.90625,1.3574999570846558
3209,1.1097500324249268,0.1882508397102356,0.7462499737739563,1.3937499523162842
3210,1.0625,0.1395718902349472,0.8962500095367432,1.3387500047683716
3211,0.7975000143051147,0.6945009827613831,-0.8600000143051147,1.4824999570846558
3212,0.4256249964237213,1.2501143217086792,-2.8924999237060547,1.3537499904632568
3213,1.0453749895095825,0.09705675393342972,0.8600000143051147,1.2274999618530273
3214,1.0276249647140503,0.1550579071044922,0.7825000286102295,1.2725000381469727
3215,1.1278750896453857,0.28121277689933777,0.5450000166893005,1.472499966621399
3216,0.8447500467300415,0.34978020191192627,0.009999999776482582,1.2074999809265137
3217,0.6676249504089355,1.201025128364563,-2.890000104904175,1.3762500286102295
3218,0.9935000538825989,0.19843828678131104,0.49000000953674316,1.2000000476837158
3219,1.0137499570846558,0.1868865191936493,0.7749999761581421,1.308750033378601
3220,1.1068750619888306,0.14280477166175842,0.8324999809265137,1.3137500286102295
3221,0.8672500848770142,0.47133350372314453,-0.03750000149011612,1.4800000190734863
3222,0.8293749690055847,0.3111572265625,0.2562499940395355,1.1862499713897705
3223,0.6516250371932983,0.6918641328811646,-0.6499999761581421,1.4175000190734863
3224,1.0404999256134033,0.25620442628860474,0.38999998569488525,1.308750033378601
3225,0.966249942779541,0.297863245010376,0.3149999976158142,1.5087499618530273
3226,0.9909998774528503,0.33994337916374207,0.23250000178813934,1.4850000143051147
3227,1.034749984741211,0.2363450825214386,0.6050000190734863,1.3700000047683716
3228,0.8533750772476196,0.3993741273880005,-0.004999999888241291,1.3862500190734863
3229,0.9737499952316284,0.3495510518550873,0.0625,1.4049999713897705
3230,0.8686250448226929,0.2951802909374237,0.18125000596046448,1.2037500143051147
3231,0.9296250343322754,0.5398828387260437,-0.007499999832361937,1.5137499570846558
3232,0.37525004148483276,1.2453089952468872,-3.237499952316284,1.341249942779541
3233,0.31174999475479126,1.3009753227233887,-2.918750047683716,1.2412500381469727
3234,1.0022499561309814,0.4457527995109558,0.02500000037252903,1.3487499952316284
3235,0.862625002861023,0.36635342240333557,0.20000000298023224,1.34375
3236,0.8309999704360962,0.7298392653465271,-1.1950000524520874,1.3912500143051147
3237,0.9826250076293945,0.35997501015663147,0.05375000089406967,1.4249999523162842
3238,0.5309999585151672,1.1501599550247192,-2.759999990463257,1.4325000047683716
3239,0.9645000696182251,0.21629856526851654,0.5975000262260437,1.2662500143051147
3240,0.9629999995231628,0.33428850769996643,0.2750000059604645,1.4262499809265137
3241,1.0576250553131104,0.08711246401071548,0.9524999856948853,1.283750057220459
3242,1.0471251010894775,0.21127000451087952,0.5212500095367432,1.2999999523162842
3243,0.9294999837875366,0.4729548692703247,-0.07500000298023224,1.403749942779541
3244,1.000499963760376,0.3133304715156555,0.36125001311302185,1.4275000095367432
3245,0.7268749475479126,0.6373365521430969,-0.6262500286102295,1.181249976158142
3246,1.0262500047683716,0.2705347537994385,0.39750000834465027,1.3912500143051147
3247,0.9710000157356262,0.2045000046491623,0.5950000286102295,1.2587499618530273
3248,1.0425000190734863,0.11999087035655975,0.7850000262260437,1.1787500381469727
3249,0.9651250839233398,0.13363364338874817,0.6837499737739563,1.128749966621399
3250,0.5282500386238098,1.2250843048095703,-2.9000000953674316,1.4299999475479126
3251,1.0084999799728394,0.19142213463783264,0.7649999856948853,1.34375
3252,1.0329999923706055,0.17267128825187683,0.6387500166893005,1.252500057220459
3253,1.0448750257492065,0.33313870429992676,0.29875001311302185,1.3174999952316284
3254,1.111625075340271,0.2878878116607666,0.5674999952316284,1.5087499618530273
3255,1.0401250123977661,0.15308743715286255,0.6387500166893005,1.2112499475479126
3256,1.0344998836517334,0.19851574301719666,0.7275000214576721,1.4537500143051147
3257,0.2280000001192093,1.5297340154647827,-2.809999942779541,1.2649999856948853
3258,1.0078750848770142,0.132543683052063,0.7149999737739563,1.1449999809265137
3259,1.044124960899353,0.18926507234573364,0.8537499904632568,1.5137499570846558
3260,0.9780000448226929,0.38066643476486206,-0.08624999970197678,1.3324999809265137
3261,0.7645000219345093,1.1935993432998657,-2.799999952316284,1.2899999618530273
3262,0.7211250066757202,1.2691395282745361,-2.9800000190734863,1.441249966621399
3263,0.6022499799728394,1.2003766298294067,-2.96875,1.3762500286102295
3264,1.0112500190734863,0.24126683175563812,0.6200000047683716,1.2575000524520874
3265,0.888499915599823,0.5780559182167053,-0.7599999904632568,1.3899999856948853
3266,1.005500078201294,0.32801973819732666,0.21250000596046448,1.381250023841858
3267,0.9600000381469727,0.30132001638412476,0.3137499988079071,1.434999942779541
3268,0.5554999709129333,1.2431554794311523,-3.0137500762939453,1.493749976158142
3269,1.0293749570846558,0.2570726275444031,0.6212499737739563,1.5125000476837158
3270,0.9121249914169312,0.5494926571846008,-0.26374998688697815,1.3362499475479126
3271,0.9219999313354492,0.23258143663406372,0.36125001311302185,1.222499966621399
3272,0.9422499537467957,0.37472814321517944,0.14624999463558197,1.3674999475479126
3273,0.9958750009536743,0.20884357392787933,0.6600000262260437,1.308750033378601
3274,1.0848749876022339,0.12923507392406464,0.8199999928474426,1.215000033378601
3275,1.093999981880188,0.1384814977645874,0.8587499856948853,1.368749976158142
3276,1.0628750324249268,0.17066602408885956,0.7325000166893005,1.371250033378601
3277,0.21525001525878906,1.211974859237671,-2.7799999713897705,1.4225000143051147
3278,0.9328750371932983,0.709361732006073,-1.034999966621399,1.4912500381469727
3279,1.1635000705718994,0.16052629053592682,0.8199999928474426,1.4587500095367432
3280,1.008500099182129,0.2876471281051636,0.3199999928474426,1.4450000524520874
3281,0.9237500429153442,0.31999948620796204,0.33000001311302185,1.3887499570846558
3282,0.8472499847412109,0.44675523042678833,0.07374999672174454,1.462499976158142
3283,0.7143750190734863,1.2120137214660645,-2.884999990463257,1.3250000476837158
3284,0.9295001029968262,0.2891518473625183,0.3425000011920929,1.4199999570846558
3285,1.0336248874664307,0.23603127896785736,0.4925000071525574,1.3600000143051147
3286,0.9774999618530273,0.32916608452796936,0.17749999463558197,1.5175000429153442
3287,0.8649999499320984,0.3953060805797577,-0.14000000059604645,1.2762500047683716
3288,0.9789999127388,0.3534662425518036,0.3462499976158142,1.5225000381469727
3289,1.1173750162124634,0.19915951788425446,0.7549999952316284,1.3862500190734863
3290,0.9193750619888306,0.3784830868244171,0.11999999731779099,1.3262499570846558
3291,0.9152499437332153,0.36441770195961,0.004999999888241291,1.2274999618530273
3292,0.5688749551773071,1.1546931266784668,-2.836250066757202,1.3125
3293,0.7315000295639038,1.207151174545288,-2.825000047683716,1.440000057220459
3294,0.8754999041557312,0.3826797902584076,0.14624999463558197,1.2312500476837158
3295,1.0063749551773071,0.20177219808101654,0.5849999785423279,1.3125
3296,1.0273749828338623,0.2977616786956787,0.23000000417232513,1.403749942779541
3297,0.8087499737739563,1.194800853729248,-2.7562499046325684,1.4774999618530273
3298,0.9866250157356262,0.41737091541290283,0.17624999582767487,1.4950000047683716
3299,1.0829999446868896,0.16893619298934937,0.8537499904632568,1.375
3300,0.5912500619888306,1.1915614604949951,-2.9600000381469727,1.1675000190734863
3301,1.0131250619888306,0.28597328066825867,0.5625,1.4637500047683716
3302,0.6022499799728394,1.2074474096298218,-2.9600000381469727,1.2899999618530273
3303,0.8373750448226929,0.30836841464042664,0.2199999988079071,1.190000057220459
3304,0.8451249003410339,0.3838067650794983,0.10999999940395355,1.2999999523162842
3305,0.10887501388788223,1.6527292728424072,-3.0274999141693115,1.2699999809265137
3306,1.0735000371932983,0.23773594200611115,0.6549999713897705,1.403749942779541
3307,0.6163750290870667,1.3490246534347534,-3.3212499618530273,1.5175000429153442
3308,0.9827501177787781,0.2778026759624481,0.33000001311302185,1.243749976158142
3309,0.5502499341964722,0.6780751347541809,-1.1412500143051147,1.153749942779541
3310,0.8562499284744263,0.5220030546188354,0.009999999776482582,1.5449999570846558
3311,0.9514999389648438,0.1782061606645584,0.4737499952316284,1.184999942779541
3312,1.017625093460083,0.33712825179100037,0.2887499928474426,1.3450000286102295
3313,0.5997499823570251,1.2569853067398071,-2.9800000190734863,1.527500033378601
3314,0.9960001111030579,0.4192153215408325,-0.20000000298023224,1.3987499475479126
3315,0.9431249499320984,0.277719646692276,0.23624999821186066,1.375
3316,1.0997499227523804,0.21600984036922455,0.6700000166893005,1.4187500476837158
3317,1.108875036239624,0.3559825122356415,0.20874999463558197,1.5412499904632568
3318,0.9083749651908875,0.40349915623664856,0.16750000417232513,1.377500057220459
3319,1.0808749198913574,0.2926613390445709,0.32499998807907104,1.408750057220459
3320,0.7225000262260437,1.2355620861053467,-2.793750047683716,1.5087499618530273
3321,1.0402500629425049,0.17357978224754333,0.6200000047683716,1.2612500190734863
3322,1.0922499895095825,0.1658301055431366,0.8125,1.3837499618530273
3323,0.578374981880188,1.156738519668579,-2.8187499046325684,1.2074999809265137
3324,1.0613750219345093,0.3121955692768097,0.18250000476837158,1.371250033378601
3325,1.087249994277954,0.23537324368953705,0.5475000143051147,1.399999976158142
3326,0.9887499809265137,0.2521073520183563,0.5024999976158142,1.2887500524520874
3327,1.0402500629425049,0.25797638297080994,0.3824999928474426,1.3300000429153442
3328,1.0613749027252197,0.3527660667896271,0.06624999642372131,1.3250000476837158
3329,1.0812499523162842,0.24416948854923248,0.6387500166893005,1.4199999570846558
3330,0.9416249990463257,0.3140113651752472,0.06624999642372131,1.2625000476837158
3331,1.0887501239776611,0.1090613454580307,0.862500011920929,1.2612500190734863
3332,0.4351249635219574,1.335991382598877,-3.2125000953674316,1.3025000095367432
3333,0.997874915599823,0.2138165384531021,0.6700000166893005,1.3762500286102295
3334,1.1159999370574951,0.1632155328989029,0.7387499809265137,1.3337500095367432
3335,1.0435000658035278,0.21729502081871033,0.6912500262260437,1.399999976158142
3336,0.8463749885559082,0.3352664113044739,-0.11124999821186066,1.1349999904632568
3337,1.146875023841858,0.19822514057159424,0.7699999809265137,1.5087499618530273
3338,1.128499984741211,0.2730475068092346,0.6337500214576721,1.5125000476837158
3339,0.9290000200271606,0.25897863507270813,0.4737499952316284,1.2262500524520874
3340,0.9387500882148743,0.5726991891860962,-0.32875001430511475,1.4487500190734863
3341,1.0376250743865967,0.27655211091041565,0.32875001430511475,1.3674999475479126
3342,0.8428750038146973,0.6852139234542847,-1.1399999856948853,1.2549999952316284
3343,0.9572499990463257,0.27717989683151245,0.32624998688697815,1.2400000095367432
3344,0.8704999685287476,0.39413994550704956,-0.14499999582767487,1.4362499713897705
3345,0.940750002861023,0.45922866463661194,-0.4087499976158142,1.215000033378601
3346,1.1026248931884766,0.1907489001750946,0.8587499856948853,1.503749966621399
3347,0.8762499690055847,0.391082227230072,-0.02500000037252903,1.5325000286102295
3348,0.997499942779541,0.3772391676902771,0.017500000074505806,1.4075000286102295
3349,1.0870000123977661,0.24299897253513336,0.42750000953674316,1.3250000476837158
3350,0.47587504982948303,1.4928135871887207,-3.9774999618530273,1.2087500095367432
3351,0.5863749980926514,1.454603672027588,-3.634999990463257,1.440000057220459
3352,0.8109999895095825,0.3779607117176056,0.1875,1.350000023841858
3353,1.0683749914169312,0.21380195021629333,0.6162499785423279,1.3200000524520874
3354,1.0950000286102295,0.23074065148830414,0.7300000190734863,1.4674999713897705
3355,1.1301249265670776,0.12952731549739838,0.8799999952316284,1.3362499475479126
3356,1.0809999704360962,0.1925874799489975,0.7037500143051147,1.2962499856948853
3357,1.1052501201629639,0.10372108221054077,0.9449999928474426,1.2825000286102295
3358,0.8848749995231628,0.4322652816772461,-0.33125001192092896,1.2999999523162842
3359,1.044874906539917,0.22123830020427704,0.8512499928474426,1.53125
3360,1.0369999408721924,0.2552989721298218,0.5737500190734863,1.3550000190734863
3361,1.0753748416900635,0.2714216113090515,0.6775000095367432,1.4900000095367432
3362,1.1172499656677246,0.2628300189971924,0.5237500071525574,1.372499942779541
3363,0.9323749542236328,0.21141743659973145,0.53125,1.2450000047683716
3364,1.111375093460083,0.2634775936603546,0.5,1.5087499618530273
3365,1.003000020980835,0.15253299474716187,0.7124999761581421,1.1987500190734863
3366,1.082124948501587,0.16733765602111816,0.78125,1.3200000524520874
3367,1.0861250162124634,0.12232314050197601,0.9150000214576721,1.2962499856948853
3368,0.8203749656677246,0.5639339685440063,-0.2800000011920929,1.4249999523162842
3369,1.1477500200271606,0.17363286018371582,0.8487499952316284,1.4049999713897705
3370,0.9661250114440918,0.1960759162902832,0.5400000214576721,1.2999999523162842
3371,0.9789999723434448,0.2753502428531647,0.2750000059604645,1.277500033378601
3372,1.0511250495910645,0.2857591211795807,0.5487499833106995,1.377500057220459
3373,1.0421249866485596,0.3368280529975891,0.22750000655651093,1.503749966621399
3374,0.3466250002384186,1.5843844413757324,-2.930000066757202,1.3624999523162842
3375,0.996749997138977,0.3591383695602417,0.16249999403953552,1.3287500143051147
3376,1.0172500610351562,0.23519591987133026,0.4925000071525574,1.403749942779541
3377,0.8562501072883606,0.24715441465377808,0.3199999928474426,1.1675000190734863
3378,0.9367499351501465,0.29402709007263184,0.32499998807907104,1.277500033378601
3379,0.9536250233650208,0.5279566645622253,-0.4399999976158142,1.3912500143051147
3380,1.0899999141693115,0.07119515538215637,0.9900000095367432,1.243749976158142
3381,1.0643749237060547,0.21540749073028564,0.7300000190734863,1.4225000143051147
3382,1.1281249523162842,0.13504658639431,0.8012499809265137,1.2737499475479126
3383,1.0501251220703125,0.20169782638549805,0.518750011920929,1.2937500476837158
3384,0.9760000109672546,0.20636196434497833,0.6212499737739563,1.2575000524520874
3385,1.0616250038146973,0.20453837513923645,0.550000011920929,1.284999966621399
3386,1.0140000581741333,0.1849939078092575,0.6600000262260437,1.2649999856948853
3387,1.155500054359436,0.23112308979034424,0.6700000166893005,1.4850000143051147
3388,0.997124969959259,0.2524400055408478,0.6650000214576721,1.3875000476837158
3389,1.076625108718872,0.209893599152565,0.75,1.4225000143051147
3390,0.9947500228881836,0.3059130012989044,0.2549999952316284,1.4800000190734863
3391,1.1467499732971191,0.19223293662071228,0.8612499833106995,1.4900000095367432
3392,0.856249988079071,0.7003668546676636,-1.118749976158142,1.5362499952316284
3393,1.075124979019165,0.2032189816236496,0.6187499761581421,1.3312499523162842
3394,1.1478750705718994,0.13203461468219757,0.9162499904632568,1.350000023841858
3395,0.9333750009536743,0.2546750605106354,0.41624999046325684,1.2200000286102295
3396,1.0063749551773071,0.22163911163806915,0.5799999833106995,1.4049999713897705
3397,0.6592499613761902,1.2349956035614014,-2.978749990463257,1.2862499952316284
3398,1.0607500076293945,0.28690817952156067,0.5987499952316284,1.4900000095367432
3399,1.1608750820159912,0.1593042016029358,0.9399999976158142,1.3862500190734863
3400,0.9447500109672546,0.3758643567562103,0.061250001192092896,1.5
3401,0.9397500157356262,0.3943791687488556,0.27250000834465027,1.5
3402,0.6808750033378601,1.145744800567627,-2.71875,1.3312499523162842
3403,0.19475001096725464,1.2498432397842407,-2.802500009536743,1.274999976158142
3404,0.31687498092651367,1.5743956565856934,-2.8375000953674316,1.4674999713897705
3405,1.086125135421753,0.15881343185901642,0.6474999785423279,1.225000023841858
3406,0.9692500233650208,0.2898158133029938,0.4399999976158142,1.2575000524520874
3407,0.968375027179718,0.3419357240200043,0.10374999791383743,1.350000023841858
3408,0.6163749694824219,1.3337467908859253,-3.3399999141693115,1.2999999523162842
3409,1.0080000162124634,0.46419158577919006,-0.22499999403953552,1.3487499952316284
3410,0.9394999742507935,0.2126993089914322,0.5637500286102295,1.2925000190734863
3411,1.0281249284744263,0.12170178443193436,0.84375,1.184999942779541
3412,0.8612500429153442,0.5680102705955505,-0.7662500143051147,1.2925000190734863
3413,1.071874976158142,0.1705572009086609,0.8450000286102295,1.4049999713897705
3414,0.8882499933242798,0.5688033103942871,-0.699999988079071,1.434999942779541
3415,1.108374834060669,0.11471029371023178,0.9350000023841858,1.2637499570846558
3416,1.0255000591278076,0.3144013285636902,0.19499999284744263,1.3650000095367432
3417,1.05287504196167,0.30643367767333984,0.5625,1.5075000524520874
3418,0.8608749508857727,0.3837442994117737,-0.17125000059604645,1.2725000381469727
3419,0.5845000147819519,1.155911922454834,-2.799999952316284,1.243749976158142
3420,0.41599997878074646,1.2598704099655151,-3.3062500953674316,1.131250023841858
3421,0.9886249303817749,0.29832836985588074,0.39250001311302185,1.5087499618530273
3422,0.7402499914169312,1.243513584136963,-2.9725000858306885,1.3337500095367432
3423,1.0202499628067017,0.17641553282737732,0.6150000095367432,1.221250057220459
3424,1.0959999561309814,0.16028761863708496,0.8949999809265137,1.5137499570846558
3425,1.121000051498413,0.24488568305969238,0.5975000262260437,1.5362499952316284
3426,0.9844999313354492,0.2659900188446045,0.36500000953674316,1.3600000143051147
3427,1.0857499837875366,0.2586456537246704,0.4937500059604645,1.3912500143051147
3428,0.9568750262260437,0.28244149684906006,0.2549999952316284,1.252500057220459
3429,1.0568749904632568,0.14936348795890808,0.7674999833106995,1.3262499570846558
3430,1.0424998998641968,0.37094640731811523,0.026249999180436134,1.318750023841858
3431,1.0851249694824219,0.17700675129890442,0.6587499976158142,1.3574999570846558
3432,0.8827500343322754,0.15343239903450012,0.6725000143051147,1.131250023841858
3433,0.8363750576972961,0.3764083683490753,-0.06624999642372131,1.3912500143051147
3434,0.9661248922348022,0.42413753271102905,-0.1837500035762787,1.4249999523162842
3435,1.043874979019165,0.22421491146087646,0.5600000023841858,1.3937499523162842
3436,1.222999930381775,0.13515408337116241,1.024999976158142,1.4900000095367432
3437,1.1473749876022339,0.22479189932346344,0.6200000047683716,1.4862500429153442
3438,0.9770001173019409,0.2545837461948395,0.48750001192092896,1.2975000143051147
3439,0.903499960899353,0.3796457052230835,0.08624999970197678,1.3637499809265137
3440,0.9873750805854797,0.19673383235931396,0.6537500023841858,1.2762500047683716
3441,0.9582500457763672,0.2505645155906677,0.45750001072883606,1.252500057220459
3442,0.9207500219345093,0.27386826276779175,0.44999998807907104,1.3550000190734863
3443,1.1001249551773071,0.15414628386497498,0.8412500023841858,1.4362499713897705
3444,1.0803749561309814,0.1836020052433014,0.731249988079071,1.309999942779541
3445,0.8788749575614929,0.41784170269966125,-0.13375000655651093,1.3524999618530273
3446,0.9402499198913574,0.31023669242858887,0.41499999165534973,1.5362499952316284
3447,1.0987499952316284,0.2901551127433777,0.6424999833106995,1.5212500095367432
3448,1.023499846458435,0.20341674983501434,0.6150000095367432,1.4487500190734863
3449,1.0283750295639038,0.21953363716602325,0.7250000238418579,1.408750057220459
3450,1.0043749809265137,0.2511904537677765,0.45625001192092896,1.2912499904632568
3451,0.9608749151229858,0.3720685541629791,0.011250000447034836,1.412500023841858
3452,1.1476249694824219,0.1080920398235321,0.9350000023841858,1.2799999713897705
3453,0.5901249647140503,1.1682425737380981,-2.8737499713897705,1.2087500095367432
3454,1.1274999380111694,0.2164839804172516,0.7212499976158142,1.4900000095367432
3455,1.1035000085830688,0.17744523286819458,0.6387500166893005,1.3250000476837158
3456,0.9426250457763672,0.5681571960449219,-0.6424999833106995,1.3574999570846558
3457,1.0311248302459717,0.14638397097587585,0.7549999952316284,1.2799999713897705
3458,0.7403750419616699,0.46422550082206726,-0.2462500035762787,1.4900000095367432
3459,0.6116249561309814,1.122097134590149,-2.7174999713897705,1.434999942779541
3460,0.6137500405311584,1.2200056314468384,-3.0062499046325684,1.2987500429153442
3461,1.010124921798706,0.13717855513095856,0.8012499809265137,1.2450000047683716
3462,1.0602500438690186,0.38250768184661865,0.10249999910593033,1.5087499618530273
3463,0.6391249895095825,1.175835132598877,-2.831249952316284,1.3674999475479126
3464,0.8116251230239868,0.5110892057418823,-0.3675000071525574,1.2637499570846558
3465,1.0635000467300415,0.24235807359218597,0.6037499904632568,1.441249966621399
3466,0.9412500262260437,0.45229101181030273,-0.33000001311302185,1.4537500143051147
3467,0.6401249170303345,0.671920120716095,-0.9399999976158142,1.2400000095367432
3468,0.9164999723434448,0.2948075830936432,0.41499999165534973,1.3337500095367432
3469,0.8991249799728394,0.5340523719787598,-0.6537500023841858,1.2949999570846558
3470,1.012125015258789,0.34162530303001404,0.44749999046325684,1.5225000381469727
3471,1.0152500867843628,0.24133729934692383,0.5787500143051147,1.440000057220459
3472,1.0862499475479126,0.16603179275989532,0.8600000143051147,1.403749942779541
3473,1.0807499885559082,0.28481200337409973,0.3050000071525574,1.2962499856948853
3474,0.9331250190734863,0.29257917404174805,0.1525000035762787,1.3025000095367432
3475,0.8729999661445618,0.5837875604629517,-0.6000000238418579,1.3799999952316284
3476,1.0442500114440918,0.184036523103714,0.6762499809265137,1.2762500047683716
3477,0.5887500047683716,0.6546036601066589,-0.9825000166893005,1.152500033378601
3478,0.9612500071525574,0.28829291462898254,0.17499999701976776,1.2074999809265137
3479,0.9440000653266907,0.34905755519866943,-0.036249998956918716,1.2050000429153442
3480,1.0067499876022339,0.21697582304477692,0.5325000286102295,1.277500033378601
3481,0.9121249318122864,0.27175644040107727,0.32124999165534973,1.216249942779541
3482,1.0838749408721924,0.23470757901668549,0.53125,1.3674999475479126
3483,0.6006250381469727,1.1949518918991089,-2.930000066757202,1.340000033378601
3484,1.1956250667572021,0.14992107450962067,0.9449999928474426,1.4199999570846558
3485,1.0364998579025269,0.3454764783382416,0.2175000011920929,1.503749966621399
3486,1.0724999904632568,0.14237932860851288,0.8600000143051147,1.3487499952316284
3487,0.9951249361038208,0.205572709441185,0.6499999761581421,1.3862500190734863
3488,1.04087495803833,0.2225561887025833,0.6399999856948853,1.3424999713897705
3489,0.920374870300293,0.3838672637939453,0.3474999964237213,1.4262499809265137
3490,1.0362498760223389,0.12374748289585114,0.862500011920929,1.2037500143051147
3491,1.0450000762939453,0.2116541862487793,0.7524999976158142,1.3899999856948853
3492,1.089250087738037,0.1324884444475174,0.8737499713897705,1.2712500095367432
3493,1.0187500715255737,0.13725091516971588,0.7699999809265137,1.2549999952316284
3494,1.0351250171661377,0.2333020120859146,0.637499988079071,1.4049999713897705
3495,0.7788749933242798,0.43931785225868225,-0.19625000655651093,1.2412500381469727
3496,0.8650000691413879,0.46125471591949463,-0.054999999701976776,1.3987499475479126
3497,1.0346250534057617,0.2129194587469101,0.4337500035762787,1.274999976158142
3498,1.0978749990463257,0.1311345249414444,0.8762500286102295,1.3212499618530273
3499,0.6666249632835388,1.192381739616394,-2.8787500858306885,1.4912500381469727
3500,1.0883750915527344,0.11662313342094421,0.8799999952316284,1.2699999809265137
3501,1.1049998998641968,0.1717037856578827,0.8062499761581421,1.3600000143051147
3502,0.5962499976158142,1.2255284786224365,-2.953749895095825,1.216249942779541
3503,0.9592500925064087,0.25394338369369507,0.5724999904632568,1.2599999904632568
3504,1.1530001163482666,0.2434101402759552,0.6850000023841858,1.5137499570846558
3505,1.092000126838684,0.24337546527385712,0.5862500071525574,1.5087499618530273
3506,1.1521251201629639,0.18222416937351227,0.8737499713897705,1.4800000190734863
3507,1.0198750495910645,0.14679008722305298,0.7825000286102295,1.246250033378601
3508,0.7787500023841858,0.5959590673446655,-0.38999998569488525,1.5087499618530273
3509,0.9239999651908875,0.31182217597961426,0.46000000834465027,1.399999976158142
3510,0.8129999041557312,0.43434441089630127,-0.3050000071525574,1.2362500429153442
3511,0.7674999833106995,1.2021604776382446,-2.805000066757202,1.375
3512,1.1008750200271606,0.284980833530426,0.5099999904632568,1.4225000143051147
3513,1.0421249866485596,0.1675681322813034,0.7850000262260437,1.2949999570846558
3514,1.0095000267028809,0.17864787578582764,0.75,1.2899999618530273
3515,1.0371249914169312,0.20866842567920685,0.6937500238418579,1.5087499618530273
3516,1.14662504196167,0.1794523447751999,0.8324999809265137,1.4450000524520874
3517,0.971250057220459,0.23682403564453125,0.5975000262260437,1.3049999475479126
3518,0.9480000734329224,0.465996652841568,-0.38999998569488525,1.3200000524520874
3519,1.0118749141693115,0.32153308391571045,0.2800000011920929,1.372499942779541
3520,0.9756249189376831,0.28067174553871155,0.3062500059604645,1.403749942779541
3521,1.1183749437332153,0.3431189954280853,0.16374999284744263,1.5362499952316284
3522,0.8503749966621399,0.5486973524093628,-0.7612500190734863,1.1675000190734863
3523,0.9927499890327454,0.45536622405052185,-0.17499999701976776,1.4900000095367432
3524,0.8611249923706055,0.3914390206336975,0.18250000476837158,1.3350000381469727
3525,1.0842500925064087,0.1665225327014923,0.7487499713897705,1.350000023841858
3526,1.0018749237060547,0.3104569613933563,0.39625000953674316,1.4550000429153442
3527,0.9038749933242798,0.25948774814605713,0.38499999046325684,1.283750057220459
3528,1.006250023841858,0.4558213949203491,-0.07000000029802322,1.5412499904632568
3529,1.002250075340271,0.1865582913160324,0.5699999928474426,1.2699999809265137
3530,0.8289999961853027,0.5362446904182434,-0.6725000143051147,1.3212499618530273
3531,0.7826249599456787,0.7900987267494202,-1.5674999952316284,1.2087500095367432
3532,1.1221250295639038,0.24990001320838928,0.6725000143051147,1.5137499570846558
3533,0.9582500457763672,0.28147223591804504,0.3725000023841858,1.3624999523162842
3534,1.0467499494552612,0.1523464471101761,0.7862499952316284,1.306249976158142
3535,1.1508748531341553,0.29064318537712097,0.47749999165534973,1.5225000381469727
3536,0.9268749356269836,0.3778959810733795,0.06875000149011612,1.3537499904632568
3537,0.909375011920929,0.3268042504787445,0.1587499976158142,1.2762500047683716
3538,1.0223751068115234,0.18360745906829834,0.6387500166893005,1.3025000095367432
3539,0.6784999966621399,1.215282678604126,-2.875,1.3825000524520874
3540,0.921500027179718,0.27025264501571655,0.4387499988079071,1.274999976158142
3541,1.0362498760223389,0.2499106228351593,0.699999988079071,1.4900000095367432
3542,1.05649995803833,0.2203965038061142,0.7325000166893005,1.5137499570846558
3543,0.8936249017715454,0.30298537015914917,0.22624999284744263,1.2362500429153442
3544,0.9284999966621399,0.2255609631538391,0.4399999976158142,1.2274999618530273
3545,1.1394999027252197,0.20088334381580353,0.7275000214576721,1.3637499809265137
3546,1.0303748846054077,0.3621688187122345,0.07750000059604645,1.5087499618530273
3547,0.9043749570846558,0.4890064001083374,-0.25,1.5087499618530273
3548,1.243499994277954,0.1407233625650406,1.0212500095367432,1.5
3549,1.0373748540878296,0.35647428035736084,0.1599999964237213,1.4587500095367432
3550,1.0614999532699585,0.21715116500854492,0.7699999809265137,1.4912500381469727
3551,0.9117499589920044,0.5342501401901245,-0.6050000190734863,1.378749966621399
3552,1.1142499446868896,0.17189495265483856,0.6675000190734863,1.2825000286102295
3553,0.8203749656677246,0.3654492199420929,0.3737500011920929,1.306249976158142
3554,0.7347500324249268,1.199721097946167,-2.75,1.4900000095367432
3555,1.0513750314712524,0.2543192207813263,0.48374998569488525,1.403749942779541
3556,0.4761250615119934,1.2395826578140259,-3.166249990463257,1.1112500429153442
3557,0.6793750524520874,0.5425300598144531,-0.15125000476837158,1.2725000381469727
3558,1.0008751153945923,0.1933480203151703,0.6537500023841858,1.350000023841858
3559,1.0130001306533813,0.24338704347610474,0.550000011920929,1.3862500190734863
3560,0.5898750424385071,1.1625796556472778,-2.8399999141693115,1.346250057220459
3561,1.1955000162124634,0.1727083921432495,0.8100000023841858,1.4537500143051147
3562,0.9428750872612,0.3955988585948944,-0.1237500011920929,1.346250057220459
3563,0.8702500462532043,0.6800429224967957,-0.606249988079071,1.503749966621399
3564,0.9992499351501465,0.2756969630718231,0.6287500262260437,1.4049999713897705
3565,0.562874972820282,1.1691670417785645,-2.7562499046325684,1.372499942779541
3566,0.8821250200271606,0.4063469469547272,0.029999999329447746,1.2274999618530273
3567,1.087249994277954,0.15292133390903473,0.8862500190734863,1.399999976158142
3568,1.0628750324249268,0.28243088722229004,0.39625000953674316,1.399999976158142
3569,0.6852499842643738,1.3181535005569458,-3.2537500858306885,1.3362499475479126
3570,0.9763749837875366,0.22542767226696014,0.44749999046325684,1.1862499713897705
3571,0.6183749437332153,1.1142512559890747,-2.680000066757202,1.2274999618530273
3572,0.9272500276565552,0.31565994024276733,0.23624999821186066,1.3849999904632568
3573,1.0474998950958252,0.3181799054145813,0.2762500047683716,1.527500033378601
3574,0.7235000133514404,0.26635196805000305,0.14374999701976776,1.056249976158142
3575,1.119499921798706,0.24905584752559662,0.7462499737739563,1.527500033378601
3576,0.9815000295639038,0.47648513317108154,0.028750000521540642,1.472499966621399
3577,0.9638749957084656,0.15577472746372223,0.6412500143051147,1.183750033378601
3578,1.1828749179840088,0.17155544459819794,0.8374999761581421,1.4637500047683716
3579,1.0351250171661377,0.23461833596229553,0.6962500214576721,1.503749966621399
3580,1.0067498683929443,0.16498315334320068,0.6474999785423279,1.222499966621399
3581,0.8790000081062317,0.5961587429046631,-0.8374999761581421,1.3362499475479126
3582,1.1786249876022339,0.16875505447387695,0.7962499856948853,1.4850000143051147
3583,0.9128749966621399,0.22357118129730225,0.38874998688697815,1.1862499713897705
3584,0.9068750143051147,0.36628252267837524,0.10750000178813934,1.4950000047683716
3585,0.874250054359436,0.18529891967773438,0.5074999928474426,1.1437499523162842
3586,1.0606249570846558,0.22483830153942108,0.4925000071525574,1.403749942779541
3587,1.056249976158142,0.2771608233451843,0.4399999976158142,1.5
3588,0.8863749504089355,0.2663247883319855,0.3087500035762787,1.1399999856948853
3589,0.8997499346733093,0.38193413615226746,0.036249998956918716,1.3450000286102295
3590,1.0008748769760132,0.3782559037208557,0.15000000596046448,1.4550000429153442
3591,1.0613750219345093,0.1776939332485199,0.6537500023841858,1.3324999809265137
3592,0.6825000047683716,1.2106552124023438,-2.9375,1.2549999952316284
3593,0.8569999933242798,0.6496372222900391,-0.9412500262260437,1.4900000095367432
3594,0.972000002861023,0.16722197830677032,0.7074999809265137,1.2374999523162842
3595,0.7353750467300415,1.2879234552383423,-3.091249942779541,1.472499966621399
3596,1.0281250476837158,0.22873444855213165,0.8212500214576721,1.472499966621399
3597,0.8161250352859497,0.504318356513977,-0.4087499976158142,1.318750023841858
3598,1.1516249179840088,0.17799407243728638,0.856249988079071,1.441249966621399
3599,1.119749903678894,0.16751006245613098,0.887499988079071,1.503749966621399
3600,0.6629999876022339,1.1471614837646484,-2.71875,1.368749976158142
3601,1.109874963760376,0.16070786118507385,0.7699999809265137,1.3137500286102295
3602,1.0946248769760132,0.19559049606323242,0.7099999785423279,1.3674999475479126
3603,1.082374930381775,0.18741367757320404,0.6175000071525574,1.2637499570846558
3604,0.8081250190734863,0.5799039006233215,-0.8025000095367432,1.3637499809265137
3605,1.0202499628067017,0.2604610025882721,0.3712500035762787,1.2949999570846558
3606,1.106624960899353,0.26670387387275696,0.45124998688697815,1.5137499570846558
3607,1.0456249713897705,0.12538844347000122,0.8812500238418579,1.2287499904632568
3608,0.9810000658035278,0.17036889493465424,0.7837499976158142,1.308750033378601
3609,1.082124948501587,0.2571770250797272,0.7099999785423279,1.5362499952316284
3610,0.8993749618530273,0.17740775644779205,0.6050000190734863,1.152500033378601
3611,0.8733750581741333,0.3074192404747009,0.14499999582767487,1.1675000190734863
3612,0.5871249437332153,1.1673885583877563,-2.856250047683716,1.2975000143051147
3613,0.7796249985694885,0.6661653518676758,-0.862500011920929,1.4774999618530273
3614,1.1078749895095825,0.1851283758878708,0.7862499952316284,1.4275000095367432
3615,0.8337499499320984,0.5294598340988159,-0.6474999785423279,1.368749976158142
3616,0.6481249928474426,0.6092118620872498,-0.6600000262260437,1.381250023841858
3617,0.8931249380111694,0.5007851123809814,-0.3675000071525574,1.3487499952316284
3618,1.0666248798370361,0.2329029142856598,0.39750000834465027,1.278749942779541
3619,1.0073750019073486,0.3534895181655884,0.014999999664723873,1.2949999570846558
3620,1.1846249103546143,0.18182413280010223,0.9524999856948853,1.4299999475479126
3621,1.1752498149871826,0.1799529492855072,0.7574999928474426,1.3762500286102295
3622,0.8527500033378601,0.3900592029094696,-0.04749999940395355,1.3200000524520874
3623,1.084999918937683,0.30286338925361633,0.6000000238418579,1.4574999809265137
3624,0.6499999761581421,1.1648476123809814,-2.700000047683716,1.3762500286102295
3625,1.1241250038146973,0.19393543899059296,0.7699999809265137,1.5137499570846558
3626,1.049125075340271,0.2525557279586792,0.5425000190734863,1.372499942779541
3627,0.4488750100135803,1.1685694456100464,-2.924999952316284,1.2575000524520874
3628,1.1298749446868896,0.1433401107788086,0.9662500023841858,1.3574999570846558
3629,1.0117499828338623,0.15787972509860992,0.8012499809265137,1.346250057220459
3630,0.9827499389648438,0.44156885147094727,0.03125,1.4574999809265137
3631,0.8318749666213989,0.40323272347450256,-0.013749999925494194,1.3674999475479126
3632,1.0517499446868896,0.24921704828739166,0.5024999976158142,1.3487499952316284
3633,1.1141250133514404,0.1825847625732422,0.6937500238418579,1.350000023841858
3634,0.9733750224113464,0.29317235946655273,0.3474999964237213,1.371250033378601
3635,1.105125069618225,0.292542427778244,0.3199999928474426,1.3899999856948853
3636,1.0601251125335693,0.25028762221336365,0.5287500023841858,1.5225000381469727
3637,0.6888750195503235,1.208981990814209,-2.8812499046325684,1.2762500047683716
3638,0.6519999504089355,1.1659464836120605,-2.7874999046325684,1.408750057220459
3639,0.9204999804496765,0.47281450033187866,-0.3425000011920929,1.3450000286102295
3640,0.93687504529953,0.13280536234378815,0.7487499713897705,1.149999976158142
3641,0.8552500009536743,0.28248995542526245,0.3412500023841858,1.2949999570846558
3642,0.8703749775886536,0.2542157471179962,0.23999999463558197,1.221250057220459
3643,0.9166250228881836,0.25255075097084045,0.3412500023841858,1.149999976158142
3644,0.6430000066757202,1.1763290166854858,-2.848750114440918,1.28125
3645,1.0653750896453857,0.1340208202600479,0.8987500071525574,1.371250033378601
3646,1.1412498950958252,0.10498365014791489,1.0237499475479126,1.3487499952316284
3647,1.0921250581741333,0.17214824259281158,0.7149999737739563,1.3174999952316284
3648,0.9073749780654907,0.288998544216156,0.3487499952316284,1.2762500047683716
3649,1.1042499542236328,0.22875969111919403,0.5737500190734863,1.368749976158142
3650,1.003499984741211,0.31206509470939636,0.33375000953674316,1.4900000095367432
3651,1.1080000400543213,0.13174453377723694,0.8487499952316284,1.243749976158142
3652,0.9926250576972961,0.2681880295276642,0.45500001311302185,1.372499942779541
3653,1.0593750476837158,0.23888690769672394,0.581250011920929,1.34375
3654,1.1330000162124634,0.2094316929578781,0.5799999833106995,1.403749942779541
3655,1.0136250257492065,0.4734746515750885,-0.22750000655651093,1.5225000381469727
3656,1.0857499837875366,0.23042432963848114,0.7262499928474426,1.5412499904632568
3657,0.9753750562667847,0.4846087098121643,-0.3362500071525574,1.403749942779541
3658,0.8898749351501465,0.3218381702899933,0.08874999731779099,1.274999976158142
3659,1.0433751344680786,0.16672495007514954,0.6399999856948853,1.215000033378601
3660,1.006500005722046,0.23255226016044617,0.5249999761581421,1.2949999570846558
3661,1.1237499713897705,0.14858289062976837,0.9649999737739563,1.4850000143051147
3662,0.8802499771118164,0.5389317274093628,-0.59375,1.3487499952316284
3663,0.6472499966621399,1.1969482898712158,-2.867500066757202,1.3212499618530273
3664,1.104874849319458,0.1551707237958908,0.8212500214576721,1.2825000286102295
3665,1.0755000114440918,0.2358032763004303,0.7162500023841858,1.4537500143051147
3666,0.9282499551773071,0.2508804202079773,0.29875001311302185,1.2825000286102295
3667,1.0237499475479126,0.32799533009529114,0.22750000655651093,1.4175000190734863
3668,1.0938749313354492,0.321706622838974,0.4399999976158142,1.4862500429153442
3669,1.108375072479248,0.1669132113456726,0.8037499785423279,1.4075000286102295
3670,1.0486249923706055,0.31084132194519043,0.29124999046325684,1.4850000143051147
3671,0.612375020980835,1.2144808769226074,-2.953749895095825,1.5137499570846558
3672,1.0052499771118164,0.41626644134521484,-0.1862500011920929,1.222499966621399
3673,0.5031250715255737,1.127387285232544,-2.7874999046325684,1.2762500047683716
3674,0.9316250681877136,0.2678537666797638,0.39125001430511475,1.3362499475479126
3675,0.7383750081062317,0.469564288854599,-0.17125000059604645,1.368749976158142
3676,1.1201250553131104,0.12376952171325684,0.9599999785423279,1.4187500476837158
3677,1.2005000114440918,0.22805508971214294,0.6962500214576721,1.4850000143051147
3678,0.9799998998641968,0.5124378204345703,-0.47999998927116394,1.3524999618530273
3679,0.8400000333786011,0.3828009366989136,0.09000000357627869,1.2987500429153442
3680,1.2218749523162842,0.19340956211090088,0.8799999952316284,1.5087499618530273
3681,1.0022499561309814,0.47315293550491333,-0.09375,1.475000023841858
3682,0.7848750352859497,1.2731451988220215,-3.0274999141693115,1.3362499475479126
3683,0.9428749084472656,0.27575239539146423,0.36000001430511475,1.253749966621399
3684,0.9963749647140503,0.2604050040245056,0.4300000071525574,1.318750023841858
3685,0.530875027179718,1.122706413269043,-2.75,1.315000057220459
3686,1.0631248950958252,0.1720258593559265,0.6837499737739563,1.283750057220459
3687,1.0231249332427979,0.4645933210849762,-0.29624998569488525,1.4950000047683716
3688,1.0257500410079956,0.4010030925273895,-0.11375000327825546,1.3312499523162842
3689,1.0276249647140503,0.4299674332141876,0.0012499999720603228,1.4574999809265137
3690,1.034749984741211,0.21646076440811157,0.4762499928474426,1.2937500476837158
3691,0.9562500715255737,0.359640896320343,0.3100000023841858,1.3912500143051147
3692,1.0203750133514404,0.2977840304374695,0.41624999046325684,1.3212499618530273
3693,0.44474998116493225,1.2994670867919922,-3.362499952316284,1.2300000190734863
3694,1.0780000686645508,0.2084362804889679,0.6150000095367432,1.350000023841858
3695,1.0718748569488525,0.27063944935798645,0.3799999952316284,1.440000057220459
3696,1.1330000162124634,0.20840482413768768,0.7487499713897705,1.4762500524520874
3697,0.9897500276565552,0.17064106464385986,0.7300000190734863,1.2725000381469727
3698,1.0698750019073486,0.25944921374320984,0.5,1.431249976158142
3699,1.0271250009536743,0.20958220958709717,0.7450000047683716,1.4362499713897705
3700,0.9252499341964722,0.3380064368247986,0.33500000834465027,1.2712500095367432
3701,1.0325000286102295,0.1949463039636612,0.731249988079071,1.3287500143051147
3702,1.0328749418258667,0.2615865170955658,0.4950000047683716,1.3487499952316284
3703,1.1437499523162842,0.15149465203285217,0.8612499833106995,1.3862500190734863
3704,1.0666249990463257,0.20264118909835815,0.6662499904632568,1.2762500047683716
3705,1.1882498264312744,0.17395150661468506,0.8012499809265137,1.4950000047683716
3706,0.9458748698234558,0.4148866832256317,-0.20250000059604645,1.3324999809265137
3707,0.9429999589920044,0.48557642102241516,-0.42375001311302185,1.341249942779541
3708,0.9446249008178711,0.401498407125473,-0.038750000298023224,1.4537500143051147
3709,1.1228749752044678,0.1987437605857849,0.8237500190734863,1.5075000524520874
3710,0.9794999957084656,0.18516986072063446,0.6549999713897705,1.274999976158142
3711,1.1460000276565552,0.2358255237340927,0.6362500190734863,1.431249976158142
3712,1.0827499628067017,0.21933692693710327,0.5837500095367432,1.381250023841858
3713,1.121250033378601,0.1937628835439682,0.7637500166893005,1.5549999475479126
3714,0.9613750576972961,0.31372135877609253,0.33000001311302185,1.2899999618530273
3715,1.1058748960494995,0.2656190097332001,0.45249998569488525,1.4275000095367432
3716,0.9530000686645508,0.32170745730400085,0.16124999523162842,1.3912500143051147
3717,0.9736250042915344,0.3340964615345001,0.20125000178813934,1.3887499570846558
3718,0.5839999914169312,1.2445601224899292,-2.96875,1.3849999904632568
3719,0.3413749933242798,1.118712067604065,-2.867500066757202,1.1299999952316284
3720,1.0031249523162842,0.15524403750896454,0.7574999928474426,1.315000057220459
3721,0.5301250219345093,1.239935278892517,-2.8662500381469727,1.4774999618530273
3722,0.9612501263618469,0.32780423760414124,0.10374999791383743,1.2712500095367432
3723,1.0635000467300415,0.2064800262451172,0.6725000143051147,1.308750033378601
3724,1.0727499723434448,0.1984304040670395,0.7099999785423279,1.3987499475479126
3725,1.1333749294281006,0.1499291956424713,0.9162499904632568,1.375
3726,1.0735000371932983,0.09634377807378769,0.9112499952316284,1.2074999809265137
3727,0.9627499580383301,0.22803768515586853,0.4350000023841858,1.2400000095367432
3728,1.070124864578247,0.31419864296913147,0.27000001072883606,1.4187500476837158
3729,1.0069999694824219,0.34981387853622437,0.3799999952316284,1.527500033378601
3730,1.0696251392364502,0.28770703077316284,0.3787499964237213,1.4850000143051147
3731,1.0213749408721924,0.2372356802225113,0.5649999976158142,1.274999976158142
3732,0.8245000839233398,0.4732201099395752,-0.0062500000931322575,1.4187500476837158
3733,1.130000114440918,0.2542587220668793,0.7262499928474426,1.5412499904632568
3734,0.8944999575614929,0.362092524766922,0.05249999836087227,1.2799999713897705
3735,0.9752500653266907,0.3028571307659149,0.09000000357627869,1.1725000143051147
3736,1.0541250705718994,0.31663960218429565,0.4724999964237213,1.431249976158142
3737,0.6261249780654907,1.1741691827774048,-2.856250047683716,1.3200000524520874
3738,1.049375057220459,0.3055478036403656,0.3425000011920929,1.4637500047683716
3739,1.0822501182556152,0.17018994688987732,0.7825000286102295,1.3624999523162842
3740,1.0752500295639038,0.20975343883037567,0.7137500047683716,1.4862500429153442
3741,0.9977499842643738,0.41235634684562683,0.11999999731779099,1.3912500143051147
3742,1.042624831199646,0.20742198824882507,0.5049999952316284,1.274999976158142
3743,0.9617500305175781,0.3324638903141022,0.3174999952316284,1.4550000429153442
3744,0.5109999775886536,1.1877610683441162,-2.822499990463257,1.4187500476837158
3745,0.9588750004768372,0.23878955841064453,0.5849999785423279,1.3849999904632568
3746,0.8619999885559082,0.47282204031944275,-0.32875001430511475,1.2987500429153442
3747,1.0346250534057617,0.1551743596792221,0.8012499809265137,1.2400000095367432
3748,0.9915000200271606,0.3234002888202667,0.1274999976158142,1.283750057220459
3749,1.069374918937683,0.2612704932689667,0.5487499833106995,1.5087499618530273
3750,1.1389999389648438,0.14182494580745697,0.8424999713897705,1.3300000429153442
3751,0.965499997138977,0.21621620655059814,0.6662499904632568,1.4450000524520874
3752,1.0078749656677246,0.3980012536048889,0.028750000521540642,1.412500023841858
3753,1.00962495803833,0.18039371073246002,0.7674999833106995,1.3350000381469727
3754,1.0219999551773071,0.23256129026412964,0.550000011920929,1.5362499952316284
3755,1.083625078201294,0.16907325387001038,0.7099999785423279,1.2912499904632568
3756,0.9598749279975891,0.3778162896633148,0.03125,1.5125000476837158
3757,1.134124994277954,0.23446553945541382,0.7099999785423279,1.5
3758,0.9182499647140503,1.2014594078063965,-2.6500000953674316,1.527500033378601
3759,1.0543749332427979,0.3023254871368408,0.3149999976158142,1.368749976158142
3760,0.9259999394416809,0.28103870153427124,0.26124998927116394,1.2100000381469727
3761,1.03725004196167,0.14536140859127045,0.8424999713897705,1.3075000047683716
3762,1.106374979019165,0.17929241061210632,0.6837499737739563,1.3312499523162842
3763,1.093999981880188,0.22941556572914124,0.824999988079071,1.527500033378601
3764,0.9057499766349792,0.30515629053115845,0.23000000417232513,1.2899999618530273
3765,0.6977499723434448,1.1676863431930542,-2.766249895095825,1.3450000286102295
3766,1.0442498922348022,0.21076659858226776,0.550000011920929,1.28125
3767,1.0707499980926514,0.11257109045982361,0.875,1.2962499856948853
3768,1.0686250925064087,0.1919020414352417,0.7574999928474426,1.3849999904632568
3769,1.06850004196167,0.15717308223247528,0.8262500166893005,1.3450000286102295
3770,0.9405000805854797,0.2890843451023102,0.375,1.2400000095367432
3771,1.063249945640564,0.28124067187309265,0.5212500095367432,1.2949999570846558
3772,1.1070001125335693,0.1557353436946869,0.862500011920929,1.3487499952316284
3773,0.9761250615119934,0.457552045583725,-0.25,1.4175000190734863
3774,1.0024999380111694,0.3204006254673004,0.22624999284744263,1.2949999570846558
3775,0.9752499461174011,0.42799052596092224,-0.04125000163912773,1.4450000524520874
3776,1.0833749771118164,0.18784968554973602,0.768750011920929,1.350000023841858
3777,1.0536249876022339,0.42407602071762085,0.03999999910593033,1.4950000047683716
3778,1.0474998950958252,0.3767940402030945,-0.009999999776482582,1.2899999618530273
3779,1.1142499446868896,0.27432653307914734,0.39250001311302185,1.5125000476837158
3780,0.5982500314712524,1.1636642217636108,-2.862499952316284,1.318750023841858
3781,1.1065000295639038,0.17813950777053833,0.7862499952316284,1.3899999856948853
3782,1.1178749799728394,0.12989063560962677,0.8424999713897705,1.2999999523162842
3783,1.0423749685287476,0.24551568925380707,0.5550000071525574,1.5412499904632568
3784,0.8736249804496765,1.2079287767410278,-2.713749885559082,1.4950000047683716
3785,1.0209999084472656,0.25742340087890625,0.4937500059604645,1.3862500190734863
3786,1.0841249227523804,0.23459076881408691,0.612500011920929,1.3487499952316284
3787,0.7387499809265137,0.6277477145195007,-1.0462499856948853,1.183750033378601
3788,0.8624998927116394,0.27375057339668274,0.14124999940395355,1.1137499809265137
3789,0.7135000228881836,1.3137497901916504,-3.1337499618530273,1.4862500429153442
3790,1.1463749408721924,0.14885756373405457,0.8125,1.441249966621399
3791,0.8927499651908875,0.3858848512172699,0.18125000596046448,1.3387500047683716
3792,0.547124981880188,1.2039051055908203,-2.942500114440918,1.371250033378601
3793,1.1054999828338623,0.09360188990831375,0.9350000023841858,1.2350000143051147
3794,0.9822500348091125,0.60060715675354,-0.7200000286102295,1.4587500095367432
3795,1.1422500610351562,0.16279473900794983,0.8912500143051147,1.3487499952316284
3796,1.0973750352859497,0.16359387338161469,0.8100000023841858,1.3324999809265137
3797,1.1699999570846558,0.17495805025100708,0.8299999833106995,1.3799999952316284
3798,0.9802500009536743,0.2762990891933441,0.35499998927116394,1.3849999904632568
3799,0.9574998617172241,0.28131887316703796,0.1599999964237213,1.15625
3800,1.0417499542236328,0.14021547138690948,0.8012499809265137,1.243749976158142
3801,1.126499891281128,0.26474207639694214,0.6225000023841858,1.3674999475479126
3802,1.0982500314712524,0.23036128282546997,0.6537500023841858,1.4550000429153442
3803,1.0214999914169312,0.22865763306617737,0.6025000214576721,1.408750057220459
3804,1.0755000114440918,0.2537470757961273,0.4325000047683716,1.4812500476837158
3805,1.0010000467300415,0.21066473424434662,0.4762499928474426,1.252500057220459
3806,1.0813748836517334,0.3166748285293579,0.3449999988079071,1.434999942779541
3807,1.0369999408721924,0.23114199936389923,0.6050000190734863,1.2575000524520874
3808,0.9984999895095825,0.29270389676094055,0.34375,1.283750057220459
3809,0.9340000152587891,0.3874579668045044,-0.06499999761581421,1.4262499809265137
3810,1.0686249732971191,0.16699406504631042,0.7262499928474426,1.3487499952316284
3811,0.9314999580383301,0.3139405846595764,0.4350000023841858,1.3912500143051147
3812,1.1721251010894775,0.10423389822244644,0.9537500143051147,1.2712500095367432
3813,1.1013749837875366,0.20862682163715363,0.6837499737739563,1.3587499856948853
3814,1.0637500286102295,0.5168954730033875,-0.42625001072883606,1.5187499523162842
3815,0.9916249513626099,0.19875319302082062,0.6850000023841858,1.2637499570846558
3816,1.0878750085830688,0.16510891914367676,0.7850000262260437,1.408750057220459
3817,1.1003749370574951,0.22369346022605896,0.5550000071525574,1.3637499809265137
3818,1.0593750476837158,0.3094068169593811,0.4025000035762787,1.4175000190734863
3819,0.9542500376701355,0.4090725779533386,0.07500000298023224,1.3274999856948853
3820,0.8976249694824219,0.41196951270103455,-0.13375000655651093,1.3174999952316284
3821,1.090749979019165,0.13675501942634583,0.9350000023841858,1.3524999618530273
3822,1.0022499561309814,0.1387520283460617,0.7149999737739563,1.2000000476837158
3823,0.96937495470047,0.5932677388191223,-0.6050000190734863,1.4900000095367432
3824,0.9097499847412109,0.29042738676071167,0.33500000834465027,1.215000033378601
3825,0.3933749794960022,1.125636100769043,-2.700000047683716,1.28125
3826,1.0217499732971191,0.3248336911201477,0.2887499928474426,1.441249966621399
3827,0.7973750233650208,0.6765744090080261,-1.0824999809265137,1.3200000524520874
3828,1.034000039100647,0.3037416636943817,0.5799999833106995,1.502500057220459
3829,1.0037500858306885,0.16114628314971924,0.8137500286102295,1.2362500429153442
3830,0.8541250228881836,0.5565760135650635,-0.6449999809265137,1.4774999618530273
3831,1.025749921798706,0.3513728380203247,0.10999999940395355,1.431249976158142
3832,1.0067499876022339,0.1849765181541443,0.7149999737739563,1.3862500190734863
3833,0.9956250190734863,0.24124884605407715,0.32249999046325684,1.190000057220459
3834,0.9485000371932983,0.33399420976638794,0.1599999964237213,1.3350000381469727
3835,1.054625153541565,0.2648201286792755,0.42875000834465027,1.3174999952316284
3836,0.6480000019073486,1.3475679159164429,-3.309999942779541,1.462499976158142
3837,1.0045000314712524,0.2617287337779999,0.5425000190734863,1.4175000190734863
3838,0.8872499465942383,0.4099968671798706,0.026249999180436134,1.4537500143051147
3839,1.0747500658035278,0.12310919910669327,0.7862499952316284,1.2637499570846558
3840,0.9732500314712524,0.3795853555202484,0.13249999284744263,1.3125
3841,1.0540000200271606,0.1634661704301834,0.7300000190734863,1.3537499904632568
3842,1.100250005722046,0.28981879353523254,0.3474999964237213,1.3137500286102295
3843,1.0329999923706055,0.42039868235588074,-0.08500000089406967,1.5549999475479126
3844,1.0842499732971191,0.17025090754032135,0.7649999856948853,1.3987499475479126
3845,0.9750000238418579,0.46685782074928284,-0.3774999976158142,1.3274999856948853
3846,1.1150000095367432,0.20950163900852203,0.7087500095367432,1.4900000095367432
3847,0.33900001645088196,1.573869228363037,-2.867500066757202,1.3600000143051147
3848,1.1281249523162842,0.21450689435005188,0.6912500262260437,1.4537500143051147
3849,1.0807499885559082,0.2671394646167755,0.6974999904632568,1.5362499952316284
3850,0.9398750066757202,0.36849460005760193,0.2574999928474426,1.4362499713897705
3851,0.96812504529953,0.3550419509410858,0.017500000074505806,1.2825000286102295
3852,1.116249918937683,0.27267542481422424,0.5462499856948853,1.4950000047683716
3853,1.075624942779541,0.15780848264694214,0.8224999904632568,1.34375
3854,1.027500033378601,0.19954323768615723,0.5924999713897705,1.2587499618530273
3855,0.8630000352859497,0.39274999499320984,0.13875000178813934,1.3987499475479126
3856,0.9921249151229858,0.18447564542293549,0.6449999809265137,1.3637499809265137
3857,0.9984999895095825,0.5994325280189514,-0.7574999928474426,1.4249999523162842
3858,1.1726248264312744,0.1436917781829834,0.949999988079071,1.4900000095367432
3859,0.6434999704360962,1.1962714195251465,-2.8862500190734863,1.3700000047683716
3860,1.0087499618530273,0.34507110714912415,0.14249999821186066,1.3262499570846558
3861,0.6916250586509705,1.2571929693222046,-3.047499895095825,1.4537500143051147
3862,1.0049999952316284,0.2104957103729248,0.41999998688697815,1.2112499475479126
3863,1.0290000438690186,0.27751055359840393,0.29875001311302185,1.2912499904632568
3864,1.0548750162124634,0.3371630012989044,0.23624999821186066,1.402500033378601
3865,1.142374873161316,0.1479605734348297,0.7774999737739563,1.3300000429153442
3866,1.0338751077651978,0.19305960834026337,0.7300000190734863,1.3550000190734863
3867,1.0936249494552612,0.28230106830596924,0.4399999976158142,1.503749966621399
3868,1.0855000019073486,0.3208179175853729,0.22750000655651093,1.4225000143051147
3869,1.128999948501587,0.1770917922258377,0.8737499713897705,1.346250057220459
3870,0.6713749766349792,1.1941725015640259,-2.8662500381469727,1.4450000524520874
3871,0.9678750038146973,0.3207584023475647,0.26499998569488525,1.4299999475479126
3872,1.2121250629425049,0.23710297048091888,0.7275000214576721,1.5087499618530273
3873,1.1237499713897705,0.2868029773235321,0.5512499809265137,1.4487500190734863
3874,1.0943748950958252,0.14357081055641174,0.8424999713897705,1.2637499570846558
3875,1.0837500095367432,0.17446883022785187,0.8862500190734863,1.527500033378601
3876,1.0597500801086426,0.25427520275115967,0.7487499713897705,1.4800000190734863
3877,1.0073750019073486,0.294098436832428,0.4387499988079071,1.4175000190734863
3878,1.1643750667572021,0.29112136363983154,0.4637500047683716,1.568750023841858
3879,0.9894999265670776,0.18632899224758148,0.6700000166893005,1.3212499618530273
3880,0.8957500457763672,0.4311195909976959,-0.1599999964237213,1.3262499570846558
3881,0.9423750042915344,0.21970538794994354,0.6449999809265137,1.350000023841858
3882,0.6579999327659607,1.194998860359192,-2.856250047683716,1.4249999523162842
3883,0.8921249508857727,0.3976230323314667,-0.23499999940395355,1.2000000476837158
3884,0.9829999804496765,0.4343753457069397,-0.07000000029802322,1.3637499809265137
3885,1.0583750009536743,0.24037538468837738,0.5049999952316284,1.3849999904632568
3886,0.9931250810623169,0.32688695192337036,0.4662500023841858,1.5137499570846558
3887,1.186000108718872,0.19528408348560333,0.7450000047683716,1.4225000143051147
3888,1.1771249771118164,0.1439955085515976,0.9524999856948853,1.4574999809265137
3889,1.1017500162124634,0.22337552905082703,0.6662499904632568,1.3912500143051147
3890,0.5692499876022339,1.1984565258026123,-2.953749895095825,1.2450000047683716
3891,0.6756250262260437,0.7129777669906616,-1.0812499523162842,1.443750023841858
3892,1.032249927520752,0.4940381348133087,-0.36250001192092896,1.4587500095367432
3893,1.0507500171661377,0.28500011563301086,0.4112499952316284,1.472499966621399
3894,0.984749972820282,0.16525907814502716,0.7024999856948853,1.2549999952316284
3895,1.0856250524520874,0.13698682188987732,0.8050000071525574,1.2962499856948853
3896,1.146875023841858,0.20247165858745575,0.6212499737739563,1.4187500476837158
3897,0.6431249976158142,1.141587734222412,-2.731250047683716,1.191249966621399
3898,0.9977499842643738,0.36678749322891235,0.16374999284744263,1.3849999904632568
3899,1.0392500162124634,0.20867304503917694,0.6899999976158142,1.2987500429153442
3900,0.9262499809265137,0.43191292881965637,0.14749999344348907,1.527500033378601
3901,0.9518750905990601,0.2047279179096222,0.6474999785423279,1.3174999952316284
3902,0.6666249632835388,1.1865631341934204,-2.8550000190734863,1.283750057220459
3903,0.87437504529953,0.32755592465400696,0.08375000208616257,1.2587499618530273
3904,0.5866250395774841,1.144130825996399,-2.6812500953674316,1.4362499713897705
3905,1.002000093460083,0.2106398046016693,0.6949999928474426,1.28125
3906,0.9004999995231628,0.2921740710735321,0.42124998569488525,1.5137499570846558
3907,0.7140000462532043,1.1552457809448242,-2.737499952316284,1.25
3908,0.9023750424385071,0.3337221145629883,0.44999998807907104,1.3650000095367432
3909,0.8078749775886536,0.44801053404808044,0.019999999552965164,1.2999999523162842
3910,1.046875,0.1673528105020523,0.8612499833106995,1.2987500429153442
3911,1.065250039100647,0.15389405190944672,0.8037499785423279,1.2862499952316284
3912,0.9707500338554382,0.23093505203723907,0.5849999785423279,1.2412500381469727
3913,0.9741250276565552,0.3286796510219574,0.32249999046325684,1.5449999570846558
3914,1.049375057220459,0.3028413653373718,0.5787500143051147,1.4950000047683716
3915,1.0384999513626099,0.2614925801753998,0.6862499713897705,1.372499942779541
3916,0.6644999384880066,1.154758334159851,-2.78125,1.190000057220459
3917,0.7128749489784241,1.147835373878479,-2.700000047683716,1.3849999904632568
3918,0.9589999318122864,0.3463365435600281,0.20499999821186066,1.4950000047683716
3919,0.9940000772476196,0.2645549178123474,0.6587499976158142,1.403749942779541
3920,1.0309998989105225,0.232359379529953,0.5649999976158142,1.3274999856948853
3921,0.8183749914169312,0.32656070590019226,0.016249999403953552,1.191249966621399
3922,1.0385000705718994,0.15438872575759888,0.8349999785423279,1.3899999856948853
3923,0.6213749647140503,1.18067467212677,-2.8812499046325684,1.3937499523162842
3924,0.5331250429153442,1.1851767301559448,-2.9100000858306885,1.28125
3925,1.088249921798706,0.19095581769943237,0.6899999976158142,1.34375
3926,0.6486250162124634,0.35219553112983704,-0.09749999642372131,1.0575000047683716
3927,0.7489999532699585,1.235900640487671,-2.942500114440918,1.309999942779541
3928,0.6498749852180481,0.7329117059707642,-1.337499976158142,1.2300000190734863
3929,1.101500153541565,0.18157626688480377,0.9037500023841858,1.4762500524520874
3930,0.9908749461174011,0.3212733864784241,0.1587499976158142,1.2949999570846558
3931,1.201124906539917,0.2030736207962036,0.8237500190734863,1.5412499904632568
3932,0.9820000529289246,0.331277459859848,0.20250000059604645,1.443750023841858
3933,0.9328750371932983,0.4509184956550598,-0.29624998569488525,1.3300000429153442
3934,1.248500108718872,0.10991587489843369,1.1237499713897705,1.4249999523162842
3935,1.0530000925064087,0.3186633288860321,0.45500001311302185,1.3825000524520874
3936,1.105125069618225,0.38219693303108215,0.11375000327825546,1.4850000143051147
3937,1.1878749132156372,0.1694190949201584,0.8387500047683716,1.4450000524520874
3938,1.0911248922348022,0.20308592915534973,0.675000011920929,1.4950000047683716
3939,0.7378750443458557,1.2188897132873535,-2.822499990463257,1.5225000381469727
3940,0.9854999780654907,0.20444223284721375,0.7674999833106995,1.3899999856948853
3941,0.7682499289512634,0.47424420714378357,-0.11874999850988388,1.3550000190734863
3942,1.0837500095367432,0.14084123075008392,0.8062499761581421,1.308750033378601
3943,0.6287499666213989,1.210639476776123,-2.9000000953674316,1.5137499570846558
3944,1.03125,0.2856976091861725,0.3487499952316284,1.3250000476837158
3945,1.0484999418258667,0.31183719635009766,0.2549999952316284,1.4850000143051147
3946,1.0003750324249268,0.34000691771507263,0.36375001072883606,1.4774999618530273
3947,1.011375069618225,0.2820114195346832,0.3487499952316284,1.4175000190734863
3948,0.7013749480247498,1.2733182907104492,-3.0799999237060547,1.3899999856948853
3949,0.9515000581741333,0.2966262400150299,0.29124999046325684,1.2949999570846558
3950,1.059749960899353,0.15058200061321259,0.7950000166893005,1.2100000381469727
3951,1.1384999752044678,0.20968636870384216,0.6725000143051147,1.4275000095367432
3952,0.7447500228881836,1.183778166770935,-2.75,1.462499976158142
3953,1.0771249532699585,0.263439416885376,0.4637500047683716,1.4800000190734863
3954,0.9798749685287476,0.35315385460853577,0.28125,1.4537500143051147
3955,1.1257500648498535,0.1447068154811859,0.8199999928474426,1.3224999904632568
3956,1.087249994277954,0.16038605570793152,0.8262500166893005,1.2999999523162842
3957,0.9641249775886536,0.34052810072898865,0.25999999046325684,1.3312499523162842
3958,0.9930000305175781,0.21868513524532318,0.6399999856948853,1.309999942779541
3959,0.9013749957084656,0.35580432415008545,0.18250000476837158,1.318750023841858
3960,1.1386250257492065,0.13850028812885284,0.8912500143051147,1.3324999809265137
3961,1.0673749446868896,0.20078398287296295,0.7049999833106995,1.378749966621399
3962,0.9800000190734863,0.16110555827617645,0.6200000047683716,1.2412500381469727
3963,1.059249997138977,0.16870665550231934,0.6487500071525574,1.2450000047683716
3964,0.9801249504089355,0.22701354324817657,0.5600000023841858,1.2450000047683716
3965,1.0132499933242798,0.3984791934490204,-0.05000000074505806,1.503749966621399
3966,0.6319999694824219,1.1859723329544067,-2.8299999237060547,1.3825000524520874
3967,0.4350000321865082,1.160621166229248,-2.858750104904175,1.346250057220459
3968,0.5787500143051147,1.1545238494873047,-2.668750047683716,1.5499999523162842
3969,1.1001249551773071,0.17679212987422943,0.6549999713897705,1.3574999570846558
3970,1.1017500162124634,0.24865399301052094,0.5375000238418579,1.527500033378601
3971,0.9167499542236328,0.3280102014541626,0.3050000071525574,1.2174999713897705
3972,1.1442500352859497,0.05347665026783943,1.0824999809265137,1.2725000381469727
3973,0.7856249809265137,0.28516292572021484,0.2462500035762787,1.2174999713897705
3974,1.118749976158142,0.16300402581691742,0.824999988079071,1.4537500143051147
3975,1.1272499561309814,0.17237748205661774,0.856249988079071,1.431249976158142
3976,0.9538750648498535,0.13169148564338684,0.7149999737739563,1.1737500429153442
3977,1.0920000076293945,0.1567593663930893,0.8949999809265137,1.3550000190734863
3978,0.966874897480011,0.6783653497695923,-1.027500033378601,1.3550000190734863
3979,1.1023749113082886,0.14896459877490997,0.8187500238418579,1.3450000286102295
3980,0.9145000576972961,0.5267421007156372,-0.48249998688697815,1.3312499523162842
3981,0.9947500228881836,0.27879810333251953,0.45124998688697815,1.4987499713897705
3982,0.6713749766349792,1.1675752401351929,-2.75,1.4987499713897705
3983,0.6296250224113464,1.2009425163269043,-2.922499895095825,1.2549999952316284
3984,0.6434999704360962,1.1964830160140991,-2.8299999237060547,1.462499976158142
3985,0.8040000200271606,0.3810170590877533,0.08624999970197678,1.3362499475479126
3986,1.0689998865127563,0.19061888754367828,0.6549999713897705,1.4299999475479126
3987,1.1316249370574951,0.25313106179237366,0.518750011920929,1.3674999475479126
3988,1.080875039100647,0.1575912982225418,0.8362500071525574,1.3137500286102295
3989,1.2166249752044678,0.18699853122234344,0.8550000190734863,1.4862500429153442
3990,0.9789999723434448,0.34613752365112305,0.05000000074505806,1.3837499618530273
3991,0.8556249737739563,0.35224249958992004,0.012500000186264515,1.2400000095367432
3992,0.9387499690055847,0.3395364582538605,0.18125000596046448,1.2387499809265137
3993,0.21299996972084045,1.6494263410568237,-3.1812500953674316,1.277500033378601
3994,1.111875057220459,0.16735371947288513,0.6837499737739563,1.318750023841858
3995,1.000999927520752,0.26668673753738403,0.29124999046325684,1.2575000524520874
3996,1.108875036239624,0.2200457602739334,0.5950000286102295,1.4550000429153442
3997,1.0012500286102295,0.32519033551216125,0.38499999046325684,1.4537500143051147
3998,0.6055000424385071,1.2480475902557373,-3.103749990463257,1.3324999809265137
3999,0.7522498965263367,0.6159037351608276,-0.7825000286102295,1.4212499856948853
4000,0.5662499666213989,1.2001162767410278,-2.875,1.3899999856948853
4001,1.0236250162124634,0.21644313633441925,0.6262500286102295,1.3587499856948853
4002,1.0609999895095825,0.3776116371154785,0.06875000149011612,1.433750033378601
4003,0.5644999742507935,1.3491814136505127,-3.46875,1.1675000190734863
4004,1.03000009059906,0.20116069912910461,0.606249988079071,1.277500033378601
4005,0.8627499341964722,0.2663666605949402,0.4749999940395355,1.3350000381469727
4006,0.5793749690055847,1.2044261693954468,-2.983750104904175,1.350000023841858
4007,1.1293749809265137,0.1673957109451294,0.8537499904632568,1.403749942779541
4008,1.0203748941421509,0.2341460883617401,0.6175000071525574,1.368749976158142
4009,1.0369999408721924,0.21960918605327606,0.7437499761581421,1.3912500143051147
4010,1.006500005722046,0.24292926490306854,0.5600000023841858,1.4762500524520874
4011,0.5058749914169312,1.41811203956604,-3.71875,1.2050000429153442
4012,0.7892500162124634,0.4693819582462311,-0.23999999463558197,1.4175000190734863
4013,0.7717499732971191,1.2519981861114502,-2.956249952316284,1.4850000143051147
4014,0.937125027179718,0.23749150335788727,0.5299999713897705,1.3849999904632568
4015,1.0117499828338623,0.22427047789096832,0.4650000035762787,1.277500033378601
4016,1.2216249704360962,0.19554497301578522,0.8974999785423279,1.4762500524520874
4017,1.0733749866485596,0.19200590252876282,0.7462499737739563,1.462499976158142
4018,1.0088748931884766,0.3005273640155792,0.29875001311302185,1.3274999856948853
4019,0.20200002193450928,1.5704036951065063,-2.8499999046325684,1.3137500286102295
4020,0.8067499995231628,0.7193382978439331,-1.2237499952316284,1.3537499904632568
4021,0.8673750162124634,0.31784746050834656,0.21375000476837158,1.2587499618530273
4022,1.093500018119812,0.1438671201467514,0.7137500047683716,1.2387499809265137
4023,1.0701251029968262,0.1391272395849228,0.8337500095367432,1.3212499618530273
4024,1.1118749380111694,0.1988806575536728,0.75,1.4900000095367432
4025,0.4703750014305115,1.1522650718688965,-2.817500114440918,1.1799999475479126
4026,1.0548750162124634,0.36482077836990356,0.32875001430511475,1.4850000143051147
4027,1.0596249103546143,0.3726157546043396,0.007499999832361937,1.399999976158142
4028,1.0886249542236328,0.2643544375896454,0.5612499713897705,1.4674999713897705
4029,1.109375,0.18694856762886047,0.8424999713897705,1.4537500143051147
4030,0.503250002861023,1.2720589637756348,-2.817500114440918,1.278749942779541
4031,0.9929999113082886,0.2186586856842041,0.7400000095367432,1.4212499856948853
4032,0.9056251645088196,0.276856392621994,0.32124999165534973,1.3137500286102295
4033,1.0356249809265137,0.14150448143482208,0.8399999737739563,1.2050000429153442
4034,0.8023750185966492,1.1862033605575562,-2.706249952316284,1.443750023841858
4035,0.2932499945163727,1.6342543363571167,-3.2074999809265137,1.3337500095367432
4036,0.8047499656677246,0.4569603502750397,-0.10999999940395355,1.4674999713897705
4037,1.0663750171661377,0.20293273031711578,0.5787500143051147,1.274999976158142
4038,1.0230000019073486,0.23969265818595886,0.39125001430511475,1.2487499713897705
4039,0.9853750467300415,0.23839373886585236,0.4650000035762787,1.2762500047683716
4040,0.8481249809265137,0.33363962173461914,0.03999999910593033,1.2087500095367432
4041,1.2277500629425049,0.13965225219726562,0.9300000071525574,1.4762500524520874
4042,0.9241250157356262,0.24050666391849518,0.3462499976158142,1.2274999618530273
4043,1.079875111579895,0.19424006342887878,0.7450000047683716,1.3212499618530273
4044,1.0492500066757202,0.20390424132347107,0.6487500071525574,1.2949999570846558
4045,0.9839999079704285,0.302861750125885,0.3462499976158142,1.2799999713897705
4046,1.1402499675750732,0.28332942724227905,0.5062500238418579,1.5225000381469727
4047,1.0256249904632568,0.1730419397354126,0.7724999785423279,1.3312499523162842
4048,1.0678751468658447,0.15021240711212158,0.8487499952316284,1.3862500190734863
4049,1.0299999713897705,0.3649768829345703,0.1912499964237213,1.5087499618530273
4050,1.2191249132156372,0.14936015009880066,0.9975000023841858,1.4049999713897705
4051,0.9939999580383301,0.19471678137779236,0.8174999952316284,1.4900000095367432
4052,0.6621249914169312,1.3476186990737915,-3.3475000858306885,1.3125
4053,0.9004999399185181,0.23834994435310364,0.4387499988079071,1.190000057220459
4054,1.0850000381469727,0.3048923909664154,0.4737499952316284,1.462499976158142
4055,0.9818750619888306,0.4229243993759155,-0.18000000715255737,1.4299999475479126
4056,1.0653749704360962,0.18779562413692474,0.8237500190734863,1.475000023841858
4057,1.0901250839233398,0.21596834063529968,0.6762499809265137,1.434999942779541
4058,1.0051250457763672,0.2878956198692322,0.6000000238418579,1.368749976158142
4059,0.721375048160553,1.1800849437713623,-2.728749990463257,1.4862500429153442
4060,1.0666249990463257,0.25361761450767517,0.7450000047683716,1.4987499713897705
4061,0.9272500276565552,0.2913716733455658,0.44749999046325684,1.372499942779541
4062,1.0296249389648438,0.24260956048965454,0.45750001072883606,1.3137500286102295
4063,1.1489999294281006,0.15486668050289154,0.9362499713897705,1.53125
4064,0.17612498998641968,1.6145715713500977,-3.0199999809265137,1.4249999523162842
4065,1.111375093460083,0.18644826114177704,0.7450000047683716,1.403749942779541
4066,0.9602500200271606,0.3262704908847809,0.4712499976158142,1.46875
4067,1.0017499923706055,0.3314703106880188,0.42124998569488525,1.434999942779541
4068,0.9957500696182251,0.23983469605445862,0.65625,1.4850000143051147
4069,0.7443750500679016,1.1833176612854004,-2.786250114440918,1.3637499809265137
4070,1.102500081062317,0.12413071095943451,0.918749988079071,1.309999942779541
4071,0.7417499423027039,1.2261128425598145,-2.896250009536743,1.4850000143051147
4072,0.7540000081062317,1.2452850341796875,-2.9749999046325684,1.3274999856948853
4073,0.5876250267028809,1.149560809135437,-2.7674999237060547,1.2825000286102295
4074,0.22949998080730438,1.6922895908355713,-3.3975000381469727,1.2587499618530273
4075,1.0834999084472656,0.2568248510360718,0.4925000071525574,1.4950000047683716
4076,1.1466249227523804,0.2458442598581314,0.6424999833106995,1.5412499904632568
4077,0.8788749575614929,0.2631649076938629,0.33000001311302185,1.1987500190734863
4078,1.0831249952316284,0.17801444232463837,0.8125,1.3662500381469727
4079,1.0588749647140503,0.18325483798980713,0.7262499928474426,1.3450000286102295
4080,1.083125114440918,0.27691224217414856,0.5637500286102295,1.472499966621399
4081,0.947874903678894,0.24396534264087677,0.550000011920929,1.2400000095367432
4082,1.018625020980835,0.45106449723243713,-0.29499998688697815,1.3912500143051147
4083,1.0577499866485596,0.11109229177236557,0.856249988079071,1.184999942779541
4084,0.8255001306533813,0.3509221076965332,0.061250001192092896,1.28125
4085,1.065999984741211,0.19211550056934357,0.7649999856948853,1.3637499809265137
4086,1.0926250219345093,0.10442319512367249,0.8700000047683716,1.2512500286102295
4087,1.0619999170303345,0.22618727385997772,0.7275000214576721,1.4987499713897705
4088,0.9663749933242798,0.31139126420021057,0.1837500035762787,1.2649999856948853
4089,0.9427499771118164,0.3319345712661743,0.22499999403953552,1.2912499904632568
4090,0.6802500486373901,1.1673707962036133,-2.7799999713897705,1.4674999713897705
4091,0.593375027179718,1.2750763893127441,-2.953749895095825,1.4774999618530273
4092,0.6150000095367432,1.2793203592300415,-3.103749990463257,1.4550000429153442
4093,1.0646250247955322,0.2606002986431122,0.4937500059604645,1.350000023841858
4094,1.037000060081482,0.21697796881198883,0.5425000190734863,1.3450000286102295
4095,0.9992499351501465,0.21045278012752533,0.44874998927116394,1.2287499904632568
4096,0.9779999852180481,0.4447703957557678,0.09000000357627869,1.5225000381469727
4097,1.0636250972747803,0.302217036485672,0.5112500190734863,1.5549999475479126
4098,0.9993749856948853,0.3680218458175659,-0.03999999910593033,1.3212499618530273
4099,1.0931251049041748,0.20951150357723236,0.6775000095367432,1.4674999713897705
4100,0.9437500834465027,0.30786511301994324,0.12125000357627869,1.2174999713897705
4101,1.0186249017715454,0.2216665893793106,0.7487499713897705,1.3637499809265137
4102,1.0778748989105225,0.17110948264598846,0.8299999833106995,1.2899999618530273
4103,0.8266249895095825,1.1829586029052734,-2.672499895095825,1.5175000429153442
4104,0.8862500190734863,0.33389556407928467,0.23624999821186066,1.2649999856948853
4105,0.5871250033378601,1.125223159790039,-2.75,1.2037500143051147
4106,0.947874903678894,0.21479280292987823,0.6499999761581421,1.309999942779541
4107,1.200124979019165,0.1946932077407837,0.768750011920929,1.503749966621399
4108,0.9194999933242798,0.2685215473175049,0.4449999928474426,1.2862499952316284
4109,0.909125030040741,0.3771136701107025,0.0,1.3300000429153442
4110,0.9808748960494995,0.2534228563308716,0.4050000011920929,1.3312499523162842
4111,0.8448749780654907,0.4268929958343506,-0.14000000059604645,1.4862500429153442
4112,0.6520000696182251,1.1980650424957275,-2.922499895095825,1.253749966621399
4113,1.0638749599456787,0.2340836077928543,0.7124999761581421,1.5362499952316284
4114,1.2201249599456787,0.1696544587612152,0.9524999856948853,1.5
4115,0.8160001039505005,0.30130070447921753,0.2462500035762787,1.2949999570846558
4116,1.0767500400543213,0.23801402747631073,0.4962500035762787,1.3537499904632568
4117,1.1992499828338623,0.1873367875814438,0.7862499952316284,1.4550000429153442
4118,0.9593750238418579,0.2280654013156891,0.46000000834465027,1.3250000476837158
4119,0.7139999866485596,1.2026664018630981,-2.877500057220459,1.2887500524520874
4120,1.088499903678894,0.2331649214029312,0.4662500023841858,1.3300000429153442
4121,0.5893749594688416,1.3759262561798096,-3.502500057220459,1.408750057220459
4122,1.1588751077651978,0.22570061683654785,0.7325000166893005,1.441249966621399
4123,0.9699999690055847,0.27473053336143494,0.4962500035762787,1.4112499952316284
4124,0.9581249952316284,0.293544203042984,0.2775000035762787,1.309999942779541
4125,0.9987500309944153,0.44031238555908203,-0.20374999940395355,1.431249976158142
4126,0.5297500491142273,1.199747920036316,-2.700000047683716,1.316249966621399
4127,0.643875002861023,1.1866366863250732,-2.8237500190734863,1.3574999570846558
4128,0.7666249871253967,0.46118226647377014,0.05000000074505806,1.4537500143051147
4129,1.0779999494552612,0.29443812370300293,0.4350000023841858,1.4225000143051147
4130,0.7638750076293945,0.582404613494873,-0.7337499856948853,1.3637499809265137
4131,0.8338750004768372,0.5846041440963745,-0.7225000262260437,1.53125
4132,1.0733749866485596,0.2860310673713684,0.6037499904632568,1.503749966621399
4133,1.0415000915527344,0.20337143540382385,0.6700000166893005,1.3137500286102295
4134,0.9082499742507935,0.48185649514198303,-0.41874998807907104,1.2999999523162842
4135,0.33387500047683716,1.6221266984939575,-2.96875,1.4049999713897705
4136,0.9278749227523804,0.27646371722221375,0.2562499940395355,1.2949999570846558
4137,0.9413749575614929,0.2005036175251007,0.5724999904632568,1.2799999713897705
4138,0.8810001611709595,0.36904218792915344,-0.04374999925494194,1.2200000286102295
4139,0.8574999570846558,0.27518004179000854,0.38499999046325684,1.184999942779541
4140,1.0894999504089355,0.14654691517353058,0.7137500047683716,1.308750033378601
4141,1.139125108718872,0.1766202300786972,0.8349999785423279,1.4800000190734863
4142,1.183250069618225,0.16975551843643188,0.9325000047683716,1.527500033378601
4143,1.1072499752044678,0.31345242261886597,0.23999999463558197,1.3762500286102295
4144,0.8885000348091125,0.2670368552207947,0.3824999928474426,1.341249942779541
4145,0.5115000009536743,1.3931875228881836,-3.643749952316284,1.1749999523162842
4146,0.5568749904632568,1.1585489511489868,-2.7362499237060547,1.2762500047683716
4147,0.6927500367164612,1.2138261795043945,-2.8687500953674316,1.3250000476837158
4148,1.096500039100647,0.1930801272392273,0.7724999785423279,1.3862500190734863
4149,0.6357499957084656,1.197771668434143,-2.825000047683716,1.4987499713897705
4150,1.1441251039505005,0.14752018451690674,0.9037500023841858,1.3762500286102295
4151,1.0223749876022339,0.23054653406143188,0.6349999904632568,1.3987499475479126
4152,0.7032500505447388,0.2968975901603699,0.1587499976158142,1.149999976158142
4153,1.0097501277923584,0.15479500591754913,0.6537500023841858,1.2637499570846558
4154,0.9390000104904175,0.33307039737701416,0.1287499964237213,1.399999976158142
4155,0.9850000143051147,0.34162113070487976,0.23125000298023224,1.4487500190734863
4156,0.984125018119812,0.33426040410995483,0.30000001192092896,1.4737499952316284
4157,0.9568749666213989,0.17332704365253448,0.5237500071525574,1.1174999475479126
4158,0.7872499823570251,1.2299526929855347,-2.84375,1.403749942779541
4159,0.9635000228881836,0.3879142105579376,0.12125000357627869,1.4275000095367432
4160,0.9630001187324524,0.3016476631164551,0.38499999046325684,1.3174999952316284
4161,1.0421249866485596,0.32804012298583984,0.26374998688697815,1.5137499570846558
4162,0.9688750505447388,0.3473670482635498,0.20749999582767487,1.403749942779541
4163,1.0731250047683716,0.15462884306907654,0.7925000190734863,1.2649999856948853
4164,0.8634999990463257,0.33561500906944275,0.29374998807907104,1.412500023841858
4165,0.5596250295639038,1.4527034759521484,-3.6812500953674316,1.403749942779541
4166,0.9766250848770142,0.25016871094703674,0.5087500214576721,1.308750033378601
4167,1.0661250352859497,0.14062076807022095,0.8600000143051147,1.2487499713897705
4168,0.8520000576972961,0.5666163563728333,-0.7699999809265137,1.28125
4169,1.0077500343322754,0.31950685381889343,0.45750001072883606,1.4900000095367432
4170,1.0366250276565552,0.24115480482578278,0.4650000035762787,1.4225000143051147
4171,1.1467500925064087,0.13403964042663574,0.8787500262260437,1.350000023841858
4172,0.8678749799728394,0.22274498641490936,0.5262500047683716,1.1825000047683716
4173,0.9356249570846558,0.22874538600444794,0.6112499833106995,1.225000023841858
4174,0.7493749856948853,1.1712161302566528,-2.700000047683716,1.4075000286102295
4175,0.9522501230239868,0.166650652885437,0.7099999785423279,1.2050000429153442
4176,0.9884999990463257,0.2321474254131317,0.5450000166893005,1.3324999809265137
4177,1.2196249961853027,0.18635152280330658,0.949999988079071,1.4950000047683716
4178,1.0863748788833618,0.16127467155456543,0.8349999785423279,1.3550000190734863
4179,1.059999942779541,0.10306248813867569,0.8962500095367432,1.2400000095367432
4180,0.9163749814033508,0.3254287838935852,0.3187499940395355,1.4275000095367432
4181,1.1323750019073486,0.22072356939315796,0.8299999833106995,1.4900000095367432
4182,1.1013749837875366,0.12569239735603333,0.8949999809265137,1.283750057220459
4183,1.14662504196167,0.263309508562088,0.5149999856948853,1.527500033378601
4184,1.0082499980926514,0.26881465315818787,0.6775000095367432,1.5075000524520874
4185,0.9983750581741333,0.26755842566490173,0.5012500286102295,1.3962500095367432
4186,1.1388750076293945,0.2329910397529602,0.5687500238418579,1.4587500095367432
4187,0.3831250071525574,1.1036747694015503,-2.700000047683716,1.246250033378601
4188,0.8477500081062317,0.7447876334190369,-1.0762499570846558,1.472499966621399
4189,1.1169999837875366,0.2163649946451187,0.5662500262260437,1.3450000286102295
4190,0.547124981880188,1.3245294094085693,-3.328749895095825,1.253749966621399
4191,0.981124997138977,0.18998967111110687,0.6399999856948853,1.2412500381469727
4192,0.9437500238418579,0.21909615397453308,0.543749988079071,1.2862499952316284
4193,0.9481250047683716,0.22077013552188873,0.4762499928474426,1.3075000047683716
4194,0.9568750262260437,0.2646455466747284,0.6487500071525574,1.5087499618530273
4195,1.004249930381775,0.2965242564678192,0.42500001192092896,1.4500000476837158
4196,0.9177500009536743,0.2847706079483032,0.40625,1.4049999713897705
4197,1.2041250467300415,0.2339598387479782,0.7699999809265137,1.5225000381469727
4198,0.9316250085830688,0.2270483374595642,0.4137499928474426,1.2662500143051147
4199,1.0633748769760132,0.18859601020812988,0.762499988079071,1.309999942779541
4200,0.765625,1.209937334060669,-2.8299999237060547,1.4462499618530273
4201,1.121749997138977,0.1574307382106781,0.824999988079071,1.3450000286102295
4202,1.0082499980926514,0.26869428157806396,0.3449999988079071,1.3137500286102295
4203,1.062749981880188,0.3127692937850952,0.2787500023841858,1.4762500524520874
4204,0.9048749804496765,0.32973021268844604,0.14374999701976776,1.2087500095367432
4205,0.9141249656677246,0.3133314251899719,0.12125000357627869,1.246250033378601
4206,0.9022499918937683,0.32188159227371216,-0.021250000223517418,1.1712499856948853
4207,1.0427500009536743,0.3900375962257385,-0.08375000208616257,1.3312499523162842
4208,1.1501249074935913,0.2386501282453537,0.6462500095367432,1.4850000143051147
4209,0.9183748960494995,0.22562138736248016,0.48124998807907104,1.2587499618530273
4210,0.6541250348091125,1.1955325603485107,-2.8062500953674316,1.5225000381469727
4211,1.025499939918518,0.24780043959617615,0.5649999976158142,1.34375
4212,0.9132499694824219,0.3611891269683838,-0.057500001043081284,1.2675000429153442
4213,1.1598750352859497,0.16624006628990173,0.9399999976158142,1.434999942779541
4214,1.1472499370574951,0.12975916266441345,0.8374999761581421,1.3350000381469727
4215,1.043874979019165,0.19913674890995026,0.6150000095367432,1.2862499952316284
4216,0.9859999418258667,0.08134572207927704,0.8700000047683716,1.1112500429153442
4217,0.9848750233650208,0.29656070470809937,0.45750001072883606,1.3849999904632568
4218,0.7921249866485596,0.7246881127357483,-1.1687500476837158,1.3799999952316284
4219,0.984624981880188,0.21554222702980042,0.6362500190734863,1.3450000286102295
4220,1.0553749799728394,0.2048673778772354,0.6412500143051147,1.3875000476837158
4221,1.0232499837875366,0.16984662413597107,0.768750011920929,1.3362499475479126
4222,1.0733749866485596,0.1820654422044754,0.7962499856948853,1.4450000524520874
4223,1.0033749341964722,0.2722504734992981,0.36125001311302185,1.4774999618530273
4224,1.0638749599456787,0.26719459891319275,0.574999988079071,1.5362499952316284
4225,1.050874948501587,0.1558525413274765,0.8299999833106995,1.3574999570846558
4226,0.9286249279975891,0.39082905650138855,0.2199999988079071,1.3987499475479126
4227,0.6646249890327454,1.1686960458755493,-2.8062500953674316,1.2625000476837158
4228,1.1065000295639038,0.23182347416877747,0.6225000023841858,1.3987499475479126
4229,1.1675000190734863,0.10467211902141571,1.03125,1.3700000047683716
4230,1.0108749866485596,0.23395247757434845,0.5224999785423279,1.412500023841858
4231,1.102250099182129,0.2362101823091507,0.5299999713897705,1.5175000429153442
4232,0.998249888420105,0.28521329164505005,0.2512499988079071,1.274999976158142
4233,1.144624948501587,0.1705625355243683,0.8787500262260437,1.4262499809265137
4234,1.0803749561309814,0.418899267911911,0.10249999910593033,1.5225000381469727
4235,1.0326249599456787,0.22029346227645874,0.45124998688697815,1.2587499618530273
4236,0.952750027179718,0.2299169898033142,0.5612499713897705,1.2975000143051147
4237,1.0737498998641968,0.18627935647964478,0.699999988079071,1.3287500143051147
4238,1.1177499294281006,0.23250055313110352,0.543749988079071,1.4587500095367432
4239,0.6406249403953552,1.2674580812454224,-2.9800000190734863,1.503749966621399
4240,1.1296249628067017,0.21016809344291687,0.7825000286102295,1.3600000143051147
4241,0.9649999737739563,0.34709692001342773,0.09000000357627869,1.3612500429153442
4242,0.9267500042915344,0.4139445424079895,-0.2150000035762787,1.2262500524520874
4243,0.9810000658035278,0.21362261474132538,0.5450000166893005,1.225000023841858
4244,1.0411250591278076,0.29012951254844666,0.48500001430511475,1.4887499809265137
4245,0.9988750219345093,0.21648576855659485,0.7149999737739563,1.4187500476837158
4246,1.003749966621399,0.2622409462928772,0.4099999964237213,1.350000023841858
4247,0.9366250038146973,0.3760776221752167,-0.004999999888241291,1.3537499904632568
4248,0.9783749580383301,0.32945507764816284,0.32749998569488525,1.371250033378601
4249,1.036750078201294,0.270854115486145,0.5450000166893005,1.5125000476837158
4250,1.0806249380111694,0.22685709595680237,0.6700000166893005,1.3637499809265137
4251,1.0082499980926514,0.22658415138721466,0.4099999964237213,1.2949999570846558
4252,1.06374990940094,0.27512723207473755,0.44749999046325684,1.3450000286102295
4253,0.9387500882148743,0.3673630654811859,0.23375000059604645,1.3912500143051147
4254,1.0924999713897705,0.20674031972885132,0.800000011920929,1.434999942779541
4255,0.9806249737739563,0.28090938925743103,0.49000000953674316,1.5175000429153442
4256,1.0720000267028809,0.17737515270709991,0.7774999737739563,1.381250023841858
4257,1.052375078201294,0.18034900724887848,0.7837499976158142,1.3674999475479126
4258,1.2925000190734863,0.13536061346530914,1.152500033378601,1.5137499570846558
4259,0.6825000047683716,1.2355111837387085,-2.961250066757202,1.527500033378601
4260,1.1168750524520874,0.20721083879470825,0.6312500238418579,1.350000023841858
4261,0.919374942779541,0.4499778747558594,-0.22875000536441803,1.4674999713897705
4262,0.8961249589920044,0.6152341365814209,-0.6637499928474426,1.3274999856948853
4263,1.0694999694824219,0.2618391811847687,0.36500000953674316,1.2962499856948853
4264,0.9341250658035278,0.39003849029541016,0.03375000134110451,1.503749966621399
4265,1.05649995803833,0.380411297082901,-0.004999999888241291,1.350000023841858
4266,1.0526249408721924,0.1773356795310974,0.8262500166893005,1.3987499475479126
4267,0.969499945640564,0.3732966184616089,0.02500000037252903,1.5137499570846558
4268,1.0507500171661377,0.3984968364238739,0.23250000178813934,1.5549999475479126
4269,1.0118749141693115,0.3827667534351349,-0.0625,1.381250023841858
4270,0.6491250395774841,1.1750177145004272,-2.828749895095825,1.3624999523162842
4271,0.903124988079071,0.3170470595359802,0.0925000011920929,1.3025000095367432
4272,1.0635000467300415,0.26269030570983887,0.6424999833106995,1.4674999713897705
4273,1.0648750066757202,0.13655979931354523,0.8399999737739563,1.2587499618530273
4274,0.8596250414848328,0.26811090111732483,0.38999998569488525,1.2050000429153442
4275,1.2168750762939453,0.14133211970329285,0.987500011920929,1.4450000524520874
4276,1.0336250066757202,0.2310759276151657,0.5787500143051147,1.4187500476837158
4277,1.0666248798370361,0.10681182146072388,0.949999988079071,1.3174999952316284
4278,0.9426249265670776,0.30716419219970703,0.27000001072883606,1.3274999856948853
4279,1.197624921798706,0.1610545814037323,0.8149999976158142,1.4800000190734863
4280,1.0382499694824219,0.20529720187187195,0.606249988079071,1.3637499809265137
4281,1.0105000734329224,0.21340996026992798,0.6212499737739563,1.2725000381469727
4282,0.7088750004768372,1.1893867254257202,-2.817500114440918,1.2949999570846558
4283,1.0856250524520874,0.27076178789138794,0.5287500023841858,1.3674999475479126
4284,1.0175000429153442,0.29406312108039856,0.4325000047683716,1.4187500476837158
4285,0.6674999594688416,1.2322863340377808,-2.799999952316284,1.4175000190734863
4286,1.1616249084472656,0.19701209664344788,0.6762499809265137,1.3887499570846558
4287,0.7013749480247498,1.1775673627853394,-2.7249999046325684,1.4574999809265137
4288,1.0859999656677246,0.26348671317100525,0.5074999928474426,1.3287500143051147
4289,0.9660000801086426,0.18571045994758606,0.6212499737739563,1.2037500143051147
4290,0.6768749356269836,1.2404453754425049,-2.9674999713897705,1.403749942779541
4291,1.1262500286102295,0.1786879152059555,0.7300000190734863,1.3700000047683716
4292,1.1419999599456787,0.12209653854370117,0.8587499856948853,1.2987500429153442
4293,0.6829999685287476,1.166083812713623,-2.793750047683716,1.2625000476837158
4294,0.8934999704360962,0.431922972202301,-0.01875000074505806,1.28125
4295,0.8486250042915344,0.3994501829147339,-0.2487500011920929,1.3312499523162842
4296,0.5274999737739563,1.3129349946975708,-3.231250047683716,1.4049999713897705
4297,0.9208749532699585,0.6609588861465454,-0.9462500214576721,1.5449999570846558
4298,0.5755000710487366,1.2035293579101562,-2.884999990463257,1.4049999713897705
4299,1.1871249675750732,0.26192259788513184,0.5737500190734863,1.4950000047683716
4300,0.9142500162124634,0.3650103509426117,0.2487500011920929,1.3524999618530273
4301,1.06374990940094,0.1129324808716774,0.8949999809265137,1.2949999570846558
4302,1.0048749446868896,0.21324679255485535,0.6962500214576721,1.5449999570846558
4303,0.9698750376701355,0.2971823215484619,0.32499998807907104,1.5
4304,0.9635000228881836,0.32998478412628174,0.15125000476837158,1.252500057220459
4305,0.8205000162124634,0.4252445101737976,-0.25,1.221250057220459
4306,0.9021250009536743,0.4232279360294342,0.09624999761581421,1.3274999856948853
4307,1.0197498798370361,0.25620290637016296,0.48625001311302185,1.3424999713897705
4308,1.0271250009536743,0.20697754621505737,0.6499999761581421,1.2949999570846558
4309,0.9708749651908875,0.4021446406841278,-0.042500000447034836,1.3362499475479126
4310,1.0392500162124634,0.16879184544086456,0.8050000071525574,1.3849999904632568
4311,0.6391249895095825,1.1824696063995361,-2.7874999046325684,1.403749942779541
4312,1.0702499151229858,0.33160585165023804,0.48124998807907104,1.5549999475479126
4313,0.44487500190734863,1.168345332145691,-2.716249942779541,1.340000033378601
4314,0.9709998965263367,0.16389669477939606,0.6237499713897705,1.190000057220459
4315,1.0038750171661377,0.1803801953792572,0.6225000023841858,1.2100000381469727
4316,0.7203749418258667,1.138182520866394,-2.668750047683716,1.368749976158142
4317,0.9054999351501465,0.2707640826702118,0.32749998569488525,1.2649999856948853
4318,0.9506250619888306,0.2904103994369507,0.45124998688697815,1.4900000095367432
4319,0.9891249537467957,0.19394591450691223,0.6349999904632568,1.216249942779541
4320,1.054249882698059,0.18672189116477966,0.6962500214576721,1.2725000381469727
4321,0.9348750114440918,0.4846872389316559,-0.29249998927116394,1.4637500047683716
4322,0.5600000619888306,1.215936541557312,-2.8187499046325684,1.2662500143051147
4323,1.1306250095367432,0.10519956797361374,0.9700000286102295,1.3524999618530273
4324,1.1761250495910645,0.12542234361171722,0.9462500214576721,1.3624999523162842
4325,0.4790000021457672,1.3362761735916138,-3.055000066757202,1.4550000429153442
4326,0.9596249461174011,0.39553603529930115,0.16500000655651093,1.3125
4327,0.8659999966621399,0.6064759492874146,-0.75,1.3537499904632568
4328,1.0402500629425049,0.303622841835022,0.48249998688697815,1.5
4329,1.0899999141693115,0.26849639415740967,0.5687500238418579,1.4637500047683716
4330,0.9732499122619629,0.5298216342926025,-0.5024999976158142,1.53125
4331,1.1237499713897705,0.3044426143169403,0.4050000011920929,1.4900000095367432
4332,1.115875005722046,0.16834959387779236,0.6612499952316284,1.277500033378601
4333,1.1196249723434448,0.10886066406965256,0.9300000071525574,1.2887500524520874
4334,0.9933750033378601,0.37545809149742126,0.16374999284744263,1.4850000143051147
4335,0.8676249384880066,0.3462325930595398,0.1899999976158142,1.2337499856948853
4336,1.00124990940094,0.16913382709026337,0.8199999928474426,1.3849999904632568
4337,1.0789999961853027,0.19011245667934418,0.8537499904632568,1.503749966621399
4338,1.1291249990463257,0.15443448722362518,0.7712500095367432,1.3075000047683716
4339,1.0482499599456787,0.3638553321361542,0.17749999463558197,1.568750023841858
4340,1.064750075340271,0.23113226890563965,0.6762499809265137,1.441249966621399
4341,1.1792500019073486,0.12311606109142303,0.9837499856948853,1.3487499952316284
4342,0.73499995470047,0.5029152631759644,-0.6324999928474426,1.2400000095367432
4343,1.1134999990463257,0.17915582656860352,0.7537500262260437,1.3524999618530273
4344,1.102500081062317,0.25271153450012207,0.4962500035762787,1.431249976158142
4345,1.1313750743865967,0.1597345769405365,0.875,1.4299999475479126
4346,1.122499942779541,0.1938829869031906,0.6962500214576721,1.347499966621399
4347,0.30549997091293335,1.5878740549087524,-2.961250066757202,1.2637499570846558
4348,0.6437499523162842,1.2180755138397217,-2.961250066757202,1.284999966621399
4349,0.8888750076293945,0.4580766558647156,-0.44749999046325684,1.1749999523162842
4350,1.0336250066757202,0.1681586503982544,0.8062499761581421,1.2712500095367432
4351,0.8116250038146973,0.5005084872245789,-0.15000000596046448,1.2987500429153442
4352,0.559249997138977,1.148759365081787,-2.8062500953674316,1.3550000190734863
4353,1.1067501306533813,0.22393232583999634,0.7875000238418579,1.5137499570846558
4354,1.069374918937683,0.24097473919391632,0.7462499737739563,1.4837499856948853
4355,1.0041248798370361,0.21645227074623108,0.6150000095367432,1.3350000381469727
4356,1.0056250095367432,0.18147937953472137,0.6150000095367432,1.2087500095367432
4357,1.0350000858306885,0.3996310830116272,0.0037499999161809683,1.53125
4358,0.9802500605583191,0.1856725960969925,0.7049999833106995,1.2799999713897705
4359,1.0676250457763672,0.20159631967544556,0.8075000047683716,1.431249976158142
4360,1.0842499732971191,0.1022133082151413,0.875,1.2237499952316284
4361,0.9968751072883606,0.2885168194770813,0.4749999940395355,1.3937499523162842
4362,1.0420000553131104,0.3342469334602356,0.27000001072883606,1.4812500476837158
4363,1.0887501239776611,0.17461833357810974,0.8224999904632568,1.4049999713897705
4364,1.072374939918518,0.1647103875875473,0.7512500286102295,1.3537499904632568
4365,1.0392500162124634,0.2592611014842987,0.6212499737739563,1.368749976158142
4366,0.9991248846054077,0.26309695839881897,0.6025000214576721,1.3912500143051147
4367,0.8895000219345093,0.4589669704437256,-0.33000001311302185,1.350000023841858
4368,0.8869999647140503,0.4385506212711334,0.14374999701976776,1.4812500476837158
4369,1.166374921798706,0.12235764414072037,1.0399999618530273,1.4249999523162842
4370,0.8771249651908875,0.28866448998451233,0.3125,1.431249976158142
4371,0.6330000162124634,1.2304691076278687,-3.046250104904175,1.2350000143051147
4372,0.9436249732971191,0.29476284980773926,0.3774999976158142,1.372499942779541
4373,0.6284999847412109,1.2153524160385132,-2.9862499237060547,1.3212499618530273
4374,0.9867500066757202,0.30265966057777405,0.3812499940395355,1.3012499809265137
4375,0.9541250467300415,0.30694615840911865,0.42500001192092896,1.2999999523162842
4376,1.1478750705718994,0.17508839070796967,0.800000011920929,1.3849999904632568
4377,0.9456249475479126,0.6953945159912109,-1.0075000524520874,1.5137499570846558
4378,0.9387499690055847,0.6208162307739258,-0.8475000262260437,1.3849999904632568
4379,0.9598749279975891,0.326276570558548,0.26875001192092896,1.3862500190734863
4380,1.0889999866485596,0.20080837607383728,0.606249988079071,1.4075000286102295
4381,1.0412499904632568,0.23382684588432312,0.4300000071525574,1.2999999523162842
4382,0.6521250009536743,1.225878357887268,-2.961250066757202,1.431249976158142
4383,0.9061249494552612,0.2947119474411011,0.4399999976158142,1.3125
4384,1.047124981880188,0.24430900812149048,0.6000000238418579,1.4262499809265137
4385,0.8876250386238098,0.23990261554718018,0.5387499928474426,1.3537499904632568
4386,0.940375030040741,0.3389676511287689,0.12999999523162842,1.2037500143051147
4387,1.048374891281128,0.1574157178401947,0.7462499737739563,1.3250000476837158
4388,0.21475005149841309,1.5788201093673706,-2.9375,1.441249966621399
4389,0.4916250705718994,1.2402029037475586,-3.0062499046325684,1.3637499809265137
4390,1.0736249685287476,0.212070494890213,0.8374999761581421,1.3537499904632568
4391,0.9712499380111694,0.11052149534225464,0.8037499785423279,1.1712499856948853
4392,0.9114999771118164,0.565884530544281,-0.7112500071525574,1.2762500047683716
4393,0.6005000472068787,1.2058689594268799,-2.9912500381469727,1.315000057220459
4394,1.0217499732971191,0.47401583194732666,-0.2824999988079071,1.318750023841858
4395,1.015625,0.28407594561576843,0.2199999988079071,1.2912499904632568
4396,0.7943750023841858,0.3710320293903351,-0.1587499976158142,1.1487499475479126
4397,0.9866250157356262,0.46408310532569885,-0.27125000953674316,1.4900000095367432
4398,0.656374990940094,1.227794885635376,-3.009999990463257,1.2725000381469727
4399,0.9902499318122864,0.33934441208839417,0.32499998807907104,1.2962499856948853
4400,0.6762499809265137,1.190086007118225,-2.8375000953674316,1.3862500190734863
4401,0.9145000576972961,0.3365580141544342,0.32875001430511475,1.4537500143051147
4402,0.8713749647140503,0.2721749544143677,0.3412500023841858,1.1712499856948853
4403,0.9361249804496765,0.29859066009521484,0.18000000715255737,1.315000057220459
4404,1.0567500591278076,0.3238668441772461,0.29249998927116394,1.3487499952316284
4405,1.0882500410079956,0.10354074835777283,0.8700000047683716,1.252500057220459
4406,0.9857500195503235,0.31767821311950684,0.3425000011920929,1.412500023841858
4407,1.1146248579025269,0.22360751032829285,0.6962500214576721,1.5137499570846558
4408,1.0242500305175781,0.30563467741012573,0.512499988079071,1.4800000190734863
4409,1.0008751153945923,0.3725143074989319,-0.04374999925494194,1.381250023841858
4410,1.0643749237060547,0.3693005442619324,0.04374999925494194,1.4850000143051147
4411,0.9725000262260437,0.2669515311717987,0.32749998569488525,1.3337500095367432
4412,1.1129999160766602,0.34560510516166687,0.41874998807907104,1.4249999523162842
4413,0.9867501258850098,0.2197684794664383,0.581250011920929,1.3324999809265137
4414,1.0646249055862427,0.2484445869922638,0.4087499976158142,1.3075000047683716
4415,1.029499888420105,0.2550148367881775,0.41874998807907104,1.5125000476837158
4416,0.3943749964237213,1.1370857954025269,-2.700000047683716,1.2350000143051147
4417,1.125249981880188,0.18478938937187195,0.7662500143051147,1.3174999952316284
4418,0.24650001525878906,1.2495529651641846,-2.84375,1.3312499523162842
4419,1.102874994277954,0.23649857938289642,0.5649999976158142,1.462499976158142
4420,0.9632499814033508,0.3373611867427826,0.4350000023841858,1.493749976158142
4421,1.1601250171661377,0.16426391899585724,0.768750011920929,1.3987499475479126
4422,1.041374921798706,0.20772837102413177,0.7450000047683716,1.368749976158142
4423,1.1049998998641968,0.16184289753437042,0.800000011920929,1.3137500286102295
4424,0.9232500195503235,0.21570466458797455,0.6312500238418579,1.3550000190734863
4425,0.8812500238418579,0.24243879318237305,0.6037499904632568,1.4212499856948853
4426,0.8207499384880066,0.6133101582527161,-0.824999988079071,1.4450000524520874
4427,1.1118749380111694,0.3090111315250397,0.49125000834465027,1.5087499618530273
4428,0.9397500157356262,0.2843983769416809,0.4937500059604645,1.2712500095367432
4429,1.0534999370574951,0.17849965393543243,0.8062499761581421,1.3662500381469727
4430,0.8037500381469727,0.617800772190094,-0.9662500023841858,1.2687499523162842
4431,0.9308749437332153,0.3912983536720276,-0.023749999701976776,1.3287500143051147
4432,0.9937500953674316,0.3332735300064087,0.20125000178813934,1.3037500381469727
4433,1.1143749952316284,0.195410817861557,0.7512500286102295,1.3799999952316284
4434,1.065500020980835,0.2411322295665741,0.6974999904632568,1.4900000095367432
4435,1.1141250133514404,0.2647487223148346,0.5862500071525574,1.4987499713897705
4436,1.1642500162124634,0.2899704873561859,0.5487499833106995,1.5225000381469727
4437,1.0346250534057617,0.14412671327590942,0.7637500166893005,1.2899999618530273
4438,1.103874921798706,0.1951301246881485,0.7674999833106995,1.503749966621399
4439,1.0614999532699585,0.1770273596048355,0.7649999856948853,1.2937500476837158
4440,1.043375015258789,0.15786966681480408,0.7124999761581421,1.252500057220459
4441,1.0487499237060547,0.26226359605789185,0.5487499833106995,1.399999976158142
4442,0.887499988079071,0.28292059898376465,0.4449999928474426,1.2912499904632568
4443,0.5898749232292175,1.2406525611877441,-3.067500114440918,1.28125
4444,1.0885001420974731,0.2425771951675415,0.5799999833106995,1.377500057220459
4445,0.9193750619888306,0.2987328767776489,0.20125000178813934,1.2825000286102295
4446,1.057999849319458,0.20877332985401154,0.8537499904632568,1.5087499618530273
4447,1.098250150680542,0.2637424170970917,0.606249988079071,1.4075000286102295
4448,1.0973750352859497,0.23587566614151,0.4387499988079071,1.3450000286102295
4449,1.0122499465942383,0.1826803982257843,0.6499999761581421,1.2362500429153442
4450,0.9609999656677246,0.2984343469142914,0.3487499952316284,1.5824999809265137
4451,1.0452499389648438,0.29699209332466125,0.2737500071525574,1.4362499713897705
4452,1.058000087738037,0.403410941362381,-0.11124999821186066,1.3862500190734863
4453,1.1482499837875366,0.26595064997673035,0.44624999165534973,1.381250023841858
4454,1.0769999027252197,0.19431625306606293,0.7087500095367432,1.5087499618530273
4455,1.1127500534057617,0.19868458807468414,0.7724999785423279,1.4812500476837158
4456,1.0836249589920044,0.13179700076580048,0.9399999976158142,1.3899999856948853
4457,1.1528749465942383,0.1947193741798401,0.9150000214576721,1.472499966621399
4458,1.0396249294281006,0.34736284613609314,0.2512499988079071,1.5137499570846558
4459,0.7652500867843628,0.4737245440483093,-0.19875000417232513,1.2637499570846558
4460,0.9513750076293945,0.3647068440914154,-0.008750000037252903,1.441249966621399
4461,0.8709999918937683,0.5297020673751831,-0.5712500214576721,1.278749942779541
4462,0.6797500252723694,1.2902531623840332,-3.130000114440918,1.350000023841858
4463,1.0052499771118164,0.3932853639125824,0.14749999344348907,1.5362499952316284
4464,0.9596250653266907,0.5471751093864441,-0.4399999976158142,1.493749976158142
4465,1.1837499141693115,0.11940346658229828,1.0225000381469727,1.5075000524520874
4466,0.8895000219345093,0.27624785900115967,0.4449999928474426,1.247499942779541
4467,0.9030000567436218,0.3547143042087555,0.17874999344348907,1.4674999713897705
4468,1.0467500686645508,0.1770983189344406,0.6237499713897705,1.3250000476837158
4469,0.4606249928474426,1.2002354860305786,-2.8737499713897705,1.5187499523162842
4470,0.5932499766349792,1.193149447441101,-2.9549999237060547,1.2549999952316284
4471,1.0793750286102295,0.2627215087413788,0.44749999046325684,1.443750023841858
4472,0.953374981880188,0.2839476764202118,0.14000000059604645,1.181249976158142
4473,1.058750033378601,0.20267662405967712,0.6212499737739563,1.274999976158142
4474,1.0134999752044678,0.33507078886032104,0.18250000476837158,1.443750023841858
4475,0.9803751111030579,0.42204156517982483,-0.13875000178813934,1.441249966621399
4476,1.0225000381469727,0.17072546482086182,0.6962500214576721,1.3624999523162842
4477,1.100250005722046,0.17195186018943787,0.7649999856948853,1.4049999713897705
4478,1.127750039100647,0.2733009159564972,0.5287500023841858,1.4812500476837158
4479,0.9413750767707825,0.3985549807548523,0.007499999832361937,1.4049999713897705
4480,0.9132499694824219,0.5099093914031982,-0.4437499940395355,1.4262499809265137
4481,0.7056249976158142,1.19754958152771,-2.7750000953674316,1.5225000381469727
4482,0.9646250009536743,0.21558281779289246,0.6575000286102295,1.277500033378601
4483,0.846250057220459,0.33647528290748596,0.2549999952316284,1.2637499570846558
4484,0.9701250195503235,0.28453442454338074,0.39250001311302185,1.3487499952316284
4485,0.8313749432563782,0.4928899109363556,-0.11124999821186066,1.3274999856948853
4486,1.0809999704360962,0.15721482038497925,0.7699999809265137,1.2237499952316284
4487,1.0205000638961792,0.15367905795574188,0.78125,1.2575000524520874
4488,0.6071249842643738,1.1909517049789429,-2.9487500190734863,1.2000000476837158
4489,1.0028749704360962,0.24992063641548157,0.36625000834465027,1.2612500190734863
4490,0.7184999585151672,1.2150201797485352,-2.880000114440918,1.5137499570846558
4491,0.952750027179718,0.484081894159317,-0.42250001430511475,1.3949999809265137
4492,0.9182499647140503,0.3635786473751068,0.08624999970197678,1.350000023841858
4493,1.087499976158142,0.28548917174339294,0.4737499952316284,1.4175000190734863
4494,1.0683749914169312,0.19736391305923462,0.824999988079071,1.431249976158142
4495,1.055999994277954,0.17645539343357086,0.7850000262260437,1.34375
4496,1.0467499494552612,0.3912983536720276,0.3187499940395355,1.503749966621399
4497,1.0507500171661377,0.14549078047275543,0.8187500238418579,1.2725000381469727
4498,0.656000018119812,1.215588927268982,-2.952500104904175,1.3450000286102295
4499,0.8636250495910645,0.3883951008319855,0.14124999940395355,1.3912500143051147
4500,1.0311250686645508,0.2848658859729767,0.5375000238418579,1.5362499952316284
4501,1.118749976158142,0.19014303386211395,0.7275000214576721,1.318750023841858
4502,1.071874976158142,0.19219963252544403,0.5799999833106995,1.3274999856948853
4503,0.610249936580658,1.1922392845153809,-2.805000066757202,1.2762500047683716
4504,1.0602500438690186,0.1469734162092209,0.7325000166893005,1.2400000095367432
4505,0.8956249952316284,0.46929410099983215,-0.18000000715255737,1.4762500524520874
4506,0.6636249423027039,0.37988463044166565,0.16750000417232513,1.2200000286102295
4507,1.0267499685287476,0.30715590715408325,0.45124998688697815,1.4299999475479126
4508,0.7774999737739563,0.540827214717865,-0.29249998927116394,1.3274999856948853
4509,0.999625027179718,0.2698391079902649,0.4625000059604645,1.4275000095367432
4510,0.9490000605583191,0.16260074079036713,0.6662499904632568,1.3125
4511,0.8832500576972961,0.5723280906677246,-0.5387499928474426,1.4862500429153442
4512,1.021375060081482,0.23508603870868683,0.5274999737739563,1.3674999475479126
4513,0.9923750162124634,0.19854819774627686,0.7074999809265137,1.4674999713897705
4514,1.0724999904632568,0.270830899477005,0.4987500011920929,1.4049999713897705
4515,1.0127499103546143,0.207276850938797,0.6725000143051147,1.308750033378601
4516,1.0251249074935913,0.3450092673301697,0.054999999701976776,1.3174999952316284
4517,0.9243749380111694,0.311075896024704,0.20250000059604645,1.243749976158142
4518,0.47962498664855957,1.1108442544937134,-2.793750047683716,1.1299999952316284
4519,1.0036250352859497,0.24884386360645294,0.48374998569488525,1.3324999809265137
4520,1.0396249294281006,0.25464746356010437,0.6412500143051147,1.3550000190734863
4521,0.9485000371932983,0.45620372891426086,-0.3787499964237213,1.402500033378601
4522,1.138124942779541,0.25344333052635193,0.5387499928474426,1.4900000095367432
4523,1.0434999465942383,0.18015341460704803,0.7099999785423279,1.318750023841858
4524,1.0863749980926514,0.16384389996528625,0.8262500166893005,1.3637499809265137
4525,1.0542500019073486,0.32425162196159363,0.39500001072883606,1.53125
4526,0.8268750309944153,0.4934721291065216,-0.11999999731779099,1.2587499618530273
4527,1.0926249027252197,0.20391975343227386,0.6700000166893005,1.283750057220459
4528,0.9734999537467957,0.25130584836006165,0.3125,1.222499966621399
4529,1.1893751621246338,0.14161375164985657,1.0049999952316284,1.440000057220459
4530,0.859749972820282,0.40361329913139343,-0.10750000178813934,1.3762500286102295
4531,0.9889999628067017,0.28869956731796265,0.32624998688697815,1.2949999570846558
4532,1.1261249780654907,0.18401721119880676,0.8399999737739563,1.4637500047683716
4533,0.6501250863075256,1.4192942380905151,-3.541249990463257,1.4850000143051147
4534,0.9639999270439148,0.3001316487789154,0.17125000059604645,1.2962499856948853
4535,1.1757500171661377,0.17133410274982452,0.8550000190734863,1.408750057220459
4536,0.7432500123977661,0.4343688488006592,-0.07999999821186066,1.222499966621399
4537,0.9490000009536743,0.28201329708099365,0.45750001072883606,1.2949999570846558
4538,0.9667500257492065,0.3420983850955963,0.24250000715255737,1.4299999475479126
4539,1.1228749752044678,0.1905059665441513,0.824999988079071,1.4537500143051147
4540,1.0877500772476196,0.2058395892381668,0.7587500214576721,1.4824999570846558
4541,1.1324999332427979,0.2570992112159729,0.543749988079071,1.4249999523162842
4542,0.7407500147819519,1.2159935235977173,-2.862499952316284,1.3324999809265137
4543,1.1024999618530273,0.25397956371307373,0.5674999952316284,1.5137499570846558
4544,0.8102499842643738,1.2353248596191406,-2.8662500381469727,1.3600000143051147
4545,0.8731249570846558,0.419024258852005,-0.26249998807907104,1.2200000286102295
4546,0.9987500309944153,0.32266032695770264,0.3125,1.3212499618530273
4547,0.7093749642372131,1.235265851020813,-2.9487500190734863,1.4049999713897705
4548,1.0417499542236328,0.13872204720973969,0.7850000262260437,1.222499966621399
4549,0.7997499704360962,0.51175457239151,-0.10875000059604645,1.3637499809265137
4550,0.9499999284744263,0.31093308329582214,0.3737500011920929,1.3537499904632568
4551,0.9851250648498535,0.29119873046875,0.30000001192092896,1.3125
4552,0.7612499594688416,1.1663142442703247,-2.668750047683716,1.5362499952316284
4553,1.0083750486373901,0.22359146177768707,0.6650000214576721,1.3912500143051147
4554,0.9458748698234558,0.5064505934715271,-0.4087499976158142,1.3049999475479126
4555,0.4501250386238098,1.308034062385559,-3.362499952316284,1.4950000047683716
4556,0.9049999117851257,0.44381266832351685,-0.17000000178813934,1.3700000047683716
4557,0.9582500457763672,0.23796610534191132,0.39750000834465027,1.3362499475479126
4558,0.9943750500679016,0.2645604908466339,0.5212500095367432,1.3324999809265137
4559,0.6430000066757202,1.2589824199676514,-3.1187500953674316,1.222499966621399
4560,0.981249988079071,0.259783536195755,0.49125000834465027,1.3025000095367432
4561,0.8667499423027039,0.3263702690601349,0.32875001430511475,1.3174999952316284
4562,0.973375141620636,0.29003775119781494,0.36625000834465027,1.4187500476837158
4563,0.6431249380111694,1.3656541109085083,-3.377500057220459,1.4299999475479126
4564,1.0304999351501465,0.2335822880268097,0.4437499940395355,1.2962499856948853
4565,0.7542499899864197,1.1854666471481323,-2.793750047683716,1.2675000429153442
4566,1.0363750457763672,0.2923329770565033,0.4399999976158142,1.5412499904632568
4567,1.0666248798370361,0.1753113567829132,0.8262500166893005,1.368749976158142
4568,0.9726249575614929,0.17123857140541077,0.6349999904632568,1.1712499856948853
4569,1.1112500429153442,0.180347740650177,0.6587499976158142,1.247499942779541
4570,1.0828750133514404,0.17429953813552856,0.824999988079071,1.368749976158142
4571,0.9699999690055847,0.21473237872123718,0.41499999165534973,1.2362500429153442
4572,0.956250011920929,0.3940447270870209,-0.05999999865889549,1.5137499570846558
4573,1.043624997138977,0.19395510852336884,0.6399999856948853,1.3825000524520874
4574,1.1332499980926514,0.10539686679840088,0.9900000095367432,1.2999999523162842
4575,1.0724999904632568,0.24575075507164001,0.5662500262260437,1.465000033378601
4576,0.9023750424385071,0.5383570194244385,-0.42375001311302185,1.5412499904632568
4577,1.1586250066757202,0.12775886058807373,0.9775000214576721,1.368749976158142
4578,0.8543750047683716,0.45166921615600586,-0.16750000417232513,1.2887500524520874
4579,0.7307499647140503,1.1916193962097168,-2.793750047683716,1.5412499904632568
4580,1.0543749332427979,0.18898844718933105,0.7825000286102295,1.3362499475479126
4581,0.5611250996589661,1.2819440364837646,-3.2750000953674316,1.1262500286102295
4582,0.9395000338554382,0.18366679549217224,0.6650000214576721,1.341249942779541
4583,1.0146249532699585,0.19559846818447113,0.7225000262260437,1.3987499475479126
4584,0.5199999809265137,1.2606804370880127,-3.1887500286102295,1.2762500047683716
4585,0.9595000147819519,0.27054354548454285,0.2762500047683716,1.2999999523162842
4586,1.0783751010894775,0.21179594099521637,0.7200000286102295,1.4487500190734863
4587,0.972000002861023,0.2799666225910187,0.3112500011920929,1.2587499618530273
4588,1.1514999866485596,0.16245077550411224,0.8737499713897705,1.3937499523162842
4589,1.0603749752044678,0.28654733300209045,0.2512499988079071,1.3262499570846558
4590,1.1087501049041748,0.4541771709918976,-0.16875000298023224,1.5137499570846558
4591,1.0862499475479126,0.2541216313838959,0.5874999761581421,1.472499966621399
4592,1.13462495803833,0.17909149825572968,0.9225000143051147,1.5137499570846558
4593,1.1299999952316284,0.1605566442012787,0.8862500190734863,1.309999942779541
4594,0.9544999003410339,0.19208493828773499,0.5425000190734863,1.2612500190734863
4595,0.3856250047683716,1.237157940864563,-2.966249942779541,1.3912500143051147
4596,0.6233749985694885,1.1827975511550903,-2.848750114440918,1.3324999809265137
4597,1.0482500791549683,0.36212876439094543,-0.004999999888241291,1.3075000047683716
4598,1.064500093460083,0.2038145512342453,0.7212499976158142,1.2799999713897705
4599,0.6966250538825989,1.2670893669128418,-3.0062499046325684,1.4762500524520874
4600,0.9195000529289246,0.38215476274490356,-0.14499999582767487,1.309999942779541
4601,0.9464999437332153,0.3010278344154358,0.32749998569488525,1.4049999713897705
4602,1.1208750009536743,0.23806515336036682,0.5387499928474426,1.4175000190734863
4603,0.8942500352859497,0.2431224137544632,0.3487499952316284,1.2937500476837158
4604,0.9861249923706055,0.3325725495815277,0.20125000178813934,1.3550000190734863
4605,0.9602500796318054,0.29153624176979065,0.20999999344348907,1.346250057220459
4606,1.0147498846054077,0.16180890798568726,0.8075000047683716,1.3312499523162842
4607,1.0028750896453857,0.30287739634513855,0.4087499976158142,1.568750023841858
4608,0.8893750309944153,0.47007420659065247,-0.14875000715255737,1.399999976158142
4609,1.0812500715255737,0.22327953577041626,0.6837499737739563,1.3262499570846558
4610,1.0138750076293945,0.18441328406333923,0.5837500095367432,1.341249942779541
4611,0.706375002861023,1.1911450624465942,-2.817500114440918,1.5
4612,0.9978750348091125,0.3003862202167511,0.53125,1.4075000286102295
4613,1.161750078201294,0.24227385222911835,0.6312500238418579,1.431249976158142
4614,1.043624997138977,0.21794597804546356,0.7275000214576721,1.3899999856948853
4615,1.0870000123977661,0.20919129252433777,0.7462499737739563,1.4049999713897705
4616,0.8991249799728394,0.4121173024177551,-0.11500000208616257,1.346250057220459
4617,0.6271249651908875,1.135225534439087,-2.731250047683716,1.2512500286102295
4618,0.9297500848770142,0.5635733604431152,-0.6987500190734863,1.4450000524520874
4619,1.1337499618530273,0.1443173587322235,0.9337499737739563,1.399999976158142
4620,0.34062498807907104,1.1878148317337036,-2.9262499809265137,1.2074999809265137
4621,1.150749921798706,0.16913585364818573,0.8462499976158142,1.4175000190734863
4622,0.937874972820282,0.4006311595439911,-0.0949999988079071,1.3312499523162842
4623,0.7078750133514404,1.3059108257293701,-3.1862499713897705,1.309999942779541
4624,0.6008749008178711,1.1917935609817505,-2.9000000953674316,1.2762500047683716
4625,1.0671250820159912,0.21909476816654205,0.7699999809265137,1.5
4626,1.016374945640564,0.16139861941337585,0.6800000071525574,1.243749976158142
4627,0.9816250801086426,0.223420187830925,0.4350000023841858,1.2400000095367432
4628,1.0407500267028809,0.193269744515419,0.7049999833106995,1.3537499904632568
4629,0.8372499346733093,0.29587888717651367,0.17249999940395355,1.1799999475479126
4630,0.715624988079071,0.4828331768512726,-0.24500000476837158,1.215000033378601
4631,1.0678751468658447,0.15764185786247253,0.8224999904632568,1.3949999809265137
4632,1.1203749179840088,0.1690858155488968,0.75,1.3137500286102295
4633,0.9007499814033508,0.5459084510803223,-0.643750011920929,1.3274999856948853
4634,0.9766250848770142,0.24304068088531494,0.48875001072883606,1.2999999523162842
4635,1.1342499256134033,0.16754214465618134,0.8962500095367432,1.4637500047683716
4636,1.1238749027252197,0.25165170431137085,0.7212499976158142,1.381250023841858
4637,1.1568750143051147,0.18920163810253143,0.8974999785423279,1.5137499570846558
4638,1.0069999694824219,0.6304701566696167,-0.7450000047683716,1.5225000381469727
4639,0.8819999694824219,0.34962400794029236,-0.0012499999720603228,1.1987500190734863
4640,1.028499960899353,0.146152526140213,0.6537500023841858,1.215000033378601
4641,1.050374984741211,0.4890807867050171,-0.32499998807907104,1.4049999713897705
4642,1.091749906539917,0.26405206322669983,0.48875001072883606,1.403749942779541
4643,1.0102498531341553,0.2584725320339203,0.5975000262260437,1.434999942779541
4644,1.072624921798706,0.25304487347602844,0.5099999904632568,1.3125
4645,0.5849999785423279,1.2487831115722656,-2.944999933242798,1.4049999713897705
4646,0.5887500047683716,1.2123395204544067,-2.731250047683716,1.308750033378601
4647,0.8848749399185181,0.47584155201911926,-0.41749998927116394,1.2587499618530273
4648,1.0464999675750732,0.16841891407966614,0.6912500262260437,1.243749976158142
4649,0.6425000429153442,1.2442678213119507,-3.059999942779541,1.3324999809265137
4650,0.8981249928474426,0.46523019671440125,-0.16875000298023224,1.443750023841858
4651,1.1933749914169312,0.1144075095653534,0.9837499856948853,1.3312499523162842
4652,0.9467500448226929,0.31821680068969727,0.2462500035762787,1.4225000143051147
4653,1.0057499408721924,0.20967771112918854,0.6600000262260437,1.2887500524520874
4654,1.0531249046325684,0.19265110790729523,0.7212499976158142,1.3312499523162842
4655,0.8613750338554382,0.5932248830795288,-0.8550000190734863,1.3387500047683716
4656,1.022125005722046,0.33227816224098206,0.26875001192092896,1.5225000381469727
4657,1.0048749446868896,0.24555452167987823,0.6000000238418579,1.4487500190734863
4658,1.105625033378601,0.2774263620376587,0.5149999856948853,1.441249966621399
4659,0.47312504053115845,1.2108368873596191,-3.0950000286102295,1.181249976158142
4660,1.0743749141693115,0.14018656313419342,0.8062499761581421,1.2675000429153442
4661,0.7022500038146973,1.2301502227783203,-2.911250114440918,1.462499976158142
4662,1.1218750476837158,0.15497606992721558,0.8199999928474426,1.3975000381469727
4663,0.6491249799728394,1.145643711090088,-2.759999990463257,1.2937500476837158
4664,0.981874942779541,0.23205214738845825,0.6150000095367432,1.3524999618530273
4665,0.8533750772476196,0.6988204121589661,-1.0762499570846558,1.5125000476837158
4666,1.1013749837875366,0.3020525872707367,0.38374999165534973,1.5137499570846558
4667,0.4494999945163727,1.2100805044174194,-2.890000104904175,1.2274999618530273
4668,1.0397499799728394,0.17727696895599365,0.7250000238418579,1.368749976158142
4669,1.0552499294281006,0.3053091764450073,0.3675000071525574,1.4862500429153442
4670,1.0869998931884766,0.21508732438087463,0.6937500238418579,1.3537499904632568
4671,0.9796250462532043,0.6211715340614319,-0.7462499737739563,1.5137499570846558
4672,1.0163750648498535,0.3298969864845276,0.16374999284744263,1.408750057220459
4673,1.2131249904632568,0.2566693127155304,0.6362500190734863,1.4900000095367432
4674,0.918749988079071,0.4944877326488495,-0.46000000834465027,1.340000033378601
4675,1.0379999876022339,0.2609071731567383,0.4737499952316284,1.3424999713897705
4676,1.0041251182556152,0.3907724916934967,-0.09749999642372131,1.350000023841858
4677,0.9589999318122864,0.27986815571784973,0.27000001072883606,1.2799999713897705
4678,1.093999981880188,0.2103552222251892,0.731249988079071,1.440000057220459
4679,0.6199999451637268,1.2010406255722046,-2.942500114440918,1.184999942779541
4680,1.1371248960494995,0.2011910080909729,0.75,1.5549999475479126
4681,1.1982500553131104,0.26798272132873535,0.6637499928474426,1.5549999475479126
4682,0.9521249532699585,0.30922284722328186,0.26625001430511475,1.2762500047683716
4683,0.9137500524520874,0.499451220035553,-0.48124998807907104,1.4175000190734863
4684,1.034500002861023,0.29337117075920105,0.26499998569488525,1.3912500143051147
4685,1.0513750314712524,0.2550358176231384,0.6100000143051147,1.527500033378601
4686,0.6166249513626099,1.1302433013916016,-2.75,1.153749942779541
4687,0.9869999885559082,0.29442277550697327,0.2175000011920929,1.3962500095367432
4688,1.0273749828338623,0.16648805141448975,0.768750011920929,1.2699999809265137
4689,0.7330000400543213,0.4504612982273102,-0.25,1.1987500190734863
4690,0.6327500343322754,1.1762241125106812,-2.817500114440918,1.4137500524520874
4691,0.8687499761581421,0.703213632106781,-0.8812500238418579,1.3700000047683716
4692,1.0571250915527344,0.142972931265831,0.8500000238418579,1.2699999809265137
4693,1.0754998922348022,0.3168483376502991,0.3050000071525574,1.4800000190734863
4694,1.123500108718872,0.28730201721191406,0.5487499833106995,1.53125
4695,1.0212500095367432,0.2856144607067108,0.3112500011920929,1.2412500381469727
4696,0.640999972820282,1.249759554862976,-3.0399999618530273,1.2975000143051147
4697,0.9424999356269836,0.2501218318939209,0.5487499833106995,1.3624999523162842
4698,1.0473750829696655,0.1490715593099594,0.7549999952316284,1.3300000429153442
4699,0.8701249957084656,0.31957122683525085,0.22750000655651093,1.2599999904632568
4700,1.0245000123977661,0.40930819511413574,-0.18250000476837158,1.277500033378601
4701,0.11762498319149017,1.5447279214859009,-3.016249895095825,1.2037500143051147
4702,1.0734999179840088,0.12622375786304474,0.8962500095367432,1.3137500286102295
4703,1.1752500534057617,0.23231565952301025,0.8224999904632568,1.4500000476837158
4704,0.871749997138977,0.6021391749382019,-0.4399999976158142,1.3862500190734863
4705,0.6915000081062317,1.3109402656555176,-3.194999933242798,1.472499966621399
4706,1.1948750019073486,0.15521200001239777,0.9700000286102295,1.4850000143051147
4707,1.2131249904632568,0.14587263762950897,0.9712499976158142,1.4900000095367432
4708,0.22075000405311584,1.5719590187072754,-2.862499952316284,1.3624999523162842
4709,0.9309999346733093,0.21209284663200378,0.6050000190734863,1.2050000429153442
4710,0.9336250424385071,0.4966290593147278,-0.12125000357627869,1.527500033378601
4711,0.6092499494552612,1.1634860038757324,-2.700000047683716,1.2962499856948853
4712,1.024749994277954,0.1948290914297104,0.6175000071525574,1.2675000429153442
4713,1.0612499713897705,0.20155256986618042,0.5450000166893005,1.34375
4714,1.0204999446868896,0.2868640720844269,0.4399999976158142,1.350000023841858
4715,0.675000011920929,1.1940903663635254,-2.8375000953674316,1.5412499904632568
4716,0.6991249918937683,1.2018543481826782,-2.862499952316284,1.4225000143051147
4717,0.7848750352859497,0.5924845337867737,-0.949999988079071,1.2575000524520874
4718,0.8842499852180481,0.4001457393169403,-0.1850000023841858,1.2262500524520874
4719,1.0404999256134033,0.24008408188819885,0.5525000095367432,1.341249942779541
4720,0.846500039100647,0.3471885919570923,0.1537500023841858,1.1675000190734863
4721,1.0611250400543213,0.12802764773368835,0.9087499976158142,1.2999999523162842
4722,1.1853749752044678,0.10204478353261948,0.9900000095367432,1.3362499475479126
4723,1.0649999380111694,0.19413994252681732,0.6424999833106995,1.3250000476837158
4724,0.9686250686645508,0.241749107837677,0.42875000834465027,1.2549999952316284
4725,1.0928748846054077,0.14715535938739777,0.7574999928474426,1.2737499475479126
4726,1.0750000476837158,0.18466609716415405,0.856249988079071,1.4137500524520874
4727,0.9635000228881836,0.3043588399887085,0.48124998807907104,1.3987499475479126
4728,1.072374939918518,0.18183907866477966,0.8212500214576721,1.347499966621399
4729,1.087249994277954,0.1657867580652237,0.8037499785423279,1.4012500047683716
4730,1.0219999551773071,0.14760714769363403,0.6637499928474426,1.1712499856948853
4731,1.0033749341964722,0.3117922246456146,0.2150000035762787,1.3524999618530273
4732,1.116249918937683,0.13033731281757355,0.9237499833106995,1.3337500095367432
4733,1.1047500371932983,0.22947755455970764,0.7774999737739563,1.462499976158142
4734,0.9113750457763672,0.43423548340797424,-0.05999999865889549,1.2975000143051147
4735,1.010500192642212,0.26842668652534485,0.4399999976158142,1.3174999952316284
4736,1.129249930381775,0.1351483017206192,0.9137499928474426,1.3125
4737,0.9892500042915344,0.29442858695983887,0.4749999940395355,1.350000023841858
4738,0.6388750076293945,1.2235136032104492,-2.9049999713897705,1.4049999713897705
4739,1.1118749380111694,0.15815365314483643,0.8550000190734863,1.3025000095367432
4740,0.6516250371932983,1.1727235317230225,-2.8187499046325684,1.2412500381469727
4741,1.0235002040863037,0.2592945992946625,0.3675000071525574,1.308750033378601
4742,1.1613750457763672,0.18265186250209808,0.7762500047683716,1.4587500095367432
4743,1.0711249113082886,0.20749355852603912,0.7250000238418579,1.372499942779541
4744,0.984000027179718,0.1963302195072174,0.6037499904632568,1.247499942779541
4745,1.038124918937683,0.2335883378982544,0.6037499904632568,1.3174999952316284
4746,1.2106249332427979,0.12529496848583221,1.0575000047683716,1.4049999713897705
4747,1.02524995803833,0.2695394456386566,0.44999998807907104,1.368749976158142
4748,0.612625002861023,1.245544672012329,-3.086250066757202,1.34375
4749,0.6818749308586121,1.2004027366638184,-2.893749952316284,1.2587499618530273
4750,1.1072499752044678,0.28691452741622925,0.574999988079071,1.5175000429153442
4751,1.082374930381775,0.12517417967319489,0.8737499713897705,1.3574999570846558
4752,1.1211249828338623,0.35248467326164246,0.14749999344348907,1.4487500190734863
4753,0.9838749170303345,0.3122631311416626,0.23874999582767487,1.3574999570846558
4754,1.1112500429153442,0.2042662352323532,0.7512500286102295,1.4137500524520874
4755,1.0318748950958252,0.1545095443725586,0.8012499809265137,1.2999999523162842
4756,1.1228749752044678,0.17557942867279053,0.8962500095367432,1.503749966621399
4757,1.0094999074935913,0.20637056231498718,0.581250011920929,1.2400000095367432
4758,0.9278750419616699,0.2543798089027405,0.40625,1.2625000476837158
4759,0.935249924659729,0.3636360764503479,0.36000001430511475,1.3250000476837158
4760,1.0285000801086426,0.276902973651886,0.35874998569488525,1.346250057220459
4761,0.982249915599823,0.2423967570066452,0.4412499964237213,1.2725000381469727
4762,1.0543750524520874,0.2145090401172638,0.5662500262260437,1.2999999523162842
4763,0.7465000152587891,1.2308069467544556,-2.893749952316284,1.3550000190734863
4764,0.9928749799728394,0.30159059166908264,0.28999999165534973,1.375
4765,1.032749891281128,0.67449951171875,-0.925000011920929,1.5
4766,0.499625027179718,1.4447133541107178,-3.7362499237060547,1.3487499952316284
4767,1.1216250658035278,0.1851317584514618,0.8125,1.441249966621399
4768,0.9601248502731323,0.3138602674007416,0.14499999582767487,1.3637499809265137
4769,1.1387500762939453,0.27838483452796936,0.4325000047683716,1.3825000524520874
4770,0.6108749508857727,1.2178595066070557,-2.950000047683716,1.3849999904632568
4771,0.9281250238418579,0.4845617711544037,-0.04500000178813934,1.472499966621399
4772,1.1223750114440918,0.1768186241388321,0.75,1.443750023841858
4773,0.9754999279975891,0.4515145421028137,-0.1237500011920929,1.4637500047683716
4774,0.9007500410079956,0.40557795763015747,0.08124999701976776,1.3212499618530273
4775,1.1664999723434448,0.1796826869249344,0.949999988079071,1.5137499570846558
4776,0.9652500152587891,0.31618812680244446,0.39500001072883606,1.3825000524520874
4777,0.9136249423027039,0.29555216431617737,0.1899999976158142,1.256250023841858
4778,0.7225000262260437,1.2035835981369019,-2.8812499046325684,1.2549999952316284
4779,0.9894998669624329,0.17774735391139984,0.7212499976158142,1.277500033378601
4780,0.9323749542236328,0.24814841151237488,0.45625001192092896,1.1974999904632568
4781,1.0281250476837158,0.2729001045227051,0.30000001192092896,1.2712500095367432
4782,1.0491249561309814,0.27712082862854004,0.5962499976158142,1.4637500047683716
4783,0.901624858379364,0.33668282628059387,0.16625000536441803,1.368749976158142
4784,1.0111249685287476,0.1796397864818573,0.6987500190734863,1.225000023841858
4785,0.4498750567436218,1.2176569700241089,-2.8299999237060547,1.225000023841858
4786,0.7621250152587891,1.2036930322647095,-2.825000047683716,1.4049999713897705
4787,0.9266250729560852,0.31272393465042114,0.2849999964237213,1.4450000524520874
4788,0.9956248998641968,0.33154621720314026,0.3737500011920929,1.3837499618530273
4789,0.38600000739097595,1.1995681524276733,-2.8887500762939453,1.399999976158142
4790,0.9471249580383301,0.33360719680786133,0.30125001072883606,1.3624999523162842
4791,0.6723750233650208,1.2167905569076538,-2.956249952316284,1.3637499809265137
4792,0.6499999761581421,1.1627568006515503,-2.7874999046325684,1.2999999523162842
4793,1.0767500400543213,0.18347787857055664,0.8149999976158142,1.3899999856948853
4794,1.1422500610351562,0.16192378103733063,0.7637500166893005,1.3949999809265137
4795,0.4684999883174896,1.2906790971755981,-3.276249885559082,1.3912500143051147
4796,0.9591250419616699,0.295605331659317,0.5137500166893005,1.3025000095367432
4797,1.1453750133514404,0.204570472240448,0.8962500095367432,1.4800000190734863
4798,0.9251249432563782,0.4006878733634949,0.2775000035762787,1.3212499618530273
4799,1.0851249694824219,0.21199974417686462,0.7200000286102295,1.4900000095367432
4800,0.7975000143051147,1.2565711736679077,-2.9487500190734863,1.4187500476837158
4801,0.5095000267028809,1.1406266689300537,-2.809999942779541,1.149999976158142
4802,1.171875,0.21396572887897491,0.8500000238418579,1.440000057220459
4803,1.0013749599456787,0.2429528385400772,0.53125,1.308750033378601
4804,1.0468751192092896,0.2046027034521103,0.6387500166893005,1.4187500476837158
4805,1.1331249475479126,0.1920206993818283,0.8774999976158142,1.5499999523162842
4806,0.6704999804496765,1.1751500368118286,-2.825000047683716,1.2912499904632568
4807,1.1117500066757202,0.11904595792293549,0.9237499833106995,1.2899999618530273
4808,1.0076249837875366,0.29729270935058594,0.36625000834465027,1.3562500476837158
4809,0.5483749508857727,1.1594268083572388,-2.7750000953674316,1.2762500047683716
4810,1.0860000848770142,0.20339833199977875,0.6162499785423279,1.3312499523162842
4811,1.234125018119812,0.1718457192182541,1.002500057220459,1.527500033378601
4812,0.6046249270439148,1.2069929838180542,-2.8687500953674316,1.441249966621399
4813,1.0037500858306885,0.33089980483055115,0.45500001311302185,1.4774999618530273
4814,0.7385000586509705,1.2459439039230347,-2.9200000762939453,1.527500033378601
4815,1.0018750429153442,0.361620157957077,0.1274999976158142,1.5412499904632568
4816,1.0996249914169312,0.12585587799549103,0.90625,1.2987500429153442
4817,1.036500096321106,0.2860303819179535,0.6025000214576721,1.3962500095367432
4818,0.6971250176429749,1.1702525615692139,-2.7674999237060547,1.4049999713897705
4819,0.5221250057220459,1.2224645614624023,-3.0537500381469727,1.283750057220459
4820,1.0167499780654907,0.13105961680412292,0.8349999785423279,1.2087500095367432
4821,1.0901250839233398,0.2584052085876465,0.4387499988079071,1.3987499475479126
4822,1.0125000476837158,0.3198642134666443,0.2512499988079071,1.4075000286102295
4823,1.1698750257492065,0.15213730931282043,0.9850000143051147,1.5087499618530273
4824,0.843500018119812,0.5541995167732239,-0.7074999809265137,1.277500033378601
4825,0.8914999961853027,0.27196380496025085,0.3100000023841858,1.3987499475479126
4826,1.178375005722046,0.19688118994235992,0.7862499952316284,1.443750023841858
4827,0.9577499628067017,0.3540099561214447,0.10000000149011612,1.4299999475479126
4828,1.043624997138977,0.18137449026107788,0.6212499737739563,1.2825000286102295
4829,0.5768750309944153,1.210734248161316,-2.9124999046325684,1.2024999856948853
4830,0.6753749847412109,1.2097257375717163,-2.921250104904175,1.2912499904632568
4831,0.7011250257492065,1.1676541566848755,-2.7799999713897705,1.371250033378601
4832,1.1211249828338623,0.18292967975139618,0.8100000023841858,1.4524999856948853
4833,0.26500004529953003,1.5861767530441284,-2.9049999713897705,1.2362500429153442
4834,0.9143751263618469,0.541677713394165,-0.3812499940395355,1.4987499713897705
4835,1.081375002861023,0.25745049118995667,0.4325000047683716,1.3324999809265137
4836,1.0483750104904175,0.37304073572158813,0.10000000149011612,1.527500033378601
4837,1.0189999341964722,0.15839409828186035,0.7099999785423279,1.2362500429153442
4838,0.9415000081062317,0.14946027100086212,0.6675000190734863,1.1649999618530273
4839,0.78125,0.5748282670974731,-0.6787499785423279,1.3312499523162842
4840,1.16587495803833,0.209922656416893,0.6712499856948853,1.4537500143051147
4841,0.6456249952316284,1.197019100189209,-2.7987499237060547,1.3925000429153442
4842,0.967750072479248,0.4304419159889221,0.10374999791383743,1.4987499713897705
4843,0.6547499895095825,1.3992522954940796,-3.507499933242798,1.3312499523162842
4844,1.0475000143051147,0.3437400162220001,0.20000000298023224,1.4762500524520874
4845,1.214750051498413,0.12983259558677673,1.0262500047683716,1.4700000286102295
4846,0.18274995684623718,1.5063449144363403,-2.8062500953674316,1.2625000476837158
4847,0.8904999494552612,0.4660509526729584,-0.25999999046325684,1.3312499523162842
4848,0.6427499651908875,1.1780084371566772,-2.6500000953674316,1.4812500476837158
4849,0.6644999980926514,1.291605830192566,-3.1600000858306885,1.3624999523162842
4850,1.0451250076293945,0.22211512923240662,0.5450000166893005,1.3624999523162842
4851,0.6807499527931213,0.6900367140769958,-0.8799999952316284,1.4900000095367432
4852,0.9294999241828918,0.5324457883834839,-0.22499999403953552,1.5137499570846558
4853,0.9486249685287476,0.33562183380126953,0.23624999821186066,1.3262499570846558
4854,0.8337500691413879,0.4071405529975891,-0.2487500011920929,1.222499966621399
4855,0.5605000257492065,1.14267897605896,-2.8187499046325684,1.1475000381469727
4856,0.41850000619888306,1.253365159034729,-3.1675000190734863,1.318750023841858
4857,0.9750000238418579,0.26409751176834106,0.2874999940395355,1.2450000047683716
4858,1.0842499732971191,0.22462622821331024,0.6837499737739563,1.412500023841858
4859,0.8483749628067017,0.5990197658538818,-0.8612499833106995,1.309999942779541
4860,0.8767499923706055,0.43514227867126465,-0.2462500035762787,1.3987499475479126
4861,0.9988749623298645,0.16000336408615112,0.6362500190734863,1.2287499904632568
4862,0.6106250286102295,1.1939287185668945,-2.9049999713897705,1.440000057220459
4863,0.9733750224113464,0.2851540148258209,0.39500001072883606,1.4175000190734863
4864,0.6082500219345093,1.180803656578064,-2.9000000953674316,1.2387499809265137
4865,0.689625084400177,1.1751030683517456,-2.75,1.3550000190734863
4866,1.021375060081482,0.24440135061740875,0.41999998688697815,1.372499942779541
4867,1.131500005722046,0.1430152952671051,0.9512500166893005,1.350000023841858
4868,0.95374995470047,0.3184753656387329,0.29499998688697815,1.4812500476837158
4869,0.9081249237060547,0.29749223589897156,0.33500000834465027,1.3362499475479126
4870,0.9121251106262207,0.40183019638061523,0.1262499988079071,1.5
4871,1.0976250171661377,0.2593943774700165,0.4449999928474426,1.4162499904632568
4872,0.6793749928474426,1.1930292844772339,-2.877500057220459,1.193750023841858
4873,1.0661250352859497,0.17377108335494995,0.6499999761581421,1.2999999523162842
4874,0.5522500276565552,1.2080092430114746,-2.8812499046325684,1.2625000476837158
4875,0.9297499656677246,0.32829520106315613,0.4337500035762787,1.5499999523162842
4876,0.9751250147819519,0.3531958758831024,0.2512499988079071,1.527500033378601
4877,1.0074999332427979,0.2252262532711029,0.5062500238418579,1.434999942779541
4878,0.8816249966621399,0.32038015127182007,0.14499999582767487,1.3987499475479126
4879,1.0061249732971191,0.38929760456085205,0.07874999940395355,1.5087499618530273
4880,0.9767500162124634,0.4776384234428406,-0.4087499976158142,1.308750033378601
4881,1.091749906539917,0.1647111028432846,0.9100000262260437,1.462499976158142
4882,0.5887500047683716,1.278273344039917,-3.1887500286102295,1.5412499904632568
4883,1.0090000629425049,0.20479929447174072,0.6025000214576721,1.277500033378601
4884,1.1445000171661377,0.22594468295574188,0.7512500286102295,1.46875
4885,0.9388749003410339,0.3023757040500641,0.30375000834465027,1.3274999856948853
4886,1.0697500705718994,0.15606670081615448,0.8550000190734863,1.350000023841858
4887,1.0770000219345093,0.21025222539901733,0.5237500071525574,1.2949999570846558
4888,1.0751250982284546,0.2497657835483551,0.6000000238418579,1.399999976158142
4889,1.0337499380111694,0.3889344334602356,0.05249999836087227,1.4900000095367432
4890,0.7374999523162842,1.196152925491333,-2.78125,1.5137499570846558
4891,0.9925000071525574,0.34019753336906433,0.09000000357627869,1.253749966621399
4892,0.9606249928474426,0.24557727575302124,0.5475000143051147,1.2312500476837158
4893,1.1638749837875366,0.15812121331691742,0.9587500095367432,1.403749942779541
4894,1.003499984741211,0.2761780321598053,0.5849999785423279,1.4249999523162842
4895,1.1382498741149902,0.18670514225959778,0.7137500047683716,1.372499942779541
4896,0.6797500252723694,1.1803951263427734,-2.828749895095825,1.2350000143051147
4897,1.1143749952316284,0.29597046971321106,0.39125001430511475,1.5175000429153442
4898,0.6128750443458557,1.1285113096237183,-2.6187500953674316,1.3324999809265137
4899,1.194000005722046,0.20523446798324585,0.8199999928474426,1.5225000381469727
4900,1.114875078201294,0.18145200610160828,0.8962500095367432,1.46875
4901,0.6822499632835388,1.2141433954238892,-2.916249990463257,1.25
4902,0.9642499685287476,0.305818647146225,0.2150000035762787,1.3362499475479126
4903,1.2178750038146973,0.20154021680355072,0.875,1.4900000095367432
4904,0.736750066280365,1.2222875356674194,-2.8737499713897705,1.4812500476837158
4905,1.1944999694824219,0.18462224304676056,0.9662500023841858,1.5412499904632568
4906,1.0134999752044678,0.2556381821632385,0.5687500238418579,1.2712500095367432
4907,1.0452500581741333,0.2733563482761383,0.41999998688697815,1.434999942779541
4908,0.9126250147819519,0.39675775170326233,-0.16625000536441803,1.2549999952316284
4909,1.0778748989105225,0.2151896357536316,0.65625,1.3137500286102295
4910,1.0432498455047607,0.129100501537323,0.893750011920929,1.2925000190734863
4911,0.950374960899353,0.3431139588356018,0.16625000536441803,1.368749976158142
4912,1.0526249408721924,0.2690657675266266,0.5149999856948853,1.5549999475479126
4913,1.071624994277954,0.21092508733272552,0.7275000214576721,1.4537500143051147
4914,1.0446250438690186,0.2741110920906067,0.5799999833106995,1.568750023841858
4915,1.0654999017715454,0.14214561879634857,0.856249988079071,1.2799999713897705
4916,1.1074998378753662,0.23653356730937958,0.47874999046325684,1.318750023841858
4917,1.0623750686645508,0.09032657742500305,0.9300000071525574,1.2037500143051147
4918,0.9932500123977661,0.23689013719558716,0.5612499713897705,1.28125
4919,1.1247498989105225,0.16477428376674652,0.7850000262260437,1.3862500190734863
4920,0.6147500276565552,1.23932945728302,-3.0612499713897705,1.28125
4921,1.0043749809265137,0.22414438426494598,0.4925000071525574,1.318750023841858
4922,1.016374945640564,0.252338707447052,0.36625000834465027,1.2450000047683716
4923,1.2413748502731323,0.16815955936908722,1.002500057220459,1.4987499713897705
4924,0.9937499761581421,0.26495400071144104,0.53125,1.3949999809265137
4925,0.9606250524520874,0.27405476570129395,0.20125000178813934,1.2037500143051147
4926,0.8533750772476196,0.6106399893760681,-0.7524999976158142,1.3600000143051147
4927,1.0678751468658447,0.33958756923675537,0.4074999988079071,1.408750057220459
4928,1.0119999647140503,0.3073461055755615,0.2512499988079071,1.3674999475479126
4929,0.9008749723434448,0.47943687438964844,-0.2549999952316284,1.4537500143051147
4930,1.0750000476837158,0.142828568816185,0.7987499833106995,1.2949999570846558
4931,1.0882500410079956,0.22390232980251312,0.6937500238418579,1.4862500429153442
4932,0.6134999990463257,1.2065898180007935,-2.768749952316284,1.350000023841858
4933,1.0195000171661377,0.14301137626171112,0.6812499761581421,1.1887500286102295
4934,0.9722499847412109,0.39434075355529785,-0.023749999701976776,1.2912499904632568
4935,1.0045000314712524,0.28633633255958557,0.19875000417232513,1.2799999713897705
4936,0.8863749504089355,0.4462921619415283,-0.17749999463558197,1.472499966621399
4937,1.0140000581741333,0.21042129397392273,0.5612499713897705,1.3262499570846558
4938,0.26875001192092896,1.5762633085250854,-2.875,1.3825000524520874
4939,1.1143749952316284,0.22791258990764618,0.7987499833106995,1.4900000095367432
4940,1.0980000495910645,0.14608453214168549,0.7749999761581421,1.2949999570846558
4941,0.9633749127388,0.32330426573753357,0.08375000208616257,1.2074999809265137
4942,1.0267499685287476,0.14183087646961212,0.8037499785423279,1.184999942779541
4943,1.0306251049041748,0.1339440792798996,0.768750011920929,1.1762499809265137
4944,1.1226251125335693,0.19624876976013184,0.6474999785423279,1.440000057220459
4945,0.5690000057220459,1.1372830867767334,-2.71875,1.347499966621399
4946,0.9882499575614929,0.17454063892364502,0.8050000071525574,1.247499942779541
4947,1.1337498426437378,0.4510047733783722,-0.11625000089406967,1.5549999475479126
4948,0.9231249690055847,0.3573545515537262,0.07999999821186066,1.3637499809265137
4949,0.7561250329017639,1.134792685508728,-2.5999999046325684,1.443750023841858
4950,1.112375020980835,0.1728234738111496,0.6974999904632568,1.3137500286102295
4951,0.9779999852180481,0.286508709192276,0.29499998688697815,1.3574999570846558
4952,1.074125051498413,0.21100804209709167,0.6200000047683716,1.3674999475479126
4953,1.0581250190734863,0.35915014147758484,0.07249999791383743,1.4049999713897705
4954,0.7055000066757202,1.2153301239013672,-2.896250009536743,1.3899999856948853
4955,0.8698750734329224,0.3717351257801056,0.05999999865889549,1.3537499904632568
4956,1.174625039100647,0.11043953150510788,0.9887499809265137,1.284999966621399
4957,0.997249960899353,0.4403038024902344,-0.011250000447034836,1.5137499570846558
4958,1.0915000438690186,0.18123602867126465,0.6899999976158142,1.2962499856948853
4959,1.064500093460083,0.25492292642593384,0.6212499737739563,1.4762500524520874
4960,0.9610000848770142,0.18002240359783173,0.6112499833106995,1.2612500190734863
4961,0.8657500147819519,0.38112711906433105,-0.14749999344348907,1.3550000190734863
4962,1.031749963760376,0.1835612952709198,0.6600000262260437,1.2949999570846558
4963,1.0893750190734863,0.33084848523139954,0.36375001072883606,1.4537500143051147
4964,1.050125002861023,0.23285487294197083,0.6937500238418579,1.5225000381469727
4965,1.051124930381775,0.1914079785346985,0.793749988079071,1.434999942779541
4966,1.1548750400543213,0.22044092416763306,0.7162500023841858,1.4187500476837158
4967,1.0921251773834229,0.16476409137248993,0.9350000023841858,1.5175000429153442
4968,0.6579999923706055,1.2334727048873901,-2.971250057220459,1.375
4969,0.9652500152587891,0.344931036233902,0.375,1.3637499809265137
4970,1.0376249551773071,0.19981275498867035,0.6949999928474426,1.4574999809265137
4971,0.7551249265670776,0.6454999446868896,-1.1425000429153442,1.1362500190734863
4972,1.1046249866485596,0.16532643139362335,0.8600000143051147,1.3674999475479126
4973,1.0369999408721924,0.4117327034473419,-0.12999999523162842,1.34375
4974,1.0643749237060547,0.1999056339263916,0.7262499928474426,1.341249942779541
4975,0.7433749437332153,1.2890868186950684,-3.109999895095825,1.3324999809265137
4976,1.0730000734329224,0.1819573938846588,0.7250000238418579,1.346250057220459
4977,0.9476249814033508,0.25435853004455566,0.3774999976158142,1.221250057220459
4978,1.0430001020431519,0.2387782633304596,0.5450000166893005,1.4850000143051147
4979,1.0462501049041748,0.310942143201828,0.4012500047683716,1.3324999809265137
4980,0.8838750720024109,0.42068225145339966,-0.0949999988079071,1.2725000381469727
4981,0.9983749389648438,0.17558565735816956,0.7074999809265137,1.2625000476837158
4982,1.0366250276565552,0.19874455034732819,0.5612499713897705,1.243749976158142
4983,1.0491249561309814,0.1958986073732376,0.7699999809265137,1.462499976158142
4984,0.7941250205039978,1.2032703161239624,-2.7799999713897705,1.4175000190734863
4985,0.9776250123977661,0.3363180458545685,0.26249998807907104,1.2962499856948853
4986,0.8222500085830688,0.3984880745410919,-0.04874999821186066,1.2612500190734863
4987,0.6731250286102295,1.1615694761276245,-2.7562499046325684,1.340000033378601
4988,1.1161248683929443,0.20837801694869995,0.6100000143051147,1.440000057220459
4989,0.9601249694824219,0.28061285614967346,0.29499998688697815,1.28125
4990,0.9819999933242798,0.2657514214515686,0.5475000143051147,1.3350000381469727
4991,1.1100000143051147,0.29127201437950134,0.27000001072883606,1.3137500286102295
4992,1.1075000762939453,0.1137760803103447,0.9225000143051147,1.341249942779541
4993,0.5817499756813049,1.2047128677368164,-2.9462499618530273,1.308750033378601
4994,0.8723750114440918,0.410429447889328,-0.026249999180436134,1.3237500190734863
4995,1.1500000953674316,0.16564080119132996,0.8962500095367432,1.4950000047683716
4996,1.1526250839233398,0.12601765990257263,0.9462500214576721,1.3387500047683716
4997,1.1218750476837158,0.24268889427185059,0.47749999165534973,1.3350000381469727
4998,0.9958750009536743,0.2225407510995865,0.5012500286102295,1.3362499475479126
4999,0.9518749117851257,0.23506131768226624,0.2737500071525574,1.1337499618530273
5000,0.7057499289512634,1.1970326900482178,-2.825000047683716,1.5549999475479126
