episode,reward,epsilon
1,-3.1300000000000003,0.5
2,-2.975000000000001,0.4975
3,-3.3837500000000014,0.4950125
4,-2.997500000000001,0.4925374375
5,-3.0875000000000012,0.49007475031250003
6,-2.8862500000000004,0.48762437656093754
7,-2.94875,0.48518625467813287
8,-2.9650000000000003,0.4827603234047422
9,-3.122500000000001,0.4803465217877185
10,-3.081250000000001,0.47794478917877986
11,-3.037500000000001,0.47555506523288593
12,-3.0737500000000004,0.4731772899067215
13,-2.932499999999999,0.47081140345718786
14,-2.9162500000000007,0.46845734643990194
15,-3.105000000000001,0.46611505970770245
16,-2.9450000000000007,0.4637844844091639
17,-3.026249999999999,0.4614655619871181
18,-3.031250000000001,0.4591582341771825
19,-2.914999999999999,0.4568624430062966
20,-2.928750000000001,0.4545781307912651
21,-2.995000000000001,0.4523052401373088
22,-2.8987500000000006,0.45004371393662224
23,-2.82125,0.44779349536693913
24,-2.98375,0.4455545278901044
25,-2.9450000000000007,0.4433267552506539
26,-2.968750000000001,0.44111012147440065
27,-3.0799999999999996,0.43890457086702866
28,-2.8637500000000005,0.43671004801269353
29,-3.1637500000000003,0.4345264977726301
30,-3.0287500000000005,0.4323538652837669
31,-1.3150000000000006,0.4301920959573481
32,-3.07625,0.42804113547756134
33,-3.0850000000000013,0.4259009298001735
34,-3.182500000000001,0.42377142515117266
35,-2.88375,0.4216525680254168
36,-3.115000000000001,0.4195443051852897
37,-2.8725,0.4174465836593632
38,-3.0012500000000006,0.4153593507410664
39,-3.0275000000000007,0.4132825539873611
40,-2.9187500000000006,0.4112161412174243
41,-2.916250000000001,0.40916006051133713
42,-2.8775000000000004,0.40711426020878044
43,-3.0850000000000004,0.4050786889077365
44,-0.7312499999999995,0.40305329546319785
45,-3.0737500000000004,0.40103802898588187
46,-3.4850000000000003,0.3990328388409525
47,-3.0487500000000005,0.3970376746467477
48,-2.9487500000000004,0.39505248627351397
49,-2.8387500000000006,0.3930772238421464
50,-2.82625,0.3911118377229357
51,-2.8900000000000006,0.389156278534321
52,-2.8887500000000004,0.3872104971416494
53,-0.08624999999999972,0.38527444465594113
54,-2.8487500000000003,0.38334807243266145
55,-1.0837500000000004,0.3814313320704981
56,0.18249999999999988,0.3795241754101456
57,-2.8900000000000006,0.37762655453309485
58,-2.952500000000001,0.3757384217604294
59,-3.2162500000000005,0.3738597296516272
60,-3.0612500000000002,0.3719904310033691
61,-2.9275000000000007,0.37013047884835226
62,-3.2537499999999993,0.3682798264541105
63,-3.1225,0.36643842732183995
64,-3.070000000000001,0.3646062351852308
65,-3.1200000000000014,0.36278320400930464
66,-2.8775000000000013,0.3609692879892581
67,-3.012500000000001,0.3591644415493118
68,-2.812500000000001,0.3573686193415653
69,-2.903750000000001,0.35558177624485743
70,-2.8187500000000005,0.3538038673636331
71,-2.9825,0.35203484802681495
72,-2.9487500000000004,0.35027467378668087
73,-3.000000000000001,0.3485233004177475
74,-3.0625000000000013,0.34678068391565875
75,0.1712499999999999,0.34504678049608045
76,-2.9837500000000015,0.34332154659360004
77,-2.87625,0.34160493886063203
78,-2.775,0.3398969141663289
79,-2.975000000000001,0.33819742959549726
80,-2.888750000000001,0.33650644244751976
81,-2.995,0.3348239102352822
82,1.485,0.3331497906841058
83,-0.30749999999999966,0.33148404173068524
84,-2.7975000000000008,0.3298266215220318
85,-2.978750000000001,0.3281774884144216
86,-3.1450000000000005,0.3265366009723495
87,-0.6062499999999995,0.32490391796748774
88,-2.995000000000001,0.3232793983776503
89,-2.9287500000000004,0.32166300138576204
90,-2.8800000000000012,0.3200546863788332
91,-2.9600000000000013,0.31845441294693905
92,-2.9087500000000004,0.3168621408822043
93,-2.9762500000000007,0.3152778301777933
94,-2.9100000000000006,0.31370144102690434
95,-2.995,0.3121329338217698
96,-2.806250000000001,0.31057226915266095
97,-3.0162500000000003,0.30901940780689763
98,-0.7012499999999993,0.30747431076786313
99,1.17375,0.3059369392140238
100,-2.8912500000000008,0.3044072545179537
101,-2.9212500000000006,0.3028852182453639
102,-2.9225,0.3013707921541371
103,-2.7675,0.29986393819336643
104,-3.0250000000000017,0.2983646185023996
105,0.19874999999999998,0.2968727954098876
106,-2.7975000000000008,0.29538843143283816
107,1.0012500000000002,0.29391148927567395
108,-2.9637500000000006,0.29244193182929556
109,-3.036250000000001,0.2909797221701491
110,-2.885,0.28952482355929837
111,1.5037500000000001,0.2880771994415019
112,1.4900000000000002,0.28663681344429437
113,0.4774999999999998,0.2852036293770729
114,0.5449999999999998,0.2837776112301875
115,-2.8862500000000013,0.2823587231740366
116,-2.8662500000000004,0.2809469295581664
117,-3.0649999999999995,0.2795421949103756
118,-2.8650000000000007,0.2781444839358237
119,0.012500000000000178,0.27675376151614456
120,-2.7800000000000002,0.2753699927085638
121,-2.9987500000000002,0.273993142745021
122,-3.1075000000000004,0.2726231770312959
123,-3.1025000000000014,0.27126006114613943
124,-2.9050000000000007,0.26990376084040874
125,-2.965000000000001,0.2685542420362067
126,-3.073750000000001,0.26721147082602564
127,-3.0212499999999998,0.2658754134718955
128,-2.9112500000000012,0.26454603640453606
129,-2.870000000000001,0.2632233062225134
130,-2.8675,0.2619071896914008
131,-0.5099999999999998,0.2605976537429438
132,-3.1849999999999996,0.2592946654742291
133,-1.143750000000001,0.25799819214685793
134,-2.806250000000001,0.25670820118612364
135,-2.7187500000000004,0.255424660180193
136,-2.9337500000000003,0.25414753687929204
137,-3.0050000000000003,0.2528767991948956
138,-2.990000000000001,0.2516124151989211
139,-2.9287499999999995,0.2503543531229265
140,-2.9875000000000003,0.24910258135731184
141,-2.9300000000000006,0.24785706845052527
142,-2.86125,0.24661778310827265
143,-2.8037500000000004,0.2453846941927313
144,-2.83,0.24415777072176764
145,-2.878750000000001,0.2429369818681588
146,0.6112499999999998,0.241722296958818
147,-3.00125,0.2405136854740239
148,-3.145,0.23931111704665378
149,0.16000000000000014,0.23811456146142052
150,-2.86875,0.2369239886541134
151,-2.8474999999999997,0.23573936871084283
152,-2.8887500000000013,0.23456067186728863
153,-3.152500000000001,0.23338786850795218
154,-2.950000000000001,0.23222092916541243
155,-3.002500000000001,0.23105982451958537
156,-2.785,0.22990452539698744
157,-3.091250000000001,0.2287550027700025
158,-2.858750000000001,0.22761122775615247
159,-2.8737500000000007,0.2264731716173717
160,-1.1650000000000011,0.22534080575928486
161,-0.08499999999999974,0.22421410173048845
162,-3.1175000000000006,0.223093031221836
163,-2.81625,0.2219775660657268
164,-2.9612500000000006,0.22086767823539816
165,-3.0775000000000006,0.21976333984422117
166,-2.9225000000000008,0.21866452314500007
167,0.7274999999999999,0.21757120052927506
168,-2.893750000000001,0.21648334452662868
169,-2.8412500000000005,0.21540092780399553
170,-2.8175000000000003,0.21432392316497556
171,-2.8350000000000004,0.21325230354915067
172,-3.03375,0.21218604203140493
173,-2.9025000000000007,0.2111251118212479
174,-3.1700000000000017,0.21006948626214167
175,-2.9412500000000006,0.20901913883083095
176,-2.9975000000000005,0.2079740431366768
177,-2.90375,0.20693417292099342
178,-2.7100000000000004,0.20589950205638846
179,-0.9212499999999999,0.20487000454610652
180,-2.8800000000000012,0.20384565452337597
181,-2.9312500000000012,0.20282642625075908
182,-2.980000000000001,0.2018122941195053
183,-2.930000000000001,0.20080323264890776
184,-2.8850000000000007,0.1997992164856632
185,-3.0362500000000017,0.1988002204032349
186,-2.931250000000001,0.19780621930121872
187,-2.971250000000001,0.19681718820471264
188,1.24125,0.19583310226368908
189,-3.3850000000000016,0.19485393675237064
190,-2.953750000000001,0.1938796670686088
191,-2.9812499999999997,0.19291026873326575
192,1.3675000000000002,0.19194571738959942
193,-2.7700000000000005,0.1909859888026514
194,-2.6550000000000002,0.19003105885863816
195,-2.7500000000000004,0.18908090356434498
196,-2.9600000000000004,0.18813549904652327
197,-2.843750000000001,0.18719482155129066
198,-2.9675000000000007,0.18625884744353421
199,-2.86,0.18532755320631655
200,-2.812500000000001,0.18440091544028497
201,-3.053750000000001,0.18347891086308354
202,-2.911250000000001,0.18256151630876813
203,0.9837500000000001,0.1816487087272243
204,-2.9600000000000013,0.1807404651835882
205,-2.837500000000001,0.17983676285767025
206,-2.8812500000000005,0.1789375790433819
207,-2.7175,0.178042891148165
208,0.8125,0.17715267669242415
209,-2.9762500000000007,0.17626691330896202
210,-2.910000000000001,0.1753855787424172
211,-2.9575000000000005,0.17450865084870512
212,-2.7600000000000002,0.1736361075944616
213,-2.915000000000001,0.1727679270564893
214,-0.8775000000000002,0.17190408742120686
215,-2.915000000000001,0.1710445669841008
216,-2.9775000000000005,0.1701893441491803
217,-2.941250000000001,0.1693383974284344
218,1.3137500000000002,0.16849170544129222
219,-3.161250000000001,0.16764924691408575
220,-2.817500000000001,0.16681100067951532
221,0.5425,0.16597694567611773
222,-3.14125,0.16514706094773715
223,1.1887500000000002,0.16432132564299848
224,0.7912499999999999,0.1634997190147835
225,-2.867500000000001,0.1626822204197096
226,-2.8562500000000006,0.16186880931761105
227,0.9175000000000001,0.161059465271023
228,-2.9462500000000014,0.16025416794466787
229,-2.972500000000001,0.15945289710494454
230,-0.5762499999999993,0.1586556326194198
231,-2.886250000000001,0.1578623544563227
232,-3.021250000000001,0.1570730426840411
233,-3.601250000000001,0.1562876774706209
234,-2.980000000000001,0.15550623908326777
235,-2.818750000000001,0.15472870788785142
236,-2.811250000000001,0.15395506434841216
237,-2.8600000000000003,0.1531852890266701
238,-2.7562500000000005,0.15241936258153677
239,0.3674999999999997,0.1516572657686291
240,-2.8300000000000005,0.15089897943978595
241,-2.8625000000000003,0.15014448454258703
242,0.6524999999999999,0.1493937621198741
243,-2.8562500000000006,0.14864679330927472
244,-2.8237500000000004,0.14790355934272834
245,-2.767500000000001,0.1471640415460147
246,-2.7687500000000007,0.14642822133828462
247,-2.7000000000000006,0.1456960802315932
248,-2.7500000000000004,0.14496759983043522
249,0.5849999999999999,0.14424276183128304
250,-0.9450000000000001,0.14352154802212663
251,-2.8487500000000003,0.142803940282016
252,-2.9087500000000013,0.14208992058060593
253,-3.0549999999999993,0.1413794709777029
254,-2.9200000000000004,0.14067257362281438
255,-0.030000000000000027,0.1399692107547003
256,-2.8162500000000006,0.13926936470092682
257,-2.910000000000001,0.13857301787742218
258,-2.961250000000001,0.13788015278803506
259,-2.806250000000001,0.1371907520240949
260,-3.0212500000000007,0.1365047982639744
261,-2.9225000000000003,0.13582227427265453
262,-0.6012499999999992,0.13514316290129125
263,-2.911250000000001,0.1344674470867848
264,-3.365000000000001,0.13379510985135087
265,-2.84375,0.1331261343020941
266,-2.755000000000001,0.13246050363058365
267,-3.2087499999999998,0.13179820111243074
268,-2.848750000000001,0.13113921010686858
269,-2.9475000000000002,0.13048351405633424
270,0.4562499999999997,0.12983109648605257
271,-2.7800000000000002,0.1291819410036223
272,0.2862499999999999,0.1285360312986042
273,-0.5199999999999991,0.12789335114211117
274,-3.5300000000000002,0.12725388438640062
275,-2.8675000000000006,0.1266176149644686
276,-2.8937500000000003,0.12598452688964626
277,-0.4999999999999991,0.12535460425519804
278,-2.948750000000001,0.12472783123392205
279,-2.7787500000000005,0.12410419207775243
280,-2.9499999999999997,0.12348367111736366
281,-2.835,0.12286625276177685
282,-3.5262499999999997,0.12225192149796796
283,-2.75875,0.12164066189047812
284,-2.70625,0.12103245858102572
285,-3.0775,0.1204272962881206
286,-3.0999999999999996,0.11982515980668
287,-2.8175000000000003,0.1192260340076466
288,-2.8925,0.11862990383760837
289,-2.7300000000000004,0.11803675431842033
290,-3.1025,0.11744657054682822
291,-3.010000000000001,0.11685933769409408
292,-3.0724999999999993,0.11627504100562361
293,-3.072500000000001,0.1156936658005955
294,-0.5624999999999993,0.11511519747159252
295,-2.9050000000000007,0.11453962148423455
296,0.04375000000000062,0.11396692337681337
297,-3.0475000000000008,0.11339708875992931
298,0.43874999999999975,0.11283010331612967
299,1.29125,0.11226595279954901
300,-2.9662500000000014,0.11170462303555127
301,-0.28249999999999953,0.11114609992037351
302,-0.27749999999999986,0.11059036942077165
303,0.7099999999999999,0.11003741757366779
304,-2.7187500000000004,0.10948723048579945
305,-3.0137500000000017,0.10893979433337045
306,1.435,0.1083950953617036
307,-2.830000000000001,0.10785311988489507
308,-2.988749999999999,0.10731385428547059
309,-3.2500000000000004,0.10677728501404324
310,-3.0175000000000005,0.10624339858897303
311,0.8062499999999999,0.10571218159602816
312,-3.0775000000000015,0.10518362068804801
313,-2.9312500000000012,0.10465770258460777
314,1.495,0.10413441407168474
315,-2.792500000000001,0.10361374200132631
316,-2.8775000000000004,0.10309567329131968
317,-0.6712499999999997,0.10258019492486307
318,-2.960000000000001,0.10206729395023875
319,-3.035000000000001,0.10155695748048756
320,-3.2975000000000008,0.10104917269308512
321,-2.9775000000000014,0.1005439268296197
322,-2.670000000000001,0.1000412071954716
323,-2.7800000000000007,0.09954100115949424
324,-2.8687500000000004,0.09904329615369677
325,-3.095000000000002,0.09854807967292828
326,-2.923750000000001,0.09805533927456364
327,-2.9987500000000016,0.09756506257819082
328,-3.0250000000000004,0.09707723726529986
329,-0.49249999999999927,0.09659185107897336
330,-0.29124999999999956,0.0961088918235785
331,-2.8250000000000006,0.0956283473644606
332,-2.6987500000000004,0.0951502056276383
333,-2.7937500000000006,0.09467445459950011
334,0.9525,0.09420108232650261
335,0.26875000000000027,0.09373007691487009
336,-2.9837500000000006,0.09326142653029575
337,-2.9262499999999996,0.09279511939764427
338,-3.6799999999999993,0.09233114380065605
339,-3.27875,0.09186948808165277
340,-2.9175000000000013,0.0914101406412445
341,-2.8162500000000006,0.09095308993803829
342,-3.145000000000001,0.09049832448834809
343,-2.7925,0.09004583286590635
344,-3.079999999999999,0.08959560370157682
345,0.1775,0.08914762568306893
346,-3.49375,0.08870188755465358
347,-2.941250000000001,0.08825837811688031
348,-3.027499999999999,0.0878170862262959
349,-1.106250000000001,0.08737800079516442
350,-0.2099999999999993,0.08694111079118859
351,-2.848750000000001,0.08650640523723264
352,-2.940000000000001,0.08607387321104648
353,-2.8674999999999997,0.08564350384499125
354,-0.07499999999999973,0.08521528632576629
355,-2.961250000000001,0.08478920989413746
356,-0.43249999999999966,0.08436526384466678
357,-2.942500000000001,0.08394343752544345
358,-2.818750000000001,0.08352372033781623
359,-2.6187500000000004,0.08310610173612715
360,-0.24624999999999986,0.08269057122744651
361,-2.8862500000000004,0.08227711837130927
362,-2.8562500000000006,0.08186573277945272
363,-2.7350000000000008,0.08145640411555546
364,-2.7875000000000005,0.08104912209497768
365,-2.8562500000000006,0.08064387648450279
366,-2.9350000000000005,0.08024065710208027
367,-0.8462500000000002,0.07983945381656987
368,-2.873750000000001,0.07944025654748703
369,0.1525000000000003,0.0790430552647496
370,-2.9475000000000007,0.07864783998842585
371,-0.8899999999999995,0.07825460078848372
372,-2.812500000000001,0.0778633277845413
373,-2.9312500000000012,0.0774740111456186
374,-0.9949999999999999,0.07708664108989051
375,-2.9125000000000005,0.07670120788444106
376,-2.8000000000000007,0.07631770184501885
377,1.1725,0.07593611333579375
378,-2.9312500000000012,0.07555643276911478
379,-0.5112499999999993,0.07517865060526921
380,-2.855000000000001,0.07480275735224286
381,0.6699999999999999,0.07442874356548164
382,-3.1225,0.07405659984765423
383,0.9450000000000001,0.07368631684841595
384,-2.983750000000001,0.07331788526417388
385,-2.8875000000000006,0.07295129583785301
386,-0.1337499999999998,0.07258653935866374
387,-2.7437500000000004,0.07222360666187043
388,-2.812500000000001,0.07186248862856108
389,-2.8737500000000007,0.07150317618541828
390,-2.6625,0.07114566030449118
391,-2.831250000000001,0.07078993200296872
392,-0.1962499999999996,0.07043598234295388
393,-0.8199999999999996,0.07008380243123911
394,-2.9987500000000007,0.06973338341908292
395,-2.9262500000000014,0.0693847165019875
396,-0.1449999999999998,0.06903779291947756
397,0.46499999999999986,0.06869260395488018
398,-2.896250000000001,0.06834914093510577
399,0.0625,0.06800739523043024
400,-2.912500000000001,0.0676673582542781
401,-2.8937500000000007,0.0673290214630067
402,0.043749999999999956,0.06699237635569168
403,0.9287500000000001,0.06665741447391321
404,0.37124999999999964,0.06632412740154364
405,0.5737499999999998,0.06599250676453593
406,-2.8050000000000006,0.06566254423071324
407,-2.862500000000001,0.06533423150955968
408,-0.7737499999999995,0.06500756035201188
409,-2.905000000000001,0.06468252255025182
410,-2.825,0.06435910993750056
411,-2.8587500000000006,0.06403731438781306
412,-2.806250000000001,0.06371712781587399
413,0.18249999999999988,0.06339854217679462
414,-2.8712500000000007,0.06308154946591064
415,-2.850000000000001,0.0627661417185811
416,-2.941250000000001,0.06245231100998819
417,-2.6750000000000003,0.06214004945493825
418,0.9337500000000001,0.06182934920766356
419,-0.2949999999999995,0.06152020246162524
420,-2.68,0.06121260144931712
421,-2.7687500000000007,0.06090653844207053
422,0.7462500000000001,0.060602005749860174
423,0.88625,0.06029899572111087
424,-2.961250000000001,0.059997500742505316
425,-2.9000000000000012,0.05969751323879279
426,0.44249999999999967,0.059399025672598825
427,0.855,0.05910203054423583
428,-0.23249999999999948,0.05880652039151465
429,-2.8812500000000005,0.058512487789557074
430,-0.1737499999999994,0.05821992535060929
431,-3.106250000000002,0.05792882572385624
432,0.5312499999999998,0.05763918159523696
433,-2.950000000000001,0.057350985687260776
434,-2.912500000000001,0.05706423075882447
435,-2.825000000000001,0.05677890960503035
436,-2.875000000000001,0.056495015057005195
437,-2.7787500000000005,0.05621253998172017
438,-2.736249999999999,0.05593147728181157
439,-2.873750000000001,0.05565181989540251
440,-2.806250000000001,0.055373560795925494
441,0.2762499999999999,0.05509669299194587
442,-0.012499999999999734,0.05482120952698614
443,-0.7049999999999994,0.054547103479351204
444,-2.982500000000001,0.05427436796195445
445,0.7399999999999999,0.05400299612214468
446,-0.6362499999999993,0.05373298114153396
447,-2.9312500000000012,0.05346431623582629
448,-1.2387500000000011,0.05319699465464715
449,0.9400000000000002,0.05293100968137392
450,-2.850000000000001,0.052666354632967045
451,1.3687500000000001,0.05240302285980221
452,-2.950000000000001,0.0521410077455032
453,-2.8287500000000008,0.05188030270677568
454,0.2550000000000001,0.0516209011932418
455,-3.1112499999999996,0.05136279668727559
456,-2.9237500000000005,0.05110598270383922
457,0.6024999999999998,0.05085045279032002
458,0.6299999999999998,0.05059620052636842
459,-2.66875,0.050343219523736576
460,-2.8937500000000003,0.050091503426117893
461,-3.2024999999999997,0.05
462,-2.7874999999999996,0.05
463,0.81875,0.05
464,-0.8274999999999999,0.05
465,1.0637500000000002,0.05
466,-2.8600000000000003,0.05
467,-2.9525000000000015,0.05
468,-2.8000000000000007,0.05
469,-0.7037499999999997,0.05
470,-0.5187499999999992,0.05
471,-3.0050000000000012,0.05
472,-2.870000000000001,0.05
473,-3.1299999999999994,0.05
474,-2.91875,0.05
475,-2.812500000000001,0.05
476,-2.898750000000001,0.05
477,-3.5000000000000018,0.05
478,-2.9912500000000013,0.05
479,-0.45749999999999935,0.05
480,-3.365000000000002,0.05
481,-3.2849999999999993,0.05
482,-2.950000000000001,0.05
483,-2.8312500000000007,0.05
484,-3.033750000000001,0.05
485,-2.930000000000001,0.05
486,1.22875,0.05
487,1.0562500000000001,0.05
488,-3.0387500000000016,0.05
489,-0.5749999999999988,0.05
490,0.44874999999999965,0.05
491,-2.781250000000001,0.05
492,-2.843750000000001,0.05
493,-0.8075000000000001,0.05
494,0.03500000000000014,0.05
495,1.195,0.05
496,1.34375,0.05
497,-0.1474999999999993,0.05
498,0.86125,0.05
499,-2.725,0.05
500,-2.8862500000000004,0.05
501,-2.8850000000000002,0.05
502,-2.7000000000000006,0.05
503,-2.892500000000001,0.05
504,0.86,0.05
505,0.46374999999999966,0.05
506,-2.905000000000001,0.05
507,0.007500000000000062,0.05
508,-0.11624999999999952,0.05
509,0.82375,0.05
510,-2.893750000000001,0.05
511,1.1712500000000001,0.05
512,0.04875000000000029,0.05
513,0.8562500000000001,0.05
514,-2.928750000000001,0.05
515,-2.7912500000000007,0.05
516,0.3537499999999998,0.05
517,1.05,0.05
518,2.220446049250313e-16,0.05
519,-0.1287499999999997,0.05
520,0.9650000000000001,0.05
521,0.5350000000000001,0.05
522,-0.19374999999999964,0.05
523,-2.812500000000001,0.05
524,0.6887499999999999,0.05
525,-2.8362500000000006,0.05
526,0.6887499999999999,0.05
527,-2.781250000000001,0.05
528,1.53125,0.05
529,-0.0012499999999997513,0.05
530,-2.891250000000001,0.05
531,-3.1075000000000004,0.05
532,0.48999999999999966,0.05
533,-0.5649999999999993,0.05
534,-2.950000000000001,0.05
535,-3.070000000000001,0.05
536,-3.3175,0.05
537,0.9112500000000001,0.05
538,0.7699999999999999,0.05
539,-2.7187500000000004,0.05
540,-3.336250000000002,0.05
541,-2.855000000000001,0.05
542,-2.8937500000000007,0.05
543,0.5387499999999998,0.05
544,-2.8062500000000004,0.05
545,0.4937499999999997,0.05
546,-3.175000000000001,0.05
547,-2.900000000000001,0.05
548,-0.5999999999999994,0.05
549,-2.940000000000001,0.05
550,-1.2362500000000014,0.05
551,-2.843750000000001,0.05
552,1.49875,0.05
553,1.04,0.05
554,0.14000000000000012,0.05
555,0.6424999999999997,0.05
556,-3.206250000000001,0.05
557,1.11625,0.05
558,-2.9837499999999997,0.05
559,-0.3362499999999995,0.05
560,-3.5812500000000016,0.05
561,-2.991250000000001,0.05
562,-3.027500000000001,0.05
563,-0.22374999999999945,0.05
564,-0.21624999999999983,0.05
565,-2.8975,0.05
566,-3.0625000000000018,0.05
567,-0.296249999999999,0.05
568,-2.867500000000001,0.05
569,-2.8837500000000005,0.05
570,-0.9350000000000003,0.05
571,-3.2437500000000017,0.05
572,-3.003750000000001,0.05
573,-0.5899999999999992,0.05
574,-2.7874999999999996,0.05
575,-0.3249999999999995,0.05
576,0.7725,0.05
577,1.4625000000000001,0.05
578,-2.8000000000000007,0.05
579,-2.967500000000001,0.05
580,-2.956250000000001,0.05
581,-2.956250000000001,0.05
582,0.0887500000000001,0.05
583,-2.8562500000000015,0.05
584,0.6337499999999998,0.05
585,0.17000000000000015,0.05
586,-2.862500000000001,0.05
587,-0.0824999999999998,0.05
588,-1.1024999999999998,0.05
589,0.1475000000000002,0.05
590,-1.0325000000000004,0.05
591,-2.9125000000000005,0.05
592,-3.0062500000000014,0.05
593,-2.7962499999999997,0.05
594,-2.891250000000001,0.05
595,-0.9200000000000002,0.05
596,-2.805,0.05
597,-0.5437499999999993,0.05
598,-0.023749999999999716,0.05
599,-0.8750000000000002,0.05
600,-2.6999999999999997,0.05
601,-2.8050000000000006,0.05
602,-0.12124999999999964,0.05
603,-0.11624999999999974,0.05
604,1.4800000000000002,0.05
605,-2.761250000000001,0.05
606,-2.9425000000000012,0.05
607,-2.8862499999999995,0.05
608,-3.0762499999999995,0.05
609,-0.7187499999999998,0.05
610,-3.040000000000001,0.05
611,-0.6962499999999994,0.05
612,1.11125,0.05
613,-2.931250000000001,0.05
614,-0.40624999999999933,0.05
615,-2.893750000000001,0.05
616,0.6587499999999998,0.05
617,0.5512499999999997,0.05
618,-2.81875,0.05
619,0.8125,0.05
620,-2.8250000000000006,0.05
621,-2.8487500000000003,0.05
622,-1.1375000000000008,0.05
623,0.9087500000000001,0.05
624,-1.0987500000000006,0.05
625,-2.7750000000000004,0.05
626,1.01875,0.05
627,-2.848750000000001,0.05
628,0.2537499999999999,0.05
629,-2.825000000000001,0.05
630,-0.2474999999999996,0.05
631,-2.862500000000001,0.05
632,0.6162499999999997,0.05
633,-2.9312500000000012,0.05
634,-0.9199999999999995,0.05
635,0.09499999999999997,0.05
636,-1.0824999999999998,0.05
637,-3.17125,0.05
638,-2.787500000000001,0.05
639,1.13375,0.05
640,0.6912499999999998,0.05
641,0.84,0.05
642,1.0325000000000002,0.05
643,0.10000000000000009,0.05
644,1.06125,0.05
645,1.3487500000000001,0.05
646,0.94625,0.05
647,-0.2949999999999995,0.05
648,0.6112499999999998,0.05
649,1.0250000000000001,0.05
650,-2.7050000000000005,0.05
651,0.5337499999999998,0.05
652,-2.825000000000001,0.05
653,-2.7875000000000005,0.05
654,-2.961250000000001,0.05
655,-2.900000000000001,0.05
656,-2.905000000000001,0.05
657,-0.06749999999999967,0.05
658,-2.836250000000001,0.05
659,0.91625,0.05
660,1.37125,0.05
661,0.90375,0.05
662,1.4937500000000001,0.05
663,-2.961250000000001,0.05
664,0.23124999999999996,0.05
665,0.935,0.05
666,1.03,0.05
667,-2.6625000000000005,0.05
668,0.94125,0.05
669,1.1625,0.05
670,0.78875,0.05
671,1.11,0.05
672,-2.972500000000001,0.05
673,-2.8000000000000003,0.05
674,-3.0362499999999994,0.05
675,0.5374999999999998,0.05
676,-2.967500000000001,0.05
677,-3.6662500000000002,0.05
678,1.03875,0.05
679,-2.7875000000000005,0.05
680,0.2524999999999997,0.05
681,-0.1137499999999998,0.05
682,0.96625,0.05
683,-0.5749999999999995,0.05
684,-0.6649999999999998,0.05
685,0.09625000000000017,0.05
686,0.41124999999999967,0.05
687,-2.656249999999999,0.05
688,0.6237499999999998,0.05
689,0.9675,0.05
690,0.04375000000000018,0.05
691,-2.836250000000001,0.05
692,-2.7912500000000002,0.05
693,-0.16499999999999937,0.05
694,-0.40249999999999964,0.05
695,0.6162499999999997,0.05
696,-3.21125,0.05
697,0.6724999999999999,0.05
698,1.2825,0.05
699,0.06625000000000014,0.05
700,-3.2774999999999994,0.05
701,0.12874999999999992,0.05
702,-0.40624999999999933,0.05
703,-2.7687500000000007,0.05
704,1.0550000000000002,0.05
705,0.006250000000000089,0.05
706,0.885,0.05
707,1.01625,0.05
708,0.43874999999999975,0.05
709,0.77625,0.05
710,-3.0937500000000013,0.05
711,0.46874999999999967,0.05
712,-2.8100000000000005,0.05
713,1.3462500000000002,0.05
714,1.06125,0.05
715,-2.80375,0.05
716,-2.998750000000001,0.05
717,1.04125,0.05
718,0.80375,0.05
719,0.5074999999999997,0.05
720,-0.5012499999999995,0.05
721,0.85,0.05
722,-0.4449999999999992,0.05
723,0.07125000000000004,0.05
724,-2.855000000000001,0.05
725,-3.3100000000000027,0.05
726,0.6962499999999999,0.05
727,0.9850000000000001,0.05
728,0.6087499999999998,0.05
729,1.08125,0.05
730,0.8112500000000001,0.05
731,0.6537499999999998,0.05
732,0.78625,0.05
733,1.385,0.05
734,-2.89,0.05
735,0.9475000000000001,0.05
736,-0.4199999999999997,0.05
737,1.0075,0.05
738,-2.805000000000001,0.05
739,0.9825000000000002,0.05
740,1.15375,0.05
741,0.21875,0.05
742,0.5949999999999999,0.05
743,-0.8500000000000003,0.05
744,0.1225000000000005,0.05
745,-0.10124999999999984,0.05
746,-0.24124999999999952,0.05
747,1.215,0.05
748,-2.9087499999999995,0.05
749,-0.8237499999999998,0.05
750,-0.7637499999999997,0.05
751,-0.9300000000000004,0.05
752,0.7024999999999999,0.05
753,0.5012499999999999,0.05
754,0.7687499999999999,0.05
755,0.6287499999999998,0.05
756,0.27249999999999974,0.05
757,-3.741249999999999,0.05
758,-0.15249999999999986,0.05
759,-0.48249999999999904,0.05
760,0.9825000000000002,0.05
761,1.1675,0.05
762,-2.8750000000000013,0.05
763,-0.43874999999999975,0.05
764,0.95125,0.05
765,0.8925000000000001,0.05
766,0.6174999999999998,0.05
767,-3.01125,0.05
768,-0.12499999999999978,0.05
769,-0.6974999999999996,0.05
770,-2.8562500000000006,0.05
771,-2.9900000000000015,0.05
772,0.7324999999999999,0.05
773,-2.9725,0.05
774,-2.6875000000000004,0.05
775,-2.8712500000000007,0.05
776,0.2749999999999999,0.05
777,0.8350000000000001,0.05
778,-2.900000000000001,0.05
779,0.34999999999999987,0.05
780,-0.44749999999999934,0.05
781,-0.2949999999999995,0.05
782,-0.9512500000000002,0.05
783,-2.862500000000001,0.05
784,-2.9037500000000005,0.05
785,-1.0250000000000001,0.05
786,-3.0162499999999994,0.05
787,1.19,0.05
788,-2.975,0.05
789,-2.893750000000001,0.05
790,-3.20125,0.05
791,-2.861250000000001,0.05
792,0.9512500000000002,0.05
793,0.6499999999999999,0.05
794,0.9950000000000001,0.05
795,-0.5937499999999993,0.05
796,-2.93875,0.05
797,0.4574999999999997,0.05
798,0.5124999999999997,0.05
799,0.9337500000000001,0.05
800,1.17375,0.05
801,-0.11499999999999999,0.05
802,-0.6412499999999988,0.05
803,-0.8087499999999996,0.05
804,0.5887499999999998,0.05
805,0.28249999999999975,0.05
806,-3.071250000000002,0.05
807,0.3849999999999998,0.05
808,-0.7449999999999999,0.05
809,1.24,0.05
810,-0.24874999999999936,0.05
811,-2.9800000000000013,0.05
812,1.1075,0.05
813,0.8550000000000001,0.05
814,0.5062499999999998,0.05
815,1.07375,0.05
816,1.245,0.05
817,0.8912500000000001,0.05
818,1.5225000000000002,0.05
819,0.6174999999999998,0.05
820,0.4887499999999997,0.05
821,-0.17624999999999957,0.05
822,-0.10999999999999988,0.05
823,-2.91375,0.05
824,-3.170000000000001,0.05
825,0.5499999999999997,0.05
826,0.91125,0.05
827,-0.11624999999999974,0.05
828,0.9537500000000001,0.05
829,1.13125,0.05
830,1.18625,0.05
831,0.2074999999999998,0.05
832,0.4637499999999998,0.05
833,1.1500000000000001,0.05
834,1.1725,0.05
835,1.36,0.05
836,1.3675000000000002,0.05
837,0.5949999999999998,0.05
838,-0.18374999999999964,0.05
839,1.27625,0.05
840,1.3362500000000002,0.05
841,-2.892500000000001,0.05
842,0.7699999999999999,0.05
843,0.9225,0.05
844,-0.14124999999999965,0.05
845,1.2,0.05
846,1.19,0.05
847,0.41625,0.05
848,-2.9875000000000003,0.05
849,0.87,0.05
850,-0.4412499999999995,0.05
851,0.9300000000000002,0.05
852,1.235,0.05
853,0.8375,0.05
854,-2.900000000000001,0.05
855,-2.775000000000001,0.05
856,-1.1049999999999998,0.05
857,0.98875,0.05
858,-2.938750000000001,0.05
859,-3.4074999999999998,0.05
860,0.12749999999999995,0.05
861,0.4662499999999996,0.05
862,-0.8462500000000002,0.05
863,1.2225000000000001,0.05
864,-3.0062499999999996,0.05
865,1.18875,0.05
866,-0.47374999999999945,0.05
867,-2.90625,0.05
868,-2.83,0.05
869,1.0575,0.05
870,0.4462499999999998,0.05
871,0.87625,0.05
872,0.78125,0.05
873,-2.7625000000000006,0.05
874,0.64,0.05
875,0.5449999999999998,0.05
876,0.87375,0.05
877,-3.237500000000001,0.05
878,-2.7887500000000003,0.05
879,-2.837500000000001,0.05
880,-2.7375000000000003,0.05
881,1.22625,0.05
882,0.20875,0.05
883,0.5449999999999997,0.05
884,-0.9850000000000005,0.05
885,0.69,0.05
886,-2.6675,0.05
887,-0.45999999999999974,0.05
888,-2.9300000000000006,0.05
889,0.5299999999999997,0.05
890,0.4374999999999998,0.05
891,0.6549999999999999,0.05
892,1.1475,0.05
893,1.24,0.05
894,1.03875,0.05
895,-0.06749999999999967,0.05
896,-2.8425000000000007,0.05
897,1.0437500000000002,0.05
898,0.17625000000000002,0.05
899,0.030000000000000693,0.05
900,0.1349999999999998,0.05
901,-0.5549999999999995,0.05
902,1.235,0.05
903,1.1812500000000001,0.05
904,0.5249999999999997,0.05
905,0.50125,0.05
906,1.4225,0.05
907,0.4412499999999997,0.05
908,1.3275000000000001,0.05
909,-0.20999999999999952,0.05
910,-2.7587500000000005,0.05
911,-2.812500000000001,0.05
912,0.13875000000000015,0.05
913,1.11,0.05
914,0.9175,0.05
915,-2.855,0.05
916,0.18999999999999995,0.05
917,0.1412500000000001,0.05
918,-0.0012499999999997513,0.05
919,-3.1412500000000008,0.05
920,1.2112500000000002,0.05
921,0.7512499999999999,0.05
922,-3.67,0.05
923,1.3137500000000002,0.05
924,-3.131250000000002,0.05
925,1.0025,0.05
926,0.74625,0.05
927,0.49624999999999975,0.05
928,0.2687499999999996,0.05
929,-2.881250000000001,0.05
930,0.7087499999999999,0.05
931,-2.7437500000000004,0.05
932,0.86,0.05
933,1.3675000000000002,0.05
934,-0.05999999999999939,0.05
935,1.135,0.05
936,-0.8187499999999994,0.05
937,1.435,0.05
938,-0.9887500000000002,0.05
939,-0.21874999999999933,0.05
940,0.40625,0.05
941,-0.2624999999999995,0.05
942,0.48999999999999966,0.05
943,0.20124999999999993,0.05
944,1.1287500000000001,0.05
945,-2.961250000000001,0.05
946,0.5299999999999998,0.05
947,-0.004999999999999893,0.05
948,-0.2799999999999996,0.05
949,0.9850000000000001,0.05
950,-2.8412500000000005,0.05
951,-0.0974999999999997,0.05
952,-2.892500000000001,0.05
953,0.19500000000000006,0.05
954,1.15375,0.05
955,1.3,0.05
956,-2.843750000000001,0.05
957,-1.3837500000000016,0.05
958,-2.8737500000000007,0.05
959,0.6749999999999999,0.05
960,0.36749999999999994,0.05
961,-3.02,0.05
962,-0.24999999999999956,0.05
963,1.29,0.05
964,0.5737499999999998,0.05
965,1.20875,0.05
966,0.2862499999999999,0.05
967,1.1475,0.05
968,0.7875,0.05
969,0.9337500000000001,0.05
970,-0.25999999999999956,0.05
971,-3.302500000000001,0.05
972,0.6312499999999999,0.05
973,0.8925000000000001,0.05
974,-2.8175000000000012,0.05
975,-3.1,0.05
976,0.40625,0.05
977,1.18375,0.05
978,-1.0475000000000005,0.05
979,0.6537499999999998,0.05
980,-2.950000000000001,0.05
981,-3.1400000000000015,0.05
982,1.1125,0.05
983,0.4012499999999999,0.05
984,0.6412499999999998,0.05
985,0.7562499999999999,0.05
986,1.00625,0.05
987,1.20875,0.05
988,-0.7624999999999995,0.05
989,0.5049999999999998,0.05
990,-0.6749999999999996,0.05
991,-2.7000000000000006,0.05
992,0.4087499999999997,0.05
993,-2.848750000000001,0.05
994,1.0075,0.05
995,-0.9600000000000006,0.05
996,-2.850000000000001,0.05
997,-0.6299999999999997,0.05
998,0.7699999999999999,0.05
999,0.8962500000000001,0.05
1000,-0.5712499999999994,0.05
1001,0.20625000000000004,0.05
1002,1.0625,0.05
1003,-0.17999999999999972,0.05
1004,0.43874999999999975,0.05
1005,1.1487500000000002,0.05
1006,0.78625,0.05
1007,0.78125,0.05
1008,1.3625,0.05
1009,1.0750000000000002,0.05
1010,1.495,0.05
1011,0.9912500000000001,0.05
1012,-3.5499999999999994,0.05
1013,-2.9025000000000003,0.05
1014,0.21874999999999978,0.05
1015,1.02,0.05
1016,0.9337500000000001,0.05
1017,1.07625,0.05
1018,0.7399999999999999,0.05
1019,-2.923750000000001,0.05
1020,0.78,0.05
1021,1.0325000000000002,0.05
1022,-0.4237499999999994,0.05
1023,1.17875,0.05
1024,1.25875,0.05
1025,-2.9912500000000004,0.05
1026,0.94625,0.05
1027,0.39124999999999965,0.05
1028,0.81875,0.05
1029,0.4949999999999998,0.05
1030,0.9337500000000001,0.05
1031,0.9837500000000001,0.05
1032,-4.09,0.05
1033,-0.10124999999999984,0.05
1034,0.9237500000000001,0.05
1035,1.30875,0.05
1036,1.04,0.05
1037,1.3037500000000002,0.05
1038,0.96625,0.05
1039,1.13125,0.05
1040,0.87625,0.05
1041,1.0875000000000001,0.05
1042,-2.887500000000001,0.05
1043,0.9637500000000001,0.05
1044,-3.0212500000000007,0.05
1045,0.7324999999999999,0.05
1046,1.12625,0.05
1047,-0.4237499999999992,0.05
1048,1.00625,0.05
1049,0.39874999999999994,0.05
1050,-2.912500000000001,0.05
1051,1.2175,0.05
1052,1.0637500000000002,0.05
1053,0.15375000000000005,0.05
1054,1.07375,0.05
1055,0.99,0.05
1056,0.99,0.05
1057,1.17,0.05
1058,1.095,0.05
1059,0.7774999999999999,0.05
1060,0.1975,0.05
1061,-0.4137499999999994,0.05
1062,0.91625,0.05
1063,1.27625,0.05
1064,1.29,0.05
1065,1.09,0.05
1066,-0.4899999999999991,0.05
1067,-2.881250000000001,0.05
1068,-0.35499999999999954,0.05
1069,1.27,0.05
1070,0.19499999999999984,0.05
1071,0.14250000000000007,0.05
1072,-2.900000000000001,0.05
1073,0.3849999999999998,0.05
1074,0.9837500000000001,0.05
1075,1.0425,0.05
1076,0.7599999999999999,0.05
1077,1.1525,0.05
1078,0.6662499999999999,0.05
1079,0.5875,0.05
1080,-2.985000000000001,0.05
1081,0.8562500000000001,0.05
1082,1.09375,0.05
1083,0.2537499999999999,0.05
1084,-3.1825,0.05
1085,-3.0387500000000007,0.05
1086,1.1125,0.05
1087,0.20624999999999982,0.05
1088,1.22625,0.05
1089,1.5212500000000002,0.05
1090,1.0750000000000002,0.05
1091,-0.6112499999999992,0.05
1092,0.5249999999999998,0.05
1093,-0.8412499999999998,0.05
1094,-2.912500000000001,0.05
1095,-0.7624999999999995,0.05
1096,-0.0862499999999995,0.05
1097,0.3899999999999997,0.05
1098,0.6224999999999998,0.05
1099,0.7449999999999999,0.05
1100,-0.38499999999999934,0.05
1101,0.23624999999999985,0.05
1102,0.6049999999999998,0.05
1103,0.745,0.05
1104,1.125,0.05
1105,1.095,0.05
1106,0.915,0.05
1107,0.89,0.05
1108,-0.08624999999999972,0.05
1109,-0.34874999999999945,0.05
1110,-0.7387499999999998,0.05
1111,0.94625,0.05
1112,0.9725000000000001,0.05
1113,1.0925,0.05
1114,-0.7499999999999998,0.05
1115,0.90625,0.05
1116,1.0075,0.05
1117,1.085,0.05
1118,0.85375,0.05
1119,0.8875,0.05
1120,1.1262500000000002,0.05
1121,0.915,0.05
1122,0.6612499999999998,0.05
1123,0.5212499999999997,0.05
1124,0.8875000000000001,0.05
1125,1.31,0.05
1126,0.88,0.05
1127,0.2412500000000002,0.05
1128,1.03875,0.05
1129,0.9950000000000001,0.05
1130,0.3487500000000001,0.05
1131,0.93,0.05
1132,0.6199999999999998,0.05
1133,0.17999999999999994,0.05
1134,1.0625,0.05
1135,0.6587499999999998,0.05
1136,0.91125,0.05
1137,0.8612500000000001,0.05
1138,1.24,0.05
1139,1.1300000000000001,0.05
1140,1.27625,0.05
1141,1.15,0.05
1142,1.455,0.05
1143,-2.950000000000001,0.05
1144,1.17375,0.05
1145,-0.6974999999999996,0.05
1146,1.0125000000000002,0.05
1147,-2.968750000000001,0.05
1148,-0.22374999999999967,0.05
1149,0.9850000000000001,0.05
1150,0.6387499999999998,0.05
1151,0.81375,0.05
1152,1.2400000000000002,0.05
1153,0.9650000000000001,0.05
1154,-0.5074999999999992,0.05
1155,0.5262499999999998,0.05
1156,1.0025,0.05
1157,-2.9800000000000013,0.05
1158,1.4000000000000001,0.05
1159,1.115,0.05
1160,1.485,0.05
1161,-2.8312499999999994,0.05
1162,0.6174999999999998,0.05
1163,0.6049999999999998,0.05
1164,1.0625,0.05
1165,1.02625,0.05
1166,1.0750000000000002,0.05
1167,0.9800000000000001,0.05
1168,0.5249999999999997,0.05
1169,1.3687500000000001,0.05
1170,-0.72,0.05
1171,1.2650000000000001,0.05
1172,1.45375,0.05
1173,0.7512499999999999,0.05
1174,0.6099999999999998,0.05
1175,0.4399999999999997,0.05
1176,-0.21874999999999933,0.05
1177,1.18625,0.05
1178,0.7099999999999999,0.05
1179,-0.46874999999999933,0.05
1180,1.02625,0.05
1181,0.7625,0.05
1182,0.7124999999999998,0.05
1183,-0.6562499999999989,0.05
1184,0.2687499999999998,0.05
1185,1.1625,0.05
1186,0.36749999999999994,0.05
1187,0.87875,0.05
1188,1.20375,0.05
1189,0.7575,0.05
1190,0.032500000000000195,0.05
1191,-3.0212500000000007,0.05
1192,-2.975,0.05
1193,1.3587500000000001,0.05
1194,1.4625000000000001,0.05
1195,1.12625,0.05
1196,-0.49999999999999933,0.05
1197,1.0562500000000001,0.05
1198,0.6124999999999998,0.05
1199,0.84,0.05
1200,1.105,0.05
1201,-0.6262499999999995,0.05
1202,0.5637499999999998,0.05
1203,0.8725,0.05
1204,0.23499999999999988,0.05
1205,1.45375,0.05
1206,-2.7487500000000002,0.05
1207,1.0150000000000001,0.05
1208,1.0875000000000001,0.05
1209,1.145,0.05
1210,0.5025,0.05
1211,1.26,0.05
1212,1.1500000000000001,0.05
1213,-1.3075000000000008,0.05
1214,1.345,0.05
1215,1.2000000000000002,0.05
1216,1.1,0.05
1217,0.020000000000000018,0.05
1218,0.9900000000000001,0.05
1219,1.1525,0.05
1220,1.2,0.05
1221,1.1875,0.05
1222,0.88625,0.05
1223,0.9087500000000001,0.05
1224,1.08125,0.05
1225,0.020000000000000018,0.05
1226,0.19500000000000006,0.05
1227,0.4212499999999997,0.05
1228,0.3424999999999998,0.05
1229,1.04,0.05
1230,1.2525,0.05
1231,1.03875,0.05
1232,0.6549999999999998,0.05
1233,1.28125,0.05
1234,0.7149999999999999,0.05
1235,0.9712500000000001,0.05
1236,1.5137500000000002,0.05
1237,1.1,0.05
1238,0.6062499999999998,0.05
1239,1.09375,0.05
1240,2.220446049250313e-16,0.05
1241,1.1175000000000002,0.05
1242,0.6599999999999998,0.05
1243,0.6974999999999999,0.05
1244,0.4037499999999996,0.05
1245,0.8900000000000001,0.05
1246,0.7887500000000001,0.05
1247,1.1,0.05
1248,-2.8800000000000012,0.05
1249,1.1175000000000002,0.05
1250,1.0275,0.05
1251,0.6362499999999999,0.05
1252,1.205,0.05
1253,0.9137500000000001,0.05
1254,1.1725,0.05
1255,1.0425,0.05
1256,1.11125,0.05
1257,0.6399999999999998,0.05
1258,0.9700000000000001,0.05
1259,1.555,0.05
1260,0.5137499999999998,0.05
1261,-0.5099999999999993,0.05
1262,1.0925,0.05
1263,1.105,0.05
1264,0.7274999999999999,0.05
1265,1.37125,0.05
1266,-2.8550000000000004,0.05
1267,0.4887499999999998,0.05
1268,0.6037499999999999,0.05
1269,1.0950000000000002,0.05
1270,-0.3237499999999993,0.05
1271,0.9300000000000002,0.05
1272,-0.022499999999999742,0.05
1273,1.3075,0.05
1274,0.9500000000000001,0.05
1275,1.09375,0.05
1276,1.1075,0.05
1277,1.495,0.05
1278,-0.9912500000000006,0.05
1279,0.8049999999999999,0.05
1280,-0.66875,0.05
1281,0.7337499999999999,0.05
1282,0.8725,0.05
1283,1.0300000000000002,0.05
1284,0.5399999999999997,0.05
1285,-0.3349999999999995,0.05
1286,0.9850000000000001,0.05
1287,1.0575,0.05
1288,0.5274999999999997,0.05
1289,0.875,0.05
1290,1.2575,0.05
1291,-0.1387499999999997,0.05
1292,0.82,0.05
1293,1.17375,0.05
1294,1.0137500000000002,0.05
1295,1.33875,0.05
1296,1.25,0.05
1297,0.3999999999999997,0.05
1298,-2.850000000000001,0.05
1299,-0.04999999999999982,0.05
1300,-1.2500000000000016,0.05
1301,-0.28249999999999953,0.05
1302,0.8125,0.05
1303,1.0637500000000002,0.05
1304,1.1300000000000001,0.05
1305,0.8375,0.05
1306,1.5,0.05
1307,1.385,0.05
1308,1.185,0.05
1309,1.13625,0.05
1310,1.06,0.05
1311,0.7637499999999999,0.05
1312,1.12375,0.05
1313,1.0375,0.05
1314,1.3687500000000001,0.05
1315,-0.4287499999999993,0.05
1316,0.7237499999999999,0.05
1317,0.85375,0.05
1318,1.185,0.05
1319,1.13625,0.05
1320,1.23875,0.05
1321,1.3325,0.05
1322,1.29125,0.05
1323,1.02875,0.05
1324,1.28,0.05
1325,0.37999999999999967,0.05
1326,1.2575,0.05
1327,1.18625,0.05
1328,-2.950000000000001,0.05
1329,0.1962499999999998,0.05
1330,1.2225000000000001,0.05
1331,0.6112499999999997,0.05
1332,0.7649999999999999,0.05
1333,1.1175000000000002,0.05
1334,1.1675,0.05
1335,1.09,0.05
1336,-0.3512499999999992,0.05
1337,1.17875,0.05
1338,-0.12124999999999964,0.05
1339,1.3575000000000002,0.05
1340,1.36125,0.05
1341,0.91125,0.05
1342,1.00875,0.05
1343,1.2550000000000001,0.05
1344,1.195,0.05
1345,0.86125,0.05
1346,1.2075,0.05
1347,0.905,0.05
1348,0.9400000000000001,0.05
1349,1.17875,0.05
1350,1.15625,0.05
1351,0.9450000000000001,0.05
1352,-0.06250000000000022,0.05
1353,0.9637500000000001,0.05
1354,0.7149999999999999,0.05
1355,1.0637500000000002,0.05
1356,0.1100000000000001,0.05
1357,0.93,0.05
1358,1.10125,0.05
1359,1.0975000000000001,0.05
1360,0.9600000000000001,0.05
1361,0.9900000000000001,0.05
1362,0.9475,0.05
1363,0.935,0.05
1364,0.84,0.05
1365,0.5974999999999998,0.05
1366,0.6749999999999998,0.05
1367,1.0,0.05
1368,0.8,0.05
1369,1.2,0.05
1370,1.13375,0.05
1371,0.3124999999999998,0.05
1372,0.99,0.05
1373,1.2175,0.05
1374,1.2575,0.05
1375,0.81875,0.05
1376,-3.0175000000000005,0.05
1377,1.0825,0.05
1378,1.15875,0.05
1379,1.1675,0.05
1380,0.95875,0.05
1381,1.12625,0.05
1382,0.5512499999999997,0.05
1383,0.98875,0.05
1384,0.7324999999999999,0.05
1385,1.1187500000000001,0.05
1386,-0.20999999999999952,0.05
1387,1.2275,0.05
1388,1.0987500000000001,0.05
1389,0.4249999999999998,0.05
1390,0.6887499999999999,0.05
1391,0.6649999999999998,0.05
1392,1.2475,0.05
1393,1.1900000000000002,0.05
1394,1.02625,0.05
1395,0.6387499999999998,0.05
1396,1.145,0.05
1397,1.20375,0.05
1398,0.6724999999999999,0.05
1399,0.87,0.05
1400,1.03375,0.05
1401,1.1675,0.05
1402,1.2550000000000001,0.05
1403,1.47625,0.05
1404,0.43374999999999964,0.05
1405,1.0575,0.05
1406,0.8312499999999999,0.05
1407,0.9137500000000001,0.05
1408,0.9825000000000002,0.05
1409,1.2475,0.05
1410,0.21999999999999997,0.05
1411,0.2687499999999998,0.05
1412,1.455,0.05
1413,1.1175000000000002,0.05
1414,-0.9425000000000001,0.05
1415,0.8675,0.05
1416,0.5987499999999998,0.05
1417,0.9650000000000001,0.05
1418,-0.4812499999999995,0.05
1419,1.0662500000000001,0.05
1420,0.11749999999999994,0.05
1421,1.23875,0.05
1422,1.095,0.05
1423,1.185,0.05
1424,0.33374999999999977,0.05
1425,-0.9662499999999998,0.05
1426,0.2912499999999998,0.05
1427,0.5999999999999998,0.05
1428,1.195,0.05
1429,0.84125,0.05
1430,0.20999999999999996,0.05
1431,0.7062499999999998,0.05
1432,1.4900000000000002,0.05
1433,0.7437499999999999,0.05
1434,0.895,0.05
1435,0.80625,0.05
1436,0.92,0.05
1437,0.40124999999999966,0.05
1438,0.83,0.05
1439,1.14125,0.05
1440,1.30375,0.05
1441,1.1,0.05
1442,1.20375,0.05
1443,1.0225,0.05
1444,0.935,0.05
1445,-1.3962500000000013,0.05
1446,0.8912500000000001,0.05
1447,0.46499999999999964,0.05
1448,1.2737500000000002,0.05
1449,0.4787499999999997,0.05
1450,0.10499999999999998,0.05
1451,1.01875,0.05
1452,1.1475,0.05
1453,1.13375,0.05
1454,1.4525000000000001,0.05
1455,0.4724999999999997,0.05
1456,1.06125,0.05
1457,0.9525000000000001,0.05
1458,0.6900000000000002,0.05
1459,0.765,0.05
1460,1.1500000000000001,0.05
1461,1.2725,0.05
1462,0.9962500000000001,0.05
1463,1.03875,0.05
1464,0.915,0.05
1465,0.93,0.05
1466,0.875,0.05
1467,-0.06749999999999967,0.05
1468,0.8975000000000001,0.05
1469,0.3124999999999998,0.05
1470,0.7675,0.05
1471,1.43625,0.05
1472,1.0225,0.05
1473,0.6149999999999999,0.05
1474,0.9287500000000001,0.05
1475,0.94625,0.05
1476,0.6487499999999999,0.05
1477,0.84,0.05
1478,1.135,0.05
1479,1.44375,0.05
1480,1.1675,0.05
1481,0.7512499999999999,0.05
1482,1.3687500000000001,0.05
1483,0.73125,0.05
1484,0.32999999999999985,0.05
1485,0.9537500000000001,0.05
1486,1.08125,0.05
1487,0.8775000000000001,0.05
1488,1.27,0.05
1489,0.21875000000000022,0.05
1490,1.1475,0.05
1491,1.2825000000000002,0.05
1492,-0.1387499999999997,0.05
1493,0.3537499999999998,0.05
1494,1.2075,0.05
1495,0.9850000000000001,0.05
1496,1.1375000000000002,0.05
1497,1.28375,0.05
1498,1.21625,0.05
1499,0.8099999999999999,0.05
1500,0.9475,0.05
1501,1.02,0.05
1502,-0.20874999999999955,0.05
1503,1.145,0.05
1504,0.9837500000000001,0.05
1505,1.0,0.05
1506,-0.006249999999999867,0.05
1507,-0.6287499999999995,0.05
1508,1.06,0.05
1509,1.1625,0.05
1510,1.1875,0.05
1511,1.0437500000000002,0.05
1512,1.0012500000000002,0.05
1513,1.105,0.05
1514,0.6174999999999998,0.05
1515,1.105,0.05
1516,0.15500000000000003,0.05
1517,1.2550000000000001,0.05
1518,-2.806250000000001,0.05
1519,-0.07874999999999988,0.05
1520,1.1,0.05
1521,1.1175000000000002,0.05
1522,0.7625,0.05
1523,1.07875,0.05
1524,0.32499999999999996,0.05
1525,0.04500000000000015,0.05
1526,1.105,0.05
1527,-0.14874999999999972,0.05
1528,1.07625,0.05
1529,1.1262500000000002,0.05
1530,0.8425,0.05
1531,1.20375,0.05
1532,-0.10249999999999981,0.05
1533,0.8962500000000001,0.05
1534,0.15999999999999992,0.05
1535,0.4574999999999997,0.05
1536,0.9475000000000001,0.05
1537,1.08125,0.05
1538,0.78125,0.05
1539,0.9287500000000001,0.05
1540,1.1475,0.05
1541,1.1525,0.05
1542,1.12375,0.05
1543,1.00625,0.05
1544,1.24625,0.05
1545,1.0250000000000001,0.05
1546,0.81875,0.05
1547,0.3887500000000004,0.05
1548,0.9775,0.05
1549,0.5149999999999998,0.05
1550,-0.41499999999999937,0.05
1551,1.1725,0.05
1552,0.9975,0.05
1553,-2.843750000000001,0.05
1554,-0.21874999999999956,0.05
1555,0.8625000000000002,0.05
1556,1.5362500000000001,0.05
1557,0.4824999999999997,0.05
1558,-0.34874999999999945,0.05
1559,1.0825,0.05
1560,1.39625,0.05
1561,-2.8062499999999995,0.05
1562,0.46999999999999964,0.05
1563,1.13375,0.05
1564,1.13625,0.05
1565,1.2112500000000002,0.05
1566,0.9100000000000001,0.05
1567,1.15625,0.05
1568,0.8225,0.05
1569,0.85125,0.05
1570,0.6249999999999998,0.05
1571,0.5337499999999997,0.05
1572,0.9725000000000001,0.05
1573,-0.93625,0.05
1574,-0.0974999999999997,0.05
1575,1.07875,0.05
1576,0.7762499999999999,0.05
1577,0.96125,0.05
1578,0.91,0.05
1579,1.11,0.05
1580,1.4400000000000002,0.05
1581,0.9700000000000001,0.05
1582,1.38625,0.05
1583,1.0562500000000001,0.05
1584,1.045,0.05
1585,0.6662499999999998,0.05
1586,-2.900000000000001,0.05
1587,1.3125,0.05
1588,1.33125,0.05
1589,1.17,0.05
1590,1.0125000000000002,0.05
1591,1.06125,0.05
1592,1.2575,0.05
1593,1.00625,0.05
1594,1.07375,0.05
1595,1.20375,0.05
1596,0.6762499999999999,0.05
1597,1.1175000000000002,0.05
1598,1.1175000000000002,0.05
1599,1.01625,0.05
1600,1.0625,0.05
1601,1.11125,0.05
1602,1.3125,0.05
1603,1.22625,0.05
1604,0.91625,0.05
1605,0.905,0.05
1606,-0.9950000000000008,0.05
1607,1.03875,0.05
1608,1.115,0.05
1609,0.4712499999999997,0.05
1610,0.6349999999999998,0.05
1611,-0.5312499999999993,0.05
1612,1.115,0.05
1613,0.92,0.05
1614,0.86,0.05
1615,0.9525000000000001,0.05
1616,0.765,0.05
1617,-2.861250000000001,0.05
1618,0.83875,0.05
1619,-0.0662499999999997,0.05
1620,1.3825,0.05
1621,-0.6499999999999997,0.05
1622,0.93,0.05
1623,0.9537500000000001,0.05
1624,1.215,0.05
1625,0.8925000000000001,0.05
1626,0.5325000000000001,0.05
1627,0.9600000000000001,0.05
1628,-0.8387499999999999,0.05
1629,1.1675,0.05
1630,0.675,0.05
1631,-0.4137499999999994,0.05
1632,-0.062499999999999556,0.05
1633,1.02125,0.05
1634,1.18875,0.05
1635,0.5712499999999997,0.05
1636,1.35,0.05
1637,0.7499999999999999,0.05
1638,0.7337499999999999,0.05
1639,0.2687499999999998,0.05
1640,1.1175000000000002,0.05
1641,1.28875,0.05
1642,1.0425,0.05
1643,0.9237500000000001,0.05
1644,-0.12624999999999953,0.05
1645,1.27125,0.05
1646,0.55125,0.05
1647,0.9837500000000001,0.05
1648,0.78625,0.05
1649,1.2200000000000002,0.05
1650,1.0637500000000002,0.05
1651,1.0,0.05
1652,1.24625,0.05
1653,1.22125,0.05
1654,0.8912500000000001,0.05
1655,1.1300000000000001,0.05
1656,1.3800000000000001,0.05
1657,1.1075,0.05
1658,1.13125,0.05
1659,1.33,0.05
1660,1.0250000000000001,0.05
1661,-2.867500000000001,0.05
1662,-0.044999999999999485,0.05
1663,0.9750000000000001,0.05
1664,1.03,0.05
1665,1.2862500000000001,0.05
1666,0.9637500000000001,0.05
1667,0.5599999999999998,0.05
1668,0.3149999999999997,0.05
1669,1.0212500000000002,0.05
1670,0.05125000000000002,0.05
1671,0.7074999999999999,0.05
1672,0.1937500000000001,0.05
1673,1.2425000000000002,0.05
1674,0.8350000000000001,0.05
1675,1.15375,0.05
1676,0.6862499999999998,0.05
1677,1.095,0.05
1678,1.51375,0.05
1679,-0.10624999999999907,0.05
1680,1.1300000000000001,0.05
1681,1.12125,0.05
1682,0.8325,0.05
1683,1.10125,0.05
1684,-0.03874999999999984,0.05
1685,1.1,0.05
1686,0.6599999999999999,0.05
1687,1.38125,0.05
1688,1.30875,0.05
1689,1.555,0.05
1690,1.13125,0.05
1691,1.03125,0.05
1692,-0.07374999999999976,0.05
1693,0.8325,0.05
1694,-3.1975000000000007,0.05
1695,0.39624999999999977,0.05
1696,0.9700000000000001,0.05
1697,1.2975,0.05
1698,1.02125,0.05
1699,1.35,0.05
1700,0.9637500000000001,0.05
1701,1.32125,0.05
1702,0.9287500000000001,0.05
1703,1.145,0.05
1704,0.31625000000000036,0.05
1705,-0.22624999999999962,0.05
1706,1.2175,0.05
1707,0.48250000000000026,0.05
1708,1.375,0.05
1709,-2.837500000000001,0.05
1710,0.23124999999999996,0.05
1711,1.0987500000000001,0.05
1712,0.9550000000000001,0.05
1713,0.855,0.05
1714,1.24125,0.05
1715,1.23125,0.05
1716,1.1,0.05
1717,0.4087499999999997,0.05
1718,0.99,0.05
1719,1.1375000000000002,0.05
1720,0.91625,0.05
1721,-2.912500000000001,0.05
1722,1.17,0.05
1723,1.26,0.05
1724,1.04,0.05
1725,-2.8437500000000004,0.05
1726,0.6887499999999999,0.05
1727,0.935,0.05
1728,1.195,0.05
1729,1.0250000000000001,0.05
1730,1.36625,0.05
1731,1.5037500000000001,0.05
1732,1.02125,0.05
1733,0.96125,0.05
1734,0.5349999999999997,0.05
1735,0.875,0.05
1736,1.18625,0.05
1737,0.6024999999999998,0.05
1738,1.0437500000000002,0.05
1739,1.06,0.05
1740,0.9900000000000001,0.05
1741,1.02125,0.05
1742,0.94625,0.05
1743,1.185,0.05
1744,0.08500000000000063,0.05
1745,1.32125,0.05
1746,0.4887499999999998,0.05
1747,1.0637500000000002,0.05
1748,-2.7937500000000006,0.05
1749,1.06875,0.05
1750,0.6537499999999998,0.05
1751,1.11625,0.05
1752,1.435,0.05
1753,0.9500000000000001,0.05
1754,-2.7187500000000004,0.05
1755,-0.06999999999999984,0.05
1756,1.42875,0.05
1757,0.6249999999999998,0.05
1758,1.0350000000000001,0.05
1759,1.03875,0.05
1760,1.1075,0.05
1761,0.88,0.05
1762,1.2437500000000001,0.05
1763,1.0550000000000002,0.05
1764,0.4612499999999996,0.05
1765,1.125,0.05
1766,1.01,0.05
1767,0.925,0.05
1768,0.92,0.05
1769,0.82,0.05
1770,0.9725,0.05
1771,1.0175,0.05
1772,0.4512499999999997,0.05
1773,0.9975,0.05
1774,1.045,0.05
1775,1.5225000000000002,0.05
1776,-0.2899999999999998,0.05
1777,1.0025,0.05
1778,1.23875,0.05
1779,0.8900000000000001,0.05
1780,0.725,0.05
1781,0.82375,0.05
1782,0.6599999999999998,0.05
1783,1.0012500000000002,0.05
1784,1.125,0.05
1785,0.9800000000000001,0.05
1786,1.2625000000000002,0.05
1787,1.225,0.05
1788,1.1687500000000002,0.05
1789,0.9500000000000001,0.05
1790,0.9650000000000001,0.05
1791,1.11,0.05
1792,0.5787500000000002,0.05
1793,1.07625,0.05
1794,1.44375,0.05
1795,-2.862500000000001,0.05
1796,0.27125,0.05
1797,1.1800000000000002,0.05
1798,1.27625,0.05
1799,0.9712500000000001,0.05
1800,-0.08624999999999994,0.05
1801,0.6599999999999999,0.05
1802,0.3137500000000004,0.05
1803,1.50875,0.05
1804,1.22625,0.05
1805,1.18625,0.05
1806,1.295,0.05
1807,1.07125,0.05
1808,1.3050000000000002,0.05
1809,0.91625,0.05
1810,1.24,0.05
1811,0.5262499999999997,0.05
1812,1.0562500000000001,0.05
1813,1.0750000000000002,0.05
1814,0.86,0.05
1815,1.1912500000000001,0.05
1816,1.18625,0.05
1817,1.11625,0.05
1818,0.935,0.05
1819,1.2862500000000001,0.05
1820,1.2087500000000002,0.05
1821,1.5274999999999999,0.05
1822,-2.7375000000000007,0.05
1823,0.47499999999999976,0.05
1824,0.04375000000000018,0.05
1825,1.06,0.05
1826,1.15375,0.05
1827,-0.1999999999999993,0.05
1828,0.88,0.05
1829,0.8375,0.05
1830,1.00875,0.05
1831,1.31375,0.05
1832,1.22125,0.05
1833,1.0437500000000002,0.05
1834,0.93,0.05
1835,1.33125,0.05
1836,1.1625,0.05
1837,1.09,0.05
1838,1.08875,0.05
1839,1.4300000000000002,0.05
1840,-0.8212499999999998,0.05
1841,1.28375,0.05
1842,0.7137499999999999,0.05
1843,1.13125,0.05
1844,-0.48249999999999926,0.05
1845,1.3687500000000001,0.05
1846,1.0437500000000002,0.05
1847,1.1287500000000001,0.05
1848,0.2400000000000002,0.05
1849,1.2650000000000001,0.05
1850,1.21,0.05
1851,0.6749999999999998,0.05
1852,1.3900000000000001,0.05
1853,1.2175,0.05
1854,0.9900000000000001,0.05
1855,1.0025,0.05
1856,0.23249999999999993,0.05
1857,0.73125,0.05
1858,0.32499999999999996,0.05
1859,0.3274999999999999,0.05
1860,1.29125,0.05
1861,0.6912499999999998,0.05
1862,1.1687500000000002,0.05
1863,1.17375,0.05
1864,1.3250000000000002,0.05
1865,1.0137500000000002,0.05
1866,1.0725,0.05
1867,1.29875,0.05
1868,1.43625,0.05
1869,1.1525,0.05
1870,0.915,0.05
1871,1.05125,0.05
1872,-0.8062500000000001,0.05
1873,0.9712500000000001,0.05
1874,0.8500000000000001,0.05
1875,0.6587499999999998,0.05
1876,1.02625,0.05
1877,-2.998750000000001,0.05
1878,1.2225000000000001,0.05
1879,0.9825000000000002,0.05
1880,0.8912500000000001,0.05
1881,1.0425,0.05
1882,0.79375,0.05
1883,0.9900000000000001,0.05
1884,1.4675,0.05
1885,0.24624999999999986,0.05
1886,0.7124999999999999,0.05
1887,-0.22124999999999928,0.05
1888,0.42749999999999977,0.05
1889,1.15375,0.05
1890,0.21999999999999997,0.05
1891,1.0250000000000001,0.05
1892,0.7875,0.05
1893,0.6599999999999999,0.05
1894,0.8925000000000001,0.05
1895,1.2537500000000001,0.05
1896,0.96125,0.05
1897,1.0637500000000002,0.05
1898,0.88,0.05
1899,0.8200000000000001,0.05
1900,1.0625,0.05
1901,0.9687500000000001,0.05
1902,0.9900000000000001,0.05
1903,0.875,0.05
1904,0.895,0.05
1905,1.1175000000000002,0.05
1906,1.02,0.05
1907,1.0625,0.05
1908,1.0425,0.05
1909,1.15375,0.05
1910,1.2025000000000001,0.05
1911,0.9700000000000001,0.05
1912,0.4162499999999998,0.05
1913,1.2125000000000001,0.05
1914,0.6237499999999998,0.05
1915,0.7024999999999999,0.05
1916,1.1712500000000001,0.05
1917,0.90625,0.05
1918,1.0137500000000002,0.05
1919,0.9875,0.05
1920,1.01875,0.05
1921,1.37625,0.05
1922,1.0750000000000002,0.05
1923,-2.7937500000000006,0.05
1924,1.25875,0.05
1925,-0.5687499999999994,0.05
1926,1.5,0.05
1927,0.19374999999999987,0.05
1928,0.5849999999999999,0.05
1929,1.1175000000000002,0.05
1930,0.80625,0.05
1931,1.1525,0.05
1932,1.24125,0.05
1933,1.01125,0.05
1934,1.2937500000000002,0.05
1935,0.6037499999999999,0.05
1936,0.88,0.05
1937,1.5362500000000001,0.05
1938,1.2237500000000001,0.05
1939,0.7625,0.05
1940,1.205,0.05
1941,0.6062499999999998,0.05
1942,0.88,0.05
1943,1.15375,0.05
1944,1.0025,0.05
1945,0.935,0.05
1946,1.0975000000000001,0.05
1947,0.89375,0.05
1948,1.23,0.05
1949,0.9525000000000001,0.05
1950,1.0475,0.05
1951,0.5437499999999997,0.05
1952,0.84125,0.05
1953,0.98875,0.05
1954,1.3325,0.05
1955,1.03,0.05
1956,0.8575,0.05
1957,1.2175,0.05
1958,1.245,0.05
1959,0.23499999999999988,0.05
1960,1.33125,0.05
1961,1.50875,0.05
1962,0.9425,0.05
1963,1.0575,0.05
1964,0.41749999999999976,0.05
1965,1.2200000000000002,0.05
1966,0.95625,0.05
1967,0.7649999999999999,0.05
1968,1.1600000000000001,0.05
1969,0.5849999999999997,0.05
1970,0.7412499999999999,0.05
1971,0.9412500000000001,0.05
1972,0.9337500000000001,0.05
1973,-0.6299999999999994,0.05
1974,1.1125,0.05
1975,1.0525000000000002,0.05
1976,0.9712500000000001,0.05
1977,0.715,0.05
1978,0.7599999999999999,0.05
1979,0.99,0.05
1980,0.6524999999999999,0.05
1981,0.925,0.05
1982,0.6887499999999999,0.05
1983,1.25875,0.05
1984,1.25875,0.05
1985,1.33,0.05
1986,1.48625,0.05
1987,1.30375,0.05
1988,1.175,0.05
1989,1.48625,0.05
1990,0.6499999999999998,0.05
1991,1.27625,0.05
1992,1.2637500000000002,0.05
1993,1.41375,0.05
1994,0.9025000000000001,0.05
1995,1.445,0.05
1996,1.0250000000000001,0.05
1997,1.47125,0.05
1998,1.03125,0.05
1999,1.405,0.05
2000,0.7499999999999999,0.05
2001,1.335,0.05
2002,1.2075,0.05
2003,0.4712499999999996,0.05
2004,1.1487500000000002,0.05
2005,0.9800000000000001,0.05
2006,0.7637499999999999,0.05
2007,1.0762500000000002,0.05
2008,1.21,0.05
2009,0.86875,0.05
2010,1.17875,0.05
2011,0.8675,0.05
2012,1.1600000000000001,0.05
2013,1.0212500000000002,0.05
2014,1.1125,0.05
2015,1.235,0.05
2016,1.145,0.05
2017,1.5037500000000001,0.05
2018,1.4400000000000002,0.05
2019,1.4775,0.05
2020,0.7774999999999999,0.05
2021,1.13125,0.05
2022,1.2650000000000001,0.05
2023,1.15875,0.05
2024,1.135,0.05
2025,1.3362500000000002,0.05
2026,0.96625,0.05
2027,0.8425,0.05
2028,0.2487499999999998,0.05
2029,0.46374999999999966,0.05
2030,0.4637499999999998,0.05
2031,0.3174999999999999,0.05
2032,1.2637500000000002,0.05
2033,1.33,0.05
2034,0.3312499999999998,0.05
2035,0.8562500000000001,0.05
2036,0.5649999999999997,0.05
2037,1.1125,0.05
2038,1.0237500000000002,0.05
2039,0.9112500000000001,0.05
2040,1.185,0.05
2041,1.2425000000000002,0.05
2042,1.03875,0.05
2043,0.7875,0.05
2044,1.13625,0.05
2045,0.87375,0.05
2046,1.1187500000000001,0.05
2047,1.3625,0.05
2048,1.09375,0.05
2049,-3.051250000000001,0.05
2050,1.2862500000000001,0.05
2051,0.9337500000000001,0.05
2052,1.35,0.05
2053,-0.3499999999999994,0.05
2054,1.2337500000000001,0.05
2055,1.14375,0.05
2056,1.28375,0.05
2057,1.31375,0.05
2058,0.7749999999999999,0.05
2059,0.0050000000000001155,0.05
2060,1.1125,0.05
2061,1.4900000000000002,0.05
2062,1.0625,0.05
2063,0.825,0.05
2064,0.6387499999999998,0.05
2065,1.20875,0.05
2066,0.3374999999999999,0.05
2067,0.6762499999999999,0.05
2068,1.1887500000000002,0.05
2069,1.0550000000000002,0.05
2070,0.9387500000000001,0.05
2071,0.9850000000000001,0.05
2072,0.8750000000000001,0.05
2073,1.3775000000000002,0.05
2074,0.735,0.05
2075,0.13375000000000004,0.05
2076,1.3462500000000002,0.05
2077,0.7074999999999999,0.05
2078,0.6962499999999999,0.05
2079,0.9525,0.05
2080,1.01,0.05
2081,1.18625,0.05
2082,1.0350000000000001,0.05
2083,-2.7787500000000005,0.05
2084,0.86125,0.05
2085,1.4412500000000001,0.05
2086,0.9900000000000001,0.05
2087,1.2537500000000001,0.05
2088,1.2225000000000001,0.05
2089,1.36375,0.05
2090,1.19375,0.05
2091,1.24125,0.05
2092,0.91,0.05
2093,0.6387499999999998,0.05
2094,0.91625,0.05
2095,0.7825,0.05
2096,1.24625,0.05
2097,0.23249999999999993,0.05
2098,0.86125,0.05
2099,1.0050000000000001,0.05
2100,1.1,0.05
2101,1.0050000000000001,0.05
2102,1.1187500000000001,0.05
2103,1.31875,0.05
2104,0.91125,0.05
2105,0.8375,0.05
2106,1.5137500000000002,0.05
2107,1.435,0.05
2108,1.095,0.05
2109,1.2225000000000001,0.05
2110,1.1912500000000001,0.05
2111,0.48999999999999966,0.05
2112,1.07875,0.05
2113,1.50875,0.05
2114,0.21875,0.05
2115,1.07875,0.05
2116,0.9712500000000001,0.05
2117,1.0375,0.05
2118,1.2962500000000001,0.05
2119,0.875,0.05
2120,1.3362500000000002,0.05
2121,1.37,0.05
2122,0.5837499999999998,0.05
2123,1.3887500000000002,0.05
2124,1.475,0.05
2125,1.1687500000000002,0.05
2126,1.1,0.05
2127,1.085,0.05
2128,1.21625,0.05
2129,1.485,0.05
2130,0.8612500000000001,0.05
2131,1.2575,0.05
2132,1.29125,0.05
2133,1.18125,0.05
2134,0.97875,0.05
2135,0.97875,0.05
2136,1.2200000000000002,0.05
2137,1.0325000000000002,0.05
2138,1.22625,0.05
2139,1.43875,0.05
2140,0.7675,0.05
2141,0.3287499999999999,0.05
2142,0.9275000000000001,0.05
2143,0.33499999999999974,0.05
2144,0.705,0.05
2145,0.87375,0.05
2146,0.5237500000000003,0.05
2147,0.8725,0.05
2148,1.3,0.05
2149,0.9875,0.05
2150,0.5749999999999998,0.05
2151,1.07625,0.05
2152,1.0050000000000001,0.05
2153,1.0987500000000001,0.05
2154,0.9925000000000002,0.05
2155,1.02,0.05
2156,1.03125,0.05
2157,1.2862500000000001,0.05
2158,1.25875,0.05
2159,0.83,0.05
2160,0.765,0.05
2161,1.0925,0.05
2162,0.99,0.05
2163,1.27625,0.05
2164,1.29,0.05
2165,1.25625,0.05
2166,0.84875,0.05
2167,0.9125000000000001,0.05
2168,1.1725,0.05
2169,1.34625,0.05
2170,1.1712500000000001,0.05
2171,-2.837500000000001,0.05
2172,1.06,0.05
2173,0.7687499999999999,0.05
2174,1.1487500000000002,0.05
2175,0.7525,0.05
2176,1.0437500000000002,0.05
2177,1.1712500000000001,0.05
2178,0.19374999999999987,0.05
2179,0.79875,0.05
2180,1.0562500000000001,0.05
2181,1.25875,0.05
2182,-0.6249999999999998,0.05
2183,1.0025,0.05
2184,0.6912499999999999,0.05
2185,1.245,0.05
2186,1.04,0.05
2187,0.57,0.05
2188,0.69,0.05
2189,0.9712500000000001,0.05
2190,1.2725,0.05
2191,0.9287500000000001,0.05
2192,1.43875,0.05
2193,0.2749999999999999,0.05
2194,1.26375,0.05
2195,0.3124999999999998,0.05
2196,1.0625,0.05
2197,0.6362499999999999,0.05
2198,0.6412499999999998,0.05
2199,1.05,0.05
2200,1.3175000000000001,0.05
2201,1.22625,0.05
2202,1.05875,0.05
2203,1.36,0.05
2204,1.25,0.05
2205,0.9762500000000001,0.05
2206,0.7549999999999999,0.05
2207,1.145,0.05
2208,0.7312500000000001,0.05
2209,1.2975,0.05
2210,1.2025000000000001,0.05
2211,0.8900000000000001,0.05
2212,1.08,0.05
2213,0.755,0.05
2214,1.03875,0.05
2215,1.3125,0.05
2216,1.1175000000000002,0.05
2217,1.5037500000000001,0.05
2218,1.1725,0.05
2219,0.9287500000000001,0.05
2220,0.9712500000000002,0.05
2221,1.0050000000000001,0.05
2222,0.7937500000000001,0.05
2223,1.2175,0.05
2224,1.2025000000000001,0.05
2225,1.31375,0.05
2226,1.0225,0.05
2227,0.9975,0.05
2228,1.4325,0.05
2229,0.80125,0.05
2230,1.3075,0.05
2231,1.0625,0.05
2232,1.09375,0.05
2233,0.96625,0.05
2234,-0.35499999999999954,0.05
2235,0.71,0.05
2236,0.9,0.05
2237,1.34125,0.05
2238,0.2649999999999999,0.05
2239,1.05,0.05
2240,1.0425,0.05
2241,0.8425,0.05
2242,0.3899999999999997,0.05
2243,1.1,0.05
2244,1.0550000000000002,0.05
2245,1.1,0.05
2246,0.4574999999999997,0.05
2247,1.45375,0.05
2248,1.22625,0.05
2249,1.1187500000000001,0.05
2250,1.1400000000000001,0.05
2251,1.1487500000000002,0.05
2252,0.5199999999999998,0.05
2253,1.37625,0.05
2254,-0.2787499999999994,0.05
2255,0.7049999999999998,0.05
2256,0.8875,0.05
2257,0.86125,0.05
2258,0.9025000000000001,0.05
2259,1.085,0.05
2260,1.25875,0.05
2261,0.4099999999999997,0.05
2262,1.3025,0.05
2263,1.0375,0.05
2264,1.23875,0.05
2265,1.2,0.05
2266,1.155,0.05
2267,0.67875,0.05
2268,1.32875,0.05
2269,1.01875,0.05
2270,0.8925000000000001,0.05
2271,1.1675,0.05
2272,0.91625,0.05
2273,0.5312499999999997,0.05
2274,1.1025,0.05
2275,1.085,0.05
2276,0.91,0.05
2277,1.0625,0.05
2278,0.7487499999999999,0.05
2279,0.87875,0.05
2280,0.9500000000000001,0.05
2281,1.0762500000000002,0.05
2282,1.2525,0.05
2283,1.17,0.05
2284,1.4125,0.05
2285,1.0012500000000002,0.05
2286,1.13125,0.05
2287,1.0625,0.05
2288,1.18125,0.05
2289,0.6199999999999998,0.05
2290,1.0525,0.05
2291,1.08875,0.05
2292,1.36375,0.05
2293,1.2075,0.05
2294,1.25875,0.05
2295,1.375,0.05
2296,0.6787499999999999,0.05
2297,1.01625,0.05
2298,1.0212500000000002,0.05
2299,0.9837500000000001,0.05
2300,1.0375,0.05
2301,1.1375000000000002,0.05
2302,0.5249999999999997,0.05
2303,1.0575,0.05
2304,0.82375,0.05
2305,1.0025,0.05
2306,0.7187499999999999,0.05
2307,0.84125,0.05
2308,0.85375,0.05
2309,0.7099999999999999,0.05
2310,0.5499999999999997,0.05
2311,0.9425000000000001,0.05
2312,0.8925000000000001,0.05
2313,0.825,0.05
2314,1.27875,0.05
2315,0.8900000000000001,0.05
2316,0.7737499999999999,0.05
2317,0.8212499999999999,0.05
2318,1.3275000000000001,0.05
2319,0.7550000000000002,0.05
2320,1.03375,0.05
2321,-0.06499999999999972,0.05
2322,1.13625,0.05
2323,0.9525000000000001,0.05
2324,0.88,0.05
2325,1.26625,0.05
2326,1.08125,0.05
2327,1.0762500000000002,0.05
2328,-2.787500000000001,0.05
2329,1.31375,0.05
2330,0.845,0.05
2331,0.98875,0.05
2332,0.98875,0.05
2333,0.6337499999999998,0.05
2334,0.98875,0.05
2335,1.2225000000000001,0.05
2336,1.0625,0.05
2337,1.48625,0.05
2338,1.2962500000000001,0.05
2339,0.6887499999999999,0.05
2340,0.7324999999999999,0.05
2341,0.8675,0.05
2342,0.88,0.05
2343,1.21625,0.05
2344,1.0050000000000001,0.05
2345,0.8900000000000001,0.05
2346,0.725,0.05
2347,1.245,0.05
2348,0.9837500000000001,0.05
2349,0.9825000000000002,0.05
2350,0.7074999999999998,0.05
2351,1.135,0.05
2352,1.24125,0.05
2353,1.18625,0.05
2354,1.08125,0.05
2355,0.6774999999999999,0.05
2356,1.20375,0.05
2357,0.8750000000000001,0.05
2358,0.8562500000000001,0.05
2359,0.80375,0.05
2360,1.29125,0.05
2361,1.04125,0.05
2362,0.82,0.05
2363,1.165,0.05
2364,1.2175,0.05
2365,1.1125,0.05
2366,1.1,0.05
2367,1.3675000000000002,0.05
2368,0.9287500000000001,0.05
2369,1.2400000000000002,0.05
2370,0.825,0.05
2371,0.5262499999999997,0.05
2372,1.0825,0.05
2373,0.8562500000000001,0.05
2374,0.88,0.05
2375,1.3587500000000001,0.05
2376,1.3987500000000002,0.05
2377,0.8425,0.05
2378,0.96625,0.05
2379,0.88375,0.05
2380,0.8962500000000001,0.05
2381,1.0037500000000001,0.05
2382,1.0875000000000001,0.05
2383,1.1175000000000002,0.05
2384,0.5612499999999999,0.05
2385,1.0862500000000002,0.05
2386,1.2962500000000001,0.05
2387,1.2275,0.05
2388,0.6537499999999999,0.05
2389,0.6649999999999998,0.05
2390,1.1287500000000001,0.05
2391,0.92,0.05
2392,1.10125,0.05
2393,0.98875,0.05
2394,1.475,0.05
2395,1.11625,0.05
2396,1.3462500000000002,0.05
2397,0.94625,0.05
2398,1.1287500000000001,0.05
2399,1.2775,0.05
2400,0.88,0.05
2401,1.2750000000000001,0.05
2402,0.8250000000000001,0.05
2403,1.3050000000000002,0.05
2404,0.6012499999999997,0.05
2405,1.3,0.05
2406,1.0462500000000001,0.05
2407,1.12625,0.05
2408,1.02125,0.05
2409,1.0575,0.05
2410,1.0625,0.05
2411,1.135,0.05
2412,1.335,0.05
2413,1.0925,0.05
2414,0.93,0.05
2415,-0.15999999999999948,0.05
2416,1.04,0.05
2417,1.1500000000000001,0.05
2418,1.2725,0.05
2419,0.2999999999999998,0.05
2420,0.9500000000000001,0.05
2421,1.13375,0.05
2422,1.0562500000000001,0.05
2423,1.11375,0.05
2424,1.29,0.05
2425,0.3287499999999999,0.05
2426,0.6762499999999999,0.05
2427,1.25875,0.05
2428,0.6912499999999999,0.05
2429,0.3899999999999997,0.05
2430,1.09,0.05
2431,0.5299999999999999,0.05
2432,0.98875,0.05
2433,0.85625,0.05
2434,0.9087500000000001,0.05
2435,1.1712500000000001,0.05
2436,1.13125,0.05
2437,0.9425000000000001,0.05
2438,0.84875,0.05
2439,0.1962499999999998,0.05
2440,1.065,0.05
2441,0.98,0.05
2442,1.0450000000000002,0.05
2443,0.7024999999999999,0.05
2444,1.13125,0.05
2445,1.235,0.05
2446,1.205,0.05
2447,1.205,0.05
2448,1.0925,0.05
2449,1.07125,0.05
2450,1.4075,0.05
2451,0.5487499999999998,0.05
2452,1.07875,0.05
2453,1.1300000000000001,0.05
2454,0.9850000000000001,0.05
2455,1.11875,0.05
2456,1.245,0.05
2457,1.37625,0.05
2458,0.7949999999999999,0.05
2459,1.0562500000000001,0.05
2460,0.78625,0.05
2461,0.5949999999999998,0.05
2462,0.9712500000000001,0.05
2463,1.1725,0.05
2464,0.8012500000000001,0.05
2465,1.06125,0.05
2466,1.13625,0.05
2467,1.1525,0.05
2468,0.26749999999999985,0.05
2469,1.0975000000000001,0.05
2470,0.26374999999999993,0.05
2471,1.155,0.05
2472,1.1387500000000002,0.05
2473,1.2325000000000002,0.05
2474,1.38625,0.05
2475,0.9712500000000001,0.05
2476,1.4000000000000001,0.05
2477,0.7962499999999999,0.05
2478,0.8562500000000001,0.05
2479,1.0450000000000002,0.05
2480,1.22625,0.05
2481,1.07875,0.05
2482,0.83875,0.05
2483,0.5612499999999999,0.05
2484,0.5899999999999997,0.05
2485,1.0075,0.05
2486,1.0950000000000002,0.05
2487,0.99,0.05
2488,1.1912500000000001,0.05
2489,1.05375,0.05
2490,1.3250000000000002,0.05
2491,0.99,0.05
2492,1.08,0.05
2493,0.9037500000000002,0.05
2494,1.37125,0.05
2495,0.835,0.05
2496,0.9700000000000001,0.05
2497,0.9712500000000001,0.05
2498,0.9337500000000001,0.05
2499,0.8900000000000001,0.05
2500,0.8262499999999999,0.05
2501,0.9875,0.05
2502,0.9537500000000001,0.05
2503,0.88,0.05
2504,1.0025,0.05
2505,1.06,0.05
2506,1.1475,0.05
2507,1.0075,0.05
2508,0.42749999999999977,0.05
2509,1.13375,0.05
2510,0.82,0.05
2511,1.215,0.05
2512,1.34375,0.05
2513,0.7649999999999999,0.05
2514,1.13625,0.05
2515,1.0450000000000002,0.05
2516,1.18625,0.05
2517,0.9500000000000001,0.05
2518,0.9337500000000001,0.05
2519,1.13375,0.05
2520,1.0625,0.05
2521,0.9837500000000001,0.05
2522,1.08875,0.05
2523,1.1300000000000001,0.05
2524,1.09625,0.05
2525,0.9400000000000002,0.05
2526,1.12375,0.05
2527,1.12125,0.05
2528,1.02625,0.05
2529,1.33,0.05
2530,1.05125,0.05
2531,1.2175,0.05
2532,1.0987500000000001,0.05
2533,1.155,0.05
2534,0.9225,0.05
2535,1.1187500000000001,0.05
2536,1.3675000000000002,0.05
2537,1.29875,0.05
2538,1.23625,0.05
2539,1.06125,0.05
2540,1.1712500000000001,0.05
2541,1.03875,0.05
2542,1.08125,0.05
2543,0.5287499999999997,0.05
2544,0.4574999999999997,0.05
2545,0.91125,0.05
2546,1.0762500000000002,0.05
2547,1.15,0.05
2548,1.2225000000000001,0.05
2549,1.22125,0.05
2550,0.75,0.05
2551,1.1425,0.05
2552,1.105,0.05
2553,0.9025000000000001,0.05
2554,1.33125,0.05
2555,0.8099999999999999,0.05
2556,1.00875,0.05
2557,1.125,0.05
2558,0.5099999999999997,0.05
2559,0.6299999999999999,0.05
2560,0.5687499999999998,0.05
2561,1.01875,0.05
2562,1.2275,0.05
2563,0.8225,0.05
2564,1.18375,0.05
2565,1.2225000000000001,0.05
2566,0.9712500000000001,0.05
2567,1.28,0.05
2568,0.7324999999999999,0.05
2569,0.8912500000000001,0.05
2570,0.7637499999999999,0.05
2571,1.2537500000000001,0.05
2572,0.2124999999999999,0.05
2573,1.09375,0.05
2574,0.6762499999999999,0.05
2575,1.09375,0.05
2576,1.3725,0.05
2577,1.02,0.05
2578,0.8900000000000001,0.05
2579,1.3625,0.05
2580,1.1575,0.05
2581,0.88,0.05
2582,0.8925000000000001,0.05
2583,1.5225000000000002,0.05
2584,0.9850000000000001,0.05
2585,1.28125,0.05
2586,1.27625,0.05
2587,0.3774999999999997,0.05
2588,1.155,0.05
2589,1.2725,0.05
2590,1.2775,0.05
2591,0.7837500000000001,0.05
2592,1.1675,0.05
2593,-2.95,0.05
2594,1.1525,0.05
2595,0.9687500000000001,0.05
2596,1.15,0.05
2597,0.17999999999999994,0.05
2598,1.2175,0.05
2599,0.9700000000000001,0.05
2600,0.4974999999999997,0.05
2601,1.17875,0.05
2602,1.0525,0.05
2603,1.0250000000000001,0.05
2604,0.6999999999999998,0.05
2605,0.5199999999999997,0.05
2606,1.18375,0.05
2607,0.9650000000000001,0.05
2608,0.885,0.05
2609,1.20625,0.05
2610,0.9850000000000001,0.05
2611,0.8700000000000001,0.05
2612,1.0050000000000001,0.05
2613,1.185,0.05
2614,1.155,0.05
2615,1.1262500000000002,0.05
2616,0.635,0.05
2617,0.85375,0.05
2618,-2.85,0.05
2619,1.09375,0.05
2620,1.1575,0.05
2621,1.3450000000000002,0.05
2622,1.4075,0.05
2623,0.96625,0.05
2624,0.66625,0.05
2625,1.2937500000000002,0.05
2626,1.0437500000000002,0.05
2627,1.1487500000000002,0.05
2628,1.1062500000000002,0.05
2629,1.1475,0.05
2630,1.0075,0.05
2631,0.91,0.05
2632,0.5124999999999997,0.05
2633,1.1300000000000001,0.05
2634,1.1500000000000001,0.05
2635,0.35624999999999973,0.05
2636,0.7749999999999999,0.05
2637,1.17375,0.05
2638,1.24125,0.05
2639,0.24124999999999974,0.05
2640,0.5287499999999997,0.05
2641,0.96625,0.05
2642,0.8049999999999999,0.05
2643,1.4900000000000002,0.05
2644,1.2550000000000001,0.05
2645,1.3800000000000001,0.05
2646,1.1812500000000001,0.05
2647,1.22875,0.05
2648,0.9900000000000001,0.05
2649,0.9525000000000001,0.05
2650,1.0437500000000002,0.05
2651,1.1625,0.05
2652,0.8150000000000001,0.05
2653,1.32125,0.05
2654,-0.49749999999999917,0.05
2655,1.2325000000000002,0.05
2656,1.1800000000000002,0.05
2657,1.12625,0.05
2658,0.10000000000000009,0.05
2659,-2.8937500000000007,0.05
2660,1.16625,0.05
2661,0.83625,0.05
2662,1.1400000000000001,0.05
2663,-0.1599999999999997,0.05
2664,1.2975,0.05
2665,0.6937499999999999,0.05
2666,0.9825000000000002,0.05
2667,-0.04874999999999985,0.05
2668,1.2225000000000001,0.05
2669,1.13375,0.05
2670,1.0050000000000001,0.05
2671,1.185,0.05
2672,0.9825,0.05
2673,1.44375,0.05
2674,1.0562500000000001,0.05
2675,0.80375,0.05
2676,1.33,0.05
2677,0.05250000000000021,0.05
2678,0.7299999999999999,0.05
2679,1.09375,0.05
2680,1.1475,0.05
2681,1.3137500000000002,0.05
2682,0.8875000000000001,0.05
2683,0.7762499999999999,0.05
2684,1.18625,0.05
2685,0.9525000000000001,0.05
2686,-0.04125000000000001,0.05
2687,1.14625,0.05
2688,0.8625,0.05
2689,0.7299999999999999,0.05
2690,0.925,0.05
2691,1.0300000000000002,0.05
2692,1.24,0.05
2693,0.9700000000000001,0.05
2694,1.2225000000000001,0.05
2695,1.0875000000000001,0.05
2696,1.0625,0.05
2697,0.885,0.05
2698,1.0050000000000001,0.05
2699,1.03875,0.05
2700,1.08,0.05
2701,1.04,0.05
2702,1.1925000000000001,0.05
2703,1.155,0.05
2704,0.5849999999999999,0.05
2705,1.0550000000000002,0.05
2706,0.7149999999999999,0.05
2707,1.2537500000000001,0.05
2708,1.26625,0.05
2709,1.135,0.05
2710,1.2725000000000002,0.05
2711,1.0575,0.05
2712,1.3125,0.05
2713,0.85375,0.05
2714,0.34124999999999983,0.05
2715,0.25249999999999995,0.05
2716,1.04125,0.05
2717,1.17,0.05
2718,0.2699999999999998,0.05
2719,1.1125,0.05
2720,1.2525,0.05
2721,1.08125,0.05
2722,0.5287499999999997,0.05
2723,1.07625,0.05
2724,0.6474999999999999,0.05
2725,1.13375,0.05
2726,0.6387499999999998,0.05
2727,0.5924999999999997,0.05
2728,1.4225,0.05
2729,1.135,0.05
2730,1.105,0.05
2731,1.34125,0.05
2732,0.9325000000000001,0.05
2733,1.355,0.05
2734,0.9025000000000001,0.05
2735,0.9837500000000001,0.05
2736,0.9975,0.05
2737,0.7512500000000001,0.05
2738,1.00875,0.05
2739,0.78875,0.05
2740,1.1675,0.05
2741,1.16625,0.05
2742,0.8425,0.05
2743,1.105,0.05
2744,1.1075000000000002,0.05
2745,0.875,0.05
2746,0.84125,0.05
2747,0.935,0.05
2748,0.15874999999999995,0.05
2749,1.1725,0.05
2750,1.08125,0.05
2751,1.2775,0.05
2752,0.9862500000000001,0.05
2753,1.1125,0.05
2754,1.0237500000000002,0.05
2755,-3.0100000000000007,0.05
2756,1.08125,0.05
2757,0.96625,0.05
2758,1.13125,0.05
2759,1.04,0.05
2760,1.185,0.05
2761,1.2525,0.05
2762,0.925,0.05
2763,0.93,0.05
2764,1.225,0.05
2765,1.5362500000000001,0.05
2766,-0.24124999999999952,0.05
2767,1.0450000000000002,0.05
2768,1.40375,0.05
2769,1.27,0.05
2770,1.45875,0.05
2771,0.8912500000000001,0.05
2772,0.4874999999999997,0.05
2773,1.08875,0.05
2774,1.4175000000000002,0.05
2775,0.6599999999999999,0.05
2776,0.7399999999999999,0.05
2777,0.9825000000000002,0.05
2778,0.6349999999999998,0.05
2779,1.33125,0.05
2780,1.0025,0.05
2781,1.0750000000000002,0.05
2782,1.0750000000000002,0.05
2783,1.045,0.05
2784,1.2550000000000001,0.05
2785,0.14375000000000004,0.05
2786,-2.812500000000001,0.05
2787,1.23875,0.05
2788,0.915,0.05
2789,0.71,0.05
2790,1.05,0.05
2791,0.875,0.05
2792,1.17,0.05
2793,1.1525,0.05
2794,1.185,0.05
2795,-2.8125000000000004,0.05
2796,1.07875,0.05
2797,1.07375,0.05
2798,0.43374999999999964,0.05
2799,0.6975000000000001,0.05
2800,0.93,0.05
2801,1.2025000000000001,0.05
2802,0.8312499999999999,0.05
2803,1.15,0.05
2804,0.7749999999999999,0.05
2805,1.0250000000000001,0.05
2806,1.25875,0.05
2807,1.1525,0.05
2808,1.20375,0.05
2809,1.12625,0.05
2810,1.0437500000000002,0.05
2811,0.4887499999999998,0.05
2812,1.32875,0.05
2813,1.0975000000000001,0.05
2814,1.2775,0.05
2815,0.7675,0.05
2816,1.17375,0.05
2817,-0.6049999999999995,0.05
2818,1.25875,0.05
2819,0.84625,0.05
2820,1.2,0.05
2821,1.26,0.05
2822,1.31,0.05
2823,1.0475,0.05
2824,1.185,0.05
2825,1.15,0.05
2826,0.9550000000000001,0.05
2827,0.9400000000000001,0.05
2828,0.6949999999999998,0.05
2829,1.20875,0.05
2830,0.9600000000000001,0.05
2831,0.9837500000000001,0.05
2832,0.25624999999999987,0.05
2833,0.85625,0.05
2834,1.05,0.05
2835,0.9825000000000002,0.05
2836,1.385,0.05
2837,0.8425,0.05
2838,-0.4712499999999993,0.05
2839,1.485,0.05
2840,0.99,0.05
2841,0.6237499999999998,0.05
2842,0.87875,0.05
2843,1.2325000000000002,0.05
2844,0.6612499999999998,0.05
2845,0.7712500000000002,0.05
2846,1.1175000000000002,0.05
2847,1.17375,0.05
2848,1.1487500000000002,0.05
2849,0.87375,0.05
2850,0.92,0.05
2851,1.45875,0.05
2852,0.87875,0.05
2853,1.0637500000000002,0.05
2854,1.0475,0.05
2855,1.18375,0.05
2856,0.835,0.05
2857,0.885,0.05
2858,0.9875,0.05
2859,1.07,0.05
2860,0.9850000000000001,0.05
2861,0.2749999999999999,0.05
2862,1.25875,0.05
2863,1.06125,0.05
2864,-0.38249999999999984,0.05
2865,0.91625,0.05
2866,1.125,0.05
2867,0.9850000000000001,0.05
2868,1.4800000000000002,0.05
2869,1.1187500000000001,0.05
2870,1.23625,0.05
2871,0.9100000000000001,0.05
2872,1.33,0.05
2873,1.22625,0.05
2874,0.6912499999999999,0.05
2875,1.0575,0.05
2876,1.20625,0.05
2877,1.31875,0.05
2878,1.2775,0.05
2879,1.1900000000000002,0.05
2880,0.9875,0.05
2881,0.7712499999999999,0.05
2882,0.9550000000000001,0.05
2883,0.875,0.05
2884,1.145,0.05
2885,0.97,0.05
2886,1.135,0.05
2887,1.07625,0.05
2888,0.7025,0.05
2889,1.1725,0.05
2890,1.0250000000000001,0.05
2891,1.07125,0.05
2892,1.3175000000000001,0.05
2893,1.0137500000000002,0.05
2894,1.0675,0.05
2895,0.98875,0.05
2896,0.6849999999999999,0.05
2897,1.1300000000000001,0.05
2898,1.1287500000000001,0.05
2899,1.09375,0.05
2900,1.3175000000000001,0.05
2901,1.07,0.05
2902,0.9112500000000001,0.05
2903,0.80125,0.05
2904,0.6950000000000001,0.05
2905,0.8125,0.05
2906,0.98875,0.05
2907,0.78125,0.05
2908,1.0450000000000002,0.05
2909,1.0375,0.05
2910,0.98875,0.05
2911,0.9837500000000001,0.05
2912,1.25,0.05
2913,0.9337500000000001,0.05
2914,0.9887500000000001,0.05
2915,0.7274999999999999,0.05
2916,1.0987500000000001,0.05
2917,1.2175,0.05
2918,1.22125,0.05
2919,0.87375,0.05
2920,0.7387500000000001,0.05
2921,1.0450000000000002,0.05
2922,1.0550000000000002,0.05
2923,1.01875,0.05
2924,0.78875,0.05
2925,0.9837500000000001,0.05
2926,0.7100000000000001,0.05
2927,0.49,0.05
2928,1.27625,0.05
2929,1.34,0.05
2930,1.355,0.05
2931,1.0625,0.05
2932,0.8675,0.05
2933,1.28375,0.05
2934,0.6962499999999999,0.05
2935,1.24625,0.05
2936,1.03875,0.05
2937,1.0750000000000002,0.05
2938,0.8512500000000001,0.05
2939,1.2200000000000002,0.05
2940,1.08,0.05
2941,1.0437500000000002,0.05
2942,1.0462500000000001,0.05
2943,1.1,0.05
2944,1.085,0.05
2945,1.1375000000000002,0.05
2946,1.425,0.05
2947,1.3125,0.05
2948,1.135,0.05
2949,1.12,0.05
2950,0.9837500000000001,0.05
2951,1.1500000000000001,0.05
2952,1.03875,0.05
2953,1.0375,0.05
2954,0.85875,0.05
2955,0.8912500000000001,0.05
2956,1.4175,0.05
2957,1.16625,0.05
2958,0.8900000000000001,0.05
2959,0.9325000000000001,0.05
2960,1.08,0.05
2961,0.5900000000000003,0.05
2962,1.2075,0.05
2963,1.095,0.05
2964,0.915,0.05
2965,0.91625,0.05
2966,0.9700000000000001,0.05
2967,1.02125,0.05
2968,1.13125,0.05
2969,0.5262499999999998,0.05
2970,0.88,0.05
2971,1.2750000000000001,0.05
2972,1.2625000000000002,0.05
2973,1.405,0.05
2974,0.9175000000000001,0.05
2975,1.3725,0.05
2976,-3.1225,0.05
2977,0.4837499999999998,0.05
2978,1.40375,0.05
2979,1.155,0.05
2980,1.08125,0.05
2981,1.47625,0.05
2982,0.4762499999999996,0.05
2983,1.20375,0.05
2984,0.875,0.05
2985,1.0,0.05
2986,1.01875,0.05
2987,1.0425,0.05
2988,0.85875,0.05
2989,1.0275,0.05
2990,1.25875,0.05
2991,0.5612499999999999,0.05
2992,1.32375,0.05
2993,0.82375,0.05
2994,1.47125,0.05
2995,1.13625,0.05
2996,0.73,0.05
2997,1.4400000000000002,0.05
2998,0.5974999999999998,0.05
2999,0.1100000000000001,0.05
3000,1.245,0.05
3001,0.8925000000000001,0.05
3002,0.7675,0.05
3003,1.18625,0.05
3004,1.185,0.05
3005,1.2750000000000001,0.05
3006,1.01625,0.05
3007,1.28125,0.05
3008,0.8525,0.05
3009,1.20875,0.05
3010,-3.2912500000000002,0.05
3011,1.2475,0.05
3012,1.3825,0.05
3013,1.2975,0.05
3014,1.2175,0.05
3015,1.185,0.05
3016,0.72625,0.05
3017,0.7849999999999999,0.05
3018,1.1300000000000001,0.05
3019,1.02625,0.05
3020,1.33125,0.05
3021,1.1525,0.05
3022,1.0350000000000001,0.05
3023,0.8525,0.05
3024,1.045,0.05
3025,1.3675000000000002,0.05
3026,0.86125,0.05
3027,0.825,0.05
3028,1.2750000000000001,0.05
3029,1.2650000000000001,0.05
3030,1.11125,0.05
3031,1.09375,0.05
3032,1.04,0.05
3033,0.88,0.05
3034,1.24125,0.05
3035,1.04,0.05
3036,1.19375,0.05
3037,0.2437499999999999,0.05
3038,1.16625,0.05
3039,0.9912500000000001,0.05
3040,-2.6687500000000006,0.05
3041,1.5175,0.05
3042,0.8262499999999999,0.05
3043,-0.24124999999999952,0.05
3044,1.15375,0.05
3045,1.12625,0.05
3046,1.335,0.05
3047,1.0987500000000001,0.05
3048,1.2825,0.05
3049,1.4125,0.05
3050,1.13125,0.05
3051,1.2950000000000002,0.05
3052,0.96625,0.05
3053,1.45875,0.05
3054,1.06875,0.05
3055,1.0250000000000001,0.05
3056,-2.8562500000000006,0.05
3057,1.28,0.05
3058,1.2675,0.05
3059,1.31375,0.05
3060,1.0075,0.05
3061,0.6412499999999999,0.05
3062,1.1887500000000002,0.05
3063,0.7849999999999999,0.05
3064,1.33125,0.05
3065,1.405,0.05
3066,1.18625,0.05
3067,1.23625,0.05
3068,0.9950000000000001,0.05
3069,1.0662500000000001,0.05
3070,1.0625,0.05
3071,1.05125,0.05
3072,0.9512500000000002,0.05
3073,1.02,0.05
3074,1.0562500000000001,0.05
3075,1.45375,0.05
3076,0.98875,0.05
3077,1.19,0.05
3078,1.155,0.05
3079,1.0975000000000001,0.05
3080,1.4312500000000001,0.05
3081,0.99,0.05
3082,0.3062499999999997,0.05
3083,0.88,0.05
3084,1.22875,0.05
3085,1.1300000000000001,0.05
3086,1.2725,0.05
3087,0.9150000000000001,0.05
3088,0.24124999999999996,0.05
3089,0.5924999999999999,0.05
3090,0.8225,0.05
3091,1.5037500000000001,0.05
3092,1.1800000000000002,0.05
3093,1.00625,0.05
3094,0.9337500000000001,0.05
3095,0.6399999999999999,0.05
3096,1.14375,0.05
3097,0.9525000000000001,0.05
3098,1.02625,0.05
3099,1.2925,0.05
3100,1.18625,0.05
3101,1.1887500000000002,0.05
3102,1.0987500000000001,0.05
3103,0.6087499999999999,0.05
3104,1.15375,0.05
3105,0.6249999999999998,0.05
3106,1.2937500000000002,0.05
3107,1.0012500000000002,0.05
3108,1.0625,0.05
3109,1.25875,0.05
3110,0.9137500000000001,0.05
3111,1.0575,0.05
3112,1.04,0.05
3113,1.2237500000000001,0.05
3114,1.43875,0.05
3115,0.99,0.05
3116,0.96125,0.05
3117,1.0950000000000002,0.05
3118,1.29875,0.05
3119,0.9837500000000001,0.05
3120,1.53625,0.05
3121,0.6037499999999998,0.05
3122,1.06875,0.05
3123,1.0137500000000002,0.05
3124,0.5950000000000002,0.05
3125,0.6362499999999998,0.05
3126,1.3162500000000001,0.05
3127,0.40874999999999995,0.05
3128,1.1525,0.05
3129,1.1800000000000002,0.05
3130,0.7149999999999999,0.05
3131,1.0975000000000001,0.05
3132,1.3125,0.05
3133,0.825,0.05
3134,1.01625,0.05
3135,1.1612500000000001,0.05
3136,1.1400000000000001,0.05
3137,-0.024999999999999467,0.05
3138,-2.85625,0.05
3139,0.87375,0.05
3140,0.98875,0.05
3141,1.1062500000000002,0.05
3142,1.2425000000000002,0.05
3143,1.11625,0.05
3144,1.24125,0.05
3145,0.8062499999999999,0.05
3146,1.1125,0.05
3147,0.9525000000000001,0.05
3148,1.1487500000000002,0.05
3149,0.88125,0.05
3150,1.1525,0.05
3151,1.5150000000000001,0.05
3152,1.2200000000000002,0.05
3153,0.99,0.05
3154,0.7024999999999999,0.05
3155,1.2625000000000002,0.05
3156,1.4937500000000001,0.05
3157,1.39125,0.05
3158,1.0425,0.05
3159,0.81875,0.05
3160,-2.825000000000001,0.05
3161,1.0425,0.05
3162,1.1725,0.05
3163,1.5175,0.05
3164,0.83625,0.05
3165,1.26625,0.05
3166,1.09,0.05
3167,1.0562500000000001,0.05
3168,1.2075,0.05
3169,1.19,0.05
3170,1.11125,0.05
3171,0.99,0.05
3172,1.165,0.05
3173,0.7875,0.05
3174,1.23625,0.05
3175,1.19,0.05
3176,0.96625,0.05
3177,1.13375,0.05
3178,1.2775,0.05
3179,1.17875,0.05
3180,1.2225000000000001,0.05
3181,1.23875,0.05
3182,0.9412500000000001,0.05
3183,0.18499999999999983,0.05
3184,1.1725,0.05
3185,1.24,0.05
3186,0.915,0.05
3187,0.7512500000000001,0.05
3188,0.69125,0.05
3189,1.17,0.05
3190,1.08125,0.05
3191,1.12375,0.05
3192,-0.2074999999999998,0.05
3193,0.6287499999999998,0.05
3194,1.1625,0.05
3195,0.96125,0.05
3196,1.495,0.05
3197,1.21625,0.05
3198,1.425,0.05
3199,0.3612499999999996,0.05
3200,-2.9312500000000004,0.05
3201,1.0925,0.05
3202,1.3687500000000001,0.05
3203,0.75125,0.05
3204,0.98875,0.05
3205,1.3487500000000001,0.05
3206,0.1200000000000001,0.05
3207,1.24125,0.05
3208,1.0575,0.05
3209,1.195,0.05
3210,1.01625,0.05
3211,-0.06624999999999992,0.05
3212,1.35375,0.05
3213,1.0875000000000001,0.05
3214,0.96875,0.05
3215,1.28125,0.05
3216,1.15375,0.05
3217,1.1662500000000002,0.05
3218,1.03875,0.05
3219,1.30875,0.05
3220,1.17,0.05
3221,0.68875,0.05
3222,0.5587499999999997,0.05
3223,1.23625,0.05
3224,1.09625,0.05
3225,0.3149999999999997,0.05
3226,0.7712499999999999,0.05
3227,0.7849999999999999,0.05
3228,1.10125,0.05
3229,1.1,0.05
3230,1.0425,0.05
3231,0.24000000000000044,0.05
3232,1.0375,0.05
3233,1.0525000000000002,0.05
3234,1.27875,0.05
3235,0.26249999999999996,0.05
3236,0.29249999999999976,0.05
3237,1.0575,0.05
3238,-2.7600000000000007,0.05
3239,0.93,0.05
3240,0.2749999999999999,0.05
3241,1.02625,0.05
3242,0.9162500000000001,0.05
3243,0.14250000000000007,0.05
3244,1.1,0.05
3245,0.29125,0.05
3246,0.9512500000000002,0.05
3247,0.8375,0.05
3248,0.9837500000000001,0.05
3249,1.03875,0.05
3250,0.8375000000000001,0.05
3251,0.9725000000000001,0.05
3252,1.1,0.05
3253,0.6024999999999998,0.05
3254,1.50875,0.05
3255,1.0250000000000001,0.05
3256,1.1,0.05
3257,1.06,0.05
3258,1.0987500000000001,0.05
3259,1.51375,0.05
3260,1.00625,0.05
3261,-2.8000000000000007,0.05
3262,0.3362499999999997,0.05
3263,-2.9687499999999996,0.05
3264,1.09375,0.05
3265,0.935,0.05
3266,1.38125,0.05
3267,0.9512500000000002,0.05
3268,0.41124999999999967,0.05
3269,1.5125000000000002,0.05
3270,1.07875,0.05
3271,0.8375,0.05
3272,0.6474999999999999,0.05
3273,0.8099999999999999,0.05
3274,1.19875,0.05
3275,1.0450000000000002,0.05
3276,0.855,0.05
3277,0.8912500000000001,0.05
3278,1.4912500000000002,0.05
3279,0.82,0.05
3280,1.07875,0.05
3281,0.9712500000000001,0.05
3282,0.8475,0.05
3283,1.2837500000000002,0.05
3284,1.0750000000000002,0.05
3285,0.9862500000000001,0.05
3286,1.045,0.05
3287,-0.13999999999999968,0.05
3288,1.2275,0.05
3289,1.0725,0.05
3290,1.32625,0.05
3291,1.0237500000000002,0.05
3292,1.3125,0.05
3293,-2.825000000000001,0.05
3294,0.49999999999999967,0.05
3295,1.06125,0.05
3296,0.9,0.05
3297,1.2475,0.05
3298,0.44374999999999964,0.05
3299,1.0275,0.05
3300,1.04,0.05
3301,1.46375,0.05
3302,1.03875,0.05
3303,0.8912500000000001,0.05
3304,1.045,0.05
3305,-3.0275000000000003,0.05
3306,0.6549999999999998,0.05
3307,0.3124999999999998,0.05
3308,1.16375,0.05
3309,0.6012499999999998,0.05
3310,1.30875,0.05
3311,1.0375,0.05
3312,1.345,0.05
3313,0.4687499999999998,0.05
3314,1.1900000000000002,0.05
3315,1.375,0.05
3316,0.9162500000000001,0.05
3317,1.32375,0.05
3318,0.4824999999999998,0.05
3319,1.00625,0.05
3320,0.9962500000000001,0.05
3321,1.24,0.05
3322,1.06125,0.05
3323,-2.818750000000001,0.05
3324,1.1725,0.05
3325,1.0237500000000002,0.05
3326,1.28875,0.05
3327,0.38249999999999984,0.05
3328,1.2862500000000001,0.05
3329,1.11625,0.05
3330,1.0987500000000001,0.05
3331,0.9850000000000001,0.05
3332,-3.212500000000002,0.05
3333,1.2537500000000001,0.05
3334,1.06125,0.05
3335,0.9762500000000001,0.05
3336,1.135,0.05
3337,1.0237500000000002,0.05
3338,0.8912500000000001,0.05
3339,1.1075,0.05
3340,0.9875,0.05
3341,1.3675000000000002,0.05
3342,0.6174999999999999,0.05
3343,1.0375,0.05
3344,1.2337500000000001,0.05
3345,1.1675,0.05
3346,1.07625,0.05
3347,0.7212499999999998,0.05
3348,0.7049999999999998,0.05
3349,1.25625,0.05
3350,1.03375,0.05
3351,1.4000000000000001,0.05
3352,1.21625,0.05
3353,1.0450000000000002,0.05
3354,1.1675,0.05
3355,1.1725,0.05
3356,1.0350000000000001,0.05
3357,1.13625,0.05
3358,0.9875,0.05
3359,0.85875,0.05
3360,1.355,0.05
3361,0.7649999999999999,0.05
3362,1.1875,0.05
3363,1.245,0.05
3364,0.49999999999999967,0.05
3365,0.84125,0.05
3366,0.9275000000000001,0.05
3367,1.07375,0.05
3368,1.425,0.05
3369,1.12,0.05
3370,0.80625,0.05
3371,1.1525,0.05
3372,1.13875,0.05
3373,1.0075,0.05
3374,-2.930000000000001,0.05
3375,0.9825000000000002,0.05
3376,1.0950000000000002,0.05
3377,1.1675,0.05
3378,0.32499999999999996,0.05
3379,0.6062500000000001,0.05
3380,1.11125,0.05
3381,1.245,0.05
3382,1.2575,0.05
3383,1.14125,0.05
3384,0.8975000000000001,0.05
3385,1.0350000000000001,0.05
3386,1.0437500000000002,0.05
3387,1.13125,0.05
3388,0.9237500000000001,0.05
3389,1.0150000000000001,0.05
3390,0.9175,0.05
3391,1.4900000000000002,0.05
3392,1.5362500000000001,0.05
3393,1.1800000000000002,0.05
3394,1.18875,0.05
3395,1.13125,0.05
3396,0.79625,0.05
3397,1.11125,0.05
3398,0.735,0.05
3399,1.1500000000000001,0.05
3400,1.11125,0.05
3401,0.3849999999999998,0.05
3402,0.80125,0.05
3403,1.0525000000000002,0.05
3404,-2.79,0.05
3405,0.6474999999999999,0.05
3406,1.21,0.05
3407,1.0,0.05
3408,1.3,0.05
3409,1.3487500000000001,0.05
3410,0.6474999999999999,0.05
3411,1.12625,0.05
3412,1.22125,0.05
3413,1.0325000000000002,0.05
3414,1.1,0.05
3415,1.26,0.05
3416,1.0925,0.05
3417,0.5625000000000002,0.05
3418,1.2725000000000002,0.05
3419,0.6474999999999999,0.05
3420,1.13125,0.05
3421,0.87875,0.05
3422,-2.972500000000001,0.05
3423,1.0250000000000001,0.05
3424,0.9975,0.05
3425,1.0075,0.05
3426,0.705,0.05
3427,1.12625,0.05
3428,1.17375,0.05
3429,1.1600000000000001,0.05
3430,1.18625,0.05
3431,1.18375,0.05
3432,0.935,0.05
3433,0.77625,0.05
3434,0.6574999999999999,0.05
3435,1.095,0.05
3436,1.4900000000000002,0.05
3437,1.1687500000000002,0.05
3438,1.2725,0.05
3439,0.9225,0.05
3440,1.05875,0.05
3441,1.2525,0.05
3442,0.5449999999999997,0.05
3443,1.03375,0.05
3444,0.73125,0.05
3445,1.3525,0.05
3446,0.4149999999999996,0.05
3447,0.8012499999999999,0.05
3448,0.935,0.05
3449,0.9500000000000001,0.05
3450,1.205,0.05
3451,1.1125,0.05
3452,0.99,0.05
3453,0.95875,0.05
3454,1.4900000000000002,0.05
3455,1.165,0.05
3456,1.27625,0.05
3457,0.935,0.05
3458,1.06125,0.05
3459,0.8725,0.05
3460,1.0012500000000002,0.05
3461,0.8975000000000001,0.05
3462,1.22625,0.05
3463,-2.8312500000000003,0.05
3464,1.26375,0.05
3465,0.6037499999999998,0.05
3466,0.9162500000000001,0.05
3467,1.1525,0.05
3468,1.0237500000000002,0.05
3469,1.295,0.05
3470,1.28125,0.05
3471,0.91625,0.05
3472,1.1525,0.05
3473,1.24625,0.05
3474,0.15250000000000008,0.05
3475,1.3800000000000001,0.05
3476,1.185,0.05
3477,0.9325,0.05
3478,1.105,0.05
3479,1.11375,0.05
3480,1.18375,0.05
3481,1.14125,0.05
3482,1.3675000000000002,0.05
3483,1.1075000000000002,0.05
3484,0.98875,0.05
3485,0.7449999999999999,0.05
3486,0.9712500000000001,0.05
3487,1.06875,0.05
3488,0.6399999999999998,0.05
3489,1.2537500000000001,0.05
3490,1.15375,0.05
3491,0.9712500000000001,0.05
3492,1.1912500000000001,0.05
3493,0.85625,0.05
3494,0.6374999999999998,0.05
3495,1.24125,0.05
3496,1.1887500000000002,0.05
3497,1.00625,0.05
3498,1.14375,0.05
3499,0.9287500000000002,0.05
3500,1.15375,0.05
3501,1.26125,0.05
3502,1.1912500000000001,0.05
3503,1.1725,0.05
3504,1.1525,0.05
3505,0.88,0.05
3506,1.1912500000000001,0.05
3507,0.7825,0.05
3508,0.6124999999999997,0.05
3509,1.4000000000000001,0.05
3510,0.5112499999999998,0.05
3511,1.2175,0.05
3512,1.01875,0.05
3513,1.1500000000000001,0.05
3514,0.7499999999999999,0.05
3515,1.21,0.05
3516,1.33,0.05
3517,1.13125,0.05
3518,1.07625,0.05
3519,0.9500000000000001,0.05
3520,1.40375,0.05
3521,1.145,0.05
3522,1.07375,0.05
3523,0.935,0.05
3524,0.40249999999999964,0.05
3525,1.27,0.05
3526,0.5525000000000001,0.05
3527,0.38499999999999956,0.05
3528,-0.07000000000000006,0.05
3529,0.9912500000000001,0.05
3530,1.0137500000000002,0.05
3531,1.0637500000000002,0.05
3532,1.115,0.05
3533,1.20375,0.05
3534,1.1500000000000001,0.05
3535,0.9337500000000001,0.05
3536,1.3362500000000002,0.05
3537,1.09375,0.05
3538,0.8962500000000001,0.05
3539,1.32125,0.05
3540,1.0437500000000002,0.05
3541,1.38125,0.05
3542,1.51375,0.05
3543,0.22625000000000006,0.05
3544,0.79875,0.05
3545,0.9275000000000001,0.05
3546,1.11,0.05
3547,0.5849999999999997,0.05
3548,1.27625,0.05
3549,1.295,0.05
3550,0.7699999999999999,0.05
3551,0.9975,0.05
3552,1.2825000000000002,0.05
3553,1.20625,0.05
3554,0.36499999999999977,0.05
3555,1.11125,0.05
3556,0.9950000000000001,0.05
3557,0.26,0.05
3558,0.9850000000000001,0.05
3559,0.5499999999999997,0.05
3560,1.3462500000000002,0.05
3561,1.3075,0.05
3562,1.26,0.05
3563,1.1487500000000002,0.05
3564,0.8175,0.05
3565,1.15125,0.05
3566,1.08,0.05
3567,0.9637500000000001,0.05
3568,0.39624999999999977,0.05
3569,1.1125,0.05
3570,1.18625,0.05
3571,0.7149999999999999,0.05
3572,1.385,0.05
3573,0.86,0.05
3574,0.6287499999999998,0.05
3575,1.22875,0.05
3576,1.1500000000000001,0.05
3577,0.935,0.05
3578,1.23625,0.05
3579,1.0050000000000001,0.05
3580,0.9950000000000001,0.05
3581,1.3362500000000002,0.05
3582,1.1125,0.05
3583,1.18625,0.05
3584,0.6124999999999998,0.05
3585,0.8350000000000001,0.05
3586,0.4924999999999997,0.05
3587,1.5,0.05
3588,0.5599999999999998,0.05
3589,1.345,0.05
3590,1.455,0.05
3591,1.3325,0.05
3592,1.135,0.05
3593,1.4900000000000002,0.05
3594,0.805,0.05
3595,-3.09125,0.05
3596,0.94125,0.05
3597,1.31875,0.05
3598,1.215,0.05
3599,1.5037500000000001,0.05
3600,0.925,0.05
3601,1.2437500000000001,0.05
3602,1.0212500000000002,0.05
3603,0.6174999999999998,0.05
3604,1.07125,0.05
3605,1.00625,0.05
3606,1.2650000000000001,0.05
3607,1.20375,0.05
3608,0.7849999999999999,0.05
3609,0.7099999999999999,0.05
3610,0.7675,0.05
3611,0.8062499999999999,0.05
3612,1.0425,0.05
3613,1.34,0.05
3614,1.25125,0.05
3615,0.8012499999999999,0.05
3616,0.38249999999999984,0.05
3617,1.3487500000000001,0.05
3618,1.12,0.05
3619,1.295,0.05
3620,1.4300000000000002,0.05
3621,1.26,0.05
3622,1.0050000000000001,0.05
3623,1.3362500000000002,0.05
3624,-2.7000000000000006,0.05
3625,1.13375,0.05
3626,1.34625,0.05
3627,0.5699999999999997,0.05
3628,1.13125,0.05
3629,0.99875,0.05
3630,1.4575,0.05
3631,0.9837500000000001,0.05
3632,1.1487500000000002,0.05
3633,1.35,0.05
3634,0.9912500000000001,0.05
3635,1.17,0.05
3636,1.23875,0.05
3637,1.15375,0.05
3638,1.2075,0.05
3639,0.9525000000000001,0.05
3640,0.9862500000000001,0.05
3641,1.09375,0.05
3642,0.24,0.05
3643,1.0950000000000002,0.05
3644,1.0925000000000002,0.05
3645,1.0462500000000001,0.05
3646,1.0237500000000002,0.05
3647,1.30875,0.05
3648,1.27625,0.05
3649,1.0425,0.05
3650,1.115,0.05
3651,0.84875,0.05
3652,0.93,0.05
3653,1.27625,0.05
3654,1.09375,0.05
3655,0.6787499999999999,0.05
3656,1.18625,0.05
3657,1.2225000000000001,0.05
3658,1.2750000000000001,0.05
3659,0.91625,0.05
3660,1.295,0.05
3661,1.0075,0.05
3662,0.7449999999999999,0.05
3663,1.2625000000000002,0.05
3664,1.02625,0.05
3665,1.1125,0.05
3666,1.0562500000000001,0.05
3667,0.9237500000000001,0.05
3668,0.7875,0.05
3669,1.2725,0.05
3670,0.8062499999999999,0.05
3671,1.08125,0.05
3672,1.1887500000000002,0.05
3673,0.6299999999999999,0.05
3674,0.9725000000000001,0.05
3675,0.6774999999999999,0.05
3676,0.98,0.05
3677,1.1500000000000001,0.05
3678,0.91,0.05
3679,0.08999999999999986,0.05
3680,1.16375,0.05
3681,-0.09374999999999978,0.05
3682,-3.0275,0.05
3683,1.13375,0.05
3684,1.225,0.05
3685,1.315,0.05
3686,0.94125,0.05
3687,1.13625,0.05
3688,1.25875,0.05
3689,0.6674999999999998,0.05
3690,1.1725,0.05
3691,1.39125,0.05
3692,1.03875,0.05
3693,0.8425,0.05
3694,1.1175000000000002,0.05
3695,1.25875,0.05
3696,0.8975000000000001,0.05
3697,1.16625,0.05
3698,1.29125,0.05
3699,1.43625,0.05
3700,1.03875,0.05
3701,1.2937500000000002,0.05
3702,1.32125,0.05
3703,0.86125,0.05
3704,1.21625,0.05
3705,1.2725,0.05
3706,1.07125,0.05
3707,0.7687499999999999,0.05
3708,0.83625,0.05
3709,1.155,0.05
3710,0.6549999999999998,0.05
3711,1.3525,0.05
3712,0.5837500000000002,0.05
3713,1.185,0.05
3714,0.8062499999999999,0.05
3715,0.9650000000000001,0.05
3716,1.39125,0.05
3717,1.1800000000000002,0.05
3718,1.315,0.05
3719,1.1300000000000001,0.05
3720,0.9837500000000001,0.05
3721,1.2862500000000001,0.05
3722,0.99,0.05
3723,1.245,0.05
3724,1.32125,0.05
3725,0.9850000000000001,0.05
3726,1.0275,0.05
3727,0.96125,0.05
3728,1.24625,0.05
3729,0.6974999999999998,0.05
3730,1.0025,0.05
3731,0.9875,0.05
3732,0.29249999999999976,0.05
3733,0.72625,0.05
3734,1.19,0.05
3735,1.0562500000000001,0.05
3736,1.355,0.05
3737,1.0125000000000002,0.05
3738,1.0,0.05
3739,0.9587500000000001,0.05
3740,0.8612500000000001,0.05
3741,0.1200000000000001,0.05
3742,1.13375,0.05
3743,1.455,0.05
3744,-2.8225000000000007,0.05
3745,1.165,0.05
3746,1.25875,0.05
3747,0.92,0.05
3748,1.28375,0.05
3749,1.2437500000000001,0.05
3750,1.225,0.05
3751,1.0350000000000001,0.05
3752,0.028750000000000053,0.05
3753,0.7737499999999999,0.05
3754,1.0250000000000001,0.05
3755,1.29125,0.05
3756,0.79,0.05
3757,1.3725,0.05
3758,-2.6500000000000004,0.05
3759,1.0550000000000002,0.05
3760,1.1025,0.05
3761,0.8900000000000001,0.05
3762,1.2625000000000002,0.05
3763,1.3487500000000001,0.05
3764,0.725,0.05
3765,-2.7662500000000003,0.05
3766,1.13125,0.05
3767,1.0075,0.05
3768,1.13125,0.05
3769,1.23125,0.05
3770,1.13375,0.05
3771,1.27625,0.05
3772,0.8625,0.05
3773,0.935,0.05
3774,1.26125,0.05
3775,1.315,0.05
3776,1.01625,0.05
3777,0.88,0.05
3778,1.2637500000000002,0.05
3779,1.2075,0.05
3780,1.31875,0.05
3781,0.78625,0.05
3782,1.18625,0.05
3783,0.99,0.05
3784,1.205,0.05
3785,1.165,0.05
3786,1.31,0.05
3787,1.0012500000000002,0.05
3788,0.7675,0.05
3789,1.3075,0.05
3790,1.09375,0.05
3791,1.33875,0.05
3792,0.6649999999999998,0.05
3793,1.1887500000000002,0.05
3794,1.45875,0.05
3795,1.3462500000000002,0.05
3796,1.3325,0.05
3797,1.3800000000000001,0.05
3798,0.8775000000000001,0.05
3799,1.05125,0.05
3800,0.8049999999999999,0.05
3801,0.6337499999999998,0.05
3802,1.2275,0.05
3803,1.27625,0.05
3804,1.1125,0.05
3805,0.8325,0.05
3806,0.89,0.05
3807,1.2575,0.05
3808,1.1375000000000002,0.05
3809,0.93,0.05
3810,1.0250000000000001,0.05
3811,1.24625,0.05
3812,1.19625,0.05
3813,0.7699999999999999,0.05
3814,1.51875,0.05
3815,0.84125,0.05
3816,1.1975,0.05
3817,1.0925,0.05
3818,1.3825,0.05
3819,1.25875,0.05
3820,1.3025,0.05
3821,1.1,0.05
3822,0.94625,0.05
3823,1.23625,0.05
3824,1.2087500000000002,0.05
3825,0.8225,0.05
3826,0.28874999999999984,0.05
3827,1.2475,0.05
3828,0.6024999999999998,0.05
3829,0.825,0.05
3830,1.33375,0.05
3831,1.0625,0.05
3832,1.0050000000000001,0.05
3833,1.185,0.05
3834,1.1887500000000002,0.05
3835,1.0762500000000002,0.05
3836,1.4625000000000001,0.05
3837,1.23875,0.05
3838,0.026250000000000107,0.05
3839,1.26375,0.05
3840,1.0025000000000002,0.05
3841,1.07375,0.05
3842,1.03375,0.05
3843,1.13625,0.05
3844,1.2125000000000001,0.05
3845,1.3275000000000001,0.05
3846,0.7087499999999999,0.05
3847,-2.867500000000001,0.05
3848,0.96125,0.05
3849,1.1062500000000002,0.05
3850,1.22625,0.05
3851,1.2825000000000002,0.05
3852,0.5462499999999997,0.05
3853,1.34375,0.05
3854,1.0650000000000002,0.05
3855,0.855,0.05
3856,1.18625,0.05
3857,1.0637500000000002,0.05
3858,1.0625,0.05
3859,0.80125,0.05
3860,1.2775,0.05
3861,1.06875,0.05
3862,1.1300000000000001,0.05
3863,1.17,0.05
3864,1.3,0.05
3865,1.165,0.05
3866,0.9,0.05
3867,1.30875,0.05
3868,1.4225,0.05
3869,1.3462500000000002,0.05
3870,-2.8662500000000004,0.05
3871,0.79,0.05
3872,1.49875,0.05
3873,1.12375,0.05
3874,1.2425000000000002,0.05
3875,0.93,0.05
3876,0.7487499999999999,0.05
3877,1.4175,0.05
3878,1.20875,0.05
3879,0.89,0.05
3880,0.5674999999999998,0.05
3881,1.07375,0.05
3882,1.425,0.05
3883,1.1175000000000002,0.05
3884,1.3325,0.05
3885,1.385,0.05
3886,1.3825,0.05
3887,1.23625,0.05
3888,0.9550000000000001,0.05
3889,0.78875,0.05
3890,0.6099999999999999,0.05
3891,1.175,0.05
3892,1.39125,0.05
3893,0.875,0.05
3894,1.2550000000000001,0.05
3895,1.155,0.05
3896,0.6212499999999999,0.05
3897,0.47499999999999976,0.05
3898,1.2575,0.05
3899,0.9900000000000002,0.05
3900,0.41999999999999993,0.05
3901,0.6499999999999998,0.05
3902,1.1825,0.05
3903,0.46874999999999967,0.05
3904,0.85875,0.05
3905,0.7725000000000001,0.05
3906,0.8049999999999999,0.05
3907,1.1325,0.05
3908,0.45999999999999963,0.05
3909,0.020000000000000018,0.05
3910,1.28375,0.05
3911,1.28375,0.05
3912,1.08125,0.05
3913,1.0250000000000001,0.05
3914,1.295,0.05
3915,0.72125,0.05
3916,-2.781250000000001,0.05
3917,1.08875,0.05
3918,0.8075,0.05
3919,0.7762499999999999,0.05
3920,1.2,0.05
3921,0.6124999999999997,0.05
3922,0.9512500000000002,0.05
3923,1.39375,0.05
3924,1.2275,0.05
3925,1.17,0.05
3926,-0.0974999999999997,0.05
3927,1.1725,0.05
3928,1.0237500000000002,0.05
3929,0.9225000000000001,0.05
3930,1.02,0.05
3931,1.0575,0.05
3932,0.7149999999999999,0.05
3933,0.7637499999999999,0.05
3934,1.25875,0.05
3935,0.6037499999999998,0.05
3936,0.11375000000000002,0.05
3937,1.12,0.05
3938,1.2825000000000002,0.05
3939,0.8675,0.05
3940,1.27625,0.05
3941,1.3275000000000001,0.05
3942,1.07875,0.05
3943,0.84875,0.05
3944,1.2775,0.05
3945,1.485,0.05
3946,1.2625000000000002,0.05
3947,0.34874999999999967,0.05
3948,1.28125,0.05
3949,0.2912499999999998,0.05
3950,0.7949999999999999,0.05
3951,1.1,0.05
3952,-2.7500000000000004,0.05
3953,1.1025,0.05
3954,1.245,0.05
3955,1.14375,0.05
3956,0.925,0.05
3957,1.04,0.05
3958,1.2300000000000002,0.05
3959,1.05,0.05
3960,1.18375,0.05
3961,1.3787500000000001,0.05
3962,0.8912500000000001,0.05
3963,1.245,0.05
3964,1.085,0.05
3965,-0.04999999999999982,0.05
3966,-2.830000000000001,0.05
3967,-2.85875,0.05
3968,1.0625,0.05
3969,1.11625,0.05
3970,0.98875,0.05
3971,0.37124999999999964,0.05
3972,1.15,0.05
3973,0.8562500000000001,0.05
3974,1.20375,0.05
3975,1.02125,0.05
3976,0.9837500000000001,0.05
3977,0.9775,0.05
3978,1.295,0.05
3979,1.29125,0.05
3980,1.205,0.05
3981,1.0025000000000002,0.05
3982,1.49875,0.05
3983,1.1300000000000001,0.05
3984,0.9862500000000001,0.05
3985,1.0050000000000001,0.05
3986,1.0325,0.05
3987,1.33875,0.05
3988,0.935,0.05
3989,1.35375,0.05
3990,0.91625,0.05
3991,1.1175000000000002,0.05
3992,0.44749999999999956,0.05
3993,-2.9462500000000014,0.05
3994,1.03875,0.05
3995,1.07125,0.05
3996,0.9950000000000001,0.05
3997,1.1500000000000001,0.05
3998,1.2025000000000001,0.05
3999,1.4212500000000001,0.05
4000,1.3900000000000001,0.05
4001,1.0875000000000001,0.05
4002,1.43375,0.05
4003,1.045,0.05
4004,1.02125,0.05
4005,1.335,0.05
4006,0.6224999999999998,0.05
4007,1.36375,0.05
4008,0.9825000000000002,0.05
4009,0.7825,0.05
4010,1.15,0.05
4011,0.7124999999999999,0.05
4012,0.77125,0.05
4013,1.0050000000000001,0.05
4014,1.205,0.05
4015,0.82625,0.05
4016,1.4400000000000002,0.05
4017,1.4625000000000001,0.05
4018,0.29874999999999985,0.05
4019,-0.2462499999999994,0.05
4020,0.9475,0.05
4021,0.9912500000000001,0.05
4022,1.01,0.05
4023,0.8900000000000001,0.05
4024,1.19875,0.05
4025,0.18249999999999988,0.05
4026,1.155,0.05
4027,0.007500000000000062,0.05
4028,1.2650000000000001,0.05
4029,0.89875,0.05
4030,0.6937499999999999,0.05
4031,1.4212500000000001,0.05
4032,0.585,0.05
4033,0.84,0.05
4034,-2.7062500000000007,0.05
4035,-2.7037500000000003,0.05
4036,1.0325000000000002,0.05
4037,0.5787499999999998,0.05
4038,1.095,0.05
4039,1.04,0.05
4040,1.11125,0.05
4041,1.47625,0.05
4042,0.7562499999999999,0.05
4043,1.0,0.05
4044,0.72625,0.05
4045,1.28,0.05
4046,1.02625,0.05
4047,1.21,0.05
4048,1.11625,0.05
4049,1.4525000000000001,0.05
4050,1.02,0.05
4051,1.145,0.05
4052,1.3125,0.05
4053,0.915,0.05
4054,1.4625000000000001,0.05
4055,1.1625,0.05
4056,1.295,0.05
4057,1.045,0.05
4058,1.34125,0.05
4059,1.2837500000000002,0.05
4060,1.49875,0.05
4061,1.3725,0.05
4062,0.4574999999999997,0.05
4063,1.0750000000000002,0.05
4064,0.9087500000000001,0.05
4065,1.0050000000000001,0.05
4066,0.4937499999999997,0.05
4067,0.67125,0.05
4068,0.6699999999999999,0.05
4069,1.2550000000000001,0.05
4070,1.09375,0.05
4071,1.28125,0.05
4072,-2.975,0.05
4073,0.9162500000000001,0.05
4074,0.79625,0.05
4075,1.2225000000000001,0.05
4076,1.54125,0.05
4077,0.8312499999999999,0.05
4078,1.26375,0.05
4079,1.3075,0.05
4080,0.5637499999999998,0.05
4081,0.5499999999999998,0.05
4082,1.1600000000000001,0.05
4083,1.1725,0.05
4084,1.07,0.05
4085,1.1175000000000002,0.05
4086,1.0950000000000002,0.05
4087,1.15375,0.05
4088,0.18375000000000008,0.05
4089,0.80375,0.05
4090,1.1,0.05
4091,-2.9537500000000003,0.05
4092,-3.1037500000000002,0.05
4093,1.08875,0.05
4094,1.345,0.05
4095,1.14375,0.05
4096,1.0875000000000001,0.05
4097,1.2775,0.05
4098,1.1287500000000001,0.05
4099,1.1625,0.05
4100,0.7399999999999999,0.05
4101,0.75125,0.05
4102,1.22125,0.05
4103,-2.6725000000000003,0.05
4104,1.0637500000000002,0.05
4105,0.6212499999999999,0.05
4106,1.15375,0.05
4107,1.3075,0.05
4108,1.18625,0.05
4109,0.895,0.05
4110,1.33125,0.05
4111,1.48625,0.05
4112,1.1600000000000001,0.05
4113,0.7124999999999999,0.05
4114,1.4000000000000001,0.05
4115,0.41874999999999973,0.05
4116,0.9275000000000001,0.05
4117,1.235,0.05
4118,0.86875,0.05
4119,0.9450000000000001,0.05
4120,1.1625,0.05
4121,0.8075,0.05
4122,1.11125,0.05
4123,0.49624999999999986,0.05
4124,0.86125,0.05
4125,1.30875,0.05
4126,1.28375,0.05
4127,1.1912500000000001,0.05
4128,0.27249999999999996,0.05
4129,1.2437500000000001,0.05
4130,-0.7337499999999995,0.05
4131,0.9750000000000001,0.05
4132,1.4225,0.05
4133,1.24,0.05
4134,0.6599999999999998,0.05
4135,1.405,0.05
4136,1.1975,0.05
4137,0.82375,0.05
4138,0.9700000000000001,0.05
4139,1.1187500000000001,0.05
4140,1.1125,0.05
4141,1.12625,0.05
4142,1.1300000000000001,0.05
4143,1.02125,0.05
4144,0.38249999999999984,0.05
4145,0.84875,0.05
4146,1.27625,0.05
4147,1.1612500000000001,0.05
4148,1.3,0.05
4149,1.49875,0.05
4150,0.90375,0.05
4151,1.1187500000000001,0.05
4152,1.15,0.05
4153,0.93,0.05
4154,1.2825000000000002,0.05
4155,1.06875,0.05
4156,0.6062499999999997,0.05
4157,1.0987500000000001,0.05
4158,0.5674999999999998,0.05
4159,1.21875,0.05
4160,1.3175000000000001,0.05
4161,0.865,0.05
4162,0.9725000000000001,0.05
4163,0.7925000000000001,0.05
4164,0.3837499999999998,0.05
4165,1.40375,0.05
4166,0.5087499999999997,0.05
4167,1.0250000000000001,0.05
4168,0.8049999999999999,0.05
4169,0.4574999999999998,0.05
4170,1.4225,0.05
4171,1.04125,0.05
4172,0.93,0.05
4173,0.7249999999999999,0.05
4174,1.4075,0.05
4175,1.1675,0.05
4176,1.1175000000000002,0.05
4177,1.04,0.05
4178,0.84125,0.05
4179,0.94625,0.05
4180,0.93,0.05
4181,1.2175,0.05
4182,1.25875,0.05
4183,1.21,0.05
4184,0.85875,0.05
4185,0.5012499999999999,0.05
4186,1.02625,0.05
4187,0.44749999999999956,0.05
4188,0.705,0.05
4189,1.23625,0.05
4190,1.24,0.05
4191,1.0237500000000002,0.05
4192,1.2337500000000001,0.05
4193,0.6912499999999999,0.05
4194,1.13125,0.05
4195,0.8725,0.05
4196,0.4062499999999998,0.05
4197,1.19,0.05
4198,1.26625,0.05
4199,0.7625,0.05
4200,0.78625,0.05
4201,1.02125,0.05
4202,1.2200000000000002,0.05
4203,1.0987500000000001,0.05
4204,1.06,0.05
4205,1.13625,0.05
4206,0.9825000000000002,0.05
4207,1.23875,0.05
4208,1.29,0.05
4209,1.06875,0.05
4210,0.2400000000000002,0.05
4211,0.6387499999999998,0.05
4212,0.82,0.05
4213,1.1487500000000002,0.05
4214,1.295,0.05
4215,1.2862500000000001,0.05
4216,1.01875,0.05
4217,1.385,0.05
4218,1.07,0.05
4219,1.345,0.05
4220,1.29875,0.05
4221,1.17875,0.05
4222,1.445,0.05
4223,1.24875,0.05
4224,1.5362500000000001,0.05
4225,0.85,0.05
4226,0.805,0.05
4227,1.04,0.05
4228,1.3987500000000002,0.05
4229,1.095,0.05
4230,1.05875,0.05
4231,1.0762500000000002,0.05
4232,1.1525,0.05
4233,1.3825,0.05
4234,0.7749999999999999,0.05
4235,0.4512499999999997,0.05
4236,0.79375,0.05
4237,1.2750000000000001,0.05
4238,0.5437499999999997,0.05
4239,0.7049999999999998,0.05
4240,1.28125,0.05
4241,1.1375000000000002,0.05
4242,0.96125,0.05
4243,0.8875000000000001,0.05
4244,0.48499999999999965,0.05
4245,0.73125,0.05
4246,0.7649999999999999,0.05
4247,0.93,0.05
4248,1.37125,0.05
4249,1.1475,0.05
4250,1.13625,0.05
4251,1.135,0.05
4252,0.4474999999999997,0.05
4253,0.9600000000000001,0.05
4254,1.435,0.05
4255,0.48999999999999966,0.05
4256,0.7775,0.05
4257,1.2537500000000001,0.05
4258,1.50875,0.05
4259,0.9650000000000001,0.05
4260,1.1487500000000002,0.05
4261,0.86,0.05
4262,1.1300000000000001,0.05
4263,0.36499999999999977,0.05
4264,1.18625,0.05
4265,1.09375,0.05
4266,1.0250000000000001,0.05
4267,1.205,0.05
4268,0.9850000000000001,0.05
4269,1.135,0.05
4270,-2.828750000000001,0.05
4271,0.09250000000000003,0.05
4272,0.83,0.05
4273,0.91625,0.05
4274,0.3899999999999997,0.05
4275,1.2775,0.05
4276,1.13625,0.05
4277,1.1175000000000002,0.05
4278,0.2699999999999998,0.05
4279,1.0975000000000001,0.05
4280,0.8925000000000001,0.05
4281,1.1487500000000002,0.05
4282,1.27125,0.05
4283,0.7137499999999999,0.05
4284,1.21,0.05
4285,-0.17249999999999965,0.05
4286,1.0425,0.05
4287,-2.7250000000000005,0.05
4288,1.28875,0.05
4289,0.9450000000000002,0.05
4290,-2.9674999999999994,0.05
4291,1.1475,0.05
4292,1.1025,0.05
4293,-2.793750000000001,0.05
4294,1.06875,0.05
4295,1.0050000000000001,0.05
4296,0.7199999999999999,0.05
4297,1.23875,0.05
4298,1.405,0.05
4299,1.26,0.05
4300,0.2799999999999998,0.05
4301,1.1075,0.05
4302,1.5450000000000002,0.05
4303,1.11125,0.05
4304,1.2400000000000002,0.05
4305,0.90125,0.05
4306,1.145,0.05
4307,1.1,0.05
4308,1.2825000000000002,0.05
4309,1.3025,0.05
4310,1.09125,0.05
4311,1.045,0.05
4312,0.6349999999999998,0.05
4313,1.34,0.05
4314,0.9537500000000001,0.05
4315,1.13125,0.05
4316,-2.6687500000000006,0.05
4317,0.935,0.05
4318,0.8975000000000001,0.05
4319,0.6349999999999999,0.05
4320,1.20375,0.05
4321,1.2825000000000002,0.05
4322,1.16625,0.05
4323,1.09,0.05
4324,1.2200000000000002,0.05
4325,1.2750000000000001,0.05
4326,0.9800000000000001,0.05
4327,0.6399999999999998,0.05
4328,0.69625,0.05
4329,0.9137500000000001,0.05
4330,1.25875,0.05
4331,1.4900000000000002,0.05
4332,1.19875,0.05
4333,0.93,0.05
4334,1.11125,0.05
4335,0.4999999999999999,0.05
4336,1.1900000000000002,0.05
4337,0.8575,0.05
4338,1.105,0.05
4339,1.1600000000000001,0.05
4340,0.6762499999999999,0.05
4341,0.9837500000000001,0.05
4342,1.24,0.05
4343,1.22125,0.05
4344,1.4312500000000001,0.05
4345,1.0775000000000001,0.05
4346,1.0987500000000001,0.05
4347,0.6724999999999999,0.05
4348,1.11375,0.05
4349,1.1375000000000002,0.05
4350,1.11,0.05
4351,1.2475,0.05
4352,0.81875,0.05
4353,1.045,0.05
4354,1.0075,0.05
4355,1.335,0.05
4356,1.1075,0.05
4357,0.8925000000000001,0.05
4358,1.11,0.05
4359,0.81875,0.05
4360,1.21625,0.05
4361,1.20375,0.05
4362,1.28125,0.05
4363,1.0625,0.05
4364,0.75125,0.05
4365,0.7049999999999998,0.05
4366,1.0012500000000002,0.05
4367,0.7199999999999999,0.05
4368,1.1662500000000002,0.05
4369,1.2437500000000001,0.05
4370,0.7375,0.05
4371,1.03,0.05
4372,1.0550000000000002,0.05
4373,0.95875,0.05
4374,1.27,0.05
4375,1.27,0.05
4376,0.935,0.05
4377,0.5262499999999998,0.05
4378,1.02,0.05
4379,1.0987500000000001,0.05
4380,1.4075,0.05
4381,1.3,0.05
4382,-2.96125,0.05
4383,0.4399999999999997,0.05
4384,0.60875,0.05
4385,0.85875,0.05
4386,0.5249999999999997,0.05
4387,1.0562500000000001,0.05
4388,1.07875,0.05
4389,1.36375,0.05
4390,0.8425,0.05
4391,0.80375,0.05
4392,1.2112500000000002,0.05
4393,1.05,0.05
4394,1.24125,0.05
4395,1.12,0.05
4396,1.1487500000000002,0.05
4397,0.75125,0.05
4398,-3.010000000000001,0.05
4399,1.28125,0.05
4400,1.1125,0.05
4401,1.45375,0.05
4402,0.9712500000000001,0.05
4403,1.0350000000000001,0.05
4404,1.28125,0.05
4405,1.08,0.05
4406,0.5262499999999998,0.05
4407,1.1487500000000002,0.05
4408,1.0012500000000002,0.05
4409,-0.043749999999999734,0.05
4410,1.03875,0.05
4411,1.0425,0.05
4412,1.425,0.05
4413,1.0,0.05
4414,1.0550000000000002,0.05
4415,1.07125,0.05
4416,0.4237500000000003,0.05
4417,0.935,0.05
4418,-2.843750000000001,0.05
4419,1.2275,0.05
4420,0.78,0.05
4421,0.7687499999999999,0.05
4422,1.31,0.05
4423,1.31375,0.05
4424,0.7099999999999999,0.05
4425,0.6499999999999998,0.05
4426,0.5862499999999997,0.05
4427,1.3075,0.05
4428,0.4937499999999997,0.05
4429,0.9825000000000002,0.05
4430,1.1,0.05
4431,1.205,0.05
4432,0.20124999999999993,0.05
4433,1.335,0.05
4434,1.20375,0.05
4435,1.06875,0.05
4436,1.3250000000000002,0.05
4437,1.0450000000000002,0.05
4438,1.08,0.05
4439,1.13125,0.05
4440,0.7124999999999999,0.05
4441,0.935,0.05
4442,0.44499999999999984,0.05
4443,1.1525,0.05
4444,1.28875,0.05
4445,1.1150000000000002,0.05
4446,1.06,0.05
4447,1.2725,0.05
4448,1.07875,0.05
4449,1.1162500000000002,0.05
4450,0.9512500000000002,0.05
4451,1.0325000000000002,0.05
4452,1.22625,0.05
4453,1.315,0.05
4454,1.0450000000000002,0.05
4455,1.17875,0.05
4456,1.1175000000000002,0.05
4457,0.9825000000000002,0.05
4458,1.19,0.05
4459,0.4887499999999997,0.05
4460,1.1300000000000001,0.05
4461,-0.5712499999999994,0.05
4462,1.1975,0.05
4463,1.11125,0.05
4464,1.1125,0.05
4465,1.13125,0.05
4466,1.2087500000000002,0.05
4467,0.82,0.05
4468,1.1475,0.05
4469,-2.8737500000000002,0.05
4470,-2.955,0.05
4471,0.4474999999999999,0.05
4472,1.18125,0.05
4473,1.2750000000000001,0.05
4474,0.82125,0.05
4475,1.345,0.05
4476,0.9275000000000001,0.05
4477,1.0437500000000002,0.05
4478,0.83,0.05
4479,0.9512500000000002,0.05
4480,1.1375000000000002,0.05
4481,-2.7750000000000004,0.05
4482,0.69,0.05
4483,0.3149999999999997,0.05
4484,0.9962500000000001,0.05
4485,1.2225000000000001,0.05
4486,0.7699999999999999,0.05
4487,0.78125,0.05
4488,-2.9487500000000004,0.05
4489,1.1500000000000001,0.05
4490,-2.8800000000000012,0.05
4491,0.935,0.05
4492,0.9875,0.05
4493,1.4175,0.05
4494,0.84875,0.05
4495,1.14375,0.05
4496,1.1625,0.05
4497,1.2725,0.05
4498,1.2950000000000002,0.05
4499,0.1637500000000005,0.05
4500,0.9275000000000001,0.05
4501,1.1175000000000002,0.05
4502,1.17625,0.05
4503,1.2275,0.05
4504,1.1875,0.05
4505,1.1500000000000001,0.05
4506,0.5124999999999997,0.05
4507,1.08125,0.05
4508,-0.047499999999999876,0.05
4509,1.4275000000000002,0.05
4510,1.07,0.05
4511,-0.5387499999999992,0.05
4512,0.9550000000000001,0.05
4513,0.825,0.05
4514,1.14375,0.05
4515,0.7449999999999999,0.05
4516,1.2075,0.05
4517,1.1775,0.05
4518,0.32374999999999976,0.05
4519,0.84125,0.05
4520,1.32875,0.05
4521,-0.3787499999999995,0.05
4522,1.1125,0.05
4523,0.9637500000000001,0.05
4524,1.12625,0.05
4525,1.1675,0.05
4526,1.25875,0.05
4527,1.2750000000000001,0.05
4528,0.88125,0.05
4529,1.3487500000000001,0.05
4530,0.7749999999999999,0.05
4531,1.175,0.05
4532,1.46375,0.05
4533,1.485,0.05
4534,1.2275,0.05
4535,0.855,0.05
4536,0.87375,0.05
4537,0.4574999999999997,0.05
4538,0.91125,0.05
4539,1.1575,0.05
4540,1.35,0.05
4541,1.1187500000000001,0.05
4542,-2.8625000000000003,0.05
4543,0.9337500000000001,0.05
4544,-2.866250000000001,0.05
4545,1.175,0.05
4546,0.6574999999999999,0.05
4547,0.895,0.05
4548,1.1800000000000002,0.05
4549,1.25875,0.05
4550,0.5312499999999999,0.05
4551,1.1475,0.05
4552,1.3487500000000001,0.05
4553,1.39125,0.05
4554,-0.4087499999999995,0.05
4555,0.6224999999999998,0.05
4556,0.84375,0.05
4557,1.0425,0.05
4558,0.5762499999999997,0.05
4559,0.94625,0.05
4560,0.49124999999999974,0.05
4561,1.2175,0.05
4562,1.065,0.05
4563,1.35,0.05
4564,1.1075,0.05
4565,1.11625,0.05
4566,0.4399999999999997,0.05
4567,0.9100000000000001,0.05
4568,0.78625,0.05
4569,1.185,0.05
4570,1.11625,0.05
4571,0.4149999999999998,0.05
4572,1.0250000000000001,0.05
4573,0.9337500000000001,0.05
4574,0.9975,0.05
4575,1.19875,0.05
4576,-0.4237499999999994,0.05
4577,1.2550000000000001,0.05
4578,0.21624999999999983,0.05
4579,1.16625,0.05
4580,1.3362500000000002,0.05
4581,1.1,0.05
4582,1.0250000000000001,0.05
4583,0.7224999999999999,0.05
4584,0.84125,0.05
4585,0.2762499999999999,0.05
4586,1.15625,0.05
4587,1.24125,0.05
4588,1.1125,0.05
4589,1.3262500000000002,0.05
4590,-0.16874999999999973,0.05
4591,0.9525000000000001,0.05
4592,1.07625,0.05
4593,0.9675,0.05
4594,0.8725,0.05
4595,0.7399999999999999,0.05
4596,-2.848750000000001,0.05
4597,1.12375,0.05
4598,0.8775000000000001,0.05
4599,1.1900000000000002,0.05
4600,0.9950000000000001,0.05
4601,0.3274999999999999,0.05
4602,1.3175000000000001,0.05
4603,0.91625,0.05
4604,0.20124999999999993,0.05
4605,1.23875,0.05
4606,1.12125,0.05
4607,1.02125,0.05
4608,1.4000000000000001,0.05
4609,1.1975,0.05
4610,1.08125,0.05
4611,0.83,0.05
4612,0.5599999999999998,0.05
4613,0.6312499999999998,0.05
4614,1.045,0.05
4615,1.225,0.05
4616,0.915,0.05
4617,1.25125,0.05
4618,0.9875,0.05
4619,1.23875,0.05
4620,0.7362499999999998,0.05
4621,0.84625,0.05
4622,1.1125,0.05
4623,1.2025000000000001,0.05
4624,1.04,0.05
4625,1.5,0.05
4626,0.8225,0.05
4627,1.1675,0.05
4628,1.35375,0.05
4629,1.1287500000000001,0.05
4630,0.6337499999999998,0.05
4631,1.1800000000000002,0.05
4632,1.1287500000000001,0.05
4633,1.02625,0.05
4634,0.7162499999999998,0.05
4635,1.2950000000000002,0.05
4636,1.38125,0.05
4637,1.08125,0.05
4638,1.5225,0.05
4639,0.7112499999999998,0.05
4640,1.1262500000000002,0.05
4641,1.12375,0.05
4642,1.0075,0.05
4643,0.5974999999999999,0.05
4644,1.21,0.05
4645,1.2950000000000002,0.05
4646,1.2,0.05
4647,1.09375,0.05
4648,1.135,0.05
4649,1.1287500000000001,0.05
4650,1.03375,0.05
4651,1.33125,0.05
4652,0.9187500000000001,0.05
4653,1.14375,0.05
4654,0.9875,0.05
4655,0.8175,0.05
4656,0.6249999999999998,0.05
4657,0.5999999999999998,0.05
4658,1.1600000000000001,0.05
4659,-3.095,0.05
4660,1.22125,0.05
4661,1.37125,0.05
4662,1.23625,0.05
4663,0.82375,0.05
4664,1.13125,0.05
4665,1.36,0.05
4666,1.0750000000000002,0.05
4667,1.17375,0.05
4668,0.86125,0.05
4669,0.90125,0.05
4670,1.14375,0.05
4671,1.4625000000000001,0.05
4672,0.16374999999999984,0.05
4673,1.22625,0.05
4674,1.19875,0.05
4675,0.72125,0.05
4676,1.1287500000000001,0.05
4677,1.11875,0.05
4678,0.86125,0.05
4679,0.89375,0.05
4680,1.09,0.05
4681,1.19,0.05
4682,0.2662500000000003,0.05
4683,1.0075,0.05
4684,1.2650000000000001,0.05
4685,1.11,0.05
4686,0.895,0.05
4687,0.9850000000000001,0.05
4688,0.85375,0.05
4689,0.23749999999999982,0.05
4690,0.9125000000000001,0.05
4691,-0.8812500000000003,0.05
4692,0.85875,0.05
4693,1.0437500000000002,0.05
4694,0.8062499999999999,0.05
4695,1.2337500000000001,0.05
4696,-3.04,0.05
4697,1.1075,0.05
4698,1.0750000000000002,0.05
4699,0.7737499999999999,0.05
4700,1.12,0.05
4701,-3.0162500000000017,0.05
4702,1.0562500000000001,0.05
4703,0.97875,0.05
4704,1.1487500000000002,0.05
4705,1.23625,0.05
4706,1.385,0.05
4707,1.22125,0.05
4708,0.2862499999999999,0.05
4709,1.2025000000000001,0.05
4710,0.835,0.05
4711,1.0462500000000001,0.05
4712,1.11,0.05
4713,1.02,0.05
4714,1.15375,0.05
4715,1.3762500000000002,0.05
4716,1.4225,0.05
4717,1.02625,0.05
4718,1.22625,0.05
4719,0.5524999999999997,0.05
4720,1.0012500000000002,0.05
4721,0.9087500000000001,0.05
4722,1.185,0.05
4723,0.9375,0.05
4724,1.0975000000000001,0.05
4725,1.18375,0.05
4726,0.96875,0.05
4727,0.5762499999999997,0.05
4728,0.8775000000000001,0.05
4729,1.1925000000000001,0.05
4730,0.6637499999999998,0.05
4731,1.07375,0.05
4732,1.09,0.05
4733,1.35,0.05
4734,0.9087500000000001,0.05
4735,0.85875,0.05
4736,0.94375,0.05
4737,1.0937500000000002,0.05
4738,0.19499999999999984,0.05
4739,1.22625,0.05
4740,0.88,0.05
4741,1.30875,0.05
4742,1.07625,0.05
4743,1.335,0.05
4744,1.2475,0.05
4745,1.18375,0.05
4746,1.3587500000000001,0.05
4747,0.78125,0.05
4748,-3.0862499999999993,0.05
4749,1.25875,0.05
4750,0.5749999999999998,0.05
4751,1.0,0.05
4752,1.44875,0.05
4753,1.3575000000000002,0.05
4754,1.30875,0.05
4755,0.8074999999999999,0.05
4756,1.0562500000000001,0.05
4757,1.1725,0.05
4758,1.20375,0.05
4759,1.2537500000000001,0.05
4760,1.2575,0.05
4761,0.8175,0.05
4762,1.01875,0.05
4763,1.1725,0.05
4764,0.91625,0.05
4765,1.295,0.05
4766,0.47624999999999973,0.05
4767,0.8125,0.05
4768,0.7449999999999999,0.05
4769,1.15375,0.05
4770,1.045,0.05
4771,1.09,0.05
4772,1.44375,0.05
4773,1.28,0.05
4774,1.1487500000000002,0.05
4775,1.02625,0.05
4776,1.1175000000000002,0.05
4777,0.18999999999999995,0.05
4778,1.19875,0.05
4779,0.915,0.05
4780,0.9837500000000001,0.05
4781,1.1475,0.05
4782,1.0987500000000001,0.05
4783,0.9750000000000001,0.05
4784,1.07375,0.05
4785,0.94625,0.05
4786,1.0450000000000002,0.05
4787,1.1125,0.05
4788,0.9475,0.05
4789,0.9075000000000001,0.05
4790,1.1725,0.05
4791,1.12625,0.05
4792,1.06,0.05
4793,1.0437500000000002,0.05
4794,1.06,0.05
4795,0.88375,0.05
4796,0.5612499999999999,0.05
4797,1.4800000000000002,0.05
4798,0.3774999999999997,0.05
4799,1.31875,0.05
4800,1.07375,0.05
4801,0.23249999999999993,0.05
4802,0.8800000000000001,0.05
4803,1.29875,0.05
4804,1.02625,0.05
4805,1.5499999999999998,0.05
4806,1.1725,0.05
4807,1.05,0.05
4808,0.36624999999999974,0.05
4809,1.13125,0.05
4810,1.1525,0.05
4811,1.2862500000000001,0.05
4812,1.2225000000000001,0.05
4813,0.4549999999999996,0.05
4814,-2.9200000000000013,0.05
4815,1.3675000000000002,0.05
4816,1.0625,0.05
4817,1.0650000000000002,0.05
4818,-2.7675000000000005,0.05
4819,-3.0537500000000004,0.05
4820,0.8350000000000001,0.05
4821,1.3075,0.05
4822,1.2825000000000002,0.05
4823,0.9850000000000001,0.05
4824,-0.7074999999999998,0.05
4825,0.6412499999999999,0.05
4826,1.355,0.05
4827,1.1125,0.05
4828,0.855,0.05
4829,-2.912500000000001,0.05
4830,1.235,0.05
4831,0.96625,0.05
4832,0.8099999999999999,0.05
4833,1.04,0.05
4834,0.7662499999999999,0.05
4835,1.065,0.05
4836,1.4775,0.05
4837,1.0025,0.05
4838,0.6674999999999998,0.05
4839,0.4299999999999997,0.05
4840,1.1,0.05
4841,1.1125,0.05
4842,0.10374999999999979,0.05
4843,-3.5075,0.05
4844,0.2000000000000004,0.05
4845,1.2637500000000002,0.05
4846,0.9525000000000001,0.05
4847,1.19,0.05
4848,-0.16624999999999956,0.05
4849,0.6224999999999998,0.05
4850,0.84125,0.05
4851,0.5612499999999998,0.05
4852,1.0325000000000002,0.05
4853,0.6774999999999999,0.05
4854,0.5237499999999999,0.05
4855,0.9837500000000001,0.05
4856,1.07625,0.05
4857,1.08875,0.05
4858,0.885,0.05
4859,-0.8612499999999994,0.05
4860,0.82,0.05
4861,1.0550000000000002,0.05
4862,1.0250000000000001,0.05
4863,0.9275000000000001,0.05
4864,1.0025,0.05
4865,0.5399999999999997,0.05
4866,0.9137500000000001,0.05
4867,1.2625000000000002,0.05
4868,0.8925000000000001,0.05
4869,0.9537500000000001,0.05
4870,0.4662499999999997,0.05
4871,1.08875,0.05
4872,1.1625,0.05
4873,1.045,0.05
4874,1.2175,0.05
4875,0.7737499999999999,0.05
4876,0.7525,0.05
4877,1.065,0.05
4878,0.14500000000000002,0.05
4879,1.0875000000000001,0.05
4880,1.105,0.05
4881,0.9325000000000001,0.05
4882,0.85125,0.05
4883,1.1912500000000001,0.05
4884,1.46875,0.05
4885,1.105,0.05
4886,0.855,0.05
4887,0.5237499999999998,0.05
4888,0.9337500000000001,0.05
4889,1.4900000000000002,0.05
4890,-2.781250000000001,0.05
4891,0.8012499999999999,0.05
4892,0.6037499999999998,0.05
4893,0.9587500000000001,0.05
4894,0.8350000000000001,0.05
4895,1.3462500000000002,0.05
4896,1.19,0.05
4897,1.5175,0.05
4898,1.3325,0.05
4899,0.89875,0.05
4900,1.095,0.05
4901,1.1325,0.05
4902,1.105,0.05
4903,1.2725,0.05
4904,1.35375,0.05
4905,0.99,0.05
4906,1.01625,0.05
4907,1.205,0.05
4908,1.13125,0.05
4909,0.9112500000000001,0.05
4910,1.03375,0.05
4911,1.095,0.05
4912,1.0625,0.05
4913,1.2937500000000002,0.05
4914,0.9537500000000001,0.05
4915,0.8562500000000001,0.05
4916,1.07625,0.05
4917,1.105,0.05
4918,1.08,0.05
4919,1.0237500000000002,0.05
4920,0.74125,0.05
4921,0.4924999999999998,0.05
4922,1.21,0.05
4923,1.0025,0.05
4924,1.21,0.05
4925,1.085,0.05
4926,-0.7524999999999997,0.05
4927,1.1062500000000002,0.05
4928,1.3675000000000002,0.05
4929,1.45375,0.05
4930,1.2625000000000002,0.05
4931,1.29875,0.05
4932,-0.24499999999999966,0.05
4933,1.1675,0.05
4934,1.1612500000000001,0.05
4935,1.0075,0.05
4936,0.6124999999999997,0.05
4937,0.82,0.05
4938,0.875,0.05
4939,0.9475,0.05
4940,1.1300000000000001,0.05
4941,1.18125,0.05
4942,1.1675,0.05
4943,0.9850000000000001,0.05
4944,1.18625,0.05
4945,1.02125,0.05
4946,1.2475,0.05
4947,1.555,0.05
4948,0.7387499999999999,0.05
4949,1.2950000000000002,0.05
4950,1.215,0.05
4951,1.1175000000000002,0.05
4952,1.23875,0.05
4953,1.3262500000000002,0.05
4954,0.6774999999999999,0.05
4955,1.1,0.05
4956,1.04,0.05
4957,-0.01124999999999976,0.05
4958,1.0437500000000002,0.05
4959,1.15,0.05
4960,1.08875,0.05
4961,-0.14749999999999974,0.05
4962,1.295,0.05
4963,0.9950000000000001,0.05
4964,0.9337500000000001,0.05
4965,1.04,0.05
4966,0.7162499999999999,0.05
4967,1.1125,0.05
4968,1.25875,0.05
4969,0.6899999999999998,0.05
4970,0.84125,0.05
4971,0.92625,0.05
4972,0.86,0.05
4973,1.1487500000000002,0.05
4974,0.94625,0.05
4975,1.1600000000000001,0.05
4976,1.215,0.05
4977,1.185,0.05
4978,0.9087500000000001,0.05
4979,0.40124999999999966,0.05
4980,1.2537500000000001,0.05
4981,1.0025,0.05
4982,1.0750000000000002,0.05
4983,0.8875000000000001,0.05
4984,1.23625,0.05
4985,1.02,0.05
4986,0.4662499999999997,0.05
4987,1.25875,0.05
4988,0.9225000000000001,0.05
4989,0.87875,0.05
4990,1.08,0.05
4991,1.1262500000000002,0.05
4992,1.2337500000000001,0.05
4993,0.4524999999999998,0.05
4994,0.73375,0.05
4995,1.07375,0.05
4996,1.1600000000000001,0.05
4997,1.335,0.05
4998,1.205,0.05
4999,0.27374999999999994,0.05
5000,0.86,0.05
