episode,reward,epsilon
1,-2.892500000000001,0.5
2,-3.0162500000000003,0.4975
3,-3.091250000000001,0.4950125
4,-3.1525000000000003,0.4925374375
5,-3.00875,0.49007475031250003
6,-3.0874999999999995,0.48762437656093754
7,-3.0437500000000006,0.48518625467813287
8,-3.0025000000000004,0.4827603234047422
9,-2.948750000000001,0.4803465217877185
10,-3.0487500000000005,0.47794478917877986
11,-2.9262500000000005,0.47555506523288593
12,-2.9575,0.4731772899067215
13,-3.04375,0.47081140345718786
14,-3.1750000000000003,0.46845734643990194
15,-2.9025000000000003,0.46611505970770245
16,-3.0312500000000004,0.4637844844091639
17,-2.980000000000001,0.4614655619871181
18,-3.266250000000001,0.4591582341771825
19,-3.100000000000001,0.4568624430062966
20,-2.9875000000000016,0.4545781307912651
21,-2.9150000000000005,0.4523052401373088
22,-3.1362500000000004,0.45004371393662224
23,-3.0200000000000005,0.44779349536693913
24,-2.9875000000000007,0.4455545278901044
25,-1.1800000000000002,0.4433267552506539
26,-3.0100000000000002,0.44111012147440065
27,-3.148750000000001,0.43890457086702866
28,-3.062500000000001,0.43671004801269353
29,-3.0725000000000002,0.4345264977726301
30,-2.896250000000001,0.4323538652837669
31,-2.8162500000000006,0.4301920959573481
32,-2.9325000000000006,0.42804113547756134
33,-3.116250000000001,0.4259009298001735
34,-2.905,0.42377142515117266
35,-3.068750000000001,0.4216525680254168
36,1.2625000000000002,0.4195443051852897
37,-3.0437500000000006,0.4174465836593632
38,-2.8087500000000007,0.4153593507410664
39,-3.040000000000001,0.4132825539873611
40,-3.0587500000000007,0.4112161412174243
41,-2.971250000000001,0.40916006051133713
42,-2.7900000000000005,0.40711426020878044
43,-2.916250000000001,0.4050786889077365
44,-2.9225000000000008,0.40305329546319785
45,-3.020000000000001,0.40103802898588187
46,-3.1400000000000006,0.3990328388409525
47,-3.1100000000000008,0.3970376746467477
48,-2.897500000000001,0.39505248627351397
49,-2.938750000000001,0.3930772238421464
50,-2.9274999999999998,0.3911118377229357
51,-2.900000000000001,0.389156278534321
52,-2.9037500000000005,0.3872104971416494
53,-2.982500000000001,0.38527444465594113
54,-2.996250000000001,0.38334807243266145
55,-2.866250000000001,0.3814313320704981
56,-2.9275000000000015,0.3795241754101456
57,0.21750000000000025,0.37762655453309485
58,-2.7800000000000007,0.3757384217604294
59,-2.847500000000001,0.3738597296516272
60,-3.0300000000000007,0.3719904310033691
61,-2.837500000000001,0.37013047884835226
62,-2.9200000000000004,0.3682798264541105
63,-2.91875,0.36643842732183995
64,-2.8100000000000005,0.3646062351852308
65,-2.8412500000000005,0.36278320400930464
66,-2.8087500000000016,0.3609692879892581
67,-2.9650000000000007,0.3591644415493118
68,-2.7612500000000004,0.3573686193415653
69,-3.0087500000000005,0.35558177624485743
70,-2.9000000000000004,0.3538038673636331
71,-2.9662500000000005,0.35203484802681495
72,-3.050000000000001,0.35027467378668087
73,-2.9225000000000008,0.3485233004177475
74,0.1900000000000004,0.34678068391565875
75,0.8787500000000001,0.34504678049608045
76,-2.7987500000000005,0.34332154659360004
77,-3.0362500000000003,0.34160493886063203
78,-3.0125000000000006,0.3398969141663289
79,-2.8362500000000006,0.33819742959549726
80,-3.043750000000001,0.33650644244751976
81,-3.0362500000000017,0.3348239102352822
82,-2.857500000000001,0.3331497906841058
83,-3.0587500000000007,0.33148404173068524
84,-2.906250000000001,0.3298266215220318
85,-2.9162500000000007,0.3281774884144216
86,-3.073750000000001,0.3265366009723495
87,-2.9225,0.32490391796748774
88,-3.062500000000001,0.3232793983776503
89,-3.381250000000002,0.32166300138576204
90,-2.886250000000001,0.3200546863788332
91,-2.9987500000000002,0.31845441294693905
92,-2.902500000000001,0.3168621408822043
93,0.43125000000000013,0.3152778301777933
94,-2.9475000000000007,0.31370144102690434
95,-2.7187500000000004,0.3121329338217698
96,-2.963750000000001,0.31057226915266095
97,-2.872500000000001,0.30901940780689763
98,-2.775000000000001,0.30747431076786313
99,0.32499999999999973,0.3059369392140238
100,-2.93875,0.3044072545179537
101,-2.818750000000001,0.3028852182453639
102,-2.9262500000000005,0.3013707921541371
103,-2.810000000000001,0.29986393819336643
104,-2.775000000000001,0.2983646185023996
105,-2.83875,0.2968727954098876
106,-2.8600000000000008,0.29538843143283816
107,-2.952500000000001,0.29391148927567395
108,-2.9074999999999993,0.29244193182929556
109,-2.83125,0.2909797221701491
110,-0.5062499999999992,0.28952482355929837
111,0.5699999999999997,0.2880771994415019
112,-2.8737500000000007,0.28663681344429437
113,-2.8675000000000006,0.2852036293770729
114,-2.9287500000000004,0.2837776112301875
115,-2.77,0.2823587231740366
116,-2.8550000000000004,0.2809469295581664
117,-2.7350000000000008,0.2795421949103756
118,-2.9400000000000013,0.2781444839358237
119,-2.6925000000000003,0.27675376151614456
120,-2.935000000000001,0.2753699927085638
121,-2.905000000000001,0.273993142745021
122,1.555,0.2726231770312959
123,-3.193750000000001,0.27126006114613943
124,1.4225,0.26990376084040874
125,-2.8662500000000013,0.2685542420362067
126,-3.107500000000002,0.26721147082602564
127,-2.9150000000000005,0.2658754134718955
128,-3.0225000000000004,0.26454603640453606
129,-3.0375000000000005,0.2632233062225134
130,-0.9487500000000002,0.2619071896914008
131,-2.887500000000001,0.2605976537429438
132,-2.880000000000001,0.2592946654742291
133,-2.9562500000000007,0.25799819214685793
134,-2.9875000000000007,0.25670820118612364
135,-3.1825000000000014,0.255424660180193
136,-2.913750000000001,0.25414753687929204
137,-2.9800000000000013,0.2528767991948956
138,-0.5099999999999991,0.2516124151989211
139,-3.00625,0.2503543531229265
140,-2.74125,0.24910258135731184
141,-2.845,0.24785706845052527
142,-2.8400000000000007,0.24661778310827265
143,-2.865,0.2453846941927313
144,-2.7325000000000004,0.24415777072176764
145,-3.016250000000001,0.2429369818681588
146,-3.032500000000001,0.241722296958818
147,1.495,0.2405136854740239
148,-2.65,0.23931111704665378
149,-2.855,0.23811456146142052
150,0.08500000000000019,0.2369239886541134
151,-2.7325000000000004,0.23573936871084283
152,-2.9575000000000005,0.23456067186728863
153,-2.9800000000000013,0.23338786850795218
154,0.935,0.23222092916541243
155,-2.8475,0.23105982451958537
156,-2.6550000000000007,0.22990452539698744
157,-2.8537500000000007,0.2287550027700025
158,-2.83875,0.22761122775615247
159,-2.8924999999999996,0.2264731716173717
160,-2.7662500000000008,0.22534080575928486
161,-2.8400000000000007,0.22421410173048845
162,1.1475,0.223093031221836
163,-2.7987500000000005,0.2219775660657268
164,-2.8875,0.22086767823539816
165,-2.7487500000000002,0.21976333984422117
166,-2.7187500000000004,0.21866452314500007
167,-2.8837500000000014,0.21757120052927506
168,-2.8000000000000007,0.21648334452662868
169,-2.862500000000001,0.21540092780399553
170,-2.951250000000001,0.21432392316497556
171,-2.7362500000000005,0.21325230354915067
172,-2.8575000000000004,0.21218604203140493
173,-2.8925000000000005,0.2111251118212479
174,-2.8300000000000005,0.21006948626214167
175,-2.8137500000000006,0.20901913883083095
176,-2.8900000000000006,0.2079740431366768
177,-3.0487499999999996,0.20693417292099342
178,-2.8737500000000002,0.20589950205638846
179,-1.0887500000000003,0.20487000454610652
180,-2.7850000000000006,0.20384565452337597
181,-2.8287500000000008,0.20282642625075908
182,-2.971250000000001,0.2018122941195053
183,-0.11999999999999966,0.20080323264890776
184,-2.9237500000000005,0.1997992164856632
185,-2.9,0.1988002204032349
186,0.47250000000000003,0.19780621930121872
187,-2.6862500000000002,0.19681718820471264
188,-2.7250000000000005,0.19583310226368908
189,0.9825000000000002,0.19485393675237064
190,-2.8950000000000005,0.1938796670686088
191,-2.7075,0.19291026873326575
192,-2.946250000000001,0.19194571738959942
193,-2.967500000000001,0.1909859888026514
194,-2.8850000000000007,0.19003105885863816
195,-2.743750000000001,0.18908090356434498
196,-2.8312500000000003,0.18813549904652327
197,-2.7487500000000002,0.18719482155129066
198,-2.8300000000000005,0.18625884744353421
199,0.9400000000000002,0.18532755320631655
200,-2.9225000000000003,0.18440091544028497
201,-2.9437500000000005,0.18347891086308354
202,-2.9562500000000003,0.18256151630876813
203,-2.883750000000001,0.1816487087272243
204,-2.935,0.1807404651835882
205,-2.837500000000001,0.17983676285767025
206,1.2025000000000001,0.1789375790433819
207,0.6162499999999999,0.178042891148165
208,-2.89375,0.17715267669242415
209,-0.29124999999999956,0.17626691330896202
210,-2.916250000000001,0.1753855787424172
211,0.2437499999999999,0.17450865084870512
212,-0.6387499999999995,0.1736361075944616
213,-2.8674999999999997,0.1727679270564893
214,-2.817500000000001,0.17190408742120686
215,-2.9037500000000005,0.1710445669841008
216,-2.875000000000001,0.1701893441491803
217,-2.8675,0.1693383974284344
218,-2.982500000000001,0.16849170544129222
219,-3.1449999999999996,0.16764924691408575
220,-2.8600000000000003,0.16681100067951532
221,-2.886250000000001,0.16597694567611773
222,-3.2975000000000017,0.16514706094773715
223,-3.2287500000000002,0.16432132564299848
224,-2.7150000000000003,0.1634997190147835
225,-2.998750000000001,0.1626822204197096
226,-2.862500000000001,0.16186880931761105
227,-3.035,0.161059465271023
228,-2.8350000000000004,0.16025416794466787
229,-3.0362500000000012,0.15945289710494454
230,-2.88125,0.1586556326194198
231,-2.7687500000000007,0.1578623544563227
232,-2.9025000000000003,0.1570730426840411
233,-0.9825000000000002,0.1562876774706209
234,-0.5499999999999992,0.15550623908326777
235,-0.48999999999999955,0.15472870788785142
236,-1.05875,0.15395506434841216
237,1.35,0.1531852890266701
238,-0.7312499999999993,0.15241936258153677
239,0.24624999999999986,0.1516572657686291
240,0.64125,0.15089897943978595
241,-2.991250000000001,0.15014448454258703
242,-3.051250000000001,0.1493937621198741
243,-2.8625000000000003,0.14864679330927472
244,-2.8050000000000006,0.14790355934272834
245,-2.74375,0.1471640415460147
246,-2.778750000000001,0.14642822133828462
247,-2.825000000000001,0.1456960802315932
248,-2.6937500000000005,0.14496759983043522
249,-2.9575000000000005,0.14424276183128304
250,-2.867500000000001,0.14352154802212663
251,-2.8387500000000006,0.142803940282016
252,-2.5999999999999996,0.14208992058060593
253,-0.01999999999999935,0.1413794709777029
254,-2.903750000000001,0.14067257362281438
255,-2.9287499999999995,0.1399692107547003
256,-2.7562500000000005,0.13926936470092682
257,-2.966250000000001,0.13857301787742218
258,0.3487499999999999,0.13788015278803506
259,-3.020000000000001,0.1371907520240949
260,-2.9975000000000005,0.1365047982639744
261,-2.9275000000000007,0.13582227427265453
262,-2.9425000000000012,0.13514316290129125
263,-2.9050000000000002,0.1344674470867848
264,0.9850000000000001,0.13379510985135087
265,-0.1387499999999997,0.1331261343020941
266,-2.6875000000000004,0.13246050363058365
267,-0.8725000000000003,0.13179820111243074
268,-2.775000000000001,0.13113921010686858
269,0.9237500000000001,0.13048351405633424
270,-2.81,0.12983109648605257
271,0.38749999999999973,0.1291819410036223
272,-2.9975000000000005,0.1285360312986042
273,-2.8050000000000006,0.12789335114211117
274,1.06125,0.12725388438640062
275,-2.7087500000000007,0.1266176149644686
276,-2.97125,0.12598452688964626
277,-2.8062500000000012,0.12535460425519804
278,-2.886250000000001,0.12472783123392205
279,-2.8925000000000005,0.12410419207775243
280,-2.7425,0.12348367111736366
281,0.036250000000000115,0.12286625276177685
282,-0.7087499999999998,0.12225192149796796
283,-2.8050000000000006,0.12164066189047812
284,-2.9650000000000007,0.12103245858102572
285,0.9,0.1204272962881206
286,-2.6687500000000006,0.11982515980668
287,-2.891250000000001,0.1192260340076466
288,-3.0325,0.11862990383760837
289,0.5525,0.11803675431842033
290,-3.0574999999999997,0.11744657054682822
291,0.8125,0.11685933769409408
292,0.8275,0.11627504100562361
293,-2.873750000000001,0.1156936658005955
294,-2.724999999999999,0.11511519747159252
295,-2.850000000000001,0.11453962148423455
296,-2.9000000000000012,0.11396692337681337
297,-2.7312500000000006,0.11339708875992931
298,-2.848750000000001,0.11283010331612967
299,1.245,0.11226595279954901
300,-0.7699999999999998,0.11170462303555127
301,1.1675,0.11114609992037351
302,-2.965000000000001,0.11059036942077165
303,-2.825,0.11003741757366779
304,-2.8587500000000006,0.10948723048579945
305,1.39125,0.10893979433337045
306,-0.3737499999999996,0.1083950953617036
307,-2.7625,0.10785311988489507
308,-2.825000000000001,0.10731385428547059
309,-3.0425000000000004,0.10677728501404324
310,-2.875000000000001,0.10624339858897303
311,-2.8000000000000003,0.10571218159602816
312,0.09499999999999997,0.10518362068804801
313,0.8,0.10465770258460777
314,-0.8012499999999998,0.10413441407168474
315,-0.40249999999999964,0.10361374200132631
316,-2.886250000000001,0.10309567329131968
317,-2.63,0.10258019492486307
318,1.07625,0.10206729395023875
319,0.10000000000000009,0.10155695748048756
320,-2.77875,0.10104917269308512
321,-3.148750000000001,0.1005439268296197
322,-0.030000000000000027,0.1000412071954716
323,-2.85875,0.09954100115949424
324,-2.9237500000000014,0.09904329615369677
325,-3.145000000000002,0.09854807967292828
326,-2.7800000000000007,0.09805533927456364
327,-2.9225000000000008,0.09756506257819082
328,0.4362499999999996,0.09707723726529986
329,0.585,0.09659185107897336
330,-2.8937500000000007,0.0961088918235785
331,-2.8850000000000002,0.0956283473644606
332,-0.7699999999999998,0.0951502056276383
333,-2.7125000000000004,0.09467445459950011
334,1.1525,0.09420108232650261
335,-2.7112500000000006,0.09373007691487009
336,-2.8000000000000007,0.09326142653029575
337,0.15999999999999992,0.09279511939764427
338,0.7100000000000001,0.09233114380065605
339,-3.78125,0.09186948808165277
340,0.19000000000000017,0.0914101406412445
341,-2.7437500000000004,0.09095308993803829
342,-3.0325000000000015,0.09049832448834809
343,1.3800000000000001,0.09004583286590635
344,0.91125,0.08959560370157682
345,-2.74375,0.08914762568306893
346,-0.2312499999999995,0.08870188755465358
347,-0.01499999999999968,0.08825837811688031
348,0.9337500000000001,0.0878170862262959
349,-0.6249999999999993,0.08737800079516442
350,-1.1875000000000007,0.08694111079118859
351,-3.040000000000002,0.08650640523723264
352,-2.873750000000001,0.08607387321104648
353,-0.09875000000000012,0.08564350384499125
354,-2.8225000000000007,0.08521528632576629
355,-3.1737500000000023,0.08478920989413746
356,-2.8700000000000006,0.08436526384466678
357,-2.806250000000001,0.08394343752544345
358,-3.149999999999999,0.08352372033781623
359,-2.8737500000000007,0.08310610173612715
360,0.7699999999999999,0.08269057122744651
361,-2.63,0.08227711837130927
362,-2.92,0.08186573277945272
363,-2.850000000000001,0.08145640411555546
364,-1.0812500000000005,0.08104912209497768
365,-2.7425,0.08064387648450279
366,-2.867500000000001,0.08024065710208027
367,-3.1362500000000018,0.07983945381656987
368,0.7124999999999998,0.07944025654748703
369,-2.873750000000001,0.0790430552647496
370,1.2775,0.07864783998842585
371,-2.8237500000000004,0.07825460078848372
372,-2.8750000000000013,0.0778633277845413
373,-0.14874999999999972,0.0774740111456186
374,-2.9362500000000016,0.07708664108989051
375,-2.7,0.07670120788444106
376,-2.847500000000001,0.07631770184501885
377,-2.7987500000000005,0.07593611333579375
378,-3.0625,0.07555643276911478
379,0.4562499999999997,0.07517865060526921
380,-2.921250000000001,0.07480275735224286
381,-0.7574999999999996,0.07442874356548164
382,1.46375,0.07405659984765423
383,-0.9324999999999994,0.07368631684841595
384,-2.875000000000001,0.07331788526417388
385,0.19124999999999992,0.07295129583785301
386,-0.43624999999999914,0.07258653935866374
387,-2.97125,0.07222360666187043
388,1.4849999999999999,0.07186248862856108
389,-2.9412500000000006,0.07150317618541828
390,-3.771249999999999,0.07114566030449118
391,0.9712500000000001,0.07078993200296872
392,-2.8112500000000007,0.07043598234295388
393,-2.7000000000000006,0.07008380243123911
394,1.1,0.06973338341908292
395,-0.12749999999999972,0.0693847165019875
396,-0.45374999999999943,0.06903779291947756
397,0.3474999999999999,0.06869260395488018
398,0.46250000000000013,0.06834914093510577
399,-2.8562500000000006,0.06800739523043024
400,0.48999999999999966,0.0676673582542781
401,-2.6600000000000006,0.0673290214630067
402,0.7699999999999999,0.06699237635569168
403,-0.4024999999999992,0.06665741447391321
404,-2.818750000000001,0.06632412740154364
405,-2.775000000000001,0.06599250676453593
406,-3.317499999999999,0.06566254423071324
407,-2.950000000000001,0.06533423150955968
408,-2.786250000000001,0.06500756035201188
409,0.74625,0.06468252255025182
410,-2.9650000000000003,0.06435910993750056
411,-2.8937500000000007,0.06403731438781306
412,-2.972500000000001,0.06371712781587399
413,0.5174999999999997,0.06339854217679462
414,-0.9050000000000002,0.06308154946591064
415,1.24625,0.0627661417185811
416,-1.101250000000001,0.06245231100998819
417,-2.843750000000001,0.06214004945493825
418,0.2899999999999998,0.06182934920766356
419,-0.3874999999999993,0.06152020246162524
420,-2.8975000000000004,0.06121260144931712
421,-2.9312500000000012,0.06090653844207053
422,-0.27499999999999947,0.060602005749860174
423,1.22875,0.06029899572111087
424,-2.950000000000001,0.059997500742505316
425,-2.886250000000001,0.05969751323879279
426,-2.5999999999999996,0.059399025672598825
427,-3.124999999999999,0.05910203054423583
428,-1.0387500000000005,0.05880652039151465
429,-2.77375,0.058512487789557074
430,-1.0562500000000006,0.05821992535060929
431,1.46375,0.05792882572385624
432,-0.41499999999999937,0.05763918159523696
433,-0.35249999999999937,0.057350985687260776
434,-0.6799999999999995,0.05706423075882447
435,-2.9625000000000004,0.05677890960503035
436,-0.6812499999999997,0.056495015057005195
437,-0.8200000000000001,0.05621253998172017
438,0.1625000000000001,0.05593147728181157
439,-1.0075,0.05565181989540251
440,0.018750000000000044,0.055373560795925494
441,0.91125,0.05509669299194587
442,0.2550000000000001,0.05482120952698614
443,1.185,0.054547103479351204
444,-2.9162500000000002,0.05427436796195445
445,-2.9987500000000007,0.05400299612214468
446,0.9125000000000001,0.05373298114153396
447,-3.72,0.05346431623582629
448,-3.95125,0.05319699465464715
449,-2.825000000000001,0.05293100968137392
450,-3.177500000000002,0.052666354632967045
451,-3.0612500000000002,0.05240302285980221
452,-1.1862500000000005,0.0521410077455032
453,0.6499999999999999,0.05188030270677568
454,-2.991250000000001,0.0516209011932418
455,-2.7687500000000007,0.05136279668727559
456,-2.7625000000000006,0.05110598270383922
457,-3.03625,0.05085045279032002
458,-2.8750000000000004,0.05059620052636842
459,-2.785000000000001,0.050343219523736576
460,-0.23374999999999946,0.050091503426117893
461,0.9325,0.05
462,-3.336250000000002,0.05
463,0.2699999999999998,0.05
464,-2.9175,0.05
465,-2.806250000000001,0.05
466,-2.8000000000000007,0.05
467,-3.065000000000001,0.05
468,-2.805,0.05
469,-0.7962499999999995,0.05
470,-2.698749999999999,0.05
471,-3.115000000000001,0.05
472,-2.9925000000000006,0.05
473,-3.2337499999999997,0.05
474,-2.8275,0.05
475,-2.7000000000000006,0.05
476,-2.825000000000001,0.05
477,0.5674999999999998,0.05
478,-2.9312500000000012,0.05
479,-0.061249999999999805,0.05
480,-3.055,0.05
481,-3.3137499999999998,0.05
482,-2.781250000000001,0.05
483,-2.77875,0.05
484,-3.1125000000000003,0.05
485,-2.9062500000000004,0.05
486,0.3587499999999997,0.05
487,-2.8500000000000005,0.05
488,-2.8300000000000005,0.05
489,-2.8787499999999997,0.05
490,-2.867500000000001,0.05
491,-2.9287499999999995,0.05
492,-2.781250000000001,0.05
493,-0.19249999999999967,0.05
494,-2.9812499999999997,0.05
495,-2.9237499999999996,0.05
496,-3.0700000000000003,0.05
497,-2.850000000000001,0.05
498,0.875,0.05
499,-2.873750000000001,0.05
500,-2.8475,0.05
501,0.28249999999999975,0.05
502,1.4912500000000002,0.05
503,-0.7149999999999996,0.05
504,0.9400000000000001,0.05
505,-0.29499999999999926,0.05
506,-0.4599999999999995,0.05
507,-2.806250000000001,0.05
508,0.7462499999999999,0.05
509,-0.09624999999999995,0.05
510,0.9912500000000001,0.05
511,0.3849999999999998,0.05
512,0.75375,0.05
513,-0.2724999999999995,0.05
514,-3.16625,0.05
515,-2.911250000000001,0.05
516,-3.013750000000001,0.05
517,0.018750000000000044,0.05
518,-2.7062500000000007,0.05
519,-3.0000000000000013,0.05
520,-2.9112500000000012,0.05
521,-2.910000000000001,0.05
522,0.6587499999999998,0.05
523,-2.7175000000000002,0.05
524,-2.961250000000001,0.05
525,0.04000000000000026,0.05
526,-3.0925000000000007,0.05
527,-3.0175000000000014,0.05
528,-2.9187499999999997,0.05
529,-2.8925,0.05
530,-3.4262499999999996,0.05
531,0.7937500000000001,0.05
532,-2.886250000000001,0.05
533,-0.662499999999999,0.05
534,-1.0637500000000004,0.05
535,-3.08375,0.05
536,-3.045000000000001,0.05
537,-2.983750000000001,0.05
538,-2.8625000000000007,0.05
539,0.07875000000000032,0.05
540,-3.443750000000001,0.05
541,0.12125000000000008,0.05
542,-3.8649999999999998,0.05
543,-2.7362500000000005,0.05
544,-2.781250000000001,0.05
545,0.16875000000000018,0.05
546,0.8362499999999999,0.05
547,0.8375,0.05
548,0.6099999999999998,0.05
549,1.2537500000000001,0.05
550,0.88,0.05
551,-2.987500000000001,0.05
552,-0.2574999999999996,0.05
553,0.45874999999999966,0.05
554,-1.2787500000000007,0.05
555,-2.837500000000001,0.05
556,-2.7287500000000007,0.05
557,0.7875,0.05
558,-3.0387499999999994,0.05
559,-0.9737500000000001,0.05
560,-2.9575000000000005,0.05
561,-0.42124999999999924,0.05
562,-2.8662500000000013,0.05
563,0.13375000000000004,0.05
564,0.5987499999999998,0.05
565,0.8487500000000001,0.05
566,0.7025,0.05
567,-0.7212499999999997,0.05
568,-2.843750000000001,0.05
569,-2.8000000000000007,0.05
570,-1.2087500000000004,0.05
571,1.34,0.05
572,-2.9800000000000013,0.05
573,0.4099999999999997,0.05
574,-0.27499999999999947,0.05
575,-2.837500000000001,0.05
576,-3.298750000000001,0.05
577,-0.5874999999999992,0.05
578,0.42874999999999974,0.05
579,1.4225,0.05
580,-0.3974999999999993,0.05
581,-2.7562500000000005,0.05
582,0.9687500000000001,0.05
583,-0.5937499999999993,0.05
584,-2.818750000000001,0.05
585,-2.936250000000001,0.05
586,0.7712499999999999,0.05
587,-2.837500000000001,0.05
588,-0.4799999999999993,0.05
589,-0.7775000000000001,0.05
590,1.1475,0.05
591,0.8425,0.05
592,0.2812499999999998,0.05
593,-0.38624999999999976,0.05
594,1.3487500000000001,0.05
595,-2.842500000000001,0.05
596,-3.1475000000000017,0.05
597,-2.9712500000000004,0.05
598,-0.8499999999999999,0.05
599,-2.825000000000001,0.05
600,-2.8375000000000004,0.05
601,-0.04999999999999982,0.05
602,-2.7937499999999997,0.05
603,-2.806250000000001,0.05
604,-3.5037499999999993,0.05
605,-2.7437500000000004,0.05
606,0.1475000000000002,0.05
607,-2.868750000000001,0.05
608,-2.8925000000000005,0.05
609,-0.00749999999999984,0.05
610,-2.875000000000001,0.05
611,-1.582499999999999,0.05
612,0.43125000000000036,0.05
613,-0.27499999999999947,0.05
614,1.49875,0.05
615,-2.817500000000001,0.05
616,-2.862500000000001,0.05
617,-2.880000000000001,0.05
618,-2.8000000000000007,0.05
619,-3.3087500000000007,0.05
620,-2.9425000000000003,0.05
621,-2.6500000000000004,0.05
622,-0.043749999999999734,0.05
623,-2.7500000000000004,0.05
624,0.6724999999999999,0.05
625,-2.9987500000000016,0.05
626,0.6775,0.05
627,0.9712500000000002,0.05
628,-2.862500000000001,0.05
629,1.2675,0.05
630,-0.5687499999999992,0.05
631,-1.3512500000000014,0.05
632,-0.7825,0.05
633,0.86125,0.05
634,0.5474999999999998,0.05
635,-3.4175000000000013,0.05
636,-3.0362500000000012,0.05
637,-2.7937500000000006,0.05
638,0.9475,0.05
639,-2.89625,0.05
640,-0.5162499999999992,0.05
641,0.028750000000000275,0.05
642,-0.6124999999999996,0.05
643,0.5674999999999998,0.05
644,0.5099999999999998,0.05
645,-0.029999999999999805,0.05
646,-2.9312499999999995,0.05
647,-2.89,0.05
648,-2.7937500000000006,0.05
649,-0.18374999999999964,0.05
650,-2.8362500000000006,0.05
651,-2.900000000000001,0.05
652,-0.6637499999999996,0.05
653,-2.912500000000001,0.05
654,1.4725000000000001,0.05
655,-2.7800000000000007,0.05
656,1.1612500000000001,0.05
657,-0.8712500000000001,0.05
658,-2.837500000000001,0.05
659,-2.712500000000001,0.05
660,1.5225,0.05
661,1.20625,0.05
662,0.91625,0.05
663,-1.1737500000000007,0.05
664,0.715,0.05
665,-0.3099999999999996,0.05
666,-2.9300000000000015,0.05
667,1.41375,0.05
668,0.6049999999999998,0.05
669,-2.8512500000000007,0.05
670,-2.8000000000000007,0.05
671,-2.8000000000000007,0.05
672,-1.2100000000000002,0.05
673,-2.953750000000001,0.05
674,-2.8475,0.05
675,-0.7624999999999995,0.05
676,-2.900000000000001,0.05
677,0.5549999999999998,0.05
678,0.5049999999999998,0.05
679,-3.04125,0.05
680,-1.087500000000001,0.05
681,0.65375,0.05
682,-2.7375,0.05
683,0.5662499999999998,0.05
684,-2.9887500000000005,0.05
685,-2.950000000000001,0.05
686,1.2937500000000002,0.05
687,-2.8375000000000004,0.05
688,-2.83625,0.05
689,-0.02874999999999983,0.05
690,-0.09874999999999967,0.05
691,-0.8412499999999998,0.05
692,-0.4587499999999993,0.05
693,0.6774999999999999,0.05
694,0.87875,0.05
695,-2.905000000000001,0.05
696,-0.18874999999999953,0.05
697,-0.15374999999999872,0.05
698,0.5324999999999996,0.05
699,-0.30624999999999947,0.05
700,0.47499999999999987,0.05
701,-2.9300000000000006,0.05
702,-0.24249999999999927,0.05
703,-3.16625,0.05
704,-2.8250000000000006,0.05
705,-0.4924999999999995,0.05
706,-0.7899999999999998,0.05
707,1.07625,0.05
708,0.7699999999999999,0.05
709,0.41624999999999956,0.05
710,-0.14624999999999955,0.05
711,-2.7937500000000006,0.05
712,-2.9800000000000013,0.05
713,-0.35374999999999956,0.05
714,0.9850000000000001,0.05
715,0.3724999999999996,0.05
716,-2.912500000000001,0.05
717,0.46999999999999964,0.05
718,-0.41499999999999937,0.05
719,1.08,0.05
720,0.7925,0.05
721,0.5337499999999997,0.05
722,0.1625000000000001,0.05
723,0.21875,0.05
724,0.6174999999999998,0.05
725,-2.830000000000001,0.05
726,0.18874999999999997,0.05
727,1.11,0.05
728,0.6524999999999999,0.05
729,-3.3200000000000007,0.05
730,1.375,0.05
731,-2.7375000000000007,0.05
732,1.235,0.05
733,-0.09499999999999931,0.05
734,-2.6,0.05
735,0.5162499999999997,0.05
736,0.88,0.05
737,0.30499999999999994,0.05
738,0.23249999999999993,0.05
739,-2.8925000000000005,0.05
740,-0.24999999999999956,0.05
741,1.295,0.05
742,0.8225,0.05
743,-0.19874999999999976,0.05
744,-0.5487499999999992,0.05
745,0.7762500000000001,0.05
746,0.9700000000000001,0.05
747,-0.544999999999999,0.05
748,-2.823750000000001,0.05
749,-2.7200000000000006,0.05
750,-2.77125,0.05
751,0.78625,0.05
752,-2.8674999999999997,0.05
753,-2.8250000000000006,0.05
754,-2.875000000000001,0.05
755,-0.6199999999999994,0.05
756,-0.0024999999999999467,0.05
757,-0.2587499999999996,0.05
758,-0.6124999999999996,0.05
759,0.8975000000000001,0.05
760,0.4149999999999998,0.05
761,0.0475000000000001,0.05
762,-2.9425000000000012,0.05
763,-2.66875,0.05
764,-0.07249999999999979,0.05
765,1.2775,0.05
766,1.455,0.05
767,-0.8337499999999995,0.05
768,0.36624999999999974,0.05
769,-2.9650000000000003,0.05
770,0.012500000000000178,0.05
771,0.6712499999999999,0.05
772,1.11,0.05
773,0.9800000000000001,0.05
774,1.5037500000000001,0.05
775,0.96875,0.05
776,-1.0050000000000006,0.05
777,-2.9675,0.05
778,-2.8850000000000007,0.05
779,1.30875,0.05
780,-0.8687500000000001,0.05
781,1.375,0.05
782,-0.7012499999999997,0.05
783,-0.5924999999999991,0.05
784,-0.9087500000000002,0.05
785,1.16375,0.05
786,-2.7,0.05
787,0.5787499999999998,0.05
788,-2.8937500000000007,0.05
789,0.9300000000000002,0.05
790,0.7675,0.05
791,1.155,0.05
792,0.7675,0.05
793,0.82,0.05
794,-3.0100000000000007,0.05
795,1.18625,0.05
796,0.86,0.05
797,0.31874999999999964,0.05
798,-1.3087499999999996,0.05
799,1.1675,0.05
800,0.25,0.05
801,-2.7687500000000007,0.05
802,-2.9237500000000005,0.05
803,-0.4399999999999993,0.05
804,0.2749999999999999,0.05
805,-1.1912500000000008,0.05
806,0.03125,0.05
807,-1.1412500000000005,0.05
808,-0.023749999999999716,0.05
809,1.1900000000000002,0.05
810,-2.7187500000000004,0.05
811,-0.9237500000000007,0.05
812,-2.7800000000000002,0.05
813,-2.892500000000001,0.05
814,1.23875,0.05
815,0.6049999999999998,0.05
816,0.5249999999999997,0.05
817,-0.5999999999999994,0.05
818,-2.9550000000000005,0.05
819,-2.923750000000001,0.05
820,0.7499999999999999,0.05
821,-2.881250000000001,0.05
822,1.29875,0.05
823,0.7149999999999999,0.05
824,-3.400000000000002,0.05
825,-0.7574999999999996,0.05
826,-2.8250000000000006,0.05
827,0.13000000000000034,0.05
828,-2.7687500000000007,0.05
829,-2.912500000000001,0.05
830,0.49624999999999964,0.05
831,1.33875,0.05
832,1.2537500000000001,0.05
833,-3.1887499999999998,0.05
834,1.4675,0.05
835,-2.875000000000001,0.05
836,0.895,0.05
837,-2.9712500000000013,0.05
838,0.2250000000000001,0.05
839,-1.2462500000000005,0.05
840,-2.843750000000001,0.05
841,-0.7374999999999996,0.05
842,0.4262499999999996,0.05
843,0.905,0.05
844,-2.950000000000001,0.05
845,0.24499999999999988,0.05
846,0.79,0.05
847,0.7625,0.05
848,1.28125,0.05
849,0.7475,0.05
850,1.1425,0.05
851,0.9425,0.05
852,-0.5837499999999995,0.05
853,-2.8625000000000003,0.05
854,0.17999999999999994,0.05
855,-0.8487500000000001,0.05
856,-0.845,0.05
857,0.97875,0.05
858,1.45875,0.05
859,-1.0825000000000002,0.05
860,0.9850000000000001,0.05
861,-0.1349999999999998,0.05
862,0.49999999999999967,0.05
863,-2.972500000000001,0.05
864,0.5737499999999998,0.05
865,-2.855,0.05
866,1.18625,0.05
867,-0.0924999999999998,0.05
868,0.24499999999999988,0.05
869,-2.843750000000001,0.05
870,-0.11999999999999966,0.05
871,-0.8612500000000003,0.05
872,-3.7300000000000026,0.05
873,0.22499999999999987,0.05
874,0.7875,0.05
875,1.1800000000000002,0.05
876,-1.5837500000000009,0.05
877,1.3025,0.05
878,0.5425,0.05
879,1.09,0.05
880,-0.026249999999999662,0.05
881,-3.012500000000001,0.05
882,1.425,0.05
883,0.27249999999999996,0.05
884,0.8612500000000001,0.05
885,0.96625,0.05
886,-3.04,0.05
887,-0.6699999999999993,0.05
888,0.80625,0.05
889,0.4399999999999997,0.05
890,0.30874999999999964,0.05
891,1.0025,0.05
892,-0.24499999999999966,0.05
893,-2.8187500000000005,0.05
894,-2.9562500000000007,0.05
895,1.3900000000000001,0.05
896,-0.004999999999999893,0.05
897,-0.5487499999999996,0.05
898,-0.009999999999999787,0.05
899,0.5974999999999998,0.05
900,0.4949999999999998,0.05
901,-0.019999999999999574,0.05
902,0.2899999999999998,0.05
903,1.3050000000000002,0.05
904,-0.77125,0.05
905,1.07625,0.05
906,-0.5049999999999992,0.05
907,-2.82,0.05
908,-0.33249999999999935,0.05
909,0.86625,0.05
910,1.35,0.05
911,-0.83125,0.05
912,0.7962499999999999,0.05
913,-0.9962500000000001,0.05
914,0.87375,0.05
915,-3.037500000000001,0.05
916,0.5999999999999999,0.05
917,0.7037499999999999,0.05
918,1.1175000000000002,0.05
919,-0.6074999999999993,0.05
920,-0.47249999999999925,0.05
921,1.475,0.05
922,-0.5387499999999992,0.05
923,0.08499999999999996,0.05
924,-0.1437499999999996,0.05
925,-2.7875000000000005,0.05
926,0.2437499999999999,0.05
927,1.02,0.05
928,0.82875,0.05
929,0.23249999999999993,0.05
930,1.135,0.05
931,1.1875,0.05
932,0.8875,0.05
933,-0.7149999999999996,0.05
934,0.5799999999999998,0.05
935,-0.4762499999999992,0.05
936,-3.052500000000001,0.05
937,-0.2787499999999996,0.05
938,1.03875,0.05
939,1.0562500000000001,0.05
940,0.10750000000000015,0.05
941,-2.6687500000000006,0.05
942,1.2725000000000002,0.05
943,1.18625,0.05
944,1.3125,0.05
945,0.39624999999999977,0.05
946,-0.16999999999999948,0.05
947,1.2825000000000002,0.05
948,0.9425,0.05
949,1.25875,0.05
950,0.9875,0.05
951,1.24,0.05
952,-0.0012499999999997513,0.05
953,-3.03125,0.05
954,-3.361250000000001,0.05
955,-0.10124999999999984,0.05
956,1.18125,0.05
957,0.5837499999999999,0.05
958,0.9475,0.05
959,0.87375,0.05
960,-0.01749999999999985,0.05
961,-2.835000000000001,0.05
962,0.9525000000000001,0.05
963,1.09375,0.05
964,0.8225,0.05
965,0.07125000000000004,0.05
966,1.00625,0.05
967,-2.8050000000000006,0.05
968,1.0525,0.05
969,0.6974999999999999,0.05
970,0.7525,0.05
971,1.3825,0.05
972,0.78125,0.05
973,0.855,0.05
974,0.7637499999999999,0.05
975,1.21,0.05
976,1.24,0.05
977,0.9087500000000001,0.05
978,-2.828750000000001,0.05
979,1.27,0.05
980,-0.5212499999999989,0.05
981,-0.12999999999999967,0.05
982,-0.7350000000000001,0.05
983,-0.6249999999999993,0.05
984,0.5674999999999998,0.05
985,1.36375,0.05
986,-0.4499999999999995,0.05
987,1.30875,0.05
988,0.6349999999999998,0.05
989,0.6937499999999999,0.05
990,1.4525000000000001,0.05
991,1.09125,0.05
992,0.11125000000000007,0.05
993,0.6149999999999999,0.05
994,0.9225000000000001,0.05
995,0.23749999999999982,0.05
996,0.7512499999999999,0.05
997,1.0575,0.05
998,0.81375,0.05
999,1.0375,0.05
1000,0.5299999999999998,0.05
1001,-2.7437500000000004,0.05
1002,1.1225,0.05
1003,-1.0850000000000006,0.05
1004,0.59625,0.05
1005,0.9025000000000001,0.05
1006,1.1062500000000002,0.05
1007,0.6349999999999998,0.05
1008,-2.9025000000000007,0.05
1009,0.9462500000000001,0.05
1010,0.75625,0.05
1011,0.30499999999999994,0.05
1012,0.5399999999999999,0.05
1013,1.0,0.05
1014,0.9450000000000001,0.05
1015,0.89875,0.05
1016,1.1475,0.05
1017,0.9850000000000001,0.05
1018,0.83125,0.05
1019,0.9737500000000001,0.05
1020,1.185,0.05
1021,0.6062499999999997,0.05
1022,-0.20374999999999965,0.05
1023,1.21,0.05
1024,0.5449999999999997,0.05
1025,1.0950000000000002,0.05
1026,1.13375,0.05
1027,1.3250000000000002,0.05
1028,0.7862499999999999,0.05
1029,0.8725,0.05
1030,0.5137499999999997,0.05
1031,-0.47749999999999937,0.05
1032,0.835,0.05
1033,0.3462499999999997,0.05
1034,1.08125,0.05
1035,0.5987499999999999,0.05
1036,1.19,0.05
1037,-0.9225000000000001,0.05
1038,0.4212499999999997,0.05
1039,0.1399999999999999,0.05
1040,0.83375,0.05
1041,1.2537500000000001,0.05
1042,0.78875,0.05
1043,0.6212499999999999,0.05
1044,-0.81375,0.05
1045,1.00625,0.05
1046,-0.6387499999999997,0.05
1047,-2.873750000000001,0.05
1048,0.23124999999999996,0.05
1049,1.31875,0.05
1050,1.27,0.05
1051,0.3749999999999998,0.05
1052,-0.7599999999999996,0.05
1053,0.28249999999999975,0.05
1054,-0.054999999999999494,0.05
1055,-0.4287499999999993,0.05
1056,-2.836250000000001,0.05
1057,-2.923750000000001,0.05
1058,1.06125,0.05
1059,0.17625000000000002,0.05
1060,-0.19249999999999967,0.05
1061,0.4374999999999998,0.05
1062,1.49875,0.05
1063,0.4149999999999996,0.05
1064,-0.7499999999999998,0.05
1065,1.1025,0.05
1066,0.13875000000000015,0.05
1067,1.24125,0.05
1068,0.30374999999999974,0.05
1069,1.07125,0.05
1070,1.2550000000000001,0.05
1071,0.12250000000000005,0.05
1072,1.04,0.05
1073,1.02125,0.05
1074,0.8312499999999999,0.05
1075,1.2437500000000001,0.05
1076,-3.051249999999999,0.05
1077,0.87875,0.05
1078,-0.004999999999999893,0.05
1079,0.3287499999999999,0.05
1080,-3.4712499999999995,0.05
1081,1.28,0.05
1082,1.00625,0.05
1083,1.2087500000000002,0.05
1084,0.3924999999999996,0.05
1085,-0.20999999999999952,0.05
1086,0.99,0.05
1087,-2.8937500000000007,0.05
1088,-0.3637499999999996,0.05
1089,0.9237500000000001,0.05
1090,1.08125,0.05
1091,-0.5262499999999992,0.05
1092,0.27374999999999994,0.05
1093,0.9650000000000001,0.05
1094,0.8425,0.05
1095,1.0237500000000002,0.05
1096,0.8425,0.05
1097,1.28,0.05
1098,-0.004999999999999893,0.05
1099,-0.0924999999999998,0.05
1100,1.11125,0.05
1101,0.8125,0.05
1102,0.7687499999999999,0.05
1103,0.9425,0.05
1104,-0.4962499999999994,0.05
1105,0.6387499999999998,0.05
1106,0.5787499999999998,0.05
1107,0.6037499999999998,0.05
1108,0.7849999999999999,0.05
1109,-0.3512499999999994,0.05
1110,1.3587500000000001,0.05
1111,1.145,0.05
1112,1.28875,0.05
1113,1.1675,0.05
1114,1.09,0.05
1115,0.21999999999999975,0.05
1116,1.05,0.05
1117,0.7449999999999999,0.05
1118,0.9475,0.05
1119,1.45375,0.05
1120,0.7499999999999999,0.05
1121,-0.38499999999999956,0.05
1122,-0.4424999999999992,0.05
1123,1.375,0.05
1124,0.4362499999999996,0.05
1125,1.08875,0.05
1126,1.18625,0.05
1127,1.165,0.05
1128,1.395,0.05
1129,1.26625,0.05
1130,0.6599999999999998,0.05
1131,0.9825000000000002,0.05
1132,1.435,0.05
1133,-0.0050000000000001155,0.05
1134,1.1025,0.05
1135,1.09375,0.05
1136,0.94625,0.05
1137,0.7599999999999999,0.05
1138,0.825,0.05
1139,-0.93625,0.05
1140,1.5450000000000002,0.05
1141,0.5087499999999997,0.05
1142,1.3525,0.05
1143,0.4412499999999997,0.05
1144,1.0562500000000001,0.05
1145,1.24,0.05
1146,1.295,0.05
1147,1.3062500000000001,0.05
1148,1.0625,0.05
1149,0.9512500000000002,0.05
1150,1.1475,0.05
1151,0.9850000000000001,0.05
1152,1.0875000000000001,0.05
1153,0.8225,0.05
1154,1.0650000000000002,0.05
1155,-0.1337499999999998,0.05
1156,0.9750000000000001,0.05
1157,0.6987499999999999,0.05
1158,-0.25999999999999956,0.05
1159,-0.5974999999999995,0.05
1160,0.3749999999999998,0.05
1161,1.395,0.05
1162,1.1612500000000001,0.05
1163,0.6587499999999998,0.05
1164,0.9650000000000001,0.05
1165,0.9287500000000001,0.05
1166,1.06875,0.05
1167,0.9525000000000001,0.05
1168,1.13375,0.05
1169,0.6537499999999998,0.05
1170,0.7387499999999999,0.05
1171,1.15375,0.05
1172,0.2487499999999998,0.05
1173,1.335,0.05
1174,0.6362499999999998,0.05
1175,1.01875,0.05
1176,1.16625,0.05
1177,0.815,0.05
1178,0.37999999999999967,0.05
1179,1.28125,0.05
1180,-2.812500000000001,0.05
1181,0.39749999999999974,0.05
1182,1.44375,0.05
1183,1.07875,0.05
1184,0.92,0.05
1185,0.8375,0.05
1186,1.03,0.05
1187,0.86125,0.05
1188,0.3787499999999997,0.05
1189,0.88,0.05
1190,-2.866250000000001,0.05
1191,1.0550000000000002,0.05
1192,1.2225000000000001,0.05
1193,-0.6512499999999994,0.05
1194,0.875,0.05
1195,1.0525,0.05
1196,0.8375,0.05
1197,0.825,0.05
1198,1.21,0.05
1199,1.31,0.05
1200,1.09,0.05
1201,-0.0762499999999997,0.05
1202,0.915,0.05
1203,1.21,0.05
1204,0.9887500000000001,0.05
1205,0.91125,0.05
1206,-0.07999999999999985,0.05
1207,0.45874999999999966,0.05
1208,0.9850000000000001,0.05
1209,0.14124999999999988,0.05
1210,0.7925,0.05
1211,0.875,0.05
1212,0.7775,0.05
1213,1.0350000000000001,0.05
1214,0.9912500000000001,0.05
1215,0.715,0.05
1216,0.875,0.05
1217,-0.5924999999999991,0.05
1218,1.2025000000000001,0.05
1219,-0.6787499999999997,0.05
1220,0.9325000000000001,0.05
1221,0.1100000000000001,0.05
1222,-2.7000000000000006,0.05
1223,1.3525,0.05
1224,-0.5799999999999998,0.05
1225,0.7037499999999999,0.05
1226,0.825,0.05
1227,0.855,0.05
1228,0.8900000000000001,0.05
1229,0.21750000000000003,0.05
1230,0.48999999999999966,0.05
1231,0.38249999999999984,0.05
1232,1.1125,0.05
1233,1.2437500000000001,0.05
1234,-0.3612499999999996,0.05
1235,1.13125,0.05
1236,-0.885,0.05
1237,1.345,0.05
1238,0.8175,0.05
1239,0.8925000000000001,0.05
1240,0.9000000000000001,0.05
1241,0.96625,0.05
1242,0.37249999999999983,0.05
1243,1.2437500000000001,0.05
1244,-0.9950000000000001,0.05
1245,0.7687499999999999,0.05
1246,1.1175000000000002,0.05
1247,1.28375,0.05
1248,0.5112499999999998,0.05
1249,1.0575,0.05
1250,-0.21999999999999953,0.05
1251,1.02125,0.05
1252,1.22875,0.05
1253,0.85625,0.05
1254,1.1612500000000001,0.05
1255,1.2200000000000002,0.05
1256,-0.3924999999999994,0.05
1257,1.225,0.05
1258,0.84625,0.05
1259,1.2075,0.05
1260,0.5299999999999997,0.05
1261,0.3374999999999997,0.05
1262,0.27249999999999974,0.05
1263,1.08125,0.05
1264,1.315,0.05
1265,1.02,0.05
1266,-0.4749999999999994,0.05
1267,0.6687500000000002,0.05
1268,-2.9800000000000013,0.05
1269,0.6599999999999998,0.05
1270,1.0575,0.05
1271,1.22125,0.05
1272,0.8375,0.05
1273,0.87625,0.05
1274,-0.04999999999999982,0.05
1275,-2.7875000000000005,0.05
1276,1.07,0.05
1277,1.0987500000000001,0.05
1278,0.6762499999999999,0.05
1279,0.29125,0.05
1280,1.18375,0.05
1281,1.2937500000000002,0.05
1282,0.5887499999999998,0.05
1283,0.01625000000000032,0.05
1284,1.05,0.05
1285,1.19875,0.05
1286,0.6599999999999999,0.05
1287,0.8062499999999999,0.05
1288,0.6362499999999999,0.05
1289,1.115,0.05
1290,1.1712500000000001,0.05
1291,1.2025000000000001,0.05
1292,0.9900000000000001,0.05
1293,0.5512499999999997,0.05
1294,1.34375,0.05
1295,1.3487500000000001,0.05
1296,1.335,0.05
1297,1.03375,0.05
1298,1.155,0.05
1299,0.30874999999999986,0.05
1300,0.9850000000000001,0.05
1301,1.3,0.05
1302,0.9600000000000001,0.05
1303,1.4900000000000002,0.05
1304,0.7637499999999999,0.05
1305,1.02625,0.05
1306,1.2950000000000002,0.05
1307,-3.6712500000000006,0.05
1308,1.50875,0.05
1309,1.09375,0.05
1310,0.9325000000000001,0.05
1311,0.875,0.05
1312,1.03875,0.05
1313,1.15,0.05
1314,1.0875,0.05
1315,0.9975,0.05
1316,1.30875,0.05
1317,0.83,0.05
1318,0.72125,0.05
1319,-0.006249999999999867,0.05
1320,-2.950000000000001,0.05
1321,0.05500000000000016,0.05
1322,0.38249999999999984,0.05
1323,1.28375,0.05
1324,0.9800000000000001,0.05
1325,1.03875,0.05
1326,1.12375,0.05
1327,1.1262500000000002,0.05
1328,1.28375,0.05
1329,1.22125,0.05
1330,0.5724999999999998,0.05
1331,1.2862500000000001,0.05
1332,0.5912500000000003,0.05
1333,1.0875000000000001,0.05
1334,0.2825,0.05
1335,0.5124999999999997,0.05
1336,0.11875000000000013,0.05
1337,1.2437500000000001,0.05
1338,1.30375,0.05
1339,1.0137500000000002,0.05
1340,0.30874999999999986,0.05
1341,0.0887500000000001,0.05
1342,0.9137500000000001,0.05
1343,1.02625,0.05
1344,0.7387499999999999,0.05
1345,1.3075,0.05
1346,0.88,0.05
1347,1.085,0.05
1348,1.43875,0.05
1349,1.1187500000000001,0.05
1350,1.2400000000000002,0.05
1351,0.8425,0.05
1352,1.21,0.05
1353,0.9337500000000001,0.05
1354,1.00625,0.05
1355,1.2400000000000002,0.05
1356,-2.961250000000001,0.05
1357,1.05125,0.05
1358,0.7124999999999998,0.05
1359,0.16625,0.05
1360,1.2625000000000002,0.05
1361,1.0075,0.05
1362,1.1487500000000002,0.05
1363,1.23625,0.05
1364,0.9500000000000001,0.05
1365,0.85625,0.05
1366,1.02875,0.05
1367,0.805,0.05
1368,1.1300000000000001,0.05
1369,1.0,0.05
1370,1.08125,0.05
1371,1.0362500000000001,0.05
1372,1.28125,0.05
1373,1.145,0.05
1374,1.0025000000000002,0.05
1375,0.935,0.05
1376,1.27125,0.05
1377,1.17,0.05
1378,1.1075000000000002,0.05
1379,0.125,0.05
1380,1.01,0.05
1381,1.2437500000000001,0.05
1382,1.03875,0.05
1383,1.17,0.05
1384,0.5312499999999998,0.05
1385,1.34125,0.05
1386,1.1625,0.05
1387,0.83875,0.05
1388,0.76875,0.05
1389,1.0975000000000001,0.05
1390,1.1500000000000001,0.05
1391,0.94625,0.05
1392,1.17875,0.05
1393,-0.4649999999999994,0.05
1394,-0.41624999999999934,0.05
1395,0.25124999999999975,0.05
1396,1.0437500000000002,0.05
1397,0.6962499999999998,0.05
1398,0.5499999999999997,0.05
1399,1.1125,0.05
1400,0.6949999999999998,0.05
1401,0.9650000000000001,0.05
1402,0.9687500000000001,0.05
1403,0.7112499999999998,0.05
1404,0.7899999999999999,0.05
1405,1.42625,0.05
1406,1.23625,0.05
1407,-2.8112500000000007,0.05
1408,-2.836250000000001,0.05
1409,1.1525,0.05
1410,0.44874999999999976,0.05
1411,0.83,0.05
1412,1.22875,0.05
1413,-2.910000000000001,0.05
1414,0.4874999999999997,0.05
1415,1.1725,0.05
1416,0.21499999999999986,0.05
1417,0.92,0.05
1418,1.19625,0.05
1419,0.88,0.05
1420,1.3362500000000002,0.05
1421,-0.5062499999999992,0.05
1422,0.9237500000000001,0.05
1423,1.12375,0.05
1424,0.775,0.05
1425,0.89875,0.05
1426,1.25875,0.05
1427,-0.9600000000000002,0.05
1428,0.6699999999999999,0.05
1429,1.28375,0.05
1430,-0.2949999999999995,0.05
1431,0.5862499999999998,0.05
1432,0.9525000000000001,0.05
1433,0.5299999999999997,0.05
1434,0.98875,0.05
1435,0.6499999999999998,0.05
1436,1.00625,0.05
1437,0.1549999999999998,0.05
1438,1.2025000000000001,0.05
1439,1.0425,0.05
1440,0.7099999999999999,0.05
1441,0.68375,0.05
1442,-0.9375000000000002,0.05
1443,1.16625,0.05
1444,1.03875,0.05
1445,0.80875,0.05
1446,-2.7500000000000004,0.05
1447,1.33375,0.05
1448,1.1175000000000002,0.05
1449,1.06,0.05
1450,1.12625,0.05
1451,1.0025,0.05
1452,1.23875,0.05
1453,0.9800000000000002,0.05
1454,1.2225000000000001,0.05
1455,-3.114999999999999,0.05
1456,1.0450000000000002,0.05
1457,0.9850000000000001,0.05
1458,1.0425,0.05
1459,1.235,0.05
1460,1.1975,0.05
1461,1.29875,0.05
1462,1.5125000000000002,0.05
1463,0.845,0.05
1464,1.00625,0.05
1465,-0.4637499999999992,0.05
1466,1.22125,0.05
1467,1.24125,0.05
1468,0.85875,0.05
1469,0.75125,0.05
1470,-0.09125000000000005,0.05
1471,1.4400000000000002,0.05
1472,1.0562500000000001,0.05
1473,1.24,0.05
1474,1.2625000000000002,0.05
1475,0.9062500000000001,0.05
1476,1.4175,0.05
1477,0.6412499999999998,0.05
1478,1.065,0.05
1479,1.23,0.05
1480,1.1387500000000002,0.05
1481,1.185,0.05
1482,0.013750000000000151,0.05
1483,1.1500000000000001,0.05
1484,1.20375,0.05
1485,1.1300000000000001,0.05
1486,1.1800000000000002,0.05
1487,0.9325000000000001,0.05
1488,1.22625,0.05
1489,1.1575,0.05
1490,1.08125,0.05
1491,1.21,0.05
1492,0.9300000000000002,0.05
1493,0.9500000000000001,0.05
1494,1.43625,0.05
1495,0.9450000000000001,0.05
1496,0.7499999999999999,0.05
1497,1.0750000000000002,0.05
1498,1.20375,0.05
1499,1.0575,0.05
1500,0.5674999999999998,0.05
1501,1.2775,0.05
1502,1.0625,0.05
1503,0.7124999999999999,0.05
1504,0.6762499999999999,0.05
1505,0.91,0.05
1506,0.9975,0.05
1507,-3.6962500000000014,0.05
1508,0.17499999999999982,0.05
1509,1.1175000000000002,0.05
1510,1.12125,0.05
1511,0.7187499999999999,0.05
1512,0.9275000000000001,0.05
1513,0.3537499999999998,0.05
1514,0.5587499999999997,0.05
1515,1.1475,0.05
1516,1.2225000000000001,0.05
1517,1.0975000000000001,0.05
1518,1.0987500000000001,0.05
1519,1.175,0.05
1520,1.13375,0.05
1521,0.84125,0.05
1522,1.5225000000000002,0.05
1523,-0.21499999999999964,0.05
1524,0.9087500000000001,0.05
1525,1.335,0.05
1526,0.5649999999999997,0.05
1527,0.47124999999999984,0.05
1528,1.2012500000000002,0.05
1529,1.17,0.05
1530,-0.5699999999999992,0.05
1531,0.9950000000000001,0.05
1532,1.3987500000000002,0.05
1533,-4.054999999999999,0.05
1534,1.17625,0.05
1535,0.09000000000000008,0.05
1536,0.90375,0.05
1537,-0.2424999999999995,0.05
1538,1.19,0.05
1539,0.9500000000000001,0.05
1540,1.01375,0.05
1541,0.4212499999999997,0.05
1542,1.22125,0.05
1543,0.9587500000000001,0.05
1544,1.215,0.05
1545,1.1600000000000001,0.05
1546,0.24250000000000016,0.05
1547,1.06125,0.05
1548,1.01125,0.05
1549,0.32375,0.05
1550,0.9237500000000001,0.05
1551,1.19875,0.05
1552,0.9225000000000001,0.05
1553,0.9525000000000001,0.05
1554,1.295,0.05
1555,0.7149999999999999,0.05
1556,1.11,0.05
1557,0.9475,0.05
1558,0.8012499999999999,0.05
1559,1.11375,0.05
1560,1.2400000000000002,0.05
1561,1.4400000000000002,0.05
1562,1.335,0.05
1563,0.9137500000000001,0.05
1564,1.1287500000000001,0.05
1565,1.02125,0.05
1566,0.27,0.05
1567,1.2537500000000001,0.05
1568,0.35499999999999976,0.05
1569,0.5312499999999998,0.05
1570,1.34375,0.05
1571,0.9725000000000001,0.05
1572,1.07125,0.05
1573,0.5299999999999997,0.05
1574,0.03500000000000014,0.05
1575,-2.8625000000000003,0.05
1576,1.0925,0.05
1577,1.01875,0.05
1578,1.11,0.05
1579,0.9725,0.05
1580,1.1425,0.05
1581,0.34499999999999975,0.05
1582,0.87875,0.05
1583,1.13125,0.05
1584,0.5849999999999999,0.05
1585,1.0250000000000001,0.05
1586,1.1912500000000001,0.05
1587,0.9525000000000001,0.05
1588,1.0362500000000001,0.05
1589,1.13125,0.05
1590,0.6812499999999998,0.05
1591,1.09375,0.05
1592,0.6849999999999998,0.05
1593,1.11,0.05
1594,0.8925000000000001,0.05
1595,1.2437500000000001,0.05
1596,1.44,0.05
1597,0.9275000000000001,0.05
1598,0.25,0.05
1599,1.24625,0.05
1600,0.82375,0.05
1601,0.99,0.05
1602,1.04,0.05
1603,0.9875,0.05
1604,0.85,0.05
1605,0.6912499999999998,0.05
1606,0.9275000000000001,0.05
1607,1.31,0.05
1608,0.9325000000000001,0.05
1609,1.27125,0.05
1610,0.6899999999999998,0.05
1611,0.6412499999999998,0.05
1612,1.3275000000000001,0.05
1613,1.0625,0.05
1614,1.1725,0.05
1615,1.1175000000000002,0.05
1616,1.22625,0.05
1617,0.9775000000000001,0.05
1618,0.5649999999999997,0.05
1619,1.2437500000000001,0.05
1620,1.20375,0.05
1621,1.21,0.05
1622,0.9425,0.05
1623,0.895,0.05
1624,0.9637500000000001,0.05
1625,1.165,0.05
1626,1.2400000000000002,0.05
1627,0.9225000000000001,0.05
1628,-2.6937500000000005,0.05
1629,1.08125,0.05
1630,0.34999999999999987,0.05
1631,1.1325,0.05
1632,0.8925000000000001,0.05
1633,0.8025000000000001,0.05
1634,0.17500000000000004,0.05
1635,1.38625,0.05
1636,0.8375,0.05
1637,0.5987499999999998,0.05
1638,-0.5899999999999996,0.05
1639,1.22125,0.05
1640,0.15500000000000003,0.05
1641,1.23625,0.05
1642,1.1487500000000002,0.05
1643,1.2125000000000001,0.05
1644,1.3362500000000002,0.05
1645,0.6649999999999998,0.05
1646,1.02,0.05
1647,0.87375,0.05
1648,0.3999999999999999,0.05
1649,0.4149999999999998,0.05
1650,1.23875,0.05
1651,1.0750000000000002,0.05
1652,1.00625,0.05
1653,1.1,0.05
1654,1.53125,0.05
1655,0.895,0.05
1656,1.495,0.05
1657,0.10499999999999998,0.05
1658,1.1525,0.05
1659,0.6774999999999999,0.05
1660,0.28749999999999987,0.05
1661,1.0012500000000002,0.05
1662,1.48125,0.05
1663,1.1925000000000001,0.05
1664,0.7825,0.05
1665,1.26625,0.05
1666,1.2637500000000002,0.05
1667,0.8049999999999999,0.05
1668,-0.9175000000000004,0.05
1669,0.9825000000000002,0.05
1670,-2.8000000000000007,0.05
1671,1.02125,0.05
1672,1.22125,0.05
1673,0.9200000000000002,0.05
1674,0.7449999999999999,0.05
1675,1.14375,0.05
1676,0.6774999999999999,0.05
1677,1.1725,0.05
1678,1.02125,0.05
1679,1.0462500000000001,0.05
1680,1.31375,0.05
1681,0.2849999999999999,0.05
1682,1.1712500000000001,0.05
1683,1.2650000000000001,0.05
1684,0.4149999999999996,0.05
1685,1.1375000000000002,0.05
1686,0.5262499999999999,0.05
1687,1.0575,0.05
1688,0.9912500000000001,0.05
1689,-3.6425000000000023,0.05
1690,0.5949999999999998,0.05
1691,1.01625,0.05
1692,1.15,0.05
1693,1.0237500000000002,0.05
1694,0.9425,0.05
1695,1.43875,0.05
1696,1.4125,0.05
1697,1.0350000000000001,0.05
1698,1.2,0.05
1699,1.1687500000000002,0.05
1700,1.2,0.05
1701,1.5125000000000002,0.05
1702,1.1175000000000002,0.05
1703,0.9712500000000001,0.05
1704,0.7274999999999999,0.05
1705,1.245,0.05
1706,0.865,0.05
1707,0.85875,0.05
1708,1.0550000000000002,0.05
1709,1.02125,0.05
1710,0.9900000000000001,0.05
1711,0.97875,0.05
1712,1.2937500000000002,0.05
1713,0.9875,0.05
1714,0.8900000000000001,0.05
1715,1.2225000000000001,0.05
1716,0.935,0.05
1717,1.1062500000000002,0.05
1718,1.18125,0.05
1719,0.88,0.05
1720,1.4775,0.05
1721,1.3800000000000001,0.05
1722,1.18375,0.05
1723,1.33125,0.05
1724,1.35375,0.05
1725,1.1,0.05
1726,1.08875,0.05
1727,0.9587500000000001,0.05
1728,1.0425,0.05
1729,1.22625,0.05
1730,0.9637500000000001,0.05
1731,0.9237500000000001,0.05
1732,1.15375,0.05
1733,1.2862500000000001,0.05
1734,1.105,0.05
1735,0.91,0.05
1736,1.1300000000000001,0.05
1737,1.1175000000000002,0.05
1738,1.3825,0.05
1739,0.29374999999999973,0.05
1740,1.08875,0.05
1741,0.7299999999999999,0.05
1742,1.1900000000000002,0.05
1743,0.6274999999999998,0.05
1744,0.7124999999999998,0.05
1745,1.17875,0.05
1746,1.30875,0.05
1747,1.1075,0.05
1748,0.9637500000000001,0.05
1749,0.9275000000000001,0.05
1750,1.0987500000000001,0.05
1751,0.79375,0.05
1752,0.9950000000000001,0.05
1753,1.125,0.05
1754,1.04,0.05
1755,1.27875,0.05
1756,0.72625,0.05
1757,1.1175000000000002,0.05
1758,0.9437500000000001,0.05
1759,1.0462500000000001,0.05
1760,0.8912500000000001,0.05
1761,0.5987499999999998,0.05
1762,0.6099999999999999,0.05
1763,1.02,0.05
1764,1.1487500000000002,0.05
1765,1.445,0.05
1766,0.6524999999999999,0.05
1767,1.28125,0.05
1768,1.04875,0.05
1769,1.0975000000000001,0.05
1770,0.9712500000000002,0.05
1771,1.4225,0.05
1772,0.4937499999999997,0.05
1773,1.46375,0.05
1774,1.08875,0.05
1775,1.0862500000000002,0.05
1776,0.7024999999999999,0.05
1777,1.06125,0.05
1778,0.9137500000000001,0.05
1779,0.40124999999999966,0.05
1780,0.8500000000000001,0.05
1781,1.085,0.05
1782,1.1975,0.05
1783,1.20875,0.05
1784,-0.1699999999999997,0.05
1785,1.0012500000000002,0.05
1786,0.9112500000000001,0.05
1787,0.94625,0.05
1788,0.92375,0.05
1789,-2.7987500000000005,0.05
1790,1.2200000000000002,0.05
1791,1.1125,0.05
1792,1.09,0.05
1793,1.1812500000000001,0.05
1794,0.925,0.05
1795,0.9837500000000001,0.05
1796,1.24125,0.05
1797,1.245,0.05
1798,0.80625,0.05
1799,1.405,0.05
1800,-0.21999999999999953,0.05
1801,1.1912500000000001,0.05
1802,1.07625,0.05
1803,1.195,0.05
1804,1.3225,0.05
1805,1.02,0.05
1806,0.7949999999999999,0.05
1807,0.87875,0.05
1808,0.8225000000000001,0.05
1809,0.9587500000000001,0.05
1810,1.01875,0.05
1811,1.215,0.05
1812,0.9875000000000002,0.05
1813,1.4125,0.05
1814,0.845,0.05
1815,1.0675000000000001,0.05
1816,0.9237500000000001,0.05
1817,-2.7500000000000004,0.05
1818,1.1087500000000001,0.05
1819,0.9825000000000002,0.05
1820,1.0762500000000002,0.05
1821,0.43499999999999983,0.05
1822,0.2699999999999998,0.05
1823,1.0950000000000002,0.05
1824,0.95625,0.05
1825,0.04000000000000026,0.05
1826,-3.07375,0.05
1827,0.935,0.05
1828,1.08125,0.05
1829,0.2537499999999999,0.05
1830,0.935,0.05
1831,0.9962500000000001,0.05
1832,0.7649999999999999,0.05
1833,1.07375,0.05
1834,1.3275000000000001,0.05
1835,1.2637500000000002,0.05
1836,1.1912500000000001,0.05
1837,0.08374999999999999,0.05
1838,1.23875,0.05
1839,1.36375,0.05
1840,-0.7162499999999994,0.05
1841,1.1912500000000001,0.05
1842,0.9712500000000001,0.05
1843,1.15625,0.05
1844,1.095,0.05
1845,1.06125,0.05
1846,0.85,0.05
1847,0.5124999999999997,0.05
1848,0.7099999999999999,0.05
1849,1.3525,0.05
1850,0.6949999999999998,0.05
1851,1.4000000000000001,0.05
1852,1.2112500000000002,0.05
1853,0.030000000000000027,0.05
1854,0.6849999999999999,0.05
1855,1.15375,0.05
1856,1.0550000000000002,0.05
1857,-2.858750000000001,0.05
1858,0.9325000000000001,0.05
1859,1.3625,0.05
1860,0.3612499999999996,0.05
1861,1.0825,0.05
1862,1.11,0.05
1863,1.1125,0.05
1864,0.7462499999999999,0.05
1865,1.13125,0.05
1866,1.0975000000000001,0.05
1867,0.9525000000000001,0.05
1868,1.245,0.05
1869,0.6224999999999998,0.05
1870,1.17875,0.05
1871,0.7274999999999999,0.05
1872,1.09375,0.05
1873,1.1400000000000001,0.05
1874,1.15625,0.05
1875,1.5275,0.05
1876,1.22625,0.05
1877,1.3162500000000001,0.05
1878,1.08875,0.05
1879,1.23625,0.05
1880,1.0987500000000001,0.05
1881,0.4662499999999996,0.05
1882,1.08125,0.05
1883,1.25625,0.05
1884,1.20375,0.05
1885,-3.080000000000002,0.05
1886,0.6149999999999999,0.05
1887,0.89875,0.05
1888,1.20375,0.05
1889,1.165,0.05
1890,0.875,0.05
1891,0.9825000000000002,0.05
1892,1.1475,0.05
1893,1.29125,0.05
1894,1.45875,0.05
1895,1.0987500000000001,0.05
1896,1.2525,0.05
1897,1.19,0.05
1898,1.1812500000000001,0.05
1899,-0.2674999999999996,0.05
1900,0.7099999999999999,0.05
1901,-0.4724999999999995,0.05
1902,0.88,0.05
1903,1.1037500000000002,0.05
1904,1.0050000000000001,0.05
1905,1.3250000000000002,0.05
1906,1.0450000000000002,0.05
1907,0.9850000000000001,0.05
1908,-0.5349999999999995,0.05
1909,1.1,0.05
1910,0.3737499999999998,0.05
1911,1.2850000000000001,0.05
1912,1.1875,0.05
1913,1.135,0.05
1914,1.17875,0.05
1915,0.6387499999999998,0.05
1916,0.82,0.05
1917,1.29,0.05
1918,0.7637499999999999,0.05
1919,0.82375,0.05
1920,1.095,0.05
1921,1.165,0.05
1922,1.04,0.05
1923,-0.3249999999999993,0.05
1924,1.12375,0.05
1925,0.7649999999999999,0.05
1926,1.105,0.05
1927,1.20375,0.05
1928,1.08,0.05
1929,-2.8000000000000007,0.05
1930,0.935,0.05
1931,0.8225,0.05
1932,1.31875,0.05
1933,1.0050000000000001,0.05
1934,0.9850000000000001,0.05
1935,0.02375000000000016,0.05
1936,1.11125,0.05
1937,1.30875,0.05
1938,-0.00749999999999984,0.05
1939,1.13125,0.05
1940,0.7149999999999999,0.05
1941,0.83,0.05
1942,1.16625,0.05
1943,1.17,0.05
1944,1.1425,0.05
1945,1.3675000000000002,0.05
1946,0.915,0.05
1947,1.1725,0.05
1948,0.4199999999999997,0.05
1949,1.0050000000000001,0.05
1950,1.1175000000000002,0.05
1951,1.50875,0.05
1952,-0.01499999999999968,0.05
1953,0.88,0.05
1954,1.1487500000000002,0.05
1955,0.9325000000000001,0.05
1956,1.1725,0.05
1957,1.2625000000000002,0.05
1958,1.20375,0.05
1959,1.02,0.05
1960,1.36,0.05
1961,0.7199999999999999,0.05
1962,0.98875,0.05
1963,1.045,0.05
1964,1.34,0.05
1965,1.1525,0.05
1966,1.2862500000000001,0.05
1967,1.03875,0.05
1968,1.2000000000000002,0.05
1969,0.4924999999999997,0.05
1970,0.16999999999999993,0.05
1971,0.45874999999999966,0.05
1972,0.5624999999999998,0.05
1973,0.78,0.05
1974,0.9825000000000002,0.05
1975,-0.1962499999999996,0.05
1976,1.155,0.05
1977,1.1812500000000001,0.05
1978,1.20375,0.05
1979,0.86875,0.05
1980,1.0550000000000002,0.05
1981,1.5175,0.05
1982,1.15125,0.05
1983,0.6825,0.05
1984,1.27,0.05
1985,0.32374999999999976,0.05
1986,1.3362500000000002,0.05
1987,1.0575,0.05
1988,1.245,0.05
1989,1.1300000000000001,0.05
1990,0.8975000000000001,0.05
1991,0.6999999999999998,0.05
1992,1.0625,0.05
1993,1.08125,0.05
1994,0.6474999999999999,0.05
1995,1.2337500000000001,0.05
1996,1.0925,0.05
1997,1.02625,0.05
1998,0.8312499999999999,0.05
1999,0.23749999999999982,0.05
2000,1.0875000000000001,0.05
2001,1.18375,0.05
2002,1.32,0.05
2003,1.15375,0.05
2004,1.2175,0.05
2005,0.6549999999999998,0.05
2006,1.0562500000000001,0.05
2007,0.5362499999999998,0.05
2008,0.93,0.05
2009,1.185,0.05
2010,1.04,0.05
2011,1.27,0.05
2012,1.0975000000000001,0.05
2013,0.7875,0.05
2014,1.08875,0.05
2015,0.82375,0.05
2016,0.5437499999999997,0.05
2017,1.0237500000000002,0.05
2018,1.17625,0.05
2019,1.165,0.05
2020,1.24125,0.05
2021,1.18625,0.05
2022,0.96625,0.05
2023,1.43625,0.05
2024,1.1887500000000002,0.05
2025,0.2324999999999997,0.05
2026,0.9500000000000001,0.05
2027,1.1062500000000002,0.05
2028,1.0525000000000002,0.05
2029,1.215,0.05
2030,1.16625,0.05
2031,1.2025000000000001,0.05
2032,0.9500000000000001,0.05
2033,1.2225000000000001,0.05
2034,0.03375000000000017,0.05
2035,1.11125,0.05
2036,1.2475,0.05
2037,1.15375,0.05
2038,1.0987500000000001,0.05
2039,0.2749999999999999,0.05
2040,1.1062500000000002,0.05
2041,1.3587500000000001,0.05
2042,1.0375,0.05
2043,1.2200000000000002,0.05
2044,1.4900000000000002,0.05
2045,1.13625,0.05
2046,1.4900000000000002,0.05
2047,1.12,0.05
2048,1.15375,0.05
2049,0.9687500000000001,0.05
2050,0.9875,0.05
2051,1.4312500000000001,0.05
2052,1.2625000000000002,0.05
2053,1.26,0.05
2054,1.345,0.05
2055,1.0237500000000002,0.05
2056,1.02,0.05
2057,1.18375,0.05
2058,0.915,0.05
2059,1.1087500000000001,0.05
2060,1.3175000000000001,0.05
2061,1.0625,0.05
2062,1.0437500000000002,0.05
2063,0.9525000000000001,0.05
2064,1.0250000000000001,0.05
2065,1.45875,0.05
2066,1.1175000000000002,0.05
2067,-0.17749999999999955,0.05
2068,0.82,0.05
2069,1.3125,0.05
2070,1.18375,0.05
2071,0.70125,0.05
2072,0.9337500000000001,0.05
2073,0.6899999999999998,0.05
2074,1.1400000000000001,0.05
2075,1.2400000000000002,0.05
2076,1.02625,0.05
2077,0.7687499999999999,0.05
2078,0.6049999999999998,0.05
2079,1.02125,0.05
2080,1.0975000000000001,0.05
2081,1.155,0.05
2082,1.18625,0.05
2083,1.065,0.05
2084,1.1175000000000002,0.05
2085,1.165,0.05
2086,0.13874999999999993,0.05
2087,0.93625,0.05
2088,1.08,0.05
2089,0.8475000000000001,0.05
2090,1.0050000000000001,0.05
2091,1.0550000000000002,0.05
2092,0.6499999999999998,0.05
2093,0.9525000000000001,0.05
2094,1.14375,0.05
2095,1.17,0.05
2096,1.1125,0.05
2097,1.1187500000000001,0.05
2098,1.0575,0.05
2099,0.88,0.05
2100,1.18375,0.05
2101,0.84,0.05
2102,1.3325,0.05
2103,0.91125,0.05
2104,1.1975,0.05
2105,1.0975000000000001,0.05
2106,1.165,0.05
2107,0.7324999999999999,0.05
2108,0.90375,0.05
2109,0.8350000000000001,0.05
2110,1.1725,0.05
2111,1.1900000000000002,0.05
2112,1.13375,0.05
2113,1.0625,0.05
2114,0.815,0.05
2115,1.2225000000000001,0.05
2116,0.6474999999999999,0.05
2117,1.3262500000000002,0.05
2118,1.4775,0.05
2119,1.19,0.05
2120,1.2537500000000001,0.05
2121,1.435,0.05
2122,0.99,0.05
2123,1.0350000000000001,0.05
2124,1.4900000000000002,0.05
2125,-0.5724999999999996,0.05
2126,0.8262499999999999,0.05
2127,1.03875,0.05
2128,0.9712500000000001,0.05
2129,0.8925000000000001,0.05
2130,1.3275000000000001,0.05
2131,1.02125,0.05
2132,1.1175000000000002,0.05
2133,0.4299999999999997,0.05
2134,1.2975,0.05
2135,1.1887500000000002,0.05
2136,1.0425,0.05
2137,1.08125,0.05
2138,1.1050000000000002,0.05
2139,1.0562500000000001,0.05
2140,1.40375,0.05
2141,0.9475,0.05
2142,0.6024999999999998,0.05
2143,1.15375,0.05
2144,1.1475,0.05
2145,0.10750000000000015,0.05
2146,0.85875,0.05
2147,1.1487500000000002,0.05
2148,1.08,0.05
2149,1.1975,0.05
2150,1.44375,0.05
2151,1.13375,0.05
2152,1.045,0.05
2153,0.9825000000000002,0.05
2154,1.1612500000000001,0.05
2155,1.145,0.05
2156,-0.5899999999999996,0.05
2157,1.1487500000000002,0.05
2158,1.2475,0.05
2159,0.9150000000000001,0.05
2160,1.0050000000000001,0.05
2161,0.9387500000000001,0.05
2162,-0.49999999999999933,0.05
2163,1.3,0.05
2164,1.0237500000000002,0.05
2165,1.2000000000000002,0.05
2166,-0.07249999999999979,0.05
2167,1.19875,0.05
2168,1.49875,0.05
2169,0.935,0.05
2170,1.0750000000000002,0.05
2171,0.9962500000000001,0.05
2172,0.9512500000000002,0.05
2173,1.11625,0.05
2174,1.215,0.05
2175,0.9450000000000001,0.05
2176,1.0987500000000001,0.05
2177,0.14000000000000012,0.05
2178,0.8900000000000001,0.05
2179,1.0925,0.05
2180,0.9287500000000001,0.05
2181,1.3825,0.05
2182,1.28125,0.05
2183,0.9512500000000002,0.05
2184,1.36375,0.05
2185,1.0225,0.05
2186,0.8412500000000002,0.05
2187,1.08125,0.05
2188,0.8325,0.05
2189,1.20375,0.05
2190,1.095,0.05
2191,1.3275000000000001,0.05
2192,1.04,0.05
2193,0.7274999999999999,0.05
2194,1.18125,0.05
2195,1.19,0.05
2196,1.24125,0.05
2197,1.0050000000000001,0.05
2198,1.19875,0.05
2199,1.2775,0.05
2200,1.0075,0.05
2201,1.1900000000000002,0.05
2202,0.7649999999999999,0.05
2203,0.5037499999999997,0.05
2204,0.9300000000000002,0.05
2205,0.39624999999999977,0.05
2206,1.20375,0.05
2207,1.09375,0.05
2208,0.85,0.05
2209,0.2699999999999998,0.05
2210,0.44374999999999964,0.05
2211,1.1487500000000002,0.05
2212,0.8312499999999999,0.05
2213,1.35,0.05
2214,1.31875,0.05
2215,1.155,0.05
2216,1.38625,0.05
2217,1.3487500000000001,0.05
2218,1.37125,0.05
2219,1.155,0.05
2220,1.0375,0.05
2221,0.8725,0.05
2222,1.54125,0.05
2223,0.9725,0.05
2224,0.04875000000000007,0.05
2225,1.0137500000000002,0.05
2226,0.86125,0.05
2227,1.1075,0.05
2228,1.3475000000000001,0.05
2229,-2.9050000000000007,0.05
2230,1.02,0.05
2231,1.24125,0.05
2232,1.3487500000000001,0.05
2233,1.19,0.05
2234,1.07875,0.05
2235,1.1487500000000002,0.05
2236,0.84125,0.05
2237,0.9712500000000002,0.05
2238,1.155,0.05
2239,0.9175000000000001,0.05
2240,0.89875,0.05
2241,0.9875,0.05
2242,-0.32874999999999943,0.05
2243,1.5362500000000001,0.05
2244,1.33,0.05
2245,0.9850000000000001,0.05
2246,1.13625,0.05
2247,1.2575,0.05
2248,0.09250000000000003,0.05
2249,1.13125,0.05
2250,1.25875,0.05
2251,0.19874999999999998,0.05
2252,1.3225,0.05
2253,1.17625,0.05
2254,1.25875,0.05
2255,0.9650000000000001,0.05
2256,0.9850000000000001,0.05
2257,1.125,0.05
2258,1.145,0.05
2259,0.8750000000000001,0.05
2260,1.14375,0.05
2261,1.13375,0.05
2262,1.15,0.05
2263,0.92625,0.05
2264,1.34375,0.05
2265,0.2925,0.05
2266,1.195,0.05
2267,1.215,0.05
2268,1.1175000000000002,0.05
2269,0.7274999999999999,0.05
2270,1.06,0.05
2271,1.3775,0.05
2272,0.82,0.05
2273,0.91625,0.05
2274,1.1712500000000001,0.05
2275,1.38625,0.05
2276,1.06125,0.05
2277,0.6774999999999999,0.05
2278,0.86,0.05
2279,1.09375,0.05
2280,0.4762499999999996,0.05
2281,1.13375,0.05
2282,1.2475,0.05
2283,1.2337500000000001,0.05
2284,1.3462500000000002,0.05
2285,0.9287500000000001,0.05
2286,1.28125,0.05
2287,0.2562500000000001,0.05
2288,1.0375,0.05
2289,0.91,0.05
2290,0.32374999999999976,0.05
2291,1.0550000000000002,0.05
2292,1.06125,0.05
2293,0.80375,0.05
2294,1.32625,0.05
2295,0.9287500000000001,0.05
2296,1.1125,0.05
2297,0.25624999999999987,0.05
2298,0.98875,0.05
2299,1.18625,0.05
2300,0.5662499999999999,0.05
2301,1.1175000000000002,0.05
2302,1.315,0.05
2303,0.9087500000000001,0.05
2304,1.05125,0.05
2305,1.115,0.05
2306,1.2550000000000001,0.05
2307,0.5862499999999997,0.05
2308,1.38125,0.05
2309,1.1675,0.05
2310,1.1712500000000001,0.05
2311,1.1912500000000001,0.05
2312,0.74375,0.05
2313,1.04,0.05
2314,-2.843750000000001,0.05
2315,1.0350000000000001,0.05
2316,1.38625,0.05
2317,0.2387499999999998,0.05
2318,1.13125,0.05
2319,1.0762500000000002,0.05
2320,1.11,0.05
2321,0.28749999999999987,0.05
2322,0.5399999999999998,0.05
2323,0.6674999999999998,0.05
2324,1.05,0.05
2325,1.2775,0.05
2326,1.18625,0.05
2327,0.6912499999999998,0.05
2328,1.1725,0.05
2329,1.10125,0.05
2330,1.05,0.05
2331,1.1075,0.05
2332,1.0987500000000001,0.05
2333,0.86125,0.05
2334,1.1125,0.05
2335,0.0475000000000001,0.05
2336,0.905,0.05
2337,1.16625,0.05
2338,1.0987500000000001,0.05
2339,1.1887500000000002,0.05
2340,0.98875,0.05
2341,1.0437500000000002,0.05
2342,1.3487500000000001,0.05
2343,-2.7062500000000007,0.05
2344,0.8062499999999999,0.05
2345,0.935,0.05
2346,1.03875,0.05
2347,1.28125,0.05
2348,1.33125,0.05
2349,0.8,0.05
2350,1.12,0.05
2351,1.2025000000000001,0.05
2352,1.13125,0.05
2353,1.0925,0.05
2354,1.4500000000000002,0.05
2355,0.84,0.05
2356,1.095,0.05
2357,1.165,0.05
2358,-2.843750000000001,0.05
2359,1.07125,0.05
2360,1.155,0.05
2361,1.1675,0.05
2362,0.905,0.05
2363,0.9875,0.05
2364,1.23625,0.05
2365,0.80625,0.05
2366,1.2000000000000002,0.05
2367,1.1125,0.05
2368,0.8612500000000001,0.05
2369,1.27875,0.05
2370,1.1375000000000002,0.05
2371,1.11625,0.05
2372,1.0525000000000002,0.05
2373,1.1912500000000001,0.05
2374,1.105,0.05
2375,1.37125,0.05
2376,0.91125,0.05
2377,1.0462500000000001,0.05
2378,0.9500000000000001,0.05
2379,1.3900000000000001,0.05
2380,1.105,0.05
2381,1.2625000000000002,0.05
2382,1.02125,0.05
2383,1.01625,0.05
2384,1.31375,0.05
2385,1.1187500000000001,0.05
2386,0.6649999999999998,0.05
2387,1.1675,0.05
2388,1.5274999999999999,0.05
2389,0.8775000000000001,0.05
2390,1.28125,0.05
2391,0.9950000000000001,0.05
2392,0.6299999999999998,0.05
2393,0.83,0.05
2394,0.9875,0.05
2395,1.04,0.05
2396,1.3525,0.05
2397,1.3125,0.05
2398,1.27625,0.05
2399,1.2575,0.05
2400,1.02,0.05
2401,0.90125,0.05
2402,-0.5937499999999989,0.05
2403,0.9650000000000001,0.05
2404,1.2650000000000001,0.05
2405,1.205,0.05
2406,0.8875000000000001,0.05
2407,1.1300000000000001,0.05
2408,0.9425,0.05
2409,1.19875,0.05
2410,1.435,0.05
2411,1.17,0.05
2412,1.1887500000000002,0.05
2413,1.0025,0.05
2414,1.02,0.05
2415,1.0012500000000002,0.05
2416,0.5849999999999999,0.05
2417,0.96625,0.05
2418,1.11625,0.05
2419,0.26375000000000015,0.05
2420,1.0575,0.05
2421,1.3362500000000002,0.05
2422,1.24125,0.05
2423,0.925,0.05
2424,1.14375,0.05
2425,1.25,0.05
2426,0.9825000000000002,0.05
2427,1.33875,0.05
2428,1.22625,0.05
2429,0.3637499999999998,0.05
2430,1.105,0.05
2431,1.2000000000000002,0.05
2432,1.115,0.05
2433,1.42625,0.05
2434,1.13125,0.05
2435,1.34125,0.05
2436,1.22125,0.05
2437,1.0,0.05
2438,1.165,0.05
2439,1.02125,0.05
2440,1.1525,0.05
2441,1.01625,0.05
2442,0.7612499999999999,0.05
2443,-0.36999999999999944,0.05
2444,1.2000000000000002,0.05
2445,-2.893750000000001,0.05
2446,1.1525,0.05
2447,1.27625,0.05
2448,1.09375,0.05
2449,0.0987499999999999,0.05
2450,0.5149999999999998,0.05
2451,1.2750000000000001,0.05
2452,1.53125,0.05
2453,1.1475,0.05
2454,0.20125000000000015,0.05
2455,0.9850000000000001,0.05
2456,0.6662499999999998,0.05
2457,1.49875,0.05
2458,0.6387499999999998,0.05
2459,0.9962500000000001,0.05
2460,1.3025,0.05
2461,0.9700000000000001,0.05
2462,1.175,0.05
2463,1.1175000000000002,0.05
2464,1.13375,0.05
2465,1.2,0.05
2466,1.0425,0.05
2467,1.145,0.05
2468,-2.7562500000000005,0.05
2469,1.2275,0.05
2470,0.6587499999999998,0.05
2471,0.3287499999999999,0.05
2472,1.1800000000000002,0.05
2473,0.9512500000000002,0.05
2474,1.03875,0.05
2475,1.1975,0.05
2476,1.1300000000000001,0.05
2477,1.24,0.05
2478,0.5574999999999997,0.05
2479,0.7449999999999999,0.05
2480,1.26,0.05
2481,1.2775,0.05
2482,0.695,0.05
2483,1.145,0.05
2484,0.84125,0.05
2485,-2.9425000000000012,0.05
2486,1.11625,0.05
2487,0.8662500000000001,0.05
2488,-2.7500000000000004,0.05
2489,-0.8500000000000003,0.05
2490,1.43625,0.05
2491,0.9825000000000002,0.05
2492,1.25,0.05
2493,1.205,0.05
2494,1.13625,0.05
2495,0.82,0.05
2496,1.23625,0.05
2497,1.0237500000000002,0.05
2498,1.10125,0.05
2499,1.1,0.05
2500,1.2950000000000002,0.05
2501,1.30875,0.05
2502,0.9512500000000002,0.05
2503,1.3137500000000002,0.05
2504,1.1300000000000001,0.05
2505,1.07125,0.05
2506,1.345,0.05
2507,1.07,0.05
2508,1.2625000000000002,0.05
2509,0.6949999999999998,0.05
2510,1.3675000000000002,0.05
2511,0.87375,0.05
2512,1.2475,0.05
2513,1.3687500000000001,0.05
2514,1.1975,0.05
2515,-3.2200000000000024,0.05
2516,1.3475000000000001,0.05
2517,1.1800000000000002,0.05
2518,1.18625,0.05
2519,1.18375,0.05
2520,1.095,0.05
2521,-0.06624999999999992,0.05
2522,1.2012500000000002,0.05
2523,-1.0462500000000003,0.05
2524,-0.2687499999999996,0.05
2525,0.5499999999999997,0.05
2526,0.7849999999999999,0.05
2527,1.18375,0.05
2528,1.0050000000000001,0.05
2529,1.1700000000000002,0.05
2530,1.08125,0.05
2531,-0.5387499999999992,0.05
2532,1.0375,0.05
2533,0.7849999999999999,0.05
2534,0.88,0.05
2535,0.23124999999999996,0.05
2536,1.3550000000000002,0.05
2537,1.495,0.05
2538,0.96625,0.05
2539,0.98875,0.05
2540,0.88,0.05
2541,0.9400000000000001,0.05
2542,0.88,0.05
2543,1.07,0.05
2544,1.2525,0.05
2545,1.28125,0.05
2546,1.1175000000000002,0.05
2547,1.13625,0.05
2548,0.7437499999999999,0.05
2549,0.5962499999999997,0.05
2550,0.8300000000000001,0.05
2551,1.0425,0.05
2552,0.6799999999999999,0.05
2553,0.58,0.05
2554,0.6712499999999999,0.05
2555,0.7174999999999998,0.05
2556,1.385,0.05
2557,1.07,0.05
2558,1.2225000000000001,0.05
2559,0.7175000000000001,0.05
2560,1.4275,0.05
2561,1.06375,0.05
2562,-0.4499999999999995,0.05
2563,1.4312500000000001,0.05
2564,0.9900000000000001,0.05
2565,1.1125,0.05
2566,1.08125,0.05
2567,0.9162500000000001,0.05
2568,1.20375,0.05
2569,0.6399999999999999,0.05
2570,1.04,0.05
2571,1.1975,0.05
2572,1.15,0.05
2573,1.37,0.05
2574,1.1375000000000002,0.05
2575,0.6599999999999998,0.05
2576,0.9750000000000001,0.05
2577,1.18625,0.05
2578,1.1812500000000001,0.05
2579,0.6387499999999998,0.05
2580,0.91125,0.05
2581,1.4625000000000001,0.05
2582,0.76875,0.05
2583,0.1050000000000002,0.05
2584,1.07375,0.05
2585,0.9825000000000002,0.05
2586,1.355,0.05
2587,0.8725,0.05
2588,0.5449999999999998,0.05
2589,0.9725000000000001,0.05
2590,0.33624999999999994,0.05
2591,0.9500000000000001,0.05
2592,0.86,0.05
2593,1.185,0.05
2594,1.1175000000000002,0.05
2595,1.14375,0.05
2596,1.15375,0.05
2597,1.27625,0.05
2598,0.6287499999999999,0.05
2599,0.925,0.05
2600,-2.9275000000000015,0.05
2601,1.1,0.05
2602,1.31375,0.05
2603,0.8975000000000001,0.05
2604,1.135,0.05
2605,1.0775000000000001,0.05
2606,1.205,0.05
2607,1.1,0.05
2608,1.10125,0.05
2609,0.9287500000000001,0.05
2610,1.3262500000000002,0.05
2611,1.25875,0.05
2612,1.2750000000000001,0.05
2613,1.0050000000000001,0.05
2614,1.0437500000000002,0.05
2615,0.8437500000000001,0.05
2616,1.1,0.05
2617,1.11125,0.05
2618,1.21375,0.05
2619,-2.9875,0.05
2620,0.9112500000000001,0.05
2621,1.1600000000000001,0.05
2622,1.31375,0.05
2623,1.405,0.05
2624,1.1075,0.05
2625,0.5062499999999998,0.05
2626,1.2437500000000001,0.05
2627,1.2575,0.05
2628,1.02,0.05
2629,1.4400000000000002,0.05
2630,0.8825000000000001,0.05
2631,1.17,0.05
2632,1.06,0.05
2633,1.1800000000000002,0.05
2634,1.50875,0.05
2635,0.4449999999999996,0.05
2636,1.2550000000000001,0.05
2637,1.01875,0.05
2638,0.6774999999999999,0.05
2639,0.18125000000000013,0.05
2640,1.105,0.05
2641,1.1712500000000001,0.05
2642,1.27,0.05
2643,1.15,0.05
2644,1.01875,0.05
2645,1.10125,0.05
2646,0.86,0.05
2647,1.00625,0.05
2648,1.25875,0.05
2649,1.1287500000000001,0.05
2650,0.5099999999999997,0.05
2651,1.08,0.05
2652,1.4937500000000001,0.05
2653,0.70375,0.05
2654,1.30375,0.05
2655,1.34375,0.05
2656,0.78125,0.05
2657,1.205,0.05
2658,0.9450000000000001,0.05
2659,0.8975000000000001,0.05
2660,1.02625,0.05
2661,1.4412500000000001,0.05
2662,0.9712500000000001,0.05
2663,0.9525000000000001,0.05
2664,0.5599999999999998,0.05
2665,-0.5562499999999992,0.05
2666,1.1,0.05
2667,1.23625,0.05
2668,1.085,0.05
2669,-0.10499999999999976,0.05
2670,0.91125,0.05
2671,0.75,0.05
2672,1.38125,0.05
2673,1.0750000000000002,0.05
2674,0.5687499999999999,0.05
2675,0.9412500000000001,0.05
2676,1.0012500000000002,0.05
2677,1.07375,0.05
2678,1.06875,0.05
2679,0.7637499999999999,0.05
2680,0.9287500000000001,0.05
2681,1.1125,0.05
2682,1.0950000000000002,0.05
2683,1.0550000000000002,0.05
2684,0.6524999999999999,0.05
2685,1.07375,0.05
2686,1.23125,0.05
2687,1.24125,0.05
2688,1.135,0.05
2689,0.9900000000000001,0.05
2690,0.8900000000000001,0.05
2691,1.07875,0.05
2692,1.0987500000000001,0.05
2693,1.1625,0.05
2694,0.9475,0.05
2695,0.6349999999999998,0.05
2696,1.0450000000000002,0.05
2697,1.04,0.05
2698,1.17375,0.05
2699,-0.6662499999999996,0.05
2700,0.7849999999999999,0.05
2701,0.8925000000000001,0.05
2702,1.02625,0.05
2703,1.345,0.05
2704,1.295,0.05
2705,0.4637499999999998,0.05
2706,0.2899999999999998,0.05
2707,1.0275,0.05
2708,0.9712500000000001,0.05
2709,1.2575,0.05
2710,1.0575,0.05
2711,0.8975000000000001,0.05
2712,0.78375,0.05
2713,1.0625,0.05
2714,-0.4449999999999994,0.05
2715,1.115,0.05
2716,1.10125,0.05
2717,0.99,0.05
2718,0.6312499999999999,0.05
2719,1.2337500000000001,0.05
2720,0.8612500000000001,0.05
2721,0.8612500000000001,0.05
2722,0.3224999999999998,0.05
2723,0.78,0.05
2724,0.7124999999999999,0.05
2725,1.07125,0.05
2726,0.6762499999999999,0.05
2727,1.22875,0.05
2728,0.7124999999999999,0.05
2729,1.215,0.05
2730,1.0025,0.05
2731,1.1350000000000002,0.05
2732,1.10125,0.05
2733,0.9700000000000001,0.05
2734,0.90625,0.05
2735,0.9287500000000001,0.05
2736,1.0237500000000002,0.05
2737,1.4275000000000002,0.05
2738,1.04,0.05
2739,1.0562500000000001,0.05
2740,0.9837500000000001,0.05
2741,1.1912500000000001,0.05
2742,0.66125,0.05
2743,0.9325000000000001,0.05
2744,1.11625,0.05
2745,1.1,0.05
2746,1.00875,0.05
2747,1.2550000000000001,0.05
2748,0.7149999999999999,0.05
2749,1.02,0.05
2750,0.89875,0.05
2751,1.085,0.05
2752,1.2200000000000002,0.05
2753,1.0987500000000001,0.05
2754,1.21,0.05
2755,0.7637499999999999,0.05
2756,0.7399999999999999,0.05
2757,1.3137500000000002,0.05
2758,0.8375,0.05
2759,0.32499999999999996,0.05
2760,1.1,0.05
2761,0.9837500000000001,0.05
2762,1.2000000000000002,0.05
2763,1.07625,0.05
2764,1.3462500000000002,0.05
2765,1.27,0.05
2766,0.9775,0.05
2767,1.45375,0.05
2768,1.085,0.05
2769,0.7487499999999999,0.05
2770,0.7687499999999999,0.05
2771,1.09625,0.05
2772,0.93,0.05
2773,0.9775,0.05
2774,1.115,0.05
2775,0.6312499999999998,0.05
2776,1.205,0.05
2777,1.5175,0.05
2778,1.0637500000000002,0.05
2779,1.27875,0.05
2780,0.99,0.05
2781,1.03125,0.05
2782,1.0375,0.05
2783,1.0025,0.05
2784,0.4762499999999996,0.05
2785,0.08000000000000007,0.05
2786,1.3050000000000002,0.05
2787,1.115,0.05
2788,1.02,0.05
2789,0.9450000000000001,0.05
2790,1.1325,0.05
2791,0.6950000000000001,0.05
2792,1.2575,0.05
2793,1.06125,0.05
2794,0.96,0.05
2795,-1.3262500000000002,0.05
2796,1.385,0.05
2797,0.8900000000000001,0.05
2798,1.3075,0.05
2799,1.39125,0.05
2800,-0.3312499999999994,0.05
2801,1.03875,0.05
2802,1.2175,0.05
2803,1.185,0.05
2804,1.18625,0.05
2805,1.1675,0.05
2806,1.135,0.05
2807,0.84,0.05
2808,0.17874999999999996,0.05
2809,1.5225,0.05
2810,0.85875,0.05
2811,1.3825,0.05
2812,0.5912499999999998,0.05
2813,1.07875,0.05
2814,1.0562500000000001,0.05
2815,1.03375,0.05
2816,0.53125,0.05
2817,1.13625,0.05
2818,0.5437499999999997,0.05
2819,1.02,0.05
2820,1.2012500000000002,0.05
2821,1.1075000000000002,0.05
2822,0.9475,0.05
2823,1.16625,0.05
2824,1.08125,0.05
2825,1.3,0.05
2826,1.205,0.05
2827,1.17375,0.05
2828,1.185,0.05
2829,0.8262499999999999,0.05
2830,0.9425,0.05
2831,-0.9712500000000006,0.05
2832,1.06,0.05
2833,1.1712500000000001,0.05
2834,0.9875,0.05
2835,0.85375,0.05
2836,1.0137500000000002,0.05
2837,0.6849999999999998,0.05
2838,1.0012500000000002,0.05
2839,1.4575,0.05
2840,1.1525,0.05
2841,0.8500000000000001,0.05
2842,1.10125,0.05
2843,1.145,0.05
2844,1.2,0.05
2845,0.4299999999999997,0.05
2846,0.6712499999999999,0.05
2847,1.0237500000000002,0.05
2848,1.1287500000000001,0.05
2849,0.06000000000000005,0.05
2850,1.385,0.05
2851,0.9400000000000001,0.05
2852,0.4562499999999997,0.05
2853,0.4087499999999997,0.05
2854,0.6912499999999998,0.05
2855,1.0075,0.05
2856,1.0375,0.05
2857,1.22875,0.05
2858,0.6174999999999999,0.05
2859,-2.825000000000001,0.05
2860,1.00625,0.05
2861,-0.10375000000000001,0.05
2862,0.6487499999999998,0.05
2863,0.875,0.05
2864,0.9425,0.05
2865,1.06875,0.05
2866,-0.6799999999999999,0.05
2867,1.1475,0.05
2868,0.9762500000000001,0.05
2869,0.8975000000000001,0.05
2870,0.6599999999999998,0.05
2871,0.9100000000000001,0.05
2872,1.2537500000000001,0.05
2873,1.335,0.05
2874,0.8725,0.05
2875,1.1612500000000001,0.05
2876,1.44875,0.05
2877,1.01625,0.05
2878,1.2125000000000001,0.05
2879,1.3487500000000001,0.05
2880,0.9875,0.05
2881,1.3262500000000002,0.05
2882,1.29125,0.05
2883,1.1,0.05
2884,1.1487500000000002,0.05
2885,1.0825,0.05
2886,0.8012499999999999,0.05
2887,0.8324999999999999,0.05
2888,1.22625,0.05
2889,1.15375,0.05
2890,1.1900000000000002,0.05
2891,1.0987500000000001,0.05
2892,0.9087500000000001,0.05
2893,0.4374999999999998,0.05
2894,0.15124999999999988,0.05
2895,1.0675000000000001,0.05
2896,1.34,0.05
2897,0.9175000000000001,0.05
2898,1.2650000000000001,0.05
2899,-2.876250000000001,0.05
2900,1.19625,0.05
2901,1.07875,0.05
2902,1.08,0.05
2903,0.72625,0.05
2904,1.1912500000000001,0.05
2905,0.94625,0.05
2906,0.05250000000000021,0.05
2907,1.375,0.05
2908,1.4725000000000001,0.05
2909,-0.09249999999999958,0.05
2910,1.09,0.05
2911,0.2999999999999998,0.05
2912,1.3250000000000002,0.05
2913,1.24,0.05
2914,1.11625,0.05
2915,1.35,0.05
2916,0.9712500000000002,0.05
2917,0.6362499999999999,0.05
2918,1.15375,0.05
2919,1.295,0.05
2920,1.19875,0.05
2921,0.86625,0.05
2922,0.3112499999999996,0.05
2923,1.245,0.05
2924,1.07,0.05
2925,-0.019999999999999796,0.05
2926,1.0987500000000001,0.05
2927,1.415,0.05
2928,0.9637500000000001,0.05
2929,0.7274999999999999,0.05
2930,0.6549999999999999,0.05
2931,1.2862500000000001,0.05
2932,1.13125,0.05
2933,0.9137500000000001,0.05
2934,1.26375,0.05
2935,0.7512499999999999,0.05
2936,1.40375,0.05
2937,1.3975,0.05
2938,1.0762500000000002,0.05
2939,0.49999999999999967,0.05
2940,1.2625000000000002,0.05
2941,1.35,0.05
2942,1.27625,0.05
2943,1.33875,0.05
2944,0.825,0.05
2945,1.165,0.05
2946,1.1612500000000001,0.05
2947,1.29125,0.05
2948,1.0612500000000002,0.05
2949,0.905,0.05
2950,1.31125,0.05
2951,0.9525000000000001,0.05
2952,1.3675000000000002,0.05
2953,1.1125,0.05
2954,0.94625,0.05
2955,1.105,0.05
2956,1.30375,0.05
2957,1.1300000000000001,0.05
2958,1.39375,0.05
2959,1.23125,0.05
2960,1.2,0.05
2961,1.13125,0.05
2962,1.07375,0.05
2963,1.4412500000000001,0.05
2964,1.385,0.05
2965,1.19625,0.05
2966,1.3825,0.05
2967,1.0550000000000002,0.05
2968,1.35,0.05
2969,1.11625,0.05
2970,1.08875,0.05
2971,0.7875,0.05
2972,0.7537499999999999,0.05
2973,1.02,0.05
2974,-0.1599999999999997,0.05
2975,0.4824999999999997,0.05
2976,1.2625000000000002,0.05
2977,0.9775,0.05
2978,1.26,0.05
2979,1.03875,0.05
2980,1.0750000000000002,0.05
2981,0.9525000000000001,0.05
2982,1.2725000000000002,0.05
2983,1.13125,0.05
2984,0.9362500000000001,0.05
2985,1.0750000000000002,0.05
2986,1.025,0.05
2987,1.35,0.05
2988,1.1500000000000001,0.05
2989,0.88125,0.05
2990,0.87375,0.05
2991,0.88,0.05
2992,1.2862500000000001,0.05
2993,1.245,0.05
2994,1.07875,0.05
2995,1.33,0.05
2996,1.2425000000000002,0.05
2997,0.5499999999999997,0.05
2998,0.7999999999999999,0.05
2999,0.6999999999999998,0.05
3000,1.1187500000000001,0.05
3001,-0.8375000000000001,0.05
3002,1.12625,0.05
3003,1.2475,0.05
3004,1.50875,0.05
3005,0.8975000000000001,0.05
3006,1.065,0.05
3007,1.06125,0.05
3008,1.32,0.05
3009,1.1175000000000002,0.05
3010,1.18125,0.05
3011,1.2275,0.05
3012,1.0237500000000002,0.05
3013,1.0525,0.05
3014,1.15375,0.05
3015,0.6525000000000001,0.05
3016,0.7212499999999998,0.05
3017,1.39625,0.05
3018,-0.08249999999999957,0.05
3019,1.2675,0.05
3020,1.395,0.05
3021,1.415,0.05
3022,0.9862500000000001,0.05
3023,0.9712500000000001,0.05
3024,1.1875,0.05
3025,1.0425,0.05
3026,0.91625,0.05
3027,0.8625,0.05
3028,0.925,0.05
3029,0.57,0.05
3030,1.20875,0.05
3031,1.2975,0.05
3032,0.9900000000000001,0.05
3033,0.775,0.05
3034,1.18375,0.05
3035,1.185,0.05
3036,0.0475000000000001,0.05
3037,0.6237499999999998,0.05
3038,0.98875,0.05
3039,1.4737500000000001,0.05
3040,-0.22249999999999948,0.05
3041,1.15125,0.05
3042,1.34,0.05
3043,-0.3187499999999994,0.05
3044,0.8962500000000001,0.05
3045,0.8225,0.05
3046,1.36,0.05
3047,1.0250000000000001,0.05
3048,1.12375,0.05
3049,0.11499999999999999,0.05
3050,1.07625,0.05
3051,1.4312500000000001,0.05
3052,1.19875,0.05
3053,1.27,0.05
3054,1.3825,0.05
3055,1.355,0.05
3056,0.23749999999999982,0.05
3057,0.6949999999999998,0.05
3058,1.07125,0.05
3059,0.2912499999999998,0.05
3060,1.1675,0.05
3061,1.21625,0.05
3062,1.1712500000000001,0.05
3063,1.08125,0.05
3064,0.7825,0.05
3065,1.2,0.05
3066,1.05,0.05
3067,1.1375000000000002,0.05
3068,1.22125,0.05
3069,1.08,0.05
3070,0.9862500000000001,0.05
3071,1.0575,0.05
3072,1.25875,0.05
3073,1.07375,0.05
3074,0.99,0.05
3075,1.045,0.05
3076,1.3987500000000002,0.05
3077,-2.911250000000001,0.05
3078,1.17875,0.05
3079,1.06,0.05
3080,1.22875,0.05
3081,1.04,0.05
3082,0.98,0.05
3083,1.2112500000000002,0.05
3084,1.0550000000000002,0.05
3085,-2.875000000000001,0.05
3086,1.0575,0.05
3087,1.0150000000000001,0.05
3088,0.10375000000000001,0.05
3089,1.2237500000000001,0.05
3090,0.7649999999999999,0.05
3091,0.9875,0.05
3092,-3.050000000000001,0.05
3093,1.1287500000000001,0.05
3094,1.0,0.05
3095,1.1612500000000001,0.05
3096,0.20125000000000015,0.05
3097,1.02125,0.05
3098,1.24625,0.05
3099,1.11,0.05
3100,1.0450000000000002,0.05
3101,1.0975000000000001,0.05
3102,0.93625,0.05
3103,0.28874999999999984,0.05
3104,1.19,0.05
3105,1.105,0.05
3106,1.13625,0.05
3107,0.8225,0.05
3108,1.40375,0.05
3109,0.9087500000000001,0.05
3110,1.1925,0.05
3111,0.8925000000000001,0.05
3112,-2.7062500000000007,0.05
3113,0.75125,0.05
3114,1.3225,0.05
3115,1.2637500000000002,0.05
3116,-0.029999999999999805,0.05
3117,0.5074999999999997,0.05
3118,1.155,0.05
3119,0.7649999999999999,0.05
3120,1.31375,0.05
3121,1.3362500000000002,0.05
3122,0.8425,0.05
3123,1.25875,0.05
3124,0.3112499999999998,0.05
3125,0.9537500000000001,0.05
3126,1.17375,0.05
3127,1.0025,0.05
3128,1.03375,0.05
3129,0.97875,0.05
3130,1.27625,0.05
3131,1.2825000000000002,0.05
3132,1.17,0.05
3133,1.1125,0.05
3134,1.295,0.05
3135,1.0525,0.05
3136,1.15375,0.05
3137,1.0825,0.05
3138,1.1812500000000001,0.05
3139,0.5399999999999997,0.05
3140,0.9762500000000001,0.05
3141,0.8675,0.05
3142,1.0550000000000002,0.05
3143,0.7512499999999999,0.05
3144,0.4199999999999997,0.05
3145,0.8762500000000001,0.05
3146,0.3287499999999999,0.05
3147,1.09375,0.05
3148,1.24125,0.05
3149,1.2087500000000002,0.05
3150,1.24125,0.05
3151,1.07625,0.05
3152,1.1800000000000002,0.05
3153,1.24125,0.05
3154,1.1487500000000002,0.05
3155,0.6237499999999999,0.05
3156,1.135,0.05
3157,1.02125,0.05
3158,0.935,0.05
3159,1.09625,0.05
3160,1.1125,0.05
3161,1.0987500000000001,0.05
3162,-0.17124999999999968,0.05
3163,0.7999999999999999,0.05
3164,0.9550000000000001,0.05
3165,1.2000000000000002,0.05
3166,1.22625,0.05
3167,0.89875,0.05
3168,1.135,0.05
3169,1.24125,0.05
3170,0.7687499999999999,0.05
3171,1.095,0.05
3172,-1.1700000000000006,0.05
3173,0.72375,0.05
3174,1.0075,0.05
3175,1.1487500000000002,0.05
3176,0.8925000000000001,0.05
3177,1.08,0.05
3178,0.6949999999999998,0.05
3179,0.8125,0.05
3180,-0.35374999999999934,0.05
3181,0.28249999999999975,0.05
3182,1.2000000000000002,0.05
3183,1.245,0.05
3184,0.5387499999999997,0.05
3185,1.1,0.05
3186,0.98,0.05
3187,1.02625,0.05
3188,0.5199999999999998,0.05
3189,0.9850000000000001,0.05
3190,0.8099999999999999,0.05
3191,0.9525000000000001,0.05
3192,1.295,0.05
3193,1.145,0.05
3194,1.45875,0.05
3195,1.12625,0.05
3196,1.1675,0.05
3197,1.2537500000000001,0.05
3198,0.12125000000000008,0.05
3199,1.28875,0.05
3200,1.00625,0.05
3201,0.8375,0.05
3202,1.245,0.05
3203,0.9175000000000001,0.05
3204,0.84375,0.05
3205,0.8425,0.05
3206,1.125,0.05
3207,0.82,0.05
3208,1.1500000000000001,0.05
3209,1.16375,0.05
3210,1.33875,0.05
3211,1.09375,0.05
3212,0.9900000000000001,0.05
3213,1.2275,0.05
3214,0.7825,0.05
3215,1.3887500000000002,0.05
3216,0.6762499999999999,0.05
3217,1.37625,0.05
3218,1.2000000000000002,0.05
3219,1.1900000000000002,0.05
3220,1.1912500000000001,0.05
3221,1.4800000000000002,0.05
3222,0.4399999999999997,0.05
3223,0.41624999999999956,0.05
3224,1.19,0.05
3225,1.1262500000000002,0.05
3226,1.2475,0.05
3227,0.935,0.05
3228,1.085,0.05
3229,1.0012500000000002,0.05
3230,0.4824999999999997,0.05
3231,1.30375,0.05
3232,0.81875,0.05
3233,0.7799999999999999,0.05
3234,0.025000000000000133,0.05
3235,1.34375,0.05
3236,1.12375,0.05
3237,1.02625,0.05
3238,0.9750000000000001,0.05
3239,0.99,0.05
3240,1.42625,0.05
3241,1.28375,0.05
3242,0.5212499999999997,0.05
3243,1.2025000000000001,0.05
3244,1.4125,0.05
3245,1.1075,0.05
3246,0.39749999999999974,0.05
3247,1.03375,0.05
3248,1.17875,0.05
3249,1.0250000000000001,0.05
3250,-0.09499999999999975,0.05
3251,1.1712500000000001,0.05
3252,1.2525,0.05
3253,1.22625,0.05
3254,1.19,0.05
3255,1.0975000000000001,0.05
3256,1.0350000000000001,0.05
3257,1.24875,0.05
3258,1.1125,0.05
3259,0.885,0.05
3260,-0.08624999999999994,0.05
3261,1.2225000000000001,0.05
3262,1.06125,0.05
3263,1.37625,0.05
3264,0.6199999999999998,0.05
3265,1.18625,0.05
3266,1.34375,0.05
3267,1.06875,0.05
3268,1.04125,0.05
3269,1.20375,0.05
3270,-0.2637499999999995,0.05
3271,1.0987500000000001,0.05
3272,1.02125,0.05
3273,0.66,0.05
3274,1.0025,0.05
3275,1.1800000000000002,0.05
3276,1.12375,0.05
3277,-0.83125,0.05
3278,1.44875,0.05
3279,1.02125,0.05
3280,0.88,0.05
3281,0.91125,0.05
3282,0.30874999999999986,0.05
3283,1.03125,0.05
3284,0.7012499999999998,0.05
3285,0.4924999999999997,0.05
3286,0.9500000000000001,0.05
3287,1.17,0.05
3288,0.5987499999999998,0.05
3289,1.28875,0.05
3290,0.46499999999999975,0.05
3291,1.22625,0.05
3292,0.90375,0.05
3293,1.44,0.05
3294,1.20375,0.05
3295,0.9087500000000001,0.05
3296,1.25,0.05
3297,-2.7562500000000005,0.05
3298,1.16625,0.05
3299,0.85375,0.05
3300,0.82375,0.05
3301,0.5624999999999998,0.05
3302,1.29,0.05
3303,0.28749999999999987,0.05
3304,0.875,0.05
3305,1.27,0.05
3306,1.40375,0.05
3307,1.26,0.05
3308,1.1675,0.05
3309,0.28249999999999975,0.05
3310,1.5450000000000002,0.05
3311,1.0025,0.05
3312,0.9875,0.05
3313,1.04,0.05
3314,-0.1999999999999995,0.05
3315,0.23625000000000007,0.05
3316,1.1025,0.05
3317,1.07875,0.05
3318,0.8425,0.05
3319,0.9287500000000001,0.05
3320,1.30875,0.05
3321,1.10125,0.05
3322,1.0237500000000002,0.05
3323,1.2075,0.05
3324,1.2200000000000002,0.05
3325,1.18125,0.05
3326,0.5024999999999998,0.05
3327,1.225,0.05
3328,0.97875,0.05
3329,1.37125,0.05
3330,1.0037500000000001,0.05
3331,1.26125,0.05
3332,1.115,0.05
3333,0.8450000000000001,0.05
3334,1.09,0.05
3335,1.165,0.05
3336,0.9325000000000001,0.05
3337,1.50875,0.05
3338,0.63375,0.05
3339,1.07625,0.05
3340,0.003750000000000364,0.05
3341,1.0425,0.05
3342,1.13125,0.05
3343,0.3262499999999997,0.05
3344,0.74625,0.05
3345,1.215,0.05
3346,0.9525000000000001,0.05
3347,1.04,0.05
3348,1.0050000000000001,0.05
3349,1.0325000000000002,0.05
3350,-3.977499999999999,0.05
3351,-3.6350000000000002,0.05
3352,1.0050000000000001,0.05
3353,1.1725,0.05
3354,1.23125,0.05
3355,1.2437500000000001,0.05
3356,0.74625,0.05
3357,1.0562500000000001,0.05
3358,1.3,0.05
3359,0.91,0.05
3360,0.8800000000000001,0.05
3361,1.045,0.05
3362,0.5237499999999997,0.05
3363,0.7649999999999999,0.05
3364,1.50875,0.05
3365,0.93,0.05
3366,1.2275,0.05
3367,1.1975,0.05
3368,0.9475,0.05
3369,1.2862500000000001,0.05
3370,0.9475,0.05
3371,1.2775,0.05
3372,1.0450000000000002,0.05
3373,0.74625,0.05
3374,1.2937500000000002,0.05
3375,0.8775,0.05
3376,1.095,0.05
3377,0.31999999999999984,0.05
3378,1.2275,0.05
3379,1.37125,0.05
3380,1.105,0.05
3381,0.7299999999999999,0.05
3382,1.03875,0.05
3383,1.2937500000000002,0.05
3384,1.0975000000000001,0.05
3385,1.2225000000000001,0.05
3386,0.7124999999999999,0.05
3387,1.48125,0.05
3388,1.05,0.05
3389,1.4225,0.05
3390,1.02,0.05
3391,1.3275000000000001,0.05
3392,0.6574999999999999,0.05
3393,0.79875,0.05
3394,1.0437500000000002,0.05
3395,0.4162499999999998,0.05
3396,0.93,0.05
3397,1.125,0.05
3398,1.40375,0.05
3399,1.0575,0.05
3400,0.7649999999999999,0.05
3401,1.3625,0.05
3402,1.17875,0.05
3403,0.9000000000000001,0.05
3404,-2.837500000000001,0.05
3405,1.0625,0.05
3406,1.2575,0.05
3407,1.0100000000000002,0.05
3408,1.0212500000000002,0.05
3409,1.22625,0.05
3410,1.0425,0.05
3411,0.8437500000000001,0.05
3412,1.29125,0.05
3413,0.9850000000000001,0.05
3414,1.35,0.05
3415,1.0825,0.05
3416,1.2,0.05
3417,1.5075,0.05
3418,0.9712500000000001,0.05
3419,1.2437500000000001,0.05
3420,-3.306249999999999,0.05
3421,0.8762500000000001,0.05
3422,1.2437500000000001,0.05
3423,1.13375,0.05
3424,1.07125,0.05
3425,1.335,0.05
3426,1.09375,0.05
3427,0.7675,0.05
3428,0.9962500000000001,0.05
3429,0.7675,0.05
3430,0.8200000000000001,0.05
3431,1.1,0.05
3432,0.6949999999999998,0.05
3433,1.39125,0.05
3434,1.08,0.05
3435,0.5599999999999998,0.05
3436,1.3,0.05
3437,1.48625,0.05
3438,1.0025,0.05
3439,1.1487500000000002,0.05
3440,0.8012499999999999,0.05
3441,1.03875,0.05
3442,1.355,0.05
3443,1.115,0.05
3444,1.0550000000000002,0.05
3445,1.15375,0.05
3446,1.1,0.05
3447,1.335,0.05
3448,1.06875,0.05
3449,1.4087500000000002,0.05
3450,0.9725000000000001,0.05
3451,1.1400000000000001,0.05
3452,1.2337500000000001,0.05
3453,1.02,0.05
3454,1.1525,0.05
3455,1.17875,0.05
3456,1.13625,0.05
3457,1.19,0.05
3458,0.35999999999999965,0.05
3459,0.9337500000000001,0.05
3460,1.1300000000000001,0.05
3461,0.9325000000000001,0.05
3462,0.10249999999999981,0.05
3463,1.2637500000000002,0.05
3464,-0.36749999999999927,0.05
3465,1.19875,0.05
3466,0.9537500000000001,0.05
3467,1.00625,0.05
3468,0.6199999999999998,0.05
3469,1.1062500000000002,0.05
3470,0.4474999999999997,0.05
3471,1.045,0.05
3472,0.8775000000000001,0.05
3473,1.13625,0.05
3474,1.02625,0.05
3475,0.5749999999999998,0.05
3476,1.0050000000000001,0.05
3477,0.905,0.05
3478,1.20625,0.05
3479,1.1675,0.05
3480,0.935,0.05
3481,0.9875,0.05
3482,1.0750000000000002,0.05
3483,0.755,0.05
3484,1.18375,0.05
3485,1.2,0.05
3486,1.105,0.05
3487,1.0137500000000002,0.05
3488,0.78375,0.05
3489,1.42625,0.05
3490,0.8925000000000001,0.05
3491,1.2312500000000002,0.05
3492,1.0375,0.05
3493,1.12625,0.05
3494,1.0425,0.05
3495,-0.1962499999999996,0.05
3496,1.01625,0.05
3497,1.135,0.05
3498,1.11,0.05
3499,-2.8787500000000006,0.05
3500,1.195,0.05
3501,1.36,0.05
3502,1.0987500000000001,0.05
3503,0.9425,0.05
3504,0.6849999999999999,0.05
3505,1.1725,0.05
3506,1.1975000000000002,0.05
3507,0.84875,0.05
3508,1.18625,0.05
3509,0.4600000000000003,0.05
3510,0.6087499999999998,0.05
3511,1.11625,0.05
3512,1.105,0.05
3513,0.7849999999999999,0.05
3514,1.15625,0.05
3515,1.0050000000000001,0.05
3516,1.12,0.05
3517,0.74,0.05
3518,1.23875,0.05
3519,1.3725,0.05
3520,0.90375,0.05
3521,1.2075,0.05
3522,1.15125,0.05
3523,1.435,0.05
3524,1.13125,0.05
3525,0.98875,0.05
3526,1.455,0.05
3527,1.185,0.05
3528,1.0925,0.05
3529,1.27,0.05
3530,-0.6724999999999997,0.05
3531,1.18625,0.05
3532,0.6724999999999999,0.05
3533,1.11125,0.05
3534,0.8425,0.05
3535,1.1125,0.05
3536,1.1125,0.05
3537,0.85375,0.05
3538,1.0337500000000002,0.05
3539,1.3825,0.05
3540,1.14125,0.05
3541,1.16625,0.05
3542,1.33125,0.05
3543,0.6862499999999998,0.05
3544,1.0450000000000002,0.05
3545,1.2000000000000002,0.05
3546,1.0987500000000001,0.05
3547,1.1125,0.05
3548,1.115,0.05
3549,0.7224999999999999,0.05
3550,0.9950000000000001,0.05
3551,0.8425,0.05
3552,1.27125,0.05
3553,0.3737499999999998,0.05
3554,1.33125,0.05
3555,0.83125,0.05
3556,-3.166249999999999,0.05
3557,1.21,0.05
3558,1.1,0.05
3559,1.0750000000000002,0.05
3560,0.7124999999999999,0.05
3561,1.0450000000000002,0.05
3562,1.07,0.05
3563,1.2962500000000001,0.05
3564,1.27125,0.05
3565,1.0762500000000002,0.05
3566,1.0975000000000001,0.05
3567,1.00625,0.05
3568,0.9162500000000001,0.05
3569,1.17,0.05
3570,1.0750000000000002,0.05
3571,-2.6800000000000006,0.05
3572,0.23624999999999985,0.05
3573,1.5274999999999999,0.05
3574,0.8900000000000001,0.05
3575,1.50875,0.05
3576,1.11125,0.05
3577,0.9587500000000001,0.05
3578,1.2625000000000002,0.05
3579,0.6962499999999999,0.05
3580,1.1237500000000002,0.05
3581,1.1725,0.05
3582,1.485,0.05
3583,0.9362500000000001,0.05
3584,1.0625,0.05
3585,1.0950000000000002,0.05
3586,1.08125,0.05
3587,1.08125,0.05
3588,1.1400000000000001,0.05
3589,1.13125,0.05
3590,1.45,0.05
3591,1.08125,0.05
3592,1.1175000000000002,0.05
3593,1.0075,0.05
3594,1.07375,0.05
3595,1.09,0.05
3596,1.0375,0.05
3597,1.2775,0.05
3598,1.0012500000000002,0.05
3599,1.0525,0.05
3600,-2.7187500000000004,0.05
3601,1.2200000000000002,0.05
3602,0.7099999999999999,0.05
3603,1.1075,0.05
3604,1.04,0.05
3605,1.00625,0.05
3606,1.0250000000000001,0.05
3607,1.115,0.05
3608,1.02125,0.05
3609,0.86,0.05
3610,0.7699999999999999,0.05
3611,0.5587499999999999,0.05
3612,1.2975,0.05
3613,1.4775,0.05
3614,1.1612500000000001,0.05
3615,0.935,0.05
3616,-0.17124999999999946,0.05
3617,1.01875,0.05
3618,1.27875,0.05
3619,1.24,0.05
3620,1.315,0.05
3621,1.2950000000000002,0.05
3622,1.25875,0.05
3623,0.5999999999999998,0.05
3624,1.1,0.05
3625,1.2675,0.05
3626,0.88,0.05
3627,0.3987499999999997,0.05
3628,1.08,0.05
3629,1.0050000000000001,0.05
3630,1.3175000000000001,0.05
3631,-0.013749999999999707,0.05
3632,1.0050000000000001,0.05
3633,1.2075,0.05
3634,1.37125,0.05
3635,1.07625,0.05
3636,1.1500000000000001,0.05
3637,1.2537500000000001,0.05
3638,0.7687499999999999,0.05
3639,1.0987500000000001,0.05
3640,1.15,0.05
3641,0.8,0.05
3642,0.9400000000000001,0.05
3643,1.11,0.05
3644,0.7262500000000001,0.05
3645,1.1787500000000002,0.05
3646,1.155,0.05
3647,0.9537500000000001,0.05
3648,1.1425,0.05
3649,1.1175000000000002,0.05
3650,1.2275,0.05
3651,1.185,0.05
3652,0.83125,0.05
3653,0.79875,0.05
3654,0.5799999999999997,0.05
3655,1.2775,0.05
3656,1.0575,0.05
3657,0.9137500000000001,0.05
3658,0.875,0.05
3659,1.21,0.05
3660,0.89,0.05
3661,0.9650000000000001,0.05
3662,0.5549999999999998,0.05
3663,0.9837500000000001,0.05
3664,1.1675,0.05
3665,1.09375,0.05
3666,0.29874999999999985,0.05
3667,0.6887499999999999,0.05
3668,1.35375,0.05
3669,1.0050000000000001,0.05
3670,1.2862500000000001,0.05
3671,1.51375,0.05
3672,1.1687500000000002,0.05
3673,1.1612500000000001,0.05
3674,1.10125,0.05
3675,0.9975,0.05
3676,1.1350000000000002,0.05
3677,0.6962499999999998,0.05
3678,1.26375,0.05
3679,0.9450000000000001,0.05
3680,1.2650000000000001,0.05
3681,1.21,0.05
3682,1.2175,0.05
3683,1.1575000000000002,0.05
3684,1.0562500000000001,0.05
3685,0.91,0.05
3686,0.6837500000000001,0.05
3687,1.175,0.05
3688,1.28,0.05
3689,1.33125,0.05
3690,1.09375,0.05
3691,0.6349999999999998,0.05
3692,1.1325,0.05
3693,0.89375,0.05
3694,1.2200000000000002,0.05
3695,1.135,0.05
3696,1.115,0.05
3697,1.0350000000000001,0.05
3698,1.1800000000000002,0.05
3699,1.13625,0.05
3700,1.1800000000000002,0.05
3701,0.8550000000000001,0.05
3702,1.2225000000000001,0.05
3703,1.2175,0.05
3704,1.20875,0.05
3705,0.8012499999999999,0.05
3706,0.84,0.05
3707,1.0437500000000002,0.05
3708,1.1600000000000001,0.05
3709,1.235,0.05
3710,1.12625,0.05
3711,0.6362499999999998,0.05
3712,1.0225,0.05
3713,1.20375,0.05
3714,0.32999999999999985,0.05
3715,1.3675000000000002,0.05
3716,0.1612499999999999,0.05
3717,0.6224999999999998,0.05
3718,0.1775,0.05
3719,0.3849999999999998,0.05
3720,1.315,0.05
3721,-2.86625,0.05
3722,1.1125,0.05
3723,1.0450000000000002,0.05
3724,0.7099999999999999,0.05
3725,1.375,0.05
3726,1.0375,0.05
3727,0.82375,0.05
3728,1.4187500000000002,0.05
3729,1.5274999999999999,0.05
3730,1.19,0.05
3731,1.245,0.05
3732,1.2625000000000002,0.05
3733,1.205,0.05
3734,0.8612500000000001,0.05
3735,1.13625,0.05
3736,0.8675,0.05
3737,1.08125,0.05
3738,1.1225,0.05
3739,0.7825,0.05
3740,1.06875,0.05
3741,1.2650000000000001,0.05
3742,1.1912500000000001,0.05
3743,1.27875,0.05
3744,1.06125,0.05
3745,0.7699999999999999,0.05
3746,1.13625,0.05
3747,0.88,0.05
3748,1.02625,0.05
3749,1.0125000000000002,0.05
3750,1.0075,0.05
3751,1.445,0.05
3752,0.9025000000000001,0.05
3753,0.9800000000000001,0.05
3754,1.5362500000000001,0.05
3755,1.135,0.05
3756,0.77,0.05
3757,0.9525000000000001,0.05
3758,1.46375,0.05
3759,1.2,0.05
3760,1.20875,0.05
3761,1.05,0.05
3762,1.00875,0.05
3763,0.825,0.05
3764,0.5762499999999998,0.05
3765,1.0050000000000001,0.05
3766,1.1525,0.05
3767,1.13125,0.05
3768,0.7575,0.05
3769,1.135,0.05
3770,0.6899999999999998,0.05
3771,1.0525,0.05
3772,1.145,0.05
3773,0.74625,0.05
3774,0.6537499999999999,0.05
3775,1.2112500000000002,0.05
3776,0.8425,0.05
3777,0.6862499999999999,0.05
3778,1.185,0.05
3779,1.10125,0.05
3780,0.91125,0.05
3781,1.09375,0.05
3782,1.3,0.05
3783,0.97,0.05
3784,1.385,0.05
3785,1.1900000000000002,0.05
3786,0.7350000000000001,0.05
3787,0.9637500000000001,0.05
3788,0.99,0.05
3789,1.24125,0.05
3790,1.185,0.05
3791,1.18625,0.05
3792,-2.9425000000000012,0.05
3793,1.09,0.05
3794,1.1812500000000001,0.05
3795,1.27875,0.05
3796,1.0750000000000002,0.05
3797,1.23125,0.05
3798,1.0,0.05
3799,1.15625,0.05
3800,1.2437500000000001,0.05
3801,1.155,0.05
3802,1.10375,0.05
3803,1.1912500000000001,0.05
3804,1.00625,0.05
3805,1.0837500000000002,0.05
3806,1.435,0.05
3807,0.7575,0.05
3808,1.1812500000000001,0.05
3809,-0.06499999999999928,0.05
3810,0.9837500000000001,0.05
3811,1.08,0.05
3812,1.21,0.05
3813,1.19875,0.05
3814,1.1487500000000002,0.05
3815,0.8762500000000001,0.05
3816,1.40875,0.05
3817,0.9650000000000001,0.05
3818,1.205,0.05
3819,0.875,0.05
3820,0.7462499999999999,0.05
3821,1.27125,0.05
3822,0.9537500000000001,0.05
3823,0.99,0.05
3824,1.08,0.05
3825,1.28125,0.05
3826,0.6937499999999999,0.05
3827,0.4512499999999998,0.05
3828,0.9237500000000001,0.05
3829,1.01625,0.05
3830,0.6337499999999998,0.05
3831,1.32,0.05
3832,1.38625,0.05
3833,1.1,0.05
3834,1.0425,0.05
3835,1.2775,0.05
3836,0.43874999999999975,0.05
3837,1.19875,0.05
3838,0.2762499999999999,0.05
3839,1.04,0.05
3840,1.3125,0.05
3841,0.7299999999999999,0.05
3842,1.2625000000000002,0.05
3843,1.0225,0.05
3844,0.765,0.05
3845,0.9700000000000001,0.05
3846,1.0987500000000001,0.05
3847,1.2775,0.05
3848,0.6912499999999999,0.05
3849,0.7925,0.05
3850,0.6524999999999999,0.05
3851,1.0750000000000002,0.05
3852,1.2750000000000001,0.05
3853,1.20375,0.05
3854,0.7899999999999999,0.05
3855,0.805,0.05
3856,1.01625,0.05
3857,-0.7574999999999996,0.05
3858,1.0350000000000001,0.05
3859,1.0975000000000001,0.05
3860,0.735,0.05
3861,1.3,0.05
3862,1.11,0.05
3863,0.8450000000000001,0.05
3864,1.045,0.05
3865,1.31,0.05
3866,1.355,0.05
3867,1.1887500000000002,0.05
3868,1.02,0.05
3869,1.08125,0.05
3870,1.1062500000000002,0.05
3871,0.2649999999999999,0.05
3872,0.7274999999999999,0.05
3873,1.44875,0.05
3874,1.2000000000000002,0.05
3875,1.045,0.05
3876,0.7699999999999999,0.05
3877,0.84,0.05
3878,0.96625,0.05
3879,1.13625,0.05
3880,1.26,0.05
3881,0.8624999999999999,0.05
3882,0.9500000000000001,0.05
3883,0.9912500000000001,0.05
3884,1.2,0.05
3885,0.5049999999999998,0.05
3886,0.845,0.05
3887,1.3175000000000001,0.05
3888,1.4575,0.05
3889,1.045,0.05
3890,-2.953750000000001,0.05
3891,0.9175,0.05
3892,1.4587500000000002,0.05
3893,1.2437500000000001,0.05
3894,0.82625,0.05
3895,0.98875,0.05
3896,1.08125,0.05
3897,0.9612500000000002,0.05
3898,1.20375,0.05
3899,1.19,0.05
3900,1.17,0.05
3901,1.3175000000000001,0.05
3902,0.9325000000000001,0.05
3903,1.25875,0.05
3904,1.2125000000000001,0.05
3905,1.1325,0.05
3906,1.03375,0.05
3907,1.1925000000000001,0.05
3908,0.7137499999999999,0.05
3909,0.10624999999999996,0.05
3910,1.0250000000000001,0.05
3911,1.16625,0.05
3912,0.9400000000000001,0.05
3913,1.5450000000000002,0.05
3914,1.34375,0.05
3915,1.3075,0.05
3916,0.895,0.05
3917,0.905,0.05
3918,0.20500000000000052,0.05
3919,1.2862500000000001,0.05
3920,1.3137500000000002,0.05
3921,1.14375,0.05
3922,0.87375,0.05
3923,1.0437500000000002,0.05
3924,0.5499999999999998,0.05
3925,1.24,0.05
3926,0.85625,0.05
3927,1.165,0.05
3928,1.0237500000000002,0.05
3929,1.24875,0.05
3930,1.1625,0.05
3931,1.48125,0.05
3932,1.01875,0.05
3933,0.87,0.05
3934,1.3925,0.05
3935,0.7499999999999999,0.05
3936,1.29125,0.05
3937,1.3162500000000001,0.05
3938,1.0575,0.05
3939,0.7325,0.05
3940,0.925,0.05
3941,0.3124999999999998,0.05
3942,0.8062499999999999,0.05
3943,1.18625,0.05
3944,1.25,0.05
3945,1.24125,0.05
3946,0.9825000000000002,0.05
3947,0.84875,0.05
3948,1.0437500000000002,0.05
3949,1.0450000000000002,0.05
3950,0.88,0.05
3951,1.25625,0.05
3952,1.07125,0.05
3953,1.1125,0.05
3954,0.2812499999999998,0.05
3955,0.82,0.05
3956,1.20375,0.05
3957,1.26,0.05
3958,1.31,0.05
3959,1.24,0.05
3960,1.20375,0.05
3961,0.7050000000000001,0.05
3962,1.07375,0.05
3963,0.8975000000000001,0.05
3964,1.1687500000000002,0.05
3965,1.28125,0.05
3966,0.8125,0.05
3967,1.225,0.05
3968,0.9850000000000001,0.05
3969,1.07125,0.05
3970,1.205,0.05
3971,1.10125,0.05
3972,1.2725,0.05
3973,1.2175,0.05
3974,0.8250000000000001,0.05
3975,1.3725,0.05
3976,0.7675,0.05
3977,1.2650000000000001,0.05
3978,1.2537500000000001,0.05
3979,1.09375,0.05
3980,1.0762500000000002,0.05
3981,0.4512499999999997,0.05
3982,0.9850000000000001,0.05
3983,0.62125,0.05
3984,1.215,0.05
3985,1.1175000000000002,0.05
3986,1.07625,0.05
3987,1.3137500000000002,0.05
3988,0.9400000000000001,0.05
3989,1.37625,0.05
3990,1.3525,0.05
3991,1.02,0.05
3992,1.1675,0.05
3993,0.85875,0.05
3994,1.135,0.05
3995,1.15375,0.05
3996,0.5949999999999998,0.05
3997,1.1287500000000001,0.05
3998,1.1075,0.05
3999,1.0012500000000002,0.05
4000,1.1725,0.05
4001,1.3587500000000001,0.05
4002,1.0987500000000001,0.05
4003,1.1675,0.05
4004,1.18625,0.05
4005,0.47499999999999987,0.05
4006,1.09375,0.05
4007,0.85375,0.05
4008,0.99,0.05
4009,0.7437499999999999,0.05
4010,1.1,0.05
4011,1.205,0.05
4012,0.895,0.05
4013,1.07625,0.05
4014,0.84375,0.05
4015,1.2775,0.05
4016,0.98875,0.05
4017,1.17875,0.05
4018,1.2087500000000002,0.05
4019,1.17375,0.05
4020,1.21625,0.05
4021,1.1500000000000001,0.05
4022,1.165,0.05
4023,1.045,0.05
4024,1.06125,0.05
4025,1.12125,0.05
4026,1.1625,0.05
4027,1.27625,0.05
4028,1.2275,0.05
4029,1.185,0.05
4030,1.27875,0.05
4031,0.7675,0.05
4032,1.0275,0.05
4033,1.19,0.05
4034,1.4075,0.05
4035,1.165,0.05
4036,1.0575,0.05
4037,1.18625,0.05
4038,1.24875,0.05
4039,1.27625,0.05
4040,1.1400000000000001,0.05
4041,1.2200000000000002,0.05
4042,0.905,0.05
4043,1.2575,0.05
4044,1.08125,0.05
4045,1.1925000000000001,0.05
4046,1.17,0.05
4047,1.07875,0.05
4048,0.99,0.05
4049,0.9,0.05
4050,1.37125,0.05
4051,0.8975000000000001,0.05
4052,1.20875,0.05
4053,0.7675,0.05
4054,1.1725,0.05
4055,0.9962500000000001,0.05
4056,1.475,0.05
4057,1.145,0.05
4058,1.15,0.05
4059,1.48625,0.05
4060,1.0275,0.05
4061,0.5749999999999997,0.05
4062,0.87375,0.05
4063,1.01625,0.05
4064,1.12375,0.05
4065,1.08125,0.05
4066,1.10125,0.05
4067,0.4212499999999997,0.05
4068,1.0250000000000001,0.05
4069,1.0612500000000002,0.05
4070,1.1800000000000002,0.05
4071,0.9825000000000002,0.05
4072,1.245,0.05
4073,1.08125,0.05
4074,1.25875,0.05
4075,1.19,0.05
4076,1.2962500000000001,0.05
4077,0.84125,0.05
4078,1.0575,0.05
4079,0.99,0.05
4080,1.4725000000000001,0.05
4081,1.1475,0.05
4082,-0.2949999999999997,0.05
4083,1.1,0.05
4084,0.46874999999999967,0.05
4085,0.9525000000000001,0.05
4086,1.16625,0.05
4087,1.13375,0.05
4088,0.7699999999999999,0.05
4089,0.8175,0.05
4090,0.9525000000000001,0.05
4091,0.7449999999999999,0.05
4092,1.2075,0.05
4093,1.13625,0.05
4094,1.105,0.05
4095,1.11,0.05
4096,1.23875,0.05
4097,1.0987500000000001,0.05
4098,1.32125,0.05
4099,1.0237500000000002,0.05
4100,1.135,0.05
4101,1.1525,0.05
4102,1.04,0.05
4103,1.4937500000000001,0.05
4104,1.1975,0.05
4105,1.19,0.05
4106,1.06,0.05
4107,1.165,0.05
4108,0.9750000000000001,0.05
4109,0.9887500000000001,0.05
4110,1.0237500000000002,0.05
4111,0.94125,0.05
4112,0.87875,0.05
4113,1.37125,0.05
4114,1.27625,0.05
4115,1.01625,0.05
4116,0.9412500000000001,0.05
4117,1.33,0.05
4118,1.15125,0.05
4119,-2.8775000000000004,0.05
4120,0.91625,0.05
4121,1.235,0.05
4122,0.7324999999999999,0.05
4123,1.4112500000000001,0.05
4124,1.0825,0.05
4125,0.96625,0.05
4126,0.905,0.05
4127,1.3575000000000002,0.05
4128,1.1125,0.05
4129,1.28,0.05
4130,1.36375,0.05
4131,1.13625,0.05
4132,1.38125,0.05
4133,0.6699999999999999,0.05
4134,0.9950000000000001,0.05
4135,1.31875,0.05
4136,0.25624999999999987,0.05
4137,1.28,0.05
4138,1.22,0.05
4139,0.48499999999999976,0.05
4140,1.0825,0.05
4141,1.05,0.05
4142,1.02,0.05
4143,1.1812500000000001,0.05
4144,0.8425,0.05
4145,0.87875,0.05
4146,-2.7362500000000005,0.05
4147,1.2475,0.05
4148,1.27875,0.05
4149,1.00625,0.05
4150,1.05,0.05
4151,1.3987500000000002,0.05
4152,0.8750000000000001,0.05
4153,1.2637500000000002,0.05
4154,0.8062499999999999,0.05
4155,1.44875,0.05
4156,1.145,0.05
4157,1.0050000000000001,0.05
4158,1.40375,0.05
4159,1.09625,0.05
4160,0.78,0.05
4161,1.41375,0.05
4162,1.39375,0.05
4163,1.2650000000000001,0.05
4164,1.4125,0.05
4165,1.17,0.05
4166,1.30875,0.05
4167,1.2200000000000002,0.05
4168,1.25875,0.05
4169,1.22625,0.05
4170,1.1325,0.05
4171,1.11125,0.05
4172,1.115,0.05
4173,0.6425000000000002,0.05
4174,1.07625,0.05
4175,0.9337500000000001,0.05
4176,0.795,0.05
4177,0.96625,0.05
4178,1.2175,0.05
4179,1.1375,0.05
4180,1.1487500000000002,0.05
4181,1.165,0.05
4182,1.0462500000000001,0.05
4183,0.5149999999999999,0.05
4184,0.6774999999999999,0.05
4185,1.20375,0.05
4186,1.45875,0.05
4187,0.21625000000000005,0.05
4188,-1.0762500000000006,0.05
4189,0.5662499999999998,0.05
4190,1.1387500000000002,0.05
4191,1.20375,0.05
4192,1.2862500000000001,0.05
4193,1.01875,0.05
4194,0.925,0.05
4195,0.6975,0.05
4196,0.9137500000000001,0.05
4197,1.17375,0.05
4198,1.095,0.05
4199,0.9600000000000001,0.05
4200,-2.830000000000001,0.05
4201,0.825,0.05
4202,0.9512500000000002,0.05
4203,0.27874999999999983,0.05
4204,1.20875,0.05
4205,0.8775,0.05
4206,1.08125,0.05
4207,1.2725,0.05
4208,1.3987500000000002,0.05
4209,0.48124999999999984,0.05
4210,0.90625,0.05
4211,0.5649999999999997,0.05
4212,0.9675,0.05
4213,1.1,0.05
4214,1.20875,0.05
4215,0.8375,0.05
4216,1.09,0.05
4217,1.165,0.05
4218,1.20375,0.05
4219,1.07,0.05
4220,1.15,0.05
4221,1.3362500000000002,0.05
4222,1.20375,0.05
4223,1.15375,0.05
4224,1.20875,0.05
4225,1.1712500000000001,0.05
4226,0.6599999999999998,0.05
4227,0.9100000000000001,0.05
4228,1.1,0.05
4229,1.37,0.05
4230,1.32125,0.05
4231,1.1262500000000002,0.05
4232,0.96125,0.05
4233,1.1,0.05
4234,1.5225000000000002,0.05
4235,0.9825000000000002,0.05
4236,1.02,0.05
4237,1.225,0.05
4238,1.1725,0.05
4239,1.17375,0.05
4240,0.8625,0.05
4241,0.7449999999999999,0.05
4242,1.22625,0.05
4243,0.6312500000000001,0.05
4244,0.83,0.05
4245,1.2937500000000002,0.05
4246,1.35,0.05
4247,-0.004999999999999893,0.05
4248,1.18625,0.05
4249,0.77625,0.05
4250,0.9387500000000001,0.05
4251,1.295,0.05
4252,1.3362500000000002,0.05
4253,1.08,0.05
4254,0.7999999999999999,0.05
4255,0.85125,0.05
4256,0.94625,0.05
4257,1.3675000000000002,0.05
4258,1.165,0.05
4259,0.78625,0.05
4260,1.32875,0.05
4261,0.9687500000000001,0.05
4262,1.21375,0.05
4263,0.935,0.05
4264,1.17,0.05
4265,1.1025,0.05
4266,0.9075000000000001,0.05
4267,0.025000000000000355,0.05
4268,1.30875,0.05
4269,0.90375,0.05
4270,0.9337500000000001,0.05
4271,0.93,0.05
4272,1.1237500000000002,0.05
4273,1.21,0.05
4274,0.8925000000000001,0.05
4275,1.31375,0.05
4276,1.18625,0.05
4277,1.0075,0.05
4278,0.9712500000000001,0.05
4279,1.21,0.05
4280,1.0375,0.05
4281,1.07875,0.05
4282,1.1487500000000002,0.05
4283,0.5287499999999997,0.05
4284,1.4187500000000002,0.05
4285,1.31,0.05
4286,1.3687500000000001,0.05
4287,1.34375,0.05
4288,1.31,0.05
4289,1.20375,0.05
4290,1.21,0.05
4291,1.06875,0.05
4292,1.2537500000000001,0.05
4293,1.2075,0.05
4294,1.0925,0.05
4295,1.04,0.05
4296,-0.04124999999999979,0.05
4297,1.5450000000000002,0.05
4298,0.16375000000000028,0.05
4299,1.03875,0.05
4300,1.3525,0.05
4301,0.9950000000000001,0.05
4302,0.88,0.05
4303,1.5,0.05
4304,1.0237500000000002,0.05
4305,1.1,0.05
4306,1.05875,0.05
4307,0.8350000000000001,0.05
4308,1.00875,0.05
4309,0.8925000000000001,0.05
4310,1.0450000000000002,0.05
4311,1.18375,0.05
4312,1.555,0.05
4313,1.12,0.05
4314,0.8925000000000001,0.05
4315,1.0775000000000001,0.05
4316,1.0550000000000002,0.05
4317,0.74375,0.05
4318,0.6599999999999999,0.05
4319,0.98875,0.05
4320,1.20875,0.05
4321,0.8137500000000001,0.05
4322,-2.818750000000001,0.05
4323,1.05125,0.05
4324,1.3625,0.05
4325,0.14249999999999985,0.05
4326,1.1,0.05
4327,0.5262499999999998,0.05
4328,0.84,0.05
4329,1.11125,0.05
4330,-0.5024999999999993,0.05
4331,1.0825,0.05
4332,1.2725,0.05
4333,1.03875,0.05
4334,1.27,0.05
4335,1.0250000000000001,0.05
4336,0.9637500000000001,0.05
4337,1.07375,0.05
4338,1.26625,0.05
4339,0.7999999999999999,0.05
4340,0.8775000000000001,0.05
4341,1.1675,0.05
4342,-0.6324999999999992,0.05
4343,0.7537499999999999,0.05
4344,1.16625,0.05
4345,1.0450000000000002,0.05
4346,1.3162500000000001,0.05
4347,1.2437500000000001,0.05
4348,1.2850000000000001,0.05
4349,1.08,0.05
4350,1.2237500000000001,0.05
4351,-0.1499999999999999,0.05
4352,1.02125,0.05
4353,1.16625,0.05
4354,0.7849999999999999,0.05
4355,0.7387499999999999,0.05
4356,1.20875,0.05
4357,1.02,0.05
4358,0.7324999999999999,0.05
4359,1.4312500000000001,0.05
4360,1.0762500000000002,0.05
4361,1.28125,0.05
4362,1.15,0.05
4363,1.30875,0.05
4364,1.35375,0.05
4365,1.18625,0.05
4366,1.17375,0.05
4367,1.35,0.05
4368,1.125,0.05
4369,1.0825,0.05
4370,0.8900000000000001,0.05
4371,0.8912500000000001,0.05
4372,0.7925,0.05
4373,1.1712500000000001,0.05
4374,0.7999999999999999,0.05
4375,0.5312499999999998,0.05
4376,1.095,0.05
4377,1.1887500000000002,0.05
4378,1.1725,0.05
4379,1.1725,0.05
4380,1.1475,0.05
4381,1.11,0.05
4382,1.24125,0.05
4383,1.3125,0.05
4384,1.42625,0.05
4385,0.5387499999999997,0.05
4386,1.17,0.05
4387,0.885,0.05
4388,1.4412500000000001,0.05
4389,1.1487500000000002,0.05
4390,0.85875,0.05
4391,1.11125,0.05
4392,0.84125,0.05
4393,0.8225,0.05
4394,1.2925,0.05
4395,1.09375,0.05
4396,0.6162499999999999,0.05
4397,0.99,0.05
4398,1.0525000000000002,0.05
4399,0.9950000000000001,0.05
4400,-2.8375000000000004,0.05
4401,1.06125,0.05
4402,1.1,0.05
4403,0.9625000000000001,0.05
4404,0.7999999999999999,0.05
4405,0.9800000000000001,0.05
4406,1.0637500000000002,0.05
4407,1.26625,0.05
4408,1.03875,0.05
4409,1.0437500000000002,0.05
4410,1.2,0.05
4411,1.23875,0.05
4412,1.0350000000000001,0.05
4413,1.08125,0.05
4414,0.9550000000000001,0.05
4415,0.92125,0.05
4416,-2.7000000000000006,0.05
4417,0.9250000000000002,0.05
4418,-0.12999999999999967,0.05
4419,1.24625,0.05
4420,0.8325,0.05
4421,1.2737500000000002,0.05
4422,1.1625,0.05
4423,0.9587500000000001,0.05
4424,1.0237500000000002,0.05
4425,1.1,0.05
4426,0.6887499999999999,0.05
4427,1.1625,0.05
4428,0.5149999999999997,0.05
4429,1.1487500000000002,0.05
4430,0.9512500000000002,0.05
4431,0.9700000000000001,0.05
4432,1.2,0.05
4433,1.21,0.05
4434,1.23625,0.05
4435,1.0775000000000001,0.05
4436,1.435,0.05
4437,1.02625,0.05
4438,0.7675,0.05
4439,1.0250000000000001,0.05
4440,0.98875,0.05
4441,1.31375,0.05
4442,0.90625,0.05
4443,-3.067499999999999,0.05
4444,1.1062500000000002,0.05
4445,1.2825000000000002,0.05
4446,0.88125,0.05
4447,1.4075,0.05
4448,1.13625,0.05
4449,1.18625,0.05
4450,1.5825,0.05
4451,1.165,0.05
4452,1.38625,0.05
4453,0.9825000000000002,0.05
4454,1.1487500000000002,0.05
4455,0.9337500000000001,0.05
4456,1.1175000000000002,0.05
4457,1.185,0.05
4458,1.5137500000000002,0.05
4459,1.2550000000000001,0.05
4460,1.03375,0.05
4461,1.16625,0.05
4462,-3.129999999999999,0.05
4463,0.1475000000000002,0.05
4464,0.6649999999999998,0.05
4465,1.16625,0.05
4466,1.02,0.05
4467,1.0012500000000002,0.05
4468,0.9700000000000001,0.05
4469,0.5649999999999998,0.05
4470,0.97875,0.05
4471,1.1912500000000001,0.05
4472,0.9137500000000001,0.05
4473,1.0437500000000002,0.05
4474,1.1575,0.05
4475,1.1425,0.05
4476,0.89625,0.05
4477,0.9175,0.05
4478,1.165,0.05
4479,1.405,0.05
4480,1.42625,0.05
4481,1.5225,0.05
4482,0.935,0.05
4483,0.7875,0.05
4484,0.5237499999999998,0.05
4485,-0.11124999999999963,0.05
4486,1.1600000000000001,0.05
4487,0.8375,0.05
4488,0.9650000000000001,0.05
4489,1.19875,0.05
4490,1.1087500000000001,0.05
4491,-0.4224999999999992,0.05
4492,0.40124999999999966,0.05
4493,1.15375,0.05
4494,1.2750000000000001,0.05
4495,0.9975,0.05
4496,1.1125,0.05
4497,1.18625,0.05
4498,0.9875,0.05
4499,1.39125,0.05
4500,1.06,0.05
4501,1.295,0.05
4502,1.0100000000000002,0.05
4503,1.02125,0.05
4504,1.24,0.05
4505,1.2025000000000001,0.05
4506,0.9837500000000001,0.05
4507,1.1612500000000001,0.05
4508,1.00625,0.05
4509,0.4624999999999998,0.05
4510,0.6662499999999998,0.05
4511,1.2962500000000001,0.05
4512,1.1725,0.05
4513,1.13625,0.05
4514,0.8175,0.05
4515,1.18375,0.05
4516,1.155,0.05
4517,0.9687500000000001,0.05
4518,0.93,0.05
4519,1.22125,0.05
4520,1.155,0.05
4521,1.07875,0.05
4522,1.2537500000000001,0.05
4523,1.20375,0.05
4524,0.9637500000000001,0.05
4525,1.3450000000000002,0.05
4526,1.13125,0.05
4527,1.2012500000000002,0.05
4528,1.2225000000000001,0.05
4529,1.125,0.05
4530,1.11625,0.05
4531,1.2112500000000002,0.05
4532,1.2025000000000001,0.05
4533,-3.5412500000000002,0.05
4534,1.04,0.05
4535,1.26125,0.05
4536,0.5324999999999999,0.05
4537,1.1912500000000001,0.05
4538,1.0325000000000002,0.05
4539,1.04,0.05
4540,0.90125,0.05
4541,1.24,0.05
4542,1.02,0.05
4543,1.31875,0.05
4544,1.2637500000000002,0.05
4545,1.13625,0.05
4546,0.9400000000000001,0.05
4547,1.405,0.05
4548,0.9825000000000002,0.05
4549,1.34375,0.05
4550,1.29375,0.05
4551,1.1075,0.05
4552,1.1487500000000002,0.05
4553,1.0425,0.05
4554,1.08125,0.05
4555,-3.3625000000000007,0.05
4556,-0.1699999999999997,0.05
4557,0.82375,0.05
4558,1.20625,0.05
4559,1.1287500000000001,0.05
4560,0.6487499999999998,0.05
4561,0.99,0.05
4562,0.7687499999999999,0.05
4563,-3.3775,0.05
4564,0.9525000000000001,0.05
4565,1.13625,0.05
4566,1.39125,0.05
4567,1.1487500000000002,0.05
4568,1.11625,0.05
4569,1.0450000000000002,0.05
4570,0.935,0.05
4571,1.155,0.05
4572,0.9337500000000001,0.05
4573,1.135,0.05
4574,1.07,0.05
4575,1.21875,0.05
4576,1.25625,0.05
4577,1.00625,0.05
4578,1.28,0.05
4579,1.2200000000000002,0.05
4580,0.8612500000000001,0.05
4581,0.9537500000000001,0.05
4582,0.7375,0.05
4583,1.11625,0.05
4584,0.8962500000000001,0.05
4585,1.19875,0.05
4586,1.24125,0.05
4587,0.8925000000000001,0.05
4588,1.20875,0.05
4589,1.1300000000000001,0.05
4590,1.155,0.05
4591,1.3625,0.05
4592,1.04,0.05
4593,1.31,0.05
4594,1.01875,0.05
4595,0.4712499999999997,0.05
4596,1.03875,0.05
4597,1.15,0.05
4598,1.17,0.05
4599,-3.0062500000000014,0.05
4600,1.0225,0.05
4601,1.19,0.05
4602,1.4175,0.05
4603,0.84375,0.05
4604,0.7162499999999998,0.05
4605,0.83,0.05
4606,0.8562500000000001,0.05
4607,1.0637500000000002,0.05
4608,1.185,0.05
4609,0.86625,0.05
4610,0.91625,0.05
4611,1.1525,0.05
4612,1.4075,0.05
4613,1.2825,0.05
4614,1.35,0.05
4615,1.405,0.05
4616,1.29125,0.05
4617,1.19,0.05
4618,1.14375,0.05
4619,1.085,0.05
4620,0.9337500000000001,0.05
4621,0.9875,0.05
4622,-0.09499999999999975,0.05
4623,1.26125,0.05
4624,-2.9,0.05
4625,1.0950000000000002,0.05
4626,1.1912500000000001,0.05
4627,0.9875,0.05
4628,0.935,0.05
4629,0.94875,0.05
4630,1.215,0.05
4631,0.8775000000000001,0.05
4632,0.7499999999999999,0.05
4633,-0.6437499999999996,0.05
4634,1.2075,0.05
4635,0.9900000000000001,0.05
4636,1.3687500000000001,0.05
4637,1.0250000000000001,0.05
4638,1.3625,0.05
4639,1.1375000000000002,0.05
4640,1.01375,0.05
4641,1.1487500000000002,0.05
4642,1.36375,0.05
4643,1.1912500000000001,0.05
4644,1.28875,0.05
4645,1.405,0.05
4646,1.1575,0.05
4647,-0.4174999999999993,0.05
4648,1.0462500000000001,0.05
4649,1.1525,0.05
4650,0.29625000000000035,0.05
4651,1.19,0.05
4652,0.24624999999999986,0.05
4653,1.28875,0.05
4654,0.82375,0.05
4655,1.33875,0.05
4656,0.9625000000000001,0.05
4657,1.31875,0.05
4658,1.4412500000000001,0.05
4659,1.1812500000000001,0.05
4660,1.03,0.05
4661,0.93,0.05
4662,1.07625,0.05
4663,0.85875,0.05
4664,0.9475,0.05
4665,1.07625,0.05
4666,0.9825000000000002,0.05
4667,0.43874999999999975,0.05
4668,1.3687500000000001,0.05
4669,0.9475,0.05
4670,1.12625,0.05
4671,1.44875,0.05
4672,1.12125,0.05
4673,1.2200000000000002,0.05
4674,0.6549999999999999,0.05
4675,0.47374999999999967,0.05
4676,1.0012500000000002,0.05
4677,1.28,0.05
4678,1.27625,0.05
4679,1.0450000000000002,0.05
4680,1.1175000000000002,0.05
4681,1.3525,0.05
4682,1.195,0.05
4683,1.15,0.05
4684,0.9975,0.05
4685,0.6099999999999998,0.05
4686,1.15375,0.05
4687,1.0575,0.05
4688,1.27,0.05
4689,0.75125,0.05
4690,0.77,0.05
4691,1.26625,0.05
4692,1.01125,0.05
4693,1.135,0.05
4694,1.105,0.05
4695,1.22625,0.05
4696,1.2537500000000001,0.05
4697,1.27625,0.05
4698,1.33,0.05
4699,1.04125,0.05
4700,1.13125,0.05
4701,0.9850000000000001,0.05
4702,0.9537500000000001,0.05
4703,1.1800000000000002,0.05
4704,-0.1649999999999996,0.05
4705,1.0050000000000001,0.05
4706,1.1175000000000002,0.05
4707,1.07625,0.05
4708,1.25875,0.05
4709,1.205,0.05
4710,1.5274999999999999,0.05
4711,1.18625,0.05
4712,1.155,0.05
4713,1.17375,0.05
4714,1.1287500000000001,0.05
4715,0.88,0.05
4716,0.86125,0.05
4717,0.87875,0.05
4718,0.5912499999999997,0.05
4719,1.27,0.05
4720,1.1675,0.05
4721,1.1912500000000001,0.05
4722,1.20375,0.05
4723,1.2225000000000001,0.05
4724,1.0375,0.05
4725,1.18625,0.05
4726,0.86,0.05
4727,1.0450000000000002,0.05
4728,1.2437500000000001,0.05
4729,1.22625,0.05
4730,0.9400000000000001,0.05
4731,1.3525,0.05
4732,0.9450000000000001,0.05
4733,1.17875,0.05
4734,0.21499999999999986,0.05
4735,0.9850000000000001,0.05
4736,1.0350000000000001,0.05
4737,1.2975,0.05
4738,1.405,0.05
4739,1.17875,0.05
4740,1.20375,0.05
4741,1.20375,0.05
4742,1.3362500000000002,0.05
4743,1.15375,0.05
4744,0.9137500000000001,0.05
4745,1.045,0.05
4746,1.35,0.05
4747,0.9287500000000001,0.05
4748,1.1712500000000001,0.05
4749,1.1625,0.05
4750,1.3825,0.05
4751,1.01375,0.05
4752,1.0150000000000001,0.05
4753,0.9700000000000001,0.05
4754,1.21,0.05
4755,0.9900000000000001,0.05
4756,1.5037500000000001,0.05
4757,1.15375,0.05
4758,1.1500000000000001,0.05
4759,0.3674999999999997,0.05
4760,1.1912500000000001,0.05
4761,1.2000000000000002,0.05
4762,0.7925000000000001,0.05
4763,1.35,0.05
4764,1.29125,0.05
4765,1.24,0.05
4766,1.2475,0.05
4767,1.1912500000000001,0.05
4768,0.9837500000000001,0.05
4769,1.3825,0.05
4770,1.08,0.05
4771,0.88,0.05
4772,1.34,0.05
4773,1.1825,0.05
4774,1.22875,0.05
4775,1.23875,0.05
4776,1.3487500000000001,0.05
4777,1.0075,0.05
4778,1.0075,0.05
4779,1.2775,0.05
4780,0.91125,0.05
4781,1.13625,0.05
4782,1.4175,0.05
4783,1.1912500000000001,0.05
4784,0.96625,0.05
4785,-0.7337499999999997,0.05
4786,1.04,0.05
4787,1.445,0.05
4788,1.0975000000000001,0.05
4789,0.8775000000000001,0.05
4790,1.2650000000000001,0.05
4791,1.0075,0.05
4792,1.3,0.05
4793,1.2,0.05
4794,1.25875,0.05
4795,0.7137499999999999,0.05
4796,1.3025,0.05
4797,1.2637500000000002,0.05
4798,1.2437500000000001,0.05
4799,0.7199999999999999,0.05
4800,1.0075,0.05
4801,1.095,0.05
4802,1.44,0.05
4803,0.96125,0.05
4804,1.1037500000000002,0.05
4805,1.3687500000000001,0.05
4806,1.1925000000000001,0.05
4807,1.29,0.05
4808,0.5449999999999998,0.05
4809,1.27625,0.05
4810,1.1487500000000002,0.05
4811,1.0625,0.05
4812,0.825,0.05
4813,1.07625,0.05
4814,1.27125,0.05
4815,1.22125,0.05
4816,1.29875,0.05
4817,1.3800000000000001,0.05
4818,0.8775000000000001,0.05
4819,1.09,0.05
4820,1.20625,0.05
4821,1.0762500000000002,0.05
4822,0.7875,0.05
4823,1.095,0.05
4824,0.855,0.05
4825,0.85125,0.05
4826,1.1725,0.05
4827,0.91125,0.05
4828,1.0662500000000001,0.05
4829,1.13125,0.05
4830,1.135,0.05
4831,0.9875,0.05
4832,1.3,0.05
4833,1.215,0.05
4834,1.3887500000000002,0.05
4835,1.2075,0.05
4836,1.5274999999999999,0.05
4837,1.0987500000000001,0.05
4838,0.9762500000000001,0.05
4839,1.18625,0.05
4840,1.21,0.05
4841,1.0762500000000002,0.05
4842,1.38625,0.05
4843,1.33125,0.05
4844,1.29875,0.05
4845,1.02625,0.05
4846,1.1075,0.05
4847,0.7024999999999999,0.05
4848,1.27,0.05
4849,1.00875,0.05
4850,1.11125,0.05
4851,-0.8800000000000001,0.05
4852,1.06125,0.05
4853,1.15,0.05
4854,1.13625,0.05
4855,1.0075,0.05
4856,0.9600000000000001,0.05
4857,1.03375,0.05
4858,0.7712500000000001,0.05
4859,0.9525000000000001,0.05
4860,1.22875,0.05
4861,1.22875,0.05
4862,0.9275000000000001,0.05
4863,1.1287500000000001,0.05
4864,1.02125,0.05
4865,1.25875,0.05
4866,1.08,0.05
4867,1.3487500000000001,0.05
4868,1.0625,0.05
4869,0.5949999999999998,0.05
4870,0.90625,0.05
4871,0.4449999999999996,0.05
4872,1.19375,0.05
4873,1.155,0.05
4874,1.18625,0.05
4875,1.25875,0.05
4876,1.04,0.05
4877,0.9900000000000001,0.05
4878,1.0250000000000001,0.05
4879,0.91,0.05
4880,1.27,0.05
4881,0.9100000000000001,0.05
4882,1.54125,0.05
4883,1.1500000000000001,0.05
4884,1.2675,0.05
4885,1.0625,0.05
4886,1.1675,0.05
4887,1.21,0.05
4888,1.3125,0.05
4889,1.26,0.05
4890,1.2650000000000001,0.05
4891,1.12,0.05
4892,0.67875,0.05
4893,1.39375,0.05
4894,1.38125,0.05
4895,1.3,0.05
4896,1.0950000000000002,0.05
4897,1.28875,0.05
4898,1.16625,0.05
4899,0.82,0.05
4900,1.02625,0.05
4901,1.2,0.05
4902,1.0425,0.05
4903,1.3325,0.05
4904,1.13625,0.05
4905,0.96625,0.05
4906,1.18125,0.05
4907,1.435,0.05
4908,0.5924999999999998,0.05
4909,1.05375,0.05
4910,1.1050000000000002,0.05
4911,0.1662499999999998,0.05
4912,0.935,0.05
4913,1.1025,0.05
4914,1.13125,0.05
4915,1.2225000000000001,0.05
4916,1.00875,0.05
4917,1.125,0.05
4918,1.05375,0.05
4919,1.27125,0.05
4920,1.18625,0.05
4921,1.0237500000000002,0.05
4922,0.36624999999999974,0.05
4923,1.26625,0.05
4924,1.115,0.05
4925,0.9850000000000001,0.05
4926,1.0250000000000001,0.05
4927,1.2,0.05
4928,1.18625,0.05
4929,0.9400000000000001,0.05
4930,1.1675,0.05
4931,1.04,0.05
4932,-2.7687500000000003,0.05
4933,1.0225,0.05
4934,1.2825000000000002,0.05
4935,0.8987500000000002,0.05
4936,1.1075,0.05
4937,1.20375,0.05
4938,-2.875,0.05
4939,0.7987500000000001,0.05
4940,1.225,0.05
4941,1.15375,0.05
4942,1.17,0.05
4943,1.17625,0.05
4944,1.195,0.05
4945,0.9275000000000001,0.05
4946,1.24,0.05
4947,-0.11624999999999952,0.05
4948,0.08000000000000007,0.05
4949,-2.6,0.05
4950,1.31375,0.05
4951,1.0425,0.05
4952,1.22625,0.05
4953,1.13125,0.05
4954,0.97125,0.05
4955,1.1350000000000002,0.05
4956,1.2275,0.05
4957,1.02125,0.05
4958,0.6899999999999998,0.05
4959,1.31875,0.05
4960,1.26125,0.05
4961,0.9425,0.05
4962,1.00875,0.05
4963,1.3462500000000002,0.05
4964,1.11125,0.05
4965,1.1175000000000002,0.05
4966,1.3987500000000002,0.05
4967,1.5175,0.05
4968,1.12625,0.05
4969,1.3575000000000002,0.05
4970,1.1,0.05
4971,1.0250000000000001,0.05
4972,1.24125,0.05
4973,1.13375,0.05
4974,1.3275000000000001,0.05
4975,1.12375,0.05
4976,1.3462500000000002,0.05
4977,1.13625,0.05
4978,1.0925,0.05
4979,1.1787500000000002,0.05
4980,1.1525,0.05
4981,1.185,0.05
4982,1.20375,0.05
4983,1.0575,0.05
4984,1.17,0.05
4985,1.13125,0.05
4986,0.45999999999999996,0.05
4987,1.0875000000000001,0.05
4988,1.22125,0.05
4989,1.2275,0.05
4990,1.335,0.05
4991,0.27,0.05
4992,1.0175,0.05
4993,0.97875,0.05
4994,0.9325000000000001,0.05
4995,1.08125,0.05
4996,1.25875,0.05
4997,1.335,0.05
4998,0.9912500000000001,0.05
4999,1.13375,0.05
5000,-2.825000000000001,0.05
