episode,reward,epsilon
1,-2.9337500000000003,0.5
2,-2.941250000000001,0.4975
3,-3.046250000000001,0.4950125
4,-3.137500000000001,0.4925374375
5,-2.9200000000000004,0.49007475031250003
6,-2.9137500000000003,0.48762437656093754
7,-3.0325000000000006,0.48518625467813287
8,-3.082500000000001,0.4827603234047422
9,-2.993750000000001,0.4803465217877185
10,-2.99875,0.47794478917877986
11,-2.9375000000000004,0.47555506523288593
12,-3.1187500000000012,0.4731772899067215
13,-3.0337500000000013,0.47081140345718786
14,-3.0425,0.46845734643990194
15,-3.1112500000000005,0.46611505970770245
16,-2.9762500000000007,0.4637844844091639
17,-2.9025000000000007,0.4614655619871181
18,-2.9612500000000006,0.4591582341771825
19,-2.9562500000000007,0.4568624430062966
20,-3.2125000000000004,0.4545781307912651
21,-2.9537500000000008,0.4523052401373088
22,-2.81125,0.45004371393662224
23,-2.8987500000000006,0.44779349536693913
24,0.39874999999999994,0.4455545278901044
25,-3.0200000000000005,0.4433267552506539
26,-2.937500000000001,0.44111012147440065
27,-2.8075,0.43890457086702866
28,-0.7887500000000001,0.43671004801269353
29,-3.02375,0.4345264977726301
30,-3.2000000000000006,0.4323538652837669
31,-2.995,0.4301920959573481
32,-2.9625,0.42804113547756134
33,-3.0275000000000016,0.4259009298001735
34,-2.8675000000000006,0.42377142515117266
35,-2.8975000000000013,0.4216525680254168
36,-2.9274999999999993,0.4195443051852897
37,-3.120000000000001,0.4174465836593632
38,1.30875,0.4153593507410664
39,-3.1062500000000006,0.4132825539873611
40,-3.0650000000000004,0.4112161412174243
41,-3.0275000000000007,0.40916006051133713
42,-3.0275000000000007,0.40711426020878044
43,-2.84875,0.4050786889077365
44,0.7999999999999999,0.40305329546319785
45,-3.0175000000000005,0.40103802898588187
46,-2.887500000000001,0.3990328388409525
47,-2.8987500000000006,0.3970376746467477
48,-2.9375000000000004,0.39505248627351397
49,-2.6787500000000004,0.3930772238421464
50,-3.0462499999999997,0.3911118377229357
51,-3.0337500000000013,0.389156278534321
52,-3.0600000000000014,0.3872104971416494
53,-2.811250000000001,0.38527444465594113
54,-1.1787500000000006,0.38334807243266145
55,-3.053750000000001,0.3814313320704981
56,-2.9874999999999994,0.3795241754101456
57,-2.68,0.37762655453309485
58,-0.9924999999999995,0.3757384217604294
59,-3.216250000000002,0.3738597296516272
60,-2.89875,0.3719904310033691
61,-3.1300000000000012,0.37013047884835226
62,-2.81625,0.3682798264541105
63,-2.796250000000001,0.36643842732183995
64,-2.836250000000001,0.3646062351852308
65,-2.8775000000000004,0.36278320400930464
66,-2.8837500000000005,0.3609692879892581
67,-2.8550000000000004,0.3591644415493118
68,-2.6799999999999997,0.3573686193415653
69,-2.978750000000001,0.35558177624485743
70,-2.995000000000001,0.3538038673636331
71,-2.8287500000000008,0.35203484802681495
72,-3.3437500000000018,0.35027467378668087
73,-3.038749999999999,0.3485233004177475
74,1.50875,0.34678068391565875
75,-2.823750000000001,0.34504678049608045
76,-2.8850000000000007,0.34332154659360004
77,-0.31749999999999945,0.34160493886063203
78,-2.9375000000000004,0.3398969141663289
79,-2.9225000000000017,0.33819742959549726
80,-2.898750000000001,0.33650644244751976
81,-2.8850000000000002,0.3348239102352822
82,1.4575,0.3331497906841058
83,-2.980000000000001,0.33148404173068524
84,1.49875,0.3298266215220318
85,-3.1225000000000014,0.3281774884144216
86,-2.8550000000000004,0.3265366009723495
87,-2.8975000000000013,0.32490391796748774
88,-2.9912500000000013,0.3232793983776503
89,-2.9025,0.32166300138576204
90,-3.2662500000000008,0.3200546863788332
91,-2.7899999999999996,0.31845441294693905
92,-2.798750000000001,0.3168621408822043
93,-0.2637499999999997,0.3152778301777933
94,-2.8287500000000008,0.31370144102690434
95,-0.20874999999999977,0.3121329338217698
96,-2.8300000000000005,0.31057226915266095
97,-2.921250000000001,0.30901940780689763
98,-0.1387499999999997,0.30747431076786313
99,-2.905000000000001,0.3059369392140238
100,-2.9275000000000007,0.3044072545179537
101,-2.866250000000001,0.3028852182453639
102,0.16500000000000026,0.3013707921541371
103,-3.302500000000002,0.29986393819336643
104,-0.10374999999999934,0.2983646185023996
105,-1.197500000000001,0.2968727954098876
106,-2.9512499999999995,0.29538843143283816
107,-2.817500000000001,0.29391148927567395
108,-0.6799999999999995,0.29244193182929556
109,-2.8800000000000012,0.2909797221701491
110,-2.965000000000001,0.28952482355929837
111,-3.092500000000001,0.2880771994415019
112,0.5599999999999999,0.28663681344429437
113,-2.8850000000000007,0.2852036293770729
114,-2.8874999999999997,0.2837776112301875
115,-3.1150000000000007,0.2823587231740366
116,-1.460000000000002,0.2809469295581664
117,0.19874999999999998,0.2795421949103756
118,0.7412499999999999,0.2781444839358237
119,-3.040000000000001,0.27675376151614456
120,-3.0362500000000003,0.2753699927085638
121,-3.0462500000000006,0.273993142745021
122,-2.8050000000000006,0.2726231770312959
123,-2.961250000000001,0.27126006114613943
124,-3.3000000000000007,0.26990376084040874
125,-2.8962500000000007,0.2685542420362067
126,-2.963750000000001,0.26721147082602564
127,-2.8937500000000003,0.2658754134718955
128,-2.9225000000000003,0.26454603640453606
129,-2.9800000000000004,0.2632233062225134
130,-2.925000000000001,0.2619071896914008
131,0.1775,0.2605976537429438
132,-3.0912499999999996,0.2592946654742291
133,-2.6925000000000003,0.25799819214685793
134,-2.861250000000001,0.25670820118612364
135,-3.1125000000000016,0.255424660180193
136,-2.9162500000000007,0.25414753687929204
137,-2.7587500000000005,0.2528767991948956
138,0.6437499999999998,0.2516124151989211
139,-3.3112500000000007,0.2503543531229265
140,-0.22249999999999948,0.24910258135731184
141,-2.7500000000000004,0.24785706845052527
142,-3.006250000000001,0.24661778310827265
143,-2.868750000000001,0.2453846941927313
144,-3.010000000000001,0.24415777072176764
145,-3.2637500000000013,0.2429369818681588
146,-2.7875000000000005,0.241722296958818
147,-2.9187500000000006,0.2405136854740239
148,-2.9575000000000014,0.23931111704665378
149,-2.9650000000000007,0.23811456146142052
150,-2.810000000000001,0.2369239886541134
151,-0.07124999999999959,0.23573936871084283
152,-2.7987500000000005,0.23456067186728863
153,-2.8362500000000006,0.23338786850795218
154,-2.9762500000000007,0.23222092916541243
155,0.915,0.23105982451958537
156,-2.9800000000000018,0.22990452539698744
157,-2.972500000000001,0.2287550027700025
158,-0.0924999999999998,0.22761122775615247
159,-3.010000000000001,0.2264731716173717
160,-3.1637500000000016,0.22534080575928486
161,-2.9337500000000007,0.22421410173048845
162,-2.842500000000001,0.223093031221836
163,-2.7987500000000005,0.2219775660657268
164,-2.96125,0.22086767823539816
165,0.3949999999999998,0.21976333984422117
166,-0.6899999999999997,0.21866452314500007
167,-2.841250000000001,0.21757120052927506
168,-2.9362500000000007,0.21648334452662868
169,0.34999999999999964,0.21540092780399553
170,-3.220000000000002,0.21432392316497556
171,-2.983750000000001,0.21325230354915067
172,-2.6875,0.21218604203140493
173,-2.8600000000000008,0.2111251118212479
174,-2.971250000000001,0.21006948626214167
175,-2.9375000000000013,0.20901913883083095
176,-2.903750000000001,0.2079740431366768
177,-2.928750000000001,0.20693417292099342
178,-2.9625000000000012,0.20589950205638846
179,-2.7675000000000005,0.20487000454610652
180,-2.787500000000001,0.20384565452337597
181,-3.123749999999999,0.20282642625075908
182,-2.7162500000000005,0.2018122941195053
183,-2.9025000000000007,0.20080323264890776
184,-2.7500000000000004,0.1997992164856632
185,-2.9512500000000013,0.1988002204032349
186,-2.915000000000001,0.19780621930121872
187,-3.3412500000000014,0.19681718820471264
188,-2.7975000000000008,0.19583310226368908
189,-0.3887499999999995,0.19485393675237064
190,-2.9300000000000006,0.1938796670686088
191,0.47499999999999976,0.19291026873326575
192,-2.972500000000001,0.19194571738959942
193,-2.80625,0.1909859888026514
194,-2.9700000000000006,0.19003105885863816
195,-2.891250000000001,0.18908090356434498
196,-2.8937500000000007,0.18813549904652327
197,-3.182500000000002,0.18719482155129066
198,-2.8425000000000002,0.18625884744353421
199,-3.037500000000001,0.18532755320631655
200,1.495,0.18440091544028497
201,-2.7487500000000007,0.18347891086308354
202,-2.823750000000001,0.18256151630876813
203,-2.9100000000000006,0.1816487087272243
204,-2.7775000000000003,0.1807404651835882
205,-2.838750000000001,0.17983676285767025
206,-2.85,0.1789375790433819
207,-2.9725000000000006,0.178042891148165
208,-3.043750000000001,0.17715267669242415
209,-2.8912500000000008,0.17626691330896202
210,0.6074999999999998,0.1753855787424172
211,-2.8625000000000007,0.17450865084870512
212,1.2025000000000001,0.1736361075944616
213,-2.900000000000001,0.1727679270564893
214,-2.917499999999999,0.17190408742120686
215,-2.7562500000000005,0.1710445669841008
216,-2.965000000000001,0.1701893441491803
217,-2.9325000000000006,0.1693383974284344
218,-2.886250000000001,0.16849170544129222
219,-0.20499999999999985,0.16764924691408575
220,-2.982500000000001,0.16681100067951532
221,-2.942500000000001,0.16597694567611773
222,0.8075,0.16514706094773715
223,-2.71,0.16432132564299848
224,0.8912500000000001,0.1634997190147835
225,-1.0749999999999995,0.1626822204197096
226,1.17875,0.16186880931761105
227,-2.7537500000000006,0.161059465271023
228,-2.9225000000000008,0.16025416794466787
229,-3.370000000000002,0.15945289710494454
230,-2.825,0.1586556326194198
231,-2.941250000000001,0.1578623544563227
232,-2.910000000000001,0.1570730426840411
233,0.565,0.1562876774706209
234,-3.0925000000000016,0.15550623908326777
235,-2.7487500000000007,0.15472870788785142
236,-0.48249999999999904,0.15395506434841216
237,-2.9837499999999997,0.1531852890266701
238,-2.866250000000001,0.15241936258153677
239,-2.963750000000001,0.1516572657686291
240,-2.866250000000001,0.15089897943978595
241,-2.753750000000001,0.15014448454258703
242,-2.7987500000000005,0.1493937621198741
243,-3.11125,0.14864679330927472
244,-2.825000000000001,0.14790355934272834
245,-2.85625,0.1471640415460147
246,-2.9487500000000018,0.14642822133828462
247,-2.933750000000001,0.1456960802315932
248,-2.9474999999999993,0.14496759983043522
249,-3.3925,0.14424276183128304
250,-0.8249999999999997,0.14352154802212663
251,-2.930000000000001,0.142803940282016
252,-0.21499999999999964,0.14208992058060593
253,-3.51625,0.1413794709777029
254,0.85,0.14067257362281438
255,-3.5199999999999987,0.1399692107547003
256,-2.9600000000000004,0.13926936470092682
257,-2.952500000000001,0.13857301787742218
258,-2.905000000000001,0.13788015278803506
259,0.10750000000000015,0.1371907520240949
260,-2.8224999999999993,0.1365047982639744
261,-2.7849999999999993,0.13582227427265453
262,-0.44999999999999907,0.13514316290129125
263,-2.8050000000000006,0.1344674470867848
264,-0.03749999999999987,0.13379510985135087
265,-2.8862500000000013,0.1331261343020941
266,0.2550000000000001,0.13246050363058365
267,-2.9650000000000003,0.13179820111243074
268,-2.912500000000001,0.13113921010686858
269,-3.0925000000000002,0.13048351405633424
270,-2.83375,0.12983109648605257
271,-2.927500000000001,0.1291819410036223
272,-0.7249999999999988,0.1285360312986042
273,-2.920000000000001,0.12789335114211117
274,-3.066250000000001,0.12725388438640062
275,0.2974999999999999,0.1266176149644686
276,-2.855000000000001,0.12598452688964626
277,-3.2675,0.12535460425519804
278,-2.891250000000001,0.12472783123392205
279,1.07875,0.12410419207775243
280,-2.823750000000001,0.12348367111736366
281,-0.9937500000000001,0.12286625276177685
282,-2.880000000000001,0.12225192149796796
283,-0.6199999999999994,0.12164066189047812
284,-2.9787500000000002,0.12103245858102572
285,-0.43624999999999936,0.1204272962881206
286,-2.896250000000001,0.11982515980668
287,-0.5524999999999991,0.1192260340076466
288,-0.5149999999999992,0.11862990383760837
289,1.3687500000000001,0.11803675431842033
290,-2.998750000000001,0.11744657054682822
291,-2.8487499999999994,0.11685933769409408
292,0.85,0.11627504100562361
293,-2.9825,0.1156936658005955
294,-2.778750000000001,0.11511519747159252
295,-2.988750000000002,0.11453962148423455
296,0.2124999999999999,0.11396692337681337
297,-2.7550000000000003,0.11339708875992931
298,-0.44124999999999903,0.11283010331612967
299,-2.8737500000000007,0.11226595279954901
300,-2.7612500000000004,0.11170462303555127
301,0.01750000000000007,0.11114609992037351
302,-0.3412499999999994,0.11059036942077165
303,-2.8925000000000005,0.11003741757366779
304,-2.9825,0.10948723048579945
305,-2.858750000000001,0.10893979433337045
306,0.5574999999999997,0.1083950953617036
307,-0.054999999999999716,0.10785311988489507
308,0.7149999999999999,0.10731385428547059
309,-2.8850000000000007,0.10677728501404324
310,-2.7674999999999996,0.10624339858897303
311,-2.967500000000001,0.10571218159602816
312,-2.8062500000000004,0.10518362068804801
313,0.8575,0.10465770258460777
314,0.48499999999999965,0.10413441407168474
315,-0.41749999999999954,0.10361374200132631
316,1.3325,0.10309567329131968
317,-2.9450000000000007,0.10258019492486307
318,-2.82625,0.10206729395023875
319,-0.8424999999999996,0.10155695748048756
320,-0.7162499999999994,0.10104917269308512
321,-0.7899999999999998,0.1005439268296197
322,0.7399999999999999,0.1000412071954716
323,-2.723750000000001,0.09954100115949424
324,-3.123749999999999,0.09904329615369677
325,0.32375,0.09854807967292828
326,-2.8475,0.09805533927456364
327,-2.63625,0.09756506257819082
328,-2.931250000000001,0.09707723726529986
329,-1.161250000000001,0.09659185107897336
330,-2.942500000000001,0.0961088918235785
331,-3.037499999999999,0.0956283473644606
332,-0.23374999999999924,0.0951502056276383
333,-2.9187500000000006,0.09467445459950011
334,-2.718750000000001,0.09420108232650261
335,-2.9912500000000013,0.09373007691487009
336,1.195,0.09326142653029575
337,0.2274999999999998,0.09279511939764427
338,1.0925,0.09233114380065605
339,-2.7987500000000005,0.09186948808165277
340,0.33999999999999986,0.0914101406412445
341,0.8975000000000001,0.09095308993803829
342,0.6649999999999998,0.09049832448834809
343,0.3124999999999998,0.09004583286590635
344,-2.927500000000001,0.08959560370157682
345,0.7387499999999999,0.08914762568306893
346,-0.5199999999999996,0.08870188755465358
347,-2.892500000000001,0.08825837811688031
348,-2.7599999999999993,0.0878170862262959
349,0.78875,0.08737800079516442
350,-0.9300000000000006,0.08694111079118859
351,-2.9687500000000013,0.08650640523723264
352,-2.960000000000001,0.08607387321104648
353,-2.7600000000000002,0.08564350384499125
354,0.4162499999999998,0.08521528632576629
355,-2.7062500000000007,0.08478920989413746
356,-2.8900000000000006,0.08436526384466678
357,-2.9162500000000002,0.08394343752544345
358,-2.8537500000000007,0.08352372033781623
359,-2.937500000000001,0.08310610173612715
360,-0.20874999999999955,0.08269057122744651
361,-2.9725000000000006,0.08227711837130927
362,-2.7687500000000007,0.08186573277945272
363,-2.9050000000000007,0.08145640411555546
364,-2.8737500000000007,0.08104912209497768
365,0.8675,0.08064387648450279
366,-2.806250000000001,0.08024065710208027
367,0.7037499999999999,0.07983945381656987
368,-2.861250000000001,0.07944025654748703
369,-2.8787500000000006,0.0790430552647496
370,-3.0037499999999997,0.07864783998842585
371,-2.8862500000000013,0.07825460078848372
372,-2.7487500000000002,0.0778633277845413
373,1.1375000000000002,0.0774740111456186
374,-3.107500000000002,0.07708664108989051
375,1.145,0.07670120788444106
376,-2.961250000000001,0.07631770184501885
377,-2.848749999999999,0.07593611333579375
378,-2.7300000000000004,0.07555643276911478
379,0.8912500000000001,0.07517865060526921
380,-2.7875000000000005,0.07480275735224286
381,-1.1300000000000006,0.07442874356548164
382,-2.7187500000000004,0.07405659984765423
383,-2.7800000000000002,0.07368631684841595
384,1.0025,0.07331788526417388
385,-2.91,0.07295129583785301
386,-0.5812499999999994,0.07258653935866374
387,-0.9450000000000005,0.07222360666187043
388,-2.7937500000000006,0.07186248862856108
389,-2.836250000000001,0.07150317618541828
390,0.4924999999999997,0.07114566030449118
391,-3.1625000000000014,0.07078993200296872
392,-2.9562500000000016,0.07043598234295388
393,-2.8862500000000004,0.07008380243123911
394,-0.18249999999999966,0.06973338341908292
395,-3.0000000000000013,0.0693847165019875
396,-2.8925000000000005,0.06903779291947756
397,-2.855000000000001,0.06869260395488018
398,0.08500000000000019,0.06834914093510577
399,-2.680000000000001,0.06800739523043024
400,-3.063750000000001,0.0676673582542781
401,-2.7375000000000003,0.0673290214630067
402,-2.94125,0.06699237635569168
403,-2.9162500000000007,0.06665741447391321
404,-2.842500000000001,0.06632412740154364
405,0.9800000000000001,0.06599250676453593
406,-2.8887500000000004,0.06566254423071324
407,-2.8487500000000012,0.06533423150955968
408,-3.381250000000002,0.06500756035201188
409,-3.5762500000000013,0.06468252255025182
410,-0.4699999999999993,0.06435910993750056
411,-3.028750000000001,0.06403731438781306
412,-3.0137500000000004,0.06371712781587399
413,-2.9825000000000004,0.06339854217679462
414,-2.6,0.06308154946591064
415,0.7637499999999999,0.0627661417185811
416,-3.0100000000000016,0.06245231100998819
417,-3.9662499999999987,0.06214004945493825
418,1.0275,0.06182934920766356
419,-0.2199999999999993,0.06152020246162524
420,1.4725000000000001,0.06121260144931712
421,-2.7625000000000006,0.06090653844207053
422,-2.817500000000001,0.060602005749860174
423,0.9125000000000001,0.06029899572111087
424,-2.825000000000001,0.059997500742505316
425,-0.8337500000000004,0.05969751323879279
426,0.8175,0.059399025672598825
427,0.7749999999999999,0.05910203054423583
428,-0.25624999999999964,0.05880652039151465
429,0.1924999999999999,0.058512487789557074
430,0.25624999999999987,0.05821992535060929
431,-0.5387499999999992,0.05792882572385624
432,-2.9525000000000015,0.05763918159523696
433,-1.010000000000001,0.057350985687260776
434,0.025000000000000133,0.05706423075882447
435,-2.7375000000000007,0.05677890960503035
436,-2.892500000000001,0.056495015057005195
437,-3.0400000000000005,0.05621253998172017
438,0.87375,0.05593147728181157
439,0.8049999999999999,0.05565181989540251
440,0.47374999999999967,0.055373560795925494
441,0.36124999999999985,0.05509669299194587
442,1.02625,0.05482120952698614
443,0.47999999999999965,0.054547103479351204
444,0.5199999999999998,0.05427436796195445
445,-0.5087499999999991,0.05400299612214468
446,-2.9225000000000008,0.05373298114153396
447,1.3325,0.05346431623582629
448,-2.8187500000000005,0.05319699465464715
449,-2.855000000000001,0.05293100968137392
450,0.15500000000000003,0.052666354632967045
451,0.5574999999999997,0.05240302285980221
452,-2.8737500000000007,0.0521410077455032
453,-0.04249999999999976,0.05188030270677568
454,-3.02375,0.0516209011932418
455,-2.9725000000000006,0.05136279668727559
456,-0.1837499999999994,0.05110598270383922
457,-2.923750000000001,0.05085045279032002
458,0.7949999999999999,0.05059620052636842
459,0.14375000000000004,0.050343219523736576
460,0.15999999999999992,0.050091503426117893
461,-2.818750000000001,0.05
462,-2.7625,0.05
463,-0.3974999999999993,0.05
464,1.3075,0.05
465,1.02625,0.05
466,1.2275,0.05
467,-2.986250000000001,0.05
468,-3.4287499999999995,0.05
469,-3.070000000000001,0.05
470,0.30874999999999986,0.05
471,-2.847500000000001,0.05
472,-3.1374999999999997,0.05
473,0.21625000000000005,0.05
474,0.7587499999999999,0.05
475,-0.3624999999999994,0.05
476,-3.120000000000001,0.05
477,-2.881250000000001,0.05
478,-3.526250000000002,0.05
479,-2.818750000000001,0.05
480,-3.2950000000000017,0.05
481,0.5274999999999997,0.05
482,-3.838749999999999,0.05
483,0.63625,0.05
484,-0.9399999999999997,0.05
485,-0.1849999999999996,0.05
486,-2.9875000000000007,0.05
487,0.5262499999999998,0.05
488,-2.8750000000000004,0.05
489,-2.7937500000000006,0.05
490,-2.9050000000000007,0.05
491,-2.895,0.05
492,-2.806250000000001,0.05
493,-0.016249999999999876,0.05
494,0.6449999999999998,0.05
495,1.07625,0.05
496,-2.8125000000000004,0.05
497,-0.19999999999999973,0.05
498,-3.0025000000000013,0.05
499,-0.9025000000000003,0.05
500,-0.07000000000000006,0.05
501,-3.0512500000000014,0.05
502,0.125,0.05
503,-0.02499999999999991,0.05
504,-3.1837500000000007,0.05
505,-2.8250000000000006,0.05
506,0.5624999999999998,0.05
507,-0.26999999999999935,0.05
508,-0.6174999999999995,0.05
509,0.8049999999999999,0.05
510,0.05125000000000024,0.05
511,0.78125,0.05
512,-0.5149999999999992,0.05
513,-0.5399999999999991,0.05
514,0.18375000000000008,0.05
515,-0.8699999999999999,0.05
516,0.89375,0.05
517,-2.950000000000001,0.05
518,-0.21499999999999964,0.05
519,0.9900000000000001,0.05
520,-0.4749999999999992,0.05
521,-2.89,0.05
522,0.4199999999999997,0.05
523,1.3900000000000001,0.05
524,-2.881250000000001,0.05
525,0.8325000000000001,0.05
526,-2.68,0.05
527,0.6699999999999999,0.05
528,1.00875,0.05
529,-2.912500000000001,0.05
530,0.79875,0.05
531,-2.812500000000001,0.05
532,1.18375,0.05
533,-1.0125000000000008,0.05
534,1.55,0.05
535,0.9725000000000001,0.05
536,-3.081250000000001,0.05
537,0.5599999999999998,0.05
538,-2.86875,0.05
539,0.09125000000000005,0.05
540,-0.2699999999999996,0.05
541,-2.835000000000001,0.05
542,-2.7687500000000007,0.05
543,-2.756250000000001,0.05
544,-2.8300000000000005,0.05
545,-3.0200000000000005,0.05
546,-0.34249999999999936,0.05
547,1.27875,0.05
548,0.3274999999999997,0.05
549,0.6162499999999999,0.05
550,0.825,0.05
551,0.16000000000000014,0.05
552,-2.8000000000000003,0.05
553,-0.23374999999999946,0.05
554,-0.32499999999999907,0.05
555,1.3625,0.05
556,0.3849999999999998,0.05
557,-0.20874999999999955,0.05
558,-0.7599999999999998,0.05
559,1.1975,0.05
560,-2.9375,0.05
561,0.1449999999999998,0.05
562,-0.8749999999999996,0.05
563,0.2487499999999998,0.05
564,1.43875,0.05
565,-2.905000000000001,0.05
566,-0.11499999999999999,0.05
567,0.12874999999999992,0.05
568,-0.15999999999999992,0.05
569,-3.1500000000000012,0.05
570,0.6387499999999998,0.05
571,-2.987500000000001,0.05
572,-0.6137499999999994,0.05
573,-0.4399999999999993,0.05
574,0.19999999999999996,0.05
575,-2.9500000000000015,0.05
576,0.9837500000000001,0.05
577,1.21,0.05
578,-3.005,0.05
579,-2.92625,0.05
580,0.9875,0.05
581,-0.047499999999999876,0.05
582,-0.8599999999999997,0.05
583,-2.793749999999999,0.05
584,-2.66875,0.05
585,0.7999999999999999,0.05
586,-2.861250000000001,0.05
587,1.1975,0.05
588,-0.6649999999999998,0.05
589,-2.812500000000001,0.05
590,0.91,0.05
591,-2.8850000000000007,0.05
592,0.5399999999999997,0.05
593,-2.928750000000001,0.05
594,0.04000000000000026,0.05
595,0.3824999999999996,0.05
596,-2.9299999999999997,0.05
597,-2.85,0.05
598,-2.9687500000000013,0.05
599,1.00625,0.05
600,-2.8375000000000012,0.05
601,-0.7024999999999995,0.05
602,0.26500000000000035,0.05
603,-0.8124999999999998,0.05
604,-2.913750000000001,0.05
605,0.915,0.05
606,-0.3149999999999997,0.05
607,0.4674999999999997,0.05
608,-2.86625,0.05
609,0.87,0.05
610,1.1,0.05
611,-0.5899999999999992,0.05
612,0.40124999999999966,0.05
613,-0.41499999999999937,0.05
614,0.78125,0.05
615,1.00625,0.05
616,-2.9462500000000005,0.05
617,0.59,0.05
618,0.14500000000000002,0.05
619,-3.2512499999999998,0.05
620,0.8112500000000001,0.05
621,0.21499999999999986,0.05
622,1.335,0.05
623,0.7687499999999999,0.05
624,-0.6099999999999992,0.05
625,-0.023749999999999716,0.05
626,-0.6562499999999993,0.05
627,-2.9100000000000006,0.05
628,0.6587499999999998,0.05
629,-2.8625000000000007,0.05
630,1.085,0.05
631,1.3125,0.05
632,-2.88375,0.05
633,0.8675,0.05
634,-2.6987500000000004,0.05
635,0.7087499999999999,0.05
636,-1.1550000000000005,0.05
637,-0.25499999999999967,0.05
638,0.8250000000000001,0.05
639,0.17500000000000004,0.05
640,-2.82,0.05
641,-0.17249999999999965,0.05
642,1.185,0.05
643,-2.8800000000000012,0.05
644,1.445,0.05
645,-3.211250000000001,0.05
646,0.24,0.05
647,-0.3562499999999995,0.05
648,-0.34499999999999953,0.05
649,-2.817500000000001,0.05
650,-0.21249999999999925,0.05
651,-0.07374999999999976,0.05
652,1.0,0.05
653,0.5637499999999999,0.05
654,0.7824999999999999,0.05
655,-0.32499999999999907,0.05
656,1.485,0.05
657,1.4175,0.05
658,1.0237500000000002,0.05
659,-0.15624999999999933,0.05
660,0.6774999999999999,0.05
661,-0.6362499999999993,0.05
662,1.0,0.05
663,-3.0362500000000017,0.05
664,0.6937499999999999,0.05
665,0.40374999999999983,0.05
666,1.01875,0.05
667,-2.843750000000001,0.05
668,0.33999999999999986,0.05
669,1.34125,0.05
670,-2.9512500000000004,0.05
671,0.015000000000000124,0.05
672,-0.3299999999999994,0.05
673,0.9600000000000001,0.05
674,-0.5874999999999992,0.05
675,-2.905000000000001,0.05
676,0.9475,0.05
677,-0.7999999999999987,0.05
678,-0.6774999999999995,0.05
679,0.2899999999999996,0.05
680,0.5562499999999999,0.05
681,-0.9787499999999998,0.05
682,1.105,0.05
683,-0.6549999999999996,0.05
684,1.15375,0.05
685,0.22499999999999987,0.05
686,-0.17874999999999974,0.05
687,0.86125,0.05
688,-2.9600000000000013,0.05
689,-1.1025000000000007,0.05
690,-0.26499999999999946,0.05
691,1.01875,0.05
692,1.0137500000000002,0.05
693,0.5062500000000001,0.05
694,0.5999999999999998,0.05
695,1.215,0.05
696,0.48499999999999976,0.05
697,-0.6487499999999995,0.05
698,1.10125,0.05
699,1.095,0.05
700,1.0425,0.05
701,-1.0025000000000002,0.05
702,1.33125,0.05
703,-0.0349999999999997,0.05
704,-0.3249999999999995,0.05
705,-2.8375000000000004,0.05
706,1.0425,0.05
707,0.23249999999999993,0.05
708,1.2275,0.05
709,0.46499999999999964,0.05
710,1.1300000000000001,0.05
711,0.915,0.05
712,0.5862499999999997,0.05
713,0.7749999999999999,0.05
714,0.48999999999999966,0.05
715,-2.7687500000000007,0.05
716,-3.0000000000000004,0.05
717,-2.881250000000001,0.05
718,-3.3000000000000016,0.05
719,-0.36999999999999944,0.05
720,1.13875,0.05
721,0.22250000000000036,0.05
722,1.0925,0.05
723,0.5924999999999999,0.05
724,0.5012499999999999,0.05
725,1.02625,0.05
726,0.86,0.05
727,0.18999999999999995,0.05
728,1.17875,0.05
729,0.18999999999999995,0.05
730,1.38625,0.05
731,-2.9199999999999995,0.05
732,-0.9925000000000004,0.05
733,1.0275,0.05
734,-0.6212499999999992,0.05
735,0.3999999999999997,0.05
736,1.0,0.05
737,1.0037500000000001,0.05
738,-2.8987500000000006,0.05
739,-0.7812499999999998,0.05
740,-2.8737500000000007,0.05
741,0.9112500000000001,0.05
742,0.88625,0.05
743,-0.4099999999999995,0.05
744,-2.6675,0.05
745,-2.8500000000000005,0.05
746,1.11,0.05
747,0.5599999999999999,0.05
748,-0.10749999999999948,0.05
749,1.135,0.05
750,0.86125,0.05
751,-2.9037499999999996,0.05
752,0.3799999999999999,0.05
753,1.11125,0.05
754,-2.9050000000000002,0.05
755,1.1525,0.05
756,0.23249999999999993,0.05
757,1.2312500000000002,0.05
758,1.2962500000000001,0.05
759,-0.14624999999999977,0.05
760,-0.4274999999999993,0.05
761,-0.20374999999999965,0.05
762,-0.7037500000000001,0.05
763,0.79125,0.05
764,-0.6774999999999995,0.05
765,0.3787499999999997,0.05
766,0.74125,0.05
767,-1.1075000000000006,0.05
768,0.5549999999999998,0.05
769,0.85875,0.05
770,0.6287499999999998,0.05
771,1.0625,0.05
772,0.5350000000000001,0.05
773,1.22125,0.05
774,-1.0687499999999999,0.05
775,-3.12125,0.05
776,1.02,0.05
777,0.16000000000000036,0.05
778,0.9412500000000001,0.05
779,0.20625000000000004,0.05
780,1.54125,0.05
781,0.4449999999999996,0.05
782,-0.11874999999999947,0.05
783,0.20875,0.05
784,-0.35374999999999934,0.05
785,0.8912500000000001,0.05
786,0.7625,0.05
787,0.9862500000000001,0.05
788,0.7325000000000002,0.05
789,-2.8962500000000007,0.05
790,1.01625,0.05
791,0.845,0.05
792,0.6174999999999998,0.05
793,-2.9312500000000012,0.05
794,0.7787499999999999,0.05
795,0.6224999999999998,0.05
796,-0.054999999999999494,0.05
797,-2.855,0.05
798,1.0375,0.05
799,-2.8112500000000007,0.05
800,-2.8562499999999997,0.05
801,-2.842500000000001,0.05
802,-2.9075,0.05
803,-1.1737499999999994,0.05
804,1.0075,0.05
805,0.06000000000000005,0.05
806,-0.2587499999999996,0.05
807,1.06,0.05
808,-0.22124999999999972,0.05
809,1.20375,0.05
810,-0.6249999999999993,0.05
811,0.8674999999999999,0.05
812,-0.6062499999999995,0.05
813,0.7749999999999999,0.05
814,1.185,0.05
815,0.8612500000000001,0.05
816,0.8375,0.05
817,-0.7049999999999994,0.05
818,0.06125000000000003,0.05
819,0.050000000000000266,0.05
820,0.4449999999999996,0.05
821,1.0925,0.05
822,0.98875,0.05
823,-0.39499999999999935,0.05
824,1.125,0.05
825,0.9475000000000001,0.05
826,0.03500000000000014,0.05
827,1.0375,0.05
828,-0.061249999999999805,0.05
829,0.7962499999999999,0.05
830,0.7049999999999998,0.05
831,1.14375,0.05
832,-0.9400000000000006,0.05
833,0.825,0.05
834,0.05000000000000049,0.05
835,0.935,0.05
836,-0.7087499999999991,0.05
837,0.02375000000000016,0.05
838,0.935,0.05
839,1.135,0.05
840,0.6137499999999999,0.05
841,0.8875,0.05
842,0.6949999999999998,0.05
843,1.1487500000000002,0.05
844,1.2775,0.05
845,-0.9412500000000004,0.05
846,-0.49874999999999914,0.05
847,1.09,0.05
848,1.2225000000000001,0.05
849,0.6699999999999999,0.05
850,0.8212499999999999,0.05
851,0.7649999999999999,0.05
852,0.9737500000000001,0.05
853,0.2812499999999998,0.05
854,-3.1512500000000014,0.05
855,-0.21749999999999936,0.05
856,0.6024999999999998,0.05
857,1.32,0.05
858,1.13125,0.05
859,-3.2037500000000008,0.05
860,1.25875,0.05
861,0.5237500000000003,0.05
862,1.1,0.05
863,0.16500000000000004,0.05
864,1.0150000000000001,0.05
865,-0.32249999999999956,0.05
866,1.00875,0.05
867,1.09375,0.05
868,1.1125,0.05
869,-0.7824999999999995,0.05
870,1.0025,0.05
871,-0.2574999999999994,0.05
872,0.7212499999999998,0.05
873,0.3287499999999999,0.05
874,1.25875,0.05
875,0.9450000000000001,0.05
876,1.4400000000000002,0.05
877,0.78,0.05
878,0.88875,0.05
879,1.1500000000000001,0.05
880,-3.127500000000001,0.05
881,0.9687500000000001,0.05
882,1.15,0.05
883,1.4400000000000002,0.05
884,-2.74,0.05
885,0.9837500000000001,0.05
886,0.6599999999999998,0.05
887,-2.923750000000001,0.05
888,1.0225,0.05
889,0.46999999999999986,0.05
890,-0.6349999999999996,0.05
891,0.23624999999999985,0.05
892,0.8962500000000001,0.05
893,-0.9412500000000004,0.05
894,0.905,0.05
895,-2.875000000000001,0.05
896,0.74625,0.05
897,-0.2224999999999997,0.05
898,1.0437500000000002,0.05
899,0.0737500000000002,0.05
900,-1.1200000000000008,0.05
901,0.2849999999999999,0.05
902,0.9162500000000001,0.05
903,1.4187500000000002,0.05
904,0.72125,0.05
905,0.7849999999999999,0.05
906,-3.1900000000000013,0.05
907,1.105,0.05
908,1.135,0.05
909,-0.19499999999999895,0.05
910,1.01125,0.05
911,1.1912500000000001,0.05
912,0.935,0.05
913,0.745,0.05
914,-0.1349999999999998,0.05
915,0.9825000000000002,0.05
916,0.6712499999999999,0.05
917,1.1300000000000001,0.05
918,-0.7724999999999997,0.05
919,0.5887499999999998,0.05
920,-0.7487499999999996,0.05
921,0.9900000000000001,0.05
922,0.77,0.05
923,0.3312499999999998,0.05
924,1.27125,0.05
925,-0.2524999999999995,0.05
926,1.4412500000000001,0.05
927,-0.7749999999999997,0.05
928,0.8825,0.05
929,0.0587500000000003,0.05
930,1.4000000000000001,0.05
931,0.4887499999999997,0.05
932,0.5849999999999997,0.05
933,0.7299999999999999,0.05
934,-0.6287499999999999,0.05
935,1.1600000000000001,0.05
936,1.195,0.05
937,0.88,0.05
938,1.4625000000000001,0.05
939,1.15125,0.05
940,-0.48374999999999924,0.05
941,-3.3175,0.05
942,0.5812499999999997,0.05
943,1.09375,0.05
944,0.4724999999999997,0.05
945,0.40249999999999964,0.05
946,0.65,0.05
947,1.33125,0.05
948,0.765,0.05
949,-0.5162499999999994,0.05
950,1.1175000000000002,0.05
951,0.3949999999999998,0.05
952,-3.1750000000000003,0.05
953,0.03500000000000014,0.05
954,1.20375,0.05
955,-0.07374999999999954,0.05
956,0.9962500000000001,0.05
957,-0.9237500000000003,0.05
958,0.96625,0.05
959,-0.3087499999999994,0.05
960,-2.7562500000000005,0.05
961,0.85375,0.05
962,1.205,0.05
963,0.7324999999999999,0.05
964,0.2024999999999999,0.05
965,0.47499999999999964,0.05
966,-0.3237499999999993,0.05
967,0.9,0.05
968,0.5137499999999998,0.05
969,1.425,0.05
970,1.0025,0.05
971,-0.7537499999999999,0.05
972,0.9912500000000001,0.05
973,1.22625,0.05
974,-2.891250000000001,0.05
975,-3.1925,0.05
976,1.0675000000000001,0.05
977,-0.4137499999999994,0.05
978,-1.0150000000000003,0.05
979,0.78125,0.05
980,0.35499999999999976,0.05
981,1.0550000000000002,0.05
982,-0.9937500000000001,0.05
983,0.8049999999999999,0.05
984,-0.08624999999999972,0.05
985,0.7762499999999999,0.05
986,0.4162499999999998,0.05
987,1.0575,0.05
988,1.2112500000000002,0.05
989,0.66,0.05
990,0.8900000000000001,0.05
991,1.55,0.05
992,1.27125,0.05
993,1.05,0.05
994,0.4837499999999997,0.05
995,0.7999999999999999,0.05
996,-2.8737500000000007,0.05
997,0.4249999999999996,0.05
998,0.46499999999999964,0.05
999,1.13625,0.05
1000,0.9700000000000001,0.05
1001,-0.16624999999999956,0.05
1002,1.0450000000000002,0.05
1003,1.225,0.05
1004,1.4725000000000001,0.05
1005,0.6162499999999999,0.05
1006,-1.1287500000000008,0.05
1007,1.2637500000000002,0.05
1008,0.4874999999999997,0.05
1009,1.1687500000000002,0.05
1010,0.9975,0.05
1011,-0.44624999999999937,0.05
1012,1.16625,0.05
1013,0.5449999999999997,0.05
1014,1.0275,0.05
1015,0.75,0.05
1016,1.1225,0.05
1017,1.0775000000000001,0.05
1018,0.9712500000000002,0.05
1019,-2.781250000000001,0.05
1020,0.6699999999999999,0.05
1021,1.0975000000000001,0.05
1022,0.8925000000000001,0.05
1023,1.20875,0.05
1024,1.4900000000000002,0.05
1025,0.7324999999999999,0.05
1026,1.0750000000000002,0.05
1027,0.88,0.05
1028,0.6287499999999998,0.05
1029,0.07250000000000001,0.05
1030,1.1612500000000001,0.05
1031,1.435,0.05
1032,1.5037500000000001,0.05
1033,-2.848750000000001,0.05
1034,1.05,0.05
1035,0.2799999999999998,0.05
1036,-0.7699999999999998,0.05
1037,0.9100000000000001,0.05
1038,1.0750000000000002,0.05
1039,1.375,0.05
1040,0.90375,0.05
1041,0.5262499999999999,0.05
1042,0.4574999999999997,0.05
1043,-2.7187500000000004,0.05
1044,-0.41499999999999937,0.05
1045,-1.0087500000000003,0.05
1046,0.6399999999999998,0.05
1047,0.9912500000000001,0.05
1048,0.9162500000000001,0.05
1049,0.81375,0.05
1050,-0.13749999999999996,0.05
1051,0.81125,0.05
1052,0.86125,0.05
1053,0.6849999999999999,0.05
1054,1.2125000000000001,0.05
1055,1.2437500000000001,0.05
1056,0.9100000000000001,0.05
1057,0.8675,0.05
1058,1.08875,0.05
1059,1.0075,0.05
1060,0.9087500000000001,0.05
1061,-0.07249999999999979,0.05
1062,-0.3399999999999994,0.05
1063,0.6662499999999998,0.05
1064,0.87375,0.05
1065,0.8562500000000001,0.05
1066,0.745,0.05
1067,0.7675,0.05
1068,1.0325000000000002,0.05
1069,0.6925,0.05
1070,0.9300000000000002,0.05
1071,0.5499999999999998,0.05
1072,1.0125000000000002,0.05
1073,0.3837499999999998,0.05
1074,1.1287500000000001,0.05
1075,0.2699999999999998,0.05
1076,-0.19499999999999962,0.05
1077,0.9112500000000001,0.05
1078,0.7074999999999999,0.05
1079,1.2525000000000002,0.05
1080,1.02125,0.05
1081,0.875,0.05
1082,0.935,0.05
1083,0.7387499999999999,0.05
1084,0.9537500000000001,0.05
1085,1.24875,0.05
1086,0.46874999999999967,0.05
1087,0.925,0.05
1088,0.91125,0.05
1089,1.04875,0.05
1090,-0.2749999999999997,0.05
1091,0.98875,0.05
1092,-2.900000000000001,0.05
1093,1.30875,0.05
1094,1.50875,0.05
1095,0.6762499999999999,0.05
1096,0.8575,0.05
1097,1.02625,0.05
1098,1.36375,0.05
1099,1.08,0.05
1100,0.6837499999999999,0.05
1101,0.7149999999999999,0.05
1102,-2.88625,0.05
1103,1.335,0.05
1104,0.8900000000000001,0.05
1105,1.395,0.05
1106,1.435,0.05
1107,1.135,0.05
1108,-1.45625,0.05
1109,1.1162500000000002,0.05
1110,1.1900000000000002,0.05
1111,0.5462499999999997,0.05
1112,1.045,0.05
1113,0.96625,0.05
1114,-0.6199999999999999,0.05
1115,0.9187500000000002,0.05
1116,0.4474999999999998,0.05
1117,0.50125,0.05
1118,1.0775000000000001,0.05
1119,0.9187500000000001,0.05
1120,0.35999999999999965,0.05
1121,1.19875,0.05
1122,0.855,0.05
1123,1.00625,0.05
1124,1.4175,0.05
1125,1.2825000000000002,0.05
1126,0.33499999999999974,0.05
1127,0.82375,0.05
1128,1.205,0.05
1129,0.6099999999999998,0.05
1130,0.3362499999999997,0.05
1131,0.875,0.05
1132,0.3125,0.05
1133,1.18125,0.05
1134,0.93,0.05
1135,0.9712500000000001,0.05
1136,1.07,0.05
1137,0.72625,0.05
1138,-0.9725000000000004,0.05
1139,1.3887500000000002,0.05
1140,0.9950000000000001,0.05
1141,0.050000000000000044,0.05
1142,1.445,0.05
1143,0.5549999999999998,0.05
1144,1.0075,0.05
1145,1.1800000000000002,0.05
1146,1.16625,0.05
1147,1.0562500000000001,0.05
1148,1.06875,0.05
1149,0.87,0.05
1150,0.8975000000000001,0.05
1151,1.0750000000000002,0.05
1152,0.8925000000000001,0.05
1153,1.20375,0.05
1154,1.02,0.05
1155,0.98875,0.05
1156,-0.24374999999999947,0.05
1157,1.42625,0.05
1158,1.0750000000000002,0.05
1159,1.03875,0.05
1160,1.28,0.05
1161,0.4774999999999997,0.05
1162,0.6287499999999998,0.05
1163,1.2725,0.05
1164,0.3787499999999999,0.05
1165,1.21625,0.05
1166,0.22499999999999987,0.05
1167,1.33125,0.05
1168,1.24625,0.05
1169,1.0562500000000001,0.05
1170,1.5212500000000002,0.05
1171,1.2475,0.05
1172,1.09,0.05
1173,1.1525,0.05
1174,0.7099999999999999,0.05
1175,0.49499999999999966,0.05
1176,0.86875,0.05
1177,0.5799999999999998,0.05
1178,1.25,0.05
1179,1.0212500000000002,0.05
1180,1.26625,0.05
1181,0.8049999999999999,0.05
1182,-0.07749999999999968,0.05
1183,0.5949999999999998,0.05
1184,0.8012499999999999,0.05
1185,0.98875,0.05
1186,0.7625,0.05
1187,1.09375,0.05
1188,1.18625,0.05
1189,0.6712499999999999,0.05
1190,0.4399999999999997,0.05
1191,1.0075,0.05
1192,1.23875,0.05
1193,0.80875,0.05
1194,1.00875,0.05
1195,-0.4037499999999994,0.05
1196,0.8800000000000001,0.05
1197,1.42625,0.05
1198,0.9475,0.05
1199,1.0750000000000002,0.05
1200,0.7875,0.05
1201,0.9275000000000001,0.05
1202,0.99,0.05
1203,1.04,0.05
1204,1.51375,0.05
1205,0.3337500000000002,0.05
1206,0.6612499999999998,0.05
1207,0.9900000000000001,0.05
1208,1.1925000000000001,0.05
1209,0.4962500000000001,0.05
1210,1.3987500000000002,0.05
1211,0.48124999999999996,0.05
1212,0.8049999999999999,0.05
1213,1.0562500000000001,0.05
1214,0.9825000000000002,0.05
1215,0.7562499999999999,0.05
1216,1.0462500000000001,0.05
1217,1.1725,0.05
1218,1.2937500000000002,0.05
1219,0.69375,0.05
1220,1.095,0.05
1221,0.5524999999999999,0.05
1222,1.1262500000000002,0.05
1223,0.3162499999999999,0.05
1224,1.155,0.05
1225,0.7625,0.05
1226,1.145,0.05
1227,0.1812499999999999,0.05
1228,1.1725,0.05
1229,0.5362499999999999,0.05
1230,0.8975000000000001,0.05
1231,0.13624999999999976,0.05
1232,1.49875,0.05
1233,0.7525,0.05
1234,1.05875,0.05
1235,0.6899999999999998,0.05
1236,1.19,0.05
1237,0.94625,0.05
1238,1.0925,0.05
1239,1.08125,0.05
1240,0.9900000000000001,0.05
1241,0.4149999999999996,0.05
1242,0.85,0.05
1243,1.2725000000000002,0.05
1244,1.1500000000000001,0.05
1245,0.5599999999999999,0.05
1246,0.9837500000000001,0.05
1247,1.38125,0.05
1248,0.79375,0.05
1249,0.87375,0.05
1250,1.27625,0.05
1251,0.5937499999999998,0.05
1252,0.5724999999999998,0.05
1253,0.6412499999999998,0.05
1254,0.8775000000000001,0.05
1255,1.3250000000000002,0.05
1256,1.11125,0.05
1257,1.185,0.05
1258,-0.8849999999999996,0.05
1259,0.46999999999999975,0.05
1260,1.20375,0.05
1261,0.5549999999999997,0.05
1262,0.5574999999999999,0.05
1263,0.915,0.05
1264,0.6524999999999999,0.05
1265,0.4374999999999998,0.05
1266,1.4675,0.05
1267,1.185,0.05
1268,1.135,0.05
1269,-1.0150000000000008,0.05
1270,1.1175000000000002,0.05
1271,0.86125,0.05
1272,0.875,0.05
1273,0.9550000000000001,0.05
1274,1.08875,0.05
1275,0.84875,0.05
1276,1.11625,0.05
1277,1.2175,0.05
1278,1.0150000000000001,0.05
1279,1.0137500000000002,0.05
1280,0.935,0.05
1281,1.02,0.05
1282,0.47624999999999984,0.05
1283,1.16625,0.05
1284,1.0025000000000002,0.05
1285,1.28125,0.05
1286,1.1175000000000002,0.05
1287,-3.7849999999999993,0.05
1288,1.1612500000000001,0.05
1289,0.36499999999999977,0.05
1290,1.17375,0.05
1291,0.7649999999999999,0.05
1292,0.5525000000000002,0.05
1293,0.6299999999999998,0.05
1294,0.9512500000000002,0.05
1295,0.87375,0.05
1296,0.7599999999999999,0.05
1297,0.94625,0.05
1298,1.0250000000000001,0.05
1299,1.05,0.05
1300,0.7825,0.05
1301,0.18249999999999988,0.05
1302,1.06875,0.05
1303,1.28125,0.05
1304,0.33624999999999994,0.05
1305,0.6749999999999998,0.05
1306,1.22875,0.05
1307,-0.1537499999999996,0.05
1308,-0.81375,0.05
1309,0.8537500000000001,0.05
1310,1.1375000000000002,0.05
1311,1.1325,0.05
1312,1.2025000000000001,0.05
1313,0.9475,0.05
1314,0.7674999999999998,0.05
1315,0.7749999999999999,0.05
1316,0.6949999999999998,0.05
1317,0.85875,0.05
1318,0.8012499999999999,0.05
1319,0.915,0.05
1320,0.6549999999999998,0.05
1321,0.3749999999999998,0.05
1322,0.96625,0.05
1323,1.1262500000000002,0.05
1324,1.01875,0.05
1325,1.0750000000000002,0.05
1326,1.205,0.05
1327,0.08624999999999994,0.05
1328,-0.38499999999999934,0.05
1329,1.2237500000000001,0.05
1330,0.9225000000000001,0.05
1331,1.27625,0.05
1332,0.88875,0.05
1333,0.6049999999999999,0.05
1334,1.06875,0.05
1335,0.91625,0.05
1336,0.9550000000000001,0.05
1337,0.21875,0.05
1338,0.9712500000000001,0.05
1339,1.15625,0.05
1340,1.00625,0.05
1341,0.8125,0.05
1342,1.25875,0.05
1343,1.0050000000000001,0.05
1344,1.08875,0.05
1345,1.07375,0.05
1346,0.9825000000000002,0.05
1347,1.0375,0.05
1348,1.0575,0.05
1349,1.23875,0.05
1350,-0.2587499999999996,0.05
1351,1.34,0.05
1352,1.1525,0.05
1353,1.24125,0.05
1354,0.85375,0.05
1355,0.5812499999999998,0.05
1356,1.0,0.05
1357,1.4937500000000001,0.05
1358,-2.77375,0.05
1359,1.11625,0.05
1360,1.1675,0.05
1361,-0.016249999999999876,0.05
1362,1.0025,0.05
1363,1.5225,0.05
1364,0.8937500000000002,0.05
1365,1.28,0.05
1366,1.03875,0.05
1367,0.78625,0.05
1368,1.1975000000000002,0.05
1369,1.3362500000000002,0.05
1370,1.31,0.05
1371,1.01625,0.05
1372,0.8962500000000001,0.05
1373,0.9875,0.05
1374,1.2025000000000001,0.05
1375,1.1175000000000002,0.05
1376,1.0350000000000001,0.05
1377,0.86,0.05
1378,1.105,0.05
1379,1.0050000000000001,0.05
1380,1.22125,0.05
1381,0.9375000000000001,0.05
1382,1.215,0.05
1383,1.245,0.05
1384,1.08875,0.05
1385,1.04,0.05
1386,0.7149999999999999,0.05
1387,1.0250000000000001,0.05
1388,1.115,0.05
1389,1.2125000000000001,0.05
1390,1.0425,0.05
1391,-0.3499999999999994,0.05
1392,0.80375,0.05
1393,0.9587500000000001,0.05
1394,0.72125,0.05
1395,1.0250000000000001,0.05
1396,0.6074999999999997,0.05
1397,0.925,0.05
1398,0.6349999999999999,0.05
1399,1.245,0.05
1400,1.0025000000000002,0.05
1401,1.385,0.05
1402,1.19875,0.05
1403,0.7512499999999999,0.05
1404,0.8962500000000001,0.05
1405,1.3050000000000002,0.05
1406,-0.845,0.05
1407,0.2537499999999999,0.05
1408,0.5137499999999997,0.05
1409,0.45999999999999974,0.05
1410,1.2525,0.05
1411,1.13625,0.05
1412,0.6124999999999998,0.05
1413,1.1262500000000002,0.05
1414,0.6049999999999999,0.05
1415,0.5737499999999998,0.05
1416,0.8049999999999999,0.05
1417,1.02,0.05
1418,1.1825,0.05
1419,-0.6937499999999999,0.05
1420,0.7775,0.05
1421,0.6212499999999999,0.05
1422,1.13125,0.05
1423,1.145,0.05
1424,1.06125,0.05
1425,1.51375,0.05
1426,-0.4449999999999994,0.05
1427,1.21875,0.05
1428,0.8775000000000001,0.05
1429,1.145,0.05
1430,1.0275,0.05
1431,1.0025,0.05
1432,1.3687500000000001,0.05
1433,1.3625,0.05
1434,1.43625,0.05
1435,-0.2049999999999994,0.05
1436,0.4374999999999998,0.05
1437,0.7224999999999999,0.05
1438,0.99875,0.05
1439,-0.29249999999999954,0.05
1440,1.17375,0.05
1441,0.4937499999999997,0.05
1442,0.9837500000000001,0.05
1443,1.24625,0.05
1444,1.0462500000000001,0.05
1445,0.5762499999999998,0.05
1446,1.44375,0.05
1447,1.09375,0.05
1448,1.2112500000000002,0.05
1449,1.2637500000000002,0.05
1450,-2.7562500000000005,0.05
1451,1.4187500000000002,0.05
1452,1.0250000000000001,0.05
1453,0.83625,0.05
1454,1.1525,0.05
1455,0.89875,0.05
1456,0.2412500000000004,0.05
1457,0.5124999999999997,0.05
1458,1.3,0.05
1459,1.105,0.05
1460,-0.2412499999999993,0.05
1461,1.25,0.05
1462,1.0350000000000001,0.05
1463,1.1725,0.05
1464,0.9912500000000001,0.05
1465,0.8062499999999999,0.05
1466,0.9137500000000001,0.05
1467,0.7024999999999999,0.05
1468,1.0950000000000002,0.05
1469,1.12,0.05
1470,1.05,0.05
1471,0.9087500000000001,0.05
1472,1.0750000000000002,0.05
1473,1.02,0.05
1474,0.84125,0.05
1475,1.04,0.05
1476,1.315,0.05
1477,1.29,0.05
1478,0.8912500000000001,0.05
1479,0.7137499999999999,0.05
1480,1.13375,0.05
1481,0.8975000000000001,0.05
1482,0.6725,0.05
1483,1.15375,0.05
1484,0.5499999999999997,0.05
1485,1.1487500000000002,0.05
1486,0.7324999999999999,0.05
1487,0.7637499999999999,0.05
1488,1.10125,0.05
1489,-0.17124999999999946,0.05
1490,0.88625,0.05
1491,1.3687500000000001,0.05
1492,1.08125,0.05
1493,1.2225000000000001,0.05
1494,0.3487499999999999,0.05
1495,1.0750000000000002,0.05
1496,0.1812499999999999,0.05
1497,1.15,0.05
1498,-0.7549999999999997,0.05
1499,1.5362500000000001,0.05
1500,1.02625,0.05
1501,-0.0762499999999997,0.05
1502,1.3675000000000002,0.05
1503,0.99,0.05
1504,0.33499999999999974,0.05
1505,0.14875000000000016,0.05
1506,1.4937500000000001,0.05
1507,1.1275,0.05
1508,0.8350000000000001,0.05
1509,1.1887500000000002,0.05
1510,0.16375000000000006,0.05
1511,0.9637500000000001,0.05
1512,1.11625,0.05
1513,0.7937500000000001,0.05
1514,1.165,0.05
1515,-0.7099999999999997,0.05
1516,1.07625,0.05
1517,0.87875,0.05
1518,1.3250000000000002,0.05
1519,0.29374999999999973,0.05
1520,0.9850000000000001,0.05
1521,1.28,0.05
1522,0.9500000000000001,0.05
1523,1.195,0.05
1524,0.2437499999999999,0.05
1525,0.98875,0.05
1526,1.0325000000000002,0.05
1527,-2.96125,0.05
1528,-0.2524999999999995,0.05
1529,0.9737500000000001,0.05
1530,-2.7937500000000006,0.05
1531,1.07,0.05
1532,0.82875,0.05
1533,0.7775,0.05
1534,1.0050000000000001,0.05
1535,0.91,0.05
1536,0.4162499999999998,0.05
1537,0.94625,0.05
1538,1.4175,0.05
1539,1.2550000000000001,0.05
1540,0.4087499999999997,0.05
1541,0.9175000000000001,0.05
1542,0.93625,0.05
1543,1.24,0.05
1544,0.8475,0.05
1545,1.20625,0.05
1546,0.7399999999999999,0.05
1547,0.9237500000000001,0.05
1548,1.35375,0.05
1549,1.3625,0.05
1550,1.18125,0.05
1551,0.4949999999999998,0.05
1552,0.8225,0.05
1553,1.1925000000000001,0.05
1554,1.07625,0.05
1555,1.2437500000000001,0.05
1556,1.2275,0.05
1557,1.06,0.05
1558,1.485,0.05
1559,1.16625,0.05
1560,0.96625,0.05
1561,0.8049999999999999,0.05
1562,1.19875,0.05
1563,0.6224999999999998,0.05
1564,0.91125,0.05
1565,1.0750000000000002,0.05
1566,0.09749999999999992,0.05
1567,0.6112499999999997,0.05
1568,0.7687499999999999,0.05
1569,0.9875,0.05
1570,1.1725,0.05
1571,0.9875,0.05
1572,0.4324999999999999,0.05
1573,1.495,0.05
1574,1.4300000000000002,0.05
1575,-2.8937500000000007,0.05
1576,1.1662500000000002,0.05
1577,0.9600000000000001,0.05
1578,1.01625,0.05
1579,-2.7862500000000003,0.05
1580,0.6949999999999998,0.05
1581,0.64125,0.05
1582,1.435,0.05
1583,0.72625,0.05
1584,0.3787499999999995,0.05
1585,1.2725000000000002,0.05
1586,1.1712500000000001,0.05
1587,1.2950000000000002,0.05
1588,1.44,0.05
1589,0.96125,0.05
1590,0.9825000000000002,0.05
1591,0.7299999999999999,0.05
1592,1.135,0.05
1593,1.0237500000000002,0.05
1594,0.6774999999999999,0.05
1595,0.6399999999999998,0.05
1596,0.77375,0.05
1597,0.40624999999999956,0.05
1598,0.91125,0.05
1599,1.1062500000000002,0.05
1600,1.14375,0.05
1601,1.2575,0.05
1602,1.1800000000000002,0.05
1603,1.4312500000000001,0.05
1604,0.6912499999999998,0.05
1605,1.05,0.05
1606,0.875,0.05
1607,0.2387499999999998,0.05
1608,-2.8662500000000004,0.05
1609,1.1887500000000002,0.05
1610,0.93375,0.05
1611,1.28875,0.05
1612,0.47499999999999964,0.05
1613,0.9775,0.05
1614,0.9475,0.05
1615,1.04,0.05
1616,1.18125,0.05
1617,1.25875,0.05
1618,1.1712500000000001,0.05
1619,1.0350000000000001,0.05
1620,0.9712500000000002,0.05
1621,0.89875,0.05
1622,0.7987500000000001,0.05
1623,1.475,0.05
1624,1.0525,0.05
1625,1.295,0.05
1626,0.725,0.05
1627,1.19,0.05
1628,0.91,0.05
1629,1.205,0.05
1630,1.01125,0.05
1631,1.095,0.05
1632,1.4025,0.05
1633,1.0525,0.05
1634,0.885,0.05
1635,0.9587500000000001,0.05
1636,0.80375,0.05
1637,1.185,0.05
1638,1.1525,0.05
1639,1.0075,0.05
1640,1.33,0.05
1641,-0.20874999999999955,0.05
1642,1.08,0.05
1643,1.0275,0.05
1644,1.0925,0.05
1645,1.0525,0.05
1646,1.16625,0.05
1647,1.4175,0.05
1648,1.0550000000000002,0.05
1649,1.1500000000000001,0.05
1650,1.4200000000000002,0.05
1651,1.1712500000000001,0.05
1652,1.0012500000000002,0.05
1653,0.6475000000000001,0.05
1654,1.2775,0.05
1655,0.8975000000000001,0.05
1656,1.32,0.05
1657,-0.07249999999999956,0.05
1658,-0.8637499999999998,0.05
1659,1.17,0.05
1660,0.97875,0.05
1661,0.7674999999999998,0.05
1662,1.2537500000000001,0.05
1663,1.1300000000000001,0.05
1664,1.3125,0.05
1665,0.4774999999999998,0.05
1666,1.37125,0.05
1667,0.7649999999999999,0.05
1668,1.1125,0.05
1669,1.22625,0.05
1670,0.8375,0.05
1671,1.33125,0.05
1672,1.17625,0.05
1673,0.7487499999999999,0.05
1674,0.9225000000000001,0.05
1675,0.17999999999999994,0.05
1676,1.22625,0.05
1677,0.9962500000000001,0.05
1678,1.1487500000000002,0.05
1679,0.5199999999999997,0.05
1680,1.1,0.05
1681,1.1600000000000001,0.05
1682,1.29,0.05
1683,1.0137500000000002,0.05
1684,0.9637500000000001,0.05
1685,1.26,0.05
1686,0.7099999999999999,0.05
1687,1.1925000000000001,0.05
1688,0.88,0.05
1689,0.85875,0.05
1690,0.9137500000000001,0.05
1691,1.01125,0.05
1692,1.2850000000000001,0.05
1693,1.185,0.05
1694,1.1025,0.05
1695,1.5,0.05
1696,1.06125,0.05
1697,0.91,0.05
1698,1.27125,0.05
1699,0.655,0.05
1700,0.8900000000000001,0.05
1701,0.24,0.05
1702,0.8850000000000001,0.05
1703,1.27,0.05
1704,1.405,0.05
1705,0.70375,0.05
1706,0.8225,0.05
1707,1.2550000000000001,0.05
1708,0.7499999999999999,0.05
1709,0.1412500000000001,0.05
1710,0.5662499999999998,0.05
1711,1.33125,0.05
1712,1.1712500000000001,0.05
1713,1.08,0.05
1714,1.01125,0.05
1715,1.42625,0.05
1716,0.85875,0.05
1717,1.07625,0.05
1718,0.5399999999999999,0.05
1719,-0.2287499999999998,0.05
1720,0.9962500000000001,0.05
1721,1.0550000000000002,0.05
1722,1.07875,0.05
1723,0.2124999999999999,0.05
1724,0.875,0.05
1725,0.835,0.05
1726,1.1525,0.05
1727,1.1712500000000001,0.05
1728,-2.6250000000000004,0.05
1729,1.12375,0.05
1730,1.11125,0.05
1731,0.2549999999999999,0.05
1732,0.8962500000000001,0.05
1733,1.18625,0.05
1734,-0.7125000000000001,0.05
1735,1.0725,0.05
1736,1.2550000000000001,0.05
1737,1.11125,0.05
1738,0.88,0.05
1739,0.82,0.05
1740,1.0137500000000002,0.05
1741,0.88625,0.05
1742,1.22875,0.05
1743,1.31875,0.05
1744,0.6712499999999999,0.05
1745,1.0050000000000001,0.05
1746,1.225,0.05
1747,0.015000000000000124,0.05
1748,1.5274999999999999,0.05
1749,1.135,0.05
1750,1.0437500000000002,0.05
1751,0.04125000000000001,0.05
1752,0.9962500000000001,0.05
1753,1.3475000000000001,0.05
1754,0.94625,0.05
1755,1.2625000000000002,0.05
1756,1.02625,0.05
1757,1.225,0.05
1758,-0.6249999999999993,0.05
1759,1.05125,0.05
1760,1.11625,0.05
1761,0.7437499999999999,0.05
1762,1.02,0.05
1763,1.245,0.05
1764,0.93,0.05
1765,0.93,0.05
1766,0.96625,0.05
1767,1.2750000000000001,0.05
1768,1.0987500000000001,0.05
1769,1.0012500000000002,0.05
1770,0.38624999999999976,0.05
1771,1.18375,0.05
1772,1.06125,0.05
1773,0.9837500000000001,0.05
1774,0.91125,0.05
1775,1.2075,0.05
1776,1.0012500000000002,0.05
1777,0.5862499999999998,0.05
1778,0.9475,0.05
1779,1.1125,0.05
1780,1.3525,0.05
1781,1.02125,0.05
1782,-3.381249999999999,0.05
1783,1.15,0.05
1784,1.4187500000000002,0.05
1785,0.5974999999999999,0.05
1786,1.1300000000000001,0.05
1787,0.96625,0.05
1788,1.09375,0.05
1789,0.9337500000000001,0.05
1790,0.6699999999999999,0.05
1791,0.9512500000000002,0.05
1792,-2.911250000000001,0.05
1793,0.9250000000000002,0.05
1794,1.18625,0.05
1795,0.71,0.05
1796,0.6349999999999999,0.05
1797,0.91,0.05
1798,1.4312500000000001,0.05
1799,0.68,0.05
1800,1.2625000000000002,0.05
1801,1.2625000000000002,0.05
1802,1.2537500000000001,0.05
1803,1.205,0.05
1804,0.97875,0.05
1805,1.22125,0.05
1806,0.9750000000000001,0.05
1807,0.91,0.05
1808,0.9650000000000001,0.05
1809,0.4399999999999997,0.05
1810,0.8912500000000001,0.05
1811,1.1,0.05
1812,1.115,0.05
1813,1.2550000000000001,0.05
1814,0.7337499999999999,0.05
1815,1.04125,0.05
1816,0.81875,0.05
1817,1.48625,0.05
1818,1.08125,0.05
1819,1.23625,0.05
1820,1.1712500000000001,0.05
1821,1.4212500000000001,0.05
1822,1.3362500000000002,0.05
1823,0.9,0.05
1824,1.2112500000000002,0.05
1825,0.67875,0.05
1826,0.7749999999999999,0.05
1827,1.08125,0.05
1828,1.2175,0.05
1829,1.2437500000000001,0.05
1830,0.93,0.05
1831,0.86,0.05
1832,1.08,0.05
1833,1.0625,0.05
1834,1.13125,0.05
1835,0.93,0.05
1836,1.16625,0.05
1837,1.5225000000000002,0.05
1838,0.9500000000000001,0.05
1839,1.0575,0.05
1840,1.135,0.05
1841,0.87875,0.05
1842,0.81875,0.05
1843,1.19,0.05
1844,1.1675,0.05
1845,1.36375,0.05
1846,1.0825,0.05
1847,0.2912499999999998,0.05
1848,1.3487500000000001,0.05
1849,1.3050000000000002,0.05
1850,1.145,0.05
1851,-0.8550000000000002,0.05
1852,0.7387499999999999,0.05
1853,1.01125,0.05
1854,0.7162499999999999,0.05
1855,0.5987499999999999,0.05
1856,0.87875,0.05
1857,0.9500000000000001,0.05
1858,0.87875,0.05
1859,1.1375000000000002,0.05
1860,1.11625,0.05
1861,1.2575,0.05
1862,0.5949999999999998,0.05
1863,1.08125,0.05
1864,1.02,0.05
1865,1.07875,0.05
1866,0.5874999999999999,0.05
1867,1.27875,0.05
1868,0.6949999999999998,0.05
1869,1.0350000000000001,0.05
1870,1.13375,0.05
1871,1.18625,0.05
1872,1.0750000000000002,0.05
1873,1.2225000000000001,0.05
1874,0.7099999999999999,0.05
1875,1.2425000000000002,0.05
1876,0.9687500000000001,0.05
1877,1.2825000000000002,0.05
1878,1.1625,0.05
1879,0.6862499999999998,0.05
1880,1.11,0.05
1881,0.9125000000000001,0.05
1882,0.85375,0.05
1883,0.9650000000000001,0.05
1884,1.1575,0.05
1885,0.9575,0.05
1886,1.07,0.05
1887,1.0987500000000001,0.05
1888,1.4175000000000002,0.05
1889,1.1275,0.05
1890,1.04,0.05
1891,0.7762499999999999,0.05
1892,0.6999999999999998,0.05
1893,1.0462500000000001,0.05
1894,1.2725,0.05
1895,1.18125,0.05
1896,1.1812500000000001,0.05
1897,1.2775,0.05
1898,0.7449999999999999,0.05
1899,1.205,0.05
1900,0.43249999999999966,0.05
1901,0.82,0.05
1902,0.75125,0.05
1903,0.6849999999999999,0.05
1904,1.37625,0.05
1905,-0.5562499999999992,0.05
1906,1.205,0.05
1907,0.90375,0.05
1908,0.9950000000000001,0.05
1909,1.13375,0.05
1910,0.6587499999999998,0.05
1911,1.1825,0.05
1912,1.06125,0.05
1913,1.3825,0.05
1914,1.2862500000000001,0.05
1915,1.3462500000000002,0.05
1916,1.01,0.05
1917,0.9687500000000001,0.05
1918,0.91,0.05
1919,0.9475,0.05
1920,1.05,0.05
1921,1.32,0.05
1922,1.36375,0.05
1923,1.1725,0.05
1924,1.0425,0.05
1925,0.79375,0.05
1926,0.9775,0.05
1927,1.20625,0.05
1928,1.45375,0.05
1929,1.2437500000000001,0.05
1930,0.9537500000000001,0.05
1931,1.11125,0.05
1932,1.0662500000000001,0.05
1933,-2.8925000000000014,0.05
1934,0.98,0.05
1935,0.99,0.05
1936,1.13875,0.05
1937,1.03,0.05
1938,1.36,0.05
1939,1.2650000000000001,0.05
1940,0.765,0.05
1941,1.1062500000000002,0.05
1942,1.4575,0.05
1943,1.0150000000000001,0.05
1944,1.21,0.05
1945,0.5199999999999997,0.05
1946,1.17875,0.05
1947,0.8925000000000001,0.05
1948,1.1675,0.05
1949,1.0100000000000002,0.05
1950,1.1287500000000001,0.05
1951,1.0925,0.05
1952,1.085,0.05
1953,0.8187500000000001,0.05
1954,1.1287500000000001,0.05
1955,1.20625,0.05
1956,1.14375,0.05
1957,1.3075,0.05
1958,1.26,0.05
1959,1.1800000000000002,0.05
1960,1.1825,0.05
1961,1.17,0.05
1962,1.2537500000000001,0.05
1963,1.1125,0.05
1964,1.2112500000000002,0.05
1965,0.6962499999999999,0.05
1966,0.8375,0.05
1967,0.9137500000000001,0.05
1968,1.02625,0.05
1969,1.5137500000000002,0.05
1970,1.445,0.05
1971,0.2324999999999997,0.05
1972,1.0575,0.05
1973,0.92125,0.05
1974,1.235,0.05
1975,1.06,0.05
1976,1.07,0.05
1977,1.09,0.05
1978,0.9237500000000001,0.05
1979,1.02,0.05
1980,0.8612500000000001,0.05
1981,0.9875,0.05
1982,1.26375,0.05
1983,1.22125,0.05
1984,0.6962499999999999,0.05
1985,1.20375,0.05
1986,1.225,0.05
1987,1.00625,0.05
1988,0.4874999999999997,0.05
1989,1.0625,0.05
1990,1.34375,0.05
1991,1.04125,0.05
1992,1.2962500000000001,0.05
1993,1.24,0.05
1994,1.1,0.05
1995,0.98875,0.05
1996,1.245,0.05
1997,0.9650000000000001,0.05
1998,1.39375,0.05
1999,1.385,0.05
2000,1.1712500000000001,0.05
2001,1.04,0.05
2002,1.39375,0.05
2003,1.0950000000000002,0.05
2004,-0.10999999999999965,0.05
2005,1.045,0.05
2006,1.0437500000000002,0.05
2007,1.1125,0.05
2008,1.23875,0.05
2009,0.91625,0.05
2010,1.08875,0.05
2011,1.0275,0.05
2012,1.26,0.05
2013,1.3825,0.05
2014,1.03,0.05
2015,0.5474999999999998,0.05
2016,1.48625,0.05
2017,0.73125,0.05
2018,0.9637500000000001,0.05
2019,1.2075,0.05
2020,0.7699999999999999,0.05
2021,1.105,0.05
2022,0.935,0.05
2023,1.02,0.05
2024,1.15625,0.05
2025,1.2725,0.05
2026,0.77,0.05
2027,1.03875,0.05
2028,1.375,0.05
2029,0.7437499999999999,0.05
2030,0.935,0.05
2031,1.20375,0.05
2032,1.02625,0.05
2033,1.27625,0.05
2034,1.1300000000000001,0.05
2035,0.26249999999999973,0.05
2036,1.3037500000000002,0.05
2037,1.20625,0.05
2038,0.5787499999999998,0.05
2039,1.0762500000000002,0.05
2040,0.8912500000000001,0.05
2041,1.02,0.05
2042,1.15125,0.05
2043,1.1500000000000001,0.05
2044,-0.2999999999999996,0.05
2045,1.0125000000000002,0.05
2046,0.9962500000000001,0.05
2047,0.7599999999999999,0.05
2048,1.1800000000000002,0.05
2049,0.9825000000000002,0.05
2050,1.13375,0.05
2051,1.1575,0.05
2052,1.0025,0.05
2053,1.20875,0.05
2054,1.0437500000000002,0.05
2055,1.28125,0.05
2056,1.5225000000000002,0.05
2057,0.050000000000000044,0.05
2058,0.9487500000000001,0.05
2059,1.01875,0.05
2060,0.6599999999999998,0.05
2061,1.2725,0.05
2062,0.81375,0.05
2063,0.7449999999999999,0.05
2064,0.7250000000000001,0.05
2065,0.5749999999999997,0.05
2066,0.8262499999999999,0.05
2067,1.16625,0.05
2068,1.105,0.05
2069,0.5624999999999998,0.05
2070,1.095,0.05
2071,1.4625000000000001,0.05
2072,1.1175000000000002,0.05
2073,0.85875,0.05
2074,0.9087500000000001,0.05
2075,1.13125,0.05
2076,1.0625,0.05
2077,1.07625,0.05
2078,0.8225,0.05
2079,1.17875,0.05
2080,1.2475,0.05
2081,0.6199999999999999,0.05
2082,1.0562500000000001,0.05
2083,0.85,0.05
2084,1.12,0.05
2085,1.1525,0.05
2086,0.6912500000000001,0.05
2087,-0.06374999999999997,0.05
2088,1.13125,0.05
2089,1.3125,0.05
2090,1.0012500000000002,0.05
2091,0.4924999999999997,0.05
2092,0.0012500000000004174,0.05
2093,1.2550000000000001,0.05
2094,0.8975000000000001,0.05
2095,1.0125000000000002,0.05
2096,1.24,0.05
2097,0.835,0.05
2098,0.9900000000000001,0.05
2099,-0.5762499999999993,0.05
2100,0.86,0.05
2101,0.8962500000000001,0.05
2102,0.9700000000000001,0.05
2103,0.9837500000000001,0.05
2104,0.2999999999999998,0.05
2105,0.875,0.05
2106,0.5499999999999997,0.05
2107,1.04,0.05
2108,0.9337500000000001,0.05
2109,1.13125,0.05
2110,-0.3399999999999994,0.05
2111,0.1362500000000002,0.05
2112,0.7275,0.05
2113,0.87,0.05
2114,0.9750000000000001,0.05
2115,1.0075,0.05
2116,1.23875,0.05
2117,1.1575,0.05
2118,0.9100000000000001,0.05
2119,1.1675,0.05
2120,0.93,0.05
2121,1.0037500000000001,0.05
2122,1.34375,0.05
2123,1.2750000000000001,0.05
2124,0.2999999999999998,0.05
2125,-0.15874999999999972,0.05
2126,1.315,0.05
2127,1.30875,0.05
2128,1.20375,0.05
2129,1.22875,0.05
2130,1.07625,0.05
2131,0.82375,0.05
2132,0.6749999999999999,0.05
2133,1.12125,0.05
2134,1.48625,0.05
2135,1.01875,0.05
2136,1.08,0.05
2137,1.1800000000000002,0.05
2138,0.7699999999999999,0.05
2139,1.22125,0.05
2140,1.2625000000000002,0.05
2141,0.4774999999999997,0.05
2142,0.90625,0.05
2143,0.7575000000000001,0.05
2144,1.2087500000000002,0.05
2145,1.11625,0.05
2146,-0.05624999999999969,0.05
2147,1.19625,0.05
2148,0.053750000000000187,0.05
2149,0.96625,0.05
2150,1.3362500000000002,0.05
2151,1.3025,0.05
2152,1.23125,0.05
2153,0.6262499999999998,0.05
2154,0.32499999999999973,0.05
2155,1.185,0.05
2156,1.02,0.05
2157,1.3325,0.05
2158,1.1712500000000001,0.05
2159,0.87,0.05
2160,0.9950000000000001,0.05
2161,1.2775,0.05
2162,-2.9612500000000015,0.05
2163,1.2725,0.05
2164,0.9700000000000001,0.05
2165,0.5674999999999998,0.05
2166,1.1625,0.05
2167,1.38125,0.05
2168,1.35,0.05
2169,1.1612500000000001,0.05
2170,1.2200000000000002,0.05
2171,1.165,0.05
2172,1.1675,0.05
2173,-0.5699999999999992,0.05
2174,1.205,0.05
2175,0.9287500000000001,0.05
2176,0.865,0.05
2177,1.2525,0.05
2178,0.12250000000000028,0.05
2179,1.35375,0.05
2180,0.6774999999999999,0.05
2181,-3.0062499999999996,0.05
2182,0.87,0.05
2183,0.9300000000000002,0.05
2184,0.87625,0.05
2185,0.8212499999999999,0.05
2186,1.07625,0.05
2187,1.08125,0.05
2188,1.23625,0.05
2189,0.9225000000000001,0.05
2190,0.84875,0.05
2191,1.22125,0.05
2192,1.21625,0.05
2193,1.3075,0.05
2194,0.8487500000000001,0.05
2195,1.2225000000000001,0.05
2196,1.1062500000000002,0.05
2197,1.165,0.05
2198,0.8425,0.05
2199,1.1725,0.05
2200,0.8525,0.05
2201,1.36375,0.05
2202,0.90625,0.05
2203,1.2650000000000001,0.05
2204,1.3562500000000002,0.05
2205,1.1125,0.05
2206,0.8600000000000001,0.05
2207,0.855,0.05
2208,1.1675,0.05
2209,1.0450000000000002,0.05
2210,1.35,0.05
2211,1.2212500000000002,0.05
2212,1.18125,0.05
2213,1.11625,0.05
2214,0.8062499999999999,0.05
2215,0.3162499999999999,0.05
2216,0.2799999999999998,0.05
2217,1.09375,0.05
2218,1.02125,0.05
2219,1.18625,0.05
2220,0.7499999999999999,0.05
2221,1.0750000000000002,0.05
2222,1.1,0.05
2223,0.4887499999999999,0.05
2224,0.6699999999999999,0.05
2225,1.28,0.05
2226,1.17375,0.05
2227,1.225,0.05
2228,1.53125,0.05
2229,1.07375,0.05
2230,-0.5862499999999995,0.05
2231,1.09125,0.05
2232,1.0987500000000001,0.05
2233,0.9875,0.05
2234,1.13375,0.05
2235,1.07375,0.05
2236,1.185,0.05
2237,0.6062499999999997,0.05
2238,0.8975000000000001,0.05
2239,1.0150000000000001,0.05
2240,1.07125,0.05
2241,1.1,0.05
2242,0.835,0.05
2243,0.32499999999999973,0.05
2244,0.8324999999999999,0.05
2245,1.27625,0.05
2246,0.725,0.05
2247,1.02875,0.05
2248,1.08875,0.05
2249,1.3125,0.05
2250,1.07625,0.05
2251,1.2850000000000001,0.05
2252,1.03375,0.05
2253,0.8687500000000001,0.05
2254,1.2025000000000001,0.05
2255,0.5212499999999997,0.05
2256,1.1887500000000002,0.05
2257,0.96625,0.05
2258,0.9787500000000001,0.05
2259,0.89375,0.05
2260,0.30999999999999983,0.05
2261,0.40749999999999975,0.05
2262,0.11250000000000049,0.05
2263,0.5374999999999998,0.05
2264,0.3112499999999998,0.05
2265,1.00875,0.05
2266,1.0425,0.05
2267,0.06624999999999992,0.05
2268,1.1125,0.05
2269,0.26749999999999985,0.05
2270,0.8325000000000001,0.05
2271,1.14375,0.05
2272,1.03875,0.05
2273,1.155,0.05
2274,-0.41124999999999945,0.05
2275,1.02,0.05
2276,1.02625,0.05
2277,0.8725,0.05
2278,0.9325000000000001,0.05
2279,1.14375,0.05
2280,1.1125,0.05
2281,1.0012500000000002,0.05
2282,1.01875,0.05
2283,0.86,0.05
2284,1.17,0.05
2285,0.8125,0.05
2286,1.29125,0.05
2287,-0.8299999999999998,0.05
2288,0.49999999999999967,0.05
2289,1.225,0.05
2290,1.145,0.05
2291,0.8925000000000001,0.05
2292,1.0375,0.05
2293,1.0637500000000002,0.05
2294,-0.31374999999999953,0.05
2295,1.08125,0.05
2296,1.13625,0.05
2297,1.3162500000000001,0.05
2298,1.28875,0.05
2299,1.02,0.05
2300,1.1600000000000001,0.05
2301,1.165,0.05
2302,1.0662500000000001,0.05
2303,1.2937500000000002,0.05
2304,1.00625,0.05
2305,1.02625,0.05
2306,1.0925,0.05
2307,1.14375,0.05
2308,1.1425,0.05
2309,0.5437499999999997,0.05
2310,1.2775,0.05
2311,1.3462500000000002,0.05
2312,1.4675,0.05
2313,0.7149999999999999,0.05
2314,0.9650000000000001,0.05
2315,0.5437499999999997,0.05
2316,1.2075,0.05
2317,1.3175000000000001,0.05
2318,1.12375,0.05
2319,1.0250000000000001,0.05
2320,1.3137500000000002,0.05
2321,1.095,0.05
2322,1.03875,0.05
2323,1.485,0.05
2324,0.99,0.05
2325,0.7199999999999999,0.05
2326,0.90375,0.05
2327,0.72625,0.05
2328,1.2975,0.05
2329,0.47999999999999976,0.05
2330,1.4675,0.05
2331,0.9712500000000001,0.05
2332,1.0,0.05
2333,0.2549999999999999,0.05
2334,1.235,0.05
2335,0.6499999999999998,0.05
2336,-2.873750000000001,0.05
2337,0.89875,0.05
2338,1.32125,0.05
2339,-0.0024999999999995026,0.05
2340,0.87375,0.05
2341,0.6199999999999999,0.05
2342,1.0250000000000001,0.05
2343,1.09375,0.05
2344,1.0750000000000002,0.05
2345,0.4474999999999997,0.05
2346,1.3225,0.05
2347,1.07625,0.05
2348,0.5674999999999998,0.05
2349,0.7774999999999999,0.05
2350,0.3849999999999998,0.05
2351,0.68875,0.05
2352,1.2325000000000002,0.05
2353,1.1625,0.05
2354,1.0875000000000001,0.05
2355,0.31874999999999987,0.05
2356,1.1475,0.05
2357,0.9500000000000001,0.05
2358,1.19875,0.05
2359,1.32875,0.05
2360,1.08875,0.05
2361,1.2825,0.05
2362,0.7487499999999999,0.05
2363,0.9325000000000001,0.05
2364,0.77875,0.05
2365,1.04,0.05
2366,0.82375,0.05
2367,0.75125,0.05
2368,0.9225000000000001,0.05
2369,1.2275,0.05
2370,1.35125,0.05
2371,-0.45874999999999977,0.05
2372,0.915,0.05
2373,1.435,0.05
2374,1.11125,0.05
2375,1.3250000000000002,0.05
2376,1.3275000000000001,0.05
2377,1.44,0.05
2378,1.2225000000000001,0.05
2379,0.6374999999999998,0.05
2380,0.5299999999999998,0.05
2381,0.93,0.05
2382,1.35,0.05
2383,1.09375,0.05
2384,0.9700000000000001,0.05
2385,1.0425,0.05
2386,0.8012499999999999,0.05
2387,1.1325,0.05
2388,0.7137499999999999,0.05
2389,1.0237500000000002,0.05
2390,1.0012500000000002,0.05
2391,1.295,0.05
2392,0.825,0.05
2393,0.8587500000000001,0.05
2394,1.15375,0.05
2395,1.0450000000000002,0.05
2396,1.08875,0.05
2397,0.9712500000000002,0.05
2398,1.2425000000000002,0.05
2399,0.91625,0.05
2400,1.29875,0.05
2401,0.935,0.05
2402,0.935,0.05
2403,1.12,0.05
2404,1.0250000000000001,0.05
2405,1.4175,0.05
2406,1.2725000000000002,0.05
2407,0.6087499999999998,0.05
2408,0.4887499999999997,0.05
2409,1.29,0.05
2410,0.9825000000000002,0.05
2411,1.1487500000000002,0.05
2412,1.225,0.05
2413,1.12375,0.05
2414,1.0975000000000001,0.05
2415,0.80125,0.05
2416,2.220446049250313e-16,0.05
2417,0.7162499999999998,0.05
2418,0.7699999999999999,0.05
2419,0.7449999999999999,0.05
2420,0.6199999999999998,0.05
2421,1.2000000000000002,0.05
2422,-0.15749999999999975,0.05
2423,1.24,0.05
2424,0.85,0.05
2425,1.02125,0.05
2426,1.33125,0.05
2427,1.08,0.05
2428,1.16625,0.05
2429,1.0987500000000001,0.05
2430,1.16625,0.05
2431,1.28125,0.05
2432,-0.5012499999999993,0.05
2433,0.8099999999999999,0.05
2434,1.1187500000000001,0.05
2435,0.9112500000000001,0.05
2436,-0.9850000000000003,0.05
2437,1.34375,0.05
2438,0.87875,0.05
2439,0.9775,0.05
2440,1.2537500000000001,0.05
2441,1.20875,0.05
2442,1.155,0.05
2443,1.12125,0.05
2444,1.11125,0.05
2445,1.02125,0.05
2446,1.1300000000000001,0.05
2447,1.1125,0.05
2448,0.5099999999999997,0.05
2449,0.905,0.05
2450,1.2650000000000001,0.05
2451,1.2225000000000001,0.05
2452,1.1712500000000001,0.05
2453,1.145,0.05
2454,1.18125,0.05
2455,1.2525,0.05
2456,1.1975,0.05
2457,1.485,0.05
2458,1.1,0.05
2459,1.3825,0.05
2460,1.2200000000000002,0.05
2461,1.1,0.05
2462,0.935,0.05
2463,1.2275,0.05
2464,1.00625,0.05
2465,1.2575,0.05
2466,1.02,0.05
2467,1.5,0.05
2468,1.1925000000000001,0.05
2469,1.485,0.05
2470,1.1375000000000002,0.05
2471,1.0625,0.05
2472,0.9800000000000001,0.05
2473,1.0975000000000001,0.05
2474,1.1425,0.05
2475,1.3587500000000001,0.05
2476,1.0150000000000001,0.05
2477,1.2962500000000001,0.05
2478,1.1600000000000001,0.05
2479,1.1487500000000002,0.05
2480,1.0425,0.05
2481,0.96125,0.05
2482,0.5837499999999998,0.05
2483,1.1125,0.05
2484,0.8300000000000001,0.05
2485,1.1912500000000001,0.05
2486,1.20375,0.05
2487,0.80125,0.05
2488,1.2750000000000001,0.05
2489,0.8800000000000001,0.05
2490,1.09625,0.05
2491,1.0875,0.05
2492,1.28375,0.05
2493,0.8175,0.05
2494,-2.6800000000000006,0.05
2495,0.6575,0.05
2496,0.9637500000000001,0.05
2497,0.84375,0.05
2498,0.6499999999999998,0.05
2499,1.44375,0.05
2500,1.15375,0.05
2501,0.3799999999999999,0.05
2502,1.08375,0.05
2503,0.26,0.05
2504,0.4512499999999997,0.05
2505,0.18999999999999972,0.05
2506,0.9712500000000001,0.05
2507,0.71375,0.05
2508,0.79875,0.05
2509,1.03875,0.05
2510,0.6962499999999999,0.05
2511,0.6774999999999999,0.05
2512,1.2937500000000002,0.05
2513,0.8912500000000001,0.05
2514,1.22125,0.05
2515,1.0625,0.05
2516,0.5862499999999999,0.05
2517,1.1687500000000002,0.05
2518,1.08,0.05
2519,0.8975000000000001,0.05
2520,1.08125,0.05
2521,1.0150000000000001,0.05
2522,-0.0662499999999997,0.05
2523,1.2937500000000002,0.05
2524,0.6137499999999998,0.05
2525,0.8425,0.05
2526,1.2400000000000002,0.05
2527,1.5075,0.05
2528,1.18625,0.05
2529,1.25875,0.05
2530,0.43874999999999975,0.05
2531,0.6949999999999998,0.05
2532,1.3125,0.05
2533,0.925,0.05
2534,1.0350000000000001,0.05
2535,1.0625,0.05
2536,1.27125,0.05
2537,0.90375,0.05
2538,0.7274999999999999,0.05
2539,0.87625,0.05
2540,0.7324999999999999,0.05
2541,1.07125,0.05
2542,0.5312499999999997,0.05
2543,0.9550000000000001,0.05
2544,1.11375,0.05
2545,1.1725,0.05
2546,1.0225,0.05
2547,0.93,0.05
2548,1.18625,0.05
2549,1.4225,0.05
2550,1.04,0.05
2551,0.9287500000000001,0.05
2552,0.87875,0.05
2553,1.13125,0.05
2554,1.13125,0.05
2555,0.9712500000000001,0.05
2556,1.3,0.05
2557,1.12375,0.05
2558,1.205,0.05
2559,0.9737500000000001,0.05
2560,1.18625,0.05
2561,0.825,0.05
2562,0.8312499999999999,0.05
2563,1.0237500000000002,0.05
2564,1.3825,0.05
2565,1.29,0.05
2566,1.1687500000000002,0.05
2567,0.9500000000000001,0.05
2568,1.0825,0.05
2569,-2.893750000000001,0.05
2570,1.44875,0.05
2571,0.91125,0.05
2572,0.91125,0.05
2573,1.44875,0.05
2574,1.13875,0.05
2575,1.31375,0.05
2576,1.0425,0.05
2577,1.2,0.05
2578,1.09375,0.05
2579,0.8962500000000001,0.05
2580,1.0525,0.05
2581,1.0075,0.05
2582,1.25875,0.05
2583,1.155,0.05
2584,0.040000000000000036,0.05
2585,0.9250000000000002,0.05
2586,0.5399999999999997,0.05
2587,1.105,0.05
2588,1.205,0.05
2589,0.9400000000000001,0.05
2590,0.7699999999999999,0.05
2591,0.96125,0.05
2592,1.4900000000000002,0.05
2593,1.13625,0.05
2594,0.78625,0.05
2595,0.5924999999999999,0.05
2596,1.29875,0.05
2597,1.2575,0.05
2598,0.8225,0.05
2599,0.7599999999999999,0.05
2600,1.2937500000000002,0.05
2601,0.9087500000000001,0.05
2602,1.0987500000000001,0.05
2603,1.375,0.05
2604,0.6837499999999999,0.05
2605,0.85625,0.05
2606,0.4624999999999997,0.05
2607,0.895,0.05
2608,0.32999999999999985,0.05
2609,1.02625,0.05
2610,0.7499999999999999,0.05
2611,0.78625,0.05
2612,1.20375,0.05
2613,1.2725,0.05
2614,0.9725000000000001,0.05
2615,0.41999999999999993,0.05
2616,0.9475000000000001,0.05
2617,1.0350000000000001,0.05
2618,0.9125000000000001,0.05
2619,1.04,0.05
2620,0.7274999999999999,0.05
2621,1.0975000000000001,0.05
2622,0.9600000000000001,0.05
2623,1.4300000000000002,0.05
2624,1.34375,0.05
2625,0.9237500000000001,0.05
2626,0.84,0.05
2627,0.97875,0.05
2628,0.9525000000000001,0.05
2629,0.9850000000000001,0.05
2630,1.11125,0.05
2631,0.87875,0.05
2632,0.9812500000000001,0.05
2633,1.00625,0.05
2634,1.3987500000000002,0.05
2635,1.28125,0.05
2636,1.36375,0.05
2637,0.9425,0.05
2638,0.9175000000000001,0.05
2639,0.7999999999999999,0.05
2640,1.4175000000000002,0.05
2641,1.245,0.05
2642,1.3625,0.05
2643,0.9337500000000001,0.05
2644,1.0875000000000001,0.05
2645,1.0575,0.05
2646,0.88625,0.05
2647,0.89375,0.05
2648,1.2962500000000001,0.05
2649,1.1775,0.05
2650,1.11625,0.05
2651,1.27875,0.05
2652,1.0550000000000002,0.05
2653,0.85875,0.05
2654,1.2637500000000002,0.05
2655,1.07875,0.05
2656,1.135,0.05
2657,1.0350000000000001,0.05
2658,1.0637500000000002,0.05
2659,1.1687500000000002,0.05
2660,0.9287500000000001,0.05
2661,1.31375,0.05
2662,1.04,0.05
2663,0.8324999999999999,0.05
2664,1.3687500000000001,0.05
2665,1.085,0.05
2666,0.8624999999999999,0.05
2667,1.06875,0.05
2668,1.39375,0.05
2669,0.8875,0.05
2670,1.04,0.05
2671,1.0025,0.05
2672,1.30875,0.05
2673,1.14375,0.05
2674,1.11125,0.05
2675,0.9650000000000002,0.05
2676,0.9812500000000002,0.05
2677,1.0950000000000002,0.05
2678,1.08125,0.05
2679,1.27625,0.05
2680,0.8900000000000001,0.05
2681,0.5749999999999997,0.05
2682,0.88125,0.05
2683,1.04,0.05
2684,0.8062499999999999,0.05
2685,1.0050000000000001,0.05
2686,1.00625,0.05
2687,0.8775000000000001,0.05
2688,0.90375,0.05
2689,1.10375,0.05
2690,0.9387500000000001,0.05
2691,1.0425,0.05
2692,0.8125,0.05
2693,0.4299999999999997,0.05
2694,-3.1825000000000006,0.05
2695,1.22625,0.05
2696,1.31875,0.05
2697,0.88,0.05
2698,0.11125000000000052,0.05
2699,1.385,0.05
2700,1.08,0.05
2701,1.02625,0.05
2702,-0.8149999999999991,0.05
2703,1.09375,0.05
2704,1.11625,0.05
2705,0.93125,0.05
2706,1.11,0.05
2707,0.5724999999999998,0.05
2708,1.1825,0.05
2709,1.0625,0.05
2710,1.09375,0.05
2711,1.0750000000000002,0.05
2712,0.78875,0.05
2713,1.1125,0.05
2714,1.425,0.05
2715,0.7124999999999999,0.05
2716,1.06125,0.05
2717,0.99,0.05
2718,-0.3249999999999995,0.05
2719,1.105,0.05
2720,1.24,0.05
2721,0.6937499999999999,0.05
2722,1.4737500000000001,0.05
2723,0.0125000000000004,0.05
2724,0.98,0.05
2725,1.04,0.05
2726,0.5312499999999997,0.05
2727,1.105,0.05
2728,0.86875,0.05
2729,1.09375,0.05
2730,1.0375,0.05
2731,0.7137499999999999,0.05
2732,0.85,0.05
2733,1.1812500000000001,0.05
2734,1.27625,0.05
2735,1.19625,0.05
2736,1.115,0.05
2737,1.115,0.05
2738,0.9950000000000001,0.05
2739,0.9650000000000001,0.05
2740,1.1725,0.05
2741,1.2112500000000002,0.05
2742,0.8800000000000001,0.05
2743,0.4887499999999997,0.05
2744,1.30875,0.05
2745,0.92,0.05
2746,0.29249999999999976,0.05
2747,1.05125,0.05
2748,0.9712500000000002,0.05
2749,1.22625,0.05
2750,1.02625,0.05
2751,1.47125,0.05
2752,0.87625,0.05
2753,1.17875,0.05
2754,1.2075,0.05
2755,1.24,0.05
2756,1.27125,0.05
2757,0.32250000000000045,0.05
2758,1.4625000000000001,0.05
2759,1.21,0.05
2760,1.1912500000000001,0.05
2761,1.2675,0.05
2762,1.1400000000000001,0.05
2763,1.01625,0.05
2764,1.145,0.05
2765,1.09,0.05
2766,0.7825,0.05
2767,1.0975000000000001,0.05
2768,1.1262500000000002,0.05
2769,1.3462500000000002,0.05
2770,0.0737500000000002,0.05
2771,0.825,0.05
2772,0.7637499999999998,0.05
2773,1.41375,0.05
2774,1.0012500000000002,0.05
2775,1.04,0.05
2776,1.28,0.05
2777,1.08,0.05
2778,-2.875000000000001,0.05
2779,1.1687500000000002,0.05
2780,1.06875,0.05
2781,0.98875,0.05
2782,0.6912499999999999,0.05
2783,1.20375,0.05
2784,1.25875,0.05
2785,1.4212500000000001,0.05
2786,1.0925,0.05
2787,1.1712500000000001,0.05
2788,0.9687500000000001,0.05
2789,1.0325000000000002,0.05
2790,0.6724999999999999,0.05
2791,1.31125,0.05
2792,0.75,0.05
2793,1.07875,0.05
2794,1.155,0.05
2795,1.0750000000000002,0.05
2796,0.7049999999999998,0.05
2797,0.7299999999999999,0.05
2798,1.2075,0.05
2799,0.9425,0.05
2800,1.0012500000000002,0.05
2801,1.11625,0.05
2802,1.22125,0.05
2803,1.0925,0.05
2804,0.96625,0.05
2805,0.96625,0.05
2806,0.8425,0.05
2807,0.74625,0.05
2808,0.9175000000000001,0.05
2809,1.05,0.05
2810,1.31375,0.05
2811,1.32125,0.05
2812,1.01875,0.05
2813,0.9875,0.05
2814,0.8125,0.05
2815,1.2725,0.05
2816,0.5724999999999999,0.05
2817,1.03375,0.05
2818,0.7675,0.05
2819,1.1625,0.05
2820,1.04,0.05
2821,0.7599999999999999,0.05
2822,1.15625,0.05
2823,1.0225,0.05
2824,1.06125,0.05
2825,1.2125000000000001,0.05
2826,1.13375,0.05
2827,1.2825000000000002,0.05
2828,0.6424999999999998,0.05
2829,1.09375,0.05
2830,1.22875,0.05
2831,0.5837499999999998,0.05
2832,1.125,0.05
2833,1.06125,0.05
2834,1.15875,0.05
2835,1.0437500000000002,0.05
2836,1.5175,0.05
2837,0.7074999999999999,0.05
2838,0.9587500000000001,0.05
2839,1.1475,0.05
2840,1.1975,0.05
2841,0.8274999999999999,0.05
2842,0.9137500000000001,0.05
2843,1.18625,0.05
2844,1.2225000000000001,0.05
2845,1.0075,0.05
2846,1.1400000000000001,0.05
2847,1.07875,0.05
2848,0.8350000000000001,0.05
2849,1.0350000000000001,0.05
2850,0.7487499999999999,0.05
2851,0.91625,0.05
2852,0.5562499999999998,0.05
2853,1.0075,0.05
2854,1.11375,0.05
2855,0.07000000000000006,0.05
2856,1.0025,0.05
2857,0.24999999999999978,0.05
2858,0.7749999999999999,0.05
2859,1.02125,0.05
2860,0.92125,0.05
2861,1.0750000000000002,0.05
2862,0.7462500000000001,0.05
2863,1.0450000000000002,0.05
2864,0.9900000000000001,0.05
2865,1.0425,0.05
2866,0.9687500000000001,0.05
2867,1.1800000000000002,0.05
2868,0.9337500000000001,0.05
2869,1.1487500000000002,0.05
2870,0.82,0.05
2871,1.2225000000000001,0.05
2872,1.32,0.05
2873,0.25624999999999987,0.05
2874,1.2775,0.05
2875,1.385,0.05
2876,0.7149999999999999,0.05
2877,1.0025,0.05
2878,1.295,0.05
2879,1.35375,0.05
2880,0.94625,0.05
2881,1.03125,0.05
2882,1.1125,0.05
2883,0.35999999999999965,0.05
2884,1.17625,0.05
2885,0.88,0.05
2886,1.1725,0.05
2887,1.0425000000000002,0.05
2888,1.0350000000000001,0.05
2889,1.1475,0.05
2890,0.9700000000000001,0.05
2891,0.9600000000000001,0.05
2892,0.8575,0.05
2893,1.2337500000000001,0.05
2894,1.185,0.05
2895,1.0375,0.05
2896,0.7075,0.05
2897,1.31375,0.05
2898,1.07125,0.05
2899,0.915,0.05
2900,0.8675,0.05
2901,0.9975,0.05
2902,1.3800000000000001,0.05
2903,1.13625,0.05
2904,1.28125,0.05
2905,1.1625,0.05
2906,0.6287499999999998,0.05
2907,0.7925,0.05
2908,1.0575,0.05
2909,1.2337500000000001,0.05
2910,1.2425000000000002,0.05
2911,0.4099999999999997,0.05
2912,0.9950000000000001,0.05
2913,0.78875,0.05
2914,1.0525,0.05
2915,0.9700000000000001,0.05
2916,1.0650000000000002,0.05
2917,1.36375,0.05
2918,1.19875,0.05
2919,0.7487499999999999,0.05
2920,0.34124999999999983,0.05
2921,1.335,0.05
2922,0.93,0.05
2923,0.80625,0.05
2924,0.99,0.05
2925,1.0225,0.05
2926,-2.983750000000001,0.05
2927,0.82375,0.05
2928,1.1687500000000002,0.05
2929,1.3175000000000001,0.05
2930,0.8962500000000001,0.05
2931,1.15875,0.05
2932,0.78125,0.05
2933,0.12125000000000008,0.05
2934,1.1475000000000002,0.05
2935,1.1675,0.05
2936,1.2225000000000001,0.05
2937,1.09375,0.05
2938,1.1125,0.05
2939,1.1687500000000002,0.05
2940,0.8075000000000001,0.05
2941,1.0750000000000002,0.05
2942,1.51375,0.05
2943,1.32125,0.05
2944,0.9850000000000001,0.05
2945,0.5174999999999997,0.05
2946,1.1925000000000001,0.05
2947,0.8975000000000001,0.05
2948,1.4900000000000002,0.05
2949,1.20875,0.05
2950,0.7525,0.05
2951,1.0050000000000001,0.05
2952,0.8775000000000001,0.05
2953,1.0275,0.05
2954,1.00625,0.05
2955,0.8775000000000001,0.05
2956,1.245,0.05
2957,1.22625,0.05
2958,1.0987500000000001,0.05
2959,0.9537500000000001,0.05
2960,1.13375,0.05
2961,0.695,0.05
2962,1.135,0.05
2963,0.9712500000000001,0.05
2964,1.24125,0.05
2965,1.235,0.05
2966,0.6287499999999998,0.05
2967,0.7199999999999999,0.05
2968,0.82375,0.05
2969,1.2425000000000002,0.05
2970,1.085,0.05
2971,1.1125,0.05
2972,1.0925,0.05
2973,0.90625,0.05
2974,1.07625,0.05
2975,0.9337500000000001,0.05
2976,1.0250000000000001,0.05
2977,1.0225,0.05
2978,1.155,0.05
2979,1.1625,0.05
2980,1.07625,0.05
2981,0.9700000000000001,0.05
2982,1.07125,0.05
2983,0.5862499999999997,0.05
2984,0.7675,0.05
2985,1.50875,0.05
2986,1.5175,0.05
2987,1.0012500000000002,0.05
2988,1.205,0.05
2989,1.00625,0.05
2990,0.5899999999999997,0.05
2991,1.09375,0.05
2992,0.5487499999999997,0.05
2993,0.8962500000000001,0.05
2994,1.0825,0.05
2995,1.30875,0.05
2996,1.0925,0.05
2997,0.785,0.05
2998,1.3262500000000002,0.05
2999,1.0925,0.05
3000,1.2200000000000002,0.05
3001,0.89375,0.05
3002,1.0975000000000001,0.05
3003,0.9087500000000001,0.05
3004,1.0425,0.05
3005,1.1600000000000001,0.05
3006,1.33125,0.05
3007,0.6162499999999999,0.05
3008,1.1712500000000001,0.05
3009,1.3362500000000002,0.05
3010,0.8875,0.05
3011,1.13125,0.05
3012,1.005,0.05
3013,1.3,0.05
3014,0.9637500000000001,0.05
3015,0.2912499999999998,0.05
3016,0.82375,0.05
3017,0.83,0.05
3018,0.4762499999999996,0.05
3019,1.215,0.05
3020,1.38625,0.05
3021,0.4412499999999997,0.05
3022,1.22125,0.05
3023,1.0250000000000001,0.05
3024,1.0875000000000001,0.05
3025,1.3275000000000001,0.05
3026,1.1300000000000001,0.05
3027,0.845,0.05
3028,0.855,0.05
3029,1.22625,0.05
3030,0.7,0.05
3031,1.43875,0.05
3032,-3.11125,0.05
3033,1.04,0.05
3034,1.05,0.05
3035,0.7712499999999999,0.05
3036,1.0150000000000001,0.05
3037,0.9712500000000001,0.05
3038,1.20375,0.05
3039,1.1087500000000001,0.05
3040,1.2237500000000001,0.05
3041,1.08,0.05
3042,0.78125,0.05
3043,0.7512499999999999,0.05
3044,1.3,0.05
3045,0.6174999999999998,0.05
3046,1.27625,0.05
3047,1.2675,0.05
3048,0.88125,0.05
3049,1.0975000000000001,0.05
3050,1.09,0.05
3051,0.895,0.05
3052,1.3075,0.05
3053,-0.08374999999999977,0.05
3054,0.7349999999999999,0.05
3055,1.3725,0.05
3056,1.2175,0.05
3057,1.1875,0.05
3058,1.22875,0.05
3059,1.41875,0.05
3060,1.21875,0.05
3061,0.85625,0.05
3062,1.0,0.05
3063,1.1,0.05
3064,0.9575000000000001,0.05
3065,-2.8487499999999994,0.05
3066,1.34375,0.05
3067,0.34999999999999964,0.05
3068,0.6474999999999999,0.05
3069,1.12,0.05
3070,1.08,0.05
3071,0.935,0.05
3072,1.23625,0.05
3073,0.895,0.05
3074,0.4512499999999997,0.05
3075,0.9837500000000001,0.05
3076,1.3775000000000002,0.05
3077,0.9500000000000001,0.05
3078,1.185,0.05
3079,1.4937500000000001,0.05
3080,0.7737499999999999,0.05
3081,1.3025,0.05
3082,1.2525,0.05
3083,1.2212500000000002,0.05
3084,1.06,0.05
3085,1.04,0.05
3086,0.825,0.05
3087,1.22875,0.05
3088,1.08125,0.05
3089,1.2475,0.05
3090,1.215,0.05
3091,0.84875,0.05
3092,0.48499999999999965,0.05
3093,1.0437500000000002,0.05
3094,0.9712500000000002,0.05
3095,1.3037500000000002,0.05
3096,0.91125,0.05
3097,1.39375,0.05
3098,1.08125,0.05
3099,1.1612500000000001,0.05
3100,1.045,0.05
3101,1.28875,0.05
3102,0.9700000000000001,0.05
3103,0.9900000000000001,0.05
3104,0.915,0.05
3105,1.0562500000000001,0.05
3106,1.3887500000000002,0.05
3107,0.9850000000000001,0.05
3108,0.87875,0.05
3109,0.9975,0.05
3110,1.0950000000000002,0.05
3111,0.4524999999999997,0.05
3112,0.6312499999999999,0.05
3113,0.925,0.05
3114,0.9700000000000001,0.05
3115,1.00625,0.05
3116,0.96625,0.05
3117,1.00875,0.05
3118,1.2925,0.05
3119,0.8775000000000001,0.05
3120,0.875,0.05
3121,1.135,0.05
3122,1.25875,0.05
3123,-2.8675000000000006,0.05
3124,1.19375,0.05
3125,0.88,0.05
3126,1.295,0.05
3127,0.88,0.05
3128,1.0137500000000002,0.05
3129,0.78875,0.05
3130,1.3137500000000002,0.05
3131,1.3275000000000001,0.05
3132,0.6612499999999999,0.05
3133,0.38249999999999984,0.05
3134,1.295,0.05
3135,1.0025,0.05
3136,1.15375,0.05
3137,0.78875,0.05
3138,1.08,0.05
3139,0.93,0.05
3140,1.11,0.05
3141,1.05125,0.05
3142,0.9225000000000001,0.05
3143,1.2225000000000001,0.05
3144,0.38249999999999984,0.05
3145,1.15375,0.05
3146,0.9775,0.05
3147,0.7499999999999999,0.05
3148,1.2275,0.05
3149,1.1725,0.05
3150,0.8562500000000001,0.05
3151,1.19,0.05
3152,1.4875,0.05
3153,0.74625,0.05
3154,0.69625,0.05
3155,1.22875,0.05
3156,1.115,0.05
3157,0.8975000000000001,0.05
3158,1.07625,0.05
3159,1.1800000000000002,0.05
3160,1.24125,0.05
3161,0.8225,0.05
3162,1.165,0.05
3163,0.9237500000000001,0.05
3164,0.82,0.05
3165,0.9900000000000001,0.05
3166,1.01875,0.05
3167,1.0987500000000001,0.05
3168,1.0975000000000001,0.05
3169,1.2937500000000002,0.05
3170,0.86125,0.05
3171,1.22625,0.05
3172,1.39375,0.05
3173,0.8662500000000001,0.05
3174,0.8475000000000001,0.05
3175,1.3987500000000002,0.05
3176,1.185,0.05
3177,0.30999999999999983,0.05
3178,1.1175000000000002,0.05
3179,1.1300000000000001,0.05
3180,1.07375,0.05
3181,1.0462500000000001,0.05
3182,1.0212500000000002,0.05
3183,0.9337500000000001,0.05
3184,0.13874999999999993,0.05
3185,1.0975000000000001,0.05
3186,1.45375,0.05
3187,1.1925000000000001,0.05
3188,1.3725,0.05
3189,1.13375,0.05
3190,1.11625,0.05
3191,1.2750000000000001,0.05
3192,1.3275000000000001,0.05
3193,1.2200000000000002,0.05
3194,1.2862500000000001,0.05
3195,0.8425,0.05
3196,0.15000000000000036,0.05
3197,1.1300000000000001,0.05
3198,1.3675000000000002,0.05
3199,1.1975,0.05
3200,1.15375,0.05
3201,1.13625,0.05
3202,1.0,0.05
3203,1.0350000000000001,0.05
3204,1.1675,0.05
3205,1.2337500000000001,0.05
3206,1.0562500000000001,0.05
3207,1.3125,0.05
3208,1.245,0.05
3209,1.315,0.05
3210,1.0987500000000001,0.05
3211,1.39375,0.05
3212,0.4399999999999997,0.05
3213,0.9400000000000001,0.05
3214,1.03375,0.05
3215,1.4725000000000001,0.05
3216,1.18625,0.05
3217,1.1287500000000001,0.05
3218,1.0450000000000002,0.05
3219,1.02,0.05
3220,0.895,0.05
3221,0.555,0.05
3222,0.7849999999999999,0.05
3223,1.4175000000000002,0.05
3224,1.05,0.05
3225,0.88,0.05
3226,0.7962499999999999,0.05
3227,1.37,0.05
3228,0.29874999999999985,0.05
3229,1.3075,0.05
3230,0.7799999999999999,0.05
3231,0.8925000000000001,0.05
3232,0.84875,0.05
3233,0.36499999999999977,0.05
3234,1.3050000000000002,0.05
3235,1.0250000000000001,0.05
3236,1.39125,0.05
3237,0.05375000000000041,0.05
3238,0.78,0.05
3239,1.03875,0.05
3240,0.91125,0.05
3241,1.0750000000000002,0.05
3242,0.9712500000000001,0.05
3243,0.8725,0.05
3244,0.6537499999999998,0.05
3245,1.18125,0.05
3246,0.9525000000000001,0.05
3247,1.1675,0.05
3248,0.9475,0.05
3249,0.82625,0.05
3250,-2.900000000000001,0.05
3251,0.8225,0.05
3252,1.1500000000000001,0.05
3253,1.30875,0.05
3254,1.0925,0.05
3255,0.6387500000000003,0.05
3256,1.0012500000000002,0.05
3257,0.74625,0.05
3258,1.135,0.05
3259,0.9975,0.05
3260,1.3325,0.05
3261,1.27,0.05
3262,1.3587500000000001,0.05
3263,0.88125,0.05
3264,1.23875,0.05
3265,0.9900000000000001,0.05
3266,0.87875,0.05
3267,0.8200000000000001,0.05
3268,1.4937500000000001,0.05
3269,0.8275,0.05
3270,1.2550000000000001,0.05
3271,0.9337500000000001,0.05
3272,0.9500000000000001,0.05
3273,1.06875,0.05
3274,0.9525000000000001,0.05
3275,0.9950000000000001,0.05
3276,1.0875000000000001,0.05
3277,1.4225,0.05
3278,1.1975,0.05
3279,1.24,0.05
3280,0.9837500000000001,0.05
3281,1.03375,0.05
3282,1.1487500000000002,0.05
3283,0.91625,0.05
3284,1.4200000000000002,0.05
3285,1.18375,0.05
3286,1.5175,0.05
3287,0.9612500000000002,0.05
3288,1.1775,0.05
3289,1.2025000000000001,0.05
3290,1.0562500000000001,0.05
3291,1.15875,0.05
3292,1.1525,0.05
3293,1.3675000000000002,0.05
3294,1.23125,0.05
3295,1.1,0.05
3296,1.0550000000000002,0.05
3297,1.3137500000000002,0.05
3298,1.495,0.05
3299,1.375,0.05
3300,1.07875,0.05
3301,1.1125,0.05
3302,1.18625,0.05
3303,1.01,0.05
3304,1.3,0.05
3305,0.9087500000000001,0.05
3306,0.9487500000000001,0.05
3307,1.28,0.05
3308,1.2437500000000001,0.05
3309,1.0462500000000001,0.05
3310,1.0975000000000001,0.05
3311,1.185,0.05
3312,1.2225000000000001,0.05
3313,0.1237499999999998,0.05
3314,1.18625,0.05
3315,0.97875,0.05
3316,1.25625,0.05
3317,0.20875,0.05
3318,0.6049999999999999,0.05
3319,0.9850000000000001,0.05
3320,1.30375,0.05
3321,0.9512500000000002,0.05
3322,1.00625,0.05
3323,1.1600000000000001,0.05
3324,1.19875,0.05
3325,1.18625,0.05
3326,1.0925,0.05
3327,1.0,0.05
3328,1.3250000000000002,0.05
3329,0.6387499999999998,0.05
3330,0.935,0.05
3331,1.0575,0.05
3332,0.8350000000000001,0.05
3333,1.07125,0.05
3334,1.2962500000000001,0.05
3335,1.0625,0.05
3336,0.93,0.05
3337,1.0237500000000002,0.05
3338,1.4412500000000001,0.05
3339,1.1175000000000002,0.05
3340,1.29875,0.05
3341,1.0275,0.05
3342,1.03875,0.05
3343,1.2400000000000002,0.05
3344,0.8900000000000001,0.05
3345,1.0662500000000001,0.05
3346,1.29,0.05
3347,1.1,0.05
3348,1.2937500000000002,0.05
3349,1.3137500000000002,0.05
3350,0.9762500000000001,0.05
3351,1.02125,0.05
3352,0.9950000000000001,0.05
3353,1.2575,0.05
3354,1.4675,0.05
3355,1.23875,0.05
3356,1.0750000000000002,0.05
3357,1.2175,0.05
3358,0.98,0.05
3359,0.9175000000000001,0.05
3360,1.1125,0.05
3361,1.04125,0.05
3362,1.3725,0.05
3363,0.87875,0.05
3364,1.0575,0.05
3365,1.19875,0.05
3366,1.32,0.05
3367,0.9900000000000001,0.05
3368,1.07875,0.05
3369,0.84875,0.05
3370,0.8912500000000001,0.05
3371,1.19375,0.05
3372,1.33875,0.05
3373,1.12375,0.05
3374,-2.6675,0.05
3375,0.8725,0.05
3376,0.8225,0.05
3377,0.9287500000000001,0.05
3378,1.2775,0.05
3379,0.9525000000000001,0.05
3380,0.99,0.05
3381,1.0550000000000002,0.05
3382,1.165,0.05
3383,1.0525,0.05
3384,1.145,0.05
3385,0.5499999999999997,0.05
3386,1.1500000000000001,0.05
3387,1.215,0.05
3388,1.3875,0.05
3389,1.0,0.05
3390,0.2549999999999999,0.05
3391,0.8612500000000001,0.05
3392,-1.1187500000000008,0.05
3393,1.1300000000000001,0.05
3394,1.13125,0.05
3395,1.1175000000000002,0.05
3396,0.92125,0.05
3397,1.2862500000000001,0.05
3398,1.4900000000000002,0.05
3399,1.0,0.05
3400,1.5,0.05
3401,0.5112499999999998,0.05
3402,1.3,0.05
3403,-0.7462499999999992,0.05
3404,1.4675,0.05
3405,1.2,0.05
3406,1.12625,0.05
3407,1.0825,0.05
3408,0.98875,0.05
3409,1.3025,0.05
3410,1.08125,0.05
3411,1.1800000000000002,0.05
3412,0.77,0.05
3413,0.845,0.05
3414,1.0750000000000002,0.05
3415,0.935,0.05
3416,1.0250000000000001,0.05
3417,1.45,0.05
3418,-0.17124999999999968,0.05
3419,1.2000000000000002,0.05
3420,0.9287500000000001,0.05
3421,1.2200000000000002,0.05
3422,1.3325,0.05
3423,1.13125,0.05
3424,1.0250000000000001,0.05
3425,0.5974999999999998,0.05
3426,0.36499999999999977,0.05
3427,1.245,0.05
3428,1.04,0.05
3429,1.07125,0.05
3430,1.1187500000000001,0.05
3431,1.0050000000000001,0.05
3432,0.80625,0.05
3433,0.7575,0.05
3434,1.08,0.05
3435,1.39375,0.05
3436,1.23125,0.05
3437,0.9337500000000001,0.05
3438,0.7149999999999999,0.05
3439,1.25,0.05
3440,0.9537500000000001,0.05
3441,1.0450000000000002,0.05
3442,1.12375,0.05
3443,1.02125,0.05
3444,1.09,0.05
3445,0.725,0.05
3446,0.8975000000000001,0.05
3447,1.2637500000000002,0.05
3448,1.0975000000000001,0.05
3449,1.24125,0.05
3450,1.1487500000000002,0.05
3451,0.9475,0.05
3452,1.07625,0.05
3453,-2.8737500000000007,0.05
3454,1.0150000000000001,0.05
3455,1.3250000000000002,0.05
3456,1.3575000000000002,0.05
3457,1.28,0.05
3458,0.9650000000000001,0.05
3459,1.05125,0.05
3460,-3.0062500000000014,0.05
3461,1.245,0.05
3462,1.3825,0.05
3463,0.9712500000000001,0.05
3464,1.0425,0.05
3465,0.85375,0.05
3466,0.96125,0.05
3467,1.24,0.05
3468,1.3137500000000002,0.05
3469,0.875,0.05
3470,1.17875,0.05
3471,1.4400000000000002,0.05
3472,1.10125,0.05
3473,1.21625,0.05
3474,0.84,0.05
3475,0.8912500000000001,0.05
3476,1.045,0.05
3477,1.1525,0.05
3478,1.17875,0.05
3479,1.1,0.05
3480,1.0975000000000001,0.05
3481,1.21625,0.05
3482,1.05125,0.05
3483,1.34,0.05
3484,1.155,0.05
3485,1.18625,0.05
3486,1.0275,0.05
3487,1.38625,0.05
3488,1.08875,0.05
3489,0.3674999999999997,0.05
3490,0.93,0.05
3491,1.3625,0.05
3492,0.87375,0.05
3493,1.1475,0.05
3494,1.2075,0.05
3495,0.91125,0.05
3496,0.8425,0.05
3497,1.1300000000000001,0.05
3498,0.8975000000000001,0.05
3499,0.9850000000000001,0.05
3500,1.1075000000000002,0.05
3501,0.915,0.05
3502,1.0525000000000002,0.05
3503,1.245,0.05
3504,1.34375,0.05
3505,1.2075,0.05
3506,1.37125,0.05
3507,0.9712500000000001,0.05
3508,0.8775000000000001,0.05
3509,0.9837500000000001,0.05
3510,1.1175000000000002,0.05
3511,1.3625,0.05
3512,1.4225,0.05
3513,1.12375,0.05
3514,1.0987500000000001,0.05
3515,0.95125,0.05
3516,1.3075,0.05
3517,0.8775000000000001,0.05
3518,0.935,0.05
3519,1.24625,0.05
3520,1.25875,0.05
3521,1.2225000000000001,0.05
3522,0.9650000000000001,0.05
3523,0.815,0.05
3524,0.6387499999999998,0.05
3525,0.8900000000000001,0.05
3526,1.155,0.05
3527,0.9875,0.05
3528,1.0050000000000001,0.05
3529,0.5699999999999997,0.05
3530,1.03,0.05
3531,1.2087500000000002,0.05
3532,1.13625,0.05
3533,1.3625,0.05
3534,0.96125,0.05
3535,1.4125,0.05
3536,1.1475,0.05
3537,1.27625,0.05
3538,1.0250000000000001,0.05
3539,0.44499999999999984,0.05
3540,1.09,0.05
3541,1.01,0.05
3542,0.86125,0.05
3543,1.0425,0.05
3544,1.04,0.05
3545,1.2637500000000002,0.05
3546,0.07750000000000035,0.05
3547,1.26875,0.05
3548,1.18625,0.05
3549,1.06125,0.05
3550,1.4912500000000002,0.05
3551,1.155,0.05
3552,1.25,0.05
3553,0.48499999999999965,0.05
3554,0.94125,0.05
3555,0.9650000000000001,0.05
3556,1.0325000000000002,0.05
3557,-0.15124999999999966,0.05
3558,1.215,0.05
3559,1.1075,0.05
3560,1.0575,0.05
3561,0.8099999999999999,0.05
3562,0.93,0.05
3563,-0.6062499999999995,0.05
3564,1.23625,0.05
3565,-2.7562499999999996,0.05
3566,0.9487500000000001,0.05
3567,1.14125,0.05
3568,1.31875,0.05
3569,1.3362500000000002,0.05
3570,1.1487500000000002,0.05
3571,1.185,0.05
3572,1.2575,0.05
3573,1.1675,0.05
3574,0.8875,0.05
3575,1.23625,0.05
3576,1.18375,0.05
3577,1.09375,0.05
3578,1.0250000000000001,0.05
3579,1.3675000000000002,0.05
3580,1.0437500000000002,0.05
3581,0.9687500000000001,0.05
3582,1.13625,0.05
3583,1.1462500000000002,0.05
3584,1.495,0.05
3585,0.88,0.05
3586,1.12625,0.05
3587,0.9475,0.05
3588,1.0575,0.05
3589,0.9712500000000001,0.05
3590,1.115,0.05
3591,1.0525,0.05
3592,0.9525000000000001,0.05
3593,0.8925000000000001,0.05
3594,1.1675,0.05
3595,1.1175000000000002,0.05
3596,1.45,0.05
3597,0.6649999999999998,0.05
3598,1.0075,0.05
3599,1.0975000000000001,0.05
3600,0.8600000000000001,0.05
3601,1.25875,0.05
3602,0.8925000000000001,0.05
3603,1.0437500000000002,0.05
3604,1.17875,0.05
3605,1.2537500000000001,0.05
3606,1.3325,0.05
3607,1.22875,0.05
3608,0.97875,0.05
3609,1.065,0.05
3610,1.0550000000000002,0.05
3611,0.85,0.05
3612,1.1625,0.05
3613,1.25875,0.05
3614,0.9087500000000001,0.05
3615,1.1,0.05
3616,1.10125,0.05
3617,1.1487500000000002,0.05
3618,1.15,0.05
3619,1.155,0.05
3620,1.37,0.05
3621,1.1,0.05
3622,1.32,0.05
3623,0.6599999999999998,0.05
3624,1.2275,0.05
3625,1.15375,0.05
3626,0.98,0.05
3627,1.2575,0.05
3628,1.0137500000000002,0.05
3629,0.8962500000000001,0.05
3630,1.375,0.05
3631,0.94625,0.05
3632,1.3487500000000001,0.05
3633,1.08125,0.05
3634,1.20875,0.05
3635,1.2775,0.05
3636,1.14375,0.05
3637,1.20375,0.05
3638,1.2075,0.05
3639,0.8624999999999999,0.05
3640,0.7487499999999999,0.05
3641,0.885,0.05
3642,1.22125,0.05
3643,0.9637500000000001,0.05
3644,1.17875,0.05
3645,1.18125,0.05
3646,1.08125,0.05
3647,1.1612500000000001,0.05
3648,0.7449999999999999,0.05
3649,1.3225,0.05
3650,1.01875,0.05
3651,1.1375000000000002,0.05
3652,0.885,0.05
3653,1.0025,0.05
3654,1.22125,0.05
3655,1.1912500000000001,0.05
3656,1.1912500000000001,0.05
3657,1.40375,0.05
3658,1.2750000000000001,0.05
3659,1.1925000000000001,0.05
3660,1.2275,0.05
3661,1.1925000000000001,0.05
3662,1.07375,0.05
3663,1.32125,0.05
3664,1.245,0.05
3665,1.28875,0.05
3666,1.155,0.05
3667,0.2274999999999998,0.05
3668,1.44875,0.05
3669,1.2575,0.05
3670,0.96625,0.05
3671,1.07875,0.05
3672,1.2225000000000001,0.05
3673,1.0050000000000001,0.05
3674,1.3362500000000002,0.05
3675,0.5549999999999997,0.05
3676,1.4187500000000002,0.05
3677,1.21,0.05
3678,1.3525,0.05
3679,0.9537500000000001,0.05
3680,0.88,0.05
3681,1.475,0.05
3682,1.3362500000000002,0.05
3683,1.1300000000000001,0.05
3684,0.6887499999999999,0.05
3685,0.2799999999999998,0.05
3686,1.18125,0.05
3687,1.395,0.05
3688,1.0862500000000002,0.05
3689,0.9800000000000001,0.05
3690,1.05875,0.05
3691,1.02125,0.05
3692,0.4162499999999998,0.05
3693,1.23,0.05
3694,1.2000000000000002,0.05
3695,1.205,0.05
3696,1.43875,0.05
3697,0.93,0.05
3698,0.8962500000000001,0.05
3699,0.9687500000000001,0.05
3700,1.26,0.05
3701,1.07625,0.05
3702,1.11625,0.05
3703,1.2650000000000001,0.05
3704,0.6662499999999999,0.05
3705,1.32,0.05
3706,1.2425000000000002,0.05
3707,1.34125,0.05
3708,1.11625,0.05
3709,1.33,0.05
3710,1.09375,0.05
3711,1.31875,0.05
3712,1.3175000000000001,0.05
3713,0.7637499999999999,0.05
3714,0.6487499999999998,0.05
3715,0.4524999999999997,0.05
3716,1.2737500000000002,0.05
3717,0.20125000000000015,0.05
3718,-2.968750000000001,0.05
3719,0.7462499999999999,0.05
3720,0.875,0.05
3721,1.4775,0.05
3722,0.76625,0.05
3723,1.30875,0.05
3724,1.06,0.05
3725,1.27,0.05
3726,0.9112500000000001,0.05
3727,0.885,0.05
3728,0.2699999999999998,0.05
3729,1.1125,0.05
3730,1.3175000000000001,0.05
3731,1.2750000000000001,0.05
3732,1.3250000000000002,0.05
3733,1.455,0.05
3734,1.19375,0.05
3735,1.08125,0.05
3736,1.4312500000000001,0.05
3737,1.165,0.05
3738,0.3424999999999998,0.05
3739,1.0012500000000002,0.05
3740,1.155,0.05
3741,1.2962500000000001,0.05
3742,1.2750000000000001,0.05
3743,0.9500000000000001,0.05
3744,1.1612500000000001,0.05
3745,0.935,0.05
3746,0.905,0.05
3747,1.24,0.05
3748,1.065,0.05
3749,1.2975,0.05
3750,1.1075000000000002,0.05
3751,1.00625,0.05
3752,1.08125,0.05
3753,1.0237500000000002,0.05
3754,1.05,0.05
3755,1.2112500000000002,0.05
3756,1.15375,0.05
3757,0.71,0.05
3758,1.5274999999999999,0.05
3759,1.06,0.05
3760,1.1300000000000001,0.05
3761,1.06125,0.05
3762,1.1725,0.05
3763,1.06,0.05
3764,0.88,0.05
3765,1.23,0.05
3766,1.2025000000000001,0.05
3767,1.09375,0.05
3768,1.385,0.05
3769,1.1125,0.05
3770,1.0950000000000002,0.05
3771,1.2212500000000002,0.05
3772,0.88125,0.05
3773,-0.2499999999999991,0.05
3774,0.85625,0.05
3775,0.9025000000000001,0.05
3776,1.27875,0.05
3777,1.19875,0.05
3778,1.2087500000000002,0.05
3779,1.15625,0.05
3780,0.7499999999999999,0.05
3781,1.13625,0.05
3782,0.9762500000000001,0.05
3783,1.06,0.05
3784,1.00625,0.05
3785,1.0612500000000002,0.05
3786,1.205,0.05
3787,0.7049999999999998,0.05
3788,1.10125,0.05
3789,-3.1337500000000014,0.05
3790,1.245,0.05
3791,0.21999999999999997,0.05
3792,1.37125,0.05
3793,1.07875,0.05
3794,0.85,0.05
3795,1.1075000000000002,0.05
3796,1.21625,0.05
3797,0.8737500000000001,0.05
3798,1.15125,0.05
3799,1.145,0.05
3800,1.1175000000000002,0.05
3801,1.35375,0.05
3802,1.225,0.05
3803,0.825,0.05
3804,1.16625,0.05
3805,0.9900000000000001,0.05
3806,1.0350000000000001,0.05
3807,1.13625,0.05
3808,1.28375,0.05
3809,0.9500000000000001,0.05
3810,1.0112500000000002,0.05
3811,0.9500000000000001,0.05
3812,1.2575,0.05
3813,1.0562500000000001,0.05
3814,1.21375,0.05
3815,0.6849999999999998,0.05
3816,1.1175000000000002,0.05
3817,1.36375,0.05
3818,0.91,0.05
3819,1.1725,0.05
3820,1.3175000000000001,0.05
3821,1.07625,0.05
3822,1.09,0.05
3823,1.45375,0.05
3824,1.215,0.05
3825,1.1175000000000002,0.05
3826,1.18625,0.05
3827,1.21375,0.05
3828,1.27625,0.05
3829,1.1300000000000001,0.05
3830,1.14375,0.05
3831,1.185,0.05
3832,0.9850000000000001,0.05
3833,0.9650000000000001,0.05
3834,0.5649999999999997,0.05
3835,1.0987500000000001,0.05
3836,1.205,0.05
3837,0.5424999999999998,0.05
3838,1.08125,0.05
3839,1.0562500000000001,0.05
3840,0.5949999999999998,0.05
3841,1.0037500000000001,0.05
3842,0.34750000000000036,0.05
3843,1.0025,0.05
3844,1.0950000000000002,0.05
3845,1.2175,0.05
3846,1.28875,0.05
3847,1.36,0.05
3848,1.1575,0.05
3849,0.86125,0.05
3850,1.43625,0.05
3851,1.25875,0.05
3852,1.125,0.05
3853,1.1175000000000002,0.05
3854,1.1675,0.05
3855,1.13375,0.05
3856,1.00875,0.05
3857,1.0925,0.05
3858,1.28125,0.05
3859,1.18375,0.05
3860,0.14250000000000052,0.05
3861,1.0625,0.05
3862,0.9600000000000001,0.05
3863,1.29125,0.05
3864,1.4025,0.05
3865,1.33,0.05
3866,0.9537500000000001,0.05
3867,1.35,0.05
3868,1.26375,0.05
3869,1.2550000000000001,0.05
3870,1.11125,0.05
3871,1.2175,0.05
3872,1.235,0.05
3873,1.0562500000000001,0.05
3874,1.09375,0.05
3875,1.5274999999999999,0.05
3876,0.9162500000000001,0.05
3877,0.7875,0.05
3878,0.46375,0.05
3879,1.065,0.05
3880,-0.15999999999999948,0.05
3881,0.66125,0.05
3882,1.13375,0.05
3883,1.0550000000000002,0.05
3884,1.36375,0.05
3885,1.1487500000000002,0.05
3886,0.5324999999999999,0.05
3887,1.4225,0.05
3888,0.9525000000000001,0.05
3889,1.0025,0.05
3890,1.07875,0.05
3891,-0.0812499999999996,0.05
3892,1.02625,0.05
3893,1.4725000000000001,0.05
3894,0.83625,0.05
3895,0.8049999999999999,0.05
3896,1.1525,0.05
3897,1.1,0.05
3898,1.0575,0.05
3899,1.05875,0.05
3900,1.13625,0.05
3901,0.86125,0.05
3902,1.2737500000000002,0.05
3903,1.0150000000000001,0.05
3904,1.43625,0.05
3905,0.9325000000000001,0.05
3906,1.51375,0.05
3907,-2.7375,0.05
3908,1.11125,0.05
3909,1.3,0.05
3910,1.05875,0.05
3911,1.1525,0.05
3912,0.84875,0.05
3913,1.3250000000000002,0.05
3914,0.9700000000000001,0.05
3915,0.7399999999999999,0.05
3916,0.97875,0.05
3917,1.3275000000000001,0.05
3918,0.96625,0.05
3919,0.6587499999999998,0.05
3920,1.0925,0.05
3921,0.8725,0.05
3922,1.0250000000000001,0.05
3923,1.1525,0.05
3924,1.06125,0.05
3925,1.0950000000000002,0.05
3926,0.5924999999999998,0.05
3927,1.31,0.05
3928,0.2837499999999997,0.05
3929,0.93625,0.05
3930,1.1525,0.05
3931,1.18625,0.05
3932,1.44375,0.05
3933,0.87,0.05
3934,1.3887500000000002,0.05
3935,0.9962500000000001,0.05
3936,1.03875,0.05
3937,1.0575,0.05
3938,1.06125,0.05
3939,1.5225000000000002,0.05
3940,1.3900000000000001,0.05
3941,1.1662500000000002,0.05
3942,0.9875,0.05
3943,1.07375,0.05
3944,0.7212499999999998,0.05
3945,0.9337500000000001,0.05
3946,0.935,0.05
3947,0.8175,0.05
3948,1.3900000000000001,0.05
3949,1.05125,0.05
3950,0.875,0.05
3951,1.1300000000000001,0.05
3952,1.4625000000000001,0.05
3953,1.245,0.05
3954,1.45375,0.05
3955,1.20875,0.05
3956,1.14375,0.05
3957,1.2125000000000001,0.05
3958,0.7462500000000001,0.05
3959,1.13625,0.05
3960,0.8912500000000001,0.05
3961,1.2962500000000001,0.05
3962,1.16625,0.05
3963,1.0950000000000002,0.05
3964,0.6212499999999999,0.05
3965,1.185,0.05
3966,0.695,0.05
3967,1.3462500000000002,0.05
3968,-0.02124999999999977,0.05
3969,0.98875,0.05
3970,1.1687500000000002,0.05
3971,1.1675,0.05
3972,1.1,0.05
3973,0.24624999999999964,0.05
3974,1.45375,0.05
3975,1.09375,0.05
3976,0.9700000000000001,0.05
3977,0.99125,0.05
3978,1.1675,0.05
3979,1.1475,0.05
3980,1.23875,0.05
3981,1.0625,0.05
3982,0.8187500000000001,0.05
3983,0.98875,0.05
3984,1.11125,0.05
3985,0.7062499999999999,0.05
3986,0.6549999999999999,0.05
3987,1.33375,0.05
3988,1.12375,0.05
3989,1.1887500000000002,0.05
3990,0.9837500000000001,0.05
3991,1.1725,0.05
3992,1.2225000000000001,0.05
3993,1.25,0.05
3994,1.31875,0.05
3995,1.0825,0.05
3996,1.20375,0.05
3997,1.45375,0.05
3998,0.8325,0.05
3999,0.835,0.05
4000,-2.875,0.05
4001,1.0237500000000002,0.05
4002,1.02125,0.05
4003,0.9700000000000001,0.05
4004,1.13625,0.05
4005,1.09375,0.05
4006,0.9562500000000002,0.05
4007,1.11625,0.05
4008,0.82375,0.05
4009,1.39125,0.05
4010,1.01125,0.05
4011,-3.718750000000002,0.05
4012,1.0437500000000002,0.05
4013,1.485,0.05
4014,1.385,0.05
4015,1.09375,0.05
4016,1.1600000000000001,0.05
4017,1.13625,0.05
4018,1.25875,0.05
4019,1.29875,0.05
4020,1.205,0.05
4021,1.25875,0.05
4022,1.17875,0.05
4023,1.0075,0.05
4024,1.21,0.05
4025,-2.817500000000001,0.05
4026,1.20375,0.05
4027,0.9587500000000001,0.05
4028,1.3137500000000002,0.05
4029,0.8925000000000001,0.05
4030,1.1600000000000001,0.05
4031,1.185,0.05
4032,0.93,0.05
4033,1.105,0.05
4034,1.095,0.05
4035,0.85,0.05
4036,0.9837500000000001,0.05
4037,1.2750000000000001,0.05
4038,1.1975,0.05
4039,0.81875,0.05
4040,0.9287500000000001,0.05
4041,1.11,0.05
4042,1.0025,0.05
4043,1.18375,0.05
4044,1.24,0.05
4045,1.08,0.05
4046,1.44375,0.05
4047,1.115,0.05
4048,0.9650000000000001,0.05
4049,1.15375,0.05
4050,1.31375,0.05
4051,1.49,0.05
4052,1.0212500000000002,0.05
4053,1.0987500000000001,0.05
4054,0.93,0.05
4055,1.2087500000000002,0.05
4056,0.87875,0.05
4057,0.7649999999999999,0.05
4058,0.7699999999999999,0.05
4059,0.5475,0.05
4060,0.8550000000000001,0.05
4061,0.4474999999999997,0.05
4062,1.185,0.05
4063,1.1550000000000002,0.05
4064,0.9525000000000001,0.05
4065,1.125,0.05
4066,0.4712499999999996,0.05
4067,1.095,0.05
4068,0.9587500000000001,0.05
4069,1.13625,0.05
4070,0.9337500000000001,0.05
4071,1.1725,0.05
4072,1.18375,0.05
4073,-2.7675000000000005,0.05
4074,1.1712500000000001,0.05
4075,0.4924999999999997,0.05
4076,1.0550000000000002,0.05
4077,0.4874999999999997,0.05
4078,1.0350000000000001,0.05
4079,0.87,0.05
4080,1.2725000000000002,0.05
4081,1.205,0.05
4082,1.39125,0.05
4083,0.9162500000000001,0.05
4084,0.98,0.05
4085,1.12375,0.05
4086,1.15,0.05
4087,0.9425,0.05
4088,0.79375,0.05
4089,1.24125,0.05
4090,0.9325000000000001,0.05
4091,-0.29124999999999956,0.05
4092,1.455,0.05
4093,1.2650000000000001,0.05
4094,0.5424999999999998,0.05
4095,1.13125,0.05
4096,0.895,0.05
4097,1.1375000000000002,0.05
4098,1.26,0.05
4099,0.9875,0.05
4100,0.95625,0.05
4101,1.36375,0.05
4102,0.8775000000000001,0.05
4103,1.1712500000000001,0.05
4104,0.5112499999999998,0.05
4105,0.82,0.05
4106,1.09,0.05
4107,1.1800000000000002,0.05
4108,1.0962500000000002,0.05
4109,1.24125,0.05
4110,1.09,0.05
4111,0.6562499999999999,0.05
4112,0.9712500000000001,0.05
4113,0.8475,0.05
4114,1.13125,0.05
4115,0.885,0.05
4116,1.2275,0.05
4117,1.455,0.05
4118,0.4600000000000002,0.05
4119,1.23125,0.05
4120,0.4662499999999996,0.05
4121,0.7599999999999999,0.05
4122,1.1475,0.05
4123,0.89,0.05
4124,0.99,0.05
4125,0.9700000000000001,0.05
4126,1.2200000000000002,0.05
4127,0.9325000000000001,0.05
4128,0.83625,0.05
4129,1.4225,0.05
4130,0.87875,0.05
4131,1.07875,0.05
4132,1.1,0.05
4133,1.14375,0.05
4134,1.20375,0.05
4135,-2.9687500000000004,0.05
4136,0.8900000000000001,0.05
4137,0.9687500000000001,0.05
4138,1.07125,0.05
4139,0.9850000000000001,0.05
4140,1.08125,0.05
4141,1.1175000000000002,0.05
4142,1.3725,0.05
4143,1.1625,0.05
4144,1.34125,0.05
4145,1.175,0.05
4146,1.2537500000000001,0.05
4147,1.3250000000000002,0.05
4148,1.01125,0.05
4149,1.3675000000000002,0.05
4150,1.07,0.05
4151,0.9650000000000001,0.05
4152,0.815,0.05
4153,0.9400000000000001,0.05
4154,0.7449999999999999,0.05
4155,1.0775000000000001,0.05
4156,1.4737500000000001,0.05
4157,1.1175000000000002,0.05
4158,1.19,0.05
4159,1.26,0.05
4160,1.28125,0.05
4161,0.9125000000000001,0.05
4162,0.7849999999999999,0.05
4163,1.105,0.05
4164,1.1125,0.05
4165,1.2312500000000002,0.05
4166,1.06,0.05
4167,1.17,0.05
4168,1.28125,0.05
4169,1.4400000000000002,0.05
4170,0.9700000000000001,0.05
4171,0.87875,0.05
4172,0.5699999999999998,0.05
4173,0.835,0.05
4174,1.0987500000000001,0.05
4175,0.9900000000000001,0.05
4176,1.1500000000000001,0.05
4177,1.23875,0.05
4178,1.07375,0.05
4179,1.045,0.05
4180,1.2962500000000001,0.05
4181,1.4900000000000002,0.05
4182,1.1912500000000001,0.05
4183,1.5274999999999999,0.05
4184,1.5075,0.05
4185,0.6699999999999999,0.05
4186,0.5687499999999999,0.05
4187,1.05875,0.05
4188,1.4000000000000001,0.05
4189,1.2275,0.05
4190,1.1625,0.05
4191,0.79375,0.05
4192,0.83,0.05
4193,1.185,0.05
4194,1.20375,0.05
4195,1.145,0.05
4196,0.6649999999999998,0.05
4197,1.3675000000000002,0.05
4198,1.0625,0.05
4199,1.2725000000000002,0.05
4200,1.3475000000000001,0.05
4201,1.02125,0.05
4202,1.18625,0.05
4203,1.08,0.05
4204,0.4924999999999997,0.05
4205,1.11375,0.05
4206,1.1712500000000001,0.05
4207,1.1887500000000002,0.05
4208,1.485,0.05
4209,1.2225000000000001,0.05
4210,1.1725,0.05
4211,1.06,0.05
4212,0.9325000000000001,0.05
4213,1.3025,0.05
4214,1.13625,0.05
4215,1.20625,0.05
4216,0.87,0.05
4217,0.5812499999999997,0.05
4218,1.3800000000000001,0.05
4219,1.0925,0.05
4220,0.9475,0.05
4221,0.98875,0.05
4222,1.1,0.05
4223,0.36124999999999985,0.05
4224,1.2075,0.05
4225,1.05,0.05
4226,1.345,0.05
4227,1.2325000000000002,0.05
4228,0.9637500000000001,0.05
4229,1.26,0.05
4230,1.06,0.05
4231,1.185,0.05
4232,1.2750000000000001,0.05
4233,1.12625,0.05
4234,1.5175,0.05
4235,1.25,0.05
4236,1.15,0.05
4237,0.915,0.05
4238,1.45875,0.05
4239,0.9587500000000001,0.05
4240,0.8962500000000001,0.05
4241,1.1500000000000001,0.05
4242,0.8300000000000001,0.05
4243,1.0637500000000002,0.05
4244,0.8049999999999999,0.05
4245,0.9337500000000001,0.05
4246,1.30375,0.05
4247,0.88,0.05
4248,1.2225000000000001,0.05
4249,0.84,0.05
4250,1.36375,0.05
4251,0.9950000000000001,0.05
4252,0.9900000000000001,0.05
4253,1.12125,0.05
4254,1.1225,0.05
4255,1.0950000000000002,0.05
4256,1.01875,0.05
4257,1.1175000000000002,0.05
4258,1.1525,0.05
4259,0.83625,0.05
4260,0.9737500000000001,0.05
4261,0.6112499999999997,0.05
4262,1.25875,0.05
4263,0.96625,0.05
4264,1.5037500000000001,0.05
4265,1.24,0.05
4266,1.0437500000000002,0.05
4267,1.51375,0.05
4268,0.93,0.05
4269,1.20375,0.05
4270,1.04,0.05
4271,0.6849999999999999,0.05
4272,0.83,0.05
4273,1.25875,0.05
4274,1.155,0.05
4275,1.14375,0.05
4276,0.9475,0.05
4277,1.01,0.05
4278,0.8600000000000001,0.05
4279,1.4800000000000002,0.05
4280,1.0750000000000002,0.05
4281,1.20875,0.05
4282,1.18625,0.05
4283,1.1887500000000002,0.05
4284,0.65875,0.05
4285,1.30875,0.05
4286,0.6762499999999999,0.05
4287,1.2962500000000001,0.05
4288,0.88,0.05
4289,0.6212499999999999,0.05
4290,1.0862500000000002,0.05
4291,1.1300000000000001,0.05
4292,1.22875,0.05
4293,1.1675,0.05
4294,1.12625,0.05
4295,0.9962500000000001,0.05
4296,1.405,0.05
4297,1.1500000000000001,0.05
4298,1.215,0.05
4299,1.18125,0.05
4300,0.9850000000000001,0.05
4301,1.0325000000000002,0.05
4302,0.6962499999999998,0.05
4303,1.0075,0.05
4304,1.0250000000000001,0.05
4305,1.11625,0.05
4306,0.09624999999999995,0.05
4307,1.1175000000000002,0.05
4308,1.085,0.05
4309,1.04,0.05
4310,1.385,0.05
4311,1.40375,0.05
4312,0.48124999999999984,0.05
4313,0.9500000000000001,0.05
4314,0.9600000000000001,0.05
4315,1.21,0.05
4316,1.3687500000000001,0.05
4317,1.0450000000000002,0.05
4318,0.84125,0.05
4319,1.21625,0.05
4320,1.19,0.05
4321,1.2775,0.05
4322,1.23625,0.05
4323,1.155,0.05
4324,1.28875,0.05
4325,0.88,0.05
4326,1.07125,0.05
4327,1.2950000000000002,0.05
4328,1.5,0.05
4329,0.91,0.05
4330,0.895,0.05
4331,0.935,0.05
4332,1.1,0.05
4333,0.9650000000000001,0.05
4334,1.085,0.05
4335,0.18999999999999995,0.05
4336,0.935,0.05
4337,1.07375,0.05
4338,0.93,0.05
4339,0.8725,0.05
4340,1.20625,0.05
4341,1.1675,0.05
4342,0.7825,0.05
4343,0.8625,0.05
4344,1.295,0.05
4345,1.2775,0.05
4346,1.24625,0.05
4347,1.2337500000000001,0.05
4348,1.1887500000000002,0.05
4349,1.1125,0.05
4350,0.84125,0.05
4351,1.13125,0.05
4352,1.0962500000000002,0.05
4353,1.4175,0.05
4354,1.3687500000000001,0.05
4355,1.0437500000000002,0.05
4356,1.05875,0.05
4357,1.53125,0.05
4358,0.9512500000000002,0.05
4359,1.19375,0.05
4360,0.875,0.05
4361,1.02625,0.05
4362,0.6749999999999998,0.05
4363,1.05875,0.05
4364,0.9825000000000002,0.05
4365,0.6212499999999999,0.05
4366,1.39125,0.05
4367,1.08,0.05
4368,0.14375000000000004,0.05
4369,1.425,0.05
4370,0.80625,0.05
4371,1.235,0.05
4372,1.3725,0.05
4373,0.93625,0.05
4374,1.27625,0.05
4375,1.3,0.05
4376,1.2437500000000001,0.05
4377,1.3275000000000001,0.05
4378,1.19,0.05
4379,1.19,0.05
4380,1.0575,0.05
4381,1.15625,0.05
4382,0.7737499999999999,0.05
4383,1.09,0.05
4384,1.11,0.05
4385,1.0987500000000001,0.05
4386,1.20375,0.05
4387,1.1262500000000002,0.05
4388,1.0562500000000001,0.05
4389,-3.006249999999999,0.05
4390,1.35375,0.05
4391,0.91,0.05
4392,1.2337500000000001,0.05
4393,0.895,0.05
4394,1.29875,0.05
4395,0.88,0.05
4396,1.11,0.05
4397,1.4212500000000001,0.05
4398,1.1487500000000002,0.05
4399,1.1887500000000002,0.05
4400,1.1475,0.05
4401,1.3800000000000001,0.05
4402,0.34124999999999983,0.05
4403,0.7300000000000001,0.05
4404,1.2475,0.05
4405,1.0437500000000002,0.05
4406,1.4125,0.05
4407,1.1912500000000001,0.05
4408,0.74625,0.05
4409,1.38125,0.05
4410,0.98875,0.05
4411,1.33375,0.05
4412,1.2275,0.05
4413,0.9850000000000001,0.05
4414,1.2825000000000002,0.05
4415,0.41874999999999973,0.05
4416,1.09,0.05
4417,1.3175000000000001,0.05
4418,1.05,0.05
4419,0.9175000000000001,0.05
4420,1.23125,0.05
4421,1.3987500000000002,0.05
4422,1.18375,0.05
4423,1.0437500000000002,0.05
4424,0.875,0.05
4425,1.4212500000000001,0.05
4426,1.445,0.05
4427,0.885,0.05
4428,1.2575,0.05
4429,0.86875,0.05
4430,0.7324999999999999,0.05
4431,1.0987500000000001,0.05
4432,1.11,0.05
4433,1.14375,0.05
4434,0.77,0.05
4435,1.1800000000000002,0.05
4436,1.02625,0.05
4437,1.18125,0.05
4438,1.2937500000000002,0.05
4439,0.9650000000000001,0.05
4440,1.135,0.05
4441,1.4000000000000001,0.05
4442,0.7487500000000001,0.05
4443,1.28125,0.05
4444,0.9500000000000001,0.05
4445,0.7074999999999999,0.05
4446,0.915,0.05
4447,0.6349999999999998,0.05
4448,1.3450000000000002,0.05
4449,1.11125,0.05
4450,1.1475,0.05
4451,1.43625,0.05
4452,1.25875,0.05
4453,1.38125,0.05
4454,1.17,0.05
4455,0.9950000000000001,0.05
4456,0.9400000000000001,0.05
4457,0.9175000000000001,0.05
4458,0.25124999999999953,0.05
4459,1.07375,0.05
4460,1.0775000000000001,0.05
4461,1.2525,0.05
4462,1.35,0.05
4463,1.53625,0.05
4464,1.0825,0.05
4465,1.0225,0.05
4466,0.5762499999999997,0.05
4467,1.08,0.05
4468,0.9287500000000001,0.05
4469,1.51875,0.05
4470,1.08125,0.05
4471,1.06125,0.05
4472,1.0575,0.05
4473,1.1075,0.05
4474,1.0250000000000001,0.05
4475,1.4412500000000001,0.05
4476,1.3625,0.05
4477,1.01,0.05
4478,1.18375,0.05
4479,1.27125,0.05
4480,1.27625,0.05
4481,0.5499999999999997,0.05
4482,0.88875,0.05
4483,1.2637500000000002,0.05
4484,1.3487500000000001,0.05
4485,1.2962500000000001,0.05
4486,0.97875,0.05
4487,1.0012500000000002,0.05
4488,0.9500000000000001,0.05
4489,0.8375,0.05
4490,1.0775000000000001,0.05
4491,1.1487500000000002,0.05
4492,1.1475,0.05
4493,0.8975000000000001,0.05
4494,1.4312500000000001,0.05
4495,0.7849999999999999,0.05
4496,0.9962500000000001,0.05
4497,1.1175000000000002,0.05
4498,0.9525000000000001,0.05
4499,0.91,0.05
4500,1.5362500000000001,0.05
4501,1.3175000000000001,0.05
4502,1.02625,0.05
4503,1.1487500000000002,0.05
4504,1.1,0.05
4505,1.47625,0.05
4506,0.2237499999999999,0.05
4507,0.82375,0.05
4508,1.3275000000000001,0.05
4509,1.28875,0.05
4510,0.9400000000000001,0.05
4511,0.5087499999999997,0.05
4512,0.8725,0.05
4513,0.9775,0.05
4514,1.2025000000000001,0.05
4515,1.1800000000000002,0.05
4516,0.05500000000000016,0.05
4517,0.9900000000000001,0.05
4518,0.6549999999999998,0.05
4519,1.3325,0.05
4520,1.1912500000000001,0.05
4521,1.4025,0.05
4522,0.5387499999999997,0.05
4523,0.7099999999999999,0.05
4524,0.9450000000000001,0.05
4525,1.53125,0.05
4526,1.0975000000000001,0.05
4527,1.15375,0.05
4528,1.06875,0.05
4529,1.0125000000000002,0.05
4530,-0.10749999999999926,0.05
4531,0.32624999999999993,0.05
4532,0.84,0.05
4533,1.24,0.05
4534,1.0575,0.05
4535,1.25875,0.05
4536,0.98875,0.05
4537,0.7499999999999999,0.05
4538,1.4300000000000002,0.05
4539,1.22625,0.05
4540,1.07625,0.05
4541,1.425,0.05
4542,1.3325,0.05
4543,1.51375,0.05
4544,1.1675,0.05
4545,1.22,0.05
4546,1.205,0.05
4547,1.3137500000000002,0.05
4548,1.2225000000000001,0.05
4549,0.1725000000000001,0.05
4550,1.35375,0.05
4551,0.9337500000000001,0.05
4552,1.115,0.05
4553,1.0925,0.05
4554,1.3050000000000002,0.05
4555,1.495,0.05
4556,1.0575,0.05
4557,0.9837500000000001,0.05
4558,1.3325,0.05
4559,1.135,0.05
4560,1.1487500000000002,0.05
4561,1.15625,0.05
4562,0.7124999999999999,0.05
4563,1.0575,0.05
4564,1.2,0.05
4565,1.2675,0.05
4566,0.84,0.05
4567,1.095,0.05
4568,1.1712500000000001,0.05
4569,1.23875,0.05
4570,1.3687500000000001,0.05
4571,1.23625,0.05
4572,1.51375,0.05
4573,1.11,0.05
4574,1.3,0.05
4575,1.0100000000000002,0.05
4576,0.37999999999999967,0.05
4577,1.0987500000000001,0.05
4578,0.76,0.05
4579,1.54125,0.05
4580,1.145,0.05
4581,0.84,0.05
4582,1.34125,0.05
4583,1.0637500000000002,0.05
4584,-3.1887500000000015,0.05
4585,0.99,0.05
4586,0.9500000000000001,0.05
4587,0.3112499999999998,0.05
4588,1.1525,0.05
4589,1.13375,0.05
4590,1.35,0.05
4591,0.85,0.05
4592,0.93625,0.05
4593,1.2575,0.05
4594,1.02,0.05
4595,1.39125,0.05
4596,1.2550000000000001,0.05
4597,1.1800000000000002,0.05
4598,1.2200000000000002,0.05
4599,1.44375,0.05
4600,0.92,0.05
4601,0.9325000000000001,0.05
4602,1.15375,0.05
4603,1.0350000000000001,0.05
4604,1.18625,0.05
4605,1.34625,0.05
4606,0.8075000000000001,0.05
4607,1.09,0.05
4608,1.2575,0.05
4609,1.31375,0.05
4610,0.9850000000000001,0.05
4611,1.315,0.05
4612,1.0875000000000001,0.05
4613,1.3800000000000001,0.05
4614,0.7499999999999999,0.05
4615,1.095,0.05
4616,0.8912500000000001,0.05
4617,-2.7312500000000006,0.05
4618,1.22875,0.05
4619,0.9337500000000001,0.05
4620,0.5899999999999997,0.05
4621,1.4175,0.05
4622,1.1,0.05
4623,-3.1862500000000016,0.05
4624,1.12625,0.05
4625,1.2025000000000001,0.05
4626,1.04,0.05
4627,1.135,0.05
4628,1.13375,0.05
4629,0.8962500000000001,0.05
4630,1.0625,0.05
4631,0.9512500000000002,0.05
4632,1.1687500000000002,0.05
4633,1.28125,0.05
4634,1.2775,0.05
4635,1.2275,0.05
4636,1.2625000000000002,0.05
4637,1.13125,0.05
4638,1.40875,0.05
4639,0.7299999999999999,0.05
4640,1.215,0.05
4641,1.11625,0.05
4642,1.155,0.05
4643,0.9900000000000001,0.05
4644,0.9975,0.05
4645,0.6387499999999998,0.05
4646,1.0762500000000002,0.05
4647,1.1375000000000002,0.05
4648,0.6912499999999998,0.05
4649,1.0987500000000001,0.05
4650,1.27625,0.05
4651,1.2725,0.05
4652,0.91625,0.05
4653,1.1425,0.05
4654,1.235,0.05
4655,1.18125,0.05
4656,1.13625,0.05
4657,0.87875,0.05
4658,1.33125,0.05
4659,0.6862499999999998,0.05
4660,0.9837500000000001,0.05
4661,1.20375,0.05
4662,1.1325,0.05
4663,0.915,0.05
4664,1.2075,0.05
4665,1.5125000000000002,0.05
4666,1.26,0.05
4667,1.0875000000000001,0.05
4668,1.045,0.05
4669,1.28125,0.05
4670,1.33,0.05
4671,1.2225000000000001,0.05
4672,1.145,0.05
4673,1.405,0.05
4674,1.07,0.05
4675,1.3425,0.05
4676,1.155,0.05
4677,0.94625,0.05
4678,1.22125,0.05
4679,1.1625,0.05
4680,1.05,0.05
4681,1.00875,0.05
4682,1.175,0.05
4683,1.2425000000000002,0.05
4684,1.26,0.05
4685,1.5274999999999999,0.05
4686,1.03875,0.05
4687,0.7849999999999999,0.05
4688,0.7687499999999999,0.05
4689,1.1912500000000001,0.05
4690,1.2087500000000002,0.05
4691,1.09,0.05
4692,1.16625,0.05
4693,0.91125,0.05
4694,1.185,0.05
4695,1.1275,0.05
4696,1.1600000000000001,0.05
4697,1.3625,0.05
4698,1.1037500000000002,0.05
4699,1.0950000000000002,0.05
4700,1.2775,0.05
4701,1.0550000000000002,0.05
4702,1.3137500000000002,0.05
4703,0.825,0.05
4704,1.38625,0.05
4705,-3.195,0.05
4706,1.485,0.05
4707,0.9712500000000001,0.05
4708,1.19,0.05
4709,1.09625,0.05
4710,0.8662500000000001,0.05
4711,1.20875,0.05
4712,1.13125,0.05
4713,1.185,0.05
4714,0.5499999999999997,0.05
4715,1.04,0.05
4716,0.9837500000000001,0.05
4717,0.745,0.05
4718,0.8475,0.05
4719,0.93,0.05
4720,0.18249999999999988,0.05
4721,1.1,0.05
4722,1.28125,0.05
4723,1.14625,0.05
4724,1.2550000000000001,0.05
4725,1.06875,0.05
4726,1.28875,0.05
4727,1.155,0.05
4728,1.13375,0.05
4729,1.1487500000000002,0.05
4730,1.1712500000000001,0.05
4731,0.9087500000000001,0.05
4732,1.0637500000000002,0.05
4733,1.4625000000000001,0.05
4734,1.0075,0.05
4735,1.1925000000000001,0.05
4736,1.26625,0.05
4737,1.03875,0.05
4738,1.18625,0.05
4739,1.0825,0.05
4740,1.0750000000000002,0.05
4741,1.18625,0.05
4742,1.24,0.05
4743,0.725,0.05
4744,0.9475,0.05
4745,0.8125,0.05
4746,1.1,0.05
4747,0.44999999999999973,0.05
4748,0.935,0.05
4749,1.20625,0.05
4750,1.23625,0.05
4751,0.96625,0.05
4752,0.14749999999999974,0.05
4753,0.98,0.05
4754,0.8725,0.05
4755,0.80125,0.05
4756,1.09375,0.05
4757,1.135,0.05
4758,0.93,0.05
4759,1.24,0.05
4760,0.3587499999999999,0.05
4761,0.8562500000000002,0.05
4762,1.1125,0.05
4763,1.2775,0.05
4764,1.15375,0.05
4765,1.1725,0.05
4766,0.9125,0.05
4767,0.9450000000000001,0.05
4768,1.36375,0.05
4769,1.22625,0.05
4770,0.8075,0.05
4771,1.4725000000000001,0.05
4772,1.12375,0.05
4773,-0.12374999999999958,0.05
4774,1.01625,0.05
4775,1.0437500000000002,0.05
4776,1.15375,0.05
4777,1.2075,0.05
4778,1.2550000000000001,0.05
4779,0.8074999999999999,0.05
4780,1.12125,0.05
4781,1.15375,0.05
4782,0.7287499999999999,0.05
4783,1.0725,0.05
4784,1.22125,0.05
4785,1.225,0.05
4786,1.26375,0.05
4787,1.1287500000000001,0.05
4788,1.3687500000000001,0.05
4789,-0.23874999999999957,0.05
4790,1.18375,0.05
4791,1.36375,0.05
4792,-2.787500000000001,0.05
4793,0.8962500000000001,0.05
4794,1.1675,0.05
4795,0.1212500000000003,0.05
4796,1.02625,0.05
4797,0.89625,0.05
4798,1.185,0.05
4799,0.9950000000000001,0.05
4800,1.08,0.05
4801,1.1500000000000001,0.05
4802,0.9287500000000001,0.05
4803,1.1612500000000001,0.05
4804,1.4187500000000002,0.05
4805,1.1912500000000001,0.05
4806,1.17375,0.05
4807,0.9237500000000001,0.05
4808,1.16625,0.05
4809,1.15125,0.05
4810,1.33125,0.05
4811,1.0025,0.05
4812,1.0925,0.05
4813,1.33125,0.05
4814,0.98,0.05
4815,1.0450000000000002,0.05
4816,1.175,0.05
4817,0.6712499999999999,0.05
4818,1.33125,0.05
4819,0.7099999999999999,0.05
4820,1.20875,0.05
4821,1.07125,0.05
4822,0.87875,0.05
4823,1.22625,0.05
4824,1.26375,0.05
4825,1.0050000000000001,0.05
4826,1.335,0.05
4827,1.2650000000000001,0.05
4828,1.0750000000000002,0.05
4829,1.1725,0.05
4830,1.24125,0.05
4831,1.1,0.05
4832,1.1712500000000001,0.05
4833,1.23625,0.05
4834,-0.3812499999999994,0.05
4835,1.3,0.05
4836,1.0425,0.05
4837,0.87,0.05
4838,0.7699999999999999,0.05
4839,-0.6787499999999997,0.05
4840,1.33,0.05
4841,1.3925,0.05
4842,1.115,0.05
4843,1.20375,0.05
4844,1.185,0.05
4845,1.3,0.05
4846,0.89,0.05
4847,1.2212500000000002,0.05
4848,1.155,0.05
4849,1.2725,0.05
4850,1.295,0.05
4851,1.4900000000000002,0.05
4852,0.06500000000000017,0.05
4853,1.3262500000000002,0.05
4854,0.87875,0.05
4855,0.9900000000000001,0.05
4856,1.22625,0.05
4857,1.03875,0.05
4858,1.4125,0.05
4859,1.31,0.05
4860,0.96625,0.05
4861,1.0950000000000002,0.05
4862,1.17875,0.05
4863,0.7074999999999999,0.05
4864,1.18625,0.05
4865,0.7149999999999999,0.05
4866,1.02625,0.05
4867,1.145,0.05
4868,1.13125,0.05
4869,1.2337500000000001,0.05
4870,0.4874999999999997,0.05
4871,1.2200000000000002,0.05
4872,0.7299999999999999,0.05
4873,1.1325,0.05
4874,-2.881250000000001,0.05
4875,1.0250000000000001,0.05
4876,0.88,0.05
4877,0.94625,0.05
4878,1.3987500000000002,0.05
4879,1.21625,0.05
4880,1.185,0.05
4881,1.125,0.05
4882,1.0437500000000002,0.05
4883,1.11625,0.05
4884,0.7587499999999999,0.05
4885,0.30374999999999974,0.05
4886,1.35,0.05
4887,1.26875,0.05
4888,1.4000000000000001,0.05
4889,1.2537500000000001,0.05
4890,1.02,0.05
4891,1.15375,0.05
4892,1.1912500000000001,0.05
4893,1.0975000000000001,0.05
4894,1.425,0.05
4895,1.1912500000000001,0.05
4896,0.96625,0.05
4897,1.25875,0.05
4898,0.8900000000000001,0.05
4899,1.40375,0.05
4900,0.8962500000000001,0.05
4901,1.25,0.05
4902,1.3362500000000002,0.05
4903,1.0637500000000002,0.05
4904,1.31,0.05
4905,1.4675,0.05
4906,0.9887500000000001,0.05
4907,0.98875,0.05
4908,1.0437500000000002,0.05
4909,1.1325,0.05
4910,1.215,0.05
4911,0.9325000000000001,0.05
4912,1.11,0.05
4913,0.895,0.05
4914,0.5799999999999998,0.05
4915,1.2000000000000002,0.05
4916,1.31875,0.05
4917,1.20375,0.05
4918,1.13375,0.05
4919,1.11125,0.05
4920,1.13625,0.05
4921,0.8550000000000001,0.05
4922,1.19,0.05
4923,1.4800000000000002,0.05
4924,0.82,0.05
4925,1.06125,0.05
4926,1.3050000000000002,0.05
4927,1.3,0.05
4928,1.11,0.05
4929,1.205,0.05
4930,0.97,0.05
4931,0.9137500000000001,0.05
4932,1.1525,0.05
4933,1.1062500000000002,0.05
4934,0.5874999999999999,0.05
4935,1.28,0.05
4936,1.1175000000000002,0.05
4937,1.0237500000000002,0.05
4938,1.185,0.05
4939,0.96875,0.05
4940,1.0350000000000001,0.05
4941,0.8375,0.05
4942,0.86125,0.05
4943,1.07625,0.05
4944,1.0425,0.05
4945,0.9487500000000002,0.05
4946,1.0925,0.05
4947,1.25875,0.05
4948,1.245,0.05
4949,1.31875,0.05
4950,1.0625,0.05
4951,1.245,0.05
4952,1.13125,0.05
4953,1.2175,0.05
4954,1.31375,0.05
4955,0.90375,0.05
4956,1.25875,0.05
4957,1.2962500000000001,0.05
4958,1.2225000000000001,0.05
4959,1.47625,0.05
4960,0.8800000000000001,0.05
4961,0.9450000000000001,0.05
4962,1.02625,0.05
4963,1.4087500000000002,0.05
4964,1.3362500000000002,0.05
4965,1.1175000000000002,0.05
4966,0.9850000000000001,0.05
4967,1.07375,0.05
4968,-2.971250000000001,0.05
4969,1.07875,0.05
4970,0.695,0.05
4971,0.9912500000000002,0.05
4972,1.13625,0.05
4973,1.34375,0.05
4974,1.0625,0.05
4975,1.2437500000000001,0.05
4976,1.28,0.05
4977,0.80625,0.05
4978,1.11625,0.05
4979,1.33,0.05
4980,1.0450000000000002,0.05
4981,1.01875,0.05
4982,1.2437500000000001,0.05
4983,0.8900000000000001,0.05
4984,-2.7800000000000007,0.05
4985,1.2962500000000001,0.05
4986,1.1175000000000002,0.05
4987,1.34,0.05
4988,1.19875,0.05
4989,1.28125,0.05
4990,1.1900000000000002,0.05
4991,1.3137500000000002,0.05
4992,1.15375,0.05
4993,0.5999999999999998,0.05
4994,1.04,0.05
4995,1.0950000000000002,0.05
4996,1.0925,0.05
4997,1.2950000000000002,0.05
4998,1.3362500000000002,0.05
4999,1.0550000000000002,0.05
5000,1.3,0.05
