episode,reward,epsilon
1,-3.1087500000000006,0.5
2,-2.9800000000000004,0.4975
3,-2.8962500000000007,0.4950125
4,-2.9562500000000003,0.4925374375
5,-2.827500000000001,0.49007475031250003
6,-3.00125,0.48762437656093754
7,-2.963750000000001,0.48518625467813287
8,-2.8974999999999995,0.4827603234047422
9,-2.88875,0.4803465217877185
10,-2.96125,0.47794478917877986
11,-2.9612500000000006,0.47555506523288593
12,-2.893750000000001,0.4731772899067215
13,-3.326250000000001,0.47081140345718786
14,-2.9387500000000006,0.46845734643990194
15,-3.1825000000000014,0.46611505970770245
16,-3.0012500000000006,0.4637844844091639
17,-3.3625000000000007,0.4614655619871181
18,-3.145,0.4591582341771825
19,-3.0400000000000005,0.4568624430062966
20,-2.85,0.4545781307912651
21,-3.1175000000000006,0.4523052401373088
22,-2.9712500000000004,0.45004371393662224
23,-2.6787500000000004,0.44779349536693913
24,-2.8750000000000004,0.4455545278901044
25,-3.1475000000000004,0.4433267552506539
26,-2.8425000000000007,0.44111012147440065
27,-0.3162499999999995,0.43890457086702866
28,-3.0800000000000005,0.43671004801269353
29,-2.9025000000000007,0.4345264977726301
30,-2.9600000000000013,0.4323538652837669
31,-2.8662500000000004,0.4301920959573481
32,-3.095000000000001,0.42804113547756134
33,-2.8137500000000006,0.4259009298001735
34,-0.9050000000000002,0.42377142515117266
35,-2.9075,0.4216525680254168
36,-2.9412500000000006,0.4195443051852897
37,1.23875,0.4174465836593632
38,-2.918750000000001,0.4153593507410664
39,-3.2575000000000003,0.4132825539873611
40,-3.2375000000000016,0.4112161412174243
41,-2.9737500000000012,0.40916006051133713
42,-2.8850000000000007,0.40711426020878044
43,-2.8912500000000008,0.4050786889077365
44,-2.7975000000000008,0.40305329546319785
45,-2.9587500000000007,0.40103802898588187
46,-3.0387500000000003,0.3990328388409525
47,-3.0137500000000004,0.3970376746467477
48,-2.69,0.39505248627351397
49,-2.9325000000000014,0.3930772238421464
50,0.05500000000000016,0.3911118377229357
51,-3.13,0.389156278534321
52,-2.8837499999999996,0.3872104971416494
53,-3.0675000000000003,0.38527444465594113
54,-3.081250000000001,0.38334807243266145
55,-3.2137499999999997,0.3814313320704981
56,0.1050000000000002,0.3795241754101456
57,-2.9537500000000008,0.37762655453309485
58,-2.90875,0.3757384217604294
59,-3.0850000000000013,0.3738597296516272
60,-3.062500000000001,0.3719904310033691
61,-3.0100000000000007,0.37013047884835226
62,-2.6875000000000004,0.3682798264541105
63,-3.0800000000000014,0.36643842732183995
64,-2.816250000000001,0.3646062351852308
65,-2.8900000000000006,0.36278320400930464
66,-2.9025000000000003,0.3609692879892581
67,-2.996250000000001,0.3591644415493118
68,-3.0700000000000016,0.3573686193415653
69,-2.9750000000000005,0.35558177624485743
70,-2.9037500000000014,0.3538038673636331
71,-2.8787500000000015,0.35203484802681495
72,-2.9225000000000008,0.35027467378668087
73,-2.8162500000000006,0.3485233004177475
74,-2.952500000000001,0.34678068391565875
75,-2.980000000000001,0.34504678049608045
76,-2.811250000000001,0.34332154659360004
77,-2.9275000000000007,0.34160493886063203
78,-2.82875,0.3398969141663289
79,-2.7987500000000005,0.33819742959549726
80,-2.9937500000000004,0.33650644244751976
81,-2.933750000000001,0.3348239102352822
82,-2.87,0.3331497906841058
83,-2.9837500000000015,0.33148404173068524
84,-3.070000000000001,0.3298266215220318
85,-2.7975000000000003,0.3281774884144216
86,-2.9487500000000004,0.3265366009723495
87,-2.9450000000000003,0.32490391796748774
88,-2.9075000000000006,0.3232793983776503
89,-2.933750000000001,0.32166300138576204
90,-2.8175000000000012,0.3200546863788332
91,-2.8775000000000004,0.31845441294693905
92,-2.882500000000001,0.3168621408822043
93,0.5349999999999999,0.3152778301777933
94,-3.0137500000000017,0.31370144102690434
95,-2.8875000000000006,0.3121329338217698
96,-2.9375000000000004,0.31057226915266095
97,-2.9050000000000007,0.30901940780689763
98,0.91625,0.30747431076786313
99,-2.8362500000000006,0.3059369392140238
100,-2.9050000000000007,0.3044072545179537
101,-2.940000000000001,0.3028852182453639
102,-2.855000000000001,0.3013707921541371
103,-3.0425000000000013,0.29986393819336643
104,-3.0137500000000013,0.2983646185023996
105,-2.908750000000001,0.2968727954098876
106,-2.7487500000000007,0.29538843143283816
107,-2.6774999999999998,0.29391148927567395
108,-2.971250000000001,0.29244193182929556
109,-0.7637499999999997,0.2909797221701491
110,-2.9537500000000008,0.28952482355929837
111,-0.5287499999999994,0.2880771994415019
112,-3.046250000000001,0.28663681344429437
113,-1.2712500000000009,0.2852036293770729
114,-3.0025,0.2837776112301875
115,-3.11125,0.2823587231740366
116,-2.91125,0.2809469295581664
117,-2.8287500000000008,0.2795421949103756
118,-2.9912500000000017,0.2781444839358237
119,-2.9275,0.27675376151614456
120,0.5099999999999999,0.2753699927085638
121,-0.23874999999999957,0.273993142745021
122,0.84625,0.2726231770312959
123,-2.8462500000000013,0.27126006114613943
124,-2.75875,0.26990376084040874
125,-2.7975000000000003,0.2685542420362067
126,-2.7100000000000004,0.26721147082602564
127,-2.9500000000000006,0.2658754134718955
128,-2.9800000000000013,0.26454603640453606
129,-2.980000000000001,0.2632233062225134
130,-2.8062500000000004,0.2619071896914008
131,-0.12749999999999972,0.2605976537429438
132,0.6287499999999999,0.2592946654742291
133,-2.7862500000000003,0.25799819214685793
134,-2.980000000000001,0.25670820118612364
135,-2.8975000000000013,0.255424660180193
136,-2.761250000000001,0.25414753687929204
137,-2.8737500000000007,0.2528767991948956
138,-2.831250000000001,0.2516124151989211
139,-3.0737500000000013,0.2503543531229265
140,-2.8862500000000004,0.24910258135731184
141,-0.014999999999999458,0.24785706845052527
142,-3.0325,0.24661778310827265
143,-3.0512500000000014,0.2453846941927313
144,-2.7500000000000004,0.24415777072176764
145,-2.8000000000000003,0.2429369818681588
146,-2.77375,0.241722296958818
147,1.155,0.2405136854740239
148,0.1937500000000001,0.23931111704665378
149,0.3312499999999998,0.23811456146142052
150,-1.0312500000000002,0.2369239886541134
151,-2.912500000000001,0.23573936871084283
152,-2.9112500000000003,0.23456067186728863
153,-2.945000000000001,0.23338786850795218
154,-2.9200000000000013,0.23222092916541243
155,-2.8225000000000007,0.23105982451958537
156,1.065,0.22990452539698744
157,-3.031250000000001,0.2287550027700025
158,-2.9825000000000013,0.22761122775615247
159,1.06875,0.2264731716173717
160,-2.9600000000000004,0.22534080575928486
161,-2.9425000000000012,0.22421410173048845
162,-2.982500000000001,0.223093031221836
163,-2.735,0.2219775660657268
164,-2.855000000000001,0.22086767823539816
165,-2.960000000000001,0.21976333984422117
166,1.06,0.21866452314500007
167,-0.14499999999999935,0.21757120052927506
168,-0.3099999999999996,0.21648334452662868
169,0.5924999999999999,0.21540092780399553
170,-2.8087500000000007,0.21432392316497556
171,-2.9350000000000005,0.21325230354915067
172,-2.8512500000000007,0.21218604203140493
173,-2.8475000000000006,0.2111251118212479
174,-2.7500000000000004,0.21006948626214167
175,-2.8300000000000005,0.20901913883083095
176,-2.895000000000001,0.2079740431366768
177,-2.9725000000000015,0.20693417292099342
178,-2.966250000000001,0.20589950205638846
179,0.8075,0.20487000454610652
180,-2.9925,0.20384565452337597
181,-3.3137500000000015,0.20282642625075908
182,-2.980000000000001,0.2018122941195053
183,1.01875,0.20080323264890776
184,-2.8812500000000005,0.1997992164856632
185,-0.09749999999999948,0.1988002204032349
186,-2.9050000000000002,0.19780621930121872
187,-2.825000000000001,0.19681718820471264
188,0.06125000000000003,0.19583310226368908
189,-2.83875,0.19485393675237064
190,-3.0250000000000012,0.1938796670686088
191,-3.021250000000001,0.19291026873326575
192,-2.8350000000000004,0.19194571738959942
193,-2.855000000000001,0.1909859888026514
194,-2.875,0.19003105885863816
195,-3.0275000000000007,0.18908090356434498
196,-0.21374999999999966,0.18813549904652327
197,-2.850000000000001,0.18719482155129066
198,-0.41124999999999945,0.18625884744353421
199,-2.8237500000000004,0.18532755320631655
200,-2.848750000000001,0.18440091544028497
201,-2.9000000000000012,0.18347891086308354
202,-2.7562500000000005,0.18256151630876813
203,-2.7375000000000003,0.1816487087272243
204,-0.44249999999999945,0.1807404651835882
205,-1.0075000000000003,0.17983676285767025
206,-2.893750000000001,0.1789375790433819
207,-0.6462499999999993,0.178042891148165
208,1.4900000000000002,0.17715267669242415
209,-2.9350000000000005,0.17626691330896202
210,-2.885,0.1753855787424172
211,-3.2575000000000016,0.17450865084870512
212,-2.8925000000000005,0.1736361075944616
213,0.6362499999999998,0.1727679270564893
214,-2.9050000000000002,0.17190408742120686
215,-2.8250000000000006,0.1710445669841008
216,0.043749999999999956,0.1701893441491803
217,-2.922500000000001,0.1693383974284344
218,-2.9425000000000003,0.16849170544129222
219,-3.0875000000000017,0.16764924691408575
220,-2.940000000000001,0.16681100067951532
221,-2.965000000000001,0.16597694567611773
222,-2.7062500000000003,0.16514706094773715
223,-3.0587500000000016,0.16432132564299848
224,-2.876250000000001,0.1634997190147835
225,-2.971250000000001,0.1626822204197096
226,-0.9800000000000002,0.16186880931761105
227,-2.79625,0.161059465271023
228,-3.013750000000001,0.16025416794466787
229,-3.0200000000000014,0.15945289710494454
230,-2.892500000000001,0.1586556326194198
231,-2.873750000000001,0.1578623544563227
232,-0.9274999999999998,0.1570730426840411
233,0.32000000000000006,0.1562876774706209
234,-2.7675000000000005,0.15550623908326777
235,-2.9425000000000012,0.15472870788785142
236,-2.7787500000000005,0.15395506434841216
237,-2.983750000000001,0.1531852890266701
238,-2.935000000000001,0.15241936258153677
239,0.8125,0.1516572657686291
240,-0.84375,0.15089897943978595
241,0.4624999999999999,0.15014448454258703
242,-3.028749999999999,0.1493937621198741
243,-2.96125,0.14864679330927472
244,-2.8675000000000006,0.14790355934272834
245,-2.8375000000000012,0.1471640415460147
246,-2.880000000000001,0.14642822133828462
247,-2.9025000000000007,0.1456960802315932
248,-2.842500000000001,0.14496759983043522
249,-2.9100000000000006,0.14424276183128304
250,1.01875,0.14352154802212663
251,-2.7587500000000005,0.142803940282016
252,-2.6175,0.14208992058060593
253,-0.06374999999999997,0.1413794709777029
254,-2.9725000000000006,0.14067257362281438
255,-2.7600000000000002,0.1399692107547003
256,-2.878750000000001,0.13926936470092682
257,-2.918750000000001,0.13857301787742218
258,-2.8050000000000006,0.13788015278803506
259,-2.8375000000000004,0.1371907520240949
260,0.2974999999999999,0.1365047982639744
261,-2.948750000000001,0.13582227427265453
262,-2.9450000000000007,0.13514316290129125
263,0.1875,0.1344674470867848
264,-0.5562499999999997,0.13379510985135087
265,-2.953750000000001,0.1331261343020941
266,-2.7600000000000007,0.13246050363058365
267,-2.7562500000000005,0.13179820111243074
268,-2.8875000000000006,0.13113921010686858
269,-0.6212499999999996,0.13048351405633424
270,-2.817500000000001,0.12983109648605257
271,-3.001250000000001,0.1291819410036223
272,-2.7987500000000005,0.1285360312986042
273,-2.9125000000000005,0.12789335114211117
274,0.1399999999999999,0.12725388438640062
275,-3.0175000000000014,0.1266176149644686
276,-2.8350000000000004,0.12598452688964626
277,-2.931250000000001,0.12535460425519804
278,-2.69,0.12472783123392205
279,-2.812500000000001,0.12410419207775243
280,-0.885,0.12348367111736366
281,-0.3774999999999993,0.12286625276177685
282,-3.17,0.12225192149796796
283,-3.0287500000000014,0.12164066189047812
284,-2.881250000000001,0.12103245858102572
285,-2.7937500000000006,0.1204272962881206
286,-2.967500000000001,0.11982515980668
287,-2.7925000000000004,0.1192260340076466
288,-2.92375,0.11862990383760837
289,-2.923750000000001,0.11803675431842033
290,-2.928750000000001,0.11744657054682822
291,-2.886250000000001,0.11685933769409408
292,-0.4699999999999993,0.11627504100562361
293,-3.010000000000001,0.1156936658005955
294,-2.8537500000000002,0.11511519747159252
295,-2.8787500000000006,0.11453962148423455
296,-2.8737500000000007,0.11396692337681337
297,0.5350000000000003,0.11339708875992931
298,-0.8549999999999998,0.11283010331612967
299,-2.930000000000001,0.11226595279954901
300,-2.9312500000000012,0.11170462303555127
301,-2.7,0.11114609992037351
302,-2.7175000000000007,0.11059036942077165
303,-2.9662499999999996,0.11003741757366779
304,-2.862500000000001,0.10948723048579945
305,-2.999999999999999,0.10893979433337045
306,-2.8475000000000006,0.1083950953617036
307,-0.6174999999999995,0.10785311988489507
308,-0.9949999999999994,0.10731385428547059
309,-2.953750000000001,0.10677728501404324
310,-2.848750000000001,0.10624339858897303
311,-2.69875,0.10571218159602816
312,-2.8299999999999996,0.10518362068804801
313,-1.3912500000000014,0.10465770258460777
314,-2.922500000000001,0.10413441407168474
315,-2.8000000000000007,0.10361374200132631
316,1.0137500000000002,0.10309567329131968
317,-2.7425000000000006,0.10258019492486307
318,-2.73125,0.10206729395023875
319,-2.8237500000000004,0.10155695748048756
320,-2.837500000000001,0.10104917269308512
321,-2.837500000000001,0.1005439268296197
322,-2.77875,0.1000412071954716
323,-0.8162499999999999,0.09954100115949424
324,-2.6875000000000004,0.09904329615369677
325,-2.8737500000000007,0.09854807967292828
326,-2.7299999999999995,0.09805533927456364
327,-2.785,0.09756506257819082
328,-2.6987500000000004,0.09707723726529986
329,-2.9300000000000006,0.09659185107897336
330,-3.110000000000001,0.0961088918235785
331,-2.9800000000000013,0.0956283473644606
332,-2.9762500000000007,0.0951502056276383
333,-0.9287500000000002,0.09467445459950011
334,-2.75625,0.09420108232650261
335,-2.84,0.09373007691487009
336,-2.7987500000000005,0.09326142653029575
337,-2.6500000000000004,0.09279511939764427
338,-2.9275000000000007,0.09233114380065605
339,-2.8437500000000004,0.09186948808165277
340,-2.830000000000001,0.0914101406412445
341,-2.9500000000000006,0.09095308993803829
342,-3.057500000000002,0.09049832448834809
343,-0.9250000000000005,0.09004583286590635
344,-2.862500000000001,0.08959560370157682
345,0.7325000000000002,0.08914762568306893
346,1.3462500000000002,0.08870188755465358
347,-2.81,0.08825837811688031
348,-2.718750000000001,0.0878170862262959
349,-2.7125000000000004,0.08737800079516442
350,-2.7125000000000004,0.08694111079118859
351,-2.8375000000000012,0.08650640523723264
352,-2.8550000000000004,0.08607387321104648
353,-2.9475000000000007,0.08564350384499125
354,-2.9050000000000007,0.08521528632576629
355,-2.942500000000001,0.08478920989413746
356,-3.1000000000000005,0.08436526384466678
357,-2.881250000000001,0.08394343752544345
358,-2.912500000000001,0.08352372033781623
359,-3.193750000000002,0.08310610173612715
360,1.0325000000000002,0.08269057122744651
361,-0.23874999999999957,0.08227711837130927
362,0.4199999999999997,0.08186573277945272
363,-2.7375000000000007,0.08145640411555546
364,-2.8737500000000007,0.08104912209497768
365,0.78625,0.08064387648450279
366,0.8225,0.08024065710208027
367,-2.775000000000001,0.07983945381656987
368,-2.862500000000001,0.07944025654748703
369,-2.823750000000001,0.0790430552647496
370,-2.8775,0.07864783998842585
371,-2.8737500000000007,0.07825460078848372
372,-2.7925000000000004,0.0778633277845413
373,0.2862499999999999,0.0774740111456186
374,-2.8050000000000006,0.07708664108989051
375,0.5362499999999999,0.07670120788444106
376,-2.8587499999999997,0.07631770184501885
377,-2.972500000000001,0.07593611333579375
378,-2.8862500000000013,0.07555643276911478
379,-0.7324999999999997,0.07517865060526921
380,-2.9312500000000012,0.07480275735224286
381,-2.88,0.07442874356548164
382,-2.7312500000000006,0.07405659984765423
383,-2.843750000000001,0.07368631684841595
384,-2.818750000000001,0.07331788526417388
385,-0.5162499999999992,0.07295129583785301
386,-2.818750000000001,0.07258653935866374
387,-2.9312500000000012,0.07222360666187043
388,-2.8937500000000007,0.07186248862856108
389,-2.912500000000001,0.07150317618541828
390,-2.9112500000000012,0.07114566030449118
391,-2.8912500000000008,0.07078993200296872
392,-2.950000000000001,0.07043598234295388
393,-2.817500000000001,0.07008380243123911
394,-2.9837500000000006,0.06973338341908292
395,-3.0312500000000013,0.0693847165019875
396,-2.936250000000001,0.06903779291947756
397,-2.6250000000000004,0.06869260395488018
398,-0.6524999999999996,0.06834914093510577
399,-2.7937500000000006,0.06800739523043024
400,-3.0925,0.0676673582542781
401,-2.868750000000001,0.0673290214630067
402,-0.46874999999999933,0.06699237635569168
403,-2.7875000000000005,0.06665741447391321
404,-2.9300000000000006,0.06632412740154364
405,-2.825000000000001,0.06599250676453593
406,-0.49499999999999944,0.06566254423071324
407,-2.7875000000000005,0.06533423150955968
408,-2.946250000000001,0.06500756035201188
409,-2.8312500000000003,0.06468252255025182
410,0.7074999999999999,0.06435910993750056
411,-0.9400000000000002,0.06403731438781306
412,0.016250000000000098,0.06371712781587399
413,-3.3437500000000004,0.06339854217679462
414,-2.787500000000001,0.06308154946591064
415,-2.9275000000000007,0.0627661417185811
416,-2.7800000000000007,0.06245231100998819
417,-2.903750000000001,0.06214004945493825
418,-2.855000000000001,0.06182934920766356
419,0.36624999999999974,0.06152020246162524
420,-2.900000000000001,0.06121260144931712
421,-2.9312500000000012,0.06090653844207053
422,-2.868750000000001,0.060602005749860174
423,-0.8949999999999998,0.06029899572111087
424,-1.2962499999999995,0.059997500742505316
425,-2.950000000000001,0.05969751323879279
426,0.7199999999999999,0.059399025672598825
427,-2.942499999999999,0.05910203054423583
428,-0.76875,0.05880652039151465
429,-2.8312500000000007,0.058512487789557074
430,-2.812500000000001,0.05821992535060929
431,-2.861250000000001,0.05792882572385624
432,-2.862500000000001,0.05763918159523696
433,-0.8675000000000002,0.057350985687260776
434,-2.806250000000001,0.05706423075882447
435,-2.7937500000000006,0.05677890960503035
436,-2.6875000000000004,0.056495015057005195
437,-2.8862500000000013,0.05621253998172017
438,0.05250000000000021,0.05593147728181157
439,0.03375000000000017,0.05565181989540251
440,-2.898750000000001,0.055373560795925494
441,-2.7500000000000004,0.05509669299194587
442,-2.8250000000000006,0.05482120952698614
443,-3.2125000000000026,0.054547103479351204
444,-0.5287499999999996,0.05427436796195445
445,-2.837500000000001,0.05400299612214468
446,-2.9050000000000007,0.05373298114153396
447,-1.0087500000000007,0.05346431623582629
448,-2.756250000000001,0.05319699465464715
449,-0.70625,0.05293100968137392
450,-3.7725000000000013,0.052666354632967045
451,-2.948750000000001,0.05240302285980221
452,-3.0587500000000016,0.0521410077455032
453,-2.9000000000000012,0.05188030270677568
454,-2.96125,0.0516209011932418
455,-3.8562499999999997,0.05136279668727559
456,-2.8799999999999994,0.05110598270383922
457,-2.855000000000001,0.05085045279032002
458,-2.7875000000000005,0.05059620052636842
459,0.32999999999999985,0.050343219523736576
460,-3.1312499999999996,0.050091503426117893
461,0.3999999999999997,0.05
462,-0.8787499999999999,0.05
463,-2.8299999999999996,0.05
464,-2.9987500000000007,0.05
465,-2.87,0.05
466,-2.9425000000000012,0.05
467,-2.9800000000000013,0.05
468,-3.3025000000000015,0.05
469,-2.972500000000001,0.05
470,-2.862500000000001,0.05
471,-0.46374999999999944,0.05
472,-2.9425000000000012,0.05
473,-2.880000000000001,0.05
474,-2.7687500000000003,0.05
475,-2.806250000000001,0.05
476,-3.4162500000000002,0.05
477,-2.8625000000000007,0.05
478,-2.9150000000000005,0.05
479,-0.11999999999999944,0.05
480,-2.812500000000001,0.05
481,-2.8562500000000006,0.05
482,-0.37374999999999936,0.05
483,-2.7500000000000004,0.05
484,-2.7600000000000007,0.05
485,-2.862500000000001,0.05
486,-2.862500000000001,0.05
487,-2.80625,0.05
488,0.8262499999999999,0.05
489,-2.7487500000000007,0.05
490,-2.7687500000000007,0.05
491,-2.9312500000000012,0.05
492,1.0250000000000001,0.05
493,-3.0162500000000008,0.05
494,0.19874999999999998,0.05
495,-2.830000000000001,0.05
496,-2.927500000000001,0.05
497,-2.7874999999999996,0.05
498,0.4824999999999997,0.05
499,-2.8312500000000007,0.05
500,-2.843750000000001,0.05
501,-3.032500000000001,0.05
502,-2.7687500000000007,0.05
503,-2.798750000000001,0.05
504,-3.0850000000000017,0.05
505,-2.7175000000000007,0.05
506,-3.625,0.05
507,-2.831250000000001,0.05
508,0.5987499999999998,0.05
509,0.16625,0.05
510,-2.812500000000001,0.05
511,-2.9562500000000003,0.05
512,0.32499999999999973,0.05
513,-2.872500000000001,0.05
514,-2.841250000000001,0.05
515,-3.102500000000001,0.05
516,-2.900000000000001,0.05
517,-2.84,0.05
518,1.1400000000000001,0.05
519,-2.786250000000001,0.05
520,-2.85625,0.05
521,-2.818750000000001,0.05
522,1.23875,0.05
523,-2.7500000000000004,0.05
524,-0.10499999999999976,0.05
525,-3.1337499999999996,0.05
526,0.82375,0.05
527,-2.7562500000000005,0.05
528,-2.892500000000001,0.05
529,-3.057500000000002,0.05
530,-2.8850000000000002,0.05
531,-3.1687500000000006,0.05
532,-3.0312500000000004,0.05
533,-2.9487500000000004,0.05
534,-2.9237500000000005,0.05
535,-1.1937500000000005,0.05
536,-2.81875,0.05
537,-2.892500000000001,0.05
538,-2.873750000000001,0.05
539,-3.5450000000000017,0.05
540,-2.9949999999999997,0.05
541,-2.8800000000000012,0.05
542,-2.9450000000000003,0.05
543,-3.0799999999999996,0.05
544,-2.825000000000001,0.05
545,-2.7800000000000007,0.05
546,-3.3125000000000018,0.05
547,-0.10249999999999937,0.05
548,-2.806250000000001,0.05
549,-2.7187500000000004,0.05
550,-2.96875,0.05
551,-3.243750000000002,0.05
552,-2.85875,0.05
553,-3.0650000000000004,0.05
554,-0.8425000000000002,0.05
555,-2.8600000000000003,0.05
556,-2.861250000000001,0.05
557,-2.7062500000000003,0.05
558,0.3462499999999997,0.05
559,-0.8487500000000001,0.05
560,-2.7875000000000005,0.05
561,-2.862500000000001,0.05
562,-2.8000000000000007,0.05
563,-2.886250000000001,0.05
564,0.865,0.05
565,-2.91875,0.05
566,-2.7925000000000004,0.05
567,-2.7625000000000006,0.05
568,-3.025000000000001,0.05
569,-2.775000000000001,0.05
570,-2.8062500000000004,0.05
571,-2.781250000000001,0.05
572,-2.7625000000000006,0.05
573,-2.8312500000000007,0.05
574,-2.806250000000001,0.05
575,-2.847500000000001,0.05
576,-0.7599999999999996,0.05
577,0.19999999999999996,0.05
578,0.34499999999999975,0.05
579,-3.2499999999999996,0.05
580,0.5662499999999998,0.05
581,-2.900000000000001,0.05
582,0.2862499999999999,0.05
583,-3.4262500000000005,0.05
584,-0.4024999999999994,0.05
585,-3.3212500000000005,0.05
586,-3.0325000000000006,0.05
587,-3.0050000000000003,0.05
588,-3.7712500000000007,0.05
589,-2.881250000000001,0.05
590,-3.7112500000000015,0.05
591,-2.812500000000001,0.05
592,-0.3574999999999995,0.05
593,-2.903750000000001,0.05
594,-3.445000000000002,0.05
595,-3.2800000000000025,0.05
596,-2.812500000000001,0.05
597,0.6449999999999999,0.05
598,-3.0000000000000013,0.05
599,0.18249999999999988,0.05
600,-1.1375,0.05
601,0.2587500000000005,0.05
602,-3.038750000000001,0.05
603,-2.931250000000002,0.05
604,-2.850000000000001,0.05
605,-2.6687500000000006,0.05
606,-2.9800000000000013,0.05
607,-2.837500000000001,0.05
608,-0.9475000000000005,0.05
609,-3.260000000000001,0.05
610,-3.0812499999999994,0.05
611,-0.2212499999999995,0.05
612,-3.0325,0.05
613,-2.775000000000001,0.05
614,-2.8687500000000004,0.05
615,0.8875000000000001,0.05
616,-2.9550000000000014,0.05
617,-3.0237499999999997,0.05
618,-2.986250000000001,0.05
619,-2.775000000000001,0.05
620,-2.8800000000000003,0.05
621,-2.806250000000001,0.05
622,-2.862500000000001,0.05
623,-3.021250000000001,0.05
624,-2.767500000000001,0.05
625,-2.900000000000001,0.05
626,0.9900000000000001,0.05
627,0.2949999999999997,0.05
628,-2.7687500000000007,0.05
629,-2.9687499999999996,0.05
630,-0.07374999999999954,0.05
631,-2.88625,0.05
632,-2.873750000000001,0.05
633,-3.1037500000000007,0.05
634,-2.755,0.05
635,-2.8737500000000007,0.05
636,-2.94125,0.05
637,-2.7475000000000005,0.05
638,-2.8987500000000006,0.05
639,-0.3362499999999995,0.05
640,-2.8600000000000008,0.05
641,-1.166250000000001,0.05
642,-3.0087500000000005,0.05
643,-2.848750000000001,0.05
644,-3.4512499999999995,0.05
645,-1.0337500000000006,0.05
646,-2.950000000000001,0.05
647,-1.0,0.05
648,1.3062500000000001,0.05
649,-2.9925000000000006,0.05
650,-0.18999999999999972,0.05
651,-2.6125,0.05
652,-0.5949999999999991,0.05
653,-2.948750000000001,0.05
654,0.8350000000000001,0.05
655,-2.8050000000000006,0.05
656,-2.987500000000001,0.05
657,-2.7000000000000006,0.05
658,0.39624999999999977,0.05
659,1.155,0.05
660,-2.892500000000001,0.05
661,-2.8687500000000012,0.05
662,-2.950000000000001,0.05
663,-2.7875000000000005,0.05
664,-2.812500000000001,0.05
665,-2.9687500000000013,0.05
666,-3.0550000000000015,0.05
667,-2.667499999999999,0.05
668,-0.08499999999999952,0.05
669,-0.05999999999999983,0.05
670,-2.806250000000001,0.05
671,-3.5200000000000027,0.05
672,0.05374999999999974,0.05
673,-0.42624999999999935,0.05
674,-2.918750000000001,0.05
675,-2.9425000000000012,0.05
676,-2.848750000000001,0.05
677,-2.873750000000001,0.05
678,-2.5362500000000003,0.05
679,-2.843750000000001,0.05
680,-2.8312500000000007,0.05
681,-2.7687500000000007,0.05
682,-0.45749999999999913,0.05
683,-2.867500000000001,0.05
684,-2.856250000000001,0.05
685,-2.7875000000000005,0.05
686,0.8712500000000001,0.05
687,-3.0662500000000015,0.05
688,-2.755000000000001,0.05
689,-3.0312500000000013,0.05
690,-2.837500000000001,0.05
691,-3.095000000000001,0.05
692,-2.9562500000000007,0.05
693,-0.5249999999999992,0.05
694,-2.9425000000000012,0.05
695,-0.6999999999999995,0.05
696,-2.7575000000000003,0.05
697,0.94625,0.05
698,-2.8537500000000007,0.05
699,1.04125,0.05
700,0.3312499999999998,0.05
701,-2.8324999999999996,0.05
702,-2.8812500000000005,0.05
703,-2.810000000000001,0.05
704,-2.8937500000000007,0.05
705,-2.755000000000001,0.05
706,-2.7487500000000007,0.05
707,-3.51,0.05
708,-3.3550000000000004,0.05
709,-2.856250000000001,0.05
710,0.9425000000000001,0.05
711,-3.345,0.05
712,0.3112499999999998,0.05
713,-2.9500000000000006,0.05
714,-2.88875,0.05
715,0.2849999999999997,0.05
716,0.9600000000000001,0.05
717,0.7825,0.05
718,-0.7899999999999998,0.05
719,-2.7687500000000003,0.05
720,-1.0150000000000003,0.05
721,-2.818750000000001,0.05
722,-2.880000000000001,0.05
723,-1.2887500000000003,0.05
724,-2.6750000000000003,0.05
725,-3.18,0.05
726,0.7374999999999999,0.05
727,0.5237499999999997,0.05
728,-1.3462499999999997,0.05
729,1.1087500000000001,0.05
730,1.1125,0.05
731,0.6162500000000001,0.05
732,-3.0425000000000013,0.05
733,-0.9012499999999999,0.05
734,-0.07999999999999985,0.05
735,0.5624999999999998,0.05
736,-3.1650000000000014,0.05
737,-2.8562499999999997,0.05
738,0.5499999999999998,0.05
739,-2.8475000000000006,0.05
740,0.84375,0.05
741,-1.0225000000000006,0.05
742,-2.83625,0.05
743,1.1025,0.05
744,-3.4512500000000017,0.05
745,0.40500000000000025,0.05
746,0.7575,0.05
747,-3.9325,0.05
748,-3.8562499999999997,0.05
749,-0.2124999999999997,0.05
750,0.7399999999999999,0.05
751,-3.335,0.05
752,1.12375,0.05
753,-0.8237499999999993,0.05
754,-3.1637500000000007,0.05
755,-1.5925000000000018,0.05
756,1.08,0.05
757,-2.6687500000000006,0.05
758,-2.6987500000000004,0.05
759,-0.8099999999999998,0.05
760,-3.251250000000002,0.05
761,0.5449999999999997,0.05
762,-3.0525000000000015,0.05
763,-2.8937500000000007,0.05
764,-1.6737500000000003,0.05
765,0.815,0.05
766,-2.8250000000000006,0.05
767,-2.950000000000001,0.05
768,-2.7187500000000004,0.05
769,-2.7937500000000006,0.05
770,-3.4437500000000023,0.05
771,-2.825000000000001,0.05
772,-0.10999999999999965,0.05
773,0.33999999999999986,0.05
774,-2.862500000000001,0.05
775,-2.855000000000001,0.05
776,0.3787499999999997,0.05
777,-2.8875000000000006,0.05
778,-2.911250000000001,0.05
779,-3.128750000000001,0.05
780,-2.9087499999999995,0.05
781,-2.778750000000001,0.05
782,-2.8675000000000006,0.05
783,1.2962500000000001,0.05
784,1.0550000000000002,0.05
785,-2.7187500000000004,0.05
786,-2.7312500000000006,0.05
787,0.3474999999999997,0.05
788,-0.4399999999999993,0.05
789,-3.046250000000002,0.05
790,-2.7487500000000007,0.05
791,0.5062499999999998,0.05
792,-3.1112500000000014,0.05
793,-2.892500000000001,0.05
794,-0.5187499999999994,0.05
795,0.8375,0.05
796,-0.8899999999999999,0.05
797,-0.0762499999999997,0.05
798,-0.2999999999999994,0.05
799,-0.7062499999999998,0.05
800,-2.6987500000000004,0.05
801,-3.04625,0.05
802,-2.930000000000001,0.05
803,-3.1250000000000004,0.05
804,0.05125000000000002,0.05
805,1.3325,0.05
806,0.6587499999999998,0.05
807,0.16625,0.05
808,0.93,0.05
809,-3.5962499999999995,0.05
810,-3.0250000000000012,0.05
811,-2.7550000000000012,0.05
812,-2.7375000000000007,0.05
813,-0.09999999999999964,0.05
814,0.042500000000000204,0.05
815,0.86,0.05
816,0.2200000000000002,0.05
817,-3.0062500000000005,0.05
818,0.76375,0.05
819,-2.825000000000001,0.05
820,0.7274999999999999,0.05
821,0.9837500000000001,0.05
822,1.3362500000000002,0.05
823,1.5225000000000002,0.05
824,0.5862499999999997,0.05
825,-3.276249999999999,0.05
826,-0.4024999999999992,0.05
827,-2.8312500000000007,0.05
828,0.825,0.05
829,-2.8625000000000007,0.05
830,-2.855000000000001,0.05
831,-2.9875000000000007,0.05
832,1.15375,0.05
833,-0.12499999999999911,0.05
834,-2.6687500000000006,0.05
835,0.6974999999999999,0.05
836,-0.43874999999999953,0.05
837,1.12125,0.05
838,-2.787500000000001,0.05
839,-2.935000000000001,0.05
840,-1.0200000000000007,0.05
841,0.9750000000000001,0.05
842,-4.00125,0.05
843,-2.98875,0.05
844,-3.0912500000000014,0.05
845,0.35499999999999976,0.05
846,-2.872500000000001,0.05
847,0.2637500000000004,0.05
848,0.6099999999999998,0.05
849,-2.972500000000001,0.05
850,-2.8850000000000002,0.05
851,-2.7750000000000004,0.05
852,-0.5399999999999998,0.05
853,-3.680000000000002,0.05
854,-2.8375000000000012,0.05
855,0.4412499999999997,0.05
856,1.3250000000000002,0.05
857,-0.46249999999999925,0.05
858,1.2437500000000001,0.05
859,-2.9075,0.05
860,0.2562500000000001,0.05
861,-0.7825,0.05
862,0.08499999999999996,0.05
863,0.9337500000000001,0.05
864,1.1125,0.05
865,-2.79875,0.05
866,0.8237500000000001,0.05
867,-0.4324999999999992,0.05
868,-0.5574999999999992,0.05
869,-0.03624999999999967,0.05
870,-3.09875,0.05
871,-2.843750000000001,0.05
872,-2.9312500000000012,0.05
873,-2.950000000000001,0.05
874,0.5999999999999998,0.05
875,0.5462499999999998,0.05
876,-2.7687500000000007,0.05
877,1.0550000000000002,0.05
878,0.07499999999999996,0.05
879,-2.8800000000000003,0.05
880,-2.8675000000000006,0.05
881,0.98,0.05
882,1.135,0.05
883,-4.10375,0.05
884,1.4225,0.05
885,-2.822500000000001,0.05
886,-0.6899999999999997,0.05
887,-2.893750000000001,0.05
888,0.011250000000000204,0.05
889,0.11749999999999994,0.05
890,-1.2425000000000013,0.05
891,0.5162499999999997,0.05
892,-2.886250000000001,0.05
893,0.3837499999999998,0.05
894,1.20375,0.05
895,-0.19499999999999962,0.05
896,0.9225,0.05
897,0.15000000000000036,0.05
898,-3.0025000000000013,0.05
899,-0.25999999999999956,0.05
900,0.41124999999999967,0.05
901,-2.837500000000001,0.05
902,-0.45749999999999935,0.05
903,1.06875,0.05
904,-0.2774999999999994,0.05
905,-2.886250000000001,0.05
906,1.44875,0.05
907,0.4399999999999997,0.05
908,0.5149999999999998,0.05
909,-0.1674999999999991,0.05
910,-2.817500000000001,0.05
911,0.3112499999999998,0.05
912,-1.1700000000000002,0.05
913,-2.9350000000000005,0.05
914,0.7149999999999999,0.05
915,-3.531250000000001,0.05
916,0.9900000000000001,0.05
917,-0.3612499999999994,0.05
918,1.07,0.05
919,0.4199999999999997,0.05
920,-2.9350000000000005,0.05
921,0.9537500000000001,0.05
922,0.4774999999999998,0.05
923,-3.6462500000000007,0.05
924,-2.6925,0.05
925,-0.1587499999999995,0.05
926,0.9287500000000001,0.05
927,-2.88,0.05
928,-2.912500000000001,0.05
929,0.85,0.05
930,0.9100000000000001,0.05
931,-0.9425000000000006,0.05
932,-3.220000000000001,0.05
933,1.0662500000000001,0.05
934,-2.7675000000000005,0.05
935,0.8,0.05
936,0.39124999999999965,0.05
937,1.0275,0.05
938,1.4725000000000001,0.05
939,0.7999999999999999,0.05
940,-3.5900000000000003,0.05
941,0.9400000000000001,0.05
942,0.3637499999999998,0.05
943,1.5225000000000002,0.05
944,1.0562500000000001,0.05
945,1.245,0.05
946,0.84875,0.05
947,0.3849999999999998,0.05
948,1.2537500000000001,0.05
949,1.04,0.05
950,0.35999999999999965,0.05
951,0.79625,0.05
952,-3.222500000000001,0.05
953,-3.5499999999999994,0.05
954,0.9537500000000001,0.05
955,0.46499999999999975,0.05
956,0.9337500000000001,0.05
957,0.15874999999999995,0.05
958,1.11625,0.05
959,1.2775,0.05
960,0.4399999999999997,0.05
961,-0.6237499999999996,0.05
962,1.2575,0.05
963,1.0750000000000002,0.05
964,-0.5924999999999994,0.05
965,1.28125,0.05
966,-0.6599999999999995,0.05
967,1.18125,0.05
968,-2.73125,0.05
969,0.6449999999999998,0.05
970,0.25624999999999987,0.05
971,0.1462500000000002,0.05
972,0.84,0.05
973,0.9912500000000001,0.05
974,0.23499999999999988,0.05
975,-2.6750000000000007,0.05
976,1.0175,0.05
977,0.40249999999999964,0.05
978,1.4900000000000002,0.05
979,-1.1250000000000004,0.05
980,-2.812500000000001,0.05
981,0.3049999999999997,0.05
982,-2.922500000000001,0.05
983,0.15500000000000003,0.05
984,-3.0212500000000015,0.05
985,-0.6462499999999995,0.05
986,0.04625000000000057,0.05
987,1.18875,0.05
988,0.98875,0.05
989,1.20625,0.05
990,0.18874999999999997,0.05
991,-3.1412500000000003,0.05
992,0.19124999999999992,0.05
993,-2.818750000000001,0.05
994,-3.4600000000000026,0.05
995,-3.282500000000001,0.05
996,-2.8675,0.05
997,-0.4799999999999993,0.05
998,1.04125,0.05
999,0.25624999999999987,0.05
1000,-3.0362500000000012,0.05
1001,-0.825,0.05
1002,1.06375,0.05
1003,-3.4600000000000017,0.05
1004,-2.8000000000000007,0.05
1005,-1.3312500000000018,0.05
1006,1.54125,0.05
1007,0.3224999999999998,0.05
1008,0.6537499999999998,0.05
1009,1.46875,0.05
1010,-2.9050000000000007,0.05
1011,-2.9050000000000007,0.05
1012,0.7837500000000001,0.05
1013,-2.8312500000000003,0.05
1014,-2.881250000000001,0.05
1015,0.85125,0.05
1016,1.1487500000000002,0.05
1017,1.1525,0.05
1018,0.8350000000000001,0.05
1019,1.31125,0.05
1020,0.90375,0.05
1021,1.225,0.05
1022,0.28375000000000017,0.05
1023,0.18874999999999997,0.05
1024,-2.8312500000000007,0.05
1025,1.0575,0.05
1026,0.7024999999999999,0.05
1027,0.7724999999999999,0.05
1028,0.32999999999999985,0.05
1029,0.5487499999999997,0.05
1030,-0.3649999999999989,0.05
1031,-3.1637500000000007,0.05
1032,0.9975,0.05
1033,-0.42624999999999935,0.05
1034,-2.918750000000002,0.05
1035,0.48999999999999966,0.05
1036,-2.850000000000001,0.05
1037,0.3062499999999999,0.05
1038,0.5674999999999998,0.05
1039,0.8324999999999999,0.05
1040,-0.5062499999999994,0.05
1041,-0.37499999999999956,0.05
1042,1.235,0.05
1043,1.27625,0.05
1044,-0.9275,0.05
1045,0.7037499999999999,0.05
1046,0.08750000000000013,0.05
1047,-0.8924999999999998,0.05
1048,0.70125,0.05
1049,-2.7375000000000007,0.05
1050,-2.8612500000000014,0.05
1051,0.3587499999999997,0.05
1052,0.28249999999999975,0.05
1053,-0.1837499999999994,0.05
1054,0.7999999999999999,0.05
1055,0.17500000000000004,0.05
1056,-2.806250000000001,0.05
1057,0.9950000000000001,0.05
1058,0.44999999999999973,0.05
1059,-0.7787500000000003,0.05
1060,0.09499999999999997,0.05
1061,0.5549999999999997,0.05
1062,0.935,0.05
1063,1.0925,0.05
1064,-2.8050000000000006,0.05
1065,-2.903750000000001,0.05
1066,0.9275000000000001,0.05
1067,-1.0375000000000008,0.05
1068,-2.9687500000000004,0.05
1069,1.2725,0.05
1070,0.87375,0.05
1071,-2.867500000000001,0.05
1072,0.8012499999999999,0.05
1073,-2.8737500000000007,0.05
1074,-2.892500000000001,0.05
1075,-1.5499999999999996,0.05
1076,-0.7975000000000001,0.05
1077,-0.4812499999999993,0.05
1078,0.9087500000000001,0.05
1079,0.9487500000000001,0.05
1080,1.0950000000000002,0.05
1081,0.9475,0.05
1082,1.21,0.05
1083,0.875,0.05
1084,0.9887500000000001,0.05
1085,1.05375,0.05
1086,0.6887499999999999,0.05
1087,0.84,0.05
1088,-3.0549999999999997,0.05
1089,0.78,0.05
1090,-2.9687500000000004,0.05
1091,-2.718750000000001,0.05
1092,-2.918750000000001,0.05
1093,0.80375,0.05
1094,1.18625,0.05
1095,1.40875,0.05
1096,0.8062499999999999,0.05
1097,-0.4099999999999997,0.05
1098,0.5162499999999998,0.05
1099,0.5012499999999996,0.05
1100,-0.023749999999999494,0.05
1101,0.7699999999999999,0.05
1102,-0.7699999999999998,0.05
1103,1.1975,0.05
1104,-0.18999999999999972,0.05
1105,-0.5649999999999993,0.05
1106,0.78375,0.05
1107,0.8175,0.05
1108,0.745,0.05
1109,0.14625,0.05
1110,-2.8425000000000007,0.05
1111,-3.0400000000000014,0.05
1112,-2.900000000000001,0.05
1113,0.8250000000000001,0.05
1114,0.2662499999999999,0.05
1115,-1.0162500000000003,0.05
1116,-2.9050000000000007,0.05
1117,1.2337500000000001,0.05
1118,-0.6412499999999997,0.05
1119,-3.0250000000000004,0.05
1120,-2.698750000000001,0.05
1121,0.12250000000000005,0.05
1122,-3.0112500000000013,0.05
1123,0.85625,0.05
1124,-2.8562500000000006,0.05
1125,1.1425,0.05
1126,0.7875,0.05
1127,-3.1562500000000018,0.05
1128,-3.261250000000002,0.05
1129,-0.8149999999999997,0.05
1130,-3.1512500000000006,0.05
1131,-2.8537500000000007,0.05
1132,0.0787500000000001,0.05
1133,1.4725000000000001,0.05
1134,-0.6362499999999993,0.05
1135,1.155,0.05
1136,0.5062499999999999,0.05
1137,1.3800000000000001,0.05
1138,0.9287500000000001,0.05
1139,0.97,0.05
1140,0.8225,0.05
1141,0.6212499999999999,0.05
1142,1.39375,0.05
1143,0.7275,0.05
1144,0.13875000000000037,0.05
1145,0.8049999999999999,0.05
1146,-3.2824999999999998,0.05
1147,1.2175,0.05
1148,1.235,0.05
1149,1.185,0.05
1150,0.92,0.05
1151,-2.850000000000001,0.05
1152,1.1687500000000002,0.05
1153,0.9337500000000001,0.05
1154,-0.3462499999999995,0.05
1155,0.3062499999999997,0.05
1156,0.85875,0.05
1157,0.4262499999999998,0.05
1158,1.2937500000000002,0.05
1159,1.2625000000000002,0.05
1160,0.1875,0.05
1161,0.78625,0.05
1162,0.3400000000000001,0.05
1163,0.895,0.05
1164,0.6174999999999998,0.05
1165,1.0450000000000002,0.05
1166,-2.843750000000001,0.05
1167,0.8612500000000001,0.05
1168,-2.7875000000000005,0.05
1169,0.8175,0.05
1170,0.6049999999999998,0.05
1171,0.6974999999999999,0.05
1172,0.9700000000000001,0.05
1173,0.10875000000000012,0.05
1174,0.3999999999999997,0.05
1175,-0.010000000000000009,0.05
1176,1.0875000000000001,0.05
1177,1.2112500000000002,0.05
1178,0.8,0.05
1179,1.05875,0.05
1180,1.135,0.05
1181,1.01875,0.05
1182,1.25875,0.05
1183,0.32499999999999996,0.05
1184,-0.4449999999999994,0.05
1185,1.1262500000000002,0.05
1186,0.8575,0.05
1187,0.705,0.05
1188,1.445,0.05
1189,-2.9325000000000006,0.05
1190,-2.875000000000001,0.05
1191,-0.1962499999999996,0.05
1192,0.7187499999999999,0.05
1193,-0.0024999999999997247,0.05
1194,1.07625,0.05
1195,1.03,0.05
1196,-2.7300000000000004,0.05
1197,0.4399999999999997,0.05
1198,0.3899999999999999,0.05
1199,0.9,0.05
1200,0.96625,0.05
1201,1.10125,0.05
1202,-2.875000000000001,0.05
1203,0.5649999999999997,0.05
1204,-3.221250000000001,0.05
1205,0.6387499999999998,0.05
1206,0.8475,0.05
1207,0.91625,0.05
1208,0.7899999999999999,0.05
1209,0.60375,0.05
1210,-3.0012499999999998,0.05
1211,1.0325000000000002,0.05
1212,0.8112500000000001,0.05
1213,0.6749999999999998,0.05
1214,1.165,0.05
1215,-2.818750000000001,0.05
1216,1.1525,0.05
1217,1.1725,0.05
1218,-2.6487500000000006,0.05
1219,0.6699999999999998,0.05
1220,0.33750000000000013,0.05
1221,0.07500000000000018,0.05
1222,1.06125,0.05
1223,0.9337500000000001,0.05
1224,-0.3312499999999996,0.05
1225,0.8062499999999999,0.05
1226,0.3787499999999997,0.05
1227,1.245,0.05
1228,0.77125,0.05
1229,1.30875,0.05
1230,0.46499999999999975,0.05
1231,0.6262499999999999,0.05
1232,0.8125,0.05
1233,0.98875,0.05
1234,1.18625,0.05
1235,0.21374999999999988,0.05
1236,-2.7375000000000007,0.05
1237,1.0350000000000001,0.05
1238,-0.12999999999999967,0.05
1239,0.9900000000000001,0.05
1240,-0.568749999999999,0.05
1241,0.6212499999999997,0.05
1242,1.13125,0.05
1243,0.2637499999999997,0.05
1244,-2.8687500000000004,0.05
1245,1.17,0.05
1246,-0.29999999999999916,0.05
1247,-0.7037499999999997,0.05
1248,1.29125,0.05
1249,0.79,0.05
1250,0.4787499999999999,0.05
1251,-0.23999999999999955,0.05
1252,1.2075,0.05
1253,0.49624999999999975,0.05
1254,1.31875,0.05
1255,0.9837500000000001,0.05
1256,-2.7500000000000004,0.05
1257,0.7875,0.05
1258,0.6787499999999999,0.05
1259,0.9425,0.05
1260,0.47374999999999967,0.05
1261,1.33,0.05
1262,-0.023749999999999716,0.05
1263,1.2862500000000001,0.05
1264,-0.9500000000000004,0.05
1265,-2.950000000000001,0.05
1266,0.815,0.05
1267,1.04,0.05
1268,0.46874999999999967,0.05
1269,1.51375,0.05
1270,-2.880000000000001,0.05
1271,-2.848750000000001,0.05
1272,1.23625,0.05
1273,0.05250000000000021,0.05
1274,0.7149999999999999,0.05
1275,1.125,0.05
1276,0.4937499999999998,0.05
1277,1.0037500000000001,0.05
1278,0.78875,0.05
1279,0.4574999999999998,0.05
1280,0.11125000000000007,0.05
1281,-0.7949999999999999,0.05
1282,-0.2874999999999994,0.05
1283,-0.3162499999999995,0.05
1284,1.0237500000000002,0.05
1285,-0.23374999999999968,0.05
1286,1.09375,0.05
1287,-0.07874999999999965,0.05
1288,0.30874999999999986,0.05
1289,0.38375000000000004,0.05
1290,1.1300000000000001,0.05
1291,1.27125,0.05
1292,0.87875,0.05
1293,0.6525000000000001,0.05
1294,1.00625,0.05
1295,-0.1812499999999997,0.05
1296,-0.2999999999999996,0.05
1297,0.9500000000000001,0.05
1298,0.875,0.05
1299,0.9675,0.05
1300,1.3587500000000001,0.05
1301,-2.888750000000001,0.05
1302,-3.020000000000002,0.05
1303,0.76625,0.05
1304,0.9587500000000001,0.05
1305,0.875,0.05
1306,0.5562499999999999,0.05
1307,-2.9162500000000002,0.05
1308,0.4049999999999998,0.05
1309,0.7512499999999999,0.05
1310,0.1775,0.05
1311,0.5924999999999998,0.05
1312,0.7875,0.05
1313,0.8612500000000001,0.05
1314,0.935,0.05
1315,0.94625,0.05
1316,1.03875,0.05
1317,1.0437500000000002,0.05
1318,1.28875,0.05
1319,-0.3324999999999996,0.05
1320,1.05875,0.05
1321,0.6224999999999998,0.05
1322,1.1887500000000002,0.05
1323,0.925,0.05
1324,0.5674999999999998,0.05
1325,0.765,0.05
1326,-0.11124999999999985,0.05
1327,-2.958750000000001,0.05
1328,0.28749999999999987,0.05
1329,1.4300000000000002,0.05
1330,0.93,0.05
1331,-2.8000000000000007,0.05
1332,0.9750000000000001,0.05
1333,1.02,0.05
1334,1.28125,0.05
1335,0.9587500000000001,0.05
1336,0.09125000000000005,0.05
1337,1.04875,0.05
1338,0.8775000000000001,0.05
1339,0.7537499999999999,0.05
1340,0.3124999999999998,0.05
1341,-0.19499999999999962,0.05
1342,1.1812500000000001,0.05
1343,1.0987500000000001,0.05
1344,-2.837500000000001,0.05
1345,0.14875000000000016,0.05
1346,0.9400000000000001,0.05
1347,1.3050000000000002,0.05
1348,0.7849999999999999,0.05
1349,1.1712500000000001,0.05
1350,1.1675,0.05
1351,-0.16999999999999948,0.05
1352,1.09375,0.05
1353,1.3075,0.05
1354,1.49,0.05
1355,0.5262499999999999,0.05
1356,-0.6599999999999995,0.05
1357,0.5749999999999998,0.05
1358,-2.7687500000000007,0.05
1359,1.09,0.05
1360,0.7587500000000001,0.05
1361,0.6712499999999999,0.05
1362,-1.2250000000000008,0.05
1363,1.14375,0.05
1364,0.5724999999999999,0.05
1365,0.6899999999999998,0.05
1366,-0.41124999999999945,0.05
1367,1.00625,0.05
1368,1.245,0.05
1369,-3.105000000000001,0.05
1370,-2.885000000000001,0.05
1371,1.45375,0.05
1372,0.91625,0.05
1373,0.6862499999999998,0.05
1374,0.4399999999999997,0.05
1375,1.07125,0.05
1376,1.12625,0.05
1377,1.18625,0.05
1378,-2.6987500000000004,0.05
1379,0.88625,0.05
1380,1.2650000000000001,0.05
1381,1.20375,0.05
1382,0.24625000000000008,0.05
1383,1.0225,0.05
1384,0.053750000000000187,0.05
1385,0.3487499999999999,0.05
1386,0.6087499999999999,0.05
1387,-2.9500000000000015,0.05
1388,-0.7287499999999996,0.05
1389,0.7000000000000001,0.05
1390,1.18125,0.05
1391,0.9650000000000001,0.05
1392,0.9225000000000001,0.05
1393,1.4912500000000002,0.05
1394,1.2112500000000002,0.05
1395,0.7549999999999999,0.05
1396,0.026250000000000107,0.05
1397,1.1,0.05
1398,0.6499999999999999,0.05
1399,1.29125,0.05
1400,0.45999999999999963,0.05
1401,0.79625,0.05
1402,0.82,0.05
1403,0.9500000000000001,0.05
1404,0.6649999999999999,0.05
1405,1.1925000000000001,0.05
1406,1.0462500000000001,0.05
1407,1.0850000000000002,0.05
1408,1.04,0.05
1409,-0.6862499999999996,0.05
1410,-2.71,0.05
1411,-0.68625,0.05
1412,0.6999999999999998,0.05
1413,1.02125,0.05
1414,0.86,0.05
1415,1.07875,0.05
1416,1.16625,0.05
1417,-0.5962499999999997,0.05
1418,0.5487499999999997,0.05
1419,1.23875,0.05
1420,-0.11250000000000004,0.05
1421,1.205,0.05
1422,0.9500000000000001,0.05
1423,0.8862500000000001,0.05
1424,0.6662499999999999,0.05
1425,1.26,0.05
1426,0.7575,0.05
1427,-2.723750000000001,0.05
1428,0.19999999999999996,0.05
1429,0.85875,0.05
1430,1.32,0.05
1431,0.8775,0.05
1432,0.9725000000000001,0.05
1433,0.8324999999999999,0.05
1434,0.16625,0.05
1435,1.0025,0.05
1436,1.06125,0.05
1437,-1.1437499999999998,0.05
1438,-2.9274999999999998,0.05
1439,0.4462499999999997,0.05
1440,1.1187500000000001,0.05
1441,-3.196249999999999,0.05
1442,0.775,0.05
1443,0.1499999999999999,0.05
1444,0.6599999999999998,0.05
1445,-0.7737499999999999,0.05
1446,0.8324999999999999,0.05
1447,1.3275000000000001,0.05
1448,1.0875000000000001,0.05
1449,0.8962500000000001,0.05
1450,1.1,0.05
1451,1.13125,0.05
1452,1.3025,0.05
1453,1.1,0.05
1454,1.2125000000000001,0.05
1455,0.7700000000000001,0.05
1456,0.9112500000000001,0.05
1457,1.0925,0.05
1458,0.9750000000000001,0.05
1459,0.9425,0.05
1460,0.5474999999999998,0.05
1461,1.1712500000000001,0.05
1462,1.1300000000000001,0.05
1463,1.1925000000000001,0.05
1464,0.8049999999999999,0.05
1465,0.5149999999999998,0.05
1466,0.4199999999999997,0.05
1467,1.455,0.05
1468,1.0,0.05
1469,1.27125,0.05
1470,0.82,0.05
1471,0.6199999999999998,0.05
1472,0.9050000000000001,0.05
1473,0.9912500000000001,0.05
1474,0.8125,0.05
1475,1.0575,0.05
1476,0.83625,0.05
1477,1.18625,0.05
1478,1.2550000000000001,0.05
1479,-0.1599999999999997,0.05
1480,0.85,0.05
1481,1.0050000000000001,0.05
1482,-1.3112499999999998,0.05
1483,1.00875,0.05
1484,0.5662499999999998,0.05
1485,0.6199999999999998,0.05
1486,0.5824999999999998,0.05
1487,0.6937499999999999,0.05
1488,1.02625,0.05
1489,0.5987499999999999,0.05
1490,1.31375,0.05
1491,1.33,0.05
1492,0.81875,0.05
1493,0.8912500000000001,0.05
1494,0.935,0.05
1495,1.2225000000000001,0.05
1496,0.4750000000000001,0.05
1497,0.7687499999999999,0.05
1498,0.9075000000000001,0.05
1499,1.18875,0.05
1500,0.5324999999999998,0.05
1501,1.395,0.05
1502,1.2937500000000002,0.05
1503,0.7849999999999999,0.05
1504,1.40875,0.05
1505,0.34999999999999964,0.05
1506,0.81625,0.05
1507,0.8237500000000001,0.05
1508,0.9837500000000001,0.05
1509,0.8562500000000001,0.05
1510,1.06125,0.05
1511,0.7099999999999999,0.05
1512,0.4662499999999997,0.05
1513,0.34999999999999987,0.05
1514,1.42625,0.05
1515,0.9850000000000001,0.05
1516,0.88,0.05
1517,1.03875,0.05
1518,1.2075,0.05
1519,0.5924999999999999,0.05
1520,1.0525,0.05
1521,0.98875,0.05
1522,0.885,0.05
1523,0.9162500000000001,0.05
1524,1.495,0.05
1525,1.0437500000000002,0.05
1526,-1.0325000000000009,0.05
1527,0.2649999999999999,0.05
1528,0.6450000000000002,0.05
1529,0.7999999999999999,0.05
1530,-0.4037499999999994,0.05
1531,1.4200000000000002,0.05
1532,0.4087499999999997,0.05
1533,0.27249999999999996,0.05
1534,-0.5712499999999994,0.05
1535,0.5962499999999998,0.05
1536,-0.2162499999999996,0.05
1537,1.29,0.05
1538,0.7825,0.05
1539,0.93,0.05
1540,0.4374999999999998,0.05
1541,1.01625,0.05
1542,1.1125,0.05
1543,0.7775,0.05
1544,1.0662500000000001,0.05
1545,0.9475,0.05
1546,0.011250000000000204,0.05
1547,1.2075,0.05
1548,1.03375,0.05
1549,1.11375,0.05
1550,1.02625,0.05
1551,0.7499999999999999,0.05
1552,1.19875,0.05
1553,1.00625,0.05
1554,1.045,0.05
1555,1.0437500000000002,0.05
1556,-2.96875,0.05
1557,-0.4337499999999994,0.05
1558,0.9950000000000001,0.05
1559,1.0625,0.05
1560,0.5949999999999998,0.05
1561,0.5287499999999997,0.05
1562,1.3462500000000002,0.05
1563,0.5124999999999997,0.05
1564,0.18125000000000036,0.05
1565,0.3187500000000003,0.05
1566,1.235,0.05
1567,1.1062500000000002,0.05
1568,0.8912500000000001,0.05
1569,0.4887499999999997,0.05
1570,1.2775,0.05
1571,0.82875,0.05
1572,0.89875,0.05
1573,-0.3974999999999995,0.05
1574,1.1300000000000001,0.05
1575,0.78125,0.05
1576,-3.530000000000002,0.05
1577,1.02,0.05
1578,0.8500000000000001,0.05
1579,0.8962500000000001,0.05
1580,1.30375,0.05
1581,0.8612500000000001,0.05
1582,0.84875,0.05
1583,1.295,0.05
1584,0.8175,0.05
1585,1.39375,0.05
1586,0.8962500000000001,0.05
1587,0.5987499999999999,0.05
1588,0.6999999999999998,0.05
1589,1.49875,0.05
1590,1.08,0.05
1591,1.5687499999999999,0.05
1592,0.59375,0.05
1593,-2.787500000000001,0.05
1594,1.2200000000000002,0.05
1595,1.04875,0.05
1596,0.9125000000000001,0.05
1597,1.06875,0.05
1598,0.8200000000000001,0.05
1599,0.6599999999999998,0.05
1600,1.0237500000000002,0.05
1601,0.1975,0.05
1602,1.20375,0.05
1603,1.02625,0.05
1604,1.215,0.05
1605,0.6762499999999999,0.05
1606,1.04,0.05
1607,1.07875,0.05
1608,0.9150000000000001,0.05
1609,1.2337500000000001,0.05
1610,1.1175000000000002,0.05
1611,0.6474999999999999,0.05
1612,0.5487499999999997,0.05
1613,0.895,0.05
1614,1.07875,0.05
1615,0.9825000000000002,0.05
1616,0.7412499999999999,0.05
1617,0.9475,0.05
1618,1.18625,0.05
1619,0.5862499999999997,0.05
1620,0.935,0.05
1621,1.165,0.05
1622,0.5487499999999997,0.05
1623,1.0025,0.05
1624,0.6199999999999998,0.05
1625,1.1875,0.05
1626,0.95125,0.05
1627,1.1725,0.05
1628,0.7224999999999998,0.05
1629,1.5274999999999999,0.05
1630,1.0875000000000001,0.05
1631,1.0025000000000002,0.05
1632,0.6599999999999998,0.05
1633,1.05875,0.05
1634,0.8625,0.05
1635,1.15375,0.05
1636,0.80375,0.05
1637,-0.4137499999999994,0.05
1638,1.1300000000000001,0.05
1639,0.7937500000000001,0.05
1640,1.39125,0.05
1641,0.32374999999999976,0.05
1642,0.6749999999999998,0.05
1643,0.80375,0.05
1644,1.185,0.05
1645,0.9825000000000002,0.05
1646,0.4049999999999998,0.05
1647,1.21,0.05
1648,0.79375,0.05
1649,-0.5724999999999991,0.05
1650,0.98875,0.05
1651,1.11,0.05
1652,0.7324999999999999,0.05
1653,1.05,0.05
1654,1.1525,0.05
1655,0.2487499999999998,0.05
1656,0.98,0.05
1657,1.225,0.05
1658,0.8900000000000001,0.05
1659,1.15375,0.05
1660,0.9337500000000001,0.05
1661,1.0437500000000002,0.05
1662,1.2625000000000002,0.05
1663,1.4000000000000001,0.05
1664,1.0425,0.05
1665,1.1487500000000002,0.05
1666,0.9275000000000001,0.05
1667,0.85375,0.05
1668,1.24,0.05
1669,-0.18749999999999956,0.05
1670,-3.499999999999999,0.05
1671,0.7437499999999999,0.05
1672,0.7875,0.05
1673,1.0450000000000002,0.05
1674,0.8975000000000001,0.05
1675,1.0762500000000002,0.05
1676,1.0925,0.05
1677,1.1375000000000002,0.05
1678,-2.8000000000000007,0.05
1679,0.7349999999999999,0.05
1680,1.2525,0.05
1681,1.30875,0.05
1682,1.34375,0.05
1683,1.0575,0.05
1684,0.83625,0.05
1685,1.0950000000000002,0.05
1686,1.1775000000000002,0.05
1687,-0.7574999999999996,0.05
1688,1.49875,0.05
1689,1.23,0.05
1690,1.1887500000000002,0.05
1691,-0.01499999999999968,0.05
1692,0.31499999999999995,0.05
1693,1.2225000000000001,0.05
1694,0.7575,0.05
1695,-0.8099999999999998,0.05
1696,1.31,0.05
1697,0.855,0.05
1698,1.2737500000000002,0.05
1699,0.6962499999999999,0.05
1700,1.0,0.05
1701,0.20875,0.05
1702,0.6312499999999999,0.05
1703,1.2112500000000002,0.05
1704,0.89875,0.05
1705,0.050000000000000266,0.05
1706,1.4900000000000002,0.05
1707,1.22625,0.05
1708,1.4300000000000002,0.05
1709,1.1300000000000001,0.05
1710,0.9850000000000001,0.05
1711,1.3025,0.05
1712,0.89375,0.05
1713,1.1675,0.05
1714,1.1725,0.05
1715,1.24125,0.05
1716,1.1125,0.05
1717,1.0625,0.05
1718,1.06,0.05
1719,0.9875,0.05
1720,0.9837500000000001,0.05
1721,1.0550000000000002,0.05
1722,0.6537499999999998,0.05
1723,1.0575,0.05
1724,0.9950000000000001,0.05
1725,0.9637500000000001,0.05
1726,1.0137500000000002,0.05
1727,0.5562499999999997,0.05
1728,0.7374999999999999,0.05
1729,1.15375,0.05
1730,1.065,0.05
1731,1.435,0.05
1732,0.9800000000000001,0.05
1733,1.1487500000000002,0.05
1734,-0.1124999999999996,0.05
1735,1.09375,0.05
1736,-2.9425000000000012,0.05
1737,1.08,0.05
1738,-2.911250000000001,0.05
1739,1.02,0.05
1740,1.26,0.05
1741,1.2937500000000002,0.05
1742,1.5225000000000002,0.05
1743,1.4112500000000001,0.05
1744,0.7149999999999999,0.05
1745,0.5974999999999998,0.05
1746,1.26125,0.05
1747,0.9687500000000001,0.05
1748,0.79375,0.05
1749,1.02625,0.05
1750,1.40375,0.05
1751,0.9650000000000001,0.05
1752,1.0212500000000002,0.05
1753,1.15625,0.05
1754,1.1525,0.05
1755,0.5374999999999998,0.05
1756,0.9512500000000002,0.05
1757,1.33875,0.05
1758,0.9775,0.05
1759,1.0450000000000002,0.05
1760,0.9337500000000001,0.05
1761,0.84,0.05
1762,1.0075,0.05
1763,0.8562500000000001,0.05
1764,0.88125,0.05
1765,0.35499999999999976,0.05
1766,0.93,0.05
1767,0.6212499999999999,0.05
1768,1.33,0.05
1769,0.9400000000000001,0.05
1770,1.08125,0.05
1771,1.1,0.05
1772,0.69125,0.05
1773,1.15375,0.05
1774,0.6024999999999998,0.05
1775,1.1725,0.05
1776,0.86,0.05
1777,1.0762500000000002,0.05
1778,1.295,0.05
1779,1.1300000000000001,0.05
1780,1.1300000000000001,0.05
1781,1.2725,0.05
1782,1.0137500000000002,0.05
1783,1.06,0.05
1784,0.5312499999999998,0.05
1785,0.3624999999999998,0.05
1786,1.2275,0.05
1787,0.8012499999999999,0.05
1788,0.905,0.05
1789,1.06,0.05
1790,1.0750000000000002,0.05
1791,0.8612500000000001,0.05
1792,0.82,0.05
1793,0.91,0.05
1794,0.4399999999999997,0.05
1795,0.81875,0.05
1796,1.1675,0.05
1797,1.20375,0.05
1798,0.8475,0.05
1799,-0.5524999999999991,0.05
1800,1.08,0.05
1801,1.185,0.05
1802,1.20875,0.05
1803,1.3125,0.05
1804,1.2175,0.05
1805,0.7999999999999999,0.05
1806,-0.3562499999999995,0.05
1807,1.24125,0.05
1808,0.7825,0.05
1809,1.01,0.05
1810,1.1625,0.05
1811,1.09,0.05
1812,0.9087500000000001,0.05
1813,1.1187500000000001,0.05
1814,1.04,0.05
1815,1.2775,0.05
1816,1.18625,0.05
1817,1.02625,0.05
1818,1.1125,0.05
1819,-2.8762500000000006,0.05
1820,1.18625,0.05
1821,1.3625,0.05
1822,0.91125,0.05
1823,0.86,0.05
1824,0.5749999999999997,0.05
1825,1.02125,0.05
1826,0.7549999999999999,0.05
1827,0.91125,0.05
1828,0.915,0.05
1829,1.07125,0.05
1830,-0.12999999999999967,0.05
1831,0.8300000000000001,0.05
1832,1.0050000000000001,0.05
1833,1.0137500000000002,0.05
1834,0.7499999999999999,0.05
1835,0.94125,0.05
1836,0.5174999999999997,0.05
1837,0.9475,0.05
1838,0.9337500000000001,0.05
1839,0.8075,0.05
1840,-2.9812500000000006,0.05
1841,1.1300000000000001,0.05
1842,0.98,0.05
1843,0.9512500000000002,0.05
1844,1.025,0.05
1845,0.9900000000000001,0.05
1846,1.08125,0.05
1847,0.5612499999999998,0.05
1848,1.0375,0.05
1849,0.9650000000000001,0.05
1850,1.1,0.05
1851,0.9850000000000001,0.05
1852,1.15375,0.05
1853,1.0525,0.05
1854,0.87875,0.05
1855,0.9700000000000001,0.05
1856,1.17875,0.05
1857,1.2225000000000001,0.05
1858,1.3487500000000001,0.05
1859,1.1475,0.05
1860,0.8262499999999999,0.05
1861,1.22625,0.05
1862,1.0562500000000001,0.05
1863,0.98875,0.05
1864,0.21875,0.05
1865,0.6874999999999999,0.05
1866,1.3625,0.05
1867,0.9237500000000001,0.05
1868,1.24625,0.05
1869,0.4987499999999998,0.05
1870,1.23875,0.05
1871,0.9837500000000001,0.05
1872,1.205,0.05
1873,1.02125,0.05
1874,1.195,0.05
1875,1.32125,0.05
1876,1.2962500000000001,0.05
1877,1.0325000000000002,0.05
1878,0.9225000000000001,0.05
1879,1.5037500000000001,0.05
1880,0.43249999999999966,0.05
1881,0.7487499999999999,0.05
1882,0.7149999999999999,0.05
1883,0.70875,0.05
1884,0.98875,0.05
1885,0.8075,0.05
1886,1.04,0.05
1887,0.87875,0.05
1888,1.2212500000000002,0.05
1889,0.935,0.05
1890,0.83625,0.05
1891,0.69,0.05
1892,1.24625,0.05
1893,0.5399999999999997,0.05
1894,1.0625,0.05
1895,0.5874999999999998,0.05
1896,1.1,0.05
1897,0.5837499999999998,0.05
1898,0.7825,0.05
1899,1.02125,0.05
1900,1.1275,0.05
1901,1.2775,0.05
1902,1.4175,0.05
1903,1.00625,0.05
1904,0.5137499999999997,0.05
1905,1.1525,0.05
1906,0.72,0.05
1907,1.26,0.05
1908,1.12125,0.05
1909,1.34375,0.05
1910,0.4937499999999996,0.05
1911,1.0950000000000002,0.05
1912,0.78875,0.05
1913,1.11,0.05
1914,0.8975000000000001,0.05
1915,0.1625000000000001,0.05
1916,0.9087500000000001,0.05
1917,0.7762499999999999,0.05
1918,1.1487500000000002,0.05
1919,1.1675,0.05
1920,0.43374999999999964,0.05
1921,0.6887499999999999,0.05
1922,0.46874999999999967,0.05
1923,0.7699999999999999,0.05
1924,1.1425,0.05
1925,1.1875,0.05
1926,1.4725000000000001,0.05
1927,1.215,0.05
1928,-2.8600000000000008,0.05
1929,1.19875,0.05
1930,1.4900000000000002,0.05
1931,1.3125,0.05
1932,1.20375,0.05
1933,0.6037499999999998,0.05
1934,1.13125,0.05
1935,0.73125,0.05
1936,1.54125,0.05
1937,0.9525000000000001,0.05
1938,1.215,0.05
1939,0.895,0.05
1940,1.20125,0.05
1941,0.8375,0.05
1942,1.1300000000000001,0.05
1943,1.0625,0.05
1944,1.0625,0.05
1945,1.1575,0.05
1946,1.09375,0.05
1947,0.8925000000000001,0.05
1948,1.1,0.05
1949,0.91,0.05
1950,0.92,0.05
1951,0.6937499999999999,0.05
1952,1.11125,0.05
1953,-0.16374999999999962,0.05
1954,0.7875,0.05
1955,1.0625,0.05
1956,0.17500000000000004,0.05
1957,1.25875,0.05
1958,0.8175,0.05
1959,0.6599999999999998,0.05
1960,1.395,0.05
1961,1.0137500000000002,0.05
1962,1.1487500000000002,0.05
1963,1.0987500000000001,0.05
1964,1.0875000000000001,0.05
1965,0.6312499999999998,0.05
1966,0.07999999999999985,0.05
1967,0.8087500000000001,0.05
1968,0.39124999999999965,0.05
1969,0.8725,0.05
1970,0.8187500000000001,0.05
1971,1.385,0.05
1972,1.1300000000000001,0.05
1973,0.9062500000000001,0.05
1974,1.10125,0.05
1975,1.04,0.05
1976,0.8800000000000001,0.05
1977,0.99,0.05
1978,0.15375000000000005,0.05
1979,0.96625,0.05
1980,1.4175,0.05
1981,0.9325000000000001,0.05
1982,0.865,0.05
1983,0.93,0.05
1984,1.1125,0.05
1985,0.78625,0.05
1986,0.7049999999999998,0.05
1987,0.9762500000000001,0.05
1988,1.38375,0.05
1989,1.2725000000000002,0.05
1990,1.07125,0.05
1991,1.0350000000000001,0.05
1992,1.2087500000000002,0.05
1993,1.01625,0.05
1994,1.0875000000000001,0.05
1995,0.9375000000000001,0.05
1996,-1.0237500000000008,0.05
1997,1.0350000000000001,0.05
1998,0.95875,0.05
1999,0.5249999999999998,0.05
2000,1.09375,0.05
2001,0.795,0.05
2002,0.9950000000000001,0.05
2003,-0.0974999999999997,0.05
2004,0.4999999999999998,0.05
2005,0.8612500000000001,0.05
2006,1.3587500000000001,0.05
2007,0.8375,0.05
2008,1.2575,0.05
2009,0.9600000000000002,0.05
2010,1.17625,0.05
2011,0.2949999999999997,0.05
2012,0.6974999999999999,0.05
2013,0.6,0.05
2014,0.9100000000000001,0.05
2015,1.50375,0.05
2016,0.79375,0.05
2017,-0.08874999999999988,0.05
2018,0.725,0.05
2019,0.32750000000000035,0.05
2020,1.0625,0.05
2021,1.1162500000000002,0.05
2022,-0.15124999999999944,0.05
2023,0.9325,0.05
2024,0.5974999999999998,0.05
2025,1.27625,0.05
2026,1.2000000000000002,0.05
2027,1.0250000000000001,0.05
2028,0.915,0.05
2029,1.0350000000000001,0.05
2030,0.90375,0.05
2031,1.13125,0.05
2032,1.17375,0.05
2033,0.8375,0.05
2034,0.5599999999999998,0.05
2035,1.28125,0.05
2036,0.9087500000000001,0.05
2037,1.1,0.05
2038,0.8775000000000001,0.05
2039,0.9825000000000002,0.05
2040,0.78,0.05
2041,0.6499999999999998,0.05
2042,0.91125,0.05
2043,0.6412499999999998,0.05
2044,1.2937500000000002,0.05
2045,0.935,0.05
2046,0.6587499999999998,0.05
2047,1.11,0.05
2048,1.0625,0.05
2049,0.9537500000000001,0.05
2050,1.01625,0.05
2051,0.7762499999999999,0.05
2052,0.8350000000000001,0.05
2053,0.5237499999999997,0.05
2054,0.26374999999999993,0.05
2055,0.825,0.05
2056,0.7849999999999999,0.05
2057,1.1625,0.05
2058,0.8175,0.05
2059,1.20875,0.05
2060,1.3625,0.05
2061,1.0425,0.05
2062,1.23,0.05
2063,1.03375,0.05
2064,1.03375,0.05
2065,1.08,0.05
2066,0.7675,0.05
2067,1.315,0.05
2068,-0.014999999999999902,0.05
2069,0.9325000000000001,0.05
2070,0.83625,0.05
2071,1.01625,0.05
2072,0.85875,0.05
2073,1.2400000000000002,0.05
2074,0.5987499999999998,0.05
2075,1.07875,0.05
2076,1.0462500000000001,0.05
2077,0.93,0.05
2078,0.94125,0.05
2079,1.0425,0.05
2080,0.9087500000000001,0.05
2081,0.5424999999999998,0.05
2082,0.6937499999999999,0.05
2083,1.0012500000000002,0.05
2084,0.8750000000000001,0.05
2085,0.6899999999999998,0.05
2086,1.1125,0.05
2087,1.1300000000000001,0.05
2088,1.0137500000000002,0.05
2089,0.71,0.05
2090,0.9712500000000001,0.05
2091,0.72,0.05
2092,0.8049999999999999,0.05
2093,1.3075,0.05
2094,0.91125,0.05
2095,1.3362500000000002,0.05
2096,0.8925000000000001,0.05
2097,1.0662500000000001,0.05
2098,1.21,0.05
2099,0.7262500000000001,0.05
2100,1.3125,0.05
2101,1.29875,0.05
2102,1.18125,0.05
2103,0.9650000000000001,0.05
2104,0.5437499999999997,0.05
2105,1.07625,0.05
2106,0.7049999999999998,0.05
2107,0.47999999999999987,0.05
2108,1.00875,0.05
2109,0.9900000000000001,0.05
2110,0.6849999999999998,0.05
2111,1.2537500000000001,0.05
2112,0.875,0.05
2113,0.37124999999999986,0.05
2114,1.4625000000000001,0.05
2115,1.2175,0.05
2116,1.0275,0.05
2117,1.185,0.05
2118,1.2975,0.05
2119,1.0925,0.05
2120,0.21625000000000005,0.05
2121,1.5362500000000001,0.05
2122,0.5599999999999999,0.05
2123,0.6374999999999998,0.05
2124,0.85375,0.05
2125,0.7875000000000001,0.05
2126,0.8312499999999999,0.05
2127,0.91625,0.05
2128,1.07875,0.05
2129,1.1300000000000001,0.05
2130,0.5912499999999997,0.05
2131,1.3250000000000002,0.05
2132,0.9650000000000001,0.05
2133,1.2862500000000001,0.05
2134,1.135,0.05
2135,0.91,0.05
2136,0.9337500000000001,0.05
2137,0.96125,0.05
2138,1.32,0.05
2139,1.1612500000000001,0.05
2140,1.39375,0.05
2141,0.97875,0.05
2142,1.1287500000000001,0.05
2143,0.4762499999999996,0.05
2144,1.06125,0.05
2145,1.37125,0.05
2146,0.9712500000000001,0.05
2147,0.9750000000000001,0.05
2148,0.9700000000000001,0.05
2149,1.0350000000000001,0.05
2150,0.41874999999999973,0.05
2151,0.6537499999999998,0.05
2152,1.2675,0.05
2153,0.88,0.05
2154,1.11,0.05
2155,0.88,0.05
2156,1.06125,0.05
2157,1.0137500000000002,0.05
2158,1.4125,0.05
2159,0.8062499999999999,0.05
2160,0.86125,0.05
2161,1.5274999999999999,0.05
2162,1.20875,0.05
2163,0.7124999999999999,0.05
2164,1.1287500000000001,0.05
2165,1.16625,0.05
2166,0.915,0.05
2167,1.3275000000000001,0.05
2168,1.02125,0.05
2169,1.0825,0.05
2170,0.7749999999999999,0.05
2171,0.7199999999999999,0.05
2172,1.295,0.05
2173,0.5312499999999997,0.05
2174,1.05,0.05
2175,1.2175,0.05
2176,1.3687500000000001,0.05
2177,1.085,0.05
2178,0.5299999999999997,0.05
2179,1.11625,0.05
2180,1.11125,0.05
2181,-0.6112499999999994,0.05
2182,1.1875,0.05
2183,0.765,0.05
2184,0.20750000000000002,0.05
2185,1.4175,0.05
2186,0.83625,0.05
2187,1.19,0.05
2188,1.1487500000000002,0.05
2189,1.3325,0.05
2190,1.26,0.05
2191,1.0025,0.05
2192,0.86,0.05
2193,1.32625,0.05
2194,0.80125,0.05
2195,0.87,0.05
2196,1.1300000000000001,0.05
2197,0.97875,0.05
2198,0.05249999999999999,0.05
2199,1.1525,0.05
2200,0.8775000000000001,0.05
2201,1.47625,0.05
2202,0.9650000000000001,0.05
2203,0.9850000000000001,0.05
2204,1.0987500000000001,0.05
2205,0.96625,0.05
2206,1.22625,0.05
2207,1.0562500000000001,0.05
2208,0.98875,0.05
2209,1.0075,0.05
2210,1.2075,0.05
2211,0.9125000000000001,0.05
2212,0.915,0.05
2213,0.8350000000000001,0.05
2214,1.3625,0.05
2215,1.25875,0.05
2216,1.225,0.05
2217,1.3987500000000002,0.05
2218,1.13625,0.05
2219,0.84875,0.05
2220,1.1600000000000001,0.05
2221,0.6825,0.05
2222,-2.837500000000001,0.05
2223,1.1675,0.05
2224,1.1175000000000002,0.05
2225,1.0025,0.05
2226,1.0025,0.05
2227,1.0025,0.05
2228,0.8612500000000001,0.05
2229,0.9837500000000001,0.05
2230,1.1400000000000001,0.05
2231,0.6849999999999999,0.05
2232,1.2275,0.05
2233,1.2550000000000001,0.05
2234,0.9700000000000001,0.05
2235,0.9025000000000001,0.05
2236,0.86125,0.05
2237,0.6387499999999998,0.05
2238,0.8125,0.05
2239,1.32875,0.05
2240,1.0625,0.05
2241,1.4800000000000002,0.05
2242,1.3987500000000002,0.05
2243,0.4874999999999997,0.05
2244,1.23625,0.05
2245,1.24125,0.05
2246,0.9700000000000001,0.05
2247,0.6199999999999998,0.05
2248,0.96625,0.05
2249,0.9637500000000001,0.05
2250,0.90375,0.05
2251,0.705,0.05
2252,0.935,0.05
2253,1.38625,0.05
2254,0.6949999999999998,0.05
2255,0.37999999999999967,0.05
2256,0.73125,0.05
2257,-2.848750000000001,0.05
2258,0.7699999999999999,0.05
2259,0.9712500000000001,0.05
2260,0.9512500000000002,0.05
2261,1.3125,0.05
2262,1.1275,0.05
2263,0.9337500000000001,0.05
2264,1.1300000000000001,0.05
2265,1.1725,0.05
2266,0.7462499999999999,0.05
2267,0.805,0.05
2268,0.8062499999999999,0.05
2269,0.7324999999999999,0.05
2270,0.9512500000000002,0.05
2271,1.21,0.05
2272,0.9087500000000001,0.05
2273,1.0137500000000002,0.05
2274,1.0037500000000001,0.05
2275,0.87375,0.05
2276,0.98,0.05
2277,0.8375,0.05
2278,-2.9037500000000005,0.05
2279,0.5099999999999997,0.05
2280,1.08875,0.05
2281,1.43875,0.05
2282,1.0250000000000001,0.05
2283,1.35,0.05
2284,1.155,0.05
2285,1.0075,0.05
2286,0.9600000000000001,0.05
2287,1.245,0.05
2288,1.37,0.05
2289,0.8500000000000001,0.05
2290,1.1675,0.05
2291,0.22624999999999984,0.05
2292,0.91125,0.05
2293,1.0075,0.05
2294,0.9487500000000001,0.05
2295,0.6749999999999998,0.05
2296,0.5787499999999998,0.05
2297,0.5849999999999997,0.05
2298,-2.8300000000000005,0.05
2299,0.98875,0.05
2300,0.98875,0.05
2301,1.1925000000000001,0.05
2302,1.20625,0.05
2303,1.1125,0.05
2304,1.165,0.05
2305,1.0025,0.05
2306,0.6674999999999999,0.05
2307,0.9237500000000001,0.05
2308,1.09375,0.05
2309,0.5812499999999997,0.05
2310,0.6487499999999998,0.05
2311,1.1675,0.05
2312,0.6587499999999998,0.05
2313,0.91625,0.05
2314,1.2400000000000002,0.05
2315,0.8425,0.05
2316,1.17375,0.05
2317,0.5487499999999997,0.05
2318,1.03875,0.05
2319,1.2087500000000002,0.05
2320,0.9162500000000001,0.05
2321,1.15125,0.05
2322,0.8562500000000001,0.05
2323,0.8012499999999999,0.05
2324,1.2112500000000002,0.05
2325,1.20875,0.05
2326,0.7087499999999999,0.05
2327,0.76625,0.05
2328,1.03375,0.05
2329,0.7224999999999999,0.05
2330,1.28875,0.05
2331,0.9775,0.05
2332,1.2937500000000002,0.05
2333,1.0050000000000001,0.05
2334,0.93,0.05
2335,1.165,0.05
2336,1.135,0.05
2337,1.1487500000000002,0.05
2338,1.07125,0.05
2339,1.135,0.05
2340,1.0550000000000002,0.05
2341,0.99875,0.05
2342,1.11,0.05
2343,1.21,0.05
2344,0.92125,0.05
2345,0.9337500000000001,0.05
2346,1.17375,0.05
2347,0.96625,0.05
2348,1.2175,0.05
2349,0.755,0.05
2350,1.10125,0.05
2351,0.9687500000000001,0.05
2352,1.1675,0.05
2353,0.7449999999999999,0.05
2354,1.1175000000000002,0.05
2355,1.02,0.05
2356,1.1075,0.05
2357,1.1975,0.05
2358,0.6649999999999998,0.05
2359,-2.950000000000001,0.05
2360,0.6537499999999998,0.05
2361,1.4375,0.05
2362,1.03375,0.05
2363,1.0025,0.05
2364,0.825,0.05
2365,0.85,0.05
2366,1.2775,0.05
2367,0.81875,0.05
2368,1.06875,0.05
2369,1.2725,0.05
2370,1.3575000000000002,0.05
2371,0.8475,0.05
2372,1.11125,0.05
2373,0.7649999999999999,0.05
2374,0.7462499999999999,0.05
2375,0.9687500000000001,0.05
2376,1.0437500000000002,0.05
2377,1.11125,0.05
2378,0.79875,0.05
2379,1.1075000000000002,0.05
2380,1.1075,0.05
2381,0.83,0.05
2382,0.81875,0.05
2383,1.0212500000000002,0.05
2384,1.15625,0.05
2385,0.6199999999999998,0.05
2386,1.0550000000000002,0.05
2387,1.07,0.05
2388,1.1487500000000002,0.05
2389,0.5762499999999997,0.05
2390,1.1187500000000001,0.05
2391,0.6674999999999998,0.05
2392,1.07125,0.05
2393,1.1287500000000001,0.05
2394,0.9487500000000001,0.05
2395,0.3799999999999999,0.05
2396,1.06125,0.05
2397,0.44749999999999956,0.05
2398,0.6149999999999999,0.05
2399,0.3612499999999996,0.05
2400,1.4375,0.05
2401,0.8175,0.05
2402,1.34375,0.05
2403,1.17375,0.05
2404,1.0025,0.05
2405,0.9725000000000001,0.05
2406,0.7712500000000001,0.05
2407,0.6962499999999998,0.05
2408,1.1675,0.05
2409,1.0375,0.05
2410,0.6937499999999999,0.05
2411,1.1975,0.05
2412,1.1625,0.05
2413,1.3362500000000002,0.05
2414,0.3574999999999997,0.05
2415,0.6387499999999998,0.05
2416,1.3037500000000002,0.05
2417,1.105,0.05
2418,1.2775,0.05
2419,0.41999999999999993,0.05
2420,0.9525000000000001,0.05
2421,0.9137500000000001,0.05
2422,1.01875,0.05
2423,1.1175000000000002,0.05
2424,0.19999999999999996,0.05
2425,-0.22499999999999964,0.05
2426,0.5012499999999998,0.05
2427,1.0987500000000001,0.05
2428,1.2725,0.05
2429,0.7224999999999999,0.05
2430,0.8425,0.05
2431,-3.08625,0.05
2432,1.1075000000000002,0.05
2433,1.31,0.05
2434,1.5274999999999999,0.05
2435,1.13125,0.05
2436,0.8112499999999999,0.05
2437,1.02875,0.05
2438,0.39124999999999965,0.05
2439,1.0525,0.05
2440,1.25125,0.05
2441,0.6362499999999998,0.05
2442,0.4087499999999997,0.05
2443,0.4824999999999997,0.05
2444,1.3575000000000002,0.05
2445,0.92125,0.05
2446,0.9650000000000001,0.05
2447,1.4212500000000001,0.05
2448,0.8750000000000001,0.05
2449,0.5624999999999998,0.05
2450,1.0987500000000001,0.05
2451,1.07375,0.05
2452,-0.15999999999999948,0.05
2453,-0.04999999999999982,0.05
2454,1.0625,0.05
2455,0.5537499999999997,0.05
2456,0.9712500000000002,0.05
2457,0.9225,0.05
2458,1.1300000000000001,0.05
2459,1.20875,0.05
2460,1.0012500000000002,0.05
2461,0.6999999999999998,0.05
2462,0.6574999999999999,0.05
2463,1.225,0.05
2464,1.06875,0.05
2465,1.0275,0.05
2466,1.1712500000000001,0.05
2467,0.8562500000000001,0.05
2468,1.2075,0.05
2469,1.295,0.05
2470,1.01875,0.05
2471,0.5449999999999997,0.05
2472,0.9837500000000001,0.05
2473,1.0550000000000002,0.05
2474,1.0037500000000001,0.05
2475,1.145,0.05
2476,1.205,0.05
2477,1.18125,0.05
2478,1.1125,0.05
2479,0.875,0.05
2480,0.4737499999999998,0.05
2481,0.82375,0.05
2482,1.5225,0.05
2483,0.8962500000000001,0.05
2484,1.1500000000000001,0.05
2485,0.36250000000000027,0.05
2486,0.8762500000000002,0.05
2487,1.32125,0.05
2488,1.1300000000000001,0.05
2489,1.01875,0.05
2490,1.5,0.05
2491,0.9325000000000001,0.05
2492,1.2275,0.05
2493,1.0987500000000001,0.05
2494,1.2537500000000001,0.05
2495,0.83,0.05
2496,0.86875,0.05
2497,0.895,0.05
2498,0.9125,0.05
2499,1.0075,0.05
2500,1.3487500000000001,0.05
2501,0.8725,0.05
2502,0.9287500000000001,0.05
2503,1.0825,0.05
2504,0.7487499999999999,0.05
2505,0.94625,0.05
2506,1.0237500000000002,0.05
2507,0.6549999999999998,0.05
2508,0.9587500000000001,0.05
2509,1.1125,0.05
2510,1.45375,0.05
2511,1.08125,0.05
2512,0.72125,0.05
2513,0.7649999999999999,0.05
2514,1.1925000000000001,0.05
2515,0.7587499999999999,0.05
2516,1.1,0.05
2517,0.86875,0.05
2518,1.1525,0.05
2519,0.8975000000000001,0.05
2520,1.16625,0.05
2521,0.8350000000000001,0.05
2522,1.475,0.05
2523,0.9375,0.05
2524,1.1175000000000002,0.05
2525,1.04,0.05
2526,0.9675,0.05
2527,1.425,0.05
2528,1.0537500000000002,0.05
2529,1.09375,0.05
2530,0.99,0.05
2531,1.235,0.05
2532,1.2775,0.05
2533,1.0012500000000002,0.05
2534,0.9950000000000001,0.05
2535,0.8975000000000001,0.05
2536,1.2650000000000001,0.05
2537,0.84125,0.05
2538,1.165,0.05
2539,1.15625,0.05
2540,0.94625,0.05
2541,1.05375,0.05
2542,-2.806250000000001,0.05
2543,0.80125,0.05
2544,0.75,0.05
2545,1.06,0.05
2546,0.8900000000000001,0.05
2547,1.145,0.05
2548,0.6662499999999998,0.05
2549,0.93625,0.05
2550,0.89875,0.05
2551,1.14375,0.05
2552,1.35375,0.05
2553,0.6212499999999999,0.05
2554,1.295,0.05
2555,1.00625,0.05
2556,0.7637499999999999,0.05
2557,1.0750000000000002,0.05
2558,0.85625,0.05
2559,1.0950000000000002,0.05
2560,0.9537500000000001,0.05
2561,1.1625,0.05
2562,1.0462500000000001,0.05
2563,1.3587500000000001,0.05
2564,0.9400000000000001,0.05
2565,-2.8612500000000005,0.05
2566,0.9087500000000001,0.05
2567,0.9550000000000001,0.05
2568,1.2275,0.05
2569,0.4549999999999996,0.05
2570,1.06125,0.05
2571,1.2225000000000001,0.05
2572,0.8775000000000001,0.05
2573,1.17,0.05
2574,0.5,0.05
2575,1.39375,0.05
2576,0.9475,0.05
2577,1.29125,0.05
2578,1.3787500000000001,0.05
2579,1.08,0.05
2580,1.03875,0.05
2581,0.9850000000000001,0.05
2582,1.03875,0.05
2583,1.04875,0.05
2584,1.35,0.05
2585,0.9537500000000001,0.05
2586,1.5175,0.05
2587,1.2,0.05
2588,1.12,0.05
2589,0.75125,0.05
2590,0.5199999999999998,0.05
2591,1.29875,0.05
2592,0.93625,0.05
2593,0.70375,0.05
2594,0.9837500000000001,0.05
2595,1.15375,0.05
2596,1.485,0.05
2597,1.14375,0.05
2598,1.06125,0.05
2599,1.1062500000000002,0.05
2600,0.8725,0.05
2601,1.3275000000000001,0.05
2602,1.165,0.05
2603,0.935,0.05
2604,0.935,0.05
2605,-0.14749999999999952,0.05
2606,0.21500000000000008,0.05
2607,0.7949999999999999,0.05
2608,-3.0450000000000017,0.05
2609,1.0950000000000002,0.05
2610,1.17375,0.05
2611,0.9500000000000001,0.05
2612,0.9525000000000001,0.05
2613,0.46374999999999966,0.05
2614,0.9750000000000001,0.05
2615,0.15500000000000025,0.05
2616,1.1475000000000002,0.05
2617,1.18625,0.05
2618,0.7299999999999999,0.05
2619,1.1,0.05
2620,1.25,0.05
2621,1.235,0.05
2622,1.00625,0.05
2623,1.095,0.05
2624,1.4125,0.05
2625,1.08,0.05
2626,1.0750000000000002,0.05
2627,1.335,0.05
2628,1.16625,0.05
2629,1.22125,0.05
2630,1.07375,0.05
2631,0.7137499999999999,0.05
2632,1.0825,0.05
2633,1.00625,0.05
2634,1.22125,0.05
2635,0.7512499999999999,0.05
2636,1.1625,0.05
2637,1.1525,0.05
2638,0.875,0.05
2639,0.78,0.05
2640,0.82,0.05
2641,1.1600000000000001,0.05
2642,1.0,0.05
2643,1.10125,0.05
2644,1.20375,0.05
2645,0.9500000000000001,0.05
2646,0.86875,0.05
2647,0.98875,0.05
2648,1.51375,0.05
2649,1.42625,0.05
2650,1.0237500000000002,0.05
2651,0.6037499999999998,0.05
2652,0.8075,0.05
2653,1.245,0.05
2654,1.13125,0.05
2655,1.2725,0.05
2656,0.84375,0.05
2657,0.8737500000000001,0.05
2658,1.1925000000000001,0.05
2659,0.7937500000000001,0.05
2660,1.03,0.05
2661,0.9825000000000002,0.05
2662,1.0025,0.05
2663,0.82,0.05
2664,0.31874999999999987,0.05
2665,1.0950000000000002,0.05
2666,1.1425,0.05
2667,1.2,0.05
2668,1.0975000000000001,0.05
2669,1.1825,0.05
2670,0.7999999999999999,0.05
2671,0.87,0.05
2672,0.6549999999999999,0.05
2673,0.715,0.05
2674,0.9287500000000001,0.05
2675,0.7299999999999999,0.05
2676,1.08125,0.05
2677,1.22125,0.05
2678,1.29,0.05
2679,1.10125,0.05
2680,0.7949999999999999,0.05
2681,1.2337500000000001,0.05
2682,1.12625,0.05
2683,1.2175,0.05
2684,0.5799999999999998,0.05
2685,0.4399999999999997,0.05
2686,0.98,0.05
2687,1.135,0.05
2688,0.8975000000000001,0.05
2689,1.27125,0.05
2690,1.0437500000000002,0.05
2691,0.99,0.05
2692,0.92,0.05
2693,1.11125,0.05
2694,1.1,0.05
2695,0.73125,0.05
2696,0.46999999999999975,0.05
2697,1.1300000000000001,0.05
2698,0.935,0.05
2699,0.7575,0.05
2700,1.18375,0.05
2701,1.1875,0.05
2702,1.11625,0.05
2703,1.0625,0.05
2704,1.1125,0.05
2705,0.5437499999999997,0.05
2706,0.93,0.05
2707,0.98875,0.05
2708,0.7875,0.05
2709,0.9287500000000001,0.05
2710,0.9112500000000001,0.05
2711,1.2437500000000001,0.05
2712,1.245,0.05
2713,1.07125,0.05
2714,1.07625,0.05
2715,0.73125,0.05
2716,1.2525,0.05
2717,0.39624999999999977,0.05
2718,0.9900000000000001,0.05
2719,-2.780000000000001,0.05
2720,1.17875,0.05
2721,1.3487500000000001,0.05
2722,0.88,0.05
2723,1.0975000000000001,0.05
2724,0.19750000000000023,0.05
2725,0.95625,0.05
2726,1.16625,0.05
2727,1.07625,0.05
2728,0.78,0.05
2729,-0.05249999999999999,0.05
2730,0.88,0.05
2731,1.21625,0.05
2732,0.9837500000000001,0.05
2733,0.8962500000000001,0.05
2734,0.9950000000000001,0.05
2735,0.9225000000000001,0.05
2736,1.0525,0.05
2737,0.5699999999999997,0.05
2738,1.09,0.05
2739,1.4187500000000002,0.05
2740,1.2725,0.05
2741,0.825,0.05
2742,1.0575,0.05
2743,1.185,0.05
2744,0.5449999999999997,0.05
2745,0.8925000000000001,0.05
2746,0.6149999999999999,0.05
2747,1.07375,0.05
2748,1.2075,0.05
2749,0.8350000000000001,0.05
2750,1.0562500000000001,0.05
2751,1.135,0.05
2752,0.30125000000000024,0.05
2753,1.0562500000000001,0.05
2754,0.71,0.05
2755,0.85875,0.05
2756,0.7825,0.05
2757,0.875,0.05
2758,1.1187500000000001,0.05
2759,0.96625,0.05
2760,1.28125,0.05
2761,1.13125,0.05
2762,1.1487500000000002,0.05
2763,0.8225,0.05
2764,1.01875,0.05
2765,0.7449999999999999,0.05
2766,1.01875,0.05
2767,1.225,0.05
2768,1.2025000000000001,0.05
2769,1.26625,0.05
2770,1.2337500000000001,0.05
2771,0.905,0.05
2772,1.07,0.05
2773,-2.9787500000000007,0.05
2774,1.1600000000000001,0.05
2775,1.0125000000000002,0.05
2776,1.0625,0.05
2777,1.17875,0.05
2778,1.0125000000000002,0.05
2779,-2.9800000000000018,0.05
2780,0.9725000000000001,0.05
2781,0.9287500000000001,0.05
2782,1.1525,0.05
2783,1.0450000000000002,0.05
2784,1.25875,0.05
2785,1.0050000000000001,0.05
2786,0.93,0.05
2787,0.81875,0.05
2788,1.1075,0.05
2789,0.97875,0.05
2790,0.935,0.05
2791,0.9337500000000001,0.05
2792,0.9512500000000002,0.05
2793,0.86875,0.05
2794,1.21625,0.05
2795,1.12625,0.05
2796,-0.7962499999999999,0.05
2797,1.25875,0.05
2798,1.0075,0.05
2799,0.6724999999999999,0.05
2800,1.07875,0.05
2801,1.29,0.05
2802,0.9675,0.05
2803,1.14375,0.05
2804,0.86125,0.05
2805,0.83,0.05
2806,1.2737500000000002,0.05
2807,1.0475,0.05
2808,1.07125,0.05
2809,1.155,0.05
2810,1.07625,0.05
2811,0.7437499999999999,0.05
2812,0.6362499999999998,0.05
2813,0.82375,0.05
2814,1.2862500000000001,0.05
2815,1.1125,0.05
2816,0.705,0.05
2817,1.1975,0.05
2818,0.5862499999999997,0.05
2819,0.89625,0.05
2820,1.09375,0.05
2821,1.4900000000000002,0.05
2822,1.03875,0.05
2823,0.9737500000000001,0.05
2824,1.2275,0.05
2825,1.0150000000000001,0.05
2826,1.2475,0.05
2827,1.5175,0.05
2828,1.435,0.05
2829,0.91625,0.05
2830,0.7649999999999999,0.05
2831,0.6724999999999999,0.05
2832,0.7462499999999999,0.05
2833,1.11,0.05
2834,0.8375,0.05
2835,0.72625,0.05
2836,0.9137500000000001,0.05
2837,1.16375,0.05
2838,1.32,0.05
2839,1.175,0.05
2840,0.8350000000000001,0.05
2841,0.9475,0.05
2842,1.17,0.05
2843,1.17,0.05
2844,0.9700000000000001,0.05
2845,0.96625,0.05
2846,0.43999999999999995,0.05
2847,0.94625,0.05
2848,0.9850000000000001,0.05
2849,0.9500000000000001,0.05
2850,0.875,0.05
2851,0.6949999999999998,0.05
2852,0.1962499999999998,0.05
2853,1.15,0.05
2854,0.9975,0.05
2855,1.46375,0.05
2856,1.2862500000000001,0.05
2857,0.48375000000000024,0.05
2858,0.825,0.05
2859,0.80625,0.05
2860,0.72625,0.05
2861,0.46499999999999975,0.05
2862,0.5975,0.05
2863,1.0950000000000002,0.05
2864,0.85625,0.05
2865,-2.7375000000000007,0.05
2866,0.7324999999999999,0.05
2867,1.0987500000000001,0.05
2868,1.23875,0.05
2869,0.84,0.05
2870,1.0075,0.05
2871,1.455,0.05
2872,1.00875,0.05
2873,0.90625,0.05
2874,1.0525000000000002,0.05
2875,1.0137500000000002,0.05
2876,0.85375,0.05
2877,0.9837500000000001,0.05
2878,1.4725000000000001,0.05
2879,1.405,0.05
2880,1.3275000000000001,0.05
2881,0.7687499999999999,0.05
2882,1.3362500000000002,0.05
2883,0.85625,0.05
2884,1.0075,0.05
2885,1.0925,0.05
2886,0.8775000000000001,0.05
2887,1.0050000000000001,0.05
2888,1.0425,0.05
2889,1.04,0.05
2890,0.86125,0.05
2891,1.30875,0.05
2892,0.7775,0.05
2893,0.9325000000000001,0.05
2894,0.91125,0.05
2895,1.0012500000000002,0.05
2896,0.9325000000000001,0.05
2897,1.145,0.05
2898,1.0750000000000002,0.05
2899,1.09375,0.05
2900,1.1475,0.05
2901,0.2749999999999997,0.05
2902,0.825,0.05
2903,0.4362499999999998,0.05
2904,1.0025,0.05
2905,1.15125,0.05
2906,1.2575,0.05
2907,0.49499999999999966,0.05
2908,1.145,0.05
2909,0.9837500000000001,0.05
2910,-2.931250000000001,0.05
2911,1.2862500000000001,0.05
2912,0.88,0.05
2913,1.315,0.05
2914,1.145,0.05
2915,1.28375,0.05
2916,0.6024999999999998,0.05
2917,0.3887499999999997,0.05
2918,1.25,0.05
2919,0.6549999999999998,0.05
2920,0.97875,0.05
2921,1.23625,0.05
2922,0.6774999999999999,0.05
2923,1.24125,0.05
2924,0.4824999999999997,0.05
2925,1.1600000000000001,0.05
2926,0.7437499999999999,0.05
2927,0.9525000000000001,0.05
2928,0.6312499999999998,0.05
2929,0.7512499999999999,0.05
2930,1.02125,0.05
2931,1.0075,0.05
2932,1.22625,0.05
2933,1.10125,0.05
2934,1.07125,0.05
2935,1.12375,0.05
2936,0.9137500000000001,0.05
2937,0.8912500000000001,0.05
2938,0.9087500000000001,0.05
2939,1.4475,0.05
2940,1.3625,0.05
2941,1.07625,0.05
2942,0.8375,0.05
2943,1.38375,0.05
2944,1.2625000000000002,0.05
2945,1.15375,0.05
2946,0.87375,0.05
2947,1.1487500000000002,0.05
2948,0.85375,0.05
2949,1.1300000000000001,0.05
2950,0.8062499999999999,0.05
2951,1.1125,0.05
2952,0.84875,0.05
2953,0.8412499999999999,0.05
2954,0.9137500000000001,0.05
2955,1.185,0.05
2956,1.5,0.05
2957,0.88875,0.05
2958,1.28875,0.05
2959,0.75125,0.05
2960,0.4512499999999997,0.05
2961,0.9337500000000001,0.05
2962,0.9837500000000001,0.05
2963,1.1062500000000002,0.05
2964,1.15375,0.05
2965,1.07625,0.05
2966,1.06125,0.05
2967,1.35375,0.05
2968,0.32499999999999973,0.05
2969,1.20875,0.05
2970,1.1125,0.05
2971,1.5225000000000002,0.05
2972,0.9700000000000001,0.05
2973,1.28,0.05
2974,1.1912500000000001,0.05
2975,0.8112499999999999,0.05
2976,1.145,0.05
2977,0.2912499999999998,0.05
2978,1.07375,0.05
2979,0.8012499999999999,0.05
2980,0.78625,0.05
2981,0.80125,0.05
2982,1.02,0.05
2983,0.9950000000000001,0.05
2984,1.1,0.05
2985,0.7337499999999999,0.05
2986,1.2750000000000001,0.05
2987,0.7712499999999999,0.05
2988,-2.7312500000000006,0.05
2989,1.01875,0.05
2990,1.05,0.05
2991,1.07875,0.05
2992,1.09,0.05
2993,1.1287500000000001,0.05
2994,-2.83,0.05
2995,1.3,0.05
2996,0.605,0.05
2997,0.99,0.05
2998,1.1800000000000002,0.05
2999,1.0375,0.05
3000,1.42625,0.05
3001,1.0575,0.05
3002,0.8975000000000001,0.05
3003,1.0575,0.05
3004,0.9425,0.05
3005,0.86,0.05
3006,1.11,0.05
3007,1.0525,0.05
3008,0.9712500000000001,0.05
3009,1.31125,0.05
3010,0.8425,0.05
3011,0.5949999999999998,0.05
3012,0.94625,0.05
3013,1.12375,0.05
3014,1.165,0.05
3015,1.07625,0.05
3016,1.24625,0.05
3017,0.9600000000000001,0.05
3018,1.22125,0.05
3019,0.96125,0.05
3020,1.1475,0.05
3021,1.0750000000000002,0.05
3022,0.6212499999999999,0.05
3023,1.04,0.05
3024,0.925,0.05
3025,1.0025,0.05
3026,0.87875,0.05
3027,1.29,0.05
3028,1.0550000000000002,0.05
3029,1.095,0.05
3030,1.0925,0.05
3031,1.1425,0.05
3032,0.8224999999999999,0.05
3033,1.2625000000000002,0.05
3034,1.0875000000000001,0.05
3035,0.9237500000000001,0.05
3036,1.21,0.05
3037,1.0025,0.05
3038,1.1625,0.05
3039,0.9137500000000001,0.05
3040,0.7712500000000001,0.05
3041,1.11,0.05
3042,1.08125,0.05
3043,1.07,0.05
3044,0.9962500000000001,0.05
3045,1.135,0.05
3046,0.7499999999999999,0.05
3047,1.165,0.05
3048,0.8900000000000001,0.05
3049,0.9425,0.05
3050,1.2637500000000002,0.05
3051,1.1,0.05
3052,0.925,0.05
3053,0.47124999999999984,0.05
3054,1.29,0.05
3055,1.3,0.05
3056,1.0,0.05
3057,1.3162500000000001,0.05
3058,0.795,0.05
3059,0.91625,0.05
3060,0.8725,0.05
3061,1.20375,0.05
3062,0.99125,0.05
3063,1.0075,0.05
3064,1.06,0.05
3065,0.9800000000000001,0.05
3066,0.79625,0.05
3067,1.36375,0.05
3068,0.8375,0.05
3069,0.053750000000000187,0.05
3070,1.21,0.05
3071,1.20875,0.05
3072,1.26625,0.05
3073,1.13625,0.05
3074,1.28875,0.05
3075,1.0325000000000002,0.05
3076,-0.7950000000000002,0.05
3077,1.18625,0.05
3078,1.22625,0.05
3079,0.825,0.05
3080,0.6224999999999998,0.05
3081,0.7625,0.05
3082,1.0050000000000001,0.05
3083,1.25,0.05
3084,1.12375,0.05
3085,1.22875,0.05
3086,1.07375,0.05
3087,1.0,0.05
3088,1.18625,0.05
3089,1.27875,0.05
3090,1.235,0.05
3091,0.9875,0.05
3092,1.0575,0.05
3093,0.9850000000000001,0.05
3094,1.185,0.05
3095,0.80625,0.05
3096,1.26,0.05
3097,0.83625,0.05
3098,1.13375,0.05
3099,1.085,0.05
3100,0.98875,0.05
3101,0.815,0.05
3102,0.925,0.05
3103,1.225,0.05
3104,1.2650000000000001,0.05
3105,1.2475,0.05
3106,1.205,0.05
3107,1.23625,0.05
3108,1.1487500000000002,0.05
3109,0.79375,0.05
3110,1.09625,0.05
3111,1.03875,0.05
3112,0.98875,0.05
3113,1.3275000000000001,0.05
3114,0.7224999999999998,0.05
3115,0.7687499999999999,0.05
3116,1.3175000000000001,0.05
3117,1.2175,0.05
3118,1.0025,0.05
3119,0.90375,0.05
3120,1.2537500000000001,0.05
3121,0.9712500000000001,0.05
3122,1.01875,0.05
3123,1.39125,0.05
3124,0.9637500000000001,0.05
3125,0.4299999999999997,0.05
3126,1.1300000000000001,0.05
3127,1.1600000000000001,0.05
3128,1.1,0.05
3129,0.5674999999999998,0.05
3130,0.7999999999999999,0.05
3131,0.8775000000000001,0.05
3132,0.87875,0.05
3133,1.2437500000000001,0.05
3134,0.9475000000000001,0.05
3135,1.5037500000000001,0.05
3136,1.1287500000000001,0.05
3137,0.86,0.05
3138,0.93,0.05
3139,1.02,0.05
3140,1.3525,0.05
3141,1.0075,0.05
3142,1.1475,0.05
3143,1.495,0.05
3144,1.0375,0.05
3145,0.5212499999999998,0.05
3146,1.13125,0.05
3147,1.1725,0.05
3148,1.21875,0.05
3149,1.3137500000000002,0.05
3150,1.35,0.05
3151,1.02625,0.05
3152,1.2775,0.05
3153,0.33999999999999986,0.05
3154,1.32125,0.05
3155,0.81875,0.05
3156,1.315,0.05
3157,0.885,0.05
3158,1.07625,0.05
3159,0.9425,0.05
3160,0.68,0.05
3161,1.1,0.05
3162,1.0862500000000002,0.05
3163,0.74,0.05
3164,0.9287500000000001,0.05
3165,1.12625,0.05
3166,1.02125,0.05
3167,0.5649999999999997,0.05
3168,1.29875,0.05
3169,1.07,0.05
3170,1.09,0.05
3171,1.2012500000000002,0.05
3172,0.84125,0.05
3173,0.6249999999999999,0.05
3174,1.18625,0.05
3175,1.0675000000000001,0.05
3176,1.2575,0.05
3177,1.11,0.05
3178,0.9512500000000002,0.05
3179,1.2550000000000001,0.05
3180,1.11125,0.05
3181,1.1887500000000002,0.05
3182,1.13625,0.05
3183,0.7499999999999999,0.05
3184,1.495,0.05
3185,1.05,0.05
3186,1.2537500000000001,0.05
3187,1.22125,0.05
3188,0.84,0.05
3189,0.9550000000000001,0.05
3190,0.9750000000000001,0.05
3191,0.8562500000000001,0.05
3192,0.83,0.05
3193,1.1287500000000001,0.05
3194,0.7275000000000001,0.05
3195,1.145,0.05
3196,1.3175000000000001,0.05
3197,0.7050000000000001,0.05
3198,1.0562500000000001,0.05
3199,0.79875,0.05
3200,0.7087499999999999,0.05
3201,0.7499999999999999,0.05
3202,0.84,0.05
3203,1.11625,0.05
3204,1.18625,0.05
3205,1.2637500000000002,0.05
3206,1.18625,0.05
3207,0.86875,0.05
3208,1.0275,0.05
3209,0.9650000000000001,0.05
3210,0.9325000000000001,0.05
3211,0.9287500000000001,0.05
3212,0.83,0.05
3213,0.9725000000000001,0.05
3214,0.9325,0.05
3215,1.2550000000000001,0.05
3216,0.9850000000000001,0.05
3217,1.17875,0.05
3218,1.02625,0.05
3219,0.935,0.05
3220,1.0750000000000002,0.05
3221,1.09,0.05
3222,0.8575,0.05
3223,0.6349999999999998,0.05
3224,1.26625,0.05
3225,0.8562500000000001,0.05
3226,0.23249999999999993,0.05
3227,1.19625,0.05
3228,-0.0050000000000001155,0.05
3229,0.9837500000000001,0.05
3230,1.20375,0.05
3231,0.9637500000000001,0.05
3232,0.6362499999999999,0.05
3233,0.6474999999999999,0.05
3234,1.17375,0.05
3235,0.7499999999999999,0.05
3236,1.18125,0.05
3237,1.0450000000000002,0.05
3238,1.1300000000000001,0.05
3239,1.26625,0.05
3240,1.0425,0.05
3241,1.06,0.05
3242,1.02125,0.05
3243,1.1725,0.05
3244,0.935,0.05
3245,1.1800000000000002,0.05
3246,1.3262500000000002,0.05
3247,0.8425,0.05
3248,1.1,0.05
3249,1.05,0.05
3250,0.7875,0.05
3251,1.3137500000000002,0.05
3252,0.8675,0.05
3253,0.81125,0.05
3254,1.3075,0.05
3255,1.13625,0.05
3256,1.0750000000000002,0.05
3257,1.23625,0.05
3258,1.0437500000000002,0.05
3259,0.9375,0.05
3260,1.00625,0.05
3261,1.15,0.05
3262,1.335,0.05
3263,1.0437500000000002,0.05
3264,0.6774999999999999,0.05
3265,1.07375,0.05
3266,0.9,0.05
3267,0.6949999999999998,0.05
3268,1.0562500000000001,0.05
3269,1.0975000000000001,0.05
3270,1.1487500000000002,0.05
3271,0.8425,0.05
3272,0.5124999999999997,0.05
3273,0.93,0.05
3274,0.9850000000000001,0.05
3275,1.205,0.05
3276,1.0450000000000002,0.05
3277,0.8675,0.05
3278,0.6374999999999998,0.05
3279,1.22125,0.05
3280,1.065,0.05
3281,1.0550000000000002,0.05
3282,1.20375,0.05
3283,1.1375000000000002,0.05
3284,0.6387499999999998,0.05
3285,0.87375,0.05
3286,1.0250000000000001,0.05
3287,1.25875,0.05
3288,1.4412500000000001,0.05
3289,0.97875,0.05
3290,1.2125000000000001,0.05
3291,0.9925,0.05
3292,0.765,0.05
3293,0.8175,0.05
3294,1.13125,0.05
3295,1.02125,0.05
3296,1.40375,0.05
3297,1.05125,0.05
3298,1.07125,0.05
3299,1.2012500000000002,0.05
3300,0.99,0.05
3301,0.875,0.05
3302,1.0137500000000002,0.05
3303,0.9275000000000001,0.05
3304,0.1100000000000001,0.05
3305,1.2175,0.05
3306,0.825,0.05
3307,1.20875,0.05
3308,1.1075000000000002,0.05
3309,1.12625,0.05
3310,1.185,0.05
3311,0.9487500000000001,0.05
3312,1.2537500000000001,0.05
3313,1.15625,0.05
3314,1.2337500000000001,0.05
3315,1.0050000000000001,0.05
3316,0.8350000000000001,0.05
3317,1.2175,0.05
3318,0.16749999999999976,0.05
3319,0.32499999999999996,0.05
3320,1.30375,0.05
3321,1.1125,0.05
3322,1.0750000000000002,0.05
3323,1.07375,0.05
3324,1.37125,0.05
3325,0.9975,0.05
3326,1.04,0.05
3327,1.3025,0.05
3328,1.21,0.05
3329,0.9850000000000001,0.05
3330,1.08,0.05
3331,1.12375,0.05
3332,0.7074999999999999,0.05
3333,0.7174999999999999,0.05
3334,1.25875,0.05
3335,1.0025000000000002,0.05
3336,-0.11124999999999985,0.05
3337,1.2625000000000002,0.05
3338,1.2000000000000002,0.05
3339,0.4737500000000002,0.05
3340,0.9950000000000001,0.05
3341,1.0625,0.05
3342,-1.1399999999999995,0.05
3343,1.0075,0.05
3344,1.02,0.05
3345,1.16625,0.05
3346,0.85875,0.05
3347,1.135,0.05
3348,0.98875,0.05
3349,0.42749999999999977,0.05
3350,1.20875,0.05
3351,0.13375000000000026,0.05
3352,1.35,0.05
3353,1.26625,0.05
3354,1.08125,0.05
3355,1.03875,0.05
3356,1.2962500000000001,0.05
3357,1.16625,0.05
3358,-0.3312499999999996,0.05
3359,0.8912500000000001,0.05
3360,1.105,0.05
3361,1.36375,0.05
3362,1.3625,0.05
3363,0.5312499999999997,0.05
3364,1.355,0.05
3365,0.9900000000000001,0.05
3366,1.2975,0.05
3367,1.1375000000000002,0.05
3368,0.7187499999999999,0.05
3369,1.19375,0.05
3370,0.5399999999999999,0.05
3371,0.91,0.05
3372,1.3775000000000002,0.05
3373,0.9125000000000001,0.05
3374,1.3625,0.05
3375,1.27625,0.05
3376,0.4924999999999997,0.05
3377,0.925,0.05
3378,0.5374999999999998,0.05
3379,1.39125,0.05
3380,1.1125,0.05
3381,0.9512500000000002,0.05
3382,1.1125,0.05
3383,0.9512500000000002,0.05
3384,0.6212499999999999,0.05
3385,0.9337500000000001,0.05
3386,1.1500000000000001,0.05
3387,0.93,0.05
3388,0.7399999999999999,0.05
3389,1.23875,0.05
3390,1.0025,0.05
3391,1.35,0.05
3392,1.1387500000000002,0.05
3393,1.28375,0.05
3394,0.9525000000000001,0.05
3395,1.1500000000000001,0.05
3396,0.8975000000000001,0.05
3397,-2.978750000000001,0.05
3398,1.0825,0.05
3399,1.3625,0.05
3400,1.2225000000000001,0.05
3401,0.9512500000000002,0.05
3402,0.8225,0.05
3403,-0.026249999999999885,0.05
3404,1.12125,0.05
3405,1.13125,0.05
3406,0.62,0.05
3407,1.235,0.05
3408,1.0562500000000001,0.05
3409,0.6587499999999998,0.05
3410,0.9850000000000001,0.05
3411,0.9850000000000001,0.05
3412,0.9862500000000001,0.05
3413,0.98,0.05
3414,0.90625,0.05
3415,0.98875,0.05
3416,1.1612500000000001,0.05
3417,0.8225,0.05
3418,1.0150000000000001,0.05
3419,0.85,0.05
3420,0.88375,0.05
3421,1.0437500000000002,0.05
3422,1.1675,0.05
3423,1.09375,0.05
3424,1.0350000000000001,0.05
3425,1.1625,0.05
3426,0.895,0.05
3427,1.095,0.05
3428,0.9287500000000001,0.05
3429,0.93,0.05
3430,1.27125,0.05
3431,0.96125,0.05
3432,0.88625,0.05
3433,1.115,0.05
3434,1.06,0.05
3435,1.13125,0.05
3436,1.1487500000000002,0.05
3437,1.3125,0.05
3438,1.2975,0.05
3439,1.105,0.05
3440,1.19,0.05
3441,1.19,0.05
3442,1.08375,0.05
3443,1.43625,0.05
3444,1.2437500000000001,0.05
3445,0.5137499999999997,0.05
3446,0.9587500000000001,0.05
3447,0.6425,0.05
3448,0.84125,0.05
3449,0.88,0.05
3450,1.0562500000000001,0.05
3451,1.0137500000000002,0.05
3452,1.17625,0.05
3453,0.5612499999999997,0.05
3454,1.1887500000000002,0.05
3455,0.6387499999999998,0.05
3456,1.145,0.05
3457,1.165,0.05
3458,0.7,0.05
3459,0.96625,0.05
3460,0.7675,0.05
3461,1.145,0.05
3462,0.8099999999999999,0.05
3463,0.93,0.05
3464,1.0875000000000001,0.05
3465,1.1487500000000002,0.05
3466,1.21375,0.05
3467,1.1825,0.05
3468,0.9875000000000002,0.05
3469,1.0075,0.05
3470,1.0625,0.05
3471,0.7775000000000001,0.05
3472,1.0987500000000001,0.05
3473,0.30499999999999994,0.05
3474,1.3025,0.05
3475,1.02,0.05
3476,1.04,0.05
3477,-0.9825000000000002,0.05
3478,1.2075,0.05
3479,1.0250000000000001,0.05
3480,1.2775,0.05
3481,0.88,0.05
3482,1.27625,0.05
3483,1.0625,0.05
3484,1.1175000000000002,0.05
3485,1.4275000000000002,0.05
3486,1.0112500000000002,0.05
3487,1.155,0.05
3488,1.2175,0.05
3489,1.24,0.05
3490,1.20375,0.05
3491,1.135,0.05
3492,0.935,0.05
3493,1.2550000000000001,0.05
3494,1.12375,0.05
3495,0.32374999999999976,0.05
3496,0.22124999999999972,0.05
3497,1.1175000000000002,0.05
3498,1.0237500000000002,0.05
3499,1.06,0.05
3500,1.1175000000000002,0.05
3501,0.8062499999999999,0.05
3502,1.0575,0.05
3503,0.5724999999999998,0.05
3504,1.16625,0.05
3505,1.2075,0.05
3506,0.91625,0.05
3507,0.9387500000000001,0.05
3508,1.435,0.05
3509,1.0575,0.05
3510,1.1487500000000002,0.05
3511,1.375,0.05
3512,1.405,0.05
3513,1.2775,0.05
3514,0.8024999999999999,0.05
3515,1.50875,0.05
3516,1.2175,0.05
3517,0.6524999999999999,0.05
3518,1.21625,0.05
3519,1.225,0.05
3520,0.85,0.05
3521,1.125,0.05
3522,0.84,0.05
3523,1.1725,0.05
3524,1.1887500000000002,0.05
3525,1.35,0.05
3526,1.0750000000000002,0.05
3527,0.93,0.05
3528,1.54125,0.05
3529,0.9387500000000001,0.05
3530,0.8912500000000001,0.05
3531,-1.5674999999999992,0.05
3532,1.07375,0.05
3533,0.3725000000000003,0.05
3534,1.3062500000000001,0.05
3535,1.23625,0.05
3536,0.5037499999999999,0.05
3537,1.2225000000000001,0.05
3538,0.8912500000000001,0.05
3539,0.7775,0.05
3540,0.6099999999999999,0.05
3541,0.8400000000000001,0.05
3542,0.9137500000000001,0.05
3543,1.1,0.05
3544,0.9850000000000001,0.05
3545,1.35,0.05
3546,1.12375,0.05
3547,0.9712500000000002,0.05
3548,1.22625,0.05
3549,1.3687500000000001,0.05
3550,1.0050000000000001,0.05
3551,1.0237500000000002,0.05
3552,1.03,0.05
3553,0.7624999999999998,0.05
3554,1.3825,0.05
3555,1.2225000000000001,0.05
3556,0.815,0.05
3557,1.2725,0.05
3558,1.115,0.05
3559,1.095,0.05
3560,0.6399999999999998,0.05
3561,1.12625,0.05
3562,-0.12374999999999958,0.05
3563,1.18625,0.05
3564,0.6287499999999998,0.05
3565,0.9525000000000001,0.05
3566,1.17,0.05
3567,0.8962500000000001,0.05
3568,1.26875,0.05
3569,0.9400000000000001,0.05
3570,1.02125,0.05
3571,1.1400000000000001,0.05
3572,0.7024999999999999,0.05
3573,1.2225000000000001,0.05
3574,0.5612499999999998,0.05
3575,1.0075,0.05
3576,1.22625,0.05
3577,1.0550000000000002,0.05
3578,1.0875000000000001,0.05
3579,0.83,0.05
3580,1.2225000000000001,0.05
3581,0.925,0.05
3582,1.245,0.05
3583,0.9837500000000001,0.05
3584,0.5512499999999997,0.05
3585,1.14375,0.05
3586,0.93625,0.05
3587,1.335,0.05
3588,1.09375,0.05
3589,0.895,0.05
3590,0.1499999999999999,0.05
3591,0.6537500000000002,0.05
3592,0.9837500000000001,0.05
3593,0.5312499999999997,0.05
3594,1.2375,0.05
3595,0.9112500000000001,0.05
3596,0.8975000000000001,0.05
3597,1.185,0.05
3598,1.1725,0.05
3599,0.8875,0.05
3600,1.3687500000000001,0.05
3601,1.125,0.05
3602,0.9600000000000001,0.05
3603,1.26375,0.05
3604,0.99,0.05
3605,1.11125,0.05
3606,1.1125,0.05
3607,1.0450000000000002,0.05
3608,0.86,0.05
3609,1.07625,0.05
3610,0.87,0.05
3611,1.11875,0.05
3612,1.125,0.05
3613,-0.8625,0.05
3614,1.1525,0.05
3615,0.6212499999999999,0.05
3616,1.38125,0.05
3617,1.16625,0.05
3618,1.24125,0.05
3619,0.96625,0.05
3620,1.4300000000000002,0.05
3621,1.2575,0.05
3622,1.01625,0.05
3623,1.11625,0.05
3624,1.0212500000000002,0.05
3625,1.51375,0.05
3626,0.8925000000000001,0.05
3627,-2.9250000000000003,0.05
3628,0.97875,0.05
3629,0.99,0.05
3630,0.03125,0.05
3631,1.02625,0.05
3632,1.08875,0.05
3633,0.6937499999999999,0.05
3634,0.825,0.05
3635,0.935,0.05
3636,0.99,0.05
3637,-2.8812500000000005,0.05
3638,0.9450000000000001,0.05
3639,1.0575,0.05
3640,0.84,0.05
3641,0.9837500000000001,0.05
3642,0.8350000000000001,0.05
3643,0.895,0.05
3644,1.045,0.05
3645,0.9600000000000001,0.05
3646,1.11,0.05
3647,1.105,0.05
3648,0.7625,0.05
3649,1.17,0.05
3650,0.6349999999999998,0.05
3651,1.2112500000000002,0.05
3652,1.29125,0.05
3653,1.2550000000000001,0.05
3654,1.22625,0.05
3655,1.28125,0.05
3656,0.72625,0.05
3657,1.205,0.05
3658,0.74125,0.05
3659,0.6399999999999998,0.05
3660,1.26625,0.05
3661,1.485,0.05
3662,1.05125,0.05
3663,1.0987500000000001,0.05
3664,0.8900000000000001,0.05
3665,0.855,0.05
3666,1.2825000000000002,0.05
3667,1.1,0.05
3668,1.48625,0.05
3669,0.80375,0.05
3670,1.2175,0.05
3671,0.7699999999999999,0.05
3672,1.19375,0.05
3673,1.27625,0.05
3674,0.91,0.05
3675,1.3687500000000001,0.05
3676,1.13375,0.05
3677,0.9475000000000001,0.05
3678,0.88625,0.05
3679,0.80375,0.05
3680,1.40375,0.05
3681,1.19875,0.05
3682,1.07375,0.05
3683,1.2537500000000001,0.05
3684,0.86,0.05
3685,-2.7500000000000004,0.05
3686,1.21,0.05
3687,-0.29624999999999946,0.05
3688,1.33125,0.05
3689,1.36625,0.05
3690,0.9700000000000001,0.05
3691,1.1175000000000002,0.05
3692,0.4837499999999997,0.05
3693,-3.362499999999999,0.05
3694,0.6149999999999999,0.05
3695,1.4400000000000002,0.05
3696,1.21625,0.05
3697,0.9475,0.05
3698,0.4999999999999998,0.05
3699,0.74875,0.05
3700,1.27125,0.05
3701,1.1187500000000001,0.05
3702,1.0975000000000001,0.05
3703,1.38625,0.05
3704,1.08,0.05
3705,1.28875,0.05
3706,0.88,0.05
3707,1.28375,0.05
3708,1.27125,0.05
3709,0.85375,0.05
3710,1.13125,0.05
3711,1.18125,0.05
3712,1.225,0.05
3713,0.9912500000000001,0.05
3714,1.1400000000000001,0.05
3715,1.4275000000000002,0.05
3716,0.9700000000000001,0.05
3717,1.3887500000000002,0.05
3718,1.385,0.05
3719,-2.867500000000001,0.05
3720,0.935,0.05
3721,0.5062499999999998,0.05
3722,1.1625,0.05
3723,1.135,0.05
3724,1.2375,0.05
3725,1.07375,0.05
3726,1.2075,0.05
3727,1.2075,0.05
3728,1.0575,0.05
3729,1.04,0.05
3730,1.0575,0.05
3731,0.6587499999999998,0.05
3732,0.8375,0.05
3733,1.2637500000000002,0.05
3734,0.99,0.05
3735,1.1725,0.05
3736,0.75625,0.05
3737,0.7199999999999999,0.05
3738,1.2550000000000001,0.05
3739,1.24125,0.05
3740,0.9500000000000001,0.05
3741,1.1125,0.05
3742,0.9850000000000001,0.05
3743,0.93,0.05
3744,1.09,0.05
3745,1.1925000000000001,0.05
3746,0.9975,0.05
3747,1.1125,0.05
3748,1.0075,0.05
3749,1.50875,0.05
3750,1.0550000000000002,0.05
3751,0.84375,0.05
3752,1.3025,0.05
3753,1.1125,0.05
3754,0.9875,0.05
3755,1.0450000000000002,0.05
3756,0.83,0.05
3757,1.30875,0.05
3758,1.105,0.05
3759,1.3687500000000001,0.05
3760,1.0525000000000002,0.05
3761,1.25,0.05
3762,0.9450000000000001,0.05
3763,1.22625,0.05
3764,1.29,0.05
3765,1.1175000000000002,0.05
3766,1.20375,0.05
3767,1.0137500000000002,0.05
3768,1.0225,0.05
3769,0.91125,0.05
3770,0.9687500000000001,0.05
3771,0.5262499999999997,0.05
3772,1.1125,0.05
3773,1.29125,0.05
3774,1.1487500000000002,0.05
3775,0.98,0.05
3776,1.1500000000000001,0.05
3777,1.495,0.05
3778,0.83625,0.05
3779,1.3625,0.05
3780,-2.862500000000001,0.05
3781,0.85875,0.05
3782,1.2312500000000002,0.05
3783,0.9450000000000001,0.05
3784,0.9500000000000001,0.05
3785,0.6699999999999999,0.05
3786,1.2525,0.05
3787,0.96125,0.05
3788,0.83625,0.05
3789,0.85625,0.05
3790,1.09375,0.05
3791,0.96125,0.05
3792,0.32999999999999985,0.05
3793,1.20375,0.05
3794,0.9687500000000001,0.05
3795,0.905,0.05
3796,0.8925000000000001,0.05
3797,1.145,0.05
3798,1.385,0.05
3799,0.15999999999999992,0.05
3800,0.9875,0.05
3801,0.6224999999999998,0.05
3802,0.6537499999999998,0.05
3803,0.9512500000000002,0.05
3804,0.9525000000000001,0.05
3805,1.045,0.05
3806,1.16625,0.05
3807,1.22125,0.05
3808,1.245,0.05
3809,1.2437500000000001,0.05
3810,1.09375,0.05
3811,0.43499999999999983,0.05
3812,1.02,0.05
3813,1.2225000000000001,0.05
3814,1.2225000000000001,0.05
3815,0.9500000000000001,0.05
3816,1.0562500000000001,0.05
3817,0.5549999999999997,0.05
3818,1.19375,0.05
3819,1.27,0.05
3820,1.2225000000000001,0.05
3821,1.3525,0.05
3822,1.13125,0.05
3823,0.5499999999999998,0.05
3824,1.0525000000000002,0.05
3825,-0.10624999999999973,0.05
3826,0.815,0.05
3827,1.1800000000000002,0.05
3828,0.5799999999999998,0.05
3829,0.88375,0.05
3830,0.84625,0.05
3831,1.155,0.05
3832,0.94625,0.05
3833,1.19,0.05
3834,0.15999999999999992,0.05
3835,1.19875,0.05
3836,1.115,0.05
3837,1.4175,0.05
3838,1.45375,0.05
3839,1.0550000000000002,0.05
3840,0.605,0.05
3841,1.26,0.05
3842,1.2025000000000001,0.05
3843,0.7875000000000001,0.05
3844,1.11,0.05
3845,1.08125,0.05
3846,1.27,0.05
3847,1.1675,0.05
3848,1.4175,0.05
3849,0.8012499999999999,0.05
3850,0.39124999999999965,0.05
3851,1.2775,0.05
3852,1.1887500000000002,0.05
3853,0.8900000000000001,0.05
3854,0.91,0.05
3855,1.1475,0.05
3856,0.82625,0.05
3857,1.2125000000000001,0.05
3858,1.235,0.05
3859,1.33875,0.05
3860,0.90625,0.05
3861,1.0050000000000001,0.05
3862,1.135,0.05
3863,1.2275,0.05
3864,1.22125,0.05
3865,0.7774999999999999,0.05
3866,1.2087500000000002,0.05
3867,1.0025,0.05
3868,1.1287500000000001,0.05
3869,0.87375,0.05
3870,0.925,0.05
3871,0.8800000000000001,0.05
3872,1.3675000000000002,0.05
3873,1.18375,0.05
3874,1.24,0.05
3875,1.145,0.05
3876,1.475,0.05
3877,1.27875,0.05
3878,1.02125,0.05
3879,0.6699999999999999,0.05
3880,1.18625,0.05
3881,1.08125,0.05
3882,0.6937499999999999,0.05
3883,1.0375,0.05
3884,0.5399999999999998,0.05
3885,0.78125,0.05
3886,0.4662499999999996,0.05
3887,1.2200000000000002,0.05
3888,1.1600000000000001,0.05
3889,1.2537500000000001,0.05
3890,0.6149999999999999,0.05
3891,0.8975000000000001,0.05
3892,-0.3624999999999996,0.05
3893,0.41124999999999967,0.05
3894,1.1487500000000002,0.05
3895,1.145,0.05
3896,1.2175,0.05
3897,1.19,0.05
3898,1.0050000000000001,0.05
3899,0.7487499999999999,0.05
3900,1.5274999999999999,0.05
3901,0.6475,0.05
3902,1.0250000000000001,0.05
3903,0.9337500000000001,0.05
3904,0.2949999999999997,0.05
3905,1.28125,0.05
3906,0.4212499999999997,0.05
3907,0.9775,0.05
3908,0.6399999999999999,0.05
3909,0.7875000000000001,0.05
3910,0.86125,0.05
3911,1.2862500000000001,0.05
3912,0.5862499999999999,0.05
3913,0.6599999999999998,0.05
3914,1.495,0.05
3915,1.3725,0.05
3916,1.15375,0.05
3917,1.13125,0.05
3918,1.35,0.05
3919,0.7650000000000001,0.05
3920,0.7299999999999999,0.05
3921,1.08,0.05
3922,1.15125,0.05
3923,1.0562500000000001,0.05
3924,-2.910000000000001,0.05
3925,0.6899999999999998,0.05
3926,1.0575,0.05
3927,0.84375,0.05
3928,-1.3374999999999997,0.05
3929,0.90375,0.05
3930,1.2725000000000002,0.05
3931,0.82375,0.05
3932,0.9900000000000001,0.05
3933,1.07375,0.05
3934,1.215,0.05
3935,1.3825,0.05
3936,1.24,0.05
3937,1.445,0.05
3938,0.9425,0.05
3939,1.09375,0.05
3940,0.8875,0.05
3941,1.355,0.05
3942,1.30875,0.05
3943,0.68,0.05
3944,0.97875,0.05
3945,1.12375,0.05
3946,0.9850000000000001,0.05
3947,1.0250000000000001,0.05
3948,-3.08,0.05
3949,0.6374999999999998,0.05
3950,1.03875,0.05
3951,1.4275000000000002,0.05
3952,1.29,0.05
3953,0.9512500000000002,0.05
3954,0.7162499999999999,0.05
3955,1.0575,0.05
3956,1.28,0.05
3957,0.4399999999999997,0.05
3958,0.7612500000000001,0.05
3959,0.18249999999999988,0.05
3960,1.13625,0.05
3961,1.03875,0.05
3962,1.24125,0.05
3963,0.6487499999999998,0.05
3964,1.1225,0.05
3965,1.5037500000000001,0.05
3966,0.7024999999999998,0.05
3967,0.2849999999999997,0.05
3968,1.135,0.05
3969,1.08375,0.05
3970,1.07125,0.05
3971,1.02,0.05
3972,1.19,0.05
3973,0.815,0.05
3974,1.115,0.05
3975,1.26625,0.05
3976,0.9137500000000001,0.05
3977,0.895,0.05
3978,0.875,0.05
3979,1.12625,0.05
3980,0.38500000000000023,0.05
3981,1.07125,0.05
3982,1.15625,0.05
3983,1.20375,0.05
3984,-2.8300000000000005,0.05
3985,0.27374999999999994,0.05
3986,0.9425,0.05
3987,0.5187499999999998,0.05
3988,1.045,0.05
3989,0.855,0.05
3990,0.93,0.05
3991,0.48499999999999965,0.05
3992,1.23875,0.05
3993,0.9725000000000001,0.05
3994,1.22875,0.05
3995,1.09,0.05
3996,1.135,0.05
3997,0.3849999999999998,0.05
3998,0.90375,0.05
3999,-0.7824999999999998,0.05
4000,1.04,0.05
4001,0.6262499999999998,0.05
4002,1.0212500000000002,0.05
4003,-3.468750000000001,0.05
4004,1.1712500000000001,0.05
4005,0.6899999999999998,0.05
4006,0.9412500000000001,0.05
4007,1.0750000000000002,0.05
4008,0.6174999999999999,0.05
4009,0.9850000000000001,0.05
4010,1.07,0.05
4011,1.155,0.05
4012,1.4175,0.05
4013,1.2437500000000001,0.05
4014,0.6299999999999998,0.05
4015,0.88,0.05
4016,1.43875,0.05
4017,0.8275,0.05
4018,1.3275000000000001,0.05
4019,0.96625,0.05
4020,1.2775,0.05
4021,0.90375,0.05
4022,1.1,0.05
4023,1.105,0.05
4024,0.9425,0.05
4025,1.0075,0.05
4026,0.40249999999999986,0.05
4027,1.2087500000000002,0.05
4028,1.11625,0.05
4029,1.25875,0.05
4030,-0.9350000000000005,0.05
4031,1.025,0.05
4032,0.9,0.05
4033,0.9287500000000001,0.05
4034,1.24875,0.05
4035,0.91125,0.05
4036,0.96,0.05
4037,1.12625,0.05
4038,0.3912499999999999,0.05
4039,0.8425,0.05
4040,0.8325,0.05
4041,1.2962500000000001,0.05
4042,1.10375,0.05
4043,1.02625,0.05
4044,0.9475,0.05
4045,1.08875,0.05
4046,0.5062499999999998,0.05
4047,1.01875,0.05
4048,1.1125,0.05
4049,1.15,0.05
4050,1.31,0.05
4051,1.07125,0.05
4052,-3.347500000000002,0.05
4053,1.1475,0.05
4054,1.07375,0.05
4055,1.21625,0.05
4056,1.0250000000000001,0.05
4057,1.1725,0.05
4058,1.3687500000000001,0.05
4059,-2.7287500000000007,0.05
4060,0.7449999999999999,0.05
4061,0.9287500000000001,0.05
4062,0.935,0.05
4063,1.13625,0.05
4064,0.915,0.05
4065,1.235,0.05
4066,0.8375,0.05
4067,0.7625,0.05
4068,1.485,0.05
4069,1.13125,0.05
4070,1.31,0.05
4071,1.1350000000000002,0.05
4072,1.085,0.05
4073,0.48499999999999976,0.05
4074,-3.397500000000001,0.05
4075,1.01625,0.05
4076,1.1075,0.05
4077,1.19875,0.05
4078,0.9587500000000001,0.05
4079,1.345,0.05
4080,1.32,0.05
4081,0.7162499999999998,0.05
4082,1.05375,0.05
4083,0.85625,0.05
4084,0.7324999999999999,0.05
4085,0.82625,0.05
4086,0.87,0.05
4087,0.9850000000000001,0.05
4088,1.24125,0.05
4089,1.0100000000000002,0.05
4090,0.8012499999999999,0.05
4091,1.3175000000000001,0.05
4092,0.20750000000000002,0.05
4093,1.3137500000000002,0.05
4094,0.8375,0.05
4095,0.91625,0.05
4096,0.22499999999999987,0.05
4097,0.5112499999999998,0.05
4098,0.91,0.05
4099,1.24,0.05
4100,1.0350000000000001,0.05
4101,0.9737500000000001,0.05
4102,0.83,0.05
4103,1.5175,0.05
4104,0.5099999999999997,0.05
4105,1.20375,0.05
4106,0.87375,0.05
4107,1.435,0.05
4108,1.00625,0.05
4109,1.33,0.05
4110,0.85875,0.05
4111,0.86125,0.05
4112,1.09125,0.05
4113,1.1175000000000002,0.05
4114,1.185,0.05
4115,0.24624999999999986,0.05
4116,1.14375,0.05
4117,1.45375,0.05
4118,0.8025,0.05
4119,1.225,0.05
4120,1.16375,0.05
4121,1.40875,0.05
4122,1.2437500000000001,0.05
4123,0.775,0.05
4124,0.9775,0.05
4125,1.4312500000000001,0.05
4126,-0.5762499999999993,0.05
4127,0.4075,0.05
4128,1.1,0.05
4129,0.9312500000000001,0.05
4130,0.23749999999999982,0.05
4131,1.07875,0.05
4132,1.5037500000000001,0.05
4133,1.3137500000000002,0.05
4134,1.155,0.05
4135,0.8425,0.05
4136,1.1912500000000001,0.05
4137,0.8250000000000001,0.05
4138,-0.043749999999999734,0.05
4139,0.3849999999999998,0.05
4140,1.135,0.05
4141,0.91,0.05
4142,0.9325000000000001,0.05
4143,0.24,0.05
4144,0.6899999999999998,0.05
4145,1.1612500000000001,0.05
4146,1.03875,0.05
4147,1.1775,0.05
4148,1.1275,0.05
4149,0.2812499999999998,0.05
4150,1.3725,0.05
4151,0.87875,0.05
4152,0.91625,0.05
4153,0.935,0.05
4154,0.12874999999999992,0.05
4155,0.9725,0.05
4156,0.2999999999999998,0.05
4157,0.90375,0.05
4158,1.27125,0.05
4159,0.3437499999999998,0.05
4160,0.93,0.05
4161,1.26375,0.05
4162,1.40375,0.05
4163,0.7949999999999999,0.05
4164,0.86125,0.05
4165,1.08,0.05
4166,1.0075,0.05
4167,1.15,0.05
4168,0.7762500000000001,0.05
4169,1.4900000000000002,0.05
4170,1.08,0.05
4171,1.00625,0.05
4172,0.9875,0.05
4173,0.79375,0.05
4174,1.37,0.05
4175,0.71,0.05
4176,1.13125,0.05
4177,1.0987500000000001,0.05
4178,0.9950000000000001,0.05
4179,1.1712500000000001,0.05
4180,0.8575,0.05
4181,0.9762500000000001,0.05
4182,0.9512500000000002,0.05
4183,1.0450000000000002,0.05
4184,1.36,0.05
4185,0.87875,0.05
4186,1.2537500000000001,0.05
4187,0.25,0.05
4188,1.215,0.05
4189,1.33125,0.05
4190,0.9525000000000001,0.05
4191,1.02125,0.05
4192,0.7287500000000001,0.05
4193,0.4762499999999996,0.05
4194,0.99,0.05
4195,1.05,0.05
4196,0.85875,0.05
4197,1.4900000000000002,0.05
4198,0.7099999999999999,0.05
4199,1.14125,0.05
4200,1.205,0.05
4201,1.07625,0.05
4202,0.96625,0.05
4203,1.37,0.05
4204,0.905,0.05
4205,0.6362499999999998,0.05
4206,-0.02124999999999999,0.05
4207,0.9450000000000001,0.05
4208,1.0025,0.05
4209,0.7299999999999999,0.05
4210,1.5225000000000002,0.05
4211,1.26375,0.05
4212,1.0550000000000002,0.05
4213,0.9587500000000001,0.05
4214,0.8375,0.05
4215,0.88,0.05
4216,0.8725,0.05
4217,1.03,0.05
4218,1.0975000000000001,0.05
4219,0.6362499999999998,0.05
4220,0.6412499999999998,0.05
4221,0.88,0.05
4222,1.26875,0.05
4223,0.9537500000000001,0.05
4224,0.6749999999999998,0.05
4225,1.3575000000000002,0.05
4226,0.21999999999999997,0.05
4227,1.2625000000000002,0.05
4228,0.9475000000000001,0.05
4229,1.09375,0.05
4230,1.4125,0.05
4231,1.0425,0.05
4232,0.88875,0.05
4233,1.42625,0.05
4234,1.4400000000000002,0.05
4235,1.0987500000000001,0.05
4236,0.5612499999999998,0.05
4237,1.1175000000000002,0.05
4238,1.2825000000000002,0.05
4239,-2.9800000000000018,0.05
4240,1.0562500000000001,0.05
4241,1.36125,0.05
4242,1.1975,0.05
4243,1.0625,0.05
4244,1.2337500000000001,0.05
4245,1.01875,0.05
4246,0.8900000000000001,0.05
4247,0.93125,0.05
4248,1.0425,0.05
4249,1.1262500000000002,0.05
4250,0.7774999999999999,0.05
4251,1.02,0.05
4252,1.345,0.05
4253,1.39125,0.05
4254,1.05,0.05
4255,0.935,0.05
4256,0.9900000000000001,0.05
4257,0.78375,0.05
4258,1.425,0.05
4259,-2.96125,0.05
4260,1.1287500000000001,0.05
4261,1.16625,0.05
4262,0.15999999999999992,0.05
4263,1.13625,0.05
4264,0.9325000000000001,0.05
4265,-0.004999999999999893,0.05
4266,0.9600000000000001,0.05
4267,1.02,0.05
4268,0.78875,0.05
4269,1.1925000000000001,0.05
4270,0.9500000000000001,0.05
4271,0.99,0.05
4272,0.6424999999999998,0.05
4273,0.93,0.05
4274,0.6099999999999998,0.05
4275,1.0562500000000001,0.05
4276,0.5787499999999998,0.05
4277,1.18625,0.05
4278,1.09125,0.05
4279,0.815,0.05
4280,1.2087500000000002,0.05
4281,1.1175000000000002,0.05
4282,1.27,0.05
4283,1.29875,0.05
4284,0.43249999999999966,0.05
4285,1.1175000000000002,0.05
4286,1.1125,0.05
4287,1.15625,0.05
4288,0.5074999999999997,0.05
4289,0.9875,0.05
4290,1.2825000000000002,0.05
4291,0.7299999999999999,0.05
4292,1.1,0.05
4293,0.8925000000000001,0.05
4294,1.28125,0.05
4295,-0.2487499999999998,0.05
4296,0.9000000000000001,0.05
4297,1.0825,0.05
4298,0.66375,0.05
4299,1.495,0.05
4300,0.70875,0.05
4301,1.02,0.05
4302,0.9587500000000001,0.05
4303,0.98,0.05
4304,0.91125,0.05
4305,0.6412499999999999,0.05
4306,1.11125,0.05
4307,1.3325,0.05
4308,1.0012500000000002,0.05
4309,0.6224999999999998,0.05
4310,0.8049999999999999,0.05
4311,1.19,0.05
4312,0.9650000000000001,0.05
4313,0.79875,0.05
4314,0.78125,0.05
4315,1.1712500000000001,0.05
4316,0.87875,0.05
4317,1.2650000000000001,0.05
4318,0.8925000000000001,0.05
4319,0.9825000000000002,0.05
4320,1.0337500000000002,0.05
4321,0.5012499999999998,0.05
4322,1.1887500000000002,0.05
4323,1.3525,0.05
4324,0.94625,0.05
4325,1.455,0.05
4326,1.13375,0.05
4327,1.27625,0.05
4328,0.48250000000000004,0.05
4329,0.5687500000000001,0.05
4330,1.0350000000000001,0.05
4331,1.44875,0.05
4332,1.0250000000000001,0.05
4333,1.20875,0.05
4334,1.0437500000000002,0.05
4335,1.2337500000000001,0.05
4336,0.82,0.05
4337,0.9837500000000001,0.05
4338,1.1712500000000001,0.05
4339,1.2075,0.05
4340,1.20375,0.05
4341,1.02,0.05
4342,0.6537499999999998,0.05
4343,1.22,0.05
4344,1.04,0.05
4345,0.9875,0.05
4346,0.895,0.05
4347,-2.9612500000000006,0.05
4348,1.0925,0.05
4349,0.96625,0.05
4350,1.0975000000000001,0.05
4351,0.3949999999999998,0.05
4352,-2.806250000000001,0.05
4353,1.1125,0.05
4354,1.20875,0.05
4355,0.9825000000000002,0.05
4356,0.88625,0.05
4357,1.2275,0.05
4358,0.9762500000000001,0.05
4359,0.91625,0.05
4360,1.2237500000000001,0.05
4361,1.39375,0.05
4362,0.85125,0.05
4363,0.86,0.05
4364,1.06125,0.05
4365,1.35,0.05
4366,0.8962500000000001,0.05
4367,1.33,0.05
4368,0.23499999999999988,0.05
4369,1.3137500000000002,0.05
4370,0.6599999999999998,0.05
4371,1.08,0.05
4372,0.8775000000000002,0.05
4373,0.9687500000000001,0.05
4374,1.1912500000000001,0.05
4375,0.84125,0.05
4376,1.0050000000000001,0.05
4377,-1.0075000000000005,0.05
4378,0.91,0.05
4379,1.06875,0.05
4380,1.1,0.05
4381,1.2225000000000001,0.05
4382,0.9400000000000001,0.05
4383,0.73125,0.05
4384,0.5999999999999998,0.05
4385,0.93,0.05
4386,0.85625,0.05
4387,1.17875,0.05
4388,0.3462499999999997,0.05
4389,0.5074999999999997,0.05
4390,1.0525,0.05
4391,0.85875,0.05
4392,0.9712500000000001,0.05
4393,1.135,0.05
4394,1.0775000000000001,0.05
4395,1.29125,0.05
4396,1.0250000000000001,0.05
4397,1.02625,0.05
4398,1.02625,0.05
4399,1.1,0.05
4400,1.1675,0.05
4401,0.7575,0.05
4402,0.6912499999999998,0.05
4403,1.205,0.05
4404,1.33125,0.05
4405,1.2525,0.05
4406,1.1075,0.05
4407,0.6962499999999999,0.05
4408,1.235,0.05
4409,0.8825,0.05
4410,1.145,0.05
4411,0.8912500000000001,0.05
4412,0.48999999999999977,0.05
4413,1.0550000000000002,0.05
4414,1.17625,0.05
4415,1.5125000000000002,0.05
4416,0.7487499999999999,0.05
4417,1.2775,0.05
4418,1.1500000000000001,0.05
4419,1.2537500000000001,0.05
4420,1.0375,0.05
4421,1.1125,0.05
4422,0.8225,0.05
4423,1.215,0.05
4424,0.6387499999999999,0.05
4425,0.925,0.05
4426,1.1800000000000002,0.05
4427,1.165,0.05
4428,0.9587500000000001,0.05
4429,1.185,0.05
4430,1.26875,0.05
4431,1.235,0.05
4432,0.5437499999999997,0.05
4433,1.3800000000000001,0.05
4434,0.7825,0.05
4435,0.8975000000000001,0.05
4436,0.9525000000000001,0.05
4437,0.93,0.05
4438,1.5037500000000001,0.05
4439,0.7649999999999999,0.05
4440,1.1425,0.05
4441,0.54875,0.05
4442,1.1600000000000001,0.05
4443,1.0325000000000002,0.05
4444,1.3775000000000002,0.05
4445,0.20124999999999993,0.05
4446,0.85375,0.05
4447,1.355,0.05
4448,1.30875,0.05
4449,0.6499999999999998,0.05
4450,1.16625,0.05
4451,0.82,0.05
4452,1.0350000000000001,0.05
4453,1.3587500000000001,0.05
4454,0.9850000000000001,0.05
4455,1.1500000000000001,0.05
4456,1.13125,0.05
4457,1.4725000000000001,0.05
4458,1.11,0.05
4459,1.26375,0.05
4460,1.07875,0.05
4461,0.78625,0.05
4462,0.5649999999999997,0.05
4463,1.16625,0.05
4464,1.4937500000000001,0.05
4465,1.1975,0.05
4466,0.86125,0.05
4467,1.0575,0.05
4468,1.3250000000000002,0.05
4469,-0.061249999999999805,0.05
4470,0.85875,0.05
4471,1.44375,0.05
4472,1.13125,0.05
4473,0.81375,0.05
4474,1.2087500000000002,0.05
4475,0.925,0.05
4476,1.165,0.05
4477,1.17375,0.05
4478,0.5287499999999997,0.05
4479,1.1,0.05
4480,-0.4437499999999994,0.05
4481,0.5987499999999998,0.05
4482,1.2775,0.05
4483,0.925,0.05
4484,1.15,0.05
4485,0.96625,0.05
4486,1.15375,0.05
4487,1.07625,0.05
4488,1.08,0.05
4489,1.26125,0.05
4490,0.9325000000000001,0.05
4491,1.06,0.05
4492,1.35,0.05
4493,0.47374999999999967,0.05
4494,1.08125,0.05
4495,1.105,0.05
4496,1.5037500000000001,0.05
4497,1.07375,0.05
4498,1.345,0.05
4499,0.83125,0.05
4500,0.7212499999999998,0.05
4501,1.13125,0.05
4502,0.5799999999999997,0.05
4503,0.0025000000000001688,0.05
4504,0.7324999999999999,0.05
4505,-0.17999999999999972,0.05
4506,0.32499999999999996,0.05
4507,1.3425,0.05
4508,1.16625,0.05
4509,1.02625,0.05
4510,0.91625,0.05
4511,1.2750000000000001,0.05
4512,0.9450000000000001,0.05
4513,0.87,0.05
4514,1.1675,0.05
4515,1.0462500000000001,0.05
4516,1.3175000000000001,0.05
4517,0.565,0.05
4518,0.86875,0.05
4519,0.9525000000000001,0.05
4520,1.2625000000000002,0.05
4521,0.98875,0.05
4522,1.4900000000000002,0.05
4523,1.31875,0.05
4524,0.8262499999999999,0.05
4525,1.0925,0.05
4526,-0.11999999999999966,0.05
4527,1.045,0.05
4528,0.3124999999999998,0.05
4529,1.25875,0.05
4530,0.6299999999999998,0.05
4531,1.1,0.05
4532,1.0625,0.05
4533,1.44375,0.05
4534,0.88,0.05
4535,1.3525,0.05
4536,1.07875,0.05
4537,0.70875,0.05
4538,0.7137499999999999,0.05
4539,0.825,0.05
4540,0.88,0.05
4541,1.1300000000000001,0.05
4542,0.7699999999999999,0.05
4543,1.0625,0.05
4544,1.13625,0.05
4545,1.02125,0.05
4546,1.3125,0.05
4547,0.83375,0.05
4548,0.9425000000000001,0.05
4549,1.3,0.05
4550,1.20375,0.05
4551,0.30000000000000004,0.05
4552,0.7575000000000002,0.05
4553,1.01125,0.05
4554,1.18625,0.05
4555,0.5999999999999998,0.05
4556,1.2175,0.05
4557,1.15,0.05
4558,1.045,0.05
4559,1.2225000000000001,0.05
4560,0.8775000000000001,0.05
4561,0.5487499999999997,0.05
4562,1.03875,0.05
4563,1.13375,0.05
4564,1.0987500000000001,0.05
4565,1.1712500000000001,0.05
4566,0.7825,0.05
4567,0.87375,0.05
4568,0.87,0.05
4569,1.18625,0.05
4570,0.8900000000000001,0.05
4571,1.11,0.05
4572,1.13375,0.05
4573,0.9587500000000001,0.05
4574,1.1125,0.05
4575,1.2437500000000001,0.05
4576,1.21,0.05
4577,1.08125,0.05
4578,1.28875,0.05
4579,1.15375,0.05
4580,0.9287500000000001,0.05
4581,0.9500000000000001,0.05
4582,0.6649999999999998,0.05
4583,1.3987500000000002,0.05
4584,0.9400000000000001,0.05
4585,0.81125,0.05
4586,1.125,0.05
4587,0.84,0.05
4588,0.87375,0.05
4589,1.185,0.05
4590,1.2825000000000002,0.05
4591,0.5874999999999999,0.05
4592,1.0975000000000001,0.05
4593,0.9512500000000002,0.05
4594,0.9637500000000001,0.05
4595,-0.5449999999999993,0.05
4596,1.05,0.05
4597,1.3075,0.05
4598,0.86125,0.05
4599,0.7687499999999999,0.05
4600,-0.14499999999999957,0.05
4601,1.0012500000000002,0.05
4602,0.99125,0.05
4603,1.0025,0.05
4604,1.0987500000000001,0.05
4605,1.07125,0.05
4606,0.8175,0.05
4607,1.095,0.05
4608,1.2637500000000002,0.05
4609,1.2537500000000001,0.05
4610,1.0925,0.05
4611,-2.817500000000001,0.05
4612,0.6599999999999998,0.05
4613,1.30875,0.05
4614,1.3900000000000001,0.05
4615,1.07875,0.05
4616,0.895,0.05
4617,0.6774999999999999,0.05
4618,0.96625,0.05
4619,1.0775000000000001,0.05
4620,1.205,0.05
4621,1.11125,0.05
4622,0.9525000000000001,0.05
4623,0.8375,0.05
4624,1.1475,0.05
4625,0.83625,0.05
4626,1.13125,0.05
4627,0.8162499999999999,0.05
4628,1.2175,0.05
4629,0.54875,0.05
4630,0.85375,0.05
4631,1.095,0.05
4632,0.8775000000000001,0.05
4633,1.3275000000000001,0.05
4634,0.9825000000000002,0.05
4635,0.8962500000000001,0.05
4636,0.7212499999999998,0.05
4637,1.2575,0.05
4638,0.9850000000000001,0.05
4639,0.9837500000000001,0.05
4640,0.9,0.05
4641,0.91625,0.05
4642,1.08,0.05
4643,0.6662499999999998,0.05
4644,0.7074999999999999,0.05
4645,1.1500000000000001,0.05
4646,1.30875,0.05
4647,1.1712500000000001,0.05
4648,1.105,0.05
4649,1.0562500000000001,0.05
4650,0.7199999999999999,0.05
4651,1.06875,0.05
4652,1.235,0.05
4653,1.1187500000000001,0.05
4654,1.2550000000000001,0.05
4655,1.115,0.05
4656,0.9825000000000002,0.05
4657,0.6699999999999999,0.05
4658,1.105,0.05
4659,0.8125,0.05
4660,0.8062499999999999,0.05
4661,0.8262499999999999,0.05
4662,1.23625,0.05
4663,1.04,0.05
4664,0.915,0.05
4665,0.9112500000000001,0.05
4666,1.2637500000000002,0.05
4667,-2.890000000000001,0.05
4668,0.725,0.05
4669,1.045,0.05
4670,1.35375,0.05
4671,1.105,0.05
4672,1.35,0.05
4673,1.25875,0.05
4674,1.135,0.05
4675,1.1125,0.05
4676,1.1062500000000002,0.05
4677,0.7687499999999999,0.05
4678,1.1300000000000001,0.05
4679,-2.9425000000000012,0.05
4680,1.1125,0.05
4681,1.215,0.05
4682,0.87,0.05
4683,0.78875,0.05
4684,1.125,0.05
4685,1.08875,0.05
4686,0.7299999999999999,0.05
4687,1.1475,0.05
4688,1.03875,0.05
4689,0.4562499999999997,0.05
4690,1.1475,0.05
4691,1.22625,0.05
4692,0.9650000000000001,0.05
4693,1.0750000000000002,0.05
4694,0.5487499999999997,0.05
4695,1.24125,0.05
4696,1.2975,0.05
4697,0.6962499999999999,0.05
4698,0.96625,0.05
4699,0.9175,0.05
4700,1.02625,0.05
4701,0.7649999999999999,0.05
4702,0.89625,0.05
4703,1.0362500000000001,0.05
4704,1.1175000000000002,0.05
4705,1.2437500000000001,0.05
4706,0.9700000000000001,0.05
4707,1.1287500000000001,0.05
4708,1.17,0.05
4709,0.8375,0.05
4710,1.1125,0.05
4711,0.8925000000000001,0.05
4712,0.6174999999999999,0.05
4713,1.07375,0.05
4714,1.2400000000000002,0.05
4715,0.7699999999999999,0.05
4716,1.0250000000000001,0.05
4717,1.2575,0.05
4718,0.8925000000000001,0.05
4719,1.1800000000000002,0.05
4720,1.0437500000000002,0.05
4721,0.9712500000000001,0.05
4722,1.205,0.05
4723,1.03,0.05
4724,1.155,0.05
4725,1.1675,0.05
4726,1.11,0.05
4727,1.18125,0.05
4728,1.155,0.05
4729,1.40125,0.05
4730,1.05,0.05
4731,1.11125,0.05
4732,0.9237500000000001,0.05
4733,0.83625,0.05
4734,-0.05999999999999983,0.05
4735,0.7149999999999999,0.05
4736,1.3125,0.05
4737,0.47499999999999964,0.05
4738,0.9850000000000001,0.05
4739,1.105,0.05
4740,-2.818750000000001,0.05
4741,1.04,0.05
4742,0.7762499999999999,0.05
4743,1.0025,0.05
4744,0.7999999999999999,0.05
4745,1.2750000000000001,0.05
4746,1.06125,0.05
4747,0.8125,0.05
4748,0.9475000000000001,0.05
4749,1.0637500000000002,0.05
4750,1.5175,0.05
4751,1.09375,0.05
4752,1.3675000000000002,0.05
4753,0.8875,0.05
4754,0.7512499999999999,0.05
4755,1.13125,0.05
4756,0.8975000000000001,0.05
4757,0.9337500000000001,0.05
4758,0.77,0.05
4759,1.2937500000000002,0.05
4760,1.3462500000000002,0.05
4761,1.11625,0.05
4762,1.18625,0.05
4763,1.2725000000000002,0.05
4764,0.9325000000000001,0.05
4765,1.3625,0.05
4766,1.15375,0.05
4767,0.88,0.05
4768,1.145,0.05
4769,1.2337500000000001,0.05
4770,1.1125,0.05
4771,1.355,0.05
4772,1.0350000000000001,0.05
4773,1.1712500000000001,0.05
4774,0.9875,0.05
4775,0.96625,0.05
4776,0.6249999999999998,0.05
4777,1.25625,0.05
4778,1.1300000000000001,0.05
4779,1.0250000000000001,0.05
4780,0.4562499999999997,0.05
4781,1.24625,0.05
4782,0.70875,0.05
4783,0.8850000000000001,0.05
4784,0.7825,0.05
4785,0.7875,0.05
4786,-2.825000000000001,0.05
4787,0.80625,0.05
4788,0.43874999999999975,0.05
4789,1.38625,0.05
4790,0.9500000000000001,0.05
4791,0.8975000000000001,0.05
4792,1.1125,0.05
4793,1.0050000000000001,0.05
4794,1.3137500000000002,0.05
4795,1.15875,0.05
4796,1.2975,0.05
4797,1.04,0.05
4798,1.32125,0.05
4799,1.1612500000000001,0.05
4800,-2.9487499999999995,0.05
4801,0.7825000000000001,0.05
4802,0.85,0.05
4803,0.5312499999999997,0.05
4804,1.15875,0.05
4805,0.98875,0.05
4806,-2.825000000000001,0.05
4807,1.2025000000000001,0.05
4808,1.0025,0.05
4809,0.9137500000000001,0.05
4810,1.32,0.05
4811,1.5274999999999999,0.05
4812,1.25875,0.05
4813,1.2550000000000001,0.05
4814,0.7875,0.05
4815,0.7862499999999999,0.05
4816,1.20875,0.05
4817,1.3250000000000002,0.05
4818,1.2,0.05
4819,0.8975000000000001,0.05
4820,0.9112500000000001,0.05
4821,1.1,0.05
4822,1.0562500000000001,0.05
4823,1.0987500000000001,0.05
4824,1.0625,0.05
4825,1.3987500000000002,0.05
4826,1.3325,0.05
4827,0.10000000000000009,0.05
4828,0.96625,0.05
4829,0.010000000000000231,0.05
4830,1.29125,0.05
4831,1.37125,0.05
4832,1.07625,0.05
4833,0.9637500000000001,0.05
4834,1.49875,0.05
4835,1.2575,0.05
4836,1.235,0.05
4837,1.23625,0.05
4838,0.9687500000000001,0.05
4839,1.0437500000000002,0.05
4840,1.33375,0.05
4841,0.11749999999999994,0.05
4842,0.9850000000000001,0.05
4843,1.2737500000000002,0.05
4844,1.0825,0.05
4845,1.08125,0.05
4846,1.1487500000000002,0.05
4847,1.0425,0.05
4848,1.06875,0.05
4849,-3.16,0.05
4850,1.20375,0.05
4851,0.39749999999999974,0.05
4852,1.34375,0.05
4853,1.22625,0.05
4854,1.0950000000000002,0.05
4855,-2.818750000000001,0.05
4856,-0.06999999999999984,0.05
4857,1.0750000000000002,0.05
4858,1.2200000000000002,0.05
4859,0.8900000000000001,0.05
4860,0.825,0.05
4861,0.905,0.05
4862,0.7387499999999999,0.05
4863,0.3949999999999998,0.05
4864,0.9900000000000001,0.05
4865,1.07125,0.05
4866,1.08,0.05
4867,1.1675,0.05
4868,0.7349999999999999,0.05
4869,1.0462500000000001,0.05
4870,1.06125,0.05
4871,1.1975,0.05
4872,-2.877499999999999,0.05
4873,1.3,0.05
4874,1.0325000000000002,0.05
4875,0.43374999999999964,0.05
4876,1.2550000000000001,0.05
4877,1.435,0.05
4878,0.86125,0.05
4879,1.07875,0.05
4880,1.1175000000000002,0.05
4881,1.4625000000000001,0.05
4882,1.0625,0.05
4883,0.72625,0.05
4884,0.75125,0.05
4885,1.06,0.05
4886,0.9425,0.05
4887,1.1775,0.05
4888,1.01,0.05
4889,0.6174999999999998,0.05
4890,1.44875,0.05
4891,1.16625,0.05
4892,0.9212500000000001,0.05
4893,1.08,0.05
4894,0.6599999999999998,0.05
4895,1.1425,0.05
4896,0.7124999999999999,0.05
4897,0.9400000000000001,0.05
4898,0.9712500000000001,0.05
4899,1.2725,0.05
4900,1.2437500000000001,0.05
4901,-2.916250000000001,0.05
4902,0.6449999999999998,0.05
4903,1.0237500000000002,0.05
4904,0.7149999999999999,0.05
4905,1.05,0.05
4906,0.5812499999999997,0.05
4907,1.1812500000000001,0.05
4908,1.2550000000000001,0.05
4909,1.29,0.05
4910,0.9337500000000001,0.05
4911,1.08,0.05
4912,0.5149999999999998,0.05
4913,1.45375,0.05
4914,1.5687499999999999,0.05
4915,1.28,0.05
4916,0.47875,0.05
4917,0.9537500000000001,0.05
4918,0.6549999999999998,0.05
4919,1.0575,0.05
4920,1.28125,0.05
4921,1.1725,0.05
4922,1.08125,0.05
4923,1.235,0.05
4924,1.3,0.05
4925,1.02125,0.05
4926,0.3350000000000002,0.05
4927,1.2025000000000001,0.05
4928,1.0550000000000002,0.05
4929,0.32000000000000006,0.05
4930,1.0525,0.05
4931,1.30875,0.05
4932,1.2775,0.05
4933,1.1,0.05
4934,1.22875,0.05
4935,0.19874999999999998,0.05
4936,0.6049999999999998,0.05
4937,0.93,0.05
4938,0.9875,0.05
4939,0.8925000000000001,0.05
4940,1.0775000000000001,0.05
4941,1.1525,0.05
4942,0.8662500000000001,0.05
4943,0.76875,0.05
4944,1.28,0.05
4945,1.0575,0.05
4946,0.82125,0.05
4947,1.02625,0.05
4948,1.2200000000000002,0.05
4949,1.44375,0.05
4950,1.24,0.05
4951,1.3575000000000002,0.05
4952,0.9600000000000001,0.05
4953,1.1625,0.05
4954,1.0,0.05
4955,0.7274999999999999,0.05
4956,1.2850000000000001,0.05
4957,1.195,0.05
4958,1.27875,0.05
4959,1.0237500000000002,0.05
4960,1.12625,0.05
4961,0.9550000000000001,0.05
4962,1.1125,0.05
4963,1.45375,0.05
4964,0.88,0.05
4965,0.9837500000000001,0.05
4966,1.0375,0.05
4967,0.935,0.05
4968,0.5874999999999998,0.05
4969,0.3750000000000002,0.05
4970,1.4575,0.05
4971,1.13625,0.05
4972,1.31875,0.05
4973,1.1725,0.05
4974,1.0275,0.05
4975,1.235,0.05
4976,0.87875,0.05
4977,0.8875000000000001,0.05
4978,0.5449999999999997,0.05
4979,1.2775,0.05
4980,0.2825,0.05
4981,0.7075,0.05
4982,1.08,0.05
4983,1.045,0.05
4984,0.9650000000000001,0.05
4985,1.2000000000000002,0.05
4986,0.81375,0.05
4987,-2.7562500000000005,0.05
4988,1.1175000000000002,0.05
4989,0.29499999999999993,0.05
4990,1.02125,0.05
4991,1.235,0.05
4992,1.0625,0.05
4993,1.1175000000000002,0.05
4994,1.1500000000000001,0.05
4995,1.495,0.05
4996,1.11125,0.05
4997,1.18125,0.05
4998,1.13625,0.05
4999,0.905,0.05
5000,1.01875,0.05
