episode,reward,epsilon
1,-3.1100000000000017,0.5
2,-3.2350000000000017,0.4975
3,-3.3287500000000003,0.4950125
4,-3.186250000000001,0.4925374375
5,-3.161250000000001,0.49007475031250003
6,-3.1187500000000012,0.48762437656093754
7,-2.881250000000001,0.48518625467813287
8,-2.945000000000001,0.4827603234047422
9,-3.0737500000000013,0.4803465217877185
10,-3.1587500000000013,0.47794478917877986
11,-2.9650000000000007,0.47555506523288593
12,-3.14375,0.4731772899067215
13,-3.1450000000000014,0.47081140345718786
14,-3.0550000000000015,0.46845734643990194
15,-3.0925,0.46611505970770245
16,-3.0700000000000007,0.4637844844091639
17,-3.100000000000001,0.4614655619871181
18,-2.975,0.4591582341771825
19,-3.1387500000000004,0.4568624430062966
20,-0.8950000000000002,0.4545781307912651
21,-3.1,0.4523052401373088
22,-3.025,0.45004371393662224
23,-3.0100000000000007,0.44779349536693913
24,-2.891250000000001,0.4455545278901044
25,-3.0362500000000003,0.4433267552506539
26,-2.8925000000000014,0.44111012147440065
27,-2.9637500000000006,0.43890457086702866
28,-2.9887500000000005,0.43671004801269353
29,-0.7950000000000002,0.4345264977726301
30,-3.088750000000001,0.4323538652837669
31,-3.030000000000001,0.4301920959573481
32,-3.0062500000000014,0.42804113547756134
33,-2.82875,0.4259009298001735
34,-2.9312500000000004,0.42377142515117266
35,-2.99375,0.4216525680254168
36,-2.9737500000000003,0.4195443051852897
37,-2.9387500000000006,0.4174465836593632
38,-2.8875,0.4153593507410664
39,-2.922500000000001,0.4132825539873611
40,-3.0700000000000016,0.4112161412174243
41,-2.9462499999999996,0.40916006051133713
42,-2.9112500000000012,0.40711426020878044
43,-2.8700000000000014,0.4050786889077365
44,-3.1,0.40305329546319785
45,-2.9287499999999995,0.40103802898588187
46,-3.013750000000001,0.3990328388409525
47,-2.89125,0.3970376746467477
48,-3.085000000000001,0.39505248627351397
49,-0.9675000000000005,0.3930772238421464
50,-3.0237500000000006,0.3911118377229357
51,-2.6100000000000003,0.389156278534321
52,-2.8862500000000004,0.3872104971416494
53,-2.8387500000000006,0.38527444465594113
54,-2.959999999999999,0.38334807243266145
55,1.06,0.3814313320704981
56,-3.182499999999999,0.3795241754101456
57,-3.0587500000000003,0.37762655453309485
58,-3.1100000000000008,0.3757384217604294
59,0.5387499999999998,0.3738597296516272
60,-2.9525000000000015,0.3719904310033691
61,-3.0200000000000005,0.37013047884835226
62,-3.0725000000000002,0.3682798264541105
63,-3.0625,0.36643842732183995
64,0.14250000000000007,0.3646062351852308
65,-3.0512500000000014,0.36278320400930464
66,-3.18875,0.3609692879892581
67,-2.7174999999999994,0.3591644415493118
68,-2.9525,0.3573686193415653
69,-2.9800000000000013,0.35558177624485743
70,-2.94375,0.3538038673636331
71,-2.931250000000001,0.35203484802681495
72,-3.100000000000001,0.35027467378668087
73,-2.9175000000000013,0.3485233004177475
74,0.8975000000000001,0.34678068391565875
75,-2.8800000000000003,0.34504678049608045
76,-3.040000000000001,0.34332154659360004
77,-2.8562500000000006,0.34160493886063203
78,-2.9425000000000012,0.3398969141663289
79,-2.8837500000000005,0.33819742959549726
80,1.4900000000000002,0.33650644244751976
81,-2.8925000000000005,0.3348239102352822
82,-2.7250000000000005,0.3331497906841058
83,-2.8625000000000007,0.33148404173068524
84,-2.9225000000000003,0.3298266215220318
85,-2.9575000000000005,0.3281774884144216
86,-2.785,0.3265366009723495
87,-2.9162500000000007,0.32490391796748774
88,-3.031250000000001,0.3232793983776503
89,-2.961250000000001,0.32166300138576204
90,-2.910000000000001,0.3200546863788332
91,-3.0650000000000004,0.31845441294693905
92,-2.8437500000000013,0.3168621408822043
93,0.7512499999999999,0.3152778301777933
94,-2.9200000000000013,0.31370144102690434
95,-2.957500000000001,0.3121329338217698
96,-2.9912500000000013,0.31057226915266095
97,-2.8962499999999998,0.30901940780689763
98,-2.9650000000000007,0.30747431076786313
99,-2.9325000000000006,0.3059369392140238
100,-3.1637500000000007,0.3044072545179537
101,-2.83,0.3028852182453639
102,-2.9025000000000003,0.3013707921541371
103,-0.17874999999999952,0.29986393819336643
104,-2.922500000000001,0.2983646185023996
105,-0.0024999999999997247,0.2968727954098876
106,0.47624999999999995,0.29538843143283816
107,-2.8087500000000003,0.29391148927567395
108,-2.82125,0.29244193182929556
109,-2.6850000000000005,0.2909797221701491
110,-3.1037500000000002,0.28952482355929837
111,-3.3362500000000006,0.2880771994415019
112,-2.811250000000001,0.28663681344429437
113,-3.021250000000001,0.2852036293770729
114,-2.950000000000001,0.2837776112301875
115,-2.953750000000001,0.2823587231740366
116,-2.6975,0.2809469295581664
117,-2.9412500000000006,0.2795421949103756
118,-2.880000000000001,0.2781444839358237
119,-0.054999999999999716,0.27675376151614456
120,-2.7975000000000003,0.2753699927085638
121,-2.9800000000000004,0.273993142745021
122,-2.8725,0.2726231770312959
123,-0.20874999999999955,0.27126006114613943
124,-2.9425000000000012,0.26990376084040874
125,-2.836250000000001,0.2685542420362067
126,-0.9524999999999999,0.26721147082602564
127,-2.8400000000000007,0.2658754134718955
128,-3.0075000000000007,0.26454603640453606
129,0.25,0.2632233062225134
130,-2.823750000000001,0.2619071896914008
131,-2.825,0.2605976537429438
132,-2.7362500000000005,0.2592946654742291
133,-2.9687500000000013,0.25799819214685793
134,-2.7375000000000007,0.25670820118612364
135,-3.0275000000000003,0.255424660180193
136,-0.35624999999999973,0.25414753687929204
137,-2.877500000000001,0.2528767991948956
138,-2.982500000000001,0.2516124151989211
139,-2.873750000000001,0.2503543531229265
140,-2.817500000000001,0.24910258135731184
141,-2.85,0.24785706845052527
142,-3.2350000000000017,0.24661778310827265
143,-3.1075000000000017,0.2453846941927313
144,-2.9875000000000007,0.24415777072176764
145,-2.805,0.2429369818681588
146,-2.7600000000000002,0.241722296958818
147,1.3900000000000001,0.2405136854740239
148,1.0562500000000001,0.23931111704665378
149,-3.2824999999999998,0.23811456146142052
150,-2.9162500000000002,0.2369239886541134
151,-3.0925000000000016,0.23573936871084283
152,-2.9262500000000005,0.23456067186728863
153,-2.878750000000001,0.23338786850795218
154,-2.891250000000001,0.23222092916541243
155,-2.9674999999999994,0.23105982451958537
156,-2.880000000000001,0.22990452539698744
157,-3.3037500000000017,0.2287550027700025
158,-3.0725000000000002,0.22761122775615247
159,-2.76375,0.2264731716173717
160,-3.4475,0.22534080575928486
161,-3.541250000000001,0.22421410173048845
162,-3.4525,0.223093031221836
163,-2.755,0.2219775660657268
164,-2.778750000000001,0.22086767823539816
165,-3.0375000000000005,0.21976333984422117
166,-2.5674999999999994,0.21866452314500007
167,-2.9275,0.21757120052927506
168,-2.8637500000000005,0.21648334452662868
169,-2.965000000000001,0.21540092780399553
170,-3.0175000000000014,0.21432392316497556
171,-2.812500000000001,0.21325230354915067
172,-2.953750000000001,0.21218604203140493
173,-2.8162499999999997,0.2111251118212479
174,-2.83375,0.21006948626214167
175,-2.866250000000001,0.20901913883083095
176,-3.1212500000000007,0.2079740431366768
177,-2.8825000000000003,0.20693417292099342
178,-0.6987499999999998,0.20589950205638846
179,-2.9412500000000015,0.20487000454610652
180,-2.8400000000000003,0.20384565452337597
181,-3.329999999999999,0.20282642625075908
182,-2.7800000000000007,0.2018122941195053
183,-2.850000000000001,0.20080323264890776
184,-2.937500000000001,0.1997992164856632
185,-2.970000000000001,0.1988002204032349
186,-2.66,0.19780621930121872
187,-2.9875000000000007,0.19681718820471264
188,-2.8350000000000004,0.19583310226368908
189,-2.8787500000000006,0.19485393675237064
190,-2.9074999999999998,0.1938796670686088
191,-2.856250000000001,0.19291026873326575
192,-2.935000000000001,0.19194571738959942
193,-3.028750000000002,0.1909859888026514
194,-2.947500000000001,0.19003105885863816
195,-2.856250000000001,0.18908090356434498
196,-2.9825000000000004,0.18813549904652327
197,-2.9074999999999998,0.18719482155129066
198,-2.9175000000000013,0.18625884744353421
199,-2.9050000000000002,0.18532755320631655
200,1.21,0.18440091544028497
201,-2.971250000000001,0.18347891086308354
202,-2.997500000000001,0.18256151630876813
203,1.18375,0.1816487087272243
204,-2.7375000000000007,0.1807404651835882
205,1.355,0.17983676285767025
206,-3.016250000000001,0.1789375790433819
207,-2.81,0.178042891148165
208,-2.993750000000001,0.17715267669242415
209,-2.941250000000001,0.17626691330896202
210,0.70375,0.1753855787424172
211,-2.7550000000000003,0.17450865084870512
212,-2.966249999999999,0.1736361075944616
213,-2.8487500000000003,0.1727679270564893
214,-2.866250000000001,0.17190408742120686
215,-0.9512499999999997,0.1710445669841008
216,-2.9062500000000013,0.1701893441491803
217,-2.855000000000001,0.1693383974284344
218,-0.4537499999999992,0.16849170544129222
219,-2.915000000000001,0.16764924691408575
220,0.43874999999999975,0.16681100067951532
221,1.01,0.16597694567611773
222,-2.8037499999999995,0.16514706094773715
223,-2.98125,0.16432132564299848
224,-2.69625,0.1634997190147835
225,-2.885000000000001,0.1626822204197096
226,0.98875,0.16186880931761105
227,-2.9912500000000004,0.161059465271023
228,-2.8050000000000006,0.16025416794466787
229,-2.9100000000000006,0.15945289710494454
230,-2.91375,0.1586556326194198
231,-2.9175000000000013,0.1578623544563227
232,-0.6062499999999991,0.1570730426840411
233,-1.112500000000001,0.1562876774706209
234,1.02625,0.15550623908326777
235,0.8212499999999999,0.15472870788785142
236,-2.8062500000000004,0.15395506434841216
237,-2.9475,0.1531852890266701
238,-0.43124999999999925,0.15241936258153677
239,-2.7587500000000005,0.1516572657686291
240,-2.89625,0.15089897943978595
241,-2.8287500000000003,0.15014448454258703
242,1.0462500000000001,0.1493937621198741
243,-2.8675000000000006,0.14864679330927472
244,-2.7162500000000005,0.14790355934272834
245,-2.903750000000001,0.1471640415460147
246,0.16999999999999993,0.14642822133828462
247,-2.7562500000000005,0.1456960802315932
248,-3.0362499999999994,0.14496759983043522
249,-2.905000000000001,0.14424276183128304
250,-0.21624999999999917,0.14352154802212663
251,-2.923750000000001,0.142803940282016
252,0.73875,0.14208992058060593
253,-2.900000000000001,0.1413794709777029
254,-3.185000000000002,0.14067257362281438
255,-2.835000000000001,0.1399692107547003
256,-2.9087500000000004,0.13926936470092682
257,-2.7875000000000005,0.13857301787742218
258,-3.0325000000000006,0.13788015278803506
259,1.3,0.1371907520240949
260,-0.9124999999999999,0.1365047982639744
261,-2.8187500000000005,0.13582227427265453
262,-2.980000000000001,0.13514316290129125
263,-3.481250000000002,0.1344674470867848
264,-2.817500000000001,0.13379510985135087
265,-0.009999999999999787,0.1331261343020941
266,-2.7062500000000007,0.13246050363058365
267,-2.7987500000000005,0.13179820111243074
268,1.405,0.13113921010686858
269,-2.942500000000001,0.13048351405633424
270,-2.7412500000000004,0.12983109648605257
271,0.06750000000000012,0.1291819410036223
272,-2.781250000000001,0.1285360312986042
273,-0.4762499999999992,0.12789335114211117
274,-2.8100000000000005,0.12725388438640062
275,-2.850000000000001,0.1266176149644686
276,-0.35374999999999956,0.12598452688964626
277,-0.9124999999999999,0.12535460425519804
278,-2.6300000000000003,0.12472783123392205
279,-2.756250000000001,0.12410419207775243
280,-2.9425000000000003,0.12348367111736366
281,-2.9025000000000007,0.12286625276177685
282,-2.775000000000001,0.12225192149796796
283,-2.8162500000000006,0.12164066189047812
284,-2.7662500000000008,0.12103245858102572
285,-0.3812499999999994,0.1204272962881206
286,-2.7937500000000006,0.11982515980668
287,-0.031249999999999778,0.1192260340076466
288,-0.8049999999999995,0.11862990383760837
289,-2.69375,0.11803675431842033
290,-0.1849999999999994,0.11744657054682822
291,0.15375000000000005,0.11685933769409408
292,-2.7600000000000002,0.11627504100562361
293,-2.8675000000000006,0.1156936658005955
294,-2.8425000000000007,0.11511519747159252
295,-2.9050000000000007,0.11453962148423455
296,-2.7362500000000005,0.11396692337681337
297,-2.8600000000000008,0.11339708875992931
298,-2.97,0.11283010331612967
299,-2.8462500000000004,0.11226595279954901
300,-2.886250000000001,0.11170462303555127
301,-3.0300000000000002,0.11114609992037351
302,-2.905000000000001,0.11059036942077165
303,-2.8487500000000003,0.11003741757366779
304,-2.9987500000000016,0.10948723048579945
305,1.06875,0.10893979433337045
306,-2.9987500000000007,0.1083950953617036
307,0.87,0.10785311988489507
308,-2.7987500000000005,0.10731385428547059
309,-3.143750000000001,0.10677728501404324
310,-2.7287500000000002,0.10624339858897303
311,-3.0512500000000005,0.10571218159602816
312,0.92125,0.10518362068804801
313,-2.862500000000001,0.10465770258460777
314,-2.918750000000001,0.10413441407168474
315,-2.930000000000001,0.10361374200132631
316,-0.21125000000000016,0.10309567329131968
317,0.09125000000000005,0.10258019492486307
318,-2.893750000000001,0.10206729395023875
319,-2.750000000000001,0.10155695748048756
320,-2.7800000000000007,0.10104917269308512
321,-2.94375,0.1005439268296197
322,-2.9300000000000006,0.1000412071954716
323,-2.756250000000001,0.09954100115949424
324,-2.923750000000001,0.09904329615369677
325,-3.008750000000001,0.09854807967292828
326,0.73875,0.09805533927456364
327,-1.0412500000000005,0.09756506257819082
328,0.48499999999999976,0.09707723726529986
329,-2.8000000000000007,0.09659185107897336
330,-2.866250000000001,0.0961088918235785
331,-2.910000000000001,0.0956283473644606
332,-2.8250000000000006,0.0951502056276383
333,-3.211250000000001,0.09467445459950011
334,-3.655,0.09420108232650261
335,-3.192499999999999,0.09373007691487009
336,-2.9350000000000005,0.09326142653029575
337,0.36999999999999966,0.09279511939764427
338,-3.267499999999999,0.09233114380065605
339,-2.89375,0.09186948808165277
340,-2.942500000000001,0.0914101406412445
341,-2.862500000000001,0.09095308993803829
342,-2.736250000000001,0.09049832448834809
343,-2.8525,0.09004583286590635
344,-2.960000000000001,0.08959560370157682
345,-0.81125,0.08914762568306893
346,-0.8550000000000002,0.08870188755465358
347,-3.042500000000001,0.08825837811688031
348,-2.825000000000001,0.0878170862262959
349,-2.8987500000000006,0.08737800079516442
350,-2.8362500000000006,0.08694111079118859
351,-2.950000000000001,0.08650640523723264
352,0.43250000000000033,0.08607387321104648
353,-2.8550000000000004,0.08564350384499125
354,-3.2224999999999993,0.08521528632576629
355,-2.8600000000000008,0.08478920989413746
356,-2.878750000000001,0.08436526384466678
357,-3.033750000000001,0.08394343752544345
358,-2.8625000000000007,0.08352372033781623
359,-2.7375000000000003,0.08310610173612715
360,-2.9450000000000007,0.08269057122744651
361,-1.0625000000000009,0.08227711837130927
362,-2.861250000000001,0.08186573277945272
363,-3.040000000000001,0.08145640411555546
364,-2.8787500000000006,0.08104912209497768
365,-0.21999999999999953,0.08064387648450279
366,-0.5874999999999997,0.08024065710208027
367,-2.870000000000001,0.07983945381656987
368,-2.912500000000001,0.07944025654748703
369,-3.2125,0.0790430552647496
370,-3.0375000000000014,0.07864783998842585
371,-2.8812500000000005,0.07825460078848372
372,-0.8825000000000001,0.0778633277845413
373,-2.855000000000001,0.0774740111456186
374,-3.017500000000001,0.07708664108989051
375,-2.920000000000001,0.07670120788444106
376,0.10000000000000009,0.07631770184501885
377,-2.900000000000001,0.07593611333579375
378,-2.9162500000000002,0.07555643276911478
379,-2.862500000000001,0.07517865060526921
380,-0.9787500000000005,0.07480275735224286
381,-2.7812500000000004,0.07442874356548164
382,-2.811250000000001,0.07405659984765423
383,-2.930000000000001,0.07368631684841595
384,0.8512500000000001,0.07331788526417388
385,-2.9650000000000007,0.07295129583785301
386,-0.4649999999999994,0.07258653935866374
387,-0.855,0.07222360666187043
388,-2.8462500000000004,0.07186248862856108
389,1.01875,0.07150317618541828
390,1.3900000000000001,0.07114566030449118
391,-3.281250000000001,0.07078993200296872
392,-0.4599999999999993,0.07043598234295388
393,-2.970000000000001,0.07008380243123911
394,-2.942500000000001,0.06973338341908292
395,1.51375,0.0693847165019875
396,-2.96875,0.06903779291947756
397,-2.8625,0.06869260395488018
398,1.0425,0.06834914093510577
399,0.27249999999999996,0.06800739523043024
400,1.15375,0.0676673582542781
401,-2.8125000000000004,0.0673290214630067
402,-0.8387500000000003,0.06699237635569168
403,-2.825000000000001,0.06665741447391321
404,-2.6750000000000003,0.06632412740154364
405,0.02000000000000024,0.06599250676453593
406,-2.5999999999999996,0.06566254423071324
407,-2.835000000000001,0.06533423150955968
408,-3.0037499999999997,0.06500756035201188
409,-1.1687500000000008,0.06468252255025182
410,-0.78,0.06435910993750056
411,-2.8550000000000013,0.06403731438781306
412,-3.2650000000000006,0.06371712781587399
413,-3.15,0.06339854217679462
414,-3.1512500000000006,0.06308154946591064
415,0.5512499999999997,0.0627661417185811
416,-2.806250000000001,0.06245231100998819
417,0.24,0.06214004945493825
418,-2.750000000000001,0.06182934920766356
419,-2.8175000000000012,0.06152020246162524
420,-2.9062500000000013,0.06121260144931712
421,-0.3337499999999993,0.06090653844207053
422,-2.8000000000000007,0.060602005749860174
423,-2.910000000000001,0.06029899572111087
424,0.98875,0.059997500742505316
425,-2.88875,0.05969751323879279
426,0.1299999999999999,0.059399025672598825
427,-0.79125,0.05910203054423583
428,-3.1900000000000013,0.05880652039151465
429,-2.9612500000000006,0.058512487789557074
430,-3.5237500000000006,0.05821992535060929
431,-2.9650000000000003,0.05792882572385624
432,-2.9150000000000005,0.05763918159523696
433,-3.4212500000000023,0.057350985687260776
434,-2.7312500000000006,0.05706423075882447
435,0.75875,0.05677890960503035
436,-2.8000000000000007,0.056495015057005195
437,0.5962499999999997,0.05621253998172017
438,1.5175,0.05593147728181157
439,-1.067500000000001,0.05565181989540251
440,-0.4399999999999995,0.055373560795925494
441,1.38625,0.05509669299194587
442,-2.910000000000001,0.05482120952698614
443,-2.9162500000000007,0.054547103479351204
444,-2.8187500000000005,0.05427436796195445
445,0.825,0.05400299612214468
446,0.12624999999999997,0.05373298114153396
447,-1.161250000000001,0.05346431623582629
448,-0.3199999999999994,0.05319699465464715
449,-3.0512500000000014,0.05293100968137392
450,-2.911250000000001,0.052666354632967045
451,-2.5687499999999996,0.05240302285980221
452,0.6149999999999999,0.0521410077455032
453,-2.8987500000000006,0.05188030270677568
454,-2.7987500000000005,0.0516209011932418
455,-2.755,0.05136279668727559
456,-2.9500000000000015,0.05110598270383922
457,-2.8062500000000004,0.05085045279032002
458,-2.983750000000001,0.05059620052636842
459,0.7699999999999999,0.050343219523736576
460,1.5274999999999999,0.050091503426117893
461,-0.9649999999999996,0.05
462,-2.6287499999999997,0.05
463,-2.8750000000000004,0.05
464,-2.890000000000001,0.05
465,-0.04499999999999971,0.05
466,-3.34,0.05
467,0.8425,0.05
468,0.6487499999999998,0.05
469,-0.043749999999999734,0.05
470,-1.0750000000000004,0.05
471,-2.942500000000001,0.05
472,-0.5624999999999993,0.05
473,-0.9175000000000002,0.05
474,-2.6812500000000004,0.05
475,-0.6887499999999995,0.05
476,-2.823750000000001,0.05
477,1.425,0.05
478,-2.9125000000000005,0.05
479,0.7625000000000001,0.05
480,0.5624999999999998,0.05
481,-3.0662500000000006,0.05
482,-0.07374999999999976,0.05
483,0.3250000000000002,0.05
484,-2.7675000000000005,0.05
485,-0.44124999999999925,0.05
486,-2.918750000000001,0.05
487,0.5662499999999999,0.05
488,-2.886250000000001,0.05
489,-2.930000000000001,0.05
490,-0.6187499999999992,0.05
491,-0.3199999999999994,0.05
492,-0.5424999999999993,0.05
493,-2.7687500000000007,0.05
494,-0.6412499999999997,0.05
495,-2.60625,0.05
496,-0.6599999999999995,0.05
497,-2.886250000000001,0.05
498,-0.6362499999999998,0.05
499,-1.1712500000000012,0.05
500,-0.31374999999999953,0.05
501,-2.7487500000000002,0.05
502,-2.7687500000000007,0.05
503,-0.8587500000000003,0.05
504,0.09125000000000005,0.05
505,-2.6687500000000006,0.05
506,-2.873750000000001,0.05
507,0.15375000000000005,0.05
508,1.225,0.05
509,-0.9662500000000003,0.05
510,-2.9112500000000012,0.05
511,-2.8937500000000003,0.05
512,1.1187500000000001,0.05
513,-2.893750000000001,0.05
514,-2.8725000000000005,0.05
515,0.98,0.05
516,-0.8400000000000003,0.05
517,-1.1187500000000001,0.05
518,-2.837500000000001,0.05
519,-2.7487500000000002,0.05
520,0.1262500000000002,0.05
521,-0.8262499999999999,0.05
522,-0.7899999999999996,0.05
523,-3.30875,0.05
524,-2.861250000000001,0.05
525,-0.4349999999999994,0.05
526,-2.7687500000000007,0.05
527,-0.3649999999999993,0.05
528,-2.7875000000000005,0.05
529,0.40374999999999983,0.05
530,-0.3349999999999991,0.05
531,-2.7562500000000005,0.05
532,0.09625000000000017,0.05
533,-3.028750000000002,0.05
534,-0.31249999999999956,0.05
535,-2.6875000000000004,0.05
536,-0.4674999999999998,0.05
537,-2.8562500000000006,0.05
538,-2.781250000000001,0.05
539,-0.9612499999999995,0.05
540,0.0050000000000001155,0.05
541,-0.07499999999999951,0.05
542,-0.05624999999999969,0.05
543,1.06,0.05
544,-0.4387499999999993,0.05
545,-0.6112499999999992,0.05
546,-2.8300000000000005,0.05
547,-2.6999999999999997,0.05
548,-0.2699999999999996,0.05
549,-2.9762500000000007,0.05
550,0.08750000000000013,0.05
551,-2.900000000000001,0.05
552,-0.46874999999999933,0.05
553,-0.7712499999999995,0.05
554,-0.6037499999999993,0.05
555,-2.9800000000000004,0.05
556,-2.942500000000001,0.05
557,-0.2637499999999995,0.05
558,-0.1137499999999998,0.05
559,1.0987500000000001,0.05
560,-2.912500000000001,0.05
561,-2.6437500000000003,0.05
562,0.5812499999999997,0.05
563,-2.891250000000001,0.05
564,0.41500000000000004,0.05
565,-2.9425000000000012,0.05
566,0.6712499999999999,0.05
567,0.31374999999999975,0.05
568,-3.16,0.05
569,-3.332500000000002,0.05
570,-0.412499999999999,0.05
571,-2.978750000000001,0.05
572,-2.9887500000000014,0.05
573,-0.7199999999999993,0.05
574,0.09250000000000003,0.05
575,-2.7499999999999996,0.05
576,-2.8699999999999997,0.05
577,-3.0150000000000015,0.05
578,-2.798750000000001,0.05
579,-3.0237499999999997,0.05
580,-2.930000000000001,0.05
581,-3.5562500000000026,0.05
582,-2.63,0.05
583,0.20750000000000002,0.05
584,-2.8312500000000007,0.05
585,-0.9487500000000002,0.05
586,-0.9975000000000007,0.05
587,-2.6187499999999986,0.05
588,-3.3312499999999994,0.05
589,1.4675,0.05
590,-3.371250000000002,0.05
591,0.5624999999999999,0.05
592,-0.08124999999999982,0.05
593,-2.867500000000001,0.05
594,1.07625,0.05
595,-2.8362499999999997,0.05
596,-3.1849999999999996,0.05
597,-2.8775,0.05
598,-2.9725000000000006,0.05
599,-2.8737500000000007,0.05
600,-2.8300000000000005,0.05
601,-0.9175000000000002,0.05
602,0.012500000000000178,0.05
603,-0.5974999999999995,0.05
604,-2.886250000000001,0.05
605,1.11625,0.05
606,-2.8237500000000004,0.05
607,-0.7899999999999998,0.05
608,1.07,0.05
609,0.90625,0.05
610,-0.9450000000000001,0.05
611,0.49499999999999966,0.05
612,-2.970000000000001,0.05
613,-2.936250000000001,0.05
614,-2.8425000000000007,0.05
615,-2.7800000000000007,0.05
616,-2.93125,0.05
617,-3.699999999999999,0.05
618,-0.047499999999999876,0.05
619,0.7687499999999999,0.05
620,-2.900000000000001,0.05
621,0.84875,0.05
622,-0.5587499999999996,0.05
623,-0.26499999999999946,0.05
624,0.725,0.05
625,0.3787499999999999,0.05
626,-2.867500000000001,0.05
627,-3.0925000000000016,0.05
628,-2.862500000000001,0.05
629,-2.7437500000000004,0.05
630,-3.0187500000000007,0.05
631,-2.817500000000001,0.05
632,-2.875000000000001,0.05
633,-2.856250000000001,0.05
634,1.1800000000000002,0.05
635,-3.0025000000000013,0.05
636,-1.2700000000000016,0.05
637,0.5974999999999998,0.05
638,-0.8987500000000004,0.05
639,1.2400000000000002,0.05
640,0.2849999999999999,0.05
641,-0.6787499999999997,0.05
642,-2.7775000000000007,0.05
643,0.7625000000000001,0.05
644,-0.5124999999999993,0.05
645,-0.07249999999999956,0.05
646,-2.705,0.05
647,0.6362500000000001,0.05
648,-2.7562500000000005,0.05
649,-2.8212499999999996,0.05
650,-0.2849999999999995,0.05
651,1.4800000000000002,0.05
652,0.92,0.05
653,1.51375,0.05
654,0.5962499999999998,0.05
655,0.5812499999999997,0.05
656,0.042500000000000204,0.05
657,0.23499999999999988,0.05
658,-0.2199999999999993,0.05
659,0.1412500000000001,0.05
660,-0.7462499999999996,0.05
661,0.7274999999999999,0.05
662,-0.8,0.05
663,0.81375,0.05
664,-3.4137500000000003,0.05
665,0.8074999999999999,0.05
666,0.4462499999999997,0.05
667,-1.7600000000000027,0.05
668,-0.2262499999999994,0.05
669,0.91,0.05
670,1.2875,0.05
671,-2.8562500000000006,0.05
672,1.11125,0.05
673,-2.9487500000000013,0.05
674,0.3374999999999999,0.05
675,0.18999999999999995,0.05
676,0.6962499999999998,0.05
677,0.7274999999999999,0.05
678,1.5050000000000001,0.05
679,-2.8912500000000003,0.05
680,1.0525,0.05
681,0.4674999999999997,0.05
682,-2.9437500000000005,0.05
683,0.47374999999999967,0.05
684,-3.8050000000000006,0.05
685,-0.012499999999999734,0.05
686,0.7237499999999999,0.05
687,0.63,0.05
688,-2.8625000000000007,0.05
689,-2.942500000000001,0.05
690,1.19875,0.05
691,-0.07374999999999976,0.05
692,0.3749999999999998,0.05
693,0.5524999999999997,0.05
694,0.82375,0.05
695,-2.868750000000001,0.05
696,-1.6500000000000006,0.05
697,0.27500000000000013,0.05
698,-0.41999999999999993,0.05
699,-1.0887500000000008,0.05
700,-2.912500000000001,0.05
701,-2.9875000000000007,0.05
702,1.54125,0.05
703,-0.5424999999999995,0.05
704,-0.7899999999999998,0.05
705,0.8550000000000001,0.05
706,-0.24374999999999947,0.05
707,-0.12999999999999967,0.05
708,0.6912499999999998,0.05
709,-2.8000000000000007,0.05
710,0.4999999999999999,0.05
711,-3.256250000000001,0.05
712,-3.2837500000000017,0.05
713,0.4412499999999997,0.05
714,0.7137499999999999,0.05
715,0.12375000000000025,0.05
716,0.5474999999999997,0.05
717,-2.91625,0.05
718,1.225,0.05
719,-2.830000000000001,0.05
720,0.2749999999999999,0.05
721,0.08374999999999999,0.05
722,0.5999999999999999,0.05
723,1.18625,0.05
724,0.7449999999999999,0.05
725,1.17375,0.05
726,-2.947500000000001,0.05
727,0.7687499999999999,0.05
728,-0.7762499999999999,0.05
729,-0.6549999999999996,0.05
730,-2.8300000000000005,0.05
731,0.8875,0.05
732,1.0150000000000001,0.05
733,-3.0625000000000013,0.05
734,-2.7500000000000004,0.05
735,0.98875,0.05
736,-2.8562500000000006,0.05
737,-2.7125000000000004,0.05
738,1.0987500000000001,0.05
739,-0.9362499999999994,0.05
740,-3.0050000000000012,0.05
741,-2.768750000000001,0.05
742,-2.862500000000001,0.05
743,-2.9675,0.05
744,0.43874999999999975,0.05
745,-3.5350000000000015,0.05
746,-2.825000000000001,0.05
747,0.65,0.05
748,0.7687499999999999,0.05
749,0.6287499999999998,0.05
750,-2.7437500000000004,0.05
751,-2.9312500000000012,0.05
752,-0.3049999999999995,0.05
753,-0.21874999999999956,0.05
754,1.0462500000000001,0.05
755,-0.1699999999999997,0.05
756,-0.3712499999999994,0.05
757,-2.875000000000001,0.05
758,0.32499999999999973,0.05
759,-0.4437499999999994,0.05
760,0.8750000000000001,0.05
761,1.12,0.05
762,-2.9,0.05
763,-2.843750000000001,0.05
764,0.06625000000000014,0.05
765,-2.9337500000000007,0.05
766,0.9475,0.05
767,0.5074999999999997,0.05
768,-0.25999999999999956,0.05
769,-4.071250000000001,0.05
770,-3.182499999999999,0.05
771,-2.893750000000001,0.05
772,-2.893750000000001,0.05
773,-3.4450000000000016,0.05
774,1.47875,0.05
775,0.14500000000000002,0.05
776,-0.029999999999999805,0.05
777,0.45874999999999966,0.05
778,-0.5124999999999991,0.05
779,-2.886250000000001,0.05
780,-2.9225000000000003,0.05
781,1.3487500000000001,0.05
782,1.1400000000000001,0.05
783,0.7750000000000001,0.05
784,-2.9325000000000006,0.05
785,0.5999999999999999,0.05
786,-2.888750000000001,0.05
787,-0.11624999999999974,0.05
788,-2.9275000000000007,0.05
789,-2.875000000000001,0.05
790,-3.8312500000000003,0.05
791,-2.893750000000001,0.05
792,1.1400000000000001,0.05
793,-0.051249999999999574,0.05
794,-2.9862500000000014,0.05
795,-2.9487500000000018,0.05
796,0.66875,0.05
797,0.5599999999999998,0.05
798,1.435,0.05
799,-3.0850000000000013,0.05
800,0.7199999999999999,0.05
801,-2.956250000000001,0.05
802,-0.5512499999999991,0.05
803,-2.7812500000000004,0.05
804,0.19000000000000017,0.05
805,0.725,0.05
806,-3.0462500000000015,0.05
807,1.00875,0.05
808,-2.9687500000000013,0.05
809,-3.0275000000000007,0.05
810,0.10750000000000015,0.05
811,-3.347500000000002,0.05
812,0.99,0.05
813,-2.98625,0.05
814,-2.880000000000001,0.05
815,-0.9125000000000003,0.05
816,-3.16,0.05
817,0.4562499999999997,0.05
818,-1.1912500000000004,0.05
819,-1.4800000000000002,0.05
820,0.30499999999999994,0.05
821,0.8675,0.05
822,0.25749999999999984,0.05
823,-2.898750000000001,0.05
824,0.6937499999999999,0.05
825,-2.881250000000001,0.05
826,-0.7299999999999998,0.05
827,-0.20374999999999943,0.05
828,0.36499999999999977,0.05
829,0.5349999999999997,0.05
830,0.935,0.05
831,-2.8000000000000007,0.05
832,-2.6500000000000004,0.05
833,-2.861250000000001,0.05
834,-3.09125,0.05
835,0.5687499999999998,0.05
836,-1.116250000000001,0.05
837,1.495,0.05
838,1.4412500000000001,0.05
839,-0.6174999999999995,0.05
840,1.0925,0.05
841,0.2862499999999999,0.05
842,0.83,0.05
843,-2.848750000000001,0.05
844,-2.9600000000000013,0.05
845,-0.25499999999999945,0.05
846,-2.84375,0.05
847,0.9425,0.05
848,0.3474999999999997,0.05
849,-2.7675,0.05
850,-3.4575000000000022,0.05
851,0.10499999999999998,0.05
852,-2.95,0.05
853,1.0250000000000001,0.05
854,0.8600000000000001,0.05
855,-3.185000000000001,0.05
856,-2.7862500000000003,0.05
857,-2.956250000000001,0.05
858,0.84,0.05
859,1.1062500000000002,0.05
860,0.7300000000000001,0.05
861,1.2087500000000002,0.05
862,0.5049999999999998,0.05
863,-3.0050000000000012,0.05
864,0.7875,0.05
865,1.25875,0.05
866,0.85,0.05
867,-2.7500000000000004,0.05
868,-2.825000000000001,0.05
869,0.7299999999999999,0.05
870,0.6412500000000001,0.05
871,0.8175,0.05
872,-3.2525000000000013,0.05
873,-0.09374999999999978,0.05
874,-2.918750000000001,0.05
875,-2.9312500000000012,0.05
876,-3.005,0.05
877,-2.9425000000000012,0.05
878,0.875,0.05
879,-2.8162500000000006,0.05
880,0.7712499999999999,0.05
881,-2.900000000000001,0.05
882,0.31749999999999967,0.05
883,0.86,0.05
884,0.22750000000000026,0.05
885,-2.7500000000000004,0.05
886,-2.923750000000001,0.05
887,0.9337500000000001,0.05
888,-2.8662500000000013,0.05
889,1.02,0.05
890,1.405,0.05
891,0.9762500000000001,0.05
892,-3.0125000000000006,0.05
893,1.06,0.05
894,-0.0024999999999999467,0.05
895,1.3625,0.05
896,0.7699999999999999,0.05
897,0.5074999999999997,0.05
898,0.46874999999999967,0.05
899,-0.9149999999999998,0.05
900,-2.8387499999999997,0.05
901,-0.35999999999999943,0.05
902,-2.7362500000000005,0.05
903,-2.8350000000000004,0.05
904,-2.9312500000000012,0.05
905,0.84625,0.05
906,0.6837499999999999,0.05
907,1.2875,0.05
908,1.09375,0.05
909,0.915,0.05
910,0.6112500000000001,0.05
911,0.4349999999999996,0.05
912,-3.3949999999999987,0.05
913,1.45375,0.05
914,1.4900000000000002,0.05
915,0.3149999999999997,0.05
916,0.23875000000000002,0.05
917,0.5362499999999998,0.05
918,0.7575,0.05
919,1.08125,0.05
920,-2.805,0.05
921,0.5424999999999999,0.05
922,0.6412499999999998,0.05
923,1.50875,0.05
924,1.11125,0.05
925,0.6149999999999999,0.05
926,-0.8099999999999998,0.05
927,0.5225000000000003,0.05
928,0.7149999999999999,0.05
929,1.1487500000000002,0.05
930,-2.7875000000000005,0.05
931,0.96875,0.05
932,-3.005000000000001,0.05
933,1.1,0.05
934,0.87125,0.05
935,-2.9512500000000013,0.05
936,0.82,0.05
937,0.2450000000000001,0.05
938,0.4212499999999997,0.05
939,-0.8400000000000001,0.05
940,0.21999999999999997,0.05
941,0.5712499999999997,0.05
942,-2.92125,0.05
943,0.7087500000000001,0.05
944,-0.2212499999999995,0.05
945,-2.825,0.05
946,-1.156249999999999,0.05
947,1.06875,0.05
948,0.10750000000000015,0.05
949,1.0237500000000002,0.05
950,0.6037499999999998,0.05
951,0.6837499999999999,0.05
952,-0.6412499999999997,0.05
953,-0.1837499999999994,0.05
954,0.6724999999999999,0.05
955,1.2725,0.05
956,1.185,0.05
957,-0.5987499999999992,0.05
958,-2.9625000000000004,0.05
959,-1.2025000000000012,0.05
960,-1.1575000000000006,0.05
961,1.185,0.05
962,0.22999999999999998,0.05
963,-2.9425000000000012,0.05
964,0.79375,0.05
965,0.8875,0.05
966,1.335,0.05
967,-0.19749999999999956,0.05
968,0.8224999999999999,0.05
969,-2.9687500000000013,0.05
970,-2.6937500000000005,0.05
971,-0.8899999999999999,0.05
972,-3.2162499999999996,0.05
973,-0.8862499999999998,0.05
974,1.1925000000000001,0.05
975,1.09375,0.05
976,0.8925000000000001,0.05
977,-0.3674999999999995,0.05
978,1.0450000000000002,0.05
979,0.6649999999999998,0.05
980,0.04000000000000026,0.05
981,-2.7062500000000007,0.05
982,0.25125,0.05
983,0.5737499999999998,0.05
984,-3.09125,0.05
985,0.91,0.05
986,0.905,0.05
987,0.905,0.05
988,-2.837500000000001,0.05
989,0.57625,0.05
990,-0.7850000000000004,0.05
991,-2.8050000000000006,0.05
992,0.78625,0.05
993,-0.5449999999999993,0.05
994,-2.8250000000000006,0.05
995,-2.837500000000001,0.05
996,0.8175,0.05
997,0.9762500000000001,0.05
998,-2.862500000000001,0.05
999,0.6862499999999998,0.05
1000,-3.2937500000000015,0.05
1001,-0.20249999999999968,0.05
1002,1.185,0.05
1003,1.28125,0.05
1004,0.09875000000000012,0.05
1005,-0.6649999999999994,0.05
1006,0.5974999999999998,0.05
1007,1.0575,0.05
1008,0.4462499999999998,0.05
1009,0.95625,0.05
1010,0.63,0.05
1011,0.12749999999999995,0.05
1012,0.17249999999999988,0.05
1013,1.2537500000000001,0.05
1014,0.78125,0.05
1015,-2.8862500000000004,0.05
1016,-0.11124999999999963,0.05
1017,-2.73,0.05
1018,1.0950000000000002,0.05
1019,0.03500000000000014,0.05
1020,1.1075,0.05
1021,-0.9175000000000002,0.05
1022,-2.875000000000001,0.05
1023,1.11375,0.05
1024,1.19,0.05
1025,0.9862500000000001,0.05
1026,-0.7912500000000005,0.05
1027,0.6499999999999998,0.05
1028,-2.922500000000001,0.05
1029,0.6974999999999999,0.05
1030,0.81125,0.05
1031,0.4224999999999999,0.05
1032,-0.6599999999999995,0.05
1033,1.27,0.05
1034,-0.3087499999999994,0.05
1035,1.27125,0.05
1036,1.1375000000000002,0.05
1037,0.48999999999999966,0.05
1038,0.4787499999999997,0.05
1039,0.9475,0.05
1040,-0.1649999999999996,0.05
1041,-0.9400000000000006,0.05
1042,0.7562499999999999,0.05
1043,-0.5287499999999992,0.05
1044,0.7637499999999999,0.05
1045,0.5199999999999997,0.05
1046,0.6124999999999999,0.05
1047,1.2,0.05
1048,0.6449999999999999,0.05
1049,-2.7687500000000007,0.05
1050,0.5237499999999997,0.05
1051,-3.403749999999999,0.05
1052,1.1300000000000001,0.05
1053,0.3774999999999997,0.05
1054,1.3362500000000002,0.05
1055,1.07125,0.05
1056,1.0950000000000002,0.05
1057,1.16375,0.05
1058,-0.4249999999999996,0.05
1059,0.3325,0.05
1060,1.11,0.05
1061,1.3137500000000002,0.05
1062,-0.3537499999999998,0.05
1063,-1.1775000000000004,0.05
1064,1.115,0.05
1065,-2.8175000000000003,0.05
1066,1.23,0.05
1067,1.3225,0.05
1068,1.40375,0.05
1069,0.98,0.05
1070,-2.8737500000000007,0.05
1071,-0.6062499999999991,0.05
1072,0.24124999999999974,0.05
1073,0.5787499999999998,0.05
1074,0.78,0.05
1075,1.3262500000000002,0.05
1076,-0.8575000000000002,0.05
1077,1.135,0.05
1078,-0.4349999999999996,0.05
1079,1.1487500000000002,0.05
1080,1.0350000000000001,0.05
1081,1.0212500000000002,0.05
1082,0.2024999999999999,0.05
1083,-1.0849999999999993,0.05
1084,0.82,0.05
1085,0.026250000000000107,0.05
1086,-2.8062500000000012,0.05
1087,0.6362499999999999,0.05
1088,-0.40624999999999933,0.05
1089,1.33875,0.05
1090,0.5062499999999998,0.05
1091,-2.7675000000000005,0.05
1092,1.3575000000000002,0.05
1093,0.05500000000000016,0.05
1094,-3.8400000000000003,0.05
1095,0.75125,0.05
1096,1.1187500000000001,0.05
1097,-1.1187499999999992,0.05
1098,0.72125,0.05
1099,-0.4662499999999994,0.05
1100,1.0775000000000001,0.05
1101,1.19875,0.05
1102,1.1175000000000002,0.05
1103,1.29,0.05
1104,0.5224999999999997,0.05
1105,-0.4399999999999993,0.05
1106,1.44375,0.05
1107,1.3775,0.05
1108,1.2575,0.05
1109,1.11125,0.05
1110,-2.8250000000000006,0.05
1111,0.07250000000000001,0.05
1112,1.0025,0.05
1113,0.06625000000000014,0.05
1114,-0.9200000000000002,0.05
1115,1.105,0.05
1116,-0.5174999999999994,0.05
1117,-2.903750000000001,0.05
1118,0.3849999999999998,0.05
1119,0.14500000000000002,0.05
1120,0.76375,0.05
1121,1.095,0.05
1122,0.935,0.05
1123,1.00625,0.05
1124,1.455,0.05
1125,0.04500000000000037,0.05
1126,1.0025000000000002,0.05
1127,0.0912500000000005,0.05
1128,0.08499999999999996,0.05
1129,-0.99,0.05
1130,0.5499999999999997,0.05
1131,0.82375,0.05
1132,1.08125,0.05
1133,0.42249999999999965,0.05
1134,1.1175000000000002,0.05
1135,0.88375,0.05
1136,0.7424999999999999,0.05
1137,1.0575,0.05
1138,0.07374999999999998,0.05
1139,0.020000000000000018,0.05
1140,1.4312500000000001,0.05
1141,-2.843750000000001,0.05
1142,0.88625,0.05
1143,0.21499999999999986,0.05
1144,0.007500000000000062,0.05
1145,1.225,0.05
1146,-0.09499999999999975,0.05
1147,0.6512499999999998,0.05
1148,-2.9537500000000003,0.05
1149,1.2825000000000002,0.05
1150,1.0575,0.05
1151,-2.881250000000001,0.05
1152,-0.2374999999999996,0.05
1153,-0.6224999999999998,0.05
1154,1.2725000000000002,0.05
1155,-3.5699999999999994,0.05
1156,-0.07374999999999932,0.05
1157,1.2650000000000001,0.05
1158,0.02875000000000072,0.05
1159,-0.17874999999999952,0.05
1160,1.335,0.05
1161,-2.892500000000001,0.05
1162,0.07499999999999996,0.05
1163,1.1912500000000001,0.05
1164,-3.1587500000000004,0.05
1165,1.1675,0.05
1166,0.6787499999999999,0.05
1167,-0.09624999999999972,0.05
1168,0.5487499999999997,0.05
1169,1.2750000000000001,0.05
1170,1.02625,0.05
1171,-0.24374999999999947,0.05
1172,-0.009999999999999787,0.05
1173,0.7149999999999999,0.05
1174,-2.9425000000000012,0.05
1175,1.1625,0.05
1176,0.026250000000000107,0.05
1177,0.2899999999999998,0.05
1178,-0.012499999999999734,0.05
1179,-0.24999999999999956,0.05
1180,1.0275,0.05
1181,0.9950000000000001,0.05
1182,-0.24874999999999958,0.05
1183,0.905,0.05
1184,-0.08124999999999982,0.05
1185,0.6224999999999998,0.05
1186,0.88,0.05
1187,1.4212500000000001,0.05
1188,0.6337499999999998,0.05
1189,-0.2124999999999997,0.05
1190,1.115,0.05
1191,1.2712500000000002,0.05
1192,0.3849999999999998,0.05
1193,1.27625,0.05
1194,-0.08999999999999986,0.05
1195,-0.2674999999999996,0.05
1196,1.2975,0.05
1197,0.85625,0.05
1198,0.036250000000000115,0.05
1199,0.6962499999999999,0.05
1200,1.225,0.05
1201,1.2537500000000001,0.05
1202,-1.4287500000000015,0.05
1203,1.1712500000000001,0.05
1204,0.4949999999999998,0.05
1205,-2.8237500000000004,0.05
1206,-3.245,0.05
1207,-2.787500000000001,0.05
1208,0.9675,0.05
1209,0.1399999999999999,0.05
1210,1.1725,0.05
1211,1.0425,0.05
1212,1.06,0.05
1213,1.485,0.05
1214,0.68375,0.05
1215,-0.4899999999999991,0.05
1216,1.45375,0.05
1217,0.6475,0.05
1218,1.13125,0.05
1219,0.5374999999999998,0.05
1220,1.44375,0.05
1221,0.87375,0.05
1222,-2.850000000000001,0.05
1223,0.93125,0.05
1224,0.42749999999999977,0.05
1225,0.10499999999999998,0.05
1226,-0.22249999999999948,0.05
1227,1.0987500000000001,0.05
1228,1.26625,0.05
1229,0.9700000000000001,0.05
1230,1.0050000000000001,0.05
1231,1.1487500000000002,0.05
1232,1.0150000000000001,0.05
1233,1.2525,0.05
1234,1.2725,0.05
1235,0.5012499999999996,0.05
1236,0.8012499999999999,0.05
1237,0.9962500000000001,0.05
1238,1.0050000000000001,0.05
1239,1.1612500000000001,0.05
1240,1.45875,0.05
1241,0.8562500000000001,0.05
1242,0.12250000000000005,0.05
1243,1.3275000000000001,0.05
1244,1.15,0.05
1245,1.135,0.05
1246,1.1625,0.05
1247,-0.6224999999999994,0.05
1248,0.5662499999999998,0.05
1249,0.2849999999999999,0.05
1250,0.9012500000000001,0.05
1251,-0.6287499999999995,0.05
1252,1.33125,0.05
1253,1.0237500000000002,0.05
1254,0.9500000000000001,0.05
1255,0.86125,0.05
1256,1.1525,0.05
1257,1.3325,0.05
1258,-2.912500000000001,0.05
1259,1.0012500000000002,0.05
1260,-0.24249999999999972,0.05
1261,0.4662499999999996,0.05
1262,1.28,0.05
1263,0.915,0.05
1264,1.2775,0.05
1265,0.86,0.05
1266,0.6549999999999998,0.05
1267,1.495,0.05
1268,1.1425,0.05
1269,1.2175,0.05
1270,-2.940000000000001,0.05
1271,-2.912500000000001,0.05
1272,1.20625,0.05
1273,1.1350000000000002,0.05
1274,1.2537500000000001,0.05
1275,1.0762500000000002,0.05
1276,0.5287499999999997,0.05
1277,0.8325,0.05
1278,1.4325,0.05
1279,-0.2924999999999993,0.05
1280,1.155,0.05
1281,0.5012499999999996,0.05
1282,-2.961250000000001,0.05
1283,1.1975,0.05
1284,0.9837500000000001,0.05
1285,-3.234999999999999,0.05
1286,1.4175,0.05
1287,-2.837500000000001,0.05
1288,-0.9012500000000003,0.05
1289,1.28875,0.05
1290,-4.009999999999999,0.05
1291,-2.881250000000001,0.05
1292,1.1075000000000002,0.05
1293,-0.19499999999999962,0.05
1294,1.08875,0.05
1295,0.6349999999999998,0.05
1296,1.30875,0.05
1297,1.1487500000000002,0.05
1298,-0.4099999999999995,0.05
1299,0.91625,0.05
1300,1.23625,0.05
1301,1.0025000000000002,0.05
1302,0.92125,0.05
1303,-0.26124999999999954,0.05
1304,0.6912499999999998,0.05
1305,0.8062499999999999,0.05
1306,0.15500000000000003,0.05
1307,0.93,0.05
1308,0.825,0.05
1309,0.8650000000000001,0.05
1310,0.5812499999999997,0.05
1311,0.9875,0.05
1312,1.30875,0.05
1313,0.93125,0.05
1314,0.8612500000000001,0.05
1315,1.54125,0.05
1316,0.47999999999999965,0.05
1317,0.81875,0.05
1318,0.7049999999999998,0.05
1319,-2.768749999999999,0.05
1320,1.405,0.05
1321,0.49999999999999967,0.05
1322,1.3137500000000002,0.05
1323,0.75625,0.05
1324,1.24125,0.05
1325,1.28875,0.05
1326,0.98875,0.05
1327,1.495,0.05
1328,0.32499999999999973,0.05
1329,0.5374999999999998,0.05
1330,0.7462499999999999,0.05
1331,0.9875,0.05
1332,-0.4437499999999992,0.05
1333,-2.903749999999999,0.05
1334,0.7299999999999999,0.05
1335,1.185,0.05
1336,1.0625,0.05
1337,1.04,0.05
1338,1.00625,0.05
1339,-0.2262499999999994,0.05
1340,1.3462500000000002,0.05
1341,0.9425,0.05
1342,1.165,0.05
1343,0.28249999999999975,0.05
1344,1.28125,0.05
1345,1.0975000000000001,0.05
1346,1.0562500000000001,0.05
1347,0.3962500000000002,0.05
1348,1.1975,0.05
1349,1.0250000000000001,0.05
1350,0.4249999999999998,0.05
1351,1.1487500000000002,0.05
1352,1.18375,0.05
1353,0.25500000000000034,0.05
1354,1.3350000000000002,0.05
1355,0.1625000000000001,0.05
1356,1.3800000000000001,0.05
1357,0.99,0.05
1358,1.4300000000000002,0.05
1359,0.7875,0.05
1360,0.28874999999999984,0.05
1361,1.1300000000000001,0.05
1362,1.07125,0.05
1363,1.3362500000000002,0.05
1364,1.3800000000000001,0.05
1365,1.32,0.05
1366,1.085,0.05
1367,-2.8200000000000007,0.05
1368,1.11,0.05
1369,1.3487500000000001,0.05
1370,1.0625,0.05
1371,0.07125000000000004,0.05
1372,0.7437499999999999,0.05
1373,0.06874999999999987,0.05
1374,1.5499999999999998,0.05
1375,0.9512500000000002,0.05
1376,0.6625000000000001,0.05
1377,1.3575000000000002,0.05
1378,0.8962500000000001,0.05
1379,0.7599999999999999,0.05
1380,1.095,0.05
1381,1.2175,0.05
1382,1.25,0.05
1383,0.7775,0.05
1384,-0.11124999999999963,0.05
1385,1.13125,0.05
1386,1.0100000000000002,0.05
1387,1.11875,0.05
1388,1.0562500000000001,0.05
1389,1.25875,0.05
1390,1.08,0.05
1391,1.2225000000000001,0.05
1392,0.8775000000000001,0.05
1393,-0.4087499999999997,0.05
1394,1.135,0.05
1395,-0.14124999999999965,0.05
1396,0.7887500000000001,0.05
1397,0.6049999999999998,0.05
1398,-0.010000000000000009,0.05
1399,0.09499999999999997,0.05
1400,1.24625,0.05
1401,1.1500000000000001,0.05
1402,1.3362500000000002,0.05
1403,0.0,0.05
1404,0.5387499999999997,0.05
1405,0.7775000000000001,0.05
1406,1.0462500000000001,0.05
1407,0.3587499999999999,0.05
1408,1.38625,0.05
1409,-3.103750000000001,0.05
1410,0.6799999999999998,0.05
1411,1.1900000000000002,0.05
1412,0.14500000000000002,0.05
1413,0.1712499999999999,0.05
1414,0.5974999999999998,0.05
1415,0.73125,0.05
1416,-0.017499999999999627,0.05
1417,0.96625,0.05
1418,1.06125,0.05
1419,0.24624999999999986,0.05
1420,1.3925,0.05
1421,1.35,0.05
1422,0.34999999999999964,0.05
1423,1.3450000000000002,0.05
1424,0.7299999999999999,0.05
1425,0.1787500000000004,0.05
1426,1.39375,0.05
1427,0.7699999999999999,0.05
1428,1.08,0.05
1429,0.3424999999999998,0.05
1430,0.07499999999999996,0.05
1431,1.18625,0.05
1432,1.3050000000000002,0.05
1433,-0.29749999999999965,0.05
1434,1.2375,0.05
1435,1.2087500000000002,0.05
1436,0.9712500000000001,0.05
1437,0.99,0.05
1438,1.2275,0.05
1439,1.07125,0.05
1440,1.135,0.05
1441,0.6587499999999998,0.05
1442,0.9725,0.05
1443,1.0762500000000002,0.05
1444,1.1675,0.05
1445,0.20999999999999974,0.05
1446,0.3612499999999996,0.05
1447,1.11375,0.05
1448,0.91,0.05
1449,-2.968750000000001,0.05
1450,0.7749999999999999,0.05
1451,0.6899999999999998,0.05
1452,-0.16374999999999917,0.05
1453,0.9525,0.05
1454,1.0350000000000001,0.05
1455,1.1825,0.05
1456,1.2225000000000001,0.05
1457,0.96625,0.05
1458,1.09625,0.05
1459,0.3774999999999997,0.05
1460,1.1887500000000002,0.05
1461,1.1075000000000002,0.05
1462,0.4549999999999996,0.05
1463,1.4275000000000002,0.05
1464,1.0012500000000002,0.05
1465,0.935,0.05
1466,1.02,0.05
1467,0.6574999999999999,0.05
1468,0.9900000000000001,0.05
1469,1.1,0.05
1470,-0.5662499999999995,0.05
1471,0.96125,0.05
1472,0.935,0.05
1473,0.7449999999999999,0.05
1474,0.30874999999999986,0.05
1475,1.11625,0.05
1476,-0.1687499999999993,0.05
1477,1.0875000000000001,0.05
1478,-0.11249999999999982,0.05
1479,0.88,0.05
1480,1.0325000000000002,0.05
1481,1.3725,0.05
1482,0.925,0.05
1483,0.6587499999999998,0.05
1484,-2.8537500000000007,0.05
1485,0.935,0.05
1486,1.3687500000000001,0.05
1487,0.6849999999999998,0.05
1488,0.9950000000000001,0.05
1489,1.1725,0.05
1490,0.82,0.05
1491,1.1600000000000001,0.05
1492,0.6862499999999999,0.05
1493,-0.26499999999999946,0.05
1494,0.006250000000000089,0.05
1495,0.7724999999999999,0.05
1496,0.79875,0.05
1497,1.0150000000000001,0.05
1498,0.4575,0.05
1499,1.1162500000000002,0.05
1500,0.6599999999999998,0.05
1501,1.0425,0.05
1502,0.5424999999999998,0.05
1503,0.5649999999999997,0.05
1504,1.2825000000000002,0.05
1505,0.8375,0.05
1506,1.24625,0.05
1507,1.44875,0.05
1508,0.7587499999999999,0.05
1509,1.0662500000000001,0.05
1510,-0.022499999999999742,0.05
1511,0.45999999999999974,0.05
1512,1.07875,0.05
1513,1.3175000000000001,0.05
1514,1.205,0.05
1515,0.6774999999999999,0.05
1516,-0.49999999999999933,0.05
1517,-0.24374999999999947,0.05
1518,0.6287499999999998,0.05
1519,0.7099999999999999,0.05
1520,0.96,0.05
1521,0.5012499999999998,0.05
1522,1.04,0.05
1523,1.2537500000000001,0.05
1524,1.0350000000000001,0.05
1525,1.0987500000000001,0.05
1526,1.0987500000000001,0.05
1527,-0.13499999999999934,0.05
1528,1.0450000000000002,0.05
1529,1.2337500000000001,0.05
1530,1.33,0.05
1531,-3.2612499999999986,0.05
1532,0.5737499999999998,0.05
1533,0.2699999999999998,0.05
1534,0.4512499999999998,0.05
1535,1.2775,0.05
1536,1.115,0.05
1537,1.11625,0.05
1538,0.29499999999999993,0.05
1539,0.8225,0.05
1540,0.8225,0.05
1541,0.8962500000000001,0.05
1542,0.5049999999999998,0.05
1543,1.2925,0.05
1544,1.22625,0.05
1545,1.0425,0.05
1546,0.4887499999999997,0.05
1547,-0.23249999999999948,0.05
1548,1.095,0.05
1549,1.0875000000000001,0.05
1550,1.3075,0.05
1551,-0.22249999999999948,0.05
1552,0.79875,0.05
1553,0.89875,0.05
1554,0.925,0.05
1555,1.0437500000000002,0.05
1556,1.05125,0.05
1557,1.1925000000000001,0.05
1558,1.1487500000000002,0.05
1559,0.9512500000000002,0.05
1560,1.0375,0.05
1561,1.1675,0.05
1562,-0.04374999999999951,0.05
1563,1.1125,0.05
1564,0.4949999999999998,0.05
1565,1.2237500000000001,0.05
1566,0.8049999999999999,0.05
1567,0.7699999999999999,0.05
1568,1.3825,0.05
1569,1.07375,0.05
1570,0.98875,0.05
1571,1.10125,0.05
1572,1.0437500000000002,0.05
1573,0.93625,0.05
1574,1.16625,0.05
1575,0.9962500000000001,0.05
1576,0.5387499999999997,0.05
1577,0.018750000000000044,0.05
1578,1.1025,0.05
1579,0.9912500000000001,0.05
1580,0.7437499999999999,0.05
1581,0.57875,0.05
1582,1.28125,0.05
1583,0.9650000000000001,0.05
1584,0.8425,0.05
1585,1.25875,0.05
1586,0.9087500000000001,0.05
1587,1.0125000000000002,0.05
1588,1.095,0.05
1589,1.25875,0.05
1590,0.8725,0.05
1591,1.095,0.05
1592,0.88,0.05
1593,0.5474999999999998,0.05
1594,1.27,0.05
1595,0.9637500000000001,0.05
1596,1.09625,0.05
1597,-2.8575,0.05
1598,1.045,0.05
1599,0.5324999999999996,0.05
1600,-0.10999999999999965,0.05
1601,0.5049999999999998,0.05
1602,0.7774999999999999,0.05
1603,1.19,0.05
1604,1.08125,0.05
1605,0.9425,0.05
1606,0.87875,0.05
1607,0.61125,0.05
1608,0.865,0.05
1609,0.21999999999999997,0.05
1610,0.4312499999999999,0.05
1611,0.6312499999999999,0.05
1612,0.40249999999999964,0.05
1613,1.1675,0.05
1614,-3.4974999999999987,0.05
1615,0.42249999999999965,0.05
1616,1.3775000000000002,0.05
1617,0.4987499999999997,0.05
1618,1.0662500000000001,0.05
1619,1.05125,0.05
1620,-0.2799999999999996,0.05
1621,-0.25124999999999975,0.05
1622,1.16375,0.05
1623,0.9512500000000002,0.05
1624,1.0075,0.05
1625,0.135,0.05
1626,1.28875,0.05
1627,0.9800000000000001,0.05
1628,-0.40624999999999933,0.05
1629,0.20499999999999985,0.05
1630,0.27249999999999996,0.05
1631,0.4374999999999998,0.05
1632,0.9400000000000001,0.05
1633,0.9650000000000001,0.05
1634,1.4187500000000002,0.05
1635,1.455,0.05
1636,1.1375000000000002,0.05
1637,0.4574999999999997,0.05
1638,-2.818750000000001,0.05
1639,1.04,0.05
1640,0.38624999999999976,0.05
1641,-2.7875000000000005,0.05
1642,0.5999999999999999,0.05
1643,1.20375,0.05
1644,0.7337499999999999,0.05
1645,0.7687499999999999,0.05
1646,0.5812499999999998,0.05
1647,1.2087500000000002,0.05
1648,1.3900000000000001,0.05
1649,0.6424999999999997,0.05
1650,0.9825000000000002,0.05
1651,0.8800000000000001,0.05
1652,0.4049999999999998,0.05
1653,0.78625,0.05
1654,0.7825,0.05
1655,1.1287500000000001,0.05
1656,1.48625,0.05
1657,0.91,0.05
1658,1.13125,0.05
1659,0.8725,0.05
1660,1.02625,0.05
1661,0.7825,0.05
1662,1.44375,0.05
1663,0.9775,0.05
1664,1.06125,0.05
1665,0.695,0.05
1666,1.30875,0.05
1667,0.9950000000000001,0.05
1668,-2.7675,0.05
1669,0.7212499999999998,0.05
1670,0.72,0.05
1671,0.96125,0.05
1672,1.07375,0.05
1673,0.4449999999999996,0.05
1674,0.96625,0.05
1675,1.4187500000000002,0.05
1676,0.16625,0.05
1677,0.7437499999999999,0.05
1678,0.84625,0.05
1679,0.8324999999999999,0.05
1680,0.9500000000000001,0.05
1681,0.86125,0.05
1682,1.40875,0.05
1683,1.02,0.05
1684,0.5812499999999997,0.05
1685,1.12375,0.05
1686,1.0275,0.05
1687,0.90625,0.05
1688,1.2650000000000001,0.05
1689,0.6099999999999998,0.05
1690,0.9450000000000001,0.05
1691,1.4275000000000002,0.05
1692,0.9062500000000001,0.05
1693,-0.20874999999999955,0.05
1694,0.7487499999999999,0.05
1695,0.6774999999999999,0.05
1696,0.4949999999999998,0.05
1697,0.86,0.05
1698,1.185,0.05
1699,0.8425,0.05
1700,0.7149999999999999,0.05
1701,0.925,0.05
1702,1.30875,0.05
1703,1.4212500000000001,0.05
1704,1.185,0.05
1705,0.5474999999999998,0.05
1706,0.9812500000000001,0.05
1707,1.0050000000000001,0.05
1708,1.105,0.05
1709,1.28,0.05
1710,1.2625000000000002,0.05
1711,0.7124999999999999,0.05
1712,1.095,0.05
1713,0.5912499999999998,0.05
1714,1.1487500000000002,0.05
1715,0.9900000000000001,0.05
1716,1.04875,0.05
1717,0.7287499999999999,0.05
1718,0.78125,0.05
1719,1.165,0.05
1720,0.12250000000000005,0.05
1721,0.90375,0.05
1722,1.1125,0.05
1723,0.1962499999999998,0.05
1724,1.20375,0.05
1725,1.0575,0.05
1726,0.71,0.05
1727,1.185,0.05
1728,1.2225000000000001,0.05
1729,0.6912499999999999,0.05
1730,0.12250000000000005,0.05
1731,1.095,0.05
1732,1.3125,0.05
1733,0.13874999999999993,0.05
1734,1.0,0.05
1735,0.5012499999999996,0.05
1736,1.21,0.05
1737,0.4362499999999996,0.05
1738,1.5037500000000001,0.05
1739,0.80125,0.05
1740,1.0762500000000002,0.05
1741,0.7449999999999999,0.05
1742,1.13125,0.05
1743,0.40124999999999966,0.05
1744,0.88,0.05
1745,0.86,0.05
1746,1.0575,0.05
1747,1.2175,0.05
1748,0.5299999999999997,0.05
1749,1.02625,0.05
1750,1.1887500000000002,0.05
1751,0.6224999999999998,0.05
1752,0.8125,0.05
1753,0.8725,0.05
1754,1.1800000000000002,0.05
1755,0.87375,0.05
1756,1.2525000000000002,0.05
1757,1.205,0.05
1758,0.6099999999999998,0.05
1759,1.0875000000000001,0.05
1760,0.83625,0.05
1761,0.16375000000000006,0.05
1762,1.5225000000000002,0.05
1763,1.11,0.05
1764,0.92,0.05
1765,1.0925,0.05
1766,0.9512500000000002,0.05
1767,1.17,0.05
1768,0.35750000000000015,0.05
1769,1.0750000000000002,0.05
1770,1.1800000000000002,0.05
1771,0.8625,0.05
1772,1.0550000000000002,0.05
1773,0.6012499999999998,0.05
1774,0.5749999999999997,0.05
1775,1.45875,0.05
1776,0.88,0.05
1777,1.29,0.05
1778,0.7275,0.05
1779,0.7724999999999999,0.05
1780,0.36624999999999974,0.05
1781,1.0437500000000002,0.05
1782,0.99,0.05
1783,1.0025,0.05
1784,0.7999999999999999,0.05
1785,1.1187500000000001,0.05
1786,1.1612500000000001,0.05
1787,1.115,0.05
1788,1.155,0.05
1789,0.2762499999999999,0.05
1790,0.8475,0.05
1791,1.0475,0.05
1792,0.7462499999999999,0.05
1793,0.6124999999999997,0.05
1794,0.9850000000000001,0.05
1795,0.75125,0.05
1796,0.4399999999999997,0.05
1797,-0.1649999999999996,0.05
1798,1.0825,0.05
1799,0.78625,0.05
1800,0.6649999999999998,0.05
1801,0.3062499999999999,0.05
1802,1.07375,0.05
1803,0.44999999999999973,0.05
1804,1.2625000000000002,0.05
1805,0.9637500000000001,0.05
1806,0.99125,0.05
1807,0.8962500000000001,0.05
1808,1.1887500000000002,0.05
1809,0.6712499999999999,0.05
1810,0.7037499999999999,0.05
1811,0.96625,0.05
1812,0.7512499999999999,0.05
1813,0.8800000000000001,0.05
1814,0.84,0.05
1815,1.1500000000000001,0.05
1816,1.0975000000000001,0.05
1817,1.0437500000000002,0.05
1818,1.3075,0.05
1819,1.205,0.05
1820,0.7087499999999999,0.05
1821,1.07375,0.05
1822,-0.6074999999999993,0.05
1823,0.21875,0.05
1824,1.30875,0.05
1825,0.9837500000000001,0.05
1826,0.6724999999999999,0.05
1827,1.02625,0.05
1828,1.0575,0.05
1829,1.16375,0.05
1830,0.94125,0.05
1831,0.37999999999999967,0.05
1832,0.9100000000000001,0.05
1833,0.6549999999999998,0.05
1834,-0.7474999999999994,0.05
1835,0.85875,0.05
1836,0.84375,0.05
1837,-0.7162499999999996,0.05
1838,0.8375,0.05
1839,0.9250000000000002,0.05
1840,1.31375,0.05
1841,0.6349999999999998,0.05
1842,1.405,0.05
1843,0.85375,0.05
1844,0.7149999999999999,0.05
1845,0.6599999999999998,0.05
1846,0.9137500000000001,0.05
1847,-2.7875000000000005,0.05
1848,0.935,0.05
1849,1.24125,0.05
1850,0.8062499999999999,0.05
1851,0.8375,0.05
1852,1.2375,0.05
1853,0.47624999999999973,0.05
1854,0.3849999999999998,0.05
1855,0.84125,0.05
1856,0.885,0.05
1857,1.48125,0.05
1858,1.00625,0.05
1859,0.43874999999999975,0.05
1860,1.24,0.05
1861,1.0750000000000002,0.05
1862,1.125,0.05
1863,0.8725,0.05
1864,1.1525,0.05
1865,1.1925000000000001,0.05
1866,0.6199999999999998,0.05
1867,0.78,0.05
1868,0.7374999999999999,0.05
1869,0.9450000000000001,0.05
1870,1.1975,0.05
1871,1.08125,0.05
1872,1.1475,0.05
1873,1.30875,0.05
1874,-0.81375,0.05
1875,0.8425,0.05
1876,1.29125,0.05
1877,1.02,0.05
1878,0.86125,0.05
1879,1.3125,0.05
1880,1.0075,0.05
1881,1.1075,0.05
1882,0.6825,0.05
1883,0.83,0.05
1884,-0.1287499999999997,0.05
1885,0.2387499999999998,0.05
1886,1.315,0.05
1887,0.90375,0.05
1888,1.03375,0.05
1889,0.5887499999999998,0.05
1890,1.25875,0.05
1891,0.9700000000000001,0.05
1892,1.1,0.05
1893,1.2437500000000001,0.05
1894,0.9325000000000001,0.05
1895,1.3325,0.05
1896,1.2575,0.05
1897,-0.5499999999999992,0.05
1898,0.9687500000000001,0.05
1899,0.795,0.05
1900,1.1525,0.05
1901,1.11625,0.05
1902,1.3325,0.05
1903,1.0250000000000001,0.05
1904,1.5225000000000002,0.05
1905,0.1100000000000001,0.05
1906,1.02,0.05
1907,1.0925,0.05
1908,1.1325,0.05
1909,1.1687500000000002,0.05
1910,0.21499999999999986,0.05
1911,1.2275,0.05
1912,0.027500000000000302,0.05
1913,-3.3587500000000023,0.05
1914,0.5212499999999999,0.05
1915,1.30875,0.05
1916,1.03375,0.05
1917,1.2825000000000002,0.05
1918,1.0975000000000001,0.05
1919,0.018750000000000266,0.05
1920,0.79875,0.05
1921,1.0750000000000002,0.05
1922,0.8562500000000001,0.05
1923,0.4199999999999997,0.05
1924,1.3,0.05
1925,1.085,0.05
1926,0.94125,0.05
1927,1.27625,0.05
1928,-0.031249999999999556,0.05
1929,0.15749999999999997,0.05
1930,1.27,0.05
1931,1.2525,0.05
1932,1.2000000000000002,0.05
1933,0.8975000000000001,0.05
1934,1.0750000000000002,0.05
1935,1.0362500000000001,0.05
1936,0.3287499999999999,0.05
1937,0.9187500000000001,0.05
1938,0.9600000000000002,0.05
1939,0.6049999999999999,0.05
1940,0.9475000000000001,0.05
1941,1.1062500000000002,0.05
1942,1.095,0.05
1943,1.18125,0.05
1944,1.36375,0.05
1945,1.2225000000000001,0.05
1946,-0.1849999999999996,0.05
1947,0.16375000000000006,0.05
1948,1.0350000000000001,0.05
1949,0.69,0.05
1950,1.5175,0.05
1951,1.09,0.05
1952,0.5299999999999997,0.05
1953,1.1487500000000002,0.05
1954,1.2525,0.05
1955,0.825,0.05
1956,0.8425,0.05
1957,0.7100000000000001,0.05
1958,0.8425,0.05
1959,1.11375,0.05
1960,0.18499999999999983,0.05
1961,0.84,0.05
1962,0.915,0.05
1963,1.08125,0.05
1964,-2.9099999999999993,0.05
1965,0.72625,0.05
1966,0.6837499999999999,0.05
1967,1.1175000000000002,0.05
1968,1.0075,0.05
1969,1.185,0.05
1970,0.5762499999999998,0.05
1971,-0.8750000000000002,0.05
1972,1.11625,0.05
1973,0.38249999999999984,0.05
1974,0.6674999999999999,0.05
1975,0.98,0.05
1976,1.0275,0.05
1977,-0.7287499999999996,0.05
1978,1.22625,0.05
1979,1.29,0.05
1980,1.20375,0.05
1981,0.9912500000000001,0.05
1982,0.9700000000000001,0.05
1983,0.69125,0.05
1984,1.1687500000000002,0.05
1985,0.885,0.05
1986,1.1675,0.05
1987,0.4399999999999997,0.05
1988,1.06875,0.05
1989,1.22875,0.05
1990,1.16625,0.05
1991,1.02,0.05
1992,1.4187500000000002,0.05
1993,1.12375,0.05
1994,1.0975000000000001,0.05
1995,1.3987500000000002,0.05
1996,1.28125,0.05
1997,1.36375,0.05
1998,0.7712500000000001,0.05
1999,1.02625,0.05
2000,1.08125,0.05
2001,0.96125,0.05
2002,1.10125,0.05
2003,0.915,0.05
2004,0.9675,0.05
2005,1.07125,0.05
2006,0.9525000000000001,0.05
2007,1.3587500000000001,0.05
2008,0.92,0.05
2009,1.31875,0.05
2010,1.0637500000000002,0.05
2011,0.6337499999999999,0.05
2012,0.5812499999999997,0.05
2013,1.4737500000000001,0.05
2014,1.25875,0.05
2015,0.5374999999999998,0.05
2016,0.6549999999999998,0.05
2017,1.20375,0.05
2018,1.215,0.05
2019,1.23875,0.05
2020,0.8675,0.05
2021,1.1800000000000002,0.05
2022,1.19,0.05
2023,0.11624999999999974,0.05
2024,1.22125,0.05
2025,1.07,0.05
2026,0.91625,0.05
2027,1.27,0.05
2028,1.1487500000000002,0.05
2029,0.7324999999999999,0.05
2030,1.09375,0.05
2031,1.295,0.05
2032,0.9925,0.05
2033,1.2525,0.05
2034,0.5862499999999998,0.05
2035,1.1,0.05
2036,0.6862499999999998,0.05
2037,1.01125,0.05
2038,1.29125,0.05
2039,0.9325000000000001,0.05
2040,1.0562500000000001,0.05
2041,1.0525,0.05
2042,0.7699999999999999,0.05
2043,0.87375,0.05
2044,1.1175000000000002,0.05
2045,0.7087499999999999,0.05
2046,0.9425,0.05
2047,1.4075,0.05
2048,0.9850000000000001,0.05
2049,0.6049999999999998,0.05
2050,-2.806250000000001,0.05
2051,1.11625,0.05
2052,0.6049999999999999,0.05
2053,1.2275,0.05
2054,0.3849999999999998,0.05
2055,1.175,0.05
2056,1.135,0.05
2057,0.87375,0.05
2058,1.17,0.05
2059,1.4900000000000002,0.05
2060,0.8925000000000001,0.05
2061,0.905,0.05
2062,-0.35624999999999996,0.05
2063,1.34375,0.05
2064,0.7587499999999999,0.05
2065,1.15,0.05
2066,0.9537500000000001,0.05
2067,0.98875,0.05
2068,0.9400000000000001,0.05
2069,1.36375,0.05
2070,0.935,0.05
2071,0.7374999999999999,0.05
2072,1.155,0.05
2073,1.3987500000000002,0.05
2074,1.04,0.05
2075,0.8975000000000001,0.05
2076,0.93,0.05
2077,1.2000000000000002,0.05
2078,1.02125,0.05
2079,0.6949999999999998,0.05
2080,0.8225,0.05
2081,0.7649999999999999,0.05
2082,1.25,0.05
2083,1.20375,0.05
2084,1.12,0.05
2085,0.9825000000000002,0.05
2086,1.10375,0.05
2087,1.045,0.05
2088,0.82375,0.05
2089,-0.1649999999999998,0.05
2090,0.7649999999999999,0.05
2091,0.905,0.05
2092,1.27,0.05
2093,1.1487500000000002,0.05
2094,0.97875,0.05
2095,1.21,0.05
2096,1.29125,0.05
2097,0.85375,0.05
2098,0.9850000000000001,0.05
2099,0.7649999999999999,0.05
2100,0.9225000000000001,0.05
2101,0.81875,0.05
2102,1.095,0.05
2103,0.0012500000000001954,0.05
2104,0.9475,0.05
2105,1.1487500000000002,0.05
2106,0.9750000000000001,0.05
2107,0.21374999999999988,0.05
2108,1.37625,0.05
2109,1.22125,0.05
2110,1.38125,0.05
2111,0.6399999999999999,0.05
2112,0.98,0.05
2113,-0.09249999999999958,0.05
2114,1.135,0.05
2115,0.49999999999999967,0.05
2116,1.1625,0.05
2117,1.0750000000000002,0.05
2118,1.24,0.05
2119,1.1175000000000002,0.05
2120,0.7124999999999999,0.05
2121,0.88,0.05
2122,0.9900000000000001,0.05
2123,-0.7724999999999997,0.05
2124,0.92125,0.05
2125,1.2437500000000001,0.05
2126,1.2325000000000002,0.05
2127,1.0825,0.05
2128,1.07375,0.05
2129,1.1325,0.05
2130,0.96125,0.05
2131,0.6762499999999999,0.05
2132,1.50875,0.05
2133,1.2200000000000002,0.05
2134,1.1300000000000001,0.05
2135,1.12125,0.05
2136,-2.835000000000001,0.05
2137,1.0237500000000002,0.05
2138,0.4937499999999997,0.05
2139,0.88,0.05
2140,1.24125,0.05
2141,1.3275000000000001,0.05
2142,1.1175000000000002,0.05
2143,0.8775000000000001,0.05
2144,1.38625,0.05
2145,1.395,0.05
2146,0.84875,0.05
2147,0.2487499999999998,0.05
2148,0.6474999999999999,0.05
2149,1.1887500000000002,0.05
2150,0.34499999999999975,0.05
2151,0.7437499999999999,0.05
2152,1.1287500000000001,0.05
2153,1.0437500000000002,0.05
2154,1.1500000000000001,0.05
2155,0.6224999999999998,0.05
2156,1.045,0.05
2157,1.2550000000000001,0.05
2158,1.07375,0.05
2159,0.7999999999999999,0.05
2160,0.6912499999999999,0.05
2161,1.05125,0.05
2162,0.6562499999999999,0.05
2163,0.87375,0.05
2164,1.29875,0.05
2165,0.3637499999999998,0.05
2166,0.08374999999999999,0.05
2167,1.2650000000000001,0.05
2168,0.5787499999999998,0.05
2169,-0.5287499999999992,0.05
2170,0.5849999999999997,0.05
2171,1.225,0.05
2172,1.2475,0.05
2173,0.9325000000000001,0.05
2174,0.86375,0.05
2175,0.6162499999999999,0.05
2176,0.9687500000000001,0.05
2177,0.8300000000000001,0.05
2178,0.2974999999999999,0.05
2179,1.1712500000000001,0.05
2180,-2.94625,0.05
2181,1.0050000000000001,0.05
2182,0.32499999999999973,0.05
2183,0.6362499999999999,0.05
2184,1.18625,0.05
2185,1.1712500000000001,0.05
2186,-2.862500000000001,0.05
2187,1.2550000000000001,0.05
2188,0.6862499999999999,0.05
2189,1.05,0.05
2190,-0.4424999999999992,0.05
2191,1.0275,0.05
2192,1.0925,0.05
2193,0.09125000000000005,0.05
2194,1.4575,0.05
2195,1.355,0.05
2196,1.1712500000000001,0.05
2197,-0.45249999999999924,0.05
2198,0.5099999999999997,0.05
2199,1.0025,0.05
2200,1.0750000000000002,0.05
2201,-2.8175000000000003,0.05
2202,1.17375,0.05
2203,1.13875,0.05
2204,0.8925000000000001,0.05
2205,0.88,0.05
2206,0.38375000000000004,0.05
2207,0.8350000000000001,0.05
2208,1.23625,0.05
2209,1.3325,0.05
2210,-0.8999999999999999,0.05
2211,1.00875,0.05
2212,1.0762500000000002,0.05
2213,0.9687500000000001,0.05
2214,0.9525000000000001,0.05
2215,0.88,0.05
2216,0.75125,0.05
2217,0.93,0.05
2218,0.9687500000000001,0.05
2219,1.135,0.05
2220,0.6412499999999998,0.05
2221,0.18249999999999988,0.05
2222,0.9537500000000001,0.05
2223,1.49875,0.05
2224,0.8075,0.05
2225,1.2425000000000002,0.05
2226,0.7525,0.05
2227,1.0250000000000001,0.05
2228,1.3,0.05
2229,0.9512500000000002,0.05
2230,1.0012500000000002,0.05
2231,1.0875000000000001,0.05
2232,0.5237499999999997,0.05
2233,1.1600000000000001,0.05
2234,1.07,0.05
2235,1.11,0.05
2236,0.8975000000000001,0.05
2237,0.6062499999999997,0.05
2238,1.3125,0.05
2239,1.1487500000000002,0.05
2240,1.0250000000000001,0.05
2241,0.7749999999999999,0.05
2242,1.3487500000000001,0.05
2243,1.15875,0.05
2244,0.15124999999999988,0.05
2245,0.9825000000000002,0.05
2246,0.84,0.05
2247,1.3275000000000001,0.05
2248,0.4874999999999997,0.05
2249,0.9775,0.05
2250,1.105,0.05
2251,1.07625,0.05
2252,1.16625,0.05
2253,1.1087500000000001,0.05
2254,0.4937499999999997,0.05
2255,0.925,0.05
2256,0.6962499999999999,0.05
2257,1.0987500000000001,0.05
2258,0.7499999999999999,0.05
2259,0.7662499999999999,0.05
2260,1.0025,0.05
2261,0.4574999999999998,0.05
2262,1.2437500000000001,0.05
2263,0.8049999999999999,0.05
2264,0.84125,0.05
2265,0.9337500000000001,0.05
2266,0.6599999999999998,0.05
2267,1.13625,0.05
2268,1.1125,0.05
2269,0.93,0.05
2270,1.02625,0.05
2271,1.0012500000000002,0.05
2272,1.0825,0.05
2273,1.4412500000000001,0.05
2274,0.3999999999999997,0.05
2275,0.9337500000000001,0.05
2276,0.70375,0.05
2277,1.35,0.05
2278,1.3687500000000001,0.05
2279,0.8575,0.05
2280,0.5312499999999998,0.05
2281,-2.7300000000000004,0.05
2282,1.25625,0.05
2283,0.9700000000000001,0.05
2284,0.7324999999999999,0.05
2285,1.01875,0.05
2286,-0.1849999999999996,0.05
2287,1.2750000000000001,0.05
2288,1.19375,0.05
2289,1.28125,0.05
2290,1.185,0.05
2291,1.3262500000000002,0.05
2292,0.40124999999999966,0.05
2293,1.31375,0.05
2294,0.85375,0.05
2295,1.01875,0.05
2296,1.2075,0.05
2297,1.18125,0.05
2298,1.18125,0.05
2299,0.875,0.05
2300,0.90375,0.05
2301,0.7775,0.05
2302,0.91125,0.05
2303,0.8262499999999999,0.05
2304,1.0925,0.05
2305,1.15,0.05
2306,1.23625,0.05
2307,0.61625,0.05
2308,0.8925000000000001,0.05
2309,0.5824999999999998,0.05
2310,0.87125,0.05
2311,1.29875,0.05
2312,1.13125,0.05
2313,1.1912500000000001,0.05
2314,1.50875,0.05
2315,0.7649999999999999,0.05
2316,0.88,0.05
2317,0.8975000000000001,0.05
2318,0.9900000000000001,0.05
2319,1.0437500000000002,0.05
2320,0.87875,0.05
2321,1.31875,0.05
2322,1.29125,0.05
2323,-0.4449999999999994,0.05
2324,1.2400000000000002,0.05
2325,1.50875,0.05
2326,0.90625,0.05
2327,1.11125,0.05
2328,1.33,0.05
2329,1.1975,0.05
2330,1.1600000000000001,0.05
2331,0.99,0.05
2332,1.44375,0.05
2333,0.83125,0.05
2334,1.26375,0.05
2335,1.3175000000000001,0.05
2336,0.41624999999999956,0.05
2337,1.27875,0.05
2338,-0.31374999999999953,0.05
2339,1.1625,0.05
2340,0.2612500000000002,0.05
2341,1.38625,0.05
2342,0.05875000000000008,0.05
2343,1.1,0.05
2344,1.1912500000000001,0.05
2345,1.0350000000000001,0.05
2346,1.27625,0.05
2347,1.13375,0.05
2348,0.7099999999999999,0.05
2349,-2.875000000000001,0.05
2350,1.095,0.05
2351,0.9137500000000001,0.05
2352,0.7437499999999999,0.05
2353,1.1,0.05
2354,0.9975,0.05
2355,0.47499999999999964,0.05
2356,1.215,0.05
2357,0.9475000000000001,0.05
2358,1.245,0.05
2359,1.02625,0.05
2360,1.01125,0.05
2361,0.8225,0.05
2362,1.0625,0.05
2363,1.32875,0.05
2364,0.9400000000000001,0.05
2365,1.18125,0.05
2366,1.15375,0.05
2367,1.1287500000000001,0.05
2368,0.8975000000000001,0.05
2369,0.5624999999999998,0.05
2370,1.4900000000000002,0.05
2371,1.2,0.05
2372,1.29875,0.05
2373,1.1525,0.05
2374,1.1,0.05
2375,1.40375,0.05
2376,1.125,0.05
2377,0.735,0.05
2378,0.82,0.05
2379,0.6762499999999999,0.05
2380,1.0375,0.05
2381,1.0012500000000002,0.05
2382,0.9625000000000001,0.05
2383,0.6224999999999998,0.05
2384,1.0437500000000002,0.05
2385,1.3825,0.05
2386,1.1125,0.05
2387,0.7149999999999999,0.05
2388,0.5099999999999998,0.05
2389,1.225,0.05
2390,0.9450000000000001,0.05
2391,0.88,0.05
2392,1.1075,0.05
2393,0.83625,0.05
2394,1.28125,0.05
2395,0.1399999999999999,0.05
2396,0.82,0.05
2397,1.27875,0.05
2398,1.0075,0.05
2399,1.0012500000000002,0.05
2400,0.24624999999999986,0.05
2401,1.35,0.05
2402,1.15375,0.05
2403,0.695,0.05
2404,0.82875,0.05
2405,0.7675,0.05
2406,0.9850000000000001,0.05
2407,1.01,0.05
2408,1.25875,0.05
2409,1.3025,0.05
2410,0.795,0.05
2411,0.9500000000000001,0.05
2412,0.86875,0.05
2413,0.3624999999999998,0.05
2414,1.36,0.05
2415,1.23625,0.05
2416,0.8500000000000001,0.05
2417,0.96625,0.05
2418,0.7762499999999999,0.05
2419,0.9137500000000001,0.05
2420,0.7449999999999999,0.05
2421,1.4912500000000002,0.05
2422,1.03375,0.05
2423,1.12625,0.05
2424,0.025000000000000133,0.05
2425,0.7699999999999999,0.05
2426,1.29,0.05
2427,0.8900000000000001,0.05
2428,0.6049999999999998,0.05
2429,1.2125000000000001,0.05
2430,1.5175,0.05
2431,-2.950000000000001,0.05
2432,1.4675,0.05
2433,0.9325000000000001,0.05
2434,0.1499999999999999,0.05
2435,0.80375,0.05
2436,0.7949999999999999,0.05
2437,1.2112500000000002,0.05
2438,1.49875,0.05
2439,1.01625,0.05
2440,0.83,0.05
2441,-0.15749999999999997,0.05
2442,0.29874999999999985,0.05
2443,1.15375,0.05
2444,0.6187499999999998,0.05
2445,0.74,0.05
2446,0.935,0.05
2447,0.6862499999999999,0.05
2448,1.08,0.05
2449,0.8675,0.05
2450,0.9825000000000002,0.05
2451,1.06875,0.05
2452,-0.5899999999999992,0.05
2453,1.13625,0.05
2454,1.0137500000000002,0.05
2455,0.8012499999999999,0.05
2456,1.28,0.05
2457,1.23625,0.05
2458,0.825,0.05
2459,1.0750000000000002,0.05
2460,0.8225,0.05
2461,0.9712500000000001,0.05
2462,0.905,0.05
2463,0.39749999999999974,0.05
2464,0.5737499999999998,0.05
2465,0.935,0.05
2466,0.91125,0.05
2467,0.7349999999999999,0.05
2468,1.2637500000000002,0.05
2469,1.2275,0.05
2470,1.1600000000000001,0.05
2471,1.0987500000000001,0.05
2472,0.8775000000000001,0.05
2473,0.9875,0.05
2474,1.2,0.05
2475,0.84375,0.05
2476,0.75125,0.05
2477,0.84125,0.05
2478,1.30875,0.05
2479,0.9825000000000002,0.05
2480,0.64,0.05
2481,0.85625,0.05
2482,1.2000000000000002,0.05
2483,1.30125,0.05
2484,0.1825000000000001,0.05
2485,1.2725,0.05
2486,-2.7875000000000005,0.05
2487,0.030000000000000027,0.05
2488,1.095,0.05
2489,-2.9200000000000004,0.05
2490,1.3900000000000001,0.05
2491,1.4187500000000002,0.05
2492,1.33125,0.05
2493,1.2175,0.05
2494,1.4312500000000001,0.05
2495,1.145,0.05
2496,0.9325000000000001,0.05
2497,0.9475,0.05
2498,1.1675,0.05
2499,0.6212499999999999,0.05
2500,0.795,0.05
2501,0.715,0.05
2502,0.8725,0.05
2503,1.0987500000000001,0.05
2504,0.49999999999999967,0.05
2505,1.2025000000000001,0.05
2506,1.22125,0.05
2507,0.95625,0.05
2508,0.12749999999999995,0.05
2509,0.94625,0.05
2510,1.2575,0.05
2511,1.13625,0.05
2512,1.1300000000000001,0.05
2513,0.855,0.05
2514,1.0875000000000001,0.05
2515,0.8324999999999999,0.05
2516,0.7649999999999999,0.05
2517,1.31375,0.05
2518,0.88875,0.05
2519,0.02499999999999991,0.05
2520,0.7687499999999999,0.05
2521,0.9225000000000001,0.05
2522,1.4725000000000001,0.05
2523,1.2200000000000002,0.05
2524,1.1887500000000002,0.05
2525,0.83,0.05
2526,0.4887499999999997,0.05
2527,0.8775000000000001,0.05
2528,1.0325000000000002,0.05
2529,1.3487500000000001,0.05
2530,1.2862500000000001,0.05
2531,0.9450000000000001,0.05
2532,1.12375,0.05
2533,0.9650000000000001,0.05
2534,1.0725,0.05
2535,1.1275,0.05
2536,1.0325000000000002,0.05
2537,0.7099999999999999,0.05
2538,0.0787500000000001,0.05
2539,0.7337499999999999,0.05
2540,1.0225000000000002,0.05
2541,0.82,0.05
2542,0.9850000000000001,0.05
2543,1.1487500000000002,0.05
2544,1.26,0.05
2545,1.15375,0.05
2546,0.39624999999999977,0.05
2547,1.24125,0.05
2548,1.2575,0.05
2549,0.8350000000000001,0.05
2550,0.5374999999999998,0.05
2551,1.1487500000000002,0.05
2552,1.1712500000000001,0.05
2553,1.1087500000000001,0.05
2554,0.725,0.05
2555,1.39375,0.05
2556,1.0562500000000001,0.05
2557,1.0050000000000001,0.05
2558,0.7099999999999999,0.05
2559,1.2725000000000002,0.05
2560,1.0575,0.05
2561,0.7575,0.05
2562,0.83625,0.05
2563,1.0525,0.05
2564,0.94625,0.05
2565,1.02625,0.05
2566,0.8312499999999999,0.05
2567,1.28875,0.05
2568,1.13375,0.05
2569,0.4399999999999997,0.05
2570,1.215,0.05
2571,1.2962500000000001,0.05
2572,1.155,0.05
2573,0.8900000000000001,0.05
2574,1.2550000000000001,0.05
2575,1.00625,0.05
2576,0.8049999999999999,0.05
2577,0.91125,0.05
2578,1.13125,0.05
2579,1.0137500000000002,0.05
2580,1.4125,0.05
2581,1.1,0.05
2582,0.9700000000000001,0.05
2583,1.2175,0.05
2584,1.0762500000000002,0.05
2585,1.2937500000000002,0.05
2586,0.8525,0.05
2587,0.87875,0.05
2588,1.2075,0.05
2589,0.9475,0.05
2590,1.0450000000000002,0.05
2591,1.1175000000000002,0.05
2592,0.94625,0.05
2593,1.05,0.05
2594,0.68375,0.05
2595,1.13375,0.05
2596,1.06,0.05
2597,0.8887500000000002,0.05
2598,0.9600000000000001,0.05
2599,0.7875,0.05
2600,1.2775,0.05
2601,0.84625,0.05
2602,0.83625,0.05
2603,0.6999999999999998,0.05
2604,0.36624999999999974,0.05
2605,0.6824999999999999,0.05
2606,0.9850000000000001,0.05
2607,1.24625,0.05
2608,1.10125,0.05
2609,-3.040000000000002,0.05
2610,0.85,0.05
2611,1.18625,0.05
2612,1.1062500000000002,0.05
2613,0.89,0.05
2614,1.2937500000000002,0.05
2615,1.13625,0.05
2616,1.0925,0.05
2617,0.8225,0.05
2618,1.1175000000000002,0.05
2619,0.6837499999999999,0.05
2620,1.22625,0.05
2621,0.6049999999999998,0.05
2622,0.98875,0.05
2623,1.07625,0.05
2624,1.25875,0.05
2625,1.29125,0.05
2626,0.5987499999999998,0.05
2627,0.2537499999999999,0.05
2628,0.9087500000000001,0.05
2629,0.92,0.05
2630,1.12625,0.05
2631,1.09,0.05
2632,1.18625,0.05
2633,0.37999999999999967,0.05
2634,1.2275,0.05
2635,1.145,0.05
2636,1.15,0.05
2637,1.2537500000000001,0.05
2638,1.2675,0.05
2639,0.935,0.05
2640,-2.96,0.05
2641,0.4562499999999997,0.05
2642,0.3899999999999997,0.05
2643,1.08375,0.05
2644,0.43249999999999966,0.05
2645,1.0525,0.05
2646,-0.3199999999999994,0.05
2647,1.26,0.05
2648,0.9675,0.05
2649,0.9687500000000001,0.05
2650,1.1062500000000002,0.05
2651,1.2525,0.05
2652,0.93,0.05
2653,0.9712500000000001,0.05
2654,0.7149999999999999,0.05
2655,1.495,0.05
2656,0.6674999999999999,0.05
2657,1.2400000000000002,0.05
2658,1.15375,0.05
2659,1.0925,0.05
2660,1.1487500000000002,0.05
2661,1.18625,0.05
2662,1.2225000000000001,0.05
2663,0.3587499999999997,0.05
2664,0.5787499999999999,0.05
2665,1.13625,0.05
2666,1.1712500000000001,0.05
2667,1.1175000000000002,0.05
2668,0.9637500000000001,0.05
2669,1.1675,0.05
2670,0.1937500000000001,0.05
2671,1.1675,0.05
2672,0.14000000000000012,0.05
2673,1.17,0.05
2674,0.8175,0.05
2675,1.155,0.05
2676,0.7649999999999999,0.05
2677,1.1800000000000002,0.05
2678,1.12625,0.05
2679,0.78,0.05
2680,1.18375,0.05
2681,1.17875,0.05
2682,1.25625,0.05
2683,1.1300000000000001,0.05
2684,1.455,0.05
2685,1.0750000000000002,0.05
2686,1.115,0.05
2687,1.0237500000000002,0.05
2688,1.15375,0.05
2689,0.35875000000000035,0.05
2690,1.18625,0.05
2691,0.7150000000000001,0.05
2692,1.2525,0.05
2693,1.3250000000000002,0.05
2694,1.0625,0.05
2695,1.0625,0.05
2696,1.3687500000000001,0.05
2697,0.6962500000000001,0.05
2698,1.28125,0.05
2699,1.3,0.05
2700,0.5399999999999998,0.05
2701,0.8925000000000001,0.05
2702,1.11125,0.05
2703,-2.905000000000001,0.05
2704,0.865,0.05
2705,0.86,0.05
2706,1.06125,0.05
2707,0.8025000000000001,0.05
2708,1.1500000000000001,0.05
2709,1.2950000000000002,0.05
2710,0.99,0.05
2711,0.78125,0.05
2712,0.7137499999999999,0.05
2713,0.7299999999999999,0.05
2714,0.9850000000000001,0.05
2715,0.81875,0.05
2716,0.9225000000000001,0.05
2717,0.5687499999999998,0.05
2718,1.205,0.05
2719,1.16375,0.05
2720,1.0825,0.05
2721,0.7324999999999999,0.05
2722,0.6862499999999998,0.05
2723,1.205,0.05
2724,0.8075,0.05
2725,0.7162499999999998,0.05
2726,1.24875,0.05
2727,0.8925000000000001,0.05
2728,0.8725,0.05
2729,0.8900000000000001,0.05
2730,1.1087500000000001,0.05
2731,0.5787499999999998,0.05
2732,1.0075,0.05
2733,0.2749999999999999,0.05
2734,1.205,0.05
2735,0.6937499999999999,0.05
2736,0.84,0.05
2737,0.48499999999999976,0.05
2738,1.0325000000000002,0.05
2739,1.13625,0.05
2740,1.1912500000000001,0.05
2741,1.2225000000000001,0.05
2742,1.32,0.05
2743,1.1162500000000002,0.05
2744,1.01875,0.05
2745,-2.953750000000001,0.05
2746,0.7137499999999999,0.05
2747,0.1549999999999998,0.05
2748,0.8175,0.05
2749,0.8925000000000001,0.05
2750,1.39375,0.05
2751,1.4837500000000001,0.05
2752,0.7512499999999999,0.05
2753,1.125,0.05
2754,0.6762499999999999,0.05
2755,0.8125,0.05
2756,0.5325000000000001,0.05
2757,0.8625,0.05
2758,0.885,0.05
2759,1.2537500000000001,0.05
2760,1.2275,0.05
2761,1.5125000000000002,0.05
2762,0.2649999999999999,0.05
2763,0.18874999999999997,0.05
2764,1.15625,0.05
2765,1.24625,0.05
2766,1.2850000000000001,0.05
2767,1.4400000000000002,0.05
2768,1.30875,0.05
2769,0.96625,0.05
2770,0.9900000000000001,0.05
2771,-2.80375,0.05
2772,1.16625,0.05
2773,0.45374999999999965,0.05
2774,0.875,0.05
2775,1.225,0.05
2776,1.1175000000000002,0.05
2777,-0.2524999999999995,0.05
2778,1.0975000000000001,0.05
2779,0.9675000000000001,0.05
2780,0.9850000000000001,0.05
2781,1.08,0.05
2782,-0.3674999999999995,0.05
2783,1.50875,0.05
2784,1.2075,0.05
2785,0.77625,0.05
2786,1.28125,0.05
2787,1.38375,0.05
2788,0.87625,0.05
2789,0.7337499999999999,0.05
2790,0.79875,0.05
2791,0.9637500000000001,0.05
2792,0.9650000000000001,0.05
2793,-0.11124999999999963,0.05
2794,-0.4124999999999994,0.05
2795,1.445,0.05
2796,0.7112499999999999,0.05
2797,0.8962500000000001,0.05
2798,1.1925000000000001,0.05
2799,1.0750000000000002,0.05
2800,0.7962499999999999,0.05
2801,1.2650000000000001,0.05
2802,0.7999999999999999,0.05
2803,1.31125,0.05
2804,0.99,0.05
2805,0.895,0.05
2806,0.9700000000000001,0.05
2807,0.935,0.05
2808,0.7387499999999999,0.05
2809,1.2937500000000002,0.05
2810,1.5499999999999998,0.05
2811,1.1912500000000001,0.05
2812,1.1,0.05
2813,1.1062500000000002,0.05
2814,0.9525000000000001,0.05
2815,1.2275,0.05
2816,1.1,0.05
2817,0.93,0.05
2818,0.9700000000000001,0.05
2819,0.935,0.05
2820,1.3025,0.05
2821,0.9825000000000002,0.05
2822,0.88,0.05
2823,0.7287499999999999,0.05
2824,1.1325,0.05
2825,0.7825,0.05
2826,0.8725,0.05
2827,1.0437500000000002,0.05
2828,0.7462499999999999,0.05
2829,1.1712500000000001,0.05
2830,1.0525,0.05
2831,0.7499999999999999,0.05
2832,1.2625000000000002,0.05
2833,1.07625,0.05
2834,1.135,0.05
2835,1.08125,0.05
2836,1.12625,0.05
2837,2.220446049250313e-16,0.05
2838,1.1425,0.05
2839,0.92,0.05
2840,0.9337500000000001,0.05
2841,-3.572500000000002,0.05
2842,1.18625,0.05
2843,1.4125,0.05
2844,1.22625,0.05
2845,0.9887500000000001,0.05
2846,1.0575,0.05
2847,1.0425,0.05
2848,0.85,0.05
2849,1.185,0.05
2850,0.7637499999999999,0.05
2851,0.4787499999999997,0.05
2852,0.875,0.05
2853,1.32,0.05
2854,1.3525,0.05
2855,1.0875000000000001,0.05
2856,0.1875,0.05
2857,0.9150000000000001,0.05
2858,0.96625,0.05
2859,0.925,0.05
2860,1.22875,0.05
2861,1.0550000000000002,0.05
2862,0.9287500000000001,0.05
2863,1.1887500000000002,0.05
2864,1.3175000000000001,0.05
2865,0.94125,0.05
2866,1.0150000000000001,0.05
2867,1.07875,0.05
2868,1.0625,0.05
2869,1.13125,0.05
2870,1.1600000000000001,0.05
2871,0.9700000000000001,0.05
2872,0.6149999999999999,0.05
2873,1.18125,0.05
2874,0.7049999999999998,0.05
2875,1.0750000000000002,0.05
2876,1.00625,0.05
2877,1.0950000000000002,0.05
2878,1.03875,0.05
2879,1.06125,0.05
2880,0.5249999999999998,0.05
2881,1.0825,0.05
2882,0.6237499999999998,0.05
2883,0.7725,0.05
2884,0.6537499999999998,0.05
2885,0.5649999999999997,0.05
2886,-0.6074999999999993,0.05
2887,-2.7675000000000005,0.05
2888,1.3262500000000002,0.05
2889,1.17875,0.05
2890,1.18125,0.05
2891,1.15625,0.05
2892,1.12625,0.05
2893,1.1625,0.05
2894,0.9525000000000001,0.05
2895,0.9637500000000001,0.05
2896,1.1887500000000002,0.05
2897,0.9337500000000001,0.05
2898,1.02,0.05
2899,0.8612500000000001,0.05
2900,1.0987500000000001,0.05
2901,1.23625,0.05
2902,0.93,0.05
2903,1.1262500000000002,0.05
2904,1.2725000000000002,0.05
2905,1.2775,0.05
2906,1.07625,0.05
2907,0.08624999999999994,0.05
2908,1.2000000000000002,0.05
2909,0.9837500000000001,0.05
2910,1.175,0.05
2911,1.355,0.05
2912,0.8425,0.05
2913,0.7349999999999999,0.05
2914,1.11,0.05
2915,1.11625,0.05
2916,0.9300000000000002,0.05
2917,1.15625,0.05
2918,1.2537500000000001,0.05
2919,0.34124999999999983,0.05
2920,1.5362500000000001,0.05
2921,1.24,0.05
2922,1.1287500000000001,0.05
2923,1.3675000000000002,0.05
2924,1.225,0.05
2925,0.9700000000000001,0.05
2926,0.88125,0.05
2927,0.7999999999999999,0.05
2928,1.20375,0.05
2929,0.7449999999999999,0.05
2930,0.9725000000000001,0.05
2931,1.0750000000000002,0.05
2932,0.8775000000000001,0.05
2933,1.16375,0.05
2934,1.17375,0.05
2935,1.2225000000000001,0.05
2936,1.165,0.05
2937,0.35499999999999976,0.05
2938,1.1175000000000002,0.05
2939,1.0625,0.05
2940,0.9775,0.05
2941,0.7699999999999999,0.05
2942,1.24125,0.05
2943,1.35,0.05
2944,1.2337500000000001,0.05
2945,1.355,0.05
2946,0.7625,0.05
2947,0.86875,0.05
2948,1.47625,0.05
2949,1.05875,0.05
2950,1.1625,0.05
2951,-0.2587499999999996,0.05
2952,1.3262500000000002,0.05
2953,1.02125,0.05
2954,1.365,0.05
2955,0.05250000000000021,0.05
2956,0.8375,0.05
2957,1.0987500000000001,0.05
2958,0.78125,0.05
2959,1.1300000000000001,0.05
2960,1.1600000000000001,0.05
2961,1.21625,0.05
2962,1.11,0.05
2963,0.745,0.05
2964,1.185,0.05
2965,1.06,0.05
2966,1.0137500000000002,0.05
2967,1.02625,0.05
2968,-2.950000000000001,0.05
2969,0.08750000000000013,0.05
2970,1.0075,0.05
2971,1.14125,0.05
2972,0.4574999999999997,0.05
2973,1.2750000000000001,0.05
2974,0.4887499999999998,0.05
2975,1.315,0.05
2976,1.1125,0.05
2977,1.3325,0.05
2978,1.46375,0.05
2979,0.5299999999999999,0.05
2980,0.9500000000000001,0.05
2981,0.6662499999999998,0.05
2982,1.11625,0.05
2983,0.9075000000000001,0.05
2984,1.1262500000000002,0.05
2985,1.1675,0.05
2986,0.98875,0.05
2987,-2.806250000000001,0.05
2988,1.08125,0.05
2989,1.23625,0.05
2990,1.0625,0.05
2991,1.4125,0.05
2992,0.8062499999999999,0.05
2993,0.9712500000000002,0.05
2994,1.08125,0.05
2995,1.27,0.05
2996,1.2437500000000001,0.05
2997,1.2625000000000002,0.05
2998,1.3125,0.05
2999,0.7999999999999999,0.05
3000,1.29125,0.05
3001,0.935,0.05
3002,0.2400000000000002,0.05
3003,1.245,0.05
3004,0.9812500000000001,0.05
3005,1.1125,0.05
3006,1.155,0.05
3007,0.98,0.05
3008,1.26,0.05
3009,1.17875,0.05
3010,0.8775000000000001,0.05
3011,1.3137500000000002,0.05
3012,1.375,0.05
3013,1.0012500000000002,0.05
3014,0.9875,0.05
3015,1.375,0.05
3016,0.8049999999999999,0.05
3017,0.4524999999999997,0.05
3018,1.155,0.05
3019,0.935,0.05
3020,0.91,0.05
3021,0.82375,0.05
3022,1.135,0.05
3023,0.9700000000000001,0.05
3024,1.0075,0.05
3025,0.9950000000000001,0.05
3026,-2.8737500000000007,0.05
3027,1.02625,0.05
3028,1.14375,0.05
3029,1.19375,0.05
3030,0.9225000000000001,0.05
3031,0.3899999999999997,0.05
3032,1.3362500000000002,0.05
3033,1.11125,0.05
3034,0.7712499999999999,0.05
3035,1.125,0.05
3036,1.2025000000000001,0.05
3037,1.405,0.05
3038,1.1725,0.05
3039,1.1625,0.05
3040,0.5912499999999997,0.05
3041,0.9875,0.05
3042,1.405,0.05
3043,0.6999999999999998,0.05
3044,1.02625,0.05
3045,0.97875,0.05
3046,0.86125,0.05
3047,0.7024999999999999,0.05
3048,1.3137500000000002,0.05
3049,0.86,0.05
3050,0.41624999999999956,0.05
3051,1.17375,0.05
3052,0.83625,0.05
3053,0.78625,0.05
3054,1.16625,0.05
3055,0.7274999999999999,0.05
3056,1.0425000000000002,0.05
3057,0.4637499999999999,0.05
3058,1.1575,0.05
3059,1.12625,0.05
3060,0.86125,0.05
3061,1.4175,0.05
3062,1.11125,0.05
3063,1.07625,0.05
3064,1.5274999999999999,0.05
3065,1.195,0.05
3066,1.0825,0.05
3067,0.8350000000000001,0.05
3068,1.1375000000000002,0.05
3069,0.9850000000000001,0.05
3070,1.0562500000000001,0.05
3071,1.2075,0.05
3072,0.7049999999999998,0.05
3073,1.41375,0.05
3074,1.27,0.05
3075,0.815,0.05
3076,1.1525,0.05
3077,1.33875,0.05
3078,1.1,0.05
3079,1.1475,0.05
3080,1.0050000000000001,0.05
3081,0.78125,0.05
3082,1.1,0.05
3083,1.5137500000000002,0.05
3084,0.9637500000000001,0.05
3085,1.2525,0.05
3086,1.0250000000000001,0.05
3087,1.0875000000000001,0.05
3088,1.0225,0.05
3089,0.915,0.05
3090,1.19375,0.05
3091,1.18125,0.05
3092,1.33375,0.05
3093,1.04,0.05
3094,1.0625,0.05
3095,0.6387499999999998,0.05
3096,0.5987499999999998,0.05
3097,0.9900000000000001,0.05
3098,0.9850000000000001,0.05
3099,1.1500000000000001,0.05
3100,1.27125,0.05
3101,1.3587500000000001,0.05
3102,-2.930000000000001,0.05
3103,1.245,0.05
3104,1.0025,0.05
3105,0.8425,0.05
3106,1.06,0.05
3107,1.1300000000000001,0.05
3108,0.91625,0.05
3109,1.0275,0.05
3110,1.5274999999999999,0.05
3111,1.2725,0.05
3112,1.1487500000000002,0.05
3113,1.03,0.05
3114,0.8125,0.05
3115,0.5662499999999998,0.05
3116,0.8925000000000001,0.05
3117,1.2,0.05
3118,1.2337500000000001,0.05
3119,1.0925,0.05
3120,1.03875,0.05
3121,0.05250000000000021,0.05
3122,1.27625,0.05
3123,1.4275,0.05
3124,0.8725,0.05
3125,0.6599999999999998,0.05
3126,0.79625,0.05
3127,1.17625,0.05
3128,1.2112500000000002,0.05
3129,1.105,0.05
3130,1.46375,0.05
3131,1.02625,0.05
3132,0.8962500000000001,0.05
3133,1.1125,0.05
3134,1.05,0.05
3135,1.3462500000000002,0.05
3136,0.5987499999999998,0.05
3137,0.8962500000000001,0.05
3138,1.29,0.05
3139,0.85375,0.05
3140,0.2074999999999998,0.05
3141,0.3474999999999997,0.05
3142,0.3462499999999997,0.05
3143,0.825,0.05
3144,0.9650000000000001,0.05
3145,1.2075,0.05
3146,0.5424999999999998,0.05
3147,0.6574999999999999,0.05
3148,1.2075,0.05
3149,1.16625,0.05
3150,1.18125,0.05
3151,1.02125,0.05
3152,1.27625,0.05
3153,0.6662499999999998,0.05
3154,1.3175000000000001,0.05
3155,-2.8362500000000006,0.05
3156,1.0637500000000002,0.05
3157,1.0575,0.05
3158,1.3162500000000001,0.05
3159,1.03375,0.05
3160,1.455,0.05
3161,1.4300000000000002,0.05
3162,1.32,0.05
3163,0.80375,0.05
3164,1.095,0.05
3165,0.8312499999999999,0.05
3166,1.1125,0.05
3167,1.3625,0.05
3168,1.2775,0.05
3169,0.9162500000000001,0.05
3170,1.1075000000000002,0.05
3171,0.96625,0.05
3172,0.74625,0.05
3173,0.91625,0.05
3174,0.8650000000000001,0.05
3175,1.0012500000000002,0.05
3176,1.3825,0.05
3177,1.2650000000000001,0.05
3178,1.2175,0.05
3179,1.08875,0.05
3180,0.4524999999999998,0.05
3181,1.31125,0.05
3182,1.31375,0.05
3183,1.0075,0.05
3184,1.0100000000000002,0.05
3185,1.1575000000000002,0.05
3186,0.7625,0.05
3187,0.34499999999999975,0.05
3188,0.85625,0.05
3189,1.31375,0.05
3190,1.2675,0.05
3191,0.9950000000000001,0.05
3192,1.0437500000000002,0.05
3193,1.295,0.05
3194,1.26,0.05
3195,1.07875,0.05
3196,0.7087499999999999,0.05
3197,1.28125,0.05
3198,0.7224999999999999,0.05
3199,1.26625,0.05
3200,1.08125,0.05
3201,1.0987500000000001,0.05
3202,1.0875000000000001,0.05
3203,1.02875,0.05
3204,0.7124999999999999,0.05
3205,1.495,0.05
3206,1.215,0.05
3207,1.0825,0.05
3208,1.11,0.05
3209,1.085,0.05
3210,1.07625,0.05
3211,1.02625,0.05
3212,1.1187500000000001,0.05
3213,0.86,0.05
3214,1.16625,0.05
3215,1.385,0.05
3216,0.9475,0.05
3217,0.9450000000000001,0.05
3218,0.48999999999999966,0.05
3219,0.7749999999999999,0.05
3220,1.2375,0.05
3221,0.2899999999999998,0.05
3222,1.18625,0.05
3223,0.895,0.05
3224,1.1487500000000002,0.05
3225,0.70875,0.05
3226,1.1187500000000001,0.05
3227,1.215,0.05
3228,0.9337500000000001,0.05
3229,1.07875,0.05
3230,0.1812499999999999,0.05
3231,1.39125,0.05
3232,1.1300000000000001,0.05
3233,1.24125,0.05
3234,1.1300000000000001,0.05
3235,0.19999999999999996,0.05
3236,0.9675,0.05
3237,1.425,0.05
3238,1.1287500000000001,0.05
3239,0.6187499999999998,0.05
3240,1.08375,0.05
3241,0.9525000000000001,0.05
3242,1.3,0.05
3243,1.0225,0.05
3244,0.86,0.05
3245,-0.23874999999999957,0.05
3246,1.1075,0.05
3247,0.9687500000000001,0.05
3248,1.1600000000000001,0.05
3249,0.90375,0.05
3250,1.1900000000000002,0.05
3251,0.9937500000000001,0.05
3252,0.6387499999999998,0.05
3253,1.2025000000000001,0.05
3254,1.1,0.05
3255,1.1062500000000002,0.05
3256,1.245,0.05
3257,1.2650000000000001,0.05
3258,1.045,0.05
3259,1.19,0.05
3260,1.2775,0.05
3261,1.1125,0.05
3262,-2.9800000000000013,0.05
3263,0.9675,0.05
3264,1.0987500000000001,0.05
3265,1.3900000000000001,0.05
3266,1.3487500000000001,0.05
3267,1.245,0.05
3268,1.2275,0.05
3269,1.295,0.05
3270,1.3362500000000002,0.05
3271,1.065,0.05
3272,1.125,0.05
3273,1.1300000000000001,0.05
3274,1.17875,0.05
3275,0.93,0.05
3276,1.24875,0.05
3277,0.815,0.05
3278,1.2225000000000001,0.05
3279,1.24,0.05
3280,1.15375,0.05
3281,1.385,0.05
3282,1.1475,0.05
3283,1.14125,0.05
3284,1.1675,0.05
3285,1.1925000000000001,0.05
3286,0.78125,0.05
3287,0.6599999999999998,0.05
3288,0.8425,0.05
3289,1.3025,0.05
3290,1.1487500000000002,0.05
3291,1.13125,0.05
3292,-2.8362499999999997,0.05
3293,1.11125,0.05
3294,1.155,0.05
3295,1.0137500000000002,0.05
3296,1.1725,0.05
3297,1.205,0.05
3298,0.9825000000000002,0.05
3299,0.9137500000000001,0.05
3300,1.00625,0.05
3301,1.1400000000000001,0.05
3302,1.09,0.05
3303,0.9162500000000001,0.05
3304,1.185,0.05
3305,1.1625,0.05
3306,1.0525,0.05
3307,1.1525,0.05
3308,1.23625,0.05
3309,1.1475,0.05
3310,1.245,0.05
3311,0.9687500000000001,0.05
3312,1.155,0.05
3313,0.9900000000000001,0.05
3314,1.1187500000000001,0.05
3315,0.88,0.05
3316,1.2087500000000002,0.05
3317,1.07125,0.05
3318,1.27625,0.05
3319,1.1125,0.05
3320,1.26,0.05
3321,0.9962500000000001,0.05
3322,0.9725,0.05
3323,0.32499999999999973,0.05
3324,1.28,0.05
3325,1.4000000000000001,0.05
3326,1.18625,0.05
3327,1.33,0.05
3328,1.3175000000000001,0.05
3329,1.4200000000000002,0.05
3330,0.9112500000000001,0.05
3331,1.08125,0.05
3332,1.3025,0.05
3333,1.37625,0.05
3334,1.33375,0.05
3335,0.78125,0.05
3336,1.02875,0.05
3337,1.3487500000000001,0.05
3338,1.0025,0.05
3339,1.17375,0.05
3340,1.44875,0.05
3341,1.11,0.05
3342,0.9512500000000002,0.05
3343,1.07625,0.05
3344,1.43625,0.05
3345,0.88,0.05
3346,1.1675,0.05
3347,1.5325000000000002,0.05
3348,1.4075,0.05
3349,1.3250000000000002,0.05
3350,0.6199999999999998,0.05
3351,1.0875000000000001,0.05
3352,0.3225,0.05
3353,0.9087500000000001,0.05
3354,1.1125,0.05
3355,1.08125,0.05
3356,0.7037499999999999,0.05
3357,1.1675,0.05
3358,1.0750000000000002,0.05
3359,1.2725,0.05
3360,1.2550000000000001,0.05
3361,0.7499999999999999,0.05
3362,1.1075,0.05
3363,0.9900000000000001,0.05
3364,1.1125,0.05
3365,0.88,0.05
3366,1.0987500000000001,0.05
3367,1.2962500000000001,0.05
3368,1.27125,0.05
3369,1.36,0.05
3370,1.13125,0.05
3371,1.18625,0.05
3372,0.5487499999999998,0.05
3373,1.1687500000000002,0.05
3374,1.0075,0.05
3375,1.32875,0.05
3376,1.2000000000000002,0.05
3377,1.05875,0.05
3378,0.815,0.05
3379,0.875,0.05
3380,1.0575,0.05
3381,1.4225,0.05
3382,1.2650000000000001,0.05
3383,1.2200000000000002,0.05
3384,1.15375,0.05
3385,1.02125,0.05
3386,1.09,0.05
3387,1.485,0.05
3388,1.3475000000000001,0.05
3389,1.39375,0.05
3390,1.13625,0.05
3391,1.14375,0.05
3392,1.1175000000000002,0.05
3393,1.0637500000000002,0.05
3394,1.24,0.05
3395,0.8225,0.05
3396,1.405,0.05
3397,1.24,0.05
3398,1.0550000000000002,0.05
3399,1.095,0.05
3400,1.26,0.05
3401,1.15625,0.05
3402,1.07125,0.05
3403,1.07125,0.05
3404,1.1125,0.05
3405,1.17,0.05
3406,1.22625,0.05
3407,1.35,0.05
3408,1.27875,0.05
3409,1.2775,0.05
3410,0.82375,0.05
3411,0.8825,0.05
3412,0.9837500000000001,0.05
3413,1.2225000000000001,0.05
3414,1.04,0.05
3415,1.1525,0.05
3416,0.19499999999999984,0.05
3417,1.155,0.05
3418,1.0987500000000001,0.05
3419,1.2075,0.05
3420,1.06125,0.05
3421,0.9,0.05
3422,1.0987500000000001,0.05
3423,1.08,0.05
3424,1.51375,0.05
3425,1.5362500000000001,0.05
3426,0.9637500000000001,0.05
3427,1.3475000000000001,0.05
3428,1.1887500000000002,0.05
3429,1.3262500000000002,0.05
3430,1.2750000000000001,0.05
3431,1.22625,0.05
3432,1.13125,0.05
3433,0.84,0.05
3434,1.425,0.05
3435,1.2537500000000001,0.05
3436,1.0250000000000001,0.05
3437,1.19,0.05
3438,0.90375,0.05
3439,0.6224999999999998,0.05
3440,0.7849999999999999,0.05
3441,0.7687499999999999,0.05
3442,0.7512499999999999,0.05
3443,1.235,0.05
3444,1.2975,0.05
3445,1.04,0.05
3446,0.8325,0.05
3447,1.5212500000000002,0.05
3448,1.44875,0.05
3449,0.725,0.05
3450,1.29125,0.05
3451,1.1487500000000002,0.05
3452,1.2275,0.05
3453,0.8725,0.05
3454,1.1500000000000001,0.05
3455,1.205,0.05
3456,1.245,0.05
3457,1.07875,0.05
3458,0.3287499999999999,0.05
3459,-2.7175000000000002,0.05
3460,1.1,0.05
3461,0.83,0.05
3462,1.2825000000000002,0.05
3463,0.6549999999999998,0.05
3464,0.8225,0.05
3465,0.8425,0.05
3466,1.02625,0.05
3467,1.0762500000000002,0.05
3468,0.4149999999999998,0.05
3469,0.9087500000000001,0.05
3470,0.44749999999999956,0.05
3471,1.0637500000000002,0.05
3472,1.115,0.05
3473,1.08,0.05
3474,1.0325000000000002,0.05
3475,1.31125,0.05
3476,1.0350000000000001,0.05
3477,0.23875000000000024,0.05
3478,0.9275000000000001,0.05
3479,-0.03624999999999967,0.05
3480,1.22125,0.05
3481,0.7387499999999999,0.05
3482,1.33,0.05
3483,1.18375,0.05
3484,1.28875,0.05
3485,1.0575,0.05
3486,1.13375,0.05
3487,0.7137499999999999,0.05
3488,1.0425,0.05
3489,0.98,0.05
3490,1.0,0.05
3491,0.91125,0.05
3492,0.93,0.05
3493,0.7699999999999999,0.05
3494,0.9500000000000001,0.05
3495,1.05125,0.05
3496,1.11625,0.05
3497,0.43374999999999964,0.05
3498,1.0550000000000002,0.05
3499,1.115,0.05
3500,1.07,0.05
3501,1.20375,0.05
3502,-2.953750000000001,0.05
3503,1.26,0.05
3504,1.435,0.05
3505,0.5862499999999997,0.05
3506,0.96125,0.05
3507,1.0562500000000001,0.05
3508,1.50875,0.05
3509,0.5987499999999998,0.05
3510,0.91625,0.05
3511,1.09,0.05
3512,1.1125,0.05
3513,0.9500000000000001,0.05
3514,1.29,0.05
3515,1.03,0.05
3516,1.195,0.05
3517,1.29,0.05
3518,1.32,0.05
3519,0.9687500000000001,0.05
3520,1.145,0.05
3521,1.04125,0.05
3522,1.1675,0.05
3523,0.99875,0.05
3524,0.18249999999999988,0.05
3525,1.1,0.05
3526,1.17375,0.05
3527,1.105,0.05
3528,1.1712500000000001,0.05
3529,1.0012500000000002,0.05
3530,1.32125,0.05
3531,1.00875,0.05
3532,1.20625,0.05
3533,1.02625,0.05
3534,1.215,0.05
3535,1.205,0.05
3536,0.9875,0.05
3537,1.1,0.05
3538,1.06875,0.05
3539,1.1600000000000001,0.05
3540,1.13375,0.05
3541,1.06,0.05
3542,1.17375,0.05
3543,1.23625,0.05
3544,0.6337499999999999,0.05
3545,1.36375,0.05
3546,1.08125,0.05
3547,1.33,0.05
3548,1.1125,0.05
3549,0.15999999999999992,0.05
3550,1.18625,0.05
3551,1.3787500000000001,0.05
3552,1.0525,0.05
3553,1.1712500000000001,0.05
3554,1.155,0.05
3555,1.0250000000000001,0.05
3556,1.1062500000000002,0.05
3557,1.2575,0.05
3558,0.6537499999999998,0.05
3559,1.38625,0.05
3560,1.0662500000000001,0.05
3561,1.45375,0.05
3562,1.1800000000000002,0.05
3563,1.2775,0.05
3564,0.7024999999999999,0.05
3565,0.41625000000000023,0.05
3566,0.16625,0.05
3567,1.0462500000000001,0.05
3568,1.1475,0.05
3569,1.07375,0.05
3570,1.185,0.05
3571,1.2275,0.05
3572,0.72625,0.05
3573,1.22125,0.05
3574,0.1437500000000005,0.05
3575,1.5274999999999999,0.05
3576,1.25875,0.05
3577,1.06125,0.05
3578,1.2087500000000002,0.05
3579,1.1725,0.05
3580,0.895,0.05
3581,-0.8374999999999992,0.05
3582,1.1125,0.05
3583,0.935,0.05
3584,1.11,0.05
3585,1.09375,0.05
3586,1.1925000000000001,0.05
3587,0.8750000000000001,0.05
3588,0.30874999999999986,0.05
3589,1.1975,0.05
3590,0.9337500000000001,0.05
3591,1.08125,0.05
3592,1.22125,0.05
3593,1.0762500000000002,0.05
3594,1.095,0.05
3595,1.29125,0.05
3596,1.0625,0.05
3597,1.06,0.05
3598,1.4412500000000001,0.05
3599,1.04,0.05
3600,0.7825,0.05
3601,1.1525,0.05
3602,1.18625,0.05
3603,1.21,0.05
3604,1.06125,0.05
3605,1.22125,0.05
3606,1.09375,0.05
3607,1.06,0.05
3608,1.00625,0.05
3609,0.7487499999999999,0.05
3610,0.6049999999999998,0.05
3611,1.1675,0.05
3612,1.0525,0.05
3613,1.19875,0.05
3614,1.3075,0.05
3615,1.08125,0.05
3616,0.8325000000000001,0.05
3617,1.11125,0.05
3618,1.06125,0.05
3619,1.2575,0.05
3620,1.0762500000000002,0.05
3621,1.3687500000000001,0.05
3622,-0.047499999999999654,0.05
3623,1.1300000000000001,0.05
3624,0.7187500000000002,0.05
3625,1.165,0.05
3626,1.2775,0.05
3627,0.6312499999999998,0.05
3628,1.335,0.05
3629,0.9512500000000002,0.05
3630,0.5987499999999998,0.05
3631,1.1600000000000001,0.05
3632,1.2937500000000002,0.05
3633,1.24,0.05
3634,1.2675,0.05
3635,1.33375,0.05
3636,1.5225000000000002,0.05
3637,1.15,0.05
3638,0.9837500000000001,0.05
3639,1.2725,0.05
3640,0.8962500000000001,0.05
3641,1.09,0.05
3642,1.11625,0.05
3643,0.86125,0.05
3644,-2.848750000000001,0.05
3645,1.02625,0.05
3646,1.04,0.05
3647,1.3175000000000001,0.05
3648,1.0525,0.05
3649,1.3687500000000001,0.05
3650,0.33375,0.05
3651,0.8675,0.05
3652,1.1187500000000001,0.05
3653,1.34375,0.05
3654,1.1125,0.05
3655,1.5225000000000002,0.05
3656,1.09,0.05
3657,0.6049999999999998,0.05
3658,1.0212500000000002,0.05
3659,1.01875,0.05
3660,1.1500000000000001,0.05
3661,1.165,0.05
3662,1.1175000000000002,0.05
3663,1.0025,0.05
3664,1.11125,0.05
3665,1.29875,0.05
3666,0.8049999999999999,0.05
3667,1.2112500000000002,0.05
3668,0.4399999999999997,0.05
3669,1.1487500000000002,0.05
3670,1.12,0.05
3671,1.2200000000000002,0.05
3672,1.1975000000000002,0.05
3673,-2.7875000000000005,0.05
3674,0.86,0.05
3675,0.08875000000000033,0.05
3676,0.9600000000000001,0.05
3677,1.43625,0.05
3678,1.1300000000000001,0.05
3679,0.84875,0.05
3680,1.50875,0.05
3681,1.1812500000000001,0.05
3682,1.28,0.05
3683,0.7487499999999999,0.05
3684,1.14375,0.05
3685,0.885,0.05
3686,1.1725,0.05
3687,1.0450000000000002,0.05
3688,1.24,0.05
3689,1.3587500000000001,0.05
3690,1.2937500000000002,0.05
3691,1.355,0.05
3692,1.06125,0.05
3693,0.3799999999999999,0.05
3694,1.35,0.05
3695,1.0075,0.05
3696,1.47625,0.05
3697,0.7299999999999999,0.05
3698,1.38125,0.05
3699,0.8075,0.05
3700,0.33499999999999974,0.05
3701,0.9125000000000001,0.05
3702,0.7074999999999999,0.05
3703,1.2225000000000001,0.05
3704,0.7450000000000001,0.05
3705,1.18125,0.05
3706,-0.20249999999999946,0.05
3707,1.0275,0.05
3708,1.45375,0.05
3709,1.195,0.05
3710,0.84375,0.05
3711,1.0325000000000002,0.05
3712,1.1500000000000001,0.05
3713,1.2275,0.05
3714,1.29,0.05
3715,0.9900000000000001,0.05
3716,0.80125,0.05
3717,0.9400000000000001,0.05
3718,0.9712500000000001,0.05
3719,0.9650000000000001,0.05
3720,0.9400000000000001,0.05
3721,0.99,0.05
3722,0.8612500000000001,0.05
3723,1.2962500000000001,0.05
3724,1.3987500000000002,0.05
3725,1.22125,0.05
3726,1.07625,0.05
3727,1.1625,0.05
3728,1.13375,0.05
3729,1.0925,0.05
3730,1.19375,0.05
3731,1.1475,0.05
3732,0.80625,0.05
3733,1.22125,0.05
3734,1.0625,0.05
3735,0.09000000000000008,0.05
3736,0.76625,0.05
3737,1.11125,0.05
3738,0.8175,0.05
3739,1.05125,0.05
3740,1.19,0.05
3741,0.33499999999999974,0.05
3742,0.9637500000000001,0.05
3743,0.6337499999999998,0.05
3744,-0.1374999999999993,0.05
3745,0.7137499999999999,0.05
3746,-0.32874999999999965,0.05
3747,1.10125,0.05
3748,1.13375,0.05
3749,0.8562500000000001,0.05
3750,1.32,0.05
3751,0.6662499999999999,0.05
3752,1.02125,0.05
3753,1.335,0.05
3754,1.0437500000000002,0.05
3755,1.205,0.05
3756,1.235,0.05
3757,1.0750000000000002,0.05
3758,1.5137500000000002,0.05
3759,1.115,0.05
3760,1.21,0.05
3761,0.9712500000000001,0.05
3762,0.6837499999999999,0.05
3763,0.9850000000000001,0.05
3764,1.06375,0.05
3765,0.8975000000000001,0.05
3766,0.7849999999999999,0.05
3767,1.07125,0.05
3768,0.91625,0.05
3769,1.345,0.05
3770,1.03875,0.05
3771,1.13625,0.05
3772,1.1125,0.05
3773,1.07625,0.05
3774,1.295,0.05
3775,-0.04124999999999979,0.05
3776,1.35,0.05
3777,0.8800000000000001,0.05
3778,1.0037500000000001,0.05
3779,1.0975000000000001,0.05
3780,1.0075,0.05
3781,1.12625,0.05
3782,1.18625,0.05
3783,1.54125,0.05
3784,1.2437500000000001,0.05
3785,1.0437500000000002,0.05
3786,1.0250000000000001,0.05
3787,1.04125,0.05
3788,1.11375,0.05
3789,1.47625,0.05
3790,1.4412500000000001,0.05
3791,1.1525,0.05
3792,0.9825000000000002,0.05
3793,1.0575,0.05
3794,1.4175,0.05
3795,1.3487500000000001,0.05
3796,1.24,0.05
3797,1.2937500000000002,0.05
3798,0.8750000000000001,0.05
3799,1.0625,0.05
3800,1.19,0.05
3801,1.34125,0.05
3802,0.78625,0.05
3803,0.9900000000000001,0.05
3804,1.09375,0.05
3805,1.24625,0.05
3806,1.435,0.05
3807,0.935,0.05
3808,0.34375,0.05
3809,1.42625,0.05
3810,0.9712500000000001,0.05
3811,0.82,0.05
3812,1.1350000000000002,0.05
3813,1.2000000000000002,0.05
3814,1.38625,0.05
3815,0.7324999999999999,0.05
3816,1.0,0.05
3817,1.28125,0.05
3818,0.9775,0.05
3819,1.3275000000000001,0.05
3820,0.8975000000000001,0.05
3821,1.115,0.05
3822,1.0237500000000002,0.05
3823,1.20875,0.05
3824,0.78125,0.05
3825,0.11124999999999985,0.05
3826,1.31375,0.05
3827,0.91625,0.05
3828,1.1487500000000002,0.05
3829,1.2337500000000001,0.05
3830,1.1325,0.05
3831,0.915,0.05
3832,0.9575,0.05
3833,0.9825000000000002,0.05
3834,1.335,0.05
3835,1.06375,0.05
3836,1.385,0.05
3837,1.1287500000000001,0.05
3838,0.8500000000000001,0.05
3839,1.11625,0.05
3840,1.2175,0.05
3841,1.0237500000000002,0.05
3842,1.3137500000000002,0.05
3843,1.2200000000000002,0.05
3844,1.0575,0.05
3845,1.045,0.05
3846,1.2375,0.05
3847,0.86875,0.05
3848,1.1125,0.05
3849,1.33875,0.05
3850,1.15625,0.05
3851,1.08,0.05
3852,1.20375,0.05
3853,1.1425,0.05
3854,1.25875,0.05
3855,0.13874999999999993,0.05
3856,0.9325000000000001,0.05
3857,0.9875,0.05
3858,1.08875,0.05
3859,1.37,0.05
3860,1.245,0.05
3861,1.1687500000000002,0.05
3862,0.9875,0.05
3863,0.9637500000000001,0.05
3864,1.32125,0.05
3865,1.0425,0.05
3866,1.05125,0.05
3867,1.2437500000000001,0.05
3868,1.2675,0.05
3869,1.2575,0.05
3870,0.7374999999999999,0.05
3871,0.92625,0.05
3872,0.855,0.05
3873,0.7037499999999999,0.05
3874,1.0025,0.05
3875,1.0875000000000001,0.05
3876,1.1912500000000001,0.05
3877,1.0137500000000002,0.05
3878,1.08125,0.05
3879,0.8775000000000001,0.05
3880,1.3262500000000002,0.05
3881,0.7525,0.05
3882,1.315,0.05
3883,0.83125,0.05
3884,1.2550000000000001,0.05
3885,1.1487500000000002,0.05
3886,0.925,0.05
3887,1.27,0.05
3888,1.2100000000000002,0.05
3889,0.6662499999999998,0.05
3890,1.085,0.05
3891,1.1300000000000001,0.05
3892,1.31375,0.05
3893,1.11,0.05
3894,0.935,0.05
3895,1.2962500000000001,0.05
3896,1.4187500000000002,0.05
3897,1.1912500000000001,0.05
3898,1.1800000000000002,0.05
3899,1.26375,0.05
3900,1.155,0.05
3901,1.1675,0.05
3902,0.9575000000000001,0.05
3903,1.0250000000000001,0.05
3904,1.14375,0.05
3905,1.1725,0.05
3906,0.9875,0.05
3907,1.02,0.05
3908,0.7799999999999999,0.05
3909,1.2437500000000001,0.05
3910,1.2775,0.05
3911,1.0437500000000002,0.05
3912,1.2025000000000001,0.05
3913,0.6937499999999999,0.05
3914,0.8425,0.05
3915,1.2575,0.05
3916,1.1487500000000002,0.05
3917,1.0950000000000002,0.05
3918,0.96625,0.05
3919,1.1800000000000002,0.05
3920,0.9337500000000001,0.05
3921,0.01625000000000032,0.05
3922,1.1375000000000002,0.05
3923,0.78,0.05
3924,0.8675,0.05
3925,0.915,0.05
3926,0.43374999999999964,0.05
3927,1.2275,0.05
3928,0.5012499999999996,0.05
3929,1.02,0.05
3930,0.925,0.05
3931,1.1725,0.05
3932,1.35,0.05
3933,1.3175000000000001,0.05
3934,1.13625,0.05
3935,1.215,0.05
3936,1.46375,0.05
3937,0.83875,0.05
3938,1.0775000000000001,0.05
3939,1.5225000000000002,0.05
3940,0.84,0.05
3941,0.6962499999999998,0.05
3942,1.1125,0.05
3943,1.22125,0.05
3944,1.03875,0.05
3945,0.9425,0.05
3946,1.24,0.05
3947,1.0225,0.05
3948,1.18625,0.05
3949,1.1375000000000002,0.05
3950,1.18125,0.05
3951,0.6725,0.05
3952,1.045,0.05
3953,0.46374999999999966,0.05
3954,1.3075,0.05
3955,1.245,0.05
3956,1.3,0.05
3957,0.2599999999999998,0.05
3958,0.9650000000000001,0.05
3959,1.31875,0.05
3960,1.24625,0.05
3961,0.77,0.05
3962,0.895,0.05
3963,1.0625,0.05
3964,0.7962499999999999,0.05
3965,1.19875,0.05
3966,1.26125,0.05
3967,0.6574999999999999,0.05
3968,0.9650000000000001,0.05
3969,1.205,0.05
3970,0.5374999999999998,0.05
3971,0.6425000000000001,0.05
3972,1.1625,0.05
3973,0.7274999999999999,0.05
3974,1.185,0.05
3975,0.93625,0.05
3976,1.17375,0.05
3977,0.91,0.05
3978,1.0950000000000002,0.05
3979,1.0025,0.05
3980,-0.48249999999999926,0.05
3981,0.935,0.05
3982,1.2225000000000001,0.05
3983,1.0562500000000001,0.05
3984,1.33875,0.05
3985,0.6249999999999998,0.05
3986,1.1287500000000001,0.05
3987,1.3675000000000002,0.05
3988,1.3137500000000002,0.05
3989,1.19375,0.05
3990,1.0075,0.05
3991,1.24,0.05
3992,0.9850000000000001,0.05
3993,-3.1812499999999995,0.05
3994,1.1675,0.05
3995,1.2575,0.05
3996,1.02625,0.05
3997,0.93125,0.05
3998,1.3325,0.05
3999,0.73,0.05
4000,0.6037499999999998,0.05
4001,0.91,0.05
4002,1.295,0.05
4003,1.145,0.05
4004,0.83625,0.05
4005,0.90625,0.05
4006,-2.983750000000001,0.05
4007,1.2675,0.05
4008,1.3262500000000002,0.05
4009,1.27625,0.05
4010,0.5599999999999998,0.05
4011,1.02,0.05
4012,1.3325,0.05
4013,-2.9562500000000007,0.05
4014,0.85875,0.05
4015,1.03875,0.05
4016,0.8975000000000001,0.05
4017,0.99,0.05
4018,1.0075,0.05
4019,-2.850000000000001,0.05
4020,0.8975000000000001,0.05
4021,0.8975000000000001,0.05
4022,1.23625,0.05
4023,1.32125,0.05
4024,0.91125,0.05
4025,0.78875,0.05
4026,1.0250000000000001,0.05
4027,1.4000000000000001,0.05
4028,0.7825,0.05
4029,1.45375,0.05
4030,1.1175000000000002,0.05
4031,1.1175000000000002,0.05
4032,0.8925000000000001,0.05
4033,1.1487500000000002,0.05
4034,1.01875,0.05
4035,1.185,0.05
4036,1.02,0.05
4037,1.1925000000000001,0.05
4038,1.24625,0.05
4039,0.8099999999999999,0.05
4040,0.7949999999999999,0.05
4041,0.93,0.05
4042,0.8099999999999999,0.05
4043,0.7962500000000001,0.05
4044,1.2950000000000002,0.05
4045,1.26125,0.05
4046,1.1925000000000001,0.05
4047,0.88625,0.05
4048,0.9525000000000001,0.05
4049,0.8925000000000001,0.05
4050,1.1350000000000002,0.05
4051,0.925,0.05
4052,0.7699999999999999,0.05
4053,1.1025,0.05
4054,1.30125,0.05
4055,1.4300000000000002,0.05
4056,1.1125,0.05
4057,1.3275000000000001,0.05
4058,0.9287500000000001,0.05
4059,1.34375,0.05
4060,1.20875,0.05
4061,1.2962500000000001,0.05
4062,0.9325000000000001,0.05
4063,0.93625,0.05
4064,-3.0200000000000014,0.05
4065,1.2725,0.05
4066,1.24625,0.05
4067,1.2725,0.05
4068,1.295,0.05
4069,-2.786250000000001,0.05
4070,1.07625,0.05
4071,1.1600000000000001,0.05
4072,1.2075,0.05
4073,0.84,0.05
4074,1.18625,0.05
4075,0.87375,0.05
4076,1.06125,0.05
4077,1.0012500000000002,0.05
4078,0.8125,0.05
4079,1.2025000000000001,0.05
4080,1.22125,0.05
4081,1.1487500000000002,0.05
4082,1.15,0.05
4083,1.1475,0.05
4084,1.05375,0.05
4085,1.185,0.05
4086,1.1175000000000002,0.05
4087,0.7274999999999999,0.05
4088,0.96875,0.05
4089,0.22499999999999987,0.05
4090,0.98875,0.05
4091,1.375,0.05
4092,1.31875,0.05
4093,0.885,0.05
4094,1.08,0.05
4095,1.0975000000000001,0.05
4096,1.5225,0.05
4097,1.03375,0.05
4098,0.925,0.05
4099,1.3225,0.05
4100,1.1487500000000002,0.05
4101,1.3462500000000002,0.05
4102,0.8625,0.05
4103,1.35,0.05
4104,0.925,0.05
4105,1.125,0.05
4106,1.115,0.05
4107,1.145,0.05
4108,0.44500000000000006,0.05
4109,0.7124999999999999,0.05
4110,1.0550000000000002,0.05
4111,1.28125,0.05
4112,1.2537500000000001,0.05
4113,1.06125,0.05
4114,1.23875,0.05
4115,0.7299999999999999,0.05
4116,1.35375,0.05
4117,1.17,0.05
4118,1.1800000000000002,0.05
4119,1.04125,0.05
4120,1.18625,0.05
4121,1.0612500000000002,0.05
4122,1.27625,0.05
4123,0.9450000000000001,0.05
4124,1.16625,0.05
4125,1.20375,0.05
4126,-2.6999999999999997,0.05
4127,0.9712500000000001,0.05
4128,0.8324999999999999,0.05
4129,0.4349999999999996,0.05
4130,1.09,0.05
4131,1.2437500000000001,0.05
4132,0.9775,0.05
4133,0.7649999999999999,0.05
4134,0.78375,0.05
4135,1.02,0.05
4136,0.8900000000000001,0.05
4137,0.6974999999999999,0.05
4138,1.02,0.05
4139,1.17,0.05
4140,1.30875,0.05
4141,1.19875,0.05
4142,1.5274999999999999,0.05
4143,1.31,0.05
4144,1.2025000000000001,0.05
4145,1.08125,0.05
4146,0.29874999999999985,0.05
4147,-2.8687500000000004,0.05
4148,1.07625,0.05
4149,-2.8250000000000006,0.05
4150,1.09,0.05
4151,1.1887500000000002,0.05
4152,0.7825,0.05
4153,1.04,0.05
4154,0.8962500000000001,0.05
4155,0.7625,0.05
4156,1.0825,0.05
4157,1.0250000000000001,0.05
4158,-2.84375,0.05
4159,1.4275000000000002,0.05
4160,0.3849999999999998,0.05
4161,1.51375,0.05
4162,1.1487500000000002,0.05
4163,1.08375,0.05
4164,1.01375,0.05
4165,0.35999999999999965,0.05
4166,1.22125,0.05
4167,1.12625,0.05
4168,0.9525000000000001,0.05
4169,1.1300000000000001,0.05
4170,1.2225000000000001,0.05
4171,1.35,0.05
4172,0.5262499999999997,0.05
4173,1.225,0.05
4174,1.36375,0.05
4175,0.71875,0.05
4176,0.7512499999999999,0.05
4177,1.4325,0.05
4178,1.01625,0.05
4179,1.2400000000000002,0.05
4180,0.935,0.05
4181,0.8425,0.05
4182,0.895,0.05
4183,1.2737500000000002,0.05
4184,0.8775000000000001,0.05
4185,1.39625,0.05
4186,1.0462500000000001,0.05
4187,-2.7000000000000006,0.05
4188,1.27625,0.05
4189,0.9712500000000001,0.05
4190,0.9325,0.05
4191,0.7337500000000001,0.05
4192,1.08,0.05
4193,0.93,0.05
4194,0.7274999999999999,0.05
4195,1.4500000000000002,0.05
4196,0.7875,0.05
4197,1.26,0.05
4198,0.4137499999999996,0.05
4199,1.0450000000000002,0.05
4200,1.1800000000000002,0.05
4201,1.345,0.05
4202,1.155,0.05
4203,1.0550000000000002,0.05
4204,1.18625,0.05
4205,1.115,0.05
4206,1.07375,0.05
4207,1.1287500000000001,0.05
4208,1.2850000000000001,0.05
4209,0.745,0.05
4210,1.21,0.05
4211,1.34375,0.05
4212,1.185,0.05
4213,1.34125,0.05
4214,1.1175000000000002,0.05
4215,1.1125,0.05
4216,1.0550000000000002,0.05
4217,0.93625,0.05
4218,1.3075,0.05
4219,0.8550000000000001,0.05
4220,1.11625,0.05
4221,0.935,0.05
4222,0.9637500000000001,0.05
4223,0.94125,0.05
4224,0.9450000000000001,0.05
4225,0.83,0.05
4226,1.23875,0.05
4227,1.1487500000000002,0.05
4228,0.6224999999999998,0.05
4229,1.14375,0.05
4230,0.9325000000000001,0.05
4231,1.5175,0.05
4232,0.25124999999999975,0.05
4233,0.90375,0.05
4234,1.1912500000000001,0.05
4235,1.0437500000000002,0.05
4236,1.125,0.05
4237,1.2175,0.05
4238,1.1675,0.05
4239,1.155,0.05
4240,1.36,0.05
4241,1.1175000000000002,0.05
4242,0.7050000000000001,0.05
4243,1.16625,0.05
4244,0.81375,0.05
4245,1.4187500000000002,0.05
4246,1.03875,0.05
4247,1.35375,0.05
4248,1.2775,0.05
4249,0.5449999999999997,0.05
4250,0.91,0.05
4251,0.9687500000000001,0.05
4252,1.0975000000000001,0.05
4253,1.1350000000000002,0.05
4254,1.24125,0.05
4255,0.875,0.05
4256,1.19,0.05
4257,0.8975000000000001,0.05
4258,1.1612500000000001,0.05
4259,1.28,0.05
4260,0.9875,0.05
4261,1.03875,0.05
4262,1.15625,0.05
4263,1.20375,0.05
4264,1.30875,0.05
4265,1.0987500000000001,0.05
4266,0.9700000000000002,0.05
4267,0.875,0.05
4268,1.2725000000000002,0.05
4269,1.0450000000000002,0.05
4270,1.3625,0.05
4271,1.1500000000000001,0.05
4272,1.3225,0.05
4273,0.9862500000000001,0.05
4274,1.08,0.05
4275,1.205,0.05
4276,1.295,0.05
4277,1.00875,0.05
4278,1.1675,0.05
4279,1.22125,0.05
4280,0.875,0.05
4281,0.6212499999999999,0.05
4282,0.6887499999999999,0.05
4283,1.34375,0.05
4284,1.08,0.05
4285,-2.8000000000000007,0.05
4286,1.34375,0.05
4287,0.3849999999999998,0.05
4288,1.32875,0.05
4289,1.1675,0.05
4290,0.99,0.05
4291,0.9650000000000001,0.05
4292,1.0750000000000002,0.05
4293,1.01875,0.05
4294,1.27625,0.05
4295,0.95875,0.05
4296,0.8962500000000001,0.05
4297,-0.9462500000000003,0.05
4298,-2.885000000000001,0.05
4299,1.1187500000000001,0.05
4300,1.1,0.05
4301,1.0350000000000001,0.05
4302,0.9950000000000001,0.05
4303,0.6762499999999999,0.05
4304,1.0925,0.05
4305,1.02,0.05
4306,1.045,0.05
4307,1.2637500000000002,0.05
4308,1.11,0.05
4309,0.86875,0.05
4310,1.18375,0.05
4311,-2.7875000000000005,0.05
4312,1.29875,0.05
4313,-2.71625,0.05
4314,1.155,0.05
4315,1.00875,0.05
4316,1.18625,0.05
4317,0.9900000000000001,0.05
4318,0.875,0.05
4319,1.0362500000000001,0.05
4320,1.2125000000000001,0.05
4321,1.46375,0.05
4322,0.8700000000000001,0.05
4323,1.1262500000000002,0.05
4324,1.1075,0.05
4325,-3.0550000000000006,0.05
4326,1.19875,0.05
4327,1.2125000000000001,0.05
4328,0.9287500000000001,0.05
4329,1.26125,0.05
4330,1.3687500000000001,0.05
4331,1.10125,0.05
4332,1.13625,0.05
4333,1.2000000000000002,0.05
4334,1.485,0.05
4335,0.9087500000000001,0.05
4336,1.0337500000000002,0.05
4337,1.02125,0.05
4338,1.185,0.05
4339,0.1775000000000002,0.05
4340,1.3225,0.05
4341,1.04,0.05
4342,0.9637500000000001,0.05
4343,1.3525,0.05
4344,1.1925000000000001,0.05
4345,1.4300000000000002,0.05
4346,1.27875,0.05
4347,0.9550000000000001,0.05
4348,-2.961250000000001,0.05
4349,0.9487500000000001,0.05
4350,1.27125,0.05
4351,0.016250000000000098,0.05
4352,1.1975,0.05
4353,0.84,0.05
4354,1.18625,0.05
4355,1.1175000000000002,0.05
4356,1.1325,0.05
4357,1.2575,0.05
4358,1.045,0.05
4359,1.23625,0.05
4360,1.0350000000000001,0.05
4361,0.47499999999999964,0.05
4362,1.215,0.05
4363,0.8225,0.05
4364,1.02125,0.05
4365,1.2550000000000001,0.05
4366,0.7574999999999998,0.05
4367,0.7949999999999999,0.05
4368,0.8675,0.05
4369,1.09375,0.05
4370,1.4312500000000001,0.05
4371,-3.04625,0.05
4372,0.9837500000000001,0.05
4373,-2.9862499999999996,0.05
4374,1.09375,0.05
4375,1.2550000000000001,0.05
4376,1.2675,0.05
4377,1.045,0.05
4378,1.385,0.05
4379,0.78,0.05
4380,1.30875,0.05
4381,1.2475,0.05
4382,0.85,0.05
4383,0.77375,0.05
4384,1.0975000000000001,0.05
4385,0.5849999999999997,0.05
4386,0.1299999999999999,0.05
4387,0.74625,0.05
4388,-2.9375,0.05
4389,1.0437500000000002,0.05
4390,1.2962500000000001,0.05
4391,1.1712500000000001,0.05
4392,0.8025,0.05
4393,-2.991250000000001,0.05
4394,-0.28249999999999953,0.05
4395,1.1675,0.05
4396,1.0775000000000001,0.05
4397,1.095,0.05
4398,1.00875,0.05
4399,1.2962500000000001,0.05
4400,0.5149999999999997,0.05
4401,0.93,0.05
4402,0.46999999999999964,0.05
4403,1.315,0.05
4404,0.29249999999999976,0.05
4405,1.1975,0.05
4406,1.15,0.05
4407,1.2175,0.05
4408,0.7212499999999998,0.05
4409,1.09375,0.05
4410,1.0750000000000002,0.05
4411,0.915,0.05
4412,0.41874999999999973,0.05
4413,1.1675,0.05
4414,0.4087499999999997,0.05
4415,1.07875,0.05
4416,0.925,0.05
4417,1.2537500000000001,0.05
4418,-1.070000000000001,0.05
4419,0.925,0.05
4420,1.44,0.05
4421,1.1600000000000001,0.05
4422,0.825,0.05
4423,1.20375,0.05
4424,0.6312499999999998,0.05
4425,0.6037499999999998,0.05
4426,0.5849999999999997,0.05
4427,1.1725,0.05
4428,1.27125,0.05
4429,0.81875,0.05
4430,1.18375,0.05
4431,-0.023749999999999938,0.05
4432,0.9837500000000001,0.05
4433,0.8912500000000001,0.05
4434,1.23625,0.05
4435,0.96625,0.05
4436,0.88,0.05
4437,1.29,0.05
4438,1.1075000000000002,0.05
4439,0.9450000000000001,0.05
4440,1.2125000000000001,0.05
4441,1.07,0.05
4442,1.17875,0.05
4443,1.25875,0.05
4444,1.33125,0.05
4445,0.875,0.05
4446,1.50875,0.05
4447,1.135,0.05
4448,1.09,0.05
4449,1.0037500000000001,0.05
4450,0.9225000000000001,0.05
4451,1.1300000000000001,0.05
4452,1.0750000000000002,0.05
4453,0.4462499999999996,0.05
4454,0.7087499999999999,0.05
4455,1.2650000000000001,0.05
4456,1.0025,0.05
4457,1.1500000000000001,0.05
4458,1.31375,0.05
4459,0.91125,0.05
4460,1.11,0.05
4461,1.27875,0.05
4462,0.84375,0.05
4463,0.9937500000000001,0.05
4464,1.205,0.05
4465,1.11,0.05
4466,0.4449999999999996,0.05
4467,0.5562499999999998,0.05
4468,1.1800000000000002,0.05
4469,1.08875,0.05
4470,1.0425,0.05
4471,1.22125,0.05
4472,0.9850000000000001,0.05
4473,0.6212499999999999,0.05
4474,1.15,0.05
4475,-0.1387499999999997,0.05
4476,0.6962499999999998,0.05
4477,1.1287500000000001,0.05
4478,1.1,0.05
4479,1.0150000000000001,0.05
4480,1.2275,0.05
4481,1.28,0.05
4482,1.2550000000000001,0.05
4483,0.6299999999999998,0.05
4484,0.8487500000000001,0.05
4485,1.1712500000000001,0.05
4486,1.1912500000000001,0.05
4487,1.23,0.05
4488,0.8025,0.05
4489,1.13625,0.05
4490,1.0575,0.05
4491,0.8925000000000001,0.05
4492,0.08624999999999994,0.05
4493,1.08875,0.05
4494,0.9425,0.05
4495,0.9500000000000001,0.05
4496,1.47625,0.05
4497,0.99,0.05
4498,1.23625,0.05
4499,0.9550000000000001,0.05
4500,0.78125,0.05
4501,1.05,0.05
4502,1.13125,0.05
4503,1.16625,0.05
4504,0.9712500000000001,0.05
4505,1.0425,0.05
4506,0.85375,0.05
4507,1.11125,0.05
4508,-0.29249999999999976,0.05
4509,1.1325,0.05
4510,0.9962500000000001,0.05
4511,1.25875,0.05
4512,0.9837500000000001,0.05
4513,0.7074999999999999,0.05
4514,1.165,0.05
4515,0.6724999999999999,0.05
4516,1.25,0.05
4517,0.9400000000000001,0.05
4518,-2.79375,0.05
4519,1.1712500000000001,0.05
4520,0.7774999999999999,0.05
4521,1.13125,0.05
4522,1.19,0.05
4523,1.21,0.05
4524,1.2725,0.05
4525,1.3225,0.05
4526,0.98875,0.05
4527,1.22125,0.05
4528,1.0575,0.05
4529,1.4400000000000002,0.05
4530,1.2750000000000001,0.05
4531,0.6762499999999999,0.05
4532,1.33375,0.05
4533,1.1325,0.05
4534,1.2962500000000001,0.05
4535,1.0025,0.05
4536,0.84,0.05
4537,1.1675,0.05
4538,1.3975,0.05
4539,1.0725,0.05
4540,1.1,0.05
4541,0.5437499999999997,0.05
4542,1.32125,0.05
4543,1.165,0.05
4544,1.29,0.05
4545,0.9500000000000001,0.05
4546,1.03875,0.05
4547,1.2175,0.05
4548,0.7849999999999999,0.05
4549,0.5437499999999997,0.05
4550,0.3737499999999998,0.05
4551,0.7349999999999999,0.05
4552,1.13375,0.05
4553,1.1712500000000001,0.05
4554,1.20875,0.05
4555,1.08125,0.05
4556,1.06,0.05
4557,0.39749999999999974,0.05
4558,1.20375,0.05
4559,-3.1187500000000012,0.05
4560,1.3025,0.05
4561,0.7699999999999999,0.05
4562,1.0750000000000002,0.05
4563,1.4300000000000002,0.05
4564,1.28125,0.05
4565,1.165,0.05
4566,1.0012500000000002,0.05
4567,0.82625,0.05
4568,0.85125,0.05
4569,1.225,0.05
4570,1.1400000000000001,0.05
4571,1.0075,0.05
4572,1.28875,0.05
4573,0.6399999999999998,0.05
4574,1.2000000000000002,0.05
4575,1.2537500000000001,0.05
4576,1.2550000000000001,0.05
4577,1.0437500000000002,0.05
4578,1.04,0.05
4579,-2.7937500000000006,0.05
4580,0.7825,0.05
4581,-3.275000000000002,0.05
4582,0.96625,0.05
4583,1.0875000000000001,0.05
4584,1.27625,0.05
4585,1.1612500000000001,0.05
4586,0.7199999999999999,0.05
4587,0.715,0.05
4588,1.27,0.05
4589,1.06,0.05
4590,1.0625,0.05
4591,1.3262500000000002,0.05
4592,1.51375,0.05
4593,1.29125,0.05
4594,0.5424999999999998,0.05
4595,-2.9662499999999996,0.05
4596,1.1625,0.05
4597,1.15375,0.05
4598,1.2112500000000002,0.05
4599,1.47625,0.05
4600,1.02625,0.05
4601,1.02125,0.05
4602,1.045,0.05
4603,1.0450000000000002,0.05
4604,1.0425,0.05
4605,1.0050000000000001,0.05
4606,1.33125,0.05
4607,1.5687499999999999,0.05
4608,0.18999999999999995,0.05
4609,0.6837499999999999,0.05
4610,1.0475,0.05
4611,1.245,0.05
4612,1.2112500000000002,0.05
4613,1.2537500000000001,0.05
4614,0.98,0.05
4615,0.8587500000000001,0.05
4616,1.3462500000000002,0.05
4617,0.9950000000000001,0.05
4618,1.17,0.05
4619,1.02125,0.05
4620,0.8025,0.05
4621,1.1600000000000001,0.05
4622,0.9325000000000001,0.05
4623,1.1725,0.05
4624,0.44749999999999956,0.05
4625,0.7699999999999999,0.05
4626,1.2437500000000001,0.05
4627,0.4349999999999996,0.05
4628,1.28375,0.05
4629,0.1725000000000001,0.05
4630,1.1487500000000002,0.05
4631,1.06875,0.05
4632,1.24,0.05
4633,1.06125,0.05
4634,0.87875,0.05
4635,1.46375,0.05
4636,0.9325000000000001,0.05
4637,1.5137500000000002,0.05
4638,1.4075,0.05
4639,1.19875,0.05
4640,1.0550000000000002,0.05
4641,1.3825,0.05
4642,0.80625,0.05
4643,1.435,0.05
4644,1.2275,0.05
4645,-2.9450000000000007,0.05
4646,1.22125,0.05
4647,1.13125,0.05
4648,1.2437500000000001,0.05
4649,0.7712499999999999,0.05
4650,1.1487500000000002,0.05
4651,1.07625,0.05
4652,0.8099999999999999,0.05
4653,0.6599999999999998,0.05
4654,0.7212499999999998,0.05
4655,0.88,0.05
4656,1.2437500000000001,0.05
4657,1.44875,0.05
4658,1.37625,0.05
4659,1.07625,0.05
4660,1.15625,0.05
4661,1.4412500000000001,0.05
4662,1.23125,0.05
4663,-2.7600000000000007,0.05
4664,0.6912499999999999,0.05
4665,1.11625,0.05
4666,0.3837499999999998,0.05
4667,1.2275,0.05
4668,1.0350000000000001,0.05
4669,0.3674999999999997,0.05
4670,1.0825,0.05
4671,1.51375,0.05
4672,1.4087500000000002,0.05
4673,1.26375,0.05
4674,1.2750000000000001,0.05
4675,1.0987500000000001,0.05
4676,1.35,0.05
4677,0.9637500000000001,0.05
4678,1.4400000000000002,0.05
4679,1.1,0.05
4680,1.3725,0.05
4681,1.045,0.05
4682,1.27625,0.05
4683,0.8225,0.05
4684,1.0212500000000002,0.05
4685,1.2087500000000002,0.05
4686,-2.7500000000000004,0.05
4687,1.39625,0.05
4688,0.9162500000000001,0.05
4689,0.6237499999999998,0.05
4690,-2.8175000000000012,0.05
4691,1.3275000000000001,0.05
4692,0.8500000000000001,0.05
4693,1.47125,0.05
4694,1.4300000000000002,0.05
4695,0.3112499999999998,0.05
4696,1.07625,0.05
4697,0.8700000000000001,0.05
4698,1.1725,0.05
4699,1.0950000000000002,0.05
4700,1.08,0.05
4701,1.04125,0.05
4702,0.91,0.05
4703,1.4212500000000001,0.05
4704,1.2075,0.05
4705,0.86,0.05
4706,0.9775,0.05
4707,1.21625,0.05
4708,-2.828750000000001,0.05
4709,0.6049999999999998,0.05
4710,1.1325,0.05
4711,-0.06125000000000003,0.05
4712,0.9825000000000002,0.05
4713,0.9775,0.05
4714,0.4399999999999997,0.05
4715,-2.837500000000001,0.05
4716,1.28125,0.05
4717,0.9850000000000001,0.05
4718,1.0050000000000001,0.05
4719,1.1625,0.05
4720,0.86125,0.05
4721,1.02625,0.05
4722,1.24125,0.05
4723,1.03,0.05
4724,1.105,0.05
4725,1.2737500000000002,0.05
4726,1.01875,0.05
4727,1.3987500000000002,0.05
4728,1.15375,0.05
4729,1.01625,0.05
4730,1.165,0.05
4731,0.21499999999999964,0.05
4732,1.205,0.05
4733,1.01875,0.05
4734,1.245,0.05
4735,1.11125,0.05
4736,0.9137500000000001,0.05
4737,1.1175000000000002,0.05
4738,1.145,0.05
4739,1.29125,0.05
4740,1.0050000000000001,0.05
4741,1.00625,0.05
4742,1.1175000000000002,0.05
4743,1.3725,0.05
4744,1.06125,0.05
4745,0.74625,0.05
4746,1.2112500000000002,0.05
4747,1.1612500000000001,0.05
4748,0.7649999999999999,0.05
4749,0.7949999999999999,0.05
4750,0.6887499999999999,0.05
4751,1.08875,0.05
4752,1.15375,0.05
4753,1.24,0.05
4754,1.2575,0.05
4755,1.3,0.05
4756,1.31,0.05
4757,0.5812499999999998,0.05
4758,1.2625000000000002,0.05
4759,0.35999999999999965,0.05
4760,0.9962500000000001,0.05
4761,1.0975000000000001,0.05
4762,1.15375,0.05
4763,1.15,0.05
4764,1.09,0.05
4765,1.435,0.05
4766,1.3487500000000001,0.05
4767,1.4412500000000001,0.05
4768,1.11375,0.05
4769,0.84125,0.05
4770,-2.9499999999999997,0.05
4771,0.08125000000000004,0.05
4772,1.065,0.05
4773,1.04,0.05
4774,1.2550000000000001,0.05
4775,1.06125,0.05
4776,0.3949999999999998,0.05
4777,0.9862500000000001,0.05
4778,1.125,0.05
4779,0.72125,0.05
4780,1.1975,0.05
4781,1.08875,0.05
4782,1.17875,0.05
4783,1.3687500000000001,0.05
4784,1.18625,0.05
4785,0.9475,0.05
4786,1.2725,0.05
4787,0.9337500000000001,0.05
4788,0.3737499999999998,0.05
4789,-2.8887500000000004,0.05
4790,0.6212499999999999,0.05
4791,1.0437500000000002,0.05
4792,1.24625,0.05
4793,1.1675,0.05
4794,1.13125,0.05
4795,1.21625,0.05
4796,0.9175000000000001,0.05
4797,1.0025000000000002,0.05
4798,0.9687500000000001,0.05
4799,0.9287500000000001,0.05
4800,1.26375,0.05
4801,1.07375,0.05
4802,1.3250000000000002,0.05
4803,0.6674999999999999,0.05
4804,0.8624999999999999,0.05
4805,1.0750000000000002,0.05
4806,1.29125,0.05
4807,0.9500000000000001,0.05
4808,1.2087500000000002,0.05
4809,1.1675,0.05
4810,0.98875,0.05
4811,1.0837500000000002,0.05
4812,0.2649999999999999,0.05
4813,0.5362499999999999,0.05
4814,1.4000000000000001,0.05
4815,0.12750000000000017,0.05
4816,1.1175000000000002,0.05
4817,1.39625,0.05
4818,1.405,0.05
4819,1.13625,0.05
4820,0.9450000000000001,0.05
4821,1.3275000000000001,0.05
4822,0.25124999999999953,0.05
4823,1.50875,0.05
4824,0.9175000000000001,0.05
4825,0.9500000000000001,0.05
4826,1.2275,0.05
4827,1.13375,0.05
4828,1.215,0.05
4829,1.1175000000000002,0.05
4830,-2.921250000000001,0.05
4831,1.125,0.05
4832,1.20375,0.05
4833,-2.9050000000000007,0.05
4834,0.7599999999999999,0.05
4835,0.9825000000000002,0.05
4836,1.0625,0.05
4837,1.09375,0.05
4838,0.7699999999999999,0.05
4839,1.33125,0.05
4840,1.2275,0.05
4841,-2.7987500000000005,0.05
4842,1.0562500000000001,0.05
4843,1.18125,0.05
4844,1.1712500000000001,0.05
4845,1.3125,0.05
4846,-2.806250000000001,0.05
4847,1.11125,0.05
4848,0.80375,0.05
4849,1.24,0.05
4850,1.3625,0.05
4851,1.48875,0.05
4852,1.145,0.05
4853,0.23624999999999985,0.05
4854,-0.2487499999999998,0.05
4855,1.11125,0.05
4856,-3.1674999999999995,0.05
4857,0.28749999999999987,0.05
4858,1.0575,0.05
4859,1.245,0.05
4860,-0.24624999999999986,0.05
4861,1.05,0.05
4862,1.19375,0.05
4863,0.9637500000000001,0.05
4864,0.78875,0.05
4865,-2.7500000000000004,0.05
4866,1.3725,0.05
4867,0.9712500000000002,0.05
4868,0.29499999999999993,0.05
4869,0.33499999999999996,0.05
4870,1.0950000000000002,0.05
4871,1.3275000000000001,0.05
4872,1.1125,0.05
4873,1.2000000000000002,0.05
4874,-0.14999999999999947,0.05
4875,0.4737499999999998,0.05
4876,1.2537500000000001,0.05
4877,1.1025,0.05
4878,1.0137500000000002,0.05
4879,1.50875,0.05
4880,1.30875,0.05
4881,0.9225000000000001,0.05
4882,1.195,0.05
4883,1.2775,0.05
4884,1.0450000000000002,0.05
4885,1.2625000000000002,0.05
4886,1.24625,0.05
4887,0.99,0.05
4888,1.1675,0.05
4889,0.05250000000000021,0.05
4890,0.915,0.05
4891,1.2537500000000001,0.05
4892,1.1800000000000002,0.05
4893,1.0662500000000001,0.05
4894,0.5849999999999997,0.05
4895,1.01625,0.05
4896,1.21,0.05
4897,1.0012500000000002,0.05
4898,0.04125000000000001,0.05
4899,1.34125,0.05
4900,1.38125,0.05
4901,1.1175000000000002,0.05
4902,1.1912500000000001,0.05
4903,1.0050000000000001,0.05
4904,-2.873750000000001,0.05
4905,1.1887500000000002,0.05
4906,1.27125,0.05
4907,1.0550000000000002,0.05
4908,-0.1662499999999998,0.05
4909,1.0625,0.05
4910,1.0075,0.05
4911,1.3687500000000001,0.05
4912,1.555,0.05
4913,1.10125,0.05
4914,1.3,0.05
4915,1.155,0.05
4916,1.02125,0.05
4917,1.145,0.05
4918,1.2337500000000001,0.05
4919,0.7849999999999999,0.05
4920,-3.0612500000000016,0.05
4921,1.155,0.05
4922,1.1912500000000001,0.05
4923,1.3687500000000001,0.05
4924,1.395,0.05
4925,0.2012499999999997,0.05
4926,1.12375,0.05
4927,0.4199999999999997,0.05
4928,1.1725,0.05
4929,1.2225000000000001,0.05
4930,1.0950000000000002,0.05
4931,0.86875,0.05
4932,1.35,0.05
4933,0.9825000000000002,0.05
4934,1.2275,0.05
4935,1.01,0.05
4936,1.33125,0.05
4937,0.93,0.05
4938,-2.8600000000000008,0.05
4939,1.2337500000000001,0.05
4940,0.9700000000000001,0.05
4941,0.08374999999999999,0.05
4942,1.185,0.05
4943,1.16625,0.05
4944,1.1575,0.05
4945,1.07875,0.05
4946,0.88,0.05
4947,1.4675,0.05
4948,1.03875,0.05
4949,0.9500000000000001,0.05
4950,1.2275,0.05
4951,0.7437499999999999,0.05
4952,0.6199999999999998,0.05
4953,1.405,0.05
4954,-2.8962499999999998,0.05
4955,0.06000000000000005,0.05
4956,1.225,0.05
4957,0.9750000000000001,0.05
4958,0.85375,0.05
4959,1.1175000000000002,0.05
4960,0.6112499999999997,0.05
4961,0.755,0.05
4962,0.6599999999999999,0.05
4963,1.4000000000000001,0.05
4964,1.04,0.05
4965,1.435,0.05
4966,1.28125,0.05
4967,0.9475,0.05
4968,1.375,0.05
4969,0.6412499999999998,0.05
4970,1.21875,0.05
4971,-1.1425000000000007,0.05
4972,1.1925000000000001,0.05
4973,-0.12999999999999967,0.05
4974,1.18375,0.05
4975,-3.1099999999999994,0.05
4976,0.93,0.05
4977,1.1625,0.05
4978,1.29125,0.05
4979,1.3325,0.05
4980,-0.09499999999999975,0.05
4981,0.895,0.05
4982,1.08125,0.05
4983,0.9875,0.05
4984,1.3687500000000001,0.05
4985,1.1487500000000002,0.05
4986,1.26125,0.05
4987,0.6625,0.05
4988,0.6099999999999998,0.05
4989,1.1487500000000002,0.05
4990,0.5474999999999998,0.05
4991,1.21,0.05
4992,1.1487500000000002,0.05
4993,-2.946250000000001,0.05
4994,1.26375,0.05
4995,1.135,0.05
4996,1.33875,0.05
4997,1.13625,0.05
4998,1.1125,0.05
4999,1.02125,0.05
5000,1.555,0.05
