episode,reward,epsilon
1,-3.0700000000000016,0.5
2,-3.036250000000001,0.499
3,-3.062500000000001,0.498002
4,-2.8475000000000006,0.497005996
5,-2.912500000000001,0.496011984008
6,-2.9962500000000003,0.495019960039984
7,0.015000000000000568,0.49402992011990404
8,-3.06875,0.49304186027966423
9,-3.3550000000000004,0.49205577655910493
10,-3.33,0.4910716650059867
11,-0.39999999999999925,0.49008952167597475
12,-2.962500000000001,0.4891093426326228
13,-2.907500000000001,0.4881311239473575
14,-2.9450000000000007,0.4871548616994628
15,-0.4562499999999994,0.4861805519760639
16,-3.178750000000001,0.4852081908721118
17,-3.122500000000001,0.4842377744903676
18,-0.029999999999999805,0.48326929894138687
19,-2.86625,0.4823027603435041
20,-3.028750000000001,0.4813381548228171
21,-3.1599999999999997,0.48037547851317147
22,-2.8075000000000006,0.4794147275561451
23,-3.145000000000001,0.47845589810103284
24,-2.9212500000000006,0.4774989863048308
25,-0.12124999999999941,0.4765439883322211
26,-3.0725,0.4755909003555567
27,0.855,0.47463971855484555
28,-1.3575000000000002,0.47369043911773584
29,-3.200000000000002,0.47274305823950036
30,-2.8825000000000007,0.47179757212302137
31,-3.260000000000001,0.47085397697877535
32,-3.096250000000001,0.4699122690248178
33,-3.53375,0.46897244448676817
34,-3.103750000000001,0.46803449959779464
35,1.0562500000000001,0.46709843059859907
36,-2.920000000000001,0.46616423373740185
37,-3.4325000000000014,0.465231905269927
38,-2.9025000000000007,0.4643014414593872
39,-3.1825,0.4633728385764684
40,-2.971250000000001,0.46244609289931543
41,-3.1637500000000003,0.4615212007135168
42,-2.865,0.4605981583120898
43,-1.0625000000000007,0.4596769619954656
44,-3.156250000000001,0.45875760807147464
45,-3.1275,0.45784009285533167
46,-0.2524999999999995,0.456924412669621
47,-2.8175000000000003,0.4560105638442818
48,-3.0187500000000007,0.4550985427165932
49,-3.2012500000000013,0.45418834563116006
50,-1.2962500000000003,0.45327996893989775
51,-3.091250000000001,0.45237340900201795
52,-3.027500000000001,0.45146866218401394
53,-3.0400000000000005,0.4505657248596459
54,-2.8175000000000003,0.4496645934099266
55,-2.8287500000000003,0.44876526422310675
56,-2.848750000000001,0.44786773369466054
57,-2.9637500000000006,0.44697199822727124
58,-3.038750000000001,0.4460780542308167
59,-3.030000000000001,0.44518589812235504
60,0.25500000000000056,0.4442955263261103
61,-2.905000000000001,0.4434069352734581
62,-2.9162500000000007,0.4425201214029112
63,-3.0525000000000015,0.44163508116010536
64,-2.9162500000000007,0.44075181099778515
65,1.4000000000000001,0.4398703073757896
66,0.94125,0.438990566761038
67,-2.9225000000000003,0.4381125856275159
68,-3.0112500000000004,0.4372363604562609
69,-2.85875,0.4363618877353484
70,-3.083750000000002,0.4354891639598777
71,-3.0162500000000003,0.4346181856319579
72,-3.0,0.433748949260694
73,-2.7725000000000004,0.43288145136217265
74,0.4624999999999998,0.4320156884594483
75,-3.046250000000001,0.43115165708252945
76,-2.8550000000000004,0.4302893537683644
77,-2.9100000000000006,0.42942877506082766
78,-3.365000000000001,0.428569917510706
79,-2.7787499999999996,0.4277127776756846
80,-2.9250000000000003,0.4268573521203332
81,0.38250000000000006,0.42600363741609254
82,-3.0025000000000004,0.42515163014126034
83,-2.8412500000000005,0.4243013268809778
84,-2.8787500000000006,0.42345272422721586
85,-3.35875,0.4226058187787614
86,-2.8025000000000007,0.4217606071412039
87,-2.9575000000000005,0.4209170859269215
88,-3.026250000000001,0.42007525175506766
89,0.7137500000000001,0.4192351012515575
90,-3.1300000000000012,0.4183966310490544
91,-2.89125,0.41755983778695627
92,-2.97625,0.41672471811138234
93,-2.9100000000000006,0.4158912686751596
94,-2.972500000000001,0.41505948613780924
95,-2.8537500000000007,0.4142293671655336
96,-2.9525000000000006,0.41340090843120253
97,-2.9787500000000002,0.41257410661434013
98,-2.875000000000001,0.4117489584011115
99,-2.938750000000001,0.4109254604843093
100,-2.9712500000000004,0.4101036095633407
101,-3.0237500000000006,0.409283402344214
102,-2.846250000000001,0.40846483553952556
103,-3.0175000000000005,0.4076479058684465
104,-3.0400000000000005,0.4068326100567096
105,-2.8950000000000005,0.4060189448365962
106,-2.946250000000001,0.40520690694692296
107,-3.31875,0.4043964931330291
108,-2.778750000000001,0.40358770014676304
109,-2.8400000000000007,0.4027805247464695
110,-2.946250000000001,0.4019749636969766
111,-2.9412500000000006,0.40117101376958264
112,1.48125,0.4003686717420435
113,-3.0025,0.3995679343985594
114,-2.9950000000000006,0.3987687985297623
115,-2.985,0.3979712609327028
116,-2.987500000000001,0.39717531841083736
117,-2.9787500000000002,0.3963809677740157
118,-2.8087500000000003,0.39558820583846765
119,-3.010000000000001,0.39479702942679074
120,-3.078750000000001,0.39400743536793714
121,-2.9650000000000007,0.39321942049720127
122,-2.9462500000000005,0.3924329816562069
123,-3.1025,0.3916481156928945
124,-2.8400000000000003,0.3908648194615087
125,-2.8037500000000004,0.39008308982258566
126,-2.8575000000000013,0.3893029236429405
127,0.15250000000000008,0.3885243177956546
128,-3.105,0.3877472691600633
129,-3.101250000000001,0.38697177462174315
130,-3.0350000000000015,0.38619783107249966
131,-2.903750000000001,0.3854254354103547
132,-3.022500000000001,0.384654584539534
133,-3.0225000000000004,0.3838852753704549
134,-3.005000000000001,0.383117504819714
135,0.15875000000000017,0.3823512698100746
136,-2.7312500000000006,0.3815865672704545
137,-2.9075000000000006,0.3808233941359136
138,-2.99875,0.38006174734764175
139,-2.972500000000001,0.37930162385294647
140,-2.890000000000001,0.3785430206052406
141,-2.8775000000000004,0.3777859345640301
142,-2.9537500000000017,0.37703036269490203
143,-3.0412500000000007,0.37627630196951223
144,-2.9275000000000007,0.3755237493655732
145,-2.908750000000001,0.37477270186684203
146,-3.032500000000001,0.37402315646310835
147,0.57875,0.3732751101501821
148,-2.8850000000000007,0.37252855992988176
149,-2.7037500000000003,0.371783502810022
150,-2.8587500000000006,0.3710399358044019
151,-3.0112500000000013,0.37029785593279313
152,0.4999999999999998,0.36955726022092755
153,-3.1037500000000007,0.3688181457004857
154,-3.1287500000000006,0.36808050940908477
155,-3.040000000000001,0.3673443483902666
156,-3.006250000000001,0.366609659693486
157,-2.837500000000001,0.36587644037409905
158,-2.910000000000001,0.3651446874933509
159,-2.915000000000001,0.3644143981183642
160,-2.9712500000000013,0.3636855693221275
161,-2.8962500000000007,0.36295819818348324
162,-3.100000000000001,0.36223228178711625
163,-2.9587500000000007,0.361507817223542
164,-3.091250000000001,0.36078480158909493
165,-3.0662499999999997,0.3600632319859167
166,-2.9837500000000006,0.35934310552194487
167,-2.823750000000001,0.358624419310901
168,-2.965000000000001,0.3579071704722792
169,0.44999999999999996,0.3571913561313347
170,-3.1450000000000005,0.35647697341907203
171,-2.9462500000000005,0.3557640194722339
172,-2.882500000000001,0.35505249143328943
173,-2.94625,0.3543423864504229
174,-2.9825,0.353633701677522
175,-2.898750000000001,0.352926434274167
176,-2.8912500000000008,0.3522205814056186
177,-3.00875,0.35151614024280736
178,-1.1650000000000003,0.35081310796232174
179,-2.8962500000000007,0.3501114817463971
180,-2.888750000000001,0.3494112587829043
181,-2.885000000000001,0.3487124362653385
182,-2.92375,0.3480150113928078
183,-2.9275000000000007,0.3473189813700222
184,0.6937499999999999,0.34662434340728215
185,-2.8387499999999997,0.34593109472046757
186,-3.032500000000001,0.3452392325310266
187,-2.89875,0.3445487540659646
188,-2.905000000000001,0.3438596565578326
189,-2.9725000000000006,0.34317193724471695
190,-2.9325000000000006,0.3424855933702275
191,-2.991250000000001,0.34180062218348706
192,-2.99125,0.3411170209391201
193,-0.9550000000000003,0.3404347868972419
194,-0.9399999999999997,0.3397539173234474
195,-0.23624999999999963,0.3390744094888005
196,-2.9725000000000015,0.3383962606698229
197,-2.8474999999999997,0.3377194681484833
198,-2.8975000000000004,0.33704402921218635
199,-2.8012500000000005,0.33636994115376195
200,0.125,0.3356972012714544
201,-2.9350000000000014,0.3350258068689115
202,-3.1712500000000015,0.33435575525517364
203,-2.8312500000000003,0.3336870437446633
204,-2.9875000000000007,0.33301966965717394
205,-2.9787500000000007,0.3323536303178596
206,-2.9937500000000004,0.33168892305722386
207,-3.025000000000001,0.33102554521110944
208,1.06,0.3303634941206872
209,-3.3074999999999997,0.32970276713244584
210,-2.818750000000001,0.32904336159818093
211,-2.890000000000001,0.3283852748749846
212,-2.900000000000001,0.3277285043252346
213,-2.8300000000000005,0.3270730473165841
214,1.4874999999999998,0.32641890122195094
215,-2.9062500000000004,0.32576606341950703
216,-3.073750000000001,0.32511453129266804
217,-2.905000000000001,0.3244643022300827
218,-3.0812500000000007,0.32381537362562257
219,-3.029999999999999,0.3231677428783713
220,-3.18875,0.32252140739261453
221,0.6362500000000001,0.3218763645778293
222,-3.3437500000000013,0.32123261184867363
223,-3.0087500000000005,0.32059014662497626
224,-3.013750000000001,0.3199489663317263
225,-0.9200000000000006,0.31930906839906287
226,-2.8800000000000003,0.31867045026226476
227,-2.8462500000000004,0.31803310936174023
228,-3.077500000000001,0.31739704314301675
229,-2.9437500000000005,0.3167622490567307
230,-2.91875,0.3161287245586173
231,-2.92625,0.3154964671095001
232,-2.8600000000000008,0.3148654741752811
233,-2.965000000000001,0.31423574322693054
234,0.7575,0.3136072717404767
235,-2.960000000000001,0.31298005719699573
236,-3.25,0.31235409708260176
237,-2.8587500000000006,0.31172938888843654
238,-2.8362500000000006,0.3111059301106597
239,-2.858750000000001,0.31048371825043836
240,-3.0250000000000017,0.3098627508139375
241,-2.878750000000001,0.3092430253123096
242,1.3562500000000002,0.308624539261685
243,-2.9537500000000008,0.3080072901831616
244,0.56875,0.3073912756027953
245,0.42249999999999965,0.30677649305158966
246,-2.89625,0.3061629400654865
247,-2.9575000000000005,0.3055506141853555
248,0.32000000000000006,0.3049395129569848
249,-3.0787500000000008,0.3043296339310708
250,-2.92125,0.3037209746632087
251,-3.2487500000000007,0.30311353271388225
252,-2.8287500000000003,0.30250730564845446
253,-2.9537500000000008,0.30190229103715754
254,-2.8450000000000006,0.3012984864550832
255,1.1475,0.3006958894821731
256,-2.7975000000000003,0.30009449770320873
257,-2.9075,0.2994943087078023
258,-2.9737500000000012,0.2988953200903867
259,-0.9400000000000002,0.29829752945020593
260,-2.9025000000000007,0.2977009343913055
261,-2.9300000000000006,0.2971055325225229
262,-2.818750000000001,0.2965113214574779
263,-2.8737500000000007,0.29591829881456294
264,-2.760000000000001,0.2953264622169338
265,-3.01,0.29473580929249993
266,-2.8862500000000004,0.2941463376739149
267,-0.5124999999999995,0.2935580449985671
268,-3.0362500000000012,0.29297092890856996
269,-2.92,0.29238498705075283
270,0.5274999999999997,0.2918002170766513
271,-2.9825000000000004,0.29121661664249804
272,-2.91625,0.29063418340921304
273,-2.9175000000000004,0.2900529150423946
274,-2.8475,0.28947280921230983
275,-2.72875,0.2888938635938852
276,-2.9300000000000006,0.28831607586669744
277,-0.32874999999999943,0.28773944371496407
278,-2.7425000000000006,0.28716396482753415
279,-2.8625000000000003,0.2865896368978791
280,-2.9199999999999995,0.28601645762408334
281,-2.8975000000000004,0.2854444247088352
282,-2.953750000000001,0.2848735358594175
283,-2.8299999999999996,0.28430378878769863
284,-3.018750000000001,0.28373518121012326
285,-2.8712500000000007,0.28316771084770304
286,-2.8837499999999987,0.2826013754260076
287,-3.02875,0.28203617267515557
288,-3.032500000000001,0.28147210032980524
289,0.10000000000000009,0.28090915612914563
290,-2.9950000000000006,0.28034733781688737
291,-2.9837500000000015,0.27978664314125357
292,-3.050000000000001,0.27922706985497103
293,-2.868750000000001,0.2786686157152611
294,-2.897500000000001,0.27811127848383055
295,0.5799999999999998,0.27755505592686286
296,0.02124999999999999,0.27699994581500914
297,-3.0700000000000007,0.2764459459233791
298,-2.9137500000000007,0.27589305403153236
299,-2.806250000000001,0.2753412679234693
300,-2.983750000000001,0.27479058538762235
301,-0.9837500000000008,0.2742410042168471
302,-2.9962500000000007,0.2736925222084134
303,-3.088750000000001,0.2731451371639966
304,-2.830000000000001,0.27259884688966857
305,-2.805000000000001,0.2720536491958892
306,0.6749999999999999,0.27150954189749743
307,-3.0137500000000013,0.2709665228137024
308,-2.8475000000000006,0.27042458976807504
309,-2.896250000000001,0.26988374058853887
310,-0.8075000000000003,0.2693439731073618
311,-2.92625,0.2688052851611471
312,-2.7412500000000004,0.2682676745908248
313,-2.8900000000000006,0.26773113924164316
314,-3.0512500000000014,0.2671956769631599
315,-2.890000000000001,0.2666612856092336
316,0.85,0.2661279630380151
317,-2.8825000000000007,0.2655957071119391
318,-2.9987500000000002,0.2650645156977152
319,-2.960000000000001,0.2645343866663198
320,-2.930000000000001,0.26400531789298715
321,-2.830000000000001,0.2634773072572012
322,-2.953750000000001,0.2629503526426868
323,-0.8425,0.26242445193740144
324,-2.8787500000000006,0.2618996030335266
325,-2.61625,0.26137580382745956
326,-2.8287500000000003,0.26085305221980465
327,-3.0662499999999997,0.260331346115365
328,-2.927500000000001,0.2598106834231343
329,-2.806250000000001,0.25929106205628805
330,-2.81625,0.25877247993217545
331,-2.805,0.2582549349723111
332,-2.9050000000000002,0.2577384251023665
333,-2.836250000000001,0.25722294825216174
334,0.47250000000000003,0.2567085023556574
335,-2.852500000000001,0.2561950853509461
336,-2.91,0.2556826951802442
337,-0.5599999999999994,0.2551713297898837
338,-0.5449999999999993,0.25466098713030394
339,-2.870000000000001,0.2541516651560433
340,-3.181250000000001,0.2536433618257312
341,-2.836250000000001,0.25313607510207975
342,-2.905000000000001,0.2526298029518756
343,-2.8000000000000007,0.25212454334597184
344,-1.130000000000001,0.2516202942592799
345,-3.0375000000000005,0.2511170536707613
346,-2.8887500000000004,0.2506148195634198
347,-2.915000000000001,0.25011358992429295
348,-2.9087500000000004,0.24961336274444434
349,-2.9312500000000004,0.24911413601895546
350,-2.8712500000000003,0.24861590774691755
351,-2.8100000000000005,0.24811867593142373
352,-2.710000000000001,0.24762243857956087
353,-3.0212500000000007,0.24712719370240174
354,-0.6837499999999996,0.24663293931499694
355,-1.0012500000000009,0.24613967343636695
356,-3.0325000000000006,0.2456473940894942
357,-2.8787500000000006,0.2451560993013152
358,-0.4274999999999993,0.24466578710271258
359,-2.7300000000000004,0.24417645552850717
360,-2.98,0.24368810261745016
361,-3.08,0.24320072641221527
362,-2.900000000000001,0.24271432495939083
363,-2.7875000000000005,0.24222889630947203
364,-0.9237500000000003,0.2417444385168531
365,-2.8175000000000003,0.2412609496398194
366,-3.040000000000002,0.24077842774053976
367,-2.890000000000001,0.2402968708850587
368,-2.817500000000001,0.23981627714328857
369,-3.062500000000001,0.239336644589002
370,-2.8700000000000006,0.238857971299824
371,-3.0637500000000006,0.23838025535722435
372,-2.896250000000001,0.2379034948465099
373,-3.0025000000000013,0.2374276878568169
374,-1.1337500000000007,0.23695283248110327
375,-2.715,0.23647892681614108
376,-3.08125,0.2360059689625088
377,-2.891250000000001,0.2355339570245838
378,-2.8375,0.23506288911053463
379,-0.8149999999999997,0.23459276333231358
380,-2.8362500000000006,0.23412357780564894
381,-2.825,0.23365533065003763
382,-2.9025000000000007,0.23318801998873756
383,-2.7487500000000007,0.23272164394876008
384,-2.836250000000001,0.23225620066086256
385,-3.0100000000000016,0.23179168825954083
386,-2.953750000000001,0.23132810488302175
387,-2.983750000000001,0.2308654486732557
388,-2.8000000000000007,0.23040371777590918
389,-2.892500000000001,0.22994291034035735
390,-2.823750000000001,0.22948302451967664
391,-2.812500000000001,0.22902405847063728
392,-2.7962500000000006,0.228566010353696
393,-2.7987500000000005,0.22810887833298862
394,-3.0362500000000003,0.22765266057632264
395,-2.921250000000001,0.22719735525516999
396,-2.939999999999999,0.22674296054465964
397,-2.6987500000000004,0.22628947462357032
398,-2.848750000000001,0.2258368956743232
399,-3.0250000000000004,0.22538522188297455
400,-2.7625,0.2249344514392086
401,-2.7987500000000005,0.22448458253633016
402,-2.950000000000001,0.2240356133712575
403,1.17,0.22358754214451498
404,-2.890000000000001,0.22314036706022594
405,-3.035,0.2226940863261055
406,-2.8087500000000003,0.22224869815345327
407,-3.023750000000001,0.22180420075714635
408,-2.946250000000001,0.22136059235563205
409,-2.876250000000001,0.2209178711709208
410,-2.775000000000001,0.22047603542857896
411,-2.946250000000001,0.22003508335772182
412,-2.952500000000001,0.21959501319100638
413,-2.8225000000000007,0.21915582316462437
414,-2.9162500000000002,0.21871751151829513
415,-2.7862500000000003,0.21828007649525855
416,-2.7787500000000005,0.21784351634226803
417,-3.021250000000001,0.2174078293095835
418,-2.843750000000001,0.21697301365096433
419,-2.985,0.2165390676236624
420,-2.8662500000000004,0.21610598948841508
421,-2.8962500000000007,0.21567377750943825
422,-0.10999999999999965,0.21524242995441936
423,-2.7975,0.21481194509451051
424,-2.8400000000000003,0.2143823212043215
425,-3.043750000000001,0.21395355656191284
426,-0.5624999999999993,0.21352564944878902
427,-2.9762500000000016,0.21309859814989143
428,-2.9612500000000006,0.21267240095359166
429,-2.916250000000001,0.2122470561516845
430,-3.0175000000000005,0.21182256203938113
431,-2.8675000000000006,0.21139891691530235
432,1.0250000000000001,0.21097611908147174
433,-2.9175,0.2105541668433088
434,-2.9112500000000003,0.2101330585096222
435,-2.9775000000000014,0.20971279239260293
436,-2.8737500000000007,0.20929336680781774
437,-2.7487500000000002,0.2088747800742021
438,-2.86625,0.2084570305140537
439,-2.9262500000000014,0.2080401164530256
440,-2.778750000000001,0.20762403622011955
441,-2.83625,0.20720878814767932
442,-2.775000000000001,0.20679437057138395
443,-3.0725000000000002,0.20638078183024117
444,-2.933750000000001,0.20596802026658068
445,-2.9800000000000013,0.20555608422604751
446,-2.7800000000000007,0.2051449720575954
447,-3.085000000000001,0.20473468211348023
448,-2.8087500000000007,0.20432521274925328
449,0.9537500000000001,0.20391656232375477
450,-2.7500000000000004,0.20350872919910726
451,-2.893750000000001,0.20310171174070904
452,-2.6937500000000005,0.20269550831722763
453,-2.806250000000001,0.20229011730059318
454,-2.817500000000001,0.201885537065992
455,-2.7562500000000005,0.20148176599186002
456,-2.7600000000000007,0.2010788024598763
457,-2.84875,0.20067664485495657
458,-2.952500000000001,0.20027529156524665
459,-2.885000000000001,0.19987474098211616
460,-2.8700000000000006,0.19947499150015194
461,-2.9612500000000006,0.19907604151715164
462,-2.755000000000001,0.19867788943411732
463,-2.995000000000001,0.19828053365524909
464,-3.361249999999999,0.19788397258793858
465,-2.8362500000000006,0.1974882046427627
466,-2.76125,0.1970932282334772
467,-2.9925,0.19669904177701023
468,-3.0962500000000013,0.1963056436934562
469,-3.256250000000001,0.1959130324060693
470,-2.8600000000000008,0.19552120634125716
471,-2.9700000000000006,0.19513016392857466
472,-3.02875,0.1947399036007175
473,-2.7187500000000004,0.19435042379351605
474,-2.8237500000000004,0.19396172294592903
475,-2.875,0.19357379950003717
476,-3.2700000000000014,0.1931866519010371
477,-2.817500000000001,0.19280027859723503
478,-2.7925000000000004,0.19241467804004056
479,-2.861250000000001,0.19202984868396047
480,-2.8475000000000006,0.19164578898659254
481,-2.8287500000000008,0.19126249740861936
482,-3.0700000000000016,0.1908799724138021
483,-3.5812500000000016,0.1904982124689745
484,-1.0775000000000008,0.19011721604403656
485,-2.76,0.1897369816119485
486,-2.950000000000001,0.18935750764872458
487,0.13250000000000006,0.18897879263342712
488,-2.911250000000001,0.18860083504816028
489,-2.9537500000000008,0.18822363337806394
490,-2.9200000000000004,0.18784718611130782
491,-1.0637500000000004,0.1874714917390852
492,-2.825000000000001,0.18709654875560702
493,-2.866250000000001,0.1867223556580958
494,-2.817500000000001,0.1863489109467796
495,-0.5549999999999995,0.18597621312488605
496,-2.9175000000000004,0.18560426069863628
497,-2.8362499999999997,0.185233052177239
498,-2.950000000000001,0.18486258607288453
499,-2.9787500000000016,0.18449286090073877
500,-2.983750000000001,0.1841238751789373
501,-3.0700000000000007,0.18375562742857943
502,-3.04625,0.18338811617372228
503,-2.903750000000001,0.18302133994137484
504,-3.0087499999999996,0.1826552972614921
505,-2.9325000000000014,0.1822899866669691
506,0.13375000000000004,0.18192540669363516
507,-2.9650000000000007,0.1815615558802479
508,-0.5799999999999994,0.1811984327684874
509,-2.8237500000000004,0.18083603590295044
510,-2.9025000000000003,0.18047436383114454
511,-3.006250000000001,0.18011341510348225
512,-2.9612500000000006,0.17975318827327527
513,-2.7125000000000004,0.17939368189672872
514,-0.17124999999999946,0.17903489453293525
515,-2.892500000000001,0.17867682474386937
516,-2.8375000000000004,0.17831947109438162
517,-2.9475000000000016,0.17796283215219286
518,-2.8625000000000007,0.17760690648788846
519,0.05500000000000016,0.17725169267491267
520,-0.4274999999999993,0.17689718928956286
521,-0.7474999999999998,0.17654339491098373
522,-2.878750000000001,0.17619030812116176
523,-2.832500000000001,0.17583792750491944
524,-2.7800000000000002,0.1754862516499096
525,-3.1887500000000006,0.17513527914660978
526,-0.97,0.17478500858831655
527,-2.9212500000000015,0.1744354385711399
528,-2.855,0.17408656769399763
529,-2.8487500000000012,0.17373839455860965
530,-2.8887499999999995,0.17339091776949242
531,-3.0925,0.17304413593395343
532,-3.14875,0.17269804766208552
533,-2.8675000000000006,0.17235265156676136
534,-2.9075000000000006,0.17200794626362784
535,-2.8350000000000004,0.1716639303711006
536,-2.930000000000001,0.17132060251035838
537,-2.7500000000000004,0.17097796130533766
538,-2.76625,0.17063600538272697
539,-2.903750000000001,0.17029473337196152
540,-2.7775000000000007,0.1699541439052176
541,-2.8962500000000007,0.16961423561740716
542,-2.903750000000001,0.16927500714617233
543,-3.0062500000000005,0.16893645713188
544,-3.0175000000000014,0.16859858421761623
545,-2.8237500000000004,0.168261387049181
546,-2.843750000000001,0.16792486427508263
547,-3.2012500000000017,0.16758901454653247
548,-2.7612500000000004,0.1672538365174394
549,-2.897500000000001,0.16691932884440452
550,-2.897500000000001,0.1665854901867157
551,-3.0975,0.16625231920634226
552,-3.010000000000001,0.16591981456792956
553,-3.081250000000001,0.1655879749387937
554,-2.9212500000000006,0.16525679898891613
555,-2.90375,0.1649262853909383
556,-2.8674999999999997,0.1645964328201564
557,-2.7487500000000007,0.1642672399545161
558,-2.9900000000000007,0.16393870547460707
559,-2.8050000000000006,0.16361082806365784
560,-2.96625,0.16328360640753053
561,-2.931250000000001,0.16295703919471546
562,-2.9525,0.16263112511632602
563,-2.8537500000000007,0.16230586286609336
564,-2.9212499999999997,0.16198125114036116
565,-2.978750000000001,0.16165728863808043
566,-3.017500000000001,0.16133397406080427
567,-2.9162500000000007,0.16101130611268266
568,-2.7975,0.1606892835004573
569,-2.7487500000000002,0.1603679049334564
570,-3.081250000000001,0.1600471691235895
571,-2.8787500000000006,0.15972707478534232
572,-2.908750000000001,0.15940762063577163
573,-2.942500000000001,0.1590888053945001
574,-2.905000000000001,0.1587706277837111
575,-3.032500000000001,0.15845308652814366
576,-2.8800000000000012,0.15813618035508736
577,-2.975000000000001,0.1578199079943772
578,-2.980000000000001,0.15750426817838845
579,-0.7524999999999997,0.15718925964203168
580,-2.903750000000001,0.1568748811227476
581,-2.8912500000000008,0.15656113136050212
582,-2.886250000000001,0.1562480090977811
583,-2.8225000000000002,0.15593551307958556
584,-3.0475000000000003,0.15562364205342638
585,-2.8787500000000006,0.15531239476931952
586,-0.9062500000000002,0.15500176997978088
587,-3.02875,0.15469176643982133
588,-2.895,0.15438238290694167
589,-2.8825,0.1540736181411278
590,-2.9312500000000012,0.15376547090484555
591,-2.96875,0.15345793996303586
592,-2.98625,0.1531510240831098
593,-2.911250000000001,0.15284472203494356
594,-2.8125,0.15253903259087367
595,-2.90875,0.15223395452569194
596,-2.7937500000000006,0.15192948661664055
597,-0.992499999999999,0.15162562764340726
598,-2.9974999999999996,0.15132237638812043
599,-2.8175000000000003,0.15101973163534418
600,-2.8675000000000006,0.1507176921720735
601,-2.915000000000001,0.15041625678772935
602,-2.8937500000000003,0.1501154242741539
603,-2.968750000000001,0.1498151934256056
604,-2.6674999999999995,0.14951556303875438
605,-2.8850000000000007,0.14921653191267686
606,-2.7375,0.14891809884885152
607,-2.8125000000000013,0.1486202626511538
608,-2.916250000000001,0.1483230221258515
609,-0.3199999999999996,0.1480263760815998
610,-2.988749999999999,0.14773032332943659
611,-3.1825000000000006,0.14743486268277772
612,-2.99125,0.14713999295741217
613,-2.9712500000000013,0.14684571297149734
614,-3.0650000000000004,0.14655202154555436
615,-2.8062500000000004,0.14625891750246325
616,-2.9462500000000005,0.14596639966745834
617,-2.78,0.1456744668681234
618,-2.8737500000000002,0.14538311793438716
619,-3.1,0.1450923516985184
620,-3.1224999999999996,0.14480216699512136
621,-3.0887499999999997,0.1445125626611311
622,-2.8900000000000006,0.14422353753580885
623,-2.9687500000000004,0.14393509046073724
624,-3.0062499999999996,0.14364722027981577
625,-3.07625,0.14335992583925614
626,-2.8362499999999997,0.1430732059875776
627,-2.7375000000000003,0.14278705957560245
628,-2.7750000000000004,0.14250148545645125
629,-2.8900000000000006,0.14221648248553834
630,-2.9212500000000006,0.14193204952056726
631,-2.8625,0.14164818542152613
632,-3.02625,0.1413648890506831
633,-2.9262500000000005,0.14108215927258172
634,0.028750000000000053,0.14079999495403656
635,-3.025,0.1405183949641285
636,-2.9125,0.14023735817420024
637,-2.9337500000000003,0.13995688345785184
638,-2.8662499999999995,0.13967696969093615
639,-2.8612499999999996,0.1393976157515543
640,-2.905,0.13911882052005117
641,-2.8500000000000005,0.13884058287901108
642,-3.192500000000001,0.13856290171325306
643,-2.9637500000000006,0.13828577590982655
644,-3.0124999999999997,0.1380092043580069
645,-2.955000000000001,0.13773318594929088
646,-2.8362500000000006,0.1374577195773923
647,-2.9412500000000006,0.13718280413823752
648,-3.0687500000000005,0.13690843852996104
649,-3.0812500000000007,0.1366346216529011
650,-3.055,0.1363613524095953
651,-2.877500000000001,0.13608862970477612
652,-2.8925000000000005,0.13581645244536655
653,-2.971250000000001,0.1355448195404758
654,-3.1674999999999995,0.13527372990139486
655,-2.9075,0.13500318244159207
656,-2.7500000000000004,0.13473317607670887
657,-2.830000000000001,0.13446370972455546
658,-2.9525,0.13419478230510634
659,-2.8625000000000007,0.13392639274049614
660,-3.027500000000001,0.13365853995501514
661,-2.843750000000001,0.1333912228751051
662,-2.9112500000000003,0.1331244404293549
663,-3.00875,0.13285819154849618
664,-2.9800000000000013,0.13259247516539918
665,-2.7725000000000004,0.1323272902150684
666,-2.9237500000000005,0.13206263563463827
667,-2.9875000000000003,0.13179851036336898
668,-2.8250000000000006,0.13153491334264225
669,-3.1225,0.13127184351595697
670,-2.9425,0.13100929982892506
671,-2.7375000000000003,0.1307472812292672
672,1.21,0.13048578666680868
673,-3.04,0.13022481509347505
674,-2.8112500000000007,0.1299643654632881
675,-2.972500000000001,0.1297044367323615
676,-2.9587500000000007,0.12944502785889678
677,-2.9949999999999997,0.12918613780317897
678,-2.8187500000000005,0.12892776552757262
679,-2.8625000000000003,0.12866990999651748
680,-2.8887500000000004,0.12841257017652444
681,-2.675,0.1281557450361714
682,-0.6624999999999994,0.12789943354609903
683,-2.980000000000001,0.12764363467900683
684,-2.76,0.12738834740964883
685,-3.017500000000001,0.12713357071482953
686,-2.90625,0.12687930357339988
687,-3.1100000000000003,0.12662554496625308
688,-2.941250000000001,0.12637229387632057
689,-3.0312499999999996,0.12611954928856792
690,-2.9937500000000004,0.12586731018999078
691,-2.951250000000001,0.1256155755696108
692,-2.9374999999999996,0.12536434441847158
693,0.8737500000000001,0.12511361572963464
694,-2.8625000000000003,0.12486338849817537
695,-2.9699999999999998,0.12461366172117902
696,-3.0687499999999996,0.12436443439773666
697,-2.92,0.12411570552894119
698,-3.0075000000000003,0.1238674741178833
699,-3.287500000000002,0.12361973916964754
700,-2.9425000000000012,0.12337249969130824
701,-2.798750000000001,0.12312575469192563
702,-2.8887500000000004,0.12287950318254177
703,-2.953750000000001,0.12263374417617669
704,-3.1975,0.12238847668782434
705,-3.0699999999999994,0.12214369973444869
706,-3.1374999999999993,0.12189941233497979
707,-2.837499999999999,0.12165561351030983
708,-2.9524999999999997,0.12141230228328921
709,-3.013749999999999,0.12116947767872263
710,0.3524999999999998,0.12092713872336519
711,-3.01125,0.12068528444591846
712,-2.946249999999999,0.12044391387702662
713,-3.1237499999999994,0.12020302604927256
714,-3.031249999999999,0.11996261999717402
715,-3.06875,0.11972269475717967
716,-2.7850000000000006,0.11948324936766531
717,-3.089999999999999,0.11924428286892999
718,-2.8425,0.11900579430319214
719,-0.6887499999999995,0.11876778271458575
720,-2.7612500000000004,0.11853024714915658
721,-3.023750000000002,0.11829318665485827
722,-2.982500000000001,0.11805660028154856
723,-2.8362500000000006,0.11782048708098546
724,-2.9237499999999996,0.11758484610682349
725,-2.8550000000000004,0.11734967641460985
726,-0.5549999999999993,0.11711497706178063
727,-3.0550000000000006,0.11688074710765707
728,-3.1175,0.11664698561344175
729,-2.9800000000000004,0.11641369164221486
730,-2.93875,0.11618086425893043
731,-3.035000000000001,0.11594850253041257
732,-2.66875,0.11571660552535175
733,-2.9712500000000013,0.11548517231430104
734,-2.8362499999999997,0.11525420196967244
735,-2.91875,0.1150236935657331
736,-2.8112500000000007,0.11479364617860163
737,-2.8787500000000006,0.11456405888624444
738,-3.22375,0.11433493076847194
739,-2.8250000000000006,0.114106260906935
740,-2.903750000000001,0.11387804838512113
741,-3.0512500000000005,0.11365029228835088
742,-2.9825,0.11342299170377418
743,-2.963750000000001,0.11319614572036663
744,-2.9300000000000006,0.11296975342892589
745,-2.9112500000000003,0.11274381392206803
746,-2.868750000000001,0.1125183262942239
747,-2.8525000000000005,0.11229328964163544
748,-2.87875,0.11206870306235217
749,-3.00875,0.11184456565622747
750,-2.866250000000001,0.11162087652491501
751,-3.2425,0.11139763477186518
752,-2.9975,0.11117483950232145
753,1.24625,0.1109524898233168
754,-2.911250000000001,0.11073058484367017
755,-2.84875,0.11050912367398283
756,-2.6250000000000004,0.11028810542663486
757,-2.83625,0.1100675292157816
758,-2.89625,0.10984739415735004
759,-2.8750000000000004,0.10962769936903534
760,-2.767500000000001,0.10940844397029727
761,-3.2100000000000013,0.10918962708235667
762,-2.8562499999999997,0.10897124782819197
763,-2.8162499999999993,0.10875330533253558
764,-2.792499999999999,0.10853579872187051
765,-2.775,0.10831872712442676
766,-2.893750000000001,0.10810208967017791
767,-3.0025000000000013,0.10788588549083755
768,-2.89625,0.10767011371985588
769,-2.837500000000001,0.10745477349241617
770,-2.84,0.10723986394543134
771,-2.786250000000001,0.10702538421754047
772,-2.9262499999999996,0.10681133344910539
773,-2.84375,0.10659771078220717
774,-2.9475000000000007,0.10638451536064276
775,-2.94,0.10617174632992148
776,-2.931250000000001,0.10595940283726163
777,-2.8912500000000008,0.10574748403158711
778,-2.972500000000001,0.10553598906352393
779,-2.9612500000000006,0.10532491708539689
780,-2.9099999999999993,0.10511426725122609
781,-2.8587500000000006,0.10490403871672364
782,-2.9275000000000007,0.10469423063929019
783,-2.97625,0.10448484217801161
784,-3.051250000000001,0.1042758724936556
785,-2.942500000000001,0.10406732074866828
786,-2.918750000000001,0.10385918610717094
787,-2.8662500000000004,0.1036514677349566
788,-2.848750000000001,0.10344416479948669
789,-2.7562500000000005,0.10323727646988771
790,-2.780000000000001,0.10303080191694794
791,-2.7487500000000002,0.10282474031311405
792,-2.8187500000000005,0.10261909083248782
793,-3.6174999999999997,0.10241385265082285
794,-2.8412500000000005,0.10220902494552121
795,-2.9612500000000015,0.10200460689563016
796,-2.6750000000000003,0.10180059768183891
797,-2.948750000000001,0.10159699648647523
798,-2.9612500000000006,0.10139380249350229
799,-2.8662500000000013,0.10119101488851528
800,-2.868750000000001,0.10098863285873826
801,-3.051250000000001,0.10078665559302077
802,-2.67375,0.10058508228183473
803,-2.890000000000001,0.10038391211727106
804,-2.797499999999999,0.10018314429303651
805,-2.9150000000000005,0.1
806,-2.8362499999999997,0.1
807,-2.8662500000000004,0.1
808,-2.8175000000000003,0.1
809,-2.911250000000001,0.1
810,-2.8425000000000007,0.1
811,-2.725,0.1
812,-2.91,0.1
813,-2.9274999999999998,0.1
814,-2.8749999999999996,0.1
815,-2.8000000000000003,0.1
816,-2.7787500000000005,0.1
817,-2.8437500000000004,0.1
818,-2.9537500000000008,0.1
819,-2.755000000000001,0.1
820,-3.0525000000000007,0.1
821,-2.91125,0.1
822,-2.9000000000000004,0.1
823,-2.7987499999999996,0.1
824,-2.8775000000000004,0.1
825,-2.9212500000000006,0.1
826,-2.9912500000000013,0.1
827,-2.975,0.1
828,-2.97125,0.1
829,0.9900000000000001,0.1
830,-2.9350000000000005,0.1
831,-2.9949999999999997,0.1
832,-3.0499999999999994,0.1
833,-2.6750000000000007,0.1
834,-3.0612500000000002,0.1
835,-3.0137500000000004,0.1
836,-2.87375,0.1
837,-2.6250000000000004,0.1
838,-2.7487500000000002,0.1
839,-3.070000000000001,0.1
840,-2.893750000000001,0.1
841,-2.9187500000000006,0.1
842,-2.911250000000001,0.1
843,-2.9237500000000005,0.1
844,-2.968750000000001,0.1
845,-2.8600000000000008,0.1
846,-2.841250000000001,0.1
847,-2.8125000000000004,0.1
848,-2.8712500000000003,0.1
849,-2.7375000000000003,0.1
850,-2.91125,0.1
851,-2.798750000000001,0.1
852,-2.84625,0.1
853,-2.837500000000001,0.1
854,-3.0212500000000007,0.1
855,-2.7875,0.1
856,-2.8300000000000005,0.1
857,-2.948750000000001,0.1
858,-2.7875000000000005,0.1
859,-2.88375,0.1
860,-2.9225000000000008,0.1
861,-3.2337499999999997,0.1
862,-0.6762499999999994,0.1
863,-3.1125000000000003,0.1
864,-2.9,0.1
865,-2.86,0.1
866,-2.9200000000000004,0.1
867,-2.88125,0.1
868,-2.8924999999999996,0.1
869,-2.9375,0.1
870,-2.8850000000000007,0.1
871,-3.0012500000000006,0.1
872,-2.872500000000001,0.1
873,-0.2274999999999996,0.1
874,-2.856250000000001,0.1
875,-2.8900000000000006,0.1
876,-3.6024999999999996,0.1
877,-0.4024999999999994,0.1
878,-2.9,0.1
879,-2.793750000000001,0.1
880,-3.1175,0.1
881,-2.8737500000000007,0.1
882,-2.9237500000000014,0.1
883,-3.2049999999999996,0.1
884,-3.0025000000000013,0.1
885,-2.843750000000001,0.1
886,-2.998749999999999,0.1
887,-2.806250000000001,0.1
888,-2.8000000000000007,0.1
889,-2.976250000000001,0.1
890,-2.86875,0.1
891,-2.8875000000000006,0.1
892,-2.79125,0.1
893,-2.8937500000000003,0.1
894,-2.8537500000000002,0.1
895,-2.88625,0.1
896,-3.0112500000000004,0.1
897,-2.941250000000001,0.1
898,-2.8987500000000006,0.1
899,-2.7975000000000003,0.1
900,-0.8362499999999999,0.1
901,-3.035000000000002,0.1
902,-2.9112500000000012,0.1
903,-2.7725000000000004,0.1
904,-2.68,0.1
905,-2.7375000000000007,0.1
906,-2.8800000000000012,0.1
907,-3.0212500000000007,0.1
908,0.9412500000000001,0.1
909,-2.7637500000000004,0.1
910,-2.7437500000000004,0.1
911,-2.862500000000001,0.1
912,-2.781250000000001,0.1
913,-2.7612500000000004,0.1
914,-2.6812500000000004,0.1
915,-3.13375,0.1
916,-2.8049999999999997,0.1
917,-2.7362500000000005,0.1
918,-2.873750000000001,0.1
919,-2.9312500000000004,0.1
920,-2.9537500000000008,0.1
921,-2.84375,0.1
922,-3.0625000000000004,0.1
923,0.865,0.1
924,-2.8812499999999996,0.1
925,-2.9149999999999996,0.1
926,-2.843750000000001,0.1
927,-2.9800000000000004,0.1
928,-2.9050000000000002,0.1
929,-2.8187499999999996,0.1
930,-2.8562500000000006,0.1
931,-2.7437500000000012,0.1
932,-2.775000000000001,0.1
933,-2.880000000000001,0.1
934,-2.8112500000000002,0.1
935,-2.881250000000001,0.1
936,-2.88625,0.1
937,-3.11125,0.1
938,-2.7675,0.1
939,-2.7975,0.1
940,-2.9362499999999994,0.1
941,-2.8412500000000005,0.1
942,-3.0475,0.1
943,-2.8875000000000006,0.1
944,-2.953750000000001,0.1
945,-2.881250000000001,0.1
946,-2.867500000000001,0.1
947,0.1575000000000002,0.1
948,-2.8099999999999996,0.1
949,-2.8300000000000005,0.1
950,-2.8937500000000007,0.1
951,-2.7937500000000006,0.1
952,-2.9800000000000004,0.1
953,-2.8837500000000005,0.1
954,1.3900000000000001,0.1
955,-2.7687500000000003,0.1
956,-2.80625,0.1
957,-2.89875,0.1
958,-2.8162500000000006,0.1
959,-2.818750000000001,0.1
960,-2.8437500000000004,0.1
961,-2.9050000000000007,0.1
962,-2.8250000000000006,0.1
963,-0.4024999999999994,0.1
964,-2.7675000000000005,0.1
965,-2.8649999999999998,0.1
966,-2.95,0.1
967,-2.9737500000000003,0.1
968,-3.0200000000000005,0.1
969,-2.8312500000000007,0.1
970,-2.8375000000000004,0.1
971,-2.8650000000000015,0.1
972,-2.9800000000000013,0.1
973,-2.7312500000000006,0.1
974,-0.3362499999999995,0.1
975,-2.960000000000001,0.1
976,-2.8000000000000007,0.1
977,-0.4699999999999993,0.1
978,0.7037499999999999,0.1
979,-2.9087500000000004,0.1
980,-3.005000000000001,0.1
981,-2.8487499999999994,0.1
982,-2.9225,0.1
983,-2.892500000000001,0.1
984,-0.3812499999999994,0.1
985,-3.039999999999999,0.1
986,-2.95,0.1
987,-0.6849999999999998,0.1
988,-2.8600000000000008,0.1
989,-3.3287500000000003,0.1
990,-2.7687500000000007,0.1
991,-2.9487500000000004,0.1
992,-3.2875,0.1
993,-2.8062500000000004,0.1
994,-2.7749999999999995,0.1
995,-2.941250000000001,0.1
996,1.435,0.1
997,-0.26124999999999954,0.1
998,-2.9475,0.1
999,-2.7375,0.1
1000,-2.854999999999999,0.1
1001,-0.4149999999999996,0.1
1002,-2.798750000000001,0.1
1003,-0.5937499999999993,0.1
1004,-2.850000000000001,0.1
1005,-2.956250000000001,0.1
1006,-0.3924999999999996,0.1
1007,-2.6737500000000005,0.1
1008,-0.6312499999999994,0.1
1009,-3.0137499999999995,0.1
1010,-2.8500000000000005,0.1
1011,0.050000000000000044,0.1
1012,-0.4299999999999995,0.1
1013,-2.913750000000001,0.1
1014,-2.948750000000001,0.1
1015,-2.7500000000000004,0.1
1016,-2.915000000000001,0.1
1017,-2.872500000000001,0.1
1018,-0.3049999999999995,0.1
1019,-2.837500000000001,0.1
1020,-2.8562500000000006,0.1
1021,-2.8550000000000004,0.1
1022,-2.775000000000001,0.1
1023,-2.860000000000001,0.1
1024,-3.025,0.1
1025,-0.19874999999999976,0.1
1026,-2.9125000000000005,0.1
1027,-0.29249999999999954,0.1
1028,-2.8062500000000004,0.1
1029,-0.6599999999999999,0.1
1030,-0.009999999999999787,0.1
1031,-0.10999999999999965,0.1
1032,-0.35999999999999943,0.1
1033,-2.8300000000000005,0.1
1034,-0.36499999999999977,0.1
1035,-2.963750000000001,0.1
1036,-2.8125,0.1
1037,-2.7475000000000005,0.1
1038,-0.7049999999999998,0.1
1039,-0.2949999999999995,0.1
1040,-0.35374999999999956,0.1
1041,-0.08499999999999974,0.1
1042,-2.762500000000001,0.1
1043,-2.9237500000000005,0.1
1044,-3.24125,0.1
1045,-2.930000000000001,0.1
1046,-0.7549999999999997,0.1
1047,-0.5399999999999991,0.1
1048,-2.881250000000001,0.1
1049,-3.0224999999999995,0.1
1050,-2.7150000000000003,0.1
1051,-0.08999999999999964,0.1
1052,-0.32624999999999926,0.1
1053,-0.35374999999999956,0.1
1054,-0.39999999999999925,0.1
1055,-0.31124999999999936,0.1
1056,-0.17874999999999974,0.1
1057,-0.18999999999999972,0.1
1058,-0.2587499999999996,0.1
1059,-0.19499999999999962,0.1
1060,-2.8600000000000008,0.1
1061,-0.5399999999999994,0.1
1062,-0.40499999999999936,0.1
1063,-2.9999999999999996,0.1
1064,-0.22624999999999962,0.1
1065,-2.912500000000001,0.1
1066,-3.3499999999999988,0.1
1067,-0.5999999999999994,0.1
1068,-0.5012499999999991,0.1
1069,-0.11624999999999974,0.1
1070,-0.20499999999999963,0.1
1071,-2.96625,0.1
1072,-0.36499999999999955,0.1
1073,-0.8437499999999998,0.1
1074,-0.1912499999999997,0.1
1075,0.7949999999999999,0.1
1076,-0.3299999999999994,0.1
1077,-0.3549999999999993,0.1
1078,-2.97,0.1
1079,-0.3474999999999995,0.1
1080,-3.0100000000000016,0.1
1081,-0.2774999999999994,0.1
1082,-0.5337499999999993,0.1
1083,0.06500000000000017,0.1
1084,-2.8062500000000004,0.1
1085,-2.7487500000000007,0.1
1086,-2.875000000000001,0.1
1087,-0.15249999999999964,0.1
1088,-0.9249999999999996,0.1
1089,-0.4749999999999992,0.1
1090,-2.61625,0.1
1091,-0.3299999999999994,0.1
1092,-0.44249999999999945,0.1
1093,-0.06249999999999978,0.1
1094,-0.42999999999999927,0.1
1095,-0.21499999999999964,0.1
1096,-1.0600000000000007,0.1
1097,-2.817500000000001,0.1
1098,-2.8737500000000007,0.1
1099,-0.3512499999999994,0.1
1100,0.8925000000000001,0.1
1101,-3.21875,0.1
1102,-0.7575000000000001,0.1
1103,-2.930000000000001,0.1
1104,-2.7800000000000007,0.1
1105,-0.5749999999999995,0.1
1106,-0.6449999999999994,0.1
1107,-0.6037499999999996,0.1
1108,1.45375,0.1
1109,-0.2949999999999995,0.1
1110,-0.8775000000000002,0.1
1111,-0.865,0.1
1112,-0.4699999999999991,0.1
1113,-0.7549999999999997,0.1
1114,-0.6849999999999998,0.1
1115,-0.3162499999999995,0.1
1116,-0.3149999999999995,0.1
1117,-0.2587499999999996,0.1
1118,-2.940000000000001,0.1
1119,-0.3787499999999995,0.1
1120,-0.15749999999999953,0.1
1121,-0.34124999999999983,0.1
1122,-2.908750000000001,0.1
1123,-0.36999999999999944,0.1
1124,-0.04249999999999976,0.1
1125,-0.5437499999999993,0.1
1126,-2.8000000000000007,0.1
1127,-2.768750000000001,0.1
1128,-2.8600000000000008,0.1
1129,-0.20249999999999968,0.1
1130,-0.659999999999999,0.1
1131,-3.131249999999999,0.1
1132,-0.1899999999999995,0.1
1133,-0.9762500000000005,0.1
1134,-0.4274999999999993,0.1
1135,-0.49749999999999917,0.1
1136,-3.1074999999999995,0.1
1137,-0.19499999999999962,0.1
1138,-0.17499999999999982,0.1
1139,-0.45249999999999946,0.1
1140,-2.9150000000000005,0.1
1141,-0.42999999999999927,0.1
1142,-2.9050000000000007,0.1
1143,-2.961250000000001,0.1
1144,-0.6362499999999998,0.1
1145,-0.4137499999999994,0.1
1146,-2.961250000000001,0.1
1147,-0.31374999999999953,0.1
1148,-0.5512499999999991,0.1
1149,-0.5637499999999991,0.1
1150,-0.11999999999999966,0.1
1151,-0.34749999999999925,0.1
1152,1.0575,0.1
1153,-3.07,0.1
1154,-2.911250000000001,0.1
1155,0.24124999999999996,0.1
1156,-0.5712499999999994,0.1
1157,-0.7849999999999999,0.1
1158,-2.983750000000001,0.1
1159,0.575,0.1
1160,-0.12249999999999983,0.1
1161,-0.6274999999999997,0.1
1162,-0.13624999999999976,0.1
1163,-0.5799999999999994,0.1
1164,0.28749999999999987,0.1
1165,-0.49374999999999947,0.1
1166,-0.36999999999999944,0.1
1167,-3.0025000000000013,0.1
1168,-0.5399999999999991,0.1
1169,-2.806250000000001,0.1
1170,-0.8187499999999999,0.1
1171,-2.868750000000001,0.1
1172,-0.2374999999999996,0.1
1173,-0.2937499999999993,0.1
1174,-0.41499999999999937,0.1
1175,-0.38999999999999946,0.1
1176,-0.9900000000000004,0.1
1177,-0.4099999999999997,0.1
1178,-0.31749999999999945,0.1
1179,-0.2937499999999995,0.1
1180,-0.10124999999999984,0.1
1181,-2.84875,0.1
1182,-2.8287500000000003,0.1
1183,-0.2899999999999998,0.1
1184,-0.3874999999999993,0.1
1185,-0.32249999999999956,0.1
1186,-0.4037499999999994,0.1
1187,-0.25499999999999967,0.1
1188,-2.9237500000000005,0.1
1189,-0.29124999999999956,0.1
1190,-0.5324999999999993,0.1
1191,-0.3424999999999996,0.1
1192,-2.893750000000001,0.1
1193,-3.030000000000001,0.1
1194,-0.32749999999999946,0.1
1195,-0.6424999999999994,0.1
1196,-0.4237499999999994,0.1
1197,-0.1712499999999999,0.1
1198,-0.3549999999999993,0.1
1199,-2.840000000000001,0.1
1200,-0.29249999999999954,0.1
1201,-0.017499999999999627,0.1
1202,-0.1087499999999999,0.1
1203,-0.5449999999999993,0.1
1204,-2.825000000000001,0.1
1205,-0.3612499999999996,0.1
1206,-2.7100000000000004,0.1
1207,-0.3112499999999998,0.1
1208,-2.775000000000001,0.1
1209,-2.7687500000000007,0.1
1210,0.006250000000000311,0.1
1211,-3.132500000000001,0.1
1212,-2.8237500000000004,0.1
1213,-0.35499999999999976,0.1
1214,0.11999999999999988,0.1
1215,-2.9425000000000012,0.1
1216,-2.8312500000000007,0.1
1217,-2.7687500000000007,0.1
1218,-0.2724999999999995,0.1
1219,-2.9500000000000015,0.1
1220,-3.001250000000001,0.1
1221,-2.7187500000000004,0.1
1222,-2.855000000000001,0.1
1223,-2.9312500000000012,0.1
1224,-0.17749999999999955,0.1
1225,-2.9312500000000012,0.1
1226,-0.20874999999999955,0.1
1227,-0.45249999999999946,0.1
1228,-0.617499999999999,0.1
1229,-0.6137499999999998,0.1
1230,-2.762500000000001,0.1
1231,-0.1812499999999997,0.1
1232,-0.004999999999999893,0.1
1233,-0.6637499999999996,0.1
1234,-0.5474999999999994,0.1
1235,-2.961250000000001,0.1
1236,-2.950000000000001,0.1
1237,-0.28624999999999945,0.1
1238,-0.4137499999999994,0.1
1239,-2.961250000000001,0.1
1240,-3.325000000000001,0.1
1241,-0.4074999999999993,0.1
1242,-0.6024999999999998,0.1
1243,-0.2987499999999996,0.1
1244,-0.08499999999999974,0.1
1245,-0.11999999999999988,0.1
1246,-0.48749999999999916,0.1
1247,-0.41499999999999937,0.1
1248,-0.2837499999999997,0.1
1249,-0.31124999999999936,0.1
1250,-2.893750000000001,0.1
1251,-0.1737499999999994,0.1
1252,-0.04249999999999998,0.1
1253,-3.1624999999999996,0.1
1254,-3.0175,0.1
1255,-0.23249999999999948,0.1
1256,-2.948750000000001,0.1
1257,-0.12249999999999961,0.1
1258,-0.8700000000000003,0.1
1259,-0.10999999999999965,0.1
1260,-2.7475000000000005,0.1
1261,-0.23749999999999938,0.1
1262,-0.054999999999999716,0.1
1263,-0.32374999999999954,0.1
1264,1.1875,0.1
1265,-0.37374999999999914,0.1
1266,-1.1400000000000008,0.1
1267,-0.13999999999999968,0.1
1268,-0.21499999999999964,0.1
1269,-2.9800000000000013,0.1
1270,-0.03624999999999967,0.1
1271,-1.0950000000000004,0.1
1272,-0.18999999999999972,0.1
1273,-0.20249999999999946,0.1
1274,-0.09124999999999961,0.1
1275,-0.6287499999999995,0.1
1276,-0.12124999999999986,0.1
1277,-2.8112500000000007,0.1
1278,-0.7999999999999996,0.1
1279,-0.21999999999999975,0.1
1280,-0.4487499999999993,0.1
1281,-0.10249999999999959,0.1
1282,-2.9725000000000015,0.1
1283,-0.24874999999999958,0.1
1284,-1.0762499999999997,0.1
1285,-0.3974999999999993,0.1
1286,-0.20624999999999982,0.1
1287,0.053750000000000187,0.1
1288,-0.38499999999999934,0.1
1289,-0.4649999999999994,0.1
1290,-2.8675000000000006,0.1
1291,-0.7587499999999998,0.1
1292,-0.5399999999999996,0.1
1293,-2.8862500000000004,0.1
1294,-0.40249999999999964,0.1
1295,-0.30249999999999955,0.1
1296,-0.6624999999999994,0.1
1297,-0.39124999999999943,0.1
1298,0.8150000000000001,0.1
1299,-2.911250000000001,0.1
1300,-0.2699999999999996,0.1
1301,-0.3474999999999997,0.1
1302,-0.6612499999999992,0.1
1303,-0.09124999999999961,0.1
1304,-0.3824999999999994,0.1
1305,-2.861250000000001,0.1
1306,-0.3412499999999994,0.1
1307,-0.13624999999999998,0.1
1308,-2.873750000000001,0.1
1309,-0.24999999999999978,0.1
1310,-0.13999999999999946,0.1
1311,0.03125000000000022,0.1
1312,-0.5262499999999992,0.1
1313,-0.7662499999999997,0.1
1314,-0.3637499999999996,0.1
1315,-2.8600000000000008,0.1
1316,-0.31374999999999953,0.1
1317,-2.767500000000001,0.1
1318,-0.6699999999999997,0.1
1319,-0.1962499999999996,0.1
1320,-0.3149999999999997,0.1
1321,-2.80375,0.1
1322,-0.8350000000000002,0.1
1323,-0.44999999999999907,0.1
1324,-3.032500000000001,0.1
1325,-2.7300000000000004,0.1
1326,-2.8300000000000005,0.1
1327,-0.5712499999999994,0.1
1328,1.4725000000000001,0.1
1329,-2.8750000000000013,0.1
1330,-0.6999999999999995,0.1
1331,-0.4399999999999993,0.1
1332,-2.861250000000001,0.1
1333,-0.1962499999999996,0.1
1334,-0.3012499999999996,0.1
1335,-0.0012499999999999734,0.1
1336,-0.31124999999999936,0.1
1337,-0.17624999999999957,0.1
1338,-2.7500000000000004,0.1
1339,-1.0375000000000008,0.1
1340,-0.17124999999999968,0.1
1341,-0.23249999999999993,0.1
1342,-2.806250000000001,0.1
1343,-0.5062499999999994,0.1
1344,0.030000000000000027,0.1
1345,-0.6649999999999994,0.1
1346,-0.4549999999999994,0.1
1347,-3.0025000000000004,0.1
1348,-2.9725000000000015,0.1
1349,-2.945000000000001,0.1
1350,-0.12749999999999972,0.1
1351,0.09375,0.1
1352,-2.817500000000001,0.1
1353,-0.09374999999999956,0.1
1354,-0.3299999999999994,0.1
1355,0.10000000000000009,0.1
1356,-2.8999999999999995,0.1
1357,-0.2312499999999995,0.1
1358,0.032500000000000195,0.1
1359,-0.22499999999999964,0.1
1360,-0.22499999999999964,0.1
1361,-2.817500000000001,0.1
1362,-0.11499999999999977,0.1
1363,0.10000000000000009,0.1
1364,-0.49249999999999905,0.1
1365,-0.37124999999999964,0.1
1366,-0.043749999999999734,0.1
1367,-0.2699999999999996,0.1
1368,-3.012499999999999,0.1
1369,-0.7249999999999999,0.1
1370,0.06875000000000009,0.1
1371,-0.034999999999999476,0.1
1372,-2.8537500000000002,0.1
1373,0.012500000000000178,0.1
1374,-2.8624999999999994,0.1
1375,-0.3362499999999995,0.1
1376,1.0075,0.1
1377,-0.31749999999999967,0.1
1378,-0.05874999999999986,0.1
1379,-0.20499999999999963,0.1
1380,-0.5949999999999995,0.1
1381,-0.6125,0.1
1382,-3.2687499999999994,0.1
1383,-0.4562499999999996,0.1
1384,-0.1287499999999997,0.1
1385,-0.15374999999999983,0.1
1386,-0.25124999999999975,0.1
1387,-0.03749999999999987,0.1
1388,-0.28999999999999937,0.1
1389,-2.875000000000001,0.1
1390,-0.31249999999999933,0.1
1391,-0.2987499999999996,0.1
1392,-0.8287499999999997,0.1
1393,-0.47749999999999937,0.1
1394,-0.3474999999999995,0.1
1395,-0.06124999999999958,0.1
1396,-0.3662499999999995,0.1
1397,-0.9275000000000004,0.1
1398,-3.0537500000000017,0.1
1399,0.10375000000000023,0.1
1400,-0.3274999999999997,0.1
1401,-0.9550000000000007,0.1
1402,-0.35874999999999946,0.1
1403,-0.006249999999999867,0.1
1404,-0.39124999999999943,0.1
1405,0.7962499999999999,0.1
1406,-0.21374999999999966,0.1
1407,-0.9974999999999998,0.1
1408,-0.3262499999999995,0.1
1409,-0.44374999999999964,0.1
1410,0.06125000000000003,0.1
1411,0.24124999999999996,0.1
1412,-2.8612500000000005,0.1
1413,-0.12874999999999948,0.1
1414,-3.0462500000000015,0.1
1415,-0.07249999999999979,0.1
1416,-0.6599999999999995,0.1
1417,0.03750000000000031,0.1
1418,-0.2999999999999994,0.1
1419,-0.20124999999999948,0.1
1420,-0.37999999999999945,0.1
1421,-2.9787500000000002,0.1
1422,-0.3562499999999995,0.1
1423,0.46499999999999986,0.1
1424,-0.2687499999999996,0.1
1425,0.14000000000000057,0.1
1426,-2.956250000000001,0.1
1427,0.0025000000000001688,0.1
1428,-0.36749999999999905,0.1
1429,-0.16500000000000004,0.1
1430,1.53125,0.1
1431,-2.912500000000001,0.1
1432,-0.2324999999999997,0.1
1433,-0.17874999999999974,0.1
1434,-0.7274999999999994,0.1
1435,-3.097500000000001,0.1
1436,-0.45874999999999977,0.1
1437,-0.00749999999999984,0.1
1438,-0.20374999999999943,0.1
1439,-0.5074999999999992,0.1
1440,-2.873750000000001,0.1
1441,-0.49999999999999933,0.1
1442,-2.9875000000000003,0.1
1443,0.06250000000000022,0.1
1444,-0.23249999999999948,0.1
1445,-0.02499999999999991,0.1
1446,-0.1649999999999996,0.1
1447,0.13624999999999976,0.1
1448,-0.2274999999999996,0.1
1449,-2.961250000000001,0.1
1450,0.1812499999999999,0.1
1451,0.8562500000000001,0.1
1452,-0.26374999999999926,0.1
1453,0.028750000000000053,0.1
1454,-0.42124999999999946,0.1
1455,-0.43249999999999944,0.1
1456,-0.4674999999999996,0.1
1457,-0.07874999999999965,0.1
1458,-0.2274999999999996,0.1
1459,0.06250000000000022,0.1
1460,-3.1662500000000002,0.1
1461,-0.3299999999999996,0.1
1462,-0.6224999999999998,0.1
1463,-0.32249999999999956,0.1
1464,0.06625000000000014,0.1
1465,-0.31624999999999925,0.1
1466,-3.028750000000002,0.1
1467,-0.6849999999999998,0.1
1468,-0.4449999999999992,0.1
1469,-0.6049999999999993,0.1
1470,-0.3612499999999994,0.1
1471,0.09375,0.1
1472,-0.8925000000000003,0.1
1473,-0.3162499999999995,0.1
1474,0.21374999999999988,0.1
1475,0.16000000000000014,0.1
1476,-0.28999999999999937,0.1
1477,0.014999999999999902,0.1
1478,-0.17124999999999968,0.1
1479,-2.930000000000001,0.1
1480,-0.6249999999999998,0.1
1481,-0.4437499999999994,0.1
1482,-2.881250000000001,0.1
1483,-0.6124999999999996,0.1
1484,-0.5012499999999993,0.1
1485,-0.7662500000000001,0.1
1486,0.016249999999999876,0.1
1487,-0.2212499999999995,0.1
1488,-0.2524999999999995,0.1
1489,0.10875000000000012,0.1
1490,0.10499999999999998,0.1
1491,-0.4587499999999993,0.1
1492,-0.7024999999999995,0.1
1493,0.1775,0.1
1494,0.22999999999999998,0.1
1495,-0.5549999999999993,0.1
1496,-0.12124999999999964,0.1
1497,-0.45124999999999926,0.1
1498,-0.7649999999999999,0.1
1499,-0.6849999999999994,0.1
1500,-0.17874999999999974,0.1
1501,-2.867500000000001,0.1
1502,0.013750000000000151,0.1
1503,-0.29249999999999954,0.1
1504,0.05750000000000011,0.1
1505,-0.16124999999999967,0.1
1506,-0.003749999999999698,0.1
1507,-0.3037499999999993,0.1
1508,-0.04875000000000007,0.1
1509,-0.28249999999999975,0.1
1510,0.7999999999999999,0.1
1511,0.05750000000000033,0.1
1512,1.0212500000000002,0.1
1513,0.7437499999999999,0.1
1514,-0.25124999999999953,0.1
1515,-0.2274999999999996,0.1
1516,-0.11624999999999952,0.1
1517,-0.9887500000000002,0.1
1518,0.06250000000000022,0.1
1519,-2.950000000000001,0.1
1520,0.0012500000000001954,0.1
1521,-0.019999999999999796,0.1
1522,-0.09374999999999956,0.1
1523,-0.11499999999999977,0.1
1524,-0.5099999999999993,0.1
1525,0.6487499999999998,0.1
1526,-1.58625,0.1
1527,0.12500000000000022,0.1
1528,-0.8187499999999999,0.1
1529,-0.3349999999999993,0.1
1530,-0.1137499999999998,0.1
1531,0.0050000000000003375,0.1
1532,-0.33249999999999935,0.1
1533,-0.3787499999999995,0.1
1534,-0.21999999999999953,0.1
1535,-0.3562499999999993,0.1
1536,-0.15874999999999972,0.1
1537,0.6937499999999999,0.1
1538,-3.0000000000000013,0.1
1539,-0.1487499999999995,0.1
1540,-2.912500000000001,0.1
1541,0.11500000000000021,0.1
1542,0.1812499999999999,0.1
1543,-0.6775,0.1
1544,0.08624999999999994,0.1
1545,-0.328749999999999,0.1
1546,-0.5962499999999997,0.1
1547,0.28749999999999987,0.1
1548,0.1725000000000001,0.1
1549,-0.5687499999999999,0.1
1550,-0.5612499999999996,0.1
1551,0.2962499999999997,0.1
1552,-0.04499999999999971,0.1
1553,0.20250000000000012,0.1
1554,-0.006249999999999867,0.1
1555,-0.24124999999999952,0.1
1556,0.015000000000000124,0.1
1557,-2.9600000000000013,0.1
1558,-0.19749999999999956,0.1
1559,0.2799999999999998,0.1
1560,-0.3849999999999991,0.1
1561,0.1762499999999998,0.1
1562,-0.054999999999999716,0.1
1563,-2.8675000000000006,0.1
1564,-0.12999999999999967,0.1
1565,0.19124999999999992,0.1
1566,-0.5124999999999993,0.1
1567,-2.798750000000001,0.1
1568,-0.27624999999999944,0.1
1569,0.11750000000000016,0.1
1570,-0.11124999999999985,0.1
1571,0.5949999999999999,0.1
1572,0.36124999999999985,0.1
1573,-3.0625000000000018,0.1
1574,0.23750000000000004,0.1
1575,0.16999999999999993,0.1
1576,-2.867500000000001,0.1
1577,-0.07499999999999951,0.1
1578,-0.3049999999999995,0.1
1579,-0.3474999999999997,0.1
1580,0.17999999999999994,0.1
1581,0.16000000000000014,0.1
1582,0.12874999999999992,0.1
1583,0.15874999999999995,0.1
1584,-0.09874999999999967,0.1
1585,-0.19874999999999976,0.1
1586,0.49999999999999967,0.1
1587,-0.7762499999999994,0.1
1588,-0.5087499999999991,0.1
1589,-2.908750000000001,0.1
1590,-0.7649999999999999,0.1
1591,-0.0024999999999997247,0.1
1592,-0.09499999999999975,0.1
1593,-0.5924999999999991,0.1
1594,-0.11749999999999972,0.1
1595,-0.4649999999999994,0.1
1596,-0.2949999999999995,0.1
1597,0.08874999999999988,0.1
1598,-0.3612499999999994,0.1
1599,-0.42124999999999924,0.1
1600,-0.0662499999999997,0.1
1601,-2.83625,0.1
1602,-3.3875,0.1
1603,0.3062499999999999,0.1
1604,-0.6612499999999997,0.1
1605,0.053750000000000187,0.1
1606,-2.8600000000000017,0.1
1607,-3.1912499999999984,0.1
1608,-0.11499999999999955,0.1
1609,0.14749999999999996,0.1
1610,-0.06499999999999972,0.1
1611,-0.6649999999999994,0.1
1612,-2.892500000000001,0.1
1613,-2.908750000000001,0.1
1614,-0.24374999999999947,0.1
1615,-0.0924999999999998,0.1
1616,-0.10374999999999956,0.1
1617,-0.6049999999999993,0.1
1618,0.3199999999999996,0.1
1619,-2.817500000000001,0.1
1620,-0.44874999999999954,0.1
1621,-0.15624999999999978,0.1
1622,-2.7362500000000005,0.1
1623,-2.900000000000001,0.1
1624,-0.0924999999999998,0.1
1625,0.09250000000000003,0.1
1626,0.97875,0.1
1627,-2.9000000000000004,0.1
1628,0.19625000000000004,0.1
1629,0.20124999999999993,0.1
1630,0.07625000000000015,0.1
1631,-1.0687500000000008,0.1
1632,0.26,0.1
1633,0.43499999999999983,0.1
1634,-0.03624999999999967,0.1
1635,-0.6474999999999993,0.1
1636,0.16500000000000026,0.1
1637,0.2537499999999999,0.1
1638,-2.980000000000001,0.1
1639,-0.39874999999999927,0.1
1640,0.1725000000000001,0.1
1641,0.20999999999999996,0.1
1642,-0.017499999999999627,0.1
1643,-1.0337500000000006,0.1
1644,-2.9237500000000014,0.1
1645,-3.0362500000000003,0.1
1646,-0.35999999999999943,0.1
1647,0.42999999999999994,0.1
1648,0.028750000000000053,0.1
1649,-0.2262499999999994,0.1
1650,-1.0350000000000004,0.1
1651,0.21999999999999997,0.1
1652,-0.004999999999999671,0.1
1653,-0.3474999999999997,0.1
1654,-2.7750000000000004,0.1
1655,0.24499999999999988,0.1
1656,0.22375000000000012,0.1
1657,-2.9187500000000006,0.1
1658,-0.23249999999999926,0.1
1659,0.020000000000000018,0.1
1660,-0.22999999999999954,0.1
1661,-0.20374999999999965,0.1
1662,-2.7362500000000005,0.1
1663,-0.47249999999999925,0.1
1664,-0.38499999999999934,0.1
1665,-2.910000000000001,0.1
1666,1.4900000000000002,0.1
1667,-0.12874999999999948,0.1
1668,-0.2624999999999995,0.1
1669,-0.4274999999999993,0.1
1670,0.27374999999999994,0.1
1671,0.2949999999999997,0.1
1672,-2.7600000000000007,0.1
1673,-0.3800000000000001,0.1
1674,0.14124999999999988,0.1
1675,0.25875000000000004,0.1
1676,-2.8312500000000003,0.1
1677,0.505,0.1
1678,0.21374999999999988,0.1
1679,-0.05374999999999952,0.1
1680,0.07375000000000043,0.1
1681,-0.554999999999999,0.1
1682,-0.20499999999999963,0.1
1683,0.12124999999999986,0.1
1684,0.0900000000000003,0.1
1685,0.17249999999999988,0.1
1686,-0.08624999999999972,0.1
1687,-0.3787499999999995,0.1
1688,-0.3812499999999994,0.1
1689,0.25749999999999984,0.1
1690,-0.08124999999999982,0.1
1691,0.046250000000000124,0.1
1692,-0.9275000000000004,0.1
1693,-0.2849999999999995,0.1
1694,0.06750000000000012,0.1
1695,0.01875000000000049,0.1
1696,0.028750000000000053,0.1
1697,-0.1837499999999994,0.1
1698,-0.0012499999999997513,0.1
1699,-0.2937499999999995,0.1
1700,0.025000000000000355,0.1
1701,-2.806250000000001,0.1
1702,0.24375000000000013,0.1
1703,-0.07499999999999973,0.1
1704,0.32999999999999985,0.1
1705,0.1112500000000003,0.1
1706,0.08875000000000055,0.1
1707,-1.0050000000000001,0.1
1708,-0.30499999999999927,0.1
1709,-0.6124999999999996,0.1
1710,0.22999999999999976,0.1
1711,0.2649999999999999,0.1
1712,0.05625000000000013,0.1
1713,0.09750000000000014,0.1
1714,-0.3962499999999993,0.1
1715,0.10625000000000018,0.1
1716,-0.5137499999999993,0.1
1717,0.08499999999999996,0.1
1718,-0.32499999999999973,0.1
1719,-0.3912499999999992,0.1
1720,-1.0000000000000002,0.1
1721,-1.092500000000001,0.1
1722,0.22625000000000006,0.1
1723,-3.170000000000001,0.1
1724,0.36624999999999974,0.1
1725,0.2899999999999998,0.1
1726,-0.1487499999999995,0.1
1727,-0.3099999999999996,0.1
1728,0.18125000000000013,0.1
1729,0.3287500000000001,0.1
1730,0.39749999999999974,0.1
1731,0.24999999999999978,0.1
1732,-0.21875,0.1
1733,0.3749999999999998,0.1
1734,0.23625000000000007,0.1
1735,-0.10999999999999943,0.1
1736,-0.16999999999999993,0.1
1737,-0.02499999999999969,0.1
1738,0.125,0.1
1739,-2.7725000000000004,0.1
1740,-2.948750000000001,0.1
1741,-3.0062500000000014,0.1
1742,-0.1287499999999997,0.1
1743,-0.5499999999999989,0.1
1744,-2.7375000000000007,0.1
1745,-0.3937499999999996,0.1
1746,0.2124999999999999,0.1
1747,0.011250000000000426,0.1
1748,0.13375000000000048,0.1
1749,-0.006249999999999867,0.1
1750,0.20875,0.1
1751,0.15874999999999995,0.1
1752,0.025000000000000355,0.1
1753,0.21374999999999988,0.1
1754,0.2899999999999998,0.1
1755,-2.848750000000001,0.1
1756,-2.905000000000001,0.1
1757,-0.40874999999999884,0.1
1758,0.13375000000000026,0.1
1759,-0.36499999999999955,0.1
1760,-0.1287499999999997,0.1
1761,-2.868750000000001,0.1
1762,-0.1649999999999996,0.1
1763,0.19499999999999984,0.1
1764,-0.05749999999999966,0.1
1765,-0.22499999999999964,0.1
1766,0.0887500000000001,0.1
1767,-2.867500000000001,0.1
1768,0.3687499999999997,0.1
1769,-0.1524999999999994,0.1
1770,-0.20749999999999957,0.1
1771,0.30499999999999994,0.1
1772,-0.32374999999999954,0.1
1773,-0.09999999999999942,0.1
1774,-0.12249999999999961,0.1
1775,0.007500000000000062,0.1
1776,-0.2474999999999994,0.1
1777,-0.2437499999999997,0.1
1778,0.17500000000000027,0.1
1779,-0.5299999999999994,0.1
1780,0.3437499999999998,0.1
1781,-2.7687500000000007,0.1
1782,-0.017499999999999627,0.1
1783,-0.24875000000000003,0.1
1784,-0.07374999999999954,0.1
1785,-0.1174999999999995,0.1
1786,-0.11124999999999963,0.1
1787,-2.7375000000000007,0.1
1788,0.3112499999999998,0.1
1789,-2.8287500000000008,0.1
1790,0.5325,0.1
1791,-2.9312500000000012,0.1
1792,0.13000000000000012,0.1
1793,0.2350000000000001,0.1
1794,0.5037499999999998,0.1
1795,0.05500000000000016,0.1
1796,-0.30499999999999927,0.1
1797,-2.775000000000001,0.1
1798,0.10875000000000012,0.1
1799,-0.051249999999999796,0.1
1800,0.3175000000000001,0.1
1801,0.2687499999999998,0.1
1802,-0.9050000000000005,0.1
1803,0.22374999999999967,0.1
1804,-0.07999999999999963,0.1
1805,0.042500000000000204,0.1
1806,-0.35999999999999965,0.1
1807,0.11999999999999988,0.1
1808,0.1725000000000001,0.1
1809,-0.06124999999999936,0.1
1810,0.23124999999999996,0.1
1811,0.19124999999999992,0.1
1812,0.6412499999999999,0.1
1813,-0.8800000000000001,0.1
1814,-0.11124999999999963,0.1
1815,0.10375000000000001,0.1
1816,0.7650000000000001,0.1
1817,0.31000000000000005,0.1
1818,0.4475,0.1
1819,0.25125,0.1
1820,0.03500000000000014,0.1
1821,0.27000000000000024,0.1
1822,-0.44499999999999895,0.1
1823,-2.961250000000001,0.1
1824,0.5249999999999998,0.1
1825,-0.7662500000000001,0.1
1826,0.23749999999999982,0.1
1827,0.030000000000000027,0.1
1828,0.06625000000000036,0.1
1829,1.51375,0.1
1830,-2.930000000000001,0.1
1831,-0.31124999999999936,0.1
1832,0.4249999999999996,0.1
1833,-0.2749999999999997,0.1
1834,0.09000000000000008,0.1
1835,1.2775,0.1
1836,0.017500000000000293,0.1
1837,0.2274999999999998,0.1
1838,0.2687499999999998,0.1
1839,0.013750000000000151,0.1
1840,0.22624999999999984,0.1
1841,-0.6712499999999995,0.1
1842,-0.3637499999999996,0.1
1843,0.003750000000000142,0.1
1844,0.09125000000000005,0.1
1845,-0.13999999999999968,0.1
1846,0.3312499999999998,0.1
1847,0.2250000000000001,0.1
1848,0.28749999999999987,0.1
1849,0.1100000000000001,0.1
1850,-0.10249999999999981,0.1
1851,0.36624999999999974,0.1
1852,-0.013749999999999929,0.1
1853,-1.130000000000001,0.1
1854,-3.002500000000001,0.1
1855,-0.0674999999999999,0.1
1856,0.4824999999999997,0.1
1857,0.007500000000000062,0.1
1858,0.29875000000000007,0.1
1859,-0.004999999999999893,0.1
1860,0.1212500000000003,0.1
1861,0.28749999999999987,0.1
1862,0.4262499999999996,0.1
1863,0.08999999999999986,0.1
1864,0.06250000000000044,0.1
1865,-0.037499999999999645,0.1
1866,-0.1962499999999996,0.1
1867,0.5,0.1
1868,0.08625000000000038,0.1
1869,0.3474999999999999,0.1
1870,0.3912499999999999,0.1
1871,0.1200000000000001,0.1
1872,0.6424999999999998,0.1
1873,-2.8350000000000004,0.1
1874,0.48624999999999985,0.1
1875,1.28,0.1
1876,0.5799999999999998,0.1
1877,0.32000000000000006,0.1
1878,-0.3362499999999995,0.1
1879,0.29874999999999985,0.1
1880,0.6662499999999998,0.1
1881,0.57,0.1
1882,-1.1237500000000005,0.1
1883,1.1262500000000002,0.1
1884,-0.07749999999999924,0.1
1885,0.18500000000000005,0.1
1886,0.3774999999999997,0.1
1887,0.6125,0.1
1888,0.05250000000000021,0.1
1889,-2.96875,0.1
1890,0.39249999999999985,0.1
1891,-0.8787499999999995,0.1
1892,1.1500000000000001,0.1
1893,0.21875000000000022,0.1
1894,-0.3049999999999995,0.1
1895,0.3749999999999998,0.1
1896,0.14625000000000044,0.1
1897,0.6099999999999999,0.1
1898,0.38249999999999984,0.1
1899,-0.3937499999999996,0.1
1900,-0.17374999999999985,0.1
1901,-0.5599999999999994,0.1
1902,0.02375000000000016,0.1
1903,-0.42124999999999924,0.1
1904,0.3799999999999999,0.1
1905,0.4874999999999997,0.1
1906,0.3537499999999998,0.1
1907,0.4724999999999998,0.1
1908,0.17000000000000015,0.1
1909,0.08125000000000004,0.1
1910,0.1875,0.1
1911,0.6487499999999998,0.1
1912,-0.526249999999999,0.1
1913,0.3087500000000001,0.1
1914,0.3049999999999997,0.1
1915,0.022500000000000187,0.1
1916,0.5599999999999997,0.1
1917,0.5449999999999997,0.1
1918,0.4687499999999998,0.1
1919,0.21750000000000025,0.1
1920,-0.02874999999999961,0.1
1921,-0.3037499999999995,0.1
1922,0.4874999999999998,0.1
1923,1.15375,0.1
1924,-0.9550000000000003,0.1
1925,-0.4799999999999993,0.1
1926,0.36624999999999996,0.1
1927,0.3837499999999998,0.1
1928,0.6037499999999998,0.1
1929,-2.8712500000000007,0.1
1930,-2.825000000000001,0.1
1931,0.5312499999999998,0.1
1932,2.220446049250313e-16,0.1
1933,0.23750000000000004,0.1
1934,0.5112499999999999,0.1
1935,0.003750000000000142,0.1
1936,1.0750000000000002,0.1
1937,0.3737499999999998,0.1
1938,0.575,0.1
1939,-0.01124999999999976,0.1
1940,0.61625,0.1
1941,-0.43374999999999897,0.1
1942,-0.2349999999999992,0.1
1943,0.5799999999999998,0.1
1944,-0.3212499999999996,0.1
1945,0.4162499999999998,0.1
1946,0.4375,0.1
1947,-0.4337499999999994,0.1
1948,-0.7012499999999993,0.1
1949,-2.931250000000001,0.1
1950,0.4349999999999996,0.1
1951,0.8187500000000002,0.1
1952,0.20124999999999993,0.1
1953,-1.0350000000000008,0.1
1954,0.3587500000000001,0.1
1955,0.3787499999999999,0.1
1956,0.5824999999999998,0.1
1957,-1.1062500000000004,0.1
1958,0.86875,0.1
1959,0.1775,0.1
1960,-0.5312499999999991,0.1
1961,0.07125000000000026,0.1
1962,0.66625,0.1
1963,0.7825,0.1
1964,0.5312499999999998,0.1
1965,0.10749999999999993,0.1
1966,0.39249999999999985,0.1
1967,0.70875,0.1
1968,0.6662499999999998,0.1
1969,0.7724999999999999,0.1
1970,0.65875,0.1
1971,0.4949999999999998,0.1
1972,0.21374999999999988,0.1
1973,0.36499999999999977,0.1
1974,0.5437499999999997,0.1
1975,0.3949999999999998,0.1
1976,0.3849999999999998,0.1
1977,-0.9775000000000003,0.1
1978,0.4512499999999997,0.1
1979,0.6325,0.1
1980,0.35375,0.1
1981,0.39124999999999965,0.1
1982,-0.09874999999999967,0.1
1983,0.5099999999999997,0.1
1984,0.19000000000000017,0.1
1985,-0.011249999999999982,0.1
1986,0.5212499999999998,0.1
1987,0.1475000000000002,0.1
1988,0.5074999999999997,0.1
1989,0.3587499999999999,0.1
1990,0.16500000000000004,0.1
1991,0.68875,0.1
1992,0.69,0.1
1993,-0.25999999999999934,0.1
1994,0.6737499999999998,0.1
1995,0.6549999999999999,0.1
1996,-0.15999999999999948,0.1
1997,0.49624999999999964,0.1
1998,0.72625,0.1
1999,0.5099999999999997,0.1
2000,0.5449999999999997,0.1
2001,0.7875,0.1
2002,-2.95375,0.1
2003,0.63875,0.1
2004,0.6362499999999999,0.1
2005,0.19374999999999987,0.1
2006,0.585,0.1
2007,0.12250000000000005,0.1
2008,0.5874999999999998,0.1
2009,-0.3499999999999994,0.1
2010,0.18375000000000008,0.1
2011,0.3699999999999999,0.1
2012,0.5687499999999998,0.1
2013,0.5549999999999999,0.1
2014,-0.09624999999999972,0.1
2015,0.5262499999999999,0.1
2016,-0.1387499999999997,0.1
2017,-2.6800000000000006,0.1
2018,0.15875000000000017,0.1
2019,-0.2949999999999995,0.1
2020,0.93,0.1
2021,0.27,0.1
2022,-0.6862499999999996,0.1
2023,-0.2624999999999995,0.1
2024,0.050000000000000266,0.1
2025,0.6487499999999999,0.1
2026,0.10624999999999996,0.1
2027,0.27000000000000024,0.1
2028,-0.28249999999999953,0.1
2029,0.6049999999999999,0.1
2030,0.5212499999999998,0.1
2031,0.42874999999999974,0.1
2032,0.14500000000000024,0.1
2033,0.39124999999999965,0.1
2034,0.015000000000000124,0.1
2035,-2.855000000000001,0.1
2036,-2.723750000000001,0.1
2037,-0.3937499999999994,0.1
2038,0.7274999999999999,0.1
2039,-0.1799999999999995,0.1
2040,0.17500000000000004,0.1
2041,-0.20874999999999955,0.1
2042,0.5624999999999999,0.1
2043,0.5324999999999998,0.1
2044,1.01,0.1
2045,0.4637499999999999,0.1
2046,0.7587499999999999,0.1
2047,0.23624999999999985,0.1
2048,0.10250000000000004,0.1
2049,0.4299999999999997,0.1
2050,0.1050000000000002,0.1
2051,0.17249999999999988,0.1
2052,0.6412499999999999,0.1
2053,1.22625,0.1
2054,0.7775,0.1
2055,-0.4274999999999989,0.1
2056,-0.5449999999999995,0.1
2057,0.89,0.1
2058,-0.12874999999999948,0.1
2059,0.12500000000000022,0.1
2060,0.27374999999999994,0.1
2061,0.23999999999999977,0.1
2062,0.6649999999999999,0.1
2063,0.6549999999999999,0.1
2064,0.14875000000000016,0.1
2065,-0.2312499999999995,0.1
2066,0.4937499999999998,0.1
2067,-0.4649999999999994,0.1
2068,-0.6837499999999996,0.1
2069,0.12750000000000017,0.1
2070,1.11,0.1
2071,-0.06999999999999984,0.1
2072,0.5562499999999998,0.1
2073,0.2587499999999998,0.1
2074,0.31374999999999975,0.1
2075,0.6124999999999998,0.1
2076,0.6162500000000001,0.1
2077,0.46999999999999964,0.1
2078,0.5287499999999997,0.1
2079,0.3049999999999997,0.1
2080,0.6349999999999998,0.1
2081,-2.737500000000001,0.1
2082,0.13250000000000006,0.1
2083,-0.030000000000000027,0.1
2084,0.24499999999999988,0.1
2085,0.5549999999999998,0.1
2086,0.6649999999999999,0.1
2087,0.6487499999999998,0.1
2088,0.9775,0.1
2089,0.4049999999999998,0.1
2090,0.2537499999999999,0.1
2091,1.02625,0.1
2092,0.20124999999999993,0.1
2093,-0.2887499999999996,0.1
2094,-0.1912499999999997,0.1
2095,0.48499999999999965,0.1
2096,0.012500000000000178,0.1
2097,0.26875000000000004,0.1
2098,-0.6749999999999992,0.1
2099,0.4637499999999998,0.1
2100,1.2525,0.1
2101,0.74,0.1
2102,0.7687499999999999,0.1
2103,0.8962500000000001,0.1
2104,-0.7649999999999999,0.1
2105,0.19999999999999973,0.1
2106,-0.7299999999999998,0.1
2107,0.5937500000000001,0.1
2108,0.2974999999999999,0.1
2109,0.565,0.1
2110,0.7199999999999999,0.1
2111,-0.8124999999999993,0.1
2112,0.2749999999999999,0.1
2113,0.345,0.1
2114,0.17874999999999996,0.1
2115,0.42500000000000004,0.1
2116,-0.07999999999999963,0.1
2117,0.36124999999999985,0.1
2118,-2.9800000000000013,0.1
2119,0.41999999999999993,0.1
2120,0.5325,0.1
2121,1.1675,0.1
2122,0.36624999999999974,0.1
2123,0.5912499999999998,0.1
2124,0.90375,0.1
2125,1.045,0.1
2126,0.6162499999999999,0.1
2127,0.5974999999999999,0.1
2128,0.26374999999999993,0.1
2129,0.76,0.1
2130,0.4462499999999998,0.1
2131,0.5187499999999997,0.1
2132,0.5487499999999997,0.1
2133,0.6149999999999999,0.1
2134,-0.5662499999999995,0.1
2135,0.29499999999999993,0.1
2136,-0.14499999999999957,0.1
2137,0.14875000000000038,0.1
2138,0.13750000000000018,0.1
2139,-0.2562499999999994,0.1
2140,0.23249999999999993,0.1
2141,0.5249999999999997,0.1
2142,0.4924999999999998,0.1
2143,-0.006249999999999867,0.1
2144,0.40249999999999964,0.1
2145,-0.5374999999999992,0.1
2146,0.2550000000000001,0.1
2147,0.94625,0.1
2148,0.6174999999999998,0.1
2149,-0.20499999999999985,0.1
2150,0.5237499999999998,0.1
2151,-0.9275000000000004,0.1
2152,-2.7999999999999994,0.1
2153,0.82,0.1
2154,0.7412499999999999,0.1
2155,-2.967500000000001,0.1
2156,0.09000000000000008,0.1
2157,-0.02499999999999969,0.1
2158,0.5824999999999999,0.1
2159,-2.9800000000000013,0.1
2160,0.79625,0.1
2161,0.04375000000000018,0.1
2162,0.07000000000000028,0.1
2163,0.78875,0.1
2164,-0.2787499999999994,0.1
2165,-0.5949999999999991,0.1
2166,0.3387499999999999,0.1
2167,-2.8050000000000006,0.1
2168,-0.4024999999999994,0.1
2169,0.83625,0.1
2170,-0.2749999999999997,0.1
2171,0.4937499999999998,0.1
2172,0.6412499999999998,0.1
2173,0.6487499999999999,0.1
2174,0.5624999999999999,0.1
2175,0.9425,0.1
2176,0.6287499999999998,0.1
2177,0.23249999999999993,0.1
2178,-0.34999999999999964,0.1
2179,0.24124999999999974,0.1
2180,0.4712499999999997,0.1
2181,0.21499999999999986,0.1
2182,0.08499999999999996,0.1
2183,0.5424999999999996,0.1
2184,-0.4874999999999994,0.1
2185,-0.5312499999999993,0.1
2186,0.6812499999999999,0.1
2187,0.4887499999999998,0.1
2188,1.20625,0.1
2189,-0.5074999999999992,0.1
2190,0.9100000000000001,0.1
2191,0.7399999999999999,0.1
2192,0.14375000000000004,0.1
2193,0.9775,0.1
2194,0.14749999999999996,0.1
2195,0.27374999999999994,0.1
2196,0.20999999999999996,0.1
2197,0.031250000000000444,0.1
2198,1.0137500000000002,0.1
2199,0.385,0.1
2200,-0.5524999999999991,0.1
2201,0.87875,0.1
2202,0.013750000000000151,0.1
2203,0.12749999999999995,0.1
2204,-0.13499999999999956,0.1
2205,0.2899999999999998,0.1
2206,0.6962499999999999,0.1
2207,-2.7562500000000005,0.1
2208,0.36624999999999996,0.1
2209,0.13375000000000004,0.1
2210,-2.8362500000000006,0.1
2211,0.5312499999999998,0.1
2212,-1.0087500000000007,0.1
2213,1.0050000000000001,0.1
2214,1.28,0.1
2215,0.053749999999999964,0.1
2216,1.23625,0.1
2217,-2.9162500000000007,0.1
2218,0.635,0.1
2219,0.17500000000000004,0.1
2220,-2.68,0.1
2221,0.93,0.1
2222,0.84,0.1
2223,0.6149999999999998,0.1
2224,0.5474999999999999,0.1
2225,-0.12249999999999917,0.1
2226,0.135,0.1
2227,0.4399999999999997,0.1
2228,-1.0500000000000005,0.1
2229,-2.961250000000001,0.1
2230,-2.7675000000000005,0.1
2231,0.9475,0.1
2232,0.5449999999999997,0.1
2233,0.26124999999999976,0.1
2234,-2.881250000000001,0.1
2235,0.18250000000000055,0.1
2236,1.06125,0.1
2237,0.6212499999999999,0.1
2238,0.3762500000000002,0.1
2239,0.32374999999999976,0.1
2240,0.36124999999999985,0.1
2241,0.6237499999999998,0.1
2242,-3.0150000000000006,0.1
2243,0.06875000000000009,0.1
2244,0.6649999999999999,0.1
2245,0.93125,0.1
2246,0.87,0.1
2247,-3.298750000000001,0.1
2248,0.03125,0.1
2249,-0.07249999999999956,0.1
2250,-0.0974999999999997,0.1
2251,0.22999999999999976,0.1
2252,-2.8000000000000007,0.1
2253,0.7687499999999999,0.1
2254,0.4462499999999998,0.1
2255,1.0925,0.1
2256,0.22249999999999992,0.1
2257,-0.15749999999999953,0.1
2258,0.10375000000000001,0.1
2259,1.0012500000000002,0.1
2260,0.9537500000000001,0.1
2261,0.5112499999999998,0.1
2262,0.7099999999999999,0.1
2263,1.17375,0.1
2264,0.12375000000000003,0.1
2265,0.5849999999999997,0.1
2266,0.38749999999999973,0.1
2267,0.715,0.1
2268,0.17499999999999982,0.1
2269,0.92,0.1
2270,0.1100000000000001,0.1
2271,-0.6912499999999999,0.1
2272,0.26374999999999993,0.1
2273,0.87375,0.1
2274,-2.8937500000000007,0.1
2275,0.78875,0.1
2276,-0.04249999999999954,0.1
2277,0.7074999999999999,0.1
2278,-1.0662500000000008,0.1
2279,0.78375,0.1
2280,0.5674999999999999,0.1
2281,0.31999999999999984,0.1
2282,-2.9799999999999995,0.1
2283,0.0012500000000006395,0.1
2284,-0.5112499999999995,0.1
2285,0.3462499999999997,0.1
2286,0.1050000000000002,0.1
2287,-3.1675000000000018,0.1
2288,0.4524999999999999,0.1
2289,0.7087499999999999,0.1
2290,-0.07999999999999963,0.1
2291,-2.918750000000001,0.1
2292,0.5212499999999999,0.1
2293,0.9,0.1
2294,0.6049999999999998,0.1
2295,0.28874999999999984,0.1
2296,0.5999999999999998,0.1
2297,0.18000000000000016,0.1
2298,0.5612499999999998,0.1
2299,0.6349999999999999,0.1
2300,0.46499999999999986,0.1
2301,0.17500000000000004,0.1
2302,0.4949999999999998,0.1
2303,0.72,0.1
2304,0.6912499999999998,0.1
2305,0.815,0.1
2306,-0.8212499999999998,0.1
2307,1.4900000000000002,0.1
2308,0.705,0.1
2309,1.0437500000000002,0.1
2310,1.13625,0.1
2311,0.3287499999999999,0.1
2312,-0.054999999999999494,0.1
2313,0.7587499999999999,0.1
2314,-2.7562500000000005,0.1
2315,0.8212499999999999,0.1
2316,0.7899999999999999,0.1
2317,0.40124999999999966,0.1
2318,0.4562499999999996,0.1
2319,0.755,0.1
2320,0.34124999999999983,0.1
2321,0.4137499999999996,0.1
2322,0.7349999999999999,0.1
2323,1.0462500000000001,0.1
2324,0.04500000000000037,0.1
2325,-0.3487499999999992,0.1
2326,0.5262499999999997,0.1
2327,0.5049999999999998,0.1
2328,-0.18249999999999944,0.1
2329,0.72625,0.1
2330,-0.21874999999999956,0.1
2331,1.4175000000000002,0.1
2332,0.8325,0.1
2333,0.5499999999999997,0.1
2334,1.5174999999999998,0.1
2335,0.016250000000000098,0.1
2336,-0.5012499999999993,0.1
2337,-2.892500000000001,0.1
2338,0.6599999999999999,0.1
2339,-0.03249999999999997,0.1
2340,-0.05999999999999983,0.1
2341,0.27,0.1
2342,-0.5924999999999996,0.1
2343,0.5749999999999998,0.1
2344,-2.911250000000001,0.1
2345,-0.14124999999999965,0.1
2346,0.64,0.1
2347,0.39124999999999965,0.1
2348,-0.3862499999999991,0.1
2349,-0.31374999999999975,0.1
2350,0.33999999999999964,0.1
2351,0.78375,0.1
2352,0.7725,0.1
2353,1.1262500000000002,0.1
2354,0.6162499999999999,0.1
2355,0.2925000000000002,0.1
2356,0.6849999999999999,0.1
2357,0.7287499999999999,0.1
2358,0.6774999999999999,0.1
2359,-0.02874999999999961,0.1
2360,0.4212499999999997,0.1
2361,0.8612500000000001,0.1
2362,0.82375,0.1
2363,0.8625,0.1
2364,0.3274999999999999,0.1
2365,0.87625,0.1
2366,0.93,0.1
2367,1.3225,0.1
2368,1.1062500000000002,0.1
2369,0.7837500000000001,0.1
2370,0.4125000000000001,0.1
2371,0.31000000000000005,0.1
2372,0.81375,0.1
2373,0.29875000000000007,0.1
2374,0.3325,0.1
2375,0.41624999999999956,0.1
2376,0.6699999999999999,0.1
2377,1.02625,0.1
2378,0.2649999999999999,0.1
2379,0.6612499999999998,0.1
2380,0.6537499999999999,0.1
2381,0.8012499999999999,0.1
2382,0.125,0.1
2383,0.13000000000000034,0.1
2384,1.3125,0.1
2385,0.3125,0.1
2386,1.2625000000000002,0.1
2387,1.2025000000000001,0.1
2388,0.94125,0.1
2389,0.6724999999999999,0.1
2390,0.6612499999999998,0.1
2391,0.3562500000000002,0.1
2392,0.4249999999999998,0.1
2393,-0.1899999999999995,0.1
2394,0.8049999999999999,0.1
2395,0.4949999999999999,0.1
2396,0.36624999999999974,0.1
2397,0.27249999999999996,0.1
2398,1.0425,0.1
2399,0.5287499999999997,0.1
2400,0.30999999999999983,0.1
2401,0.5149999999999998,0.1
2402,0.69,0.1
2403,0.9712500000000002,0.1
2404,0.5237499999999997,0.1
2405,0.7999999999999999,0.1
2406,0.98875,0.1
2407,0.8825,0.1
2408,1.0275,0.1
2409,0.25749999999999984,0.1
2410,-0.10374999999999956,0.1
2411,0.16375000000000028,0.1
2412,0.4524999999999997,0.1
2413,0.2400000000000002,0.1
2414,0.7387499999999999,0.1
2415,0.9700000000000001,0.1
2416,0.91,0.1
2417,-0.12124999999999964,0.1
2418,0.7899999999999999,0.1
2419,-0.5899999999999992,0.1
2420,0.6849999999999998,0.1
2421,0.18000000000000016,0.1
2422,0.3837499999999998,0.1
2423,0.6725000000000001,0.1
2424,0.14500000000000024,0.1
2425,0.4249999999999998,0.1
2426,0.91,0.1
2427,0.9450000000000001,0.1
2428,0.83875,0.1
2429,1.0550000000000002,0.1
2430,0.6962499999999999,0.1
2431,0.4262499999999998,0.1
2432,0.9187500000000001,0.1
2433,0.6162499999999999,0.1
2434,1.03875,0.1
2435,0.5662499999999998,0.1
2436,0.7037499999999999,0.1
2437,0.86875,0.1
2438,0.9087500000000001,0.1
2439,0.5624999999999999,0.1
2440,0.3124999999999998,0.1
2441,0.9212500000000001,0.1
2442,0.32499999999999996,0.1
2443,0.5649999999999997,0.1
2444,0.49,0.1
2445,1.09625,0.1
2446,0.9475,0.1
2447,0.4462499999999999,0.1
2448,0.7999999999999999,0.1
2449,0.91,0.1
2450,0.8975000000000002,0.1
2451,0.835,0.1
2452,1.24125,0.1
2453,0.07250000000000023,0.1
2454,0.9612500000000002,0.1
2455,0.8825000000000001,0.1
2456,-0.10374999999999979,0.1
2457,0.5499999999999997,0.1
2458,0.78125,0.1
2459,1.4400000000000002,0.1
2460,0.9400000000000001,0.1
2461,0.79875,0.1
2462,1.17375,0.1
2463,0.8212499999999999,0.1
2464,1.47625,0.1
2465,0.2849999999999999,0.1
2466,0.765,0.1
2467,0.80625,0.1
2468,-0.5049999999999992,0.1
2469,1.1625,0.1
2470,1.07875,0.1
2471,0.7875,0.1
2472,1.3262500000000002,0.1
2473,0.10499999999999998,0.1
2474,-0.3299999999999994,0.1
2475,0.6912499999999998,0.1
2476,0.24625000000000008,0.1
2477,0.19874999999999998,0.1
2478,1.39625,0.1
2479,1.05875,0.1
2480,0.9700000000000001,0.1
2481,1.1,0.1
2482,0.47374999999999967,0.1
2483,0.9950000000000001,0.1
2484,0.905,0.1
2485,1.1725,0.1
2486,0.6012499999999998,0.1
2487,1.21625,0.1
2488,0.3274999999999997,0.1
2489,0.38250000000000006,0.1
2490,0.6575,0.1
2491,0.8775000000000001,0.1
2492,1.0525000000000002,0.1
2493,0.9550000000000001,0.1
2494,0.25249999999999995,0.1
2495,0.77,0.1
2496,0.8099999999999999,0.1
2497,0.3174999999999999,0.1
2498,0.835,0.1
2499,0.4412499999999999,0.1
2500,0.1525000000000003,0.1
2501,0.6612500000000001,0.1
2502,0.38749999999999973,0.1
2503,0.6725,0.1
2504,0.7825,0.1
2505,1.2025000000000001,0.1
2506,0.6024999999999998,0.1
2507,0.10499999999999998,0.1
2508,-2.8912500000000008,0.1
2509,1.2550000000000001,0.1
2510,1.0025000000000002,0.1
2511,0.5099999999999999,0.1
2512,1.26625,0.1
2513,0.7637499999999999,0.1
2514,-0.22249999999999948,0.1
2515,0.7587499999999999,0.1
2516,1.0575,0.1
2517,0.5249999999999997,0.1
2518,-2.7937500000000006,0.1
2519,0.8200000000000001,0.1
2520,0.6962499999999999,0.1
2521,0.85375,0.1
2522,0.8425,0.1
2523,-0.16624999999999956,0.1
2524,1.2112500000000002,0.1
2525,0.7625,0.1
2526,0.7374999999999999,0.1
2527,0.24624999999999986,0.1
2528,0.9537500000000001,0.1
2529,1.26625,0.1
2530,1.09,0.1
2531,-0.11749999999999972,0.1
2532,0.9837500000000001,0.1
2533,0.84125,0.1
2534,0.5837499999999998,0.1
2535,0.010000000000000009,0.1
2536,0.4374999999999998,0.1
2537,0.9500000000000001,0.1
2538,0.9837500000000001,0.1
2539,-0.0024999999999999467,0.1
2540,1.30875,0.1
2541,0.9525000000000001,0.1
2542,0.25749999999999984,0.1
2543,0.7087499999999999,0.1
2544,0.5349999999999997,0.1
2545,0.6424999999999998,0.1
2546,0.72625,0.1
2547,-0.1449999999999998,0.1
2548,0.4324999999999999,0.1
2549,1.07,0.1
2550,1.085,0.1
2551,0.86,0.1
2552,0.6887499999999999,0.1
2553,0.3587499999999997,0.1
2554,0.5149999999999997,0.1
2555,0.12874999999999992,0.1
2556,0.70875,0.1
2557,0.7962499999999999,0.1
2558,1.295,0.1
2559,0.84125,0.1
2560,-0.9400000000000002,0.1
2561,0.84,0.1
2562,0.6362499999999999,0.1
2563,0.5849999999999997,0.1
2564,0.9850000000000001,0.1
2565,0.765,0.1
2566,0.84125,0.1
2567,0.28,0.1
2568,1.0987500000000001,0.1
2569,1.45375,0.1
2570,0.19999999999999996,0.1
2571,0.9837500000000001,0.1
2572,0.8300000000000001,0.1
2573,0.125,0.1
2574,0.5312499999999998,0.1
2575,0.6474999999999999,0.1
2576,1.045,0.1
2577,1.39125,0.1
2578,0.8962500000000001,0.1
2579,0.9125000000000001,0.1
2580,0.4399999999999997,0.1
2581,1.24625,0.1
2582,0.6187499999999998,0.1
2583,0.5212499999999998,0.1
2584,0.8925000000000001,0.1
2585,0.9712500000000001,0.1
2586,1.27,0.1
2587,-0.21374999999999966,0.1
2588,1.0450000000000002,0.1
2589,0.86125,0.1
2590,1.3625,0.1
2591,0.47499999999999976,0.1
2592,1.16375,0.1
2593,1.235,0.1
2594,0.86875,0.1
2595,0.6549999999999998,0.1
2596,0.915,0.1
2597,1.385,0.1
2598,1.11,0.1
2599,0.8975000000000001,0.1
2600,0.6399999999999999,0.1
2601,0.95625,0.1
2602,0.85875,0.1
2603,0.84125,0.1
2604,0.7099999999999999,0.1
2605,0.81375,0.1
2606,0.88625,0.1
2607,0.86125,0.1
2608,0.8049999999999999,0.1
2609,1.31125,0.1
2610,1.1612500000000001,0.1
2611,0.6399999999999998,0.1
2612,0.5087499999999997,0.1
2613,1.04125,0.1
2614,1.02125,0.1
2615,0.87125,0.1
2616,0.6049999999999998,0.1
2617,0.5924999999999998,0.1
2618,-0.043749999999999734,0.1
2619,0.6499999999999999,0.1
2620,0.05500000000000016,0.1
2621,0.7399999999999999,0.1
2622,1.3575,0.1
2623,0.91125,0.1
2624,0.85625,0.1
2625,0.6599999999999998,0.1
2626,0.9087500000000001,0.1
2627,1.0562500000000001,0.1
2628,1.21375,0.1
2629,0.86125,0.1
2630,0.9800000000000001,0.1
2631,0.885,0.1
2632,0.08000000000000007,0.1
2633,0.9825000000000002,0.1
2634,0.86,0.1
2635,1.2937500000000002,0.1
2636,1.1075,0.1
2637,0.915,0.1
2638,0.9650000000000001,0.1
2639,0.5812499999999997,0.1
2640,0.9712500000000002,0.1
2641,0.6049999999999999,0.1
2642,0.8012499999999999,0.1
2643,0.90375,0.1
2644,1.115,0.1
2645,0.875,0.1
2646,-0.8550000000000002,0.1
2647,1.0925,0.1
2648,0.83,0.1
2649,1.29,0.1
2650,1.0437500000000002,0.1
2651,0.5487499999999998,0.1
2652,0.6487499999999998,0.1
2653,0.9737500000000001,0.1
2654,0.85875,0.1
2655,1.1075,0.1
2656,0.9637500000000001,0.1
2657,1.1575,0.1
2658,0.6412499999999998,0.1
2659,1.18125,0.1
2660,0.8225,0.1
2661,0.20999999999999996,0.1
2662,0.96125,0.1
2663,0.7899999999999999,0.1
2664,0.83875,0.1
2665,-0.00374999999999992,0.1
2666,0.86,0.1
2667,1.29,0.1
2668,0.5099999999999997,0.1
2669,0.5549999999999997,0.1
2670,0.5974999999999998,0.1
2671,0.5549999999999997,0.1
2672,1.105,0.1
2673,0.8612500000000001,0.1
2674,0.94125,0.1
2675,0.3849999999999998,0.1
2676,1.43875,0.1
2677,0.0025000000000001688,0.1
2678,0.6699999999999999,0.1
2679,0.8075000000000001,0.1
2680,1.1500000000000001,0.1
2681,1.0250000000000001,0.1
2682,1.02,0.1
2683,0.9275000000000001,0.1
2684,1.105,0.1
2685,0.82375,0.1
2686,0.8312499999999999,0.1
2687,0.7349999999999999,0.1
2688,1.0350000000000001,0.1
2689,1.0,0.1
2690,0.9825000000000002,0.1
2691,0.9425,0.1
2692,0.84875,0.1
2693,1.2550000000000001,0.1
2694,1.1262500000000002,0.1
2695,1.07875,0.1
2696,1.135,0.1
2697,1.1800000000000002,0.1
2698,0.5787499999999998,0.1
2699,0.9537500000000001,0.1
2700,-2.8362500000000006,0.1
2701,0.6249999999999998,0.1
2702,0.2387499999999998,0.1
2703,0.7699999999999999,0.1
2704,0.46874999999999967,0.1
2705,0.87875,0.1
2706,1.0562500000000001,0.1
2707,1.2637500000000002,0.1
2708,1.3025,0.1
2709,0.8049999999999999,0.1
2710,1.2550000000000001,0.1
2711,0.5574999999999998,0.1
2712,0.9775,0.1
2713,1.0375,0.1
2714,0.6912499999999999,0.1
2715,0.9850000000000001,0.1
2716,0.6962499999999998,0.1
2717,0.9837500000000001,0.1
2718,1.0237500000000002,0.1
2719,-3.2300000000000004,0.1
2720,0.7875,0.1
2721,1.30125,0.1
2722,0.7625,0.1
2723,0.84375,0.1
2724,0.82375,0.1
2725,0.94125,0.1
2726,0.7699999999999999,0.1
2727,1.1,0.1
2728,0.9687500000000001,0.1
2729,-0.2624999999999995,0.1
2730,0.14375000000000004,0.1
2731,0.9850000000000001,0.1
2732,1.1575,0.1
2733,0.5474999999999998,0.1
2734,0.5712499999999997,0.1
2735,1.40375,0.1
2736,1.1150000000000002,0.1
2737,0.7449999999999999,0.1
2738,0.6974999999999999,0.1
2739,0.9325000000000001,0.1
2740,0.8912500000000001,0.1
2741,1.1375000000000002,0.1
2742,0.1087499999999999,0.1
2743,0.8675,0.1
2744,1.20375,0.1
2745,0.38624999999999976,0.1
2746,0.3749999999999998,0.1
2747,1.09125,0.1
2748,0.5062499999999998,0.1
2749,1.0575,0.1
2750,0.6837499999999999,0.1
2751,-2.7875000000000005,0.1
2752,0.4874999999999998,0.1
2753,0.5449999999999999,0.1
2754,1.01625,0.1
2755,1.02625,0.1
2756,1.01875,0.1
2757,0.7749999999999999,0.1
2758,1.3725,0.1
2759,0.46499999999999964,0.1
2760,0.87375,0.1
2761,0.7124999999999999,0.1
2762,0.7224999999999999,0.1
2763,1.1687500000000002,0.1
2764,0.935,0.1
2765,0.5662499999999998,0.1
2766,0.9450000000000001,0.1
2767,1.1075,0.1
2768,1.315,0.1
2769,1.18625,0.1
2770,-0.28749999999999964,0.1
2771,1.13875,0.1
2772,0.91125,0.1
2773,1.1612500000000001,0.1
2774,-2.7625,0.1
2775,0.78,0.1
2776,0.21999999999999997,0.1
2777,0.77625,0.1
2778,1.0950000000000002,0.1
2779,1.2175,0.1
2780,1.1475,0.1
2781,1.1425,0.1
2782,0.70125,0.1
2783,1.2750000000000001,0.1
2784,-2.7000000000000006,0.1
2785,0.5762499999999997,0.1
2786,0.6362499999999999,0.1
2787,0.905,0.1
2788,1.3775,0.1
2789,1.0625,0.1
2790,0.88375,0.1
2791,0.78,0.1
2792,0.91,0.1
2793,0.99,0.1
2794,0.7625000000000001,0.1
2795,0.90125,0.1
2796,0.7137499999999999,0.1
2797,0.25,0.1
2798,0.8062499999999999,0.1
2799,0.4324999999999999,0.1
2800,1.1775,0.1
2801,0.90625,0.1
2802,0.82625,0.1
2803,0.7825,0.1
2804,1.09125,0.1
2805,1.22625,0.1
2806,1.27,0.1
2807,1.4625000000000001,0.1
2808,0.5837499999999998,0.1
2809,0.9850000000000001,0.1
2810,0.7675,0.1
2811,-2.9237500000000014,0.1
2812,1.28,0.1
2813,1.0075,0.1
2814,0.8775000000000001,0.1
2815,0.7749999999999999,0.1
2816,0.91625,0.1
2817,1.2850000000000001,0.1
2818,0.4937499999999997,0.1
2819,1.14375,0.1
2820,1.02625,0.1
2821,1.115,0.1
2822,0.9500000000000001,0.1
2823,0.8475,0.1
2824,1.43875,0.1
2825,1.4200000000000002,0.1
2826,1.2625000000000002,0.1
2827,0.83875,0.1
2828,0.82375,0.1
2829,0.86875,0.1
2830,0.2899999999999998,0.1
2831,0.815,0.1
2832,1.22125,0.1
2833,0.8212499999999999,0.1
2834,0.6787499999999999,0.1
2835,0.93,0.1
2836,0.91625,0.1
2837,1.36375,0.1
2838,1.08,0.1
2839,0.9837500000000001,0.1
2840,-0.48249999999999926,0.1
2841,0.9862500000000001,0.1
2842,1.0012500000000002,0.1
2843,1.1487500000000002,0.1
2844,1.08,0.1
2845,0.795,0.1
2846,0.19124999999999992,0.1
2847,1.22125,0.1
2848,0.7749999999999999,0.1
2849,0.7199999999999999,0.1
2850,0.7349999999999999,0.1
2851,-0.13999999999999968,0.1
2852,1.1712500000000001,0.1
2853,0.3587499999999997,0.1
2854,1.2025000000000001,0.1
2855,0.31125,0.1
2856,1.26375,0.1
2857,0.78875,0.1
2858,1.28,0.1
2859,1.0,0.1
2860,1.11625,0.1
2861,0.96625,0.1
2862,1.35375,0.1
2863,0.6774999999999999,0.1
2864,1.3137500000000002,0.1
2865,0.5299999999999997,0.1
2866,0.43249999999999966,0.1
2867,0.6325,0.1
2868,1.0212500000000002,0.1
2869,0.5262499999999999,0.1
2870,0.885,0.1
2871,0.9112500000000001,0.1
2872,0.032500000000000195,0.1
2873,0.9637500000000001,0.1
2874,0.9612500000000002,0.1
2875,0.825,0.1
2876,1.2075,0.1
2877,1.07625,0.1
2878,0.795,0.1
2879,-2.886250000000001,0.1
2880,0.1412500000000001,0.1
2881,0.6699999999999999,0.1
2882,0.9500000000000001,0.1
2883,0.98875,0.1
2884,-0.25124999999999953,0.1
2885,1.0350000000000001,0.1
2886,0.94125,0.1
2887,1.0350000000000001,0.1
2888,0.9400000000000001,0.1
2889,0.8975000000000001,0.1
2890,1.03125,0.1
2891,1.0825,0.1
2892,0.8562500000000001,0.1
2893,0.7825,0.1
2894,0.9137500000000001,0.1
2895,1.0075,0.1
2896,1.13125,0.1
2897,1.36,0.1
2898,0.6537499999999998,0.1
2899,1.09375,0.1
2900,1.135,0.1
2901,0.11749999999999994,0.1
2902,1.03875,0.1
2903,0.71875,0.1
2904,1.27625,0.1
2905,1.2625000000000002,0.1
2906,0.46874999999999967,0.1
2907,0.7699999999999999,0.1
2908,1.3362500000000002,0.1
2909,0.9137500000000001,0.1
2910,0.8125,0.1
2911,0.6049999999999998,0.1
2912,-1.0650000000000002,0.1
2913,0.4949999999999998,0.1
2914,1.105,0.1
2915,0.96625,0.1
2916,1.02125,0.1
2917,0.44999999999999973,0.1
2918,0.9825000000000002,0.1
2919,0.16749999999999998,0.1
2920,1.02125,0.1
2921,0.4249999999999996,0.1
2922,0.9650000000000001,0.1
2923,1.1300000000000001,0.1
2924,1.16625,0.1
2925,1.28875,0.1
2926,0.6837499999999999,0.1
2927,1.0762500000000002,0.1
2928,0.825,0.1
2929,1.0025,0.1
2930,0.4199999999999997,0.1
2931,0.6949999999999998,0.1
2932,0.5549999999999997,0.1
2933,1.0275,0.1
2934,0.9125000000000001,0.1
2935,0.59,0.1
2936,1.33,0.1
2937,0.6699999999999999,0.1
2938,1.425,0.1
2939,1.38625,0.1
2940,-0.6524999999999992,0.1
2941,1.09,0.1
2942,1.28,0.1
2943,0.9525000000000001,0.1
2944,0.40249999999999964,0.1
2945,1.235,0.1
2946,1.14625,0.1
2947,1.10125,0.1
2948,0.8962500000000001,0.1
2949,0.87,0.1
2950,0.91,0.1
2951,0.85125,0.1
2952,0.78375,0.1
2953,1.06875,0.1
2954,0.9850000000000001,0.1
2955,0.8425,0.1
2956,0.98,0.1
2957,1.0612500000000002,0.1
2958,1.0975000000000001,0.1
2959,0.8775000000000001,0.1
2960,0.5624999999999998,0.1
2961,1.1612500000000001,0.1
2962,1.0325000000000002,0.1
2963,1.0625,0.1
2964,0.82375,0.1
2965,1.11125,0.1
2966,0.7149999999999999,0.1
2967,0.6199999999999999,0.1
2968,1.08125,0.1
2969,0.9287500000000001,0.1
2970,0.96125,0.1
2971,1.18125,0.1
2972,0.14625,0.1
2973,1.1375000000000002,0.1
2974,1.225,0.1
2975,1.02,0.1
2976,0.9900000000000001,0.1
2977,0.4399999999999997,0.1
2978,0.6112499999999997,0.1
2979,1.555,0.1
2980,0.96625,0.1
2981,0.8250000000000001,0.1
2982,1.08875,0.1
2983,1.1975,0.1
2984,1.00875,0.1
2985,0.4524999999999997,0.1
2986,1.4800000000000002,0.1
2987,0.795,0.1
2988,1.13625,0.1
2989,1.0037500000000001,0.1
2990,1.0987500000000001,0.1
2991,1.0137500000000002,0.1
2992,1.0437500000000002,0.1
2993,1.27,0.1
2994,0.87875,0.1
2995,1.4200000000000002,0.1
2996,1.41375,0.1
2997,0.49499999999999966,0.1
2998,0.2649999999999999,0.1
2999,0.83625,0.1
3000,0.05625000000000013,0.1
3001,1.0750000000000002,0.1
3002,1.27625,0.1
3003,1.295,0.1
3004,1.05,0.1
3005,1.1425,0.1
3006,0.44374999999999987,0.1
3007,1.44,0.1
3008,0.46999999999999964,0.1
3009,0.93,0.1
3010,0.9712500000000001,0.1
3011,1.31125,0.1
3012,1.20375,0.1
3013,1.15625,0.1
3014,1.1662500000000002,0.1
3015,0.6462499999999999,0.1
3016,1.03,0.1
3017,0.9512500000000002,0.1
3018,1.3075,0.1
3019,1.4725000000000001,0.1
3020,1.1300000000000001,0.1
3021,0.99,0.1
3022,1.105,0.1
3023,0.9500000000000001,0.1
3024,1.24625,0.1
3025,1.05,0.1
3026,-0.76875,0.1
3027,1.06125,0.1
3028,1.0775000000000001,0.1
3029,0.8425,0.1
3030,0.04875000000000007,0.1
3031,0.5849999999999997,0.1
3032,0.6299999999999998,0.1
3033,0.79625,0.1
3034,0.1812499999999999,0.1
3035,0.30999999999999983,0.1
3036,1.3262500000000002,0.1
3037,1.0012500000000002,0.1
3038,0.80125,0.1
3039,1.5450000000000002,0.1
3040,1.2725,0.1
3041,0.7325,0.1
3042,1.3225,0.1
3043,0.9837500000000001,0.1
3044,0.5849999999999997,0.1
3045,0.60375,0.1
3046,1.18375,0.1
3047,1.27125,0.1
3048,-3.3300000000000014,0.1
3049,0.4262499999999996,0.1
3050,-2.7487500000000007,0.1
3051,0.33999999999999986,0.1
3052,1.46875,0.1
3053,0.9875,0.1
3054,0.6749999999999998,0.1
3055,1.0962500000000002,0.1
3056,1.1800000000000002,0.1
3057,1.0150000000000001,0.1
3058,0.49624999999999964,0.1
3059,1.09375,0.1
3060,1.3525,0.1
3061,0.6224999999999999,0.1
3062,0.17874999999999974,0.1
3063,1.2,0.1
3064,1.2575,0.1
3065,1.0150000000000001,0.1
3066,1.03875,0.1
3067,1.10125,0.1
3068,1.2012500000000002,0.1
3069,-0.6587499999999993,0.1
3070,1.2625000000000002,0.1
3071,1.44375,0.1
3072,0.9087500000000001,0.1
3073,1.0750000000000002,0.1
3074,1.2950000000000002,0.1
3075,0.9850000000000001,0.1
3076,0.5262499999999997,0.1
3077,0.915,0.1
3078,1.19,0.1
3079,0.84875,0.1
3080,0.6174999999999999,0.1
3081,1.26625,0.1
3082,1.30875,0.1
3083,0.5762499999999998,0.1
3084,0.9725000000000001,0.1
3085,1.115,0.1
3086,-0.5637499999999991,0.1
3087,0.3124999999999998,0.1
3088,1.1712500000000001,0.1
3089,1.20375,0.1
3090,1.3625,0.1
3091,1.02,0.1
3092,1.42625,0.1
3093,0.9475,0.1
3094,0.9225000000000001,0.1
3095,1.0025000000000002,0.1
3096,0.5662499999999998,0.1
3097,1.33125,0.1
3098,0.5924999999999998,0.1
3099,0.845,0.1
3100,1.0987500000000001,0.1
3101,0.8875,0.1
3102,1.25625,0.1
3103,1.0562500000000001,0.1
3104,0.84375,0.1
3105,1.22625,0.1
3106,1.085,0.1
3107,1.2175,0.1
3108,-0.12124999999999986,0.1
3109,1.0137500000000002,0.1
3110,1.045,0.1
3111,-0.41999999999999926,0.1
3112,1.045,0.1
3113,1.16625,0.1
3114,1.0025,0.1
3115,1.0987500000000001,0.1
3116,0.94125,0.1
3117,0.35624999999999973,0.1
3118,1.21375,0.1
3119,1.0,0.1
3120,1.145,0.1
3121,0.9687500000000001,0.1
3122,1.1400000000000001,0.1
3123,1.09,0.1
3124,1.1287500000000001,0.1
3125,1.1075000000000002,0.1
3126,1.09,0.1
3127,1.00625,0.1
3128,0.8925000000000001,0.1
3129,1.07875,0.1
3130,0.91125,0.1
3131,0.8225,0.1
3132,0.6887499999999999,0.1
3133,1.04,0.1
3134,0.86125,0.1
3135,0.78875,0.1
3136,0.6049999999999998,0.1
3137,0.94625,0.1
3138,0.7949999999999999,0.1
3139,1.135,0.1
3140,0.9137500000000001,0.1
3141,1.04,0.1
3142,0.935,0.1
3143,1.2,0.1
3144,1.2425000000000002,0.1
3145,0.9525000000000001,0.1
3146,1.1725,0.1
3147,1.0962500000000002,0.1
3148,1.17375,0.1
3149,1.0862500000000002,0.1
3150,0.80375,0.1
3151,0.74625,0.1
3152,1.2312500000000002,0.1
3153,0.08000000000000007,0.1
3154,1.3125,0.1
3155,1.1600000000000001,0.1
3156,0.8562500000000001,0.1
3157,0.9775000000000001,0.1
3158,0.9650000000000001,0.1
3159,1.0625,0.1
3160,0.8337500000000001,0.1
3161,1.2537500000000001,0.1
3162,1.0750000000000002,0.1
3163,1.45,0.1
3164,1.09625,0.1
3165,0.6899999999999998,0.1
3166,1.28125,0.1
3167,0.9137500000000001,0.1
3168,0.95625,0.1
3169,0.6812499999999998,0.1
3170,1.53625,0.1
3171,1.3025,0.1
3172,1.20375,0.1
3173,1.02625,0.1
3174,0.6749999999999998,0.1
3175,1.18625,0.1
3176,0.885,0.1
3177,0.5762499999999997,0.1
3178,0.8225000000000001,0.1
3179,1.0975000000000001,0.1
3180,0.935,0.1
3181,1.1325,0.1
3182,-0.35249999999999937,0.1
3183,0.30999999999999983,0.1
3184,1.1487500000000002,0.1
3185,1.25875,0.1
3186,1.32,0.1
3187,0.7274999999999999,0.1
3188,1.155,0.1
3189,1.3,0.1
3190,0.6174999999999998,0.1
3191,1.0375,0.1
3192,1.0875000000000001,0.1
3193,1.0325000000000002,0.1
3194,0.99,0.1
3195,1.07625,0.1
3196,0.9975,0.1
3197,1.08125,0.1
3198,1.41375,0.1
3199,0.9275000000000001,0.1
3200,1.555,0.1
3201,1.0437500000000002,0.1
3202,0.88,0.1
3203,1.5687499999999999,0.1
3204,1.33875,0.1
3205,1.11125,0.1
3206,1.1525,0.1
3207,1.31375,0.1
3208,1.1125,0.1
3209,0.6912499999999999,0.1
3210,0.6349999999999999,0.1
3211,1.1487500000000002,0.1
3212,1.0075,0.1
3213,1.11125,0.1
3214,1.1525,0.1
3215,1.2475,0.1
3216,1.1875,0.1
3217,1.0137500000000002,0.1
3218,1.12,0.1
3219,0.5012499999999996,0.1
3220,1.07625,0.1
3221,1.21625,0.1
3222,1.29125,0.1
3223,0.7249999999999999,0.1
3224,0.87875,0.1
3225,1.2625000000000002,0.1
3226,1.2237500000000001,0.1
3227,1.25875,0.1
3228,0.86125,0.1
3229,0.9287500000000001,0.1
3230,1.1125,0.1
3231,1.11,0.1
3232,1.29,0.1
3233,1.2275,0.1
3234,0.87,0.1
3235,1.09375,0.1
3236,0.78125,0.1
3237,1.365,0.1
3238,1.27,0.1
3239,1.45875,0.1
3240,0.5299999999999999,0.1
3241,1.4900000000000002,0.1
3242,0.92125,0.1
3243,1.27,0.1
3244,0.79875,0.1
3245,-0.09499999999999975,0.1
3246,0.82,0.1
3247,-0.17999999999999972,0.1
3248,0.7149999999999999,0.1
3249,0.6049999999999998,0.1
3250,0.9900000000000001,0.1
3251,1.1300000000000001,0.1
3252,0.8075,0.1
3253,0.9850000000000001,0.1
3254,0.8900000000000001,0.1
3255,0.885,0.1
3256,1.29,0.1
3257,1.2400000000000002,0.1
3258,1.0250000000000001,0.1
3259,1.07625,0.1
3260,1.23125,0.1
3261,1.27625,0.1
3262,0.98875,0.1
3263,1.0250000000000001,0.1
3264,1.0437500000000002,0.1
3265,1.27125,0.1
3266,0.92,0.1
3267,1.0475,0.1
3268,1.05125,0.1
3269,0.9500000000000001,0.1
3270,1.1062500000000002,0.1
3271,0.8225,0.1
3272,0.8612500000000001,0.1
3273,0.9475,0.1
3274,0.6774999999999999,0.1
3275,1.2025000000000001,0.1
3276,0.6249999999999998,0.1
3277,1.1,0.1
3278,1.0550000000000002,0.1
3279,1.24,0.1
3280,1.1,0.1
3281,0.91125,0.1
3282,1.08125,0.1
3283,0.805,0.1
3284,0.5487499999999997,0.1
3285,1.24,0.1
3286,1.19,0.1
3287,0.8425,0.1
3288,1.0975000000000001,0.1
3289,1.26,0.1
3290,1.0,0.1
3291,0.9700000000000001,0.1
3292,1.375,0.1
3293,1.1,0.1
3294,0.9775,0.1
3295,1.3325,0.1
3296,1.1925000000000001,0.1
3297,0.9112500000000001,0.1
3298,-0.5787499999999992,0.1
3299,0.9512500000000002,0.1
3300,0.5924999999999998,0.1
3301,1.02625,0.1
3302,1.1675,0.1
3303,1.5037500000000001,0.1
3304,-2.830000000000001,0.1
3305,1.0250000000000001,0.1
3306,1.09375,0.1
3307,0.84,0.1
3308,1.15375,0.1
3309,1.3275000000000001,0.1
3310,1.07625,0.1
3311,1.2725,0.1
3312,1.095,0.1
3313,1.135,0.1
3314,1.105,0.1
3315,1.1625,0.1
3316,1.24625,0.1
3317,1.4000000000000001,0.1
3318,1.0250000000000001,0.1
3319,0.5862499999999997,0.1
3320,1.22125,0.1
3321,0.825,0.1
3322,1.0237500000000002,0.1
3323,1.3262500000000002,0.1
3324,1.16625,0.1
3325,1.15375,0.1
3326,1.38625,0.1
3327,0.7124999999999999,0.1
3328,1.345,0.1
3329,1.3687500000000001,0.1
3330,1.06,0.1
3331,1.3362500000000002,0.1
3332,1.15,0.1
3333,1.0775000000000001,0.1
3334,0.7437499999999999,0.1
3335,1.0,0.1
3336,0.14625,0.1
3337,0.19124999999999992,0.1
3338,0.9675,0.1
3339,0.7387499999999999,0.1
3340,1.31375,0.1
3341,0.9712500000000001,0.1
3342,1.2175,0.1
3343,1.02125,0.1
3344,1.2425000000000002,0.1
3345,1.08,0.1
3346,1.09375,0.1
3347,1.22625,0.1
3348,1.08875,0.1
3349,1.14125,0.1
3350,1.22125,0.1
3351,1.21,0.1
3352,1.2237500000000001,0.1
3353,1.05,0.1
3354,1.13875,0.1
3355,0.7699999999999999,0.1
3356,1.18125,0.1
3357,-1.0325000000000006,0.1
3358,0.9950000000000001,0.1
3359,1.345,0.1
3360,1.385,0.1
3361,1.11,0.1
3362,0.7687499999999999,0.1
3363,0.875,0.1
3364,1.0250000000000001,0.1
3365,1.0025,0.1
3366,1.445,0.1
3367,0.78625,0.1
3368,0.9712500000000001,0.1
3369,1.19,0.1
3370,1.0875000000000001,0.1
3371,0.73125,0.1
3372,1.45375,0.1
3373,1.0075,0.1
3374,1.2225000000000001,0.1
3375,1.0550000000000002,0.1
3376,1.0825,0.1
3377,0.825,0.1
3378,1.4725000000000001,0.1
3379,0.99,0.1
3380,0.6712499999999999,0.1
3381,0.9325000000000001,0.1
3382,1.24,0.1
3383,1.095,0.1
3384,1.1300000000000001,0.1
3385,0.78625,0.1
3386,1.045,0.1
3387,0.87,0.1
3388,0.9712500000000001,0.1
3389,0.9450000000000001,0.1
3390,1.24,0.1
3391,0.8562500000000001,0.1
3392,1.13625,0.1
3393,1.03875,0.1
3394,1.2925,0.1
3395,1.1175000000000002,0.1
3396,1.2,0.1
3397,1.26375,0.1
3398,1.21,0.1
3399,1.2225000000000001,0.1
3400,1.12625,0.1
3401,0.89875,0.1
3402,1.0450000000000002,0.1
3403,1.32125,0.1
3404,0.9775,0.1
3405,1.2675,0.1
3406,0.925,0.1
3407,1.23,0.1
3408,1.33125,0.1
3409,0.935,0.1
3410,0.6599999999999998,0.1
3411,0.98875,0.1
3412,1.1475,0.1
3413,0.8775000000000001,0.1
3414,1.0425,0.1
3415,1.33875,0.1
3416,1.105,0.1
3417,0.9587500000000001,0.1
3418,1.0625,0.1
3419,1.1187500000000001,0.1
3420,0.5674999999999998,0.1
3421,0.94125,0.1
3422,0.8225,0.1
3423,1.1700000000000002,0.1
3424,1.31,0.1
3425,0.8562500000000001,0.1
3426,1.33375,0.1
3427,1.01625,0.1
3428,0.9900000000000001,0.1
3429,1.07125,0.1
3430,1.27875,0.1
3431,0.91,0.1
3432,1.39125,0.1
3433,0.7274999999999999,0.1
3434,1.20875,0.1
3435,0.84125,0.1
3436,0.9850000000000001,0.1
3437,0.7675,0.1
3438,0.7749999999999999,0.1
3439,1.0462500000000001,0.1
3440,1.145,0.1
3441,1.26,0.1
3442,1.19,0.1
3443,1.125,0.1
3444,1.2775,0.1
3445,0.62125,0.1
3446,0.9950000000000001,0.1
3447,1.5037500000000001,0.1
3448,1.00625,0.1
3449,1.245,0.1
3450,0.83875,0.1
3451,1.2575,0.1
3452,0.9975,0.1
3453,1.105,0.1
3454,1.1675,0.1
3455,1.19,0.1
3456,1.01,0.1
3457,0.9262500000000001,0.1
3458,1.2225000000000001,0.1
3459,0.905,0.1
3460,0.815,0.1
3461,0.89,0.1
3462,0.6962499999999998,0.1
3463,1.07875,0.1
3464,1.01,0.1
3465,1.1187500000000001,0.1
3466,1.2550000000000001,0.1
3467,1.0675000000000001,0.1
3468,1.4775,0.1
3469,1.1300000000000001,0.1
3470,1.35,0.1
3471,1.02625,0.1
3472,1.07625,0.1
3473,1.06125,0.1
3474,1.11125,0.1
3475,0.94125,0.1
3476,0.9687500000000001,0.1
3477,1.2112500000000002,0.1
3478,1.07,0.1
3479,1.2275,0.1
3480,-2.806250000000001,0.1
3481,0.8225,0.1
3482,0.9837500000000001,0.1
3483,1.35,0.1
3484,0.8962500000000001,0.1
3485,1.2025000000000001,0.1
3486,1.1300000000000001,0.1
3487,1.1,0.1
3488,0.74625,0.1
3489,1.13125,0.1
3490,1.4325,0.1
3491,0.895,0.1
3492,1.23875,0.1
3493,1.2437500000000001,0.1
3494,1.5362500000000001,0.1
3495,1.31875,0.1
3496,0.93125,0.1
3497,1.15125,0.1
3498,1.02625,0.1
3499,1.25875,0.1
3500,1.4075,0.1
3501,1.0625,0.1
3502,1.13625,0.1
3503,1.29125,0.1
3504,1.36375,0.1
3505,1.405,0.1
3506,0.8800000000000001,0.1
3507,0.68875,0.1
3508,1.13125,0.1
3509,0.8625,0.1
3510,1.225,0.1
3511,1.00625,0.1
3512,0.9650000000000001,0.1
3513,1.2825000000000002,0.1
3514,0.6537499999999998,0.1
3515,1.3675000000000002,0.1
3516,1.22875,0.1
3517,1.0525,0.1
3518,0.9637500000000001,0.1
3519,1.4187500000000002,0.1
3520,1.1725,0.1
3521,1.3225,0.1
3522,1.08125,0.1
3523,1.0925,0.1
3524,1.11,0.1
3525,1.165,0.1
3526,1.2975,0.1
3527,1.19875,0.1
3528,1.0762500000000002,0.1
3529,1.13625,0.1
3530,0.8862500000000001,0.1
3531,1.205,0.1
3532,1.3900000000000001,0.1
3533,0.7162499999999998,0.1
3534,0.87875,0.1
3535,0.6649999999999998,0.1
3536,1.1725,0.1
3537,1.07875,0.1
3538,0.91125,0.1
3539,0.98875,0.1
3540,0.9687500000000001,0.1
3541,0.81875,0.1
3542,1.1725,0.1
3543,1.0437500000000002,0.1
3544,1.17375,0.1
3545,1.045,0.1
3546,1.30125,0.1
3547,1.04125,0.1
3548,-1.4799999999999993,0.1
3549,0.6412499999999998,0.1
3550,1.3462500000000002,0.1
3551,1.14625,0.1
3552,1.07625,0.1
3553,0.9925,0.1
3554,1.07375,0.1
3555,1.08125,0.1
3556,1.38625,0.1
3557,1.1675,0.1
3558,1.23625,0.1
3559,0.87875,0.1
3560,1.27625,0.1
3561,1.2175,0.1
3562,0.6749999999999999,0.1
3563,1.0437500000000002,0.1
3564,1.03375,0.1
3565,1.235,0.1
3566,0.86125,0.1
3567,0.7187499999999999,0.1
3568,1.0437500000000002,0.1
3569,0.9150000000000001,0.1
3570,1.08875,0.1
3571,1.18375,0.1
3572,1.03875,0.1
3573,1.18625,0.1
3574,0.88,0.1
3575,0.6299999999999999,0.1
3576,1.2725,0.1
3577,-0.25124999999999953,0.1
3578,1.02,0.1
3579,1.04,0.1
3580,1.1725,0.1
3581,1.11375,0.1
3582,1.26125,0.1
3583,1.13625,0.1
3584,1.13125,0.1
3585,0.9637500000000001,0.1
3586,0.9400000000000001,0.1
3587,1.11125,0.1
3588,0.87875,0.1
3589,0.7675,0.1
3590,1.29875,0.1
3591,1.0137500000000002,0.1
3592,1.29125,0.1
3593,0.6749999999999998,0.1
3594,1.05125,0.1
3595,1.00625,0.1
3596,-2.8287500000000008,0.1
3597,1.1,0.1
3598,1.22625,0.1
3599,0.9837500000000001,0.1
3600,1.2962500000000001,0.1
3601,1.2650000000000001,0.1
3602,1.4225,0.1
3603,0.99,0.1
3604,1.29875,0.1
3605,0.9800000000000001,0.1
3606,0.7875000000000001,0.1
3607,1.1500000000000001,0.1
3608,1.17875,0.1
3609,0.6999999999999998,0.1
3610,0.9237500000000001,0.1
3611,0.7575,0.1
3612,0.8775000000000001,0.1
3613,1.0237500000000002,0.1
3614,0.88,0.1
3615,0.8175000000000001,0.1
3616,1.24125,0.1
3617,0.9850000000000001,0.1
3618,1.41375,0.1
3619,0.8312500000000002,0.1
3620,0.85375,0.1
3621,1.4125,0.1
3622,1.155,0.1
3623,0.21999999999999997,0.1
3624,1.3687500000000001,0.1
3625,1.0425,0.1
3626,1.28125,0.1
3627,0.9675,0.1
3628,0.8762500000000001,0.1
3629,1.5075,0.1
3630,-0.6362499999999993,0.1
3631,1.3575000000000002,0.1
3632,0.8625,0.1
3633,0.905,0.1
3634,1.0525,0.1
3635,0.9275000000000001,0.1
3636,0.18249999999999988,0.1
3637,0.86,0.1
3638,1.38625,0.1
3639,0.93,0.1
3640,1.345,0.1
3641,1.165,0.1
3642,1.12625,0.1
3643,0.5699999999999998,0.1
3644,1.1912500000000001,0.1
3645,1.1712500000000001,0.1
3646,0.4399999999999997,0.1
3647,0.915,0.1
3648,0.9687500000000001,0.1
3649,1.22875,0.1
3650,1.23625,0.1
3651,1.0137500000000002,0.1
3652,1.1187500000000001,0.1
3653,0.9712500000000001,0.1
3654,1.27625,0.1
3655,1.3687500000000001,0.1
3656,1.32,0.1
3657,0.7649999999999999,0.1
3658,1.3075,0.1
3659,0.99,0.1
3660,1.2312500000000002,0.1
3661,1.17875,0.1
3662,1.02625,0.1
3663,1.3125,0.1
3664,1.2475,0.1
3665,0.7962499999999999,0.1
3666,1.11625,0.1
3667,1.1,0.1
3668,1.2537500000000001,0.1
3669,0.9800000000000001,0.1
3670,1.2375,0.1
3671,1.06,0.1
3672,1.0625,0.1
3673,1.0037500000000001,0.1
3674,1.4525000000000001,0.1
3675,0.925,0.1
3676,1.26625,0.1
3677,1.205,0.1
3678,1.0437500000000002,0.1
3679,1.115,0.1
3680,1.3075,0.1
3681,1.12625,0.1
3682,1.1125,0.1
3683,1.105,0.1
3684,1.0475,0.1
3685,0.91125,0.1
3686,-1.1612500000000001,0.1
3687,1.38625,0.1
3688,1.11,0.1
3689,0.87875,0.1
3690,-0.012499999999999956,0.1
3691,1.08125,0.1
3692,1.135,0.1
3693,1.045,0.1
3694,1.16625,0.1
3695,1.24,0.1
3696,1.02625,0.1
3697,0.9837500000000001,0.1
3698,1.08125,0.1
3699,1.1075000000000002,0.1
3700,1.0525,0.1
3701,0.88,0.1
3702,-0.18999999999999972,0.1
3703,1.0050000000000001,0.1
3704,1.13125,0.1
3705,1.1900000000000002,0.1
3706,1.24,0.1
3707,0.9700000000000001,0.1
3708,1.22625,0.1
3709,1.1025,0.1
3710,1.07625,0.1
3711,0.8975000000000001,0.1
3712,0.3312499999999998,0.1
3713,1.3687500000000001,0.1
3714,0.9637500000000001,0.1
3715,1.24,0.1
3716,0.9500000000000001,0.1
3717,0.75,0.1
3718,1.33875,0.1
3719,1.3800000000000001,0.1
3720,1.2725,0.1
3721,1.2,0.1
3722,1.08125,0.1
3723,1.1287500000000001,0.1
3724,1.02625,0.1
3725,1.1,0.1
3726,1.1712500000000001,0.1
3727,1.0350000000000001,0.1
3728,0.9837500000000001,0.1
3729,1.3825,0.1
3730,0.34999999999999987,0.1
3731,0.7675,0.1
3732,1.02,0.1
3733,1.2225000000000001,0.1
3734,1.2225000000000001,0.1
3735,0.875,0.1
3736,1.3687500000000001,0.1
3737,0.8624999999999999,0.1
3738,1.2975,0.1
3739,1.20375,0.1
3740,1.54125,0.1
3741,1.17875,0.1
3742,0.91625,0.1
3743,0.915,0.1
3744,1.105,0.1
3745,1.2237500000000001,0.1
3746,1.21,0.1
3747,1.3362500000000002,0.1
3748,0.78,0.1
3749,1.0050000000000001,0.1
3750,1.49875,0.1
3751,0.9762500000000001,0.1
3752,0.9700000000000001,0.1
3753,1.05625,0.1
3754,1.2962500000000001,0.1
3755,0.9137500000000001,0.1
3756,1.4937500000000001,0.1
3757,1.13125,0.1
3758,0.7774999999999999,0.1
3759,1.1175000000000002,0.1
3760,1.0625,0.1
3761,0.4712499999999997,0.1
3762,1.34375,0.1
3763,0.7149999999999999,0.1
3764,1.2125000000000001,0.1
3765,1.245,0.1
3766,1.19,0.1
3767,1.3900000000000001,0.1
3768,0.9525000000000001,0.1
3769,1.4000000000000001,0.1
3770,1.335,0.1
3771,0.9137500000000001,0.1
3772,1.2750000000000001,0.1
3773,1.4125,0.1
3774,1.1487500000000002,0.1
3775,1.0,0.1
3776,1.2575,0.1
3777,0.7699999999999999,0.1
3778,1.0050000000000001,0.1
3779,1.1675,0.1
3780,0.9950000000000001,0.1
3781,0.96125,0.1
3782,1.1500000000000001,0.1
3783,1.145,0.1
3784,1.05125,0.1
3785,1.07375,0.1
3786,0.9237500000000001,0.1
3787,1.30875,0.1
3788,1.135,0.1
3789,1.13625,0.1
3790,1.1062500000000002,0.1
3791,1.05375,0.1
3792,1.17375,0.1
3793,1.28125,0.1
3794,1.20375,0.1
3795,1.0825,0.1
3796,1.19875,0.1
3797,1.0875,0.1
3798,0.9400000000000001,0.1
3799,1.15375,0.1
3800,0.8225,0.1
3801,1.25,0.1
3802,0.8975000000000001,0.1
3803,1.13375,0.1
3804,0.9512500000000002,0.1
3805,0.8975000000000001,0.1
3806,1.30875,0.1
3807,0.9850000000000001,0.1
3808,1.195,0.1
3809,0.915,0.1
3810,1.245,0.1
3811,0.88375,0.1
3812,0.925,0.1
3813,0.9850000000000001,0.1
3814,0.88125,0.1
3815,1.51375,0.1
3816,1.2437500000000001,0.1
3817,1.5037500000000001,0.1
3818,1.37625,0.1
3819,1.135,0.1
3820,1.105,0.1
3821,0.99,0.1
3822,0.9712500000000002,0.1
3823,1.1175000000000002,0.1
3824,0.16375000000000006,0.1
3825,1.28,0.1
3826,1.355,0.1
3827,1.1,0.1
3828,1.05,0.1
3829,0.9137500000000001,0.1
3830,0.825,0.1
3831,1.19,0.1
3832,0.885,0.1
3833,0.96625,0.1
3834,1.5125000000000002,0.1
3835,1.145,0.1
3836,0.9537500000000001,0.1
3837,1.3250000000000002,0.1
3838,1.15375,0.1
3839,1.3687500000000001,0.1
3840,1.35,0.1
3841,0.5187499999999997,0.1
3842,0.5574999999999999,0.1
3843,0.8075,0.1
3844,1.19,0.1
3845,0.6237499999999998,0.1
3846,1.2325000000000002,0.1
3847,1.0075,0.1
3848,1.2475,0.1
3849,0.9975,0.1
3850,1.2975,0.1
3851,0.8925000000000001,0.1
3852,1.0375,0.1
3853,0.835,0.1
3854,1.1300000000000001,0.1
3855,1.02,0.1
3856,1.27125,0.1
3857,1.23125,0.1
3858,0.99,0.1
3859,1.2237500000000001,0.1
3860,1.225,0.1
3861,0.9650000000000001,0.1
3862,0.845,0.1
3863,0.9525000000000001,0.1
3864,1.19875,0.1
3865,1.1975,0.1
3866,1.2225000000000001,0.1
3867,0.7649999999999999,0.1
3868,0.4824999999999997,0.1
3869,1.0625,0.1
3870,1.0025,0.1
3871,1.01625,0.1
3872,0.88,0.1
3873,1.01625,0.1
3874,1.25875,0.1
3875,0.9712500000000002,0.1
3876,0.82375,0.1
3877,1.155,0.1
3878,1.23875,0.1
3879,1.0525000000000002,0.1
3880,1.105,0.1
3881,1.1487500000000002,0.1
3882,1.30875,0.1
3883,0.9525000000000001,0.1
3884,1.2000000000000002,0.1
3885,1.37,0.1
3886,1.0950000000000002,0.1
3887,0.9750000000000001,0.1
3888,1.0350000000000001,0.1
3889,0.895,0.1
3890,0.9500000000000001,0.1
3891,1.30875,0.1
3892,1.03875,0.1
3893,0.7099999999999999,0.1
3894,1.205,0.1
3895,0.89875,0.1
3896,1.27,0.1
3897,1.1675,0.1
3898,1.4937500000000001,0.1
3899,1.1712500000000001,0.1
3900,0.78,0.1
3901,1.105,0.1
3902,1.245,0.1
3903,0.8975000000000001,0.1
3904,1.1,0.1
3905,1.145,0.1
3906,0.825,0.1
3907,1.30875,0.1
3908,0.9550000000000001,0.1
3909,1.2200000000000002,0.1
3910,1.45375,0.1
3911,1.4675,0.1
3912,1.1625,0.1
3913,0.9600000000000001,0.1
3914,1.42625,0.1
3915,0.89375,0.1
3916,0.8012499999999999,0.1
3917,0.75125,0.1
3918,0.92125,0.1
3919,1.19875,0.1
3920,1.0437500000000002,0.1
3921,1.2475,0.1
3922,1.1125,0.1
3923,1.2175,0.1
3924,0.76875,0.1
3925,1.07375,0.1
3926,1.185,0.1
3927,1.1375000000000002,0.1
3928,1.2675,0.1
3929,1.03375,0.1
3930,0.10750000000000015,0.1
3931,1.03875,0.1
3932,1.555,0.1
3933,0.9837500000000001,0.1
3934,1.33125,0.1
3935,1.345,0.1
3936,0.8624999999999999,0.1
3937,1.31,0.1
3938,1.02625,0.1
3939,1.09,0.1
3940,1.0562500000000001,0.1
3941,1.0437500000000002,0.1
3942,0.9700000000000001,0.1
3943,1.385,0.1
3944,1.04,0.1
3945,1.1975,0.1
3946,1.0237500000000002,0.1
3947,1.12625,0.1
3948,0.6537499999999998,0.1
3949,1.32,0.1
3950,0.9962500000000001,0.1
3951,1.355,0.1
3952,1.3625,0.1
3953,1.04,0.1
3954,1.0275,0.1
3955,0.8625,0.1
3956,1.3162500000000001,0.1
3957,0.8212499999999999,0.1
3958,0.84,0.1
3959,1.32125,0.1
3960,0.7699999999999999,0.1
3961,0.9287500000000001,0.1
3962,1.2925,0.1
3963,1.32,0.1
3964,1.08125,0.1
3965,0.9400000000000001,0.1
3966,1.04,0.1
3967,1.1712500000000001,0.1
3968,1.02,0.1
3969,1.165,0.1
3970,1.0350000000000001,0.1
3971,1.11125,0.1
3972,1.2625000000000002,0.1
3973,1.1300000000000001,0.1
3974,1.28875,0.1
3975,0.9687500000000001,0.1
3976,0.695,0.1
3977,1.3150000000000002,0.1
3978,0.9237500000000001,0.1
3979,1.2337500000000001,0.1
3980,0.9725000000000001,0.1
3981,1.18625,0.1
3982,1.0575,0.1
3983,1.07375,0.1
3984,0.91625,0.1
3985,1.06375,0.1
3986,1.02625,0.1
3987,1.1712500000000001,0.1
3988,0.9387500000000001,0.1
3989,1.2775,0.1
3990,1.11125,0.1
3991,1.20625,0.1
3992,1.145,0.1
3993,1.3575000000000002,0.1
3994,0.98875,0.1
3995,1.0250000000000001,0.1
3996,1.34375,0.1
3997,1.2275,0.1
3998,1.07125,0.1
3999,1.295,0.1
4000,1.2312500000000002,0.1
4001,0.9875,0.1
4002,1.3062500000000001,0.1
4003,1.08,0.1
4004,1.175,0.1
4005,1.20375,0.1
4006,1.4800000000000002,0.1
4007,1.1487500000000002,0.1
4008,1.02875,0.1
4009,0.6799999999999999,0.1
4010,1.2625000000000002,0.1
4011,1.12375,0.1
4012,0.88,0.1
4013,1.06,0.1
4014,1.48625,0.1
4015,1.2275,0.1
4016,1.29125,0.1
4017,1.2400000000000002,0.1
4018,1.07875,0.1
4019,1.1675,0.1
4020,0.94125,0.1
4021,1.0987500000000001,0.1
4022,1.23875,0.1
4023,1.5037500000000001,0.1
4024,0.925,0.1
4025,0.9500000000000001,0.1
4026,1.1125,0.1
4027,1.3625,0.1
4028,1.205,0.1
4029,1.045,0.1
4030,1.09125,0.1
4031,-0.36874999999999947,0.1
4032,0.9900000000000001,0.1
4033,1.0075,0.1
4034,1.24125,0.1
4035,1.095,0.1
4036,1.22125,0.1
4037,0.8975000000000001,0.1
4038,1.1925000000000001,0.1
4039,1.2537500000000001,0.1
4040,1.1875,0.1
4041,1.2437500000000001,0.1
4042,1.02625,0.1
4043,0.7899999999999999,0.1
4044,1.1800000000000002,0.1
4045,1.44375,0.1
4046,1.135,0.1
4047,1.21,0.1
4048,1.185,0.1
4049,0.98875,0.1
4050,1.0950000000000002,0.1
4051,1.0762500000000002,0.1
4052,0.745,0.1
4053,1.0075,0.1
4054,0.9850000000000001,0.1
4055,1.1912500000000001,0.1
4056,1.0350000000000001,0.1
4057,1.3137500000000002,0.1
4058,0.5099999999999997,0.1
4059,0.4937499999999998,0.1
4060,0.8612500000000001,0.1
4061,1.09375,0.1
4062,0.23249999999999993,0.1
4063,1.20375,0.1
4064,0.4449999999999996,0.1
4065,1.54125,0.1
4066,1.2975,0.1
4067,1.3362500000000002,0.1
4068,0.9337500000000001,0.1
4069,1.445,0.1
4070,1.145,0.1
4071,1.14375,0.1
4072,1.34,0.1
4073,0.875,0.1
4074,0.4824999999999997,0.1
4075,1.08125,0.1
4076,1.295,0.1
4077,1.1375000000000002,0.1
4078,1.0437500000000002,0.1
4079,1.12,0.1
4080,1.215,0.1
4081,0.85125,0.1
4082,1.04,0.1
4083,1.2937500000000002,0.1
4084,1.2000000000000002,0.1
4085,1.0775000000000001,0.1
4086,0.815,0.1
4087,1.0562500000000001,0.1
4088,1.1062500000000002,0.1
4089,1.22625,0.1
4090,1.31,0.1
4091,1.245,0.1
4092,1.16625,0.1
4093,1.165,0.1
4094,0.5899999999999997,0.1
4095,1.3800000000000001,0.1
4096,1.29875,0.1
4097,1.155,0.1
4098,0.82125,0.1
4099,0.87875,0.1
4100,0.9325000000000001,0.1
4101,1.5037500000000001,0.1
4102,0.8750000000000001,0.1
4103,1.5,0.1
4104,1.50875,0.1
4105,1.29875,0.1
4106,1.295,0.1
4107,1.1262500000000002,0.1
4108,0.885,0.1
4109,1.2175,0.1
4110,1.3,0.1
4111,-0.22624999999999962,0.1
4112,1.18125,0.1
4113,0.89,0.1
4114,1.04,0.1
4115,1.4425000000000001,0.1
4116,0.9950000000000001,0.1
4117,1.145,0.1
4118,1.24125,0.1
4119,1.06,0.1
4120,1.03875,0.1
4121,1.095,0.1
4122,1.2025000000000001,0.1
4123,1.2950000000000002,0.1
4124,1.02,0.1
4125,1.1125,0.1
4126,1.205,0.1
4127,0.85375,0.1
4128,0.9550000000000001,0.1
4129,1.0675000000000001,0.1
4130,0.8600000000000001,0.1
4131,1.31375,0.1
4132,1.13125,0.1
4133,0.8137500000000002,0.1
4134,0.7337499999999999,0.1
4135,0.86125,0.1
4136,1.065,0.1
4137,1.0625,0.1
4138,1.3462500000000002,0.1
4139,1.0050000000000001,0.1
4140,1.0462500000000001,0.1
4141,0.93,0.1
4142,0.9687500000000001,0.1
4143,1.08,0.1
4144,1.11125,0.1
4145,1.4125,0.1
4146,1.2475,0.1
4147,0.6299999999999998,0.1
4148,1.12375,0.1
4149,1.04,0.1
4150,1.2637500000000002,0.1
4151,1.16625,0.1
4152,0.9287500000000001,0.1
4153,0.7849999999999999,0.1
4154,1.1925000000000001,0.1
4155,1.19875,0.1
4156,0.9737500000000001,0.1
4157,1.13125,0.1
4158,1.48875,0.1
4159,1.1300000000000001,0.1
4160,1.1487500000000002,0.1
4161,1.03875,0.1
4162,1.0950000000000002,0.1
4163,1.09,0.1
4164,1.02,0.1
4165,1.06,0.1
4166,1.0437500000000002,0.1
4167,1.165,0.1
4168,1.215,0.1
4169,1.1775,0.1
4170,1.4125,0.1
4171,1.1675,0.1
4172,0.8725,0.1
4173,1.1175000000000002,0.1
4174,0.9850000000000001,0.1
4175,1.3775,0.1
4176,1.22625,0.1
4177,1.2575,0.1
4178,0.8,0.1
4179,1.40125,0.1
4180,1.2337500000000001,0.1
4181,1.2225000000000001,0.1
4182,1.31375,0.1
4183,1.4000000000000001,0.1
4184,1.5725,0.1
4185,1.19,0.1
4186,1.18625,0.1
4187,1.3325,0.1
4188,1.02625,0.1
4189,0.6424999999999998,0.1
4190,1.19375,0.1
4191,0.7899999999999999,0.1
4192,1.28125,0.1
4193,1.03875,0.1
4194,1.06875,0.1
4195,1.0475,0.1
4196,0.9775,0.1
4197,0.9637500000000001,0.1
4198,0.9287500000000001,0.1
4199,0.88625,0.1
4200,1.135,0.1
4201,0.8612500000000001,0.1
4202,1.3262500000000002,0.1
4203,1.08875,0.1
4204,1.0137500000000002,0.1
4205,1.13375,0.1
4206,1.23875,0.1
4207,1.24125,0.1
4208,1.1675,0.1
4209,1.0825,0.1
4210,0.8962500000000001,0.1
4211,1.14375,0.1
4212,1.01875,0.1
4213,1.17875,0.1
4214,1.235,0.1
4215,1.38125,0.1
4216,1.5037500000000001,0.1
4217,0.83,0.1
4218,1.09375,0.1
4219,-0.18874999999999953,0.1
4220,1.2962500000000001,0.1
4221,0.9925,0.1
4222,1.2750000000000001,0.1
4223,-2.8187500000000005,0.1
4224,1.205,0.1
4225,1.42625,0.1
4226,-2.7562500000000005,0.1
4227,1.205,0.1
4228,1.06125,0.1
4229,1.1975,0.1
4230,1.09,0.1
4231,1.28875,0.1
4232,0.935,0.1
4233,1.05375,0.1
4234,1.0075,0.1
4235,1.24625,0.1
4236,0.7212499999999998,0.1
4237,1.06,0.1
4238,1.0625,0.1
4239,1.22125,0.1
4240,1.1625,0.1
4241,1.2087500000000002,0.1
4242,1.0925,0.1
4243,1.1725,0.1
4244,0.96875,0.1
4245,0.4212499999999997,0.1
4246,1.1475,0.1
4247,1.2375,0.1
4248,1.3687500000000001,0.1
4249,1.07,0.1
4250,1.13625,0.1
4251,1.0012500000000002,0.1
4252,1.08125,0.1
4253,1.0625,0.1
4254,1.2625000000000002,0.1
4255,0.8574999999999999,0.1
4256,0.905,0.1
4257,1.1725,0.1
4258,1.13625,0.1
4259,1.1812500000000001,0.1
4260,0.9912500000000001,0.1
4261,0.98875,0.1
4262,0.8324999999999999,0.1
4263,0.94125,0.1
4264,1.5062499999999999,0.1
4265,0.5749999999999997,0.1
4266,0.8675000000000002,0.1
4267,1.1912500000000001,0.1
4268,1.2675,0.1
4269,1.0250000000000001,0.1
4270,1.07375,0.1
4271,1.0750000000000002,0.1
4272,1.06875,0.1
4273,1.03875,0.1
4274,1.105,0.1
4275,1.0437500000000002,0.1
4276,1.2275,0.1
4277,1.3725,0.1
4278,0.84375,0.1
4279,1.1712500000000001,0.1
4280,1.22875,0.1
4281,1.1175000000000002,0.1
4282,0.43374999999999964,0.1
4283,1.04,0.1
4284,1.3250000000000002,0.1
4285,1.2962500000000001,0.1
4286,1.22125,0.1
4287,0.8850000000000001,0.1
4288,1.12375,0.1
4289,1.4400000000000002,0.1
4290,1.005,0.1
4291,0.8975000000000001,0.1
4292,1.3075,0.1
4293,1.03875,0.1
4294,1.21625,0.1
4295,1.1725,0.1
4296,1.2550000000000001,0.1
4297,1.11625,0.1
4298,1.09625,0.1
4299,1.0775000000000001,0.1
4300,0.9650000000000001,0.1
4301,1.3275000000000001,0.1
4302,1.3075,0.1
4303,1.1075,0.1
4304,0.925,0.1
4305,0.895,0.1
4306,0.9975,0.1
4307,1.1125,0.1
4308,1.06,0.1
4309,0.9437500000000001,0.1
4310,0.75,0.1
4311,1.06,0.1
4312,1.3162500000000001,0.1
4313,1.155,0.1
4314,1.1300000000000001,0.1
4315,0.8312499999999999,0.1
4316,0.9275000000000001,0.1
4317,0.43374999999999964,0.1
4318,1.2937500000000002,0.1
4319,0.6899999999999998,0.1
4320,1.07875,0.1
4321,1.0925,0.1
4322,1.13125,0.1
4323,1.1975,0.1
4324,1.0000000000000002,0.1
4325,1.09375,0.1
4326,0.91,0.1
4327,1.115,0.1
4328,1.1325,0.1
4329,1.2000000000000002,0.1
4330,1.4725000000000001,0.1
4331,0.82375,0.1
4332,1.06,0.1
4333,0.9100000000000001,0.1
4334,0.8012499999999999,0.1
4335,1.3687500000000001,0.1
4336,1.185,0.1
4337,1.085,0.1
4338,1.00625,0.1
4339,0.9512500000000002,0.1
4340,1.205,0.1
4341,1.1800000000000002,0.1
4342,0.9400000000000001,0.1
4343,1.39125,0.1
4344,1.1150000000000002,0.1
4345,0.7699999999999999,0.1
4346,0.9837500000000001,0.1
4347,1.1062500000000002,0.1
4348,1.03125,0.1
4349,0.9825000000000002,0.1
4350,0.93,0.1
4351,1.1,0.1
4352,1.095,0.1
4353,1.3025,0.1
4354,1.12375,0.1
4355,1.24,0.1
4356,1.0625,0.1
4357,0.6174999999999998,0.1
4358,0.9700000000000001,0.1
4359,1.0250000000000001,0.1
4360,1.0975000000000001,0.1
4361,0.9962500000000001,0.1
4362,1.0275,0.1
4363,0.9750000000000001,0.1
4364,0.6299999999999999,0.1
4365,1.485,0.1
4366,1.0862500000000002,0.1
4367,1.44,0.1
4368,1.13375,0.1
4369,1.22125,0.1
4370,1.23125,0.1
4371,1.2087500000000002,0.1
4372,1.5175,0.1
4373,1.0025,0.1
4374,1.335,0.1
4375,1.26,0.1
4376,1.27,0.1
4377,0.7749999999999999,0.1
4378,1.19875,0.1
4379,1.16625,0.1
4380,1.06125,0.1
4381,1.29125,0.1
4382,1.0575,0.1
4383,1.1625,0.1
4384,0.8225,0.1
4385,1.1125,0.1
4386,1.555,0.1
4387,1.28,0.1
4388,1.0625,0.1
4389,1.12375,0.1
4390,1.11,0.1
4391,1.25875,0.1
4392,1.04,0.1
4393,1.1500000000000001,0.1
4394,1.0075,0.1
4395,0.77125,0.1
4396,1.1175000000000002,0.1
4397,1.05875,0.1
4398,0.6674999999999998,0.1
4399,1.0862500000000002,0.1
4400,0.96875,0.1
4401,1.11125,0.1
4402,0.9575,0.1
4403,1.2312500000000002,0.1
4404,1.1400000000000001,0.1
4405,1.0975000000000001,0.1
4406,0.9375,0.1
4407,1.37375,0.1
4408,1.02,0.1
4409,1.1675,0.1
4410,0.9912500000000001,0.1
4411,0.925,0.1
4412,0.9962500000000001,0.1
4413,1.0550000000000002,0.1
4414,1.18625,0.1
4415,1.1812500000000001,0.1
4416,1.2112500000000002,0.1
4417,1.1175000000000002,0.1
4418,1.1125,0.1
4419,1.05,0.1
4420,1.05,0.1
4421,1.4575,0.1
4422,0.6649999999999999,0.1
4423,1.54125,0.1
4424,1.2775,0.1
4425,0.6587499999999998,0.1
4426,1.24875,0.1
4427,1.03875,0.1
4428,1.0237500000000002,0.1
4429,1.155,0.1
4430,1.30125,0.1
4431,0.9450000000000001,0.1
4432,1.05,0.1
4433,1.31875,0.1
4434,1.2175,0.1
4435,0.7687499999999999,0.1
4436,1.29875,0.1
4437,1.145,0.1
4438,1.4675,0.1
4439,0.91625,0.1
4440,1.26375,0.1
4441,0.7574999999999998,0.1
4442,1.08,0.1
4443,1.1125,0.1
4444,1.23625,0.1
4445,1.2937500000000002,0.1
4446,1.29125,0.1
4447,1.0625,0.1
4448,1.2112500000000002,0.1
4449,1.155,0.1
4450,1.2775,0.1
4451,1.31375,0.1
4452,1.0437500000000002,0.1
4453,0.6699999999999999,0.1
4454,0.8775000000000001,0.1
4455,1.1712500000000001,0.1
4456,-1.1549999999999991,0.1
4457,1.28125,0.1
4458,0.8325,0.1
4459,0.8775000000000001,0.1
4460,1.12375,0.1
4461,0.895,0.1
4462,-3.0387500000000003,0.1
4463,1.30875,0.1
4464,-2.92125,0.1
4465,0.91125,0.1
4466,0.9600000000000001,0.1
4467,1.2400000000000002,0.1
4468,1.28875,0.1
4469,1.185,0.1
4470,1.2862500000000001,0.1
4471,1.1725,0.1
4472,1.13375,0.1
4473,0.9450000000000001,0.1
4474,0.5912499999999997,0.1
4475,0.2749999999999999,0.1
4476,1.28,0.1
4477,1.21,0.1
4478,0.9512500000000002,0.1
4479,1.3175000000000001,0.1
4480,1.08125,0.1
4481,0.8112499999999999,0.1
4482,0.9712500000000001,0.1
4483,-0.08999999999999986,0.1
4484,1.34375,0.1
4485,1.3325,0.1
4486,-0.6349999999999996,0.1
4487,1.0250000000000001,0.1
4488,1.0987500000000001,0.1
4489,1.1125,0.1
4490,1.44875,0.1
4491,0.98,0.1
4492,1.245,0.1
4493,1.05125,0.1
4494,1.1487500000000002,0.1
4495,1.27625,0.1
4496,1.08125,0.1
4497,1.13125,0.1
4498,0.935,0.1
4499,1.08125,0.1
4500,-0.05874999999999986,0.1
4501,1.3675000000000002,0.1
4502,1.0987500000000001,0.1
4503,-0.07625000000000015,0.1
4504,1.1725,0.1
4505,0.7025,0.1
4506,1.24875,0.1
4507,1.19375,0.1
4508,1.0762500000000002,0.1
4509,1.2400000000000002,0.1
4510,1.1675,0.1
4511,1.1675,0.1
4512,0.3162499999999999,0.1
4513,1.22125,0.1
4514,1.145,0.1
4515,1.3,0.1
4516,0.83125,0.1
4517,1.06875,0.1
4518,1.38625,0.1
4519,1.115,0.1
4520,0.73125,0.1
4521,1.48125,0.1
4522,1.1900000000000002,0.1
4523,0.9,0.1
4524,0.9900000000000001,0.1
4525,0.8450000000000001,0.1
4526,1.06125,0.1
4527,1.29,0.1
4528,1.2075,0.1
4529,1.335,0.1
4530,1.1,0.1
4531,1.31375,0.1
4532,1.5175,0.1
4533,0.5787499999999998,0.1
4534,0.5062499999999998,0.1
4535,1.4000000000000001,0.1
4536,0.8025,0.1
4537,1.2337500000000001,0.1
4538,1.0987500000000001,0.1
4539,1.05125,0.1
4540,0.6187499999999998,0.1
4541,1.3450000000000002,0.1
4542,1.355,0.1
4543,0.7699999999999999,0.1
4544,1.36375,0.1
4545,1.45375,0.1
4546,0.8287500000000001,0.1
4547,1.54125,0.1
4548,0.9375,0.1
4549,1.1887500000000002,0.1
4550,0.8562500000000001,0.1
4551,1.08875,0.1
4552,1.1325,0.1
4553,0.7149999999999999,0.1
4554,0.5499999999999997,0.1
4555,0.6962499999999998,0.1
4556,1.1287500000000001,0.1
4557,1.04,0.1
4558,1.3575000000000002,0.1
4559,1.145,0.1
4560,1.2650000000000001,0.1
4561,1.21375,0.1
4562,1.01875,0.1
4563,1.1375000000000002,0.1
4564,1.45875,0.1
4565,1.14375,0.1
4566,1.0625,0.1
4567,1.205,0.1
4568,1.20625,0.1
4569,0.9500000000000001,0.1
4570,0.8112499999999999,0.1
4571,1.0050000000000001,0.1
4572,1.3625,0.1
4573,0.72125,0.1
4574,1.095,0.1
4575,1.24,0.1
4576,1.08875,0.1
4577,1.1287500000000001,0.1
4578,1.07875,0.1
4579,1.3900000000000001,0.1
4580,0.9500000000000001,0.1
4581,1.26,0.1
4582,1.165,0.1
4583,0.9112500000000001,0.1
4584,1.1500000000000001,0.1
4585,1.1500000000000001,0.1
4586,1.2537500000000001,0.1
4587,1.185,0.1
4588,1.30125,0.1
4589,1.2775,0.1
4590,1.31375,0.1
4591,0.935,0.1
4592,0.6825,0.1
4593,1.1525,0.1
4594,0.9700000000000001,0.1
4595,0.5737499999999999,0.1
4596,1.2225000000000001,0.1
4597,0.78875,0.1
4598,0.8062500000000001,0.1
4599,1.25875,0.1
4600,1.2950000000000002,0.1
4601,1.15875,0.1
4602,1.37,0.1
4603,0.9700000000000001,0.1
4604,0.935,0.1
4605,1.05875,0.1
4606,1.0950000000000002,0.1
4607,1.2437500000000001,0.1
4608,1.09375,0.1
4609,1.22625,0.1
4610,1.495,0.1
4611,1.23625,0.1
4612,1.1,0.1
4613,1.21,0.1
4614,0.9850000000000001,0.1
4615,1.1,0.1
4616,1.3250000000000002,0.1
4617,1.47625,0.1
4618,0.9525000000000001,0.1
4619,1.1525,0.1
4620,1.0575,0.1
4621,0.9337500000000001,0.1
4622,1.09625,0.1
4623,1.2825000000000002,0.1
4624,0.7587499999999999,0.1
4625,1.135,0.1
4626,1.44875,0.1
4627,1.1900000000000002,0.1
4628,0.47624999999999984,0.1
4629,0.9112500000000001,0.1
4630,1.3987500000000002,0.1
4631,0.8099999999999999,0.1
4632,0.96625,0.1
4633,1.495,0.1
4634,1.00625,0.1
4635,1.3325,0.1
4636,0.7575,0.1
4637,0.99,0.1
4638,1.1175000000000002,0.1
4639,1.37125,0.1
4640,1.1300000000000001,0.1
4641,1.2725,0.1
4642,1.2475,0.1
4643,1.1475000000000002,0.1
4644,1.06125,0.1
4645,1.0662500000000001,0.1
4646,0.8975000000000001,0.1
4647,0.9137500000000001,0.1
4648,1.15375,0.1
4649,1.34375,0.1
4650,1.18375,0.1
4651,1.2412500000000002,0.1
4652,1.3725,0.1
4653,1.4325,0.1
4654,1.1487500000000002,0.1
4655,1.3587500000000001,0.1
4656,1.28875,0.1
4657,1.3075,0.1
4658,1.385,0.1
4659,1.28125,0.1
4660,1.0325000000000002,0.1
4661,1.5225,0.1
4662,1.32125,0.1
4663,1.245,0.1
4664,1.07625,0.1
4665,1.1800000000000002,0.1
4666,1.07875,0.1
4667,0.82875,0.1
4668,1.2275,0.1
4669,1.29875,0.1
4670,1.09375,0.1
4671,1.25875,0.1
4672,0.8800000000000001,0.1
4673,0.9587500000000001,0.1
4674,1.145,0.1
4675,1.3575000000000002,0.1
4676,1.1912500000000001,0.1
4677,1.28375,0.1
4678,1.27625,0.1
4679,1.07625,0.1
4680,1.3687500000000001,0.1
4681,1.1300000000000001,0.1
4682,0.80625,0.1
4683,1.2125000000000001,0.1
4684,1.115,0.1
4685,0.7324999999999999,0.1
4686,1.15375,0.1
4687,1.0137500000000002,0.1
4688,1.1125,0.1
4689,0.99,0.1
4690,0.99125,0.1
4691,1.01625,0.1
4692,0.7099999999999999,0.1
4693,-0.07249999999999979,0.1
4694,0.4374999999999998,0.1
4695,1.12375,0.1
4696,1.09375,0.1
4697,0.885,0.1
4698,1.25875,0.1
4699,1.2775,0.1
4700,1.0437500000000002,0.1
4701,0.9687500000000001,0.1
4702,1.13625,0.1
4703,1.1400000000000001,0.1
4704,1.13375,0.1
4705,1.3125,0.1
4706,1.1487500000000002,0.1
4707,1.22125,0.1
4708,0.9875,0.1
4709,0.6249999999999999,0.1
4710,1.245,0.1
4711,0.6224999999999998,0.1
4712,1.3825,0.1
4713,1.07875,0.1
4714,1.07,0.1
4715,1.0562500000000001,0.1
4716,1.24,0.1
4717,1.1325,0.1
4718,1.05,0.1
4719,0.915,0.1
4720,1.3050000000000002,0.1
4721,1.1525,0.1
4722,1.3275000000000001,0.1
4723,1.2950000000000002,0.1
4724,1.13625,0.1
4725,1.3575000000000002,0.1
4726,1.22125,0.1
4727,1.0137500000000002,0.1
4728,1.28875,0.1
4729,1.41625,0.1
4730,1.30875,0.1
4731,1.3450000000000002,0.1
4732,1.29,0.1
4733,1.1675,0.1
4734,1.0925,0.1
4735,1.11625,0.1
4736,0.9962500000000001,0.1
4737,1.4412500000000001,0.1
4738,1.3,0.1
4739,1.27,0.1
4740,0.86125,0.1
4741,1.1175000000000002,0.1
4742,1.25875,0.1
4743,1.2,0.1
4744,1.0250000000000001,0.1
4745,1.2525,0.1
4746,1.2575,0.1
4747,1.0625,0.1
4748,0.6587499999999998,0.1
4749,0.8725,0.1
4750,1.14375,0.1
4751,1.25,0.1
4752,1.00875,0.1
4753,1.1675,0.1
4754,1.4937500000000001,0.1
4755,1.34125,0.1
4756,1.48625,0.1
4757,1.11625,0.1
4758,1.2275,0.1
4759,1.1,0.1
4760,1.23625,0.1
4761,1.20375,0.1
4762,0.7875,0.1
4763,0.9800000000000001,0.1
4764,1.3775,0.1
4765,0.9737500000000001,0.1
4766,0.9087500000000001,0.1
4767,0.925,0.1
4768,0.9150000000000001,0.1
4769,1.1125,0.1
4770,1.1675,0.1
4771,1.3075,0.1
4772,1.25875,0.1
4773,0.9775,0.1
4774,1.23625,0.1
4775,1.125,0.1
4776,1.1425,0.1
4777,0.9137500000000001,0.1
4778,1.2575,0.1
4779,0.6337499999999998,0.1
4780,0.85625,0.1
4781,0.9325000000000001,0.1
4782,1.20375,0.1
4783,0.7687499999999999,0.1
4784,1.1125,0.1
4785,1.22625,0.1
4786,1.25875,0.1
4787,1.2225000000000001,0.1
4788,1.49875,0.1
4789,0.5874999999999999,0.1
4790,1.1400000000000001,0.1
4791,0.8425,0.1
4792,1.4937500000000001,0.1
4793,1.345,0.1
4794,1.4125,0.1
4795,1.1775000000000002,0.1
4796,1.20875,0.1
4797,1.245,0.1
4798,1.4300000000000002,0.1
4799,1.13375,0.1
4800,1.0025,0.1
4801,1.01,0.1
4802,1.08125,0.1
4803,0.82,0.1
4804,0.39624999999999977,0.1
4805,1.155,0.1
4806,-0.05999999999999961,0.1
4807,1.08375,0.1
4808,0.84875,0.1
4809,1.1125,0.1
4810,0.6962499999999998,0.1
4811,1.07125,0.1
4812,1.1725,0.1
4813,1.2075,0.1
4814,1.4075,0.1
4815,1.0225,0.1
4816,1.23625,0.1
4817,0.41874999999999973,0.1
4818,1.36375,0.1
4819,0.8475000000000001,0.1
4820,1.48125,0.1
4821,1.2112500000000002,0.1
4822,1.2200000000000002,0.1
4823,1.3275000000000001,0.1
4824,1.22625,0.1
4825,1.2650000000000001,0.1
4826,1.1712500000000001,0.1
4827,0.9700000000000001,0.1
4828,1.08,0.1
4829,1.31875,0.1
4830,1.5175,0.1
4831,1.25,0.1
4832,1.0212500000000002,0.1
4833,1.22625,0.1
4834,1.11625,0.1
4835,0.2350000000000001,0.1
4836,1.3825,0.1
4837,1.12,0.1
4838,0.8787500000000001,0.1
4839,1.07125,0.1
4840,1.165,0.1
4841,1.1500000000000001,0.1
4842,1.4000000000000001,0.1
4843,1.17625,0.1
4844,1.3025,0.1
4845,1.0875000000000001,0.1
4846,1.1075,0.1
4847,1.245,0.1
4848,1.3225,0.1
4849,1.3462500000000002,0.1
4850,1.35,0.1
4851,1.08125,0.1
4852,0.9162500000000001,0.1
4853,1.27125,0.1
4854,1.1,0.1
4855,1.0375,0.1
4856,1.3462500000000002,0.1
4857,1.3687500000000001,0.1
4858,1.2775,0.1
4859,1.155,0.1
4860,1.0437500000000002,0.1
4861,0.6499999999999998,0.1
4862,1.135,0.1
4863,1.37,0.1
4864,1.0437500000000002,0.1
4865,1.1887500000000002,0.1
4866,1.07625,0.1
4867,1.2650000000000001,0.1
4868,0.9700000000000001,0.1
4869,1.4300000000000002,0.1
4870,1.20375,0.1
4871,1.0025,0.1
4872,1.2775,0.1
4873,1.045,0.1
4874,1.2275,0.1
4875,0.31999999999999984,0.1
4876,0.8049999999999999,0.1
4877,1.35,0.1
4878,1.19,0.1
4879,1.27625,0.1
4880,1.31,0.1
4881,0.9337500000000001,0.1
4882,1.09375,0.1
4883,1.23625,0.1
4884,1.0450000000000002,0.1
4885,-0.05499999999999994,0.1
4886,1.39125,0.1
4887,1.20875,0.1
4888,1.2825000000000002,0.1
4889,1.17375,0.1
4890,1.0575,0.1
4891,1.0725,0.1
4892,1.3250000000000002,0.1
4893,1.3125,0.1
4894,1.2475,0.1
4895,1.20375,0.1
4896,1.25875,0.1
4897,1.14375,0.1
4898,1.0150000000000001,0.1
4899,1.2975,0.1
4900,0.9637500000000001,0.1
4901,1.11375,0.1
4902,1.17,0.1
4903,1.1600000000000001,0.1
4904,0.7762499999999999,0.1
4905,0.905,0.1
4906,0.8500000000000001,0.1
4907,0.925,0.1
4908,1.2737500000000002,0.1
4909,1.00625,0.1
4910,0.9287500000000001,0.1
4911,0.9275000000000001,0.1
4912,1.03875,0.1
4913,1.1912500000000001,0.1
4914,1.2937500000000002,0.1
4915,1.38625,0.1
4916,1.4625000000000001,0.1
4917,1.485,0.1
4918,1.13625,0.1
4919,0.22624999999999984,0.1
4920,1.2200000000000002,0.1
4921,0.9387500000000001,0.1
4922,1.49875,0.1
4923,-0.34249999999999936,0.1
4924,1.1487500000000002,0.1
4925,1.2337500000000001,0.1
4926,1.1675,0.1
4927,1.205,0.1
4928,1.08125,0.1
4929,1.24125,0.1
4930,1.1500000000000001,0.1
4931,0.47374999999999967,0.1
4932,0.27874999999999983,0.1
4933,0.9850000000000001,0.1
4934,1.06,0.1
4935,1.25875,0.1
4936,1.2225000000000001,0.1
4937,1.05125,0.1
4938,0.9775,0.1
4939,1.04,0.1
4940,0.5474999999999998,0.1
4941,1.13625,0.1
4942,1.0750000000000002,0.1
4943,1.1175000000000002,0.1
4944,1.2200000000000002,0.1
4945,1.30875,0.1
4946,1.24125,0.1
4947,1.14375,0.1
4948,1.22625,0.1
4949,1.155,0.1
4950,1.07,0.1
4951,0.92,0.1
4952,1.2525,0.1
4953,1.26,0.1
4954,1.28375,0.1
4955,1.0875000000000001,0.1
4956,0.9550000000000001,0.1
4957,1.095,0.1
4958,0.935,0.1
4959,1.4325,0.1
4960,1.18125,0.1
4961,1.1675,0.1
4962,1.15375,0.1
4963,1.28875,0.1
4964,1.1375000000000002,0.1
4965,1.095,0.1
4966,1.30875,0.1
4967,1.2337500000000001,0.1
4968,1.165,0.1
4969,0.735,0.1
4970,0.9750000000000001,0.1
4971,0.9712500000000001,0.1
4972,1.3362500000000002,0.1
4973,1.245,0.1
4974,1.09,0.1
4975,1.38125,0.1
4976,1.1675,0.1
4977,1.0550000000000002,0.1
4978,1.22875,0.1
4979,1.3325,0.1
4980,1.32,0.1
4981,1.1475,0.1
4982,1.0,0.1
4983,1.1725,0.1
4984,1.0950000000000002,0.1
4985,1.1175000000000002,0.1
4986,1.05,0.1
4987,0.9050000000000001,0.1
4988,1.30875,0.1
4989,1.08875,0.1
4990,0.9875,0.1
4991,1.1725,0.1
4992,0.9975,0.1
4993,0.905,0.1
4994,1.1400000000000001,0.1
4995,0.9775,0.1
4996,0.9875,0.1
4997,0.88,0.1
4998,0.5049999999999998,0.1
4999,1.08125,0.1
5000,0.9325000000000001,0.1
