episode,reward,epsilon
1,-3.1087500000000006,0.5
2,-2.9850000000000003,0.499
3,-2.983750000000001,0.498002
4,-3.1487500000000006,0.497005996
5,-2.8524999999999996,0.496011984008
6,-0.21874999999999933,0.495019960039984
7,-3.0425000000000004,0.49402992011990404
8,-2.880000000000001,0.49304186027966423
9,-3.0687499999999996,0.49205577655910493
10,-3.1812500000000017,0.4910716650059867
11,-2.8912499999999994,0.49008952167597475
12,-2.9950000000000006,0.4891093426326228
13,-3.4437500000000014,0.4881311239473575
14,-3.47875,0.4871548616994628
15,-3.55,0.4861805519760639
16,-3.2312500000000015,0.4852081908721118
17,-3.4899999999999993,0.4842377744903676
18,-3.102500000000001,0.48326929894138687
19,-3.0237500000000015,0.4823027603435041
20,-3.288749999999999,0.4813381548228171
21,-2.8312500000000007,0.48037547851317147
22,-2.8725000000000005,0.4794147275561451
23,-2.9937500000000004,0.47845589810103284
24,-2.8762499999999998,0.4774989863048308
25,-2.95375,0.4765439883322211
26,-3.46125,0.4755909003555567
27,-2.968750000000001,0.47463971855484555
28,-2.968750000000001,0.47369043911773584
29,-2.9712500000000004,0.47274305823950036
30,-2.9887500000000005,0.47179757212302137
31,-2.8987500000000006,0.47085397697877535
32,-2.9525000000000006,0.4699122690248178
33,0.78,0.46897244448676817
34,-2.7975000000000003,0.46803449959779464
35,-2.8787500000000006,0.46709843059859907
36,-3.0912500000000005,0.46616423373740185
37,-3.151250000000001,0.465231905269927
38,-2.8625000000000007,0.4643014414593872
39,-2.963750000000001,0.4633728385764684
40,-2.78,0.46244609289931543
41,-2.8537500000000007,0.4615212007135168
42,-3.005000000000001,0.4605981583120898
43,-3.0037500000000006,0.4596769619954656
44,-3.0412500000000007,0.45875760807147464
45,-3.018750000000001,0.45784009285533167
46,-3.4475000000000002,0.456924412669621
47,-3.08,0.4560105638442818
48,-3.0349999999999997,0.4550985427165932
49,-2.973750000000001,0.45418834563116006
50,-3.0125000000000006,0.45327996893989775
51,-3.1425000000000014,0.45237340900201795
52,-3.0899999999999994,0.45146866218401394
53,-2.9312500000000004,0.4505657248596459
54,-3.182500000000001,0.4496645934099266
55,-3.0225000000000013,0.44876526422310675
56,-2.9574999999999996,0.44786773369466054
57,-2.943750000000001,0.44697199822727124
58,0.022500000000000187,0.4460780542308167
59,-2.8962499999999998,0.44518589812235504
60,-2.9950000000000006,0.4442955263261103
61,-2.805000000000001,0.4434069352734581
62,-3.1399999999999997,0.4425201214029112
63,-2.896250000000001,0.44163508116010536
64,-2.7500000000000004,0.44075181099778515
65,-2.965000000000001,0.4398703073757896
66,-2.86875,0.438990566761038
67,-3.015,0.4381125856275159
68,-3.0425000000000013,0.4372363604562609
69,-3.070000000000001,0.4363618877353484
70,-2.9325,0.4354891639598777
71,1.4600000000000002,0.4346181856319579
72,-2.95,0.433748949260694
73,-3.0512500000000014,0.43288145136217265
74,-2.7600000000000007,0.4320156884594483
75,-2.8212500000000005,0.43115165708252945
76,-2.9875000000000007,0.4302893537683644
77,-2.925000000000001,0.42942877506082766
78,-2.858750000000001,0.428569917510706
79,1.4300000000000002,0.4277127776756846
80,-3.1225,0.4268573521203332
81,-2.790000000000001,0.42600363741609254
82,-3.35375,0.42515163014126034
83,-3.113750000000001,0.4243013268809778
84,-2.77875,0.42345272422721586
85,-2.7925000000000004,0.4226058187787614
86,-2.9275,0.4217606071412039
87,-2.8600000000000003,0.4209170859269215
88,-3.091250000000001,0.42007525175506766
89,-2.963750000000001,0.4192351012515575
90,-2.9562500000000007,0.4183966310490544
91,-3.0062500000000005,0.41755983778695627
92,-2.9137500000000003,0.41672471811138234
93,-2.8700000000000006,0.4158912686751596
94,-2.97875,0.41505948613780924
95,-2.9037499999999996,0.4142293671655336
96,-3.0812500000000007,0.41340090843120253
97,-2.8999999999999995,0.41257410661434013
98,-2.81,0.4117489584011115
99,-3.2824999999999993,0.4109254604843093
100,-2.8850000000000002,0.4101036095633407
101,-2.81,0.409283402344214
102,-2.7975000000000008,0.40846483553952556
103,-2.9275000000000007,0.4076479058684465
104,-3.053750000000001,0.4068326100567096
105,-3.031250000000001,0.4060189448365962
106,-2.8400000000000007,0.40520690694692296
107,-2.94125,0.4043964931330291
108,-3.0900000000000003,0.40358770014676304
109,-2.7475000000000005,0.4027805247464695
110,-3.15375,0.4019749636969766
111,-3.1212500000000003,0.40117101376958264
112,-2.9537500000000008,0.4003686717420435
113,-3.2187500000000004,0.3995679343985594
114,-3.0075,0.3987687985297623
115,-3.0474999999999994,0.3979712609327028
116,-2.8000000000000003,0.39717531841083736
117,-3.0349999999999997,0.3963809677740157
118,-2.8425000000000007,0.39558820583846765
119,0.135,0.39479702942679074
120,0.32874999999999965,0.39400743536793714
121,-2.70875,0.39321942049720127
122,-3.0912500000000005,0.3924329816562069
123,-3.0800000000000014,0.3916481156928945
124,-2.995000000000001,0.3908648194615087
125,-2.7837500000000004,0.39008308982258566
126,-3.0725000000000002,0.3893029236429405
127,-3.1300000000000012,0.3885243177956546
128,-2.9762500000000007,0.3877472691600633
129,-2.7800000000000007,0.38697177462174315
130,-2.9162500000000007,0.38619783107249966
131,-2.9075000000000006,0.3854254354103547
132,-2.855000000000001,0.384654584539534
133,-3.0025000000000013,0.3838852753704549
134,-2.93875,0.383117504819714
135,-3.0775000000000015,0.3823512698100746
136,-2.8825000000000003,0.3815865672704545
137,-2.8537500000000002,0.3808233941359136
138,-3.081250000000001,0.38006174734764175
139,-2.875000000000001,0.37930162385294647
140,-0.017499999999999627,0.3785430206052406
141,-2.940000000000001,0.3777859345640301
142,-3.102500000000001,0.37703036269490203
143,-2.911250000000001,0.37627630196951223
144,-2.68,0.3755237493655732
145,-3.0050000000000003,0.37477270186684203
146,-3.0212500000000007,0.37402315646310835
147,-2.827500000000001,0.3732751101501821
148,-2.8575,0.37252855992988176
149,-3.055,0.371783502810022
150,-2.8787500000000006,0.3710399358044019
151,-2.891250000000001,0.37029785593279313
152,-2.972500000000001,0.36955726022092755
153,-0.6162499999999995,0.3688181457004857
154,-3.0537500000000004,0.36808050940908477
155,-2.971250000000001,0.3673443483902666
156,-2.8400000000000003,0.366609659693486
157,-3.148750000000001,0.36587644037409905
158,-2.8850000000000002,0.3651446874933509
159,-3.1362500000000004,0.3644143981183642
160,-2.9612500000000015,0.3636855693221275
161,-2.7787500000000005,0.36295819818348324
162,-2.9087500000000013,0.36223228178711625
163,-2.7600000000000002,0.361507817223542
164,-2.8987499999999997,0.36078480158909493
165,-3.0137500000000013,0.3600632319859167
166,-2.8787499999999997,0.35934310552194487
167,-2.9000000000000004,0.358624419310901
168,-2.80375,0.3579071704722792
169,-2.915,0.3571913561313347
170,-2.9837499999999992,0.35647697341907203
171,-2.813750000000001,0.3557640194722339
172,-3.032500000000001,0.35505249143328943
173,-2.897500000000001,0.3543423864504229
174,-3.0774999999999997,0.353633701677522
175,-3.2474999999999996,0.352926434274167
176,-2.8412500000000005,0.3522205814056186
177,-2.98875,0.35151614024280736
178,-2.9762500000000003,0.35081310796232174
179,-2.942500000000001,0.3501114817463971
180,-2.9387500000000006,0.3494112587829043
181,0.9362500000000001,0.3487124362653385
182,-1.1174999999999995,0.3480150113928078
183,-2.916250000000001,0.3473189813700222
184,-2.878750000000001,0.34662434340728215
185,-3.0625,0.34593109472046757
186,-3.15,0.3452392325310266
187,-2.8362500000000006,0.3445487540659646
188,-2.90875,0.3438596565578326
189,-0.5099999999999996,0.34317193724471695
190,-2.915000000000001,0.3424855933702275
191,-2.967500000000001,0.34180062218348706
192,-2.7925000000000004,0.3411170209391201
193,-2.9325000000000006,0.3404347868972419
194,-2.991250000000001,0.3397539173234474
195,-2.8562499999999997,0.3390744094888005
196,-2.9375000000000004,0.3383962606698229
197,-2.9212500000000006,0.3377194681484833
198,-2.9075000000000006,0.33704402921218635
199,-3.2925000000000018,0.33636994115376195
200,-2.9299999999999997,0.3356972012714544
201,-2.8050000000000006,0.3350258068689115
202,-2.73625,0.33435575525517364
203,0.43874999999999975,0.3336870437446633
204,-2.911250000000001,0.33301966965717394
205,-2.880000000000001,0.3323536303178596
206,0.17000000000000037,0.33168892305722386
207,-2.9375000000000004,0.33102554521110944
208,-2.8400000000000007,0.3303634941206872
209,-2.9525000000000006,0.32970276713244584
210,-2.883750000000001,0.32904336159818093
211,-2.9050000000000007,0.3283852748749846
212,-2.7475000000000005,0.3277285043252346
213,-3.0887499999999997,0.3270730473165841
214,-2.7087500000000007,0.32641890122195094
215,-0.09749999999999992,0.32576606341950703
216,-2.7300000000000004,0.32511453129266804
217,-2.8787500000000006,0.3244643022300827
218,-2.902500000000001,0.32381537362562257
219,-3.012500000000001,0.3231677428783713
220,-3.002500000000001,0.32252140739261453
221,-3.023750000000001,0.3218763645778293
222,-2.8475000000000006,0.32123261184867363
223,0.3424999999999998,0.32059014662497626
224,-2.7399999999999998,0.3199489663317263
225,-2.923750000000001,0.31930906839906287
226,-2.6550000000000007,0.31867045026226476
227,-2.9162500000000002,0.31803310936174023
228,-2.895,0.31739704314301675
229,-3.032500000000002,0.3167622490567307
230,-2.8237500000000004,0.3161287245586173
231,-2.8362500000000006,0.3154964671095001
232,-2.9800000000000018,0.3148654741752811
233,-2.7925000000000004,0.31423574322693054
234,-2.903750000000001,0.3136072717404767
235,-2.965000000000001,0.31298005719699573
236,-3.067500000000001,0.31235409708260176
237,-2.9537500000000008,0.31172938888843654
238,-2.9725000000000006,0.3111059301106597
239,-2.81625,0.31048371825043836
240,-2.8937500000000007,0.3098627508139375
241,-2.9525000000000006,0.3092430253123096
242,-2.9162500000000007,0.308624539261685
243,-2.957500000000001,0.3080072901831616
244,-2.9837500000000015,0.3073912756027953
245,-2.9287500000000013,0.30677649305158966
246,-2.9425000000000012,0.3061629400654865
247,-2.7975000000000008,0.3055506141853555
248,-2.8487500000000012,0.3049395129569848
249,-2.9462500000000005,0.3043296339310708
250,-3.0950000000000006,0.3037209746632087
251,-3.0375000000000005,0.30311353271388225
252,-2.7787500000000005,0.30250730564845446
253,-2.9650000000000007,0.30190229103715754
254,-3.2125000000000017,0.3012984864550832
255,-2.875000000000001,0.3006958894821731
256,-2.778750000000001,0.30009449770320873
257,-3.0062500000000014,0.2994943087078023
258,-2.7825000000000006,0.2988953200903867
259,-2.8475000000000015,0.29829752945020593
260,-3.002500000000001,0.2977009343913055
261,-1.07,0.2971055325225229
262,-3.006250000000001,0.2965113214574779
263,-2.950000000000001,0.29591829881456294
264,-2.88625,0.2953264622169338
265,-2.9037500000000005,0.29473580929249993
266,-3.132500000000001,0.2941463376739149
267,-3.0900000000000016,0.2935580449985671
268,-3.035000000000001,0.29297092890856996
269,-2.9137500000000007,0.29238498705075283
270,-3.010000000000001,0.2918002170766513
271,-2.931250000000001,0.29121661664249804
272,-3.0562500000000012,0.29063418340921304
273,-2.7912500000000002,0.2900529150423946
274,-3.001250000000001,0.28947280921230983
275,-2.7675,0.2888938635938852
276,-2.9262500000000005,0.28831607586669744
277,-3.0362500000000012,0.28773944371496407
278,-2.888750000000001,0.28716396482753415
279,-2.8712500000000003,0.2865896368978791
280,-3.0437499999999997,0.28601645762408334
281,-3.0500000000000016,0.2854444247088352
282,-2.8187500000000005,0.2848735358594175
283,-3.0675000000000012,0.28430378878769863
284,-2.8600000000000003,0.28373518121012326
285,-2.9012500000000006,0.28316771084770304
286,-2.9537500000000003,0.2826013754260076
287,-2.900000000000001,0.28203617267515557
288,-2.923750000000001,0.28147210032980524
289,-2.8800000000000012,0.28090915612914563
290,-2.916250000000001,0.28034733781688737
291,-2.9800000000000013,0.27978664314125357
292,-2.8787500000000006,0.27922706985497103
293,-2.945000000000001,0.2786686157152611
294,-3.128750000000002,0.27811127848383055
295,-2.9762500000000007,0.27755505592686286
296,-2.8237500000000004,0.27699994581500914
297,-0.2587499999999996,0.2764459459233791
298,-2.8850000000000007,0.27589305403153236
299,-2.867500000000001,0.2753412679234693
300,-3.032500000000001,0.27479058538762235
301,-3.0862499999999997,0.2742410042168471
302,-2.8987500000000006,0.2736925222084134
303,-2.8600000000000003,0.2731451371639966
304,-2.8775000000000004,0.27259884688966857
305,-2.8987500000000006,0.2720536491958892
306,-2.897500000000001,0.27150954189749743
307,-2.6425000000000005,0.2709665228137024
308,-2.832500000000001,0.27042458976807504
309,-2.8112500000000007,0.26988374058853887
310,-3.4175000000000004,0.2693439731073618
311,-3.333750000000001,0.2688052851611471
312,-2.910000000000001,0.2682676745908248
313,-2.941250000000001,0.26773113924164316
314,-3.208750000000001,0.2671956769631599
315,-3.0650000000000013,0.2666612856092336
316,-2.823750000000001,0.2661279630380151
317,-2.8400000000000003,0.2655957071119391
318,-2.93875,0.2650645156977152
319,-2.8000000000000007,0.2645343866663198
320,-2.9350000000000005,0.26400531789298715
321,-2.898750000000001,0.2634773072572012
322,-2.9175000000000004,0.2629503526426868
323,-2.8762499999999998,0.26242445193740144
324,-2.71125,0.2618996030335266
325,-2.8162500000000006,0.26137580382745956
326,-2.5999999999999996,0.26085305221980465
327,-2.878750000000001,0.260331346115365
328,-3.040000000000001,0.2598106834231343
329,-3.2500000000000018,0.25929106205628805
330,-2.920000000000001,0.25877247993217545
331,-2.9325000000000014,0.2582549349723111
332,-2.9600000000000004,0.2577384251023665
333,-2.81,0.25722294825216174
334,-2.868750000000001,0.2567085023556574
335,-2.698750000000001,0.2561950853509461
336,-2.8737500000000007,0.2556826951802442
337,-2.9200000000000004,0.2551713297898837
338,-2.882500000000001,0.25466098713030394
339,-2.79625,0.2541516651560433
340,-2.9937500000000012,0.2536433618257312
341,-2.817500000000001,0.25313607510207975
342,-2.9775000000000014,0.2526298029518756
343,-2.8925000000000005,0.25212454334597184
344,-2.892500000000001,0.2516202942592799
345,-2.8050000000000006,0.2511170536707613
346,-2.7687500000000003,0.2506148195634198
347,-2.9362500000000007,0.25011358992429295
348,-3.0325000000000015,0.24961336274444434
349,-3.0987499999999994,0.24911413601895546
350,-2.941250000000001,0.24861590774691755
351,-2.798750000000001,0.24811867593142373
352,-2.7725000000000004,0.24762243857956087
353,-2.6550000000000002,0.24712719370240174
354,-3.062500000000001,0.24663293931499694
355,-2.8650000000000007,0.24613967343636695
356,-2.7787500000000005,0.2456473940894942
357,-2.9400000000000004,0.2451560993013152
358,-2.972500000000001,0.24466578710271258
359,-2.95875,0.24417645552850717
360,-2.870000000000001,0.24368810261745016
361,-2.850000000000001,0.24320072641221527
362,-2.81625,0.24271432495939083
363,-2.847500000000001,0.24222889630947203
364,-2.932500000000001,0.2417444385168531
365,-2.903750000000001,0.2412609496398194
366,-2.855000000000001,0.24077842774053976
367,-2.835000000000001,0.2402968708850587
368,-2.9400000000000013,0.23981627714328857
369,-2.950000000000001,0.239336644589002
370,-2.876250000000001,0.238857971299824
371,-2.91,0.23838025535722435
372,-2.9600000000000013,0.2379034948465099
373,-2.950000000000001,0.2374276878568169
374,-2.9237500000000014,0.23695283248110327
375,-2.8400000000000007,0.23647892681614108
376,-2.8975000000000004,0.2360059689625088
377,-2.8862500000000004,0.2355339570245838
378,-2.9800000000000013,0.23506288911053463
379,-2.9462500000000014,0.23459276333231358
380,-2.9912500000000013,0.23412357780564894
381,-2.786250000000001,0.23365533065003763
382,-2.77375,0.23318801998873756
383,-2.9312500000000012,0.23272164394876008
384,-2.9325000000000006,0.23225620066086256
385,-2.862500000000001,0.23179168825954083
386,-3.0212500000000007,0.23132810488302175
387,-2.846250000000001,0.2308654486732557
388,-2.916250000000001,0.23040371777590918
389,-2.8300000000000005,0.22994291034035735
390,-2.811250000000001,0.22948302451967664
391,-2.9837500000000006,0.22902405847063728
392,-2.780000000000001,0.228566010353696
393,-2.938750000000001,0.22810887833298862
394,-2.937500000000001,0.22765266057632264
395,-3.032500000000001,0.22719735525516999
396,-2.9425000000000012,0.22674296054465964
397,0.34624999999999995,0.22628947462357032
398,-2.8625000000000007,0.2258368956743232
399,-2.8750000000000004,0.22538522188297455
400,-2.9037500000000014,0.2249344514392086
401,-3.306250000000001,0.22448458253633016
402,-2.8300000000000005,0.2240356133712575
403,-2.9725000000000006,0.22358754214451498
404,-2.875000000000001,0.22314036706022594
405,-2.8475000000000006,0.2226940863261055
406,-2.9500000000000006,0.22224869815345327
407,-2.6600000000000006,0.22180420075714635
408,-3.0350000000000015,0.22136059235563205
409,-2.8262500000000004,0.2209178711709208
410,-2.8787500000000006,0.22047603542857896
411,-2.9600000000000004,0.22003508335772182
412,-2.911250000000001,0.21959501319100638
413,-2.896250000000001,0.21915582316462437
414,-2.761250000000001,0.21871751151829513
415,-2.990000000000001,0.21828007649525855
416,-2.7737500000000006,0.21784351634226803
417,-2.830000000000001,0.2174078293095835
418,-3.013750000000001,0.21697301365096433
419,-2.7175000000000007,0.2165390676236624
420,0.14124999999999988,0.21610598948841508
421,-2.792500000000001,0.21567377750943825
422,-2.8612500000000005,0.21524242995441936
423,-2.8287500000000003,0.21481194509451051
424,-2.8162499999999997,0.2143823212043215
425,-2.990000000000001,0.21395355656191284
426,0.1725000000000001,0.21352564944878902
427,-2.8800000000000012,0.21309859814989143
428,-2.7312500000000006,0.21267240095359166
429,-2.9050000000000007,0.2122470561516845
430,-2.9150000000000005,0.21182256203938113
431,-2.7587499999999996,0.21139891691530235
432,-2.7800000000000007,0.21097611908147174
433,-2.9025000000000003,0.2105541668433088
434,-2.9575,0.2101330585096222
435,-3.30625,0.20971279239260293
436,-2.998750000000001,0.20929336680781774
437,-2.866250000000001,0.2088747800742021
438,-3.068750000000001,0.2084570305140537
439,-2.7612500000000004,0.2080401164530256
440,-2.7287500000000002,0.20762403622011955
441,-2.860000000000001,0.20720878814767932
442,-2.830000000000001,0.20679437057138395
443,-2.983750000000001,0.20638078183024117
444,-2.7600000000000007,0.20596802026658068
445,-2.77375,0.20555608422604751
446,-2.816250000000001,0.2051449720575954
447,-2.79,0.20473468211348023
448,-2.897500000000001,0.20432521274925328
449,-2.942500000000001,0.20391656232375477
450,-2.866250000000001,0.20350872919910726
451,-3.1599999999999997,0.20310171174070904
452,-3.0212499999999998,0.20269550831722763
453,-2.9237500000000014,0.20229011730059318
454,-2.9950000000000014,0.201885537065992
455,-2.886250000000001,0.20148176599186002
456,-2.873750000000001,0.2010788024598763
457,-2.993750000000001,0.20067664485495657
458,-2.897500000000001,0.20027529156524665
459,-2.9300000000000006,0.19987474098211616
460,-2.798750000000001,0.19947499150015194
461,-2.8650000000000007,0.19907604151715164
462,-2.822500000000001,0.19867788943411732
463,-2.858750000000001,0.19828053365524909
464,-2.922500000000001,0.19788397258793858
465,-2.905000000000001,0.1974882046427627
466,-3.1487500000000024,0.1970932282334772
467,-2.6224999999999996,0.19669904177701023
468,-2.8500000000000005,0.1963056436934562
469,-2.8500000000000014,0.1959130324060693
470,-2.7325000000000004,0.19552120634125716
471,-2.8237500000000004,0.19513016392857466
472,-2.8425000000000007,0.1947399036007175
473,-2.9225000000000008,0.19435042379351605
474,-2.7800000000000002,0.19396172294592903
475,-2.8250000000000006,0.19357379950003717
476,-2.896250000000001,0.1931866519010371
477,-2.7187500000000004,0.19280027859723503
478,-2.972500000000001,0.19241467804004056
479,-2.8725000000000005,0.19202984868396047
480,-3.501250000000001,0.19164578898659254
481,-2.9225000000000008,0.19126249740861936
482,-2.822500000000001,0.1908799724138021
483,-2.7687500000000007,0.1904982124689745
484,-2.908750000000001,0.19011721604403656
485,-2.8287500000000008,0.1897369816119485
486,-3.002500000000001,0.18935750764872458
487,-3.021250000000001,0.18897879263342712
488,-2.8587499999999997,0.18860083504816028
489,-2.8625000000000007,0.18822363337806394
490,-2.835000000000001,0.18784718611130782
491,-2.871250000000001,0.1874714917390852
492,-2.836250000000001,0.18709654875560702
493,-2.9837500000000006,0.1867223556580958
494,-2.825000000000001,0.1863489109467796
495,-2.8237500000000004,0.18597621312488605
496,-2.825,0.18560426069863628
497,-2.8650000000000007,0.185233052177239
498,-2.6500000000000004,0.18486258607288453
499,-2.8850000000000016,0.18449286090073877
500,-2.9900000000000007,0.1841238751789373
501,-3.156249999999999,0.18375562742857943
502,-2.8100000000000005,0.18338811617372228
503,-3.0462500000000006,0.18302133994137484
504,-2.941250000000001,0.1826552972614921
505,-2.885000000000001,0.1822899866669691
506,-3.0100000000000002,0.18192540669363516
507,-2.8112500000000007,0.1815615558802479
508,-2.9675000000000007,0.1811984327684874
509,-2.8550000000000004,0.18083603590295044
510,-2.8937500000000007,0.18047436383114454
511,-3.021250000000001,0.18011341510348225
512,-2.8725,0.17975318827327527
513,-2.903750000000001,0.17939368189672872
514,1.02125,0.17903489453293525
515,-2.71125,0.17867682474386937
516,-2.867500000000001,0.17831947109438162
517,-2.830000000000001,0.17796283215219286
518,-2.8100000000000005,0.17760690648788846
519,-2.950000000000001,0.17725169267491267
520,-2.8662500000000013,0.17689718928956286
521,-2.9600000000000004,0.17654339491098373
522,-2.855000000000001,0.17619030812116176
523,-2.9487500000000004,0.17583792750491944
524,-2.867500000000001,0.1754862516499096
525,-2.9037500000000005,0.17513527914660978
526,-2.7475000000000005,0.17478500858831655
527,-2.972500000000001,0.1744354385711399
528,-2.8737500000000007,0.17408656769399763
529,-2.7300000000000004,0.17373839455860965
530,-2.8725000000000005,0.17339091776949242
531,-2.9987500000000016,0.17304413593395343
532,-2.9162500000000007,0.17269804766208552
533,-2.872500000000001,0.17235265156676136
534,-2.892500000000001,0.17200794626362784
535,-2.8175,0.1716639303711006
536,-2.9962500000000003,0.17132060251035838
537,-2.8675000000000006,0.17097796130533766
538,-2.8925000000000005,0.17063600538272697
539,-2.7300000000000004,0.17029473337196152
540,-2.961250000000001,0.1699541439052176
541,-2.980000000000001,0.16961423561740716
542,-2.9425000000000012,0.16927500714617233
543,-3.1037500000000002,0.16893645713188
544,-2.8737500000000007,0.16859858421761623
545,-2.8300000000000005,0.168261387049181
546,-3.1637500000000003,0.16792486427508263
547,-2.833750000000001,0.16758901454653247
548,-2.8737500000000007,0.1672538365174394
549,-2.8162499999999993,0.16691932884440452
550,-2.816250000000001,0.1665854901867157
551,-2.7362500000000005,0.16625231920634226
552,-3.1437499999999994,0.16591981456792956
553,-2.835000000000001,0.1655879749387937
554,-3.150000000000001,0.16525679898891613
555,-2.930000000000001,0.1649262853909383
556,-2.940000000000001,0.1645964328201564
557,-2.952500000000001,0.1642672399545161
558,-3.1062499999999993,0.16393870547460707
559,-2.881250000000001,0.16361082806365784
560,-2.855000000000001,0.16328360640753053
561,0.7087499999999999,0.16295703919471546
562,-2.7287500000000007,0.16263112511632602
563,-2.96875,0.16230586286609336
564,-2.7112499999999997,0.16198125114036116
565,-2.972500000000001,0.16165728863808043
566,-2.7800000000000007,0.16133397406080427
567,-2.8437500000000013,0.16101130611268266
568,-2.872500000000001,0.1606892835004573
569,-2.786250000000001,0.1603679049334564
570,-2.9987500000000002,0.1600471691235895
571,-2.9637500000000006,0.15972707478534232
572,-2.8475,0.15940762063577163
573,-2.7000000000000006,0.1590888053945001
574,1.095,0.1587706277837111
575,-2.8362500000000006,0.15845308652814366
576,1.0612500000000002,0.15813618035508736
577,-2.87875,0.1578199079943772
578,-2.7312500000000006,0.15750426817838845
579,-2.9600000000000004,0.15718925964203168
580,-2.7800000000000007,0.1568748811227476
581,-3.0475000000000008,0.15656113136050212
582,1.1675,0.1562480090977811
583,-2.8675,0.15593551307958556
584,-2.7187500000000004,0.15562364205342638
585,-2.835,0.15531239476931952
586,-2.938750000000001,0.15500176997978088
587,-3.0799999999999996,0.15469176643982133
588,-2.837500000000001,0.15438238290694167
589,-2.8737500000000007,0.1540736181411278
590,-2.7787500000000005,0.15376547090484555
591,-2.8425000000000002,0.15345793996303586
592,-2.8550000000000004,0.1531510240831098
593,-2.9337500000000007,0.15284472203494356
594,-2.9162500000000007,0.15253903259087367
595,0.7474999999999999,0.15223395452569194
596,-2.705,0.15192948661664055
597,-2.8675000000000006,0.15162562764340726
598,-2.7862500000000003,0.15132237638812043
599,-2.8475000000000006,0.15101973163534418
600,-2.880000000000001,0.1507176921720735
601,-2.862500000000001,0.15041625678772935
602,-2.7375000000000007,0.1501154242741539
603,-3.0550000000000006,0.1498151934256056
604,-2.918750000000001,0.14951556303875438
605,-2.9587500000000007,0.14921653191267686
606,-2.8900000000000006,0.14891809884885152
607,1.1612500000000001,0.1486202626511538
608,-2.8762500000000006,0.1483230221258515
609,-2.8987499999999993,0.1480263760815998
610,-2.950000000000001,0.14773032332943659
611,-2.900000000000001,0.14743486268277772
612,-3.0100000000000002,0.14713999295741217
613,-2.8925000000000005,0.14684571297149734
614,-2.905000000000001,0.14655202154555436
615,-2.8675000000000006,0.14625891750246325
616,-2.957500000000001,0.14596639966745834
617,-2.6687500000000006,0.1456744668681234
618,-2.81,0.14538311793438716
619,-2.897500000000001,0.1450923516985184
620,-2.96125,0.14480216699512136
621,-2.7800000000000007,0.1445125626611311
622,-2.7487500000000002,0.14422353753580885
623,-3.0400000000000005,0.14393509046073724
624,1.495,0.14364722027981577
625,-2.9162500000000002,0.14335992583925614
626,-3.01875,0.1430732059875776
627,-2.9562500000000007,0.14278705957560245
628,-2.867500000000001,0.14250148545645125
629,-2.871250000000001,0.14221648248553834
630,-2.8175000000000003,0.14193204952056726
631,-2.9600000000000004,0.14164818542152613
632,-3.055,0.1413648890506831
633,-2.7312499999999997,0.14108215927258172
634,-2.8600000000000003,0.14079999495403656
635,-2.9337500000000003,0.1405183949641285
636,-2.8975,0.14023735817420024
637,-2.90375,0.13995688345785184
638,-3.073750000000001,0.13967696969093615
639,-2.8812499999999996,0.1393976157515543
640,-3.027500000000001,0.13911882052005117
641,-2.7900000000000005,0.13884058287901108
642,-2.960000000000001,0.13856290171325306
643,0.9712500000000002,0.13828577590982655
644,-3.572500000000002,0.1380092043580069
645,-2.94875,0.13773318594929088
646,-2.775000000000001,0.1374577195773923
647,-2.9712500000000004,0.13718280413823752
648,-2.9475000000000007,0.13690843852996104
649,-2.87875,0.1366346216529011
650,-2.89625,0.1363613524095953
651,-3.1362500000000004,0.13608862970477612
652,-2.835000000000001,0.13581645244536655
653,-2.892500000000001,0.1355448195404758
654,-2.817500000000001,0.13527372990139486
655,-2.94125,0.13500318244159207
656,-2.8375000000000004,0.13473317607670887
657,-2.98625,0.13446370972455546
658,-2.825,0.13419478230510634
659,-2.8625000000000007,0.13392639274049614
660,-2.8287500000000008,0.13365853995501514
661,-2.810000000000001,0.1333912228751051
662,-3.09625,0.1331244404293549
663,-3.038750000000001,0.13285819154849618
664,-2.837500000000001,0.13259247516539918
665,-2.896250000000001,0.1323272902150684
666,-2.82,0.13206263563463827
667,-2.9250000000000003,0.13179851036336898
668,-2.78,0.13153491334264225
669,1.0212500000000002,0.13127184351595697
670,-2.93125,0.13100929982892506
671,-2.866250000000001,0.1307472812292672
672,-2.9500000000000006,0.13048578666680868
673,-2.9525000000000006,0.13022481509347505
674,-2.923750000000001,0.1299643654632881
675,-2.9912500000000004,0.1297044367323615
676,-2.873750000000001,0.12944502785889678
677,-2.755000000000001,0.12918613780317897
678,-2.8625000000000003,0.12892776552757262
679,-3.0174999999999996,0.12866990999651748
680,-3.0474999999999994,0.12841257017652444
681,-2.7187500000000004,0.1281557450361714
682,-2.9675,0.12789943354609903
683,-2.860000000000001,0.12764363467900683
684,-3.44375,0.12738834740964883
685,-2.9800000000000004,0.12713357071482953
686,-2.9624999999999995,0.12687930357339988
687,-2.8799999999999994,0.12662554496625308
688,-2.7425,0.12637229387632057
689,-2.7800000000000002,0.12611954928856792
690,-2.96125,0.12586731018999078
691,-2.961250000000001,0.1256155755696108
692,-3.0837499999999993,0.12536434441847158
693,-3.0737500000000004,0.12511361572963464
694,-2.8112500000000002,0.12486338849817537
695,-2.8312500000000007,0.12461366172117902
696,-2.786250000000001,0.12436443439773666
697,-2.7975000000000003,0.12411570552894119
698,-2.89875,0.1238674741178833
699,-2.9112500000000003,0.12361973916964754
700,-2.9125000000000005,0.12337249969130824
701,-2.8687499999999995,0.12312575469192563
702,-3.2062500000000016,0.12287950318254177
703,-2.8175000000000003,0.12263374417617669
704,-2.897500000000001,0.12238847668782434
705,-3.0499999999999994,0.12214369973444869
706,-3.0162500000000003,0.12189941233497979
707,-2.892500000000001,0.12165561351030983
708,-2.9162500000000002,0.12141230228328921
709,-3.0062500000000014,0.12116947767872263
710,-2.79375,0.12092713872336519
711,-2.911250000000001,0.12068528444591846
712,-2.8812500000000005,0.12044391387702662
713,-2.94375,0.12020302604927256
714,-2.912500000000001,0.11996261999717402
715,-2.9050000000000002,0.11972269475717967
716,-2.971250000000001,0.11948324936766531
717,-2.9374999999999996,0.11924428286892999
718,-2.923750000000001,0.11900579430319214
719,-2.8812500000000005,0.11876778271458575
720,-2.9837500000000015,0.11853024714915658
721,-2.855000000000001,0.11829318665485827
722,-2.8925000000000005,0.11805660028154856
723,-2.79375,0.11782048708098546
724,-2.9725000000000015,0.11758484610682349
725,-2.8674999999999993,0.11734967641460985
726,-2.846250000000001,0.11711497706178063
727,-3.00875,0.11688074710765707
728,-2.6750000000000003,0.11664698561344175
729,-2.775000000000001,0.11641369164221486
730,-3.1662500000000002,0.11618086425893043
731,-2.8362499999999997,0.11594850253041257
732,-2.9549999999999996,0.11571660552535175
733,-2.875000000000001,0.11548517231430104
734,-2.997499999999999,0.11525420196967244
735,-2.90625,0.1150236935657331
736,-2.968750000000001,0.11479364617860163
737,-2.905000000000001,0.11456405888624444
738,-2.91125,0.11433493076847194
739,-2.835000000000001,0.114106260906935
740,-2.8250000000000006,0.11387804838512113
741,-2.9799999999999995,0.11365029228835088
742,-2.91875,0.11342299170377418
743,-2.798750000000001,0.11319614572036663
744,-2.86125,0.11296975342892589
745,-2.8987500000000006,0.11274381392206803
746,-2.9425,0.1125183262942239
747,-3.085,0.11229328964163544
748,-2.9287499999999995,0.11206870306235217
749,-2.9537500000000008,0.11184456565622747
750,-3.07375,0.11162087652491501
751,-2.781250000000001,0.11139763477186518
752,-2.9862500000000005,0.11117483950232145
753,-2.7,0.1109524898233168
754,-2.90875,0.11073058484367017
755,-2.8600000000000008,0.11050912367398283
756,-3.0175000000000005,0.11028810542663486
757,-3.0925000000000016,0.1100675292157816
758,-2.960000000000001,0.10984739415735004
759,-2.892500000000001,0.10962769936903534
760,-2.97375,0.10940844397029727
761,-2.7662500000000003,0.10918962708235667
762,-2.94375,0.10897124782819197
763,-2.983750000000001,0.10875330533253558
764,-2.9112500000000012,0.10853579872187051
765,-2.886250000000001,0.10831872712442676
766,-2.93,0.10810208967017791
767,-2.88125,0.10788588549083755
768,-2.843750000000001,0.10767011371985588
769,-3.1449999999999996,0.10745477349241617
770,-3.0300000000000002,0.10723986394543134
771,-2.8350000000000004,0.10702538421754047
772,-2.823750000000001,0.10681133344910539
773,-2.91875,0.10659771078220717
774,-2.9162500000000007,0.10638451536064276
775,-2.818750000000001,0.10617174632992148
776,-2.88125,0.10595940283726163
777,-2.905000000000001,0.10574748403158711
778,-2.99875,0.10553598906352393
779,-3.2087500000000007,0.10532491708539689
780,-2.8125000000000004,0.10511426725122609
781,-3.0662500000000006,0.10490403871672364
782,-3.08125,0.10469423063929019
783,-2.918750000000001,0.10448484217801161
784,-2.7537500000000006,0.1042758724936556
785,-2.862500000000001,0.10406732074866828
786,-3.0849999999999995,0.10385918610717094
787,-2.935000000000001,0.1036514677349566
788,-2.9249999999999994,0.10344416479948669
789,-3.1375000000000006,0.10323727646988771
790,-2.9675000000000007,0.10303080191694794
791,-3.0124999999999997,0.10282474031311405
792,-2.9425,0.10261909083248782
793,-2.893750000000001,0.10241385265082285
794,-2.98,0.10220902494552121
795,-2.875000000000001,0.10200460689563016
796,-3.4512499999999995,0.10180059768183891
797,-2.9737500000000003,0.10159699648647523
798,-2.6987500000000004,0.10139380249350229
799,-2.861249999999999,0.10119101488851528
800,-2.8300000000000005,0.10098863285873826
801,-2.908750000000001,0.10078665559302077
802,-2.905000000000001,0.10058508228183473
803,-3.0549999999999993,0.10038391211727106
804,-2.8737500000000007,0.10018314429303651
805,-2.730000000000001,0.1
806,-2.955,0.1
807,-2.978750000000001,0.1
808,-2.9987500000000002,0.1
809,-2.8974999999999995,0.1
810,-3.3049999999999997,0.1
811,-2.87875,0.1
812,-3.0775,0.1
813,-2.9562500000000003,0.1
814,-2.7362500000000005,0.1
815,-2.818750000000001,0.1
816,-2.9749999999999996,0.1
817,1.5125000000000002,0.1
818,-3.0450000000000004,0.1
819,-2.93,0.1
820,-3.0625,0.1
821,-2.9000000000000004,0.1
822,-2.9099999999999993,0.1
823,-2.7800000000000007,0.1
824,-2.8175000000000012,0.1
825,-2.9375000000000004,0.1
826,-2.883750000000001,0.1
827,-2.7500000000000004,0.1
828,-2.942500000000001,0.1
829,-2.900000000000001,0.1
830,-2.886250000000001,0.1
831,-2.7562500000000005,0.1
832,-2.905,0.1
833,-2.84125,0.1
834,-2.99125,0.1
835,-2.7250000000000005,0.1
836,-2.8487500000000003,0.1
837,-2.875000000000001,0.1
838,-2.98,0.1
839,-2.9299999999999993,0.1
840,-2.9375000000000004,0.1
841,-2.873750000000001,0.1
842,-2.7924999999999995,0.1
843,-2.9912500000000017,0.1
844,-2.7937499999999997,0.1
845,-3.0124999999999997,0.1
846,-2.9175,0.1
847,-3.0625,0.1
848,-2.792500000000001,0.1
849,-2.8987499999999997,0.1
850,-3.0287500000000005,0.1
851,-2.954999999999999,0.1
852,-2.9612499999999997,0.1
853,-2.9375,0.1
854,-3.0362500000000003,0.1
855,-2.8787500000000006,0.1
856,-2.8000000000000007,0.1
857,-2.85,0.1
858,-2.97875,0.1
859,-2.8874999999999997,0.1
860,-3.0624999999999996,0.1
861,-2.87375,0.1
862,-2.9900000000000007,0.1
863,-3.02375,0.1
864,-2.7,0.1
865,-2.8899999999999992,0.1
866,-3.08,0.1
867,-2.868750000000001,0.1
868,-3.0437500000000006,0.1
869,-3.1450000000000005,0.1
870,-2.9250000000000007,0.1
871,-2.9499999999999997,0.1
872,-3.0612500000000002,0.1
873,-2.847500000000001,0.1
874,-2.97875,0.1
875,-2.76875,0.1
876,-3.0000000000000004,0.1
877,-2.9799999999999995,0.1
878,-2.9875,0.1
879,-2.9175000000000004,0.1
880,-2.9924999999999997,0.1
881,-2.99875,0.1
882,-2.837499999999999,0.1
883,-2.923749999999999,0.1
884,-3.0324999999999993,0.1
885,-2.9424999999999994,0.1
886,-2.94875,0.1
887,-2.9187500000000006,0.1
888,-3.0600000000000005,0.1
889,-2.8,0.1
890,-2.95375,0.1
891,-2.9475,0.1
892,-2.7549999999999994,0.1
893,-2.810000000000001,0.1
894,-3.0025000000000004,0.1
895,-3.1125000000000003,0.1
896,-2.8962499999999993,0.1
897,-2.9687499999999996,0.1
898,-3.0312500000000004,0.1
899,-3.0737500000000004,0.1
900,-2.9750000000000005,0.1
901,-2.8799999999999994,0.1
902,-3.662500000000002,0.1
903,-2.9174999999999995,0.1
904,-2.947499999999999,0.1
905,-2.9612500000000006,0.1
906,-2.9774999999999996,0.1
907,-2.8487500000000003,0.1
908,-3.0475000000000008,0.1
909,-3.0250000000000012,0.1
910,-2.99875,0.1
911,-2.7875,0.1
912,-2.8499999999999996,0.1
913,-2.88,0.1
914,-2.9687500000000004,0.1
915,-2.9500000000000006,0.1
916,-3.0774999999999992,0.1
917,-3.05375,0.1
918,-2.9437500000000005,0.1
919,-2.9000000000000004,0.1
920,-2.9825,0.1
921,-2.8000000000000003,0.1
922,-3.0050000000000003,0.1
923,-3.623750000000001,0.1
924,-2.87375,0.1
925,-2.93625,0.1
926,-2.8249999999999997,0.1
927,-2.9437500000000005,0.1
928,-3.0462499999999992,0.1
929,-2.8375,0.1
930,-2.9487499999999995,0.1
931,-2.9674999999999994,0.1
932,-2.855,0.1
933,-3.055,0.1
934,-2.9925,0.1
935,-2.8975000000000004,0.1
936,-2.82375,0.1
937,-3.0925000000000002,0.1
938,-2.8800000000000003,0.1
939,-2.9187500000000006,0.1
940,-2.9299999999999997,0.1
941,-3.130000000000001,0.1
942,-2.8749999999999996,0.1
943,-3.012500000000001,0.1
944,-2.99875,0.1
945,-2.8674999999999997,0.1
946,-2.9850000000000008,0.1
947,-3.01125,0.1
948,-3.1412500000000003,0.1
949,-3.006250000000001,0.1
950,-2.9312500000000004,0.1
951,-2.9875000000000007,0.1
952,-2.9375,0.1
953,-3.0275,0.1
954,-2.8537500000000007,0.1
955,-2.90625,0.1
956,-3.0725,0.1
957,-2.9912500000000004,0.1
958,-2.8674999999999997,0.1
959,-3.031250000000001,0.1
960,0.7849999999999999,0.1
961,-2.8999999999999995,0.1
962,-2.94875,0.1
963,-2.9812500000000015,0.1
964,-2.950000000000001,0.1
965,-3.07375,0.1
966,-2.912500000000001,0.1
967,-2.923750000000001,0.1
968,-2.9737500000000012,0.1
969,-2.993750000000001,0.1
970,-2.9050000000000002,0.1
971,-3.1300000000000012,0.1
972,-2.947500000000001,0.1
973,-3.01,0.1
974,-3.6700000000000017,0.1
975,-3.025000000000001,0.1
976,-2.9800000000000004,0.1
977,-2.9750000000000005,0.1
978,-2.87875,0.1
979,-3.035000000000001,0.1
980,-3.1300000000000003,0.1
981,-3.02375,0.1
982,-2.947500000000001,0.1
983,-2.96625,0.1
984,-2.9937500000000004,0.1
985,-2.8187500000000005,0.1
986,-2.7850000000000006,0.1
987,-2.880000000000001,0.1
988,-2.948750000000001,0.1
989,-3.1037500000000016,0.1
990,-3.11125,0.1
991,-2.836250000000001,0.1
992,-3.0612500000000007,0.1
993,-2.848750000000001,0.1
994,-3.0250000000000012,0.1
995,-2.8499999999999996,0.1
996,-2.893750000000001,0.1
997,-2.81875,0.1
998,-2.8625000000000007,0.1
999,-2.9287500000000004,0.1
1000,-2.8687500000000004,0.1
1001,-2.953750000000001,0.1
1002,-3.0612500000000002,0.1
1003,-3.050000000000001,0.1
1004,-2.918750000000001,0.1
1005,-3.00625,0.1
1006,-3.11125,0.1
1007,-2.9000000000000012,0.1
1008,-2.8800000000000003,0.1
1009,-2.9437500000000005,0.1
1010,-3.03,0.1
1011,-3.396250000000001,0.1
1012,-3.1037500000000007,0.1
1013,-2.9212499999999997,0.1
1014,-2.831250000000001,0.1
1015,-3.418750000000001,0.1
1016,-3.05,0.1
1017,0.79625,0.1
1018,-3.2387500000000005,0.1
1019,-3.115,0.1
1020,-2.98125,0.1
1021,-2.9687500000000013,0.1
1022,-2.906250000000001,0.1
1023,-3.0000000000000013,0.1
1024,-3.06125,0.1
1025,-2.917500000000001,0.1
1026,-2.8987500000000006,0.1
1027,-2.9050000000000002,0.1
1028,-3.017500000000001,0.1
1029,-3.047500000000001,0.1
1030,-3.025000000000001,0.1
1031,-3.041250000000001,0.1
1032,-2.9000000000000004,0.1
1033,-3.0362500000000003,0.1
1034,-3.07625,0.1
1035,-3.1900000000000004,0.1
1036,-2.8687500000000012,0.1
1037,-3.035,0.1
1038,-2.9212500000000006,0.1
1039,-3.092500000000001,0.1
1040,-3.2275,0.1
1041,-2.96625,0.1
1042,-2.9000000000000004,0.1
1043,-2.9962500000000007,0.1
1044,-2.9725,0.1
1045,-3.0700000000000007,0.1
1046,-3.19625,0.1
1047,-2.960000000000001,0.1
1048,-3.0050000000000003,0.1
1049,-3.0300000000000007,0.1
1050,-3.120000000000002,0.1
1051,-2.8900000000000006,0.1
1052,-3.75,0.1
1053,-2.9937500000000017,0.1
1054,-3.1437500000000007,0.1
1055,-2.9787500000000007,0.1
1056,-2.9500000000000006,0.1
1057,-3.0225,0.1
1058,-2.967500000000001,0.1
1059,-2.9562500000000007,0.1
1060,-3.0062500000000005,0.1
1061,1.2637500000000002,0.1
1062,-3.0112500000000004,0.1
1063,0.6375,0.1
1064,-3.0925000000000007,0.1
1065,-3.0612500000000016,0.1
1066,-3.0425,0.1
1067,-3.040000000000001,0.1
1068,-2.9300000000000006,0.1
1069,-2.9300000000000006,0.1
1070,-3.1225,0.1
1071,-2.9250000000000003,0.1
1072,-3.1037500000000002,0.1
1073,-2.8187500000000005,0.1
1074,-2.9787500000000007,0.1
1075,-2.986250000000001,0.1
1076,-2.993750000000001,0.1
1077,-3.08,0.1
1078,-3.1225000000000005,0.1
1079,-3.046250000000001,0.1
1080,-2.9675000000000002,0.1
1081,-3.0362500000000003,0.1
1082,-3.0737500000000013,0.1
1083,-2.9862500000000014,0.1
1084,-2.9625000000000004,0.1
1085,-3.0925000000000007,0.1
1086,-3.02375,0.1
1087,-3.005000000000001,0.1
1088,-3.0362500000000003,0.1
1089,-3.0475000000000003,0.1
1090,-2.8000000000000007,0.1
1091,-2.8487500000000003,0.1
1092,-3.14125,0.1
1093,-3.100000000000001,0.1
1094,-2.9187499999999997,0.1
1095,-2.7812500000000004,0.1
1096,-2.955,0.1
1097,-2.9250000000000007,0.1
1098,-3.0237499999999997,0.1
1099,-2.9362500000000007,0.1
1100,-2.9625000000000017,0.1
1101,-3.0925000000000007,0.1
1102,-2.9050000000000007,0.1
1103,-2.9675000000000007,0.1
1104,-3.0800000000000005,0.1
1105,-2.89875,0.1
1106,-3.0050000000000003,0.1
1107,-2.950000000000001,0.1
1108,-2.9375000000000004,0.1
1109,-2.818750000000001,0.1
1110,-2.9787500000000007,0.1
1111,-2.880000000000001,0.1
1112,-3.0237500000000006,0.1
1113,-3.04125,0.1
1114,-2.99,0.1
1115,-2.8812500000000005,0.1
1116,-2.99875,0.1
1117,-2.980000000000001,0.1
1118,-2.831250000000001,0.1
1119,-3.0425000000000004,0.1
1120,-2.856250000000001,0.1
1121,-2.918750000000001,0.1
1122,0.050000000000000044,0.1
1123,-2.8675,0.1
1124,-2.99875,0.1
1125,-3.036250000000001,0.1
1126,-2.968750000000001,0.1
1127,-2.9250000000000007,0.1
1128,-3.03125,0.1
1129,-3.1,0.1
1130,-3.0600000000000005,0.1
1131,-2.9250000000000007,0.1
1132,-2.8187499999999996,0.1
1133,-2.986250000000001,0.1
1134,-2.912500000000001,0.1
1135,-3.0250000000000004,0.1
1136,-3.0625000000000004,0.1
1137,-2.830000000000001,0.1
1138,-3.073750000000001,0.1
1139,-3.0237500000000006,0.1
1140,-2.8499999999999996,0.1
1141,0.3587499999999997,0.1
1142,-2.917500000000001,0.1
1143,-3.062500000000001,0.1
1144,-3.1150000000000007,0.1
1145,-3.023750000000001,0.1
1146,-2.9962500000000003,0.1
1147,-2.975000000000002,0.1
1148,-2.95,0.1
1149,-2.980000000000001,0.1
1150,-2.8912500000000003,0.1
1151,-2.9775000000000014,0.1
1152,-3.0500000000000007,0.1
1153,-3.073750000000001,0.1
1154,-3.023750000000001,0.1
1155,-2.8687500000000004,0.1
1156,-3.010000000000001,0.1
1157,-3.062500000000001,0.1
1158,-3.0362500000000003,0.1
1159,-3.061250000000001,0.1
1160,-3.1375,0.1
1161,-2.956250000000001,0.1
1162,-2.99125,0.1
1163,0.4374999999999998,0.1
1164,-3.1525000000000007,0.1
1165,-2.900000000000001,0.1
1166,-2.9687500000000013,0.1
1167,-2.931250000000001,0.1
1168,-2.9962500000000007,0.1
1169,-3.0587500000000003,0.1
1170,-3.111250000000001,0.1
1171,-3.0475000000000008,0.1
1172,-2.9875000000000007,0.1
1173,-3.025000000000001,0.1
1174,-3.0475000000000008,0.1
1175,-3.031250000000001,0.1
1176,-2.980000000000001,0.1
1177,-2.800000000000001,0.1
1178,-2.98,0.1
1179,-2.9750000000000005,0.1
1180,-3.031250000000001,0.1
1181,-2.9375000000000004,0.1
1182,-3.122500000000001,0.1
1183,-3.0350000000000015,0.1
1184,-3.0312500000000004,0.1
1185,-2.9875,0.1
1186,-2.9675000000000007,0.1
1187,-2.906250000000001,0.1
1188,-2.9875000000000007,0.1
1189,-2.9500000000000006,0.1
1190,-2.9000000000000012,0.1
1191,-2.912500000000001,0.1
1192,-3.081250000000001,0.1
1193,-3.073750000000001,0.1
1194,-2.9250000000000007,0.1
1195,-2.8925000000000005,0.1
1196,-3.006250000000001,0.1
1197,-2.9112500000000003,0.1
1198,-3.0500000000000007,0.1
1199,-2.93,0.1
1200,-3.0925000000000007,0.1
1201,-2.811250000000001,0.1
1202,1.0425,0.1
1203,-2.987500000000001,0.1
1204,-2.957500000000001,0.1
1205,-2.7875000000000005,0.1
1206,-2.912500000000001,0.1
1207,1.45875,0.1
1208,-2.852500000000001,0.1
1209,-2.9862500000000005,0.1
1210,-2.985000000000001,0.1
1211,-2.986250000000001,0.1
1212,-3.130000000000001,0.1
1213,-3.1112500000000014,0.1
1214,-3.0312500000000004,0.1
1215,-3.38,0.1
1216,-3.0050000000000012,0.1
1217,-2.8687500000000004,0.1
1218,-2.800000000000001,0.1
1219,-2.931250000000001,0.1
1220,-3.017500000000001,0.1
1221,-2.923750000000001,0.1
1222,-3.006250000000001,0.1
1223,-2.9500000000000006,0.1
1224,-2.9375000000000004,0.1
1225,-3.036250000000001,0.1
1226,-2.9487500000000013,0.1
1227,-3.0550000000000006,0.1
1228,-2.9750000000000014,0.1
1229,-2.942500000000001,0.1
1230,-2.730000000000001,0.1
1231,-2.935000000000001,0.1
1232,-2.850000000000001,0.1
1233,-2.8875000000000015,0.1
1234,-2.975000000000001,0.1
1235,-3.073750000000001,0.1
1236,-3.073750000000001,0.1
1237,-3.0900000000000003,0.1
1238,-3.0175000000000005,0.1
1239,-2.9375000000000018,0.1
1240,-3.03625,0.1
1241,-2.9362500000000007,0.1
1242,-2.856250000000001,0.1
1243,-2.9000000000000004,0.1
1244,-3.0275000000000007,0.1
1245,-3.0050000000000003,0.1
1246,-3.0737500000000013,0.1
1247,-3.0362500000000012,0.1
1248,-3.0000000000000013,0.1
1249,-3.26875,0.1
1250,-2.842500000000001,0.1
1251,-3.0437500000000015,0.1
1252,-2.773750000000001,0.1
1253,-2.9875000000000016,0.1
1254,-3.0050000000000003,0.1
1255,-3.0350000000000015,0.1
1256,-2.8312500000000003,0.1
1257,-2.986250000000001,0.1
1258,-2.9937500000000012,0.1
1259,-2.975000000000001,0.1
1260,-3.0650000000000017,0.1
1261,-2.9050000000000002,0.1
1262,-3.016250000000002,0.1
1263,-3.1200000000000006,0.1
1264,-3.0250000000000017,0.1
1265,-3.0300000000000016,0.1
1266,-2.918750000000001,0.1
1267,-3.1012500000000016,0.1
1268,-2.9162500000000007,0.1
1269,-2.9375000000000013,0.1
1270,-2.955000000000001,0.1
1271,-2.9750000000000014,0.1
1272,-3.055000000000001,0.1
1273,-3.0850000000000017,0.1
1274,-3.0050000000000017,0.1
1275,-2.9000000000000012,0.1
1276,-3.0125000000000015,0.1
1277,-3.008750000000001,0.1
1278,-3.0125000000000015,0.1
1279,-2.8912500000000008,0.1
1280,-3.0812500000000016,0.1
1281,-3.0425000000000013,0.1
1282,-2.8625000000000007,0.1
1283,-3.016250000000001,0.1
1284,-3.0112500000000013,0.1
1285,-2.7175000000000002,0.1
1286,-2.992500000000002,0.1
1287,-3.0250000000000017,0.1
1288,-3.0437500000000015,0.1
1289,-2.8750000000000004,0.1
1290,-2.9312500000000017,0.1
1291,-2.911250000000001,0.1
1292,-3.122500000000001,0.1
1293,-2.893750000000001,0.1
1294,-2.962500000000001,0.1
1295,-3.0362500000000026,0.1
1296,-2.975000000000002,0.1
1297,-3.003750000000001,0.1
1298,-2.998750000000001,0.1
1299,-3.068750000000001,0.1
1300,-3.1212500000000016,0.1
1301,-3.0175000000000005,0.1
1302,-3.152500000000002,0.1
1303,-2.8750000000000013,0.1
1304,-3.0625000000000018,0.1
1305,-2.8187500000000005,0.1
1306,-3.0737500000000018,0.1
1307,-3.028750000000001,0.1
1308,-2.967500000000001,0.1
1309,-3.040000000000001,0.1
1310,-2.8687500000000004,0.1
1311,-3.0100000000000002,0.1
1312,-2.9625000000000004,0.1
1313,-2.956250000000001,0.1
1314,-3.047500000000001,0.1
1315,-3.036250000000002,0.1
1316,-3.0437500000000015,0.1
1317,-2.9800000000000013,0.1
1318,-3.111250000000002,0.1
1319,-3.045,0.1
1320,-2.98625,0.1
1321,-2.9125000000000014,0.1
1322,-2.8187500000000014,0.1
1323,-2.955000000000001,0.1
1324,-3.0250000000000012,0.1
1325,-3.0050000000000012,0.1
1326,-2.975000000000001,0.1
1327,-2.880000000000001,0.1
1328,-3.0062500000000014,0.1
1329,-2.922500000000001,0.1
1330,-3.122500000000002,0.1
1331,-2.881250000000001,0.1
1332,-2.930000000000001,0.1
1333,-3.0500000000000016,0.1
1334,-2.943750000000001,0.1
1335,-3.080000000000001,0.1
1336,-2.957500000000001,0.1
1337,-3.0125000000000015,0.1
1338,-2.841250000000001,0.1
1339,-2.925000000000001,0.1
1340,-2.8975000000000004,0.1
1341,-3.0425000000000013,0.1
1342,-2.7800000000000007,0.1
1343,-3.0537500000000013,0.1
1344,-2.9487500000000013,0.1
1345,-3.0812500000000007,0.1
1346,-2.998750000000001,0.1
1347,-2.9687500000000013,0.1
1348,-3.0550000000000015,0.1
1349,-3.0925000000000016,0.1
1350,-3.0000000000000013,0.1
1351,-2.961250000000001,0.1
1352,-3.022500000000001,0.1
1353,-3.1000000000000014,0.1
1354,-2.925000000000001,0.1
1355,-3.017500000000002,0.1
1356,-2.9987500000000007,0.1
1357,-2.9600000000000004,0.1
1358,-2.937500000000001,0.1
1359,-3.0625000000000013,0.1
1360,-3.0162500000000008,0.1
1361,-3.1525000000000007,0.1
1362,-2.800000000000001,0.1
1363,-3.0462500000000015,0.1
1364,-3.0175000000000014,0.1
1365,-2.8175000000000003,0.1
1366,-2.9112500000000017,0.1
1367,-3.0600000000000005,0.1
1368,-3.0437500000000015,0.1
1369,-2.9812500000000015,0.1
1370,-3.0250000000000012,0.1
1371,-2.800000000000001,0.1
1372,-3.1712500000000015,0.1
1373,-2.856250000000001,0.1
1374,-2.930000000000001,0.1
1375,-3.0050000000000003,0.1
1376,-3.000000000000001,0.1
1377,-2.8687500000000012,0.1
1378,-2.9100000000000006,0.1
1379,-2.8687500000000004,0.1
1380,-3.0925000000000007,0.1
1381,-3.042500000000001,0.1
1382,-3.023750000000001,0.1
1383,-2.948750000000001,0.1
1384,-3.030000000000001,0.1
1385,-2.850000000000001,0.1
1386,-2.9562500000000016,0.1
1387,-2.997500000000001,0.1
1388,-3.017500000000002,0.1
1389,1.1887500000000002,0.1
1390,-3.0250000000000012,0.1
1391,-2.8812500000000014,0.1
1392,-2.937500000000001,0.1
1393,-2.917500000000001,0.1
1394,-2.887500000000001,0.1
1395,-3.122500000000001,0.1
1396,-2.925000000000001,0.1
1397,-3.042500000000001,0.1
1398,-3.060000000000001,0.1
1399,-2.9300000000000015,0.1
1400,-3.17125,0.1
1401,-2.7625000000000006,0.1
1402,-2.850000000000001,0.1
1403,-2.9175000000000013,0.1
1404,-3.023750000000001,0.1
1405,-2.918750000000001,0.1
1406,-2.952500000000001,0.1
1407,-3.0437500000000015,0.1
1408,-3.0625000000000013,0.1
1409,-3.066250000000001,0.1
1410,-2.9437500000000014,0.1
1411,-2.9312500000000012,0.1
1412,-3.060000000000001,0.1
1413,-3.017500000000001,0.1
1414,-3.0712500000000014,0.1
1415,-2.8112500000000002,0.1
1416,-3.1037500000000007,0.1
1417,-2.9987500000000016,0.1
1418,-2.811250000000001,0.1
1419,-2.975000000000002,0.1
1420,-3.0300000000000016,0.1
1421,-3.0112500000000018,0.1
1422,-2.9987500000000007,0.1
1423,-3.055000000000001,0.1
1424,-3.0312500000000018,0.1
1425,-2.9987500000000016,0.1
1426,-3.0625000000000018,0.1
1427,-2.9375000000000004,0.1
1428,-2.8687500000000012,0.1
1429,-2.9812500000000015,0.1
1430,-2.750000000000001,0.1
1431,-2.916250000000001,0.1
1432,-2.9300000000000015,0.1
1433,-3.043750000000001,0.1
1434,-2.9750000000000014,0.1
1435,-3.130000000000001,0.1
1436,-3.0425000000000013,0.1
1437,-2.8237500000000013,0.1
1438,-3.0287500000000014,0.1
1439,-3.000000000000001,0.1
1440,-2.750000000000001,0.1
1441,-2.993750000000001,0.1
1442,-2.8175000000000012,0.1
1443,-3.0625000000000013,0.1
1444,-2.9687500000000013,0.1
1445,-2.9000000000000012,0.1
1446,-3.061250000000001,0.1
1447,-3.065000000000001,0.1
1448,-2.9037500000000014,0.1
1449,-3.1400000000000015,0.1
1450,-2.9750000000000014,0.1
1451,-2.9500000000000006,0.1
1452,-2.9000000000000012,0.1
1453,-2.786250000000001,0.1
1454,-2.9975,0.1
1455,-2.7500000000000004,0.1
1456,-2.9375000000000013,0.1
1457,-3.0175000000000014,0.1
1458,-3.092500000000001,0.1
1459,-2.950000000000001,0.1
1460,-2.8375000000000012,0.1
1461,-3.1225000000000005,0.1
1462,1.0625,0.1
1463,-3.0437500000000015,0.1
1464,-3.006250000000001,0.1
1465,-2.9362500000000016,0.1
1466,-3.122500000000001,0.1
1467,-3.0112500000000013,0.1
1468,-2.950000000000001,0.1
1469,-2.9812500000000006,0.1
1470,-3.043750000000001,0.1
1471,-3.006250000000001,0.1
1472,-3.0125000000000015,0.1
1473,-2.9687500000000013,0.1
1474,-3.001250000000001,0.1
1475,-2.893750000000001,0.1
1476,-2.868750000000001,0.1
1477,-2.9062500000000013,0.1
1478,-2.8750000000000013,0.1
1479,-3.0737500000000013,0.1
1480,-2.9862500000000005,0.1
1481,-3.0425000000000013,0.1
1482,-2.787500000000001,0.1
1483,-2.9625000000000012,0.1
1484,-3.081250000000001,0.1
1485,-3.0425000000000013,0.1
1486,-2.955000000000001,0.1
1487,-3.0362500000000012,0.1
1488,-2.800000000000001,0.1
1489,-3.0100000000000007,0.1
1490,-2.9062500000000004,0.1
1491,-2.9500000000000015,0.1
1492,-2.9550000000000014,0.1
1493,-2.9000000000000012,0.1
1494,0.8812500000000001,0.1
1495,-2.9987500000000016,0.1
1496,-3.0725000000000007,0.1
1497,-2.967500000000001,0.1
1498,-3.066250000000001,0.1
1499,-2.930000000000001,0.1
1500,-2.9550000000000005,0.1
1501,-3.012500000000001,0.1
1502,-2.9987500000000016,0.1
1503,-2.975000000000001,0.1
1504,-3.0312500000000018,0.1
1505,-2.8875000000000015,0.1
1506,-3.1037500000000016,0.1
1507,-3.0625000000000013,0.1
1508,-2.930000000000002,0.1
1509,-2.966250000000001,0.1
1510,-2.893750000000001,0.1
1511,-2.850000000000001,0.1
1512,-3.0425000000000013,0.1
1513,-2.850000000000001,0.1
1514,-2.8312500000000007,0.1
1515,-2.9562500000000016,0.1
1516,-2.8500000000000014,0.1
1517,-3.0400000000000014,0.1
1518,-3.0662500000000015,0.1
1519,-3.1300000000000012,0.1
1520,-3.080000000000001,0.1
1521,-2.9500000000000015,0.1
1522,-2.761250000000001,0.1
1523,-3.130000000000001,0.1
1524,-2.8687500000000012,0.1
1525,-2.848750000000001,0.1
1526,-3.0425000000000013,0.1
1527,-2.998750000000001,0.1
1528,-3.0250000000000017,0.1
1529,-2.9975000000000005,0.1
1530,-2.8875,0.1
1531,-3.0625000000000013,0.1
1532,-3.066250000000001,0.1
1533,-2.9937500000000012,0.1
1534,-2.9800000000000018,0.1
1535,-3.0600000000000014,0.1
1536,-3.000000000000001,0.1
1537,-3.0625000000000013,0.1
1538,-2.8812500000000014,0.1
1539,-2.905000000000001,0.1
1540,-2.8537500000000007,0.1
1541,-3.1000000000000014,0.1
1542,-3.1000000000000005,0.1
1543,-3.0625000000000013,0.1
1544,-2.9500000000000006,0.1
1545,-2.9375000000000013,0.1
1546,-3.0550000000000015,0.1
1547,-2.9862500000000014,0.1
1548,0.815,0.1
1549,-3.0425000000000018,0.1
1550,-2.887500000000001,0.1
1551,-3.0225000000000013,0.1
1552,-3.055000000000001,0.1
1553,-2.85,0.1
1554,-2.9900000000000007,0.1
1555,-3.030000000000001,0.1
1556,-3.0550000000000015,0.1
1557,-2.8937500000000016,0.1
1558,-2.9800000000000004,0.1
1559,-2.7000000000000006,0.1
1560,-2.961250000000001,0.1
1561,-2.9837500000000015,0.1
1562,-3.0175000000000014,0.1
1563,-3.0812500000000016,0.1
1564,-2.998750000000001,0.1
1565,-2.9500000000000006,0.1
1566,-3.036250000000001,0.1
1567,-2.958750000000001,0.1
1568,0.6537499999999998,0.1
1569,-2.891250000000001,0.1
1570,-2.750000000000001,0.1
1571,-3.023750000000001,0.1
1572,-3.1937500000000005,0.1
1573,-3.005,0.1
1574,-2.916250000000001,0.1
1575,-2.773750000000001,0.1
1576,-3.047500000000001,0.1
1577,-2.9787500000000002,0.1
1578,-3.0737500000000013,0.1
1579,-2.9287500000000013,0.1
1580,-3.141250000000001,0.1
1581,-3.0350000000000015,0.1
1582,-2.985000000000001,0.1
1583,-3.0062500000000005,0.1
1584,-2.9000000000000012,0.1
1585,-2.8925000000000014,0.1
1586,-3.0250000000000017,0.1
1587,-2.8500000000000005,0.1
1588,-2.9812500000000015,0.1
1589,-2.8625000000000007,0.1
1590,-3.006250000000002,0.1
1591,-2.905000000000001,0.1
1592,-2.9425000000000012,0.1
1593,-2.940000000000001,0.1
1594,-3.1300000000000012,0.1
1595,-2.9312500000000017,0.1
1596,-2.9175000000000013,0.1
1597,-3.0250000000000017,0.1
1598,-3.0575000000000014,0.1
1599,-3.0000000000000018,0.1
1600,-3.005,0.1
1601,-3.0362500000000012,0.1
1602,-3.0037500000000015,0.1
1603,-2.9500000000000015,0.1
1604,-3.043750000000002,0.1
1605,-2.925000000000001,0.1
1606,-2.9225000000000008,0.1
1607,-2.980000000000001,0.1
1608,-2.9687500000000018,0.1
1609,-2.986250000000002,0.1
1610,-3.1900000000000004,0.1
1611,-2.9487500000000004,0.1
1612,-3.043750000000002,0.1
1613,-2.9300000000000015,0.1
1614,-3.043750000000001,0.1
1615,-2.9487500000000018,0.1
1616,-2.9425000000000017,0.1
1617,-3.047500000000001,0.1
1618,-3.130000000000002,0.1
1619,-2.9600000000000013,0.1
1620,-3.1037500000000007,0.1
1621,-3.0500000000000016,0.1
1622,-2.975000000000002,0.1
1623,-2.9925000000000015,0.1
1624,-3.0425000000000018,0.1
1625,-2.8375000000000012,0.1
1626,-3.0850000000000017,0.1
1627,-2.9625000000000012,0.1
1628,-2.9500000000000006,0.1
1629,-3.11,0.1
1630,-2.9587500000000015,0.1
1631,-2.9100000000000006,0.1
1632,-3.0850000000000017,0.1
1633,-3.0237500000000015,0.1
1634,-3.0625000000000013,0.1
1635,-2.9800000000000018,0.1
1636,-3.0112500000000018,0.1
1637,-2.9412500000000006,0.1
1638,-2.9425000000000017,0.1
1639,-3.122500000000002,0.1
1640,-2.9812500000000015,0.1
1641,-3.103750000000001,0.1
1642,-3.047500000000001,0.1
1643,-3.0537500000000013,0.1
1644,-2.9300000000000015,0.1
1645,-3.0300000000000016,0.1
1646,-3.016250000000001,0.1
1647,-3.0350000000000015,0.1
1648,-3.050000000000002,0.1
1649,-3.036250000000001,0.1
1650,-3.036250000000002,0.1
1651,-2.8750000000000013,0.1
1652,-2.8800000000000017,0.1
1653,-3.140000000000001,0.1
1654,-3.0475000000000017,0.1
1655,-3.010000000000001,0.1
1656,-3.0050000000000017,0.1
1657,-2.961250000000001,0.1
1658,-2.93,0.1
1659,-3.011250000000001,0.1
1660,-2.900000000000001,0.1
1661,-2.9487500000000013,0.1
1662,-3.0237500000000015,0.1
1663,-2.8125,0.1
1664,-2.9000000000000012,0.1
1665,-3.022500000000002,0.1
1666,-2.998750000000001,0.1
1667,-2.942500000000001,0.1
1668,-2.931250000000001,0.1
1669,-3.0425000000000013,0.1
1670,-2.9975000000000014,0.1
1671,-2.923750000000001,0.1
1672,-2.855000000000001,0.1
1673,-2.9237500000000005,0.1
1674,-2.9112500000000012,0.1
1675,-3.1337500000000014,0.1
1676,-2.8612500000000005,0.1
1677,-3.141250000000002,0.1
1678,-2.9437500000000014,0.1
1679,-2.9000000000000017,0.1
1680,-2.930000000000002,0.1
1681,-2.9125,0.1
1682,-2.9675000000000007,0.1
1683,-2.8987500000000015,0.1
1684,-2.987500000000001,0.1
1685,-3.043750000000001,0.1
1686,-2.9937500000000012,0.1
1687,-2.9062500000000004,0.1
1688,-2.972500000000001,0.1
1689,-2.8800000000000012,0.1
1690,-3.2050000000000005,0.1
1691,-2.816250000000001,0.1
1692,-2.97625,0.1
1693,-3.1000000000000014,0.1
1694,-3.0237500000000006,0.1
1695,-2.918750000000001,0.1
1696,-3.2825,0.1
1697,-2.831250000000001,0.1
1698,-3.047500000000001,0.1
1699,-2.8800000000000012,0.1
1700,-2.8875000000000015,0.1
1701,-2.967500000000001,0.1
1702,-3.061250000000002,0.1
1703,-2.9000000000000012,0.1
1704,-2.923750000000001,0.1
1705,-3.1825,0.1
1706,-3.0237500000000015,0.1
1707,-3.0312500000000013,0.1
1708,-3.1537499999999996,0.1
1709,-3.2687499999999994,0.1
1710,-2.9500000000000015,0.1
1711,-2.8312500000000007,0.1
1712,-3.1662499999999993,0.1
1713,-3.110000000000001,0.1
1714,-3.140000000000001,0.1
1715,-2.9800000000000013,0.1
1716,-2.9250000000000016,0.1
1717,-3.2199999999999998,0.1
1718,-2.9487500000000013,0.1
1719,-3.17125,0.1
1720,-3.006250000000001,0.1
1721,-2.9875000000000016,0.1
1722,-3.1112500000000014,0.1
1723,-3.1850000000000005,0.1
1724,-2.9300000000000015,0.1
1725,-3.027500000000001,0.1
1726,-3.16,0.1
1727,-3.3112499999999994,0.1
1728,-3.145,0.1
1729,-3.0187500000000003,0.1
1730,-3.0850000000000004,0.1
1731,-2.9612500000000015,0.1
1732,-3.2712500000000007,0.1
1733,-3.196249999999999,0.1
1734,-2.8725,0.1
1735,-3.0412500000000007,0.1
1736,-3.0500000000000016,0.1
1737,-2.9375000000000013,0.1
1738,-2.973750000000001,0.1
1739,-2.97375,0.1
1740,-2.961250000000001,0.1
1741,-2.8675000000000006,0.1
1742,-3.066250000000001,0.1
1743,-2.9625000000000017,0.1
1744,-3.042500000000001,0.1
1745,-2.986250000000001,0.1
1746,-3.111250000000002,0.1
1747,-2.9112500000000012,0.1
1748,-3.0499999999999994,0.1
1749,-2.9862500000000005,0.1
1750,-3.2387499999999996,0.1
1751,-2.992500000000001,0.1
1752,-3.050000000000002,0.1
1753,-3.0362500000000012,0.1
1754,-2.9187500000000006,0.1
1755,-3.162500000000002,0.1
1756,-2.928750000000001,0.1
1757,-2.924999999999999,0.1
1758,-3.0062500000000014,0.1
1759,-3.028750000000002,0.1
1760,-3.0850000000000017,0.1
1761,-3.066250000000001,0.1
1762,-3.0737500000000013,0.1
1763,-3.2037500000000003,0.1
1764,0.8237500000000001,0.1
1765,-3.3887500000000013,0.1
1766,-3.092500000000001,0.1
1767,-3.080000000000001,0.1
1768,-2.867500000000001,0.1
1769,1.3687500000000001,0.1
1770,-3.042500000000001,0.1
1771,-2.836250000000001,0.1
1772,-2.8875000000000015,0.1
1773,-2.9600000000000013,0.1
1774,-3.045,0.1
1775,-3.2700000000000014,0.1
1776,-2.9187500000000015,0.1
1777,-3.0525,0.1
1778,-2.998750000000001,0.1
1779,-2.9687500000000004,0.1
1780,-2.968750000000001,0.1
1781,-2.966250000000002,0.1
1782,-3.133750000000002,0.1
1783,-2.9225000000000017,0.1
1784,-2.866250000000001,0.1
1785,-2.9850000000000017,0.1
1786,-3.0725000000000016,0.1
1787,-3.0737500000000013,0.1
1788,-2.8487500000000003,0.1
1789,-2.950000000000001,0.1
1790,-2.9937500000000017,0.1
1791,-3.0000000000000013,0.1
1792,-3.058750000000001,0.1
1793,-2.956250000000001,0.1
1794,-2.9925000000000015,0.1
1795,-3.080000000000002,0.1
1796,-3.175000000000002,0.1
1797,-2.936250000000001,0.1
1798,-2.8600000000000003,0.1
1799,-2.9662500000000014,0.1
1800,-2.9375000000000013,0.1
1801,-3.0962500000000013,0.1
1802,-3.0812500000000016,0.1
1803,-2.875000000000001,0.1
1804,-2.961250000000001,0.1
1805,-2.8550000000000013,0.1
1806,-2.8850000000000002,0.1
1807,-2.943750000000001,0.1
1808,-2.8000000000000007,0.1
1809,-3.066250000000002,0.1
1810,-3.00875,0.1
1811,0.5262499999999999,0.1
1812,-3.0425,0.1
1813,-3.073750000000002,0.1
1814,-3.0812500000000016,0.1
1815,-2.9500000000000015,0.1
1816,-2.9000000000000012,0.1
1817,-3.0925000000000016,0.1
1818,-3.047500000000001,0.1
1819,-2.7800000000000007,0.1
1820,-3.0049999999999994,0.1
1821,-2.8900000000000015,0.1
1822,-3.0062500000000005,0.1
1823,-2.8800000000000012,0.1
1824,-2.781250000000001,0.1
1825,-2.8812500000000014,0.1
1826,-2.862500000000001,0.1
1827,-3.0162500000000017,0.1
1828,-3.0237499999999997,0.1
1829,-2.967500000000001,0.1
1830,-3.000000000000001,0.1
1831,-3.003750000000001,0.1
1832,-2.8000000000000003,0.1
1833,-3.1412500000000017,0.1
1834,-2.987500000000001,0.1
1835,-2.9250000000000016,0.1
1836,-3.04375,0.1
1837,-3.121250000000001,0.1
1838,-2.967500000000001,0.1
1839,-2.9112500000000012,0.1
1840,-2.9675000000000016,0.1
1841,1.0337500000000002,0.1
1842,1.48875,0.1
1843,-2.856250000000001,0.1
1844,-2.8737500000000007,0.1
1845,-3.0850000000000004,0.1
1846,-2.9287500000000004,0.1
1847,-2.9275000000000007,0.1
1848,-2.9862500000000005,0.1
1849,-3.017500000000001,0.1
1850,-2.736250000000001,0.1
1851,-2.9425000000000017,0.1
1852,-3.036250000000001,0.1
1853,-3.031250000000001,0.1
1854,-2.9250000000000003,0.1
1855,-2.8300000000000014,0.1
1856,-2.9675000000000002,0.1
1857,-2.967500000000001,0.1
1858,-2.961250000000001,0.1
1859,-2.9600000000000017,0.1
1860,-3.0475000000000017,0.1
1861,-2.978750000000001,0.1
1862,-2.8050000000000006,0.1
1863,-3.0062500000000014,0.1
1864,-2.912500000000001,0.1
1865,-2.9500000000000015,0.1
1866,-2.986250000000001,0.1
1867,-2.8937500000000003,0.1
1868,-2.74375,0.1
1869,-2.9487500000000013,0.1
1870,-2.8687500000000004,0.1
1871,-2.997500000000002,0.1
1872,-2.9175000000000018,0.1
1873,-2.9737500000000003,0.1
1874,-2.956250000000001,0.1
1875,-3.1900000000000017,0.1
1876,-3.0662500000000015,0.1
1877,-3.0700000000000016,0.1
1878,-2.922500000000001,0.1
1879,-3.1037500000000016,0.1
1880,-3.0237500000000015,0.1
1881,-2.7624999999999997,0.1
1882,-2.998750000000001,0.1
1883,-3.0687500000000014,0.1
1884,-2.9475000000000007,0.1
1885,-2.812500000000001,0.1
1886,-2.9862500000000014,0.1
1887,-2.8225000000000007,0.1
1888,-2.885000000000001,0.1
1889,-3.043750000000001,0.1
1890,-2.980000000000001,0.1
1891,-2.9362500000000002,0.1
1892,-3.0050000000000012,0.1
1893,-2.8925000000000005,0.1
1894,-2.9062500000000004,0.1
1895,-3.021250000000001,0.1
1896,-2.948750000000001,0.1
1897,-3.091250000000002,0.1
1898,-2.987500000000002,0.1
1899,-2.8800000000000003,0.1
1900,-2.9625000000000012,0.1
1901,-2.956250000000002,0.1
1902,-3.0275000000000016,0.1
1903,-2.912500000000001,0.1
1904,-2.9725000000000015,0.1
1905,-3.043750000000002,0.1
1906,-2.880000000000001,0.1
1907,-3.017500000000001,0.1
1908,-2.8525000000000005,0.1
1909,-2.918750000000001,0.1
1910,-3.0175000000000014,0.1
1911,-2.9112500000000003,0.1
1912,-2.968750000000001,0.1
1913,-3.055000000000001,0.1
1914,-2.941250000000001,0.1
1915,-2.9550000000000014,0.1
1916,-2.9112500000000012,0.1
1917,-3.0125000000000015,0.1
1918,-3.0850000000000013,0.1
1919,-2.9125000000000014,0.1
1920,-2.9487500000000018,0.1
1921,1.4025,0.1
1922,-2.9800000000000004,0.1
1923,-3.103750000000001,0.1
1924,-2.9500000000000015,0.1
1925,-2.8550000000000004,0.1
1926,1.0525000000000002,0.1
1927,-2.9225000000000008,0.1
1928,-2.9550000000000014,0.1
1929,-3.0862500000000015,0.1
1930,-2.9187500000000006,0.1
1931,-2.836250000000001,0.1
1932,-2.9150000000000014,0.1
1933,-3.0050000000000017,0.1
1934,-2.7687500000000007,0.1
1935,-2.881250000000001,0.1
1936,-2.998750000000001,0.1
1937,-2.9912500000000013,0.1
1938,-3.0237500000000015,0.1
1939,-3.0737500000000013,0.1
1940,-3.055000000000001,0.1
1941,-3.0587500000000016,0.1
1942,-2.983750000000001,0.1
1943,-2.9300000000000006,0.1
1944,-2.8537500000000007,0.1
1945,-2.908750000000001,0.1
1946,-2.961250000000001,0.1
1947,-2.8925000000000005,0.1
1948,-2.9375000000000013,0.1
1949,-2.9862500000000014,0.1
1950,-2.9662500000000014,0.1
1951,-2.930000000000001,0.1
1952,-2.8737500000000007,0.1
1953,-2.862500000000001,0.1
1954,-2.868750000000001,0.1
1955,-2.9362500000000016,0.1
1956,-2.8987500000000006,0.1
1957,-2.842500000000001,0.1
1958,-3.0362500000000017,0.1
1959,-2.9487500000000013,0.1
1960,-3.0175000000000005,0.1
1961,-2.8500000000000014,0.1
1962,-2.756250000000001,0.1
1963,1.5075,0.1
1964,-2.7487500000000007,0.1
1965,-3.1337500000000014,0.1
1966,-2.9375000000000013,0.1
1967,-3.055000000000001,0.1
1968,-2.942500000000001,0.1
1969,-2.9425000000000012,0.1
1970,0.3125,0.1
1971,-3.3162499999999993,0.1
1972,-3.0925000000000016,0.1
1973,-2.9287500000000013,0.1
1974,0.635,0.1
1975,-2.9125000000000005,0.1
1976,-2.9625000000000004,0.1
1977,-2.77375,0.1
1978,-3.0387500000000007,0.1
1979,-2.991250000000001,0.1
1980,-2.835000000000001,0.1
1981,-2.793750000000001,0.1
1982,0.5799999999999998,0.1
1983,-3.035000000000001,0.1
1984,-2.886250000000001,0.1
1985,-2.9900000000000015,0.1
1986,-2.9562500000000016,0.1
1987,-2.812500000000001,0.1
1988,-2.775000000000001,0.1
1989,-2.960000000000001,0.1
1990,-2.987500000000001,0.1
1991,-2.9000000000000012,0.1
1992,-2.69375,0.1
1993,0.23875000000000002,0.1
1994,-3.091250000000001,0.1
1995,-2.830000000000001,0.1
1996,-3.021250000000001,0.1
1997,-3.0475000000000017,0.1
1998,-3.5087500000000005,0.1
1999,-3.533750000000001,0.1
2000,-2.8650000000000007,0.1
2001,-3.250000000000002,0.1
2002,-3.017500000000001,0.1
2003,-2.907500000000001,0.1
2004,0.5787499999999998,0.1
2005,0.12125000000000008,0.1
2006,-3.1812500000000017,0.1
2007,-2.8937500000000007,0.1
2008,-3.0337500000000017,0.1
2009,-2.8612500000000005,0.1
2010,-2.9300000000000006,0.1
2011,-2.8537500000000007,0.1
2012,-2.9050000000000007,0.1
2013,-2.9387500000000006,0.1
2014,-2.9675000000000007,0.1
2015,-3.0737500000000013,0.1
2016,-3.102500000000001,0.1
2017,-2.96875,0.1
2018,-3.0250000000000017,0.1
2019,0.5324999999999998,0.1
2020,-2.856250000000001,0.1
2021,-2.9812500000000015,0.1
2022,0.5974999999999998,0.1
2023,-0.04874999999999985,0.1
2024,-2.862500000000001,0.1
2025,-2.925000000000001,0.1
2026,-3.212500000000002,0.1
2027,-2.861250000000001,0.1
2028,-3.091250000000001,0.1
2029,-2.850000000000001,0.1
2030,-2.950000000000001,0.1
2031,-3.2050000000000014,0.1
2032,0.34499999999999975,0.1
2033,-2.903750000000001,0.1
2034,-3.102500000000001,0.1
2035,-3.0375000000000014,0.1
2036,0.5737499999999998,0.1
2037,-2.9862500000000014,0.1
2038,-2.900000000000001,0.1
2039,-2.8800000000000012,0.1
2040,-3.0425000000000013,0.1
2041,-3.231250000000002,0.1
2042,-2.898750000000001,0.1
2043,-2.9112500000000012,0.1
2044,-2.8475,0.1
2045,-2.9600000000000013,0.1
2046,0.7049999999999998,0.1
2047,-2.8062500000000012,0.1
2048,-2.9500000000000015,0.1
2049,-3.2837500000000017,0.1
2050,-2.9562500000000007,0.1
2051,-2.886250000000001,0.1
2052,-2.972500000000001,0.1
2053,-2.9125,0.1
2054,-2.8500000000000005,0.1
2055,-2.9187500000000006,0.1
2056,-3.012500000000001,0.1
2057,-2.873750000000001,0.1
2058,-2.8750000000000004,0.1
2059,-2.880000000000001,0.1
2060,-3.0962500000000013,0.1
2061,-2.8175000000000003,0.1
2062,-2.972500000000001,0.1
2063,-2.978750000000001,0.1
2064,-3.0575000000000014,0.1
2065,-2.900000000000001,0.1
2066,-2.9987500000000016,0.1
2067,-2.8212500000000005,0.1
2068,-2.8375000000000004,0.1
2069,-2.843750000000001,0.1
2070,-2.775000000000001,0.1
2071,-2.9000000000000012,0.1
2072,1.0462500000000001,0.1
2073,-2.8675000000000006,0.1
2074,-2.6800000000000006,0.1
2075,-2.947500000000001,0.1
2076,-2.8587500000000006,0.1
2077,-2.8800000000000003,0.1
2078,-2.8225000000000007,0.1
2079,-2.7187500000000004,0.1
2080,-3.0475000000000017,0.1
2081,0.4262499999999998,0.1
2082,-2.8725000000000005,0.1
2083,-3.0012500000000015,0.1
2084,-2.848750000000001,0.1
2085,0.21124999999999994,0.1
2086,0.1812499999999999,0.1
2087,-3.017500000000001,0.1
2088,-2.980000000000001,0.1
2089,-2.8812500000000014,0.1
2090,0.20750000000000002,0.1
2091,-2.7175000000000007,0.1
2092,-2.931250000000001,0.1
2093,-0.4787499999999991,0.1
2094,-2.7425000000000006,0.1
2095,-2.825000000000001,0.1
2096,-2.867500000000001,0.1
2097,-2.936250000000001,0.1
2098,-2.930000000000001,0.1
2099,-2.803750000000001,0.1
2100,0.4412499999999997,0.1
2101,-2.867500000000001,0.1
2102,-2.9112500000000012,0.1
2103,-2.8425000000000002,0.1
2104,-3.0700000000000003,0.1
2105,-2.942500000000001,0.1
2106,-3.340000000000002,0.1
2107,-2.905000000000001,0.1
2108,-2.8375000000000004,0.1
2109,-2.7762500000000006,0.1
2110,-2.6750000000000003,0.1
2111,-2.943750000000001,0.1
2112,-2.9737500000000017,0.1
2113,-2.9362500000000016,0.1
2114,-2.8000000000000003,0.1
2115,-2.8662500000000013,0.1
2116,-2.9375000000000013,0.1
2117,0.85125,0.1
2118,-2.9400000000000013,0.1
2119,-2.940000000000001,0.1
2120,-2.961250000000001,0.1
2121,-2.8000000000000007,0.1
2122,-2.9687500000000013,0.1
2123,-2.9925000000000006,0.1
2124,0.4987499999999997,0.1
2125,-2.873750000000001,0.1
2126,-2.8350000000000004,0.1
2127,-3.0575000000000014,0.1
2128,-2.858750000000001,0.1
2129,-2.8250000000000006,0.1
2130,0.4049999999999998,0.1
2131,-2.853750000000001,0.1
2132,-2.7987500000000005,0.1
2133,-2.825000000000001,0.1
2134,-2.9937500000000012,0.1
2135,-2.952500000000001,0.1
2136,-2.8500000000000005,0.1
2137,-2.8625000000000007,0.1
2138,-2.9662500000000014,0.1
2139,-3.0775000000000015,0.1
2140,-2.806250000000001,0.1
2141,-2.9425000000000017,0.1
2142,-2.861250000000001,0.1
2143,-2.923750000000001,0.1
2144,-2.950000000000001,0.1
2145,0.5762499999999997,0.1
2146,-2.9487500000000013,0.1
2147,-2.8500000000000005,0.1
2148,0.875,0.1
2149,-2.8800000000000012,0.1
2150,-2.881250000000001,0.1
2151,-3.0112500000000013,0.1
2152,-0.4962499999999994,0.1
2153,-2.910000000000001,0.1
2154,-3.0537500000000004,0.1
2155,0.5799999999999998,0.1
2156,-2.741250000000001,0.1
2157,-2.8300000000000005,0.1
2158,-2.892500000000001,0.1
2159,-2.967500000000001,0.1
2160,-2.8612500000000005,0.1
2161,-2.8125000000000013,0.1
2162,-2.88125,0.1
2163,-2.818750000000001,0.1
2164,-2.93625,0.1
2165,-0.45749999999999913,0.1
2166,-2.9787500000000007,0.1
2167,-2.843750000000001,0.1
2168,-2.843750000000001,0.1
2169,-2.877500000000001,0.1
2170,-2.8062500000000004,0.1
2171,-2.89625,0.1
2172,-2.96875,0.1
2173,-3.193750000000001,0.1
2174,-3.0050000000000017,0.1
2175,-3.072500000000002,0.1
2176,-2.8000000000000007,0.1
2177,-3.0587500000000007,0.1
2178,-2.996250000000001,0.1
2179,-2.930000000000001,0.1
2180,-0.1287499999999997,0.1
2181,-2.9549999999999996,0.1
2182,-2.9175000000000013,0.1
2183,-2.7375000000000007,0.1
2184,-2.935000000000001,0.1
2185,-3.035000000000001,0.1
2186,-2.8787500000000006,0.1
2187,-2.7500000000000004,0.1
2188,-3.0175,0.1
2189,0.7525,0.1
2190,1.0450000000000002,0.1
2191,-2.873750000000001,0.1
2192,-2.9850000000000008,0.1
2193,-2.855000000000001,0.1
2194,-2.7175000000000002,0.1
2195,-2.930000000000001,0.1
2196,-2.8625000000000003,0.1
2197,-2.8650000000000007,0.1
2198,-2.73125,0.1
2199,-0.5674999999999997,0.1
2200,-3.1150000000000015,0.1
2201,-2.7912500000000007,0.1
2202,-2.806250000000001,0.1
2203,-2.911250000000001,0.1
2204,-2.9600000000000013,0.1
2205,1.18625,0.1
2206,-3.0475000000000003,0.1
2207,-3.0437500000000015,0.1
2208,-2.947500000000001,0.1
2209,-3.023750000000001,0.1
2210,-2.848750000000001,0.1
2211,-2.9000000000000012,0.1
2212,0.7525,0.1
2213,-2.997500000000002,0.1
2214,-2.8187500000000005,0.1
2215,-2.8737500000000002,0.1
2216,0.1812499999999999,0.1
2217,-2.817500000000001,0.1
2218,-2.9687500000000004,0.1
2219,-2.7737500000000006,0.1
2220,-2.8937500000000007,0.1
2221,-3.0012500000000015,0.1
2222,-3.0112500000000013,0.1
2223,-0.19374999999999964,0.1
2224,-2.8050000000000006,0.1
2225,0.1962499999999998,0.1
2226,-2.9500000000000015,0.1
2227,-3.3012500000000022,0.1
2228,-2.8875,0.1
2229,-2.953750000000001,0.1
2230,-2.952500000000001,0.1
2231,-2.8799999999999994,0.1
2232,-2.961250000000001,0.1
2233,-2.8350000000000004,0.1
2234,-2.9837500000000015,0.1
2235,-2.88625,0.1
2236,-2.73375,0.1
2237,-2.7937500000000006,0.1
2238,-2.961250000000001,0.1
2239,-2.8862500000000013,0.1
2240,-2.6875,0.1
2241,-2.6437500000000003,0.1
2242,-2.8562500000000006,0.1
2243,0.6425,0.1
2244,-2.982500000000001,0.1
2245,-2.793750000000001,0.1
2246,0.9775,0.1
2247,-2.912500000000001,0.1
2248,-2.9550000000000005,0.1
2249,-2.9350000000000005,0.1
2250,-3.0800000000000014,0.1
2251,-0.08749999999999925,0.1
2252,0.2650000000000001,0.1
2253,-2.8712500000000003,0.1
2254,-3.0375000000000005,0.1
2255,-3.2900000000000023,0.1
2256,-2.900000000000001,0.1
2257,-2.830000000000001,0.1
2258,-2.9800000000000013,0.1
2259,-2.9362500000000002,0.1
2260,0.44999999999999996,0.1
2261,-2.830000000000001,0.1
2262,-2.843750000000001,0.1
2263,-2.930000000000001,0.1
2264,-2.987500000000001,0.1
2265,-2.8000000000000007,0.1
2266,-2.8850000000000007,0.1
2267,-2.930000000000001,0.1
2268,-3.1962500000000014,0.1
2269,-2.975000000000001,0.1
2270,-2.892500000000001,0.1
2271,-2.912500000000001,0.1
2272,-2.9487500000000013,0.1
2273,-2.7562500000000005,0.1
2274,-2.7625000000000006,0.1
2275,-2.790000000000001,0.1
2276,1.5037500000000001,0.1
2277,0.26875000000000027,0.1
2278,-2.9175000000000004,0.1
2279,-2.8425000000000007,0.1
2280,-2.798750000000001,0.1
2281,-0.48249999999999904,0.1
2282,-2.9099999999999997,0.1
2283,1.24,0.1
2284,-2.817500000000001,0.1
2285,-2.8850000000000007,0.1
2286,-2.773750000000001,0.1
2287,-2.818750000000001,0.1
2288,-2.7362500000000005,0.1
2289,-2.866250000000001,0.1
2290,-3.0287500000000014,0.1
2291,0.4299999999999997,0.1
2292,-2.8475000000000006,0.1
2293,-2.8862500000000004,0.1
2294,-2.8475000000000006,0.1
2295,-2.81125,0.1
2296,-2.872500000000001,0.1
2297,-2.775000000000001,0.1
2298,-0.3237499999999993,0.1
2299,-2.7875000000000005,0.1
2300,-3.0975000000000024,0.1
2301,0.15500000000000003,0.1
2302,0.053750000000000187,0.1
2303,-2.987500000000001,0.1
2304,-2.7750000000000004,0.1
2305,-2.825000000000001,0.1
2306,-2.931249999999999,0.1
2307,-3.005000000000001,0.1
2308,-2.861250000000001,0.1
2309,-3.005000000000001,0.1
2310,-2.836250000000001,0.1
2311,-0.32374999999999954,0.1
2312,-2.9525000000000015,0.1
2313,-2.9562499999999994,0.1
2314,-2.966250000000001,0.1
2315,-2.9050000000000007,0.1
2316,-2.7487500000000007,0.1
2317,-2.9312500000000012,0.1
2318,-0.4174999999999991,0.1
2319,-2.941250000000001,0.1
2320,-2.818750000000001,0.1
2321,-3.017500000000001,0.1
2322,-2.9300000000000006,0.1
2323,-0.02874999999999983,0.1
2324,0.92625,0.1
2325,-0.32874999999999943,0.1
2326,-3.1387500000000017,0.1
2327,-0.3562499999999993,0.1
2328,-2.850000000000001,0.1
2329,-3.590000000000002,0.1
2330,-2.9462500000000014,0.1
2331,-2.9412500000000015,0.1
2332,-3.1075000000000013,0.1
2333,-2.7562500000000005,0.1
2334,-2.836250000000001,0.1
2335,-3.055,0.1
2336,-2.5625,0.1
2337,-2.903750000000001,0.1
2338,-3.075000000000001,0.1
2339,1.165,0.1
2340,0.48124999999999984,0.1
2341,-2.9525000000000006,0.1
2342,-2.7875000000000005,0.1
2343,-2.891250000000001,0.1
2344,-2.7487500000000002,0.1
2345,-2.7850000000000006,0.1
2346,-2.9687500000000013,0.1
2347,-0.5424999999999991,0.1
2348,-0.7024999999999995,0.1
2349,1.0750000000000002,0.1
2350,-2.858750000000001,0.1
2351,-0.46874999999999933,0.1
2352,-3.3025,0.1
2353,-3.23875,0.1
2354,-2.9162500000000007,0.1
2355,-3.0012500000000006,0.1
2356,-3.0437500000000006,0.1
2357,-2.77375,0.1
2358,-2.806250000000001,0.1
2359,-2.9312500000000012,0.1
2360,-2.7300000000000004,0.1
2361,-2.8662500000000004,0.1
2362,-3.3587499999999997,0.1
2363,1.1500000000000001,0.1
2364,-2.817500000000001,0.1
2365,-0.04249999999999976,0.1
2366,-2.848750000000001,0.1
2367,-2.8062500000000012,0.1
2368,-3.0875000000000017,0.1
2369,-0.46124999999999927,0.1
2370,1.21625,0.1
2371,0.1975,0.1
2372,-0.4412499999999997,0.1
2373,-0.35874999999999924,0.1
2374,-3.2537500000000015,0.1
2375,0.14124999999999988,0.1
2376,-3.0387500000000003,0.1
2377,-2.9750000000000005,0.1
2378,1.1800000000000002,0.1
2379,-0.06249999999999978,0.1
2380,-2.8737500000000007,0.1
2381,-2.8237500000000004,0.1
2382,-2.8562500000000006,0.1
2383,-2.7375000000000007,0.1
2384,0.78,0.1
2385,-2.9299999999999997,0.1
2386,-2.93125,0.1
2387,-2.861250000000001,0.1
2388,-0.40249999999999964,0.1
2389,-2.918750000000001,0.1
2390,0.8062499999999999,0.1
2391,0.3749999999999998,0.1
2392,-2.7250000000000005,0.1
2393,-0.6762499999999998,0.1
2394,-2.7437500000000004,0.1
2395,-3.2050000000000014,0.1
2396,-2.7375000000000007,0.1
2397,-2.810000000000001,0.1
2398,1.1237500000000002,0.1
2399,0.3849999999999998,0.1
2400,-3.7400000000000007,0.1
2401,-2.9312500000000012,0.1
2402,-3.14125,0.1
2403,-3.253750000000001,0.1
2404,-2.9062500000000004,0.1
2405,-3.8899999999999997,0.1
2406,-3.4649999999999994,0.1
2407,-2.855000000000001,0.1
2408,-2.950000000000001,0.1
2409,-2.933750000000001,0.1
2410,-2.843750000000001,0.1
2411,-2.961250000000001,0.1
2412,-3.121250000000002,0.1
2413,1.3825,0.1
2414,-2.9875000000000016,0.1
2415,-2.97,0.1
2416,-2.950000000000001,0.1
2417,0.2074999999999998,0.1
2418,-0.023749999999999716,0.1
2419,-1.2837500000000002,0.1
2420,-2.942500000000001,0.1
2421,0.5562499999999998,0.1
2422,-2.7300000000000004,0.1
2423,-2.942500000000001,0.1
2424,-2.940000000000001,0.1
2425,-2.968750000000001,0.1
2426,-0.4712499999999995,0.1
2427,-2.862500000000001,0.1
2428,-2.8062500000000004,0.1
2429,0.012500000000000178,0.1
2430,-2.875000000000001,0.1
2431,-2.911250000000001,0.1
2432,-2.961250000000001,0.1
2433,0.845,0.1
2434,-3.2199999999999993,0.1
2435,0.59875,0.1
2436,-2.978750000000001,0.1
2437,-2.7625000000000006,0.1
2438,-2.893750000000001,0.1
2439,0.01875000000000049,0.1
2440,-2.93125,0.1
2441,-3.307500000000002,0.1
2442,-2.817500000000001,0.1
2443,-3.493750000000002,0.1
2444,-2.7362500000000005,0.1
2445,-2.950000000000001,0.1
2446,-3.643750000000001,0.1
2447,-2.886250000000001,0.1
2448,-2.947500000000001,0.1
2449,0.33999999999999964,0.1
2450,0.38249999999999984,0.1
2451,0.34499999999999975,0.1
2452,-0.11499999999999977,0.1
2453,-2.90375,0.1
2454,-2.7675000000000005,0.1
2455,0.6049999999999998,0.1
2456,0.6412499999999998,0.1
2457,-2.7962500000000006,0.1
2458,-2.8350000000000004,0.1
2459,-2.978750000000001,0.1
2460,0.3612499999999996,0.1
2461,-2.8825000000000007,0.1
2462,-3.86125,0.1
2463,-0.17499999999999982,0.1
2464,0.5924999999999999,0.1
2465,-0.050000000000000044,0.1
2466,-0.10999999999999965,0.1
2467,0.84,0.1
2468,0.9962500000000001,0.1
2469,-2.6987500000000004,0.1
2470,-2.9375000000000013,0.1
2471,0.7625,0.1
2472,0.83,0.1
2473,-0.6362499999999998,0.1
2474,0.6362500000000001,0.1
2475,-2.7425000000000006,0.1
2476,-2.7675000000000005,0.1
2477,-3.0050000000000017,0.1
2478,-2.885000000000001,0.1
2479,-0.016249999999999654,0.1
2480,-2.806250000000001,0.1
2481,1.0,0.1
2482,1.0375,0.1
2483,-0.012499999999999956,0.1
2484,0.5124999999999997,0.1
2485,0.6312499999999999,0.1
2486,0.80375,0.1
2487,-2.886250000000001,0.1
2488,-2.911250000000001,0.1
2489,-0.6549999999999983,0.1
2490,-2.7125,0.1
2491,0.74625,0.1
2492,-2.8000000000000007,0.1
2493,-0.6037499999999996,0.1
2494,-2.8487500000000012,0.1
2495,-3.1800000000000015,0.1
2496,-3.605,0.1
2497,0.7512500000000001,0.1
2498,0.8775000000000001,0.1
2499,-2.980000000000001,0.1
2500,-3.283750000000001,0.1
2501,-2.9025000000000007,0.1
2502,0.09875000000000012,0.1
2503,0.49624999999999964,0.1
2504,0.15874999999999995,0.1
2505,-3.031250000000001,0.1
2506,-2.9187500000000015,0.1
2507,-3.5137500000000004,0.1
2508,-2.8425000000000002,0.1
2509,0.9300000000000002,0.1
2510,-3.2500000000000018,0.1
2511,-2.830000000000001,0.1
2512,-2.786250000000001,0.1
2513,-2.9375000000000004,0.1
2514,-3.88,0.1
2515,-2.8925,0.1
2516,-3.0250000000000004,0.1
2517,1.09375,0.1
2518,1.0050000000000001,0.1
2519,-2.861250000000001,0.1
2520,-0.4274999999999993,0.1
2521,0.5499999999999997,0.1
2522,0.1775,0.1
2523,1.0212500000000002,0.1
2524,-0.07249999999999979,0.1
2525,-2.965000000000001,0.1
2526,-3.010000000000001,0.1
2527,-2.8625000000000007,0.1
2528,-2.7000000000000006,0.1
2529,0.24499999999999988,0.1
2530,-2.8000000000000007,0.1
2531,0.20750000000000002,0.1
2532,-2.7562500000000005,0.1
2533,0.2124999999999999,0.1
2534,0.15999999999999992,0.1
2535,-0.5637499999999991,0.1
2536,0.675,0.1
2537,0.8025,0.1
2538,-0.30124999999999935,0.1
2539,-0.23624999999999963,0.1
2540,-3.0550000000000015,0.1
2541,-2.9137500000000007,0.1
2542,0.5574999999999998,0.1
2543,-2.786250000000001,0.1
2544,-2.8425000000000007,0.1
2545,-2.9750000000000014,0.1
2546,-2.830000000000001,0.1
2547,-2.9600000000000013,0.1
2548,-2.7987500000000005,0.1
2549,1.51375,0.1
2550,-2.8362500000000006,0.1
2551,0.3799999999999999,0.1
2552,1.5037500000000001,0.1
2553,0.5712499999999997,0.1
2554,-2.9412500000000006,0.1
2555,1.435,0.1
2556,-2.817500000000001,0.1
2557,-2.912500000000001,0.1
2558,-2.8112500000000007,0.1
2559,-2.912500000000001,0.1
2560,-2.843750000000001,0.1
2561,0.016250000000000098,0.1
2562,-0.10249999999999981,0.1
2563,-2.9175000000000013,0.1
2564,0.03500000000000014,0.1
2565,0.8425,0.1
2566,-2.9600000000000013,0.1
2567,-3.3362500000000006,0.1
2568,-2.912500000000001,0.1
2569,0.27500000000000013,0.1
2570,0.8425,0.1
2571,0.6587499999999998,0.1
2572,-2.92,0.1
2573,0.31499999999999995,0.1
2574,-1.5037500000000008,0.1
2575,-2.9187500000000015,0.1
2576,-2.918750000000001,0.1
2577,-2.8450000000000006,0.1
2578,0.04875000000000007,0.1
2579,-2.7687500000000007,0.1
2580,0.9225000000000001,0.1
2581,-2.836250000000001,0.1
2582,-2.867500000000001,0.1
2583,-2.7987500000000005,0.1
2584,0.44249999999999967,0.1
2585,1.08125,0.1
2586,-3.0537500000000013,0.1
2587,-2.7112500000000006,0.1
2588,0.825,0.1
2589,0.9600000000000001,0.1
2590,-2.9237500000000014,0.1
2591,-2.8287500000000003,0.1
2592,1.0350000000000001,0.1
2593,0.7149999999999999,0.1
2594,0.7625,0.1
2595,0.82,0.1
2596,-3.1750000000000016,0.1
2597,0.43374999999999964,0.1
2598,-2.950000000000001,0.1
2599,-0.49374999999999947,0.1
2600,-2.9000000000000012,0.1
2601,1.0275,0.1
2602,0.24249999999999994,0.1
2603,0.8,0.1
2604,0.7149999999999999,0.1
2605,0.9737500000000001,0.1
2606,0.0787500000000001,0.1
2607,0.3062499999999999,0.1
2608,-2.9712500000000017,0.1
2609,0.34499999999999975,0.1
2610,-2.8162500000000006,0.1
2611,-2.8000000000000007,0.1
2612,-2.9425000000000012,0.1
2613,0.45999999999999974,0.1
2614,0.79125,0.1
2615,0.78125,0.1
2616,0.7049999999999998,0.1
2617,0.48499999999999976,0.1
2618,0.5399999999999997,0.1
2619,0.6587499999999998,0.1
2620,-0.8024999999999995,0.1
2621,0.5062499999999998,0.1
2622,0.4774999999999998,0.1
2623,-3.0974999999999993,0.1
2624,-2.990000000000001,0.1
2625,0.4412499999999997,0.1
2626,0.6312499999999998,0.1
2627,0.4774999999999997,0.1
2628,1.155,0.1
2629,0.49624999999999975,0.1
2630,0.45874999999999977,0.1
2631,-2.798750000000001,0.1
2632,0.6699999999999999,0.1
2633,-2.7362500000000005,0.1
2634,0.7537499999999999,0.1
2635,0.2999999999999998,0.1
2636,-0.0337499999999995,0.1
2637,1.09375,0.1
2638,0.26374999999999993,0.1
2639,0.3587499999999999,0.1
2640,-1.0562500000000001,0.1
2641,-2.7800000000000007,0.1
2642,0.85,0.1
2643,0.5737499999999998,0.1
2644,-0.28124999999999956,0.1
2645,-2.942500000000001,0.1
2646,0.77,0.1
2647,0.875,0.1
2648,-2.875000000000001,0.1
2649,0.2174999999999998,0.1
2650,-2.837500000000001,0.1
2651,-0.8724999999999998,0.1
2652,-2.987500000000001,0.1
2653,0.5799999999999997,0.1
2654,-0.12749999999999972,0.1
2655,0.7699999999999999,0.1
2656,-0.10124999999999984,0.1
2657,-2.806250000000001,0.1
2658,-2.855,0.1
2659,0.9537500000000001,0.1
2660,0.14000000000000012,0.1
2661,-2.7987500000000005,0.1
2662,-3.0625,0.1
2663,0.87375,0.1
2664,-2.887500000000001,0.1
2665,0.5924999999999998,0.1
2666,-2.7000000000000006,0.1
2667,0.5499999999999997,0.1
2668,0.9362500000000001,0.1
2669,0.725,0.1
2670,0.6162499999999999,0.1
2671,1.0575,0.1
2672,0.32999999999999985,0.1
2673,0.6662499999999998,0.1
2674,0.68375,0.1
2675,0.8425000000000001,0.1
2676,0.47624999999999973,0.1
2677,0.6749999999999999,0.1
2678,0.44874999999999965,0.1
2679,0.845,0.1
2680,0.93,0.1
2681,0.76,0.1
2682,0.5999999999999998,0.1
2683,0.5687499999999998,0.1
2684,0.10875000000000012,0.1
2685,1.07875,0.1
2686,0.5899999999999997,0.1
2687,-2.965000000000001,0.1
2688,0.9487500000000001,0.1
2689,0.40249999999999986,0.1
2690,-2.900000000000001,0.1
2691,0.91625,0.1
2692,1.0037500000000001,0.1
2693,1.0225,0.1
2694,0.4924999999999997,0.1
2695,0.9187500000000001,0.1
2696,-2.875000000000001,0.1
2697,-3.047500000000001,0.1
2698,0.6537499999999998,0.1
2699,0.7462499999999999,0.1
2700,0.7849999999999999,0.1
2701,0.84125,0.1
2702,1.18875,0.1
2703,0.3949999999999998,0.1
2704,0.2124999999999999,0.1
2705,0.875,0.1
2706,1.105,0.1
2707,0.44499999999999984,0.1
2708,0.7525,0.1
2709,-2.8250000000000006,0.1
2710,0.91625,0.1
2711,0.6187499999999998,0.1
2712,1.0350000000000001,0.1
2713,-0.04874999999999985,0.1
2714,0.6587499999999998,0.1
2715,0.6649999999999997,0.1
2716,1.1187500000000001,0.1
2717,0.5287499999999997,0.1
2718,-2.867500000000001,0.1
2719,0.6124999999999997,0.1
2720,-2.8412500000000005,0.1
2721,0.83875,0.1
2722,-0.06624999999999948,0.1
2723,0.3937499999999996,0.1
2724,-2.7687500000000007,0.1
2725,-0.38124999999999964,0.1
2726,0.8324999999999999,0.1
2727,0.64125,0.1
2728,0.31374999999999975,0.1
2729,0.85,0.1
2730,0.7637499999999999,0.1
2731,0.7575,0.1
2732,-2.830000000000001,0.1
2733,-2.848750000000001,0.1
2734,0.4824999999999998,0.1
2735,0.38625,0.1
2736,1.135,0.1
2737,-2.9037500000000005,0.1
2738,0.80875,0.1
2739,0.43374999999999964,0.1
2740,-0.18749999999999956,0.1
2741,1.0450000000000002,0.1
2742,0.855,0.1
2743,-0.79375,0.1
2744,0.5812499999999998,0.1
2745,0.5849999999999997,0.1
2746,-2.9612500000000006,0.1
2747,-0.46249999999999925,0.1
2748,0.11999999999999988,0.1
2749,1.0437500000000002,0.1
2750,1.205,0.1
2751,0.7875,0.1
2752,-2.68,0.1
2753,1.07375,0.1
2754,0.82,0.1
2755,0.74,0.1
2756,0.40249999999999964,0.1
2757,0.7712500000000001,0.1
2758,0.6962499999999999,0.1
2759,1.26875,0.1
2760,0.5487499999999998,0.1
2761,0.8425,0.1
2762,1.4725000000000001,0.1
2763,0.7562499999999999,0.1
2764,0.5074999999999998,0.1
2765,0.6224999999999998,0.1
2766,0.2862499999999999,0.1
2767,0.5099999999999997,0.1
2768,0.5937499999999998,0.1
2769,0.47624999999999973,0.1
2770,0.2999999999999998,0.1
2771,0.7962499999999999,0.1
2772,0.98,0.1
2773,0.7687499999999999,0.1
2774,0.3062499999999999,0.1
2775,0.7324999999999999,0.1
2776,0.6399999999999998,0.1
2777,-3.962499999999999,0.1
2778,0.2250000000000001,0.1
2779,-3.26875,0.1
2780,0.6249999999999998,0.1
2781,0.95625,0.1
2782,0.4712499999999997,0.1
2783,-3.0800000000000014,0.1
2784,0.41374999999999984,0.1
2785,-0.05499999999999994,0.1
2786,0.6724999999999999,0.1
2787,0.5649999999999997,0.1
2788,0.5012499999999996,0.1
2789,0.5474999999999998,0.1
2790,0.9275000000000001,0.1
2791,0.6887499999999999,0.1
2792,0.2912499999999998,0.1
2793,1.2525000000000002,0.1
2794,-0.26749999999999985,0.1
2795,-0.22874999999999956,0.1
2796,0.9512500000000002,0.1
2797,0.6124999999999999,0.1
2798,0.815,0.1
2799,0.9637500000000001,0.1
2800,0.9825000000000002,0.1
2801,1.2750000000000001,0.1
2802,0.43874999999999975,0.1
2803,0.6174999999999998,0.1
2804,0.6549999999999998,0.1
2805,0.4299999999999997,0.1
2806,1.135,0.1
2807,-0.7612500000000002,0.1
2808,0.7224999999999998,0.1
2809,-2.818750000000001,0.1
2810,-2.8050000000000006,0.1
2811,-2.9987500000000016,0.1
2812,0.4412499999999999,0.1
2813,-0.18999999999999972,0.1
2814,0.25125,0.1
2815,0.3287499999999999,0.1
2816,0.4612499999999997,0.1
2817,0.6412499999999999,0.1
2818,0.99875,0.1
2819,0.65875,0.1
2820,1.135,0.1
2821,0.85,0.1
2822,0.7687499999999999,0.1
2823,-2.877500000000001,0.1
2824,0.6549999999999998,0.1
2825,0.37999999999999967,0.1
2826,0.23499999999999988,0.1
2827,0.86125,0.1
2828,0.2100000000000002,0.1
2829,0.7999999999999999,0.1
2830,0.8,0.1
2831,-2.9000000000000012,0.1
2832,0.5474999999999998,0.1
2833,0.7587499999999999,0.1
2834,0.5937499999999998,0.1
2835,0.5424999999999998,0.1
2836,0.5474999999999998,0.1
2837,-2.68875,0.1
2838,0.495,0.1
2839,0.4787499999999998,0.1
2840,0.3987499999999997,0.1
2841,1.1300000000000001,0.1
2842,0.5549999999999998,0.1
2843,1.13625,0.1
2844,1.19,0.1
2845,0.47750000000000004,0.1
2846,0.5287499999999997,0.1
2847,0.26749999999999985,0.1
2848,-2.85375,0.1
2849,0.37249999999999983,0.1
2850,0.7625,0.1
2851,0.3424999999999998,0.1
2852,0.86875,0.1
2853,1.0325000000000002,0.1
2854,0.33624999999999994,0.1
2855,0.4874999999999996,0.1
2856,0.1812499999999999,0.1
2857,0.825,0.1
2858,0.6099999999999998,0.1
2859,0.98,0.1
2860,-0.2687499999999998,0.1
2861,0.99,0.1
2862,0.5787499999999998,0.1
2863,0.93,0.1
2864,1.02125,0.1
2865,0.44999999999999984,0.1
2866,-0.36374999999999935,0.1
2867,0.55875,0.1
2868,0.81375,0.1
2869,0.3200000000000003,0.1
2870,0.7987500000000002,0.1
2871,0.7249999999999999,0.1
2872,0.1812499999999999,0.1
2873,0.2912499999999998,0.1
2874,0.7999999999999999,0.1
2875,0.28125,0.1
2876,-0.08624999999999972,0.1
2877,0.5424999999999998,0.1
2878,0.7687499999999999,0.1
2879,1.39125,0.1
2880,0.85375,0.1
2881,0.9912500000000001,0.1
2882,-0.3162499999999995,0.1
2883,0.8175,0.1
2884,0.6049999999999998,0.1
2885,0.8562500000000001,0.1
2886,0.6599999999999998,0.1
2887,0.8225,0.1
2888,0.6837499999999999,0.1
2889,0.7399999999999999,0.1
2890,0.4349999999999996,0.1
2891,-0.6099999999999992,0.1
2892,0.5062499999999998,0.1
2893,0.9337500000000001,0.1
2894,0.7024999999999999,0.1
2895,0.9450000000000001,0.1
2896,1.35375,0.1
2897,0.5262499999999998,0.1
2898,-0.3049999999999995,0.1
2899,0.19374999999999987,0.1
2900,1.3062500000000001,0.1
2901,0.30374999999999996,0.1
2902,0.15250000000000008,0.1
2903,0.4212499999999999,0.1
2904,-0.22624999999999962,0.1
2905,0.90625,0.1
2906,-2.9562500000000003,0.1
2907,0.15000000000000013,0.1
2908,0.83625,0.1
2909,-3.0812500000000016,0.1
2910,0.535,0.1
2911,0.5849999999999997,0.1
2912,0.6049999999999998,0.1
2913,-0.125,0.1
2914,-0.6774999999999995,0.1
2915,0.7024999999999999,0.1
2916,-0.5074999999999994,0.1
2917,-0.11499999999999999,0.1
2918,0.88,0.1
2919,0.3062499999999997,0.1
2920,0.09625000000000017,0.1
2921,0.07125000000000026,0.1
2922,1.4900000000000002,0.1
2923,0.45374999999999965,0.1
2924,0.1975,0.1
2925,0.16375000000000006,0.1
2926,0.5149999999999998,0.1
2927,-0.8825000000000001,0.1
2928,0.1775000000000002,0.1
2929,1.1925000000000001,0.1
2930,0.23749999999999982,0.1
2931,0.6149999999999998,0.1
2932,0.9850000000000001,0.1
2933,0.2549999999999999,0.1
2934,-0.01499999999999968,0.1
2935,0.1512500000000001,0.1
2936,0.07374999999999998,0.1
2937,0.27,0.1
2938,0.3062499999999999,0.1
2939,-0.34874999999999945,0.1
2940,0.41749999999999954,0.1
2941,0.12125000000000008,0.1
2942,0.94125,0.1
2943,0.17374999999999985,0.1
2944,0.08250000000000024,0.1
2945,0.6749999999999999,0.1
2946,0.82875,0.1
2947,-0.16374999999999984,0.1
2948,0.7875,0.1
2949,0.8725,0.1
2950,0.15749999999999997,0.1
2951,0.7625,0.1
2952,0.6399999999999998,0.1
2953,1.1600000000000001,0.1
2954,0.87875,0.1
2955,0.5974999999999998,0.1
2956,-0.18749999999999956,0.1
2957,0.7712499999999999,0.1
2958,0.5974999999999998,0.1
2959,-2.8925000000000014,0.1
2960,0.88,0.1
2961,0.7525,0.1
2962,-0.1912499999999997,0.1
2963,-3.276249999999999,0.1
2964,0.81875,0.1
2965,1.0375,0.1
2966,0.5449999999999997,0.1
2967,-0.27749999999999964,0.1
2968,0.3262499999999997,0.1
2969,0.04000000000000026,0.1
2970,0.45874999999999977,0.1
2971,0.5312499999999997,0.1
2972,0.2549999999999999,0.1
2973,0.37999999999999967,0.1
2974,-0.009999999999999787,0.1
2975,0.13250000000000006,0.1
2976,0.06000000000000005,0.1
2977,0.27874999999999983,0.1
2978,0.5887499999999999,0.1
2979,0.4524999999999997,0.1
2980,-0.3974999999999993,0.1
2981,1.0237500000000002,0.1
2982,0.026250000000000107,0.1
2983,0.18249999999999988,0.1
2984,0.5787499999999998,0.1
2985,0.21999999999999997,0.1
2986,-2.9650000000000007,0.1
2987,0.5124999999999998,0.1
2988,0.5999999999999998,0.1
2989,0.5387499999999997,0.1
2990,0.41374999999999984,0.1
2991,0.6174999999999999,0.1
2992,-0.3037499999999995,0.1
2993,0.6699999999999999,0.1
2994,0.7849999999999999,0.1
2995,-0.09874999999999967,0.1
2996,0.4574999999999997,0.1
2997,0.29374999999999973,0.1
2998,-0.1349999999999998,0.1
2999,0.6837499999999999,0.1
3000,-0.3049999999999995,0.1
3001,0.24375000000000013,0.1
3002,0.7499999999999999,0.1
3003,-0.1499999999999997,0.1
3004,0.20999999999999996,0.1
3005,-0.21874999999999956,0.1
3006,0.79375,0.1
3007,-0.3662499999999995,0.1
3008,-2.900000000000001,0.1
3009,0.3374999999999997,0.1
3010,0.20750000000000002,0.1
3011,-3.208750000000002,0.1
3012,0.8625,0.1
3013,0.87,0.1
3014,0.4937499999999997,0.1
3015,0.6049999999999998,0.1
3016,1.22625,0.1
3017,0.5762499999999998,0.1
3018,0.4824999999999997,0.1
3019,-0.14124999999999988,0.1
3020,0.5187499999999997,0.1
3021,0.25249999999999995,0.1
3022,0.9362500000000001,0.1
3023,0.6549999999999998,0.1
3024,0.6074999999999998,0.1
3025,0.2749999999999999,0.1
3026,0.5387499999999998,0.1
3027,0.34999999999999964,0.1
3028,0.40374999999999983,0.1
3029,0.83,0.1
3030,0.3350000000000002,0.1
3031,0.3424999999999996,0.1
3032,0.6224999999999998,0.1
3033,0.6012499999999997,0.1
3034,-0.21124999999999972,0.1
3035,0.5912499999999997,0.1
3036,0.7312500000000001,0.1
3037,0.17999999999999972,0.1
3038,0.8875,0.1
3039,0.7587499999999999,0.1
3040,1.34375,0.1
3041,-0.06125000000000025,0.1
3042,0.4162499999999998,0.1
3043,0.38624999999999976,0.1
3044,0.30374999999999974,0.1
3045,1.1675,0.1
3046,0.5437499999999998,0.1
3047,0.24499999999999988,0.1
3048,1.4900000000000002,0.1
3049,1.5274999999999999,0.1
3050,0.4887499999999997,0.1
3051,0.6349999999999998,0.1
3052,0.15749999999999997,0.1
3053,0.21999999999999997,0.1
3054,-2.7900000000000005,0.1
3055,0.20124999999999993,0.1
3056,0.4099999999999997,0.1
3057,0.7599999999999999,0.1
3058,0.5074999999999997,0.1
3059,-0.40124999999999966,0.1
3060,1.185,0.1
3061,-3.0275000000000007,0.1
3062,-0.2674999999999996,0.1
3063,0.87375,0.1
3064,1.5175,0.1
3065,-0.2212499999999995,0.1
3066,0.46374999999999966,0.1
3067,0.10875000000000012,0.1
3068,-0.317499999999999,0.1
3069,0.42749999999999977,0.1
3070,0.3062499999999997,0.1
3071,0.4762499999999996,0.1
3072,0.3587499999999997,0.1
3073,0.6499999999999998,0.1
3074,-0.16374999999999962,0.1
3075,0.32999999999999985,0.1
3076,0.9950000000000001,0.1
3077,-2.7175000000000007,0.1
3078,-0.27124999999999955,0.1
3079,0.6587499999999998,0.1
3080,0.05250000000000021,0.1
3081,0.82375,0.1
3082,1.0550000000000002,0.1
3083,-2.893750000000001,0.1
3084,1.0050000000000001,0.1
3085,0.125,0.1
3086,0.0050000000000003375,0.1
3087,1.12375,0.1
3088,0.20124999999999993,0.1
3089,0.37999999999999967,0.1
3090,-0.2062499999999996,0.1
3091,0.34124999999999983,0.1
3092,0.39749999999999996,0.1
3093,-0.4174999999999993,0.1
3094,0.5662499999999999,0.1
3095,0.40249999999999964,0.1
3096,1.1162500000000002,0.1
3097,1.145,0.1
3098,-0.02499999999999991,0.1
3099,0.9762500000000001,0.1
3100,0.96625,0.1
3101,-0.07749999999999968,0.1
3102,-0.10374999999999979,0.1
3103,0.5112499999999998,0.1
3104,0.19124999999999992,0.1
3105,1.41375,0.1
3106,0.5587499999999997,0.1
3107,0.23624999999999985,0.1
3108,-2.7800000000000007,0.1
3109,0.5262499999999998,0.1
3110,0.30374999999999974,0.1
3111,0.22999999999999998,0.1
3112,-0.11499999999999977,0.1
3113,0.07374999999999998,0.1
3114,0.82375,0.1
3115,1.095,0.1
3116,1.17,0.1
3117,-2.9575000000000014,0.1
3118,-0.019999999999999796,0.1
3119,0.9612500000000002,0.1
3120,0.71875,0.1
3121,1.0987500000000001,0.1
3122,0.27374999999999994,0.1
3123,0.36624999999999974,0.1
3124,0.75125,0.1
3125,0.6587499999999998,0.1
3126,0.40124999999999966,0.1
3127,0.6599999999999998,0.1
3128,-0.3012499999999996,0.1
3129,0.5249999999999999,0.1
3130,0.13624999999999998,0.1
3131,1.0625,0.1
3132,-0.23249999999999948,0.1
3133,0.8375,0.1
3134,0.1887500000000002,0.1
3135,0.08124999999999982,0.1
3136,0.2899999999999998,0.1
3137,0.45999999999999963,0.1
3138,0.935,0.1
3139,0.6174999999999999,0.1
3140,0.7037499999999999,0.1
3141,-0.21374999999999966,0.1
3142,0.18249999999999988,0.1
3143,1.3,0.1
3144,1.1712500000000001,0.1
3145,1.0275,0.1
3146,0.26749999999999985,0.1
3147,-0.26999999999999935,0.1
3148,0.5549999999999998,0.1
3149,0.93,0.1
3150,-2.8087500000000007,0.1
3151,-0.2524999999999995,0.1
3152,0.38249999999999984,0.1
3153,0.45874999999999977,0.1
3154,-0.5199999999999991,0.1
3155,-0.6449999999999998,0.1
3156,0.7349999999999999,0.1
3157,-2.8662500000000004,0.1
3158,0.7312500000000001,0.1
3159,-1.1337499999999994,0.1
3160,0.30999999999999983,0.1
3161,0.6299999999999998,0.1
3162,0.7637499999999999,0.1
3163,0.2825,0.1
3164,1.1175000000000002,0.1
3165,1.1712500000000001,0.1
3166,0.3287499999999999,0.1
3167,0.2899999999999998,0.1
3168,0.3612499999999996,0.1
3169,0.050000000000000266,0.1
3170,0.13375000000000004,0.1
3171,-0.45374999999999943,0.1
3172,1.1712500000000001,0.1
3173,-0.3874999999999993,0.1
3174,0.06750000000000012,0.1
3175,0.84125,0.1
3176,1.1975000000000002,0.1
3177,1.25875,0.1
3178,1.1225,0.1
3179,0.018750000000000044,0.1
3180,0.06500000000000017,0.1
3181,0.9775,0.1
3182,0.9050000000000001,0.1
3183,0.43374999999999986,0.1
3184,0.9,0.1
3185,1.295,0.1
3186,1.08875,0.1
3187,0.4349999999999996,0.1
3188,0.74125,0.1
3189,0.775,0.1
3190,0.22624999999999984,0.1
3191,0.5987499999999998,0.1
3192,-0.11499999999999977,0.1
3193,1.0987500000000001,0.1
3194,0.24999999999999978,0.1
3195,-0.13124999999999964,0.1
3196,1.22125,0.1
3197,0.3325,0.1
3198,1.29875,0.1
3199,1.4412500000000001,0.1
3200,1.1062500000000002,0.1
3201,0.20000000000000018,0.1
3202,1.10125,0.1
3203,0.9850000000000001,0.1
3204,1.1975,0.1
3205,1.1725,0.1
3206,-0.04874999999999985,0.1
3207,0.9587500000000001,0.1
3208,0.47499999999999964,0.1
3209,0.25,0.1
3210,0.14749999999999996,0.1
3211,-1.0499999999999987,0.1
3212,0.49749999999999994,0.1
3213,0.09624999999999995,0.1
3214,0.050000000000000044,0.1
3215,0.67125,0.1
3216,0.15375000000000028,0.1
3217,0.865,0.1
3218,1.4187500000000002,0.1
3219,0.61,0.1
3220,0.83875,0.1
3221,1.25875,0.1
3222,0.4149999999999996,0.1
3223,0.7675,0.1
3224,-2.861250000000001,0.1
3225,0.91625,0.1
3226,0.33125000000000004,0.1
3227,0.46499999999999964,0.1
3228,0.12750000000000017,0.1
3229,-2.8912500000000008,0.1
3230,1.35,0.1
3231,0.2699999999999998,0.1
3232,0.04375000000000018,0.1
3233,1.1775000000000002,0.1
3234,0.9962500000000001,0.1
3235,-0.20249999999999968,0.1
3236,-0.07374999999999976,0.1
3237,1.1225,0.1
3238,1.38625,0.1
3239,0.7825,0.1
3240,0.915,0.1
3241,0.7162499999999998,0.1
3242,0.2899999999999998,0.1
3243,0.9175000000000001,0.1
3244,0.97875,0.1
3245,1.2112500000000002,0.1
3246,0.08125000000000004,0.1
3247,0.5474999999999998,0.1
3248,-0.2462499999999994,0.1
3249,-0.4562499999999994,0.1
3250,-0.2987499999999994,0.1
3251,1.1175000000000002,0.1
3252,-0.41124999999999945,0.1
3253,1.1125,0.1
3254,0.91625,0.1
3255,-0.2237499999999999,0.1
3256,0.7375000000000002,0.1
3257,-0.16624999999999934,0.1
3258,0.88625,0.1
3259,0.7412499999999999,0.1
3260,0.9500000000000001,0.1
3261,1.2775,0.1
3262,0.935,0.1
3263,0.9750000000000001,0.1
3264,0.5712499999999998,0.1
3265,1.06,0.1
3266,0.61625,0.1
3267,0.5862499999999998,0.1
3268,-0.00374999999999992,0.1
3269,-2.7500000000000004,0.1
3270,-0.32624999999999926,0.1
3271,1.405,0.1
3272,0.8,0.1
3273,0.71,0.1
3274,1.38625,0.1
3275,0.2487499999999998,0.1
3276,0.9712500000000001,0.1
3277,0.9950000000000001,0.1
3278,0.6099999999999998,0.1
3279,1.07375,0.1
3280,0.815,0.1
3281,-2.7987500000000005,0.1
3282,0.645,0.1
3283,0.7949999999999999,0.1
3284,0.9762500000000001,0.1
3285,0.6999999999999998,0.1
3286,0.87,0.1
3287,0.40249999999999986,0.1
3288,1.09,0.1
3289,0.7049999999999998,0.1
3290,-2.6937500000000005,0.1
3291,-0.15249999999999964,0.1
3292,-0.04999999999999982,0.1
3293,1.06875,0.1
3294,-2.7687500000000003,0.1
3295,0.96625,0.1
3296,0.67875,0.1
3297,1.08125,0.1
3298,1.1262500000000002,0.1
3299,0.7149999999999999,0.1
3300,-0.42124999999999924,0.1
3301,-0.5624999999999993,0.1
3302,-3.0400000000000014,0.1
3303,1.04,0.1
3304,1.1125,0.1
3305,-0.4549999999999994,0.1
3306,-0.42249999999999943,0.1
3307,-0.0024999999999997247,0.1
3308,-0.047499999999999876,0.1
3309,0.6337499999999998,0.1
3310,1.0075,0.1
3311,0.6712499999999999,0.1
3312,-0.4799999999999993,0.1
3313,0.87875,0.1
3314,0.05625000000000013,0.1
3315,0.6124999999999998,0.1
3316,1.1500000000000001,0.1
3317,0.3899999999999997,0.1
3318,1.2550000000000001,0.1
3319,-0.5812499999999992,0.1
3320,1.435,0.1
3321,1.02875,0.1
3322,1.02125,0.1
3323,0.006250000000000089,0.1
3324,1.0237500000000002,0.1
3325,0.8312499999999999,0.1
3326,0.9837500000000001,0.1
3327,0.92125,0.1
3328,0.19874999999999998,0.1
3329,0.3849999999999998,0.1
3330,0.6599999999999999,0.1
3331,0.15500000000000003,0.1
3332,1.0325000000000002,0.1
3333,-0.03999999999999937,0.1
3334,0.48999999999999977,0.1
3335,0.17999999999999994,0.1
3336,0.7325,0.1
3337,0.7899999999999999,0.1
3338,0.7649999999999999,0.1
3339,-0.14749999999999974,0.1
3340,0.3849999999999998,0.1
3341,0.92,0.1
3342,0.84375,0.1
3343,0.0012500000000001954,0.1
3344,0.7487499999999999,0.1
3345,0.5174999999999998,0.1
3346,0.7274999999999999,0.1
3347,1.1075,0.1
3348,0.5974999999999998,0.1
3349,0.10750000000000015,0.1
3350,1.13125,0.1
3351,0.6774999999999999,0.1
3352,0.6574999999999999,0.1
3353,0.1887500000000002,0.1
3354,0.8625,0.1
3355,1.1887500000000002,0.1
3356,0.6912499999999999,0.1
3357,1.3687500000000001,0.1
3358,0.3599999999999999,0.1
3359,-3.1262499999999998,0.1
3360,0.6537499999999998,0.1
3361,0.9512500000000002,0.1
3362,0.4949999999999998,0.1
3363,1.09375,0.1
3364,0.8662500000000001,0.1
3365,-0.09874999999999967,0.1
3366,0.6887499999999999,0.1
3367,0.43874999999999975,0.1
3368,0.775,0.1
3369,1.235,0.1
3370,0.6787499999999999,0.1
3371,1.26,0.1
3372,-0.4449999999999994,0.1
3373,0.21999999999999997,0.1
3374,0.32999999999999985,0.1
3375,0.21750000000000003,0.1
3376,-3.0287500000000014,0.1
3377,1.405,0.1
3378,0.8412499999999999,0.1
3379,0.83125,0.1
3380,0.11375000000000002,0.1
3381,1.29125,0.1
3382,0.5137499999999997,0.1
3383,0.31000000000000005,0.1
3384,0.7875,0.1
3385,0.355,0.1
3386,0.8125,0.1
3387,-0.3287499999999992,0.1
3388,-0.6599999999999995,0.1
3389,0.7787499999999999,0.1
3390,0.3750000000000002,0.1
3391,0.1337499999999998,0.1
3392,0.5287499999999997,0.1
3393,0.05125000000000002,0.1
3394,0.2649999999999999,0.1
3395,0.20999999999999996,0.1
3396,0.79125,0.1
3397,0.9325000000000001,0.1
3398,0.5437499999999997,0.1
3399,0.2925,0.1
3400,-0.017499999999999627,0.1
3401,0.3799999999999999,0.1
3402,-0.05624999999999991,0.1
3403,0.9,0.1
3404,-0.01124999999999976,0.1
3405,0.675,0.1
3406,1.27625,0.1
3407,1.35,0.1
3408,-0.8487500000000001,0.1
3409,0.69375,0.1
3410,0.2812499999999998,0.1
3411,0.2337499999999999,0.1
3412,1.0925,0.1
3413,0.6187500000000002,0.1
3414,0.6487499999999998,0.1
3415,0.6174999999999999,0.1
3416,0.21750000000000003,0.1
3417,0.03750000000000009,0.1
3418,-0.6249999999999993,0.1
3419,1.045,0.1
3420,0.4887499999999997,0.1
3421,-0.33249999999999935,0.1
3422,1.0475,0.1
3423,0.19625000000000004,0.1
3424,0.39124999999999965,0.1
3425,1.02,0.1
3426,1.0150000000000001,0.1
3427,0.3374999999999997,0.1
3428,-0.4274999999999993,0.1
3429,-0.7249999999999999,0.1
3430,0.855,0.1
3431,1.15375,0.1
3432,0.9712500000000002,0.1
3433,0.3899999999999997,0.1
3434,0.7487499999999999,0.1
3435,1.1325,0.1
3436,0.4399999999999997,0.1
3437,0.4399999999999997,0.1
3438,-2.8800000000000012,0.1
3439,1.2225000000000001,0.1
3440,0.7687499999999999,0.1
3441,0.4062499999999998,0.1
3442,0.7699999999999999,0.1
3443,0.7774999999999999,0.1
3444,-0.0187499999999996,0.1
3445,1.01875,0.1
3446,0.5449999999999997,0.1
3447,0.19500000000000028,0.1
3448,0.3462499999999997,0.1
3449,1.34375,0.1
3450,0.7675,0.1
3451,1.145,0.1
3452,1.2475,0.1
3453,0.4099999999999997,0.1
3454,-0.02874999999999983,0.1
3455,0.4949999999999999,0.1
3456,0.915,0.1
3457,-2.9425000000000012,0.1
3458,-0.22249999999999948,0.1
3459,1.17875,0.1
3460,1.355,0.1
3461,1.03875,0.1
3462,-2.8837500000000014,0.1
3463,0.4712499999999996,0.1
3464,0.35999999999999965,0.1
3465,-2.9412500000000006,0.1
3466,1.0075,0.1
3467,0.7449999999999999,0.1
3468,-0.4099999999999995,0.1
3469,1.20375,0.1
3470,-0.28624999999999967,0.1
3471,0.88375,0.1
3472,0.90125,0.1
3473,-2.7500000000000004,0.1
3474,0.5249999999999998,0.1
3475,0.915,0.1
3476,1.1287500000000001,0.1
3477,1.09,0.1
3478,0.6587499999999998,0.1
3479,0.4199999999999997,0.1
3480,0.7699999999999999,0.1
3481,0.03500000000000014,0.1
3482,0.22750000000000004,0.1
3483,0.10375000000000001,0.1
3484,0.5312499999999998,0.1
3485,0.14249999999999985,0.1
3486,-0.7412499999999993,0.1
3487,-0.2062499999999996,0.1
3488,0.5112499999999999,0.1
3489,-2.8675000000000006,0.1
3490,-0.0674999999999999,0.1
3491,0.7362499999999998,0.1
3492,0.7149999999999999,0.1
3493,0.7574999999999998,0.1
3494,0.26000000000000023,0.1
3495,0.07125000000000004,0.1
3496,-0.019999999999999796,0.1
3497,0.7487499999999999,0.1
3498,0.7687499999999999,0.1
3499,0.07250000000000001,0.1
3500,0.73375,0.1
3501,0.61625,0.1
3502,0.7699999999999999,0.1
3503,-3.5775,0.1
3504,0.6224999999999998,0.1
3505,0.88625,0.1
3506,1.0625,0.1
3507,0.41124999999999967,0.1
3508,0.5599999999999998,0.1
3509,0.6299999999999999,0.1
3510,0.5912499999999998,0.1
3511,0.9537500000000001,0.1
3512,0.31999999999999984,0.1
3513,0.5012499999999996,0.1
3514,-0.006249999999999867,0.1
3515,0.3062499999999997,0.1
3516,0.20000000000000018,0.1
3517,0.6787499999999999,0.1
3518,-0.3112499999999996,0.1
3519,0.2962499999999999,0.1
3520,0.6749999999999998,0.1
3521,0.885,0.1
3522,1.0350000000000001,0.1
3523,1.1300000000000001,0.1
3524,0.6349999999999999,0.1
3525,0.2999999999999998,0.1
3526,-2.7550000000000003,0.1
3527,0.6949999999999998,0.1
3528,1.5687499999999999,0.1
3529,0.4037499999999996,0.1
3530,1.1300000000000001,0.1
3531,0.12499999999999978,0.1
3532,0.7087499999999999,0.1
3533,0.5837499999999998,0.1
3534,1.115,0.1
3535,0.028750000000000053,0.1
3536,0.82375,0.1
3537,0.06500000000000017,0.1
3538,1.2975,0.1
3539,1.3800000000000001,0.1
3540,-0.5374999999999992,0.1
3541,0.5749999999999997,0.1
3542,0.8737500000000001,0.1
3543,1.0237500000000002,0.1
3544,-1.2050000000000007,0.1
3545,0.49499999999999966,0.1
3546,0.8150000000000001,0.1
3547,0.96625,0.1
3548,0.3287499999999999,0.1
3549,0.82,0.1
3550,0.6049999999999998,0.1
3551,0.925,0.1
3552,-0.043749999999999956,0.1
3553,0.31874999999999987,0.1
3554,0.85875,0.1
3555,0.3637499999999998,0.1
3556,0.14500000000000002,0.1
3557,1.0725,0.1
3558,-0.19499999999999962,0.1
3559,1.145,0.1
3560,-0.09624999999999972,0.1
3561,0.8925000000000001,0.1
3562,0.5662499999999998,0.1
3563,0.47374999999999967,0.1
3564,0.9425000000000001,0.1
3565,-0.18749999999999933,0.1
3566,1.5225000000000002,0.1
3567,0.9162500000000001,0.1
3568,0.845,0.1
3569,-0.34874999999999945,0.1
3570,0.8875000000000001,0.1
3571,-0.1499999999999999,0.1
3572,1.3725,0.1
3573,0.5812499999999997,0.1
3574,1.0275,0.1
3575,0.7274999999999999,0.1
3576,0.8175,0.1
3577,0.9275000000000001,0.1
3578,1.0625,0.1
3579,0.22999999999999998,0.1
3580,0.7099999999999999,0.1
3581,0.7387499999999999,0.1
3582,0.35999999999999965,0.1
3583,1.50875,0.1
3584,0.8912500000000001,0.1
3585,0.9650000000000001,0.1
3586,0.7274999999999999,0.1
3587,1.04,0.1
3588,0.41624999999999956,0.1
3589,1.0137500000000002,0.1
3590,1.00625,0.1
3591,0.9287500000000001,0.1
3592,0.9487500000000001,0.1
3593,0.2537499999999999,0.1
3594,0.825,0.1
3595,0.97875,0.1
3596,1.0025,0.1
3597,0.4800000000000002,0.1
3598,1.455,0.1
3599,0.5374999999999999,0.1
3600,0.18625000000000047,0.1
3601,-0.1487499999999995,0.1
3602,0.82375,0.1
3603,1.2650000000000001,0.1
3604,0.78625,0.1
3605,-0.5937499999999993,0.1
3606,0.9650000000000001,0.1
3607,0.7949999999999999,0.1
3608,0.8624999999999999,0.1
3609,0.7649999999999999,0.1
3610,0.9475,0.1
3611,0.38624999999999976,0.1
3612,0.5374999999999998,0.1
3613,-0.02124999999999977,0.1
3614,1.37625,0.1
3615,0.10000000000000009,0.1
3616,0.9025000000000001,0.1
3617,1.13125,0.1
3618,1.155,0.1
3619,1.06125,0.1
3620,-0.48374999999999924,0.1
3621,-2.9312500000000012,0.1
3622,0.07374999999999998,0.1
3623,-0.4124999999999994,0.1
3624,-0.2999999999999994,0.1
3625,1.295,0.1
3626,0.03500000000000014,0.1
3627,1.18625,0.1
3628,0.5137499999999997,0.1
3629,0.7175,0.1
3630,0.4512499999999997,0.1
3631,1.0237500000000002,0.1
3632,0.7762499999999999,0.1
3633,0.7637499999999999,0.1
3634,-0.3149999999999995,0.1
3635,0.9650000000000001,0.1
3636,1.0925,0.1
3637,0.8725,0.1
3638,0.34124999999999983,0.1
3639,0.37624999999999975,0.1
3640,0.7825,0.1
3641,0.9550000000000001,0.1
3642,1.3825,0.1
3643,0.6487499999999998,0.1
3644,0.5724999999999999,0.1
3645,0.9837500000000001,0.1
3646,0.6287499999999999,0.1
3647,-1.0362500000000006,0.1
3648,-0.13249999999999984,0.1
3649,0.9550000000000001,0.1
3650,1.485,0.1
3651,0.0012500000000001954,0.1
3652,1.3587500000000001,0.1
3653,0.9112500000000001,0.1
3654,-0.20874999999999955,0.1
3655,1.00625,0.1
3656,0.9750000000000001,0.1
3657,0.4462499999999996,0.1
3658,-0.33999999999999964,0.1
3659,1.07875,0.1
3660,-0.06249999999999978,0.1
3661,0.4474999999999997,0.1
3662,1.4175000000000002,0.1
3663,0.49499999999999966,0.1
3664,1.0362500000000001,0.1
3665,1.12,0.1
3666,-0.1499999999999997,0.1
3667,0.1237499999999998,0.1
3668,0.46874999999999967,0.1
3669,0.755,0.1
3670,0.7049999999999998,0.1
3671,0.7625,0.1
3672,0.91125,0.1
3673,0.07000000000000006,0.1
3674,0.96125,0.1
3675,0.8175000000000001,0.1
3676,0.11499999999999999,0.1
3677,0.9737500000000001,0.1
3678,0.5649999999999998,0.1
3679,0.88125,0.1
3680,0.30874999999999986,0.1
3681,1.20875,0.1
3682,1.1675,0.1
3683,1.03875,0.1
3684,0.9725000000000001,0.1
3685,0.29874999999999985,0.1
3686,0.5324999999999998,0.1
3687,0.04500000000000037,0.1
3688,1.27625,0.1
3689,0.7137499999999999,0.1
3690,1.1525,0.1
3691,1.19875,0.1
3692,0.42749999999999977,0.1
3693,0.4937499999999997,0.1
3694,-2.7300000000000004,0.1
3695,0.85625,0.1
3696,0.6399999999999998,0.1
3697,1.05,0.1
3698,0.9500000000000001,0.1
3699,0.21500000000000008,0.1
3700,0.5449999999999997,0.1
3701,0.6962499999999999,0.1
3702,0.91125,0.1
3703,1.1675,0.1
3704,1.03375,0.1
3705,0.5199999999999998,0.1
3706,0.20124999999999993,0.1
3707,0.87875,0.1
3708,0.17249999999999988,0.1
3709,-2.960000000000001,0.1
3710,0.41874999999999973,0.1
3711,0.6262499999999998,0.1
3712,0.7649999999999999,0.1
3713,0.7762499999999999,0.1
3714,0.46374999999999966,0.1
3715,-0.12124999999999986,0.1
3716,1.13625,0.1
3717,0.5924999999999999,0.1
3718,1.14625,0.1
3719,1.1887500000000002,0.1
3720,1.0075,0.1
3721,0.87,0.1
3722,0.96625,0.1
3723,1.155,0.1
3724,0.85625,0.1
3725,0.9325000000000001,0.1
3726,1.02875,0.1
3727,0.5112499999999996,0.1
3728,1.07,0.1
3729,-2.9112500000000012,0.1
3730,0.7049999999999998,0.1
3731,1.1475,0.1
3732,0.98,0.1
3733,0.09250000000000003,0.1
3734,1.045,0.1
3735,0.7899999999999999,0.1
3736,0.9325000000000001,0.1
3737,0.7287499999999999,0.1
3738,0.9325000000000001,0.1
3739,0.84,0.1
3740,1.42875,0.1
3741,1.3587500000000001,0.1
3742,1.16625,0.1
3743,1.435,0.1
3744,1.01625,0.1
3745,0.17999999999999994,0.1
3746,0.7449999999999999,0.1
3747,-2.8500000000000005,0.1
3748,-0.32375,0.1
3749,1.1725,0.1
3750,0.25749999999999984,0.1
3751,0.6212499999999999,0.1
3752,1.02,0.1
3753,0.8225,0.1
3754,1.1125,0.1
3755,1.1725,0.1
3756,0.97875,0.1
3757,0.7087499999999999,0.1
3758,0.7762500000000001,0.1
3759,-0.2787499999999996,0.1
3760,1.2437500000000001,0.1
3761,0.5262499999999997,0.1
3762,0.4349999999999996,0.1
3763,0.84,0.1
3764,0.81375,0.1
3765,0.9512500000000002,0.1
3766,1.0437500000000002,0.1
3767,1.0425,0.1
3768,0.4087499999999997,0.1
3769,0.6449999999999999,0.1
3770,0.7649999999999999,0.1
3771,0.86875,0.1
3772,0.5624999999999999,0.1
3773,1.1662500000000002,0.1
3774,0.4224999999999999,0.1
3775,1.04,0.1
3776,0.8825000000000001,0.1
3777,0.96125,0.1
3778,0.9650000000000001,0.1
3779,1.08875,0.1
3780,0.9975,0.1
3781,0.7849999999999999,0.1
3782,1.2537500000000001,0.1
3783,0.9675,0.1
3784,-0.09124999999999983,0.1
3785,0.77375,0.1
3786,0.9450000000000001,0.1
3787,1.17875,0.1
3788,0.9537500000000001,0.1
3789,0.8925000000000001,0.1
3790,1.24,0.1
3791,1.0625,0.1
3792,1.02625,0.1
3793,0.6037499999999999,0.1
3794,0.8425,0.1
3795,1.25875,0.1
3796,1.11125,0.1
3797,0.5312499999999997,0.1
3798,1.33125,0.1
3799,1.0250000000000001,0.1
3800,0.74125,0.1
3801,0.2862499999999999,0.1
3802,0.9725000000000001,0.1
3803,1.08125,0.1
3804,1.21,0.1
3805,0.5099999999999997,0.1
3806,1.335,0.1
3807,1.09375,0.1
3808,1.13125,0.1
3809,1.1500000000000001,0.1
3810,1.02125,0.1
3811,-0.11999999999999944,0.1
3812,1.2175,0.1
3813,0.5387499999999998,0.1
3814,1.2650000000000001,0.1
3815,0.97,0.1
3816,1.02125,0.1
3817,0.6949999999999998,0.1
3818,0.7074999999999999,0.1
3819,1.185,0.1
3820,-0.2849999999999995,0.1
3821,0.7237499999999999,0.1
3822,0.9700000000000001,0.1
3823,1.5175,0.1
3824,0.615,0.1
3825,-0.3862499999999993,0.1
3826,0.82375,0.1
3827,1.4187500000000002,0.1
3828,0.9512500000000002,0.1
3829,0.23124999999999996,0.1
3830,0.74625,0.1
3831,-0.0762499999999997,0.1
3832,1.2112500000000002,0.1
3833,1.2275,0.1
3834,0.8550000000000001,0.1
3835,1.0750000000000002,0.1
3836,0.27374999999999994,0.1
3837,0.060000000000000275,0.1
3838,1.3587500000000001,0.1
3839,0.36499999999999977,0.1
3840,0.8725,0.1
3841,0.3324999999999998,0.1
3842,0.91125,0.1
3843,0.88,0.1
3844,0.7399999999999999,0.1
3845,1.17875,0.1
3846,0.79375,0.1
3847,0.9575,0.1
3848,1.2825000000000002,0.1
3849,0.28874999999999984,0.1
3850,0.3374999999999997,0.1
3851,0.29000000000000004,0.1
3852,0.6937499999999999,0.1
3853,0.3149999999999997,0.1
3854,0.98875,0.1
3855,1.4400000000000002,0.1
3856,0.79875,0.1
3857,0.9450000000000001,0.1
3858,1.02625,0.1
3859,1.0987500000000001,0.1
3860,-0.9412500000000004,0.1
3861,0.8962500000000001,0.1
3862,1.405,0.1
3863,1.1375000000000002,0.1
3864,0.7499999999999999,0.1
3865,0.91,0.1
3866,1.05125,0.1
3867,1.25875,0.1
3868,1.0925,0.1
3869,1.0475,0.1
3870,1.27625,0.1
3871,0.24499999999999988,0.1
3872,0.9287500000000001,0.1
3873,1.0025,0.1
3874,0.6812499999999998,0.1
3875,0.8125,0.1
3876,1.1262500000000002,0.1
3877,1.2550000000000001,0.1
3878,1.1600000000000001,0.1
3879,1.2537500000000001,0.1
3880,0.7999999999999999,0.1
3881,-0.10624999999999951,0.1
3882,0.2287499999999998,0.1
3883,1.01875,0.1
3884,0.725,0.1
3885,0.74625,0.1
3886,1.06125,0.1
3887,0.8375,0.1
3888,0.7899999999999999,0.1
3889,0.46499999999999975,0.1
3890,0.80125,0.1
3891,1.0550000000000002,0.1
3892,0.23124999999999996,0.1
3893,1.1675,0.1
3894,0.84875,0.1
3895,0.94125,0.1
3896,1.245,0.1
3897,1.2025000000000001,0.1
3898,0.5374999999999998,0.1
3899,0.91125,0.1
3900,0.80625,0.1
3901,-0.17999999999999972,0.1
3902,1.2225000000000001,0.1
3903,0.9975,0.1
3904,0.825,0.1
3905,0.8312499999999999,0.1
3906,0.4937499999999997,0.1
3907,1.1,0.1
3908,1.0350000000000001,0.1
3909,1.23,0.1
3910,0.9062500000000001,0.1
3911,0.9687500000000001,0.1
3912,1.43625,0.1
3913,1.1062500000000002,0.1
3914,0.7149999999999999,0.1
3915,1.29875,0.1
3916,1.0750000000000002,0.1
3917,0.925,0.1
3918,0.6549999999999998,0.1
3919,1.2962500000000001,0.1
3920,1.2,0.1
3921,1.32125,0.1
3922,0.86125,0.1
3923,1.09375,0.1
3924,1.02625,0.1
3925,0.8224999999999999,0.1
3926,0.88,0.1
3927,0.6799999999999999,0.1
3928,1.28125,0.1
3929,0.21875,0.1
3930,0.9400000000000001,0.1
3931,1.1487500000000002,0.1
3932,1.1675,0.1
3933,0.7137499999999999,0.1
3934,0.8425,0.1
3935,-0.5799999999999994,0.1
3936,0.49999999999999967,0.1
3937,1.09,0.1
3938,0.9225000000000001,0.1
3939,0.83125,0.1
3940,0.6412499999999998,0.1
3941,1.1,0.1
3942,1.1125,0.1
3943,0.5787499999999998,0.1
3944,1.02625,0.1
3945,0.8200000000000001,0.1
3946,1.4400000000000002,0.1
3947,1.4775,0.1
3948,1.0525,0.1
3949,0.885,0.1
3950,0.7875,0.1
3951,0.3949999999999998,0.1
3952,1.11375,0.1
3953,0.08125000000000071,0.1
3954,0.8875,0.1
3955,1.45375,0.1
3956,1.28125,0.1
3957,0.925,0.1
3958,1.04,0.1
3959,1.08,0.1
3960,0.6162499999999999,0.1
3961,0.29874999999999985,0.1
3962,1.2025000000000001,0.1
3963,0.85375,0.1
3964,0.7024999999999999,0.1
3965,0.70125,0.1
3966,1.09,0.1
3967,0.6599999999999999,0.1
3968,-0.1912499999999997,0.1
3969,1.07375,0.1
3970,0.6049999999999999,0.1
3971,1.02625,0.1
3972,0.8912500000000001,0.1
3973,1.51375,0.1
3974,0.9287500000000001,0.1
3975,1.32125,0.1
3976,1.06875,0.1
3977,0.9712500000000001,0.1
3978,1.26625,0.1
3979,0.4712499999999997,0.1
3980,0.8375,0.1
3981,-0.7599999999999996,0.1
3982,0.7687499999999999,0.1
3983,1.27625,0.1
3984,1.1912500000000001,0.1
3985,0.4224999999999999,0.1
3986,1.4675,0.1
3987,0.48249999999999993,0.1
3988,1.1712500000000001,0.1
3989,0.2024999999999999,0.1
3990,0.17499999999999982,0.1
3991,1.1975,0.1
3992,1.4675,0.1
3993,0.77,0.1
3994,1.245,0.1
3995,1.0437500000000002,0.1
3996,1.0,0.1
3997,1.05,0.1
3998,0.7587499999999999,0.1
3999,1.2075,0.1
4000,1.0625,0.1
4001,1.0637500000000002,0.1
4002,1.1087500000000001,0.1
4003,1.2012500000000002,0.1
4004,1.0350000000000001,0.1
4005,0.6849999999999999,0.1
4006,0.6499999999999998,0.1
4007,-0.1449999999999998,0.1
4008,0.19874999999999998,0.1
4009,0.7825,0.1
4010,1.08125,0.1
4011,1.16625,0.1
4012,0.7049999999999998,0.1
4013,1.1287500000000001,0.1
4014,0.83625,0.1
4015,1.0150000000000001,0.1
4016,0.99,0.1
4017,0.7962499999999999,0.1
4018,1.045,0.1
4019,0.8875,0.1
4020,1.105,0.1
4021,0.24,0.1
4022,0.6349999999999998,0.1
4023,0.5549999999999997,0.1
4024,0.3949999999999998,0.1
4025,0.77625,0.1
4026,1.205,0.1
4027,0.8612500000000001,0.1
4028,1.3625,0.1
4029,1.0362500000000001,0.1
4030,1.085,0.1
4031,1.07625,0.1
4032,0.8137500000000001,0.1
4033,0.7449999999999999,0.1
4034,0.36499999999999977,0.1
4035,0.6162499999999999,0.1
4036,1.0975000000000001,0.1
4037,0.1712499999999999,0.1
4038,1.095,0.1
4039,1.08,0.1
4040,0.8675,0.1
4041,0.46874999999999967,0.1
4042,0.8912500000000001,0.1
4043,1.0225,0.1
4044,0.85,0.1
4045,1.21,0.1
4046,0.83625,0.1
4047,0.9325000000000001,0.1
4048,1.13375,0.1
4049,1.485,0.1
4050,1.05,0.1
4051,0.6999999999999998,0.1
4052,0.8975000000000001,0.1
4053,0.7649999999999999,0.1
4054,1.00625,0.1
4055,0.10999999999999988,0.1
4056,0.90375,0.1
4057,0.9737500000000001,0.1
4058,0.6024999999999998,0.1
4059,1.165,0.1
4060,0.6974999999999999,0.1
4061,-2.790000000000001,0.1
4062,1.4625000000000001,0.1
4063,0.815,0.1
4064,0.41500000000000004,0.1
4065,0.6599999999999998,0.1
4066,0.845,0.1
4067,0.36624999999999974,0.1
4068,0.5174999999999998,0.1
4069,0.7774999999999999,0.1
4070,0.775,0.1
4071,1.19375,0.1
4072,0.9125000000000001,0.1
4073,1.18625,0.1
4074,0.9925,0.1
4075,1.39375,0.1
4076,1.0437500000000002,0.1
4077,1.1125,0.1
4078,1.145,0.1
4079,0.9475,0.1
4080,0.98,0.1
4081,1.07625,0.1
4082,0.9337500000000001,0.1
4083,0.8200000000000001,0.1
4084,0.88625,0.1
4085,0.9687500000000001,0.1
4086,1.28875,0.1
4087,1.36375,0.1
4088,1.12,0.1
4089,1.0637500000000002,0.1
4090,0.745,0.1
4091,1.2275,0.1
4092,1.01625,0.1
4093,0.6187499999999999,0.1
4094,1.26125,0.1
4095,0.86125,0.1
4096,1.0250000000000001,0.1
4097,0.5937499999999998,0.1
4098,0.5824999999999999,0.1
4099,0.9512500000000002,0.1
4100,0.5074999999999997,0.1
4101,1.2400000000000002,0.1
4102,0.5862499999999999,0.1
4103,1.095,0.1
4104,0.9687500000000001,0.1
4105,0.8962500000000001,0.1
4106,0.4937499999999998,0.1
4107,1.45375,0.1
4108,0.9700000000000001,0.1
4109,1.06875,0.1
4110,1.32625,0.1
4111,0.91625,0.1
4112,0.3899999999999997,0.1
4113,0.8575,0.1
4114,0.9712500000000001,0.1
4115,0.9500000000000001,0.1
4116,0.5574999999999999,0.1
4117,1.25875,0.1
4118,0.815,0.1
4119,1.2625000000000002,0.1
4120,0.99,0.1
4121,1.15875,0.1
4122,0.87875,0.1
4123,1.3725,0.1
4124,0.8925000000000001,0.1
4125,-2.752500000000001,0.1
4126,1.1125,0.1
4127,-0.22374999999999967,0.1
4128,1.0550000000000002,0.1
4129,1.08,0.1
4130,-0.2949999999999995,0.1
4131,0.7749999999999999,0.1
4132,0.5849999999999999,0.1
4133,1.31375,0.1
4134,1.18625,0.1
4135,1.0025000000000002,0.1
4136,-0.8587499999999995,0.1
4137,1.12625,0.1
4138,1.4900000000000002,0.1
4139,1.35,0.1
4140,0.8887499999999999,0.1
4141,0.5762499999999997,0.1
4142,1.13625,0.1
4143,1.2287500000000002,0.1
4144,0.7337499999999999,0.1
4145,1.0,0.1
4146,1.2637500000000002,0.1
4147,0.77,0.1
4148,1.15875,0.1
4149,1.0750000000000002,0.1
4150,-0.9712500000000006,0.1
4151,1.2,0.1
4152,0.90375,0.1
4153,1.06125,0.1
4154,0.6224999999999998,0.1
4155,1.23625,0.1
4156,1.5362500000000001,0.1
4157,1.445,0.1
4158,1.1425,0.1
4159,1.34,0.1
4160,1.495,0.1
4161,1.5225000000000002,0.1
4162,1.1525,0.1
4163,1.27,0.1
4164,0.81875,0.1
4165,1.15,0.1
4166,1.0225,0.1
4167,-0.3399999999999994,0.1
4168,1.07375,0.1
4169,0.98875,0.1
4170,0.6975,0.1
4171,0.7599999999999999,0.1
4172,0.6037499999999998,0.1
4173,1.33875,0.1
4174,0.79375,0.1
4175,1.2725,0.1
4176,1.2537500000000001,0.1
4177,0.9225000000000001,0.1
4178,1.01125,0.1
4179,1.1062500000000002,0.1
4180,0.6174999999999999,0.1
4181,0.5987499999999998,0.1
4182,1.245,0.1
4183,0.6249999999999999,0.1
4184,0.3174999999999999,0.1
4185,0.78625,0.1
4186,1.3362500000000002,0.1
4187,1.07375,0.1
4188,1.43625,0.1
4189,0.8625,0.1
4190,0.87375,0.1
4191,0.8237500000000001,0.1
4192,1.215,0.1
4193,0.2812500000000002,0.1
4194,1.06125,0.1
4195,1.1500000000000001,0.1
4196,1.15375,0.1
4197,0.9587500000000001,0.1
4198,1.03875,0.1
4199,1.1487500000000002,0.1
4200,0.15250000000000008,0.1
4201,0.5999999999999998,0.1
4202,0.91125,0.1
4203,0.25749999999999984,0.1
4204,-0.07874999999999988,0.1
4205,1.08,0.1
4206,0.2437499999999999,0.1
4207,1.2337500000000001,0.1
4208,0.9500000000000002,0.1
4209,1.2962500000000001,0.1
4210,0.5049999999999998,0.1
4211,1.23625,0.1
4212,1.12125,0.1
4213,1.28,0.1
4214,1.365,0.1
4215,1.07,0.1
4216,1.2825000000000002,0.1
4217,1.405,0.1
4218,0.8350000000000001,0.1
4219,0.4887499999999997,0.1
4220,1.2025000000000001,0.1
4221,1.2337500000000001,0.1
4222,1.0562500000000001,0.1
4223,0.99,0.1
4224,1.0375,0.1
4225,1.0375,0.1
4226,1.0775000000000001,0.1
4227,0.9475,0.1
4228,1.2225000000000001,0.1
4229,1.185,0.1
4230,1.295,0.1
4231,0.3999999999999997,0.1
4232,0.7249999999999999,0.1
4233,0.6887499999999999,0.1
4234,0.7599999999999999,0.1
4235,1.175,0.1
4236,0.23749999999999982,0.1
4237,1.4625000000000001,0.1
4238,0.7224999999999999,0.1
4239,1.375,0.1
4240,1.00875,0.1
4241,-0.19374999999999964,0.1
4242,1.28875,0.1
4243,1.0050000000000001,0.1
4244,1.065,0.1
4245,0.6449999999999998,0.1
4246,1.1175000000000002,0.1
4247,1.24,0.1
4248,0.6137499999999999,0.1
4249,-0.4087499999999997,0.1
4250,1.28125,0.1
4251,0.5699999999999998,0.1
4252,1.2375,0.1
4253,0.80375,0.1
4254,0.7687499999999999,0.1
4255,1.22625,0.1
4256,0.9325000000000001,0.1
4257,0.4162499999999998,0.1
4258,1.0562500000000001,0.1
4259,1.155,0.1
4260,0.012500000000000178,0.1
4261,0.99,0.1
4262,0.79875,0.1
4263,1.24,0.1
4264,1.1725,0.1
4265,1.1375000000000002,0.1
4266,0.9687500000000001,0.1
4267,1.1,0.1
4268,1.1675,0.1
4269,0.8150000000000001,0.1
4270,0.3524999999999998,0.1
4271,1.3250000000000002,0.1
4272,1.02125,0.1
4273,1.0987500000000001,0.1
4274,0.8600000000000001,0.1
4275,1.0525,0.1
4276,0.7487499999999999,0.1
4277,0.6774999999999999,0.1
4278,0.7687499999999999,0.1
4279,1.0212500000000002,0.1
4280,0.9850000000000001,0.1
4281,1.095,0.1
4282,1.13625,0.1
4283,1.155,0.1
4284,0.7825,0.1
4285,0.5812499999999997,0.1
4286,1.0987500000000001,0.1
4287,1.0,0.1
4288,0.9450000000000001,0.1
4289,0.6837499999999999,0.1
4290,0.8625,0.1
4291,1.29,0.1
4292,1.2937500000000002,0.1
4293,0.39624999999999977,0.1
4294,1.1425,0.1
4295,1.1087500000000001,0.1
4296,0.93,0.1
4297,1.18625,0.1
4298,0.9400000000000001,0.1
4299,1.355,0.1
4300,0.7024999999999999,0.1
4301,1.02125,0.1
4302,1.08875,0.1
4303,0.8812500000000001,0.1
4304,1.2975,0.1
4305,1.3325,0.1
4306,0.83,0.1
4307,1.085,0.1
4308,1.07125,0.1
4309,1.0625,0.1
4310,1.0150000000000001,0.1
4311,1.27,0.1
4312,1.1,0.1
4313,0.4937499999999998,0.1
4314,1.3487500000000001,0.1
4315,0.9175000000000001,0.1
4316,1.295,0.1
4317,1.1075,0.1
4318,1.1487500000000002,0.1
4319,1.24125,0.1
4320,0.9187500000000001,0.1
4321,1.125,0.1
4322,0.7562500000000001,0.1
4323,1.115,0.1
4324,0.6762499999999999,0.1
4325,0.4574999999999997,0.1
4326,0.6574999999999999,0.1
4327,0.6824999999999999,0.1
4328,0.7137499999999999,0.1
4329,1.24125,0.1
4330,1.5225000000000002,0.1
4331,0.825,0.1
4332,1.37,0.1
4333,1.4300000000000002,0.1
4334,0.23124999999999996,0.1
4335,0.4887499999999997,0.1
4336,0.9975,0.1
4337,1.0075,0.1
4338,1.1975,0.1
4339,1.09,0.1
4340,0.0625,0.1
4341,1.15125,0.1
4342,1.04125,0.1
4343,1.115,0.1
4344,0.795,0.1
4345,1.0625,0.1
4346,-0.1799999999999995,0.1
4347,0.5462499999999997,0.1
4348,1.1300000000000001,0.1
4349,0.765,0.1
4350,0.7499999999999999,0.1
4351,1.245,0.1
4352,1.2775,0.1
4353,1.1175000000000002,0.1
4354,1.09,0.1
4355,1.3050000000000002,0.1
4356,1.2,0.1
4357,0.7687499999999999,0.1
4358,1.2775,0.1
4359,0.6287499999999998,0.1
4360,0.43499999999999983,0.1
4361,1.27625,0.1
4362,1.405,0.1
4363,1.0325000000000002,0.1
4364,0.88,0.1
4365,0.7512499999999999,0.1
4366,1.235,0.1
4367,0.8225,0.1
4368,0.855,0.1
4369,1.4675,0.1
4370,1.06125,0.1
4371,1.08875,0.1
4372,1.0,0.1
4373,0.6249999999999998,0.1
4374,1.11,0.1
4375,1.165,0.1
4376,1.145,0.1
4377,0.7224999999999999,0.1
4378,1.4187500000000002,0.1
4379,1.53625,0.1
4380,0.3599999999999999,0.1
4381,0.93,0.1
4382,1.19,0.1
4383,0.8612500000000001,0.1
4384,1.165,0.1
4385,0.875,0.1
4386,0.8975000000000001,0.1
4387,1.19,0.1
4388,1.06,0.1
4389,1.095,0.1
4390,1.0437500000000002,0.1
4391,1.13375,0.1
4392,1.08,0.1
4393,1.18125,0.1
4394,1.435,0.1
4395,0.7825,0.1
4396,1.17375,0.1
4397,1.1525,0.1
4398,0.6412499999999999,0.1
4399,1.1287500000000001,0.1
4400,0.6037499999999998,0.1
4401,0.48999999999999966,0.1
4402,0.4524999999999998,0.1
4403,1.3325,0.1
4404,0.9800000000000001,0.1
4405,0.88,0.1
4406,0.76,0.1
4407,0.78625,0.1
4408,0.7699999999999999,0.1
4409,0.9850000000000001,0.1
4410,1.135,0.1
4411,1.19,0.1
4412,0.98875,0.1
4413,0.0050000000000003375,0.1
4414,1.11,0.1
4415,1.14375,0.1
4416,0.83625,0.1
4417,1.3325,0.1
4418,0.9875,0.1
4419,1.26125,0.1
4420,0.49999999999999967,0.1
4421,1.26375,0.1
4422,0.8062499999999999,0.1
4423,1.17875,0.1
4424,1.1262500000000002,0.1
4425,1.1487500000000002,0.1
4426,0.9825000000000002,0.1
4427,0.9337500000000001,0.1
4428,0.7875,0.1
4429,0.83875,0.1
4430,1.1975,0.1
4431,1.04125,0.1
4432,1.0562500000000001,0.1
4433,0.7675,0.1
4434,1.2537500000000001,0.1
4435,0.79375,0.1
4436,0.9675,0.1
4437,1.0025,0.1
4438,1.1300000000000001,0.1
4439,1.0562500000000001,0.1
4440,0.9500000000000001,0.1
4441,0.765,0.1
4442,1.11,0.1
4443,1.11625,0.1
4444,0.8574999999999999,0.1
4445,1.0037500000000001,0.1
4446,1.3625,0.1
4447,1.3900000000000001,0.1
4448,1.43625,0.1
4449,1.1,0.1
4450,0.8175,0.1
4451,0.9087500000000001,0.1
4452,0.9000000000000001,0.1
4453,0.5599999999999998,0.1
4454,1.40375,0.1
4455,0.9700000000000001,0.1
4456,0.6424999999999998,0.1
4457,0.99,0.1
4458,0.5049999999999998,0.1
4459,1.07625,0.1
4460,1.11,0.1
4461,1.18625,0.1
4462,0.5562499999999997,0.1
4463,1.22625,0.1
4464,0.8,0.1
4465,1.445,0.1
4466,1.1675,0.1
4467,1.3825,0.1
4468,0.9525000000000001,0.1
4469,1.24,0.1
4470,1.355,0.1
4471,1.02125,0.1
4472,1.0275,0.1
4473,1.1687500000000002,0.1
4474,0.7925,0.1
4475,0.9900000000000001,0.1
4476,1.09,0.1
4477,1.1325,0.1
4478,1.0925,0.1
4479,1.2475,0.1
4480,0.895,0.1
4481,-0.029999999999999805,0.1
4482,1.01625,0.1
4483,1.085,0.1
4484,-2.862500000000001,0.1
4485,1.25875,0.1
4486,1.2175,0.1
4487,1.16625,0.1
4488,1.12625,0.1
4489,0.9475000000000001,0.1
4490,1.3,0.1
4491,0.7149999999999999,0.1
4492,1.3075,0.1
4493,1.2537500000000001,0.1
4494,0.93,0.1
4495,1.15,0.1
4496,1.1262500000000002,0.1
4497,-0.04499999999999993,0.1
4498,1.42625,0.1
4499,0.9537500000000001,0.1
4500,1.2775,0.1
4501,0.32499999999999996,0.1
4502,0.895,0.1
4503,0.44749999999999956,0.1
4504,0.9750000000000001,0.1
4505,0.99,0.1
4506,1.1300000000000001,0.1
4507,0.8675,0.1
4508,0.935,0.1
4509,1.1612500000000001,0.1
4510,0.825,0.1
4511,1.2000000000000002,0.1
4512,0.7925,0.1
4513,0.7850000000000001,0.1
4514,1.0462500000000001,0.1
4515,0.9450000000000001,0.1
4516,0.5299999999999998,0.1
4517,1.1325,0.1
4518,0.775,0.1
4519,1.145,0.1
4520,1.29875,0.1
4521,1.2337500000000001,0.1
4522,1.09,0.1
4523,1.09,0.1
4524,0.9287500000000001,0.1
4525,0.915,0.1
4526,1.2325000000000002,0.1
4527,0.87875,0.1
4528,1.1525,0.1
4529,1.33875,0.1
4530,1.1500000000000001,0.1
4531,1.205,0.1
4532,1.09375,0.1
4533,0.87,0.1
4534,0.85375,0.1
4535,1.1725,0.1
4536,1.09,0.1
4537,1.12,0.1
4538,0.925,0.1
4539,1.0575,0.1
4540,1.3,0.1
4541,0.76,0.1
4542,1.0325000000000002,0.1
4543,1.1500000000000001,0.1
4544,1.0425,0.1
4545,1.235,0.1
4546,1.30375,0.1
4547,0.88125,0.1
4548,0.935,0.1
4549,0.57,0.1
4550,0.7487499999999999,0.1
4551,0.80625,0.1
4552,1.1875,0.1
4553,0.2799999999999996,0.1
4554,-2.847500000000001,0.1
4555,0.8125000000000001,0.1
4556,1.185,0.1
4557,1.08125,0.1
4558,0.9687500000000001,0.1
4559,0.8450000000000001,0.1
4560,1.4587500000000002,0.1
4561,0.8312499999999999,0.1
4562,0.9850000000000001,0.1
4563,0.7099999999999999,0.1
4564,1.0350000000000001,0.1
4565,1.0225000000000002,0.1
4566,1.10125,0.1
4567,1.5037500000000001,0.1
4568,1.0950000000000002,0.1
4569,0.83625,0.1
4570,1.2200000000000002,0.1
4571,1.0437500000000002,0.1
4572,0.9637500000000001,0.1
4573,-0.12999999999999967,0.1
4574,1.2575,0.1
4575,1.1787500000000002,0.1
4576,1.28,0.1
4577,1.12375,0.1
4578,1.2437500000000001,0.1
4579,1.0125000000000002,0.1
4580,0.8350000000000001,0.1
4581,1.0437500000000002,0.1
4582,1.1887500000000002,0.1
4583,0.9600000000000001,0.1
4584,1.0450000000000002,0.1
4585,0.9850000000000001,0.1
4586,0.6149999999999999,0.1
4587,0.9225000000000001,0.1
4588,1.0025,0.1
4589,1.4900000000000002,0.1
4590,1.1125,0.1
4591,1.1287500000000001,0.1
4592,1.0562500000000001,0.1
4593,0.99,0.1
4594,1.4275000000000002,0.1
4595,1.01125,0.1
4596,0.98875,0.1
4597,0.885,0.1
4598,0.5012499999999998,0.1
4599,0.6950000000000001,0.1
4600,0.87375,0.1
4601,1.4912500000000002,0.1
4602,1.20875,0.1
4603,0.6450000000000001,0.1
4604,1.07125,0.1
4605,0.96125,0.1
4606,1.045,0.1
4607,1.02,0.1
4608,1.26,0.1
4609,1.0025,0.1
4610,1.33875,0.1
4611,1.345,0.1
4612,1.155,0.1
4613,1.48625,0.1
4614,0.95625,0.1
4615,1.0562500000000001,0.1
4616,1.01875,0.1
4617,0.8200000000000001,0.1
4618,0.805,0.1
4619,1.09375,0.1
4620,0.9162500000000001,0.1
4621,1.16625,0.1
4622,1.0550000000000002,0.1
4623,1.05,0.1
4624,1.4225,0.1
4625,1.0975000000000001,0.1
4626,1.02125,0.1
4627,0.90625,0.1
4628,1.0987500000000001,0.1
4629,1.2625000000000002,0.1
4630,0.9700000000000001,0.1
4631,0.11624999999999996,0.1
4632,1.2275,0.1
4633,1.0750000000000002,0.1
4634,1.01125,0.1
4635,0.4562499999999997,0.1
4636,0.915,0.1
4637,1.0987500000000001,0.1
4638,1.2625000000000002,0.1
4639,1.12375,0.1
4640,0.9387500000000001,0.1
4641,0.6899999999999998,0.1
4642,1.3275000000000001,0.1
4643,0.915,0.1
4644,0.6962499999999999,0.1
4645,1.0637500000000002,0.1
4646,0.9450000000000001,0.1
4647,1.03,0.1
4648,1.4625000000000001,0.1
4649,0.99,0.1
4650,1.20375,0.1
4651,0.7649999999999999,0.1
4652,1.225,0.1
4653,0.91,0.1
4654,0.9337500000000001,0.1
4655,1.0925,0.1
4656,1.185,0.1
4657,1.4800000000000002,0.1
4658,1.40375,0.1
4659,1.52625,0.1
4660,0.7699999999999999,0.1
4661,1.5125000000000002,0.1
4662,0.48999999999999966,0.1
4663,1.15125,0.1
4664,1.00625,0.1
4665,1.1975,0.1
4666,1.1487500000000002,0.1
4667,1.3575000000000002,0.1
4668,1.0625,0.1
4669,0.9775,0.1
4670,1.43875,0.1
4671,-2.77375,0.1
4672,0.88125,0.1
4673,1.0575,0.1
4674,0.47250000000000036,0.1
4675,1.0250000000000001,0.1
4676,1.0237500000000002,0.1
4677,1.11125,0.1
4678,0.9225000000000001,0.1
4679,0.7675,0.1
4680,1.2937500000000002,0.1
4681,1.0750000000000002,0.1
4682,1.20875,0.1
4683,0.7575,0.1
4684,1.03875,0.1
4685,1.1425,0.1
4686,1.1225,0.1
4687,0.8900000000000001,0.1
4688,0.795,0.1
4689,1.5175,0.1
4690,1.1975,0.1
4691,0.8975000000000002,0.1
4692,1.00875,0.1
4693,1.20875,0.1
4694,1.2175,0.1
4695,0.7725000000000001,0.1
4696,1.2850000000000001,0.1
4697,1.0237500000000002,0.1
4698,1.20875,0.1
4699,0.935,0.1
4700,0.6587500000000001,0.1
4701,0.8925000000000001,0.1
4702,1.15125,0.1
4703,0.6887499999999999,0.1
4704,0.905,0.1
4705,0.755,0.1
4706,0.34874999999999967,0.1
4707,1.01875,0.1
4708,1.15375,0.1
4709,1.2275,0.1
4710,1.1225,0.1
4711,1.0025,0.1
4712,0.9025000000000001,0.1
4713,1.1075,0.1
4714,0.7675,0.1
4715,0.6549999999999999,0.1
4716,0.050000000000000044,0.1
4717,1.3075,0.1
4718,1.18125,0.1
4719,0.7649999999999999,0.1
4720,0.915,0.1
4721,1.205,0.1
4722,1.1,0.1
4723,1.28875,0.1
4724,1.125,0.1
4725,0.23500000000000032,0.1
4726,1.105,0.1
4727,0.4574999999999999,0.1
4728,0.8425,0.1
4729,0.8012499999999999,0.1
4730,1.25875,0.1
4731,0.5574999999999997,0.1
4732,1.0025,0.1
4733,0.93,0.1
4734,1.44375,0.1
4735,1.0437500000000002,0.1
4736,0.18000000000000016,0.1
4737,0.82,0.1
4738,0.4762499999999996,0.1
4739,1.04,0.1
4740,1.1375000000000002,0.1
4741,1.2775,0.1
4742,1.3800000000000001,0.1
4743,0.82,0.1
4744,1.2275,0.1
4745,1.06,0.1
4746,0.6449999999999998,0.1
4747,1.13625,0.1
4748,1.3225,0.1
4749,0.96625,0.1
4750,1.02625,0.1
4751,1.45375,0.1
4752,0.75625,0.1
4753,0.9900000000000001,0.1
4754,0.96125,0.1
4755,0.7687499999999999,0.1
4756,-0.01499999999999968,0.1
4757,-0.47874999999999934,0.1
4758,0.84125,0.1
4759,1.0325000000000002,0.1
4760,0.8700000000000001,0.1
4761,1.02125,0.1
4762,1.0662500000000001,0.1
4763,0.90625,0.1
4764,1.1725,0.1
4765,1.0925,0.1
4766,1.02,0.1
4767,0.8975000000000001,0.1
4768,0.91625,0.1
4769,1.1025,0.1
4770,0.9500000000000001,0.1
4771,0.87375,0.1
4772,1.09375,0.1
4773,1.3262500000000002,0.1
4774,0.7999999999999999,0.1
4775,1.2625,0.1
4776,0.8375,0.1
4777,0.9412500000000001,0.1
4778,1.185,0.1
4779,0.9975,0.1
4780,0.9237500000000001,0.1
4781,-1.0750000000000004,0.1
4782,0.9137500000000001,0.1
4783,1.26625,0.1
4784,0.6899999999999998,0.1
4785,0.43249999999999966,0.1
4786,0.9337500000000001,0.1
4787,1.07875,0.1
4788,1.11125,0.1
4789,0.7487499999999999,0.1
4790,1.1,0.1
4791,0.47374999999999967,0.1
4792,0.25,0.1
4793,0.5437499999999997,0.1
4794,1.01625,0.1
4795,1.22125,0.1
4796,1.2025000000000001,0.1
4797,1.18375,0.1
4798,1.1487500000000002,0.1
4799,1.07875,0.1
4800,1.1900000000000002,0.1
4801,0.84875,0.1
4802,1.0025,0.1
4803,0.7699999999999999,0.1
4804,0.915,0.1
4805,1.0,0.1
4806,1.3225,0.1
4807,1.4900000000000002,0.1
4808,0.9650000000000001,0.1
4809,0.4937499999999997,0.1
4810,1.09375,0.1
4811,1.08125,0.1
4812,0.9337500000000001,0.1
4813,-0.25999999999999956,0.1
4814,0.925,0.1
4815,0.8400000000000001,0.1
4816,-0.02999999999999936,0.1
4817,0.72625,0.1
4818,-0.017499999999999627,0.1
4819,0.91125,0.1
4820,1.23625,0.1
4821,0.14000000000000012,0.1
4822,0.9875,0.1
4823,-0.4962499999999994,0.1
4824,1.385,0.1
4825,1.07125,0.1
4826,0.43874999999999975,0.1
4827,0.9600000000000001,0.1
4828,0.81,0.1
4829,1.225,0.1
4830,0.88,0.1
4831,1.1625,0.1
4832,0.6962499999999998,0.1
4833,1.2675,0.1
4834,0.3737499999999998,0.1
4835,1.1525,0.1
4836,0.6837499999999999,0.1
4837,1.0562500000000001,0.1
4838,1.07,0.1
4839,0.78625,0.1
4840,1.13625,0.1
4841,1.1600000000000001,0.1
4842,0.8425,0.1
4843,0.64125,0.1
4844,0.8912500000000001,0.1
4845,1.185,0.1
4846,1.38125,0.1
4847,1.28375,0.1
4848,0.09375,0.1
4849,1.0050000000000001,0.1
4850,0.7925,0.1
4851,0.98875,0.1
4852,0.43874999999999975,0.1
4853,1.5362500000000001,0.1
4854,0.8900000000000001,0.1
4855,1.45875,0.1
4856,0.3824999999999996,0.1
4857,1.22875,0.1
4858,1.25875,0.1
4859,-0.9450000000000005,0.1
4860,1.5637500000000002,0.1
4861,0.8512500000000001,0.1
4862,1.355,0.1
4863,1.01625,0.1
4864,1.13375,0.1
4865,1.115,0.1
4866,1.0825,0.1
4867,0.9337500000000001,0.1
4868,0.9700000000000001,0.1
4869,1.05125,0.1
4870,1.1287500000000001,0.1
4871,0.9500000000000001,0.1
4872,0.9475000000000001,0.1
4873,1.3900000000000001,0.1
4874,1.29,0.1
4875,1.09,0.1
4876,1.0575,0.1
4877,1.2175,0.1
4878,0.71,0.1
4879,1.08,0.1
4880,1.1262500000000002,0.1
4881,1.18875,0.1
4882,0.8025,0.1
4883,0.96625,0.1
4884,1.0075,0.1
4885,1.0562500000000001,0.1
4886,0.915,0.1
4887,0.7074999999999999,0.1
4888,1.31,0.1
4889,0.8350000000000001,0.1
4890,0.46874999999999967,0.1
4891,1.185,0.1
4892,0.9650000000000001,0.1
4893,1.1675,0.1
4894,1.205,0.1
4895,1.07125,0.1
4896,0.9275000000000001,0.1
4897,1.1075,0.1
4898,1.40125,0.1
4899,1.05125,0.1
4900,1.3162500000000001,0.1
4901,0.87875,0.1
4902,1.1125,0.1
4903,1.0625,0.1
4904,1.0925,0.1
4905,1.0575,0.1
4906,1.315,0.1
4907,1.2575,0.1
4908,0.5624999999999999,0.1
4909,1.5362500000000001,0.1
4910,1.01625,0.1
4911,1.3450000000000002,0.1
4912,1.3137500000000002,0.1
4913,1.27,0.1
4914,1.12375,0.1
4915,0.9637500000000001,0.1
4916,1.13125,0.1
4917,1.155,0.1
4918,1.27125,0.1
4919,0.7112499999999999,0.1
4920,1.19,0.1
4921,1.12375,0.1
4922,1.23,0.1
4923,0.9725000000000001,0.1
4924,0.37749999999999995,0.1
4925,1.0987500000000001,0.1
4926,1.3050000000000002,0.1
4927,0.7324999999999999,0.1
4928,0.9787500000000001,0.1
4929,-0.23249999999999948,0.1
4930,0.85875,0.1
4931,1.4625000000000001,0.1
4932,0.9237500000000001,0.1
4933,1.03,0.1
4934,1.0575,0.1
4935,0.5987499999999998,0.1
4936,0.93125,0.1
4937,1.24875,0.1
4938,1.185,0.1
4939,1.17375,0.1
4940,1.555,0.1
4941,0.8324999999999999,0.1
4942,1.08875,0.1
4943,0.7325,0.1
4944,0.9512500000000002,0.1
4945,1.50875,0.1
4946,1.09375,0.1
4947,1.195,0.1
4948,1.05125,0.1
4949,1.22875,0.1
4950,0.90375,0.1
4951,1.19875,0.1
4952,1.0075,0.1
4953,-0.4274999999999993,0.1
4954,1.185,0.1
4955,1.24,0.1
4956,1.33,0.1
4957,-0.012499999999999734,0.1
4958,1.2112500000000002,0.1
4959,1.34,0.1
4960,1.205,0.1
4961,1.08125,0.1
4962,1.33375,0.1
4963,1.5362500000000001,0.1
4964,1.39375,0.1
4965,1.5225000000000002,0.1
4966,0.7349999999999999,0.1
4967,1.30875,0.1
4968,0.915,0.1
4969,1.3687500000000001,0.1
4970,1.0462500000000001,0.1
4971,0.9912500000000001,0.1
4972,0.8375,0.1
4973,1.1725,0.1
4974,1.25875,0.1
4975,0.7512499999999999,0.1
4976,0.9450000000000001,0.1
4977,1.085,0.1
4978,1.35,0.1
4979,0.9512500000000002,0.1
4980,0.8912500000000001,0.1
4981,1.37,0.1
4982,0.4162499999999998,0.1
4983,0.7699999999999999,0.1
4984,1.2550000000000001,0.1
4985,1.105,0.1
4986,0.9850000000000001,0.1
4987,0.8099999999999999,0.1
4988,1.05125,0.1
4989,1.115,0.1
4990,0.92625,0.1
4991,0.87,0.1
4992,1.21625,0.1
4993,1.0150000000000001,0.1
4994,0.98,0.1
4995,1.16625,0.1
4996,1.29875,0.1
4997,1.4275000000000002,0.1
4998,1.0950000000000002,0.1
4999,1.2175,0.1
5000,1.0212500000000002,0.1
