episode,reward,epsilon
1,-3.0325000000000006,0.5
2,-2.7775,0.499
3,-2.9812500000000006,0.498002
4,-3.214999999999999,0.497005996
5,-2.9875000000000003,0.496011984008
6,-3.0512500000000005,0.495019960039984
7,-2.9962500000000003,0.49402992011990404
8,-3.025000000000001,0.49304186027966423
9,-3.37125,0.49205577655910493
10,-3.1712499999999997,0.4910716650059867
11,-2.9749999999999996,0.49008952167597475
12,-3.2612500000000013,0.4891093426326228
13,-3.4562500000000007,0.4881311239473575
14,-3.3375,0.4871548616994628
15,-3.0587500000000007,0.4861805519760639
16,-2.98,0.4852081908721118
17,-2.9875000000000007,0.4842377744903676
18,-2.7900000000000005,0.48326929894138687
19,-2.8100000000000005,0.4823027603435041
20,-3.0212500000000007,0.4813381548228171
21,-2.7587500000000005,0.48037547851317147
22,-2.91875,0.4794147275561451
23,-2.9087500000000013,0.47845589810103284
24,-2.876250000000001,0.4774989863048308
25,-2.9137500000000007,0.4765439883322211
26,-2.9137500000000007,0.4755909003555567
27,-2.9612500000000006,0.47463971855484555
28,-3.0200000000000014,0.47369043911773584
29,-2.890000000000001,0.47274305823950036
30,-2.7700000000000005,0.47179757212302137
31,-2.8712500000000007,0.47085397697877535
32,-2.835,0.4699122690248178
33,-3.00875,0.46897244448676817
34,-2.8562500000000006,0.46803449959779464
35,-2.9187500000000006,0.46709843059859907
36,-2.81,0.46616423373740185
37,-2.971250000000001,0.465231905269927
38,-2.777499999999999,0.4643014414593872
39,-2.897500000000001,0.4633728385764684
40,-3.0912500000000014,0.46244609289931543
41,-3.006250000000001,0.4615212007135168
42,-2.8975000000000013,0.4605981583120898
43,-2.937500000000001,0.4596769619954656
44,-3.1262500000000006,0.45875760807147464
45,-3.34875,0.45784009285533167
46,-3.0425000000000013,0.456924412669621
47,-3.167500000000001,0.4560105638442818
48,-2.866250000000001,0.4550985427165932
49,0.2599999999999998,0.45418834563116006
50,-2.895000000000001,0.45327996893989775
51,-3.4500000000000015,0.45237340900201795
52,-2.942500000000001,0.45146866218401394
53,-3.0175,0.4505657248596459
54,-2.6887499999999998,0.4496645934099266
55,-3.1025000000000005,0.44876526422310675
56,-3.3687499999999995,0.44786773369466054
57,-1.2262500000000003,0.44697199822727124
58,-2.9575000000000014,0.4460780542308167
59,-3.0275,0.44518589812235504
60,-2.847500000000001,0.4442955263261103
61,-3.0200000000000005,0.4434069352734581
62,-3.111250000000001,0.4425201214029112
63,-2.8600000000000008,0.44163508116010536
64,-2.9575000000000014,0.44075181099778515
65,-2.940000000000001,0.4398703073757896
66,-2.930000000000001,0.438990566761038
67,-0.8612500000000003,0.4381125856275159
68,-3.092500000000001,0.4372363604562609
69,-2.9100000000000015,0.4363618877353484
70,-2.8175000000000012,0.4354891639598777
71,-2.9575000000000005,0.4346181856319579
72,-0.7437499999999995,0.433748949260694
73,-2.916250000000001,0.43288145136217265
74,-2.9837499999999997,0.4320156884594483
75,-3.055,0.43115165708252945
76,-2.8075,0.4302893537683644
77,-2.911250000000001,0.42942877506082766
78,0.16500000000000004,0.428569917510706
79,-2.8600000000000003,0.4277127776756846
80,-2.8650000000000007,0.4268573521203332
81,-3.013750000000001,0.42600363741609254
82,-2.877500000000001,0.42515163014126034
83,-2.7775000000000003,0.4243013268809778
84,-2.8725000000000005,0.42345272422721586
85,-2.951250000000001,0.4226058187787614
86,-2.9075,0.4217606071412039
87,-2.7875,0.4209170859269215
88,-3.0962500000000017,0.42007525175506766
89,-2.9725,0.4192351012515575
90,-3.0187500000000003,0.4183966310490544
91,-2.8962500000000007,0.41755983778695627
92,-2.9587500000000007,0.41672471811138234
93,-2.8787500000000006,0.4158912686751596
94,0.035000000000000364,0.41505948613780924
95,-2.948750000000001,0.4142293671655336
96,-2.8625000000000007,0.41340090843120253
97,-3.0500000000000007,0.41257410661434013
98,-2.8600000000000003,0.4117489584011115
99,-2.9200000000000013,0.4109254604843093
100,-3.032500000000001,0.4101036095633407
101,-2.9150000000000014,0.409283402344214
102,-2.986250000000001,0.40846483553952556
103,-2.915,0.4076479058684465
104,-3.0512500000000014,0.4068326100567096
105,-2.88625,0.4060189448365962
106,-2.965000000000001,0.40520690694692296
107,-2.8800000000000003,0.4043964931330291
108,-2.9425000000000003,0.40358770014676304
109,-2.81375,0.4027805247464695
110,0.7224999999999999,0.4019749636969766
111,-2.9300000000000006,0.40117101376958264
112,-2.9237500000000014,0.4003686717420435
113,-2.7199999999999993,0.3995679343985594
114,-3.381249999999999,0.3987687985297623
115,0.46499999999999986,0.3979712609327028
116,0.08875000000000033,0.39717531841083736
117,-3.1849999999999996,0.3963809677740157
118,-3.073750000000001,0.39558820583846765
119,-2.9600000000000013,0.39479702942679074
120,-2.9512500000000004,0.39400743536793714
121,-2.9300000000000006,0.39321942049720127
122,1.50875,0.3924329816562069
123,-2.93375,0.3916481156928945
124,-3.091250000000001,0.3908648194615087
125,-2.8887500000000004,0.39008308982258566
126,-3.0912500000000005,0.3893029236429405
127,-3.1100000000000003,0.3885243177956546
128,-3.23375,0.3877472691600633
129,-2.8487500000000003,0.38697177462174315
130,-3.1900000000000004,0.38619783107249966
131,0.1475000000000002,0.3854254354103547
132,-3.343749999999999,0.384654584539534
133,-3.1724999999999994,0.3838852753704549
134,-2.9612500000000006,0.383117504819714
135,-2.821250000000001,0.3823512698100746
136,0.11250000000000004,0.3815865672704545
137,-2.9275000000000007,0.3808233941359136
138,-3.002500000000001,0.38006174734764175
139,-2.9300000000000006,0.37930162385294647
140,-2.9737500000000003,0.3785430206052406
141,-2.77125,0.3777859345640301
142,-3.0250000000000004,0.37703036269490203
143,-2.858750000000001,0.37627630196951223
144,-3.3212500000000005,0.3755237493655732
145,-3.0600000000000005,0.37477270186684203
146,-2.8600000000000003,0.37402315646310835
147,0.6224999999999999,0.3732751101501821
148,-3.10375,0.37252855992988176
149,-3.081250000000001,0.371783502810022
150,-2.887500000000001,0.3710399358044019
151,-3.0875,0.37029785593279313
152,-1.30875,0.36955726022092755
153,-2.906250000000001,0.3688181457004857
154,0.8600000000000001,0.36808050940908477
155,-2.9825000000000004,0.3673443483902666
156,-2.9800000000000013,0.366609659693486
157,-1.0575000000000008,0.36587644037409905
158,-2.9500000000000006,0.3651446874933509
159,-0.047499999999999876,0.3644143981183642
160,-2.866250000000001,0.3636855693221275
161,-3.0612500000000002,0.36295819818348324
162,-2.9475,0.36223228178711625
163,-2.826250000000001,0.361507817223542
164,-2.9487499999999995,0.36078480158909493
165,-2.9237500000000014,0.3600632319859167
166,-2.908750000000001,0.35934310552194487
167,-2.955,0.358624419310901
168,-2.8,0.3579071704722792
169,1.3050000000000002,0.3571913561313347
170,-2.997500000000001,0.35647697341907203
171,-2.941250000000001,0.3557640194722339
172,0.44749999999999956,0.35505249143328943
173,-2.86625,0.3543423864504229
174,0.38124999999999964,0.353633701677522
175,-2.8600000000000003,0.352926434274167
176,-2.843750000000001,0.3522205814056186
177,-2.9462500000000005,0.35151614024280736
178,-3.2899999999999996,0.35081310796232174
179,-2.900000000000001,0.3501114817463971
180,-2.9337500000000007,0.3494112587829043
181,-1.04875,0.3487124362653385
182,-2.885,0.3480150113928078
183,-2.92625,0.3473189813700222
184,0.6999999999999998,0.34662434340728215
185,-3.11375,0.34593109472046757
186,-3.025000000000001,0.3452392325310266
187,-3.070000000000002,0.3445487540659646
188,-3.0025000000000013,0.3438596565578326
189,-3.26875,0.34317193724471695
190,-3.1262500000000006,0.3424855933702275
191,-2.7987500000000005,0.34180062218348706
192,-2.922500000000001,0.3411170209391201
193,-0.8149999999999995,0.3404347868972419
194,-3.205,0.3397539173234474
195,-2.9825000000000013,0.3390744094888005
196,0.21125000000000016,0.3383962606698229
197,-2.885000000000001,0.3377194681484833
198,-2.9712500000000004,0.33704402921218635
199,-0.7349999999999999,0.33636994115376195
200,-2.990000000000001,0.3356972012714544
201,-2.856250000000001,0.3350258068689115
202,-2.8762500000000006,0.33435575525517364
203,1.0437500000000002,0.3336870437446633
204,-2.9337500000000007,0.33301966965717394
205,-2.795000000000001,0.3323536303178596
206,-2.903750000000001,0.33168892305722386
207,-2.9387500000000006,0.33102554521110944
208,-3.051250000000001,0.3303634941206872
209,-2.85875,0.32970276713244584
210,-3.0574999999999997,0.32904336159818093
211,-2.9200000000000004,0.3283852748749846
212,-2.7687500000000003,0.3277285043252346
213,-2.990000000000001,0.3270730473165841
214,-2.9412500000000006,0.32641890122195094
215,-2.9037500000000014,0.32576606341950703
216,-0.7662499999999997,0.32511453129266804
217,-2.935000000000001,0.3244643022300827
218,-3.0212500000000015,0.32381537362562257
219,-2.865000000000001,0.3231677428783713
220,-2.9137500000000003,0.32252140739261453
221,-2.836250000000001,0.3218763645778293
222,-2.897500000000001,0.32123261184867363
223,-3.080000000000001,0.32059014662497626
224,-2.8275,0.3199489663317263
225,0.21124999999999994,0.31930906839906287
226,-1.0087500000000003,0.31867045026226476
227,0.6599999999999998,0.31803310936174023
228,-3.1037500000000002,0.31739704314301675
229,1.51375,0.3167622490567307
230,-3.0112500000000013,0.3161287245586173
231,-2.861250000000001,0.3154964671095001
232,-3.2950000000000004,0.3148654741752811
233,-2.8550000000000013,0.31423574322693054
234,-2.9687500000000004,0.3136072717404767
235,-2.7937500000000006,0.31298005719699573
236,-3.0250000000000012,0.31235409708260176
237,-3.0362500000000012,0.31172938888843654
238,0.60625,0.3111059301106597
239,-2.9950000000000006,0.31048371825043836
240,-2.9050000000000007,0.3098627508139375
241,-0.9512499999999997,0.3092430253123096
242,-2.8537500000000007,0.308624539261685
243,-2.8662500000000013,0.3080072901831616
244,-3.17125,0.3073912756027953
245,-2.901250000000001,0.30677649305158966
246,-3.13625,0.3061629400654865
247,-2.9637500000000006,0.3055506141853555
248,-2.9475000000000002,0.3049395129569848
249,-3.0250000000000004,0.3043296339310708
250,-2.91375,0.3037209746632087
251,-2.875000000000001,0.30311353271388225
252,-2.9800000000000004,0.30250730564845446
253,-2.9350000000000014,0.30190229103715754
254,-2.9800000000000013,0.3012984864550832
255,-2.863750000000001,0.3006958894821731
256,-0.8325000000000002,0.30009449770320873
257,0.03750000000000031,0.2994943087078023
258,-3.0012500000000006,0.2988953200903867
259,-2.8050000000000006,0.29829752945020593
260,-0.8599999999999997,0.2977009343913055
261,-2.94625,0.2971055325225229
262,-3.02375,0.2965113214574779
263,-2.848750000000001,0.29591829881456294
264,-2.957500000000002,0.2953264622169338
265,-2.9525000000000006,0.29473580929249993
266,-2.8975000000000013,0.2941463376739149
267,-2.843750000000001,0.2935580449985671
268,-2.81,0.29297092890856996
269,-3.0812500000000007,0.29238498705075283
270,-2.9212500000000006,0.2918002170766513
271,-1.0837500000000009,0.29121661664249804
272,-2.8887500000000004,0.29063418340921304
273,-2.8712500000000003,0.2900529150423946
274,0.6574999999999999,0.28947280921230983
275,-2.9050000000000007,0.2888938635938852
276,-0.8012499999999998,0.28831607586669744
277,-2.9212500000000006,0.28773944371496407
278,-2.8687500000000004,0.28716396482753415
279,-3.0400000000000014,0.2865896368978791
280,-2.901250000000001,0.28601645762408334
281,-2.965000000000001,0.2854444247088352
282,-2.767500000000001,0.2848735358594175
283,-2.7587500000000005,0.28430378878769863
284,-3.0387500000000007,0.28373518121012326
285,-2.8250000000000006,0.28316771084770304
286,-2.9087500000000004,0.2826013754260076
287,-2.95,0.28203617267515557
288,-3.0137500000000017,0.28147210032980524
289,-2.810000000000001,0.28090915612914563
290,-2.847500000000001,0.28034733781688737
291,-2.7575,0.27978664314125357
292,-0.7262499999999996,0.27922706985497103
293,-2.9787500000000007,0.2786686157152611
294,-2.960000000000001,0.27811127848383055
295,-2.826250000000001,0.27755505592686286
296,-2.9225000000000008,0.27699994581500914
297,-2.9050000000000016,0.2764459459233791
298,-3.0287500000000014,0.27589305403153236
299,-2.9237500000000014,0.2753412679234693
300,-2.920000000000001,0.27479058538762235
301,-0.08499999999999974,0.2742410042168471
302,-2.7500000000000004,0.2736925222084134
303,-2.950000000000001,0.2731451371639966
304,-2.9112500000000003,0.27259884688966857
305,-2.855000000000001,0.2720536491958892
306,-3.12875,0.27150954189749743
307,-0.7462500000000001,0.2709665228137024
308,-2.892500000000001,0.27042458976807504
309,-2.840000000000001,0.26988374058853887
310,0.8674999999999999,0.2693439731073618
311,-0.1962499999999998,0.2688052851611471
312,-2.830000000000001,0.2682676745908248
313,-2.92,0.26773113924164316
314,-0.5574999999999994,0.2671956769631599
315,-2.7775000000000003,0.2666612856092336
316,-2.9275000000000007,0.2661279630380151
317,1.2650000000000001,0.2655957071119391
318,-2.9837500000000006,0.2650645156977152
319,-2.7550000000000003,0.2645343866663198
320,-2.961250000000001,0.26400531789298715
321,-2.887500000000001,0.2634773072572012
322,-3.0100000000000007,0.2629503526426868
323,-3.0012500000000006,0.26242445193740144
324,-2.946250000000001,0.2618996030335266
325,-2.866250000000001,0.26137580382745956
326,-0.513749999999999,0.26085305221980465
327,-2.923750000000001,0.260331346115365
328,-2.918750000000001,0.2598106834231343
329,-3.208750000000001,0.25929106205628805
330,0.9687500000000001,0.25877247993217545
331,-2.972500000000001,0.2582549349723111
332,0.5549999999999997,0.2577384251023665
333,-2.923750000000001,0.25722294825216174
334,-2.817500000000001,0.2567085023556574
335,-2.7562500000000005,0.2561950853509461
336,-3.0425,0.2556826951802442
337,-2.991250000000001,0.2551713297898837
338,-2.78,0.25466098713030394
339,-2.9725000000000006,0.2541516651560433
340,-2.858750000000001,0.2536433618257312
341,0.4774999999999998,0.25313607510207975
342,-2.77875,0.2526298029518756
343,-2.8975000000000004,0.25212454334597184
344,-2.9462500000000005,0.2516202942592799
345,-1.03,0.2511170536707613
346,-2.942500000000001,0.2506148195634198
347,-3.0587500000000007,0.25011358992429295
348,-2.7850000000000006,0.24961336274444434
349,-2.9937500000000004,0.24911413601895546
350,-3.051250000000001,0.24861590774691755
351,-2.993750000000001,0.24811867593142373
352,-2.846250000000001,0.24762243857956087
353,0.69125,0.24712719370240174
354,0.7675,0.24663293931499694
355,1.2650000000000001,0.24613967343636695
356,-2.811250000000001,0.2456473940894942
357,-2.816250000000001,0.2451560993013152
358,-2.861250000000001,0.24466578710271258
359,-2.867500000000001,0.24417645552850717
360,-2.7550000000000012,0.24368810261745016
361,0.07250000000000023,0.24320072641221527
362,-3.02125,0.24271432495939083
363,-2.961250000000001,0.24222889630947203
364,-2.7687500000000007,0.2417444385168531
365,-2.960000000000001,0.2412609496398194
366,-2.9237500000000005,0.24077842774053976
367,-2.9825000000000013,0.2402968708850587
368,-2.8175000000000012,0.23981627714328857
369,-2.836250000000001,0.239336644589002
370,-2.9350000000000014,0.238857971299824
371,-3.31,0.23838025535722435
372,-2.75875,0.2379034948465099
373,0.1575000000000002,0.2374276878568169
374,-2.7987500000000005,0.23695283248110327
375,-0.14749999999999974,0.23647892681614108
376,-2.837500000000001,0.2360059689625088
377,-2.931250000000001,0.2355339570245838
378,-2.9537500000000008,0.23506288911053463
379,-2.73625,0.23459276333231358
380,-2.8800000000000003,0.23412357780564894
381,0.1200000000000001,0.23365533065003763
382,-2.7987500000000005,0.23318801998873756
383,-2.7600000000000007,0.23272164394876008
384,-2.7987500000000005,0.23225620066086256
385,-2.903750000000001,0.23179168825954083
386,-2.8437500000000004,0.23132810488302175
387,-2.9912500000000004,0.2308654486732557
388,-2.841250000000001,0.23040371777590918
389,-2.998750000000001,0.22994291034035735
390,-2.942500000000001,0.22948302451967664
391,-2.8850000000000007,0.22902405847063728
392,-2.9462500000000005,0.228566010353696
393,-2.847500000000001,0.22810887833298862
394,-2.792500000000001,0.22765266057632264
395,-3.130000000000001,0.22719735525516999
396,-2.9087500000000004,0.22674296054465964
397,1.3900000000000001,0.22628947462357032
398,-2.7875000000000005,0.2258368956743232
399,-2.848750000000001,0.22538522188297455
400,-2.7400000000000007,0.2249344514392086
401,-2.7750000000000004,0.22448458253633016
402,-2.798750000000001,0.2240356133712575
403,-2.950000000000001,0.22358754214451498
404,-2.930000000000001,0.22314036706022594
405,-2.8925000000000005,0.2226940863261055
406,-2.912500000000001,0.22224869815345327
407,-0.48499999999999943,0.22180420075714635
408,-2.960000000000001,0.22136059235563205
409,-3.0200000000000005,0.2209178711709208
410,-0.845,0.22047603542857896
411,-2.965000000000001,0.22003508335772182
412,-2.9,0.21959501319100638
413,-2.718750000000001,0.21915582316462437
414,-2.9900000000000007,0.21871751151829513
415,0.9875,0.21828007649525855
416,-2.9037500000000005,0.21784351634226803
417,-2.9300000000000015,0.2174078293095835
418,-2.8587500000000006,0.21697301365096433
419,-2.9237500000000005,0.2165390676236624
420,-2.93375,0.21610598948841508
421,-2.9050000000000007,0.21567377750943825
422,0.2699999999999998,0.21524242995441936
423,-2.856250000000001,0.21481194509451051
424,-2.9375,0.2143823212043215
425,-2.8162499999999997,0.21395355656191284
426,0.4574999999999998,0.21352564944878902
427,-2.98,0.21309859814989143
428,0.6862499999999998,0.21267240095359166
429,-2.867500000000001,0.2122470561516845
430,0.6299999999999999,0.21182256203938113
431,-2.8399999999999994,0.21139891691530235
432,-2.886250000000001,0.21097611908147174
433,-2.8225000000000002,0.2105541668433088
434,-3.01375,0.2101330585096222
435,-2.575,0.20971279239260293
436,-2.982500000000001,0.20929336680781774
437,-3.035,0.2088747800742021
438,-2.847500000000001,0.2084570305140537
439,-2.965000000000001,0.2080401164530256
440,-2.9112500000000012,0.20762403622011955
441,-2.9787500000000007,0.20720878814767932
442,-2.9875000000000007,0.20679437057138395
443,-2.8975,0.20638078183024117
444,-2.8412500000000005,0.20596802026658068
445,-2.875000000000001,0.20555608422604751
446,-2.942500000000001,0.2051449720575954
447,-2.8175000000000003,0.20473468211348023
448,-2.7675000000000005,0.20432521274925328
449,-2.838750000000001,0.20391656232375477
450,-0.9600000000000002,0.20350872919910726
451,-0.4949999999999992,0.20310171174070904
452,-2.836250000000001,0.20269550831722763
453,-2.9875000000000016,0.20229011730059318
454,-2.806250000000001,0.201885537065992
455,-2.9299999999999993,0.20148176599186002
456,-1.0275000000000005,0.2010788024598763
457,-2.7287500000000007,0.20067664485495657
458,-0.9350000000000003,0.20027529156524665
459,-2.8087500000000003,0.19987474098211616
460,-0.8062500000000001,0.19947499150015194
461,-3.050000000000001,0.19907604151715164
462,-0.9562500000000005,0.19867788943411732
463,-0.3924999999999994,0.19828053365524909
464,0.8900000000000001,0.19788397258793858
465,-3.0212500000000007,0.1974882046427627
466,-2.8300000000000005,0.1970932282334772
467,-2.903750000000001,0.19669904177701023
468,-2.912500000000001,0.1963056436934562
469,-3.0250000000000004,0.1959130324060693
470,-2.7375000000000007,0.19552120634125716
471,-2.7100000000000004,0.19513016392857466
472,-3.272500000000002,0.1947399036007175
473,-3.1075000000000017,0.19435042379351605
474,-0.5762499999999993,0.19396172294592903
475,-2.9675000000000007,0.19357379950003717
476,-2.911250000000001,0.1931866519010371
477,-2.8937500000000003,0.19280027859723503
478,-2.912500000000001,0.19241467804004056
479,-0.5299999999999994,0.19202984868396047
480,-0.2362499999999994,0.19164578898659254
481,-2.836250000000001,0.19126249740861936
482,-2.8862500000000004,0.1908799724138021
483,-2.9900000000000007,0.1904982124689745
484,0.9425,0.19011721604403656
485,-3.010000000000001,0.1897369816119485
486,-2.980000000000001,0.18935750764872458
487,-2.9050000000000007,0.18897879263342712
488,-2.9450000000000003,0.18860083504816028
489,1.495,0.18822363337806394
490,-0.9487500000000006,0.18784718611130782
491,-2.8912500000000008,0.1874714917390852
492,-2.8425000000000007,0.18709654875560702
493,-0.3862499999999993,0.1867223556580958
494,-2.7000000000000006,0.1863489109467796
495,-2.998750000000002,0.18597621312488605
496,-2.8425000000000007,0.18560426069863628
497,-0.5299999999999991,0.185233052177239
498,-2.7862500000000003,0.18486258607288453
499,-1.0275000000000005,0.18449286090073877
500,-2.7875000000000005,0.1841238751789373
501,-2.8600000000000008,0.18375562742857943
502,0.8325,0.18338811617372228
503,-2.916250000000001,0.18302133994137484
504,-2.9425000000000003,0.1826552972614921
505,-2.8812500000000005,0.1822899866669691
506,-2.941250000000001,0.18192540669363516
507,-2.855000000000001,0.1815615558802479
508,-2.866250000000001,0.1811984327684874
509,-2.983750000000001,0.18083603590295044
510,-2.9275000000000007,0.18047436383114454
511,-0.6099999999999992,0.18011341510348225
512,0.10250000000000004,0.17975318827327527
513,0.0587500000000003,0.17939368189672872
514,-2.938750000000001,0.17903489453293525
515,-2.8387500000000006,0.17867682474386937
516,-2.99,0.17831947109438162
517,-2.848750000000001,0.17796283215219286
518,-2.82375,0.17760690648788846
519,-2.935000000000001,0.17725169267491267
520,-2.971250000000001,0.17689718928956286
521,-3.1,0.17654339491098373
522,-0.6849999999999994,0.17619030812116176
523,-3.0100000000000016,0.17583792750491944
524,-2.8425000000000007,0.1754862516499096
525,-2.9225,0.17513527914660978
526,-2.9875000000000003,0.17478500858831655
527,-2.9412500000000006,0.1744354385711399
528,-2.7600000000000002,0.17408656769399763
529,-2.848750000000001,0.17373839455860965
530,-1.1762500000000011,0.17339091776949242
531,-2.8287500000000003,0.17304413593395343
532,0.5512499999999998,0.17269804766208552
533,-2.7437500000000004,0.17235265156676136
534,-2.935000000000002,0.17200794626362784
535,-2.823750000000001,0.1716639303711006
536,-0.7187499999999993,0.17132060251035838
537,-1.1225000000000003,0.17097796130533766
538,-2.8687500000000012,0.17063600538272697
539,-2.8675000000000006,0.17029473337196152
540,-0.8,0.1699541439052176
541,-2.866250000000001,0.16961423561740716
542,-2.7800000000000007,0.16927500714617233
543,-2.8812500000000005,0.16893645713188
544,-2.7175000000000002,0.16859858421761623
545,-2.875000000000001,0.168261387049181
546,-2.941250000000001,0.16792486427508263
547,-2.8475,0.16758901454653247
548,-2.8175000000000003,0.1672538365174394
549,-2.8425000000000007,0.16691932884440452
550,-0.3962499999999993,0.1665854901867157
551,-2.8000000000000003,0.16625231920634226
552,-2.9862500000000005,0.16591981456792956
553,-2.930000000000001,0.1655879749387937
554,-2.9162500000000007,0.16525679898891613
555,-2.9462499999999996,0.1649262853909383
556,-2.8862500000000004,0.1645964328201564
557,-2.823750000000001,0.1642672399545161
558,-0.7587499999999998,0.16393870547460707
559,-0.4124999999999992,0.16361082806365784
560,-3.0875,0.16328360640753053
561,-2.710000000000001,0.16295703919471546
562,-0.9175000000000006,0.16263112511632602
563,-3.058750000000002,0.16230586286609336
564,-2.78625,0.16198125114036116
565,1.50875,0.16165728863808043
566,0.8375,0.16133397406080427
567,-3.156250000000001,0.16101130611268266
568,-2.83625,0.1606892835004573
569,-2.7662500000000003,0.1603679049334564
570,0.1575000000000002,0.1600471691235895
571,-2.9050000000000007,0.15972707478534232
572,-0.7874999999999994,0.15940762063577163
573,-2.897500000000001,0.1590888053945001
574,-2.9437500000000005,0.1587706277837111
575,-0.8199999999999996,0.15845308652814366
576,0.46999999999999986,0.15813618035508736
577,1.0325000000000002,0.1578199079943772
578,-3.0050000000000003,0.15750426817838845
579,-2.9025000000000003,0.15718925964203168
580,-2.89375,0.1568748811227476
581,-0.5737499999999993,0.15656113136050212
582,-2.780000000000001,0.1562480090977811
583,-3.06625,0.15593551307958556
584,-0.3674999999999997,0.15562364205342638
585,-2.8350000000000004,0.15531239476931952
586,-0.6287499999999995,0.15500176997978088
587,-2.878750000000001,0.15469176643982133
588,-2.6875,0.15438238290694167
589,-2.8487500000000012,0.1540736181411278
590,-2.9237500000000005,0.15376547090484555
591,-2.9875000000000003,0.15345793996303586
592,-2.8850000000000002,0.1531510240831098
593,1.095,0.15284472203494356
594,-2.967500000000001,0.15253903259087367
595,-3.010000000000001,0.15223395452569194
596,1.47125,0.15192948661664055
597,-2.9337500000000007,0.15162562764340726
598,-2.9987500000000002,0.15132237638812043
599,-2.7662500000000003,0.15101973163534418
600,-2.836250000000001,0.1507176921720735
601,-2.7625,0.15041625678772935
602,-2.806250000000001,0.1501154242741539
603,-3.0875000000000017,0.1498151934256056
604,-2.8437500000000004,0.14951556303875438
605,-0.7262499999999996,0.14921653191267686
606,-2.7487500000000007,0.14891809884885152
607,-2.9399999999999995,0.1486202626511538
608,-2.8899999999999997,0.1483230221258515
609,-2.903750000000001,0.1480263760815998
610,-2.8550000000000004,0.14773032332943659
611,-3.1937499999999996,0.14743486268277772
612,-2.9499999999999993,0.14713999295741217
613,-2.8400000000000003,0.14684571297149734
614,-2.9875000000000007,0.14655202154555436
615,-2.798750000000001,0.14625891750246325
616,-0.5562499999999992,0.14596639966745834
617,-2.8912500000000003,0.1456744668681234
618,-2.987500000000001,0.14538311793438716
619,-2.93625,0.1450923516985184
620,-2.818750000000001,0.14480216699512136
621,-2.9300000000000006,0.1445125626611311
622,-3.0100000000000002,0.14422353753580885
623,-2.87875,0.14393509046073724
624,-0.05999999999999961,0.14364722027981577
625,-3.115,0.14335992583925614
626,-2.983750000000001,0.1430732059875776
627,-3.0100000000000002,0.14278705957560245
628,-0.5112499999999993,0.14250148545645125
629,-2.8937500000000007,0.14221648248553834
630,-2.990000000000001,0.14193204952056726
631,-3.2112500000000006,0.14164818542152613
632,-2.83,0.1413648890506831
633,-2.9362500000000007,0.14108215927258172
634,-2.7624999999999997,0.14079999495403656
635,-3.028749999999999,0.1405183949641285
636,-2.9125,0.14023735817420024
637,-2.7875,0.13995688345785184
638,-0.865,0.13967696969093615
639,-2.94,0.1393976157515543
640,0.8975000000000001,0.13911882052005117
641,-3.0062499999999996,0.13884058287901108
642,-2.9112499999999994,0.13856290171325306
643,-3.0175,0.13828577590982655
644,-2.897500000000001,0.1380092043580069
645,-0.3149999999999995,0.13773318594929088
646,-3.0100000000000002,0.1374577195773923
647,-2.9724999999999997,0.13718280413823752
648,-3.1412500000000008,0.13690843852996104
649,-2.912500000000001,0.1366346216529011
650,-2.79875,0.1363613524095953
651,-2.97375,0.13608862970477612
652,1.3362500000000002,0.13581645244536655
653,-2.85,0.1355448195404758
654,-2.8787499999999993,0.13527372990139486
655,-0.7249999999999996,0.13500318244159207
656,-2.9050000000000002,0.13473317607670887
657,-2.9562500000000003,0.13446370972455546
658,-2.84375,0.13419478230510634
659,0.73375,0.13392639274049614
660,-2.855,0.13365853995501514
661,-3.1637500000000007,0.1333912228751051
662,-0.9000000000000001,0.1331244404293549
663,-2.8612500000000005,0.13285819154849618
664,-2.7437500000000004,0.13259247516539918
665,-0.6349999999999993,0.1323272902150684
666,-2.98625,0.13206263563463827
667,-2.83,0.13179851036336898
668,-0.5024999999999991,0.13153491334264225
669,0.7199999999999999,0.13127184351595697
670,-0.7599999999999993,0.13100929982892506
671,-2.8737500000000002,0.1307472812292672
672,-2.855000000000001,0.13048578666680868
673,-2.9775000000000005,0.13022481509347505
674,-2.8475000000000006,0.1299643654632881
675,-0.45749999999999935,0.1297044367323615
676,-0.2937499999999995,0.12944502785889678
677,-2.8925,0.12918613780317897
678,-0.7512499999999995,0.12892776552757262
679,-2.812500000000001,0.12866990999651748
680,-2.9225,0.12841257017652444
681,-0.6499999999999997,0.1281557450361714
682,-2.9487499999999995,0.12789943354609903
683,-2.9312500000000004,0.12764363467900683
684,-2.775000000000001,0.12738834740964883
685,-3.0100000000000007,0.12713357071482953
686,-2.823750000000001,0.12687930357339988
687,-3.055,0.12662554496625308
688,-2.9237500000000005,0.12637229387632057
689,-2.9312500000000004,0.12611954928856792
690,-2.9587500000000007,0.12586731018999078
691,-2.912500000000001,0.1256155755696108
692,-2.892499999999999,0.12536434441847158
693,-2.8550000000000004,0.12511361572963464
694,-0.9612500000000004,0.12486338849817537
695,-3.0399999999999996,0.12461366172117902
696,-2.8362499999999997,0.12436443439773666
697,-2.94875,0.12411570552894119
698,-2.7562500000000005,0.1238674741178833
699,-2.75625,0.12361973916964754
700,-0.8674999999999997,0.12337249969130824
701,-2.9787500000000002,0.12312575469192563
702,-3.010000000000001,0.12287950318254177
703,-2.7487500000000002,0.12263374417617669
704,-0.95,0.12238847668782434
705,-2.86625,0.12214369973444869
706,-2.8562500000000006,0.12189941233497979
707,-2.9050000000000007,0.12165561351030983
708,-2.95625,0.12141230228328921
709,-2.9112499999999994,0.12116947767872263
710,-2.9799999999999986,0.12092713872336519
711,-2.9000000000000004,0.12068528444591846
712,-0.8262499999999997,0.12044391387702662
713,-2.892500000000001,0.12020302604927256
714,-2.7187500000000004,0.11996261999717402
715,-2.875000000000001,0.11972269475717967
716,-2.892500000000001,0.11948324936766531
717,-2.7600000000000007,0.11924428286892999
718,-2.7300000000000004,0.11900579430319214
719,-2.8000000000000003,0.11876778271458575
720,-2.818750000000001,0.11853024714915658
721,-2.8862500000000013,0.11829318665485827
722,1.0375,0.11805660028154856
723,-2.837500000000001,0.11782048708098546
724,-2.9412500000000006,0.11758484610682349
725,-0.6299999999999994,0.11734967641460985
726,-2.8600000000000008,0.11711497706178063
727,0.9337500000000001,0.11688074710765707
728,-2.998750000000001,0.11664698561344175
729,-0.5837499999999995,0.11641369164221486
730,-2.7000000000000006,0.11618086425893043
731,-2.912500000000001,0.11594850253041257
732,-2.8100000000000005,0.11571660552535175
733,-0.6537499999999994,0.11548517231430104
734,-2.7687500000000003,0.11525420196967244
735,-2.969999999999999,0.1150236935657331
736,-2.912500000000001,0.11479364617860163
737,-2.8562500000000006,0.11456405888624444
738,-0.7887500000000003,0.11433493076847194
739,-2.881250000000001,0.114106260906935
740,-2.960000000000001,0.11387804838512113
741,-2.8125000000000004,0.11365029228835088
742,-0.7074999999999991,0.11342299170377418
743,-2.9350000000000005,0.11319614572036663
744,-2.950000000000001,0.11296975342892589
745,-2.886250000000001,0.11274381392206803
746,-2.9162500000000007,0.1125183262942239
747,-2.8225,0.11229328964163544
748,-2.8850000000000007,0.11206870306235217
749,1.26875,0.11184456565622747
750,-2.905000000000001,0.11162087652491501
751,-1.0000000000000007,0.11139763477186518
752,-0.3662499999999995,0.11117483950232145
753,-2.878750000000001,0.1109524898233168
754,-0.8274999999999999,0.11073058484367017
755,-2.903749999999999,0.11050912367398283
756,-0.5449999999999993,0.11028810542663486
757,0.5249999999999997,0.1100675292157816
758,-2.8000000000000003,0.10984739415735004
759,-0.6549999999999996,0.10962769936903534
760,-0.9687499999999998,0.10940844397029727
761,-2.960000000000001,0.10918962708235667
762,-0.4349999999999994,0.10897124782819197
763,1.2750000000000001,0.10875330533253558
764,-0.28999999999999937,0.10853579872187051
765,-2.856250000000001,0.10831872712442676
766,-0.5374999999999992,0.10810208967017791
767,0.5262499999999998,0.10788588549083755
768,-2.81625,0.10767011371985588
769,-2.893750000000001,0.10745477349241617
770,1.1825,0.10723986394543134
771,-0.5049999999999994,0.10702538421754047
772,-2.9412500000000006,0.10681133344910539
773,-0.1899999999999995,0.10659771078220717
774,-2.8375000000000004,0.10638451536064276
775,1.2637500000000002,0.10617174632992148
776,-3.0287499999999996,0.10595940283726163
777,-2.7800000000000007,0.10574748403158711
778,-2.9600000000000004,0.10553598906352393
779,-2.7750000000000004,0.10532491708539689
780,-1.0087500000000007,0.10511426725122609
781,-2.893750000000001,0.10490403871672364
782,-0.885,0.10469423063929019
783,-2.7187500000000004,0.10448484217801161
784,-2.9437499999999996,0.1042758724936556
785,-0.9775000000000003,0.10406732074866828
786,1.24125,0.10385918610717094
787,-2.9337500000000016,0.1036514677349566
788,-2.911250000000001,0.10344416479948669
789,-1.1375000000000008,0.10323727646988771
790,-0.7199999999999995,0.10303080191694794
791,-0.4824999999999995,0.10282474031311405
792,-0.7249999999999999,0.10261909083248782
793,-0.6512499999999999,0.10241385265082285
794,-0.6362499999999993,0.10220902494552121
795,-2.7562500000000005,0.10200460689563016
796,-2.8500000000000005,0.10180059768183891
797,-1.1500000000000001,0.10159699648647523
798,-0.7899999999999998,0.10139380249350229
799,-2.8850000000000002,0.10119101488851528
800,-2.892500000000001,0.10098863285873826
801,-0.7,0.10078665559302077
802,-0.5349999999999993,0.10058508228183473
803,-0.5749999999999995,0.10038391211727106
804,-0.12499999999999978,0.10018314429303651
805,-2.91875,0.1
806,-3.03625,0.1
807,1.05,0.1
808,-2.85625,0.1
809,-2.81875,0.1
810,-2.8237500000000004,0.1
811,-2.75625,0.1
812,-0.4799999999999993,0.1
813,1.54125,0.1
814,-0.4199999999999995,0.1
815,-0.5199999999999994,0.1
816,-0.4424999999999992,0.1
817,-2.8625,0.1
818,-0.5937499999999993,0.1
819,-0.9774999999999998,0.1
820,-0.6037499999999991,0.1
821,-2.8924999999999996,0.1
822,-1.0150000000000008,0.1
823,-2.9787500000000007,0.1
824,-2.843750000000001,0.1
825,-0.9775000000000003,0.1
826,-0.3162499999999995,0.1
827,-2.706250000000001,0.1
828,-0.2124999999999997,0.1
829,1.1,0.1
830,-0.7049999999999994,0.1
831,-2.903750000000001,0.1
832,-3.2337500000000006,0.1
833,-0.6087499999999995,0.1
834,-0.6187499999999992,0.1
835,-0.8050000000000004,0.1
836,0.6962499999999998,0.1
837,-0.6424999999999996,0.1
838,-0.6649999999999994,0.1
839,-2.811250000000001,0.1
840,1.1712500000000001,0.1
841,-0.41249999999999964,0.1
842,-0.19999999999999996,0.1
843,-0.28749999999999964,0.1
844,-0.6474999999999993,0.1
845,1.35375,0.1
846,0.3474999999999999,0.1
847,-3.0175,0.1
848,-2.85875,0.1
849,-0.43624999999999914,0.1
850,0.7575,0.1
851,-0.40999999999999925,0.1
852,-0.8900000000000003,0.1
853,-0.26124999999999954,0.1
854,-0.7574999999999996,0.1
855,-0.7424999999999999,0.1
856,-0.6212499999999996,0.1
857,-0.7187499999999993,0.1
858,1.39375,0.1
859,0.5449999999999998,0.1
860,-3.013750000000001,0.1
861,-0.25999999999999956,0.1
862,-2.8937500000000007,0.1
863,-2.867500000000001,0.1
864,-2.8837500000000014,0.1
865,-2.930000000000001,0.1
866,-0.9112499999999997,0.1
867,-2.837500000000001,0.1
868,-2.942500000000001,0.1
869,-2.8962500000000007,0.1
870,-2.868750000000001,0.1
871,-0.635,0.1
872,-0.885,0.1
873,-0.5199999999999994,0.1
874,-0.5624999999999993,0.1
875,0.6724999999999999,0.1
876,-0.3424999999999996,0.1
877,1.0325000000000002,0.1
878,0.1512500000000001,0.1
879,-0.5562499999999995,0.1
880,1.1675,0.1
881,1.1300000000000001,0.1
882,0.91625,0.1
883,0.925,0.1
884,1.0275,0.1
885,-2.9975000000000005,0.1
886,1.1062500000000002,0.1
887,-2.6737500000000005,0.1
888,0.16375000000000006,0.1
889,0.24875000000000003,0.1
890,-0.5237499999999995,0.1
891,-2.8362500000000006,0.1
892,-0.5437499999999993,0.1
893,0.9475,0.1
894,-0.4699999999999993,0.1
895,-2.8537500000000007,0.1
896,-2.875000000000001,0.1
897,-2.8187500000000005,0.1
898,-2.88625,0.1
899,-0.2737499999999997,0.1
900,0.935,0.1
901,-0.4587499999999993,0.1
902,-1.1050000000000002,0.1
903,-2.827500000000001,0.1
904,0.1100000000000001,0.1
905,-0.18374999999999964,0.1
906,-0.039999999999999813,0.1
907,-0.7099999999999993,0.1
908,-0.28124999999999933,0.1
909,-2.935000000000001,0.1
910,-2.991250000000001,0.1
911,-2.872500000000001,0.1
912,0.7087499999999999,0.1
913,-2.8437500000000004,0.1
914,-2.856250000000001,0.1
915,0.79125,0.1
916,-2.831250000000001,0.1
917,1.03875,0.1
918,-0.22874999999999956,0.1
919,-0.4962499999999994,0.1
920,-0.41499999999999915,0.1
921,-0.5287499999999994,0.1
922,-0.1749999999999996,0.1
923,-0.83125,0.1
924,-2.83625,0.1
925,-0.8624999999999996,0.1
926,-0.3499999999999994,0.1
927,-0.586249999999999,0.1
928,-0.4862499999999994,0.1
929,-0.9649999999999996,0.1
930,-1.1499999999999997,0.1
931,-0.16374999999999962,0.1
932,-0.5224999999999993,0.1
933,-0.5512499999999994,0.1
934,-0.05999999999999961,0.1
935,-0.39749999999999974,0.1
936,-0.46249999999999925,0.1
937,-0.022499999999999964,0.1
938,-0.9662500000000003,0.1
939,-0.5549999999999993,0.1
940,-0.8274999999999999,0.1
941,-0.8487500000000001,0.1
942,-0.9737500000000006,0.1
943,-0.566249999999999,0.1
944,-3.002500000000001,0.1
945,-0.4424999999999992,0.1
946,-2.8287500000000008,0.1
947,1.0,0.1
948,-0.3112499999999996,0.1
949,-0.32249999999999956,0.1
950,-0.1087499999999999,0.1
951,-0.6637499999999996,0.1
952,-0.8199999999999996,0.1
953,-0.43124999999999947,0.1
954,-0.35374999999999956,0.1
955,-0.4124999999999994,0.1
956,-0.2799999999999996,0.1
957,-0.29749999999999943,0.1
958,-0.6249999999999998,0.1
959,-0.24999999999999933,0.1
960,-0.21999999999999953,0.1
961,-0.7124999999999997,0.1
962,-2.750000000000001,0.1
963,-0.09124999999999983,0.1
964,-2.8475000000000006,0.1
965,1.1,0.1
966,-0.2787499999999996,0.1
967,-0.7337499999999999,0.1
968,-0.5262499999999992,0.1
969,-0.29749999999999943,0.1
970,-0.5699999999999996,0.1
971,-0.20374999999999965,0.1
972,0.11999999999999988,0.1
973,-0.2999999999999994,0.1
974,-0.0662499999999997,0.1
975,-0.6299999999999997,0.1
976,-0.08124999999999982,0.1
977,-0.9400000000000006,0.1
978,-0.47999999999999887,0.1
979,-2.930000000000001,0.1
980,-0.18999999999999972,0.1
981,-0.25124999999999953,0.1
982,-0.25624999999999987,0.1
983,-0.039999999999999813,0.1
984,-2.9487500000000013,0.1
985,-0.2774999999999994,0.1
986,-0.4274999999999993,0.1
987,-2.9162500000000007,0.1
988,-0.39999999999999947,0.1
989,-0.22499999999999964,0.1
990,-0.8662500000000002,0.1
991,-0.2624999999999995,0.1
992,-0.1137499999999998,0.1
993,-1.2699999999999998,0.1
994,-0.25499999999999967,0.1
995,-0.18874999999999953,0.1
996,-0.4199999999999995,0.1
997,-0.5149999999999992,0.1
998,-0.24374999999999947,0.1
999,-0.3674999999999995,0.1
1000,-0.07999999999999985,0.1
1001,-0.3149999999999995,0.1
1002,0.012500000000000178,0.1
1003,0.87375,0.1
1004,-0.21999999999999953,0.1
1005,0.22249999999999992,0.1
1006,0.03125,0.1
1007,-0.4174999999999993,0.1
1008,-0.4874999999999994,0.1
1009,-2.873750000000001,0.1
1010,-0.16874999999999973,0.1
1011,-0.12749999999999972,0.1
1012,-0.009999999999999787,0.1
1013,-0.2899999999999996,0.1
1014,-0.3049999999999997,0.1
1015,-0.7262499999999996,0.1
1016,-2.842500000000001,0.1
1017,-0.6212499999999996,0.1
1018,-0.6762499999999994,0.1
1019,-0.35374999999999934,0.1
1020,-0.8224999999999996,0.1
1021,-0.34249999999999936,0.1
1022,-0.9200000000000006,0.1
1023,-0.4087499999999993,0.1
1024,-0.3199999999999996,0.1
1025,-0.7199999999999995,0.1
1026,-0.23374999999999946,0.1
1027,-0.11499999999999977,0.1
1028,-0.6112499999999994,0.1
1029,-0.5062499999999996,0.1
1030,-2.830000000000001,0.1
1031,-0.3799999999999992,0.1
1032,-0.11374999999999957,0.1
1033,-0.87625,0.1
1034,-0.9187500000000004,0.1
1035,-0.7537499999999999,0.1
1036,-2.8937500000000007,0.1
1037,-0.7775000000000001,0.1
1038,-0.25499999999999945,0.1
1039,0.8962500000000001,0.1
1040,0.5262499999999997,0.1
1041,-0.4599999999999993,0.1
1042,0.4212499999999997,0.1
1043,1.4675,0.1
1044,-0.22624999999999984,0.1
1045,0.036250000000000115,0.1
1046,-0.18624999999999958,0.1
1047,-0.4424999999999992,0.1
1048,-0.1699999999999997,0.1
1049,-2.8800000000000003,0.1
1050,-0.4399999999999993,0.1
1051,-0.09999999999999964,0.1
1052,-0.9225000000000001,0.1
1053,-0.16999999999999993,0.1
1054,-0.5374999999999992,0.1
1055,-0.15249999999999964,0.1
1056,1.0950000000000002,0.1
1057,0.7762499999999999,0.1
1058,-0.2724999999999995,0.1
1059,-0.16624999999999956,0.1
1060,-0.40499999999999914,0.1
1061,-0.17249999999999965,0.1
1062,-3.0025000000000013,0.1
1063,0.7825,0.1
1064,0.07125000000000004,0.1
1065,-0.07374999999999976,0.1
1066,-2.831250000000001,0.1
1067,-0.4337499999999994,0.1
1068,-0.2749999999999997,0.1
1069,-0.0774999999999999,0.1
1070,-0.04249999999999976,0.1
1071,-2.8787500000000006,0.1
1072,1.11875,0.1
1073,0.018750000000000044,0.1
1074,0.06125000000000003,0.1
1075,-0.2574999999999994,0.1
1076,-0.12999999999999967,0.1
1077,-0.5149999999999995,0.1
1078,-2.8362500000000006,0.1
1079,-0.3499999999999992,0.1
1080,-0.76,0.1
1081,-0.7849999999999999,0.1
1082,-0.2937499999999995,0.1
1083,-0.1912499999999997,0.1
1084,1.34375,0.1
1085,-0.1649999999999998,0.1
1086,-1.3662500000000002,0.1
1087,-0.9650000000000005,0.1
1088,1.5362500000000001,0.1
1089,-0.7749999999999997,0.1
1090,-0.5737499999999993,0.1
1091,-0.06749999999999967,0.1
1092,-0.1912499999999997,0.1
1093,1.0525,0.1
1094,0.007500000000000062,0.1
1095,-0.6237499999999996,0.1
1096,0.97875,0.1
1097,-0.15874999999999995,0.1
1098,-0.3099999999999996,0.1
1099,-0.6162499999999993,0.1
1100,-0.5912499999999994,0.1
1101,-2.911250000000001,0.1
1102,-0.03749999999999987,0.1
1103,-0.9149999999999998,0.1
1104,0.042500000000000204,0.1
1105,-0.6037499999999996,0.1
1106,-0.9087500000000002,0.1
1107,0.04500000000000015,0.1
1108,0.18249999999999988,0.1
1109,0.3174999999999999,0.1
1110,-0.4749999999999992,0.1
1111,1.2175,0.1
1112,-3.01,0.1
1113,-0.2812499999999998,0.1
1114,-0.7362499999999998,0.1
1115,0.6174999999999999,0.1
1116,0.3687499999999997,0.1
1117,-0.6387499999999997,0.1
1118,0.04125000000000023,0.1
1119,-3.2112499999999993,0.1
1120,-0.18999999999999972,0.1
1121,0.05250000000000021,0.1
1122,-0.11249999999999982,0.1
1123,-0.26499999999999946,0.1
1124,-0.41499999999999915,0.1
1125,0.4349999999999996,0.1
1126,0.2687499999999998,0.1
1127,0.73875,0.1
1128,-0.33249999999999935,0.1
1129,-2.9199999999999995,0.1
1130,-0.18624999999999958,0.1
1131,-0.39499999999999913,0.1
1132,0.6549999999999998,0.1
1133,0.7212500000000001,0.1
1134,-0.5974999999999995,0.1
1135,-0.08999999999999964,0.1
1136,0.8175,0.1
1137,-0.40999999999999925,0.1
1138,-0.4762499999999994,0.1
1139,-0.29499999999999926,0.1
1140,-2.881250000000001,0.1
1141,-0.08499999999999974,0.1
1142,-0.9562500000000005,0.1
1143,-0.7749999999999997,0.1
1144,-0.46374999999999944,0.1
1145,-1.1487500000000013,0.1
1146,0.6962499999999999,0.1
1147,-1.1600000000000004,0.1
1148,-0.17124999999999968,0.1
1149,-0.6049999999999993,0.1
1150,-0.2874999999999994,0.1
1151,-2.961250000000001,0.1
1152,-0.2849999999999995,0.1
1153,-0.5549999999999993,0.1
1154,-0.2674999999999996,0.1
1155,-0.5337499999999993,0.1
1156,0.13375000000000004,0.1
1157,-0.9900000000000004,0.1
1158,-0.4037499999999994,0.1
1159,-0.09249999999999958,0.1
1160,-3.0212500000000007,0.1
1161,1.5225000000000002,0.1
1162,-0.7574999999999996,0.1
1163,-0.27624999999999944,0.1
1164,-0.7999999999999996,0.1
1165,-2.8312500000000007,0.1
1166,-0.3299999999999994,0.1
1167,-0.2724999999999995,0.1
1168,1.28125,0.1
1169,-0.70625,0.1
1170,-0.5587499999999992,0.1
1171,-1.0437499999999995,0.1
1172,-0.04249999999999976,0.1
1173,-2.8275000000000006,0.1
1174,0.09125000000000005,0.1
1175,-1.1200000000000008,0.1
1176,-0.1862499999999998,0.1
1177,-0.31749999999999945,0.1
1178,-0.054999999999999716,0.1
1179,-0.19874999999999976,0.1
1180,-0.4599999999999993,0.1
1181,-0.1899999999999995,0.1
1182,-3.002500000000001,0.1
1183,-0.9062500000000002,0.1
1184,-0.04249999999999976,0.1
1185,-0.01749999999999985,0.1
1186,-0.1349999999999998,0.1
1187,-0.1849999999999996,0.1
1188,-0.1849999999999996,0.1
1189,0.20124999999999993,0.1
1190,-0.29749999999999943,0.1
1191,-0.4274999999999993,0.1
1192,-0.2999999999999996,0.1
1193,-0.30624999999999947,0.1
1194,-0.23874999999999957,0.1
1195,-0.02499999999999991,0.1
1196,0.010000000000000231,0.1
1197,0.5112499999999998,0.1
1198,-0.4762499999999994,0.1
1199,-0.04999999999999982,0.1
1200,-0.3674999999999995,0.1
1201,-0.38999999999999946,0.1
1202,-0.31249999999999956,0.1
1203,-0.26249999999999973,0.1
1204,-0.5024999999999993,0.1
1205,-1.0187500000000005,0.1
1206,0.05625000000000013,0.1
1207,-1.3725000000000007,0.1
1208,-0.19499999999999962,0.1
1209,-0.6237499999999996,0.1
1210,-0.05999999999999983,0.1
1211,-0.20374999999999965,0.1
1212,-2.8737500000000007,0.1
1213,0.91125,0.1
1214,-0.2687499999999996,0.1
1215,-0.2987499999999996,0.1
1216,-0.9787500000000005,0.1
1217,-0.35374999999999956,0.1
1218,-0.20374999999999965,0.1
1219,0.1612499999999999,0.1
1220,0.25125,0.1
1221,0.9750000000000001,0.1
1222,-2.893750000000001,0.1
1223,-0.3249999999999993,0.1
1224,0.046250000000000124,0.1
1225,-0.47249999999999925,0.1
1226,-2.8975000000000017,0.1
1227,-0.44749999999999934,0.1
1228,-0.13999999999999968,0.1
1229,-0.12374999999999958,0.1
1230,-0.07125000000000004,0.1
1231,-0.3049999999999995,0.1
1232,-0.5012499999999993,0.1
1233,0.11749999999999994,0.1
1234,-2.718749999999999,0.1
1235,0.02375000000000016,0.1
1236,-0.3937499999999996,0.1
1237,-0.5012499999999993,0.1
1238,-0.9262499999999994,0.1
1239,0.9,0.1
1240,-0.49874999999999914,0.1
1241,-0.46499999999999986,0.1
1242,-0.49749999999999917,0.1
1243,-0.5699999999999996,0.1
1244,-1.3137500000000009,0.1
1245,1.0137500000000002,0.1
1246,-0.006249999999999867,0.1
1247,-0.07999999999999985,0.1
1248,-0.49499999999999944,0.1
1249,-2.756250000000001,0.1
1250,-0.23499999999999965,0.1
1251,-0.45124999999999926,0.1
1252,0.12125000000000008,0.1
1253,0.0625,0.1
1254,0.007500000000000062,0.1
1255,0.84625,0.1
1256,0.08625000000000016,0.1
1257,-0.6199999999999994,0.1
1258,0.10750000000000015,0.1
1259,-0.6187499999999992,0.1
1260,-0.7274999999999998,0.1
1261,-0.3262499999999995,0.1
1262,-0.014999999999999902,0.1
1263,1.2075,0.1
1264,-3.000000000000001,0.1
1265,-0.4449999999999992,0.1
1266,-0.7762499999999999,0.1
1267,-2.886250000000001,0.1
1268,0.82625,0.1
1269,-0.16874999999999973,0.1
1270,-0.01749999999999985,0.1
1271,0.03000000000000025,0.1
1272,-0.8262499999999997,0.1
1273,-0.8299999999999998,0.1
1274,-0.1337499999999998,0.1
1275,-0.5137499999999993,0.1
1276,1.0150000000000001,0.1
1277,-0.17749999999999977,0.1
1278,0.3949999999999998,0.1
1279,-0.03499999999999992,0.1
1280,0.03500000000000014,0.1
1281,0.0012500000000001954,0.1
1282,-0.5574999999999992,0.1
1283,0.05500000000000016,0.1
1284,-2.850000000000001,0.1
1285,-0.47749999999999937,0.1
1286,-0.07499999999999973,0.1
1287,-0.6574999999999995,0.1
1288,0.48499999999999965,0.1
1289,-2.7975000000000003,0.1
1290,-2.75625,0.1
1291,1.29,0.1
1292,-0.013749999999999707,0.1
1293,0.5674999999999998,0.1
1294,-0.16749999999999954,0.1
1295,-2.7300000000000004,0.1
1296,-0.3474999999999995,0.1
1297,-1.0150000000000008,0.1
1298,-0.6174999999999995,0.1
1299,0.12749999999999995,0.1
1300,0.09125000000000005,0.1
1301,-2.843750000000001,0.1
1302,-0.8825000000000001,0.1
1303,0.78125,0.1
1304,0.27249999999999996,0.1
1305,-0.6974999999999996,0.1
1306,0.86,0.1
1307,0.6424999999999998,0.1
1308,0.1299999999999999,0.1
1309,0.905,0.1
1310,-1.1912500000000004,0.1
1311,-0.10249999999999959,0.1
1312,-1.2162500000000012,0.1
1313,-1.2250000000000012,0.1
1314,0.1549999999999998,0.1
1315,-0.5712499999999991,0.1
1316,-0.2774999999999994,0.1
1317,1.0025,0.1
1318,-1.070000000000001,0.1
1319,0.9900000000000001,0.1
1320,1.0025,0.1
1321,-0.014999999999999902,0.1
1322,-0.9550000000000003,0.1
1323,0.06500000000000017,0.1
1324,-2.817500000000001,0.1
1325,-2.775000000000001,0.1
1326,-2.965000000000001,0.1
1327,0.03500000000000014,0.1
1328,-0.10874999999999968,0.1
1329,0.9550000000000001,0.1
1330,1.01,0.1
1331,-1.2800000000000018,0.1
1332,0.6112499999999998,0.1
1333,0.3424999999999998,0.1
1334,-2.7187500000000004,0.1
1335,-0.44124999999999925,0.1
1336,-1.0575000000000008,0.1
1337,0.4512499999999997,0.1
1338,0.75125,0.1
1339,1.13375,0.1
1340,0.01750000000000007,0.1
1341,0.6537499999999998,0.1
1342,-0.03624999999999989,0.1
1343,-0.40499999999999936,0.1
1344,-0.12749999999999972,0.1
1345,-0.22499999999999964,0.1
1346,0.3849999999999998,0.1
1347,1.1,0.1
1348,-0.31249999999999956,0.1
1349,0.87,0.1
1350,-2.8100000000000005,0.1
1351,-0.7349999999999997,0.1
1352,-2.817500000000001,0.1
1353,-1.3312500000000005,0.1
1354,-0.2524999999999995,0.1
1355,-0.8262500000000002,0.1
1356,0.5899999999999999,0.1
1357,0.9850000000000001,0.1
1358,0.9337500000000001,0.1
1359,0.2549999999999999,0.1
1360,0.03500000000000014,0.1
1361,0.14749999999999996,0.1
1362,0.2537499999999999,0.1
1363,0.010000000000000231,0.1
1364,-0.18624999999999958,0.1
1365,-0.11624999999999974,0.1
1366,0.3787499999999997,0.1
1367,0.7825,0.1
1368,-0.5137499999999995,0.1
1369,0.9187500000000001,0.1
1370,-1.0562499999999992,0.1
1371,0.04125000000000023,0.1
1372,0.6249999999999999,0.1
1373,0.04875000000000007,0.1
1374,-0.16499999999999937,0.1
1375,0.1825000000000001,0.1
1376,0.8875000000000001,0.1
1377,-1.1250000000000002,0.1
1378,0.8049999999999999,0.1
1379,-2.837500000000001,0.1
1380,-0.09999999999999987,0.1
1381,0.5862499999999998,0.1
1382,1.31875,0.1
1383,0.6912499999999998,0.1
1384,0.5624999999999998,0.1
1385,0.3125,0.1
1386,1.38375,0.1
1387,0.5749999999999997,0.1
1388,-0.02499999999999969,0.1
1389,0.16375000000000006,0.1
1390,0.73875,0.1
1391,0.79125,0.1
1392,1.1325,0.1
1393,-0.8399999999999996,0.1
1394,0.9425,0.1
1395,-0.6399999999999995,0.1
1396,0.6887499999999999,0.1
1397,0.9712500000000001,0.1
1398,1.02125,0.1
1399,0.36124999999999985,0.1
1400,-0.2987499999999994,0.1
1401,0.5399999999999998,0.1
1402,0.37999999999999967,0.1
1403,0.4399999999999997,0.1
1404,-0.14624999999999955,0.1
1405,0.26249999999999996,0.1
1406,-1.0262499999999994,0.1
1407,0.135,0.1
1408,0.08750000000000013,0.1
1409,0.5074999999999997,0.1
1410,0.5474999999999998,0.1
1411,-1.0350000000000004,0.1
1412,-0.8837499999999998,0.1
1413,0.44999999999999973,0.1
1414,-0.9887500000000007,0.1
1415,0.5662499999999998,0.1
1416,1.39625,0.1
1417,0.6037499999999998,0.1
1418,0.7699999999999999,0.1
1419,0.8775000000000001,0.1
1420,0.20999999999999996,0.1
1421,0.6949999999999998,0.1
1422,-1.0737500000000006,0.1
1423,0.15999999999999992,0.1
1424,1.1475,0.1
1425,0.6575,0.1
1426,0.5562499999999999,0.1
1427,0.7637499999999999,0.1
1428,-2.8887500000000004,0.1
1429,-0.8787499999999999,0.1
1430,-0.905,0.1
1431,-0.37999999999999945,0.1
1432,-0.33874999999999944,0.1
1433,-0.39624999999999977,0.1
1434,0.05125000000000002,0.1
1435,0.3312499999999996,0.1
1436,-2.8850000000000007,0.1
1437,-0.7950000000000002,0.1
1438,-1.0250000000000001,0.1
1439,1.0,0.1
1440,0.9700000000000001,0.1
1441,0.79875,0.1
1442,0.72625,0.1
1443,0.22624999999999984,0.1
1444,1.165,0.1
1445,0.85625,0.1
1446,-1.39,0.1
1447,0.15874999999999995,0.1
1448,-0.3049999999999995,0.1
1449,0.5299999999999997,0.1
1450,0.4149999999999996,0.1
1451,0.28749999999999987,0.1
1452,-0.25499999999999967,0.1
1453,-0.9462500000000003,0.1
1454,0.385,0.1
1455,-0.93625,0.1
1456,-0.16624999999999956,0.1
1457,0.85,0.1
1458,0.48999999999999966,0.1
1459,0.4887499999999998,0.1
1460,0.2799999999999998,0.1
1461,0.2537499999999999,0.1
1462,0.6724999999999999,0.1
1463,0.41874999999999973,0.1
1464,1.1125,0.1
1465,0.9850000000000001,0.1
1466,-0.4362499999999998,0.1
1467,0.31499999999999995,0.1
1468,0.5624999999999998,0.1
1469,-0.8175000000000001,0.1
1470,-2.8237500000000004,0.1
1471,-0.3912499999999992,0.1
1472,0.9650000000000001,0.1
1473,-0.01499999999999968,0.1
1474,0.17500000000000027,0.1
1475,0.6212499999999997,0.1
1476,0.3849999999999998,0.1
1477,0.6787499999999999,0.1
1478,-0.014999999999999902,0.1
1479,-0.32749999999999946,0.1
1480,0.915,0.1
1481,0.8062499999999999,0.1
1482,1.12625,0.1
1483,0.036250000000000115,0.1
1484,0.09125000000000005,0.1
1485,0.3849999999999998,0.1
1486,1.01125,0.1
1487,0.37999999999999967,0.1
1488,0.73125,0.1
1489,0.79375,0.1
1490,-2.8362500000000006,0.1
1491,1.12625,0.1
1492,-0.8012499999999994,0.1
1493,-0.7599999999999996,0.1
1494,-0.3399999999999992,0.1
1495,1.20125,0.1
1496,0.7674999999999998,0.1
1497,0.6387499999999998,0.1
1498,-0.8087499999999996,0.1
1499,-0.9999999999999993,0.1
1500,-0.7775000000000001,0.1
1501,1.2550000000000001,0.1
1502,0.6062499999999997,0.1
1503,0.93625,0.1
1504,0.32499999999999973,0.1
1505,0.3837499999999998,0.1
1506,0.6024999999999999,0.1
1507,1.11,0.1
1508,0.1712499999999999,0.1
1509,0.14749999999999996,0.1
1510,0.8125,0.1
1511,-3.0062500000000014,0.1
1512,0.21875,0.1
1513,-0.9699999999999991,0.1
1514,-0.18999999999999972,0.1
1515,0.86,0.1
1516,1.2275,0.1
1517,0.34874999999999967,0.1
1518,-2.755000000000001,0.1
1519,-0.6387499999999997,0.1
1520,0.8225,0.1
1521,-2.9262500000000014,0.1
1522,-0.03874999999999984,0.1
1523,-0.8875,0.1
1524,-0.1349999999999998,0.1
1525,-0.2012499999999997,0.1
1526,-0.9175000000000002,0.1
1527,0.47499999999999964,0.1
1528,1.095,0.1
1529,1.1087500000000001,0.1
1530,0.79375,0.1
1531,0.2875000000000001,0.1
1532,-0.7749999999999992,0.1
1533,0.3899999999999997,0.1
1534,0.4924999999999997,0.1
1535,0.8099999999999999,0.1
1536,1.0237500000000002,0.1
1537,-1.0912500000000007,0.1
1538,1.375,0.1
1539,1.5137500000000002,0.1
1540,-0.14499999999999957,0.1
1541,-0.4549999999999992,0.1
1542,1.1300000000000001,0.1
1543,1.11375,0.1
1544,1.4125,0.1
1545,0.5099999999999997,0.1
1546,0.62125,0.1
1547,0.7037499999999999,0.1
1548,0.30374999999999974,0.1
1549,0.78125,0.1
1550,0.5649999999999997,0.1
1551,0.23249999999999993,0.1
1552,1.2175,0.1
1553,-0.8299999999999998,0.1
1554,-0.6162499999999993,0.1
1555,0.10875000000000012,0.1
1556,0.8975000000000001,0.1
1557,-0.5087499999999994,0.1
1558,-3.2725000000000013,0.1
1559,-2.7287500000000002,0.1
1560,0.3787499999999997,0.1
1561,0.7637499999999999,0.1
1562,-0.7825,0.1
1563,0.4824999999999997,0.1
1564,0.6787500000000001,0.1
1565,0.28749999999999987,0.1
1566,-0.6974999999999996,0.1
1567,0.6787499999999999,0.1
1568,-2.8437500000000004,0.1
1569,0.6999999999999998,0.1
1570,-0.3587499999999999,0.1
1571,0.5049999999999998,0.1
1572,0.3849999999999998,0.1
1573,-0.4774999999999996,0.1
1574,-0.14500000000000002,0.1
1575,1.01125,0.1
1576,0.7324999999999999,0.1
1577,1.2750000000000001,0.1
1578,0.78125,0.1
1579,-2.90875,0.1
1580,0.83125,0.1
1581,1.1300000000000001,0.1
1582,-0.2749999999999997,0.1
1583,-0.12999999999999967,0.1
1584,0.4137499999999996,0.1
1585,0.6475000000000002,0.1
1586,0.6699999999999999,0.1
1587,0.81875,0.1
1588,-0.1124999999999996,0.1
1589,-0.6249999999999993,0.1
1590,0.6537499999999998,0.1
1591,-0.8487499999999992,0.1
1592,0.94125,0.1
1593,0.825,0.1
1594,0.4212499999999999,0.1
1595,-0.38999999999999924,0.1
1596,0.9087500000000001,0.1
1597,1.0225,0.1
1598,0.2762499999999999,0.1
1599,1.1712500000000001,0.1
1600,0.9062500000000001,0.1
1601,0.5724999999999999,0.1
1602,0.3362499999999997,0.1
1603,-0.08624999999999972,0.1
1604,0.2749999999999999,0.1
1605,0.9775,0.1
1606,-2.891250000000001,0.1
1607,0.7699999999999999,0.1
1608,1.1375000000000002,0.1
1609,1.07375,0.1
1610,0.8049999999999999,0.1
1611,0.7037499999999999,0.1
1612,-2.7875000000000005,0.1
1613,0.23499999999999988,0.1
1614,-3.0874999999999995,0.1
1615,0.72625,0.1
1616,0.705,0.1
1617,0.9125000000000001,0.1
1618,0.12874999999999992,0.1
1619,0.2812500000000002,0.1
1620,-0.78,0.1
1621,0.85,0.1
1622,0.9587500000000001,0.1
1623,0.6299999999999998,0.1
1624,0.8775000000000001,0.1
1625,-1.2462500000000012,0.1
1626,0.96875,0.1
1627,-1.0750000000000008,0.1
1628,0.4737499999999998,0.1
1629,0.8975000000000001,0.1
1630,0.4399999999999997,0.1
1631,1.06875,0.1
1632,1.2550000000000001,0.1
1633,1.2225000000000001,0.1
1634,1.1900000000000002,0.1
1635,-0.10499999999999976,0.1
1636,0.9337500000000001,0.1
1637,-1.140000000000001,0.1
1638,-2.817500000000001,0.1
1639,0.4349999999999996,0.1
1640,0.7412499999999999,0.1
1641,0.6887499999999999,0.1
1642,-0.18374999999999964,0.1
1643,1.1475000000000002,0.1
1644,0.7175,0.1
1645,0.27124999999999955,0.1
1646,0.35999999999999965,0.1
1647,-2.8362500000000006,0.1
1648,0.6287499999999998,0.1
1649,1.0150000000000001,0.1
1650,1.3,0.1
1651,0.6387499999999998,0.1
1652,0.815,0.1
1653,-0.07874999999999965,0.1
1654,0.875,0.1
1655,0.9087500000000001,0.1
1656,-2.6975000000000007,0.1
1657,0.8350000000000001,0.1
1658,0.96125,0.1
1659,0.45499999999999985,0.1
1660,0.21999999999999997,0.1
1661,1.0562500000000001,0.1
1662,1.1,0.1
1663,1.13375,0.1
1664,1.00625,0.1
1665,-0.39124999999999965,0.1
1666,1.0875000000000001,0.1
1667,0.7512499999999999,0.1
1668,0.6724999999999999,0.1
1669,-0.25499999999999945,0.1
1670,-0.75875,0.1
1671,0.7224999999999999,0.1
1672,0.82375,0.1
1673,0.9287500000000001,0.1
1674,0.7987500000000001,0.1
1675,0.91125,0.1
1676,0.5424999999999998,0.1
1677,0.5249999999999999,0.1
1678,1.0025000000000002,0.1
1679,-1.1487499999999995,0.1
1680,0.9087500000000001,0.1
1681,-0.2987499999999992,0.1
1682,0.23749999999999982,0.1
1683,0.19999999999999996,0.1
1684,0.94625,0.1
1685,-0.7424999999999999,0.1
1686,0.65,0.1
1687,1.1,0.1
1688,1.1912500000000001,0.1
1689,1.2075,0.1
1690,-0.825,0.1
1691,0.79375,0.1
1692,0.19874999999999998,0.1
1693,0.4837499999999997,0.1
1694,0.8175,0.1
1695,-0.35374999999999956,0.1
1696,0.90375,0.1
1697,0.4949999999999998,0.1
1698,-0.7024999999999995,0.1
1699,-0.8200000000000001,0.1
1700,1.1612500000000001,0.1
1701,-0.15375000000000005,0.1
1702,0.94625,0.1
1703,0.29499999999999993,0.1
1704,0.5824999999999998,0.1
1705,1.07,0.1
1706,0.7149999999999999,0.1
1707,0.8324999999999999,0.1
1708,0.93625,0.1
1709,-0.6799999999999995,0.1
1710,1.245,0.1
1711,1.00625,0.1
1712,0.6524999999999999,0.1
1713,1.01625,0.1
1714,1.0137500000000002,0.1
1715,0.9275000000000001,0.1
1716,0.69,0.1
1717,0.47750000000000004,0.1
1718,0.7825000000000001,0.1
1719,0.82375,0.1
1720,0.7687499999999999,0.1
1721,0.5449999999999997,0.1
1722,-0.4337499999999992,0.1
1723,0.7124999999999999,0.1
1724,1.2087500000000002,0.1
1725,0.91625,0.1
1726,0.81875,0.1
1727,0.9450000000000001,0.1
1728,0.6699999999999999,0.1
1729,1.22125,0.1
1730,-2.930000000000001,0.1
1731,0.2949999999999997,0.1
1732,0.9825000000000002,0.1
1733,1.29,0.1
1734,-0.6037499999999991,0.1
1735,1.06125,0.1
1736,0.6437499999999998,0.1
1737,0.5287499999999997,0.1
1738,1.245,0.1
1739,0.82375,0.1
1740,1.14375,0.1
1741,0.8875000000000001,0.1
1742,-0.34249999999999936,0.1
1743,1.17,0.1
1744,0.7899999999999999,0.1
1745,0.10375000000000001,0.1
1746,0.9712500000000002,0.1
1747,0.7100000000000001,0.1
1748,0.5774999999999998,0.1
1749,1.1525,0.1
1750,0.6774999999999999,0.1
1751,0.8125,0.1
1752,0.865,0.1
1753,0.13500000000000023,0.1
1754,0.9475000000000001,0.1
1755,1.02625,0.1
1756,-0.845,0.1
1757,1.21,0.1
1758,0.8125,0.1
1759,0.6912499999999998,0.1
1760,1.01375,0.1
1761,0.8625,0.1
1762,0.9750000000000001,0.1
1763,1.07625,0.1
1764,0.4562499999999997,0.1
1765,1.0,0.1
1766,1.03375,0.1
1767,0.72125,0.1
1768,0.9425,0.1
1769,0.6474999999999999,0.1
1770,0.6375,0.1
1771,0.6724999999999999,0.1
1772,0.9237500000000001,0.1
1773,0.4574999999999998,0.1
1774,0.7299999999999999,0.1
1775,0.3062499999999997,0.1
1776,1.00875,0.1
1777,0.795,0.1
1778,0.7437499999999999,0.1
1779,1.0075,0.1
1780,0.3537499999999998,0.1
1781,0.10875000000000012,0.1
1782,0.8775,0.1
1783,0.91125,0.1
1784,0.84375,0.1
1785,1.0625,0.1
1786,0.84,0.1
1787,0.91125,0.1
1788,0.96625,0.1
1789,0.7224999999999999,0.1
1790,0.04000000000000026,0.1
1791,1.11,0.1
1792,1.0462500000000001,0.1
1793,-0.18374999999999964,0.1
1794,0.80625,0.1
1795,0.5262499999999997,0.1
1796,1.0325000000000002,0.1
1797,1.2025000000000001,0.1
1798,1.3362500000000002,0.1
1799,0.46374999999999966,0.1
1800,0.27,0.1
1801,1.1262500000000002,0.1
1802,0.715,0.1
1803,0.87875,0.1
1804,-0.5199999999999994,0.1
1805,1.0625,0.1
1806,0.10375000000000001,0.1
1807,1.07375,0.1
1808,0.93,0.1
1809,0.8124999999999999,0.1
1810,1.02,0.1
1811,0.80125,0.1
1812,0.5862499999999998,0.1
1813,0.8912500000000001,0.1
1814,-0.04249999999999976,0.1
1815,0.7799999999999999,0.1
1816,0.8425,0.1
1817,1.07875,0.1
1818,0.2100000000000002,0.1
1819,1.0437500000000002,0.1
1820,0.7699999999999999,0.1
1821,1.2475,0.1
1822,0.9512500000000002,0.1
1823,0.81125,0.1
1824,0.2200000000000002,0.1
1825,1.1125,0.1
1826,0.6362499999999999,0.1
1827,1.2550000000000001,0.1
1828,1.2525,0.1
1829,-2.9350000000000014,0.1
1830,0.745,0.1
1831,1.23875,0.1
1832,0.81875,0.1
1833,0.6724999999999999,0.1
1834,1.25625,0.1
1835,1.0275,0.1
1836,0.8312499999999999,0.1
1837,1.2625000000000002,0.1
1838,1.2550000000000001,0.1
1839,1.13375,0.1
1840,1.0562500000000001,0.1
1841,0.7262500000000002,0.1
1842,-0.07374999999999954,0.1
1843,0.15874999999999995,0.1
1844,0.43499999999999983,0.1
1845,0.7749999999999999,0.1
1846,0.9675,0.1
1847,1.07,0.1
1848,1.2112500000000002,0.1
1849,0.72625,0.1
1850,0.895,0.1
1851,0.9587500000000001,0.1
1852,0.6475,0.1
1853,0.9312500000000001,0.1
1854,0.3637499999999998,0.1
1855,0.78875,0.1
1856,1.1675,0.1
1857,1.14375,0.1
1858,0.9075000000000001,0.1
1859,1.0425,0.1
1860,1.07125,0.1
1861,0.7587499999999999,0.1
1862,1.0637500000000002,0.1
1863,0.8512500000000001,0.1
1864,0.9850000000000001,0.1
1865,1.1425,0.1
1866,1.1487500000000002,0.1
1867,0.78,0.1
1868,-3.0287500000000005,0.1
1869,0.78875,0.1
1870,0.9700000000000001,0.1
1871,0.7349999999999999,0.1
1872,0.8324999999999999,0.1
1873,1.1225,0.1
1874,1.0,0.1
1875,1.19,0.1
1876,-0.22499999999999942,0.1
1877,0.94625,0.1
1878,1.1125,0.1
1879,1.185,0.1
1880,0.33125000000000004,0.1
1881,0.9712500000000001,0.1
1882,0.8975000000000001,0.1
1883,1.3725,0.1
1884,0.8075,0.1
1885,0.8375,0.1
1886,0.5999999999999998,0.1
1887,0.915,0.1
1888,0.8225000000000001,0.1
1889,0.98,0.1
1890,0.7087499999999999,0.1
1891,0.8650000000000001,0.1
1892,1.04,0.1
1893,1.18375,0.1
1894,1.19,0.1
1895,0.925,0.1
1896,0.80375,0.1
1897,0.91625,0.1
1898,1.3575000000000002,0.1
1899,0.99125,0.1
1900,1.0375,0.1
1901,0.90375,0.1
1902,-2.8000000000000007,0.1
1903,0.8012499999999999,0.1
1904,0.9900000000000001,0.1
1905,0.91,0.1
1906,0.92,0.1
1907,0.96625,0.1
1908,0.2437499999999999,0.1
1909,0.4949999999999999,0.1
1910,1.1025,0.1
1911,-0.7499999999999998,0.1
1912,-0.78,0.1
1913,0.6212499999999999,0.1
1914,0.9950000000000001,0.1
1915,0.7237499999999999,0.1
1916,0.6862499999999998,0.1
1917,0.6725,0.1
1918,0.78,0.1
1919,0.7299999999999999,0.1
1920,0.87375,0.1
1921,0.85,0.1
1922,0.6549999999999999,0.1
1923,1.0875000000000001,0.1
1924,1.315,0.1
1925,1.03875,0.1
1926,0.7099999999999999,0.1
1927,1.02625,0.1
1928,0.93625,0.1
1929,1.27,0.1
1930,1.4175,0.1
1931,0.9187500000000001,0.1
1932,0.6412499999999999,0.1
1933,1.1175000000000002,0.1
1934,1.00875,0.1
1935,-0.02499999999999969,0.1
1936,1.105,0.1
1937,1.09375,0.1
1938,1.23875,0.1
1939,1.2625000000000002,0.1
1940,0.9187500000000001,0.1
1941,0.63625,0.1
1942,0.9512500000000002,0.1
1943,-1.087500000000001,0.1
1944,0.5249999999999998,0.1
1945,1.185,0.1
1946,0.86875,0.1
1947,1.0975000000000001,0.1
1948,0.3062499999999997,0.1
1949,1.0750000000000002,0.1
1950,0.27000000000000024,0.1
1951,1.3475000000000001,0.1
1952,0.9700000000000001,0.1
1953,0.74625,0.1
1954,1.10375,0.1
1955,0.2650000000000001,0.1
1956,0.5574999999999997,0.1
1957,0.30874999999999986,0.1
1958,1.0975000000000001,0.1
1959,0.33999999999999986,0.1
1960,0.17250000000000032,0.1
1961,0.9100000000000001,0.1
1962,-0.3899999999999999,0.1
1963,0.7124999999999999,0.1
1964,0.3837499999999998,0.1
1965,0.7462499999999999,0.1
1966,0.9650000000000001,0.1
1967,1.18625,0.1
1968,0.925,0.1
1969,0.9137500000000001,0.1
1970,0.13624999999999998,0.1
1971,1.3025,0.1
1972,1.05125,0.1
1973,1.11625,0.1
1974,1.07375,0.1
1975,1.115,0.1
1976,0.78375,0.1
1977,0.8012499999999999,0.1
1978,1.08875,0.1
1979,1.2775,0.1
1980,0.8075,0.1
1981,1.105,0.1
1982,0.81875,0.1
1983,0.3162499999999999,0.1
1984,0.5274999999999999,0.1
1985,0.825,0.1
1986,0.5737499999999999,0.1
1987,1.15375,0.1
1988,1.115,0.1
1989,0.9275000000000001,0.1
1990,0.4624999999999999,0.1
1991,0.9087500000000001,0.1
1992,0.78,0.1
1993,0.9650000000000001,0.1
1994,0.3987499999999997,0.1
1995,0.74625,0.1
1996,0.9587500000000001,0.1
1997,1.0475,0.1
1998,0.83625,0.1
1999,1.1675,0.1
2000,0.815,0.1
2001,1.1525,0.1
2002,0.6599999999999998,0.1
2003,0.30874999999999986,0.1
2004,0.6824999999999999,0.1
2005,1.03375,0.1
2006,0.8612500000000001,0.1
2007,0.83,0.1
2008,0.6112499999999997,0.1
2009,0.8625,0.1
2010,0.87625,0.1
2011,1.0250000000000001,0.1
2012,0.9225,0.1
2013,0.9762500000000001,0.1
2014,0.86,0.1
2015,0.9237500000000001,0.1
2016,1.13625,0.1
2017,0.885,0.1
2018,1.20375,0.1
2019,0.82,0.1
2020,0.9237500000000001,0.1
2021,1.1300000000000001,0.1
2022,1.17,0.1
2023,0.7649999999999999,0.1
2024,0.7374999999999999,0.1
2025,0.845,0.1
2026,1.03,0.1
2027,1.17,0.1
2028,0.91125,0.1
2029,0.93,0.1
2030,0.7049999999999998,0.1
2031,-2.7300000000000004,0.1
2032,0.3787499999999999,0.1
2033,0.81,0.1
2034,0.43499999999999983,0.1
2035,1.20875,0.1
2036,1.08,0.1
2037,1.32125,0.1
2038,0.7125,0.1
2039,0.905,0.1
2040,0.9050000000000001,0.1
2041,1.08125,0.1
2042,1.0225,0.1
2043,0.9937500000000001,0.1
2044,1.44875,0.1
2045,1.0425,0.1
2046,0.91125,0.1
2047,1.5225000000000002,0.1
2048,1.1900000000000002,0.1
2049,0.1825000000000001,0.1
2050,0.76875,0.1
2051,0.91,0.1
2052,0.8750000000000001,0.1
2053,1.00625,0.1
2054,0.81375,0.1
2055,1.295,0.1
2056,0.84,0.1
2057,1.06375,0.1
2058,0.8775000000000001,0.1
2059,1.15,0.1
2060,1.32125,0.1
2061,0.6937499999999999,0.1
2062,0.44374999999999987,0.1
2063,1.0575,0.1
2064,0.7087499999999998,0.1
2065,0.8962500000000001,0.1
2066,1.1125,0.1
2067,1.0237500000000002,0.1
2068,0.82375,0.1
2069,1.3900000000000001,0.1
2070,-0.7699999999999998,0.1
2071,0.74125,0.1
2072,1.1887500000000002,0.1
2073,0.94125,0.1
2074,1.0550000000000002,0.1
2075,1.28,0.1
2076,1.04,0.1
2077,1.43625,0.1
2078,1.22125,0.1
2079,0.8175,0.1
2080,0.9212500000000001,0.1
2081,0.6024999999999998,0.1
2082,0.9525000000000001,0.1
2083,1.0075,0.1
2084,0.97125,0.1
2085,-0.3199999999999994,0.1
2086,0.6599999999999998,0.1
2087,1.145,0.1
2088,0.6162499999999999,0.1
2089,0.87875,0.1
2090,1.26875,0.1
2091,0.825,0.1
2092,0.9850000000000001,0.1
2093,-0.7187499999999998,0.1
2094,1.19875,0.1
2095,1.0612500000000002,0.1
2096,0.90375,0.1
2097,0.8800000000000001,0.1
2098,1.0225,0.1
2099,1.455,0.1
2100,0.9700000000000001,0.1
2101,1.08,0.1
2102,1.11,0.1
2103,0.5812499999999998,0.1
2104,1.1,0.1
2105,1.1525,0.1
2106,1.0137500000000002,0.1
2107,1.205,0.1
2108,0.7999999999999999,0.1
2109,1.03875,0.1
2110,1.4937500000000001,0.1
2111,0.7849999999999999,0.1
2112,0.75125,0.1
2113,0.8775000000000001,0.1
2114,0.43625,0.1
2115,1.0350000000000001,0.1
2116,1.3362500000000002,0.1
2117,0.90625,0.1
2118,0.9650000000000001,0.1
2119,0.9225000000000001,0.1
2120,1.0250000000000001,0.1
2121,0.6837499999999999,0.1
2122,0.8425,0.1
2123,0.86,0.1
2124,0.6974999999999999,0.1
2125,1.0075,0.1
2126,1.3325,0.1
2127,1.07375,0.1
2128,1.11125,0.1
2129,1.0437500000000002,0.1
2130,1.1675,0.1
2131,1.06125,0.1
2132,0.86,0.1
2133,1.2237500000000001,0.1
2134,1.50875,0.1
2135,0.91,0.1
2136,0.9525000000000001,0.1
2137,0.8075,0.1
2138,0.9687500000000001,0.1
2139,1.0050000000000001,0.1
2140,1.02,0.1
2141,1.0825,0.1
2142,1.0437500000000002,0.1
2143,0.8075,0.1
2144,1.08,0.1
2145,0.9137500000000001,0.1
2146,1.07625,0.1
2147,1.0975000000000001,0.1
2148,1.1262500000000002,0.1
2149,1.08125,0.1
2150,0.23749999999999982,0.1
2151,1.2200000000000002,0.1
2152,0.88625,0.1
2153,1.3725,0.1
2154,0.7675,0.1
2155,0.86125,0.1
2156,0.84875,0.1
2157,1.2200000000000002,0.1
2158,1.2537500000000001,0.1
2159,1.135,0.1
2160,0.9700000000000001,0.1
2161,0.7537499999999999,0.1
2162,0.9337500000000001,0.1
2163,1.485,0.1
2164,1.2637500000000002,0.1
2165,0.6499999999999999,0.1
2166,1.21,0.1
2167,1.0250000000000001,0.1
2168,1.3137500000000002,0.1
2169,1.0462500000000001,0.1
2170,0.77625,0.1
2171,0.93125,0.1
2172,0.7037499999999999,0.1
2173,0.6912499999999999,0.1
2174,0.6949999999999998,0.1
2175,0.8875000000000001,0.1
2176,1.2112500000000002,0.1
2177,1.27,0.1
2178,0.8725,0.1
2179,0.845,0.1
2180,1.045,0.1
2181,1.1187500000000001,0.1
2182,1.4125,0.1
2183,0.8775000000000001,0.1
2184,1.2400000000000002,0.1
2185,1.0825,0.1
2186,0.96625,0.1
2187,1.0987500000000001,0.1
2188,0.9100000000000001,0.1
2189,1.15375,0.1
2190,1.29,0.1
2191,0.91125,0.1
2192,1.1287500000000001,0.1
2193,0.3949999999999998,0.1
2194,0.97875,0.1
2195,1.07625,0.1
2196,0.9337500000000001,0.1
2197,0.9225000000000001,0.1
2198,-2.8000000000000007,0.1
2199,0.88375,0.1
2200,0.9687500000000001,0.1
2201,1.19,0.1
2202,1.1675,0.1
2203,0.6762499999999999,0.1
2204,1.15,0.1
2205,1.07,0.1
2206,0.7399999999999999,0.1
2207,1.1475,0.1
2208,0.9337500000000001,0.1
2209,0.91625,0.1
2210,1.3900000000000001,0.1
2211,1.46375,0.1
2212,0.6449999999999999,0.1
2213,0.6475,0.1
2214,-0.07499999999999973,0.1
2215,1.04,0.1
2216,0.9762500000000001,0.1
2217,0.925,0.1
2218,0.915,0.1
2219,1.2437500000000001,0.1
2220,1.2275,0.1
2221,1.0275,0.1
2222,1.0,0.1
2223,1.0375,0.1
2224,0.9525000000000001,0.1
2225,1.1712500000000001,0.1
2226,1.22875,0.1
2227,0.98875,0.1
2228,1.0250000000000001,0.1
2229,1.0075,0.1
2230,0.83,0.1
2231,1.05,0.1
2232,1.2750000000000001,0.1
2233,1.11125,0.1
2234,1.10125,0.1
2235,1.04,0.1
2236,0.88,0.1
2237,1.1887500000000002,0.1
2238,0.96625,0.1
2239,0.815,0.1
2240,1.0575,0.1
2241,1.02,0.1
2242,1.13375,0.1
2243,1.15,0.1
2244,0.7,0.1
2245,1.1800000000000002,0.1
2246,1.12125,0.1
2247,1.17375,0.1
2248,0.9525000000000001,0.1
2249,1.22125,0.1
2250,0.9925000000000002,0.1
2251,0.7399999999999999,0.1
2252,1.29,0.1
2253,1.03875,0.1
2254,1.23625,0.1
2255,1.2850000000000001,0.1
2256,0.9687500000000001,0.1
2257,0.5262499999999998,0.1
2258,1.0075,0.1
2259,1.08875,0.1
2260,0.8962500000000001,0.1
2261,1.18625,0.1
2262,0.9175000000000001,0.1
2263,0.78875,0.1
2264,1.09375,0.1
2265,1.3625,0.1
2266,0.8912500000000001,0.1
2267,0.8012499999999999,0.1
2268,1.11125,0.1
2269,0.8925000000000001,0.1
2270,1.03375,0.1
2271,0.83,0.1
2272,1.245,0.1
2273,1.1325,0.1
2274,0.725,0.1
2275,0.87375,0.1
2276,1.2437500000000001,0.1
2277,1.17875,0.1
2278,1.0325000000000002,0.1
2279,1.08875,0.1
2280,1.0275,0.1
2281,1.2725,0.1
2282,1.0550000000000002,0.1
2283,0.98,0.1
2284,0.9537500000000001,0.1
2285,1.2025000000000001,0.1
2286,1.2650000000000001,0.1
2287,1.0750000000000002,0.1
2288,0.91,0.1
2289,0.99875,0.1
2290,1.475,0.1
2291,0.90375,0.1
2292,0.7099999999999999,0.1
2293,0.9475,0.1
2294,0.9875,0.1
2295,1.24125,0.1
2296,1.1712500000000001,0.1
2297,1.2750000000000001,0.1
2298,0.6549999999999998,0.1
2299,0.96625,0.1
2300,0.7375,0.1
2301,1.2225000000000001,0.1
2302,1.28875,0.1
2303,1.0975000000000001,0.1
2304,0.6949999999999998,0.1
2305,1.3175000000000001,0.1
2306,1.28,0.1
2307,1.03875,0.1
2308,1.0987500000000001,0.1
2309,1.54125,0.1
2310,0.6749999999999998,0.1
2311,0.8300000000000001,0.1
2312,0.8912500000000001,0.1
2313,0.9325000000000001,0.1
2314,1.2200000000000002,0.1
2315,0.9700000000000001,0.1
2316,1.3900000000000001,0.1
2317,0.6912499999999998,0.1
2318,0.6349999999999998,0.1
2319,0.915,0.1
2320,0.7149999999999999,0.1
2321,1.15375,0.1
2322,0.7825,0.1
2323,0.7487499999999999,0.1
2324,1.07875,0.1
2325,1.06875,0.1
2326,1.20375,0.1
2327,0.8937500000000002,0.1
2328,1.02125,0.1
2329,0.88625,0.1
2330,1.15125,0.1
2331,1.11625,0.1
2332,0.88,0.1
2333,0.935,0.1
2334,0.6912499999999999,0.1
2335,1.1300000000000001,0.1
2336,0.6574999999999999,0.1
2337,1.2000000000000002,0.1
2338,0.88,0.1
2339,0.99,0.1
2340,1.0625,0.1
2341,1.05,0.1
2342,0.7024999999999999,0.1
2343,0.9512500000000002,0.1
2344,0.6149999999999999,0.1
2345,1.31875,0.1
2346,1.01,0.1
2347,0.33999999999999986,0.1
2348,1.05125,0.1
2349,1.0562500000000001,0.1
2350,1.205,0.1
2351,1.21,0.1
2352,0.87375,0.1
2353,1.26375,0.1
2354,1.0275,0.1
2355,0.9912500000000001,0.1
2356,0.9637500000000001,0.1
2357,1.1075,0.1
2358,0.825,0.1
2359,0.9637500000000001,0.1
2360,1.13625,0.1
2361,1.24,0.1
2362,1.2825000000000002,0.1
2363,1.33,0.1
2364,0.79375,0.1
2365,1.1087500000000001,0.1
2366,1.15,0.1
2367,1.155,0.1
2368,0.9862500000000001,0.1
2369,0.9237500000000001,0.1
2370,1.0150000000000001,0.1
2371,0.6649999999999998,0.1
2372,1.13375,0.1
2373,1.2012500000000002,0.1
2374,0.7149999999999999,0.1
2375,1.11125,0.1
2376,0.79375,0.1
2377,0.9325000000000001,0.1
2378,1.0625,0.1
2379,1.2575,0.1
2380,0.96,0.1
2381,1.085,0.1
2382,0.9287500000000001,0.1
2383,0.86,0.1
2384,0.84,0.1
2385,1.1062500000000002,0.1
2386,1.1687500000000002,0.1
2387,0.6674999999999999,0.1
2388,1.15625,0.1
2389,1.27625,0.1
2390,0.9900000000000001,0.1
2391,1.205,0.1
2392,1.17375,0.1
2393,0.98875,0.1
2394,1.2650000000000001,0.1
2395,0.96625,0.1
2396,1.11625,0.1
2397,0.05875000000000008,0.1
2398,-0.3749999999999998,0.1
2399,0.8775000000000001,0.1
2400,0.75,0.1
2401,1.1500000000000001,0.1
2402,1.21,0.1
2403,0.9137500000000001,0.1
2404,0.9850000000000001,0.1
2405,1.09125,0.1
2406,1.205,0.1
2407,1.13125,0.1
2408,0.23624999999999985,0.1
2409,0.7962499999999999,0.1
2410,0.9950000000000001,0.1
2411,0.24999999999999978,0.1
2412,1.3525,0.1
2413,0.40124999999999966,0.1
2414,1.0625,0.1
2415,1.1525,0.1
2416,1.2337500000000001,0.1
2417,0.6675,0.1
2418,1.08,0.1
2419,1.165,0.1
2420,1.0425,0.1
2421,1.045,0.1
2422,1.03875,0.1
2423,0.9650000000000001,0.1
2424,0.85625,0.1
2425,0.8425,0.1
2426,0.2899999999999998,0.1
2427,0.8812500000000001,0.1
2428,1.445,0.1
2429,1.0437500000000002,0.1
2430,0.95875,0.1
2431,0.825,0.1
2432,0.91125,0.1
2433,0.9825000000000002,0.1
2434,0.9450000000000001,0.1
2435,0.09125000000000005,0.1
2436,1.11,0.1
2437,1.27625,0.1
2438,0.6337499999999999,0.1
2439,1.08875,0.1
2440,1.1125,0.1
2441,0.97875,0.1
2442,0.84125,0.1
2443,1.07375,0.1
2444,1.2775,0.1
2445,1.17625,0.1
2446,1.1375000000000002,0.1
2447,1.5225,0.1
2448,0.7987500000000001,0.1
2449,0.49124999999999963,0.1
2450,1.105,0.1
2451,1.0137500000000002,0.1
2452,0.9475,0.1
2453,1.1525,0.1
2454,0.98,0.1
2455,1.0425,0.1
2456,1.2862500000000001,0.1
2457,0.8900000000000001,0.1
2458,0.7637499999999999,0.1
2459,1.18125,0.1
2460,0.5999999999999998,0.1
2461,0.42500000000000004,0.1
2462,1.1187500000000001,0.1
2463,0.23249999999999993,0.1
2464,0.93,0.1
2465,1.03875,0.1
2466,0.49999999999999967,0.1
2467,1.16625,0.1
2468,0.6837499999999999,0.1
2469,0.7274999999999999,0.1
2470,0.9337500000000001,0.1
2471,0.9875,0.1
2472,0.6662499999999998,0.1
2473,0.7625,0.1
2474,1.295,0.1
2475,1.24125,0.1
2476,1.0675000000000001,0.1
2477,0.9400000000000001,0.1
2478,1.0875000000000001,0.1
2479,1.0437500000000002,0.1
2480,1.3675000000000002,0.1
2481,0.6787499999999999,0.1
2482,1.09375,0.1
2483,1.37625,0.1
2484,1.13375,0.1
2485,1.2937500000000002,0.1
2486,0.5862499999999998,0.1
2487,0.78,0.1
2488,1.37125,0.1
2489,1.42625,0.1
2490,1.245,0.1
2491,0.8125,0.1
2492,1.02625,0.1
2493,0.8975000000000001,0.1
2494,0.9700000000000001,0.1
2495,1.18375,0.1
2496,0.9425000000000001,0.1
2497,1.4825000000000002,0.1
2498,-0.9837500000000001,0.1
2499,1.11,0.1
2500,0.87875,0.1
2501,1.0425,0.1
2502,1.1625,0.1
2503,0.9875,0.1
2504,0.87875,0.1
2505,1.1687500000000002,0.1
2506,1.0987500000000001,0.1
2507,1.18625,0.1
2508,0.6812499999999998,0.1
2509,1.06125,0.1
2510,1.07875,0.1
2511,0.92,0.1
2512,1.0250000000000001,0.1
2513,1.2337500000000001,0.1
2514,1.17,0.1
2515,1.1125,0.1
2516,0.78125,0.1
2517,1.25875,0.1
2518,0.925,0.1
2519,1.0925,0.1
2520,1.0575,0.1
2521,1.19,0.1
2522,0.5999999999999998,0.1
2523,0.885,0.1
2524,1.2437500000000001,0.1
2525,0.5562499999999998,0.1
2526,0.795,0.1
2527,1.1075,0.1
2528,1.07,0.1
2529,0.4524999999999998,0.1
2530,1.30875,0.1
2531,1.2225000000000001,0.1
2532,0.91125,0.1
2533,0.79625,0.1
2534,1.28875,0.1
2535,1.41625,0.1
2536,1.4300000000000002,0.1
2537,0.6937499999999999,0.1
2538,1.09375,0.1
2539,0.4924999999999996,0.1
2540,0.855,0.1
2541,0.4824999999999998,0.1
2542,1.02,0.1
2543,-0.15249999999999964,0.1
2544,1.03875,0.1
2545,1.0637500000000002,0.1
2546,1.1375000000000002,0.1
2547,0.7775,0.1
2548,0.8725,0.1
2549,1.13625,0.1
2550,1.13375,0.1
2551,0.98875,0.1
2552,1.2550000000000001,0.1
2553,1.07375,0.1
2554,1.1,0.1
2555,1.10125,0.1
2556,1.2425000000000002,0.1
2557,0.825,0.1
2558,0.84,0.1
2559,0.9500000000000001,0.1
2560,1.2775,0.1
2561,0.9875,0.1
2562,1.1,0.1
2563,1.1375000000000002,0.1
2564,1.13875,0.1
2565,0.4399999999999997,0.1
2566,0.87875,0.1
2567,0.87875,0.1
2568,0.9775,0.1
2569,0.31125,0.1
2570,1.15375,0.1
2571,1.1325,0.1
2572,1.22125,0.1
2573,0.8262499999999999,0.1
2574,1.04125,0.1
2575,0.825,0.1
2576,0.6287499999999998,0.1
2577,1.19,0.1
2578,0.3062499999999999,0.1
2579,0.4624999999999998,0.1
2580,0.6174999999999999,0.1
2581,0.9425,0.1
2582,0.20499999999999985,0.1
2583,1.2725,0.1
2584,0.7762499999999999,0.1
2585,1.45875,0.1
2586,0.86,0.1
2587,0.44749999999999956,0.1
2588,0.98875,0.1
2589,0.6149999999999999,0.1
2590,0.99,0.1
2591,1.14125,0.1
2592,0.9450000000000001,0.1
2593,0.80375,0.1
2594,1.44875,0.1
2595,1.2337500000000001,0.1
2596,0.825,0.1
2597,1.155,0.1
2598,0.9975,0.1
2599,0.88,0.1
2600,0.75,0.1
2601,1.3487500000000001,0.1
2602,1.1600000000000001,0.1
2603,0.6299999999999999,0.1
2604,0.895,0.1
2605,0.9887500000000001,0.1
2606,1.0975000000000001,0.1
2607,0.82375,0.1
2608,0.7525,0.1
2609,-0.3049999999999995,0.1
2610,1.0975000000000001,0.1
2611,0.935,0.1
2612,1.1175000000000002,0.1
2613,0.9700000000000001,0.1
2614,0.7849999999999999,0.1
2615,0.9850000000000001,0.1
2616,0.94625,0.1
2617,1.0575,0.1
2618,1.0,0.1
2619,0.91625,0.1
2620,1.145,0.1
2621,0.6062499999999997,0.1
2622,1.13125,0.1
2623,1.0925,0.1
2624,1.0925,0.1
2625,0.7274999999999999,0.1
2626,0.90625,0.1
2627,0.9550000000000001,0.1
2628,1.23875,0.1
2629,0.6637499999999998,0.1
2630,0.7374999999999999,0.1
2631,1.2,0.1
2632,1.345,0.1
2633,1.21,0.1
2634,0.745,0.1
2635,0.6749999999999999,0.1
2636,0.9900000000000001,0.1
2637,1.3050000000000002,0.1
2638,0.79875,0.1
2639,1.28,0.1
2640,1.425,0.1
2641,1.4212500000000001,0.1
2642,0.5974999999999999,0.1
2643,1.165,0.1
2644,0.5724999999999998,0.1
2645,1.24625,0.1
2646,1.11625,0.1
2647,0.8550000000000001,0.1
2648,-0.3037499999999995,0.1
2649,1.5225000000000002,0.1
2650,1.22625,0.1
2651,0.715,0.1
2652,0.9275000000000001,0.1
2653,1.52625,0.1
2654,1.26,0.1
2655,1.15,0.1
2656,1.2712500000000002,0.1
2657,1.1125,0.1
2658,1.4400000000000002,0.1
2659,0.25624999999999987,0.1
2660,1.44375,0.1
2661,1.19,0.1
2662,0.9425,0.1
2663,1.1062500000000002,0.1
2664,1.02625,0.1
2665,0.7575,0.1
2666,1.02125,0.1
2667,1.335,0.1
2668,1.0425,0.1
2669,1.1487500000000002,0.1
2670,0.99,0.1
2671,-0.75125,0.1
2672,0.6362499999999998,0.1
2673,0.49499999999999966,0.1
2674,0.29874999999999985,0.1
2675,1.0637500000000002,0.1
2676,1.11125,0.1
2677,1.1,0.1
2678,1.0462500000000001,0.1
2679,1.25875,0.1
2680,0.84,0.1
2681,1.12625,0.1
2682,1.0450000000000002,0.1
2683,1.115,0.1
2684,0.83625,0.1
2685,1.245,0.1
2686,1.23625,0.1
2687,1.33375,0.1
2688,1.105,0.1
2689,1.1825,0.1
2690,1.07875,0.1
2691,1.1075,0.1
2692,0.6287499999999998,0.1
2693,1.10125,0.1
2694,1.2075,0.1
2695,1.0425000000000002,0.1
2696,1.2925,0.1
2697,0.8775000000000001,0.1
2698,1.15375,0.1
2699,1.15625,0.1
2700,0.9650000000000001,0.1
2701,1.01375,0.1
2702,1.5225,0.1
2703,0.7324999999999999,0.1
2704,1.2025000000000001,0.1
2705,1.1500000000000001,0.1
2706,1.0212500000000002,0.1
2707,1.11,0.1
2708,1.0875000000000001,0.1
2709,0.9325000000000001,0.1
2710,1.29,0.1
2711,1.0075,0.1
2712,-0.8912500000000001,0.1
2713,0.71625,0.1
2714,1.48125,0.1
2715,0.9575,0.1
2716,0.86125,0.1
2717,0.8250000000000001,0.1
2718,0.87125,0.1
2719,1.18625,0.1
2720,1.01125,0.1
2721,0.8212499999999999,0.1
2722,1.03875,0.1
2723,0.96875,0.1
2724,0.895,0.1
2725,1.11625,0.1
2726,1.215,0.1
2727,1.0,0.1
2728,1.2625000000000002,0.1
2729,0.8125,0.1
2730,1.205,0.1
2731,1.1925000000000001,0.1
2732,1.20625,0.1
2733,1.27875,0.1
2734,0.86,0.1
2735,0.85375,0.1
2736,1.23625,0.1
2737,1.235,0.1
2738,1.06875,0.1
2739,0.6950000000000001,0.1
2740,-3.3212500000000005,0.1
2741,0.7324999999999999,0.1
2742,0.85375,0.1
2743,-0.3262499999999995,0.1
2744,1.2975,0.1
2745,1.195,0.1
2746,1.19,0.1
2747,1.2,0.1
2748,1.135,0.1
2749,0.47499999999999964,0.1
2750,1.085,0.1
2751,1.2625000000000002,0.1
2752,1.0037500000000001,0.1
2753,1.205,0.1
2754,1.16625,0.1
2755,1.02625,0.1
2756,1.1825,0.1
2757,-0.09250000000000003,0.1
2758,1.37,0.1
2759,1.1175000000000002,0.1
2760,0.725,0.1
2761,1.11125,0.1
2762,1.1187500000000001,0.1
2763,1.1525,0.1
2764,0.3737499999999998,0.1
2765,0.85875,0.1
2766,1.07875,0.1
2767,0.7512499999999999,0.1
2768,0.9237500000000001,0.1
2769,0.89375,0.1
2770,0.9850000000000001,0.1
2771,1.25875,0.1
2772,1.06875,0.1
2773,0.85875,0.1
2774,1.245,0.1
2775,0.8062499999999999,0.1
2776,0.79625,0.1
2777,1.1050000000000002,0.1
2778,0.6237499999999998,0.1
2779,-2.7937500000000006,0.1
2780,1.44375,0.1
2781,0.5799999999999997,0.1
2782,0.8962500000000001,0.1
2783,0.99875,0.1
2784,1.2075,0.1
2785,1.33,0.1
2786,1.2650000000000001,0.1
2787,1.11125,0.1
2788,0.5862499999999997,0.1
2789,1.18625,0.1
2790,1.23875,0.1
2791,0.83,0.1
2792,1.0075,0.1
2793,1.0875000000000001,0.1
2794,0.92,0.1
2795,0.78875,0.1
2796,0.915,0.1
2797,1.0325000000000002,0.1
2798,0.925,0.1
2799,-0.39999999999999947,0.1
2800,0.8912500000000001,0.1
2801,1.2575,0.1
2802,1.3575000000000002,0.1
2803,0.8800000000000001,0.1
2804,0.8049999999999999,0.1
2805,0.8312499999999999,0.1
2806,1.20375,0.1
2807,1.0987500000000001,0.1
2808,1.32,0.1
2809,0.9287500000000001,0.1
2810,1.0987500000000001,0.1
2811,0.8975000000000001,0.1
2812,0.85375,0.1
2813,1.1500000000000001,0.1
2814,1.10125,0.1
2815,0.5687499999999998,0.1
2816,0.69625,0.1
2817,1.01625,0.1
2818,1.0637500000000002,0.1
2819,0.9850000000000001,0.1
2820,0.98875,0.1
2821,1.2075,0.1
2822,1.1500000000000001,0.1
2823,1.17375,0.1
2824,1.01875,0.1
2825,1.2437500000000001,0.1
2826,0.9337500000000001,0.1
2827,-3.11875,0.1
2828,1.0575,0.1
2829,-0.10375000000000001,0.1
2830,0.83,0.1
2831,0.9750000000000001,0.1
2832,1.3687500000000001,0.1
2833,0.9225000000000001,0.1
2834,0.5549999999999998,0.1
2835,1.27125,0.1
2836,1.2125000000000001,0.1
2837,1.0625,0.1
2838,1.27625,0.1
2839,-2.8000000000000007,0.1
2840,0.915,0.1
2841,0.9600000000000001,0.1
2842,1.19875,0.1
2843,1.03,0.1
2844,1.0325000000000002,0.1
2845,0.9837500000000001,0.1
2846,1.08125,0.1
2847,0.90375,0.1
2848,1.03875,0.1
2849,1.35375,0.1
2850,1.28125,0.1
2851,1.15,0.1
2852,0.8325,0.1
2853,1.2112500000000002,0.1
2854,1.0412500000000002,0.1
2855,1.0750000000000002,0.1
2856,1.12625,0.1
2857,0.93125,0.1
2858,0.8975000000000001,0.1
2859,0.47499999999999976,0.1
2860,1.205,0.1
2861,0.36624999999999974,0.1
2862,-0.1337499999999996,0.1
2863,1.09375,0.1
2864,1.165,0.1
2865,0.90625,0.1
2866,1.10125,0.1
2867,1.01,0.1
2868,1.0775000000000001,0.1
2869,1.1900000000000002,0.1
2870,1.49875,0.1
2871,1.07,0.1
2872,0.6912499999999999,0.1
2873,1.45375,0.1
2874,0.96625,0.1
2875,1.165,0.1
2876,1.0025,0.1
2877,1.22875,0.1
2878,1.34,0.1
2879,0.5837499999999998,0.1
2880,0.9837500000000001,0.1
2881,1.11625,0.1
2882,0.735,0.1
2883,1.35,0.1
2884,0.34999999999999987,0.1
2885,1.2537500000000001,0.1
2886,1.02,0.1
2887,1.05,0.1
2888,1.45375,0.1
2889,0.6337499999999998,0.1
2890,0.79,0.1
2891,1.24,0.1
2892,1.1175000000000002,0.1
2893,0.81375,0.1
2894,1.0050000000000001,0.1
2895,1.29,0.1
2896,0.89875,0.1
2897,1.13375,0.1
2898,1.1525,0.1
2899,0.88,0.1
2900,0.84,0.1
2901,0.9825000000000002,0.1
2902,1.02,0.1
2903,1.1075,0.1
2904,1.1287500000000001,0.1
2905,1.13375,0.1
2906,1.06125,0.1
2907,0.92875,0.1
2908,0.96125,0.1
2909,1.0437500000000002,0.1
2910,0.86875,0.1
2911,1.04,0.1
2912,0.90375,0.1
2913,1.3787500000000001,0.1
2914,1.15375,0.1
2915,0.7762499999999999,0.1
2916,1.0550000000000002,0.1
2917,1.08125,0.1
2918,0.80125,0.1
2919,1.2212500000000002,0.1
2920,1.0475,0.1
2921,1.29125,0.1
2922,1.31125,0.1
2923,0.925,0.1
2924,1.085,0.1
2925,1.01125,0.1
2926,0.7399999999999999,0.1
2927,0.875,0.1
2928,1.0137500000000002,0.1
2929,0.9800000000000001,0.1
2930,0.87875,0.1
2931,0.9137500000000001,0.1
2932,1.3250000000000002,0.1
2933,1.0987500000000001,0.1
2934,0.9287500000000001,0.1
2935,0.5312499999999998,0.1
2936,1.2075,0.1
2937,0.9225000000000001,0.1
2938,0.9337500000000001,0.1
2939,1.29125,0.1
2940,1.07625,0.1
2941,0.825,0.1
2942,0.9712500000000001,0.1
2943,1.4175,0.1
2944,1.3025,0.1
2945,1.31875,0.1
2946,1.2575,0.1
2947,1.555,0.1
2948,1.04125,0.1
2949,1.2025000000000001,0.1
2950,1.0950000000000002,0.1
2951,0.9950000000000001,0.1
2952,0.7512500000000001,0.1
2953,1.10125,0.1
2954,0.7637499999999999,0.1
2955,1.0050000000000001,0.1
2956,1.4575,0.1
2957,1.0437500000000002,0.1
2958,1.31125,0.1
2959,1.1975,0.1
2960,1.02,0.1
2961,1.03875,0.1
2962,1.3625,0.1
2963,0.7199999999999999,0.1
2964,1.06125,0.1
2965,1.0,0.1
2966,1.0525000000000002,0.1
2967,1.0212500000000002,0.1
2968,1.26625,0.1
2969,0.8175,0.1
2970,1.0250000000000001,0.1
2971,0.855,0.1
2972,0.81375,0.1
2973,0.93,0.1
2974,0.9512500000000002,0.1
2975,0.91625,0.1
2976,0.9900000000000001,0.1
2977,1.13375,0.1
2978,0.70125,0.1
2979,0.6549999999999998,0.1
2980,0.87375,0.1
2981,0.72625,0.1
2982,1.2537500000000001,0.1
2983,0.8075,0.1
2984,1.00625,0.1
2985,1.08875,0.1
2986,0.85625,0.1
2987,0.9650000000000001,0.1
2988,1.04,0.1
2989,1.01625,0.1
2990,1.2087500000000002,0.1
2991,0.9912500000000001,0.1
2992,1.1925000000000001,0.1
2993,0.895,0.1
2994,1.25625,0.1
2995,1.2750000000000001,0.1
2996,1.0575,0.1
2997,0.6674999999999998,0.1
2998,1.085,0.1
2999,1.1500000000000001,0.1
3000,0.91125,0.1
3001,0.8775000000000001,0.1
3002,0.6287499999999998,0.1
3003,0.8424999999999999,0.1
3004,1.14375,0.1
3005,1.18625,0.1
3006,0.97875,0.1
3007,1.0075,0.1
3008,1.3262500000000002,0.1
3009,1.0950000000000002,0.1
3010,1.05,0.1
3011,1.0875000000000001,0.1
3012,1.1887500000000002,0.1
3013,0.8675,0.1
3014,1.2937500000000002,0.1
3015,0.7774999999999999,0.1
3016,1.1525,0.1
3017,-2.835000000000001,0.1
3018,1.3687500000000001,0.1
3019,0.9712500000000001,0.1
3020,0.43874999999999975,0.1
3021,0.7324999999999999,0.1
3022,1.0012500000000002,0.1
3023,1.31125,0.1
3024,0.9875,0.1
3025,0.98,0.1
3026,1.31,0.1
3027,1.145,0.1
3028,1.2837500000000002,0.1
3029,0.7024999999999999,0.1
3030,1.27875,0.1
3031,1.1775,0.1
3032,1.19,0.1
3033,0.725,0.1
3034,1.5037500000000001,0.1
3035,0.4162499999999998,0.1
3036,0.9675,0.1
3037,1.335,0.1
3038,1.2775,0.1
3039,1.14125,0.1
3040,1.1187500000000001,0.1
3041,1.38625,0.1
3042,1.28875,0.1
3043,1.1125,0.1
3044,0.8062499999999999,0.1
3045,1.0450000000000002,0.1
3046,0.9912500000000001,0.1
3047,0.855,0.1
3048,0.86125,0.1
3049,0.9650000000000001,0.1
3050,1.44375,0.1
3051,0.9862500000000001,0.1
3052,0.9650000000000001,0.1
3053,0.6337499999999998,0.1
3054,0.96125,0.1
3055,1.01625,0.1
3056,1.2225000000000001,0.1
3057,1.3175000000000001,0.1
3058,1.185,0.1
3059,0.7437499999999999,0.1
3060,1.01875,0.1
3061,0.9425000000000001,0.1
3062,-0.08999999999999986,0.1
3063,0.9637500000000001,0.1
3064,0.8312499999999999,0.1
3065,0.6549999999999999,0.1
3066,0.94625,0.1
3067,1.0750000000000002,0.1
3068,1.07375,0.1
3069,1.13625,0.1
3070,1.3175000000000001,0.1
3071,1.13625,0.1
3072,0.80375,0.1
3073,0.9137500000000001,0.1
3074,1.0325000000000002,0.1
3075,0.24499999999999988,0.1
3076,0.7999999999999999,0.1
3077,1.155,0.1
3078,1.135,0.1
3079,0.6699999999999999,0.1
3080,1.09625,0.1
3081,1.2962500000000001,0.1
3082,1.4175,0.1
3083,1.15,0.1
3084,0.835,0.1
3085,1.29125,0.1
3086,1.27625,0.1
3087,1.2625000000000002,0.1
3088,0.48999999999999977,0.1
3089,0.9700000000000001,0.1
3090,0.25624999999999987,0.1
3091,1.1350000000000002,0.1
3092,0.9525000000000001,0.1
3093,1.1712500000000001,0.1
3094,1.48625,0.1
3095,1.2225000000000001,0.1
3096,0.3374999999999997,0.1
3097,1.07875,0.1
3098,0.49499999999999966,0.1
3099,1.44875,0.1
3100,1.0075,0.1
3101,1.40875,0.1
3102,1.0012500000000002,0.1
3103,1.08,0.1
3104,0.82375,0.1
3105,0.8875,0.1
3106,0.96625,0.1
3107,0.5987499999999999,0.1
3108,1.07625,0.1
3109,1.34,0.1
3110,1.46375,0.1
3111,0.97875,0.1
3112,0.9937500000000001,0.1
3113,1.23875,0.1
3114,1.2275,0.1
3115,0.9137500000000001,0.1
3116,0.9900000000000001,0.1
3117,1.08125,0.1
3118,0.6762499999999999,0.1
3119,1.1087500000000001,0.1
3120,0.6612499999999999,0.1
3121,0.7699999999999999,0.1
3122,0.8875000000000001,0.1
3123,1.1625,0.1
3124,1.4000000000000001,0.1
3125,0.8624999999999999,0.1
3126,1.3137500000000002,0.1
3127,1.3800000000000001,0.1
3128,0.86125,0.1
3129,0.85875,0.1
3130,1.40375,0.1
3131,1.2475,0.1
3132,1.03375,0.1
3133,0.8049999999999999,0.1
3134,0.73125,0.1
3135,1.1975,0.1
3136,1.0775000000000001,0.1
3137,0.95625,0.1
3138,1.28,0.1
3139,1.1125,0.1
3140,1.08125,0.1
3141,1.07625,0.1
3142,0.86,0.1
3143,-0.3599999999999992,0.1
3144,1.50875,0.1
3145,0.91625,0.1
3146,1.2400000000000002,0.1
3147,1.18375,0.1
3148,1.0825,0.1
3149,1.02,0.1
3150,0.7137499999999999,0.1
3151,0.9837500000000001,0.1
3152,0.8175,0.1
3153,1.15375,0.1
3154,1.1075000000000002,0.1
3155,1.385,0.1
3156,1.185,0.1
3157,1.2775,0.1
3158,0.7724999999999999,0.1
3159,1.1675,0.1
3160,1.0037500000000001,0.1
3161,1.2337500000000001,0.1
3162,0.85875,0.1
3163,1.01,0.1
3164,0.9187500000000001,0.1
3165,1.26625,0.1
3166,0.8099999999999999,0.1
3167,0.8125,0.1
3168,1.2000000000000002,0.1
3169,0.9112500000000001,0.1
3170,1.00625,0.1
3171,1.3050000000000002,0.1
3172,1.4675,0.1
3173,1.07875,0.1
3174,1.145,0.1
3175,1.4075,0.1
3176,1.0125000000000002,0.1
3177,1.13125,0.1
3178,0.9975,0.1
3179,1.2175,0.1
3180,0.935,0.1
3181,1.3075,0.1
3182,1.1525,0.1
3183,1.2112500000000002,0.1
3184,0.9400000000000001,0.1
3185,1.0625,0.1
3186,1.11,0.1
3187,1.2775,0.1
3188,0.75125,0.1
3189,0.6287499999999999,0.1
3190,1.2200000000000002,0.1
3191,1.1225,0.1
3192,1.34375,0.1
3193,1.2025000000000001,0.1
3194,0.9850000000000001,0.1
3195,1.04,0.1
3196,1.2337500000000001,0.1
3197,1.3162500000000001,0.1
3198,1.5225,0.1
3199,0.8350000000000001,0.1
3200,1.245,0.1
3201,1.2750000000000001,0.1
3202,1.03875,0.1
3203,1.03,0.1
3204,1.12,0.1
3205,1.555,0.1
3206,1.07625,0.1
3207,0.9475000000000001,0.1
3208,1.3487500000000001,0.1
3209,0.9400000000000001,0.1
3210,1.08125,0.1
3211,1.26625,0.1
3212,1.2337500000000001,0.1
3213,0.9762500000000001,0.1
3214,1.3075,0.1
3215,1.0075,0.1
3216,1.36125,0.1
3217,1.08,0.1
3218,0.9837500000000001,0.1
3219,1.2300000000000002,0.1
3220,1.24125,0.1
3221,1.1725,0.1
3222,1.0925,0.1
3223,0.8075,0.1
3224,1.31875,0.1
3225,1.0075,0.1
3226,0.16124999999999967,0.1
3227,1.09375,0.1
3228,1.03375,0.1
3229,1.40375,0.1
3230,1.31,0.1
3231,0.75,0.1
3232,0.8975000000000001,0.1
3233,1.1125,0.1
3234,0.7187499999999999,0.1
3235,0.7525,0.1
3236,1.28,0.1
3237,1.2237500000000001,0.1
3238,0.8175,0.1
3239,1.08125,0.1
3240,1.0987500000000001,0.1
3241,0.46999999999999964,0.1
3242,0.9475,0.1
3243,0.48499999999999976,0.1
3244,1.1900000000000002,0.1
3245,0.6349999999999998,0.1
3246,1.5274999999999999,0.1
3247,0.6362499999999999,0.1
3248,1.0150000000000001,0.1
3249,1.1675,0.1
3250,1.18625,0.1
3251,-0.45374999999999943,0.1
3252,1.07875,0.1
3253,1.1887500000000002,0.1
3254,0.9587500000000001,0.1
3255,1.32125,0.1
3256,0.8725,0.1
3257,1.0875000000000001,0.1
3258,1.185,0.1
3259,1.435,0.1
3260,1.295,0.1
3261,1.0125000000000002,0.1
3262,1.14375,0.1
3263,1.2750000000000001,0.1
3264,0.8049999999999999,0.1
3265,1.405,0.1
3266,0.9,0.1
3267,1.0150000000000001,0.1
3268,0.9637500000000001,0.1
3269,1.24125,0.1
3270,1.1075,0.1
3271,0.7399999999999999,0.1
3272,0.78125,0.1
3273,1.2675,0.1
3274,1.215,0.1
3275,1.3075,0.1
3276,1.20375,0.1
3277,1.03375,0.1
3278,0.9875,0.1
3279,1.0250000000000001,0.1
3280,1.13625,0.1
3281,1.0975000000000001,0.1
3282,1.02,0.1
3283,1.07,0.1
3284,0.38624999999999976,0.1
3285,1.21875,0.1
3286,0.9650000000000001,0.1
3287,1.1175000000000002,0.1
3288,0.82375,0.1
3289,0.85375,0.1
3290,1.1625,0.1
3291,1.1125,0.1
3292,1.0137500000000002,0.1
3293,1.0625,0.1
3294,1.01625,0.1
3295,1.13125,0.1
3296,0.6749999999999999,0.1
3297,1.4300000000000002,0.1
3298,1.02,0.1
3299,0.9275000000000001,0.1
3300,0.99,0.1
3301,1.195,0.1
3302,1.26375,0.1
3303,0.88375,0.1
3304,1.21375,0.1
3305,0.91,0.1
3306,0.7299999999999999,0.1
3307,0.99,0.1
3308,1.1375000000000002,0.1
3309,1.0025000000000002,0.1
3310,0.865,0.1
3311,1.0550000000000002,0.1
3312,1.02,0.1
3313,1.2212500000000002,0.1
3314,0.93,0.1
3315,1.115,0.1
3316,1.4212500000000001,0.1
3317,0.7049999999999998,0.1
3318,1.185,0.1
3319,1.3800000000000001,0.1
3320,1.44,0.1
3321,1.31375,0.1
3322,0.7499999999999999,0.1
3323,1.09125,0.1
3324,1.0975000000000001,0.1
3325,1.2075,0.1
3326,0.8425,0.1
3327,1.10125,0.1
3328,1.50875,0.1
3329,1.0575,0.1
3330,1.35375,0.1
3331,0.2562500000000001,0.1
3332,0.6574999999999999,0.1
3333,1.0575,0.1
3334,1.0050000000000001,0.1
3335,0.8912500000000001,0.1
3336,0.80625,0.1
3337,1.5274999999999999,0.1
3338,1.1487500000000002,0.1
3339,0.7849999999999999,0.1
3340,0.9275000000000001,0.1
3341,1.2725,0.1
3342,0.6412499999999999,0.1
3343,0.4899999999999999,0.1
3344,1.1187500000000001,0.1
3345,0.7825,0.1
3346,0.9712500000000001,0.1
3347,0.6412499999999999,0.1
3348,0.8587500000000001,0.1
3349,0.96625,0.1
3350,1.4200000000000002,0.1
3351,1.1887500000000002,0.1
3352,1.2112500000000002,0.1
3353,0.6412499999999998,0.1
3354,1.3362500000000002,0.1
3355,1.1287500000000001,0.1
3356,1.07375,0.1
3357,1.2112500000000002,0.1
3358,1.49625,0.1
3359,1.1287500000000001,0.1
3360,1.0750000000000002,0.1
3361,1.2275,0.1
3362,1.26125,0.1
3363,0.9150000000000001,0.1
3364,1.1375000000000002,0.1
3365,1.06,0.1
3366,1.2750000000000001,0.1
3367,1.1425,0.1
3368,1.3625,0.1
3369,0.935,0.1
3370,1.0950000000000002,0.1
3371,0.74625,0.1
3372,0.8125,0.1
3373,1.0025,0.1
3374,0.9875,0.1
3375,0.73125,0.1
3376,0.6574999999999999,0.1
3377,0.78,0.1
3378,1.02625,0.1
3379,1.14375,0.1
3380,0.6162499999999999,0.1
3381,0.8775000000000001,0.1
3382,0.6362499999999999,0.1
3383,0.9425,0.1
3384,1.1812500000000001,0.1
3385,0.85875,0.1
3386,0.765,0.1
3387,0.6087499999999998,0.1
3388,0.925,0.1
3389,1.18625,0.1
3390,0.87,0.1
3391,1.28125,0.1
3392,1.13375,0.1
3393,1.19,0.1
3394,1.11125,0.1
3395,1.03875,0.1
3396,1.11625,0.1
3397,1.455,0.1
3398,0.93,0.1
3399,0.9675,0.1
3400,0.6949999999999998,0.1
3401,1.1612500000000001,0.1
3402,1.1,0.1
3403,1.08125,0.1
3404,1.31125,0.1
3405,0.9537500000000001,0.1
3406,1.1,0.1
3407,0.7899999999999999,0.1
3408,0.4462499999999997,0.1
3409,0.83,0.1
3410,1.3687500000000001,0.1
3411,0.8750000000000001,0.1
3412,0.8700000000000001,0.1
3413,1.2225000000000001,0.1
3414,1.2225000000000001,0.1
3415,0.9937500000000001,0.1
3416,1.02125,0.1
3417,1.03,0.1
3418,0.815,0.1
3419,0.7199999999999999,0.1
3420,1.17,0.1
3421,1.03875,0.1
3422,1.48625,0.1
3423,1.3275000000000001,0.1
3424,1.5225000000000002,0.1
3425,1.03125,0.1
3426,1.2625000000000002,0.1
3427,0.6849999999999998,0.1
3428,1.2275,0.1
3429,1.13375,0.1
3430,0.7274999999999999,0.1
3431,0.4149999999999998,0.1
3432,1.1075,0.1
3433,1.2750000000000001,0.1
3434,1.185,0.1
3435,1.1887500000000002,0.1
3436,0.7149999999999999,0.1
3437,1.19,0.1
3438,1.07,0.1
3439,0.7825000000000001,0.1
3440,1.0437500000000002,0.1
3441,1.0575,0.1
3442,1.0987500000000001,0.1
3443,1.155,0.1
3444,1.0012500000000002,0.1
3445,0.6074999999999997,0.1
3446,1.24,0.1
3447,1.02,0.1
3448,0.6774999999999999,0.1
3449,1.1925000000000001,0.1
3450,0.86,0.1
3451,1.33375,0.1
3452,0.98,0.1
3453,0.88,0.1
3454,1.23875,0.1
3455,0.99,0.1
3456,0.8912500000000001,0.1
3457,0.7062499999999998,0.1
3458,1.0025,0.1
3459,1.12,0.1
3460,1.095,0.1
3461,0.7149999999999999,0.1
3462,1.3475000000000001,0.1
3463,1.01625,0.1
3464,1.1375000000000002,0.1
3465,0.7875000000000001,0.1
3466,1.3987500000000002,0.1
3467,1.1912500000000001,0.1
3468,1.0637500000000002,0.1
3469,0.9475000000000001,0.1
3470,0.865,0.1
3471,0.9650000000000001,0.1
3472,1.03875,0.1
3473,0.935,0.1
3474,1.1875,0.1
3475,0.6387499999999998,0.1
3476,0.9975,0.1
3477,1.53125,0.1
3478,1.39375,0.1
3479,0.7875,0.1
3480,0.8612500000000001,0.1
3481,1.07625,0.1
3482,0.36499999999999977,0.1
3483,1.17,0.1
3484,1.32,0.1
3485,1.2625000000000002,0.1
3486,1.0575,0.1
3487,0.80375,0.1
3488,1.3250000000000002,0.1
3489,0.9850000000000001,0.1
3490,0.78625,0.1
3491,1.4725000000000001,0.1
3492,0.9850000000000001,0.1
3493,1.095,0.1
3494,1.18375,0.1
3495,1.2225000000000001,0.1
3496,1.215,0.1
3497,1.33375,0.1
3498,1.05875,0.1
3499,0.9950000000000001,0.1
3500,1.12625,0.1
3501,0.91125,0.1
3502,0.8875,0.1
3503,1.0975000000000001,0.1
3504,0.5674999999999999,0.1
3505,1.1300000000000001,0.1
3506,1.29875,0.1
3507,1.0275,0.1
3508,0.9800000000000001,0.1
3509,1.0575,0.1
3510,1.295,0.1
3511,1.07,0.1
3512,-2.7312500000000006,0.1
3513,0.775,0.1
3514,1.37125,0.1
3515,1.18625,0.1
3516,0.6174999999999998,0.1
3517,1.2850000000000001,0.1
3518,1.17,0.1
3519,1.0550000000000002,0.1
3520,1.12,0.1
3521,1.04875,0.1
3522,1.03875,0.1
3523,1.27625,0.1
3524,-0.14124999999999965,0.1
3525,1.1712500000000001,0.1
3526,1.02125,0.1
3527,1.06,0.1
3528,1.1725,0.1
3529,1.215,0.1
3530,1.0050000000000001,0.1
3531,1.295,0.1
3532,1.11625,0.1
3533,1.01,0.1
3534,0.9087500000000001,0.1
3535,0.9450000000000001,0.1
3536,1.2125000000000001,0.1
3537,1.17,0.1
3538,0.97875,0.1
3539,1.4575,0.1
3540,1.1325,0.1
3541,0.96625,0.1
3542,0.9762500000000001,0.1
3543,0.87625,0.1
3544,0.92,0.1
3545,0.4037499999999996,0.1
3546,1.27,0.1
3547,0.7849999999999999,0.1
3548,1.0550000000000002,0.1
3549,1.07625,0.1
3550,0.715,0.1
3551,1.2825000000000002,0.1
3552,1.085,0.1
3553,1.0625,0.1
3554,1.30375,0.1
3555,0.9700000000000001,0.1
3556,-0.009999999999999787,0.1
3557,1.27875,0.1
3558,1.0425,0.1
3559,1.28,0.1
3560,0.9437500000000001,0.1
3561,1.18125,0.1
3562,1.135,0.1
3563,1.4525000000000001,0.1
3564,1.17,0.1
3565,1.2937500000000002,0.1
3566,0.82,0.1
3567,1.1400000000000001,0.1
3568,1.0050000000000001,0.1
3569,0.9587500000000001,0.1
3570,1.105,0.1
3571,1.2650000000000001,0.1
3572,1.225,0.1
3573,1.36375,0.1
3574,0.6174999999999998,0.1
3575,1.11125,0.1
3576,1.0075,0.1
3577,0.9825000000000002,0.1
3578,0.9237500000000001,0.1
3579,0.97875,0.1
3580,1.1375000000000002,0.1
3581,0.85,0.1
3582,1.4187500000000002,0.1
3583,1.2950000000000002,0.1
3584,0.8562500000000001,0.1
3585,0.76375,0.1
3586,1.2725,0.1
3587,0.8425,0.1
3588,1.0987500000000001,0.1
3589,1.0025,0.1
3590,1.165,0.1
3591,1.4075,0.1
3592,1.26875,0.1
3593,1.05875,0.1
3594,1.245,0.1
3595,1.245,0.1
3596,1.2175,0.1
3597,0.4874999999999997,0.1
3598,1.02875,0.1
3599,1.1300000000000001,0.1
3600,1.20375,0.1
3601,0.83125,0.1
3602,1.38125,0.1
3603,1.4300000000000002,0.1
3604,1.4525000000000001,0.1
3605,0.8350000000000001,0.1
3606,1.115,0.1
3607,1.3725,0.1
3608,1.15625,0.1
3609,1.00875,0.1
3610,1.02125,0.1
3611,0.78875,0.1
3612,1.00625,0.1
3613,1.09,0.1
3614,0.88,0.1
3615,-2.7862500000000003,0.1
3616,0.6049999999999998,0.1
3617,0.5862499999999997,0.1
3618,1.1900000000000002,0.1
3619,0.9237500000000001,0.1
3620,1.215,0.1
3621,0.8250000000000001,0.1
3622,0.77625,0.1
3623,0.80625,0.1
3624,0.7875,0.1
3625,0.98,0.1
3626,0.4262499999999998,0.1
3627,1.00625,0.1
3628,1.1262500000000002,0.1
3629,1.2225000000000001,0.1
3630,1.1287500000000001,0.1
3631,1.19,0.1
3632,1.4375,0.1
3633,0.9712500000000002,0.1
3634,0.4199999999999997,0.1
3635,1.27125,0.1
3636,1.02125,0.1
3637,0.72125,0.1
3638,1.03375,0.1
3639,1.1600000000000001,0.1
3640,1.135,0.1
3641,1.1900000000000002,0.1
3642,0.6549999999999998,0.1
3643,1.5125000000000002,0.1
3644,0.6587499999999998,0.1
3645,1.115,0.1
3646,1.28125,0.1
3647,1.4412500000000001,0.1
3648,1.34625,0.1
3649,0.87875,0.1
3650,1.1062500000000002,0.1
3651,1.0462500000000001,0.1
3652,1.20375,0.1
3653,0.9912500000000001,0.1
3654,1.32875,0.1
3655,1.33875,0.1
3656,0.21750000000000003,0.1
3657,1.24,0.1
3658,0.81375,0.1
3659,1.0987500000000001,0.1
3660,1.43625,0.1
3661,1.0037500000000001,0.1
3662,1.11125,0.1
3663,1.20375,0.1
3664,0.8625,0.1
3665,0.84,0.1
3666,1.2075,0.1
3667,1.19,0.1
3668,1.0562500000000001,0.1
3669,1.1700000000000002,0.1
3670,1.085,0.1
3671,1.1675,0.1
3672,0.5674999999999999,0.1
3673,1.05125,0.1
3674,0.88,0.1
3675,1.1900000000000002,0.1
3676,0.96,0.1
3677,0.94125,0.1
3678,0.81125,0.1
3679,0.88,0.1
3680,1.46375,0.1
3681,0.86125,0.1
3682,0.915,0.1
3683,1.0562500000000001,0.1
3684,1.145,0.1
3685,1.0050000000000001,0.1
3686,0.915,0.1
3687,1.435,0.1
3688,1.3825,0.1
3689,0.7699999999999999,0.1
3690,1.19875,0.1
3691,1.15625,0.1
3692,1.22125,0.1
3693,1.21875,0.1
3694,1.29,0.1
3695,1.4187500000000002,0.1
3696,1.09,0.1
3697,1.2075,0.1
3698,0.4887499999999998,0.1
3699,1.1425,0.1
3700,1.1087500000000001,0.1
3701,0.9600000000000001,0.1
3702,1.555,0.1
3703,1.32875,0.1
3704,0.99875,0.1
3705,1.01875,0.1
3706,1.27,0.1
3707,0.875,0.1
3708,1.1625,0.1
3709,1.2725,0.1
3710,1.2625000000000002,0.1
3711,1.23,0.1
3712,0.9975,0.1
3713,1.20875,0.1
3714,0.9500000000000001,0.1
3715,0.84375,0.1
3716,1.22625,0.1
3717,1.02125,0.1
3718,1.245,0.1
3719,1.2225000000000001,0.1
3720,0.5625,0.1
3721,0.8562500000000001,0.1
3722,1.3,0.1
3723,1.2,0.1
3724,1.32,0.1
3725,1.2275,0.1
3726,0.5625,0.1
3727,0.9850000000000001,0.1
3728,0.73125,0.1
3729,0.9512500000000002,0.1
3730,1.0237500000000002,0.1
3731,1.50875,0.1
3732,1.08125,0.1
3733,1.23,0.1
3734,0.9175,0.1
3735,0.915,0.1
3736,0.6962499999999999,0.1
3737,1.13625,0.1
3738,0.9712500000000001,0.1
3739,1.2425000000000002,0.1
3740,0.8075,0.1
3741,1.05125,0.1
3742,1.06875,0.1
3743,0.9500000000000001,0.1
3744,1.0550000000000002,0.1
3745,1.07625,0.1
3746,1.20375,0.1
3747,1.03875,0.1
3748,1.3250000000000002,0.1
3749,1.0375,0.1
3750,1.405,0.1
3751,0.9900000000000001,0.1
3752,0.87875,0.1
3753,0.6237499999999998,0.1
3754,0.6199999999999998,0.1
3755,1.38625,0.1
3756,1.3225,0.1
3757,0.9912500000000001,0.1
3758,1.04,0.1
3759,1.2650000000000001,0.1
3760,1.17,0.1
3761,0.9875,0.1
3762,0.46999999999999964,0.1
3763,-0.7762499999999999,0.1
3764,1.0575,0.1
3765,1.00625,0.1
3766,0.99,0.1
3767,1.0637500000000002,0.1
3768,1.0425,0.1
3769,1.17375,0.1
3770,1.4625000000000001,0.1
3771,1.22875,0.1
3772,1.25875,0.1
3773,1.3575000000000002,0.1
3774,1.31875,0.1
3775,1.1600000000000001,0.1
3776,0.7500000000000001,0.1
3777,1.13125,0.1
3778,1.06125,0.1
3779,0.75,0.1
3780,0.715,0.1
3781,0.24499999999999988,0.1
3782,0.825,0.1
3783,0.93,0.1
3784,1.0987500000000001,0.1
3785,1.18625,0.1
3786,1.0950000000000002,0.1
3787,1.0325000000000002,0.1
3788,1.1525,0.1
3789,1.105,0.1
3790,1.25625,0.1
3791,1.13625,0.1
3792,0.9975,0.1
3793,1.29,0.1
3794,1.08,0.1
3795,1.0250000000000001,0.1
3796,0.7149999999999999,0.1
3797,0.99,0.1
3798,1.105,0.1
3799,1.355,0.1
3800,0.8912500000000001,0.1
3801,1.11,0.1
3802,1.1125,0.1
3803,0.9275000000000001,0.1
3804,1.45375,0.1
3805,1.03375,0.1
3806,1.21625,0.1
3807,0.9337500000000001,0.1
3808,1.1350000000000002,0.1
3809,1.1075,0.1
3810,0.9125000000000001,0.1
3811,1.0025,0.1
3812,1.25,0.1
3813,0.80625,0.1
3814,1.48125,0.1
3815,1.1712500000000001,0.1
3816,1.0025000000000002,0.1
3817,1.215,0.1
3818,1.21,0.1
3819,1.13375,0.1
3820,0.9525000000000001,0.1
3821,0.79375,0.1
3822,1.11875,0.1
3823,1.3125,0.1
3824,1.1500000000000001,0.1
3825,0.9725000000000001,0.1
3826,0.9475,0.1
3827,0.9225,0.1
3828,0.90375,0.1
3829,1.08,0.1
3830,0.7949999999999999,0.1
3831,1.1500000000000001,0.1
3832,1.0275,0.1
3833,1.08125,0.1
3834,1.1375000000000002,0.1
3835,1.1500000000000001,0.1
3836,1.07875,0.1
3837,1.185,0.1
3838,0.9837500000000001,0.1
3839,0.8912500000000001,0.1
3840,0.9837500000000001,0.1
3841,0.9087500000000001,0.1
3842,1.0950000000000002,0.1
3843,1.0575,0.1
3844,1.1,0.1
3845,0.9825000000000002,0.1
3846,0.5299999999999997,0.1
3847,1.25,0.1
3848,1.315,0.1
3849,1.1675,0.1
3850,0.9700000000000001,0.1
3851,0.9650000000000001,0.1
3852,1.0750000000000002,0.1
3853,1.12625,0.1
3854,1.05125,0.1
3855,0.97875,0.1
3856,0.9500000000000001,0.1
3857,0.24499999999999988,0.1
3858,0.765,0.1
3859,1.0325000000000002,0.1
3860,0.9712500000000001,0.1
3861,0.6499999999999998,0.1
3862,1.0575,0.1
3863,0.7849999999999999,0.1
3864,1.0987500000000001,0.1
3865,1.13375,0.1
3866,1.2850000000000001,0.1
3867,1.2075,0.1
3868,1.095,0.1
3869,0.7274999999999999,0.1
3870,0.9137500000000001,0.1
3871,1.1487500000000002,0.1
3872,0.6299999999999998,0.1
3873,1.155,0.1
3874,1.25875,0.1
3875,0.81875,0.1
3876,1.13625,0.1
3877,0.9687500000000001,0.1
3878,1.2,0.1
3879,1.17375,0.1
3880,1.1300000000000001,0.1
3881,1.28375,0.1
3882,1.0425,0.1
3883,1.25875,0.1
3884,1.0637500000000002,0.1
3885,1.21625,0.1
3886,0.96625,0.1
3887,1.0650000000000002,0.1
3888,0.8375,0.1
3889,0.84375,0.1
3890,0.9775,0.1
3891,0.9512500000000002,0.1
3892,0.9850000000000001,0.1
3893,1.0025,0.1
3894,1.0025,0.1
3895,1.2400000000000002,0.1
3896,0.9650000000000001,0.1
3897,1.2025000000000001,0.1
3898,1.02625,0.1
3899,1.485,0.1
3900,1.3800000000000001,0.1
3901,0.98875,0.1
3902,1.33,0.1
3903,0.85375,0.1
3904,1.0250000000000001,0.1
3905,1.0550000000000002,0.1
3906,1.00625,0.1
3907,1.2962500000000001,0.1
3908,1.13625,0.1
3909,1.4175,0.1
3910,1.18125,0.1
3911,0.96875,0.1
3912,1.3525,0.1
3913,1.2000000000000002,0.1
3914,1.2025000000000001,0.1
3915,1.2512500000000002,0.1
3916,1.0825,0.1
3917,0.8962500000000001,0.1
3918,0.7274999999999999,0.1
3919,1.03,0.1
3920,1.0250000000000001,0.1
3921,0.9075000000000001,0.1
3922,1.0050000000000001,0.1
3923,1.13125,0.1
3924,0.9425,0.1
3925,1.31375,0.1
3926,0.81875,0.1
3927,1.1487500000000002,0.1
3928,0.7699999999999999,0.1
3929,0.73375,0.1
3930,1.18625,0.1
3931,1.3362500000000002,0.1
3932,1.0925,0.1
3933,1.0575,0.1
3934,0.6662499999999998,0.1
3935,0.9500000000000001,0.1
3936,0.7475000000000002,0.1
3937,1.0550000000000002,0.1
3938,1.42625,0.1
3939,0.8075,0.1
3940,1.0212500000000002,0.1
3941,1.0575,0.1
3942,1.2225000000000001,0.1
3943,1.33875,0.1
3944,0.88625,0.1
3945,1.1712500000000001,0.1
3946,1.3987500000000002,0.1
3947,1.125,0.1
3948,0.93,0.1
3949,1.205,0.1
3950,1.2537500000000001,0.1
3951,0.6124999999999998,0.1
3952,1.34125,0.1
3953,0.8212499999999999,0.1
3954,1.3125,0.1
3955,1.07375,0.1
3956,0.96625,0.1
3957,1.0825,0.1
3958,0.9750000000000001,0.1
3959,0.9962500000000001,0.1
3960,0.7324999999999999,0.1
3961,1.135,0.1
3962,1.07875,0.1
3963,0.9450000000000001,0.1
3964,0.7149999999999999,0.1
3965,1.49875,0.1
3966,0.8550000000000001,0.1
3967,0.9937500000000001,0.1
3968,0.7049999999999998,0.1
3969,1.24,0.1
3970,1.4075,0.1
3971,0.98875,0.1
3972,1.135,0.1
3973,1.4937500000000001,0.1
3974,0.9600000000000001,0.1
3975,1.1300000000000001,0.1
3976,0.8750000000000001,0.1
3977,1.00625,0.1
3978,0.8875000000000001,0.1
3979,1.06,0.1
3980,0.82875,0.1
3981,1.185,0.1
3982,1.19,0.1
3983,1.2237500000000001,0.1
3984,1.1287500000000001,0.1
3985,1.12375,0.1
3986,1.02625,0.1
3987,1.31125,0.1
3988,1.1125,0.1
3989,0.91125,0.1
3990,0.8562500000000001,0.1
3991,0.97875,0.1
3992,1.36375,0.1
3993,1.0750000000000002,0.1
3994,1.2437500000000001,0.1
3995,1.435,0.1
3996,1.11125,0.1
3997,1.1625,0.1
3998,1.1887500000000002,0.1
3999,0.9712500000000001,0.1
4000,1.12625,0.1
4001,0.8575,0.1
4002,0.9337500000000001,0.1
4003,0.98875,0.1
4004,1.20375,0.1
4005,1.2975,0.1
4006,0.7099999999999999,0.1
4007,0.9937500000000001,0.1
4008,0.6962499999999999,0.1
4009,0.9337500000000001,0.1
4010,1.19875,0.1
4011,1.1975,0.1
4012,1.11,0.1
4013,1.0987500000000001,0.1
4014,0.8875000000000001,0.1
4015,1.09375,0.1
4016,0.9650000000000001,0.1
4017,1.09375,0.1
4018,1.11125,0.1
4019,0.8925000000000001,0.1
4020,1.165,0.1
4021,0.6774999999999999,0.1
4022,1.2525,0.1
4023,1.1325,0.1
4024,1.1375000000000002,0.1
4025,1.5450000000000002,0.1
4026,1.13625,0.1
4027,0.88,0.1
4028,0.875,0.1
4029,1.1300000000000001,0.1
4030,1.0225,0.1
4031,0.9425000000000001,0.1
4032,0.8925000000000001,0.1
4033,0.84875,0.1
4034,1.26375,0.1
4035,1.02,0.1
4036,1.07625,0.1
4037,0.7949999999999999,0.1
4038,0.91,0.1
4039,0.9537500000000001,0.1
4040,1.2075,0.1
4041,1.3475000000000001,0.1
4042,1.26375,0.1
4043,1.155,0.1
4044,1.07375,0.1
4045,0.8550000000000001,0.1
4046,0.7849999999999999,0.1
4047,0.7149999999999999,0.1
4048,1.3900000000000001,0.1
4049,1.1300000000000001,0.1
4050,0.9850000000000001,0.1
4051,1.32125,0.1
4052,1.2650000000000001,0.1
4053,1.2550000000000001,0.1
4054,1.1725,0.1
4055,1.02125,0.1
4056,1.225,0.1
4057,1.08,0.1
4058,1.4075,0.1
4059,1.0275,0.1
4060,0.6124999999999998,0.1
4061,1.2225000000000001,0.1
4062,0.8975000000000001,0.1
4063,0.6937499999999999,0.1
4064,-0.08999999999999986,0.1
4065,1.2962500000000001,0.1
4066,1.1712500000000001,0.1
4067,0.7124999999999999,0.1
4068,1.08,0.1
4069,0.93,0.1
4070,1.1600000000000001,0.1
4071,1.33,0.1
4072,1.42625,0.1
4073,0.95625,0.1
4074,1.08,0.1
4075,1.18125,0.1
4076,1.1500000000000001,0.1
4077,1.14375,0.1
4078,0.96125,0.1
4079,0.9775,0.1
4080,1.04,0.1
4081,1.3262500000000002,0.1
4082,1.26625,0.1
4083,1.2962500000000001,0.1
4084,0.73125,0.1
4085,1.23,0.1
4086,1.0675000000000001,0.1
4087,1.025,0.1
4088,1.295,0.1
4089,1.0550000000000002,0.1
4090,0.5874999999999998,0.1
4091,1.3250000000000002,0.1
4092,1.48125,0.1
4093,0.88,0.1
4094,0.9875,0.1
4095,1.1675,0.1
4096,1.21875,0.1
4097,0.7649999999999999,0.1
4098,1.185,0.1
4099,0.7649999999999999,0.1
4100,0.9637500000000001,0.1
4101,1.2125000000000001,0.1
4102,1.18375,0.1
4103,1.2,0.1
4104,1.06125,0.1
4105,1.1,0.1
4106,0.46999999999999975,0.1
4107,1.0625,0.1
4108,1.44375,0.1
4109,0.935,0.1
4110,0.9600000000000001,0.1
4111,1.04125,0.1
4112,1.1712500000000001,0.1
4113,0.9675,0.1
4114,1.1500000000000001,0.1
4115,1.2950000000000002,0.1
4116,1.3575000000000002,0.1
4117,0.9475,0.1
4118,0.6049999999999998,0.1
4119,1.33875,0.1
4120,1.1262500000000002,0.1
4121,1.05,0.1
4122,1.3362500000000002,0.1
4123,0.825,0.1
4124,0.9950000000000001,0.1
4125,0.805,0.1
4126,0.72125,0.1
4127,0.8775,0.1
4128,1.35375,0.1
4129,0.74,0.1
4130,1.205,0.1
4131,1.23625,0.1
4132,1.07,0.1
4133,1.1425,0.1
4134,1.4800000000000002,0.1
4135,0.2999999999999998,0.1
4136,0.48499999999999976,0.1
4137,0.79125,0.1
4138,0.705,0.1
4139,1.1125,0.1
4140,1.1675,0.1
4141,1.205,0.1
4142,1.1812500000000001,0.1
4143,1.375,0.1
4144,0.8625,0.1
4145,0.9825000000000002,0.1
4146,1.3487500000000001,0.1
4147,1.4937500000000001,0.1
4148,1.11625,0.1
4149,1.0437500000000002,0.1
4150,1.045,0.1
4151,1.0525,0.1
4152,1.2650000000000001,0.1
4153,1.32,0.1
4154,0.6725,0.1
4155,-2.7350000000000003,0.1
4156,1.1125,0.1
4157,1.135,0.1
4158,1.0987500000000001,0.1
4159,0.935,0.1
4160,0.7099999999999999,0.1
4161,1.17875,0.1
4162,1.295,0.1
4163,1.17375,0.1
4164,1.30875,0.1
4165,1.0875000000000001,0.1
4166,1.0,0.1
4167,1.0075,0.1
4168,1.15375,0.1
4169,1.2537500000000001,0.1
4170,1.43875,0.1
4171,1.21,0.1
4172,0.7474999999999999,0.1
4173,1.0250000000000001,0.1
4174,0.9650000000000001,0.1
4175,1.1525,0.1
4176,0.16000000000000014,0.1
4177,0.99,0.1
4178,1.2975,0.1
4179,1.3725,0.1
4180,0.7687499999999999,0.1
4181,1.13125,0.1
4182,1.2087500000000002,0.1
4183,1.33,0.1
4184,1.2525,0.1
4185,1.1812500000000001,0.1
4186,1.15375,0.1
4187,0.5012499999999998,0.1
4188,0.7699999999999999,0.1
4189,1.0562500000000001,0.1
4190,1.1675,0.1
4191,1.33875,0.1
4192,1.23875,0.1
4193,1.07125,0.1
4194,1.20625,0.1
4195,1.2337500000000001,0.1
4196,1.1487500000000002,0.1
4197,1.495,0.1
4198,1.04,0.1
4199,1.2275,0.1
4200,0.9250000000000002,0.1
4201,0.7737499999999999,0.1
4202,0.9925,0.1
4203,1.3325,0.1
4204,1.2512500000000002,0.1
4205,0.98875,0.1
4206,0.82,0.1
4207,1.1912500000000001,0.1
4208,1.245,0.1
4209,1.545,0.1
4210,0.9112500000000001,0.1
4211,0.80625,0.1
4212,0.9775,0.1
4213,1.0637500000000002,0.1
4214,1.37625,0.1
4215,0.915,0.1
4216,1.20875,0.1
4217,1.4087500000000002,0.1
4218,1.0425,0.1
4219,1.34125,0.1
4220,0.9337500000000001,0.1
4221,1.06125,0.1
4222,0.8900000000000001,0.1
4223,0.96125,0.1
4224,0.8962500000000001,0.1
4225,0.8925000000000001,0.1
4226,1.50875,0.1
4227,1.05125,0.1
4228,1.2337500000000001,0.1
4229,0.9500000000000001,0.1
4230,0.03500000000000014,0.1
4231,1.0275,0.1
4232,1.43875,0.1
4233,1.17875,0.1
4234,0.5612499999999998,0.1
4235,0.9475,0.1
4236,0.5074999999999997,0.1
4237,1.1800000000000002,0.1
4238,1.2637500000000002,0.1
4239,1.15125,0.1
4240,1.07875,0.1
4241,1.125,0.1
4242,0.96625,0.1
4243,0.90625,0.1
4244,1.1175000000000002,0.1
4245,1.2550000000000001,0.1
4246,0.96125,0.1
4247,1.18625,0.1
4248,1.4312500000000001,0.1
4249,1.2550000000000001,0.1
4250,1.1625,0.1
4251,0.9175000000000001,0.1
4252,1.1500000000000001,0.1
4253,1.0137500000000002,0.1
4254,0.85375,0.1
4255,1.36625,0.1
4256,1.20375,0.1
4257,1.06125,0.1
4258,-0.8950000000000002,0.1
4259,0.905,0.1
4260,1.41625,0.1
4261,0.9950000000000001,0.1
4262,0.9687500000000001,0.1
4263,0.91625,0.1
4264,1.3575000000000002,0.1
4265,1.37625,0.1
4266,1.07125,0.1
4267,0.5112499999999996,0.1
4268,1.25875,0.1
4269,1.0075,0.1
4270,1.095,0.1
4271,1.20375,0.1
4272,1.2675,0.1
4273,-2.9525000000000006,0.1
4274,1.16625,0.1
4275,1.0450000000000002,0.1
4276,1.0225,0.1
4277,1.17875,0.1
4278,1.2475,0.1
4279,1.1300000000000001,0.1
4280,0.715,0.1
4281,1.11125,0.1
4282,1.1500000000000001,0.1
4283,1.1125,0.1
4284,1.0975000000000001,0.1
4285,1.20375,0.1
4286,0.8787499999999999,0.1
4287,0.9900000000000001,0.1
4288,1.555,0.1
4289,0.9500000000000001,0.1
4290,0.99,0.1
4291,1.0425,0.1
4292,0.91625,0.1
4293,0.9,0.1
4294,-2.7749999999999995,0.1
4295,1.0437500000000002,0.1
4296,1.05125,0.1
4297,1.09,0.1
4298,1.03125,0.1
4299,1.4800000000000002,0.1
4300,1.24125,0.1
4301,1.4587500000000002,0.1
4302,0.855,0.1
4303,1.1887500000000002,0.1
4304,1.14375,0.1
4305,1.08875,0.1
4306,1.195,0.1
4307,1.045,0.1
4308,0.8725,0.1
4309,0.885,0.1
4310,0.9975,0.1
4311,0.75,0.1
4312,1.1400000000000001,0.1
4313,1.22875,0.1
4314,1.0212500000000002,0.1
4315,1.13625,0.1
4316,1.5037500000000001,0.1
4317,1.295,0.1
4318,1.0462500000000001,0.1
4319,0.9587500000000001,0.1
4320,1.1425,0.1
4321,1.105,0.1
4322,1.13125,0.1
4323,1.1425,0.1
4324,0.9650000000000001,0.1
4325,0.93,0.1
4326,1.1487500000000002,0.1
4327,1.4300000000000002,0.1
4328,1.04125,0.1
4329,0.8925000000000001,0.1
4330,1.195,0.1
4331,1.35,0.1
4332,0.8050000000000002,0.1
4333,1.0750000000000002,0.1
4334,1.0975000000000001,0.1
4335,1.1800000000000002,0.1
4336,0.9450000000000001,0.1
4337,1.2175,0.1
4338,1.16625,0.1
4339,1.1700000000000002,0.1
4340,1.1725,0.1
4341,1.35,0.1
4342,1.145,0.1
4343,0.9325000000000001,0.1
4344,1.3025,0.1
4345,0.8062499999999999,0.1
4346,1.0350000000000001,0.1
4347,1.19,0.1
4348,1.14125,0.1
4349,0.96625,0.1
4350,1.21,0.1
4351,1.05875,0.1
4352,0.7625,0.1
4353,0.9137500000000001,0.1
4354,1.2275,0.1
4355,1.28125,0.1
4356,1.19,0.1
4357,1.0975000000000001,0.1
4358,0.8975000000000001,0.1
4359,0.9837500000000001,0.1
4360,1.32125,0.1
4361,1.2537500000000001,0.1
4362,1.0625,0.1
4363,1.24,0.1
4364,0.7999999999999999,0.1
4365,0.81875,0.1
4366,1.2625000000000002,0.1
4367,1.1262500000000002,0.1
4368,1.0987500000000001,0.1
4369,0.9137500000000001,0.1
4370,1.1775000000000002,0.1
4371,1.135,0.1
4372,1.1600000000000001,0.1
4373,0.9637500000000001,0.1
4374,0.9525000000000001,0.1
4375,0.9425000000000001,0.1
4376,1.1525,0.1
4377,1.45875,0.1
4378,1.245,0.1
4379,1.1812500000000001,0.1
4380,0.8562500000000001,0.1
4381,1.08125,0.1
4382,1.08875,0.1
4383,1.27625,0.1
4384,0.4574999999999997,0.1
4385,0.85375,0.1
4386,0.91125,0.1
4387,0.93625,0.1
4388,1.11125,0.1
4389,1.23625,0.1
4390,1.0012500000000002,0.1
4391,1.0975000000000001,0.1
4392,1.2112500000000002,0.1
4393,1.20375,0.1
4394,0.6774999999999999,0.1
4395,1.00625,0.1
4396,1.17375,0.1
4397,1.07375,0.1
4398,1.0025,0.1
4399,0.9825000000000002,0.1
4400,1.02,0.1
4401,1.1487500000000002,0.1
4402,1.1600000000000001,0.1
4403,1.1125,0.1
4404,0.7049999999999998,0.1
4405,0.8962500000000001,0.1
4406,0.7525,0.1
4407,1.22,0.1
4408,1.35375,0.1
4409,1.41625,0.1
4410,1.27625,0.1
4411,0.9300000000000002,0.1
4412,0.98875,0.1
4413,1.1675,0.1
4414,1.19,0.1
4415,1.495,0.1
4416,1.1350000000000002,0.1
4417,0.9775000000000001,0.1
4418,0.99,0.1
4419,1.1262500000000002,0.1
4420,1.16625,0.1
4421,1.0012500000000002,0.1
4422,0.79375,0.1
4423,0.9712500000000001,0.1
4424,1.1675,0.1
4425,1.09375,0.1
4426,0.6899999999999998,0.1
4427,0.865,0.1
4428,1.1675,0.1
4429,1.02625,0.1
4430,0.9575,0.1
4431,1.43625,0.1
4432,1.19,0.1
4433,0.725,0.1
4434,1.0425,0.1
4435,1.19875,0.1
4436,0.9,0.1
4437,1.1912500000000001,0.1
4438,1.245,0.1
4439,1.0425,0.1
4440,0.98875,0.1
4441,0.5999999999999998,0.1
4442,0.6962499999999999,0.1
4443,1.4412500000000001,0.1
4444,1.1875,0.1
4445,1.0625,0.1
4446,0.7062499999999999,0.1
4447,1.0137500000000002,0.1
4448,1.04,0.1
4449,1.15625,0.1
4450,0.6299999999999999,0.1
4451,1.06875,0.1
4452,1.095,0.1
4453,0.9225000000000001,0.1
4454,1.27625,0.1
4455,0.90625,0.1
4456,1.145,0.1
4457,1.2937500000000002,0.1
4458,1.02625,0.1
4459,1.24,0.1
4460,1.09375,0.1
4461,1.25,0.1
4462,0.7462499999999999,0.1
4463,1.1975,0.1
4464,1.0250000000000001,0.1
4465,1.36375,0.1
4466,1.04,0.1
4467,1.185,0.1
4468,0.9525000000000001,0.1
4469,1.375,0.1
4470,1.29875,0.1
4471,1.1175000000000002,0.1
4472,1.2200000000000002,0.1
4473,0.91625,0.1
4474,1.1325,0.1
4475,1.1425,0.1
4476,0.9837500000000001,0.1
4477,1.2275,0.1
4478,1.2725,0.1
4479,1.25875,0.1
4480,1.15375,0.1
4481,0.7499999999999999,0.1
4482,1.17,0.1
4483,0.8962500000000001,0.1
4484,0.7699999999999999,0.1
4485,1.1625,0.1
4486,0.9275000000000001,0.1
4487,-0.12124999999999964,0.1
4488,0.88125,0.1
4489,1.20875,0.1
4490,0.8462500000000001,0.1
4491,0.9950000000000001,0.1
4492,1.3275000000000001,0.1
4493,1.2650000000000001,0.1
4494,0.46374999999999966,0.1
4495,1.0875000000000001,0.1
4496,1.2637500000000002,0.1
4497,1.04,0.1
4498,1.11625,0.1
4499,1.15375,0.1
4500,1.06125,0.1
4501,1.33,0.1
4502,1.1075,0.1
4503,0.9525000000000001,0.1
4504,1.0462500000000001,0.1
4505,1.2637500000000002,0.1
4506,1.20375,0.1
4507,1.1187500000000001,0.1
4508,1.1675,0.1
4509,1.0325000000000002,0.1
4510,1.2025000000000001,0.1
4511,1.1475,0.1
4512,1.4937500000000001,0.1
4513,1.18625,0.1
4514,0.935,0.1
4515,1.00875,0.1
4516,0.78,0.1
4517,1.3175000000000001,0.1
4518,1.085,0.1
4519,1.1725,0.1
4520,1.0650000000000002,0.1
4521,1.345,0.1
4522,1.21,0.1
4523,1.2325000000000002,0.1
4524,1.22625,0.1
4525,1.15125,0.1
4526,1.3075,0.1
4527,1.3125,0.1
4528,1.44875,0.1
4529,1.1325,0.1
4530,1.36375,0.1
4531,1.32,0.1
4532,0.8950000000000001,0.1
4533,1.21,0.1
4534,1.2175,0.1
4535,1.28875,0.1
4536,1.1925000000000001,0.1
4537,0.1975,0.1
4538,1.0050000000000001,0.1
4539,1.0325000000000002,0.1
4540,0.94625,0.1
4541,1.25875,0.1
4542,1.15,0.1
4543,1.37125,0.1
4544,0.9075000000000001,0.1
4545,1.085,0.1
4546,1.07125,0.1
4547,0.82,0.1
4548,1.07125,0.1
4549,1.1487500000000002,0.1
4550,1.07875,0.1
4551,1.3275000000000001,0.1
4552,0.8675,0.1
4553,0.8,0.1
4554,1.09,0.1
4555,1.03875,0.1
4556,1.2750000000000001,0.1
4557,0.81875,0.1
4558,0.93125,0.1
4559,0.6662499999999999,0.1
4560,1.0437500000000002,0.1
4561,1.21,0.1
4562,0.9650000000000001,0.1
4563,0.8925000000000001,0.1
4564,1.1687500000000002,0.1
4565,1.33125,0.1
4566,1.15,0.1
4567,0.9712500000000001,0.1
4568,0.89,0.1
4569,1.08125,0.1
4570,0.8562500000000001,0.1
4571,1.03,0.1
4572,1.205,0.1
4573,1.3075,0.1
4574,1.03875,0.1
4575,1.175,0.1
4576,1.2475,0.1
4577,1.17,0.1
4578,1.1425,0.1
4579,1.06125,0.1
4580,0.9875,0.1
4581,1.15,0.1
4582,1.1350000000000002,0.1
4583,1.02125,0.1
4584,1.07125,0.1
4585,0.7274999999999999,0.1
4586,1.18625,0.1
4587,1.2575,0.1
4588,1.2675,0.1
4589,1.44875,0.1
4590,0.96125,0.1
4591,0.99,0.1
4592,1.0,0.1
4593,0.9337500000000001,0.1
4594,0.9112500000000001,0.1
4595,1.3900000000000001,0.1
4596,0.9512500000000002,0.1
4597,1.295,0.1
4598,1.12375,0.1
4599,1.1487500000000002,0.1
4600,1.235,0.1
4601,1.11625,0.1
4602,1.08125,0.1
4603,0.83625,0.1
4604,1.085,0.1
4605,1.18625,0.1
4606,1.14375,0.1
4607,1.085,0.1
4608,0.9712500000000001,0.1
4609,1.11,0.1
4610,1.0425,0.1
4611,0.855,0.1
4612,0.9837500000000001,0.1
4613,1.4075,0.1
4614,1.24875,0.1
4615,1.455,0.1
4616,1.17625,0.1
4617,0.8562500000000001,0.1
4618,1.4312500000000001,0.1
4619,1.0450000000000002,0.1
4620,0.9875,0.1
4621,1.15,0.1
4622,0.7875,0.1
4623,1.29,0.1
4624,1.27625,0.1
4625,1.02625,0.1
4626,0.7099999999999999,0.1
4627,1.0250000000000001,0.1
4628,0.9450000000000001,0.1
4629,1.20375,0.1
4630,1.1825,0.1
4631,1.1675,0.1
4632,1.06875,0.1
4633,0.9587500000000001,0.1
4634,1.25875,0.1
4635,0.91125,0.1
4636,1.1,0.1
4637,0.78625,0.1
4638,1.28125,0.1
4639,1.28,0.1
4640,1.1625,0.1
4641,1.1575,0.1
4642,0.91125,0.1
4643,0.9475,0.1
4644,1.24,0.1
4645,0.7349999999999999,0.1
4646,1.5037500000000001,0.1
4647,1.0137500000000002,0.1
4648,1.02125,0.1
4649,1.3325,0.1
4650,1.0025,0.1
4651,1.0225,0.1
4652,0.9600000000000001,0.1
4653,1.4175,0.1
4654,1.0325,0.1
4655,1.22125,0.1
4656,0.94625,0.1
4657,1.0875000000000001,0.1
4658,0.8962500000000001,0.1
4659,1.2437500000000001,0.1
4660,0.84125,0.1
4661,1.2625000000000002,0.1
4662,1.06125,0.1
4663,0.6499999999999998,0.1
4664,0.6474999999999999,0.1
4665,1.2087500000000002,0.1
4666,1.0375,0.1
4667,1.2225000000000001,0.1
4668,1.1975,0.1
4669,1.24125,0.1
4670,1.20375,0.1
4671,1.1525,0.1
4672,0.9825000000000002,0.1
4673,1.0825,0.1
4674,1.2725,0.1
4675,1.1800000000000002,0.1
4676,1.03875,0.1
4677,1.0425,0.1
4678,1.3125,0.1
4679,1.27625,0.1
4680,1.17875,0.1
4681,1.02125,0.1
4682,1.405,0.1
4683,1.0237500000000002,0.1
4684,1.04,0.1
4685,0.98875,0.1
4686,0.9550000000000001,0.1
4687,1.1600000000000001,0.1
4688,1.24,0.1
4689,0.85375,0.1
4690,0.9450000000000001,0.1
4691,0.8312499999999999,0.1
4692,0.9737500000000001,0.1
4693,1.11625,0.1
4694,1.0375,0.1
4695,1.21625,0.1
4696,1.2225000000000001,0.1
4697,1.03875,0.1
4698,0.5162499999999997,0.1
4699,1.44,0.1
4700,1.1062500000000002,0.1
4701,1.2775,0.1
4702,1.3050000000000002,0.1
4703,0.9087500000000001,0.1
4704,1.0350000000000001,0.1
4705,-2.7875000000000005,0.1
4706,1.13125,0.1
4707,1.3575000000000002,0.1
4708,1.18125,0.1
4709,1.435,0.1
4710,1.1150000000000002,0.1
4711,-2.9537500000000008,0.1
4712,1.405,0.1
4713,1.06875,0.1
4714,1.1300000000000001,0.1
4715,1.02625,0.1
4716,1.3462500000000002,0.1
4717,1.2537500000000001,0.1
4718,1.095,0.1
4719,1.18625,0.1
4720,1.335,0.1
4721,0.9875,0.1
4722,1.115,0.1
4723,1.31875,0.1
4724,1.3775,0.1
4725,0.98,0.1
4726,0.21624999999999983,0.1
4727,1.0975000000000001,0.1
4728,1.19,0.1
4729,1.39375,0.1
4730,1.0125000000000002,0.1
4731,1.0975000000000001,0.1
4732,1.51375,0.1
4733,0.875,0.1
4734,1.2962500000000001,0.1
4735,0.875,0.1
4736,1.0762500000000002,0.1
4737,1.3825,0.1
4738,1.145,0.1
4739,1.11125,0.1
4740,1.1675,0.1
4741,1.435,0.1
4742,1.11,0.1
4743,0.91,0.1
4744,1.415,0.1
4745,1.30875,0.1
4746,1.2825000000000002,0.1
4747,1.19375,0.1
4748,1.2862500000000001,0.1
4749,0.8425,0.1
4750,1.31375,0.1
4751,0.9225000000000001,0.1
4752,0.7399999999999999,0.1
4753,1.4725000000000001,0.1
4754,1.1287500000000001,0.1
4755,1.0375,0.1
4756,1.11,0.1
4757,0.9475,0.1
4758,0.3949999999999998,0.1
4759,1.08125,0.1
4760,1.155,0.1
4761,1.32125,0.1
4762,1.03875,0.1
4763,1.0625,0.1
4764,0.9687500000000001,0.1
4765,1.30375,0.1
4766,1.2012500000000002,0.1
4767,1.1175000000000002,0.1
4768,0.6224999999999998,0.1
4769,1.26,0.1
4770,1.295,0.1
4771,1.31875,0.1
4772,1.28375,0.1
4773,0.2749999999999999,0.1
4774,1.0250000000000001,0.1
4775,0.8912500000000001,0.1
4776,1.01625,0.1
4777,1.1525,0.1
4778,1.05,0.1
4779,1.07125,0.1
4780,1.18875,0.1
4781,1.4125,0.1
4782,1.24125,0.1
4783,1.1800000000000002,0.1
4784,1.3250000000000002,0.1
4785,1.21,0.1
4786,1.13375,0.1
4787,1.22625,0.1
4788,1.0425,0.1
4789,1.0250000000000001,0.1
4790,1.24875,0.1
4791,0.9750000000000001,0.1
4792,0.84375,0.1
4793,0.83125,0.1
4794,1.34375,0.1
4795,1.0625,0.1
4796,1.2725,0.1
4797,1.0425,0.1
4798,0.91625,0.1
4799,1.01375,0.1
4800,0.9137500000000001,0.1
4801,0.91625,0.1
4802,1.1175000000000002,0.1
4803,1.3362500000000002,0.1
4804,1.31,0.1
4805,1.2225000000000001,0.1
4806,1.435,0.1
4807,1.145,0.1
4808,1.13125,0.1
4809,1.335,0.1
4810,0.91,0.1
4811,1.10125,0.1
4812,1.07875,0.1
4813,0.9687500000000001,0.1
4814,1.3,0.1
4815,0.8975000000000001,0.1
4816,1.3125,0.1
4817,1.195,0.1
4818,1.31875,0.1
4819,1.2525,0.1
4820,1.44875,0.1
4821,1.135,0.1
4822,1.25875,0.1
4823,1.3175000000000001,0.1
4824,1.27,0.1
4825,1.185,0.1
4826,0.8962500000000001,0.1
4827,1.26,0.1
4828,0.93,0.1
4829,1.3362500000000002,0.1
4830,0.97875,0.1
4831,0.87125,0.1
4832,1.29875,0.1
4833,1.08125,0.1
4834,0.73125,0.1
4835,1.02,0.1
4836,1.2725000000000002,0.1
4837,1.19875,0.1
4838,0.72625,0.1
4839,1.07,0.1
4840,0.915,0.1
4841,0.9637500000000001,0.1
4842,1.235,0.1
4843,1.1500000000000001,0.1
4844,1.1925000000000001,0.1
4845,1.1525,0.1
4846,1.27,0.1
4847,1.4575,0.1
4848,1.25875,0.1
4849,1.495,0.1
4850,0.875,0.1
4851,1.295,0.1
4852,1.0987500000000001,0.1
4853,1.33,0.1
4854,1.1125,0.1
4855,1.0762500000000002,0.1
4856,0.47374999999999967,0.1
4857,0.9425,0.1
4858,1.1687500000000002,0.1
4859,0.5449999999999998,0.1
4860,1.16625,0.1
4861,1.15875,0.1
4862,0.935,0.1
4863,1.2575,0.1
4864,0.9287500000000001,0.1
4865,0.7662499999999999,0.1
4866,1.205,0.1
4867,1.14125,0.1
4868,1.31875,0.1
4869,1.12125,0.1
4870,1.2337500000000001,0.1
4871,1.17,0.1
4872,1.23,0.1
4873,1.1675,0.1
4874,1.115,0.1
4875,1.1725,0.1
4876,1.00875,0.1
4877,1.385,0.1
4878,-2.911250000000001,0.1
4879,1.1262500000000002,0.1
4880,1.155,0.1
4881,1.0525,0.1
4882,0.9550000000000001,0.1
4883,0.9512500000000002,0.1
4884,0.935,0.1
4885,1.01125,0.1
4886,1.3625,0.1
4887,1.05,0.1
4888,0.6562499999999998,0.1
4889,1.0025,0.1
4890,1.3687500000000001,0.1
4891,0.8900000000000001,0.1
4892,0.50375,0.1
4893,1.19875,0.1
4894,0.6099999999999998,0.1
4895,1.03,0.1
4896,1.02625,0.1
4897,1.155,0.1
4898,0.9775000000000001,0.1
4899,1.11125,0.1
4900,1.5050000000000001,0.1
4901,1.135,0.1
4902,0.9475,0.1
4903,1.20875,0.1
4904,1.18625,0.1
4905,0.8925,0.1
4906,1.33875,0.1
4907,1.3362500000000002,0.1
4908,1.07375,0.1
4909,1.1712500000000001,0.1
4910,1.185,0.1
4911,0.91625,0.1
4912,1.1600000000000001,0.1
4913,1.0775000000000001,0.1
4914,0.5649999999999997,0.1
4915,1.0450000000000002,0.1
4916,1.0425,0.1
4917,1.2225000000000001,0.1
4918,0.86125,0.1
4919,1.08875,0.1
4920,1.1287500000000001,0.1
4921,1.17,0.1
4922,1.3250000000000002,0.1
4923,1.185,0.1
4924,0.935,0.1
4925,1.15375,0.1
4926,1.1175000000000002,0.1
4927,1.5175,0.1
4928,1.17,0.1
4929,1.135,0.1
4930,1.33375,0.1
4931,1.0987500000000001,0.1
4932,1.23625,0.1
4933,1.0550000000000002,0.1
4934,1.15875,0.1
4935,1.3687500000000001,0.1
4936,1.2225000000000001,0.1
4937,0.9775,0.1
4938,0.94125,0.1
4939,1.01625,0.1
4940,1.0050000000000001,0.1
4941,1.3475000000000001,0.1
4942,0.9337500000000001,0.1
4943,1.415,0.1
4944,1.10125,0.1
4945,1.33125,0.1
4946,1.2312500000000002,0.1
4947,0.9475,0.1
4948,1.1887500000000002,0.1
4949,0.9637500000000001,0.1
4950,0.9,0.1
4951,1.05,0.1
4952,1.31,0.1
4953,0.93,0.1
4954,0.74625,0.1
4955,1.07625,0.1
4956,0.8225,0.1
4957,0.9900000000000002,0.1
4958,0.715,0.1
4959,0.9837500000000001,0.1
4960,1.0750000000000002,0.1
4961,1.225,0.1
4962,1.20375,0.1
4963,1.22875,0.1
4964,1.1075,0.1
4965,1.15,0.1
4966,1.24125,0.1
4967,1.02,0.1
4968,1.38375,0.1
4969,1.2175,0.1
4970,1.1087500000000001,0.1
4971,0.93,0.1
4972,1.1925000000000001,0.1
4973,1.0750000000000002,0.1
4974,1.2200000000000002,0.1
4975,0.8425,0.1
4976,1.15375,0.1
4977,0.825,0.1
4978,0.8612500000000001,0.1
4979,0.93625,0.1
4980,0.78375,0.1
4981,0.91,0.1
4982,1.0750000000000002,0.1
4983,1.23,0.1
4984,0.825,0.1
4985,1.15375,0.1
4986,0.85,0.1
4987,1.13625,0.1
4988,1.0975000000000001,0.1
4989,0.86,0.1
4990,0.935,0.1
4991,0.8775000000000001,0.1
4992,1.5225000000000002,0.1
4993,1.3050000000000002,0.1
4994,1.095,0.1
4995,0.24624999999999964,0.1
4996,1.20375,0.1
4997,0.9337500000000001,0.1
4998,1.195,0.1
4999,0.78625,0.1
5000,1.1487500000000002,0.1
