episode,mean_reward,std_reward,min_reward,max_reward
1,-3.061000108718872,0.11608027666807175,-3.3237500190734863,-2.8924999237060547
2,-2.805375099182129,0.5829855799674988,-3.2987499237060547,-1.1087499856948853
3,-2.730374813079834,1.06406831741333,-3.8012499809265137,0.3737500011920929
4,-2.674875020980835,0.9918773770332336,-3.2149999141693115,0.26750001311302185
5,-3.0427498817443848,0.190985769033432,-3.483750104904175,-2.8524999618530273
6,-2.3797497749328613,1.2913486957550049,-3.2125000953674316,0.5674999952316284
7,-2.579249858856201,0.9949290156364441,-3.2362499237060547,0.014999999664723873
8,-2.653249740600586,0.9629190564155579,-3.622499942779541,-0.30000001192092896
9,-2.51200008392334,1.4811700582504272,-3.4912500381469727,1.443750023841858
10,-3.1282498836517334,0.12151544541120529,-3.3299999237060547,-2.9462499618530273
11,-2.534249782562256,1.0591930150985718,-3.4962499141693115,-0.4000000059604645
12,-3.0859999656677246,0.13561521470546722,-3.3012499809265137,-2.942500114440918
13,-3.0758750438690186,0.21643128991127014,-3.456249952316284,-2.7899999618530273
14,-3.10587477684021,0.167158305644989,-3.478749990463257,-2.913749933242798
15,-2.837125301361084,0.8245972394943237,-3.549999952316284,-0.45625001192092896
16,-3.1626250743865967,0.26512932777404785,-3.6649999618530273,-2.922499895095825
17,-2.8857500553131104,0.7949218153953552,-3.4937500953674316,-0.5649999976158142
18,-2.532750129699707,1.044346570968628,-3.387500047683716,-0.029999999329447746
19,-2.718750238418579,0.83841872215271,-3.1862499713897705,-0.22374999523162842
20,-3.093249797821045,0.12675172090530396,-3.302500009536743,-2.8975000381469727
21,-2.9972498416900635,0.19892272353172302,-3.456249952316284,-2.7587499618530273
22,-2.514124870300293,1.2154141664505005,-3.067500114440918,1.1262500286102295
23,-3.099249839782715,0.22775138914585114,-3.6237499713897705,-2.788749933242798
24,-2.707249879837036,0.9546669721603394,-3.440000057220459,0.08624999970197678
25,-2.7472500801086426,0.8844956159591675,-3.346250057220459,-0.12125000357627869
26,-3.161875009536743,0.1498512625694275,-3.461250066757202,-2.913749933242798
27,-2.599375009536743,1.152843952178955,-3.065000057220459,0.8550000190734863
28,-2.8202500343322754,0.49914106726646423,-3.2200000286102295,-1.3574999570846558
29,-2.8545002937316895,0.49835172295570374,-3.200000047683716,-1.3837499618530273
30,-2.95912504196167,0.11278585344552994,-3.233750104904175,-2.7699999809265137
31,-3.029125213623047,0.17197568714618683,-3.302500009536743,-2.786250114440918
32,-3.0256247520446777,0.17107675969600677,-3.369999885559082,-2.8350000381469727
33,-2.6833748817443848,1.168990135192871,-3.533750057220459,0.7799999713897705
34,-2.8832499980926514,0.5970228910446167,-3.6812500953674316,-1.2362500429153442
35,-2.3772499561309814,1.3851938247680664,-3.2899999618530273,1.056249976158142
36,-3.0601248741149902,0.22598427534103394,-3.6887500286102295,-2.809999942779541
37,-3.1041247844696045,0.2572389245033264,-3.643749952316284,-2.7300000190734863
38,-2.928499937057495,0.07159306854009628,-3.0250000953674316,-2.7774999141693115
39,-3.0295002460479736,0.08515463024377823,-3.182499885559082,-2.8975000381469727
40,-2.993375301361084,0.10864803940057755,-3.2125000953674316,-2.7799999713897705
41,-2.9917497634887695,0.13237632811069489,-3.237499952316284,-2.796250104904175
42,-2.7496249675750732,0.6723896265029907,-3.1337499618530273,-0.7574999928474426
43,-2.571624994277954,0.8044301867485046,-3.223750114440918,-0.8987500071525574
44,-3.082624912261963,0.15650224685668945,-3.5087499618530273,-2.9387500286102295
45,-3.0557498931884766,0.12012650072574615,-3.348750114440918,-2.908750057220459
46,-2.7568752765655518,0.8490837216377258,-3.447499990463257,-0.2524999976158142
47,-2.831125020980835,0.5346346497535706,-3.34375,-1.2912499904632568
48,-2.568000078201294,0.8468878865242004,-3.088749885559082,-0.7562500238418579
49,-2.7280001640319824,1.0197811126708984,-3.6575000286102295,0.25999999046325684
50,-2.8523752689361572,0.5247607827186584,-3.1937499046325684,-1.2962499856948853
51,-3.088249921798706,0.1905946582555771,-3.450000047683716,-2.833750009536743
52,-2.6182498931884766,0.8482276201248169,-3.2200000286102295,-0.7262499928474426
53,-2.644625186920166,0.917680561542511,-3.059999942779541,0.09875000268220901
54,-2.6470000743865967,0.9020362496376038,-3.182499885559082,0.028750000521540642
55,-2.939124822616577,0.1397520899772644,-3.1112499237060547,-2.619999885559082
56,-2.7002501487731934,0.8960269093513489,-3.3687500953674316,-0.05624999850988388
57,-2.7649998664855957,0.5195649862289429,-3.069999933242798,-1.2262500524520874
58,-2.721250057220459,0.918785035610199,-3.1787500381469727,0.02250000089406967
59,-2.978250026702881,0.10488565266132355,-3.231250047683716,-2.8475000858306885
60,-2.335624933242798,1.28179931640625,-3.1787500381469727,0.2549999952316284
61,-2.9560000896453857,0.06531365215778351,-3.0199999809265137,-2.805000066757202
62,-2.8621249198913574,0.6174023151397705,-3.481250047683716,-1.0762499570846558
63,-2.4237499237060547,1.2512893676757812,-3.283750057220459,0.7225000262260437
64,-2.471250057220459,1.027877926826477,-3.2049999237060547,0.013749999925494194
65,-2.1661248207092285,1.5809006690979004,-3.081249952316284,1.399999976158142
66,-1.933500051498413,1.6041350364685059,-3.069999933242798,0.9412500262260437
67,-1.5891250371932983,1.7844785451889038,-3.059999942779541,1.4900000095367432
68,-2.6767499446868896,0.8431419134140015,-3.1024999618530273,-0.17249999940395355
69,-3.009500026702881,0.10440030694007874,-3.2149999141693115,-2.858750104904175
70,-2.9605000019073486,0.09868381917476654,-3.096250057220459,-2.796250104904175
71,-2.224249839782715,1.5302380323410034,-3.2462499141693115,1.4600000381469727
72,-2.012625217437744,1.2047600746154785,-3.1737499237060547,-0.32624998688697815
73,-2.723249912261963,0.7224747538566589,-3.2487499713897705,-0.5924999713897705
74,-2.2198750972747803,1.3909082412719727,-3.03125,0.6524999737739563
75,-3.0083751678466797,0.1402977555990219,-3.346250057220459,-2.8212499618530273
76,-2.9618747234344482,0.1454414278268814,-3.2612500190734863,-2.708750009536743
77,-3.0097498893737793,0.14796724915504456,-3.28125,-2.819999933242798
78,-2.475750207901001,1.130936622619629,-3.365000009536743,0.16500000655651093
79,-2.511624813079834,1.318450927734375,-3.2049999237060547,1.4299999475479126
80,-1.9706249237060547,1.538611888885498,-3.2012500762939453,1.0149999856948853
81,-2.399625062942505,1.0952202081680298,-3.109999895095825,0.3824999928474426
82,-2.824000120162964,0.6136399507522583,-3.353749990463257,-1.0362499952316284
83,-2.710749864578247,0.8667751550674438,-3.418750047683716,-0.16249999403953552
84,-2.5863749980926514,0.8186391592025757,-2.9937500953674316,-0.13875000178813934
85,-2.760499954223633,0.7885165810585022,-3.358750104904175,-0.4424999952316284
86,-2.9716250896453857,0.1374625563621521,-3.255000114440918,-2.802500009536743
87,-1.9262501001358032,1.5734487771987915,-3.036250114440918,1.3799999952316284
88,-2.9811248779296875,0.09307160973548889,-3.1075000762939453,-2.8475000858306885
89,-1.8576250076293945,1.7493715286254883,-3.231250047683716,0.8987500071525574
90,-2.9862499237060547,0.06562443822622299,-3.130000114440918,-2.865000009536743
91,-2.3088748455047607,1.1736445426940918,-3.0250000953674316,0.1875
92,-2.9448750019073486,0.0820450410246849,-3.072499990463257,-2.786250114440918
93,-2.6503748893737793,0.6714039444923401,-2.9512500762939453,-0.6399999856948853
94,-2.7166249752044678,0.9223763942718506,-3.265000104904175,0.03500000014901161
95,-2.9076249599456787,0.14104795455932617,-3.1700000762939453,-2.625
96,-2.9906249046325684,0.13775572180747986,-3.3237500190734863,-2.825000047683716
97,-3.0421249866485596,0.10132411867380142,-3.1987500190734863,-2.9000000953674316
98,-2.528749942779541,1.1329199075698853,-3.067500114440918,0.862500011920929
99,-2.716125011444092,0.8122421503067017,-3.2825000286102295,-0.3125
100,-2.7053751945495605,1.04175865650177,-3.651249885559082,0.3425000011920929
101,-2.23087477684021,1.1405829191207886,-3.174999952316284,-0.03375000134110451
102,-2.67787504196167,0.8212981820106506,-3.174999952316284,-0.23250000178813934
103,-2.948125123977661,0.04977526515722275,-3.0174999237060547,-2.858750104904175
104,-2.505125045776367,1.0244088172912598,-3.2750000953674316,0.07999999821186066
105,-2.8942501544952393,0.07657962292432785,-3.03125,-2.7799999713897705
106,-2.7466249465942383,0.5846973061561584,-3.0137500762939453,-1.0
107,-2.682500123977661,0.9793282151222229,-3.3187499046325684,0.22624999284744263
108,-2.1610000133514404,1.582564353942871,-3.0899999141693115,1.4299999475479126
109,-2.937875270843506,0.11347775906324387,-3.1312499046325684,-2.747499942779541
110,-2.092249870300293,1.4322662353515625,-3.2537500858306885,0.7225000262260437
111,-2.3788750171661377,1.2584824562072754,-3.2012500762939453,0.32124999165534973
112,-2.502624988555908,1.3297414779663086,-3.021250009536743,1.4812500476837158
113,-2.9696249961853027,0.12843291461467743,-3.21875,-2.7200000286102295
114,-2.6958746910095215,0.7646430730819702,-3.3812499046325684,-1.1549999713897705
115,-2.6272499561309814,1.032871961593628,-3.047499895095825,0.4650000035762787
116,-2.595749855041504,0.898264467716217,-2.990000009536743,0.08874999731779099
117,-2.7392497062683105,0.7945893406867981,-3.184999942779541,-0.3675000071525574
118,-2.548875093460083,1.1501833200454712,-3.122499942779541,0.887499988079071
119,-2.6292498111724854,0.9241998791694641,-3.0425000190734863,0.13500000536441803
120,-2.680500030517578,1.0050320625305176,-3.1137499809265137,0.32875001430511475
121,-2.9371249675750732,0.10408537834882736,-3.0687499046325684,-2.708750009536743
122,-2.24037504196167,1.476576805114746,-3.091249942779541,1.5087499618530273
123,-3.020124912261963,0.15872974693775177,-3.396250009536743,-2.8575000762939453
124,-2.570125102996826,1.3411344289779663,-3.302500009536743,1.4249999523162842
125,-2.391624927520752,1.152640461921692,-3.119999885559082,0.6150000095367432
126,-3.019500255584717,0.10791805386543274,-3.244999885559082,-2.8575000762939453
127,-2.4241251945495605,1.1657466888427734,-3.130000114440918,0.1525000035762787
128,-2.725749969482422,0.9052023887634277,-3.233750104904175,-0.026249999180436134
129,-2.7131247520446777,0.643299400806427,-3.1112499237060547,-0.8149999976158142
130,-2.3458750247955322,1.2996368408203125,-3.190000057220459,0.8412500023841858
131,-1.970249891281128,1.4098941087722778,-2.961250066757202,0.36625000834465027
132,-2.7709996700286865,0.8605784177780151,-3.413749933242798,-0.25
133,-3.0062499046325684,0.13838352262973785,-3.3350000381469727,-2.841249942779541
134,-2.3389999866485596,1.4066699743270874,-3.1700000762939453,1.1174999475479126
135,-2.2310001850128174,1.5126428604125977,-3.0924999713897705,1.3300000429153442
136,-2.1541249752044678,1.190466284751892,-3.117500066757202,0.11249999701976776
137,-2.291249990463257,1.3402166366577148,-3.237499952316284,0.5237500071525574
138,-3.011624813079834,0.03992200642824173,-3.081249952316284,-2.934999942779541
139,-2.783874988555908,0.5916967988014221,-3.3137500286102295,-1.0475000143051147
140,-1.994249939918518,1.4482295513153076,-3.0199999809265137,0.53125
141,-2.579124927520752,1.2559620141983032,-3.3012499809265137,1.1662499904632568
142,-2.8162498474121094,0.5312982201576233,-3.1024999618530273,-1.2337499856948853
143,-2.203125476837158,1.4547278881072998,-3.041249990463257,0.862500011920929
144,-2.2037501335144043,1.296618938446045,-3.4487500190734863,0.1525000035762787
145,-2.392625093460083,1.1549761295318604,-3.059999942779541,0.32499998807907104
146,-2.9775002002716064,0.1294664442539215,-3.1700000762939453,-2.6600000858306885
147,-2.2522499561309814,1.4344459772109985,-3.3087499141693115,0.6225000023841858
148,-2.780749797821045,0.6043072938919067,-3.1112499237060547,-0.9962499737739563
149,-2.399750232696533,1.150107979774475,-3.265000104904175,0.1912499964237213
150,-2.5818750858306885,1.0547631978988647,-3.0899999141693115,0.5737500190734863
151,-2.9533751010894775,0.09459628909826279,-3.1337499618530273,-2.8399999141693115
152,-2.4498753547668457,1.1024150848388672,-3.1675000190734863,0.5
153,-1.6757500171661377,1.6596821546554565,-3.1787500381469727,1.0824999809265137
154,-2.2144999504089355,1.4970836639404297,-3.1287500858306885,0.8600000143051147
155,-2.213750123977661,1.1725006103515625,-3.0399999618530273,-0.11999999731779099
156,-1.919624924659729,1.6768975257873535,-3.012500047683716,1.4637500047683716
157,-2.587125301361084,0.7871347069740295,-3.148750066757202,-0.9862499833106995
158,-2.759000062942505,0.6134706139564514,-3.384999990463257,-0.9712499976158142
159,-2.628499984741211,0.8650786280632019,-3.1362500190734863,-0.04749999940395355
160,-2.5867502689361572,0.9298322200775146,-2.9725000858306885,0.19750000536441803
161,-2.582624912261963,1.1901271343231201,-3.171250104904175,0.9674999713897705
162,-2.545875072479248,1.2262728214263916,-3.0999999046325684,1.1237499713897705
163,-2.431874990463257,1.0419785976409912,-3.108750104904175,0.20874999463558197
164,-2.720750093460083,0.7307525873184204,-3.182499885559082,-0.5550000071525574
165,-2.141125202178955,1.5587455034255981,-3.0662500858306885,1.4600000381469727
166,-2.3545002937316895,1.1176210641860962,-3.0250000953674316,0.4000000059604645
167,-2.8898749351501465,0.10336591303348541,-3.052500009536743,-2.700000047683716
168,-2.658874988555908,0.8608194589614868,-3.2125000953674316,-0.10999999940395355
169,-2.1817500591278076,1.5427523851394653,-3.0425000190734863,1.3049999475479126
170,-2.5033748149871826,0.9480409026145935,-3.1449999809265137,-0.5174999833106995
171,-2.659374952316284,0.7263641357421875,-3.0662500858306885,-0.4962500035762787
172,-2.3163750171661377,1.3410701751708984,-3.163749933242798,0.44749999046325684
173,-2.71274995803833,0.8840004801750183,-3.3324999809265137,-0.08500000089406967
174,-2.6327500343322754,1.0084705352783203,-3.108750104904175,0.3812499940395355
175,-2.9508750438690186,0.14834612607955933,-3.247499942779541,-2.8125
176,-2.5522499084472656,1.070420265197754,-2.9912500381469727,0.6549999713897705
177,-2.953625202178955,0.13509193062782288,-3.268749952316284,-2.7149999141693115
178,-2.579624891281128,0.8705155253410339,-3.2899999618530273,-0.5849999785423279
179,-2.929499864578247,0.09338964521884918,-3.0687499046325684,-2.7174999713897705
180,-2.9008748531341553,0.07485201954841614,-2.9987499713897705,-2.7612500190734863
181,-2.0336251258850098,1.4431123733520508,-3.046250104904175,0.9362499713897705
182,-2.344749927520752,1.2584198713302612,-3.2725000381469727,1.0437500476837158
183,-2.9352498054504395,0.0936296209692955,-3.1475000381469727,-2.7799999713897705
184,-1.8110002279281616,1.6533970832824707,-2.9987499713897705,0.7450000047683716
185,-2.924999713897705,0.14553241431713104,-3.1137499809265137,-2.677500009536743
186,-2.7528750896453857,0.6341170072555542,-3.1500000953674316,-0.8700000047683716
187,-2.6085002422332764,0.7689440846443176,-3.231250047683716,-1.0862499475479126
188,-2.8969998359680176,0.09656476229429245,-3.002500057220459,-2.648750066757202
189,-2.7507500648498535,0.7556626200675964,-3.268749952316284,-0.5099999904632568
190,-2.6349997520446777,0.8958166837692261,-3.1262500286102295,0.038750000298023224
191,-2.9408750534057617,0.09931338578462601,-3.069999933242798,-2.776249885559082
192,-2.510124683380127,1.1024000644683838,-3.0087499618530273,0.7900000214576721
193,-1.7198749780654907,1.2625658512115479,-2.978749990463257,0.7350000143051147
194,-2.747999906539917,0.6108472943305969,-3.2049999237060547,-0.9399999976158142
195,-2.6278750896453857,0.8001609444618225,-3.002500057220459,-0.23624999821186066
196,-2.251999855041504,1.3000484704971313,-2.976249933242798,0.4699999988079071
197,-2.9932498931884766,0.1661749631166458,-3.375,-2.8475000858306885
198,-2.932124614715576,0.07154988497495651,-3.0737500190734863,-2.848750114440918
199,-2.7239999771118164,0.6780308485031128,-3.2925000190734863,-0.7350000143051147
200,-2.6791250705718994,0.9394882321357727,-3.141249895095825,0.125
201,-2.901250123977661,0.08728189021348953,-3.077500104904175,-2.805000066757202
202,-2.9276251792907715,0.12083105742931366,-3.171250104904175,-2.7362499237060547
203,-2.013624906539917,1.5159252882003784,-3.158750057220459,1.0437500476837158
204,-2.7513747215270996,0.5702111124992371,-3.057499885559082,-1.0637500286102295
205,-2.1675000190734863,1.2454383373260498,-3.0612499713897705,0.3712500035762787
206,-2.3143749237060547,1.3078479766845703,-3.0399999618530273,0.42375001311302185
207,-2.667375087738037,0.7325365543365479,-3.0250000953674316,-0.47999998927116394
208,-1.877750039100647,1.6911793947219849,-3.0512499809265137,1.3125
209,-2.7761247158050537,0.5514686107635498,-3.307499885559082,-1.1737500429153442
210,-2.9512503147125244,0.2059057503938675,-3.4674999713897705,-2.7725000381469727
211,-2.417375087738037,1.0526695251464844,-3.1812500953674316,-0.12250000238418579
212,-2.590625047683716,1.0394279956817627,-3.069999933242798,0.512499988079071
213,-2.40024995803833,1.1805046796798706,-3.268749952316284,0.5562499761581421
214,-2.098875045776367,1.6239328384399414,-3.2200000286102295,1.4874999523162842
215,-1.9186251163482666,1.563538670539856,-3.109999895095825,1.3250000476837158
216,-2.377999782562256,1.0203826427459717,-3.0737500190734863,0.016249999403953552
217,-2.1685001850128174,1.4858859777450562,-3.069999933242798,1.0475000143051147
218,-2.5289998054504395,1.0521055459976196,-3.081249952316284,0.6075000166893005
219,-2.7144999504089355,0.7429218292236328,-3.1187500953674316,-0.5112500190734863
220,-2.5042500495910645,1.0594596862792969,-3.1887500286102295,-0.23624999821186066
221,-2.3509998321533203,1.2112743854522705,-3.132499933242798,0.6362500190734863
222,-2.3476250171661377,1.3812259435653687,-3.34375,1.0537500381469727
223,-2.6611249446868896,1.0064219236373901,-3.1187500953674316,0.3425000011920929
224,-2.9151251316070557,0.14552219212055206,-3.1812500953674316,-2.7049999237060547
225,-1.5873750448226929,1.400046944618225,-3.0512499809265137,0.42250001430511475
226,-2.554500102996826,0.8219930529594421,-3.538749933242798,-0.9287499785423279
227,-1.9676250219345093,1.493342399597168,-3.117500066757202,0.6600000262260437
228,-2.4008750915527344,1.303165078163147,-3.2925000190734863,0.8149999976158142
229,-2.518249988555908,1.3479547500610352,-3.1812500953674316,1.5137499570846558
230,-2.3731250762939453,1.0774946212768555,-3.0112500190734863,0.2475000023841858
231,-2.8897500038146973,0.11230374872684479,-3.117500066757202,-2.7362499237060547
232,-2.979750156402588,0.1343349814414978,-3.2950000762939453,-2.7674999237060547
233,-2.7547497749328613,0.6543825268745422,-3.1475000381469727,-0.8149999976158142
234,-1.9721252918243408,1.6072639226913452,-3.244999885559082,1.2387499809265137
235,-2.3475000858306885,1.1368002891540527,-2.9649999141693115,0.6175000071525574
236,-2.8320000171661377,0.5658986568450928,-3.25,-1.159999966621399
237,-2.940124988555908,0.08585498481988907,-3.1237499713897705,-2.836250066757202
238,-1.8943748474121094,1.5514366626739502,-3.0137500762939453,1.0087499618530273
239,-2.4447503089904785,0.9335494637489319,-3.083750009536743,-0.33375000953674316
240,-2.445625066757202,1.3159277439117432,-3.0737500190734863,1.4900000095367432
241,-2.6838748455047607,0.5818049311637878,-2.953749895095825,-0.9512500166893005
242,-2.4639999866485596,1.278230905532837,-3.038749933242798,1.3562500476837158
243,-2.9237499237060547,0.06251747161149979,-3.0487499237060547,-2.8262500762939453
244,-2.012500047683716,1.417940378189087,-3.171250104904175,0.5687500238418579
245,-2.5517499446868896,0.9952427744865417,-3.0137500762939453,0.42250001430511475
246,-2.5308749675750732,1.1088290214538574,-3.1362500190734863,0.7799999713897705
247,-2.6841249465942383,0.6201189756393433,-3.072499990463257,-0.8487499952316284
248,-2.631124973297119,0.9943593740463257,-3.2612500190734863,0.3199999928474426
249,-2.299375057220459,1.443477749824524,-3.081249952316284,1.252500057220459
250,-2.6363749504089355,0.9567203521728516,-3.0950000286102295,0.22750000655651093
251,-3.023749828338623,0.13259902596473694,-3.2487499713897705,-2.869999885559082
252,-2.90262508392334,0.08929664641618729,-2.9825000762939453,-2.7674999237060547
253,-2.651625156402588,1.0269527435302734,-3.208750009536743,0.41749998927116394
254,-2.9675002098083496,0.1353582888841629,-3.2125000953674316,-2.723750114440918
255,-2.269500255584717,1.3452231884002686,-3.047499895095825,1.1475000381469727
256,-1.9762499332427979,1.4491629600524902,-2.978749990463257,1.0237499475479126
257,-2.6373751163482666,0.8994029760360718,-3.228749990463257,0.03750000149011612
258,-2.600249767303467,0.8927327990531921,-3.009999990463257,0.0625
259,-2.7301249504089355,0.6029421091079712,-3.075000047683716,-0.9399999976158142
260,-2.7371249198913574,0.6655790209770203,-3.549999952316284,-0.8600000143051147
261,-2.0037500858306885,1.5114696025848389,-2.952500104904175,1.25
262,-2.955749988555908,0.0956510603427887,-3.072499990463257,-2.8187499046325684
263,-2.5023751258850098,0.9208163022994995,-3.141249895095825,-0.23000000417232513
264,-2.189500331878662,1.1511696577072144,-3.450000047683716,-0.009999999776482582
265,-2.614000082015991,1.0751559734344482,-3.081249952316284,0.6037499904632568
266,-2.9603753089904785,0.0932772159576416,-3.132499933242798,-2.8087499141693115
267,-2.7181248664855957,0.7599288821220398,-3.396250009536743,-0.512499988079071
268,-2.5460000038146973,1.1538621187210083,-3.038749933242798,0.9075000286102295
269,-2.9033751487731934,0.07855738699436188,-3.081249952316284,-2.793750047683716
270,-1.928875207901001,1.36702299118042,-3.009999990463257,0.5274999737739563
271,-2.203000068664551,1.29958975315094,-3.184999942779541,0.9125000238418579
272,-2.436500072479248,1.1440268754959106,-3.2874999046325684,0.16374999284744263
273,-2.889500141143799,0.0912914127111435,-3.069999933242798,-2.7274999618530273
274,-2.616999864578247,1.1174737215042114,-3.608750104904175,0.6575000286102295
275,-2.881625175476074,0.12362627685070038,-3.0999999046325684,-2.728749990463257
276,-2.7452502250671387,0.6694743037223816,-3.309999942779541,-0.8012499809265137
277,-2.692499876022339,0.7922627925872803,-3.0612499713897705,-0.32875001430511475
278,-2.975374937057495,0.14855767786502838,-3.319999933242798,-2.742500066757202
279,-2.5815000534057617,0.9739094376564026,-3.0399999618530273,0.32624998688697815
280,-2.7003748416900635,0.7297859191894531,-3.0737500190734863,-0.5212500095367432
281,-2.731250047683716,0.6010995507240295,-3.049999952316284,-0.9362499713897705
282,-2.663249969482422,0.6159442067146301,-2.9862499237060547,-0.8324999809265137
283,-2.923750162124634,0.11865658313035965,-3.0875000953674316,-2.7362499237060547
284,-2.8101248741149902,0.6554317474365234,-3.2987499237060547,-0.8799999952316284
285,-2.6277499198913574,0.7935686707496643,-2.9412500858306885,-0.2512499988079071
286,-2.3378751277923584,1.117882251739502,-2.953749895095825,0.3050000071525574
287,-2.586124897003174,1.143228530883789,-3.069999933242798,0.8399999737739563
288,-2.9161248207092285,0.09020544588565826,-3.0325000286102295,-2.7674999237060547
289,-2.5820000171661377,0.8978455066680908,-3.009999990463257,0.10000000149011612
290,-2.709749937057495,0.6067296862602234,-3.0250000953674316,-0.90625
291,-2.9307503700256348,0.15278580784797668,-3.262500047683716,-2.71875
292,-2.7935001850128174,0.7105018496513367,-3.4725000858306885,-0.7262499928474426
293,-3.0097498893737793,0.13376609981060028,-3.3187499046325684,-2.8212499618530273
294,-2.9695000648498535,0.07882974296808243,-3.1287500858306885,-2.8475000858306885
295,-1.3537499904632568,1.9305639266967773,-2.976249933242798,1.4900000095367432
296,-2.6403751373291016,0.8908365368843079,-3.0999999046325684,0.021250000223517418
297,-2.6480002403259277,0.8012574911117554,-3.069999933242798,-0.25874999165534973
298,-2.878000020980835,0.09999247640371323,-3.028749942779541,-2.6787500381469727
299,-2.684999942779541,0.6058617234230042,-2.9912500381469727,-0.875
300,-2.9517500400543213,0.07210280001163483,-3.0399999618530273,-2.819999933242798
301,-2.458750009536743,0.9944424629211426,-3.163749933242798,-0.08500000089406967
302,-2.66587495803833,0.7789251208305359,-3.122499942779541,-0.3449999988079071
303,-2.3696250915527344,1.2688413858413696,-3.088749885559082,1.0737500190734863
304,-2.2543749809265137,1.3355450630187988,-3.047499895095825,0.8374999761581421
305,-2.593250036239624,0.8853696584701538,-3.043750047683716,0.054999999701976776
306,-1.9554998874664307,1.5723052024841309,-3.2987499237060547,0.675000011920929
307,-1.6483749151229858,1.675019383430481,-3.0137500762939453,1.472499966621399
308,-2.45912504196167,1.3135523796081543,-3.0174999237060547,1.475000023841858
309,-2.6952500343322754,0.6763918399810791,-3.0562500953674316,-0.6837499737739563
310,-2.1413750648498535,1.3131372928619385,-3.4175000190734863,0.8675000071525574
311,-2.1413750648498535,1.24141526222229,-3.333750009536743,-0.16249999403953552
312,-2.6089999675750732,0.8080424070358276,-3.009999990463257,-0.19374999403953552
313,-2.952000141143799,0.07829666137695312,-3.1337499618530273,-2.858750104904175
314,-2.087125062942505,1.424565076828003,-3.208750009536743,0.9587500095367432
315,-2.912374973297119,0.07942462712526321,-3.065000057220459,-2.7774999141693115
316,-2.5516247749328613,1.1364871263504028,-3.0612499713897705,0.8500000238418579
317,-2.266249895095825,1.3501495122909546,-3.028749942779541,1.2649999856948853
318,-2.285749912261963,1.4359819889068604,-3.065000057220459,1.4950000047683716
319,-2.932500123977661,0.09840602427721024,-3.069999933242798,-2.755000114440918
320,-2.2130000591278076,1.4129587411880493,-3.0174999237060547,0.9950000047683716
321,-2.9367499351501465,0.09656956046819687,-3.0899999141693115,-2.825000047683716
322,-2.924375057220459,0.07595688104629517,-3.057499885559082,-2.7899999618530273
323,-2.7156248092651367,0.6400848031044006,-3.1075000762939453,-0.8424999713897705
324,-2.9000003337860107,0.08378729224205017,-2.9800000190734863,-2.711250066757202
325,-2.8554999828338623,0.10117621719837189,-3.0,-2.6162500381469727
326,-2.061375141143799,1.3119601011276245,-3.028749942779541,0.8837500214576721
327,-2.4554996490478516,1.3366025686264038,-3.0662500858306885,1.5412499904632568
328,-2.3753750324249268,1.1849671602249146,-3.0999999046325684,0.7362499833106995
329,-2.6500000953674316,1.1360284090042114,-3.25,0.7350000143051147
330,-2.161375045776367,1.4790980815887451,-3.021250009536743,0.96875
331,-2.520250082015991,1.3227280378341675,-3.1812500953674316,1.434999942779541
332,-2.2078750133514404,1.6247917413711548,-3.2587499618530273,1.462499976158142
333,-2.9098751544952393,0.1100645363330841,-3.0662500858306885,-2.692500114440918
334,-2.6494998931884766,1.054683804512024,-3.2725000381469727,0.4724999964237213
335,-2.255624771118164,1.277918815612793,-3.0875000953674316,0.8399999737739563
336,-2.1252501010894775,1.488216519355774,-3.0425000190734863,1.0075000524520874
337,-2.515625,0.9015461206436157,-3.174999952316284,-0.5600000023841858
338,-2.6696250438690186,0.7132163047790527,-3.0687499046325684,-0.5450000166893005
339,-2.8969998359680176,0.0857580155134201,-2.9937500953674316,-2.708750009536743
340,-2.9402501583099365,0.10468677431344986,-3.1812500953674316,-2.7674999237060547
341,-2.24987530708313,1.3421132564544678,-3.009999990463257,0.47749999165534973
342,-2.4493749141693115,1.236881136894226,-3.049999952316284,1.25
343,-2.5652499198913574,0.8864770531654358,-2.9487500190734863,0.08749999850988388
344,-2.1712498664855957,1.1686961650848389,-2.973750114440918,0.6362500190734863
345,-2.7311248779296875,0.5700080990791321,-3.0374999046325684,-1.0299999713897705
346,-2.916874885559082,0.07277588546276093,-3.028749942779541,-2.768749952316284
347,-2.257124900817871,1.4565807580947876,-3.088749885559082,1.4550000429153442
348,-2.9256246089935303,0.12556028366088867,-3.1337499618530273,-2.700000047683716
349,-2.9423751831054688,0.10380342602729797,-3.1475000381469727,-2.797499895095825
350,-2.5973751544952393,0.9877020120620728,-3.0512499809265137,0.35499998927116394
351,-2.5492501258850098,1.0731210708618164,-3.197499990463257,0.6449999809265137
352,-2.692500352859497,0.6293647885322571,-3.043750047683716,-0.8299999833106995
353,-2.458250045776367,1.0545693635940552,-3.021250009536743,0.6912500262260437
354,-2.3355002403259277,1.2341407537460327,-3.0625,0.7674999833106995
355,-2.2728753089904785,1.3060020208358765,-2.953749895095825,1.2649999856948853
356,-2.7073750495910645,0.5704928040504456,-3.069999933242798,-1.034999966621399
357,-2.4333748817443848,1.3066788911819458,-3.049999952316284,1.475000023841858
358,-2.6620001792907715,0.7468289732933044,-2.983750104904175,-0.42750000953674316
359,-2.7018749713897705,0.5662837624549866,-3.0012500286102295,-1.0187499523162842
360,-2.545374870300293,0.9297138452529907,-2.9800000190734863,0.23000000417232513
361,-2.2088749408721924,1.4650893211364746,-3.0799999237060547,1.2599999904632568
362,-2.4311249256134033,0.9791300892829895,-3.1187500953674316,-0.05375000089406967
363,-2.9119999408721924,0.10171990096569061,-3.1112499237060547,-2.7874999046325684
364,-2.4706249237060547,0.828334391117096,-3.005000114440918,-0.7200000286102295
365,-2.1726250648498535,1.4596874713897705,-3.0587499141693115,1.252500057220459
366,-2.956124782562256,0.1379871666431427,-3.2699999809265137,-2.737499952316284
367,-2.5248751640319824,1.180851697921753,-3.009999990463257,1.0112500190734863
368,-2.9482502937316895,0.11262517422437668,-3.1449999809265137,-2.817500114440918
369,-2.4438750743865967,1.0446791648864746,-3.0625,0.17249999940395355
370,-2.7191247940063477,0.556563138961792,-3.115000009536743,-1.0887500047683716
371,-2.6473746299743652,1.0856595039367676,-3.309999942779541,0.5724999904632568
372,-2.0117499828338623,1.3953509330749512,-2.9600000381469727,1.0512499809265137
373,-2.644625186920166,0.9406724572181702,-3.171250104904175,0.1574999988079071
374,-2.6732499599456787,0.5183273553848267,-3.0137500762939453,-1.1337499618530273
375,-1.9411251544952393,1.5513428449630737,-3.132499933242798,0.9175000190734863
376,-2.0894999504089355,1.3885360956192017,-3.081249952316284,0.9225000143051147
377,-2.981375217437744,0.13071972131729126,-3.3162500858306885,-2.867500066757202
378,-2.627624988555908,0.8500103950500488,-3.0274999141693115,-0.09375
379,-2.720249891281128,0.6408954858779907,-3.072499990463257,-0.8149999976158142
380,-2.5456252098083496,0.9418829083442688,-2.9912500381469727,0.26750001311302185
381,-2.7158751487731934,0.9600452184677124,-3.3499999046325684,0.11999999731779099
382,-2.520249843597412,0.9352611899375916,-2.983750104904175,0.27250000834465027
383,-2.7406249046325684,0.5541500449180603,-3.109999895095825,-1.1087499856948853
384,-2.368000030517578,1.1042721271514893,-3.0137500762939453,0.4099999964237213
385,-2.3607499599456787,1.186745524406433,-3.1262500286102295,0.5699999928474426
386,-3.0526249408721924,0.23106169700622559,-3.6649999618530273,-2.836250066757202
387,-2.684875011444092,0.7993998527526855,-3.297499895095825,-0.33000001311302185
388,-2.664250135421753,0.8174120783805847,-3.2300000190734863,-0.24500000476837158
389,-2.502500057220459,0.94331294298172,-3.2049999237060547,-0.12999999523162842
390,-2.856250047683716,0.11604689061641693,-3.015000104904175,-2.637500047683716
391,-2.49637508392334,1.3412408828735352,-3.299999952316284,1.5087499618530273
392,-2.5328750610351562,0.7740285992622375,-3.0737500190734863,-0.8362500071525574
393,-2.4488749504089355,1.2943081855773926,-3.002500057220459,1.4249999523162842
394,-2.75712513923645,0.5450800061225891,-3.2825000286102295,-1.1974999904632568
395,-2.4286251068115234,1.1242616176605225,-3.130000114440918,0.5362499952316284
396,-2.902625322341919,0.09268298745155334,-3.069999933242798,-2.692500114440918
397,-1.9537500143051147,1.5431352853775024,-3.0174999237060547,1.3899999856948853
398,-2.647625207901001,0.6306757926940918,-2.971250057220459,-0.7637500166893005
399,-1.711749792098999,1.6583746671676636,-3.194999933242798,1.443750023841858
400,-2.8848748207092285,0.08603132516145706,-3.0087499618530273,-2.740000009536743
401,-2.366875171661377,1.191733479499817,-3.3062500953674316,0.6587499976158142
402,-2.6606249809265137,0.6526243686676025,-2.9725000858306885,-0.7112500071525574
403,-2.2231249809265137,1.3212002515792847,-2.9725000858306885,1.1699999570846558
404,-2.6508750915527344,0.584595799446106,-2.942500114440918,-0.9162499904632568
405,-2.9427497386932373,0.06476592272520065,-3.069999933242798,-2.8475000858306885
406,-2.8893749713897705,0.07516701519489288,-3.0087499618530273,-2.75
407,-2.674999952316284,0.7444121241569519,-3.174999952316284,-0.48500001430511475
408,-2.7039997577667236,0.5649562478065491,-3.0350000858306885,-1.0387500524520874
409,-2.4618749618530273,1.3105157613754272,-3.1524999141693115,1.4537500143051147
410,-2.3268749713897705,0.8715923428535461,-3.0625,-0.8450000286102295
411,-2.7568747997283936,0.6114943623542786,-3.1649999618530273,-0.9399999976158142
412,-2.8601250648498535,0.056306805461645126,-2.952500104904175,-2.7437500953674316
413,-2.5323750972747803,0.9426812529563904,-2.930000066757202,0.2887499928474426
414,-2.63700008392334,0.6876401901245117,-2.990000009536743,-0.5874999761581421
415,-2.1689999103546143,1.5038738250732422,-3.069999933242798,0.987500011920929
416,-2.8838748931884766,0.07771432399749756,-2.994999885559082,-2.773750066757202
417,-2.94112491607666,0.0946662575006485,-3.1212499141693115,-2.7925000190734863
418,-2.866000175476074,0.0715799406170845,-3.0137500762939453,-2.731250047683716
419,-2.5753750801086426,0.939018726348877,-3.096250057220459,0.20624999701976776
420,-2.309875011444092,1.0741349458694458,-2.953749895095825,0.14124999940395355
421,-2.8962502479553223,0.08062642812728882,-3.016249895095825,-2.78125
422,-1.9522498846054077,1.2904013395309448,-3.233750104904175,0.27000001072883606
423,-2.592625141143799,0.8470300436019897,-3.009999990463257,-0.05999999865889549
424,-2.899250030517578,0.11372139304876328,-3.0737500190734863,-2.630000114440918
425,-2.903249979019165,0.07232131063938141,-3.043750047683716,-2.805000066757202
426,-1.8325001001358032,1.3653978109359741,-3.088749885559082,0.45750001072883606
427,-2.9483749866485596,0.07198749482631683,-3.1337499618530273,-2.8550000190734863
428,-2.519125461578369,1.071831464767456,-3.002500057220459,0.6862499713897705
429,-2.9048752784729004,0.0678105503320694,-3.021250009536743,-2.7874999046325684
430,-1.7376251220703125,1.4681727886199951,-3.0662500858306885,0.6299999952316284
431,-2.8636250495910645,0.07994426041841507,-3.0350000858306885,-2.752500057220459
432,-2.5122501850128174,1.181275725364685,-2.9987499713897705,1.024999976158142
433,-2.9628751277923584,0.14226414263248444,-3.3575000762939453,-2.822499990463257
434,-2.8872501850128174,0.10132070630788803,-3.067500114440918,-2.706249952316284
435,-2.388000011444092,1.0812302827835083,-3.3062500953674316,0.07374999672174454
436,-2.562500238418579,1.1779426336288452,-3.182499885559082,0.9512500166893005
437,-2.468625068664551,0.9720306396484375,-3.096250057220459,-0.16500000655651093
438,-2.628499984741211,0.970026969909668,-3.0687499046325684,0.2762500047683716
439,-2.563500165939331,0.8288128972053528,-3.2300000190734863,-0.8187500238418579
440,-2.9111249446868896,0.11153958737850189,-3.0762500762939453,-2.728749990463257
441,-2.5835001468658447,0.9848601818084717,-3.174999952316284,0.35499998927116394
442,-2.7002501487731934,0.6263684630393982,-3.115000009536743,-0.8500000238418579
443,-2.6227498054504395,0.9308350682258606,-3.072499990463257,0.16249999403953552
444,-2.900125026702881,0.13307945430278778,-3.1362500190734863,-2.6987500190734863
445,-2.889625072479248,0.09426034986972809,-3.0612499713897705,-2.6987500190734863
446,-2.6655001640319824,0.7409055233001709,-3.223750114440918,-0.4699999988079071
447,-2.464749813079834,1.252159833908081,-3.106250047683716,1.2762500047683716
448,-2.894124984741211,0.09983904659748077,-3.0850000381469727,-2.75
449,-2.516124963760376,1.1603821516036987,-3.077500104904175,0.9537500143051147
450,-2.1978750228881836,1.031525731086731,-2.983750104904175,-0.4087499976158142
451,-2.40375018119812,1.1084768772125244,-3.1600000858306885,0.07500000298023224
452,-2.7316250801086426,0.5474144220352173,-3.028749942779541,-1.1237499713897705
453,-2.2834999561309814,1.0166019201278687,-3.0399999618530273,-0.16750000417232513
454,-2.875499963760376,0.06284700334072113,-2.994999885559082,-2.8062500953674316
455,-2.8782498836517334,0.06878003478050232,-2.990000009536743,-2.7562499046325684
456,-2.6711251735687256,0.5589659214019775,-3.016249895095825,-1.027500033378601
457,-2.338124990463257,1.058295488357544,-3.0062499046325684,-0.029999999329447746
458,-2.7070000171661377,0.594492495059967,-2.9912500381469727,-0.9350000023841858
459,-2.889125108718872,0.05825607106089592,-2.971250057220459,-2.8087499141693115
460,-2.47837495803833,1.0646291971206665,-3.163749933242798,0.019999999552965164
461,-2.9008748531341553,0.08431162685155869,-3.049999952316284,-2.7487499713897705
462,-2.758124828338623,0.6077237725257874,-3.0662500858306885,-0.956250011920929
463,-2.4126248359680176,1.0437008142471313,-3.0587499141693115,-0.26750001311302185
464,-2.5903751850128174,1.1707165241241455,-3.3612499237060547,0.8899999856948853
465,-2.700124979019165,0.6265836358070374,-3.021250009536743,-0.8349999785423279
466,-2.7225003242492676,0.7927325963973999,-3.148750066757202,-0.3787499964237213
467,-2.9630000591278076,0.27337032556533813,-3.7225000858306885,-2.622499942779541
468,-2.9242501258850098,0.1290363222360611,-3.203749895095825,-2.7612500190734863
469,-2.2643752098083496,1.1028683185577393,-3.2562499046325684,-0.14624999463558197
470,-2.529125213623047,0.9648625254631042,-2.976249933242798,0.35499998927116394
471,-2.2302498817443848,1.4259601831436157,-3.2750000953674316,0.9037500023841858
472,-2.978874921798706,0.11998237669467926,-3.2725000381469727,-2.7987499237060547
473,-2.7426247596740723,0.7617394924163818,-3.276249885559082,-0.4975000023841858
474,-2.6433751583099365,0.6957520842552185,-3.096250057220459,-0.5762500166893005
475,-2.918375015258789,0.08289871364831924,-3.101249933242798,-2.7850000858306885
476,-2.5848751068115234,1.1082429885864258,-3.2699999809265137,0.7162500023841858
477,-2.8987503051757812,0.1198175698518753,-3.065000057220459,-2.71875
478,-2.1630001068115234,1.157585859298706,-2.9725000858306885,0.48249998688697815
479,-2.193000078201294,1.0717302560806274,-2.978749990463257,-0.5299999713897705
480,-2.7412500381469727,0.8614658713340759,-3.5012500286102295,-0.23624999821186066
481,-2.544875144958496,0.8462399244308472,-3.009999990463257,-0.019999999552965164
482,-2.920999765396118,0.1289910227060318,-3.091249942779541,-2.6987500190734863
483,-3.082124948501587,0.25383496284484863,-3.581249952316284,-2.768749952316284
484,-2.316499948501587,1.212866187095642,-2.942500114440918,0.9424999952316284
485,-2.886125087738037,0.09700265526771545,-3.009999990463257,-2.700000047683716
486,-2.882999897003174,0.08710479736328125,-3.002500057220459,-2.755000114440918
487,-2.327500104904175,1.2302558422088623,-3.046250104904175,0.13249999284744263
488,-2.933500051498413,0.07986274361610413,-3.0537500381469727,-2.8162500858306885
489,-2.039875030517578,1.4676448106765747,-3.096250057220459,1.4950000047683716
490,-2.404125213623047,1.0979299545288086,-3.069999933242798,0.36125001311302185
491,-2.7437500953674316,0.5713911056518555,-3.0850000381469727,-1.0637500286102295
492,-2.654249906539917,0.8613458275794983,-3.077500104904175,-0.08124999701976776
493,-2.6521248817443848,0.7597032785415649,-3.0662500858306885,-0.38624998927116394
494,-2.613875150680542,0.7826842069625854,-3.077500104904175,-0.28125
495,-2.3962502479553223,0.9643393158912659,-3.0250000953674316,-0.39500001072883606
496,-2.556999921798706,1.0648795366287231,-3.1524999141693115,0.6225000023841858
497,-2.6681249141693115,0.7236732244491577,-3.108750104904175,-0.5299999713897705
498,-2.6586248874664307,0.574504554271698,-2.987499952316284,-0.9662500023841858
499,-2.5195000171661377,0.7662312984466553,-3.109999895095825,-0.9649999737739563
500,-2.9111251831054688,0.06559694558382034,-3.002500057220459,-2.7874999046325684
501,-2.730875015258789,0.7554334998130798,-3.15625,-0.4950000047683716
502,-2.4971249103546143,1.1122759580612183,-3.046250104904175,0.8324999809265137
503,-2.652374744415283,0.838446319103241,-3.216249942779541,-0.1599999964237213
504,-2.545875072479248,0.7981829047203064,-3.012500047683716,-0.8500000238418579
505,-2.546875,1.146742820739746,-3.043750047683716,0.887499988079071
506,-2.185499668121338,1.188188076019287,-3.0250000953674316,0.13375000655651093
507,-2.6978750228881836,0.6559041738510132,-3.0625,-0.7524999976158142
508,-2.4804999828338623,0.9139937162399292,-3.046250104904175,-0.5799999833106995
509,-2.7602500915527344,0.5359573364257812,-3.055000066757202,-1.1675000190734863
510,-2.348875045776367,1.2847334146499634,-3.0587499141693115,1.0162500143051147
511,-2.1801247596740723,1.2639803886413574,-3.171250104904175,0.06499999761581421
512,-2.3817501068115234,1.0602117776870728,-3.028749942779541,0.10249999910593033
513,-2.046875,1.2526161670684814,-2.9725000858306885,0.05874999985098839
514,-2.285874843597412,1.3848463296890259,-3.2125000953674316,1.0212500095367432
515,-2.705625057220459,0.5331874489784241,-3.0512499809265137,-1.1399999856948853
516,-2.7426249980926514,0.7102271914482117,-3.240000009536743,-0.6549999713897705
517,-2.28475022315979,1.1400233507156372,-3.018749952316284,0.12125000357627869
518,-2.379624843597412,1.0639463663101196,-3.1075000762939453,0.2750000059604645
519,-1.9872499704360962,1.5041989088058472,-3.109999895095825,0.9125000238418579
520,-2.3451249599456787,1.0101886987686157,-2.9774999618530273,-0.23749999701976776
521,-2.514625072479248,0.8079022169113159,-3.0999999046325684,-0.7475000023841858
522,-2.473749876022339,0.9218738079071045,-3.223750114440918,-0.6087499856948853
523,-2.916749954223633,0.1370449662208557,-3.223750114440918,-2.71875
524,-2.4453749656677246,1.3149515390396118,-3.0425000190734863,1.4900000095367432
525,-2.6892497539520264,0.8769530057907104,-3.1887500286102295,-0.07500000298023224
526,-2.385625123977661,1.1639885902404785,-3.009999990463257,0.6225000023841858
527,-2.319499969482422,1.2885295152664185,-3.21875,0.8199999928474426
528,-2.350250005722046,1.1989789009094238,-3.057499885559082,0.956250011920929
529,-2.938499927520752,0.12436560541391373,-3.237499952316284,-2.7300000190734863
530,-2.726249933242798,0.5333112478256226,-3.257499933242798,-1.1762499809265137
531,-2.3934998512268066,1.1987065076828003,-3.1187500953674316,0.606249988079071
532,-2.4804999828338623,1.1714545488357544,-3.158750057220459,0.5512499809265137
533,-2.9221248626708984,0.09644629806280136,-3.0662500858306885,-2.7437500953674316
534,-2.411374807357788,1.181093454360962,-3.072499990463257,0.6712499856948853
535,-2.2977497577667236,1.176368236541748,-2.8812499046325684,0.8075000047683716
536,-2.3152499198913574,1.3409764766693115,-3.0662500858306885,1.1725000143051147
537,-2.434875011444092,0.8463852405548096,-2.908750057220459,-0.42500001192092896
538,-2.497499942779541,0.7591429948806763,-2.987499952316284,-0.9100000262260437
539,-2.8711249828338623,0.10775469243526459,-3.028749942779541,-2.6987500190734863
540,-2.462249994277954,0.8983271718025208,-3.046250104904175,-0.550000011920929
541,-2.7754998207092285,0.46990394592285156,-3.141249895095825,-1.3912500143051147
542,-2.4066250324249268,1.035815715789795,-3.0537500381469727,0.0062500000931322575
543,-2.2188751697540283,1.196396827697754,-3.103749990463257,0.29374998807907104
544,-2.4342503547668457,0.8985495567321777,-3.0174999237060547,-0.5199999809265137
545,-2.4050002098083496,1.03437340259552,-3.0587499141693115,0.1837500035762787
546,-2.3111250400543213,1.388862133026123,-3.1962499618530273,0.6812499761581421
547,-2.907249927520752,0.12322720140218735,-3.2012500762939453,-2.7725000381469727
548,-2.5117502212524414,1.103304147720337,-3.115000009536743,0.7850000262260437
549,-2.9041249752044678,0.06940151751041412,-3.047499895095825,-2.8162500858306885
550,-2.249000072479248,0.9642593860626221,-3.0999999046325684,-0.39625000953674316
551,-2.7055001258850098,0.6275593042373657,-3.0975000858306885,-0.8487499952316284
552,-2.9941248893737793,0.06422141194343567,-3.143749952316284,-2.922499895095825
553,-2.6928749084472656,0.7245201468467712,-3.081249952316284,-0.5287500023841858
554,-2.539874792098999,0.8964991569519043,-3.265000104904175,-0.6887500286102295
555,-2.25849986076355,1.3123146295547485,-2.9649999141693115,1.0850000381469727
556,-2.484375,1.1149036884307861,-3.083750009536743,0.84375
557,-2.484374761581421,0.851150631904602,-3.1137499809265137,-0.7699999809265137
558,-2.7200000286102295,0.662930965423584,-3.1187500953674316,-0.7587500214576721
559,-1.776249885559082,1.4050848484039307,-2.9862499237060547,0.862500011920929
560,-2.496875047683716,0.9455540180206299,-3.2874999046325684,-0.4987500011920929
561,-2.3742501735687256,1.1666522026062012,-3.055000066757202,0.7087500095367432
562,-2.714125156402588,0.603111207485199,-2.990000009536743,-0.9175000190734863
563,-2.6932501792907715,0.7212116718292236,-3.0587499141693115,-0.543749988079071
564,-2.6252501010894775,0.7777453064918518,-2.987499952316284,-0.30375000834465027
565,-2.232874870300293,1.4574003219604492,-3.1675000190734863,1.5087499618530273
566,-2.3137500286102295,1.2595797777175903,-3.0174999237060547,0.8374999761581421
567,-2.948625087738037,0.10805010795593262,-3.15625,-2.817500114440918
568,-2.0203752517700195,1.0742998123168945,-3.202500104904175,-0.3050000071525574
569,-2.4191248416900635,1.000368595123291,-3.163749933242798,0.014999999664723873
570,-2.413249969482422,1.1381089687347412,-3.081249952316284,0.1574999988079071
571,-2.689500093460083,0.6622651219367981,-3.086250066757202,-0.7137500047683716
572,-2.7402498722076416,0.6752351522445679,-3.444999933242798,-0.7875000238418579
573,-2.7013750076293945,0.6532506346702576,-3.151249885559082,-0.7749999761581421
574,-2.5812501907348633,1.229263186454773,-3.2012500762939453,1.0950000286102295
575,-2.2966251373291016,0.9229423403739929,-3.0325000286102295,-0.7212499976158142
576,-1.4436248540878296,1.5858163833618164,-3.203749895095825,1.0612499713897705
577,-2.535250186920166,1.195799708366394,-3.1549999713897705,1.0325000286102295
578,-2.949125051498413,0.18153603374958038,-3.331249952316284,-2.731250047683716
579,-2.4891250133514404,0.8092815279960632,-3.077500104904175,-0.7524999976158142
580,-2.2568752765655518,1.082751750946045,-3.2174999713897705,-0.42875000834465027
581,-2.3662500381469727,1.168717861175537,-3.047499895095825,0.42500001192092896
582,-2.0390000343322754,1.3870750665664673,-2.950000047683716,1.1675000190734863
583,-2.260124921798706,1.2581214904785156,-3.0662500858306885,0.5724999904632568
584,-1.9357500076293945,1.2365531921386719,-3.077500104904175,-0.22875000536441803
585,-2.520250082015991,1.1595783233642578,-3.265000104904175,0.9350000023841858
586,-2.0362496376037598,1.1075010299682617,-3.047499895095825,-0.5712500214576721
587,-2.949249744415283,0.1308950036764145,-3.1700000762939453,-2.684999942779541
588,-2.954124927520752,0.18009205162525177,-3.286250114440918,-2.6875
589,-2.7068750858306885,0.5922549962997437,-3.021250009536743,-0.9424999952316284
590,-2.388000011444092,1.0223239660263062,-2.947499990463257,0.03500000014901161
591,-2.8872504234313965,0.09506871551275253,-3.009999990463257,-2.71875
592,-2.901250123977661,0.10745782405138016,-3.046250104904175,-2.700000047683716
593,-2.5213749408721924,1.227705955505371,-3.494999885559082,1.0950000286102295
594,-2.4640002250671387,0.8554024696350098,-2.9912500381469727,-0.5199999809265137
595,-1.997249960899353,1.7077486515045166,-3.452500104904175,1.3250000476837158
596,-1.8796249628067017,1.611077904701233,-3.2987499237060547,1.471250057220459
597,-2.1553750038146973,1.2226618528366089,-3.0975000858306885,0.5525000095367432
598,-2.711125135421753,0.6363829374313354,-3.0587499141693115,-0.8187500238418579
599,-2.8264999389648438,0.09287561476230621,-2.978749990463257,-2.6424999237060547
600,-2.6907501220703125,0.7073231339454651,-3.2049999237060547,-0.6050000190734863
601,-2.0808749198913574,1.6114752292633057,-3.055000066757202,1.4900000095367432
602,-2.466749906539917,0.9914613366127014,-3.257499933242798,-0.29499998688697815
603,-2.9120001792907715,0.18270127475261688,-3.257499933242798,-2.666249990463257
604,-2.2108752727508545,1.3945204019546509,-3.055000066757202,1.3174999952316284
605,-2.113375186920166,1.3209562301635742,-3.1700000762939453,0.6587499976158142
606,-1.9361250400543213,1.4196035861968994,-3.0062499046325684,0.7099999785423279
607,-2.1051249504089355,1.366080403327942,-3.069999933242798,1.1612499952316284
608,-2.180500030517578,1.0735653638839722,-3.115000009536743,-0.39250001311302185
609,-2.474874973297119,1.0049726963043213,-3.166249990463257,-0.3199999928474426
610,-2.0995001792907715,1.1154905557632446,-3.351249933242798,-0.49000000953674316
611,-2.559500217437744,0.9004887938499451,-3.1937499046325684,-0.6899999976158142
612,-1.9296249151229858,1.275810718536377,-3.009999990463257,0.6287500262260437
613,-2.9644999504089355,0.2204393595457077,-3.490000009536743,-2.7362499237060547
614,-2.908750295639038,0.1399877518415451,-3.0662500858306885,-2.5924999713897705
615,-1.8992500305175781,1.608219027519226,-3.026249885559082,1.0787500143051147
616,-2.206249952316284,1.0262537002563477,-2.9574999809265137,-0.5562499761581421
617,-2.6524999141693115,0.6675718426704407,-3.083750009536743,-0.6787499785423279
618,-2.7583749294281006,0.6078070402145386,-3.180000066757202,-0.956250011920929
619,-2.654249906539917,1.0160481929779053,-3.0999999046325684,0.38374999165534973
620,-2.4253745079040527,1.1261792182922363,-3.122499942779541,0.5287500023841858
621,-2.940999984741211,0.11217006295919418,-3.112499952316284,-2.7799999713897705
622,-2.067500114440918,1.2816977500915527,-3.0662500858306885,0.19249999523162842
623,-2.657249927520752,0.6314971446990967,-3.0399999618530273,-0.7850000262260437
624,-2.206749677658081,1.5063912868499756,-3.1112499237060547,1.4950000047683716
625,-2.7748751640319824,0.6828416585922241,-3.180000066757202,-0.7475000023841858
626,-2.630000352859497,1.1424100399017334,-3.4700000286102295,0.7524999976158142
627,-2.5053751468658447,0.8213567137718201,-3.0587499141693115,-0.6899999976158142
628,-2.0502500534057617,1.0934160947799683,-3.096250057220459,-0.5112500190734863
629,-2.7033751010894775,0.607487142086029,-3.1962499618530273,-0.9100000262260437
630,-2.253124952316284,1.0862209796905518,-3.1449999809265137,-0.028750000521540642
631,-2.4119999408721924,1.038425326347351,-3.211250066757202,-0.14000000059604645
632,-2.7063748836517334,0.6730667352676392,-3.055000066757202,-0.7024999856948853
633,-2.4166250228881836,0.8370534777641296,-2.9362499713897705,-0.518750011920929
634,-2.2603750228881836,1.1625854969024658,-3.453749895095825,0.028750000521540642
635,-2.542250156402588,0.8563430309295654,-3.028749942779541,-0.8237500190734863
636,-2.6816251277923584,0.668432354927063,-2.978749990463257,-0.6825000047683716
637,-2.6867499351501465,0.6459155678749084,-2.96875,-0.7549999952316284
638,-2.0113749504089355,1.1370576620101929,-3.0737500190734863,-0.4012500047683716
639,-2.337625026702881,1.148543119430542,-3.122499942779541,0.4662500023841858
640,-2.492000102996826,1.1326136589050293,-3.0274999141693115,0.8974999785423279
641,-2.3162498474121094,1.245552897453308,-3.0062499046325684,0.8187500238418579
642,-2.6714999675750732,0.8615612387657166,-3.192500114440918,-0.12125000357627869
643,-2.382499933242798,1.2809908390045166,-3.3137500286102295,0.9712499976158142
644,-2.7279999256134033,0.682103157043457,-3.572499990463257,-0.8025000095367432
645,-2.6524999141693115,0.7840179204940796,-3.106250047683716,-0.3149999976158142
646,-2.4801249504089355,0.830225944519043,-3.009999990463257,-0.8062499761581421
647,-2.205749988555908,1.1099445819854736,-3.0,0.03125
648,-2.918499708175659,0.11718812584877014,-3.141249895095825,-2.7300000190734863
649,-2.492000102996826,0.8491008281707764,-3.081249952316284,-0.75
650,-2.7437500953674316,0.799278736114502,-3.5875000953674316,-0.42750000953674316
651,-2.4993748664855957,0.953069269657135,-3.1362500190734863,-0.5975000262260437
652,-1.9393749237060547,1.53990638256073,-3.03125,1.3362499475479126
653,-2.984999895095825,0.10819979757070541,-3.2125000953674316,-2.8499999046325684
654,-2.4312500953674316,1.0482161045074463,-3.1675000190734863,-0.2212499976158142
655,-2.502624988555908,0.9044949412345886,-3.257499933242798,-0.6974999904632568
656,-2.5133748054504395,1.0638760328292847,-3.043750047683716,0.6650000214576721
657,-2.4664998054504395,0.9298529624938965,-3.059999942779541,-0.5287500023841858
658,-2.4688751697540283,0.9084828495979309,-3.0850000381469727,-0.59375
659,-2.093125104904175,1.3056455850601196,-3.103749990463257,0.7337499856948853
660,-1.7646249532699585,1.4020233154296875,-3.0274999141693115,0.9925000071525574
661,-2.486374855041504,0.9462649822235107,-3.2012500762939453,-0.5249999761581421
662,-2.196125030517578,1.2063474655151367,-3.1237499713897705,0.3462499976158142
663,-2.654874801635742,0.7919379472732544,-3.038749933242798,-0.29374998807907104
664,-2.8436248302459717,0.0916096642613411,-2.9800000190734863,-2.697499990463257
665,-2.0855000019073486,1.3928954601287842,-3.1075000762939453,1.1200000047683716
666,-2.575500011444092,0.8440758585929871,-2.9862499237060547,-0.05624999850988388
667,-2.9322500228881836,0.09082572907209396,-3.069999933242798,-2.8087499141693115
668,-2.290250062942505,1.1105244159698486,-3.091249942779541,0.2775000035762787
669,-1.5969998836517334,1.7043923139572144,-3.122499942779541,1.0212500095367432
670,-2.015500068664551,1.199861764907837,-3.0687499046325684,0.3799999952316284
671,-2.857499837875366,0.057643864303827286,-2.930000066757202,-2.737499952316284
672,-2.1722500324249268,1.458550214767456,-3.046250104904175,1.2100000381469727
673,-2.4735000133514404,1.006855845451355,-3.0399999618530273,-0.4449999928474426
674,-2.7073750495910645,0.7160618305206299,-3.077500104904175,-0.5699999928474426
675,-1.8341249227523804,1.4131492376327515,-3.130000114440918,0.5737500190734863
676,-1.813249945640564,1.5425986051559448,-3.411250114440918,1.221250057220459
677,-2.7100002765655518,0.6964371204376221,-3.0712499618530273,-0.6399999856948853
678,-2.1614997386932373,1.0764037370681763,-2.934999942779541,0.07124999910593033
679,-2.3708748817443848,1.1441808938980103,-3.0950000286102295,0.4050000011920929
680,-2.683500051498413,0.7122538089752197,-3.047499895095825,-0.5737500190734863
681,-1.4100000858306885,1.2487339973449707,-3.0350000858306885,0.8349999785423279
682,-1.7962499856948853,1.1303297281265259,-2.9674999713897705,-0.47874999046325684
683,-2.349874973297119,1.1342178583145142,-3.041249990463257,0.5375000238418579
684,-2.65975022315979,0.8764141798019409,-3.4437499046325684,-0.09624999761581421
685,-2.0117499828338623,1.5614230632781982,-3.174999952316284,0.9100000262260437
686,-2.6075000762939453,0.9818349480628967,-3.0487499237060547,0.32749998569488525
687,-2.951500177383423,0.11513825505971909,-3.130000114440918,-2.7874999046325684
688,-2.6015000343322754,1.0355747938156128,-3.1137499809265137,0.49000000953674316
689,-2.0622501373291016,1.1193095445632935,-3.130000114440918,-0.4325000047683716
690,-2.5803751945495605,1.147302269935608,-3.0799999237060547,0.8550000190734863
691,-2.455125093460083,1.2948967218399048,-2.961250066757202,1.4199999570846558
692,-2.501124858856201,0.9282248616218567,-3.151249885559082,-0.47749999165534973
693,-1.9755001068115234,1.5237356424331665,-3.0999999046325684,0.8737499713897705
694,-2.5214998722076416,0.8579659461975098,-3.208750009536743,-0.6837499737739563
695,-2.693999767303467,0.6803068518638611,-3.0399999618530273,-0.6675000190734863
696,-1.7620000839233398,1.4568239450454712,-3.0687499046325684,0.6212499737739563
697,-2.3136250972747803,1.1802294254302979,-3.0512499809265137,0.7475000023841858
698,-2.9388749599456787,0.21295134723186493,-3.4937500953674316,-2.7100000381469727
699,-2.9804999828338623,0.15988489985466003,-3.2874999046325684,-2.7562499046325684
700,-2.238375186920166,0.986412525177002,-2.950000047683716,-0.6200000047683716
701,-2.5185000896453857,0.712695300579071,-2.978749990463257,-0.949999988079071
702,-2.715749740600586,0.719955325126648,-3.206249952316284,-0.5849999785423279
703,-2.7643749713897705,0.7279616594314575,-3.5537500381469727,-0.6712499856948853
704,-2.1201250553131104,1.325862169265747,-3.197499990463257,0.793749988079071
705,-2.2058749198913574,1.1735315322875977,-3.069999933242798,-0.36000001430511475
706,-2.7906250953674316,0.6685591340065002,-3.166249990463257,-0.8137500286102295
707,-1.9703752994537354,1.1127634048461914,-2.950000047683716,-0.41999998688697815
708,-2.229749917984009,1.1184818744659424,-3.0712499618530273,-0.09125000238418579
709,-2.9021248817443848,0.0958792120218277,-3.0587499141693115,-2.7300000190734863
710,-2.5945000648498535,0.989374041557312,-3.096250057220459,0.35249999165534973
711,-2.3933749198913574,0.9691112041473389,-3.0112500190734863,-0.13875000178813934
712,-2.486250162124634,0.9279534816741943,-3.3212499618530273,-0.4925000071525574
713,-2.2513749599456787,1.1326098442077637,-3.1887500286102295,-0.4650000035762787
714,-2.4866249561309814,0.8921102285385132,-3.197499990463257,-0.5887500047683716
715,-2.44462513923645,0.9738109707832336,-3.2225000858306885,-0.38999998569488525
716,-2.6892502307891846,0.6290094256401062,-3.0325000286102295,-0.8187500238418579
717,-2.9473750591278076,0.11982467025518417,-3.15625,-2.759999990463257
718,-2.4443747997283936,0.8779022097587585,-3.103749990463257,-0.6662499904632568
719,-1.964750051498413,1.262427806854248,-3.3399999141693115,0.07124999910593033
720,-2.386000156402588,1.0017740726470947,-3.005000114440918,-0.33500000834465027
721,-2.444999933242798,0.9250907897949219,-3.023750066757202,-0.3362500071525574
722,-1.8241249322891235,1.4131635427474976,-2.9825000762939453,1.037500023841858
723,-2.268625020980835,1.0098915100097656,-3.098750114440918,-0.6625000238418579
724,-2.2848751544952393,1.0928300619125366,-3.141249895095825,-0.3700000047683716
725,-2.470374822616577,0.9151614308357239,-3.0737500190734863,-0.6299999952316284
726,-2.4628748893737793,0.8105482459068298,-3.0924999713897705,-0.5550000071525574
727,-1.683500051498413,1.6115754842758179,-3.081249952316284,0.9337499737739563
728,-2.766624927520752,0.7350623607635498,-3.398750066757202,-0.6237499713897705
729,-1.966499924659729,1.4993433952331543,-3.115000009536743,1.2400000095367432
730,-2.4391252994537354,0.9299685955047607,-3.166249990463257,-0.53125
731,-2.4871249198913574,0.9532092213630676,-3.2825000286102295,-0.5724999904632568
732,-2.3374998569488525,1.1560769081115723,-3.0250000953674316,0.6675000190734863
733,-2.664875030517578,0.6737325191497803,-2.9749999046325684,-0.6537500023841858
734,-2.283750057220459,1.273697853088379,-3.0174999237060547,0.8174999952316284
735,-1.780750036239624,1.1606882810592651,-2.997499942779541,-0.39125001430511475
736,-2.8787498474121094,0.06709133833646774,-2.96875,-2.7412500381469727
737,-2.5353751182556152,0.7117279171943665,-3.028749942779541,-1.118749976158142
738,-2.137500286102295,1.33538019657135,-3.223750114440918,0.8487499952316284
739,-2.0283749103546143,1.3812259435653687,-2.9912500381469727,1.1662499904632568
740,-2.0023751258850098,1.1692105531692505,-3.038749933242798,-0.3125
741,-2.348374843597412,1.173938512802124,-3.0512499809265137,0.3199999928474426
742,-1.8497499227523804,1.3593406677246094,-2.9825000762939453,0.9787499904632568
743,-2.4358749389648438,0.9352251291275024,-3.125,-0.5562499761581421
744,-2.687624931335449,0.7061231136322021,-3.0850000381469727,-0.5874999761581421
745,-1.9498751163482666,1.1834073066711426,-2.956249952316284,-0.2787500023841858
746,-2.162874937057495,1.1859214305877686,-3.0174999237060547,-0.24375000596046448
747,-2.4825000762939453,0.9610424041748047,-3.1212499141693115,-0.3075000047683716
748,-2.4841253757476807,0.8651712536811829,-3.091249942779541,-0.5450000166893005
749,-1.7264999151229858,1.5703176259994507,-3.34375,1.2687499523162842
750,-2.693124771118164,0.7402426600456238,-3.1112499237060547,-0.5074999928474426
751,-1.5556249618530273,1.4939932823181152,-3.242500066757202,1.252500057220459
752,-2.24399995803833,1.4190764427185059,-3.016249895095825,1.3312499523162842
753,-2.0572500228881836,1.3616340160369873,-3.005000114440918,1.246250033378601
754,-2.277750015258789,1.0294654369354248,-3.0662500858306885,-0.5212500095367432
755,-2.3908751010894775,1.084377408027649,-3.1600000858306885,0.3787499964237213
756,-1.6826251745224,1.4943395853042603,-3.065000057220459,0.8125
757,-2.055999994277954,1.2885897159576416,-3.0924999713897705,0.5249999761581421
758,-2.341750144958496,1.0565334558486938,-3.53125,-0.5575000047683716
759,-2.276124954223633,1.0458420515060425,-3.190000057220459,-0.5737500190734863
760,-2.419874906539917,0.8597662448883057,-2.973750114440918,-0.4737499952316284
761,-2.4836249351501465,0.922008752822876,-3.2100000381469727,-0.6412500143051147
762,-2.191624879837036,1.148079752922058,-3.140000104904175,-0.07000000029802322
763,-2.4809999465942383,1.2559409141540527,-3.0587499141693115,1.274999976158142
764,-1.920374870300293,1.2230724096298218,-2.9549999237060547,-0.23000000417232513
765,-2.4030001163482666,0.9415131211280823,-3.0,-0.3149999976158142
766,-2.509999990463257,1.1086214780807495,-3.8687500953674316,-0.2212499976158142
767,-1.597749948501587,1.3299446105957031,-3.002500057220459,0.5262500047683716
768,-2.7130000591278076,0.5869588255882263,-2.994999885559082,-0.9612500071525574
769,-2.7120001316070557,0.7137592434883118,-3.1449999809265137,-0.5987499952316284
770,-2.189375162124634,1.4623316526412964,-3.081249952316284,1.1825000047683716
771,-1.7171249389648438,1.4906986951828003,-2.9987499713897705,1.0262500047683716
772,-2.295374870300293,1.3394838571548462,-3.2725000381469727,0.9912499785423279
773,-2.189375162124634,1.2430700063705444,-3.059999942779541,0.27000001072883606
774,-2.7012500762939453,0.6189926862716675,-2.9800000190734863,-0.8512499928474426
775,-2.0623748302459717,1.4237189292907715,-3.081249952316284,1.2637499570846558
776,-2.302374839782715,0.9908565282821655,-3.028749942779541,-0.6412500143051147
777,-2.0476250648498535,1.3585052490234375,-3.231250047683716,0.5350000262260437
778,-2.5481250286102295,1.0978728532791138,-3.515000104904175,-0.1587499976158142
779,-2.108750104904175,1.382566213607788,-3.208750009536743,1.0850000381469727
780,-2.333625078201294,1.0677706003189087,-3.598750114440918,-0.59375
781,-2.6887500286102295,0.6317821741104126,-3.0662500858306885,-0.8149999976158142
782,-2.578249931335449,0.9117681980133057,-3.4024999141693115,-0.6912500262260437
783,-2.127624988555908,1.1430740356445312,-2.976249933242798,-0.10875000059604645
784,-2.460750102996826,0.8925617933273315,-3.0512499809265137,-0.6175000071525574
785,-1.9242502450942993,1.3062407970428467,-3.083750009536743,0.8262500166893005
786,-1.7352501153945923,1.5602539777755737,-3.0850000381469727,1.2412500381469727
787,-2.0783748626708984,1.0485919713974,-3.057499885559082,-0.48249998688697815
788,-2.4246249198913574,1.032081127166748,-3.302500009536743,-0.33000001311302185
789,-2.3600001335144043,1.0506001710891724,-3.1862499713897705,-0.35249999165534973
790,-2.3511252403259277,1.201779842376709,-3.108750104904175,0.6537500023841858
791,-2.527250289916992,0.8753165006637573,-3.101249933242798,-0.48249998688697815
792,-2.241499900817871,1.0254855155944824,-3.106250047683716,-0.4399999976158142
793,-2.348374843597412,1.1102999448776245,-3.617500066757202,-0.643750011920929
794,-2.161374807357788,1.120586633682251,-3.049999952316284,-0.2537499964237213
795,-2.477750062942505,0.8562811017036438,-3.0924999713897705,-0.574999988079071
796,-2.4866249561309814,0.9601579308509827,-3.4512500762939453,-0.5512499809265137
797,-2.3243749141693115,0.9233500957489014,-3.0374999046325684,-0.5799999833106995
798,-2.05537486076355,1.100342869758606,-3.242500066757202,-0.5162500143051147
799,-2.175999879837036,1.0566264390945435,-2.9825000762939453,-0.48750001192092896
800,-2.6132500171661377,0.7100191712379456,-3.141249895095825,-0.5237500071525574
801,-1.8894999027252197,1.4463610649108887,-3.153749942779541,0.8987500071525574
802,-1.8581249713897705,1.2094600200653076,-2.9937500953674316,-0.20999999344348907
803,-2.238375186920166,1.0598256587982178,-3.055000066757202,-0.574999988079071
804,-2.360875129699707,1.0902537107467651,-3.192500114440918,-0.125
805,-2.0677499771118164,1.209043264389038,-3.711250066757202,-0.4099999964237213
806,-2.2351250648498535,1.1505639553070068,-3.088749885559082,-0.44624999165534973
807,-1.6427500247955322,1.3985337018966675,-3.0350000858306885,1.0499999523162842
808,-2.494000196456909,0.9100089073181152,-3.141249895095825,-0.574999988079071
809,-2.2814998626708984,1.2455663681030273,-3.03125,0.7387499809265137
810,-2.3052501678466797,1.1531367301940918,-3.305000066757202,-0.06499999761581421
811,-1.9739997386932373,1.4869791269302368,-3.130000114440918,1.1712499856948853
812,-2.222374677658081,1.088078498840332,-3.1575000286102295,-0.44999998807907104
813,-1.5807498693466187,1.7718908786773682,-3.0350000858306885,1.5412499904632568
814,-2.293750047683716,1.2417209148406982,-3.1862499713897705,0.6762499809265137
815,-2.1545000076293945,1.0249992609024048,-2.966249942779541,-0.5137500166893005
816,-2.2218751907348633,1.1612610816955566,-3.096250057220459,-0.2787500023841858
817,-1.8936249017715454,1.5921814441680908,-3.1937499046325684,1.5125000476837158
818,-1.4927499294281006,1.2573423385620117,-3.0450000762939453,0.054999999701976776
819,-2.220750093460083,1.073388934135437,-3.359999895095825,-0.4037500023841858
820,-1.9908748865127563,1.2576167583465576,-3.2799999713897705,-0.042500000447034836
821,-2.3268749713897705,1.2998249530792236,-3.2049999237060547,0.8550000190734863
822,-1.4429999589920044,1.3340238332748413,-3.213749885559082,0.8374999761581421
823,-2.133000135421753,1.1950057744979858,-2.978749990463257,0.4037500023841858
824,-1.7858749628067017,1.4967834949493408,-3.223750114440918,1.1749999523162842
825,-2.4563748836517334,0.8954350352287292,-2.9375,-0.39500001072883606
826,-2.4372498989105225,1.0777894258499146,-3.177500009536743,-0.26124998927116394
827,-2.669374942779541,0.6754249334335327,-3.065000057220459,-0.6725000143051147
828,-1.9663749933242798,1.2466048002243042,-3.141249895095825,-0.21250000596046448
829,-1.1913750171661377,1.5569896697998047,-3.0999999046325684,1.100000023841858
830,-2.238374948501587,1.030492901802063,-3.1624999046325684,-0.5950000286102295
831,-2.3123748302459717,1.1866965293884277,-3.009999990463257,0.5512499809265137
832,-1.8983749151229858,1.7334271669387817,-3.233750104904175,1.252500057220459
833,-2.03487491607666,1.4103649854660034,-3.1112499237060547,1.2649999856948853
834,-1.902000069618225,1.3526829481124878,-3.0612499713897705,0.7037500143051147
835,-1.6568750143051147,1.2402971982955933,-3.016249895095825,0.5262500047683716
836,-1.4296249151229858,1.4751111268997192,-2.9674999713897705,0.6962500214576721
837,-1.9696251153945923,1.3742047548294067,-3.497499942779541,0.48875001072883606
838,-2.4721248149871826,1.3035327196121216,-4.210000038146973,0.5687500238418579
839,-2.4535000324249268,0.9666462540626526,-3.069999933242798,-0.33375000953674316
840,-1.8057501316070557,1.3932408094406128,-2.9375,1.1712499856948853
841,-1.6967499256134033,1.5030643939971924,-3.538749933242798,0.6800000071525574
842,-2.4751250743865967,1.022956132888794,-3.643749952316284,-0.20000000298023224
843,-1.9323749542236328,1.2388163805007935,-3.109999895095825,0.04125000163912773
844,-2.4317498207092285,0.9806710481643677,-3.098750114440918,-0.33000001311302185
845,-2.192500114440918,1.3991543054580688,-3.012500047683716,1.3537499904632568
846,-2.1069998741149902,1.273087978363037,-3.021250009536743,0.3474999964237213
847,-2.298875093460083,1.0614135265350342,-3.134999990463257,-0.3449999988079071
848,-2.031750202178955,1.0112028121948242,-3.043750047683716,-0.42750000953674316
849,-1.7935001850128174,1.200032353401184,-3.216249942779541,-0.4362500011920929
850,-1.3726249933242798,1.4637858867645264,-3.109999895095825,0.8849999904632568
851,-2.164249897003174,1.148385763168335,-3.130000114440918,-0.20874999463558197
852,-2.064499855041504,1.0523536205291748,-3.057499885559082,-0.3512499928474426
853,-1.9214999675750732,1.2815992832183838,-2.981250047683716,0.3474999964237213
854,-1.8441250324249268,1.343902349472046,-3.096250057220459,0.26249998807907104
855,-1.8037500381469727,1.3991889953613281,-2.9625000953674316,1.024999976158142
856,-2.1071250438690186,1.236493468284607,-3.0174999237060547,0.45249998569488525
857,-1.941499948501587,1.2200900316238403,-3.055000066757202,0.021250000223517418
858,-1.7174999713897705,1.6340464353561401,-3.1624999046325684,1.3937499523162842
859,-1.7616249322891235,1.4504835605621338,-3.119999885559082,0.5450000166893005
860,-2.140249729156494,1.2778583765029907,-3.2387499809265137,0.1899999976158142
861,-2.399125099182129,0.9737833142280579,-3.233750104904175,-0.25999999046325684
862,-2.179874897003174,1.113073706626892,-3.0399999618530273,-0.29875001311302185
863,-1.8989999294281006,1.3343801498413086,-3.112499952316284,0.2737500071525574
864,-2.619874954223633,0.8293726444244385,-3.023750066757202,-0.14374999701976776
865,-1.641374945640564,1.297780990600586,-3.036250114440918,0.2150000035762787
866,-2.1580002307891846,1.147928237915039,-3.0799999237060547,0.1262499988079071
867,-2.6449999809265137,0.5391688942909241,-2.9024999141693115,-1.034999966621399
868,-2.184499740600586,1.055047869682312,-3.043750047683716,-0.5612499713897705
869,-2.2865002155303955,1.0662329196929932,-3.384999990463257,-0.543749988079071
870,-1.7181251049041748,1.5780119895935059,-3.208750009536743,0.8037499785423279
871,-1.534500002861023,1.184692144393921,-3.0625,-0.22624999284744263
872,-2.5128750801086426,0.8553560972213745,-3.0999999046325684,-0.7437499761581421
873,-1.988624930381775,1.1585544347763062,-3.172499895095825,-0.22750000655651093
874,-1.9991248846054077,1.2046663761138916,-3.088749885559082,-0.32499998807907104
875,-1.944624900817871,1.4637125730514526,-3.046250104904175,0.6725000143051147
876,-2.5492501258850098,1.007491946220398,-3.6024999618530273,-0.3425000011920929
877,-2.2955000400543213,1.3550705909729004,-3.396250009536743,1.0325000286102295
878,-1.6302502155303955,1.6118881702423096,-2.987499952316284,1.1124999523162842
879,-2.05400013923645,1.3747668266296387,-3.2300000190734863,0.9537500143051147
880,-2.309875011444092,1.4218469858169556,-3.291249990463257,1.1675000190734863
881,-2.0712499618530273,1.3831877708435059,-2.9987499713897705,1.1299999952316284
882,-2.1443750858306885,1.2886236906051636,-3.0799999237060547,0.9162499904632568
883,-2.361375093460083,1.3515937328338623,-3.3949999809265137,0.925000011920929
884,-1.7908750772476196,1.5054895877838135,-3.0325000286102295,1.027500033378601
885,-2.590625047683716,0.9809903502464294,-3.012500047683716,0.3474999964237213
886,-1.7367500066757202,1.6080052852630615,-3.190000057220459,1.1062500476837158
887,-2.0814998149871826,1.2064706087112427,-3.148750066757202,0.26499998569488525
888,-2.0472500324249268,1.3941298723220825,-3.1112499237060547,0.5687500238418579
889,-2.397624969482422,1.065984845161438,-3.1262500286102295,0.2487500011920929
890,-2.139625072479248,1.1627836227416992,-2.981250047683716,-0.1599999964237213
891,-1.9514999389648438,1.4777336120605469,-3.0174999237060547,1.0199999809265137
892,-1.8894999027252197,1.1732380390167236,-2.9700000286102295,-0.3487499952316284
893,-2.250124931335449,1.285295009613037,-3.174999952316284,0.9474999904632568
894,-1.3475000858306885,1.3021912574768066,-3.0662500858306885,0.0012499999720603228
895,-2.1836249828338623,1.1291162967681885,-3.112499952316284,-0.1837500035762787
896,-2.5234999656677246,0.9974874258041382,-3.5562500953674316,-0.29499998688697815
897,-2.7853751182556152,0.8084694147109985,-3.7512500286102295,-0.5162500143051147
898,-2.2365000247955322,1.2079787254333496,-3.216249942779541,-0.26625001430511475
899,-1.6185001134872437,1.2592837810516357,-3.0737500190734863,-0.23250000178813934
900,-1.6684999465942383,1.3607101440429688,-2.9800000190734863,0.9350000023841858
901,-1.934000015258789,1.3056150674819946,-3.103749990463257,-0.1525000035762787
902,-2.4081249237060547,1.0126694440841675,-3.6624999046325684,-0.7200000286102295
903,-2.4418749809265137,0.9495718479156494,-3.2125000953674316,-0.543749988079071
904,-1.9023752212524414,1.2456272840499878,-3.234999895095825,0.10999999940395355
905,-1.6560001373291016,1.270463228225708,-3.0662500858306885,0.017500000074505806
906,-1.8713750839233398,1.3102449178695679,-3.1937499046325684,0.032499998807907104
907,-1.8068749904632568,1.2813199758529663,-3.021250009536743,0.3199999928474426
908,-1.3342500925064087,1.6733644008636475,-3.171250104904175,0.9412500262260437
909,-1.8661248683929443,1.2541166543960571,-3.0250000953674316,0.14000000059604645
910,-2.4307501316070557,0.9710904359817505,-3.0512499809265137,-0.2800000011920929
911,-2.247000217437744,0.9632273316383362,-2.984999895095825,-0.5687500238418579
912,-1.8496249914169312,1.4232474565505981,-3.233750104904175,0.7087500095367432
913,-2.0308752059936523,1.3514384031295776,-3.057499885559082,0.6537500023841858
914,-1.9654998779296875,1.4487003087997437,-2.96875,1.3562500476837158
915,-2.134124994277954,1.3306419849395752,-3.1337499618530273,0.7912499904632568
916,-2.2457499504089355,1.0728272199630737,-3.077500104904175,-0.5062500238418579
917,-1.6204999685287476,1.4307584762573242,-3.0999999046325684,1.0387500524520874
918,-1.6012500524520874,1.286110281944275,-2.9437499046325684,0.13625000417232513
919,-2.196624994277954,1.1013755798339844,-3.012500047683716,-0.4650000035762787
920,-1.1563749313354492,1.567797303199768,-2.9825000762939453,1.3487499952316284
921,-1.696000099182129,1.1738814115524292,-2.950000047683716,-0.38499999046325684
922,-1.9532499313354492,1.2560404539108276,-3.088749885559082,-0.17499999701976776
923,-1.3358749151229858,1.5839771032333374,-3.6237499713897705,0.8650000095367432
924,-1.914750099182129,1.2381515502929688,-2.971250057220459,0.09749999642372131
925,-1.9704999923706055,1.2356053590774536,-3.0999999046325684,0.3087500035762787
926,-1.623499870300293,1.2531062364578247,-2.9700000286102295,-0.20250000059604645
927,-2.1181249618530273,1.3037337064743042,-3.0062499046325684,0.5587499737739563
928,-1.7731250524520874,1.1294821500778198,-3.046250104904175,-0.35499998927116394
929,-2.2124998569488525,1.082602620124817,-3.055000066757202,-0.01875000074505806
930,-2.2718749046325684,0.9491502642631531,-3.0174999237060547,-0.5975000262260437
931,-1.5676249265670776,1.1300307512283325,-3.1600000858306885,-0.16374999284744263
932,-1.9893748760223389,1.1630663871765137,-3.1862499713897705,-0.32124999165534973
933,-1.9106251001358032,1.4332025051116943,-3.276249885559082,0.8787500262260437
934,-2.181375026702881,1.1286864280700684,-2.992500066757202,-0.05999999865889549
935,-1.6549999713897705,1.3144917488098145,-3.122499942779541,-0.028750000521540642
936,-1.9771249294281006,1.1273735761642456,-2.961250066757202,-0.4625000059604645
937,-1.5996248722076416,1.3990824222564697,-3.1112499237060547,0.21250000596046448
938,-1.8482500314712524,1.2979239225387573,-2.9175000190734863,0.7549999952316284
939,-1.9741249084472656,1.1741150617599487,-3.0824999809265137,-0.2199999988079071
940,-1.5552499294281006,1.2202996015548706,-3.1112499237060547,0.23499999940395355
941,-2.044874906539917,1.05830979347229,-3.130000114440918,-0.5137500166893005
942,-2.2411251068115234,1.03655207157135,-3.047499895095825,-0.1837500035762787
943,-2.0446250438690186,1.2450538873672485,-3.3924999237060547,-0.23624999821186066
944,-2.0108749866485596,1.5559691190719604,-3.237499952316284,1.2599999904632568
945,-2.038750171661377,1.0859501361846924,-3.0875000953674316,-0.4424999952316284
946,-1.8854999542236328,1.6407644748687744,-2.997499942779541,1.527500033378601
947,-0.9438750147819519,1.4242050647735596,-3.0112500190734863,1.0
948,-2.186875104904175,1.196990728378296,-3.141249895095825,0.028750000521540642
949,-1.660499930381775,1.302895426750183,-3.1112499237060547,-0.026249999180436134
950,-1.988624930381775,1.1598703861236572,-2.9800000190734863,-0.10875000059604645
951,-1.9948749542236328,1.1454054117202759,-2.987499952316284,0.18125000596046448
952,-2.4668750762939453,0.924888551235199,-3.307499885559082,-0.48625001311302185
953,-1.5093748569488525,1.2177635431289673,-3.1737499237060547,-0.0024999999441206455
954,-1.5672500133514404,1.4131215810775757,-2.9124999046325684,1.3899999856948853
955,-1.885624885559082,1.2465819120407104,-2.9749999046325684,-0.17000000178813934
956,-2.3945000171661377,1.1810097694396973,-3.1700000762939453,0.17624999582767487
957,-2.5138747692108154,1.007168173789978,-3.432499885559082,-0.29750001430511475
958,-1.697624921798706,1.2970699071884155,-3.2462499141693115,0.581250011920929
959,-2.069499969482422,1.3002604246139526,-3.03125,0.8387500047683716
960,-1.138124942779541,1.2598516941070557,-2.9600000381469727,0.7850000262260437
961,-2.3036251068115234,1.0989731550216675,-2.942500114440918,0.3824999928474426
962,-1.6877498626708984,1.1751817464828491,-2.983750104904175,-0.09000000357627869
963,-1.3899999856948853,1.2866476774215698,-3.101249933242798,-0.09125000238418579
964,-2.422375202178955,0.9448273181915283,-3.005000114440918,-0.4137499928474426
965,-1.4997498989105225,1.6159746646881104,-3.2125000953674316,1.100000023841858
966,-1.7390000820159912,1.456259846687317,-3.0637500286102295,0.6412500143051147
967,-1.4757500886917114,1.175183653831482,-2.973750114440918,-0.22499999403953552
968,-2.0507500171661377,1.1677970886230469,-3.3499999046325684,-0.3362500071525574
969,-1.8706251382827759,1.1988426446914673,-2.9937500953674316,0.08749999850988388
970,-2.145250082015991,1.2456049919128418,-3.336250066757202,0.08500000089406967
971,-1.9492499828338623,1.2483932971954346,-3.130000114440918,-0.20374999940395355
972,-1.790624976158142,1.3616446256637573,-3.0737500190734863,0.1837500035762787
973,-1.5206248760223389,1.3827084302902222,-3.028749942779541,0.2199999988079071
974,-1.8416249752044678,1.3097776174545288,-3.6700000762939453,-0.06624999642372131
975,-1.809000015258789,1.3183655738830566,-3.0250000953674316,0.46875
976,-2.015625238418579,1.1517060995101929,-3.0350000858306885,-0.08124999701976776
977,-1.5058749914169312,1.1555721759796143,-2.9749999046325684,-0.11625000089406967
978,-0.9106248617172241,1.0911616086959839,-2.9862499237060547,0.7037500143051147
979,-1.880124807357788,1.0646997690200806,-3.0350000858306885,-0.38624998927116394
980,-2.2481250762939453,1.08332097530365,-3.130000114440918,-0.1899999976158142
981,-1.9110000133514404,1.2265172004699707,-3.1500000953674316,0.036249998956918716
982,-1.8073749542236328,1.0902180671691895,-3.055000066757202,-0.2562499940395355
983,-2.022624969482422,1.1681721210479736,-3.190000057220459,-0.03999999910593033
984,-2.1318750381469727,1.236286997795105,-3.0425000190734863,0.49000000953674316
985,-2.386125087738037,0.9185556769371033,-3.0950000286102295,-0.2775000035762787
986,-1.830875039100647,1.0178803205490112,-3.0512499809265137,-0.42750000953674316
987,-2.223250150680542,1.091050386428833,-3.130000114440918,-0.2199999988079071
988,-1.8057498931884766,1.122515320777893,-3.0350000858306885,-0.35374999046325684
989,-1.5185000896453857,1.5500699281692505,-3.328749895095825,1.033750057220459
990,-2.2193751335144043,1.095088243484497,-3.1449999809265137,-0.3487499952316284
991,-2.005500078201294,1.239085078239441,-3.1787500381469727,-0.24250000715255737
992,-1.8712499141693115,1.4040333032608032,-3.2874999046325684,0.4699999988079071
993,-2.4191250801086426,1.0123507976531982,-3.005000114440918,0.24250000715255737
994,-1.6737501621246338,1.2484221458435059,-3.0924999713897705,-0.027499999850988388
995,-1.9375,1.1866774559020996,-3.1449999809265137,-0.1887499988079071
996,-1.471000075340271,1.5422254800796509,-3.7699999809265137,1.434999942779541
997,-2.2201247215270996,1.2073493003845215,-3.572499990463257,-0.26124998927116394
998,-1.7960001230239868,1.1197553873062134,-3.09375,-0.24375000596046448
999,-2.168874979019165,1.1155142784118652,-3.028749942779541,-0.33500000834465027
1000,-1.50600004196167,1.148461937904358,-2.90625,-0.07999999821186066
1001,-1.630750060081482,1.4379853010177612,-3.309999942779541,0.800000011920929
1002,-2.107875108718872,1.3179643154144287,-3.3424999713897705,0.20499999821186066
1003,-1.018875002861023,1.3925069570541382,-3.081249952316284,0.8737499713897705
1004,-1.993499994277954,1.184282660484314,-3.2750000953674316,-0.2199999988079071
1005,-2.1182498931884766,1.299862027168274,-3.2300000190734863,0.2224999964237213
1006,-1.4706249237060547,1.508196234703064,-3.1112499237060547,0.7799999713897705
1007,-1.2598750591278076,1.3398393392562866,-2.9175000190734863,0.41624999046325684
1008,-1.5686249732971191,1.0814898014068604,-2.916249990463257,-0.48750001192092896
1009,-2.137500286102295,1.189265251159668,-3.0137500762939453,-0.23499999940395355
1010,-2.1246249675750732,1.2255414724349976,-3.140000104904175,-0.10999999940395355
1011,-1.872249960899353,1.4025003910064697,-3.396250009536743,0.05000000074505806
1012,-0.8462499380111694,1.4804284572601318,-3.103749990463257,0.9800000190734863
1013,-1.9443752765655518,1.240707516670227,-3.137500047683716,-0.28999999165534973
1014,-1.9189999103546143,1.2523210048675537,-2.987499952316284,-0.3050000071525574
1015,-1.3259999752044678,1.460262417793274,-3.418750047683716,0.6974999904632568
1016,-2.2164998054504395,1.0493110418319702,-3.049999952316284,-0.4074999988079071
1017,-1.2072499990463257,1.4327431917190552,-2.880000114440918,0.7962499856948853
1018,-1.5621249675750732,1.2181744575500488,-3.2387499809265137,-0.3050000071525574
1019,-2.1670000553131104,1.2035359144210815,-3.115000009536743,-0.10875000059604645
1020,-1.9932501316070557,1.0761913061141968,-3.057499885559082,-0.4099999964237213
1021,-1.4382500648498535,1.2531542778015137,-2.9962499141693115,-0.0625
1022,-1.6763750314712524,1.2802820205688477,-3.122499942779541,0.5787500143051147
1023,-2.1291251182556152,1.328452706336975,-3.2799999713897705,0.3725000023841858
1024,-1.7914998531341553,1.4758962392807007,-3.1112499237060547,0.9150000214576721
1025,-1.7307498455047607,1.184233546257019,-3.047499895095825,-0.19875000417232513
1026,-1.8736250400543213,1.264363408088684,-3.0174999237060547,0.12250000238418579
1027,-1.6159999370574951,1.2942805290222168,-3.018749952316284,-0.036249998956918716
1028,-1.9327501058578491,1.132426381111145,-3.0174999237060547,-0.3712500035762787
1029,-1.801999807357788,1.1779193878173828,-3.047499895095825,-0.5062500238418579
1030,-1.2009999752044678,1.4846824407577515,-3.0250000953674316,1.2987500429153442
1031,-1.743749976158142,1.434144139289856,-3.5,0.30375000834465027
1032,-1.292375087738037,1.4324994087219238,-3.1112499237060547,0.8924999833106995
1033,-1.821624994277954,1.521054744720459,-3.1312499046325684,1.4900000095367432
1034,-1.056249976158142,1.006333827972412,-3.0762500762939453,-0.17000000178813934
1035,-1.610874891281128,1.2535287141799927,-3.336250066757202,-0.10499999672174454
1036,-1.7593752145767212,1.505257248878479,-3.456249952316284,0.9700000286102295
1037,-1.531499981880188,1.2608342170715332,-3.487499952316284,0.014999999664723873
1038,-1.4105000495910645,1.2723925113677979,-3.0924999713897705,0.18250000476837158
1039,-1.0845000743865967,1.3308522701263428,-3.0924999713897705,0.8962500095367432
1040,-1.3071250915527344,1.4073772430419922,-3.2274999618530273,0.5262500047683716
1041,-1.044624924659729,0.9707794785499573,-2.966249942779541,-0.08500000089406967
1042,-1.4585000276565552,1.2619978189468384,-2.9912500381469727,0.42124998569488525
1043,-1.0491249561309814,1.4181159734725952,-3.081249952316284,1.4674999713897705
1044,-1.3491251468658447,1.1299171447753906,-3.2412500381469727,-0.22624999284744263
1045,-1.6453748941421509,1.3340566158294678,-3.069999933242798,0.036249998956918716
1046,-1.6291249990463257,1.4004148244857788,-3.1962499618530273,-0.06499999761581421
1047,-1.2193750143051147,1.1493428945541382,-3.091249942779541,-0.016249999403953552
1048,-1.5758750438690186,1.4106367826461792,-3.0625,0.05000000074505806
1049,-2.181875228881836,1.143994688987732,-3.0299999713897705,-0.20624999701976776
1050,-1.9478750228881836,1.166364312171936,-3.119999885559082,-0.4399999976158142
1051,-1.372249960899353,1.2828341722488403,-3.055000066757202,0.2750000059604645
1052,-1.596250057220459,1.3953372240066528,-3.75,-0.023749999701976776
1053,-1.239625096321106,1.1613812446594238,-3.005000114440918,-0.17000000178813934
1054,-2.0434999465942383,1.1613831520080566,-3.231250047683716,-0.4000000059604645
1055,-0.9003750085830688,1.3970061540603638,-2.978749990463257,1.4900000095367432
1056,-1.1587499380111694,1.261947751045227,-2.950000047683716,1.0950000286102295
1057,-1.0263750553131104,1.3139832019805908,-3.0225000381469727,0.7762500047683716
1058,-1.4882500171661377,1.2385342121124268,-3.033750057220459,-0.20499999821186066
1059,-0.8932499885559082,1.0926873683929443,-3.069999933242798,0.1525000035762787
1060,-1.809499979019165,1.15318763256073,-3.171250104904175,-0.4037500023841858
1061,-1.0278750658035278,1.3418582677841187,-2.984999895095825,1.2637499570846558
1062,-1.277999997138977,1.489664912223816,-3.1024999618530273,0.8787500262260437
1063,-0.7673750519752502,1.2406622171401978,-3.0,0.7825000286102295
1064,-1.4487500190734863,1.5964751243591309,-3.2799999713897705,0.6937500238418579
1065,-2.3903751373291016,1.0241541862487793,-3.0924999713897705,-0.07374999672174454
1066,-1.9674999713897705,1.2547341585159302,-3.3499999046325684,-0.33375000953674316
1067,-1.2127498388290405,1.1742005348205566,-3.0399999618530273,0.1599999964237213
1068,-1.8235000371932983,1.2609307765960693,-3.4774999618530273,-0.2750000059604645
1069,-1.3231251239776611,1.4082247018814087,-3.103749990463257,0.5387499928474426
1070,-1.4564999341964722,1.2885690927505493,-3.122499942779541,-0.042500000447034836
1071,-1.7525001764297485,1.2281979322433472,-3.0250000953674316,0.2199999988079071
1072,-0.8922500610351562,1.205763339996338,-3.103749990463257,1.118749976158142
1073,-1.2487499713897705,1.0816185474395752,-2.9912500381469727,0.01875000074505806
1074,-1.1549999713897705,1.492280125617981,-2.978749990463257,1.2312500476837158
1075,-1.3146250247955322,1.398909568786621,-3.055000066757202,0.7950000166893005
1076,-1.2374999523162842,1.4686781167984009,-2.9937500953674316,1.2274999618530273
1077,-1.5908750295639038,1.308807134628296,-3.0799999237060547,-0.09375
1078,-2.271250009536743,1.1482185125350952,-3.2587499618530273,-0.19625000655651093
1079,-1.5006251335144043,1.3949342966079712,-3.046250104904175,0.7900000214576721
1080,-1.5136250257492065,1.2076839208602905,-3.009999990463257,-0.21375000476837158
1081,-1.5399999618530273,1.1546719074249268,-3.0587499141693115,-0.2775000035762787
1082,-1.7809998989105225,1.2121366262435913,-3.2799999713897705,-0.29374998807907104
1083,-1.3321250677108765,1.3210481405258179,-3.009999990463257,0.06499999761581421
1084,-1.221750020980835,1.567647933959961,-3.052500009536743,1.34375
1085,-1.6001249551773071,1.4045557975769043,-3.0924999713897705,0.7149999737739563
1086,-1.9987499713897705,1.1721251010894775,-3.023750066757202,0.18250000476837158
1087,-1.6783748865127563,1.3695367574691772,-3.122499942779541,0.25874999165534973
1088,-1.0442500114440918,1.423049807548523,-3.036250114440918,1.5362499952316284
1089,-1.5833749771118164,1.0737775564193726,-3.047499895095825,-0.4749999940395355
1090,-1.358375072479248,1.3156706094741821,-3.0062499046325684,0.8962500095367432
1091,-1.3877499103546143,1.20634925365448,-2.942500114440918,-0.06750000268220901
1092,-0.9661250114440918,1.0739150047302246,-3.141249895095825,-0.14749999344348907
1093,-1.6137501001358032,1.457666277885437,-3.115000009536743,1.0525000095367432
1094,-1.4018748998641968,1.271620273590088,-3.0999999046325684,0.007499999832361937
1095,-1.2392499446868896,1.4182313680648804,-3.049999952316284,0.6887500286102295
1096,-1.0548750162124634,1.291893720626831,-2.9549999237060547,0.9787499904632568
1097,-1.5653749704360962,1.4767791032791138,-3.2874999046325684,0.7162500023841858
1098,-1.8491251468658447,1.261270523071289,-3.023750066757202,0.10750000178813934
1099,-1.4268749952316284,1.2327015399932861,-3.0087499618530273,-0.042500000447034836
1100,-1.3973751068115234,1.3871796131134033,-3.122499942779541,0.8924999833106995
1101,-2.115875005722046,1.1154576539993286,-3.21875,-0.3675000071525574
1102,-0.8116250038146973,1.4938277006149292,-3.0112500190734863,1.527500033378601
1103,-1.4733750820159912,1.3169143199920654,-2.981250047683716,0.5849999785423279
1104,-1.4651250839233398,1.2128430604934692,-3.0799999237060547,0.042500000447034836
1105,-1.2263751029968262,1.1341557502746582,-3.0199999809265137,0.014999999664723873
1106,-1.187000036239624,1.2826859951019287,-3.03125,0.47749999165534973
1107,-1.3160001039505005,1.3453187942504883,-3.005000114440918,0.18250000476837158
1108,-1.1326249837875366,1.6397931575775146,-3.4049999713897705,1.4537500143051147
1109,-0.7433749437332153,1.109084963798523,-2.8187499046325684,0.5262500047683716
1110,-1.5837500095367432,1.223556637763977,-3.2487499713897705,0.023749999701976776
1111,-1.1039998531341553,1.3238091468811035,-3.055000066757202,1.2174999713897705
1112,-1.8508751392364502,1.2946029901504517,-3.023750066757202,0.08624999970197678
1113,-0.9646250605583191,0.9809293746948242,-3.041249990463257,-0.10374999791383743
1114,-1.130500078201294,1.3160266876220703,-3.009999990463257,1.131250023841858
1115,-1.2141249179840088,1.4720197916030884,-2.9749999046325684,1.434999942779541
1116,-1.0678751468658447,1.0837968587875366,-3.091249942779541,0.3687500059604645
1117,-0.8405000567436218,1.2123043537139893,-2.9800000190734863,1.2087500095367432
1118,-1.8931249380111694,1.290117859840393,-3.0737500190734863,0.04125000163912773
1119,-1.9181251525878906,1.2638734579086304,-3.211250066757202,0.14000000059604645
1120,-1.1648750305175781,1.203797698020935,-3.083750009536743,0.26374998688697815
1121,-1.1360000371932983,1.2668715715408325,-3.0824999809265137,0.7649999856948853
1122,-1.3970000743865967,1.2373992204666138,-2.971250057220459,0.05000000074505806
1123,-1.140375018119812,1.1351772546768188,-2.884999990463257,0.2175000011920929
1124,-1.2893749475479126,1.1202800273895264,-2.9987499713897705,-0.042500000447034836
1125,-0.8892499804496765,1.448600172996521,-3.036250114440918,1.1362500190734863
1126,-1.5971249341964722,1.4497958421707153,-3.0712499618530273,0.7350000143051147
1127,-1.3650000095367432,1.3370193243026733,-3.023750066757202,0.7387499809265137
1128,-2.280125141143799,1.1444664001464844,-3.3062500953674316,-0.33250001072883606
1129,-1.506250023841858,1.5297036170959473,-3.1287500858306885,0.574999988079071
1130,-0.987625002861023,1.3151766061782837,-3.059999942779541,0.9649999737739563
1131,-1.1397500038146973,1.3177212476730347,-3.1312499046325684,0.9300000071525574
1132,-0.9670000076293945,1.3136082887649536,-2.981250047683716,0.6549999713897705
1133,-1.3265000581741333,1.367461085319519,-2.9937500953674316,0.7212499976158142
1134,-1.0192499160766602,1.3256399631500244,-2.9124999046325684,1.181249976158142
1135,-0.9781249761581421,1.3943947553634644,-3.0425000190734863,1.0987499952316284
1136,-1.405500054359436,1.5986831188201904,-3.1075000762939453,0.8174999952316284
1137,-1.5501251220703125,1.4048887491226196,-3.166249990463257,0.35874998569488525
1138,-1.2486249208450317,1.1749277114868164,-3.0737500190734863,-0.16500000655651093
1139,-1.5691249370574951,1.3884477615356445,-3.1024999618530273,0.44749999046325684
1140,-1.6108747720718384,1.3542684316635132,-2.997499942779541,0.7562500238418579
1141,-0.6660000085830688,1.2540714740753174,-2.997499942779541,1.1050000190734863
1142,-1.6198749542236328,1.068282961845398,-2.922499895095825,-0.48750001192092896
1143,-1.8378750085830688,1.1407119035720825,-3.0924999713897705,-0.3675000071525574
1144,-2.134500026702881,1.246066689491272,-3.9649999141693115,-0.4637500047683716
1145,-1.2477500438690186,1.2549511194229126,-3.172499895095825,0.5024999976158142
1146,-1.4563748836517334,1.286685824394226,-2.9962499141693115,0.6962500214576721
1147,-0.9316250085830688,1.1613565683364868,-3.0662500858306885,0.7024999856948853
1148,-0.8585000038146973,1.216609239578247,-3.0225000381469727,1.2949999570846558
1149,-0.8440001606941223,1.156198263168335,-3.0625,0.7524999976158142
1150,-1.3726249933242798,1.393811821937561,-3.1337499618530273,0.7699999809265137
1151,-1.2879998683929443,1.4437416791915894,-3.0924999713897705,0.824999988079071
1152,-0.765874981880188,1.2456578016281128,-3.049999952316284,1.0575000047683716
1153,-1.8114999532699585,1.4616867303848267,-3.083750009536743,0.5425000190734863
1154,-1.2737500667572021,1.3482792377471924,-3.023750066757202,0.42250001430511475
1155,-0.9328749775886536,1.4835593700408936,-2.976249933242798,1.2424999475479126
1156,-0.9658750295639038,1.5010418891906738,-3.009999990463257,1.1799999475479126
1157,-1.075624942779541,1.3601874113082886,-3.1112499237060547,1.0212500095367432
1158,-1.2889999151229858,1.434476375579834,-3.036250114440918,0.8137500286102295
1159,-0.9626250267028809,1.3719167709350586,-3.0625,0.6349999904632568
1160,-1.744499921798706,1.247437834739685,-3.137500047683716,-0.12250000238418579
1161,-0.3373749852180481,1.5186504125595093,-3.0999999046325684,1.5225000381469727
1162,-1.627250075340271,1.3062411546707153,-3.0087499618530273,0.5262500047683716
1163,-0.9263750314712524,1.3970232009887695,-3.041249990463257,0.7099999785423279
1164,-0.8951250314712524,1.5639728307724,-3.1524999141693115,1.2362500429153442
1165,-1.4136250019073486,1.2777661085128784,-3.1112499237060547,0.48875001072883606
1166,-0.9721249341964722,1.3151986598968506,-3.0850000381469727,0.20000000298023224
1167,-1.4976251125335693,1.2336028814315796,-3.002500057220459,0.061250001192092896
1168,-1.0530000925064087,1.3614412546157837,-2.9962499141693115,1.28125
1169,-0.9813749194145203,1.3827766180038452,-3.0587499141693115,1.0950000286102295
1170,-1.3593748807907104,1.3617404699325562,-3.1112499237060547,0.8362500071525574
1171,-1.24399995803833,1.5258910655975342,-3.047499895095825,1.5175000429153442
1172,-1.1067500114440918,1.2489756345748901,-3.0325000286102295,0.09000000357627869
1173,-1.3387500047683716,1.297322154045105,-3.0250000953674316,0.057500001043081284
1174,-1.3108750581741333,1.3154305219650269,-3.047499895095825,0.1262499988079071
1175,-1.4936249256134033,1.2243903875350952,-3.03125,-0.10750000178813934
1176,-1.640625,1.252368688583374,-2.9800000190734863,0.05000000074505806
1177,-0.6323750615119934,1.2602256536483765,-3.125,0.9900000095367432
1178,-1.2873749732971191,1.307759404182434,-2.9800000190734863,0.4749999940395355
1179,-1.0016249418258667,1.3198236227035522,-3.0799999237060547,0.6200000047683716
1180,-0.9722501039505005,1.3260154724121094,-3.03125,0.8762500286102295
1181,-1.734375,1.5081979036331177,-3.005000114440918,1.1299999952316284
1182,-1.9392499923706055,1.2556666135787964,-3.122499942779541,0.17249999940395355
1183,-0.9743749499320984,1.4347773790359497,-3.0350000858306885,1.503749966621399
1184,-0.9547499418258667,1.083882212638855,-3.0924999713897705,-0.042500000447034836
1185,-0.3803749978542328,1.467098355293274,-2.987499952316284,1.2637499570846558
1186,-1.3066248893737793,1.3282805681228638,-2.9674999713897705,0.5724999904632568
1187,-1.273625135421753,1.1184781789779663,-2.9487500190734863,-0.1850000023841858
1188,-1.7667497396469116,1.4303624629974365,-2.987499952316284,0.8112499713897705
1189,-1.0285000801086426,1.2568837404251099,-2.950000047683716,0.3112500011920929
1190,-1.5003750324249268,1.1291760206222534,-3.1112499237060547,-0.29750001430511475
1191,-1.0073750019073486,1.3916538953781128,-3.0799999237060547,0.8899999856948853
1192,-1.1967499256134033,1.3001861572265625,-3.478749990463257,-0.019999999552965164
1193,-1.4987499713897705,1.2158509492874146,-3.0737500190734863,-0.03500000014901161
1194,-1.0396249294281006,1.342398762702942,-3.122499942779541,0.7212499976158142
1195,-1.0231249332427979,1.4548083543777466,-3.293750047683716,1.431249976158142
1196,-0.8321250081062317,1.0735238790512085,-3.0062499046325684,0.1912499964237213
1197,-0.6054999828338623,1.26248037815094,-2.918750047683716,0.6837499737739563
1198,-0.7734999060630798,1.5132172107696533,-3.049999952316284,1.2050000429153442
1199,-1.343250036239624,1.333686113357544,-2.930000066757202,0.5337499976158142
1200,-1.367875099182129,1.4625153541564941,-3.2462499141693115,0.5525000095367432
1201,-1.3396250009536743,1.280651569366455,-2.9912500381469727,-0.017500000074505806
1202,-0.9125000238418579,1.2824504375457764,-3.398750066757202,1.0425000190734863
1203,-1.6404998302459717,1.3381774425506592,-3.028749942779541,-0.13500000536441803
1204,-1.1478750705718994,1.2147111892700195,-2.9800000190734863,0.2537499964237213
1205,-0.860374927520752,1.1144053936004639,-3.0924999713897705,0.5475000143051147
1206,-1.4261250495910645,1.5005638599395752,-2.9124999046325684,1.475000023841858
1207,-1.1352499723434448,1.459115743637085,-3.422499895095825,1.4587500095367432
1208,-1.375749945640564,1.3450125455856323,-3.2125000953674316,0.48374998569488525
1209,-1.1301249265670776,1.4797122478485107,-2.9862499237060547,0.9300000071525574
1210,-0.4976250231266022,1.3338356018066406,-3.1112499237060547,0.8687499761581421
1211,-1.5426249504089355,1.168200135231018,-3.132499933242798,-0.20374999940395355
1212,-1.2395000457763672,1.5387414693832397,-3.130000114440918,1.0625
1213,-1.202625036239624,1.4499411582946777,-3.1112499237060547,0.9112499952316284
1214,-1.6916249990463257,1.2909178733825684,-3.1600000858306885,0.11999999731779099
1215,-1.3883750438690186,1.4398144483566284,-3.380000114440918,0.9125000238418579
1216,-1.3556249141693115,1.288705587387085,-3.005000114440918,0.4625000059604645
1217,-1.6322500705718994,1.3365898132324219,-3.2899999618530273,-0.038750000298023224
1218,-1.3980000019073486,1.279352068901062,-3.0199999809265137,0.35374999046325684
1219,-1.3532500267028809,1.4215166568756104,-3.190000057220459,0.7225000262260437
1220,-1.662750005722046,1.3722467422485352,-3.0924999713897705,0.5387499928474426
1221,-1.0389999151229858,1.3244562149047852,-3.0012500286102295,0.9750000238418579
1222,-1.7033751010894775,1.2791633605957031,-3.0425000190734863,0.20000000298023224
1223,-1.732875108718872,1.5659795999526978,-3.1262500286102295,1.4450000524520874
1224,-0.8338750004768372,1.4849950075149536,-2.9912500381469727,1.3312499523162842
1225,-1.3603750467300415,1.3407785892486572,-3.036250114440918,0.5487499833106995
1226,-1.1466248035430908,1.2227575778961182,-2.9487500190734863,0.550000011920929
1227,-0.8273749351501465,1.09893798828125,-3.055000066757202,-0.026249999180436134
1228,-1.3302500247955322,1.3132869005203247,-2.9749999046325684,-0.023749999701976776
1229,-0.7468750476837158,1.1773685216903687,-3.0612499713897705,0.6399999856948853
1230,-1.4697500467300415,1.4134482145309448,-2.9749999046325684,0.5487499833106995
1231,-0.7279999852180481,1.2984591722488403,-3.096250057220459,1.4225000143051147
1232,-1.6549999713897705,1.2707164287567139,-3.015000104904175,-0.004999999888241291
1233,-1.0782500505447388,1.2444887161254883,-2.9200000762939453,0.5950000286102295
1234,-1.3122498989105225,1.4095091819763184,-3.0662500858306885,1.0299999713897705
1235,-1.5188751220703125,1.4689064025878906,-3.0737500190734863,0.9449999928474426
1236,-1.3398749828338623,1.3435711860656738,-3.0737500190734863,0.375
1237,-1.2025001049041748,1.4818612337112427,-3.0899999141693115,1.0199999809265137
1238,-1.282249927520752,1.4012926816940308,-3.0174999237060547,0.6962500214576721
1239,-1.1648750305175781,1.5622612237930298,-3.103749990463257,0.8999999761581421
1240,-1.5542500019073486,1.6211445331573486,-3.325000047683716,1.3574999570846558
1241,-0.9762500524520874,1.0099036693572998,-3.028749942779541,-0.29124999046325684
1242,-0.9317499995231628,1.0472368001937866,-2.9987499713897705,0.3050000071525574
1243,-0.968375027179718,1.3646001815795898,-2.987499952316284,1.0049999952316284
1244,-1.311750054359436,1.4042341709136963,-3.0274999141693115,0.6800000071525574
1245,-0.6548749804496765,1.2185399532318115,-3.005000114440918,1.0137499570846558
1246,-1.1187500953674316,1.2898727655410767,-3.3350000381469727,0.01875000074505806
1247,-1.0891249179840088,1.22384774684906,-3.036250114440918,0.10625000298023224
1248,-0.9808750152587891,1.3300765752792358,-3.0,1.0
1249,-1.621999979019165,1.3745300769805908,-3.268749952316284,0.08500000089406967
1250,-1.738125205039978,1.4159284830093384,-3.223750114440918,0.5224999785423279
1251,-0.8296250104904175,1.2586339712142944,-3.065000057220459,1.0887500047683716
1252,-0.9440000653266907,1.4049278497695923,-2.918750047683716,1.0387500524520874
1253,-1.0722500085830688,1.3439619541168213,-3.1624999046325684,0.5325000286102295
1254,-1.1668751239776611,1.4835220575332642,-3.047499895095825,0.7124999761581421
1255,-0.6955000162124634,1.2700227499008179,-3.0350000858306885,0.893750011920929
1256,-0.8462499380111694,1.4714707136154175,-3.0112500190734863,1.0099999904632568
1257,-0.5619999170303345,1.3042834997177124,-3.1787500381469727,0.7975000143051147
1258,-0.986875057220459,1.3462440967559814,-3.0087499618530273,0.6187499761581421
1259,-0.844124972820282,1.5242271423339844,-2.9800000190734863,1.440000057220459
1260,-1.2487499713897705,1.4306761026382446,-3.1075000762939453,0.5975000262260437
1261,-0.8792500495910645,1.4468553066253662,-2.96875,1.184999942779541
1262,-1.001499891281128,1.2710908651351929,-3.016249895095825,0.14624999463558197
1263,-0.6213749647140503,1.3274389505386353,-3.119999885559082,1.2074999809265137
1264,-1.9171251058578491,1.4775476455688477,-3.4287500381469727,1.1875
1265,-1.3693749904632568,1.2794736623764038,-3.0299999713897705,-0.023749999701976776
1266,-1.3339999914169312,1.0427995920181274,-2.978749990463257,-0.2549999952316284
1267,-1.600000023841858,1.554474115371704,-3.358750104904175,1.2637499570846558
1268,-1.0554999113082886,1.577637791633606,-3.0512499809265137,0.8262500166893005
1269,-1.4574998617172241,1.2713998556137085,-2.9800000190734863,0.10875000059604645
1270,-1.1425000429153442,1.2400319576263428,-3.0174999237060547,0.08874999731779099
1271,-0.8166249990463257,1.1617499589920044,-2.9749999046325684,0.7287499904632568
1272,-0.6973749995231628,1.3331371545791626,-3.4700000286102295,0.5987499952316284
1273,-1.1384999752044678,1.690708041191101,-3.393749952316284,1.2975000143051147
1274,-0.7677500247955322,1.1591209173202515,-3.005000114440918,0.4399999976158142
1275,-0.5370000004768372,1.3319886922836304,-2.9000000953674316,1.0674999952316284
1276,-0.7293750047683716,1.2505764961242676,-3.103749990463257,1.0149999856948853
1277,-1.2603750228881836,1.3845683336257935,-3.0087499618530273,0.8237500190734863
1278,-0.9887499809265137,1.057199478149414,-3.012500047683716,0.39500001072883606
1279,-1.0953749418258667,1.267750859260559,-3.043750047683716,0.20000000298023224
1280,-1.0850000381469727,1.3783791065216064,-3.081249952316284,1.0049999952316284
1281,-0.0794999897480011,1.0984766483306885,-3.0425000190734863,1.0887500047683716
1282,-1.8673750162124634,1.1795846223831177,-3.223750114440918,-0.48124998807907104
1283,-0.7967499494552612,1.2414309978485107,-3.016249895095825,1.158750057220459
1284,-1.5090000629425049,1.1942857503890991,-3.0250000953674316,-0.19875000417232513
1285,-0.531000018119812,1.1845370531082153,-2.75,0.6775000095367432
1286,-0.927125096321106,1.3282794952392578,-2.992500066757202,0.27000001072883606
1287,-1.2818751335144043,1.3649873733520508,-3.049999952316284,0.18250000476837158
1288,-1.0444999933242798,1.2483867406845093,-3.043750047683716,0.48500001430511475
1289,-1.3810001611709595,1.4660420417785645,-3.336250066757202,1.181249976158142
1290,-1.994499921798706,1.3120365142822266,-2.9800000190734863,0.35499998927116394
1291,-0.6176249980926514,1.3437100648880005,-3.005000114440918,1.2899999618530273
1292,-1.0162498950958252,1.0510399341583252,-3.122499942779541,-0.013749999925494194
1293,-1.3670001029968262,1.5496203899383545,-3.023750066757202,0.5674999952316284
1294,-0.9678750038146973,1.1425033807754517,-3.0799999237060547,0.7362499833106995
1295,-1.2748750448226929,1.397769808769226,-3.036250114440918,0.8199999928474426
1296,-1.3792500495910645,1.3737684488296509,-3.057499885559082,0.5799999833106995
1297,-1.066499948501587,1.3013330698013306,-3.0037500858306885,0.8675000071525574
1298,-0.893875002861023,1.1666996479034424,-2.9987499713897705,0.8149999976158142
1299,-0.671500027179718,1.5037741661071777,-3.0687499046325684,0.9725000262260437
1300,-0.9393750429153442,1.1317307949066162,-3.1212499141693115,0.30375000834465027
1301,-1.0213749408721924,1.3680193424224854,-3.0799999237060547,0.6899999976158142
1302,-1.1023750305175781,1.3414949178695679,-3.1524999141693115,0.41624999046325684
1303,-0.8379999995231628,1.4042694568634033,-3.005000114440918,0.78125
1304,-1.295375108718872,1.4595643281936646,-3.1137499809265137,0.768750011920929
1305,-0.9138749241828918,1.3792626857757568,-2.9749999046325684,0.7987499833106995
1306,-1.0538749694824219,1.3145707845687866,-3.0737500190734863,0.8600000143051147
1307,-1.141625165939331,1.4775103330612183,-3.028749942779541,0.6424999833106995
1308,-1.203624963760376,1.403397798538208,-2.9674999713897705,0.9125000238418579
1309,-0.7164999842643738,1.2075225114822388,-3.0399999618530273,0.9049999713897705
1310,-1.2082499265670776,1.5520752668380737,-3.119999885559082,1.2675000429153442
1311,-0.7354999780654907,1.581993818283081,-3.009999990463257,1.4850000143051147
1312,-1.0542500019073486,1.3930331468582153,-3.0625,1.068750023841858
1313,-0.984749972820282,1.4087976217269897,-3.0087499618530273,1.118749976158142
1314,-0.6175000071525574,1.230255365371704,-3.047499895095825,0.8075000047683716
1315,-1.5947500467300415,1.3752245903015137,-3.0850000381469727,0.23999999463558197
1316,-0.7445000410079956,1.215104103088379,-3.043750047683716,0.7599999904632568
1317,-0.8261250257492065,1.4884979724884033,-2.9800000190734863,1.002500057220459
1318,-0.5323749780654907,1.4514336585998535,-3.1112499237060547,1.2037500143051147
1319,-1.217250108718872,1.4731669425964355,-3.0450000762939453,0.9900000095367432
1320,-0.5961250066757202,1.7383737564086914,-3.1024999618530273,1.3587499856948853
1321,-1.0898749828338623,1.1862757205963135,-2.9124999046325684,0.0062500000931322575
1322,-0.7888749837875366,1.1425350904464722,-2.8187499046325684,0.8462499976158142
1323,-1.3403749465942383,1.4281995296478271,-3.21875,0.29875001311302185
1324,-1.7277500629425049,1.4679769277572632,-3.0325000286102295,0.5737500190734863
1325,-1.2493751049041748,1.4054416418075562,-3.005000114440918,1.0162500143051147
1326,-1.7381248474121094,1.2523787021636963,-3.072499990463257,0.3400000035762787
1327,-1.0103750228881836,1.327353835105896,-2.997499942779541,0.9037500023841858
1328,-0.6858749985694885,1.5910720825195312,-3.081249952316284,1.472499966621399
1329,-1.4193750619888306,1.5569185018539429,-2.9862499237060547,0.9549999833106995
1330,-0.7425000071525574,1.317744493484497,-3.122499942779541,1.0099999904632568
1331,-0.8394999504089355,1.488710641860962,-3.0174999237060547,1.0824999809265137
1332,-0.7024999856948853,1.5041062831878662,-2.930000066757202,1.3262499570846558
1333,-0.8704999685287476,1.3823298215866089,-3.049999952316284,1.0012500286102295
1334,-0.768875002861023,1.4769659042358398,-2.9749999046325684,1.1449999809265137
1335,-0.8370000123977661,1.30399751663208,-3.0799999237060547,1.5175000429153442
1336,-1.2043750286102295,1.5269654989242554,-3.2274999618530273,1.059999942779541
1337,-1.006250023841858,1.3080936670303345,-3.012500047683716,0.45124998688697815
1338,-0.9108750224113464,1.589388370513916,-2.893749952316284,0.800000011920929
1339,-1.0802500247955322,1.5493931770324707,-2.924999952316284,1.1337499618530273
1340,-0.5249999761581421,1.3010509014129639,-3.0399999618530273,0.8412500023841858
1341,-0.5125000476837158,1.353937029838562,-3.0425000190734863,1.059999942779541
1342,-1.3153750896453857,1.2405385971069336,-2.8062500953674316,0.22499999403953552
1343,-1.227500081062317,1.564815878868103,-3.171250104904175,1.1050000190734863
1344,-0.7891249656677246,1.5101408958435059,-3.200000047683716,0.7087500095367432
1345,-0.9565000534057617,1.3889286518096924,-3.081249952316284,1.0887500047683716
1346,-0.4272499680519104,1.4314305782318115,-3.130000114440918,1.243749976158142
1347,-1.0701251029968262,1.6647239923477173,-3.242500066757202,1.100000023841858
1348,-1.0240000486373901,1.397207498550415,-3.055000066757202,1.350000023841858
1349,-0.9357500076293945,1.4559818506240845,-3.0924999713897705,0.9449999928474426
1350,-1.3088750839233398,1.3507884740829468,-3.081249952316284,0.11249999701976776
1351,-0.890999972820282,1.0923454761505127,-2.9987499713897705,0.09375
1352,-1.2982499599456787,1.2959294319152832,-3.0225000381469727,0.016249999403953552
1353,-0.9877499341964722,1.5471675395965576,-3.3399999141693115,1.037500023841858
1354,-0.8953749537467957,1.3700016736984253,-2.924999952316284,0.6899999976158142
1355,-1.5593750476837158,1.4245251417160034,-3.0174999237060547,0.7087500095367432
1356,-1.1768749952316284,1.503980278968811,-2.9987499713897705,0.5899999737739563
1357,-0.5801249742507935,1.3827815055847168,-3.0737500190734863,1.0225000381469727
1358,-0.9077500104904175,1.432720422744751,-3.1024999618530273,0.9337499737739563
1359,-1.1183750629425049,1.2764341831207275,-3.0625,0.5924999713897705
1360,-1.4636249542236328,1.5173801183700562,-3.016249895095825,1.1549999713897705
1361,-0.8601250648498535,1.4860180616378784,-3.1524999141693115,1.0700000524520874
1362,-0.9598749279975891,1.2759767770767212,-3.0037500858306885,0.2537499964237213
1363,-0.8403750658035278,1.4989248514175415,-3.046250104904175,1.125
1364,-0.9750000238418579,1.4241105318069458,-3.0999999046325684,0.800000011920929
1365,-1.13100004196167,1.333159327507019,-3.2462499141693115,0.731249988079071
1366,-0.6292499303817749,1.352480411529541,-3.2462499141693115,1.162500023841858
1367,-0.8221249580383301,1.4366320371627808,-3.059999942779541,0.7825000286102295
1368,-1.0641250610351562,1.3307361602783203,-3.043750047683716,0.6549999713897705
1369,-0.5386249423027039,1.3884356021881104,-3.1112499237060547,1.2100000381469727
1370,-1.196624994277954,1.2704437971115112,-3.028749942779541,0.6887500286102295
1371,-0.4803749918937683,1.342533826828003,-2.978749990463257,1.1924999952316284
1372,-1.4193750619888306,1.6430232524871826,-3.171250104904175,0.9125000238418579
1373,-0.6871250867843628,1.241639256477356,-3.009999990463257,1.1675000190734863
1374,-0.5430000424385071,1.3286818265914917,-2.930000066757202,1.5175000429153442
1375,-0.8841250538825989,1.4826143980026245,-3.1137499809265137,1.1887500286102295
1376,-0.6511250138282776,1.6689800024032593,-3.3612499237060547,1.0075000524520874
1377,-0.8546250462532043,1.164350986480713,-3.1787500381469727,0.39125001430511475
1378,-0.875374972820282,1.1619938611984253,-2.9937500953674316,0.8050000071525574
1379,-2.0275001525878906,1.325941562652588,-2.9749999046325684,0.5475000143051147
1380,-0.9884999394416809,1.4496755599975586,-3.0924999713897705,1.056249976158142
1381,-0.8100000619888306,1.5842969417572021,-3.0425000190734863,1.3350000381469727
1382,-0.7670000195503235,1.6249501705169678,-3.268749952316284,1.318750023841858
1383,-0.8297499418258667,1.4471462965011597,-3.0537500381469727,0.8262500166893005
1384,-0.6787499785423279,1.5312962532043457,-3.0299999713897705,1.2087500095367432
1385,-0.7021249532699585,1.6613433361053467,-3.5899999141693115,1.222499966621399
1386,-0.5877500176429749,1.5888506174087524,-2.9674999713897705,1.3837499618530273
1387,-0.8315000534057617,1.7308831214904785,-2.997499942779541,0.949999988079071
1388,-1.2523750066757202,1.4777055978775024,-3.0450000762939453,1.0737500190734863
1389,-0.6279999613761902,1.5324347019195557,-2.9725000858306885,1.1887500286102295
1390,-0.7250000238418579,1.5907050371170044,-3.0250000953674316,1.3574999570846558
1391,-0.5934999585151672,1.286485195159912,-3.036250114440918,0.7912499904632568
1392,-1.459375023841858,1.5113437175750732,-2.9800000190734863,1.1325000524520874
1393,-0.854124903678894,1.0896953344345093,-2.9175000190734863,0.4975000023841858
1394,-0.5060000419616699,1.3765469789505005,-3.0924999713897705,1.065000057220459
1395,-0.8009999394416809,1.4911506175994873,-3.122499942779541,1.0700000524520874
1396,-0.7018749713897705,1.2847943305969238,-3.297499895095825,0.6887500286102295
1397,-0.5081249475479126,1.3463585376739502,-3.0425000190734863,0.9712499976158142
1398,-0.9848750829696655,1.7125200033187866,-3.059999942779541,1.0212500095367432
1399,-0.5227500200271606,1.2983031272888184,-2.961250066757202,1.153749942779541
1400,-0.5717499852180481,1.2771505117416382,-3.171250104904175,0.643750011920929
1401,-0.6022499799728394,1.2944903373718262,-3.0174999237060547,0.65625
1402,-0.4104999601840973,1.2988821268081665,-2.9862499237060547,0.9175000190734863
1403,-0.4258750081062317,1.325249433517456,-3.036250114440918,0.8550000190734863
1404,-0.9037501215934753,1.0794607400894165,-3.023750066757202,-0.03750000149011612
1405,-0.8487499952316284,1.4771313667297363,-2.9437499046325684,0.9900000095367432
1406,-0.5393750071525574,1.3657207489013672,-2.956249952316284,0.9150000214576721
1407,-0.8111250996589661,1.462396502494812,-3.043750047683716,0.5849999785423279
1408,-0.5526250600814819,1.305229663848877,-3.0625,1.0225000381469727
1409,-0.719499945640564,1.5279207229614258,-3.0662500858306885,0.9900000095367432
1410,-0.39262500405311584,1.3025290966033936,-2.9437499046325684,0.9100000262260437
1411,-0.6636250615119934,1.20325767993927,-2.950000047683716,0.48875001072883606
1412,-1.0568749904632568,1.3291419744491577,-3.059999942779541,0.9300000071525574
1413,-0.638249933719635,1.2241753339767456,-3.0174999237060547,0.44999998807907104
1414,-1.6200001239776611,1.4119288921356201,-3.0712499618530273,0.21875
1415,-0.40587496757507324,1.307733416557312,-2.966249942779541,0.7325000166893005
1416,-0.49787503480911255,1.5062538385391235,-3.103749990463257,1.4450000524520874
1417,-0.6263750791549683,1.3168528079986572,-2.9987499713897705,0.8500000238418579
1418,-0.3136250376701355,1.400451898574829,-2.9912500381469727,1.253749966621399
1419,-0.8529999852180481,1.416265845298767,-3.0425000190734863,0.8774999976158142
1420,-0.7879999876022339,1.1805614233016968,-3.0450000762939453,0.45625001192092896
1421,-0.7358750104904175,1.5853919982910156,-3.141249895095825,0.9175000190734863
1422,-0.6541250348091125,1.3090176582336426,-3.081249952316284,0.7674999833106995
1423,-0.5037499666213989,1.333855152130127,-3.055000066757202,0.6537500023841858
1424,-0.4468750059604645,1.4612571001052856,-3.03125,1.2450000047683716
1425,-0.4352499842643738,1.6445040702819824,-2.9987499713897705,1.0262500047683716
1426,-0.903124988079071,1.4460560083389282,-3.0625,0.6924999952316284
1427,-0.34275001287460327,1.399931788444519,-2.9375,0.9900000095367432
1428,-1.21274995803833,1.456756591796875,-2.9487500190734863,0.7762500047683716
1429,-0.7261250615119934,1.2125251293182373,-2.981250047683716,0.8149999976158142
1430,-0.8046250343322754,1.4747148752212524,-2.8862500190734863,1.53125
1431,-0.9922500848770142,1.6053255796432495,-2.9375,1.0162500143051147
1432,-0.9032499194145203,1.4208217859268188,-3.005000114440918,0.8387500047683716
1433,-0.5127500295639038,1.3639311790466309,-3.043750047683716,0.887499988079071
1434,-0.640874981880188,1.2756574153900146,-2.981250047683716,0.8650000095367432
1435,-0.6858750581741333,1.6246483325958252,-3.130000114440918,1.225000023841858
1436,-0.7697499990463257,1.5637258291244507,-3.0425000190734863,1.0187499523162842
1437,-1.0429999828338623,1.35919988155365,-3.0399999618530273,0.9474999904632568
1438,-0.5802499651908875,1.415549874305725,-3.028749942779541,1.1150000095367432
1439,-0.6829999685287476,1.334870457649231,-3.130000114440918,1.0
1440,-0.9378750920295715,1.7360533475875854,-3.3475000858306885,1.0099999904632568
1441,-0.42237502336502075,1.3942793607711792,-2.9937500953674316,1.1787500381469727
1442,-0.7973750829696655,1.4059162139892578,-2.987499952316284,0.7262499928474426
1443,-0.37412500381469727,1.4400851726531982,-3.0824999809265137,1.0762499570846558
1444,-0.14662499725818634,1.5567022562026978,-2.96875,1.283750057220459
1445,-0.5529999732971191,1.2670609951019287,-2.9000000953674316,0.856249988079071
1446,-0.9754999876022339,1.2277495861053467,-3.0612499713897705,1.1337499618530273
1447,-0.3487499952316284,1.3480253219604492,-3.065000057220459,0.9462500214576721
1448,-0.5479999780654907,1.3240376710891724,-2.903749942779541,1.3075000047683716
1449,-0.8182500004768372,1.5261119604110718,-3.140000104904175,0.9337499737739563
1450,-0.42737507820129395,1.3348960876464844,-2.9749999046325684,0.956250011920929
1451,-0.39912500977516174,1.3236361742019653,-2.950000047683716,0.8587499856948853
1452,-0.5643749833106995,1.2042009830474854,-2.9000000953674316,0.6499999761581421
1453,-0.7343750596046448,1.194244384765625,-2.921250104904175,0.8637499809265137
1454,-0.5851250290870667,1.3071744441986084,-3.125,0.9100000262260437
1455,-0.9610000848770142,1.3566151857376099,-2.9800000190734863,0.8137500286102295
1456,-1.417625069618225,1.511468529701233,-2.9375,1.221250057220459
1457,-0.43362492322921753,1.3218982219696045,-3.0174999237060547,0.8500000238418579
1458,-0.4794999957084656,1.2976409196853638,-3.0924999713897705,0.7749999761581421
1459,-0.9506250619888306,1.418196201324463,-3.0425000190734863,0.6025000214576721
1460,-1.3985000848770142,1.5660998821258545,-3.166249990463257,0.4387499988079071
1461,-0.5666249990463257,1.3282341957092285,-3.122499942779541,0.8949999809265137
1462,-0.01625002548098564,1.1894961595535278,-2.9487500190734863,1.247499942779541
1463,-0.5825000405311584,1.3163105249404907,-3.1112499237060547,0.824999988079071
1464,-0.575249969959259,1.6056010723114014,-3.0062499046325684,1.1124999523162842
1465,-0.28125,1.5235517024993896,-3.109999895095825,1.066249966621399
1466,-1.2127501964569092,1.509761929512024,-3.122499942779541,0.8687499761581421
1467,-0.6058749556541443,1.301747441291809,-3.049999952316284,1.028749942779541
1468,-0.4983750283718109,1.3329168558120728,-3.081249952316284,0.9212499856948853
1469,-0.7631250619888306,1.2076932191848755,-2.981250047683716,0.6912500262260437
1470,-0.7982500195503235,1.5611153841018677,-3.043750047683716,1.4574999809265137
1471,-0.4541250169277191,1.346137285232544,-3.0062499046325684,0.84375
1472,-0.5198749899864197,1.372274398803711,-3.012500047683716,0.9649999737739563
1473,-0.9079999923706055,1.420469045639038,-2.9912500381469727,1.024999976158142
1474,-0.6125000715255737,1.2557307481765747,-3.0012500286102295,0.800000011920929
1475,-0.19075000286102295,1.4197520017623901,-2.9100000858306885,1.4275000095367432
1476,-0.461249977350235,1.301801323890686,-2.8687500953674316,0.9137499928474426
1477,-0.7305000424385071,1.4447394609451294,-2.90625,0.6787499785423279
1478,-0.8264999389648438,1.4510313272476196,-3.143749952316284,0.9350000023841858
1479,-1.4472501277923584,1.566800832748413,-3.0924999713897705,0.5262500047683716
1480,-0.8165000081062317,1.5684268474578857,-3.0062499046325684,1.037500023841858
1481,-0.6048749685287476,1.5613852739334106,-3.0425000190734863,1.0549999475479126
1482,-1.3256250619888306,1.5651415586471558,-3.0512499809265137,1.1262500286102295
1483,-0.6582500338554382,1.3473272323608398,-3.0924999713897705,1.2337499856948853
1484,-0.4387500286102295,1.4044283628463745,-3.081249952316284,1.1375000476837158
1485,-0.32887500524520874,1.4910175800323486,-3.0425000190734863,1.278749942779541
1486,-0.49699997901916504,1.414960503578186,-3.2487499713897705,1.0112500190734863
1487,-0.8691250085830688,1.4435018301010132,-3.0850000381469727,0.543749988079071
1488,-0.4719999432563782,1.3069279193878174,-3.0999999046325684,0.731249988079071
1489,-0.9196249842643738,1.6440380811691284,-3.009999990463257,1.2975000143051147
1490,-1.2726249694824219,1.6449815034866333,-2.953749895095825,0.8600000143051147
1491,-0.44337496161460876,1.3954718112945557,-2.950000047683716,1.1262500286102295
1492,-0.7152499556541443,1.2616443634033203,-2.9549999237060547,1.1162500381469727
1493,-0.5067499876022339,1.3204498291015625,-2.9000000953674316,1.28125
1494,0.03925001621246338,1.2280453443527222,-2.956249952316284,1.4450000524520874
1495,-0.44987496733665466,1.3729660511016846,-2.9987499713897705,1.2012499570846558
1496,-0.351500004529953,1.4029195308685303,-3.072499990463257,1.2712500095367432
1497,-0.4868749678134918,1.6810230016708374,-2.9674999713897705,1.3300000429153442
1498,-0.7027500867843628,1.3530369997024536,-3.0662500858306885,1.0737500190734863
1499,-0.8077500462532043,1.5825918912887573,-3.1524999141693115,1.5087499618530273
1500,-0.44099998474121094,1.3842828273773193,-2.9549999237060547,1.0724999904632568
1501,-0.7832500338554382,1.4514981508255005,-3.012500047683716,1.2549999952316284
1502,-0.4247499406337738,1.389655351638794,-2.9987499713897705,1.2074999809265137
1503,-0.7139999270439148,1.5487124919891357,-2.9749999046325684,0.9362499713897705
1504,-0.49012500047683716,1.3279789686203003,-3.03125,1.131250023841858
1505,-0.4141250252723694,1.4505411386489868,-3.0062499046325684,1.3949999809265137
1506,-0.6502500176429749,1.589679479598999,-3.103749990463257,1.2424999475479126
1507,-0.46562498807907104,1.4044548273086548,-3.0625,1.1100000143051147
1508,-0.7289999723434448,1.5079553127288818,-2.930000066757202,0.8050000071525574
1509,-0.476749986410141,1.4099293947219849,-3.1862499713897705,1.253749966621399
1510,-0.14162500202655792,1.4620248079299927,-3.0612499713897705,1.253749966621399
1511,-0.9628750085830688,1.369625449180603,-3.0062499046325684,0.7962499856948853
1512,-0.518875002861023,1.2923204898834229,-3.0425000190734863,1.0212500095367432
1513,-0.7446249723434448,1.4675989151000977,-2.930000066757202,0.7437499761581421
1514,-0.46462497115135193,1.4337425231933594,-3.0325000286102295,1.3624999523162842
1515,-0.36550000309944153,1.401342511177063,-3.0,1.0837500095367432
1516,-0.050875019282102585,1.1328951120376587,-2.8499999046325684,1.2274999618530273
1517,-0.581375002861023,1.3599730730056763,-3.0399999618530273,1.0987499952316284
1518,-1.0092499256134033,1.5983901023864746,-3.0662500858306885,0.8037499785423279
1519,-1.2512500286102295,1.5103288888931274,-3.130000114440918,1.1649999618530273
1520,-0.2488749921321869,1.492436408996582,-3.0799999237060547,1.2087500095367432
1521,-0.5479999780654907,1.6748744249343872,-3.1137499809265137,1.2949999570846558
1522,-0.4872500002384186,1.2789381742477417,-3.009999990463257,0.9112499952316284
1523,-0.9886250495910645,1.3706830739974976,-3.130000114440918,0.6850000023841858
1524,-0.5091249942779541,1.3424792289733887,-3.0899999141693115,0.9412500262260437
1525,-0.6764999628067017,1.6280572414398193,-3.140000104904175,0.9850000143051147
1526,-0.8301250338554382,1.28907310962677,-3.0425000190734863,1.0612499713897705
1527,-0.3621249794960022,1.3422484397888184,-2.9987499713897705,1.3350000381469727
1528,-1.1105000972747803,1.6223642826080322,-3.043750047683716,1.0950000286102295
1529,-0.4476250112056732,1.396718144416809,-2.997499942779541,1.3262499570846558
1530,-0.4869999885559082,1.315272569656372,-2.96875,0.9900000095367432
1531,-0.6866250038146973,1.5409916639328003,-3.0625,1.1349999904632568
1532,-0.7064999341964722,1.207544207572937,-3.0662500858306885,0.5350000262260437
1533,-0.8538750410079956,1.5067102909088135,-3.0950000286102295,1.350000023841858
1534,-0.5765000581741333,1.2639580965042114,-2.9800000190734863,0.4925000071525574
1535,-0.5994999408721924,1.6111267805099487,-3.059999942779541,1.4900000095367432
1536,-0.2199999988079071,1.4996275901794434,-3.0,1.2487499713897705
1537,-0.5410000085830688,1.4091451168060303,-3.0625,1.0625
1538,-0.8888750076293945,1.8164024353027344,-3.171250104904175,1.375
1539,-0.12562501430511475,1.5010344982147217,-2.9937500953674316,1.5137499570846558
1540,-0.9028750658035278,1.699539065361023,-2.9862499237060547,1.284999966621399
1541,-1.1647499799728394,1.652860403060913,-3.231250047683716,1.1649999618530273
1542,-0.7336249351501465,1.4671114683151245,-3.0999999046325684,1.1299999952316284
1543,-0.6963750123977661,1.5164966583251953,-3.0625,1.1137499809265137
1544,-0.10824999958276749,1.5674593448638916,-3.0612499713897705,1.412500023841858
1545,-0.6503750681877136,1.5581169128417969,-3.0225000381469727,1.1549999713897705
1546,-0.4657500386238098,1.4050259590148926,-3.055000066757202,0.9850000143051147
1547,-0.09424996376037598,1.522199034690857,-3.0062499046325684,1.2699999809265137
1548,-0.03937501832842827,1.1292885541915894,-3.1449999809265137,1.0187499523162842
1549,-0.7442499399185181,1.4932652711868286,-3.0425000190734863,0.8650000095367432
1550,-0.7193750143051147,1.4949393272399902,-3.036250114440918,0.8012499809265137
1551,-0.6581249833106995,1.5227819681167603,-3.0225000381469727,0.8399999737739563
1552,-0.5607500076293945,1.356891393661499,-3.055000066757202,1.2174999713897705
1553,-0.527999997138977,1.3293728828430176,-3.122499942779541,0.7512500286102295
1554,-0.43400001525878906,1.3815419673919678,-3.046250104904175,0.9012500047683716
1555,-0.40687495470046997,1.3767915964126587,-3.0299999713897705,1.0237499475479126
1556,-0.3865000307559967,1.4060076475143433,-3.055000066757202,1.0112500190734863
1557,-0.9266250729560852,1.4276260137557983,-3.0662500858306885,0.8037499785423279
1558,-0.7357500195503235,1.6451917886734009,-3.2725000381469727,1.2287499904632568
1559,-0.7796250581741333,1.4397711753845215,-3.103749990463257,1.0924999713897705
1560,-0.49625006318092346,1.3577911853790283,-3.083750009536743,0.8924999833106995
1561,-0.6000000238418579,1.5787317752838135,-2.983750104904175,1.1799999475479126
1562,-0.6916249990463257,1.592006802558899,-3.0174999237060547,1.5125000476837158
1563,-0.6600000262260437,1.575710415840149,-3.081249952316284,1.097499966621399
1564,-0.4375000596046448,1.3497319221496582,-3.115000009536743,0.6787499785423279
1565,-0.8665000200271606,1.4530471563339233,-3.0112500190734863,0.6600000262260437
1566,-0.5538750886917114,1.635278344154358,-3.036250114440918,1.4362499713897705
1567,-1.2428749799728394,1.7338824272155762,-2.958750009536743,1.100000023841858
1568,-0.2956249415874481,1.481264591217041,-2.992500066757202,1.3487499952316284
1569,-0.6007499694824219,1.5490998029708862,-3.036250114440918,0.9387500286102295
1570,-0.4091250002384186,1.401431679725647,-2.990000009536743,1.440000057220459
1571,-0.1873749941587448,1.5209040641784668,-3.0924999713897705,1.127500057220459
1572,-0.41062498092651367,1.475862741470337,-3.1937499046325684,1.0987499952316284
1573,-0.7872499227523804,1.535264253616333,-3.0625,1.3250000476837158
1574,-0.31587499380111694,1.4462734460830688,-2.966249942779541,1.2274999618530273
1575,-0.18562501668930054,1.360751748085022,-2.773750066757202,1.0112500190734863
1576,-1.1263749599456787,1.8110100030899048,-3.0512499809265137,1.2074999809265137
1577,-0.19924995303153992,1.5392404794692993,-3.059999942779541,1.4187500476837158
1578,-0.7638750672340393,1.5310975313186646,-3.0737500190734863,1.0212500095367432
1579,-0.9746249318122864,1.3532235622406006,-3.141249895095825,0.44624999165534973
1580,-0.5712499618530273,1.3734852075576782,-3.141249895095825,0.831250011920929
1581,-0.2872500419616699,1.465635895729065,-3.0350000858306885,1.1299999952316284
1582,-0.8191249966621399,1.6051276922225952,-3.541249990463257,1.1375000476837158
1583,-1.2523750066757202,1.387474775314331,-3.0062499046325684,0.33500000834465027
1584,-0.2721249759197235,1.470016360282898,-3.1212499141693115,1.34375
1585,-0.5918749570846558,1.635738730430603,-3.036250114440918,1.2350000143051147
1586,-0.2996250092983246,1.3998867273330688,-3.0250000953674316,0.7599999904632568
1587,-0.4482499659061432,1.3640462160110474,-3.0062499046325684,0.8187500238418579
1588,-0.6804999113082886,1.5808546543121338,-2.987499952316284,1.0950000286102295
1589,-0.9752500653266907,1.369618535041809,-2.908750057220459,1.003749966621399
1590,-0.6319999098777771,1.3355786800384521,-3.0062499046325684,0.7437499761581421
1591,-0.5256249904632568,1.365920901298523,-3.028749942779541,0.9775000214576721
1592,-0.22300000488758087,1.4420948028564453,-2.942500114440918,1.2237499952316284
1593,-0.3634999990463257,1.3627443313598633,-2.940000057220459,0.9587500095367432
1594,-0.3043749928474426,1.4721605777740479,-3.130000114440918,1.1649999618530273
1595,-0.5278750061988831,1.3480479717254639,-3.059999942779541,1.1974999904632568
1596,-0.2837499976158142,1.4711806774139404,-2.9175000190734863,1.4175000190734863
1597,-0.3726249933242798,1.4434254169464111,-3.0250000953674316,1.3262499570846558
1598,-0.2764999568462372,1.4307188987731934,-3.057499885559082,1.131250023841858
1599,-0.3618749976158142,1.4161415100097656,-3.016249895095825,1.1712499856948853
1600,-0.35237500071525574,1.429375171661377,-3.0250000953674316,1.122499942779541
1601,-1.112125039100647,1.5932772159576416,-3.088749885559082,1.09375
1602,-0.6921250224113464,1.6740410327911377,-3.387500047683716,1.006250023841858
1603,-0.29075002670288086,1.444201111793518,-3.1675000190734863,1.002500057220459
1604,-1.0744999647140503,1.378375768661499,-3.1112499237060547,0.9362499713897705
1605,-0.6147500276565552,1.6099865436553955,-3.0625,0.9775000214576721
1606,-1.0665000677108765,1.5458110570907593,-2.922499895095825,0.9962499737739563
1607,-1.0088750123977661,1.714476466178894,-3.1912500858306885,0.9624999761581421
1608,-0.31675001978874207,1.4341392517089844,-2.96875,1.1375000476837158
1609,-0.2836249768733978,1.44255530834198,-2.9862499237060547,1.0737500190734863
1610,-0.7773749828338623,1.5989842414855957,-3.190000057220459,0.9137499928474426
1611,-0.37425002455711365,1.3400540351867676,-2.9487500190734863,0.7900000214576721
1612,-1.871500015258789,1.5639859437942505,-3.043750047683716,1.1612499952316284
1613,-0.7165000438690186,1.5003077983856201,-2.930000066757202,1.0199999809265137
1614,-0.7099999785423279,1.5949926376342773,-3.0875000953674316,1.034999966621399
1615,-0.1353750377893448,1.5801681280136108,-3.0625,1.3987499475479126
1616,-0.10774999856948853,1.5534895658493042,-2.9625000953674316,1.4762500524520874
1617,-0.47099995613098145,1.3775943517684937,-3.1675000190734863,0.9125000238418579
1618,-0.5812499523162842,1.610430359840393,-3.130000114440918,1.0099999904632568
1619,-0.7050000429153442,1.574530839920044,-3.1700000762939453,0.9237499833106995
1620,-0.44099998474121094,1.4572303295135498,-3.103749990463257,1.3899999856948853
1621,-0.24674996733665466,1.5185662508010864,-3.052500009536743,1.472499966621399
1622,-0.38087499141693115,1.6776456832885742,-2.9749999046325684,1.184999942779541
1623,-0.5949999690055847,1.56449556350708,-2.992500066757202,1.006250023841858
1624,-0.21912498772144318,1.5035955905914307,-3.0425000190734863,1.2912499904632568
1625,-0.6669999361038208,1.2338502407073975,-2.9124999046325684,0.8075000047683716
1626,-0.48024997115135193,1.729442834854126,-3.096250057220459,1.2200000286102295
1627,-0.6744999885559082,1.6002916097640991,-2.997499942779541,0.8824999928474426
1628,-0.3602500259876251,1.3085635900497437,-2.950000047683716,0.7749999761581421
1629,-0.45250001549720764,1.41705322265625,-3.109999895095825,0.8974999785423279
1630,-0.5375000238418579,1.5918515920639038,-2.958750009536743,1.1112500429153442
1631,-0.43575000762939453,1.4474245309829712,-3.0037500858306885,1.0824999809265137
1632,-0.24699997901916504,1.4928730726242065,-3.0850000381469727,1.443750023841858
1633,-0.5416250228881836,1.3474458456039429,-3.023750066757202,1.222499966621399
1634,-0.24950000643730164,1.4431060552597046,-3.0625,1.190000057220459
1635,-0.6956249475479126,1.5479984283447266,-2.9800000190734863,0.9862499833106995
1636,-0.7989999651908875,1.5048294067382812,-3.0112500190734863,0.9337499737739563
1637,-0.7570000290870667,1.6109118461608887,-3.341249942779541,1.2350000143051147
1638,-0.690250039100647,1.9060817956924438,-3.1812500953674316,1.4487500190734863
1639,-0.7118750214576721,1.3042662143707275,-3.122499942779541,0.4350000023841858
1640,-0.24000000953674316,1.5564333200454712,-3.231250047683716,1.2899999618530273
1641,-0.2953749895095825,1.5845006704330444,-3.103749990463257,1.5499999523162842
1642,-0.0989999994635582,1.5257982015609741,-3.047499895095825,1.2999999523162842
1643,-0.4307499825954437,1.782267689704895,-3.072499990463257,1.4637500047683716
1644,-0.8863750696182251,1.6860771179199219,-3.0537500381469727,0.9325000047683716
1645,-0.7797500491142273,1.8390859365463257,-3.1112499237060547,1.503749966621399
1646,-0.08037499338388443,1.585378646850586,-3.016249895095825,1.5075000524520874
1647,-0.5853750109672546,1.6167091131210327,-3.0350000858306885,1.097499966621399
1648,-0.4717499613761902,1.629496455192566,-3.049999952316284,1.377500057220459
1649,-0.46675005555152893,1.6575888395309448,-3.036250114440918,1.033750057220459
1650,-0.48087501525878906,1.7390432357788086,-3.036250114440918,1.2999999523162842
1651,-0.1731249988079071,1.3852838277816772,-2.875,1.1549999713897705
1652,-0.33275002241134644,1.3518853187561035,-2.887500047683716,0.9537500143051147
1653,-0.49937504529953003,1.414024829864502,-3.140000104904175,0.9850000143051147
1654,-1.0291249752044678,1.9305485486984253,-3.0737500190734863,1.2899999618530273
1655,-0.5336250066757202,1.6339136362075806,-3.009999990463257,1.2350000143051147
1656,-0.5544999837875366,1.66814386844635,-3.005000114440918,1.1950000524520874
1657,-0.7949999570846558,1.7688103914260864,-2.961250066757202,1.1375000476837158
1658,-0.7770000100135803,1.8429666757583618,-3.231250047683716,1.090000033378601
1659,-0.3226250112056732,1.4817712306976318,-3.0112500190734863,1.0924999713897705
1660,-0.9180000424385071,1.675732970237732,-2.9412500858306885,1.0637500286102295
1661,-0.5106250047683716,1.6563130617141724,-2.9987499713897705,1.068750023841858
1662,-0.6012499928474426,1.6597405672073364,-3.1937499046325684,1.193750023841858
1663,-0.2485000193119049,1.5236634016036987,-2.9600000381469727,1.4149999618530273
1664,-0.16637501120567322,1.4815728664398193,-2.9000000953674316,1.1337499618530273
1665,-1.0717500448226929,1.3219413757324219,-3.0924999713897705,0.7587500214576721
1666,-0.45812496542930603,1.7926664352416992,-3.055000066757202,1.4900000095367432
1667,-0.5161250233650208,1.6018812656402588,-2.942500114440918,1.2387499809265137
1668,-0.2173750102519989,1.4578524827957153,-2.958750009536743,1.2762500047683716
1669,-0.7508749961853027,1.5359618663787842,-3.0425000190734863,1.34375
1670,-0.23862497508525848,1.4097234010696411,-2.997499942779541,1.2350000143051147
1671,-0.7798750400543213,1.4613206386566162,-2.987499952316284,0.7225000262260437
1672,-0.4821249842643738,1.6675208806991577,-3.0612499713897705,1.1487499475479126
1673,-0.19949999451637268,1.4621340036392212,-3.038749933242798,1.1449999809265137
1674,-0.35337498784065247,1.7224394083023071,-2.9749999046325684,1.215000033378601
1675,-0.42637500166893005,1.6907273530960083,-3.1337499618530273,0.9112499952316284
1676,-0.3697499632835388,1.6791428327560425,-2.8612499237060547,1.1112500429153442
1677,-0.4987499713897705,1.7132211923599243,-3.141249895095825,1.183750033378601
1678,-0.20137497782707214,1.4753621816635132,-2.9862499237060547,1.002500057220459
1679,-0.40450000762939453,1.4391354322433472,-2.9337499141693115,1.162500023841858
1680,-0.3304999768733978,1.419134259223938,-2.9862499237060547,1.1437499523162842
1681,-0.5917499661445618,1.5840483903884888,-2.922499895095825,1.0625
1682,-0.492374986410141,1.4498965740203857,-3.122499942779541,1.0499999523162842
1683,-0.49175000190734863,1.4375916719436646,-3.130000114440918,1.0399999618530273
1684,-0.2731249928474426,1.4996933937072754,-3.091249942779541,0.9712499976158142
1685,-0.8508750200271606,1.4738487005233765,-3.043750047683716,0.9100000262260437
1686,-0.7823749780654907,1.4878935813903809,-2.9937500953674316,0.7987499833106995
1687,-0.13524998724460602,1.469066858291626,-3.023750066757202,1.100000023841858
1688,-0.6074999570846558,1.6288858652114868,-2.9725000858306885,1.191249966621399
1689,-0.2928749918937683,1.492936611175537,-3.047499895095825,1.2074999809265137
1690,-0.4625000059604645,1.5127792358398438,-3.2049999237060547,1.3250000476837158
1691,-0.022499997168779373,1.4337536096572876,-2.8162500858306885,1.3212499618530273
1692,-0.3815000057220459,1.361366629600525,-2.976249933242798,1.0462499856948853
1693,-0.15849998593330383,1.4582310914993286,-3.0999999046325684,1.002500057220459
1694,-0.19487500190734863,1.3975579738616943,-3.023750066757202,0.8174999952316284
1695,-0.581375002861023,1.5749435424804688,-2.918750047683716,1.0549999475479126
1696,-0.762624979019165,1.5462427139282227,-3.2825000286102295,0.9037500023841858
1697,-0.3334999978542328,1.3706012964248657,-2.950000047683716,1.225000023841858
1698,-0.40437498688697815,1.3972150087356567,-3.047499895095825,0.96875
1699,-0.5635000467300415,1.2699590921401978,-2.880000114440918,0.9162499904632568
1700,-0.15825000405311584,1.5150396823883057,-2.891249895095825,1.341249942779541
1701,-0.6773750185966492,1.6000339984893799,-2.9674999713897705,1.2450000047683716
1702,-0.26637500524520874,1.4172160625457764,-3.0612499713897705,1.274999976158142
1703,-0.2447499930858612,1.415589690208435,-2.9987499713897705,1.1112500429153442
1704,-0.4818750023841858,1.5948777198791504,-2.9237499237060547,1.0950000286102295
1705,-0.1303749829530716,1.5473370552062988,-3.182499885559082,1.0700000524520874
1706,-0.5293750166893005,1.6210471391677856,-3.023750066757202,1.0137499570846558
1707,-0.9585000276565552,1.6802794933319092,-3.03125,1.1737500429153442
1708,-0.13037502765655518,1.5158655643463135,-3.153749942779541,1.153749942779541
1709,-0.43012505769729614,1.8170753717422485,-3.268749952316284,1.5412499904632568
1710,-0.19737496972084045,1.4465527534484863,-2.950000047683716,1.2450000047683716
1711,-0.0847499817609787,1.4308302402496338,-2.831249952316284,1.2087500095367432
1712,-0.4076250195503235,1.387783408164978,-3.166249990463257,0.8600000143051147
1713,-0.3596250116825104,1.388147234916687,-3.109999895095825,1.0162500143051147
1714,-0.6162499785423279,1.645247459411621,-3.140000104904175,1.0887500047683716
1715,-0.5451249480247498,1.5942232608795166,-2.9800000190734863,1.024999976158142
1716,-0.14287501573562622,1.4962650537490845,-2.956249952316284,1.4987499713897705
1717,-0.1366250216960907,1.5661048889160156,-3.2200000286102295,1.247499942779541
1718,-0.44337496161460876,1.408869981765747,-3.1024999618530273,0.9850000143051147
1719,-0.4266250729560852,1.752411961555481,-3.171250104904175,1.2100000381469727
1720,-0.14637501537799835,1.2069478034973145,-3.0062499046325684,1.1799999475479126
1721,-1.018875002861023,1.717535376548767,-3.03125,1.4299999475479126
1722,-0.4326249659061432,1.3356212377548218,-3.1112499237060547,1.34375
1723,-0.48750001192092896,1.732560634613037,-3.184999942779541,0.9712499976158142
1724,-0.3477500081062317,1.413761854171753,-2.930000066757202,1.2087500095367432
1725,-0.5546249747276306,1.6344283819198608,-3.0274999141693115,1.1050000190734863
1726,-0.1405000239610672,1.5107897520065308,-3.1600000858306885,1.4637500047683716
1727,-0.2517499625682831,1.5598524808883667,-3.3112499713897705,1.096250057220459
1728,-0.17274999618530273,1.5525474548339844,-3.1449999809265137,1.347499966621399
1729,0.4347499907016754,1.219272494316101,-3.018749952316284,1.2287499904632568
1730,-0.8673750162124634,1.735208511352539,-3.0850000381469727,0.8237500190734863
1731,-0.5260000228881836,1.6514428853988647,-3.016249895095825,1.0412499904632568
1732,-0.5568750500679016,1.7076034545898438,-3.271250009536743,1.253749966621399
1733,-0.08124998211860657,1.5612846612930298,-3.1962499618530273,1.2899999618530273
1734,-0.5908750295639038,1.644691824913025,-3.2612500190734863,1.056249976158142
1735,-0.8316249847412109,1.4403258562088013,-3.041249990463257,1.0612499713897705
1736,-0.8501249551773071,1.503716230392456,-3.049999952316284,1.002500057220459
1737,-0.23374998569488525,1.4740797281265259,-2.9375,1.152500033378601
1738,-0.14287503063678741,1.4792132377624512,-2.973750114440918,1.2799999713897705
1739,-0.46437501907348633,1.7010722160339355,-3.028749942779541,1.5412499904632568
1740,-0.565750002861023,1.635121464729309,-2.961250066757202,1.1437499523162842
1741,-0.8573749661445618,1.763227939605713,-3.0062499046325684,1.216249942779541
1742,-0.5555000305175781,1.7065335512161255,-3.0662500858306885,1.2987500429153442
1743,-1.1022499799728394,1.5938891172409058,-2.9862499237060547,1.1699999570846558
1744,-0.887874960899353,1.6542150974273682,-3.0425000190734863,0.8450000286102295
1745,-0.28700003027915955,1.3889702558517456,-2.9862499237060547,1.191249966621399
1746,-0.07825000584125519,1.593332290649414,-3.1112499237060547,1.4674999713897705
1747,-0.3178749978542328,1.4173005819320679,-3.0625,1.183750033378601
1748,-0.3815000057220459,1.3870240449905396,-3.049999952316284,1.096250057220459
1749,-0.1771249920129776,1.5380771160125732,-2.9862499237060547,1.4500000476837158
1750,-0.48249998688697815,1.8447016477584839,-3.2387499809265137,1.4950000047683716
1751,0.18549998104572296,1.1957483291625977,-2.992500066757202,1.184999942779541
1752,-0.5322499871253967,1.656012773513794,-3.049999952316284,1.034999966621399
1753,-1.018125057220459,1.640377402305603,-3.036250114440918,1.1124999523162842
1754,-0.2898750305175781,1.4514026641845703,-2.918750047683716,1.596250057220459
1755,-0.5885000228881836,1.7191978693008423,-3.216249942779541,1.3949999809265137
1756,-0.6970000863075256,1.5255486965179443,-2.9287500381469727,1.152500033378601
1757,-0.6731249690055847,1.3136590719223022,-2.950000047683716,1.2100000381469727
1758,-0.367624968290329,1.4161183834075928,-3.0174999237060547,1.0262500047683716
1759,-0.20237497985363007,1.5131109952926636,-3.028749942779541,1.443750023841858
1760,-0.4788750112056732,1.6513240337371826,-3.0850000381469727,1.381250023841858
1761,-0.4617500305175781,1.713857889175415,-3.1287500858306885,0.9537500143051147
1762,-0.25550001859664917,1.4520461559295654,-3.0737500190734863,1.0449999570846558
1763,-0.13262495398521423,1.5266242027282715,-3.203749895095825,1.2450000047683716
1764,-0.5788750052452087,1.5569918155670166,-2.8837499618530273,0.9350000023841858
1765,-0.8570000529289246,1.5849058628082275,-3.3887500762939453,1.0
1766,-0.7248749732971191,1.4789257049560547,-3.0924999713897705,1.033750057220459
1767,-0.49674996733665466,1.6796296834945679,-3.0799999237060547,1.2587499618530273
1768,-0.10712500661611557,1.4207147359848022,-2.867500066757202,1.3362499475479126
1769,0.029499996453523636,1.3074432611465454,-3.009999990463257,1.368749976158142
1770,-0.041499994695186615,1.5604867935180664,-3.043750047683716,1.53125
1771,-0.23937499523162842,1.4196678400039673,-2.8812499046325684,1.1924999952316284
1772,-0.0767500028014183,1.0740491151809692,-2.887500047683716,0.9512500166893005
1773,-0.5013750195503235,1.6401714086532593,-3.009999990463257,0.9962499737739563
1774,-0.08087500184774399,1.5101834535598755,-3.0450000762939453,1.252500057220459
1775,-0.2776249945163727,1.4495652914047241,-3.2699999809265137,1.3200000524520874
1776,-0.1667500138282776,1.5094038248062134,-3.108750104904175,1.184999942779541
1777,-0.7720000743865967,1.8014345169067383,-3.055000066757202,1.2037500143051147
1778,-0.8474999666213989,1.7459657192230225,-3.0350000858306885,1.1549999713897705
1779,-0.29087498784065247,1.5118070840835571,-2.96875,1.2087500095367432
1780,-0.2044999897480011,1.491692304611206,-2.96875,1.2262500524520874
1781,-0.5479999780654907,1.5537176132202148,-2.966249942779541,1.1137499809265137
1782,-0.625374972820282,1.606087565422058,-3.1337499618530273,1.0212500095367432
1783,0.09975002706050873,1.1116948127746582,-2.922499895095825,0.9125000238418579
1784,-0.5278750658035278,1.5822628736495972,-2.8662500381469727,1.1662499904632568
1785,-0.49175000190734863,1.6642847061157227,-3.0250000953674316,1.2074999809265137
1786,-0.6392499804496765,1.632708191871643,-3.072499990463257,0.9437500238418579
1787,-0.6701250076293945,1.5805284976959229,-3.0737500190734863,0.9800000190734863
1788,-0.44200000166893005,1.6996535062789917,-2.984999895095825,1.2412500381469727
1789,-0.5672499537467957,1.602386236190796,-2.950000047683716,1.0850000381469727
1790,-0.46399998664855957,1.4219520092010498,-3.091249942779541,0.8912500143051147
1791,-0.864625096321106,1.7711739540100098,-3.0,1.2087500095367432
1792,-0.44737499952316284,1.6898325681686401,-3.0587499141693115,1.1387499570846558
1793,-0.34175002574920654,1.5045115947723389,-3.023750066757202,1.2637499570846558
1794,-0.653374969959259,1.626847743988037,-3.023750066757202,1.1549999713897705
1795,-0.1577499806880951,1.4602452516555786,-3.0799999237060547,1.1549999713897705
1796,-0.10737498104572296,1.5609303712844849,-3.174999952316284,1.3362499475479126
1797,-0.40162500739097595,1.734607458114624,-3.043750047683716,1.5225000381469727
1798,-0.18837499618530273,1.49375319480896,-3.103749990463257,1.3362499475479126
1799,-0.7617499828338623,1.5014123916625977,-2.9937500953674316,0.9837499856948853
1800,-0.11950001865625381,1.4922305345535278,-3.096250057220459,1.1699999570846558
1801,-0.2553749978542328,1.4512344598770142,-3.096250057220459,1.2637499570846558
1802,-0.41175001859664917,1.4314695596694946,-3.081249952316284,1.2050000429153442
1803,-0.453249990940094,1.7351826429367065,-3.137500047683716,1.2625000476837158
1804,-0.41724997758865356,1.394156575202942,-2.961250066757202,1.125
1805,-0.15300002694129944,1.4392061233520508,-2.8550000190734863,1.3212499618530273
1806,-0.39375001192092896,1.4562382698059082,-3.023750066757202,1.090000033378601
1807,-0.3490000069141388,1.715925693511963,-2.9437499046325684,1.0812499523162842
1808,-0.16349998116493225,1.4590610265731812,-2.953749895095825,1.28125
1809,-0.5507499575614929,1.782306432723999,-3.1962499618530273,1.3387500047683716
1810,-0.05649998039007187,1.611770749092102,-3.091249942779541,1.2699999809265137
1811,0.09324998408555984,1.212386965751648,-3.0,1.3949999809265137
1812,-0.2357500046491623,1.4701097011566162,-3.0425000190734863,1.0525000095367432
1813,-0.1692499965429306,1.5401479005813599,-3.0737500190734863,1.0499999523162842
1814,-0.45512494444847107,1.6996631622314453,-3.081249952316284,1.0575000047683716
1815,-0.02562500163912773,1.542909026145935,-3.141249895095825,1.1699999570846558
1816,-0.24562504887580872,1.7708510160446167,-2.9412500858306885,1.3137500286102295
1817,-0.2827500104904175,1.466373085975647,-3.0924999713897705,1.0787500143051147
1818,-0.5277499556541443,1.6900478601455688,-3.151249885559082,1.1349999904632568
1819,-0.28999999165534973,1.423022985458374,-3.03125,1.152500033378601
1820,-0.16699999570846558,1.5092597007751465,-3.0999999046325684,1.2037500143051147
1821,-0.4963749945163727,1.7240403890609741,-3.2125000953674316,1.4487500190734863
1822,-0.18674996495246887,1.5837870836257935,-3.213749885559082,1.3337500095367432
1823,-0.9449999928474426,1.6783146858215332,-3.140000104904175,0.9612500071525574
1824,-0.17012500762939453,1.4010330438613892,-2.8499999046325684,1.2649999856948853
1825,-0.5370000600814819,1.6858123540878296,-3.0250000953674316,1.162500023841858
1826,0.025374997407197952,1.5333653688430786,-3.101249933242798,1.184999942779541
1827,-0.5324999690055847,1.7075494527816772,-3.112499952316284,1.2549999952316284
1828,-0.1223749965429306,1.5627697706222534,-3.023750066757202,1.347499966621399
1829,-0.4166250228881836,1.780346155166626,-3.046250104904175,1.5137499570846558
1830,-0.4988749623298645,1.6895791292190552,-3.0,1.1062500476837158
1831,-0.0009999989997595549,1.5782568454742432,-3.0037500858306885,1.2387499809265137
1832,-0.14237502217292786,1.5267188549041748,-3.0537500381469727,1.1237499713897705
1833,-0.3778750002384186,1.4213956594467163,-3.141249895095825,1.221250057220459
1834,-0.008499985560774803,1.63511323928833,-3.0250000953674316,1.3200000524520874
1835,-0.02387501858174801,1.6305252313613892,-3.1187500953674316,1.2887500524520874
1836,-0.06012500450015068,1.5282926559448242,-3.043750047683716,1.131250023841858
1837,-0.08262498676776886,1.5268255472183228,-3.1212499141693115,1.2625000476837158
1838,-0.03437500447034836,1.5223579406738281,-2.9674999713897705,1.408750057220459
1839,-0.5173750519752502,1.7770488262176514,-3.447499990463257,1.1349999904632568
1840,-0.0253750029951334,1.5794212818145752,-3.259999990463257,1.1074999570846558
1841,0.5377500057220459,0.6360107064247131,-0.6712499856948853,1.277500033378601
1842,0.18450002372264862,1.2431714534759521,-3.182499885559082,1.4887499809265137
1843,-0.06562501192092896,1.5039325952529907,-2.9674999713897705,1.493749976158142
1844,-0.5996250510215759,1.610720157623291,-2.9387500286102295,1.1675000190734863
1845,-0.3801249861717224,1.748773455619812,-3.0850000381469727,1.0750000476837158
1846,-0.025500023737549782,1.504144549369812,-2.9287500381469727,1.503749966621399
1847,-0.31987494230270386,1.717498540878296,-2.927500009536743,1.1112500429153442
1848,-0.36287498474121094,1.7143536806106567,-2.9862499237060547,1.2112499475479126
1849,-0.2931250333786011,1.7212246656417847,-3.0174999237060547,1.1299999952316284
1850,0.006999987177550793,1.4664751291275024,-2.9100000858306885,1.0750000476837158
1851,0.009874999523162842,1.5447092056274414,-3.0062499046325684,1.1725000143051147
1852,-0.17249999940395355,1.4934958219528198,-3.036250114440918,1.3537499904632568
1853,-0.6598749756813049,1.6719377040863037,-3.03125,1.1699999570846558
1854,-0.5049999952316284,1.696628212928772,-3.0425000190734863,1.1962499618530273
1855,-0.1538749784231186,1.5061379671096802,-3.012500047683716,1.3825000524520874
1856,0.17637500166893005,1.6489440202713013,-3.166249990463257,1.3762500286102295
1857,0.01487499475479126,1.5083810091018677,-2.9674999713897705,1.1437499523162842
1858,-0.05187500640749931,1.5840263366699219,-3.15625,1.2387499809265137
1859,-0.18937501311302185,1.5755717754364014,-3.291249990463257,1.0575000047683716
1860,-0.1016249805688858,1.556442379951477,-3.182499885559082,1.2862499952316284
1861,-0.375,1.7219516038894653,-3.023750066757202,1.068750023841858
1862,-0.02475001849234104,1.5422513484954834,-3.0924999713897705,1.0950000286102295
1863,-0.34299999475479126,1.5245299339294434,-3.0062499046325684,1.1449999809265137
1864,-0.18474999070167542,1.4922425746917725,-3.0612499713897705,1.1675000190734863
1865,-0.5508750081062317,1.6574041843414307,-3.0924999713897705,1.1425000429153442
1866,-0.15174999833106995,1.5745326280593872,-3.0799999237060547,1.1487499475479126
1867,-0.034625016152858734,1.4968042373657227,-3.036250114440918,1.1050000190734863
1868,-1.1614999771118164,1.8768110275268555,-3.333750009536743,0.9350000023841858
1869,0.030624981969594955,1.5550111532211304,-3.0625,1.3337500095367432
1870,-0.22437500953674316,1.4536405801773071,-3.0250000953674316,1.4850000143051147
1871,-0.7245000004768372,1.8921831846237183,-3.1475000381469727,1.184999942779541
1872,0.3935000002384186,1.158433198928833,-2.9175000190734863,1.0800000429153442
1873,-0.4750000536441803,1.7875291109085083,-3.081249952316284,1.475000023841858
1874,-0.21925003826618195,1.4751402139663696,-2.956249952316284,1.1649999618530273
1875,-0.04074997827410698,1.6120216846466064,-3.190000057220459,1.2799999713897705
1876,0.18025001883506775,1.2388756275177002,-3.0662500858306885,1.5175000429153442
1877,-0.45137494802474976,1.746690034866333,-3.069999933242798,1.1637500524520874
1878,-0.6271249651908875,1.8612148761749268,-2.922499895095825,1.1749999523162842
1879,-0.25850000977516174,1.5207911729812622,-3.103749990463257,1.184999942779541
1880,-0.11637499183416367,1.5005677938461304,-3.0737500190734863,1.0787500143051147
1881,-0.195374995470047,1.7692023515701294,-3.021250009536743,1.3550000190734863
1882,-0.23899996280670166,1.5604221820831299,-3.016249895095825,1.221250057220459
1883,0.14300000667572021,1.6460986137390137,-3.0999999046325684,1.372499942779541
1884,-0.011000001803040504,1.5022040605545044,-2.947499990463257,1.3899999856948853
1885,-0.41062504053115845,1.4075062274932861,-2.8125,0.9337499737739563
1886,-0.5646250247955322,1.638569712638855,-2.9987499713897705,0.9487500190734863
1887,0.010374998673796654,1.529597282409668,-2.9937500953674316,1.277500033378601
1888,-0.06925000250339508,1.5042346715927124,-3.043750047683716,1.1362500190734863
1889,-0.6533750295639038,1.929149866104126,-3.043750047683716,1.4987499713897705
1890,-0.0885000079870224,1.5334442853927612,-2.9800000190734863,1.2662500143051147
1891,-0.1770000010728836,1.5278536081314087,-2.9362499713897705,1.1862499713897705
1892,-0.010375005193054676,1.6114130020141602,-3.005000114440918,1.4800000190734863
1893,-0.22874999046325684,1.416720986366272,-2.942500114440918,1.183750033378601
1894,-0.24287500977516174,1.5853818655014038,-3.0199999809265137,1.3324999809265137
1895,-0.21375000476837158,1.4582481384277344,-3.021250009536743,1.1725000143051147
1896,-0.1551249921321869,1.4682443141937256,-2.9487500190734863,1.1950000524520874
1897,-0.19912496209144592,1.459389328956604,-3.091249942779541,1.1475000381469727
1898,-0.019499992951750755,1.5509434938430786,-2.987499952316284,1.371250033378601
1899,-0.28575000166893005,1.4860172271728516,-2.950000047683716,1.252500057220459
1900,-0.06725002080202103,1.5243209600448608,-3.0425000190734863,1.0887500047683716
1901,-0.33012500405311584,1.4541726112365723,-2.956249952316284,0.9800000190734863
1902,-0.5638749003410339,1.5875471830368042,-3.0274999141693115,1.2350000143051147
1903,-0.2594999670982361,1.349072813987732,-2.9124999046325684,0.9549999833106995
1904,-0.18850000202655792,1.5810437202453613,-2.987499952316284,1.2450000047683716
1905,-0.0573749765753746,1.5242539644241333,-3.043750047683716,1.4199999570846558
1906,-0.29475000500679016,1.4059956073760986,-2.9175000190734863,0.9200000166893005
1907,-0.4363749623298645,1.7009440660476685,-3.0174999237060547,0.9700000286102295
1908,-0.08025001734495163,1.4694963693618774,-2.9912500381469727,1.0549999475479126
1909,-0.12812501192092896,1.4456123113632202,-2.918750047683716,1.1299999952316284
1910,0.015375018119812012,1.5551050901412964,-3.0174999237060547,1.2262500524520874
1911,-0.5086250305175781,1.6636691093444824,-3.016249895095825,1.4850000143051147
1912,-0.5199999809265137,1.393648624420166,-3.0062499046325684,1.221250057220459
1913,0.05037496238946915,1.2999472618103027,-3.055000066757202,1.2287499904632568
1914,-0.2588749825954437,1.5219680070877075,-2.9987499713897705,1.3849999904632568
1915,-0.4908749461174011,1.7060221433639526,-3.0174999237060547,1.3987499475479126
1916,-0.6584999561309814,1.5242488384246826,-2.911250114440918,1.1162500381469727
1917,-0.061750005930662155,1.5368635654449463,-3.012500047683716,1.3450000286102295
1918,-0.16599997878074646,1.5605473518371582,-3.0850000381469727,1.3849999904632568
1919,-0.8002499341964722,1.7999647855758667,-3.3087499141693115,1.1687500476837158
1920,-0.5871249437332153,1.6397161483764648,-2.987499952316284,0.9737499952316284
1921,0.34474998712539673,1.3770979642868042,-3.0737500190734863,1.402500033378601
1922,-0.1860000193119049,1.517364740371704,-2.9800000190734863,1.2274999618530273
1923,-0.5038749575614929,1.7495826482772827,-3.103749990463257,1.153749942779541
1924,-0.1629999876022339,1.6232244968414307,-3.016249895095825,1.315000057220459
1925,-0.09800000488758087,1.519675850868225,-3.012500047683716,1.4900000095367432
1926,0.11400000751018524,1.197333812713623,-2.9749999046325684,1.2112499475479126
1927,-0.054499994963407516,1.5499862432479858,-2.922499895095825,1.4950000047683716
1928,-0.18312501907348633,1.4923338890075684,-3.002500057220459,1.184999942779541
1929,-0.7021249532699585,1.9004515409469604,-3.233750104904175,1.2699999809265137
1930,-0.31099995970726013,1.774247169494629,-2.918750047683716,1.4175000190734863
1931,-0.08287502080202103,1.4868733882904053,-2.9800000190734863,1.3174999952316284
1932,-0.07674999535083771,1.488512396812439,-2.956249952316284,1.2350000143051147
1933,-0.218500018119812,1.4983450174331665,-3.005000114440918,1.4900000095367432
1934,-0.1016250029206276,1.4805395603179932,-2.8862500190734863,1.1299999952316284
1935,-0.08874998986721039,1.5171834230422974,-3.1212499141693115,1.284999966621399
1936,-0.025374984368681908,1.5152592658996582,-2.9987499713897705,1.131250023841858
1937,-0.0031249939929693937,1.541206955909729,-2.9912500381469727,1.2999999523162842
1938,0.18312498927116394,1.6311094760894775,-3.023750066757202,1.2412500381469727
1939,-0.45787495374679565,1.652683138847351,-3.0737500190734863,1.2625000476837158
1940,-0.5093749761581421,1.6463207006454468,-3.055000066757202,1.0099999904632568
1941,-0.22325000166893005,1.5309209823608398,-3.0587499141693115,1.246250033378601
1942,-0.09462499618530273,1.568307876586914,-3.021250009536743,1.277500033378601
1943,0.06287498772144318,1.2519046068191528,-2.930000066757202,1.3662500381469727
1944,-0.32212498784065247,1.7547603845596313,-3.0924999713897705,1.493749976158142
1945,-0.14637501537799835,1.5039994716644287,-2.930000066757202,1.3350000381469727
1946,-0.15662498772144318,1.4330111742019653,-2.961250066757202,0.9587500095367432
1947,-0.22187499701976776,1.460561990737915,-2.9887499809265137,1.097499966621399
1948,-0.1837499886751175,1.4832056760787964,-3.049999952316284,1.1262500286102295
1949,-0.575374960899353,1.9005086421966553,-2.9862499237060547,1.1687500476837158
1950,-0.030125003308057785,1.480218768119812,-2.966249942779541,1.3250000476837158
1951,-0.1419999897480011,1.8461904525756836,-3.0425000190734863,1.347499966621399
1952,-0.3400000035762787,1.4075549840927124,-2.978749990463257,1.059999942779541
1953,-0.8293749690055847,1.755146861076355,-2.953749895095825,1.0462499856948853
1954,-0.012625008821487427,1.4596046209335327,-2.8687500953674316,1.2400000095367432
1955,-0.6950000524520874,1.6541504859924316,-3.283750057220459,1.0950000286102295
1956,-0.2524999976158142,1.590989112854004,-3.341249942779541,1.2825000286102295
1957,-0.5663750767707825,1.3664789199829102,-2.9987499713897705,1.0612499713897705
1958,-0.020750010386109352,1.64046311378479,-3.0737500190734863,1.4900000095367432
1959,-0.4054999351501465,1.6903831958770752,-3.0,1.4287500381469727
1960,-0.4345000386238098,1.4115010499954224,-3.0612499713897705,0.9599999785423279
1961,-0.41074997186660767,1.627555012702942,-2.8499999046325684,1.162500023841858
1962,-0.3871249854564667,1.6254804134368896,-2.8712499141693115,1.191249966621399
1963,0.5135000348091125,1.2102715969085693,-2.856250047683716,1.5075000524520874
1964,-0.4896249771118164,1.6165671348571777,-2.9262499809265137,1.0737500190734863
1965,-0.5586249828338623,1.6832295656204224,-3.1337499618530273,1.28125
1966,-0.1236250028014183,1.4771877527236938,-2.9375,1.3949999809265137
1967,0.11149998754262924,1.5979273319244385,-3.055000066757202,1.3799999952316284
1968,-0.09075000137090683,1.5425593852996826,-3.266249895095825,1.3312499523162842
1969,-0.41725000739097595,1.63406240940094,-2.942500114440918,1.1037499904632568
1970,0.2685000002384186,1.1325949430465698,-2.8737499713897705,1.222499966621399
1971,-0.3763750195503235,1.7453690767288208,-3.3162500858306885,1.3025000095367432
1972,-0.890625,1.7666624784469604,-3.0924999713897705,1.253749966621399
1973,-0.24387498199939728,1.4770485162734985,-2.9287500381469727,1.28125
1974,0.22612500190734863,1.1882474422454834,-2.978749990463257,1.0800000429153442
1975,-0.44099992513656616,1.6867115497589111,-2.9462499618530273,1.1150000095367432
1976,-0.3563750386238098,1.7598193883895874,-3.028749942779541,1.28125
1977,-0.1522500216960907,1.4734885692596436,-2.96875,1.1124999523162842
1978,0.058625005185604095,1.5953525304794312,-3.038749933242798,1.3450000286102295
1979,0.2566249668598175,1.3023546934127808,-2.9912500381469727,1.3200000524520874
1980,-0.17587502300739288,1.369541883468628,-2.8424999713897705,0.9649999737739563
1981,0.0612499825656414,1.5642365217208862,-3.015000104904175,1.4800000190734863
1982,0.1443749964237213,1.5277870893478394,-2.817500114440918,1.377500057220459
1983,-0.17337501049041748,1.427910327911377,-3.0350000858306885,1.1762499809265137
1984,0.006749999709427357,1.503089427947998,-2.8862500190734863,1.3887499570846558
1985,-0.15724998712539673,1.484032392501831,-2.990000009536743,1.318750023841858
1986,-0.05924997478723526,1.4674259424209595,-2.956249952316284,1.1162500381469727
1987,-0.010625016875565052,1.5648483037948608,-2.9362499713897705,1.2200000286102295
1988,-0.043750010430812836,1.4828495979309082,-2.7750000953674316,1.433750033378601
1989,-0.3542499840259552,1.7072806358337402,-3.0225000381469727,1.2575000524520874
1990,0.027874987572431564,1.5340759754180908,-2.987499952316284,1.2625000476837158
1991,-0.6652499437332153,1.5698093175888062,-3.0799999237060547,0.9350000023841858
1992,-0.2319999635219574,1.768991231918335,-3.0799999237060547,1.3825000524520874
1993,-0.028625011444091797,1.199507474899292,-2.9912500381469727,1.2012499570846558
1994,-0.41124996542930603,1.709295392036438,-3.091249942779541,1.252500057220459
1995,-0.5843750238418579,1.6272108554840088,-3.0737500190734863,1.1174999475479126
1996,-0.04837499186396599,1.5586050748825073,-3.049999952316284,1.350000023841858
1997,0.05087500810623169,1.5666478872299194,-3.047499895095825,1.2949999570846558
1998,-0.0534999743103981,1.6571720838546753,-3.5087499618530273,1.1862499713897705
1999,-0.46775001287460327,1.7433041334152222,-3.533750057220459,1.1675000190734863
2000,0.08150000870227814,1.542650580406189,-3.009999990463257,1.3887499570846558
2001,0.12825000286102295,1.6318596601486206,-3.25,1.3937499523162842
2002,-0.21662500500679016,1.7850533723831177,-3.0174999237060547,1.434999942779541
2003,-0.343874990940094,1.3133909702301025,-2.9075000286102295,0.7749999761581421
2004,0.28187498450279236,1.1236552000045776,-2.9375,1.0399999618530273
2005,-0.1304999738931656,1.4773393869400024,-2.9337499141693115,1.2662500143051147
2006,0.4247499406337738,1.2433760166168213,-3.1812500953674316,1.4674999713897705
2007,0.010999995283782482,1.4969385862350464,-2.930000066757202,1.2100000381469727
2008,0.019749987870454788,1.523277997970581,-3.033750057220459,1.3287500143051147
2009,-0.5352499485015869,1.5759015083312988,-2.9075000286102295,0.862500011920929
2010,-0.21712501347064972,1.4489288330078125,-2.983750104904175,0.9412500262260437
2011,0.04237499088048935,1.5010182857513428,-2.930000066757202,1.065000057220459
2012,-0.2959999442100525,1.4636385440826416,-2.932499885559082,1.1299999952316284
2013,0.0650000050663948,1.4958840608596802,-2.9387500286102295,1.0549999475479126
2014,-0.2162499874830246,1.5282288789749146,-3.182499885559082,1.0199999809265137
2015,-0.13175003230571747,1.617308259010315,-3.2899999618530273,1.0549999475479126
2016,-0.08699997514486313,1.6919597387313843,-3.4549999237060547,1.5175000429153442
2017,-0.3632500171661377,1.6693836450576782,-2.96875,1.1050000190734863
2018,-0.01725001074373722,1.5258402824401855,-3.0250000953674316,1.2999999523162842
2019,0.40025001764297485,1.244821548461914,-3.0799999237060547,1.3899999856948853
2020,-0.1312500238418579,1.5264347791671753,-3.0250000953674316,1.2625000476837158
2021,0.23199999332427979,1.1346262693405151,-2.981250047683716,1.1549999713897705
2022,0.11612500995397568,1.265280842781067,-3.0062499046325684,1.1699999570846558
2023,0.010625016875565052,1.281103253364563,-3.1024999618530273,1.221250057220459
2024,-0.0273749940097332,1.5055431127548218,-2.978749990463257,1.346250057220459
2025,0.3513750433921814,1.1301755905151367,-2.924999952316284,1.0575000047683716
2026,-0.09262499958276749,1.5393688678741455,-3.2125000953674316,1.059999942779541
2027,-0.061749983578920364,1.5040154457092285,-2.8612499237060547,1.1725000143051147
2028,-0.5471249222755432,1.7058457136154175,-3.091249942779541,1.2575000524520874
2029,-0.590749979019165,1.5660171508789062,-2.9749999046325684,1.0625
2030,-0.3255000114440918,1.7152178287506104,-2.950000047683716,1.378749966621399
2031,-0.702625036239624,1.8125848770141602,-3.2049999237060547,1.3312499523162842
2032,0.24762502312660217,1.1709136962890625,-3.023750066757202,1.221250057220459
2033,-0.04887498542666435,1.4816877841949463,-2.984999895095825,1.2200000286102295
2034,-0.7951250076293945,1.5239657163619995,-3.1024999618530273,1.2337499856948853
2035,-0.813499927520752,1.800864338874817,-3.132499933242798,1.2087500095367432
2036,-0.009375035762786865,1.4570159912109375,-2.8812499046325684,1.0800000429153442
2037,-0.07825001329183578,1.5340778827667236,-3.005000114440918,1.3212499618530273
2038,-0.2175000011920929,1.4383522272109985,-2.9000000953674316,1.0525000095367432
2039,-0.1626250296831131,1.4341535568237305,-2.880000114440918,1.2625000476837158
2040,-0.6474999785423279,1.5723600387573242,-3.0425000190734863,0.9049999713897705
2041,-0.6568750143051147,1.9663749933242798,-3.231250047683716,1.2912499904632568
2042,-0.30137497186660767,1.3951817750930786,-2.898750066757202,1.25
2043,-0.015499996952712536,1.485733151435852,-2.911250114440918,1.2350000143051147
2044,-0.0071250139735639095,1.541510820388794,-3.028749942779541,1.4487500190734863
2045,-0.5265000462532043,1.628051996231079,-3.043750047683716,1.0425000190734863
2046,0.23087498545646667,1.1869555711746216,-2.8475000858306885,1.2400000095367432
2047,-0.00950000248849392,1.5284461975097656,-3.049999952316284,1.5225000381469727
2048,0.07650002092123032,1.5049279928207397,-2.950000047683716,1.216249942779541
2049,-0.5338749885559082,1.37860906124115,-3.283750057220459,0.9237499833106995
2050,-0.17262497544288635,1.4560250043869019,-2.956249952316284,1.2450000047683716
2051,-0.3774999678134918,1.443946123123169,-2.8862500190734863,1.3125
2052,0.1418749988079071,1.577710747718811,-3.0062499046325684,1.2575000524520874
2053,0.19225004315376282,1.5790773630142212,-2.942500114440918,1.3250000476837158
2054,0.045875031501054764,1.5157145261764526,-3.0587499141693115,1.308750033378601
2055,-0.0507499985396862,1.6158303022384644,-3.0274999141693115,1.3487499952316284
2056,-0.39612501859664917,1.7161005735397339,-3.012500047683716,1.3962500095367432
2057,-0.01887499913573265,1.4879528284072876,-3.0225000381469727,1.0637500286102295
2058,0.04150000959634781,1.5130863189697266,-2.875,1.2912499904632568
2059,-0.25587502121925354,1.792090892791748,-3.049999952316284,1.3637499809265137
2060,-0.05287501960992813,1.5076353549957275,-3.096250057220459,1.3212499618530273
2061,-0.16050001978874207,1.4567804336547852,-3.055000066757202,1.1549999713897705
2062,-0.11287502199411392,1.4309583902359009,-2.9725000858306885,1.2637499570846558
2063,0.035250015556812286,1.5756937265396118,-3.081249952316284,1.2037500143051147
2064,-0.15199998021125793,1.526692271232605,-3.0824999809265137,1.527500033378601
2065,0.062375009059906006,1.5333455801010132,-2.9000000953674316,1.3849999904632568
2066,0.07024998217821121,1.546075701713562,-2.9987499713897705,1.1124999523162842
2067,-0.6035000085830688,1.6358956098556519,-3.0850000381469727,1.2912499904632568
2068,-0.609624981880188,1.5661265850067139,-2.922499895095825,1.0612499713897705
2069,-0.08175000548362732,1.4959782361984253,-2.9862499237060547,1.3899999856948853
2070,-0.15275004506111145,1.4998564720153809,-2.981250047683716,1.3537499904632568
2071,-0.7496249675750732,1.7630342245101929,-2.9312500953674316,1.0700000524520874
2072,0.312999963760376,1.1526415348052979,-2.930000066757202,1.1887500286102295
2073,-0.2903749942779541,1.455902099609375,-2.961250066757202,1.346250057220459
2074,0.12799996137619019,1.5252325534820557,-2.8375000953674316,1.3987499475479126
2075,-0.05649999529123306,1.490060567855835,-2.947499990463257,1.2799999713897705
2076,-0.2486249953508377,1.4996858835220337,-3.122499942779541,1.121250033378601
2077,-0.10687502473592758,1.5693343877792358,-3.005000114440918,1.4362499713897705
2078,-0.049375008791685104,1.5660977363586426,-2.9800000190734863,1.3862500190734863
2079,0.13650000095367432,1.4983030557632446,-2.8375000953674316,1.3562500476837158
2080,0.004125034902244806,1.5490018129348755,-3.047499895095825,1.4900000095367432
2081,-0.03550001233816147,1.4345831871032715,-2.9000000953674316,1.0850000381469727
2082,-0.09337500482797623,1.4610865116119385,-2.9937500953674316,1.3262499570846558
2083,0.31825000047683716,1.1653108596801758,-3.0012500286102295,1.149999976158142
2084,-0.059500016272068024,1.5912564992904663,-3.365000009536743,1.3700000047683716
2085,0.14012500643730164,1.1053237915039062,-2.8687500953674316,1.152500033378601
2086,0.30537500977516174,1.111544132232666,-2.8812499046325684,1.278749942779541
2087,0.5966249704360962,1.2448405027389526,-3.0174999237060547,1.403749942779541
2088,-0.2136249840259552,1.4246412515640259,-2.9800000190734863,0.9887499809265137
2089,-0.13574999570846558,1.545337438583374,-2.898750066757202,1.53125
2090,0.32249993085861206,1.2151226997375488,-3.0762500762939453,1.2687499523162842
2091,0.08250002562999725,1.460135579109192,-2.799999952316284,1.3587499856948853
2092,0.10187496989965439,1.61597740650177,-3.0737500190734863,1.409999966621399
2093,-0.014749991707503796,1.2239916324615479,-3.0425000190734863,1.3274999856948853
2094,0.03474998474121094,1.4623342752456665,-2.786250114440918,1.2262500524520874
2095,0.20024999976158142,1.5591284036636353,-2.8924999237060547,1.399999976158142
2096,-0.14262500405311584,1.4110418558120728,-2.875,0.9712499976158142
2097,0.031375013291835785,1.5165952444076538,-2.9362499713897705,1.3550000190734863
2098,0.021999990567564964,1.6432414054870605,-3.055000066757202,1.4850000143051147
2099,0.04662496969103813,1.5442246198654175,-2.8037500381469727,1.4550000429153442
2100,0.3372500240802765,1.2518506050109863,-2.9987499713897705,1.2575000524520874
2101,-0.23924998939037323,1.7469613552093506,-2.8924999237060547,1.190000057220459
2102,-0.031625013798475266,1.5726391077041626,-3.0850000381469727,1.2487499713897705
2103,-0.0768749862909317,1.4896695613861084,-2.8424999713897705,1.2975000143051147
2104,-0.1510000228881836,1.5202867984771729,-3.069999933242798,1.100000023841858
2105,-0.14537502825260162,1.5036565065383911,-2.942500114440918,1.152500033378601
2106,-0.5332499742507935,1.6958338022232056,-3.3399999141693115,1.0137499570846558
2107,-0.007375010754913092,1.5294066667556763,-3.0850000381469727,1.2050000429153442
2108,0.11262498050928116,1.469946026802063,-2.8375000953674316,1.3949999809265137
2109,0.39475005865097046,1.0748767852783203,-2.776249885559082,1.1074999570846558
2110,-0.14399999380111694,1.4524123668670654,-2.9674999713897705,1.493749976158142
2111,-0.14674995839595795,1.5549404621124268,-3.0737500190734863,1.0850000381469727
2112,-0.1446250081062317,1.4523463249206543,-2.973750114440918,1.3600000143051147
2113,-0.007374980952590704,1.4669498205184937,-2.9362499713897705,1.274999976158142
2114,0.0572500005364418,1.4656178951263428,-2.799999952316284,1.3912500143051147
2115,0.16825000941753387,1.5635614395141602,-2.978749990463257,1.350000023841858
2116,-0.02962500974535942,1.49456787109375,-2.9375,1.3362499475479126
2117,0.9178749918937683,0.3937409222126007,0.36125001311302185,1.4850000143051147
2118,0.09249997138977051,1.6156686544418335,-2.9800000190734863,1.3025000095367432
2119,-0.08900001645088196,1.4800924062728882,-2.961250066757202,1.1662499904632568
2120,0.00874999724328518,1.6238020658493042,-3.0425000190734863,1.381250023841858
2121,0.06062498688697815,1.508265733718872,-2.961250066757202,1.1675000190734863
2122,-0.29137498140335083,1.478793740272522,-2.96875,0.9587500095367432
2123,-0.15674999356269836,1.4975686073303223,-3.0062499046325684,1.1325000524520874
2124,0.4572499692440033,1.103661298751831,-2.828749895095825,1.0212500095367432
2125,-0.06424999982118607,1.520867109298706,-3.043750047683716,1.09375
2126,-0.1315000206232071,1.4246729612350464,-2.846250057220459,1.3324999809265137
2127,-0.1979999840259552,1.4346526861190796,-3.057499885559082,1.0737500190734863
2128,-0.08949999511241913,1.4963113069534302,-2.9862499237060547,1.2912499904632568
2129,0.16387498378753662,1.5739189386367798,-2.8687500953674316,1.2975000143051147
2130,0.44975000619888306,1.1964460611343384,-2.9312500953674316,1.3662500381469727
2131,-0.16100004315376282,1.5178165435791016,-2.9800000190734863,1.128749966621399
2132,0.09637501835823059,1.5165646076202393,-2.924999952316284,1.440000057220459
2133,0.05887499451637268,1.4861125946044922,-2.90625,1.2237499952316284
2134,0.01449999213218689,1.6179356575012207,-3.0612499713897705,1.5087499618530273
2135,-0.2551250159740448,1.4105483293533325,-2.952500104904175,0.9837499856948853
2136,0.11287502199411392,1.5479933023452759,-2.9462499618530273,1.2200000286102295
2137,-0.11699998378753662,1.4568727016448975,-2.9674999713897705,1.3862500190734863
2138,0.06674999743700027,1.644958257675171,-3.012500047683716,1.53125
2139,-0.4064999520778656,1.7893338203430176,-3.119999885559082,1.377500057220459
2140,0.05749998241662979,1.546004056930542,-3.130000114440918,1.2450000047683716
2141,-0.13487501442432404,1.4575016498565674,-2.942500114440918,1.1050000190734863
2142,-0.36774998903274536,1.6896367073059082,-2.9287500381469727,1.2587499618530273
2143,0.04912501573562622,1.4928942918777466,-2.9237499237060547,1.243749976158142
2144,0.050124965608119965,1.637073278427124,-3.043750047683716,1.471250057220459
2145,-0.053499966859817505,1.1689269542694092,-3.0924999713897705,0.9512500166893005
2146,-0.06462501734495163,1.4698007106781006,-2.950000047683716,1.0762499570846558
2147,0.17237503826618195,1.563592791557312,-2.9862499237060547,1.1762499809265137
2148,0.7486250996589661,0.3936711847782135,-0.23125000298023224,1.1437499523162842
2149,-0.06662501394748688,1.4752839803695679,-2.930000066757202,1.162500023841858
2150,0.16450002789497375,1.613004207611084,-2.978749990463257,1.4637500047683716
2151,-0.1157500296831131,1.6308847665786743,-3.130000114440918,1.4275000095367432
2152,0.15074999630451202,1.5672880411148071,-2.856250047683716,1.3075000047683716
2153,0.1418749988079071,1.518496036529541,-2.9100000858306885,1.372499942779541
2154,0.11687500774860382,1.6048693656921387,-3.0537500381469727,1.4800000190734863
2155,0.032249994575977325,1.5093715190887451,-2.9674999713897705,1.3262499570846558
2156,-0.5535000562667847,1.5894341468811035,-3.0174999237060547,1.033750057220459
2157,-0.4476250112056732,1.6259307861328125,-2.831249952316284,1.2200000286102295
2158,0.24587500095367432,1.1369303464889526,-2.8924999237060547,1.253749966621399
2159,-0.5448749661445618,1.949517846107483,-2.9800000190734863,1.2237499952316284
2160,0.10737500339746475,1.545448899269104,-3.036250114440918,1.2050000429153442
2161,0.02974998950958252,1.5502289533615112,-3.0850000381469727,1.4299999475479126
2162,-0.1612500250339508,1.497700572013855,-3.1600000858306885,1.1050000190734863
2163,0.2084999829530716,1.5534257888793945,-2.9100000858306885,1.4850000143051147
2164,-0.13724999129772186,1.4678419828414917,-2.9487500190734863,1.2637499570846558
2165,0.1914999932050705,1.2198350429534912,-3.023750066757202,1.283750057220459
2166,-0.007875001057982445,1.5149873495101929,-2.978749990463257,1.2100000381469727
2167,-0.3500000238418579,1.6393243074417114,-2.84375,1.024999976158142
2168,0.374625027179718,1.2197726964950562,-2.84375,1.440000057220459
2169,0.13512501120567322,1.5577365159988403,-2.8924999237060547,1.2287499904632568
2170,-0.04337501525878906,1.4949227571487427,-2.950000047683716,1.09375
2171,0.09175000339746475,1.464747667312622,-2.896250009536743,1.1337499618530273
2172,-0.7170000076293945,1.8566490411758423,-3.0799999237060547,1.4587500095367432
2173,0.07212501764297485,1.6257084608078003,-3.1937499046325684,1.3899999856948853
2174,0.0964999869465828,1.5222108364105225,-3.005000114440918,1.274999976158142
2175,0.4130000174045563,1.1757915019989014,-3.072499990463257,1.0199999809265137
2176,0.06712500751018524,1.540395975112915,-3.0174999237060547,1.3962500095367432
2177,-0.22450001537799835,1.5413016080856323,-3.0587499141693115,1.2699999809265137
2178,-0.0266250129789114,1.5469194650650024,-2.9962499141693115,1.399999976158142
2179,-0.08887498080730438,1.4583207368850708,-2.930000066757202,1.121250033378601
2180,0.35100001096725464,1.1741461753845215,-2.9312500953674316,1.3825000524520874
2181,-0.09850001335144043,1.5354093313217163,-2.9549999237060547,1.2387499809265137
2182,0.0030000091064721346,1.5933663845062256,-3.03125,1.412500023841858
2183,0.11424998939037323,1.4940845966339111,-2.880000114440918,1.2912499904632568
2184,0.0991249829530716,1.5807580947875977,-2.934999942779541,1.3324999809265137
2185,0.03912501409649849,1.5527490377426147,-3.0350000858306885,1.5
2186,0.1473749876022339,1.5447195768356323,-2.987499952316284,1.068750023841858
2187,0.03974998742341995,1.4998563528060913,-3.023750066757202,1.1124999523162842
2188,0.19062502682209015,1.5672597885131836,-3.0174999237060547,1.3862500190734863
2189,-0.03312506526708603,1.4485857486724854,-2.817500114440918,1.153749942779541
2190,0.5164999961853027,1.165343999862671,-2.8375000953674316,1.2899999618530273
2191,0.1498750001192093,1.5075068473815918,-2.8737499713897705,1.2625000476837158
2192,-0.33149999380111694,1.7170817852020264,-2.984999895095825,1.2825000286102295
2193,0.2556249499320984,1.1451911926269531,-2.8550000190734863,1.0137499570846558
2194,0.16249997913837433,1.5194264650344849,-2.918750047683716,1.372499942779541
2195,0.19224998354911804,1.5972199440002441,-2.9862499237060547,1.3624999523162842
2196,-0.1301250010728836,1.8019664287567139,-2.862499952316284,1.3562500476837158
2197,0.05074998736381531,1.5301969051361084,-2.96875,1.4900000095367432
2198,-0.3021249771118164,1.7034800052642822,-3.0062499046325684,1.1974999904632568
2199,0.26387494802474976,1.1578583717346191,-2.9412500858306885,1.1487499475479126
2200,-0.2742500305175781,1.500215768814087,-3.115000009536743,1.122499942779541
2201,-0.0002499908150639385,1.4735223054885864,-2.924999952316284,1.190000057220459
2202,-0.014999997802078724,1.7217121124267578,-3.7012500762939453,1.440000057220459
2203,-0.2566250264644623,1.4553076028823853,-2.911250114440918,1.2337499856948853
2204,0.008750015869736671,1.5686262845993042,-2.9600000381469727,1.4450000524520874
2205,0.5958750247955322,1.2061214447021484,-2.9412500858306885,1.216249942779541
2206,-0.4388750195503235,1.6581212282180786,-3.047499895095825,1.0187499523162842
2207,-0.578874945640564,1.9175742864608765,-3.043750047683716,1.4299999475479126
2208,-0.1507500410079956,1.6468371152877808,-3.5537500381469727,1.4362499713897705
2209,0.08425001800060272,1.5415786504745483,-3.023750066757202,1.350000023841858
2210,-0.2001250684261322,1.8606233596801758,-3.3575000762939453,1.3899999856948853
2211,-0.36500000953674316,1.8201124668121338,-3.028749942779541,1.4637500047683716
2212,0.3882500231266022,1.2093273401260376,-2.7274999618530273,1.2649999856948853
2213,0.10100002586841583,1.5602154731750488,-2.997499942779541,1.1349999904632568
2214,-0.1158750057220459,1.4978973865509033,-2.836250066757202,1.2799999713897705
2215,-0.019124984741210938,1.4568074941635132,-2.8737499713897705,1.0800000429153442
2216,0.09650000184774399,1.243514895439148,-3.0662500858306885,1.2362500429153442
2217,0.09587498754262924,1.5545417070388794,-2.916249990463257,1.5137499570846558
2218,-0.6051250100135803,1.6197221279144287,-2.96875,1.193750023841858
2219,0.011875009164214134,1.52536940574646,-2.944999933242798,1.3212499618530273
2220,-0.31687504053115845,1.6867138147354126,-2.893749952316284,1.2274999618530273
2221,0.23512499034404755,1.625169277191162,-3.0012500286102295,1.503749966621399
2222,0.14000001549720764,1.5518652200698853,-3.0112500190734863,1.34375
2223,0.36512500047683716,1.1873862743377686,-2.9674999713897705,1.434999942779541
2224,-0.3655000329017639,1.7393102645874023,-3.0299999713897705,1.1649999618530273
2225,0.17250001430511475,1.1172270774841309,-2.7674999237060547,1.221250057220459
2226,0.1393749862909317,1.553324580192566,-2.950000047683716,1.2825000286102295
2227,0.12374997138977051,1.654152274131775,-3.3012499809265137,1.4362499713897705
2228,0.037999991327524185,1.2026944160461426,-2.887500047683716,1.2587499618530273
2229,-0.3499999940395355,1.7383121252059937,-3.0350000858306885,1.1549999713897705
2230,-0.13875001668930054,1.4911946058273315,-2.952500104904175,1.308750033378601
2231,0.23937496542930603,1.5824755430221558,-2.940000057220459,1.3312499523162842
2232,0.06800000369548798,1.6606768369674683,-3.4674999713897705,1.274999976158142
2233,0.03950003162026405,1.4656296968460083,-2.8350000381469727,1.1787500381469727
2234,-0.460750013589859,1.6623259782791138,-2.983750104904175,1.1012500524520874
2235,0.14612501859664917,1.580255150794983,-2.987499952316284,1.3450000286102295
2236,0.18450000882148743,1.4648927450180054,-2.733750104904175,1.2400000095367432
2237,-0.03687497228384018,1.4303903579711914,-2.793750047683716,1.1887500286102295
2238,0.006750005297362804,1.5045808553695679,-2.961250066757202,1.440000057220459
2239,0.12687499821186066,1.5694756507873535,-3.0537500381469727,1.2074999809265137
2240,-0.21912498772144318,1.333967924118042,-2.71875,1.0700000524520874
2241,0.1680000126361847,1.472411870956421,-2.8299999237060547,1.2412500381469727
2242,0.22487497329711914,1.6035945415496826,-3.015000104904175,1.2949999570846558
2243,0.18450000882148743,1.194618582725525,-2.930000066757202,1.149999976158142
2244,-0.3708750009536743,1.7270569801330566,-3.2125000953674316,1.0549999475479126
2245,0.15524998307228088,1.5855472087860107,-3.1075000762939453,1.3387500047683716
2246,-0.014375006780028343,1.5150086879730225,-2.930000066757202,1.121250033378601
2247,-0.14949995279312134,1.8354443311691284,-3.2987499237060547,1.493749976158142
2248,0.06875003129243851,1.6113691329956055,-3.141249895095825,1.5
2249,0.1691250056028366,1.5847960710525513,-2.934999942779541,1.2337499856948853
2250,-0.17812497913837433,1.5233060121536255,-3.0799999237060547,1.3250000476837158
2251,0.025999998673796654,1.46542227268219,-2.817500114440918,1.2712500095367432
2252,-0.1289999932050705,1.5199605226516724,-2.961250066757202,1.3075000047683716
2253,0.07400002330541611,1.5341500043869019,-2.8712499141693115,1.2987500429153442
2254,-0.2641250193119049,1.8140701055526733,-3.0374999046325684,1.3350000381469727
2255,0.12237498909235,1.6313034296035767,-3.2899999618530273,1.284999966621399
2256,-0.07500000298023224,1.4818265438079834,-2.978749990463257,1.2050000429153442
2257,-0.19687500596046448,1.4852699041366577,-3.055000066757202,1.3337500095367432
2258,0.02500000037252903,1.5491583347320557,-3.0850000381469727,1.0225000381469727
2259,0.06012500077486038,1.5525314807891846,-2.9362499713897705,1.3025000095367432
2260,0.4882499575614929,1.2145349979400635,-3.0174999237060547,1.5137499570846558
2261,0.09200002253055573,1.5194590091705322,-2.859999895095825,1.350000023841858
2262,-0.16199998557567596,1.4942677021026611,-3.182499885559082,1.0787500143051147
2263,0.12587496638298035,1.5334419012069702,-2.930000066757202,1.1737500429153442
2264,-0.033375006169080734,1.5505417585372925,-2.987499952316284,1.3200000524520874
2265,0.11537496745586395,1.521673560142517,-2.956249952316284,1.3624999523162842
2266,0.06350000947713852,1.5493546724319458,-3.0999999046325684,1.2649999856948853
2267,0.1316250115633011,1.568560242652893,-3.0274999141693115,1.2400000095367432
2268,-0.3304999768733978,1.5368293523788452,-3.1962499618530273,1.4900000095367432
2269,0.14775002002716064,1.543160319328308,-2.9749999046325684,1.225000023841858
2270,0.42249998450279236,1.1719952821731567,-2.8924999237060547,1.243749976158142
2271,-0.09812501817941666,1.5128804445266724,-2.9412500858306885,1.1924999952316284
2272,-0.19699999690055847,1.7732350826263428,-2.9487500190734863,1.4537500143051147
2273,0.23350000381469727,1.5755641460418701,-3.0350000858306885,1.2937500476837158
2274,-0.4296249747276306,1.607159972190857,-2.9487500190734863,0.8974999785423279
2275,0.3018750250339508,1.57696533203125,-2.867500066757202,1.28125
2276,0.2224999964237213,1.2799993753433228,-2.942500114440918,1.503749966621399
2277,0.4491249918937683,1.202950358390808,-2.867500066757202,1.4812500476837158
2278,-0.18400001525878906,1.5414910316467285,-2.987499952316284,1.2200000286102295
2279,0.18675000965595245,1.6220027208328247,-3.2049999237060547,1.283750057220459
2280,-0.018749987706542015,1.5509713888168335,-3.043750047683716,1.381250023841858
2281,0.2866249978542328,1.2540102005004883,-3.0537500381469727,1.4500000476837158
2282,-0.5927500128746033,1.9220162630081177,-3.0824999809265137,1.1487499475479126
2283,0.3891250193119049,1.251572608947754,-2.836250066757202,1.2949999570846558
2284,-0.08137501776218414,1.4682611227035522,-2.9124999046325684,1.2975000143051147
2285,0.5214999914169312,1.1909013986587524,-2.884999990463257,1.372499942779541
2286,0.07099997997283936,1.6307944059371948,-3.3475000858306885,1.5
2287,-0.24387499690055847,1.778700590133667,-3.1675000190734863,1.1425000429153442
2288,0.5774999856948853,1.134056806564331,-2.7362499237060547,1.4462499618530273
2289,-0.4406249523162842,1.613917589187622,-2.8662500381469727,0.9987499713897705
2290,-0.0677499920129776,1.5442614555358887,-3.028749942779541,1.475000023841858
2291,0.5172500014305115,1.1714861392974854,-2.918750047683716,1.315000057220459
2292,0.21699997782707214,1.0933256149291992,-2.8475000858306885,1.1575000286102295
2293,0.1274999976158142,1.5848854780197144,-3.059999942779541,1.247499942779541
2294,0.43299999833106995,1.1571625471115112,-2.8475000858306885,1.3987499475479126
2295,-0.09175000339746475,1.513824224472046,-3.132499933242798,1.2949999570846558
2296,0.01462501846253872,1.551896095275879,-3.0037500858306885,1.277500033378601
2297,0.016749974340200424,1.5054534673690796,-3.0562500953674316,1.274999976158142
2298,0.3258749842643738,1.1793482303619385,-2.961250066757202,1.3287500143051147
2299,-0.08162497729063034,1.4748189449310303,-2.8499999046325684,1.0049999952316284
2300,0.04999998211860657,1.5799216032028198,-3.0975000858306885,1.2712500095367432
2301,0.7095000147819519,0.4419103264808655,0.06624999642372131,1.222499966621399
2302,0.40400004386901855,1.1743123531341553,-2.9600000381469727,1.2887500524520874
2303,-0.2913750112056732,1.7771477699279785,-3.055000066757202,1.1725000143051147
2304,0.07887502014636993,1.6621328592300415,-3.6024999618530273,1.2712500095367432
2305,0.14812499284744263,1.7066800594329834,-3.5425000190734863,1.503749966621399
2306,-0.07637500762939453,1.565374493598938,-2.9312500953674316,1.2799999713897705
2307,0.20924997329711914,1.600930094718933,-3.005000114440918,1.4900000095367432
2308,0.18650004267692566,1.1885837316513062,-2.8612499237060547,1.2587499618530273
2309,0.513374924659729,1.2502813339233398,-3.005000114440918,1.5412499904632568
2310,0.20499996840953827,1.596447229385376,-3.081249952316284,1.4587500095367432
2311,0.3031249940395355,1.1662545204162598,-2.942500114440918,1.149999976158142
2312,0.11362497508525848,1.5220391750335693,-2.952500104904175,1.3674999475479126
2313,0.08437500894069672,1.6405870914459229,-3.3687500953674316,1.152500033378601
2314,-0.9012500047683716,1.7104064226150513,-3.0587499141693115,1.2200000286102295
2315,0.1898750215768814,1.5041799545288086,-2.9049999713897705,1.183750033378601
2316,0.6346249580383301,1.17665696144104,-2.7487499713897705,1.5087499618530273
2317,-0.044124994426965714,1.4811649322509766,-3.0062499046325684,0.9975000023841858
2318,0.13762500882148743,1.116424322128296,-2.8687500953674316,1.2799999713897705
2319,0.1601249873638153,1.6145731210708618,-3.009999990463257,1.5175000429153442
2320,0.22337499260902405,1.1803843975067139,-2.8187499046325684,1.503749966621399
2321,0.08999998867511749,1.5694079399108887,-3.0174999237060547,1.4500000476837158
2322,-0.005000007338821888,1.4647777080535889,-2.930000066757202,1.056249976158142
2323,0.4282499849796295,1.1776121854782104,-2.9000000953674316,1.3274999856948853
2324,0.5251250267028809,1.1257535219192505,-2.7049999237060547,1.2274999618530273
2325,-0.07462497055530548,1.4761724472045898,-2.8499999046325684,1.475000023841858
2326,-0.5203749537467957,1.734523892402649,-3.1387500762939453,1.2037500143051147
2327,0.25850000977516174,1.1543251276016235,-2.8687500953674316,1.2450000047683716
2328,0.16224998235702515,1.6685009002685547,-3.2825000286102295,1.4950000047683716
2329,0.10587499290704727,1.2907253503799438,-3.5899999141693115,1.056249976158142
2330,-0.017999980598688126,1.4901065826416016,-2.9462499618530273,1.2637499570846558
2331,0.17824998497962952,1.618453860282898,-2.9412500858306885,1.4774999618530273
2332,-0.015249979682266712,1.7110025882720947,-3.694999933242798,1.0075000524520874
2333,0.5991250276565552,1.1784368753433228,-2.7562499046325684,1.5137499570846558
2334,0.18737497925758362,1.5656932592391968,-2.836250066757202,1.5225000381469727
2335,0.36524996161460876,1.1867146492004395,-3.055000066757202,1.1299999952316284
2336,-0.12199999392032623,1.3672168254852295,-2.799999952316284,1.152500033378601
2337,-0.18999998271465302,1.7944135665893555,-2.903749942779541,1.2412500381469727
2338,-0.04349999874830246,1.5002610683441162,-3.075000047683716,1.215000033378601
2339,0.7472500205039978,0.44509682059288025,-0.032499998807907104,1.368749976158142
2340,0.46775001287460327,0.6357951760292053,-0.824999988079071,1.1337499618530273
2341,-0.09537502378225327,1.4677009582519531,-2.952500104904175,1.243749976158142
2342,-0.1146249994635582,1.4612724781036377,-2.9237499237060547,1.221250057220459
2343,0.025249993428587914,1.5010069608688354,-2.918750047683716,1.1862499713897705
2344,-0.06724999099969864,1.8315240144729614,-2.911250114440918,1.4299999475479126
2345,-0.01924999989569187,1.4734162092208862,-2.922499895095825,1.318750023841858
2346,-0.01299999374896288,1.5630325078964233,-3.163749933242798,1.2387499809265137
2347,0.41712504625320435,1.1951189041137695,-2.768749952316284,1.4900000095367432
2348,-0.09349998086690903,1.5168918371200562,-2.8812499046325684,1.3674999475479126
2349,0.3238750100135803,1.2377864122390747,-2.9237499237060547,1.2262500524520874
2350,0.1548749953508377,1.6314098834991455,-3.21875,1.3587499856948853
2351,0.4593749940395355,1.2232937812805176,-2.9375,1.2725000381469727
2352,0.0481250062584877,1.6478307247161865,-3.302500009536743,1.1799999475479126
2353,0.25337496399879456,1.6587531566619873,-3.2387499809265137,1.4299999475479126
2354,0.38324999809265137,1.1748281717300415,-2.916249990463257,1.153749942779541
2355,0.12937499582767487,1.5754430294036865,-3.0012500286102295,1.462499976158142
2356,0.4152499735355377,1.2294855117797852,-3.043750047683716,1.3899999856948853
2357,0.03862499073147774,1.4630271196365356,-2.773750066757202,1.181249976158142
2358,0.10125000774860382,1.7117185592651367,-3.734999895095825,1.2037500143051147
2359,0.003124970244243741,1.5081322193145752,-2.9312500953674316,1.221250057220459
2360,0.04937497526407242,1.50809645652771,-2.942500114440918,1.5225000381469727
2361,0.3264999985694885,1.5454071760177612,-2.8662500381469727,1.3362499475479126
2362,0.15524999797344208,1.640746831893921,-3.358750104904175,1.2825000286102295
2363,0.5104999542236328,1.2423450946807861,-2.8125,1.3300000429153442
2364,0.08062497526407242,1.5484062433242798,-3.036250114440918,1.5137499570846558
2365,0.34437498450279236,1.1618582010269165,-2.8499999046325684,1.1737500429153442
2366,0.21937496960163116,1.6249370574951172,-3.141249895095825,1.3312499523162842
2367,0.3161250054836273,1.590175986289978,-2.8787500858306885,1.3637499809265137
2368,-0.33174997568130493,1.7411648035049438,-3.0875000953674316,1.1362500190734863
2369,0.2784999907016754,1.225655198097229,-3.0999999046325684,1.1237499713897705
2370,0.4935000538825989,1.186854600906372,-2.898750066757202,1.350000023841858
2371,0.7542499899864197,0.393733412027359,0.19750000536441803,1.2899999618530273
2372,0.18637503683567047,1.2872891426086426,-3.1524999141693115,1.246250033378601
2373,0.4620000422000885,0.633715033531189,-0.5450000166893005,1.2012499570846558
2374,0.4322499632835388,1.2986503839492798,-3.2537500858306885,1.3949999809265137
2375,0.3552500307559967,1.4583224058151245,-3.7674999237060547,1.4249999523162842
2376,0.06537503004074097,1.5209590196609497,-3.038749933242798,1.2987500429153442
2377,0.09624999016523361,1.568637490272522,-2.997499942779541,1.309999942779541
2378,0.25362497568130493,1.2154408693313599,-2.9700000286102295,1.1862499713897705
2379,0.4580000340938568,1.2092220783233643,-2.961250066757202,1.4287500381469727
2380,0.22325000166893005,1.5939171314239502,-3.0174999237060547,1.2575000524520874
2381,-0.08037497848272324,1.654767632484436,-3.682499885559082,1.434999942779541
2382,0.04512500762939453,1.5263899564743042,-2.950000047683716,1.221250057220459
2383,-0.1665000021457672,1.5263749361038208,-3.182499885559082,1.2400000095367432
2384,0.4039999842643738,1.3419126272201538,-3.4725000858306885,1.3125
2385,0.24074998497962952,1.6094257831573486,-2.9412500858306885,1.2587499618530273
2386,0.2370000183582306,1.6087092161178589,-2.9312500953674316,1.2962499856948853
2387,0.25712496042251587,1.6147444248199463,-3.023750066757202,1.3662500381469727
2388,0.5205000042915344,1.2580475807189941,-2.958750009536743,1.4049999713897705
2389,0.10950000584125519,1.5829498767852783,-2.961250066757202,1.5049999952316284
2390,0.31349998712539673,1.145762324333191,-2.9375,1.1074999570846558
2391,0.36900001764297485,1.1900547742843628,-3.0625,1.222499966621399
2392,0.037625014781951904,1.5091880559921265,-3.0662500858306885,1.2450000047683716
2393,0.30550000071525574,1.2023752927780151,-2.815000057220459,1.3337500095367432
2394,0.5375000238418579,1.1320801973342896,-2.7437500953674316,1.2649999856948853
2395,0.07637500762939453,1.6330115795135498,-3.2049999237060547,1.221250057220459
2396,0.20125000178813934,1.5296945571899414,-2.9049999713897705,1.221250057220459
2397,0.0240000132471323,1.502217411994934,-2.9987499713897705,1.184999942779541
2398,0.42912498116493225,1.2198697328567505,-2.9487500190734863,1.1825000047683716
2399,0.39537501335144043,1.159778118133545,-3.0174999237060547,1.0824999809265137
2400,-0.10012499988079071,1.625275731086731,-3.740000009536743,1.1675000190734863
2401,0.1551249921321869,1.5541338920593262,-2.9312500953674316,1.4862500429153442
2402,0.19337502121925354,1.627822756767273,-3.141249895095825,1.2612500190734863
2403,0.18987499177455902,1.6736713647842407,-3.2537500858306885,1.3574999570846558
2404,0.2797500193119049,1.584506869316101,-2.90625,1.2949999570846558
2405,0.02199995517730713,1.788214921951294,-3.890000104904175,1.2274999618530273
2406,0.1613750159740448,1.707485556602478,-3.4649999141693115,1.3899999856948853
2407,0.11887500435113907,1.5089503526687622,-2.8550000190734863,1.2037500143051147
2408,0.06349997967481613,1.6847727298736572,-3.567500114440918,1.1349999904632568
2409,0.0051250159740448,1.524487853050232,-2.956249952316284,1.350000023841858
2410,0.13312499225139618,1.5335049629211426,-2.84375,1.3849999904632568
2411,0.05350001901388168,1.514260172843933,-2.961250066757202,1.4850000143051147
2412,0.1250000298023224,1.6288527250289917,-3.1212499141693115,1.3524999618530273
2413,0.3491249978542328,1.082704782485962,-2.697499990463257,1.3825000524520874
2414,0.09037502110004425,1.5421698093414307,-2.987499952316284,1.4800000190734863
2415,0.13437500596046448,1.585451602935791,-2.9700000286102295,1.2899999618530273
2416,0.03137499839067459,1.554646372795105,-2.950000047683716,1.2725000381469727
2417,0.6834999918937683,0.4153701961040497,-0.12125000357627869,1.274999976158142
2418,0.3882499933242798,1.2329936027526855,-3.0612499713897705,1.2999999523162842
2419,0.2613750100135803,1.307520866394043,-2.8162500858306885,1.308750033378601
2420,0.24862496554851532,1.5695675611495972,-2.942500114440918,1.5499999523162842
2421,0.7161250114440918,0.3473013937473297,0.18000000715255737,1.2087500095367432
2422,0.08412499725818634,1.4799219369888306,-2.8787500858306885,1.2949999570846558
2423,-0.2396249771118164,1.7105331420898438,-2.942500114440918,1.2200000286102295
2424,-0.05950000137090683,1.4933733940124512,-2.940000057220459,1.1362500190734863
2425,0.3254999816417694,1.144165277481079,-2.96875,1.2637499570846558
2426,0.25824999809265137,1.1130127906799316,-2.8162500858306885,1.0
2427,0.025500023737549782,1.4701546430587769,-2.927500009536743,1.0774999856948853
2428,0.18962499499320984,1.5544122457504272,-2.8062500953674316,1.4450000524520874
2429,0.44600000977516174,1.2319614887237549,-2.916249990463257,1.2825000286102295
2430,0.06325001269578934,1.2102469205856323,-2.875,1.350000023841858
2431,0.21587499976158142,1.5530205965042114,-2.911250114440918,1.3949999809265137
2432,0.29912495613098145,1.6114933490753174,-2.961250066757202,1.434999942779541
2433,0.6991250514984131,0.4998158812522888,-0.643750011920929,1.2587499618530273
2434,-0.21300001442432404,1.93887460231781,-3.456249952316284,1.2287499904632568
2435,0.08900000154972076,1.1511279344558716,-2.8612499237060547,1.033750057220459
2436,0.12987500429153442,1.529600739479065,-2.978749990463257,1.190000057220459
2437,0.37987497448921204,1.1333951950073242,-2.762500047683716,1.377500057220459
2438,0.18524998426437378,1.5390263795852661,-2.893749952316284,1.2174999713897705
2439,0.4287499785423279,1.275754451751709,-3.109999895095825,1.53125
2440,0.08137500286102295,1.5026627779006958,-2.9312500953674316,1.1137499809265137
2441,0.40162500739097595,1.2976897954940796,-3.307499885559082,1.3125
2442,0.09549998492002487,1.5203734636306763,-2.817500114440918,1.3849999904632568
2443,0.08574999868869781,1.7177428007125854,-3.4937500953674316,1.2799999713897705
2444,0.23250000178813934,1.4742037057876587,-2.7362499237060547,1.277500033378601
2445,0.12037499994039536,1.5819587707519531,-2.96875,1.2350000143051147
2446,0.07462501525878906,1.6762363910675049,-3.643749952316284,1.190000057220459
2447,0.2473750114440918,1.681349277496338,-3.2387499809265137,1.5225000381469727
2448,0.4089999794960022,1.1514439582824707,-2.947499990463257,1.2200000286102295
2449,0.3973749876022339,1.1020987033843994,-2.8424999713897705,1.2050000429153442
2450,0.19774997234344482,1.5634530782699585,-2.875,1.4900000095367432
2451,0.7991250157356262,0.28358808159828186,0.3449999988079071,1.3174999952316284
2452,0.5,1.1247375011444092,-2.6500000953674316,1.3387500047683716
2453,0.5132499933242798,1.1874029636383057,-2.903749942779541,1.3125
2454,0.004000025801360607,1.545879602432251,-3.0274999141693115,1.1449999809265137
2455,0.5689999461174011,1.1813966035842896,-2.940000057220459,1.1749999523162842
2456,0.7360000610351562,0.44821688532829285,-0.10374999791383743,1.2862499952316284
2457,0.309874951839447,1.114477276802063,-2.796250104904175,1.1100000143051147
2458,0.01849997602403164,1.4953480958938599,-2.9000000953674316,1.1699999570846558
2459,0.2696250081062317,1.6020539999008179,-2.978749990463257,1.440000057220459
2460,0.7071250081062317,0.3975318372249603,-0.02500000037252903,1.346250057220459
2461,0.5202500224113464,1.1512057781219482,-2.882499933242798,1.1237499713897705
2462,-0.11312498897314072,1.741274118423462,-3.8612499237060547,1.2825000286102295
2463,0.3505000174045563,1.186102032661438,-2.9749999046325684,1.2237499952316284
2464,0.4925000071525574,1.1527411937713623,-2.8299999237060547,1.4762500524520874
2465,0.34950000047683716,1.24958074092865,-3.2249999046325684,1.2200000286102295
2466,0.33512499928474426,1.186574935913086,-3.0737500190734863,1.1375000476837158
2467,0.7202500104904175,1.2178406715393066,-2.84375,1.4362499713897705
2468,0.461249977350235,1.1616408824920654,-2.71875,1.215000033378601
2469,0.534250020980835,1.1003992557525635,-2.6987500190734863,1.162500023841858
2470,-0.046250008046627045,1.4782096147537231,-2.9375,1.0787500143051147
2471,0.6526249647140503,1.1664706468582153,-2.805000066757202,1.3849999904632568
2472,0.24512498080730438,1.5395334959030151,-2.9412500858306885,1.4162499904632568
2473,0.6284999251365662,0.6046850681304932,-0.6362500190734863,1.3550000190734863
2474,0.672624945640564,0.48739564418792725,-0.33000001311302185,1.2949999570846558
2475,0.25599998235702515,1.5171215534210205,-2.773750066757202,1.2412500381469727
2476,-0.1146249994635582,1.3961890935897827,-2.7750000953674316,1.1124999523162842
2477,0.05325000360608101,1.549780249595642,-3.0174999237060547,1.090000033378601
2478,0.14412498474121094,1.5375256538391113,-2.884999990463257,1.3962500095367432
2479,0.5233749747276306,1.1977181434631348,-2.8299999237060547,1.2887500524520874
2480,0.19699996709823608,1.5240751504898071,-2.836250066757202,1.3674999475479126
2481,0.4962500035762787,1.1439638137817383,-2.836250066757202,1.316249966621399
2482,0.5406249761581421,1.1848912239074707,-2.8662500381469727,1.3200000524520874
2483,0.5339999794960022,1.2416871786117554,-3.036250114440918,1.3762500286102295
2484,0.42524996399879456,1.282448172569275,-2.9312500953674316,1.341249942779541
2485,0.9739999771118164,0.2628674805164337,0.49000000953674316,1.2937500476837158
2486,0.5098749995231628,1.1665847301483154,-2.9124999046325684,1.3700000047683716
2487,-0.21262498199939728,1.8772351741790771,-3.293750047683716,1.2662500143051147
2488,0.35587501525878906,1.14778470993042,-2.911250114440918,1.371250033378601
2489,0.22962501645088196,1.2915430068969727,-2.778749942779541,1.4262499809265137
2490,0.1417500078678131,1.4946573972702026,-2.8837499618530273,1.2450000047683716
2491,0.24774996936321259,1.5132757425308228,-2.825000047683716,1.3637499809265137
2492,0.5766249895095825,1.1382474899291992,-2.799999952316284,1.191249966621399
2493,0.4659999907016754,1.2412118911743164,-2.9512500762939453,1.183750033378601
2494,0.0036249994300305843,1.453683614730835,-2.848750114440918,1.1124999523162842
2495,0.5418750047683716,1.276679277420044,-3.180000066757202,1.3637499809265137
2496,0.07087498903274536,1.6884288787841797,-3.6050000190734863,1.274999976158142
2497,0.4230000078678131,1.186942219734192,-2.7487499713897705,1.4824999570846558
2498,0.35637497901916504,1.219614028930664,-2.71875,1.5412499904632568
2499,0.16300001740455627,1.5822430849075317,-2.9800000190734863,1.2662500143051147
2500,0.05762498825788498,1.650668740272522,-3.283750057220459,1.375
2501,-0.29737499356269836,1.887312650680542,-3.336250066757202,1.3650000095367432
2502,-0.026125002652406693,1.4835312366485596,-2.961250066757202,1.162500023841858
2503,0.44849997758865356,1.240173578262329,-3.2125000953674316,1.1974999904632568
2504,0.8538750410079956,0.44313740730285645,0.1587499976158142,1.527500033378601
2505,0.32887497544288635,1.6607403755187988,-3.03125,1.3849999904632568
2506,0.174499973654747,1.5737828016281128,-2.9600000381469727,1.2074999809265137
2507,0.019999999552965164,1.7024019956588745,-3.5137500762939453,1.2050000429153442
2508,-0.28812503814697266,1.7600268125534058,-2.9287500381469727,1.412500023841858
2509,0.516374945640564,1.1986026763916016,-2.984999895095825,1.2549999952316284
2510,0.1872500479221344,1.6685895919799805,-3.25,1.246250033378601
2511,0.2813750207424164,1.5833284854888916,-2.8737499713897705,1.3600000143051147
2512,-0.2500000596046448,1.7804436683654785,-3.1187500953674316,1.2662500143051147
2513,0.2529999911785126,1.574884295463562,-2.9375,1.434999942779541
2514,-0.5194999575614929,2.0523111820220947,-3.880000114440918,1.3137500286102295
2515,0.2670000195503235,1.5771363973617554,-2.8924999237060547,1.3174999952316284
2516,0.09412501752376556,1.5470646619796753,-3.0250000953674316,1.3512500524520874
2517,0.4027499556541443,1.303078293800354,-3.4100000858306885,1.2587499618530273
2518,0.026750003919005394,1.4831297397613525,-2.799999952316284,1.100000023841858
2519,0.03899998590350151,1.497156023979187,-2.8612499237060547,1.1612499952316284
2520,0.7693749070167542,0.48598265647888184,-0.42750000953674316,1.3300000429153442
2521,0.6796250343322754,1.188250184059143,-2.8299999237060547,1.2825000286102295
2522,0.3321250081062317,1.1747897863388062,-2.8550000190734863,1.3274999856948853
2523,0.49299997091293335,1.1754523515701294,-2.836250066757202,1.2412500381469727
2524,0.35899996757507324,1.2720947265625,-2.856250047683716,1.243749976158142
2525,0.16487503051757812,1.546568751335144,-2.9649999141693115,1.283750057220459
2526,0.13887502253055573,1.5843126773834229,-3.009999990463257,1.2937500476837158
2527,0.1443750113248825,1.5269720554351807,-2.862499952316284,1.3025000095367432
2528,0.27400001883506775,1.5587347745895386,-2.887500047683716,1.4812500476837158
2529,0.3947499990463257,1.1562319993972778,-2.8187499046325684,1.2662500143051147
2530,0.30787497758865356,1.5525270700454712,-2.799999952316284,1.341249942779541
2531,0.47187501192092896,1.1888456344604492,-2.862499952316284,1.2412500381469727
2532,0.24312500655651093,1.5600214004516602,-2.9749999046325684,1.2725000381469727
2533,0.577375054359436,1.1517668962478638,-2.768749952316284,1.2074999809265137
2534,0.5088750123977661,1.168450951576233,-2.875,1.2887500524520874
2535,0.40337496995925903,1.2241053581237793,-2.8550000190734863,1.4162499904632568
2536,0.4521249830722809,1.2584692239761353,-3.002500057220459,1.4299999475479126
2537,0.8657499551773071,0.17767789959907532,0.6537500023841858,1.1299999952316284
2538,0.7662500143051147,0.5413521528244019,-0.30125001072883606,1.2549999952316284
2539,0.15687498450279236,1.2172363996505737,-3.0250000953674316,1.2949999570846558
2540,0.21150001883506775,1.5896657705307007,-3.055000066757202,1.308750033378601
2541,-0.08825000375509262,1.5248568058013916,-2.913749933242798,1.2937500476837158
2542,0.7509999871253967,0.4657439589500427,-0.04749999940395355,1.4237500429153442
2543,-0.06125003099441528,1.456342339515686,-2.942500114440918,1.215000033378601
2544,0.1431250125169754,1.5239067077636719,-2.862499952316284,1.3799999952316284
2545,0.2173750102519989,1.5740962028503418,-2.9749999046325684,1.28125
2546,-0.1629999428987503,1.5365331172943115,-2.893749952316284,1.5225000381469727
2547,-0.14725002646446228,1.4797362089157104,-2.9600000381469727,1.152500033378601
2548,0.21187500655651093,1.5523720979690552,-2.836250066757202,1.3899999856948853
2549,0.35887500643730164,1.29818594455719,-3.012500047683716,1.5137499570846558
2550,0.05899999290704727,1.5071704387664795,-2.836250066757202,1.1349999904632568
2551,0.4431249499320984,1.1820799112319946,-2.9000000953674316,1.3324999809265137
2552,0.6213749647140503,1.3691774606704712,-3.418750047683716,1.503749966621399
2553,0.5033749938011169,1.1178020238876343,-2.7799999713897705,1.1124999523162842
2554,0.11574999988079071,1.6596933603286743,-3.4149999618530273,1.1162500381469727
2555,0.45124998688697815,1.2137640714645386,-3.0350000858306885,1.434999942779541
2556,0.05724998563528061,1.6038655042648315,-3.3137500286102295,1.2799999713897705
2557,0.2867499887943268,1.5803576707839966,-2.9124999046325684,1.3174999952316284
2558,0.3296249806880951,1.5705379247665405,-2.8112499713897705,1.3300000429153442
2559,0.15149998664855957,1.5505962371826172,-2.961250066757202,1.225000023841858
2560,0.026250004768371582,1.6015515327453613,-3.0350000858306885,1.277500033378601
2561,0.4827499985694885,1.2702414989471436,-3.206249952316284,1.2237499952316284
2562,0.44899997115135193,1.170854926109314,-2.8862500190734863,1.2687499523162842
2563,-0.1991249918937683,1.7714077234268188,-2.9175000190734863,1.2262500524520874
2564,0.5217499732971191,1.4080054759979248,-3.5425000190734863,1.4175000190734863
2565,0.4832499623298645,1.1149623394012451,-2.6987500190734863,1.2037500143051147
2566,0.19974999129772186,1.5807236433029175,-2.9600000381469727,1.308750033378601
2567,0.08900000154972076,1.640412449836731,-3.336250066757202,1.2400000095367432
2568,0.14137500524520874,1.6158829927444458,-3.25,1.0987499952316284
2569,0.335500031709671,1.2884578704833984,-3.197499990463257,1.4537500143051147
2570,0.5993749499320984,1.2332199811935425,-2.983750104904175,1.4275000095367432
2571,0.6660000085830688,1.1661760807037354,-2.7987499237060547,1.2725000381469727
2572,0.2671249806880951,1.6434382200241089,-3.043750047683716,1.3937499523162842
2573,0.062375009059906006,1.45548677444458,-2.7799999713897705,1.309999942779541
2574,0.31275004148483276,1.3272961378097534,-2.903749942779541,1.53125
2575,0.008374979719519615,1.5425904989242554,-3.012500047683716,1.2599999904632568
2576,-0.07449999451637268,1.5588713884353638,-3.072499990463257,1.2400000095367432
2577,0.20400004088878632,1.6470340490341187,-3.276249885559082,1.3912500143051147
2578,0.7241250276565552,0.3644165098667145,0.04874999821186066,1.1412500143051147
2579,0.3031249940395355,1.5849123001098633,-2.8475000858306885,1.5175000429153442
2580,0.437375009059906,1.2346173524856567,-3.018749952316284,1.3550000190734863
2581,0.2578750252723694,1.5751941204071045,-2.8737499713897705,1.3450000286102295
2582,0.10737498849630356,1.5356944799423218,-2.924999952316284,1.3174999952316284
2583,0.16625002026557922,1.6179925203323364,-3.21875,1.3887499570846558
2584,0.47712501883506775,1.1586788892745972,-2.875,1.3912500143051147
2585,0.40625,1.2902003526687622,-2.898750066757202,1.4587500095367432
2586,0.2434999942779541,1.6879878044128418,-3.1700000762939453,1.4987499713897705
2587,0.413750022649765,1.1337664127349854,-2.711250066757202,1.3350000381469727
2588,0.562250018119812,1.2321436405181885,-3.0950000286102295,1.183750033378601
2589,0.46174997091293335,1.094010353088379,-2.7799999713897705,1.0462499856948853
2590,-0.005124998278915882,1.5207087993621826,-3.009999990463257,1.3624999523162842
2591,0.6477500200271606,1.184555172920227,-2.828749895095825,1.431249976158142
2592,0.7782500386238098,0.5817909836769104,-0.6625000238418579,1.4550000429153442
2593,0.5537499785423279,1.2263239622116089,-3.0174999237060547,1.2575000524520874
2594,1.063249945640564,0.2586909234523773,0.6200000047683716,1.4900000095367432
2595,0.5172499418258667,1.1742515563964844,-2.8924999237060547,1.3262499570846558
2596,0.22037501633167267,1.663561224937439,-3.174999952316284,1.4850000143051147
2597,0.453125,1.1655040979385376,-2.916249990463257,1.3849999904632568
2598,-0.05650000646710396,1.5524383783340454,-2.950000047683716,1.1100000143051147
2599,0.4933749735355377,1.2386349439620972,-2.942500114440918,1.253749966621399
2600,0.3227500021457672,1.2267004251480103,-2.9000000953674316,1.472499966621399
2601,0.7029999494552612,1.1840195655822754,-2.8237500190734863,1.3487499952316284
2602,0.46050000190734863,1.1971193552017212,-2.992500066757202,1.2012499570846558
2603,0.46037498116493225,1.1825872659683228,-2.9574999809265137,1.3337500095367432
2604,0.39112499356269836,1.2384977340698242,-2.8975000381469727,1.3274999856948853
2605,0.2707499861717224,1.13894784450531,-2.9000000953674316,1.1924999952316284
2606,0.34174999594688416,1.2342756986618042,-3.0274999141693115,1.2012499570846558
2607,0.5266249775886536,1.1649938821792603,-2.8737499713897705,1.403749942779541
2608,0.2619999945163727,1.6486279964447021,-3.0250000953674316,1.5225000381469727
2609,0.25974997878074646,1.1813322305679321,-2.7437500953674316,1.3849999904632568
2610,-0.25675004720687866,1.7441984415054321,-3.0250000953674316,1.2762500047683716
2611,-0.14099998772144318,1.5264421701431274,-2.862499952316284,1.4275000095367432
2612,-0.027125036343932152,1.5596953630447388,-2.942500114440918,1.184999942779541
2613,0.05100009962916374,1.578662633895874,-3.141249895095825,1.25
2614,0.1665000021457672,1.5287747383117676,-2.867500066757202,1.215000033378601
2615,0.6387499570846558,1.1753363609313965,-2.828749895095825,1.3025000095367432
2616,0.5221249461174011,1.1378464698791504,-2.825000047683716,1.28125
2617,0.5613750219345093,1.1601876020431519,-2.8187499046325684,1.5087499618530273
2618,0.9111250042915344,0.3888896405696869,-0.04374999925494194,1.346250057220459
2619,0.3112500011920929,1.116002082824707,-2.825000047683716,1.1237499713897705
2620,0.7242500185966492,0.618829071521759,-0.8025000095367432,1.403749942779541
2621,0.47049999237060547,1.2538447380065918,-3.2012500762939453,1.246250033378601
2622,0.6621250510215759,1.2133643627166748,-2.8499999046325684,1.4537500143051147
2623,0.13562500476837158,1.6271048784255981,-3.0975000858306885,1.408750057220459
2624,0.13575002551078796,1.5524535179138184,-2.990000009536743,1.1399999856948853
2625,0.46500006318092346,1.159515380859375,-2.932499885559082,1.215000033378601
2626,-0.025749946013092995,1.6054483652114868,-3.0199999809265137,1.3174999952316284
2627,0.5587499737739563,1.2293033599853516,-3.0850000381469727,1.1787500381469727
2628,0.4438750147819519,1.3652691841125488,-3.5274999141693115,1.2387499809265137
2629,0.4711249768733978,1.1636629104614258,-2.9800000190734863,1.1112500429153442
2630,0.5201250314712524,1.2562057971954346,-3.1549999713897705,1.4674999713897705
2631,0.3034999966621399,1.5328813791275024,-2.7987499237060547,1.3624999523162842
2632,0.4608750343322754,1.209372639656067,-2.848750114440918,1.4487500190734863
2633,0.3213750422000885,1.5852694511413574,-2.9437499046325684,1.2612500190734863
2634,0.5862500071525574,1.196398138999939,-2.916249990463257,1.4187500476837158
2635,0.1914999932050705,1.63984215259552,-3.103749990463257,1.53125
2636,0.5517500042915344,1.1682809591293335,-2.7987499237060547,1.1875
2637,0.6271249055862427,1.2258635759353638,-2.9625000953674316,1.3137500286102295
2638,0.47312498092651367,1.1440019607543945,-2.856250047683716,1.2599999904632568
2639,0.641124963760376,1.2285734415054321,-2.930000066757202,1.3600000143051147
2640,0.41462498903274536,1.3424502611160278,-3.049999952316284,1.5225000381469727
2641,0.19312500953674316,1.5233392715454102,-2.84375,1.4212499856948853
2642,0.4625000059604645,1.1771622896194458,-2.930000066757202,1.4299999475479126
2643,0.48075002431869507,1.1981712579727173,-3.0062499046325684,1.4299999475479126
2644,0.4619999825954437,1.153122067451477,-2.768749952316284,1.2050000429153442
2645,0.2671249508857727,1.5679329633712769,-2.942500114440918,1.375
2646,0.23700003325939178,1.3167524337768555,-3.278749942779541,1.1162500381469727
2647,0.6665000319480896,1.2284588813781738,-2.953749895095825,1.4375
2648,-0.07787500321865082,1.5076994895935059,-3.0087499618530273,1.2012499570846558
2649,0.42649999260902405,1.2741793394088745,-2.8862500190734863,1.5225000381469727
2650,0.4358750283718109,1.2391979694366455,-2.8375000953674316,1.3550000190734863
2651,0.3803750276565552,1.2731536626815796,-2.9749999046325684,1.4075000286102295
2652,-0.6105000376701355,1.7560487985610962,-3.538749933242798,1.0575000047683716
2653,0.45649999380111694,1.154921531677246,-2.8112499713897705,1.5262500047683716
2654,0.5703749656677246,1.2082668542861938,-2.8424999713897705,1.5137499570846558
2655,0.1722499579191208,1.5228930711746216,-2.84375,1.152500033378601
2656,0.38700002431869507,1.2060582637786865,-2.9987499713897705,1.2712500095367432
2657,0.3603750169277191,1.6055511236190796,-2.862499952316284,1.4487500190734863
2658,0.27562499046325684,1.5936310291290283,-2.9049999713897705,1.440000057220459
2659,0.484499990940094,1.2677946090698242,-2.9287500381469727,1.4850000143051147
2660,0.5376250147819519,1.1790851354599,-2.700000047683716,1.443750023841858
2661,0.28987500071525574,1.5934691429138184,-2.856250047683716,1.4812500476837158
2662,0.19762495160102844,1.6010682582855225,-3.0625,1.346250057220459
2663,0.5685000419616699,1.1933984756469727,-2.9000000953674316,1.28125
2664,0.2485000193119049,1.6590831279754639,-3.2274999618530273,1.274999976158142
2665,0.4176250100135803,1.1595720052719116,-2.9049999713897705,1.184999942779541
2666,0.2888749837875366,1.4766041040420532,-2.700000047683716,1.441249966621399
2667,0.25712499022483826,1.6531683206558228,-3.043750047683716,1.440000057220459
2668,0.5331250429153442,1.1574301719665527,-2.8975000381469727,1.162500023841858
2669,0.6047500371932983,1.200319528579712,-2.9262499809265137,1.3637499809265137
2670,0.5505000352859497,1.1537984609603882,-2.8499999046325684,1.2262500524520874
2671,0.48512500524520874,1.2180778980255127,-2.7462499141693115,1.2412500381469727
2672,0.5147500038146973,1.212782621383667,-3.0399999618530273,1.2799999713897705
2673,0.5078749656677246,1.1469273567199707,-2.856250047683716,1.283750057220459
2674,0.5488749742507935,1.1733152866363525,-2.8662500381469727,1.441249966621399
2675,0.3959999978542328,1.243842601776123,-2.987499952316284,1.1375000476837158
2676,0.4871250092983246,1.2307641506195068,-2.9312500953674316,1.4387500286102295
2677,0.5061249732971191,1.2220427989959717,-3.009999990463257,1.2887500524520874
2678,0.5254999995231628,1.1922351121902466,-2.9237499237060547,1.412500023841858
2679,0.7470000386238098,0.5511653423309326,-0.7950000166893005,1.2587499618530273
2680,0.49637502431869507,1.1351221799850464,-2.768749952316284,1.149999976158142
2681,0.5134999752044678,1.220749855041504,-3.0250000953674316,1.368749976158142
2682,0.5834999680519104,1.2127116918563843,-2.971250057220459,1.3387500047683716
2683,0.5821250081062317,1.1848357915878296,-2.8712499141693115,1.4225000143051147
2684,0.4765000343322754,1.2876273393630981,-3.268749952316284,1.2925000190734863
2685,0.5135000348091125,1.2019740343093872,-2.950000047683716,1.3799999952316284
2686,0.9788750410079956,0.26054298877716064,0.4950000047683716,1.2637499570846558
2687,0.18725000321865082,1.5940390825271606,-2.971250057220459,1.3337500095367432
2688,0.5983750224113464,1.2853912115097046,-2.961250066757202,1.4500000476837158
2689,0.5614999532699585,1.238430142402649,-3.072499990463257,1.2862499952316284
2690,0.2603750228881836,1.5941259860992432,-2.9287500381469727,1.3362499475479126
2691,0.492499977350235,1.1724576950073242,-2.9237499237060547,1.21875
2692,0.5098749399185181,1.1270697116851807,-2.84375,1.0449999570846558
2693,0.6032500267028809,1.194810390472412,-2.9124999046325684,1.2937500476837158
2694,0.5601249933242798,1.1926212310791016,-2.911250114440918,1.2649999856948853
2695,0.9501249194145203,0.30381861329078674,0.3112500011920929,1.4249999523162842
2696,0.546375036239624,1.2155094146728516,-2.875,1.4550000429153442
2697,0.2162499874830246,1.5802987813949585,-3.047499895095825,1.2999999523162842
2698,0.5900000333786011,1.2042571306228638,-2.952500104904175,1.3337500095367432
2699,0.6987500190734863,1.1754586696624756,-2.793750047683716,1.3574999570846558
2700,0.16587500274181366,1.5155531167984009,-2.84375,1.2362500429153442
2701,0.3657500147819519,1.1683944463729858,-2.8499999046325684,1.184999942779541
2702,0.2603749930858612,1.5919957160949707,-2.930000066757202,1.5225000381469727
2703,0.4894999861717224,1.201849341392517,-3.055000066757202,1.2100000381469727
2704,0.815250039100647,0.2792416214942932,0.21250000596046448,1.2024999856948853
2705,0.25462499260902405,1.6147738695144653,-2.981250047683716,1.2699999809265137
2706,0.14624999463558197,1.514965534210205,-2.918750047683716,1.1050000190734863
2707,0.6582500338554382,1.260684609413147,-3.055000066757202,1.2762500047683716
2708,0.6190000176429749,1.1283141374588013,-2.6812500953674316,1.3387500047683716
2709,0.6027500033378601,1.1553871631622314,-2.825000047683716,1.3612500429153442
2710,0.6572499871253967,1.1850296258926392,-2.836250066757202,1.2899999618530273
2711,0.34712499380111694,1.1575864553451538,-2.8550000190734863,1.0987499952316284
2712,0.37174999713897705,1.2367782592773438,-2.8637499809265137,1.3487499952316284
2713,0.4618750512599945,1.1876286268234253,-2.90625,1.527500033378601
2714,0.5136250257492065,1.1269625425338745,-2.7487499713897705,1.4812500476837158
2715,0.5272499918937683,1.1722631454467773,-2.950000047683716,1.2074999809265137
2716,0.5073750615119934,1.1642519235610962,-2.8812499046325684,1.2999999523162842
2717,0.5881249904632568,1.1948070526123047,-2.956249952316284,1.149999976158142
2718,0.127749964594841,1.5231913328170776,-2.9312500953674316,1.0712499618530273
2719,0.10249998420476913,1.6307165622711182,-3.2300000190734863,1.1862499713897705
2720,0.2524999976158142,1.5884344577789307,-2.961250066757202,1.440000057220459
2721,0.6048749685287476,1.1585166454315186,-2.846250057220459,1.3012499809265137
2722,0.2951250374317169,1.1943410634994507,-2.9862499237060547,1.2937500476837158
2723,0.5613750219345093,1.1924293041229248,-2.942500114440918,1.3137500286102295
2724,0.15425001084804535,1.54975163936615,-2.934999942779541,1.3049999475479126
2725,0.5356249809265137,1.2230374813079834,-2.8737499713897705,1.3125
2726,0.500749945640564,1.1582882404327393,-2.5875000953674316,1.4387500286102295
2727,0.6514999866485596,1.2976229190826416,-3.192500114440918,1.440000057220459
2728,0.6007499694824219,1.1773358583450317,-2.856250047683716,1.2625000476837158
2729,0.3349999785423279,1.1990079879760742,-3.0250000953674316,1.149999976158142
2730,0.44224995374679565,1.2198901176452637,-2.9937500953674316,1.2350000143051147
2731,0.6150000095367432,1.1673705577850342,-2.841249942779541,1.1924999952316284
2732,0.22162501513957977,1.6219360828399658,-3.081249952316284,1.337499976158142
2733,0.4516250193119049,1.2489773035049438,-2.848750114440918,1.2925000190734863
2734,0.48112496733665466,1.4106040000915527,-3.6600000858306885,1.472499966621399
2735,0.6318749785423279,1.2130799293518066,-2.893749952316284,1.4262499809265137
2736,0.6961249113082886,1.2267900705337524,-2.930000066757202,1.4049999713897705
2737,0.5736249685287476,1.2458692789077759,-2.903749942779541,1.3487499952316284
2738,0.5317500233650208,1.1303519010543823,-2.786250114440918,1.3825000524520874
2739,0.49687498807907104,1.2684242725372314,-3.25,1.2000000476837158
2740,0.5341249704360962,1.3453670740127563,-3.3212499618530273,1.2262500524520874
2741,0.8548750877380371,0.5502264499664307,-0.7262499928474426,1.277500033378601
2742,0.4000000059604645,1.1206238269805908,-2.7362499237060547,1.2112499475479126
2743,0.36924996972084045,1.3257499933242798,-3.0174999237060547,1.434999942779541
2744,1.0056250095367432,0.5083593130111694,-0.3675000071525574,1.3700000047683716
2745,0.5677499771118164,1.1851036548614502,-2.8812499046325684,1.4537500143051147
2746,0.23412498831748962,1.6367868185043335,-3.0062499046325684,1.431249976158142
2747,0.41100001335144043,1.2349265813827515,-2.8975000381469727,1.3324999809265137
2748,0.26012498140335083,1.1636444330215454,-2.9312500953674316,1.1662499904632568
2749,0.5258750319480896,1.2228591442108154,-3.0662500858306885,1.441249966621399
2750,0.643875002861023,1.179094672203064,-2.848750114440918,1.3524999618530273
2751,0.156125009059906,1.5560221672058105,-3.009999990463257,1.4537500143051147
2752,0.09262499958276749,1.48634934425354,-2.978749990463257,1.2549999952316284
2753,0.21062497794628143,1.6567516326904297,-3.1937499046325684,1.4800000190734863
2754,0.68687504529953,1.1682902574539185,-2.793750047683716,1.368749976158142
2755,0.7022500038146973,1.2320400476455688,-2.9462499618530273,1.503749966621399
2756,0.5870000123977661,1.2005470991134644,-2.953749895095825,1.1825000047683716
2757,0.5995000004768372,1.229465126991272,-2.875,1.4487500190734863
2758,0.6912499666213989,1.2121785879135132,-2.8687500953674316,1.372499942779541
2759,0.9673749804496765,0.40090814232826233,-0.04500000178813934,1.2687499523162842
2760,0.5631250143051147,1.1623421907424927,-2.8737499713897705,1.1737500429153442
2761,0.43575000762939453,1.2558300495147705,-3.262500047683716,1.1112500429153442
2762,0.5814999938011169,1.2375046014785767,-2.944999933242798,1.472499966621399
2763,0.612500011920929,1.1812353134155273,-2.8787500858306885,1.3200000524520874
2764,0.5299999713897705,1.1584407091140747,-2.828749895095825,1.3624999523162842
2765,0.4778750538825989,1.1104536056518555,-2.8237500190734863,1.0437500476837158
2766,0.7901249527931213,0.386837899684906,0.07124999910593033,1.2287499904632568
2767,0.7982500195503235,0.662931501865387,-1.0149999856948853,1.3825000524520874
2768,0.8968750238418579,0.5405397415161133,-0.5862500071525574,1.4262499809265137
2769,0.5711250305175781,1.157023549079895,-2.8212499618530273,1.2300000190734863
2770,0.3489999771118164,1.1405203342437744,-2.793750047683716,1.2599999904632568
2771,0.4857500195503235,1.3239414691925049,-2.856250047683716,1.4075000286102295
2772,0.5947499871253967,1.1901944875717163,-2.875,1.3899999856948853
2773,0.5671249628067017,1.218276858329773,-2.9937500953674316,1.4262499809265137
2774,0.1537500023841858,1.5498485565185547,-3.038749933242798,1.2450000047683716
2775,0.5782500505447388,1.1953362226486206,-2.9549999237060547,1.2762500047683716
2776,0.4488750398159027,1.1885721683502197,-2.9362499713897705,1.4075000286102295
2777,0.29387497901916504,1.5264791250228882,-3.9625000953674316,1.1699999570846558
2778,0.40949997305870056,1.1693474054336548,-2.96875,1.149999976158142
2779,-0.04599999263882637,1.9278631210327148,-3.268749952316284,1.4487500190734863
2780,0.5772500038146973,1.1918141841888428,-2.759999990463257,1.443750023841858
2781,0.25212499499320984,1.1592061519622803,-2.9487500190734863,1.1425000429153442
2782,0.8798750638961792,0.33032816648483276,0.22750000655651093,1.3450000286102295
2783,0.476375013589859,1.233925461769104,-3.0799999237060547,1.274999976158142
2784,0.24525001645088196,1.5591309070587158,-2.961250066757202,1.2999999523162842
2785,0.37937504053115845,1.2190102338790894,-3.0425000190734863,1.3300000429153442
2786,0.2698749899864197,1.2357003688812256,-2.918750047683716,1.2649999856948853
2787,0.4428749978542328,1.1679017543792725,-2.9800000190734863,1.2549999952316284
2788,0.5687500238418579,1.1906943321228027,-2.9049999713897705,1.377500057220459
2789,0.6430000066757202,1.189881443977356,-2.8062500953674316,1.496250033378601
2790,0.6023749709129333,1.2108426094055176,-3.0087499618530273,1.2387499809265137
2791,0.5192500352859497,1.1131596565246582,-2.7850000858306885,1.2987500429153442
2792,0.5231250524520874,1.2501652240753174,-3.1449999809265137,1.2637499570846558
2793,0.559874951839447,1.172487735748291,-2.8924999237060547,1.252500057220459
2794,0.5923749804496765,0.6406435370445251,-0.6075000166893005,1.2587499618530273
2795,0.7393749952316284,0.4014618992805481,-0.22875000536441803,1.0712499618530273
2796,0.4606249928474426,1.1379672288894653,-2.877500057220459,1.2887500524520874
2797,0.7854999899864197,0.3878483176231384,0.2462500035762787,1.284999966621399
2798,0.5921249985694885,1.180983304977417,-2.8499999046325684,1.5412499904632568
2799,0.38337498903274536,1.2255222797393799,-2.9375,1.3312499523162842
2800,0.6492500305175781,1.1987552642822266,-2.8687500953674316,1.4637500047683716
2801,0.6837500333786011,1.1379473209381104,-2.6812500953674316,1.274999976158142
2802,0.6455000042915344,1.19846773147583,-2.831249952316284,1.5549999475479126
2803,0.8206250071525574,0.5852615237236023,-0.7724999785423279,1.3899999856948853
2804,0.5530000329017639,1.1894663572311401,-2.987499952316284,1.2362500429153442
2805,0.6055000424385071,1.1373069286346436,-2.7300000190734863,1.2262500524520874
2806,0.6377500295639038,1.436708927154541,-3.6624999046325684,1.2699999809265137
2807,0.4569999575614929,1.385266661643982,-3.180000066757202,1.462499976158142
2808,0.43900004029273987,1.1677534580230713,-2.893749952316284,1.3887499570846558
2809,0.14537499845027924,1.7485414743423462,-3.8112499713897705,1.149999976158142
2810,0.23424997925758362,1.578708291053772,-2.9987499713897705,1.3899999856948853
2811,0.0650000274181366,1.5938605070114136,-2.9987499713897705,1.2937500476837158
2812,0.4593749940395355,1.1814072132110596,-2.9312500953674316,1.2799999713897705
2813,0.8661249876022339,0.3946772515773773,-0.1899999976158142,1.222499966621399
2814,0.5979999303817749,1.2075787782669067,-2.867500066757202,1.46875
2815,0.42500001192092896,1.1369370222091675,-2.8550000190734863,1.347499966621399
2816,0.4777500033378601,1.3306829929351807,-3.466249942779541,1.2087500095367432
2817,0.5393750071525574,1.1665159463882446,-2.8499999046325684,1.284999966621399
2818,0.9333750605583191,0.358959436416626,0.23499999940395355,1.284999966621399
2819,0.7663750052452087,0.6995673179626465,-1.2649999856948853,1.225000023841858
2820,0.5575000047683716,1.0912127494812012,-2.692500114440918,1.1349999904632568
2821,1.0487500429153442,0.1962452381849289,0.7437499761581421,1.3137500286102295
2822,0.5963749885559082,1.1428228616714478,-2.778749942779541,1.2762500047683716
2823,0.06062498688697815,1.5693576335906982,-2.8975000381469727,1.2999999523162842
2824,0.6921249628067017,1.2029566764831543,-2.836250066757202,1.4387500286102295
2825,0.9204999804496765,0.4882107675075531,-0.2787500023841858,1.4199999570846558
2826,0.22012503445148468,1.6035029888153076,-2.9987499713897705,1.434999942779541
2827,0.10512495040893555,1.5731595754623413,-3.1187500953674316,1.087499976158142
2828,0.37537500262260437,1.284206748008728,-3.411250114440918,1.0575000047683716
2829,0.7947500348091125,0.32398340106010437,-0.10374999791383743,1.0575000047683716
2830,0.4118749499320984,1.1488629579544067,-2.930000066757202,1.149999976158142
2831,0.24774996936321259,1.602684736251831,-2.9375,1.4987499713897705
2832,0.8837499618530273,0.36029285192489624,0.35249999165534973,1.368749976158142
2833,0.6038749814033508,1.1988595724105835,-2.961250066757202,1.3450000286102295
2834,0.765375018119812,0.4156895875930786,-0.23499999940395355,1.3112499713897705
2835,0.3228749632835388,1.3331085443496704,-3.5899999141693115,1.2712500095367432
2836,0.9033750295639038,0.36914220452308655,0.2887499928474426,1.3137500286102295
2837,0.7120000123977661,1.1715556383132935,-2.6887500286102295,1.5225000381469727
2838,0.8744999170303345,0.4727780520915985,-0.3474999964237213,1.3312499523162842
2839,0.16862502694129944,1.5426746606826782,-2.9862499237060547,1.131250023841858
2840,0.1941250115633011,1.4339908361434937,-3.7699999809265137,1.3250000476837158
2841,0.889875054359436,0.4818821847438812,-0.2750000059604645,1.4862500429153442
2842,0.6047499775886536,1.1827149391174316,-2.898750066757202,1.2512500286102295
2843,0.6492500305175781,1.1979988813400269,-2.9049999713897705,1.309999942779541
2844,0.6166250109672546,1.2599328756332397,-3.1387500762939453,1.2737499475479126
2845,0.33249998092651367,1.231032371520996,-2.942500114440918,1.184999942779541
2846,0.8172499537467957,0.7655400037765503,-1.1612499952316284,1.4637500047683716
2847,0.6658750176429749,1.2089307308197021,-2.84375,1.431249976158142
2848,0.2458750307559967,1.5658038854599,-2.8862500190734863,1.284999966621399
2849,0.48362499475479126,1.2015786170959473,-3.007499933242798,1.3537499904632568
2850,0.5061250329017639,1.2269634008407593,-2.831249952316284,1.3600000143051147
2851,0.46275001764297485,1.1785567998886108,-2.8499999046325684,1.1649999618530273
2852,0.6633750200271606,1.1725702285766602,-2.836250066757202,1.2200000286102295
2853,0.382625013589859,1.3032934665679932,-3.002500057220459,1.5175000429153442
2854,0.6130000352859497,1.218300223350525,-2.96875,1.2999999523162842
2855,0.8867500424385071,0.3061704933643341,0.3112500011920929,1.2262500524520874
2856,0.6263750195503235,1.1587294340133667,-2.7300000190734863,1.2937500476837158
2857,0.5346249938011169,1.201871633529663,-3.0037500858306885,1.287500023841858
2858,0.6147500276565552,1.2051016092300415,-2.9312500953674316,1.4700000286102295
2859,1.0016249418258667,0.22810430824756622,0.4749999940395355,1.277500033378601
2860,0.5057500600814819,1.2376480102539062,-2.953749895095825,1.2662500143051147
2861,0.6598750352859497,1.2114900350570679,-2.862499952316284,1.4800000190734863
2862,0.8040000200271606,0.5376016497612,-0.17874999344348907,1.3537499904632568
2863,0.6088749766349792,1.1818493604660034,-2.911250114440918,1.222499966621399
2864,1.086125135421753,0.14534814655780792,0.8974999785423279,1.3450000286102295
2865,0.7648749947547913,0.3914586007595062,0.05000000074505806,1.3925000429153442
2866,0.8323749303817749,0.5409731864929199,-0.36375001072883606,1.472499966621399
2867,0.518875002861023,1.165959119796753,-2.9000000953674316,1.190000057220459
2868,0.6360000371932983,1.2057981491088867,-2.944999933242798,1.4850000143051147
2869,0.3720000088214874,1.1890795230865479,-2.7925000190734863,1.190000057220459
2870,0.6267499923706055,1.1994667053222656,-2.8737499713897705,1.5412499904632568
2871,0.809374988079071,0.2627072036266327,0.1587499976158142,1.0924999713897705
2872,0.6780000329017639,0.5530453324317932,-0.47749999165534973,1.2862499952316284
2873,0.5987499952316284,1.1793015003204346,-2.7799999713897705,1.4537500143051147
2874,0.8400000333786011,0.605035126209259,-0.8125,1.4075000286102295
2875,0.5633749961853027,1.1603219509124756,-2.8237500190734863,1.3637499809265137
2876,0.4153749942779541,1.4421281814575195,-3.759999990463257,1.2949999570846558
2877,0.5988749861717224,1.1832284927368164,-2.9100000858306885,1.2287499904632568
2878,0.659375011920929,1.1604986190795898,-2.7300000190734863,1.4049999713897705
2879,0.5368750095367432,1.1739921569824219,-2.8862500190734863,1.3912500143051147
2880,0.5313750505447388,1.1740936040878296,-2.817500114440918,1.2762500047683716
2881,0.5821250081062317,1.19070303440094,-2.9312500953674316,1.3799999952316284
2882,0.3830000162124634,1.217065453529358,-2.8499999046325684,1.462499976158142
2883,0.6736249923706055,1.2369883060455322,-3.002500057220459,1.350000023841858
2884,0.391124963760376,1.1784555912017822,-2.8237500190734863,1.412500023841858
2885,0.9643750190734863,0.1968400776386261,0.5099999904632568,1.253749966621399
2886,0.7127500176429749,1.1839486360549927,-2.766249895095825,1.4199999570846558
2887,0.6220000386238098,1.165371298789978,-2.799999952316284,1.3799999952316284
2888,0.7083750367164612,0.6779682636260986,-1.1325000524520874,1.4537500143051147
2889,0.7470000982284546,0.43111637234687805,-0.23250000178813934,1.558750033378601
2890,0.7402499914169312,0.6496546864509583,-0.9850000143051147,1.337499976158142
2891,0.7397499680519104,0.611336350440979,-0.6100000143051147,1.4574999809265137
2892,0.5886250138282776,1.2016990184783936,-2.8812499046325684,1.5225000381469727
2893,0.5232499837875366,1.169163465499878,-2.947499990463257,1.1425000429153442
2894,0.4248749613761902,1.2517675161361694,-2.9862499237060547,1.3287500143051147
2895,0.6145000457763672,1.2381671667099,-2.846250057220459,1.5225000381469727
2896,0.6286250352859497,1.219987154006958,-2.953749895095825,1.403749942779541
2897,0.656624972820282,0.690782368183136,-1.087499976158142,1.3600000143051147
2898,0.8587499856948853,0.4581712782382965,-0.3050000071525574,1.503749966621399
2899,0.3453750014305115,1.1990958452224731,-2.84375,1.2575000524520874
2900,0.6634999513626099,1.1558303833007812,-2.759999990463257,1.306249976158142
2901,0.382625013589859,1.1377085447311401,-2.706249952316284,1.222499966621399
2902,0.8220000267028809,0.39847174286842346,-0.06750000268220901,1.128749966621399
2903,0.6817499399185181,0.3270326554775238,0.11625000089406967,1.1074999570846558
2904,0.5836249589920044,1.2177433967590332,-2.8375000953674316,1.283750057220459
2905,0.6833750009536743,1.2331548929214478,-2.961250066757202,1.3837499618530273
2906,0.610249936580658,1.2153289318084717,-2.956249952316284,1.3387500047683716
2907,0.5711249709129333,1.143775463104248,-2.737499952316284,1.284999966621399
2908,1.1243751049041748,0.1951763927936554,0.8362500071525574,1.493749976158142
2909,0.36524996161460876,1.3241221904754639,-3.081249952316284,1.3574999570846558
2910,0.9180000424385071,0.2005532830953598,0.5350000262260437,1.184999942779541
2911,0.6369999647140503,1.1836165189743042,-2.836250066757202,1.3337500095367432
2912,0.26762497425079346,1.3748713731765747,-3.158750057220459,1.5137499570846558
2913,0.4858749806880951,1.1906214952468872,-2.862499952316284,1.378749966621399
2914,0.7316250205039978,0.6759898066520691,-0.6775000095367432,1.2387499809265137
2915,0.6626249551773071,1.2141525745391846,-2.9237499237060547,1.4175000190734863
2916,0.6255000829696655,0.8068152070045471,-1.1862499713897705,1.4574999809265137
2917,0.33362501859664917,1.336094617843628,-3.4337499141693115,1.4862500429153442
2918,0.6213749647140503,1.1546862125396729,-2.7987499237060547,1.3624999523162842
2919,0.6920000314712524,0.5429681539535522,-0.5337499976158142,1.2587499618530273
2920,0.9079999923706055,0.4252018332481384,0.07999999821186066,1.3937499523162842
2921,0.44700002670288086,1.1761327981948853,-2.8550000190734863,1.2949999570846558
2922,0.4781250059604645,1.2560973167419434,-2.6862499713897705,1.4900000095367432
2923,0.659125030040741,1.197102427482605,-2.858750104904175,1.3037500381469727
2924,0.6462500691413879,1.162613034248352,-2.668750047683716,1.493749976158142
2925,0.8016250729560852,0.5126097798347473,-0.3799999952316284,1.3324999809265137
2926,0.4505000114440918,1.1529150009155273,-2.8499999046325684,1.2649999856948853
2927,0.5747500061988831,0.638200044631958,-0.8824999928474426,1.3825000524520874
2928,0.549625039100647,1.1853852272033691,-2.797499895095825,1.3624999523162842
2929,0.5547500252723694,1.1600663661956787,-2.856250047683716,1.222499966621399
2930,0.6148749589920044,0.6092363595962524,-0.9900000095367432,1.1737500429153442
2931,0.5323749780654907,1.2199188470840454,-3.0662500858306885,1.308750033378601
2932,0.6675000190734863,0.7251573204994202,-1.2337499856948853,1.3250000476837158
2933,0.7691249847412109,0.4818155765533447,-0.25874999165534973,1.3362499475479126
2934,0.5976249575614929,1.1686370372772217,-2.7249999046325684,1.4800000190734863
2935,0.2577499747276306,1.1306943893432617,-2.8975000381469727,1.1112500429153442
2936,0.8113749623298645,0.6749054193496704,-0.8537499904632568,1.3324999809265137
2937,0.8330000042915344,0.445024311542511,0.12250000238418579,1.4762500524520874
2938,1.0647499561309814,0.31770700216293335,0.3062500059604645,1.4249999523162842
2939,0.6328749656677246,1.251822590827942,-2.836250066757202,1.441249966621399
2940,0.3047500252723694,1.2367069721221924,-2.825000047683716,1.2925000190734863
2941,0.75,0.5403347015380859,-0.6175000071525574,1.128749966621399
2942,0.6448749303817749,1.200316309928894,-2.8924999237060547,1.341249942779541
2943,0.5929999947547913,1.242759108543396,-2.9462499618530273,1.46875
2944,0.5551249980926514,1.2504175901412964,-3.015000104904175,1.3075000047683716
2945,1.0519999265670776,0.22422729432582855,0.675000011920929,1.318750023841858
2946,0.8802499771118164,0.3792203366756439,-0.19249999523162842,1.2575000524520874
2947,0.610124945640564,0.7592200636863708,-0.7900000214576721,1.5549999475479126
2948,0.0962500125169754,1.5009245872497559,-2.791249990463257,1.2262500524520874
2949,0.847000002861023,0.3863580822944641,-0.20499999821186066,1.2024999856948853
2950,0.49650001525878906,1.1536484956741333,-2.8737499713897705,1.1124999523162842
2951,0.6201249957084656,1.195157766342163,-2.9362499713897705,1.3300000429153442
2952,0.7163749933242798,0.5061371922492981,-0.6000000238418579,1.1362500190734863
2953,1.0130000114440918,0.14325480163097382,0.6899999976158142,1.159999966621399
2954,0.6619999408721924,0.472481906414032,-0.38499999046325684,0.9850000143051147
2955,0.5101249814033508,1.1624069213867188,-2.9312500953674316,1.221250057220459
2956,0.5508750677108765,1.1866917610168457,-2.7874999046325684,1.4574999809265137
2957,0.9005001187324524,0.3823056221008301,-0.1862500011920929,1.1675000190734863
2958,0.8586249351501465,0.5566253066062927,-0.6600000262260437,1.3112499713897705
2959,0.5603750348091125,1.1813284158706665,-2.8924999237060547,1.318750023841858
2960,0.8105000257492065,0.353554368019104,-0.07999999821186066,1.225000023841858
2961,1.0001249313354492,0.2913215756416321,0.5299999713897705,1.46875
2962,0.9096249341964722,0.47186166048049927,-0.1912499964237213,1.503749966621399
2963,0.4150000214576721,1.3725312948226929,-3.276249885559082,1.3574999570846558
2964,0.6462499499320984,1.1353209018707275,-2.723750114440918,1.277500033378601
2965,1.0082499980926514,0.16599342226982117,0.7649999856948853,1.3212499618530273
2966,0.5573750138282776,1.2610139846801758,-3.1737499237060547,1.225000023841858
2967,0.8236249685287476,0.47359710931777954,-0.2775000035762787,1.408750057220459
2968,0.624875009059906,1.1644209623336792,-2.7674999237060547,1.2762500047683716
2969,0.8600000143051147,0.4397662580013275,0.03999999910593033,1.4674999713897705
2970,0.9356249570846558,0.32617586851119995,0.25,1.3937499523162842
2971,0.8495000004768372,0.4473279118537903,-0.13375000655651093,1.3137500286102295
2972,0.8964999914169312,0.43798574805259705,0.14624999463558197,1.440000057220459
2973,0.8953750729560852,0.5062524676322937,-0.4312500059604645,1.2949999570846558
2974,0.19349999725818634,1.4942020177841187,-2.75,1.225000023841858
2975,0.41762495040893555,1.3440027236938477,-3.492500066757202,1.2612500190734863
2976,0.9536250233650208,0.4225168228149414,0.05999999865889549,1.4787499904632568
2977,0.49524998664855957,1.1643041372299194,-2.887500047683716,1.1924999952316284
2978,0.862250030040741,0.3174900710582733,0.23250000178813934,1.277500033378601
2979,0.9069998860359192,0.32600143551826477,0.45249998569488525,1.5549999475479126
2980,0.7549999952316284,0.6999694108963013,-0.8125,1.3487499952316284
2981,0.4494999945163727,1.383592128753662,-3.4549999237060547,1.5
2982,0.6513749957084656,0.6477549076080322,-0.6974999904632568,1.2587499618530273
2983,0.6464999914169312,1.2214473485946655,-2.862499952316284,1.5362499952316284
2984,0.46662503480911255,1.2129985094070435,-2.9912500381469727,1.222499966621399
2985,0.5015000104904175,1.192391276359558,-2.934999942779541,1.309999942779541
2986,0.22887501120567322,1.2167789936065674,-2.9649999141693115,1.4800000190734863
2987,1.0230000019073486,0.25915923714637756,0.512499988079071,1.4537500143051147
2988,0.8236249685287476,0.5717127323150635,-0.800000011920929,1.2300000190734863
2989,0.5427500009536743,1.1952913999557495,-2.987499952316284,1.222499966621399
2990,0.22212500870227814,1.528114676475525,-2.856250047683716,1.2087500095367432
2991,0.9516249895095825,0.3183556795120239,0.44624999165534973,1.4950000047683716
2992,0.46549996733665466,1.1620638370513916,-2.71875,1.3624999523162842
2993,0.6428749561309814,1.2172476053237915,-2.961250066757202,1.3637499809265137
2994,0.5295000076293945,1.2598514556884766,-3.023750066757202,1.34375
2995,0.4827499985694885,1.1890442371368408,-2.8662500381469727,1.4199999570846558
2996,0.4449999928474426,1.253396987915039,-3.1475000381469727,1.4137500524520874
2997,0.37562498450279236,1.04269540309906,-2.648750066757202,1.034999966621399
2998,0.7772499918937683,0.5047112107276917,-0.13500000536441803,1.3574999570846558
2999,0.8946250677108765,0.5135502219200134,-0.45875000953674316,1.3637499809265137
3000,0.5504999756813049,0.7327841520309448,-1.121250033378601,1.2737499475479126
3001,0.777999997138977,0.6345700621604919,-0.8962500095367432,1.5075000524520874
3002,0.6180000305175781,1.1890357732772827,-2.893749952316284,1.2762500047683716
3003,0.628125011920929,1.2335416078567505,-2.8612499237060547,1.3125
3004,0.878125011920929,0.6121262311935425,-0.7275000214576721,1.3862500190734863
3005,0.14787499606609344,1.5403821468353271,-2.9312500953674316,1.2412500381469727
3006,0.6397500038146973,1.1877551078796387,-2.799999952316284,1.443750023841858
3007,0.8964999914169312,0.48457515239715576,-0.36625000834465027,1.440000057220459
3008,0.1876249611377716,1.5515174865722656,-2.9000000953674316,1.4900000095367432
3009,0.9223750233650208,0.31844958662986755,0.3375000059604645,1.4487500190734863
3010,0.9717499613761902,0.276594340801239,0.20749999582767487,1.2274999618530273
3011,0.4853750169277191,1.3508011102676392,-3.208750009536743,1.340000033378601
3012,0.8172499537467957,0.5347548723220825,-0.6587499976158142,1.2074999809265137
3013,0.18587498366832733,1.5427727699279785,-2.921250104904175,1.3262499570846558
3014,1.006500005722046,0.3749978244304657,0.11124999821186066,1.368749976158142
3015,0.8914999961853027,0.2450094223022461,0.5149999856948853,1.2999999523162842
3016,0.9455000162124634,0.5808652639389038,-0.5874999761581421,1.4325000047683716
3017,0.5001250505447388,1.1749082803726196,-2.8350000381469727,1.2000000476837158
3018,0.9738750457763672,0.43705564737319946,-0.028750000521540642,1.368749976158142
3019,0.6231249570846558,1.201327919960022,-2.737499952316284,1.5
3020,0.5886250138282776,0.7185285687446594,-0.8287500143051147,1.3324999809265137
3021,0.8268750309944153,0.3637608587741852,0.16374999284744263,1.3799999952316284
3022,0.9023750424385071,0.2552666962146759,0.32499998807907104,1.1124999523162842
3023,0.8715000152587891,0.6176227331161499,-0.8887500166893005,1.3337500095367432
3024,0.8786250352859497,0.42143964767456055,-0.09375,1.3125
3025,0.6333750486373901,0.5870351791381836,-0.8374999761581421,1.15625
3026,0.7348750233650208,0.5724466443061829,-0.768750011920929,1.309999942779541
3027,0.8619998693466187,0.47641634941101074,-0.33125001192092896,1.2887500524520874
3028,0.8417500257492065,0.5637882947921753,-0.7137500047683716,1.283750057220459
3029,0.9248750805854797,0.2506444752216339,0.3737500011920929,1.277500033378601
3030,0.5452499389648438,1.1856188774108887,-2.8062500953674316,1.278749942779541
3031,0.34974998235702515,1.2052581310272217,-2.7987499237060547,1.4800000190734863
3032,0.6990000009536743,1.2037382125854492,-2.7987499237060547,1.4537500143051147
3033,0.8657500147819519,0.3606145977973938,0.30125001072883606,1.4800000190734863
3034,0.6775000095367432,0.5668021440505981,-0.21125000715255737,1.503749966621399
3035,0.6743749976158142,0.5692015290260315,-0.7699999809265137,1.3700000047683716
3036,1.0801249742507935,0.19756677746772766,0.731249988079071,1.3700000047683716
3037,0.5828749537467957,1.1772606372833252,-2.7799999713897705,1.431249976158142
3038,0.5516250133514404,1.4289807081222534,-3.6887500286102295,1.2912499904632568
3039,1.0286248922348022,0.45185190439224243,-0.14124999940395355,1.5449999570846558
3040,0.6892499923706055,1.2353485822677612,-2.950000047683716,1.3450000286102295
3041,0.5406249761581421,1.3984031677246094,-3.466249942779541,1.5137499570846558
3042,0.6150000691413879,1.264923334121704,-3.0512499809265137,1.3224999904632568
3043,1.0148749351501465,0.2406420111656189,0.38624998927116394,1.350000023841858
3044,0.7689999938011169,0.26194095611572266,0.30375000834465027,1.222499966621399
3045,0.8529999852180481,0.45883113145828247,-0.4099999964237213,1.274999976158142
3046,0.6389999389648438,1.2507463693618774,-3.043750047683716,1.441249966621399
3047,0.7833750247955322,0.7202566266059875,-1.1725000143051147,1.3125
3048,0.10500001907348633,1.7135958671569824,-3.3299999237060547,1.4900000095367432
3049,0.8605000376701355,0.33593815565109253,0.42625001072883606,1.527500033378601
3050,0.3659999966621399,1.618903636932373,-2.911250114440918,1.443750023841858
3051,0.38762497901916504,1.306431770324707,-3.3637499809265137,1.2450000047683716
3052,0.7852498888969421,0.42723557353019714,0.1574999988079071,1.46875
3053,0.6497499942779541,0.5173060894012451,-0.2562499940395355,1.1974999904632568
3054,0.23649999499320984,1.1505649089813232,-2.7899999618530273,1.1449999809265137
3055,0.9252500534057617,0.4598025381565094,-0.07999999821186066,1.5137499570846558
3056,1.0362498760223389,0.2740871012210846,0.4099999964237213,1.3550000190734863
3057,1.0810000896453857,0.1643051654100418,0.7599999904632568,1.3450000286102295
3058,0.9117499589920044,0.43379008769989014,0.023749999701976776,1.4299999475479126
3059,0.7050000429153442,0.657899796962738,-0.7074999809265137,1.3312499523162842
3060,0.966499924659729,0.5504721999168396,-0.4662500023841858,1.4137500524520874
3061,0.562874972820282,1.2859152555465698,-3.0274999141693115,1.4674999713897705
3062,0.783875048160553,0.5772129893302917,-0.26750001311302185,1.3550000190734863
3063,1.0916249752044678,0.20453153550624847,0.8412500023841858,1.5262500047683716
3064,1.0361250638961792,0.40062353014945984,-0.008750000037252903,1.5175000429153442
3065,0.38962501287460327,1.1473145484924316,-2.7799999713897705,1.3350000381469727
3066,0.7415000200271606,0.6197791695594788,-0.6100000143051147,1.3799999952316284
3067,0.3498750329017639,1.246749997138977,-2.9600000381469727,1.443750023841858
3068,0.8262500762939453,0.5077905654907227,-0.3174999952316284,1.3300000429153442
3069,0.33262500166893005,1.2591547966003418,-2.976249933242798,1.3949999809265137
3070,0.9297500848770142,0.4723183810710907,-0.1912499964237213,1.3274999856948853
3071,0.49437499046325684,1.2029986381530762,-2.9625000953674316,1.443750023841858
3072,0.8237498998641968,0.40434321761131287,-0.17624999582767487,1.1987500190734863
3073,0.8868750333786011,0.25983303785324097,0.4112499952316284,1.3324999809265137
3074,0.5512499809265137,1.205950140953064,-2.8375000953674316,1.3487499952316284
3075,0.8631250262260437,0.33732184767723083,0.24500000476837158,1.4674999713897705
3076,0.8598750233650208,0.2609773874282837,0.4025000035762787,1.2487499713897705
3077,0.6568750143051147,1.1394836902618408,-2.7174999713897705,1.2387499809265137
3078,0.9471250772476196,0.45641574263572693,-0.27125000953674316,1.4587500095367432
3079,0.8420000076293945,0.41782814264297485,0.14124999940395355,1.3899999856948853
3080,0.9111250042915344,0.34743544459342957,0.05249999836087227,1.3674999475479126
3081,1.025499939918518,0.32163408398628235,0.3712500035762787,1.3987499475479126
3082,1.0745000839233398,0.3003462851047516,0.3100000023841858,1.4175000190734863
3083,0.156125009059906,1.6676112413406372,-3.403749942779541,1.2450000047683716
3084,1.019374966621399,0.11398498713970184,0.831250011920929,1.1675000190734863
3085,0.972000002861023,0.4330582320690155,0.125,1.403749942779541
3086,0.6965000033378601,0.6554761528968811,-0.5637500286102295,1.4175000190734863
3087,0.9125000238418579,0.31602510809898376,0.3125,1.3450000286102295
3088,0.8799999952316284,0.37739524245262146,0.20125000178813934,1.253749966621399
3089,1.000749945640564,0.2709953784942627,0.3799999952316284,1.4587500095367432
3090,0.8619999885559082,0.45477575063705444,-0.20624999701976776,1.3624999523162842
3091,0.6887499690055847,0.6385899782180786,-0.8274999856948853,1.2899999618530273
3092,0.9128749966621399,0.5362275838851929,-0.36625000834465027,1.4487500190734863
3093,1.0329999923706055,0.5037078857421875,-0.41749998927116394,1.3700000047683716
3094,0.9778750538825989,0.29090484976768494,0.45875000953674316,1.4862500429153442
3095,0.7657500505447388,0.519939661026001,-0.19750000536441803,1.277500033378601
3096,0.8180000185966492,0.4092486500740051,-0.03999999910593033,1.4537500143051147
3097,0.9185000658035278,0.3417961597442627,0.22750000655651093,1.3312499523162842
3098,0.6936249732971191,0.47652432322502136,-0.23624999821186066,1.2262500524520874
3099,0.9043749570846558,0.2732696831226349,0.5562499761581421,1.4487500190734863
3100,0.7146250009536743,0.7472552061080933,-1.0750000476837158,1.5362499952316284
3101,0.9433749914169312,0.38485628366470337,-0.07750000059604645,1.408750057220459
3102,0.5283750295639038,1.1702392101287842,-2.799999952316284,1.2899999618530273
3103,0.9936249852180481,0.286878377199173,0.5112500190734863,1.3550000190734863
3104,0.7910000085830688,0.5929273366928101,-0.7287499904632568,1.371250033378601
3105,1.1794999837875366,0.1906011998653412,0.887499988079071,1.4262499809265137
3106,1.0586249828338623,0.1925571858882904,0.5587499737739563,1.2987500429153442
3107,0.3595000207424164,1.2050269842147827,-2.9124999046325684,1.2549999952316284
3108,0.5636249780654907,1.1802539825439453,-2.7799999713897705,1.2762500047683716
3109,0.8993749618530273,0.3947056531906128,0.05000000074505806,1.340000033378601
3110,0.9274999499320984,0.326130747795105,0.30375000834465027,1.4637500047683716
3111,0.7583750486373901,0.516167402267456,-0.41999998688697815,1.3112499713897705
3112,0.9006250500679016,0.49853917956352234,-0.11500000208616257,1.4487500190734863
3113,0.6385000348091125,0.648476779460907,-0.5425000190734863,1.2387499809265137
3114,1.0023750066757202,0.21255692839622498,0.5762500166893005,1.2587499618530273
3115,0.8993749618530273,0.5822433233261108,-0.7774999737739563,1.3825000524520874
3116,0.6958749890327454,1.171960473060608,-2.809999942779541,1.216249942779541
3117,0.41850000619888306,1.2409613132476807,-2.9574999809265137,1.4199999570846558
3118,0.7392500638961792,0.4939098358154297,-0.32749998569488525,1.2412500381469727
3119,0.9852499961853027,0.2571094334125519,0.3425000011920929,1.3350000381469727
3120,0.5653749704360962,1.155647873878479,-2.817500114440918,1.1987500190734863
3121,0.7697499990463257,0.5013235211372375,-0.5475000143051147,1.3674999475479126
3122,0.750749945640564,0.5808418393135071,-0.7950000166893005,1.2949999570846558
3123,1.0762499570846558,0.3260411322116852,0.36625000834465027,1.4850000143051147
3124,0.8796250224113464,0.4880606234073639,-0.4962500035762787,1.399999976158142
3125,0.9436250925064087,0.2641894817352295,0.41749998927116394,1.371250033378601
3126,0.8189999461174011,0.4851130247116089,-0.20499999821186066,1.3137500286102295
3127,0.9351249933242798,0.5408530235290527,-0.48124998807907104,1.5137499570846558
3128,0.6582499742507935,0.7025729417800903,-0.9024999737739563,1.3550000190734863
3129,1.0276249647140503,0.22238023579120636,0.5249999761581421,1.315000057220459
3130,0.6748749613761902,0.5190780162811279,-0.1274999976158142,1.403749942779541
3131,1.0953749418258667,0.16623783111572266,0.8224999904632568,1.2975000143051147
3132,0.4522499442100525,1.230552077293396,-3.036250114440918,1.221250057220459
3133,1.012874960899353,0.1456676870584488,0.7512500286102295,1.149999976158142
3134,0.7979999780654907,0.4838576316833496,-0.38499999046325684,1.190000057220459
3135,0.543749988079071,1.225760817527771,-3.0062499046325684,1.247499942779541
3136,0.9412499666213989,0.35236167907714844,0.28999999165534973,1.284999966621399
3137,0.6818750500679016,0.7326221466064453,-1.3300000429153442,1.4149999618530273
3138,1.0003750324249268,0.16917449235916138,0.7762500047683716,1.2799999713897705
3139,0.8368749618530273,0.646124541759491,-1.0399999618530273,1.2387499809265137
3140,0.8145000338554382,0.24307292699813843,0.19499999284744263,1.100000023841858
3141,0.7489999532699585,0.7481491565704346,-1.1062500476837158,1.2999999523162842
3142,0.7307499647140503,0.3132990896701813,0.18250000476837158,1.0625
3143,0.9488749504089355,0.5268359184265137,-0.36000001430511475,1.4212499856948853
3144,0.9858749508857727,0.46973398327827454,-0.10999999940395355,1.5087499618530273
3145,0.8398750424385071,0.32238829135894775,0.12250000238418579,1.221250057220459
3146,0.9521249532699585,0.36563771963119507,0.26499998569488525,1.3212499618530273
3147,0.9015000462532043,0.4058370292186737,-0.27000001072883606,1.183750033378601
3148,0.859125018119812,0.3643311858177185,0.07249999791383743,1.3274999856948853
3149,0.8787499666213989,0.6041737198829651,-0.8675000071525574,1.4049999713897705
3150,0.3831250071525574,1.2536680698394775,-2.8087499141693115,1.5125000476837158
3151,0.2991250157356262,1.3708842992782593,-3.447499990463257,1.3362499475479126
3152,0.8517500162124634,0.5089966058731079,-0.4099999964237213,1.375
3153,0.8364999890327454,0.4536965489387512,-0.019999999552965164,1.2987500429153442
3154,0.8655000925064087,0.649969756603241,-0.5199999809265137,1.3125
3155,0.778124988079071,0.5490230917930603,-0.6449999809265137,1.3849999904632568
3156,1.0263750553131104,0.18265697360038757,0.7350000143051147,1.3362499475479126
3157,0.7122500538825989,1.2052538394927979,-2.8662500381469727,1.433750033378601
3158,1.0217499732971191,0.1863650530576706,0.731249988079071,1.3125
3159,0.34412500262260437,1.26942777633667,-2.84375,1.4487500190734863
3160,0.8907500505447388,0.32098639011383057,0.29875001311302185,1.308750033378601
3161,1.0059999227523804,0.2152758538722992,0.6299999952316284,1.253749966621399
3162,0.8914999961853027,0.2744225859642029,0.3425000011920929,1.277500033378601
3163,0.7866250276565552,0.4419608414173126,-0.012500000186264515,1.4500000476837158
3164,0.888749897480011,0.6745181083679199,-1.1124999523162842,1.3125
3165,1.0427500009536743,0.16617366671562195,0.6899999976158142,1.308750033378601
3166,0.8967498540878296,0.25132226943969727,0.32875001430511475,1.28125
3167,0.8116250038146973,0.3619280159473419,0.1274999976158142,1.4249999523162842
3168,0.7824999690055847,0.6144520044326782,-0.6012499928474426,1.378749966621399
3169,0.7632499933242798,0.4513075351715088,-0.23125000298023224,1.222499966621399
3170,0.6266250014305115,1.1724164485931396,-2.737499952316284,1.5362499952316284
3171,1.0366251468658447,0.523015022277832,-0.45375001430511475,1.4225000143051147
3172,1.0462499856948853,0.312610000371933,0.3149999976158142,1.4674999713897705
3173,0.9137499928474426,0.4579700529575348,-0.38749998807907104,1.4550000429153442
3174,0.8227499723434448,0.4882957637310028,-0.22499999403953552,1.3574999570846558
3175,1.099250078201294,0.22835499048233032,0.6600000262260437,1.4574999809265137
3176,0.996749997138977,0.19166231155395508,0.5387499928474426,1.247499942779541
3177,0.9280000925064087,0.5858808159828186,-0.7237499952316284,1.3324999809265137
3178,1.0878750085830688,0.14794959127902985,0.8224999904632568,1.3224999904632568
3179,1.0341249704360962,0.3529248833656311,0.01875000074505806,1.2725000381469727
3180,0.7959999442100525,0.41619250178337097,0.017500000074505806,1.2599999904632568
3181,0.7595000267028809,0.6440979838371277,-0.7350000143051147,1.5175000429153442
3182,0.8787500262260437,0.43612605333328247,-0.35249999165534973,1.2024999856948853
3183,0.9350000619888306,0.4067496657371521,0.3100000023841858,1.441249966621399
3184,0.9864999651908875,0.2780146300792694,0.3137499988079071,1.375
3185,0.9140000343322754,0.6464547514915466,-0.9612500071525574,1.2949999570846558
3186,1.1037499904632568,0.14102083444595337,0.9162499904632568,1.3200000524520874
3187,0.6077500581741333,0.7051433324813843,-1.2662500143051147,1.3324999809265137
3188,0.8211250305175781,0.6305727362632751,-1.0049999952316284,1.2400000095367432
3189,0.9200000762939453,0.2683432698249817,0.48374998569488525,1.2999999523162842
3190,0.9321249723434448,0.3275682330131531,0.22624999284744263,1.2649999856948853
3191,1.0155000686645508,0.35561618208885193,0.33125001192092896,1.4175000190734863
3192,0.5095000267028809,1.151910662651062,-2.75,1.34375
3193,0.9817501306533813,0.5328116416931152,-0.5625,1.3937499523162842
3194,0.918749988079071,0.4733960032463074,-0.1875,1.399999976158142
3195,0.8298749923706055,0.588020384311676,-0.5049999952316284,1.350000023841858
3196,1.0627501010894775,0.1862020194530487,0.6050000190734863,1.2412500381469727
3197,0.9455000162124634,0.29025375843048096,0.33250001072883606,1.316249966621399
3198,0.8637501001358032,1.288741946220398,-2.971250057220459,1.5225000381469727
3199,0.9594999551773071,0.41025304794311523,-0.11625000089406967,1.441249966621399
3200,1.0315001010894775,0.2970831096172333,0.4025000035762787,1.5549999475479126
3201,0.7696249485015869,0.4769352376461029,-0.02500000037252903,1.274999976158142
3202,0.9723750352859497,0.5161350965499878,-0.5199999809265137,1.3949999809265137
3203,1.1412498950958252,0.19208885729312897,0.8299999833106995,1.568750023841858
3204,1.0023750066757202,0.2949281930923462,0.2874999940395355,1.3387500047683716
3205,1.109624981880188,0.19606682658195496,0.7475000023841858,1.5549999475479126
3206,0.9355000257492065,0.3685207664966583,-0.04874999821186066,1.3524999618530273
3207,1.0283750295639038,0.34090688824653625,0.11500000208616257,1.3450000286102295
3208,1.0931249856948853,0.2796969711780548,0.4749999940395355,1.4862500429153442
3209,0.8863750696182251,0.3165682554244995,0.25,1.2587499618530273
3210,0.8737499117851257,0.35540691018104553,0.14749999344348907,1.4075000286102295
3211,0.887874960899353,0.7053545117378235,-1.0499999523162842,1.3762500286102295
3212,1.0230000019073486,0.3329302668571472,0.4975000023841858,1.5362499952316284
3213,0.8346249461174011,0.33015525341033936,0.09624999761581421,1.2587499618530273
3214,0.581250011920929,1.2421389818191528,-3.009999990463257,1.3075000047683716
3215,0.9456249475479126,0.2142554223537445,0.5787500143051147,1.247499942779541
3216,1.0073750019073486,0.3510223627090454,0.1537500023841858,1.3700000047683716
3217,0.9595001339912415,0.2692008912563324,0.26499998569488525,1.253749966621399
3218,1.112375020980835,0.2510169744491577,0.5912500023841858,1.4900000095367432
3219,0.7947500348091125,0.4856264889240265,-0.4050000011920929,1.2450000047683716
3220,0.9285000562667847,0.28195178508758545,0.4637500047683716,1.2725000381469727
3221,0.8531249761581421,0.46504372358322144,-0.23999999463558197,1.2587499618530273
3222,0.9213749170303345,0.35994505882263184,0.0925000011920929,1.2912499904632568
3223,1.0141249895095825,0.2193378359079361,0.7250000238418579,1.277500033378601
3224,0.5242499709129333,1.240493893623352,-2.8612499237060547,1.318750023841858
3225,1.1460001468658447,0.21560657024383545,0.9137499928474426,1.5412499904632568
3226,0.9171249270439148,0.38582584261894226,0.16124999523162842,1.2899999618530273
3227,0.909125030040741,0.28871917724609375,0.4650000035762787,1.34375
3228,0.911500096321106,0.3516460359096527,0.1274999976158142,1.3624999523162842
3229,0.5783750414848328,1.1891300678253174,-2.891249895095825,1.403749942779541
3230,1.1553750038146973,0.19759178161621094,0.7325000166893005,1.3899999856948853
3231,0.8855000734329224,0.3332558274269104,0.27000001072883606,1.2887500524520874
3232,0.874750018119812,0.4669407904148102,-0.057500001043081284,1.308750033378601
3233,1.1443750858306885,0.2202826589345932,0.6150000095367432,1.40625
3234,1.018875002861023,0.22329731285572052,0.71875,1.399999976158142
3235,0.7128750085830688,0.5069553256034851,-0.2862499952316284,1.2937500476837158
3236,0.5142499804496765,1.1664724349975586,-2.7850000858306885,1.4137500524520874
3237,1.1175000667572021,0.2803647220134735,0.36250001192092896,1.434999942779541
3238,0.9420000314712524,0.46995484828948975,-0.19625000655651093,1.3862500190734863
3239,1.0154999494552612,0.3602769076824188,0.1875,1.503749966621399
3240,1.0246250629425049,0.20376385748386383,0.5299999713897705,1.253749966621399
3241,0.9496248960494995,0.28328707814216614,0.4699999988079071,1.4900000095367432
3242,1.0593750476837158,0.3054981827735901,0.28999999165534973,1.3312499523162842
3243,0.5407500267028809,1.2374523878097534,-2.84375,1.3862500190734863
3244,0.9962500333786011,0.16276614367961884,0.7862499952316284,1.2350000143051147
3245,0.8194999694824219,0.6159639954566956,-0.543749988079071,1.4199999570846558
3246,1.0582499504089355,0.42352691292762756,0.08124999701976776,1.568750023841858
3247,0.6488750576972961,0.41983866691589355,-0.18000000715255737,1.2037500143051147
3248,0.890625,0.40531790256500244,-0.2462500035762787,1.1862499713897705
3249,0.9050000309944153,0.5080889463424683,-0.45625001192092896,1.3762500286102295
3250,0.7773750424385071,0.58221435546875,-0.3400000035762787,1.3262499570846558
3251,0.7133749723434448,0.5862401723861694,-0.45375001430511475,1.4175000190734863
3252,0.7826249599456787,0.5459296703338623,-0.4112499952316284,1.527500033378601
3253,0.8697500228881836,0.5412300229072571,-0.4699999988079071,1.440000057220459
3254,0.8686250448226929,0.24902838468551636,0.29249998927116394,1.1675000190734863
3255,0.9238750338554382,0.48901382088661194,-0.22374999523162842,1.3212499618530273
3256,0.7377499938011169,0.75612473487854,-0.9200000166893005,1.2899999618530273
3257,0.9944999814033508,0.4305872321128845,-0.16625000536441803,1.5137499570846558
3258,0.8923749923706055,0.2827899158000946,0.4300000071525574,1.372499942779541
3259,1.0044997930526733,0.21335797011852264,0.6899999976158142,1.434999942779541
3260,0.8477500081062317,0.5454263687133789,-0.6587499976158142,1.2949999570846558
3261,1.0423749685287476,0.28701505064964294,0.29374998807907104,1.277500033378601
3262,0.9777499437332153,0.4024583697319031,-0.1550000011920929,1.3524999618530273
3263,0.8812499046325684,0.28344202041625977,0.22624999284744263,1.274999976158142
3264,1.0571250915527344,0.2011040300130844,0.5712500214576721,1.2287499904632568
3265,0.87437504529953,0.5956795811653137,-0.7250000238418579,1.4049999713897705
3266,0.9486249685287476,0.2186402827501297,0.6162499785423279,1.3300000429153442
3267,0.18199996650218964,1.6746567487716675,-3.4075000286102295,1.2762500047683716
3268,0.8660000562667847,0.32289791107177734,-0.0037499999161809683,1.1862499713897705
3269,0.6200000047683716,1.157831072807312,-2.75,1.527500033378601
3270,0.8661249876022339,0.45612582564353943,-0.32624998688697815,1.153749942779541
3271,0.9448749423027039,0.3005065619945526,0.3425000011920929,1.4049999713897705
3272,0.5633749961853027,1.206822395324707,-2.911250114440918,1.3574999570846558
3273,1.1382501125335693,0.225757896900177,0.7099999785423279,1.4850000143051147
3274,1.0708750486373901,0.17963510751724243,0.6775000095367432,1.3862500190734863
3275,0.8451250195503235,0.6468484401702881,-0.875,1.3337500095367432
3276,0.9573750495910645,0.20259833335876465,0.625,1.2037500143051147
3277,0.9508751034736633,0.31455278396606445,0.1274999976158142,1.440000057220459
3278,0.8486250042915344,0.3467029631137848,0.03500000014901161,1.308750033378601
3279,0.6993750333786011,1.2308920621871948,-2.896250009536743,1.5637500286102295
3280,0.8628749847412109,0.4557521641254425,-0.41874998807907104,1.2625000476837158
3281,0.593500018119812,1.1430705785751343,-2.7987499237060547,1.399999976158142
3282,0.9213749766349792,0.23490655422210693,0.49125000834465027,1.2362500429153442
3283,0.9668750762939453,0.1880776286125183,0.6100000143051147,1.3362499475479126
3284,0.6287499666213989,1.2027677297592163,-2.825000047683716,1.4700000286102295
3285,0.8474999666213989,0.46186745166778564,-0.4399999976158142,1.2400000095367432
3286,0.9306249618530273,0.27269962430000305,0.30125001072883606,1.3362499475479126
3287,1.0336248874664307,0.2653820812702179,0.4025000035762787,1.4774999618530273
3288,0.9273749589920044,0.3736356198787689,0.08874999731779099,1.283750057220459
3289,1.003999948501587,0.16486908495426178,0.7049999833106995,1.2599999904632568
3290,0.05787498876452446,1.4982633590698242,-2.880000114440918,1.162500023841858
3291,0.9039999842643738,0.4899865388870239,-0.1525000035762787,1.408750057220459
3292,0.5701249837875366,1.1741917133331299,-2.7874999046325684,1.375
3293,0.9618750810623169,0.34671100974082947,0.44749999046325684,1.5137499570846558
3294,0.6007499694824219,1.1367206573486328,-2.768749952316284,1.2074999809265137
3295,0.8197500109672546,0.5667235851287842,-0.7400000095367432,1.3324999809265137
3296,0.890874981880188,0.21411815285682678,0.5799999833106995,1.1924999952316284
3297,1.0839999914169312,0.17860552668571472,0.7825000286102295,1.4299999475479126
3298,0.6304999589920044,0.731967568397522,-0.8974999785423279,1.3250000476837158
3299,0.9713749885559082,0.20629504323005676,0.5975000262260437,1.2637499570846558
3300,0.6771249771118164,0.614819347858429,-0.4962500035762787,1.350000023841858
3301,0.8623749613761902,0.5801342725753784,-0.5625,1.3212499618530273
3302,0.5587499737739563,1.270891785621643,-3.0399999618530273,1.4275000095367432
3303,1.0788750648498535,0.28873130679130554,0.44999998807907104,1.503749966621399
3304,0.6140000224113464,1.1745185852050781,-2.8299999237060547,1.3137500286102295
3305,0.9707500338554382,0.5219228267669678,-0.45500001311302185,1.4462499618530273
3306,0.5623749494552612,0.6898354291915894,-0.8799999952316284,1.350000023841858
3307,0.484000027179718,1.2311828136444092,-2.9725000858306885,1.4900000095367432
3308,0.9911249876022339,0.3882031738758087,-0.04749999940395355,1.368749976158142
3309,0.9503750801086426,0.23570242524147034,0.6337500214576721,1.3674999475479126
3310,0.9436249732971191,0.13736748695373535,0.606249988079071,1.118749976158142
3311,0.9771249890327454,0.4738093614578247,-0.26374998688697815,1.4950000047683716
3312,0.9193750619888306,0.6176252961158752,-0.47999998927116394,1.527500033378601
3313,1.0426249504089355,0.20063218474388123,0.6299999952316284,1.283750057220459
3314,0.21312499046325684,1.5930851697921753,-2.961250066757202,1.5
3315,1.0398750305175781,0.17469388246536255,0.612500011920929,1.252500057220459
3316,0.8292500376701355,1.2224301099777222,-2.809999942779541,1.4850000143051147
3317,0.9870001077651978,0.3282735347747803,0.38999998569488525,1.4262499809265137
3318,0.8206250071525574,0.5675297975540161,-0.7762500047683716,1.2549999952316284
3319,0.9878749847412109,0.6015846729278564,-0.581250011920929,1.5175000429153442
3320,1.0099999904632568,0.6522815823554993,-0.8887500166893005,1.440000057220459
3321,1.0277501344680786,0.3052273094654083,0.28999999165534973,1.377500057220459
3322,0.843000054359436,0.3280816376209259,-0.028750000521540642,1.221250057220459
3323,1.037500023841858,0.35151946544647217,0.0062500000931322575,1.3262499570846558
3324,0.9613749384880066,0.45555955171585083,-0.14749999344348907,1.4950000047683716
3325,0.9931249618530273,0.491850882768631,-0.42750000953674316,1.368749976158142
3326,0.9571250081062317,0.5114749073982239,-0.46875,1.3899999856948853
3327,0.5646249651908875,1.1672437191009521,-2.8499999046325684,1.3049999475479126
3328,0.7341248393058777,1.2570364475250244,-2.898750066757202,1.5087499618530273
3329,0.9818750619888306,0.28169921040534973,0.38499999046325684,1.368749976158142
3330,1.0346249341964722,0.2315579354763031,0.6600000262260437,1.3537499904632568
3331,0.8516250848770142,0.38722774386405945,0.1550000011920929,1.399999976158142
3332,0.9754999876022339,0.30903539061546326,0.3125,1.340000033378601
3333,0.9331250190734863,0.5529688000679016,-0.0949999988079071,1.527500033378601
3334,0.9294999837875366,0.2782457172870636,0.49000000953674316,1.3312499523162842
3335,0.9077500104904175,0.32104700803756714,0.18000000715255737,1.3075000047683716
3336,0.8401250839233398,0.3773842751979828,0.14624999463558197,1.4850000143051147
3337,0.987250030040741,0.407118558883667,0.1912499964237213,1.527500033378601
3338,0.9790000915527344,0.16605891287326813,0.7649999856948853,1.34375
3339,0.9182500839233398,0.4343717694282532,-0.14749999344348907,1.441249966621399
3340,0.9663749933242798,0.3234948217868805,0.38499999046325684,1.3937499523162842
3341,0.9006250500679016,0.2490433305501938,0.42500001192092896,1.2725000381469727
3342,1.0001249313354492,0.21956592798233032,0.6412500143051147,1.3362499475479126
3343,0.793749988079071,0.42947277426719666,0.0012499999720603228,1.3450000286102295
3344,0.9063749313354492,0.3586207926273346,0.2800000011920929,1.253749966621399
3345,0.8894999623298645,0.4907004237174988,-0.38499999046325684,1.3825000524520874
3346,0.7016249895095825,1.1435620784759521,-2.6875,1.434999942779541
3347,1.0912500619888306,0.2007727175951004,0.6412500143051147,1.4049999713897705
3348,0.3397499620914459,1.2098824977874756,-2.84375,1.2350000143051147
3349,0.9581249356269836,0.33529287576675415,0.10750000178813934,1.309999942779541
3350,1.0355000495910645,0.4803180396556854,-0.3700000047683716,1.4199999570846558
3351,0.6077500581741333,1.2715915441513062,-3.1237499713897705,1.3075000047683716
3352,0.4367499351501465,1.2151284217834473,-2.737499952316284,1.25
3353,0.5099999904632568,1.1458756923675537,-2.7874999046325684,1.3674999475479126
3354,0.9585000872612,0.26611191034317017,0.36375001072883606,1.3362499475479126
3355,0.973750114440918,0.22481867671012878,0.4762499928474426,1.2074999809265137
3356,0.9561249613761902,0.27321550250053406,0.39125001430511475,1.462499976158142
3357,0.7793749570846558,0.7045298218727112,-1.0325000286102295,1.4075000286102295
3358,0.9985000491142273,0.30127841234207153,0.36000001430511475,1.496250033378601
3359,0.731874942779541,1.2990823984146118,-3.1262500286102295,1.4075000286102295
3360,0.8342499732971191,0.466051310300827,-0.3050000071525574,1.3849999904632568
3361,1.0006250143051147,0.15871086716651917,0.7674999833106995,1.2274999618530273
3362,0.9353750348091125,0.23496213555335999,0.4950000047683716,1.2612500190734863
3363,0.6690000295639038,1.230216383934021,-2.9912500381469727,1.350000023841858
3364,0.5136250257492065,1.1994891166687012,-2.8375000953674316,1.3450000286102295
3365,0.7958750128746033,0.401755154132843,-0.09875000268220901,1.2262500524520874
3366,0.5843750834465027,1.2200126647949219,-2.953749895095825,1.4450000524520874
3367,0.984000027179718,0.26884230971336365,0.4387499988079071,1.28125
3368,0.9078749418258667,0.3662845492362976,0.04500000178813934,1.3624999523162842
3369,1.050874948501587,0.19754751026630402,0.800000011920929,1.3137500286102295
3370,1.0386250019073486,0.23191621899604797,0.6787499785423279,1.4987499713897705
3371,0.8414999842643738,0.5826274156570435,-0.75,1.475000023841858
3372,0.8248750567436218,0.6961082220077515,-0.5799999833106995,1.4537500143051147
3373,1.0013750791549683,0.3254282772541046,0.2199999988079071,1.4950000047683716
3374,1.0411250591278076,0.28983694314956665,0.33000001311302185,1.375
3375,0.8538749814033508,0.26408419013023376,0.2175000011920929,1.0950000286102295
3376,0.4676249921321869,1.2766013145446777,-3.028749942779541,1.5225000381469727
3377,0.7916250228881836,0.4667983055114746,-0.35624998807907104,1.4049999713897705
3378,0.5997500419616699,1.2863678932189941,-3.2125000953674316,1.472499966621399
3379,0.9926250576972961,0.25228792428970337,0.3425000011920929,1.315000057220459
3380,0.8301250338554382,0.3257412016391754,0.11375000327825546,1.346250057220459
3381,1.071624994277954,0.18888989090919495,0.6887500286102295,1.350000023841858
3382,1.000499963760376,0.24616952240467072,0.5137500166893005,1.2400000095367432
3383,0.8805000185966492,0.34442126750946045,0.2199999988079071,1.2887500524520874
3384,0.5625,1.1422775983810425,-2.8162500858306885,1.1887500286102295
3385,0.8262500762939453,0.3890276551246643,-0.05624999850988388,1.3137500286102295
3386,0.9328749775886536,0.3065203130245209,0.14000000059604645,1.274999976158142
3387,0.8142499923706055,0.43883875012397766,-0.32875001430511475,1.308750033378601
3388,0.7853749990463257,0.564785897731781,-0.6600000262260437,1.3624999523162842
3389,0.9392499923706055,0.29057765007019043,0.33125001192092896,1.318750023841858
3390,0.7941250205039978,0.46530672907829285,-0.33000001311302185,1.2412500381469727
3391,0.9074999690055847,0.39968228340148926,0.13375000655651093,1.3849999904632568
3392,0.893375039100647,0.2782765328884125,0.2887499928474426,1.246250033378601
3393,1.0147500038146973,0.3554670214653015,0.051249999552965164,1.2999999523162842
3394,0.996874988079071,0.3020540475845337,0.26499998569488525,1.3637499809265137
3395,0.9423750042915344,0.3267876207828522,0.20999999344348907,1.277500033378601
3396,0.8370000123977661,0.395661324262619,0.004999999888241291,1.3274999856948853
3397,1.110124945640564,0.31312960386276245,0.5649999976158142,1.503749966621399
3398,0.9435000419616699,0.36044842004776,0.3499999940395355,1.4299999475479126
3399,0.7146250009536743,0.5017777681350708,-0.5874999761581421,1.222499966621399
3400,0.9486249685287476,0.3767739236354828,-0.017500000074505806,1.3350000381469727
3401,0.8818750381469727,0.2823823094367981,0.3799999952316284,1.3912500143051147
3402,0.9894999265670776,0.3947262465953827,-0.05624999850988388,1.503749966621399
3403,0.6947500109672546,0.6333913803100586,-0.9462500214576721,1.3212499618530273
3404,0.9346250295639038,0.33335793018341064,-0.011250000447034836,1.3112499713897705
3405,0.9505000114440918,0.23055654764175415,0.5612499713897705,1.3025000095367432
3406,1.0226250886917114,0.317902535200119,0.20749999582767487,1.341249942779541
3407,1.107124924659729,0.16460278630256653,0.7900000214576721,1.350000023841858
3408,0.7326250076293945,0.5979405641555786,-0.8487499952316284,1.3312499523162842
3409,0.9461250305175781,0.20320360362529755,0.6499999761581421,1.347499966621399
3410,0.887874960899353,0.37454429268836975,0.28125,1.368749976158142
3411,0.7086250185966492,0.5668472051620483,-0.7149999737739563,1.2400000095367432
3412,1.0404999256134033,0.21416130661964417,0.6625000238418579,1.4550000429153442
3413,1.0078749656677246,0.2630482614040375,0.6187499761581421,1.3324999809265137
3414,0.8226249814033508,0.5005707740783691,-0.5849999785423279,1.222499966621399
3415,0.6088749766349792,1.169843316078186,-2.836250066757202,1.3387500047683716
3416,0.9925000071525574,0.3835439383983612,0.2175000011920929,1.5412499904632568
3417,0.8643749952316284,0.3658240735530853,0.03750000149011612,1.3200000524520874
3418,0.7618750333786011,0.5022752285003662,-0.625,1.2000000476837158
3419,1.0304999351501465,0.2755041718482971,0.45124998688697815,1.3987499475479126
3420,1.0099999904632568,0.2647132873535156,0.48875001072883606,1.3274999856948853
3421,0.5521249175071716,1.3052167892456055,-3.122499942779541,1.316249966621399
3422,0.9973750114440918,0.2871549427509308,0.47999998927116394,1.4862500429153442
3423,1.0357500314712524,0.30466023087501526,0.19625000655651093,1.3274999856948853
3424,0.9854999780654907,0.3859971761703491,0.2537499964237213,1.5225000381469727
3425,1.09375,0.1665908396244049,0.856249988079071,1.4862500429153442
3426,1.0392500162124634,0.15573938190937042,0.7950000166893005,1.3337500095367432
3427,0.809374988079071,0.4297791123390198,-0.2212499976158142,1.1725000143051147
3428,0.9046250581741333,0.4975135326385498,-0.42750000953674316,1.318750023841858
3429,0.4599999785423279,1.2172216176986694,-2.7300000190734863,1.274999976158142
3430,1.0516250133514404,0.2409428358078003,0.5799999833106995,1.3112499713897705
3431,0.7771250009536743,0.5340771675109863,-0.6600000262260437,1.3125
3432,1.1311249732971191,0.15976591408252716,0.7799999713897705,1.3912500143051147
3433,0.6793749928474426,1.2538261413574219,-2.9600000381469727,1.4900000095367432
3434,0.9963749647140503,0.24748891592025757,0.6312500238418579,1.472499966621399
3435,1.018375039100647,0.2412668764591217,0.45375001430511475,1.277500033378601
3436,0.8068750500679016,0.4562627971172333,-0.39500001072883606,1.277500033378601
3437,0.9903750419616699,0.24045468866825104,0.4399999976158142,1.2612500190734863
3438,0.31699997186660767,1.2186365127563477,-2.880000114440918,1.190000057220459
3439,1.0220000743865967,0.350117027759552,0.3112500011920929,1.5637500286102295
3440,1.14662504196167,0.22963356971740723,0.768750011920929,1.4900000095367432
3441,0.8991249799728394,0.5299118757247925,-0.4650000035762787,1.350000023841858
3442,1.0903750658035278,0.19518183171749115,0.7300000190734863,1.4362499713897705
3443,0.8523750305175781,0.37173977494239807,-0.09375,1.1875
3444,0.856624960899353,0.4033779501914978,-0.01875000074505806,1.381250023841858
3445,1.055999994277954,0.2574732005596161,0.6075000166893005,1.3862500190734863
3446,1.031749963760376,0.29489201307296753,0.5450000166893005,1.4850000143051147
3447,1.0013749599456787,0.3238385319709778,0.19499999284744263,1.503749966621399
3448,0.9308750033378601,0.26204487681388855,0.3462499976158142,1.221250057220459
3449,1.0412498712539673,0.2797314524650574,0.4762499928474426,1.4700000286102295
3450,0.9353750348091125,0.2639691233634949,0.4000000059604645,1.3574999570846558
3451,1.1795001029968262,0.16133640706539154,0.8675000071525574,1.4249999523162842
3452,0.9925000071525574,0.37719568610191345,-0.07999999821186066,1.2925000190734863
3453,0.9494999647140503,0.2373415231704712,0.4099999964237213,1.3262499570846558
3454,1.0076251029968262,0.40694841742515564,-0.028750000521540642,1.3337500095367432
3455,0.922874927520752,0.23661614954471588,0.4950000047683716,1.190000057220459
3456,0.5521249771118164,1.203130841255188,-2.8924999237060547,1.399999976158142
3457,0.5509999394416809,1.195273995399475,-2.942500114440918,1.527500033378601
3458,0.9645000696182251,0.4474256932735443,-0.2224999964237213,1.527500033378601
3459,1.1447501182556152,0.19575318694114685,0.8725000023841858,1.5549999475479126
3460,1.1308749914169312,0.15399578213691711,0.8149999976158142,1.3550000190734863
3461,0.9483750462532043,0.20730267465114594,0.6037499904632568,1.3200000524520874
3462,0.5976249575614929,1.2057503461837769,-2.8837499618530273,1.347499966621399
3463,0.8203749656677246,0.4336621165275574,-0.24124999344348907,1.5087499618530273
3464,0.9522500038146973,0.4881706237792969,-0.22624999284744263,1.493749976158142
3465,0.5547500848770142,1.2128746509552002,-2.9412500858306885,1.247499942779541
3466,1.2032499313354492,0.19839368760585785,0.7962499856948853,1.4900000095367432
3467,1.0053750276565552,0.27870461344718933,0.29624998569488525,1.3624999523162842
3468,0.7848750352859497,0.6124848127365112,-0.4099999964237213,1.4774999618530273
3469,0.46287497878074646,1.2071326971054077,-2.944999933242798,1.3237500190734863
3470,0.8863750696182251,0.6544447541236877,-0.49000000953674316,1.434999942779541
3471,1.0526249408721924,0.12038537114858627,0.8837500214576721,1.3524999618530273
3472,0.9753749966621399,0.3204815983772278,0.2549999952316284,1.3300000429153442
3473,0.5889999270439148,1.1351072788238525,-2.75,1.2799999713897705
3474,1.014875054359436,0.2623978853225708,0.5249999761581421,1.3137500286102295
3475,0.6162500381469727,1.2000011205673218,-2.9124999046325684,1.462499976158142
3476,0.9657500386238098,0.5433360934257507,-0.6349999904632568,1.2912499904632568
3477,1.0918749570846558,0.20132781565189362,0.7225000262260437,1.53125
3478,0.9238749742507935,0.3662019670009613,0.0024999999441206455,1.3937499523162842
3479,0.9675000309944153,0.27755796909332275,0.41999998688697815,1.3487499952316284
3480,0.24912497401237488,1.5307689905166626,-2.8062500953674316,1.5
3481,0.9233750104904175,0.3388330340385437,0.03500000014901161,1.308750033378601
3482,0.7795000076293945,0.3939274251461029,0.07999999821186066,1.2762500047683716
3483,0.9002500772476196,0.3777845799922943,0.10374999791383743,1.350000023841858
3484,0.5974999666213989,1.2132121324539185,-2.983750104904175,1.3200000524520874
3485,0.8661249876022339,0.3770586848258972,0.14249999821186066,1.2949999570846558
3486,0.9199999570846558,0.5899115204811096,-0.7412499785423279,1.4225000143051147
3487,0.7210000157356262,0.7262734174728394,-1.034999966621399,1.4137500524520874
3488,0.9767500162124634,0.3016461133956909,0.5112500190734863,1.4212499856948853
3489,0.590499997138977,1.183912992477417,-2.867500066757202,1.3212499618530273
3490,0.922124981880188,0.47729772329330444,-0.06750000268220901,1.4325000047683716
3491,0.7568749189376831,0.6585524678230286,-1.065000057220459,1.472499966621399
3492,1.0147498846054077,0.19600684940814972,0.7149999737739563,1.309999942779541
3493,1.037750005722046,0.16780085861682892,0.7574999928474426,1.243749976158142
3494,1.0321251153945923,0.3463159203529358,0.25999999046325684,1.5362499952316284
3495,0.8012499809265137,0.3879622220993042,0.07124999910593033,1.318750023841858
3496,0.8575000762939453,0.40147849917411804,-0.019999999552965164,1.2412500381469727
3497,0.8129999041557312,0.40337103605270386,0.036249998956918716,1.3337500095367432
3498,1.0499999523162842,0.2710096836090088,0.5649999976158142,1.3937499523162842
3499,0.8416250348091125,0.32782381772994995,0.07249999791383743,1.2587499618530273
3500,1.058000087738037,0.28953421115875244,0.581250011920929,1.4075000286102295
3501,0.8376250267028809,0.5670965909957886,-0.7587500214576721,1.3324999809265137
3502,0.940750002861023,0.4320004880428314,-0.23749999701976776,1.2962499856948853
3503,0.49474993348121643,1.3811132907867432,-3.577500104904175,1.2912499904632568
3504,0.9542499780654907,0.2884843051433563,0.48875001072883606,1.3637499809265137
3505,1.1177499294281006,0.18813957273960114,0.8062499761581421,1.4049999713897705
3506,0.9978750348091125,0.30960613489151,0.42250001430511475,1.4800000190734863
3507,0.8921249508857727,0.2468634843826294,0.4112499952316284,1.1675000190734863
3508,0.9621250033378601,0.22566640377044678,0.5600000023841858,1.4362499713897705
3509,0.5567499995231628,1.209983468055725,-2.7362499237060547,1.5262500047683716
3510,1.0611250400543213,0.2658485472202301,0.5912500023841858,1.3624999523162842
3511,0.7331250309944153,1.204787015914917,-2.8299999237060547,1.527500033378601
3512,0.6176251173019409,1.1448678970336914,-2.731250047683716,1.215000033378601
3513,0.8929998278617859,0.27085697650909424,0.5012500286102295,1.2825000286102295
3514,0.9768750071525574,0.41084450483322144,-0.0062500000931322575,1.443750023841858
3515,1.0094999074935913,0.4960356056690216,-0.14624999463558197,1.5087499618530273
3516,0.8576250076293945,0.3031611740589142,0.20000000298023224,1.2287499904632568
3517,1.0982500314712524,0.23971480131149292,0.6787499785423279,1.3937499523162842
3518,0.8668749928474426,0.5030342936515808,-0.3112500011920929,1.3674999475479126
3519,0.989625096321106,0.3682038486003876,0.29624998569488525,1.4187500476837158
3520,1.0887500047683716,0.1979701668024063,0.675000011920929,1.3487499952316284
3521,1.0218749046325684,0.2762880325317383,0.4699999988079071,1.412500023841858
3522,0.9670000076293945,0.1817082166671753,0.6087499856948853,1.28125
3523,1.138624906539917,0.1236078068614006,0.875,1.3387500047683716
3524,1.0178749561309814,0.43081212043762207,-0.14124999940395355,1.3887499570846558
3525,0.9627499580383301,0.2470075786113739,0.30000001192092896,1.1712499856948853
3526,0.5755000114440918,1.227602481842041,-2.755000114440918,1.5225000381469727
3527,1.0441250801086426,0.3607453405857086,0.42250001430511475,1.443750023841858
3528,1.0563750267028809,0.21896308660507202,0.75,1.568750023841858
3529,1.0936250686645508,0.2693292796611786,0.4037500023841858,1.34375
3530,0.9682499766349792,0.3783823251724243,-0.10999999940395355,1.368749976158142
3531,0.7598749995231628,0.6899247169494629,-1.0437500476837158,1.2949999570846558
3532,0.9078750610351562,0.608053982257843,-0.78125,1.4587500095367432
3533,0.909375011920929,0.25207218527793884,0.4399999976158142,1.2287499904632568
3534,0.8841250538825989,0.6305550932884216,-0.956250011920929,1.3287500143051147
3535,0.5355000495910645,1.20424222946167,-2.911250114440918,1.440000057220459
3536,1.0698751211166382,0.19384469091892242,0.6537500023841858,1.3312499523162842
3537,1.0165001153945923,0.3325638175010681,0.06499999761581421,1.2825000286102295
3538,0.9137499928474426,0.4889558255672455,-0.4962500035762787,1.3337500095367432
3539,1.0758750438690186,0.5549340844154358,-0.5299999713897705,1.4587500095367432
3540,0.8208750486373901,0.5123527646064758,-0.5375000238418579,1.4762500524520874
3541,0.8626249432563782,0.155094176530838,0.574999988079071,1.065000057220459
3542,0.8773750066757202,0.28097009658813477,0.2775000035762787,1.215000033378601
3543,1.0793750286102295,0.16426850855350494,0.8762500286102295,1.412500023841858
3544,0.8201251029968262,0.7086482644081116,-1.2050000429153442,1.4550000429153442
3545,0.9379999041557312,0.3112731873989105,0.4037500023841858,1.403749942779541
3546,0.9422498941421509,0.4308950901031494,-0.03125,1.4950000047683716
3547,0.8843749761581421,0.25341126322746277,0.48875001072883606,1.2400000095367432
3548,0.8038749694824219,0.8111803531646729,-1.4800000190734863,1.4199999570846558
3549,0.44712501764297485,1.1973687410354614,-2.9000000953674316,1.2387499809265137
3550,0.9931250810623169,0.2871668040752411,0.6050000190734863,1.527500033378601
3551,0.7465000152587891,1.1893757581710815,-2.7874999046325684,1.412500023841858
3552,0.9171251058578491,0.3578018844127655,-0.04374999925494194,1.1637500524520874
3553,0.8999999761581421,0.5253549218177795,-0.4662500023841858,1.2987500429153442
3554,0.9827500581741333,0.3548383116722107,0.05000000074505806,1.3075000047683716
3555,0.9652500152587891,0.23949868977069855,0.36375001072883606,1.2712500095367432
3556,0.8287500143051147,0.41384589672088623,-0.009999999776482582,1.3862500190734863
3557,1.0734999179840088,0.24176743626594543,0.6100000143051147,1.3574999570846558
3558,0.9302499890327454,0.39773568511009216,-0.19499999284744263,1.3075000047683716
3559,1.1021249294281006,0.16087555885314941,0.8787500262260437,1.2999999523162842
3560,0.9377500414848328,0.3904735743999481,-0.09624999761581421,1.2762500047683716
3561,1.0753750801086426,0.16605445742607117,0.824999988079071,1.4075000286102295
3562,0.44487500190734863,1.2668043375015259,-3.0325000286102295,1.527500033378601
3563,0.9178751111030579,0.34573835134506226,0.3100000023841858,1.4524999856948853
3564,0.9892500042915344,0.30130404233932495,0.13375000655651093,1.256250023841858
3565,0.8081250190734863,0.4823860824108124,-0.1875,1.2937500476837158
3566,1.000749945640564,0.28416499495506287,0.4025000035762787,1.5225000381469727
3567,0.9171249270439148,0.3895197808742523,-0.16500000655651093,1.28125
3568,0.9687498807907104,0.18127760291099548,0.6200000047683716,1.350000023841858
3569,0.9478750228881836,0.4556945264339447,-0.3487499952316284,1.3637499809265137
3570,1.0757499933242798,0.21041344106197357,0.5387499928474426,1.308750033378601
3571,0.9978750348091125,0.42403644323349,-0.15000000596046448,1.5175000429153442
3572,1.0678749084472656,0.29877617955207825,0.550000011920929,1.4900000095367432
3573,0.9129999279975891,0.6091959476470947,-0.762499988079071,1.412500023841858
3574,1.0671249628067017,0.20480559766292572,0.6175000071525574,1.350000023841858
3575,0.9852499961853027,0.2554731070995331,0.6299999952316284,1.3324999809265137
3576,0.9790000915527344,0.3724634349346161,-0.03125,1.399999976158142
3577,0.892375111579895,0.4043051600456238,-0.2512499988079071,1.3612500429153442
3578,0.8826249837875366,0.38956204056739807,-0.13875000178813934,1.2799999713897705
3579,0.9832500219345093,0.3042995035648346,0.23000000417232513,1.5225000381469727
3580,0.9699999690055847,0.2050442099571228,0.6850000023841858,1.243749976158142
3581,0.9678750038146973,0.3144305646419525,0.26499998569488525,1.462499976158142
3582,1.0852500200271606,0.2816268503665924,0.36000001430511475,1.4187500476837158
3583,1.1301249265670776,0.17436262965202332,0.8537499904632568,1.5087499618530273
3584,1.0476250648498535,0.15460379421710968,0.8187500238418579,1.246250033378601
3585,0.9285000562667847,0.1302710920572281,0.6850000023841858,1.0812499523162842
3586,1.0471251010894775,0.2206595540046692,0.6725000143051147,1.3125
3587,1.0762498378753662,0.17707166075706482,0.8025000095367432,1.316249966621399
3588,0.44262510538101196,1.1562672853469849,-2.7987499237060547,1.2762500047683716
3589,1.0043749809265137,0.21713854372501373,0.48875001072883606,1.222499966621399
3590,1.0008749961853027,0.32521772384643555,0.27125000953674316,1.4249999523162842
3591,0.9458749890327454,0.4610023498535156,-0.06750000268220901,1.527500033378601
3592,1.0022499561309814,0.2742915749549866,0.44999998807907104,1.3912500143051147
3593,0.9113749265670776,0.343841552734375,0.2537499964237213,1.3424999713897705
3594,0.8885000944137573,0.5183847546577454,-0.5562499761581421,1.2450000047683716
3595,0.9199999570846558,0.6755391359329224,-1.0625,1.4487500190734863
3596,0.6088749766349792,1.1624841690063477,-2.828749895095825,1.2174999713897705
3597,1.037500023841858,0.30581241846084595,0.47999998927116394,1.3887499570846558
3598,1.0578750371932983,0.2689342796802521,0.5112500190734863,1.4550000429153442
3599,0.5390000343322754,1.1355907917022705,-2.768749952316284,1.2237499952316284
3600,1.072374939918518,0.33354976773262024,0.1862500011920929,1.409999966621399
3601,0.7303750514984131,0.5484675168991089,-0.46875,1.2649999856948853
3602,0.9673749804496765,0.5625320672988892,-0.6312500238418579,1.4225000143051147
3603,1.0233750343322754,0.31567588448524475,0.33500000834465027,1.4587500095367432
3604,1.1646250486373901,0.21091321110725403,0.7862499952316284,1.4800000190734863
3605,0.42600002884864807,1.2474524974822998,-2.983750104904175,1.4850000143051147
3606,0.8907500505447388,0.4215029776096344,-0.2512499988079071,1.2987500429153442
3607,1.0212500095367432,0.6348260045051575,-0.7837499976158142,1.4800000190734863
3608,0.8213750720024109,0.568171501159668,-0.7875000238418579,1.190000057220459
3609,1.0095000267028809,0.17985253036022186,0.699999988079071,1.337499976158142
3610,0.7297500371932983,1.2235934734344482,-2.9049999713897705,1.4674999713897705
3611,0.6907499432563782,0.666965126991272,-1.1062500476837158,1.2712500095367432
3612,0.4497499465942383,1.351486086845398,-3.283750057220459,1.4325000047683716
3613,0.8565000295639038,0.3620806932449341,-0.021250000223517418,1.277500033378601
3614,1.0175001621246338,0.25434166193008423,0.7149999737739563,1.4275000095367432
3615,0.4179999828338623,1.1939482688903809,-2.786250114440918,1.3350000381469727
3616,0.8352500200271606,0.3514336049556732,-0.07874999940395355,1.2412500381469727
3617,0.6502500176429749,0.5127087235450745,-0.3112500011920929,1.131250023841858
3618,0.7272499799728394,1.2268588542938232,-2.9237499237060547,1.4137500524520874
3619,1.1211249828338623,0.1645575910806656,0.831250011920929,1.3700000047683716
3620,0.8943750262260437,0.5385594367980957,-0.48374998569488525,1.4299999475479126
3621,0.6446250081062317,1.222877860069275,-2.9312500953674316,1.4574999809265137
3622,0.9675000309944153,0.3532036244869232,0.07374999672174454,1.368749976158142
3623,0.8101249933242798,0.5177729725837708,-0.4124999940395355,1.3600000143051147
3624,0.8991250991821289,0.5042001605033875,-0.30000001192092896,1.4075000286102295
3625,1.039750099182129,0.278636634349823,0.41749998927116394,1.3362499475479126
3626,0.6664999723434448,0.47911402583122253,-0.23125000298023224,1.28125
3627,1.1714999675750732,0.1582421064376831,0.9674999713897705,1.4487500190734863
3628,0.937874972820282,0.23240593075752258,0.5137500166893005,1.225000023841858
3629,0.7187499403953552,1.2250522375106812,-2.8687500953674316,1.5075000524520874
3630,0.765749990940094,0.5175613164901733,-0.6362500190734863,1.1974999904632568
3631,0.9930000305175781,0.2405346930027008,0.4762499928474426,1.3574999570846558
3632,1.0532499551773071,0.2907518446445465,0.39500001072883606,1.4375
3633,0.9783750772476196,0.11610346287488937,0.7637500166893005,1.1299999952316284
3634,0.37862497568130493,1.238962173461914,-3.055000066757202,1.3574999570846558
3635,1.040624976158142,0.17723947763442993,0.6637499928474426,1.2712500095367432
3636,0.8765000104904175,0.46046945452690125,0.10499999672174454,1.475000023841858
3637,0.9708749651908875,0.22161132097244263,0.7212499976158142,1.4362499713897705
3638,1.0273749828338623,0.3153061270713806,0.3412500023841858,1.3862500190734863
3639,0.9941250085830688,0.272323340177536,0.3762499988079071,1.368749976158142
3640,0.8198750615119934,0.6413441300392151,-0.9762499928474426,1.3450000286102295
3641,0.8669999837875366,0.5820282697677612,-0.6787499785423279,1.5362499952316284
3642,1.0223749876022339,0.4851438105106354,-0.2862499952316284,1.503749966621399
3643,0.6733750104904175,1.1890616416931152,-2.7874999046325684,1.5125000476837158
3644,1.0217500925064087,0.2684447169303894,0.5724999904632568,1.3274999856948853
3645,0.6628749966621399,1.1187554597854614,-2.65625,1.2575000524520874
3646,0.9274999499320984,0.27797651290893555,0.4399999976158142,1.28125
3647,0.8592499494552612,0.6858079433441162,-1.0362499952316284,1.443750023841858
3648,0.7952499985694885,0.734997034072876,-0.9737499952316284,1.4262499809265137
3649,1.0557500123977661,0.2560427486896515,0.6037499904632568,1.4637500047683716
3650,1.1594998836517334,0.22906890511512756,0.6337500214576721,1.4850000143051147
3651,0.7811249494552612,0.3856254816055298,0.0012499999720603228,1.3200000524520874
3652,1.1077500581741333,0.28650304675102234,0.29374998807907104,1.3587499856948853
3653,1.0015000104904175,0.14868570864200592,0.7699999809265137,1.2350000143051147
3654,1.0536249876022339,0.44486355781555176,-0.20874999463558197,1.3287500143051147
3655,1.0848749876022339,0.2427089661359787,0.6050000190734863,1.368749976158142
3656,1.0201250314712524,0.31097501516342163,0.2175000011920929,1.34375
3657,1.1047500371932983,0.27685219049453735,0.44624999165534973,1.3937499523162842
3658,0.7803749442100525,0.4868637025356293,-0.3400000035762787,1.3075000047683716
3659,1.125750184059143,0.11308348178863525,0.9900000095367432,1.3600000143051147
3660,0.9357500076293945,0.4221741259098053,-0.0625,1.4362499713897705
3661,0.9652500152587891,0.28837355971336365,0.44749999046325684,1.4049999713897705
3662,1.063499927520752,0.4726632833480835,-0.2737500071525574,1.5137499570846558
3663,1.0078750848770142,0.2928449213504791,0.4950000047683716,1.3300000429153442
3664,1.0404999256134033,0.21022173762321472,0.7112500071525574,1.3937499523162842
3665,0.8819999694824219,0.5896596312522888,-0.7837499976158142,1.3949999809265137
3666,1.0507500171661377,0.43349963426589966,-0.15000000596046448,1.4850000143051147
3667,0.9539999961853027,0.31570497155189514,0.1237500011920929,1.2637499570846558
3668,0.921500027179718,0.33938077092170715,0.46875,1.4262499809265137
3669,0.3777499794960022,1.1983658075332642,-2.831249952316284,1.253749966621399
3670,1.0787498950958252,0.19516661763191223,0.7049999833106995,1.315000057220459
3671,0.9881250262260437,0.2441389560699463,0.6274999976158142,1.4299999475479126
3672,0.5908750295639038,1.1944408416748047,-2.9412500858306885,1.3250000476837158
3673,0.965499997138977,0.34028077125549316,0.07000000029802322,1.3574999570846558
3674,0.8506249189376831,0.5666564106941223,-0.7149999737739563,1.4524999856948853
3675,1.0589998960494995,0.18412189185619354,0.8174999952316284,1.309999942779541
3676,0.4897499680519104,1.1992087364196777,-2.9912500381469727,1.2662500143051147
3677,0.925000011920929,0.5402835011482239,-0.6575000286102295,1.375
3678,0.9941250085830688,0.2668702006340027,0.5649999976158142,1.5225000381469727
3679,1.098250150680542,0.15855421125888824,0.8799999952316284,1.3312499523162842
3680,1.028499960899353,0.338543176651001,0.3087500035762787,1.4637500047683716
3681,0.7465000152587891,1.1928975582122803,-2.7825000286102295,1.4225000143051147
3682,0.5687499642372131,1.19455087184906,-2.9625000953674316,1.1875
3683,1.1997499465942383,0.1613176017999649,1.002500057220459,1.5362499952316284
3684,0.4896250367164612,0.7438472509384155,-1.0950000286102295,1.1449999809265137
3685,0.8746250867843628,0.2843897342681885,0.29875001311302185,1.2887500524520874
3686,0.3516250252723694,1.2584856748580933,-2.8612499237060547,1.28125
3687,0.9662500619888306,0.4233626425266266,0.04500000178813934,1.434999942779541
3688,1.1728750467300415,0.14035451412200928,0.8987500071525574,1.3825000524520874
3689,0.5870000123977661,1.1278915405273438,-2.75,1.340000033378601
3690,0.9508749842643738,0.40515661239624023,-0.012500000186264515,1.2237499952316284
3691,1.1006250381469727,0.17893019318580627,0.7099999785423279,1.3324999809265137
3692,1.0742499828338623,0.31511515378952026,0.42750000953674316,1.4950000047683716
3693,1.000499963760376,0.25586751103401184,0.4937500059604645,1.3949999809265137
3694,0.7707499861717224,1.173923373222351,-2.7300000190734863,1.377500057220459
3695,1.1281249523162842,0.23188377916812897,0.59375,1.4187500476837158
3696,0.999250054359436,0.17823807895183563,0.6399999856948853,1.2587499618530273
3697,0.9743749499320984,0.6700077056884766,-0.9649999737739563,1.5087499618530273
3698,0.9173749089241028,0.4078439176082611,-0.0949999988079071,1.3624999523162842
3699,0.5841249823570251,1.2541186809539795,-3.0587499141693115,1.4587500095367432
3700,1.0180000066757202,0.29908618330955505,0.5450000166893005,1.462499976158142
3701,0.8578749895095825,0.5207942128181458,-0.6399999856948853,1.215000033378601
3702,0.9094999432563782,0.43982458114624023,-0.1899999976158142,1.5549999475479126
3703,0.9820001721382141,0.35405343770980835,0.29249998927116394,1.431249976158142
3704,1.011375069618225,0.1900077760219574,0.5512499809265137,1.2637499570846558
3705,0.9822500348091125,0.2896127998828888,0.35874998569488525,1.2699999809265137
3706,0.6382499933242798,1.333851933479309,-3.197499990463257,1.5087499618530273
3707,0.2773750424385071,1.1851916313171387,-2.8299999237060547,1.152500033378601
3708,0.971875011920929,0.29259946942329407,0.17249999940395355,1.2262500524520874
3709,0.6638749837875366,1.2250555753707886,-2.9600000381469727,1.3387500047683716
3710,0.9652498960494995,0.3834093511104584,0.05000000074505806,1.3387500047683716
3711,1.0857499837875366,0.216187983751297,0.6262500286102295,1.4262499809265137
3712,0.6997500658035278,0.611251711845398,-0.949999988079071,1.2312500476837158
3713,0.6523750424385071,1.1876975297927856,-2.856250047683716,1.368749976158142
3714,0.9523749351501465,0.28965574502944946,0.4012500047683716,1.2999999523162842
3715,0.43449997901916504,1.2299213409423828,-2.9649999141693115,1.2400000095367432
3716,0.7649999856948853,1.1736326217651367,-2.737499952316284,1.431249976158142
3717,1.0195000171661377,0.20428933203220367,0.5924999713897705,1.2625000476837158
3718,1.131874918937683,0.2244933545589447,0.7400000095367432,1.4450000524520874
3719,0.8031250238418579,1.2224173545837402,-2.84375,1.441249966621399
3720,0.8135000467300415,0.6883330941200256,-1.1037499904632568,1.3025000095367432
3721,0.8391249775886536,0.43419790267944336,-0.20624999701976776,1.309999942779541
3722,0.9193750619888306,0.5449773669242859,-0.543749988079071,1.53125
3723,0.9517499804496765,0.3947990834712982,-0.1599999964237213,1.315000057220459
3724,1.032249927520752,0.3271709978580475,0.4437499940395355,1.4850000143051147
3725,1.1687499284744263,0.1349456012248993,0.9325000047683716,1.3912500143051147
3726,0.9068750143051147,0.6307736039161682,-0.8487499952316284,1.5549999475479126
3727,0.8478749990463257,0.4169476330280304,-0.20000000298023224,1.274999976158142
3728,0.9082500338554382,0.41209912300109863,-0.2524999976158142,1.2074999809265137
3729,0.6240000128746033,1.1953634023666382,-2.911250114440918,1.3825000524520874
3730,0.9696248769760132,0.29662054777145386,0.3499999940395355,1.4249999523162842
3731,1.0346249341964722,0.22556805610656738,0.7475000023841858,1.5087499618530273
3732,1.090999960899353,0.10592273622751236,0.918749988079071,1.3075000047683716
3733,1.0137499570846558,0.3416444957256317,0.0925000011920929,1.28125
3734,0.7147499918937683,1.3904212713241577,-3.4412500858306885,1.3125
3735,0.8116250038146973,0.48357099294662476,-0.6050000190734863,1.184999942779541
3736,1.037000060081482,0.24514611065387726,0.6725000143051147,1.434999942779541
3737,0.9822500348091125,0.29070916771888733,0.45625001192092896,1.3324999809265137
3738,0.8258749842643738,0.6289371252059937,-0.8162500262260437,1.3937499523162842
3739,0.9287500381469727,0.3787578344345093,0.054999999701976776,1.4262499809265137
3740,1.1402499675750732,0.28048884868621826,0.7887499928474426,1.5412499904632568
3741,1.1475000381469727,0.18070779740810394,0.8424999713897705,1.472499966621399
3742,0.984000027179718,0.25584837794303894,0.32374998927116394,1.1712499856948853
3743,0.9944998621940613,0.2125266045331955,0.6924999952316284,1.434999942779541
3744,0.684749960899353,1.3165631294250488,-3.25,1.341249942779541
3745,1.0484999418258667,0.343081533908844,0.18000000715255737,1.443750023841858
3746,1.0413750410079956,0.17023463547229767,0.7450000047683716,1.2649999856948853
3747,0.653249979019165,1.2148332595825195,-2.8499999046325684,1.3574999570846558
3748,0.8837500810623169,0.44882312417030334,-0.32374998927116394,1.3250000476837158
3749,0.9747500419616699,0.28934669494628906,0.4925000071525574,1.4800000190734863
3750,1.0507500171661377,0.40370866656303406,0.2574999928474426,1.5412499904632568
3751,0.6201249361038208,1.1823457479476929,-2.8762500286102295,1.3125
3752,1.0789999961853027,0.2561858296394348,0.6262500286102295,1.5225000381469727
3753,0.9829999208450317,0.1734207272529602,0.6237499713897705,1.1950000524520874
3754,0.9789999723434448,0.21032698452472687,0.6200000047683716,1.2962499856948853
3755,1.1652500629425049,0.1210433840751648,0.9137499928474426,1.3862500190734863
3756,1.0784999132156372,0.2792332172393799,0.5099999904632568,1.493749976158142
3757,0.550000011920929,1.1766833066940308,-2.8975000381469727,1.274999976158142
3758,0.8267499804496765,0.43323031067848206,-0.34375,1.3049999475479126
3759,0.8151249885559082,0.7630525231361389,-1.0212500095367432,1.4862500429153442
3760,0.5690000057220459,1.3686426877975464,-3.0199999809265137,1.4800000190734863
3761,0.9848750233650208,0.45936688780784607,0.054999999701976776,1.5
3762,0.9713749885559082,0.3167833387851715,0.4350000023841858,1.34375
3763,0.8061250448226929,0.5815650820732117,-0.7762500047683716,1.3075000047683716
3764,1.128250002861023,0.19756817817687988,0.8137500286102295,1.4550000429153442
3765,0.8397501111030579,0.5004188418388367,-0.5975000262260437,1.2450000047683716
3766,1.0981251001358032,0.07165508717298508,0.9900000095367432,1.2137500047683716
3767,1.0581250190734863,0.22624394297599792,0.6474999785423279,1.3899999856948853
3768,1.0549999475479126,0.28333669900894165,0.4087499976158142,1.5137499570846558
3769,0.956375002861023,0.3840794265270233,0.011250000447034836,1.399999976158142
3770,1.141625165939331,0.2221289426088333,0.7649999856948853,1.462499976158142
3771,1.0698750019073486,0.1933184415102005,0.7049999833106995,1.2912499904632568
3772,0.705875039100647,0.9702383875846863,-1.8300000429153442,1.3574999570846558
3773,0.9522501230239868,0.46219003200531006,-0.05000000074505806,1.412500023841858
3774,1.0693747997283936,0.24811239540576935,0.42250001430511475,1.318750023841858
3775,0.999750018119812,0.26681968569755554,0.4937500059604645,1.3224999904632568
3776,1.0107500553131104,0.23992720246315002,0.6349999904632568,1.3949999809265137
3777,0.9991250038146973,0.2778443992137909,0.3487499952316284,1.3862500190734863
3778,1.0832500457763672,0.09376031905412674,0.9649999737739563,1.2287499904632568
3779,0.2903749644756317,1.5684211254119873,-2.867500066757202,1.350000023841858
3780,1.105125069618225,0.18636946380138397,0.7149999737739563,1.4249999523162842
3781,0.909375011920929,0.3307960331439972,0.24500000476837158,1.253749966621399
3782,1.1089999675750732,0.18489167094230652,0.824999988079071,1.5137499570846558
3783,1.0928748846054077,0.21264776587486267,0.7512500286102295,1.4587500095367432
3784,0.8378750085830688,0.3827405273914337,-0.09125000238418579,1.184999942779541
3785,1.0727499723434448,0.17009904980659485,0.7737500071525574,1.2999999523162842
3786,1.0147500038146973,0.10264136642217636,0.8199999928474426,1.2174999713897705
3787,0.9921250343322754,0.22335372865200043,0.5837500095367432,1.308750033378601
3788,0.9570000767707825,0.6496033072471619,-0.9599999785423279,1.412500023841858
3789,0.796999990940094,0.5793995261192322,-0.7587500214576721,1.2762500047683716
3790,1.1712499856948853,0.2623255252838135,0.7212499976158142,1.5175000429153442
3791,1.1051251888275146,0.18859054148197174,0.800000011920929,1.4574999809265137
3792,0.9487500190734863,0.22526513040065765,0.512499988079071,1.2662500143051147
3793,0.9039999842643738,0.7112677693367004,-1.0950000286102295,1.3450000286102295
3794,0.8628749847412109,0.3925744295120239,-0.24124999344348907,1.2174999713897705
3795,1.0727499723434448,0.18184711039066315,0.612500011920929,1.2587499618530273
3796,1.1011250019073486,0.20821897685527802,0.7149999737739563,1.3574999570846558
3797,1.003499984741211,0.27034977078437805,0.53125,1.4275000095367432
3798,1.0878750085830688,0.16114728152751923,0.8550000190734863,1.3949999809265137
3799,1.02524995803833,0.22748680412769318,0.6575000286102295,1.3624999523162842
3800,0.7631250619888306,0.4978259801864624,-0.5899999737739563,1.3075000047683716
3801,0.6516250371932983,1.2138922214508057,-2.862499952316284,1.4187500476837158
3802,1.044874906539917,0.294820636510849,0.3474999964237213,1.4362499713897705
3803,1.0429999828338623,0.141212597489357,0.7637500166893005,1.2087500095367432
3804,1.108875036239624,0.1955636441707611,0.7962499856948853,1.4537500143051147
3805,0.8280000686645508,0.29620635509490967,0.17125000059604645,1.2825000286102295
3806,1.0613749027252197,0.27078384160995483,0.5,1.3350000381469727
3807,1.0581250190734863,0.31628865003585815,0.21375000476837158,1.440000057220459
3808,0.9741250276565552,0.5211523175239563,-0.53125,1.28125
3809,1.152250051498413,0.15899959206581116,0.9150000214576721,1.5412499904632568
3810,1.0355000495910645,0.2519146800041199,0.5512499809265137,1.3700000047683716
3811,0.8930000066757202,0.3855334222316742,-0.11999999731779099,1.350000023841858
3812,0.9505000114440918,0.39912843704223633,-0.19374999403953552,1.25
3813,0.6060000061988831,1.1486928462982178,-2.7750000953674316,1.3524999618530273
3814,1.1255000829696655,0.2124052792787552,0.8262500166893005,1.4812500476837158
3815,0.8968750238418579,0.6962181925773621,-1.100000023841858,1.5137499570846558
3816,1.0997499227523804,0.3477228581905365,0.1262499988079071,1.4500000476837158
3817,1.062999963760376,0.2505039870738983,0.6949999928474426,1.503749966621399
3818,0.9985000491142273,0.2562212347984314,0.45375001430511475,1.3762500286102295
3819,1.1643750667572021,0.17062775790691376,0.7124999761581421,1.4175000190734863
3820,0.8090000152587891,0.6287989020347595,-0.5087500214576721,1.472499966621399
3821,0.9496250152587891,0.21004095673561096,0.6800000071525574,1.3300000429153442
3822,1.090999960899353,0.15725655853748322,0.8862500190734863,1.350000023841858
3823,0.9967500567436218,0.5146018266677856,-0.38624998927116394,1.5175000429153442
3824,0.9061248898506165,0.3820403516292572,0.16374999284744263,1.347499966621399
3825,0.9641250371932983,0.49214866757392883,-0.38624998927116394,1.4950000047683716
3826,1.0147500038146973,0.3780694305896759,-0.014999999664723873,1.3550000190734863
3827,1.0445001125335693,0.1940966248512268,0.7200000286102295,1.4187500476837158
3828,1.0837498903274536,0.1736186444759369,0.9037500023841858,1.493749976158142
3829,1.091749906539917,0.36037489771842957,0.23125000298023224,1.5175000429153442
3830,0.5641250014305115,1.1674424409866333,-2.891249895095825,1.3637499809265137
3831,1.055625081062317,0.4184902608394623,-0.07625000178813934,1.568750023841858
3832,1.1116249561309814,0.22590236365795135,0.6700000166893005,1.5412499904632568
3833,1.063999891281128,0.11482566595077515,0.8912500143051147,1.253749966621399
3834,1.0702499151229858,0.29156091809272766,0.4099999964237213,1.5125000476837158
3835,0.9875000715255737,0.3771103024482727,0.017500000074505806,1.4387500286102295
3836,0.7271249890327454,0.5729670524597168,-0.5762500166893005,1.2549999952316284
3837,1.0448750257492065,0.3531370162963867,0.05999999865889549,1.34375
3838,1.0024999380111694,0.18914279341697693,0.6612499952316284,1.3587499856948853
3839,0.9908750653266907,0.27166101336479187,0.36500000953674316,1.368749976158142
3840,0.8220001459121704,0.5770867466926575,-0.36625000834465027,1.350000023841858
3841,0.9296250343322754,0.3230441212654114,0.33250001072883606,1.399999976158142
3842,1.0552499294281006,0.22501027584075928,0.5575000047683716,1.3937499523162842
3843,1.0558750629425049,0.20476284623146057,0.8037499785423279,1.4299999475479126
3844,1.0329999923706055,0.23395459353923798,0.7362499833106995,1.5225000381469727
3845,0.9100000262260437,0.32923537492752075,0.3362500071525574,1.5362499952316284
3846,1.0169999599456787,0.3023694157600403,0.5299999713897705,1.5137499570846558
3847,1.1221250295639038,0.12335550040006638,0.949999988079071,1.2987500429153442
3848,1.0702499151229858,0.5622259974479675,-0.5950000286102295,1.4225000143051147
3849,0.9853750467300415,0.288982093334198,0.2887499928474426,1.4537500143051147
3850,1.030500054359436,0.28355181217193604,0.3375000059604645,1.3912500143051147
3851,1.0316250324249268,0.28889554738998413,0.28999999165534973,1.3287500143051147
3852,1.057499885559082,0.18566012382507324,0.6937500238418579,1.372499942779541
3853,0.7334999442100525,0.30529025197029114,0.27000001072883606,1.1299999952316284
3854,1.0798749923706055,0.11881241202354431,0.8412500023841858,1.222499966621399
3855,1.0648750066757202,0.16576947271823883,0.7574999928474426,1.440000057220459
3856,1.0446250438690186,0.1563989818096161,0.7987499833106995,1.2762500047683716
3857,0.9493749737739563,0.3125511109828949,0.24500000476837158,1.2312500476837158
3858,0.9453749656677246,0.15146683156490326,0.7412499785423279,1.2999999523162842
3859,1.0566250085830688,0.20386579632759094,0.6399999856948853,1.3387500047683716
3860,0.9345000386238098,0.6656111478805542,-0.9412500262260437,1.5362499952316284
3861,0.9026249647140503,0.11772777140140533,0.6499999761581421,1.090000033378601
3862,1.026750087738037,0.2202606350183487,0.6050000190734863,1.4049999713897705
3863,0.9854999780654907,0.2330116480588913,0.5487499833106995,1.372499942779541
3864,1.025749921798706,0.22135040163993835,0.7037500143051147,1.2799999713897705
3865,0.9161249399185181,0.36572036147117615,0.14624999463558197,1.278749942779541
3866,0.9981249570846558,0.4529263377189636,-0.2775000035762787,1.316249966621399
3867,0.6467499732971191,1.1403387784957886,-2.5999999046325684,1.3887499570846558
3868,0.984125018119812,0.23759014904499054,0.48249998688697815,1.2274999618530273
3869,1.0505001544952393,0.28686949610710144,0.4025000035762787,1.3887499570846558
3870,1.0042500495910645,0.39423513412475586,-0.06750000268220901,1.3274999856948853
3871,0.9677499532699585,0.3596164584159851,0.24500000476837158,1.3274999856948853
3872,0.919124960899353,0.3222382962703705,0.30000001192092896,1.4500000476837158
3873,0.6207500100135803,1.2026022672653198,-2.848750114440918,1.4550000429153442
3874,1.0296249389648438,0.3228771984577179,0.45500001311302185,1.4900000095367432
3875,0.6148750185966492,1.1661945581436157,-2.8299999237060547,1.4075000286102295
3876,1.113624930381775,0.24567854404449463,0.5649999976158142,1.5137499570846558
3877,0.9901248812675476,0.2029404491186142,0.5450000166893005,1.2549999952316284
3878,0.9978750348091125,0.37009289860725403,-0.013749999925494194,1.3137500286102295
3879,0.9364999532699585,0.34120821952819824,0.3474999964237213,1.368749976158142
3880,1.006874918937683,0.20713916420936584,0.6787499785423279,1.403749942779541
3881,0.9441249966621399,0.48284605145454407,-0.10625000298023224,1.283750057220459
3882,0.9787500500679016,0.48722460865974426,-0.13875000178813934,1.3987499475479126
3883,1.0421249866485596,0.32964280247688293,0.10750000178813934,1.3387500047683716
3884,1.0390000343322754,0.3450673520565033,0.17499999701976776,1.4187500476837158
3885,1.1671249866485596,0.16690757870674133,0.7462499737739563,1.3700000047683716
3886,1.0016249418258667,0.20516535639762878,0.6974999904632568,1.3849999904632568
3887,1.0921250581741333,0.15756848454475403,0.8374999761581421,1.403749942779541
3888,1.0062499046325684,0.2002389281988144,0.7200000286102295,1.2725000381469727
3889,0.7501250505447388,0.5727787017822266,-0.8650000095367432,1.3075000047683716
3890,1.0491249561309814,0.23714976012706757,0.6987500190734863,1.503749966621399
3891,1.0257500410079956,0.23902027308940887,0.5249999761581421,1.472499966621399
3892,0.9626250267028809,0.3201334774494171,0.23125000298023224,1.3637499809265137
3893,1.0678750276565552,0.17524005472660065,0.7099999785423279,1.3312499523162842
3894,0.8862500190734863,0.5430063605308533,-0.7024999856948853,1.222499966621399
3895,1.0502500534057617,0.23231162130832672,0.7024999856948853,1.53125
3896,0.9013749957084656,0.5504496693611145,-0.6850000023841858,1.2699999809265137
3897,1.0550000667572021,0.5309857726097107,-0.45249998569488525,1.5137499570846558
3898,1.0877501964569092,0.24481739103794098,0.5375000238418579,1.493749976158142
3899,1.1221249103546143,0.2523985207080841,0.5862500071525574,1.4850000143051147
3900,0.9615000486373901,0.5188165307044983,-0.4337500035762787,1.4487500190734863
3901,0.968500018119812,0.4133562445640564,-0.18000000715255737,1.3312499523162842
3902,1.0758750438690186,0.2336343675851822,0.7074999809265137,1.3312499523162842
3903,1.0287500619888306,0.14965689182281494,0.8062499761581421,1.3137500286102295
3904,1.0010000467300415,0.2985474169254303,0.23250000178813934,1.3949999809265137
3905,1.0006250143051147,0.24038006365299225,0.6412500143051147,1.5137499570846558
3906,0.8891250491142273,0.3616922199726105,0.10374999791383743,1.2949999570846558
3907,1.1226249933242798,0.17905433475971222,0.8424999713897705,1.3962500095367432
3908,1.1349999904632568,0.12483739107847214,0.9549999833106995,1.2987500429153442
3909,1.1015000343322754,0.3030242621898651,0.4099999964237213,1.4175000190734863
3910,0.9983750581741333,0.4128732979297638,-0.13875000178813934,1.4537500143051147
3911,0.6660000085830688,1.3133621215820312,-3.2012500762939453,1.4674999713897705
3912,1.1112500429153442,0.2147156447172165,0.6912500262260437,1.4362499713897705
3913,1.2037498950958252,0.2137785106897354,0.8262500166893005,1.462499976158142
3914,1.1027500629425049,0.2948515713214874,0.6225000023841858,1.4812500476837158
3915,1.0671249628067017,0.17504380643367767,0.8075000047683716,1.2987500429153442
3916,1.0388749837875366,0.22652088105678558,0.45750001072883606,1.2575000524520874
3917,1.0222499370574951,0.1839512586593628,0.7512500286102295,1.3825000524520874
3918,1.0110000371932983,0.1821313202381134,0.6549999713897705,1.2200000286102295
3919,1.1546250581741333,0.2271687388420105,0.6362500190734863,1.4900000095367432
3920,0.9522500038146973,0.18563558161258698,0.6737499833106995,1.2000000476837158
3921,1.0638750791549683,0.29933229088783264,0.375,1.3312499523162842
3922,0.6477499604225159,1.1601284742355347,-2.8062500953674316,1.222499966621399
3923,1.1836249828338623,0.11815302819013596,0.956250011920929,1.381250023841858
3924,0.9823749661445618,0.2756460905075073,0.4612500071525574,1.3262499570846558
3925,0.9573749303817749,0.294568806886673,0.3412500023841858,1.3137500286102295
3926,1.0376250743865967,0.26534026861190796,0.6549999713897705,1.568750023841858
3927,0.9162499308586121,0.2585083544254303,0.46000000834465027,1.2962499856948853
3928,1.1012500524520874,0.31079885363578796,0.5425000190734863,1.5087499618530273
3929,0.7729999423027039,0.4447816014289856,-0.02500000037252903,1.3637499809265137
3930,0.8951250314712524,0.3127306401729584,0.10750000178813934,1.2762500047683716
3931,1.126499891281128,0.13185785710811615,0.824999988079071,1.3362499475479126
3932,0.9757500886917114,0.522579550743103,-0.4712499976158142,1.5549999475479126
3933,1.0623749494552612,0.1744781881570816,0.7137500047683716,1.3287500143051147
3934,0.9243749380111694,0.25823092460632324,0.4387499988079071,1.3312499523162842
3935,0.9221250414848328,0.569963276386261,-0.5799999833106995,1.3450000286102295
3936,0.8917500376701355,0.24839748442173004,0.5,1.2599999904632568
3937,1.1097500324249268,0.1436421126127243,0.7862499952316284,1.309999942779541
3938,1.0172499418258667,0.3150365948677063,0.23749999701976776,1.4262499809265137
3939,1.0010000467300415,0.16615766286849976,0.7325000166893005,1.253749966621399
3940,1.0427501201629639,0.1462358981370926,0.6412500143051147,1.2362500429153442
3941,1.1437499523162842,0.1736888289451599,0.862500011920929,1.4637500047683716
3942,1.0781248807907104,0.20920999348163605,0.7524999976158142,1.3987499475479126
3943,1.1859999895095825,0.24508468806743622,0.5787500143051147,1.4762500524520874
3944,0.9263750314712524,0.28653231263160706,0.3425000011920929,1.2400000095367432
3945,1.1705000400543213,0.1706615835428238,0.8199999928474426,1.441249966621399
3946,1.1686248779296875,0.17889808118343353,0.8949999809265137,1.440000057220459
3947,1.017625093460083,0.23866061866283417,0.5862500071525574,1.4774999618530273
3948,1.0823750495910645,0.20311284065246582,0.6537500023841858,1.441249966621399
3949,1.1467500925064087,0.17212115228176117,0.831250011920929,1.3624999523162842
3950,0.669624924659729,1.1295734643936157,-2.6500000953674316,1.3137500286102295
3951,1.0457500219345093,0.3117677569389343,0.39500001072883606,1.371250033378601
3952,0.9922499656677246,0.5820697546005249,-0.6412500143051147,1.4587500095367432
3953,1.0557500123977661,0.3747645914554596,0.08124999701976776,1.4987499713897705
3954,0.9488749504089355,0.4695594608783722,-0.38374999165534973,1.3125
3955,1.0673750638961792,0.23087365925312042,0.7962499856948853,1.4537500143051147
3956,1.0747498273849487,0.1964249163866043,0.6399999856948853,1.3362499475479126
3957,1.0001251697540283,0.3551784157752991,0.026249999180436134,1.2937500476837158
3958,0.8425000309944153,0.3574243485927582,-0.16374999284744263,1.190000057220459
3959,0.9776250123977661,0.6229427456855774,-0.7825000286102295,1.5412499904632568
3960,1.012624979019165,0.2610480487346649,0.6162499785423279,1.3825000524520874
3961,0.9026249051094055,0.24132542312145233,0.29875001311302185,1.1349999904632568
3962,0.6163749694824219,1.1904007196426392,-2.893749952316284,1.2925000190734863
3963,0.9237500429153442,0.32753196358680725,0.061250001192092896,1.3200000524520874
3964,0.9646250009536743,0.21371203660964966,0.7024999856948853,1.4212499856948853
3965,1.0633751153945923,0.2516874372959137,0.7012500166893005,1.4987499713897705
3966,1.0273751020431519,0.19648829102516174,0.6587499976158142,1.440000057220459
3967,0.9093748927116394,0.217757910490036,0.4712499976158142,1.1712499856948853
3968,0.9157500267028809,0.5053260922431946,-0.1912499964237213,1.4537500143051147
3969,1.1291249990463257,0.09572591632604599,0.9850000143051147,1.2799999713897705
3970,0.8527499437332153,0.3402966856956482,0.05874999985098839,1.4075000286102295
3971,0.968999981880188,0.5207334756851196,-0.48249998688697815,1.472499966621399
3972,1.0338749885559082,0.1325264871120453,0.8349999785423279,1.2625000476837158
3973,1.1563750505447388,0.21374593675136566,0.7487499713897705,1.5137499570846558
3974,0.6571249961853027,1.1972098350524902,-2.8787500858306885,1.503749966621399
3975,0.9309999346733093,0.5772934556007385,-0.7450000047683716,1.3212499618530273
3976,1.0705000162124634,0.21951879560947418,0.6949999928474426,1.4587500095367432
3977,1.0762499570846558,0.32862499356269836,0.23624999821186066,1.493749976158142
3978,1.044874906539917,0.1967640370130539,0.8149999976158142,1.350000023841858
3979,0.9948749542236328,0.2588788866996765,0.4712499976158142,1.3912500143051147
3980,1.013374924659729,0.17816953361034393,0.6962500214576721,1.274999976158142
3981,0.8801250457763672,0.5896570086479187,-0.7599999904632568,1.434999942779541
3982,1.0162498950958252,0.4369739592075348,-0.11749999970197678,1.4900000095367432
3983,1.1511250734329224,0.08398931473493576,1.0399999618530273,1.2762500047683716
3984,1.090999960899353,0.36075130105018616,0.07874999940395355,1.4299999475479126
3985,1.1231249570846558,0.2564835548400879,0.42250001430511475,1.3762500286102295
3986,1.1639999151229858,0.2717476785182953,0.5099999904632568,1.493749976158142
3987,0.965624988079071,0.4381210505962372,-0.10499999672174454,1.434999942779541
3988,0.9538748860359192,0.31329020857810974,0.10999999940395355,1.2587499618530273
3989,1.005500078201294,0.3137650489807129,0.20250000059604645,1.3137500286102295
3990,0.9887501001358032,0.32174572348594666,0.17499999701976776,1.5225000381469727
3991,0.9742500185966492,0.35064369440078735,-0.01875000074505806,1.2262500524520874
3992,1.173875093460083,0.16225792467594147,0.96875,1.4674999713897705
3993,0.8847500085830688,0.4277355968952179,-0.11749999970197678,1.3574999570846558
3994,1.1462500095367432,0.15116319060325623,0.8199999928474426,1.3075000047683716
3995,0.9792499542236328,0.4263758063316345,-0.07999999821186066,1.434999942779541
3996,1.09375,0.1145303025841713,0.9850000143051147,1.34375
3997,0.9799998998641968,0.25571101903915405,0.5350000262260437,1.2899999618530273
3998,0.9708749651908875,0.2684178650379181,0.5487499833106995,1.4850000143051147
3999,0.9783750772476196,0.31207823753356934,0.21875,1.2949999570846558
4000,0.9647499322891235,0.4065506160259247,-0.1525000035762787,1.4362499713897705
4001,1.0885000228881836,0.23986376821994781,0.7487499713897705,1.4850000143051147
4002,1.1306250095367432,0.17036472260951996,0.78125,1.3324999809265137
4003,1.0822499990463257,0.12240532785654068,0.9574999809265137,1.2825000286102295
4004,1.2029998302459717,0.16645871102809906,0.9049999713897705,1.493749976158142
4005,1.1390000581741333,0.21536365151405334,0.6850000023841858,1.4850000143051147
4006,1.030750036239624,0.23872394859790802,0.6499999761581421,1.4800000190734863
4007,0.8056249618530273,0.5214715600013733,-0.29750001430511475,1.1699999570846558
4008,1.0008749961853027,0.34241148829460144,0.19875000417232513,1.3899999856948853
4009,1.021875023841858,0.17226636409759521,0.6800000071525574,1.222499966621399
4010,1.1432499885559082,0.13367897272109985,0.8399999737739563,1.3025000095367432
4011,1.1552499532699585,0.14423483610153198,0.9712499976158142,1.5075000524520874
4012,0.9823750257492065,0.1469847410917282,0.7049999833106995,1.1649999618530273
4013,1.089750051498413,0.08706822991371155,0.9587500095367432,1.2450000047683716
4014,1.0041248798370361,0.23017661273479462,0.574999988079071,1.4862500429153442
4015,0.9604999423027039,0.2407561093568802,0.30375000834465027,1.2274999618530273
4016,1.1548749208450317,0.1474231332540512,0.9649999737739563,1.399999976158142
4017,1.1033750772476196,0.11497969925403595,0.7962499856948853,1.2400000095367432
4018,1.081375002861023,0.13596351444721222,0.8725000023841858,1.2762500047683716
4019,0.9377500414848328,0.3998580873012543,-0.021250000223517418,1.503749966621399
4020,1.0719999074935913,0.1807468831539154,0.8100000023841858,1.431249976158142
4021,0.9734999537467957,0.28992876410484314,0.23999999463558197,1.2949999570846558
4022,1.0402500629425049,0.3757034242153168,0.2212499976158142,1.3987499475479126
4023,1.0892499685287476,0.2676221430301666,0.5550000071525574,1.503749966621399
4024,0.9736250042915344,0.2454749494791031,0.39500001072883606,1.2575000524520874
4025,1.0809999704360962,0.27055659890174866,0.512499988079071,1.5449999570846558
4026,1.1482499837875366,0.20385058224201202,0.7275000214576721,1.5137499570846558
4027,1.076374888420105,0.19720026850700378,0.8612499833106995,1.371250033378601
4028,1.1506251096725464,0.1445988416671753,0.875,1.3624999523162842
4029,1.1507500410079956,0.24641187489032745,0.6012499928474426,1.5212500095367432
4030,1.0398750305175781,0.24898697435855865,0.39125001430511475,1.347499966621399
4031,0.7872500419616699,0.48061835765838623,-0.3687500059604645,1.215000033378601
4032,0.9931250810623169,0.25924184918403625,0.581250011920929,1.412500023841858
4033,0.5541249513626099,1.2319074869155884,-2.911250114440918,1.350000023841858
4034,1.0472500324249268,0.28105592727661133,0.36500000953674316,1.412500023841858
4035,1.0432498455047607,0.23239058256149292,0.6162499785423279,1.4187500476837158
4036,1.1348750591278076,0.14203043282032013,0.9350000023841858,1.3587499856948853
4037,0.8867500424385071,0.42354094982147217,0.08375000208616257,1.4587500095367432
4038,1.0571249723434448,0.18356627225875854,0.7437499761581421,1.372499942779541
4039,1.1127500534057617,0.1442044973373413,0.824999988079071,1.3324999809265137
4040,0.9318749308586121,0.4559990167617798,-0.3812499940395355,1.2725000381469727
4041,1.074874997138977,0.30849555134773254,0.46875,1.5137499570846558
4042,1.0591249465942383,0.2867948114871979,0.3199999928474426,1.4049999713897705
4043,0.8585000038146973,0.4371962547302246,-0.30000001192092896,1.350000023841858
4044,0.9624999761581421,0.19824227690696716,0.45750001072883606,1.1799999475479126
4045,1.0976250171661377,0.1746106743812561,0.8424999713897705,1.443750023841858
4046,0.9644999504089355,0.1834770143032074,0.7574999928474426,1.3274999856948853
4047,1.0931249856948853,0.16561084985733032,0.7149999737739563,1.3262499570846558
4048,1.1268749237060547,0.19284161925315857,0.6837499737739563,1.3899999856948853
4049,1.12375009059906,0.19085252285003662,0.8612499833106995,1.4850000143051147
4050,1.1578750610351562,0.17759157717227936,0.8799999952316284,1.5137499570846558
4051,1.143625020980835,0.2372053563594818,0.699999988079071,1.5412499904632568
4052,1.1004999876022339,0.19640375673770905,0.7450000047683716,1.3899999856948853
4053,1.0983749628067017,0.16438907384872437,0.7649999856948853,1.3137500286102295
4054,1.0824999809265137,0.12570053339004517,0.8299999833106995,1.2887500524520874
4055,1.0460000038146973,0.33123716711997986,0.10999999940395355,1.4075000286102295
4056,1.1067500114440918,0.19382193684577942,0.8650000095367432,1.471250057220459
4057,0.987500011920929,0.4161572754383087,-0.20749999582767487,1.3137500286102295
4058,0.8069999814033508,0.6859298348426819,-1.0387500524520874,1.4075000286102295
4059,1.0414999723434448,0.2646169364452362,0.4937500059604645,1.3762500286102295
4060,0.9471249580383301,0.2793653905391693,0.5950000286102295,1.3899999856948853
4061,0.7188749313354492,1.1780366897583008,-2.7899999618530273,1.3962500095367432
4062,1.0402500629425049,0.32841894030570984,0.23250000178813934,1.462499976158142
4063,1.0017499923706055,0.20689384639263153,0.6937500238418579,1.2987500429153442
4064,0.750749945640564,0.49013495445251465,-0.09000000357627869,1.3587499856948853
4065,1.0746248960494995,0.32818013429641724,0.32499998807907104,1.5412499904632568
4066,1.0831249952316284,0.344370037317276,0.16124999523162842,1.3987499475479126
4067,0.9752500653266907,0.40452587604522705,0.32749998569488525,1.3387500047683716
4068,0.9545000195503235,0.22188694775104523,0.5174999833106995,1.25
4069,1.0368750095367432,0.2081114947795868,0.7774999737739563,1.4450000524520874
4070,0.6161249876022339,1.1672035455703735,-2.8037500381469727,1.3075000047683716
4071,1.2209999561309814,0.20618848502635956,0.7262499928474426,1.4900000095367432
4072,1.1827499866485596,0.19810333847999573,0.9125000238418579,1.4787499904632568
4073,1.0503751039505005,0.15122734010219574,0.7862499952316284,1.2362500429153442
4074,1.0123751163482666,0.21473054587841034,0.48249998688697815,1.3137500286102295
4075,1.0388749837875366,0.28513672947883606,0.32374998927116394,1.3937499523162842
4076,1.049625039100647,0.20764757692813873,0.6637499928474426,1.2987500429153442
4077,1.1708749532699585,0.11505845934152603,1.002500057220459,1.3849999904632568
4078,1.0805000066757202,0.1209651306271553,0.856249988079071,1.2575000524520874
4079,1.1780000925064087,0.15267226099967957,0.9474999904632568,1.4500000476837158
4080,1.1087501049041748,0.18025502562522888,0.8424999713897705,1.472499966621399
4081,1.0688750743865967,0.24306343495845795,0.5087500214576721,1.3262499570846558
4082,0.9465000033378601,0.3554687798023224,0.03500000014901161,1.4149999618530273
4083,1.1204999685287476,0.20795299112796783,0.7275000214576721,1.4450000524520874
4084,1.1273750066757202,0.18723183870315552,0.731249988079071,1.403749942779541
4085,0.9824999570846558,0.2592742443084717,0.4000000059604645,1.2300000190734863
4086,1.0747499465942383,0.3387697637081146,0.2574999928474426,1.4774999618530273
4087,1.1480000019073486,0.18673276901245117,0.7862499952316284,1.3637499809265137
4088,1.0651249885559082,0.24335122108459473,0.47999998927116394,1.3312499523162842
4089,1.1343750953674316,0.09921134263277054,0.9350000023841858,1.2699999809265137
4090,0.9979999661445618,0.2539372742176056,0.5874999761581421,1.3899999856948853
4091,0.5791249871253967,1.253450870513916,-3.002500057220459,1.3250000476837158
4092,1.0467499494552612,0.45965173840522766,-0.25,1.4812500476837158
4093,1.0348750352859497,0.2699487507343292,0.6187499761581421,1.4850000143051147
4094,1.0804998874664307,0.2534710168838501,0.5899999737739563,1.3337500095367432
4095,0.6706249117851257,1.1684398651123047,-2.7750000953674316,1.3799999952316284
4096,0.2861250340938568,1.609300136566162,-3.023750066757202,1.2987500429153442
4097,0.8119999766349792,0.5371063351631165,-0.6150000095367432,1.3300000429153442
4098,0.8194999694824219,0.5966641902923584,-0.8650000095367432,1.2625000476837158
4099,1.0308750867843628,0.18392173945903778,0.7649999856948853,1.4387500286102295
4100,0.8737500309944153,0.5050232410430908,-0.4975000023841858,1.318750023841858
4101,1.0041249990463257,0.6299927830696106,-0.8075000047683716,1.503749966621399
4102,0.9255000352859497,0.2771778404712677,0.5550000071525574,1.2599999904632568
4103,1.1453750133514404,0.19833293557167053,0.65625,1.5
4104,1.1398749351501465,0.27822059392929077,0.5575000047683716,1.5087499618530273
4105,1.172124981880188,0.1770990639925003,0.8962500095367432,1.4487500190734863
4106,0.893500030040741,0.28589048981666565,0.4699999988079071,1.2949999570846558
4107,1.1198749542236328,0.20775169134140015,0.6600000262260437,1.4537500143051147
4108,1.0408750772476196,0.16208605468273163,0.8849999904632568,1.443750023841858
4109,1.0112500190734863,0.3398846387863159,0.05000000074505806,1.340000033378601
4110,1.1139999628067017,0.30815720558166504,0.30125001072883606,1.3862500190734863
4111,0.924125075340271,0.4039902985095978,-0.22624999284744263,1.3250000476837158
4112,0.8999999165534973,0.30462220311164856,0.2849999964237213,1.181249976158142
4113,1.0693750381469727,0.22956770658493042,0.6850000023841858,1.3799999952316284
4114,1.019124984741211,0.2721896171569824,0.34375,1.434999942779541
4115,1.2353750467300415,0.16367848217487335,0.949999988079071,1.4862500429153442
4116,1.1286249160766602,0.2519526481628418,0.5575000047683716,1.440000057220459
4117,1.0593750476837158,0.11080141365528107,0.9049999713897705,1.2587499618530273
4118,0.8320000767707825,0.6842054724693298,-1.059999942779541,1.475000023841858
4119,1.1485000848770142,0.10196629911661148,0.9800000190734863,1.3387500047683716
4120,1.0427500009536743,0.11290178447961807,0.7475000023841858,1.152500033378601
4121,1.0401251316070557,0.13177448511123657,0.7900000214576721,1.2799999713897705
4122,0.17624998092651367,1.9315228462219238,-4.360000133514404,1.4900000095367432
4123,1.1067498922348022,0.37916281819343567,0.08124999701976776,1.3949999809265137
4124,0.982499897480011,0.1549627035856247,0.6762499809265137,1.190000057220459
4125,0.6626250147819519,1.1511878967285156,-2.752500057220459,1.2762500047683716
4126,0.9101249575614929,0.45101046562194824,-0.35499998927116394,1.3049999475479126
4127,0.893375039100647,0.4401111304759979,-0.22374999523162842,1.3224999904632568
4128,1.1083749532699585,0.15435048937797546,0.9150000214576721,1.3537499904632568
4129,1.1186249256134033,0.16486969590187073,0.7400000095367432,1.3925000429153442
4130,0.43150001764297485,1.1869837045669556,-2.8787500858306885,1.2587499618530273
4131,1.062749981880188,0.174752339720726,0.7749999761581421,1.3137500286102295
4132,0.6449999809265137,1.1646474599838257,-2.8037500381469727,1.2625000476837158
4133,1.0401248931884766,0.3410651683807373,0.20000000298023224,1.4537500143051147
4134,1.1628749370574951,0.2329297512769699,0.7337499856948853,1.527500033378601
4135,0.9457499384880066,0.29353460669517517,0.30000001192092896,1.2100000381469727
4136,0.7911250591278076,0.6873116493225098,-0.8587499856948853,1.372499942779541
4137,1.0686249732971191,0.19105418026447296,0.7037500143051147,1.372499942779541
4138,0.7108749151229858,1.2146259546279907,-2.867500066757202,1.4900000095367432
4139,1.2184998989105225,0.1639329344034195,1.0049999952316284,1.4800000190734863
4140,1.1707500219345093,0.18180447816848755,0.8887500166893005,1.527500033378601
4141,0.9736250638961792,0.33818283677101135,0.35874998569488525,1.4912500381469727
4142,0.9577499628067017,0.33685484528541565,0.05249999836087227,1.2575000524520874
4143,1.1662499904632568,0.19758225977420807,0.8974999785423279,1.568750023841858
4144,1.1062500476837158,0.2053411900997162,0.7337499856948853,1.3450000286102295
4145,1.1563749313354492,0.1576511710882187,0.96875,1.412500023841858
4146,1.1528749465942383,0.17350076138973236,0.824999988079071,1.3624999523162842
4147,0.936750054359436,0.3756154179573059,0.03375000134110451,1.493749976158142
4148,1.0410000085830688,0.18172934651374817,0.6387500166893005,1.3362499475479126
4149,1.0931251049041748,0.17891885340213776,0.7450000047683716,1.350000023841858
4150,0.9136250615119934,0.6452134251594543,-0.9712499976158142,1.399999976158142
4151,1.1307499408721924,0.10392636805772781,0.9399999976158142,1.3300000429153442
4152,0.971875011920929,0.48678064346313477,-0.42250001430511475,1.3637499809265137
4153,0.9984999895095825,0.3469216525554657,0.08874999731779099,1.34375
4154,0.8824999928474426,0.45975127816200256,-0.28125,1.3637499809265137
4155,0.7680000066757202,1.2046637535095215,-2.734999895095825,1.4912500381469727
4156,1.1401249170303345,0.16025610268115997,0.9300000071525574,1.5362499952316284
4157,1.1959998607635498,0.14246469736099243,1.0075000524520874,1.4450000524520874
4158,1.2006250619888306,0.2015388011932373,0.8412500023841858,1.4887499809265137
4159,1.0820000171661377,0.14639542996883392,0.9350000023841858,1.340000033378601
4160,1.028749942779541,0.27265363931655884,0.5562499761581421,1.4950000047683716
4161,1.003999948501587,0.40586820244789124,-0.05624999850988388,1.5225000381469727
4162,1.090749979019165,0.21364851295948029,0.6424999833106995,1.3312499523162842
4163,1.1521250009536743,0.1658651977777481,0.7850000262260437,1.3825000524520874
4164,1.1076250076293945,0.14783062040805817,0.8187500238418579,1.308750033378601
4165,0.96812504529953,0.1452263742685318,0.7099999785423279,1.149999976158142
4166,1.0901250839233398,0.1550508439540863,0.8774999976158142,1.381250023841858
4167,0.8979999423027039,0.4392120838165283,-0.3400000035762787,1.3637499809265137
4168,1.1225000619888306,0.1132875308394432,0.9449999928474426,1.2887500524520874
4169,1.113374948501587,0.1836845427751541,0.8974999785423279,1.5137499570846558
4170,1.1820001602172852,0.21018831431865692,0.6974999904632568,1.4387500286102295
4171,0.7998750805854797,0.5627447962760925,-0.8012499809265137,1.2100000381469727
4172,1.0052499771118164,0.29472169280052185,0.5862500071525574,1.527500033378601
4173,0.8102499842643738,1.2139923572540283,-2.786250114440918,1.4137500524520874
4174,1.1637499332427979,0.18743334710597992,0.793749988079071,1.3849999904632568
4175,0.9458749890327454,0.659568727016449,-0.9237499833106995,1.3912500143051147
4176,0.9932500720024109,0.32734450697898865,0.1599999964237213,1.2587499618530273
4177,1.04087495803833,0.1694338470697403,0.6912500262260437,1.2599999904632568
4178,0.8882500529289246,0.3317483067512512,0.19499999284744263,1.2975000143051147
4179,1.2059999704360962,0.14408959448337555,0.8912500143051147,1.4012500047683716
4180,1.0063750743865967,0.32252928614616394,0.3050000071525574,1.3487499952316284
4181,1.0668749809265137,0.23674766719341278,0.5987499952316284,1.3862500190734863
4182,1.2112499475479126,0.0750812217593193,1.028749942779541,1.3137500286102295
4183,1.1326249837875366,0.23951216042041779,0.625,1.399999976158142
4184,0.8856250643730164,0.7670701742172241,-1.159999966621399,1.5724999904632568
4185,0.8892499804496765,0.3547998070716858,0.017500000074505806,1.306249976158142
4186,1.105124831199646,0.14325833320617676,0.8050000071525574,1.3362499475479126
4187,0.9085000157356262,0.46651357412338257,-0.22624999284744263,1.3887499570846558
4188,0.9597499966621399,0.36645421385765076,0.12125000357627869,1.5449999570846558
4189,0.9818750619888306,0.3250381052494049,0.20749999582767487,1.3350000381469727
4190,1.1464999914169312,0.14513981342315674,0.8737499713897705,1.3137500286102295
4191,1.093000054359436,0.19800110161304474,0.7900000214576721,1.4299999475479126
4192,1.0802500247955322,0.21938037872314453,0.5987499952316284,1.3200000524520874
4193,0.8956249952316284,0.35358574986457825,0.14749999344348907,1.2637499570846558
4194,1.0544999837875366,0.10073821246623993,0.8550000190734863,1.2062499523162842
4195,1.135124921798706,0.24243198335170746,0.4449999928474426,1.3337500095367432
4196,1.0862500667572021,0.21626877784729004,0.7300000190734863,1.375
4197,0.9142500162124634,0.48422592878341675,-0.2162500023841858,1.4950000047683716
4198,1.1926249265670776,0.14113874733448029,0.9287499785423279,1.350000023841858
4199,1.0576250553131104,0.1360427886247635,0.8862500190734863,1.243749976158142
4200,0.9529999494552612,0.36351290345191956,0.1525000035762787,1.308750033378601
4201,1.0190000534057617,0.21397924423217773,0.6000000238418579,1.3212499618530273
4202,1.0743749141693115,0.1786855310201645,0.8899999856948853,1.443750023841858
4203,1.0364999771118164,0.29691264033317566,0.2574999928474426,1.3324999809265137
4204,0.9988749623298645,0.3814718425273895,-0.07874999940395355,1.3025000095367432
4205,1.1169999837875366,0.15994355082511902,0.7437499761581421,1.3487499952316284
4206,1.0355000495910645,0.2962084412574768,0.24375000596046448,1.3324999809265137
4207,1.0871250629425049,0.27603670954704285,0.32875001430511475,1.3962500095367432
4208,0.9490000009536743,0.26961883902549744,0.2824999988079071,1.2450000047683716
4209,1.1268750429153442,0.2290600836277008,0.6787499785423279,1.5449999570846558
4210,1.0093750953674316,0.2482672929763794,0.5049999952316284,1.412500023841858
4211,1.0847499370574951,0.18277189135551453,0.762499988079071,1.2725000381469727
4212,0.9461250305175781,0.6721500754356384,-1.0075000524520874,1.5362499952316284
4213,1.1598750352859497,0.16767847537994385,0.7762500047683716,1.443750023841858
4214,1.085999846458435,0.24520450830459595,0.6949999928474426,1.3762500286102295
4215,0.9899999499320984,0.242824524641037,0.6299999952316284,1.381250023841858
4216,1.1648750305175781,0.21533292531967163,0.8374999761581421,1.503749966621399
4217,0.7397499680519104,1.214920163154602,-2.848750114440918,1.408750057220459
4218,1.1333749294281006,0.14180317521095276,0.8349999785423279,1.3312499523162842
4219,0.8802499771118164,0.4529799818992615,-0.1887499988079071,1.341249942779541
4220,1.1077500581741333,0.09970550984144211,0.9337499737739563,1.2962499856948853
4221,0.6057499647140503,1.1929434537887573,-2.947499990463257,1.2337499856948853
4222,1.080875039100647,0.13780991733074188,0.8550000190734863,1.274999976158142
4223,0.6868751049041748,1.1737579107284546,-2.8187499046325684,1.3300000429153442
4224,1.076375126838684,0.20637908577919006,0.7300000190734863,1.5075000524520874
4225,1.0185000896453857,0.3643821179866791,0.10249999910593033,1.4262499809265137
4226,0.6683750152587891,1.2066625356674194,-2.7562499046325684,1.5087499618530273
4227,0.9557498693466187,0.2433697134256363,0.3100000023841858,1.2174999713897705
4228,1.171875,0.1331038475036621,1.0225000381469727,1.4774999618530273
4229,1.149375081062317,0.12791875004768372,0.949999988079071,1.377500057220459
4230,0.9169999957084656,0.4689430296421051,-0.009999999776482582,1.3574999570846558
4231,1.0363750457763672,0.32692623138427734,0.4000000059604645,1.4262499809265137
4232,1.0578749179840088,0.18385034799575806,0.7250000238418579,1.4387500286102295
4233,1.0541250705718994,0.15877169370651245,0.6887500286102295,1.2112499475479126
4234,1.0176249742507935,0.2358478456735611,0.5612499713897705,1.368749976158142
4235,0.7308750152587891,1.2621238231658936,-3.023750066757202,1.399999976158142
4236,0.5337499380111694,1.2054561376571655,-2.956249952316284,1.2662500143051147
4237,0.706250011920929,1.2364473342895508,-2.978749990463257,1.462499976158142
4238,1.0238749980926514,0.2374647706747055,0.5212500095367432,1.308750033378601
4239,1.049125075340271,0.2870883047580719,0.3762499988079071,1.375
4240,1.0709999799728394,0.13703878223896027,0.8324999809265137,1.3137500286102295
4241,1.0172500610351562,0.43193888664245605,-0.19374999403953552,1.3899999856948853
4242,1.1933748722076416,0.15781322121620178,0.9662500023841858,1.5549999475479126
4243,1.1072499752044678,0.22296497225761414,0.7900000214576721,1.443750023841858
4244,0.6699999570846558,1.2137395143508911,-2.9049999713897705,1.368749976158142
4245,1.0098750591278076,0.3640795350074768,0.42124998569488525,1.4587500095367432
4246,1.1232500076293945,0.13367776572704315,0.9612500071525574,1.3524999618530273
4247,1.0997499227523804,0.3369081914424896,0.28999999165534973,1.4574999809265137
4248,1.0726250410079956,0.25382477045059204,0.6137499809265137,1.431249976158142
4249,0.6637499928474426,0.7398954629898071,-0.9900000095367432,1.372499942779541
4250,0.9129999876022339,0.24870803952217102,0.4412499964237213,1.28125
4251,1.0538749694824219,0.24533487856388092,0.5699999928474426,1.4450000524520874
4252,1.0768749713897705,0.223337784409523,0.5237500071525574,1.2712500095367432
4253,1.0516250133514404,0.16745153069496155,0.8037499785423279,1.4587500095367432
4254,1.0541250705718994,0.18555496633052826,0.768750011920929,1.3762500286102295
4255,1.0792499780654907,0.23380093276500702,0.6912500262260437,1.4550000429153442
4256,1.1003749370574951,0.14253844320774078,0.8962500095367432,1.2725000381469727
4257,0.8493749499320984,0.4241614043712616,-0.20250000059604645,1.2287499904632568
4258,0.7094999551773071,0.6649680733680725,-0.8949999809265137,1.318750023841858
4259,1.059749960899353,0.16026324033737183,0.6675000190734863,1.247499942779541
4260,1.0529999732971191,0.38105085492134094,0.012500000186264515,1.440000057220459
4261,0.9948749542236328,0.2920699119567871,0.2862499952316284,1.3550000190734863
4262,0.9287500381469727,0.299169659614563,0.41874998807907104,1.5412499904632568
4263,1.1521250009536743,0.1646929383277893,0.9162499904632568,1.4850000143051147
4264,1.1622499227523804,0.22844912111759186,0.8187500238418579,1.506250023841858
4265,0.9519999623298645,0.4097404479980469,0.19625000655651093,1.3762500286102295
4266,0.9837499856948853,0.31259098649024963,0.2800000011920929,1.34375
4267,0.6982499957084656,1.340470314025879,-3.2674999237060547,1.371250033378601
4268,0.8567500114440918,1.2774503231048584,-2.96875,1.434999942779541
4269,1.0514999628067017,0.14477114379405975,0.8149999976158142,1.399999976158142
4270,1.1138750314712524,0.28174981474876404,0.35249999165534973,1.434999942779541
4271,1.060750126838684,0.25515756011009216,0.4937500059604645,1.441249966621399
4272,1.0848748683929443,0.17612533271312714,0.6600000262260437,1.2862499952316284
4273,0.21537502110004425,1.56471848487854,-2.952500104904175,1.3912500143051147
4274,0.9450000524520874,0.4073554277420044,-0.0012499999720603228,1.5049999952316284
4275,1.106624960899353,0.1487300843000412,0.875,1.3574999570846558
4276,1.0802500247955322,0.12259282916784286,0.7487499713897705,1.2274999618530273
4277,0.9312499761581421,0.32298266887664795,0.39500001072883606,1.372499942779541
4278,1.0883749723434448,0.22356560826301575,0.768750011920929,1.3949999809265137
4279,1.128250002861023,0.14873863756656647,0.7875000238418579,1.3849999904632568
4280,1.0548750162124634,0.18730777502059937,0.7149999737739563,1.2949999570846558
4281,1.1490000486373901,0.17274963855743408,0.7649999856948853,1.5
4282,1.0481250286102295,0.24146313965320587,0.4337500035762787,1.212499976158142
4283,1.1337499618530273,0.19933247566223145,0.7699999809265137,1.472499966621399
4284,0.93687504529953,0.3434022068977356,0.2150000035762787,1.3537499904632568
4285,1.0851250886917114,0.24917516112327576,0.581250011920929,1.527500033378601
4286,0.7508749961853027,1.2248964309692383,-2.8862500190734863,1.375
4287,1.0842499732971191,0.13644848763942719,0.8687499761581421,1.2712500095367432
4288,1.2053749561309814,0.17692604660987854,0.9449999928474426,1.5549999475479126
4289,1.0916249752044678,0.2801261246204376,0.6399999856948853,1.440000057220459
4290,0.6440000534057617,1.1620941162109375,-2.8299999237060547,1.2262500524520874
4291,1.0936250686645508,0.12828853726387024,0.8675000071525574,1.2899999618530273
4292,1.1067500114440918,0.20862285792827606,0.6962500214576721,1.441249966621399
4293,0.5737499594688416,1.2413549423217773,-2.759999990463257,1.4950000047683716
4294,0.7469999194145203,1.1795114278793335,-2.7750000953674316,1.318750023841858
4295,1.2635000944137573,0.15418313443660736,1.0437500476837158,1.527500033378601
4296,1.0306251049041748,0.1334216147661209,0.8962500095367432,1.284999966621399
4297,1.075124979019165,0.1433902382850647,0.7250000238418579,1.2387499809265137
4298,1.1129999160766602,0.14607274532318115,0.9399999976158142,1.4774999618530273
4299,1.1136250495910645,0.18500545620918274,0.8675000071525574,1.4800000190734863
4300,1.0831248760223389,0.20709465444087982,0.7024999856948853,1.403749942779541
4301,1.0195000171661377,0.4736059010028839,-0.29374998807907104,1.4587500095367432
4302,1.142124891281128,0.1726168543100357,0.8550000190734863,1.372499942779541
4303,0.9653749465942383,0.18862582743167877,0.5649999976158142,1.1887500286102295
4304,0.7428749799728394,1.2168004512786865,-2.8862500190734863,1.3537499904632568
4305,1.1311249732971191,0.18441416323184967,0.8125,1.402500033378601
4306,1.1366249322891235,0.16228742897510529,0.8299999833106995,1.3899999856948853
4307,1.1248749494552612,0.11212360113859177,0.949999988079071,1.3799999952316284
4308,1.0792499780654907,0.1445242315530777,0.8725000023841858,1.3200000524520874
4309,1.1383750438690186,0.1949976235628128,0.875,1.4574999809265137
4310,1.0513750314712524,0.12836524844169617,0.75,1.2087500095367432
4311,1.125499963760376,0.15895283222198486,0.75,1.2862499952316284
4312,0.7940000295639038,1.1965242624282837,-2.768749952316284,1.4137500524520874
4313,0.9668749570846558,0.2809699773788452,0.4937500059604645,1.3912500143051147
4314,1.1003749370574951,0.19718965888023376,0.6700000166893005,1.4175000190734863
4315,0.8716250658035278,0.5552831888198853,-0.7237499952316284,1.4450000524520874
4316,1.1520001888275146,0.26208311319351196,0.7699999809265137,1.503749966621399
4317,1.1283750534057617,0.312267929315567,0.4337500035762787,1.441249966621399
4318,1.0414998531341553,0.1483553647994995,0.793749988079071,1.2937500476837158
4319,1.0426249504089355,0.16129210591316223,0.6899999976158142,1.2412500381469727
4320,1.1042500734329224,0.16184212267398834,0.8412500023841858,1.4362499713897705
4321,0.9976250529289246,0.12752383947372437,0.7649999856948853,1.162500023841858
4322,1.0810000896453857,0.15721778571605682,0.7562500238418579,1.2862499952316284
4323,1.0018750429153442,0.33975276350975037,0.14624999463558197,1.4674999713897705
4324,1.0157499313354492,0.16204474866390228,0.6762499809265137,1.274999976158142
4325,0.9502500295639038,0.2548999786376953,0.45750001072883606,1.3324999809265137
4326,1.038874864578247,0.27319660782814026,0.581250011920929,1.4850000143051147
4327,1.1036250591278076,0.2710036039352417,0.5987499952316284,1.4299999475479126
4328,1.0313750505447388,0.22225861251354218,0.606249988079071,1.4362499713897705
4329,0.9624999761581421,0.29112446308135986,0.2212499976158142,1.253749966621399
4330,1.284500002861023,0.20234422385692596,0.7887499928474426,1.5225000381469727
4331,0.6696249842643738,1.1802042722702026,-2.8299999237060547,1.3637499809265137
4332,1.018875002861023,0.25502970814704895,0.36375001072883606,1.3700000047683716
4333,0.8332499265670776,0.47803640365600586,-0.05375000089406967,1.4299999475479126
4334,0.885374903678894,0.30003753304481506,0.23125000298023224,1.2575000524520874
4335,0.840874969959259,0.4700794517993927,-0.10499999672174454,1.368749976158142
4336,0.6718749403953552,1.1760430335998535,-2.8375000953674316,1.278749942779541
4337,1.0978749990463257,0.15790924429893494,0.9449999928474426,1.46875
4338,1.0972501039505005,0.25916799902915955,0.42124998569488525,1.4362499713897705
4339,1.125,0.12070108205080032,0.9512500166893005,1.408750057220459
4340,0.9593750238418579,0.4155922830104828,0.0625,1.2999999523162842
4341,1.0283749103546143,0.21376393735408783,0.6899999976158142,1.350000023841858
4342,1.049125075340271,0.17225532233715057,0.7487499713897705,1.2675000429153442
4343,1.1626250743865967,0.17622292041778564,0.9037500023841858,1.408750057220459
4344,0.6243751049041748,1.1645292043685913,-2.8062500953674316,1.3450000286102295
4345,0.9932500123977661,0.2056698054075241,0.5975000262260437,1.3137500286102295
4346,0.8495000600814819,0.6443827748298645,-0.5899999737739563,1.527500033378601
4347,0.6043750047683716,1.1867539882659912,-2.893749952316284,1.2637499570846558
4348,1.1661250591278076,0.11802469938993454,0.9150000214576721,1.350000023841858
4349,0.9487500190734863,0.525802731513977,-0.512499988079071,1.5549999475479126
4350,0.8557499647140503,0.45798447728157043,-0.4050000011920929,1.3125
4351,0.9195000529289246,0.2737409770488739,0.44999998807907104,1.2450000047683716
4352,1.030250072479248,0.24437344074249268,0.6000000238418579,1.441249966621399
4353,1.1901249885559082,0.13615071773529053,0.9137499928474426,1.4162499904632568
4354,1.0733749866485596,0.1678997278213501,0.7674999833106995,1.316249966621399
4355,1.1487500667572021,0.21138159930706024,0.5862500071525574,1.3287500143051147
4356,1.1546249389648438,0.1424967497587204,0.8787500262260437,1.3899999856948853
4357,0.9895000457763672,0.2722603380680084,0.48875001072883606,1.3624999523162842
4358,1.0429999828338623,0.19197428226470947,0.824999988079071,1.4637500047683716
4359,0.9994999766349792,0.18114064633846283,0.6287500262260437,1.2274999618530273
4360,0.8917499780654907,0.314120888710022,0.2537499964237213,1.3212499618530273
4361,1.1105000972747803,0.1313299685716629,0.9100000262260437,1.308750033378601
4362,1.169124960899353,0.21936631202697754,0.6725000143051147,1.4075000286102295
4363,1.1060000658035278,0.13762356340885162,0.9112499952316284,1.3524999618530273
4364,1.0878750085830688,0.24532826244831085,0.6299999952316284,1.412500023841858
4365,0.9320000410079956,0.356110155582428,0.2737500071525574,1.5362499952316284
4366,1.1908749341964722,0.1515091359615326,0.9887499809265137,1.4600000381469727
4367,1.145124912261963,0.2114824503660202,0.8174999952316284,1.4674999713897705
4368,1.0505000352859497,0.2215331494808197,0.6050000190734863,1.3624999523162842
4369,1.161500096321106,0.17252971231937408,0.9137499928474426,1.4674999713897705
4370,1.094249963760376,0.1352338343858719,0.8374999761581421,1.283750057220459
4371,0.924625039100647,0.35939881205558777,-0.029999999329447746,1.2087500095367432
4372,1.189499855041504,0.18931306898593903,0.9637500047683716,1.5175000429153442
4373,1.0451250076293945,0.1938817799091339,0.625,1.4187500476837158
4374,1.1942498683929443,0.1856207400560379,0.9137499928474426,1.5087499618530273
4375,1.0901249647140503,0.12148874253034592,0.9424999952316284,1.3137500286102295
4376,1.1543750762939453,0.19566412270069122,0.6600000262260437,1.4800000190734863
4377,1.1349999904632568,0.27052727341651917,0.7225000262260437,1.4587500095367432
4378,1.0306249856948853,0.3595336377620697,0.14499999582767487,1.4187500476837158
4379,1.0422500371932983,0.338701456785202,0.14624999463558197,1.5362499952316284
4380,0.5490000247955322,1.1302416324615479,-2.768749952316284,1.2274999618530273
4381,1.0703750848770142,0.16215060651302338,0.7900000214576721,1.2912499904632568
4382,1.1886250972747803,0.08968773484230042,1.0575000047683716,1.3899999856948853
4383,1.1231249570846558,0.17360809445381165,0.831250011920929,1.4450000524520874
4384,0.8322499990463257,0.29943373799324036,0.23125000298023224,1.1649999618530273
4385,1.0144999027252197,0.26374417543411255,0.6025000214576721,1.5449999570846558
4386,0.9645000696182251,0.2607603967189789,0.5674999952316284,1.5549999475479126
4387,1.1008751392364502,0.15837462246418,0.8224999904632568,1.3037500381469727
4388,1.04562509059906,0.1806725710630417,0.612500011920929,1.2412500381469727
4389,1.0912500619888306,0.18757832050323486,0.6650000214576721,1.3312499523162842
4390,0.9973750114440918,0.33101993799209595,0.23000000417232513,1.4950000047683716
4391,1.0923750400543213,0.16343046724796295,0.8037499785423279,1.2825000286102295
4392,1.125,0.12599851191043854,0.9137499928474426,1.3862500190734863
4393,1.1433749198913574,0.15582846105098724,0.7850000262260437,1.3262499570846558
4394,1.0465000867843628,0.26524561643600464,0.6000000238418579,1.434999942779541
4395,1.0106251239776611,0.2617603838443756,0.45500001311302185,1.3324999809265137
4396,1.1258749961853027,0.13223092257976532,0.9300000071525574,1.4487500190734863
4397,1.0038750171661377,0.2603887915611267,0.49000000953674316,1.4262499809265137
4398,0.871749997138977,0.35373640060424805,0.05249999836087227,1.309999942779541
4399,1.0759999752044678,0.157603919506073,0.8287500143051147,1.3324999809265137
4400,0.9591249227523804,0.3249514698982239,0.2162500023841858,1.2962499856948853
4401,1.1046249866485596,0.261305034160614,0.49000000953674316,1.441249966621399
4402,1.0891249179840088,0.25993210077285767,0.45249998569488525,1.4900000095367432
4403,0.7102500200271606,1.2428767681121826,-2.983750104904175,1.3324999809265137
4404,0.971625030040741,0.20851263403892517,0.5562499761581421,1.2337499856948853
4405,1.1442500352859497,0.18162909150123596,0.8799999952316284,1.4187500476837158
4406,1.1328750848770142,0.2496754378080368,0.7524999976158142,1.4887499809265137
4407,1.1740000247955322,0.23783384263515472,0.7137500047683716,1.4550000429153442
4408,0.9536249041557312,0.3017234206199646,0.19499999284744263,1.3537499904632568
4409,1.174875020980835,0.23336294293403625,0.8062499761581421,1.5362499952316284
4410,1.0109999179840088,0.24266992509365082,0.4037500023841858,1.2762500047683716
4411,1.121250033378601,0.18488509953022003,0.925000011920929,1.527500033378601
4412,1.1533749103546143,0.2025255262851715,0.9087499976158142,1.5412499904632568
4413,0.5042499303817749,1.2468847036361694,-3.0762500762939453,1.2587499618530273
4414,1.1193749904632568,0.2144945114850998,0.7149999737739563,1.527500033378601
4415,1.0225000381469727,0.35012853145599365,0.14624999463558197,1.4950000047683716
4416,1.091999888420105,0.18601848185062408,0.8149999976158142,1.3987499475479126
4417,1.0526249408721924,0.27343955636024475,0.42625001072883606,1.4299999475479126
4418,1.0467498302459717,0.16249249875545502,0.7262499928474426,1.306249976158142
4419,0.6416249871253967,1.2709568738937378,-2.9649999141693115,1.434999942779541
4420,1.0195000171661377,0.32747384905815125,0.36625000834465027,1.503749966621399
4421,1.2516250610351562,0.15822160243988037,0.9900000095367432,1.4900000095367432
4422,1.0166250467300415,0.24345561861991882,0.6650000214576721,1.3887499570846558
4423,1.1266248226165771,0.22088956832885742,0.7262499928474426,1.5412499904632568
4424,1.1480000019073486,0.17901571094989777,0.7887499928474426,1.399999976158142
4425,0.9308750033378601,0.3250860571861267,0.1274999976158142,1.184999942779541
4426,1.0515000820159912,0.22890964150428772,0.6899999976158142,1.3274999856948853
4427,1.1107499599456787,0.1713951826095581,0.8650000095367432,1.4225000143051147
4428,1.052125096321106,0.30378809571266174,0.3050000071525574,1.4275000095367432
4429,0.895875096321106,0.5918530225753784,-0.84375,1.247499942779541
4430,1.2128750085830688,0.14297187328338623,0.9574999809265137,1.431249976158142
4431,1.082124948501587,0.21546247601509094,0.5862500071525574,1.4362499713897705
4432,0.9091249704360962,0.6148134469985962,-0.7837499976158142,1.441249966621399
4433,0.9923750162124634,0.25753968954086304,0.4699999988079071,1.318750023841858
4434,1.093999981880188,0.17613986134529114,0.8700000047683716,1.465000033378601
4435,1.1228749752044678,0.2649233639240265,0.7149999737739563,1.4674999713897705
4436,1.0708749294281006,0.23092888295650482,0.6650000214576721,1.408750057220459
4437,1.0102499723434448,0.19382157921791077,0.6700000166893005,1.2887500524520874
4438,0.7541249990463257,1.2043311595916748,-2.8125,1.4674999713897705
4439,0.9941250085830688,0.17823182046413422,0.6312500238418579,1.2887500524520874
4440,1.0015000104904175,0.3533066213130951,0.20624999701976776,1.5137499570846558
4441,0.9786249399185181,0.2398843765258789,0.6000000238418579,1.3312499523162842
4442,0.9128749966621399,0.23234206438064575,0.4699999988079071,1.2699999809265137
4443,1.0866249799728394,0.26665523648262024,0.39250001311302185,1.441249966621399
4444,0.6541249752044678,1.2094900608062744,-2.950000047683716,1.2362500429153442
4445,0.9710000157356262,0.4841170907020569,-0.44624999165534973,1.2937500476837158
4446,1.019624948501587,0.2538319230079651,0.6349999904632568,1.3624999523162842
4447,0.9844999313354492,0.37357068061828613,-0.07625000178813934,1.3899999856948853
4448,1.0772501230239868,0.23045794665813446,0.6762499809265137,1.4362499713897705
4449,1.101750135421753,0.22540532052516937,0.5087500214576721,1.2899999618530273
4450,1.027250051498413,0.2069426327943802,0.6299999952316284,1.3287500143051147
4451,1.173374891281128,0.2423466295003891,0.7574999928474426,1.5175000429153442
4452,1.0313749313354492,0.2699580192565918,0.4950000047683716,1.4900000095367432
4453,0.9571250081062317,0.20961052179336548,0.5600000023841858,1.2949999570846558
4454,1.1543749570846558,0.18301403522491455,0.8224999904632568,1.403749942779541
4455,1.1094999313354492,0.15701532363891602,0.8999999761581421,1.3862500190734863
4456,0.843999981880188,0.7661059498786926,-1.1549999713897705,1.4587500095367432
4457,0.5982500314712524,1.2423975467681885,-2.822499990463257,1.308750033378601
4458,0.9827499389648438,0.20406939089298248,0.5049999952316284,1.2000000476837158
4459,1.044374942779541,0.1318453848361969,0.7437499761581421,1.2400000095367432
4460,1.031749963760376,0.17362245917320251,0.7749999761581421,1.2725000381469727
4461,1.0866249799728394,0.18129487335681915,0.768750011920929,1.3825000524520874
4462,0.5572499632835388,1.2274984121322632,-3.038749933242798,1.372499942779541
4463,1.130500078201294,0.2851974070072174,0.3799999952316284,1.34375
4464,0.737625002861023,1.2297897338867188,-2.921250104904175,1.3862500190734863
4465,1.0908749103546143,0.23880305886268616,0.5899999737739563,1.4450000524520874
4466,1.1083749532699585,0.1339951604604721,0.9150000214576721,1.3350000381469727
4467,0.7707500457763672,1.2710031270980835,-3.0137500762939453,1.3912500143051147
4468,0.7353750467300415,1.1942811012268066,-2.8187499046325684,1.408750057220459
4469,1.1198750734329224,0.1731341928243637,0.7450000047683716,1.375
4470,1.1477501392364502,0.1669185757637024,0.9275000095367432,1.372499942779541
4471,1.0766249895095825,0.184785395860672,0.8237500190734863,1.462499976158142
4472,1.1487499475479126,0.10212431102991104,0.9162499904632568,1.2687499523162842
4473,1.0627501010894775,0.10276004672050476,0.8924999833106995,1.2074999809265137
4474,1.104374885559082,0.23623032867908478,0.5912500023841858,1.462499976158142
4475,0.924625039100647,0.45173487067222595,-0.16625000536441803,1.2725000381469727
4476,0.7568749189376831,1.2238541841506958,-2.9000000953674316,1.308750033378601
4477,0.9867500066757202,0.22617967426776886,0.6587499976158142,1.274999976158142
4478,1.1072499752044678,0.17645005881786346,0.8025000095367432,1.3849999904632568
4479,1.2022501230239868,0.10039734095335007,1.0262500047683716,1.381250023841858
4480,1.051124930381775,0.1631682813167572,0.7024999856948853,1.2274999618530273
4481,0.8634999394416809,0.34626975655555725,-0.029999999329447746,1.222499966621399
4482,1.0959999561309814,0.2359904646873474,0.5637500286102295,1.368749976158142
4483,0.9487500190734863,0.36656302213668823,-0.09000000357627869,1.2112499475479126
4484,0.5982499718666077,1.2298904657363892,-2.862499952316284,1.399999976158142
4485,1.1491248607635498,0.1576884239912033,0.875,1.3937499523162842
4486,0.9314999580383301,0.5361496806144714,-0.6349999904632568,1.253749966621399
4487,0.9613749384880066,0.43446388840675354,-0.12125000357627869,1.3550000190734863
4488,1.0829999446868896,0.1480373591184616,0.8812500238418579,1.4362499713897705
4489,1.1004999876022339,0.1973070204257965,0.768750011920929,1.493749976158142
4490,1.1667499542236328,0.20938169956207275,0.8462499976158142,1.527500033378601
4491,1.147749900817871,0.1956733614206314,0.7149999737739563,1.4537500143051147
4492,1.0802500247955322,0.4695315957069397,-0.26625001430511475,1.3637499809265137
4493,1.0822498798370361,0.21638493239879608,0.856249988079071,1.5125000476837158
4494,0.9610000848770142,0.2179189771413803,0.4637500047683716,1.212499976158142
4495,1.1774998903274536,0.13895706832408905,1.027500033378601,1.4537500143051147
4496,0.6783750057220459,1.2082064151763916,-2.831249952316284,1.3274999856948853
4497,0.9581249356269836,0.3544975519180298,-0.04500000178813934,1.2074999809265137
4498,1.1668751239776611,0.15385185182094574,0.9350000023841858,1.4262499809265137
4499,1.0290000438690186,0.12628068029880524,0.8199999928474426,1.2450000047683716
4500,0.8811249732971191,0.5223254561424255,-0.20749999582767487,1.2799999713897705
4501,1.0251250267028809,0.27970266342163086,0.32499998807907104,1.3674999475479126
4502,1.149375081062317,0.1880660206079483,0.8949999809265137,1.4537500143051147
4503,0.8634999394416809,0.4417588412761688,-0.07625000178813934,1.443750023841858
4504,1.1046249866485596,0.16544169187545776,0.7850000262260437,1.3587499856948853
4505,1.059499979019165,0.23492302000522614,0.7024999856948853,1.3450000286102295
4506,0.9427499771118164,0.4050033688545227,-0.13375000655651093,1.3350000381469727
4507,0.8238750696182251,0.6704971194267273,-1.1649999618530273,1.193750023841858
4508,1.0331250429153442,0.11595426499843597,0.8412500023841858,1.1787500381469727
4509,1.0915000438690186,0.15839113295078278,0.75,1.3300000429153442
4510,1.1496249437332153,0.14743752777576447,0.824999988079071,1.4674999713897705
4511,1.1154999732971191,0.17057733237743378,0.8299999833106995,1.441249966621399
4512,1.0378750562667847,0.4064588248729706,0.3162499964237213,1.493749976158142
4513,0.9629999399185181,0.5498937964439392,-0.5737500190734863,1.503749966621399
4514,1.0089999437332153,0.23199597001075745,0.4350000023841858,1.25
4515,1.0591250658035278,0.12138398736715317,0.9325000047683716,1.2999999523162842
4516,0.07724998146295547,1.5922914743423462,-3.377500057220459,1.1725000143051147
4517,1.1822500228881836,0.16748861968517303,0.9162499904632568,1.440000057220459
4518,1.1506249904632568,0.20982898771762848,0.7749999761581421,1.4249999523162842
4519,1.1606249809265137,0.12549932301044464,0.956250011920929,1.475000023841858
4520,0.7086249589920044,1.170003890991211,-2.7674999237060547,1.337499976158142
4521,1.167625069618225,0.1924646496772766,0.8737499713897705,1.4812500476837158
4522,1.1333751678466797,0.21354380249977112,0.581250011920929,1.4075000286102295
4523,0.8897500038146973,0.38587433099746704,-0.03750000149011612,1.2825000286102295
4524,1.0031249523162842,0.23490174114704132,0.612500011920929,1.3887499570846558
4525,1.126499891281128,0.19348110258579254,0.8299999833106995,1.4550000429153442
4526,1.1422499418258667,0.26245585083961487,0.4737499952316284,1.4537500143051147
4527,1.068000078201294,0.16980889439582825,0.7987499833106995,1.3125
4528,1.1548750400543213,0.20365139842033386,0.6725000143051147,1.4487500190734863
4529,1.1021249294281006,0.1707630455493927,0.8675000071525574,1.3387500047683716
4530,0.7282499670982361,1.2130684852600098,-2.8550000190734863,1.3799999952316284
4531,1.1183750629425049,0.16694410145282745,0.7749999761581421,1.3200000524520874
4532,1.157749891281128,0.19173207879066467,0.8500000238418579,1.5175000429153442
4533,0.9665001034736633,0.36534950137138367,0.23874999582767487,1.4774999618530273
4534,0.8578750491142273,0.5469660758972168,-0.6137499809265137,1.3387500047683716
4535,1.203624963760376,0.12370635569095612,1.0125000476837158,1.399999976158142
4536,1.1559998989105225,0.20833176374435425,0.8025000095367432,1.5137499570846558
4537,1.0399999618530273,0.29831087589263916,0.19750000536441803,1.2987500429153442
4538,1.040624976158142,0.18211539089679718,0.7749999761581421,1.318750023841858
4539,1.0490000247955322,0.19774176180362701,0.6000000238418579,1.3550000190734863
4540,1.0833749771118164,0.23254774510860443,0.6187499761581421,1.3912500143051147
4541,1.1496250629425049,0.1565946638584137,0.7599999904632568,1.3450000286102295
4542,1.1247498989105225,0.14469343423843384,0.8399999737739563,1.3550000190734863
4543,0.9673749804496765,0.3082944452762604,0.2150000035762787,1.371250033378601
4544,1.0911250114440918,0.1529434621334076,0.8700000047683716,1.3637499809265137
4545,1.1763750314712524,0.15755797922611237,0.9850000143051147,1.4537500143051147
4546,1.1340000629425049,0.16872943937778473,0.8287500143051147,1.3674999475479126
4547,1.067500114440918,0.20216484367847443,0.8199999928474426,1.5412499904632568
4548,1.07212495803833,0.12499633431434631,0.8974999785423279,1.2625000476837158
4549,0.6490000486373901,1.183674931526184,-2.799999952316284,1.4912500381469727
4550,0.9491249322891235,0.13309071958065033,0.7487499713897705,1.1174999475479126
4551,1.0704998970031738,0.20060239732265472,0.7387499809265137,1.3274999856948853
4552,1.1396249532699585,0.12398342043161392,0.8675000071525574,1.3262499570846558
4553,0.797124981880188,0.424908846616745,0.042500000447034836,1.3274999856948853
4554,0.622249960899353,1.181278944015503,-2.8475000858306885,1.315000057220459
4555,0.924375057220459,0.34223634004592896,0.10499999672174454,1.4049999713897705
4556,1.068750023841858,0.233476459980011,0.5249999761581421,1.4225000143051147
4557,1.1775000095367432,0.17222534120082855,0.8187500238418579,1.4225000143051147
4558,1.0807499885559082,0.19193604588508606,0.8324999809265137,1.408750057220459
4559,1.1262500286102295,0.26770085096359253,0.6662499904632568,1.5225000381469727
4560,1.0631250143051147,0.31546157598495483,0.36625000834465027,1.4587500095367432
4561,0.9973750114440918,0.17058032751083374,0.7649999856948853,1.2362500429153442
4562,1.1575000286102295,0.18016746640205383,0.9137499928474426,1.5175000429153442
4563,1.0031250715255737,0.14935095608234406,0.7099999785423279,1.221250057220459
4564,1.1106250286102295,0.23348262906074524,0.7024999856948853,1.4587500095367432
4565,1.1074999570846558,0.3174719214439392,0.33000001311302185,1.5137499570846558
4566,0.9239999651908875,0.38574153184890747,0.22374999523162842,1.471250057220459
4567,1.1050000190734863,0.24865324795246124,0.6800000071525574,1.503749966621399
4568,1.0537500381469727,0.1982659101486206,0.71875,1.375
4569,1.0626251697540283,0.2085975855588913,0.7250000238418579,1.3825000524520874
4570,1.0047500133514404,0.22202461957931519,0.6050000190734863,1.3624999523162842
4571,1.1397501230239868,0.2013220340013504,0.7699999809265137,1.4487500190734863
4572,1.2208750247955322,0.15553240478038788,0.9637500047683716,1.46875
4573,1.0228750705718994,0.4410821199417114,-0.12999999523162842,1.5087499618530273
4574,1.0701249837875366,0.1682766079902649,0.6587499976158142,1.2625000476837158
4575,1.0831248760223389,0.21529141068458557,0.6287500262260437,1.4850000143051147
4576,1.0793750286102295,0.21918758749961853,0.6837499737739563,1.3125
4577,1.2421250343322754,0.17266662418842316,1.0525000095367432,1.5549999475479126
4578,0.8002500534057617,1.2134805917739868,-2.8037500381469727,1.4812500476837158
4579,1.1384999752044678,0.13304346799850464,0.9049999713897705,1.3899999856948853
4580,1.0001250505447388,0.15901795029640198,0.6974999904632568,1.28125
4581,1.1967499256134033,0.1693601757287979,0.8237500190734863,1.5087499618530273
4582,1.1127500534057617,0.20584948360919952,0.6524999737739563,1.5
4583,1.064750075340271,0.1412995308637619,0.9049999713897705,1.341249942779541
4584,0.9931249618530273,0.24371618032455444,0.3425000011920929,1.2400000095367432
4585,1.0948750972747803,0.1889721006155014,0.7275000214576721,1.441249966621399
4586,1.0963749885559082,0.21545188128948212,0.6150000095367432,1.3075000047683716
4587,1.058250069618225,0.18729422986507416,0.7462499737739563,1.287500023841858
4588,1.1755001544952393,0.20035064220428467,0.8725000023841858,1.440000057220459
4589,1.2196249961853027,0.22721002995967865,0.6399999856948853,1.4900000095367432
4590,1.0600000619888306,0.1791682243347168,0.699999988079071,1.3137500286102295
4591,1.0491249561309814,0.21139198541641235,0.7524999976158142,1.3700000047683716
4592,1.1108750104904175,0.22167478501796722,0.6825000047683716,1.4950000047683716
4593,1.1131250858306885,0.16601887345314026,0.8612499833106995,1.3324999809265137
4594,1.1359999179840088,0.1500091850757599,0.9112499952316284,1.4275000095367432
4595,0.9696251153945923,0.23490893840789795,0.5737500190734863,1.3899999856948853
4596,0.9514999389648438,0.31875088810920715,0.06750000268220901,1.222499966621399
4597,1.009374976158142,0.29868945479393005,0.36000001430511475,1.2949999570846558
4598,1.0727500915527344,0.23935511708259583,0.5012500286102295,1.3487499952316284
4599,1.0511248111724854,0.2744206488132477,0.6949999928474426,1.4500000476837158
4600,1.1030000448226929,0.13178369402885437,0.8737499713897705,1.2949999570846558
4601,1.1881250143051147,0.14281681180000305,1.0099999904632568,1.4912500381469727
4602,0.9415000081062317,0.3125274181365967,0.17125000059604645,1.3700000047683716
4603,1.0707499980926514,0.2568463683128357,0.6449999809265137,1.3949999809265137
4604,1.0142500400543213,0.2242698073387146,0.5024999976158142,1.318750023841858
4605,1.1231249570846558,0.1147623062133789,0.9412500262260437,1.274999976158142
4606,1.1460000276565552,0.11761936545372009,0.8612499833106995,1.2937500476837158
4607,1.1377501487731934,0.1625315397977829,0.9712499976158142,1.5412499904632568
4608,1.1181249618530273,0.16095346212387085,0.9112499952316284,1.4049999713897705
4609,1.0286250114440918,0.3668648600578308,-0.028750000521540642,1.3637499809265137
4610,1.1973750591278076,0.19262856245040894,0.9037500023841858,1.4950000047683716
4611,1.1167500019073486,0.15472374856472015,0.8550000190734863,1.3450000286102295
4612,1.043624997138977,0.19578324258327484,0.5262500047683716,1.3137500286102295
4613,1.1087499856948853,0.28967708349227905,0.4137499928474426,1.4862500429153442
4614,1.0509999990463257,0.19616781175136566,0.7512500286102295,1.440000057220459
4615,1.1227500438690186,0.20992246270179749,0.7475000023841858,1.4550000429153442
4616,1.108875036239624,0.16457943618297577,0.7400000095367432,1.3250000476837158
4617,0.9796250462532043,0.2593851387500763,0.5237500071525574,1.4762500524520874
4618,1.1032500267028809,0.19872736930847168,0.8050000071525574,1.431249976158142
4619,1.1755000352859497,0.2660910189151764,0.5375000238418579,1.5549999475479126
4620,1.0678749084472656,0.15375715494155884,0.7637500166893005,1.2937500476837158
4621,1.1962499618530273,0.13887158036231995,0.9337499737739563,1.4262499809265137
4622,1.0899999141693115,0.15341325104236603,0.7875000238418579,1.3337500095367432
4623,1.2290000915527344,0.09785160422325134,1.0499999523162842,1.3524999618530273
4624,1.175874948501587,0.17726044356822968,0.7587500214576721,1.4225000143051147
4625,1.1033750772476196,0.138555109500885,0.8837500214576721,1.402500033378601
4626,1.1043750047683716,0.18856634199619293,0.7099999785423279,1.4487500190734863
4627,1.0672500133514404,0.2484777271747589,0.5062500238418579,1.4987499713897705
4628,0.9108750224113464,0.30235588550567627,0.23250000178813934,1.2412500381469727
4629,1.0861248970031738,0.14985457062721252,0.9087499976158142,1.315000057220459
4630,1.1451250314712524,0.17700761556625366,0.9112499952316284,1.472499966621399
4631,0.9762499928474426,0.31961843371391296,0.11625000089406967,1.3387500047683716
4632,1.0268751382827759,0.20577464997768402,0.5575000047683716,1.2975000143051147
4633,1.093000054359436,0.1925731897354126,0.7400000095367432,1.4950000047683716
4634,0.9698750376701355,0.23516644537448883,0.4625000059604645,1.28125
4635,1.0262500047683716,0.2834618389606476,0.45625001192092896,1.3324999809265137
4636,1.0238749980926514,0.13263371586799622,0.7574999928474426,1.2450000047683716
4637,0.9912500381469727,0.3686012625694275,0.051249999552965164,1.3925000429153442
4638,1.168375015258789,0.15500107407569885,0.7462499737739563,1.28125
4639,1.0981251001358032,0.21445809304714203,0.7649999856948853,1.4637500047683716
4640,1.0931249856948853,0.11079719662666321,0.9387500286102295,1.2762500047683716
4641,1.0968749523162842,0.25782400369644165,0.6899999976158142,1.4900000095367432
4642,1.127000093460083,0.227028489112854,0.6112499833106995,1.3937499523162842
4643,1.0267499685287476,0.29924342036247253,0.48500001430511475,1.462499976158142
4644,1.0731250047683716,0.24847613275051117,0.6962500214576721,1.5412499904632568
4645,1.0764999389648438,0.153379425406456,0.7350000143051147,1.337499976158142
4646,1.135374903678894,0.24306893348693848,0.8299999833106995,1.503749966621399
4647,1.018125057220459,0.14377963542938232,0.8187500238418579,1.3350000381469727
4648,1.050624966621399,0.247486874461174,0.4962500035762787,1.462499976158142
4649,1.1832499504089355,0.1683877557516098,0.9337499737739563,1.503749966621399
4650,1.0747499465942383,0.19987325370311737,0.6775000095367432,1.368749976158142
4651,1.0132499933242798,0.176034614443779,0.7649999856948853,1.2587499618530273
4652,1.1041250228881836,0.18807914853096008,0.8299999833106995,1.372499942779541
4653,1.0962499380111694,0.22854430973529816,0.6087499856948853,1.4325000047683716
4654,1.0993750095367432,0.09740259498357773,0.9337499737739563,1.2587499618530273
4655,1.179499864578247,0.16731445491313934,0.8924999833106995,1.3825000524520874
4656,1.1218750476837158,0.12989568710327148,0.8912500143051147,1.3137500286102295
4657,1.1922500133514404,0.17806144058704376,0.8962500095367432,1.4800000190734863
4658,1.1102498769760132,0.3038080036640167,0.4025000035762787,1.4362499713897705
4659,1.1103750467300415,0.25613415241241455,0.6575000286102295,1.5262500047683716
4660,1.0010000467300415,0.159060537815094,0.7699999809265137,1.2987500429153442
4661,1.0678750276565552,0.29872336983680725,0.6000000238418579,1.5225000381469727
4662,1.0360000133514404,0.3208635151386261,0.45124998688697815,1.5
4663,1.0267499685287476,0.23204472661018372,0.6499999761581421,1.5175000429153442
4664,1.146125078201294,0.2498408854007721,0.6474999785423279,1.527500033378601
4665,1.0638749599456787,0.42924952507019043,-0.10000000149011612,1.4862500429153442
4666,1.1113749742507935,0.0730997622013092,1.037500023841858,1.2899999618530273
4667,1.0647499561309814,0.21668870747089386,0.6175000071525574,1.3574999570846558
4668,1.1613750457763672,0.1090032160282135,0.9950000047683716,1.368749976158142
4669,1.1318750381469727,0.1765841394662857,0.8550000190734863,1.3487499952316284
4670,1.1603748798370361,0.16795092821121216,0.9325000047683716,1.4387500286102295
4671,0.6668750047683716,1.1572185754776,-2.773750066757202,1.2725000381469727
4672,1.0636250972747803,0.1695697158575058,0.8799999952316284,1.3574999570846558
4673,1.005500078201294,0.14743663370609283,0.7699999809265137,1.3674999475479126
4674,0.48987501859664917,1.2240290641784668,-2.908750057220459,1.2725000381469727
4675,1.1969997882843018,0.09354008734226227,1.024999976158142,1.3574999570846558
4676,1.046875,0.17839497327804565,0.7450000047683716,1.3137500286102295
4677,1.1510000228881836,0.1443539559841156,0.887499988079071,1.3949999809265137
4678,1.2191250324249268,0.16973605751991272,0.9225000143051147,1.5175000429153442
4679,1.013875126838684,0.1896381825208664,0.7200000286102295,1.2762500047683716
4680,1.199125051498413,0.09481075406074524,1.037500023841858,1.368749976158142
4681,0.9468749761581421,0.24198223650455475,0.38374999165534973,1.2699999809265137
4682,1.1744999885559082,0.19664070010185242,0.8062499761581421,1.4187500476837158
4683,1.0531251430511475,0.15014290809631348,0.7574999928474426,1.2587499618530273
4684,1.2168749570846558,0.1654805988073349,0.9725000262260437,1.4550000429153442
4685,1.0606250762939453,0.14579014480113983,0.7325000166893005,1.2400000095367432
4686,1.1486250162124634,0.1740145981311798,0.9225000143051147,1.3862500190734863
4687,1.1928751468658447,0.17328178882598877,0.8899999856948853,1.5499999523162842
4688,1.0408750772476196,0.17400793731212616,0.7950000166893005,1.243749976158142
4689,1.1724998950958252,0.18615517020225525,0.8537499904632568,1.5175000429153442
4690,1.117875099182129,0.18105165660381317,0.7875000238418579,1.4737499952316284
4691,1.031499981880188,0.18953625857830048,0.831250011920929,1.4987499713897705
4692,1.0267499685287476,0.16357550024986267,0.7099999785423279,1.3300000429153442
4693,1.0547499656677246,0.39022859930992126,-0.07249999791383743,1.3987499475479126
4694,0.9449999928474426,0.4140531122684479,0.004999999888241291,1.3312499523162842
4695,0.9958750009536743,0.24214862287044525,0.5099999904632568,1.216249942779541
4696,1.1384999752044678,0.17909039556980133,0.7599999904632568,1.3224999904632568
4697,0.9147499799728394,0.477214515209198,-0.42124998569488525,1.443750023841858
4698,1.0317500829696655,0.2470356822013855,0.5162500143051147,1.283750057220459
4699,1.1861250400543213,0.15163221955299377,0.9350000023841858,1.440000057220459
4700,1.019624948501587,0.13944202661514282,0.6587499976158142,1.1487499475479126
4701,1.0572500228881836,0.43768310546875,-0.1875,1.2999999523162842
4702,1.0772501230239868,0.21534186601638794,0.768750011920929,1.368749976158142
4703,1.1234999895095825,0.19221879541873932,0.6887500286102295,1.3762500286102295
4704,0.7537499666213989,1.2484058141708374,-2.9237499237060547,1.5137499570846558
4705,0.5726249814033508,1.1403356790542603,-2.7874999046325684,1.3125
4706,1.1007499694824219,0.2793598771095276,0.3487499952316284,1.346250057220459
4707,1.0797499418258667,0.15405741333961487,0.9112499952316284,1.3574999570846558
4708,0.6225000023841858,1.1625014543533325,-2.848750114440918,1.181249976158142
4709,1.0705000162124634,0.23054637014865875,0.625,1.434999942779541
4710,1.1534998416900635,0.1533244103193283,0.8737499713897705,1.441249966621399
4711,0.6958749890327454,1.230388879776001,-2.953749895095825,1.2862499952316284
4712,1.1702500581741333,0.1993158757686615,0.8399999737739563,1.4049999713897705
4713,0.9733750224113464,0.31886178255081177,0.061250001192092896,1.1987500190734863
4714,1.0853750705718994,0.2101859599351883,0.7674999833106995,1.53125
4715,0.9458749890327454,0.26437902450561523,0.35374999046325684,1.3112499713897705
4716,0.9303749799728394,0.33889803290367126,0.05000000074505806,1.346250057220459
4717,1.2369998693466187,0.10754388570785522,1.1100000143051147,1.4900000095367432
4718,1.1321250200271606,0.17670246958732605,0.8974999785423279,1.503749966621399
4719,1.1068750619888306,0.19760538637638092,0.7649999856948853,1.4225000143051147
4720,1.1456249952316284,0.187635138630867,0.9150000214576721,1.5087499618530273
4721,1.1026248931884766,0.16634626686573029,0.8512499928474426,1.340000033378601
4722,1.2031251192092896,0.16192325949668884,0.8799999952316284,1.408750057220459
4723,1.2133748531341553,0.14213775098323822,0.8550000190734863,1.3362499475479126
4724,1.0463749170303345,0.22660915553569794,0.5024999976158142,1.377500057220459
4725,0.6076250076293945,1.2207101583480835,-2.8924999237060547,1.3574999570846558
4726,0.9873749613761902,0.3045772910118103,0.2162500023841858,1.221250057220459
4727,0.8694999814033508,0.31643185019493103,0.20749999582767487,1.28125
4728,1.1445000171661377,0.2234049290418625,0.7074999809265137,1.4325000047683716
4729,1.1644998788833618,0.18128205835819244,0.8012499809265137,1.4162499904632568
4730,1.074125051498413,0.26600754261016846,0.42750000953674316,1.375
4731,0.9961250424385071,0.29350972175598145,0.4762499928474426,1.3862500190734863
4732,1.1258751153945923,0.2453460842370987,0.7512500286102295,1.5137499570846558
4733,1.1508750915527344,0.1847236603498459,0.875,1.412500023841858
4734,1.0301250219345093,0.3487493097782135,0.14624999463558197,1.443750023841858
4735,0.9708749651908875,0.17622877657413483,0.675000011920929,1.215000033378601
4736,0.9937499761581421,0.36215028166770935,0.18000000715255737,1.4550000429153442
4737,0.7237500548362732,1.2077778577804565,-2.8112499713897705,1.441249966621399
4738,1.1007499694824219,0.25077205896377563,0.4762499928474426,1.4450000524520874
4739,1.1581250429153442,0.13701990246772766,0.8949999809265137,1.3700000047683716
4740,1.1094999313354492,0.2814383804798126,0.42875000834465027,1.4900000095367432
4741,1.1657501459121704,0.24958164989948273,0.6962500214576721,1.434999942779541
4742,1.148875117301941,0.16116514801979065,0.8587499856948853,1.3799999952316284
4743,0.9438750147819519,0.1605532020330429,0.7099999785423279,1.2000000476837158
4744,1.0993750095367432,0.2213313728570938,0.6575000286102295,1.4149999618530273
4745,1.1963750123977661,0.2414749264717102,0.7137500047683716,1.472499966621399
4746,1.049875020980835,0.2883993685245514,0.375,1.3200000524520874
4747,0.5109999775886536,1.1923511028289795,-2.8787500858306885,1.2050000429153442
4748,0.9991251230239868,0.3339742124080658,0.36125001311302185,1.3862500190734863
4749,1.0631250143051147,0.23380430042743683,0.6299999952316284,1.5087499618530273
4750,0.9891250729560852,0.36624619364738464,0.0062500000931322575,1.3862500190734863
4751,1.0943748950958252,0.21699169278144836,0.824999988079071,1.4537500143051147
4752,1.03125,0.15774385631084442,0.7400000095367432,1.2412500381469727
4753,1.161500096321106,0.16806787252426147,0.925000011920929,1.472499966621399
4754,1.1829999685287476,0.16989536583423615,0.9512500166893005,1.493749976158142
4755,1.0402500629425049,0.35679158568382263,0.41874998807907104,1.4987499713897705
4756,1.0387499332427979,0.3973364531993866,-0.014999999664723873,1.4862500429153442
4757,0.9786249995231628,0.5168768763542175,-0.47874999046325684,1.441249966621399
4758,0.9824999570846558,0.2912735939025879,0.39500001072883606,1.503749966621399
4759,1.0973750352859497,0.24324078857898712,0.7124999761581421,1.527500033378601
4760,1.0842500925064087,0.19335702061653137,0.8424999713897705,1.4299999475479126
4761,1.0876251459121704,0.2236008197069168,0.7112500071525574,1.3862500190734863
4762,1.0302499532699585,0.21621662378311157,0.5299999713897705,1.274999976158142
4763,1.1660000085830688,0.19912996888160706,0.90625,1.4850000143051147
4764,1.1371248960494995,0.18406353890895844,0.8787500262260437,1.5412499904632568
4765,1.000749945640564,0.2674493193626404,0.4412499964237213,1.308750033378601
4766,1.1033750772476196,0.12699536979198456,0.9087499976158142,1.3312499523162842
4767,1.0938750505447388,0.2064487338066101,0.824999988079071,1.3837499618530273
4768,0.8620001077651978,0.6326850652694702,-0.9524999856948853,1.246250033378601
4769,1.1826250553131104,0.11036651581525803,1.024999976158142,1.4249999523162842
4770,1.1571248769760132,0.14810475707054138,0.8424999713897705,1.315000057220459
4771,0.940250039100647,0.5701732039451599,-0.6949999928474426,1.34375
4772,0.9236249923706055,0.6249308586120605,-0.7875000238418579,1.403749942779541
4773,0.9265000224113464,0.39192506670951843,0.09875000268220901,1.3262499570846558
4774,1.119249939918518,0.2100432962179184,0.800000011920929,1.4587500095367432
4775,1.1643749475479126,0.25791728496551514,0.6287500262260437,1.53125
4776,1.0241249799728394,0.2906544506549835,0.4437499940395355,1.5412499904632568
4777,1.0131250619888306,0.24303503334522247,0.6100000143051147,1.408750057220459
4778,1.114875078201294,0.1480376273393631,0.8399999737739563,1.3262499570846558
4779,0.7169999480247498,1.2158499956130981,-2.862499952316284,1.5175000429153442
4780,1.049625039100647,0.15752089023590088,0.8487499952316284,1.277500033378601
4781,0.8986250758171082,0.677875280380249,-1.0750000476837158,1.412500023841858
4782,1.0962499380111694,0.15664750337600708,0.8100000023841858,1.3700000047683716
4783,0.574999988079071,1.212296724319458,-2.952500104904175,1.3350000381469727
4784,1.0048749446868896,0.17393377423286438,0.6899999976158142,1.3250000476837158
4785,1.0779999494552612,0.30959561467170715,0.4325000047683716,1.5412499904632568
4786,1.134124994277954,0.2018771767616272,0.7262499928474426,1.4837499856948853
4787,1.0612499713897705,0.20887573063373566,0.7462499737739563,1.440000057220459
4788,1.1961250305175781,0.18226134777069092,0.9662500023841858,1.4987499713897705
4789,1.0358750820159912,0.26111963391304016,0.5874999761581421,1.4574999809265137
4790,1.0965001583099365,0.18226251006126404,0.7250000238418579,1.3337500095367432
4791,0.9053750038146973,0.43313103914260864,-0.0037499999161809683,1.4487500190734863
4792,1.0230000019073486,0.4083515703678131,0.25,1.493749976158142
4793,1.043375015258789,0.24556250870227814,0.543749988079071,1.375
4794,1.1414998769760132,0.1593255251646042,0.9100000262260437,1.412500023841858
4795,1.1309999227523804,0.05528280511498451,1.0612499713897705,1.221250057220459
4796,1.0777499675750732,0.23161040246486664,0.5062500238418579,1.4299999475479126
4797,1.1707500219345093,0.20679566264152527,0.7400000095367432,1.4487500190734863
4798,1.1614999771118164,0.15143974125385284,0.9162499904632568,1.4299999475479126
4799,1.1526249647140503,0.17251402139663696,0.8662499785423279,1.5175000429153442
4800,0.6985000371932983,1.1383682489395142,-2.6875,1.316249966621399
4801,1.0768749713897705,0.1988382339477539,0.8149999976158142,1.3912500143051147
4802,1.0281250476837158,0.20075035095214844,0.5325000286102295,1.3250000476837158
4803,1.0283749103546143,0.20973199605941772,0.7699999809265137,1.3362499475479126
4804,0.9896249771118164,0.2609963119029999,0.39625000953674316,1.34375
4805,1.115875005722046,0.167653888463974,0.8525000214576721,1.443750023841858
4806,1.163874864578247,0.4425019323825836,-0.05999999865889549,1.5225000381469727
4807,1.112625002861023,0.1797502189874649,0.8075000047683716,1.4900000095367432
4808,0.9835000038146973,0.1675986647605896,0.6412500143051147,1.246250033378601
4809,1.0806249380111694,0.25398772954940796,0.4937500059604645,1.3674999475479126
4810,1.0906250476837158,0.18301746249198914,0.6962500214576721,1.4075000286102295
4811,1.1742500066757202,0.14717358350753784,1.0099999904632568,1.503749966621399
4812,1.2276251316070557,0.23583129048347473,0.7712500095367432,1.4900000095367432
4813,0.9787500500679016,0.4367833435535431,-0.25999999046325684,1.2949999570846558
4814,0.7234999537467957,1.222752332687378,-2.9124999046325684,1.4075000286102295
4815,0.9848750233650208,0.24897821247577667,0.45249998569488525,1.3662500381469727
4816,0.5542499423027039,1.1733256578445435,-2.7249999046325684,1.3125
4817,1.0245000123977661,0.3338582217693329,0.41874998807907104,1.3637499809265137
4818,1.0133750438690186,0.41842564940452576,-0.017500000074505806,1.3637499809265137
4819,1.0451250076293945,0.17905519902706146,0.6600000262260437,1.252500057220459
4820,1.135374903678894,0.2816769480705261,0.6575000286102295,1.4812500476837158
4821,0.7148749828338623,1.2220038175582886,-2.8125,1.4049999713897705
4822,1.240875005722046,0.14324046671390533,0.987500011920929,1.4900000095367432
4823,0.9301249384880066,0.5485969185829163,-0.4962500035762787,1.4900000095367432
4824,1.066499948501587,0.24073052406311035,0.581250011920929,1.3849999904632568
4825,1.0548750162124634,0.22203633189201355,0.5799999833106995,1.3312499523162842
4826,1.1331250667572021,0.2687355875968933,0.4387499988079071,1.4574999809265137
4827,1.0753748416900635,0.19040505588054657,0.7437499761581421,1.408750057220459
4828,1.1571252346038818,0.2077769786119461,0.8100000023841858,1.527500033378601
4829,1.2035000324249268,0.16894784569740295,0.9137499928474426,1.4800000190734863
4830,1.0263750553131104,0.20951542258262634,0.7325000166893005,1.5175000429153442
4831,1.1737500429153442,0.16863884031772614,0.8712499737739563,1.4199999570846558
4832,1.1207499504089355,0.2551563084125519,0.6962500214576721,1.4950000047683716
4833,0.9918749928474426,0.45908409357070923,-0.3387500047683716,1.2962499856948853
4834,0.9397500157356262,0.29600927233695984,0.3737500011920929,1.3362499475479126
4835,0.8687499761581421,0.37361663579940796,0.07999999821186066,1.1974999904632568
4836,1.136625051498413,0.20042304694652557,0.6837499737739563,1.3825000524520874
4837,1.1493749618530273,0.3111768066883087,0.35624998807907104,1.5125000476837158
4838,1.0056250095367432,0.2207212746143341,0.5400000214576721,1.2899999618530273
4839,1.0394999980926514,0.14752669632434845,0.7862499952316284,1.28125
4840,1.1428749561309814,0.268584281206131,0.6175000071525574,1.5187499523162842
4841,1.1285001039505005,0.15428240597248077,0.887499988079071,1.3312499523162842
4842,0.9373749494552612,0.5400481224060059,-0.5512499809265137,1.399999976158142
4843,1.0012500286102295,0.20133693516254425,0.6412500143051147,1.2274999618530273
4844,1.20437490940094,0.13423539698123932,0.8912500143051147,1.3799999952316284
4845,1.1502500772476196,0.18309304118156433,0.6662499904632568,1.3487499952316284
4846,1.1178749799728394,0.24496112763881683,0.6362500190734863,1.4212499856948853
4847,1.2523750066757202,0.12047620117664337,1.058750033378601,1.4574999809265137
4848,0.9788749814033508,0.4561111032962799,0.09375,1.4175000190734863
4849,1.1731250286102295,0.19044376909732819,0.8500000238418579,1.4950000047683716
4850,1.1167500019073486,0.17355401813983917,0.7925000190734863,1.350000023841858
4851,0.9808748960494995,0.2081616371870041,0.5612499713897705,1.2949999570846558
4852,1.019874930381775,0.22501003742218018,0.4387499988079071,1.2400000095367432
4853,1.1782500743865967,0.2698860764503479,0.550000011920929,1.5362499952316284
4854,1.0424998998641968,0.16539819538593292,0.7325000166893005,1.3324999809265137
4855,1.0706250667572021,0.179391548037529,0.7950000166893005,1.4587500095367432
4856,0.9003750085830688,0.42117807269096375,0.1899999976158142,1.441249966621399
4857,1.0098750591278076,0.34210309386253357,0.10999999940395355,1.368749976158142
4858,1.1072499752044678,0.290580689907074,0.3774999976158142,1.350000023841858
4859,0.8218749761581421,0.6295403242111206,-0.9449999928474426,1.2949999570846558
4860,1.1921250820159912,0.2075527459383011,0.71875,1.5637500286102295
4861,1.0835000276565552,0.20171593129634857,0.6499999761581421,1.3324999809265137
4862,0.7886250019073486,1.2233641147613525,-2.8424999713897705,1.434999942779541
4863,0.9682500958442688,0.6283159852027893,-0.8450000286102295,1.441249966621399
4864,1.08774995803833,0.18403956294059753,0.8412500023841858,1.4537500143051147
4865,1.0261249542236328,0.26585206389427185,0.3425000011920929,1.2899999618530273
4866,0.6786249876022339,1.1905978918075562,-2.875,1.2387499809265137
4867,1.0728750228881836,0.11259584873914719,0.9100000262260437,1.2649999856948853
4868,0.7182500958442688,1.1988290548324585,-2.8062500953674316,1.408750057220459
4869,1.0623748302459717,0.16504207253456116,0.7900000214576721,1.4299999475479126
4870,1.169124960899353,0.24957528710365295,0.6000000238418579,1.5262500047683716
4871,0.8111249804496765,1.280141830444336,-2.9912500381469727,1.5225000381469727
4872,1.1037499904632568,0.23731307685375214,0.6937500238418579,1.5087499618530273
4873,1.0981251001358032,0.3935067355632782,-0.0037499999161809683,1.3937499523162842
4874,1.0080000162124634,0.4413580298423767,-0.1587499976158142,1.434999942779541
4875,0.5452499389648438,1.1825793981552124,-2.848750114440918,1.350000023841858
4876,1.049375057220459,0.2022724449634552,0.5950000286102295,1.318750023841858
4877,0.6618750691413879,1.2432736158370972,-2.9462499618530273,1.3849999904632568
4878,0.7074999809265137,1.2326067686080933,-2.911250114440918,1.5499999523162842
4879,1.1220000982284546,0.20119425654411316,0.6212499737739563,1.368749976158142
4880,1.1693750619888306,0.14188271760940552,0.9237499833106995,1.4187500476837158
4881,1.0577499866485596,0.15428444743156433,0.8262500166893005,1.3862500190734863
4882,0.9719999432563782,0.2756277918815613,0.2800000011920929,1.283750057220459
4883,1.0576250553131104,0.17575591802597046,0.8500000238418579,1.431249976158142
4884,0.9701250195503235,0.2889612019062042,0.3125,1.5175000429153442
4885,0.6377500295639038,1.1943267583847046,-2.75,1.4774999618530273
4886,1.0491249561309814,0.44536885619163513,-0.05999999865889549,1.4950000047683716
4887,1.1233750581741333,0.24520786106586456,0.6862499713897705,1.4674999713897705
4888,1.2511249780654907,0.2337796986103058,0.65625,1.5362499952316284
4889,1.0586249828338623,0.3658737242221832,0.06624999642372131,1.346250057220459
4890,1.0829999446868896,0.2707386612892151,0.46875,1.4362499713897705
4891,1.1466249227523804,0.2164219319820404,0.7325000166893005,1.4862500429153442
4892,0.9201250076293945,0.3480815887451172,0.07000000029802322,1.3250000476837158
4893,1.2123749256134033,0.11498566716909409,0.9300000071525574,1.3300000429153442
4894,1.0972498655319214,0.28077057003974915,0.6100000143051147,1.5087499618530273
4895,1.2333749532699585,0.13939495384693146,1.0299999713897705,1.503749966621399
4896,1.1768748760223389,0.1665966510772705,0.9275000095367432,1.5087499618530273
4897,0.9781249761581421,0.35909968614578247,0.019999999552965164,1.3899999856948853
4898,1.114875078201294,0.18276046216487885,0.7599999904632568,1.4012500047683716
4899,1.1226249933242798,0.21671153604984283,0.5199999809265137,1.3224999904632568
4900,1.175624966621399,0.187576025724411,0.8662499785423279,1.5049999952316284
4901,1.0398750305175781,0.22363784909248352,0.5450000166893005,1.441249966621399
4902,1.149125099182129,0.2163836658000946,0.8199999928474426,1.4900000095367432
4903,1.1143749952316284,0.33414360880851746,0.1599999964237213,1.3674999475479126
4904,0.7080000042915344,1.2139508724212646,-2.9049999713897705,1.3912500143051147
4905,1.0509999990463257,0.12167555093765259,0.8550000190734863,1.2100000381469727
4906,1.2307498455047607,0.2101704627275467,0.8500000238418579,1.503749966621399
4907,1.1629999876022339,0.17347118258476257,0.9225000143051147,1.4387500286102295
4908,1.0540001392364502,0.27874037623405457,0.5625,1.412500023841858
4909,1.1519999504089355,0.16190196573734283,0.9549999833106995,1.5362499952316284
4910,1.0693750381469727,0.21527762711048126,0.5699999928474426,1.4075000286102295
4911,1.1387500762939453,0.13877476751804352,0.9162499904632568,1.3450000286102295
4912,1.144374966621399,0.15774807333946228,0.7674999833106995,1.3274999856948853
4913,1.1203750371932983,0.21219909191131592,0.6600000262260437,1.472499966621399
4914,0.9620000123977661,0.3071986436843872,0.5212500095367432,1.3524999618530273
4915,1.1526249647140503,0.17308364808559418,0.9387500286102295,1.3987499475479126
4916,1.2225000858306885,0.1653273105621338,1.0262500047683716,1.5175000429153442
4917,1.126749873161316,0.18857541680335999,0.7737500071525574,1.4850000143051147
4918,1.139125108718872,0.1475212424993515,0.8612499833106995,1.4450000524520874
4919,0.982124924659729,0.30179569125175476,0.22624999284744263,1.3674999475479126
4920,1.087499976158142,0.26456981897354126,0.36000001430511475,1.433750033378601
4921,0.9961249232292175,0.27783843874931335,0.2537499964237213,1.337499976158142
4922,1.1791249513626099,0.24185806512832642,0.6924999952316284,1.4987499713897705
4923,1.021375060081482,0.47179126739501953,-0.3425000011920929,1.3324999809265137
4924,0.02887498214840889,1.604246735572815,-2.922499895095825,1.4987499713897705
4925,1.1425000429153442,0.12007418274879456,0.9225000143051147,1.3125
4926,1.1741249561309814,0.16092996299266815,0.7674999833106995,1.3674999475479126
4927,1.048374891281128,0.252702921628952,0.6162499785423279,1.5175000429153442
4928,1.002000093460083,0.2007518708705902,0.53125,1.2287499904632568
4929,1.0287500619888306,0.43890878558158875,-0.23250000178813934,1.4175000190734863
4930,0.9899999499320984,0.3641600012779236,0.009999999776482582,1.3337500095367432
4931,0.9785000681877136,0.3016609251499176,0.4737499952316284,1.462499976158142
4932,0.9675000309944153,0.3175300061702728,0.2787500023841858,1.3825000524520874
4933,1.0647499561309814,0.15827171504497528,0.7437499761581421,1.3312499523162842
4934,1.066499948501587,0.18215960264205933,0.7425000071525574,1.3312499523162842
4935,1.0195000171661377,0.24784711003303528,0.5987499952316284,1.368749976158142
4936,1.0797499418258667,0.22211751341819763,0.6524999737739563,1.4275000095367432
4937,1.1001249551773071,0.1936204731464386,0.8012499809265137,1.4537500143051147
4938,1.1306250095367432,0.1734595000743866,0.8974999785423279,1.3887499570846558
4939,1.0633749961853027,0.11638172715902328,0.9087499976158142,1.308750033378601
4940,1.030500054359436,0.3362305462360382,0.512499988079071,1.5549999475479126
4941,1.2138750553131104,0.17979803681373596,0.8324999809265137,1.4537500143051147
4942,1.0122499465942383,0.16421480476856232,0.6899999976158142,1.2337499856948853
4943,1.1421250104904175,0.22863933444023132,0.7325000166893005,1.5449999570846558
4944,1.100000023841858,0.14597837626934052,0.824999988079071,1.309999942779541
4945,1.189500093460083,0.16378548741340637,0.9150000214576721,1.5087499618530273
4946,1.1486250162124634,0.16783127188682556,0.9049999713897705,1.527500033378601
4947,1.1403748989105225,0.12094557285308838,0.9474999904632568,1.3274999856948853
4948,1.0133750438690186,0.20420275628566742,0.6600000262260437,1.3312499523162842
4949,0.9162500500679016,0.23943030834197998,0.45124998688697815,1.2287499904632568
4950,1.003999948501587,0.16709166765213013,0.6700000166893005,1.28125
4951,1.1111249923706055,0.12008129805326462,0.9137499928474426,1.274999976158142
4952,1.1296249628067017,0.14360865950584412,0.8450000286102295,1.309999942779541
4953,0.9742500185966492,0.5000779032707214,-0.42750000953674316,1.4387500286102295
4954,1.1734999418258667,0.18473359942436218,0.7462499737739563,1.412500023841858
4955,1.0142500400543213,0.4506617486476898,-0.26499998569488525,1.5175000429153442
4956,1.1054999828338623,0.16052085161209106,0.8224999904632568,1.3300000429153442
4957,0.9779999852180481,0.35676679015159607,-0.012500000186264515,1.2649999856948853
4958,1.0368750095367432,0.19461199641227722,0.7149999737739563,1.3224999904632568
4959,0.9326249957084656,0.8496553301811218,-1.568750023841858,1.4325000047683716
4960,1.1505000591278076,0.12576168775558472,0.8799999952316284,1.3762500286102295
4961,1.0864999294281006,0.19654260575771332,0.6225000023841858,1.3537499904632568
4962,1.0880000591278076,0.18338075280189514,0.6225000023841858,1.3337500095367432
4963,1.1786251068115234,0.2028757780790329,0.856249988079071,1.5362499952316284
4964,0.7366248965263367,1.1677324771881104,-2.7300000190734863,1.3937499523162842
4965,1.0233749151229858,0.3906857371330261,0.009999999776482582,1.5225000381469727
4966,1.084375023841858,0.16996712982654572,0.7350000143051147,1.308750033378601
4967,1.0663750171661377,0.3270060420036316,0.4762499928474426,1.5362499952316284
4968,1.1714999675750732,0.13483646512031555,0.9150000214576721,1.3837499618530273
4969,0.9866250157356262,0.33346524834632874,0.20499999821186066,1.368749976158142
4970,0.9386249780654907,0.14183886349201202,0.7074999809265137,1.1174999475479126
4971,1.130500078201294,0.20709311962127686,0.7925000190734863,1.4850000143051147
4972,1.1319999694824219,0.26617616415023804,0.5862500071525574,1.4900000095367432
4973,1.1085000038146973,0.1217179149389267,0.9225000143051147,1.274999976158142
4974,1.0915000438690186,0.16029249131679535,0.7900000214576721,1.3674999475479126
4975,1.0743749141693115,0.21871589124202728,0.7325000166893005,1.381250023841858
4976,1.002000093460083,0.28434309363365173,0.32374998927116394,1.2949999570846558
4977,1.0292500257492065,0.1416390836238861,0.8199999928474426,1.2725000381469727
4978,1.0951250791549683,0.28631791472435,0.38499999046325684,1.3899999856948853
4979,1.1422499418258667,0.20046648383140564,0.9112499952316284,1.5362499952316284
4980,1.0863749980926514,0.16078367829322815,0.7837499976158142,1.3200000524520874
4981,1.0232499837875366,0.27024364471435547,0.5237500071525574,1.3700000047683716
4982,1.0487500429153442,0.2395986169576645,0.41624999046325684,1.3674999475479126
4983,1.0407499074935913,0.17511622607707977,0.7699999809265137,1.2637499570846558
4984,1.1176249980926514,0.15580783784389496,0.824999988079071,1.346250057220459
4985,0.9450000524520874,0.3316898047924042,0.10999999940395355,1.246250033378601
4986,0.9844999313354492,0.1351841241121292,0.6937500238418579,1.1987500190734863
4987,1.040624976158142,0.2002391368150711,0.7825000286102295,1.3825000524520874
4988,1.2647501230239868,0.16049709916114807,1.0437500476837158,1.527500033378601
4989,1.0697499513626099,0.27919626235961914,0.4925000071525574,1.5412499904632568
4990,0.8792499303817749,0.34692224860191345,-0.07249999791383743,1.159999966621399
4991,1.0750000476837158,0.18125689029693604,0.8362500071525574,1.375
4992,1.159250020980835,0.4051142632961273,0.07374999672174454,1.5225000381469727
4993,1.0853750705718994,0.26505956053733826,0.5325000286102295,1.4987499713897705
4994,1.0541250705718994,0.368640661239624,0.0,1.4249999523162842
4995,0.918624997138977,0.28528958559036255,0.2462500035762787,1.190000057220459
4996,1.0188751220703125,0.167414590716362,0.731249988079071,1.2987500429153442
4997,1.107624888420105,0.20784342288970947,0.8799999952316284,1.4537500143051147
4998,1.067000150680542,0.26125669479370117,0.5049999952316284,1.3762500286102295
4999,1.171875,0.19207359850406647,0.7862499952316284,1.4299999475479126
5000,1.019624948501587,0.14293907582759857,0.7149999737739563,1.25
