episode,reward,epsilon
1,-3.0187500000000003,0.5
2,-1.1087500000000003,0.499
3,-3.018750000000001,0.498002
4,-2.9075000000000006,0.497005996
5,-3.245000000000001,0.496011984008
6,0.5675000000000001,0.495019960039984
7,-1.445000000000001,0.49402992011990404
8,-2.9437499999999996,0.49304186027966423
9,1.44375,0.49205577655910493
10,-3.0875,0.4910716650059867
11,-3.0325000000000015,0.49008952167597475
12,-3.28875,0.4891093426326228
13,-3.1375000000000006,0.4881311239473575
14,-3.161250000000001,0.4871548616994628
15,-3.267500000000001,0.4861805519760639
16,-2.9587499999999993,0.4852081908721118
17,-3.493750000000001,0.4842377744903676
18,-3.133750000000001,0.48326929894138687
19,-2.968749999999999,0.4823027603435041
20,-2.897500000000001,0.4813381548228171
21,-2.9325000000000006,0.48037547851317147
22,-3.0674999999999986,0.4794147275561451
23,-3.275000000000001,0.47845589810103284
24,-2.8737500000000002,0.4774989863048308
25,-2.983750000000001,0.4765439883322211
26,-3.2562500000000005,0.4755909003555567
27,-2.9712500000000013,0.47463971855484555
28,-2.937500000000001,0.47369043911773584
29,-1.3837499999999991,0.47274305823950036
30,-2.9975000000000014,0.47179757212302137
31,-3.3025000000000007,0.47085397697877535
32,-3.2837499999999995,0.4699122690248178
33,-2.8850000000000002,0.46897244448676817
34,-3.205,0.46803449959779464
35,-2.7187500000000004,0.46709843059859907
36,-3.0712500000000005,0.46616423373740185
37,-2.9712499999999995,0.465231905269927
38,-2.9387499999999984,0.4643014414593872
39,-2.9600000000000004,0.4633728385764684
40,-2.9150000000000005,0.46244609289931543
41,-2.9812499999999997,0.4615212007135168
42,-3.1337500000000005,0.4605981583120898
43,-2.9937500000000012,0.4596769619954656
44,-3.070000000000001,0.45875760807147464
45,-3.1250000000000013,0.45784009285533167
46,-2.9462500000000005,0.456924412669621
47,-1.2912500000000005,0.4560105638442818
48,-2.976250000000001,0.4550985427165932
49,-2.9687499999999996,0.45418834563116006
50,-2.970000000000001,0.45327996893989775
51,-3.2112500000000006,0.45237340900201795
52,-2.90875,0.45146866218401394
53,-2.88375,0.4505657248596459
54,0.028750000000000275,0.4496645934099266
55,-2.8400000000000007,0.44876526422310675
56,-2.8887500000000004,0.44786773369466054
57,-3.0212500000000007,0.44697199822727124
58,-2.9075,0.4460780542308167
59,-2.8475000000000006,0.44518589812235504
60,0.18874999999999975,0.4442955263261103
61,-2.94625,0.4434069352734581
62,-1.0762500000000002,0.4425201214029112
63,0.7225,0.44163508116010536
64,-3.0350000000000006,0.44075181099778515
65,-2.9937500000000012,0.4398703073757896
66,0.82875,0.438990566761038
67,0.30374999999999996,0.4381125856275159
68,-2.92125,0.4372363604562609
69,-3.1,0.4363618877353484
70,-2.915,0.4354891639598777
71,-2.8275000000000006,0.4346181856319579
72,-2.905,0.433748949260694
73,-2.93375,0.43288145136217265
74,-2.9212500000000015,0.4320156884594483
75,-3.3462500000000004,0.43115165708252945
76,-2.9999999999999996,0.4302893537683644
77,-3.1525000000000007,0.42942877506082766
78,-3.024999999999999,0.428569917510706
79,-2.9812500000000006,0.4277127776756846
80,-2.84,0.4268573521203332
81,-3.110000000000001,0.42600363741609254
82,-1.03625,0.42515163014126034
83,-2.9687499999999996,0.4243013268809778
84,-2.8925000000000005,0.42345272422721586
85,-2.9450000000000007,0.4226058187787614
86,-2.8675000000000006,0.4217606071412039
87,-2.893750000000001,0.4209170859269215
88,-3.1075,0.42007525175506766
89,0.89875,0.4192351012515575
90,-2.9724999999999997,0.4183966310490544
91,-0.1387499999999997,0.41755983778695627
92,-2.7862499999999994,0.41672471811138234
93,-0.6399999999999992,0.4158912686751596
94,-3.265,0.41505948613780924
95,-2.8962500000000007,0.4142293671655336
96,-3.3237500000000004,0.41340090843120253
97,-3.18125,0.41257410661434013
98,-2.9637500000000006,0.4117489584011115
99,-3.165,0.4109254604843093
100,-3.212499999999999,0.4101036095633407
101,-0.6449999999999996,0.409283402344214
102,-0.23249999999999948,0.40846483553952556
103,-2.85875,0.4076479058684465
104,0.08000000000000007,0.4068326100567096
105,-2.7800000000000007,0.4060189448365962
106,-2.9837500000000015,0.40520690694692296
107,-2.953750000000001,0.4043964931330291
108,-2.9037500000000005,0.40358770014676304
109,-2.9199999999999995,0.4027805247464695
110,-3.006250000000001,0.4019749636969766
111,-3.2012500000000013,0.40117101376958264
112,-2.9912500000000013,0.4003686717420435
113,-2.94125,0.3995679343985594
114,-2.975,0.3987687985297623
115,-2.9662499999999996,0.3979712609327028
116,-2.865,0.39717531841083736
117,-2.905000000000001,0.3963809677740157
118,-2.8462500000000004,0.39558820583846765
119,-2.79125,0.39479702942679074
120,-3.0587500000000016,0.39400743536793714
121,-2.9674999999999994,0.39321942049720127
122,-3.0462499999999997,0.3924329816562069
123,-3.1225000000000005,0.3916481156928945
124,-2.8887500000000004,0.3908648194615087
125,-3.0537500000000004,0.39008308982258566
126,-3.098750000000001,0.3893029236429405
127,-2.9175000000000004,0.3885243177956546
128,-2.9525,0.3877472691600633
129,-0.8150000000000002,0.38697177462174315
130,-2.9562499999999994,0.38619783107249966
131,0.36624999999999996,0.3854254354103547
132,-2.849999999999999,0.384654584539534
133,-2.956250000000001,0.3838852753704549
134,1.1175000000000002,0.383117504819714
135,-3.0925000000000007,0.3823512698100746
136,-1.2962500000000012,0.3815865672704545
137,-3.2375000000000003,0.3808233941359136
138,-3.02,0.38006174734764175
139,-3.313750000000001,0.37930162385294647
140,0.1100000000000001,0.3785430206052406
141,-2.99875,0.3777859345640301
142,-3.035000000000001,0.37703036269490203
143,-2.8874999999999997,0.37627630196951223
144,-2.7587500000000005,0.3755237493655732
145,0.32499999999999973,0.37477270186684203
146,-2.66,0.37402315646310835
147,-2.9725000000000006,0.3732751101501821
148,-2.80375,0.37252855992988176
149,-3.2650000000000015,0.371783502810022
150,-2.9987500000000002,0.3710399358044019
151,-2.9412500000000015,0.37029785593279313
152,-3.167500000000001,0.36955726022092755
153,-0.02499999999999991,0.3688181457004857
154,-2.846250000000001,0.36808050940908477
155,-3.0162500000000003,0.3673443483902666
156,1.07375,0.366609659693486
157,-3.0362500000000003,0.36587644037409905
158,-0.9712500000000002,0.3651446874933509
159,-2.9487500000000004,0.3644143981183642
160,-2.9725000000000006,0.3636855693221275
161,0.9675000000000001,0.36295819818348324
162,1.12375,0.36223228178711625
163,-3.10875,0.361507817223542
164,-2.7300000000000004,0.36078480158909493
165,-2.8187500000000005,0.3600632319859167
166,-3.0250000000000004,0.35934310552194487
167,-2.9487500000000004,0.358624419310901
168,-2.7600000000000002,0.3579071704722792
169,-3.0025000000000004,0.3571913561313347
170,-2.903750000000001,0.35647697341907203
171,-3.01125,0.3557640194722339
172,0.27124999999999955,0.35505249143328943
173,-2.9812499999999993,0.3543423864504229
174,-2.9287500000000004,0.353633701677522
175,-3.03875,0.352926434274167
176,-2.9337500000000003,0.3522205814056186
177,-2.845000000000001,0.35151614024280736
178,-0.5849999999999995,0.35081310796232174
179,-2.877500000000001,0.3501114817463971
180,-2.76125,0.3494112587829043
181,-2.9462500000000005,0.3487124362653385
182,-2.986250000000001,0.3480150113928078
183,-3.0137500000000004,0.3473189813700222
184,-2.9312500000000012,0.34662434340728215
185,-2.9550000000000005,0.34593109472046757
186,-2.910000000000001,0.3452392325310266
187,-3.13,0.3445487540659646
188,-2.8912500000000008,0.3438596565578326
189,-2.91,0.34317193724471695
190,-2.8850000000000007,0.3424855933702275
191,-3.0700000000000007,0.34180062218348706
192,-3.00875,0.3411170209391201
193,-2.8525000000000005,0.3404347868972419
194,-2.9150000000000005,0.3397539173234474
195,-2.805,0.3390744094888005
196,-2.9600000000000013,0.3383962606698229
197,-3.3749999999999996,0.3377194681484833
198,-3.073750000000001,0.33704402921218635
199,-2.8700000000000006,0.33636994115376195
200,-3.04125,0.3356972012714544
201,-2.900000000000001,0.3350258068689115
202,-2.8737500000000007,0.33435575525517364
203,-2.9962500000000003,0.3336870437446633
204,-2.7075,0.33301966965717394
205,-2.95875,0.3323536303178596
206,0.42375000000000007,0.33168892305722386
207,-2.873750000000001,0.33102554521110944
208,-0.5399999999999996,0.3303634941206872
209,-2.9475,0.32970276713244584
210,-2.7725000000000004,0.32904336159818093
211,-2.825000000000001,0.3283852748749846
212,-3.013750000000001,0.3277285043252346
213,-2.8687500000000012,0.3270730473165841
214,-3.2199999999999998,0.32641890122195094
215,-2.94,0.32576606341950703
216,-2.8525,0.32511453129266804
217,-2.7925,0.3244643022300827
218,-2.7912500000000007,0.32381537362562257
219,-3.1024999999999996,0.3231677428783713
220,-3.1037500000000002,0.32252140739261453
221,-3.0787500000000017,0.3218763645778293
222,1.0537500000000002,0.32123261184867363
223,-2.9537500000000008,0.32059014662497626
224,-2.950000000000001,0.3199489663317263
225,-2.9912500000000013,0.31930906839906287
226,-2.90125,0.31867045026226476
227,-3.1175000000000006,0.31803310936174023
228,0.815,0.31739704314301675
229,-2.948750000000001,0.3167622490567307
230,-2.8400000000000007,0.3161287245586173
231,-2.9725000000000006,0.3154964671095001
232,-3.005,0.3148654741752811
233,-3.0512500000000005,0.31423574322693054
234,-3.244999999999999,0.3136072717404767
235,-1.0125000000000002,0.31298005719699573
236,-2.9150000000000014,0.31235409708260176
237,-2.8362500000000006,0.31172938888843654
238,-0.3399999999999994,0.3111059301106597
239,-2.961250000000001,0.31048371825043836
240,-3.073750000000001,0.3098627508139375
241,-2.9537500000000008,0.3092430253123096
242,-2.886250000000001,0.308624539261685
243,-2.9737500000000012,0.3080072901831616
244,-2.942500000000001,0.3073912756027953
245,-2.926250000000001,0.30677649305158966
246,-2.8662500000000004,0.3061629400654865
247,-2.8862500000000004,0.3055506141853555
248,-2.825000000000001,0.3049395129569848
249,-3.0474999999999994,0.3043296339310708
250,-3.025000000000001,0.3037209746632087
251,-2.9475000000000002,0.30311353271388225
252,-2.96625,0.30250730564845446
253,-3.098750000000001,0.30190229103715754
254,-3.131250000000001,0.3012984864550832
255,-2.8162500000000006,0.3006958894821731
256,-2.9350000000000014,0.30009449770320873
257,-2.7787500000000005,0.2994943087078023
258,-2.7200000000000006,0.2988953200903867
259,-3.070000000000001,0.29829752945020593
260,-2.8625000000000007,0.2977009343913055
261,-2.9487500000000004,0.2971055325225229
262,-3.0725000000000007,0.2965113214574779
263,-3.14125,0.29591829881456294
264,-2.82375,0.2953264622169338
265,-3.010000000000001,0.29473580929249993
266,-2.976250000000001,0.2941463376739149
267,-3.0775000000000006,0.2935580449985671
268,0.9075000000000001,0.29297092890856996
269,-2.8249999999999997,0.29238498705075283
270,-2.9725000000000015,0.2918002170766513
271,-2.866250000000001,0.29121661664249804
272,-3.0137500000000004,0.29063418340921304
273,-2.8287500000000008,0.2900529150423946
274,-2.861250000000001,0.28947280921230983
275,-3.010000000000001,0.2888938635938852
276,-2.8537500000000007,0.28831607586669744
277,-3.031250000000001,0.28773944371496407
278,-3.3199999999999994,0.28716396482753415
279,-2.9712500000000013,0.2865896368978791
280,-2.983750000000001,0.28601645762408334
281,-2.890000000000001,0.2854444247088352
282,-2.98625,0.2848735358594175
283,-2.910000000000001,0.28430378878769863
284,-2.8350000000000004,0.28373518121012326
285,-2.89625,0.28316771084770304
286,0.30499999999999994,0.2826013754260076
287,0.84,0.28203617267515557
288,-2.767500000000001,0.28147210032980524
289,-2.8737500000000007,0.28090915612914563
290,-2.7287500000000002,0.28034733781688737
291,-2.8562500000000006,0.27978664314125357
292,-2.83625,0.27922706985497103
293,-3.03125,0.2786686157152611
294,-2.9275,0.27811127848383055
295,1.435,0.27755505592686286
296,-2.8237500000000004,0.27699994581500914
297,-2.927500000000001,0.2764459459233791
298,-2.74,0.27589305403153236
299,-2.991250000000001,0.2753412679234693
300,-2.8200000000000003,0.27479058538762235
301,-2.6375,0.2742410042168471
302,-2.9025000000000007,0.2736925222084134
303,-2.9637500000000006,0.2731451371639966
304,-2.861250000000001,0.27259884688966857
305,-2.9475000000000007,0.2720536491958892
306,-3.298750000000001,0.27150954189749743
307,-2.9037500000000005,0.2709665228137024
308,-2.8187500000000005,0.27042458976807504
309,-3.0500000000000016,0.26988374058853887
310,-2.8662499999999995,0.2693439731073618
311,-0.16249999999999964,0.2688052851611471
312,-2.8162500000000006,0.2682676745908248
313,-2.990000000000001,0.26773113924164316
314,-2.9737500000000017,0.2671956769631599
315,-2.882500000000001,0.2666612856092336
316,-3.061250000000001,0.2661279630380151
317,-2.903750000000001,0.2655957071119391
318,-2.9862500000000005,0.2650645156977152
319,-2.9924999999999993,0.2645343866663198
320,-2.8600000000000003,0.26400531789298715
321,-3.090000000000001,0.2634773072572012
322,-3.057500000000001,0.2629503526426868
323,-2.991250000000001,0.26242445193740144
324,-2.8762500000000006,0.2618996030335266
325,-2.8425000000000002,0.26137580382745956
326,0.88375,0.26085305221980465
327,-3.0587500000000016,0.260331346115365
328,-2.8475000000000006,0.2598106834231343
329,-3.08,0.25929106205628805
330,-2.958750000000001,0.25877247993217545
331,1.435,0.2582549349723111
332,-3.055,0.2577384251023665
333,-2.983750000000002,0.25722294825216174
334,-2.8825,0.2567085023556574
335,-0.3712499999999994,0.2561950853509461
336,-2.8662500000000004,0.2556826951802442
337,-3.1749999999999994,0.2551713297898837
338,-2.8925000000000005,0.25466098713030394
339,-2.993750000000001,0.2541516651560433
340,-2.9150000000000005,0.2536433618257312
341,0.3837499999999998,0.25313607510207975
342,-2.7162500000000005,0.2526298029518756
343,-2.7987500000000005,0.25212454334597184
344,-2.7812500000000004,0.2516202942592799
345,-2.8987500000000015,0.2511170536707613
346,-2.98375,0.2506148195634198
347,-2.8937500000000003,0.25011358992429295
348,-2.7000000000000006,0.24961336274444434
349,-2.865,0.24911413601895546
350,-2.997500000000001,0.24861590774691755
351,0.645,0.24811867593142373
352,-2.9275,0.24762243857956087
353,-2.7175000000000002,0.24712719370240174
354,-2.8725,0.24663293931499694
355,-2.736250000000001,0.24613967343636695
356,-2.8037500000000004,0.2456473940894942
357,-2.6675,0.2451560993013152
358,-2.983750000000001,0.24466578710271258
359,-1.0187500000000005,0.24417645552850717
360,-2.915,0.24368810261745016
361,1.26,0.24320072641221527
362,-2.8812500000000005,0.24271432495939083
363,-2.9837500000000006,0.24222889630947203
364,-2.8237500000000004,0.2417444385168531
365,-2.7987499999999996,0.2412609496398194
366,-3.2700000000000014,0.24077842774053976
367,-2.911250000000001,0.2402968708850587
368,-3.1450000000000014,0.23981627714328857
369,-2.7899999999999996,0.239336644589002
370,-2.64875,0.238857971299824
371,-2.8087500000000003,0.23838025535722435
372,-2.8987500000000006,0.2379034948465099
373,-3.17125,0.2374276878568169
374,-2.836250000000001,0.23695283248110327
375,-2.9475,0.23647892681614108
376,-2.7800000000000007,0.2360059689625088
377,-3.316250000000002,0.2355339570245838
378,-2.9587500000000007,0.23506288911053463
379,-2.900000000000001,0.23459276333231358
380,-2.973749999999999,0.23412357780564894
381,-2.928750000000001,0.23365533065003763
382,-2.75,0.23318801998873756
383,-3.021250000000001,0.23272164394876008
384,-2.9462500000000005,0.23225620066086256
385,-2.8600000000000008,0.23179168825954083
386,-3.665,0.23132810488302175
387,-3.2975000000000008,0.2308654486732557
388,-3.230000000000002,0.23040371777590918
389,-2.908750000000001,0.22994291034035735
390,-2.8300000000000005,0.22948302451967664
391,-3.3,0.22902405847063728
392,-2.991250000000001,0.228566010353696
393,-3.0025000000000013,0.22810887833298862
394,-2.8275000000000006,0.22765266057632264
395,-2.932500000000001,0.22719735525516999
396,-3.0700000000000007,0.22674296054465964
397,-2.9087500000000013,0.22628947462357032
398,-2.8800000000000012,0.2258368956743232
399,-3.194999999999999,0.22538522188297455
400,-3.008750000000001,0.2249344514392086
401,-2.781250000000001,0.22448458253633016
402,-2.911250000000001,0.2240356133712575
403,-2.8312500000000003,0.22358754214451498
404,-2.875000000000001,0.22314036706022594
405,-2.9487500000000013,0.2226940863261055
406,-2.8100000000000005,0.22224869815345327
407,-2.903750000000001,0.22180420075714635
408,-2.6862500000000002,0.22136059235563205
409,-2.80375,0.2209178711709208
410,-1.0887500000000008,0.22047603542857896
411,-2.862500000000001,0.22003508335772182
412,-2.8562500000000006,0.21959501319100638
413,-2.9100000000000006,0.21915582316462437
414,-0.5874999999999992,0.21871751151829513
415,-3.0062500000000014,0.21828007649525855
416,-2.8962500000000007,0.21784351634226803
417,-3.12125,0.2174078293095835
418,-2.847500000000001,0.21697301365096433
419,-2.6125,0.2165390676236624
420,-2.9037500000000005,0.21610598948841508
421,-2.781250000000001,0.21567377750943825
422,-1.2250000000000005,0.21524242995441936
423,-2.847500000000001,0.21481194509451051
424,-2.935000000000001,0.2143823212043215
425,-2.91625,0.21395355656191284
426,-2.916250000000001,0.21352564944878902
427,-2.94625,0.21309859814989143
428,-2.84125,0.21267240095359166
429,-2.8287500000000003,0.2122470561516845
430,-2.7112500000000006,0.21182256203938113
431,-2.9212500000000006,0.21139891691530235
432,-2.9674999999999994,0.21097611908147174
433,-2.880000000000001,0.2105541668433088
434,-2.8087500000000003,0.2101330585096222
435,-2.9200000000000013,0.20971279239260293
436,-2.970000000000001,0.20929336680781774
437,-3.0962500000000004,0.2088747800742021
438,-2.942500000000001,0.2084570305140537
439,-2.9125,0.2080401164530256
440,-2.960000000000001,0.20762403622011955
441,-2.9187499999999993,0.20720878814767932
442,-2.7287500000000007,0.20679437057138395
443,-2.8812499999999996,0.20638078183024117
444,-3.136249999999999,0.20596802026658068
445,-2.905000000000001,0.20555608422604751
446,-2.9325000000000014,0.2051449720575954
447,-2.7575,0.20473468211348023
448,-2.9112500000000012,0.20432521274925328
449,-2.8825000000000007,0.20391656232375477
450,-2.9837499999999992,0.20350872919910726
451,-3.047500000000001,0.20310171174070904
452,-3.0287500000000014,0.20269550831722763
453,-1.0650000000000002,0.20229011730059318
454,-2.9512500000000004,0.201885537065992
455,-2.8525000000000005,0.20148176599186002
456,-2.806250000000001,0.2010788024598763
457,-0.45124999999999926,0.20067664485495657
458,-2.7424999999999997,0.20027529156524665
459,-2.9300000000000006,0.19987474098211616
460,0.02000000000000024,0.19947499150015194
461,-2.7487500000000007,0.19907604151715164
462,-3.02375,0.19867788943411732
463,-3.058750000000001,0.19828053365524909
464,-3.112500000000001,0.19788397258793858
465,-2.9600000000000013,0.1974882046427627
466,-3.137500000000001,0.1970932282334772
467,-3.722500000000001,0.19669904177701023
468,-2.78625,0.1963056436934562
469,-0.83125,0.1959130324060693
470,-2.8600000000000008,0.19552120634125716
471,-3.275,0.19513016392857466
472,-3.017500000000001,0.1947399036007175
473,-2.95875,0.19435042379351605
474,-2.9375,0.19396172294592903
475,-2.9712500000000013,0.19357379950003717
476,-3.0212500000000007,0.1931866519010371
477,-2.847500000000001,0.19280027859723503
478,-2.7987500000000005,0.19241467804004056
479,-2.8500000000000005,0.19202984868396047
480,-2.8225000000000002,0.19164578898659254
481,-2.7687500000000007,0.19126249740861936
482,-3.0512500000000014,0.1908799724138021
483,-3.256250000000001,0.1904982124689745
484,-2.8350000000000004,0.19011721604403656
485,-2.7,0.1897369816119485
486,-2.7550000000000003,0.18935750764872458
487,-3.043750000000001,0.18897879263342712
488,-3.0537500000000013,0.18860083504816028
489,-2.886250000000001,0.18822363337806394
490,-3.0362500000000003,0.18784718611130782
491,-3.0837500000000015,0.1874714917390852
492,-2.9862500000000005,0.18709654875560702
493,-3.008750000000001,0.1867223556580958
494,-2.886250000000001,0.1863489109467796
495,-2.905000000000001,0.18597621312488605
496,-2.940000000000001,0.18560426069863628
497,-2.6300000000000003,0.185233052177239
498,-2.8112500000000007,0.18486258607288453
499,-2.8500000000000005,0.18449286090073877
500,-2.8800000000000012,0.1841238751789373
501,-3.06125,0.18375562742857943
502,-2.847500000000001,0.18338811617372228
503,-2.892500000000001,0.18302133994137484
504,-2.9275,0.1826552972614921
505,-2.9225000000000003,0.1822899866669691
506,-2.7500000000000004,0.18192540669363516
507,-3.0625,0.1815615558802479
508,-3.00875,0.1811984327684874
509,-2.8362499999999993,0.18083603590295044
510,-3.0212500000000015,0.18047436383114454
511,-2.9862500000000005,0.18011341510348225
512,-3.0287500000000014,0.17975318827327527
513,-2.935000000000001,0.17939368189672872
514,-2.89625,0.17903489453293525
515,-2.6812500000000004,0.17867682474386937
516,-3.047500000000001,0.17831947109438162
517,-2.8287500000000003,0.17796283215219286
518,-2.8725,0.17760690648788846
519,-3.05875,0.17725169267491267
520,-2.9775000000000014,0.17689718928956286
521,-2.9112500000000012,0.17654339491098373
522,-2.8962500000000007,0.17619030812116176
523,-2.7800000000000002,0.17583792750491944
524,-2.886250000000001,0.1754862516499096
525,-3.0962500000000017,0.17513527914660978
526,-3.010000000000001,0.17478500858831655
527,-2.952500000000001,0.1744354385711399
528,-2.9050000000000007,0.17408656769399763
529,-2.90375,0.17373839455860965
530,-2.867500000000001,0.17339091776949242
531,-3.118750000000001,0.17304413593395343
532,-3.1075000000000004,0.17269804766208552
533,-2.948750000000001,0.17235265156676136
534,-2.9274999999999998,0.17200794626362784
535,-2.880000000000001,0.1716639303711006
536,-3.0662500000000006,0.17132060251035838
537,-2.8087500000000007,0.17097796130533766
538,-2.8625000000000007,0.17063600538272697
539,-2.9237500000000005,0.17029473337196152
540,-2.893750000000001,0.1699541439052176
541,-2.9787500000000002,0.16961423561740716
542,-2.911250000000001,0.16927500714617233
543,-3.0700000000000016,0.16893645713188
544,-2.8275,0.16859858421761623
545,-2.9312500000000012,0.168261387049181
546,-2.9074999999999998,0.16792486427508263
547,-2.892500000000001,0.16758901454653247
548,0.7849999999999999,0.1672538365174394
549,-3.0475000000000017,0.16691932884440452
550,-1.0825000000000007,0.1665854901867157
551,-2.8937500000000003,0.16625231920634226
552,-3.0575000000000014,0.16591981456792956
553,-2.892500000000001,0.1655879749387937
554,-2.8000000000000007,0.16525679898891613
555,-2.965000000000001,0.1649262853909383
556,-2.6925000000000003,0.1645964328201564
557,-3.1137500000000005,0.1642672399545161
558,-2.975,0.16393870547460707
559,-2.986250000000001,0.16361082806365784
560,-2.7737500000000006,0.16328360640753053
561,-3.055000000000001,0.16295703919471546
562,-2.9462500000000014,0.16263112511632602
563,-2.7800000000000002,0.16230586286609336
564,-2.9675000000000007,0.16198125114036116
565,-2.7812500000000004,0.16165728863808043
566,-2.9725000000000015,0.16133397406080427
567,-3.0662500000000015,0.16101130611268266
568,-2.7,0.1606892835004573
569,-3.1637500000000016,0.1603679049334564
570,-2.903750000000001,0.1600471691235895
571,-3.0862499999999997,0.15972707478534232
572,-2.8912500000000003,0.15940762063577163
573,-3.15125,0.1590888053945001
574,-3.1487500000000015,0.1587706277837111
575,-0.7212499999999997,0.15845308652814366
576,-2.8412500000000005,0.15813618035508736
577,-3.126250000000001,0.1578199079943772
578,-2.7562500000000005,0.15750426817838845
579,-3.0775000000000006,0.15718925964203168
580,-3.2175000000000016,0.1568748811227476
581,-2.9162500000000002,0.15656113136050212
582,-2.8787500000000006,0.1562480090977811
583,-2.93,0.15593551307958556
584,-0.8512500000000001,0.15562364205342638
585,-2.7825000000000006,0.15531239476931952
586,-3.028750000000002,0.15500176997978088
587,-2.890000000000001,0.15469176643982133
588,-3.2862500000000017,0.15438238290694167
589,-3.0137500000000004,0.1540736181411278
590,-2.9475000000000007,0.15376547090484555
591,-2.855000000000001,0.15345793996303586
592,-3.0200000000000005,0.1531510240831098
593,-3.495000000000001,0.15284472203494356
594,-2.8612500000000005,0.15253903259087367
595,1.3250000000000002,0.15223395452569194
596,-2.8400000000000007,0.15192948661664055
597,-2.841250000000001,0.15162562764340726
598,-2.9775,0.15132237638812043
599,-2.9787500000000007,0.15101973163534418
600,-3.205000000000002,0.1507176921720735
601,-2.7662500000000003,0.15041625678772935
602,-3.0362500000000017,0.1501154242741539
603,-2.96375,0.1498151934256056
604,-2.7562500000000005,0.14951556303875438
605,-3.040000000000001,0.14921653191267686
606,-2.855000000000001,0.14891809884885152
607,-2.937500000000001,0.1486202626511538
608,-2.736250000000001,0.1483230221258515
609,-2.8699999999999997,0.1480263760815998
610,-2.9900000000000007,0.14773032332943659
611,-3.077500000000001,0.14743486268277772
612,-2.950000000000001,0.14713999295741217
613,-3.1037500000000002,0.14684571297149734
614,-3.050000000000001,0.14655202154555436
615,1.0150000000000001,0.14625891750246325
616,-2.9274999999999993,0.14596639966745834
617,-2.950000000000001,0.1456744668681234
618,-2.987500000000001,0.14538311793438716
619,-3.073749999999999,0.1450923516985184
620,-3.023750000000001,0.14480216699512136
621,-3.112499999999999,0.1445125626611311
622,-2.910000000000001,0.14422353753580885
623,-2.7600000000000002,0.14393509046073724
624,-3.1112500000000005,0.14364722027981577
625,-3.1799999999999997,0.14335992583925614
626,-3.066250000000001,0.1430732059875776
627,-2.94125,0.14278705957560245
628,-3.09625,0.14250148545645125
629,-2.900000000000001,0.14221648248553834
630,-3.145000000000001,0.14193204952056726
631,-2.9037500000000005,0.14164818542152613
632,-3.025,0.1413648890506831
633,-2.8100000000000005,0.14108215927258172
634,-3.0350000000000015,0.14079999495403656
635,-2.9862500000000014,0.1405183949641285
636,-2.9300000000000006,0.14023735817420024
637,-2.8975000000000013,0.13995688345785184
638,-2.736250000000001,0.13967696969093615
639,-3.1225,0.1393976157515543
640,-2.892500000000001,0.13911882052005117
641,-2.99375,0.13884058287901108
642,-2.7950000000000004,0.13856290171325306
643,-2.906250000000001,0.13828577590982655
644,-2.66875,0.1380092043580069
645,-2.9500000000000006,0.13773318594929088
646,-2.8500000000000005,0.1374577195773923
647,-2.920000000000001,0.13718280413823752
648,-2.7300000000000004,0.13690843852996104
649,-2.922500000000001,0.1366346216529011
650,-2.9500000000000006,0.1363613524095953
651,-2.8737500000000002,0.13608862970477612
652,-2.8687499999999995,0.13581645244536655
653,-2.9725,0.1355448195404758
654,-2.818750000000001,0.13527372990139486
655,-0.6974999999999996,0.13500318244159207
656,-2.895,0.13473317607670887
657,-3.0599999999999996,0.13446370972455546
658,-3.05,0.13419478230510634
659,-3.0062499999999996,0.13392639274049614
660,-2.8225000000000002,0.13365853995501514
661,-2.91125,0.1333912228751051
662,-2.8050000000000006,0.1331244404293549
663,-3.0362500000000012,0.13285819154849618
664,-2.9187500000000006,0.13259247516539918
665,-3.1074999999999995,0.1323272902150684
666,-2.8737500000000007,0.13206263563463827
667,-3.0700000000000007,0.13179851036336898
668,-3.091250000000001,0.13153491334264225
669,-2.9875000000000007,0.13127184351595697
670,-3.068750000000002,0.13100929982892506
671,-2.76875,0.1307472812292672
672,-2.991250000000001,0.13048578666680868
673,-2.9987500000000007,0.13022481509347505
674,-2.9425000000000012,0.1299643654632881
675,-2.8875000000000015,0.1297044367323615
676,-3.0475000000000003,0.12944502785889678
677,-3.031250000000001,0.12918613780317897
678,-2.7775000000000003,0.12892776552757262
679,-2.9500000000000006,0.12866990999651748
680,-3.0162500000000017,0.12841257017652444
681,-3.0350000000000015,0.1281557450361714
682,-2.8912500000000003,0.12789943354609903
683,-3.04125,0.12764363467900683
684,-2.95375,0.12738834740964883
685,-3.010000000000001,0.12713357071482953
686,-3.0337499999999995,0.12687930357339988
687,-2.8187500000000005,0.12662554496625308
688,-3.113750000000001,0.12637229387632057
689,-3.1300000000000003,0.12611954928856792
690,-3.026250000000001,0.12586731018999078
691,-2.9300000000000006,0.1256155755696108
692,-3.1512500000000006,0.12536434441847158
693,-2.8500000000000005,0.12511361572963464
694,-2.96875,0.12486338849817537
695,-2.9875000000000007,0.12461366172117902
696,-2.961250000000001,0.12436443439773666
697,-2.845000000000001,0.12411570552894119
698,-3.4937500000000017,0.1238674741178833
699,-3.0337500000000013,0.12361973916964754
700,-2.950000000000001,0.12337249969130824
701,-2.940000000000001,0.12312575469192563
702,-2.987500000000001,0.12287950318254177
703,-2.998750000000001,0.12263374417617669
704,-3.1000000000000023,0.12238847668782434
705,-3.0474999999999994,0.12214369973444869
706,-2.9175000000000013,0.12189941233497979
707,-2.950000000000001,0.12165561351030983
708,-3.0625,0.12141230228328921
709,-2.8250000000000006,0.12116947767872263
710,-3.0287500000000005,0.12092713872336519
711,-2.9612500000000006,0.12068528444591846
712,-2.98,0.12044391387702662
713,-2.9575,0.12020302604927256
714,-2.8362500000000006,0.11996261999717402
715,-3.2224999999999993,0.11972269475717967
716,-2.9375000000000013,0.11948324936766531
717,-2.9875000000000007,0.11924428286892999
718,-3.1037500000000002,0.11900579430319214
719,-3.3400000000000003,0.11876778271458575
720,-3.0050000000000003,0.11853024714915658
721,-2.9187500000000006,0.11829318665485827
722,-2.952500000000001,0.11805660028154856
723,-2.9887500000000005,0.11782048708098546
724,-3.025,0.11758484610682349
725,-2.922500000000001,0.11734967641460985
726,-3.092500000000001,0.11711497706178063
727,0.9162500000000001,0.11688074710765707
728,-2.9562500000000003,0.11664698561344175
729,-3.115000000000001,0.11641369164221486
730,-2.8562500000000006,0.11618086425893043
731,-2.937500000000001,0.11594850253041257
732,-3.002500000000001,0.11571660552535175
733,-2.948750000000001,0.11548517231430104
734,0.8175,0.11525420196967244
735,-2.9975000000000005,0.1150236935657331
736,-2.9687500000000004,0.11479364617860163
737,-2.9862500000000014,0.11456405888624444
738,-3.0062500000000014,0.11433493076847194
739,-2.9862500000000014,0.114106260906935
740,-3.023750000000001,0.11387804838512113
741,-3.0287500000000014,0.11365029228835088
742,-2.881250000000001,0.11342299170377418
743,-2.817500000000001,0.11319614572036663
744,-3.0850000000000013,0.11296975342892589
745,-2.956250000000001,0.11274381392206803
746,-3.017500000000001,0.1125183262942239
747,-3.121250000000001,0.11229328964163544
748,-2.885000000000001,0.11206870306235217
749,-2.7500000000000004,0.11184456565622747
750,-2.955000000000001,0.11162087652491501
751,-2.930000000000001,0.11139763477186518
752,-3.0162500000000008,0.11117483950232145
753,-3.0050000000000012,0.1109524898233168
754,-3.066250000000002,0.11073058484367017
755,-3.1599999999999997,0.11050912367398283
756,-3.0649999999999995,0.11028810542663486
757,-2.7800000000000007,0.1100675292157816
758,-3.531249999999999,0.10984739415735004
759,-3.1900000000000004,0.10962769936903534
760,-2.9362500000000002,0.10940844397029727
761,-2.891250000000001,0.10918962708235667
762,-2.987500000000001,0.10897124782819197
763,-3.050000000000001,0.10875330533253558
764,-2.931250000000001,0.10853579872187051
765,-3.0,0.10831872712442676
766,-3.2187499999999996,0.10810208967017791
767,-2.7787500000000005,0.10788588549083755
768,-2.978750000000001,0.10767011371985588
769,-3.0850000000000013,0.10745477349241617
770,-3.0812500000000016,0.10723986394543134
771,-2.9987500000000007,0.10702538421754047
772,-2.9025000000000003,0.10681133344910539
773,-2.9950000000000006,0.10659771078220717
774,-2.9362500000000007,0.10638451536064276
775,-2.9687500000000013,0.10617174632992148
776,-2.9875000000000016,0.10595940283726163
777,-2.9425000000000012,0.10574748403158711
778,-2.8912500000000003,0.10553598906352393
779,-3.016250000000002,0.10532491708539689
780,-3.0850000000000013,0.10511426725122609
781,-2.9687500000000004,0.10490403871672364
782,-3.065000000000001,0.10469423063929019
783,-2.95,0.10448484217801161
784,-3.043750000000001,0.1042758724936556
785,-2.961250000000002,0.10406732074866828
786,-3.0350000000000015,0.10385918610717094
787,-3.0575000000000006,0.1036514677349566
788,-3.3025000000000007,0.10344416479948669
789,-3.0437500000000006,0.10323727646988771
790,-3.1087500000000006,0.10303080191694794
791,-3.031250000000001,0.10282474031311405
792,-3.1062500000000006,0.10261909083248782
793,-3.0275000000000007,0.10241385265082285
794,-2.967500000000001,0.10220902494552121
795,-3.0625000000000013,0.10200460689563016
796,-2.8987500000000006,0.10180059768183891
797,-2.956250000000001,0.10159699648647523
798,-3.11,0.10139380249350229
799,-2.818750000000001,0.10119101488851528
800,-2.7487500000000002,0.10098863285873826
801,-3.1037500000000002,0.10078665559302077
802,-2.9937500000000004,0.10058508228183473
803,-2.98,0.10038391211727106
804,-2.97375,0.10018314429303651
805,-3.711250000000001,0.1
806,-3.0887500000000006,0.1
807,-3.0350000000000015,0.1
808,-3.0337500000000004,0.1
809,-2.9425000000000003,0.1
810,-3.2012500000000017,0.1
811,-3.130000000000001,0.1
812,-2.9000000000000017,0.1
813,-2.937500000000001,0.1
814,-3.003750000000001,0.1
815,-2.9662500000000014,0.1
816,-3.032500000000001,0.1
817,-2.8675000000000006,0.1
818,-3.043750000000001,0.1
819,-3.360000000000001,0.1
820,-2.9112500000000012,0.1
821,-3.205000000000002,0.1
822,-3.2137499999999997,0.1
823,-2.917500000000001,0.1
824,-3.050000000000001,0.1
825,-2.9375000000000013,0.1
826,-2.935000000000001,0.1
827,-3.0362500000000012,0.1
828,-2.993750000000001,0.1
829,-3.100000000000002,0.1
830,-3.162500000000001,0.1
831,-3.010000000000001,0.1
832,-2.9487500000000013,0.1
833,-3.1112500000000014,0.1
834,-2.9862500000000014,0.1
835,-3.0162500000000008,0.1
836,-2.967500000000001,0.1
837,-2.960000000000001,0.1
838,-2.9800000000000018,0.1
839,-2.878750000000001,0.1
840,-2.810000000000001,0.1
841,-2.9112500000000012,0.1
842,-2.8987500000000015,0.1
843,-3.1100000000000008,0.1
844,-3.088750000000001,0.1
845,-2.9200000000000013,0.1
846,-2.950000000000001,0.1
847,-3.0275000000000016,0.1
848,-3.0437500000000015,0.1
849,-2.956250000000001,0.1
850,-3.110000000000002,0.1
851,-2.9562500000000016,0.1
852,-3.057500000000002,0.1
853,-2.981250000000001,0.1
854,-3.0962500000000017,0.1
855,-2.962500000000001,0.1
856,-3.0175000000000005,0.1
857,-3.0550000000000015,0.1
858,-2.992500000000001,0.1
859,-3.12,0.1
860,-3.238750000000002,0.1
861,-2.9237500000000005,0.1
862,-2.950000000000001,0.1
863,-2.9499999999999997,0.1
864,-2.9900000000000007,0.1
865,-3.0362500000000012,0.1
866,-2.918750000000001,0.1
867,-2.85,0.1
868,-2.780000000000001,0.1
869,-3.3850000000000016,0.1
870,-2.9612500000000015,0.1
871,-3.0625,0.1
872,-3.100000000000001,0.1
873,-3.0625000000000013,0.1
874,-3.036250000000001,0.1
875,-3.0462500000000015,0.1
876,-2.887500000000001,0.1
877,-3.0312500000000018,0.1
878,-2.9000000000000012,0.1
879,-3.230000000000001,0.1
880,-3.003750000000001,0.1
881,-2.9125000000000005,0.1
882,-3.0800000000000005,0.1
883,-2.931250000000001,0.1
884,-2.960000000000001,0.1
885,-3.0125000000000015,0.1
886,-3.190000000000001,0.1
887,-3.1487500000000015,0.1
888,-3.111250000000001,0.1
889,-2.9000000000000004,0.1
890,-2.9475,0.1
891,-3.0175000000000014,0.1
892,-2.9300000000000006,0.1
893,-3.175000000000001,0.1
894,-3.066250000000002,0.1
895,-2.9375000000000018,0.1
896,-2.9112500000000012,0.1
897,-3.005000000000001,0.1
898,-3.036250000000001,0.1
899,-2.9112500000000012,0.1
900,-2.967500000000001,0.1
901,-3.023750000000001,0.1
902,-2.925000000000001,0.1
903,-3.212500000000001,0.1
904,-3.2350000000000008,0.1
905,-3.0662500000000006,0.1
906,-3.193750000000001,0.1
907,-2.961250000000001,0.1
908,-3.17125,0.1
909,-3.006250000000001,0.1
910,-2.891250000000001,0.1
911,-2.9850000000000003,0.1
912,-3.092500000000001,0.1
913,-3.057500000000001,0.1
914,-2.9500000000000006,0.1
915,-2.7425,0.1
916,-3.055000000000001,0.1
917,-3.100000000000002,0.1
918,-2.7312500000000006,0.1
919,-3.0125000000000006,0.1
920,-2.9800000000000018,0.1
921,-2.8487500000000003,0.1
922,-3.0275,0.1
923,-3.04375,0.1
924,-2.9425000000000003,0.1
925,-2.977500000000001,0.1
926,-2.9124999999999996,0.1
927,-2.980000000000001,0.1
928,-2.8687500000000012,0.1
929,-3.010000000000001,0.1
930,-3.0175000000000014,0.1
931,-3.1600000000000015,0.1
932,-2.9787500000000007,0.1
933,-3.111250000000001,0.1
934,-2.9675000000000002,0.1
935,-3.1225000000000005,0.1
936,-2.8925,0.1
937,-3.002499999999999,0.1
938,-2.9175000000000013,0.1
939,-3.0825000000000014,0.1
940,-2.906250000000001,0.1
941,-2.9937500000000012,0.1
942,-2.8300000000000005,0.1
943,-2.987500000000001,0.1
944,-3.043750000000001,0.1
945,-2.967500000000001,0.1
946,-2.9687500000000013,0.1
947,-2.9362500000000007,0.1
948,-3.02625,0.1
949,-3.1112500000000014,0.1
950,-2.980000000000001,0.1
951,-2.9850000000000003,0.1
952,-3.3075000000000014,0.1
953,-3.1737500000000014,0.1
954,-2.8600000000000008,0.1
955,-2.9737500000000017,0.1
956,-3.1150000000000015,0.1
957,-3.263750000000001,0.1
958,-3.246250000000002,0.1
959,-2.9612499999999993,0.1
960,-2.950000000000001,0.1
961,-2.761250000000001,0.1
962,-2.9837500000000006,0.1
963,-3.1012500000000016,0.1
964,-2.9487500000000013,0.1
965,-3.2125000000000012,0.1
966,-3.063750000000001,0.1
967,-2.9212500000000006,0.1
968,-2.92125,0.1
969,-2.8000000000000007,0.1
970,-2.930000000000001,0.1
971,-2.912500000000001,0.1
972,-3.073750000000001,0.1
973,-3.0287500000000014,0.1
974,-3.0625000000000013,0.1
975,-2.6675000000000004,0.1
976,-3.0350000000000015,0.1
977,-2.9312500000000004,0.1
978,-2.986250000000001,0.1
979,-3.0062500000000014,0.1
980,-2.8800000000000012,0.1
981,-2.65,0.1
982,-3.0550000000000015,0.1
983,-3.1899999999999995,0.1
984,-3.042500000000001,0.1
985,-3.0950000000000006,0.1
986,-2.6125000000000003,0.1
987,-3.0112500000000013,0.1
988,-3.035000000000001,0.1
989,-2.930000000000001,0.1
990,-3.1450000000000014,0.1
991,-3.1787500000000004,0.1
992,-3.0100000000000016,0.1
993,-2.8500000000000005,0.1
994,-3.092500000000001,0.1
995,-3.1450000000000005,0.1
996,-3.0700000000000016,0.1
997,-3.5725000000000016,0.1
998,-3.0937500000000018,0.1
999,-3.0287500000000014,0.1
1000,-2.880000000000001,0.1
1001,-3.0050000000000017,0.1
1002,-2.9624999999999995,0.1
1003,-2.8187500000000005,0.1
1004,-2.868750000000001,0.1
1005,-3.229999999999999,0.1
1006,-2.9062500000000004,0.1
1007,-2.917500000000001,0.1
1008,-2.86125,0.1
1009,-2.9287500000000013,0.1
1010,-2.9000000000000012,0.1
1011,-3.0175000000000014,0.1
1012,-2.9187500000000006,0.1
1013,-2.9487500000000013,0.1
1014,-2.9800000000000013,0.1
1015,-3.023750000000001,0.1
1016,-2.8625000000000007,0.1
1017,-2.8687500000000012,0.1
1018,-2.9187500000000006,0.1
1019,-2.8125000000000013,0.1
1020,-3.0575000000000006,0.1
1021,-2.996250000000001,0.1
1022,-3.1225000000000014,0.1
1023,-2.9750000000000014,0.1
1024,-3.111250000000002,0.1
1025,-3.0475000000000017,0.1
1026,-3.017500000000001,0.1
1027,-2.910000000000001,0.1
1028,-2.9000000000000012,0.1
1029,-3.0450000000000013,0.1
1030,-2.9874999999999994,0.1
1031,-2.9612500000000006,0.1
1032,-3.111250000000001,0.1
1033,-2.9612500000000006,0.1
1034,-2.9687500000000004,0.1
1035,-2.943750000000001,0.1
1036,-2.900000000000001,0.1
1037,-3.4875000000000016,0.1
1038,-3.092500000000001,0.1
1039,-2.8800000000000003,0.1
1040,-2.9375000000000013,0.1
1041,-2.81875,0.1
1042,-2.99125,0.1
1043,-3.0812500000000016,0.1
1044,-2.88,0.1
1045,-2.9562500000000007,0.1
1046,-3.055000000000002,0.1
1047,-2.8000000000000007,0.1
1048,-2.9937500000000012,0.1
1049,-3.0125000000000015,0.1
1050,-3.0125,0.1
1051,-3.0550000000000015,0.1
1052,-3.345000000000002,0.1
1053,-3.0050000000000003,0.1
1054,-3.231250000000001,0.1
1055,1.4900000000000002,0.1
1056,-2.905,0.1
1057,-2.88,0.1
1058,-2.9612500000000006,0.1
1059,-3.070000000000001,0.1
1060,-3.171250000000002,0.1
1061,-2.9850000000000008,0.1
1062,-2.981250000000001,0.1
1063,-2.918750000000001,0.1
1064,-3.28,0.1
1065,-3.0925000000000007,0.1
1066,-3.062500000000001,0.1
1067,-3.031250000000001,0.1
1068,-2.930000000000001,0.1
1069,-3.030000000000001,0.1
1070,-3.0062500000000014,0.1
1071,-3.0250000000000012,0.1
1072,-3.0437500000000015,0.1
1073,-2.991250000000001,0.1
1074,-2.918750000000001,0.1
1075,-3.0550000000000006,0.1
1076,-2.968750000000001,0.1
1077,-2.767500000000001,0.1
1078,-3.065000000000001,0.1
1079,-2.7500000000000004,0.1
1080,-3.0050000000000012,0.1
1081,-3.0587500000000007,0.1
1082,-2.887500000000001,0.1
1083,-2.8675000000000006,0.1
1084,-3.052500000000001,0.1
1085,-3.0475000000000008,0.1
1086,-2.9850000000000003,0.1
1087,-3.017500000000001,0.1
1088,-3.0050000000000012,0.1
1089,-2.8362500000000006,0.1
1090,-2.9687500000000013,0.1
1091,-2.868750000000001,0.1
1092,-2.9800000000000013,0.1
1093,-3.1150000000000015,0.1
1094,-3.100000000000001,0.1
1095,-3.017500000000001,0.1
1096,-2.918750000000001,0.1
1097,-3.2875000000000014,0.1
1098,-2.9500000000000006,0.1
1099,-2.960000000000001,0.1
1100,-3.1225,0.1
1101,-3.0037500000000015,0.1
1102,-3.0112500000000004,0.1
1103,-2.9812500000000015,0.1
1104,-3.0425000000000013,0.1
1105,-3.0200000000000005,0.1
1106,-3.0312500000000013,0.1
1107,-3.0050000000000017,0.1
1108,-3.405000000000002,0.1
1109,-2.7800000000000007,0.1
1110,-2.9975000000000005,0.1
1111,-3.055000000000001,0.1
1112,-2.928750000000001,0.1
1113,-2.7187500000000004,0.1
1114,-3.0100000000000002,0.1
1115,-2.9750000000000014,0.1
1116,-3.09125,0.1
1117,-2.966250000000001,0.1
1118,-3.0737500000000004,0.1
1119,-2.9800000000000013,0.1
1120,-3.0837500000000007,0.1
1121,-3.0824999999999996,0.1
1122,-2.971249999999999,0.1
1123,-2.8850000000000007,0.1
1124,-2.9500000000000015,0.1
1125,-2.9987500000000016,0.1
1126,-2.9937500000000012,0.1
1127,-3.0237500000000015,0.1
1128,-2.900000000000001,0.1
1129,-3.12,0.1
1130,-2.7487500000000007,0.1
1131,-2.9937500000000012,0.1
1132,-2.9812500000000015,0.1
1133,-2.9937500000000012,0.1
1134,-2.906250000000001,0.1
1135,-2.825000000000001,0.1
1136,-2.968750000000001,0.1
1137,-3.16625,0.1
1138,-2.9987500000000007,0.1
1139,-3.1025000000000014,0.1
1140,-2.9975000000000005,0.1
1141,-2.9975000000000014,0.1
1142,-2.856250000000001,0.1
1143,-2.8000000000000007,0.1
1144,-2.8975,0.1
1145,-3.1725000000000017,0.1
1146,-2.980000000000001,0.1
1147,-3.06625,0.1
1148,-3.0225,0.1
1149,-3.0625000000000013,0.1
1150,-3.1337500000000005,0.1
1151,-3.092500000000001,0.1
1152,-3.031250000000001,0.1
1153,-2.9987500000000007,0.1
1154,-2.7487500000000002,0.1
1155,-2.950000000000001,0.1
1156,-2.987500000000001,0.1
1157,-3.1112500000000014,0.1
1158,-2.94375,0.1
1159,-3.0625000000000004,0.1
1160,-2.956250000000001,0.1
1161,-3.1000000000000014,0.1
1162,-3.008750000000001,0.1
1163,-3.0412500000000007,0.1
1164,-3.052500000000001,0.1
1165,-3.1112500000000014,0.1
1166,-3.085000000000001,0.1
1167,-2.9625000000000004,0.1
1168,-2.9187500000000006,0.1
1169,-2.956250000000001,0.1
1170,-3.036250000000001,0.1
1171,-2.9750000000000014,0.1
1172,-2.885000000000001,0.1
1173,-2.987500000000001,0.1
1174,-2.9487500000000013,0.1
1175,-3.0175000000000005,0.1
1176,-2.8000000000000007,0.1
1177,-3.1250000000000013,0.1
1178,-2.960000000000001,0.1
1179,-3.0800000000000014,0.1
1180,-2.886250000000001,0.1
1181,-2.980000000000001,0.1
1182,-3.0300000000000002,0.1
1183,-2.937500000000001,0.1
1184,-3.0925000000000016,0.1
1185,1.21625,0.1
1186,-2.83625,0.1
1187,-2.948750000000001,0.1
1188,-2.8800000000000012,0.1
1189,-2.880000000000001,0.1
1190,-3.111250000000002,0.1
1191,-3.0800000000000014,0.1
1192,-3.4787500000000025,0.1
1193,-2.818750000000001,0.1
1194,-3.1225000000000005,0.1
1195,-2.8987500000000006,0.1
1196,-2.758750000000001,0.1
1197,-2.9187500000000006,0.1
1198,-2.8687500000000012,0.1
1199,-2.9175000000000013,0.1
1200,-3.1600000000000006,0.1
1201,-2.9675000000000007,0.1
1202,-3.1225000000000014,0.1
1203,-3.0275000000000016,0.1
1204,-2.980000000000001,0.1
1205,-3.092500000000001,0.1
1206,-2.848750000000001,0.1
1207,-2.966250000000001,0.1
1208,-3.008750000000001,0.1
1209,-2.8225000000000007,0.1
1210,-3.111250000000001,0.1
1211,-2.8687500000000004,0.1
1212,-2.991250000000001,0.1
1213,-2.868750000000001,0.1
1214,-3.1600000000000015,0.1
1215,-3.0425000000000013,0.1
1216,-2.9675000000000007,0.1
1217,-2.850000000000001,0.1
1218,-3.020000000000002,0.1
1219,-3.1900000000000013,0.1
1220,-3.0925000000000007,0.1
1221,-3.001250000000001,0.1
1222,-3.0425000000000013,0.1
1223,-3.126250000000001,0.1
1224,-2.9175000000000004,0.1
1225,-2.9812500000000006,0.1
1226,-2.7875000000000005,0.1
1227,-2.9687500000000018,0.1
1228,-2.930000000000001,0.1
1229,-3.0612500000000002,0.1
1230,-2.975000000000001,0.1
1231,-3.096250000000001,0.1
1232,-3.0125000000000006,0.1
1233,-2.7687500000000003,0.1
1234,-3.066250000000001,0.1
1235,-2.9312500000000012,0.1
1236,-2.8687500000000012,0.1
1237,-2.7875000000000005,0.1
1238,-2.9612500000000006,0.1
1239,-3.1037500000000007,0.1
1240,-3.1675000000000013,0.1
1241,-3.0287500000000014,0.1
1242,-2.998750000000001,0.1
1243,-2.9875000000000003,0.1
1244,-2.9675000000000007,0.1
1245,-2.837500000000001,0.1
1246,-2.7500000000000004,0.1
1247,-2.7800000000000007,0.1
1248,-2.943750000000001,0.1
1249,-2.898750000000001,0.1
1250,-3.22375,0.1
1251,-3.0650000000000017,0.1
1252,-2.9187500000000015,0.1
1253,-3.047500000000001,0.1
1254,-3.0475000000000008,0.1
1255,-2.875000000000001,0.1
1256,-3.011250000000001,0.1
1257,-3.178750000000001,0.1
1258,-3.0087500000000014,0.1
1259,-2.980000000000001,0.1
1260,-3.1075000000000013,0.1
1261,-2.96875,0.1
1262,-2.8975000000000013,0.1
1263,-3.062500000000001,0.1
1264,-2.9625000000000004,0.1
1265,-2.980000000000001,0.1
1266,-2.9787500000000002,0.1
1267,-3.0150000000000015,0.1
1268,-3.051250000000001,0.1
1269,-2.956250000000001,0.1
1270,-3.017500000000001,0.1
1271,-2.921250000000001,0.1
1272,-3.4700000000000024,0.1
1273,-2.998750000000001,0.1
1274,-2.918750000000001,0.1
1275,-2.867500000000001,0.1
1276,-3.1037500000000007,0.1
1277,-2.867500000000001,0.1
1278,-2.906250000000001,0.1
1279,-2.997500000000001,0.1
1280,-3.010000000000001,0.1
1281,1.08875,0.1
1282,-3.012500000000001,0.1
1283,-2.9987500000000016,0.1
1284,-3.0250000000000017,0.1
1285,-2.750000000000001,0.1
1286,-2.8675000000000015,0.1
1287,-3.0500000000000016,0.1
1288,-2.846250000000001,0.1
1289,-2.9687500000000013,0.1
1290,-2.9800000000000013,0.1
1291,-3.005000000000001,0.1
1292,-2.9375000000000013,0.1
1293,-3.023750000000002,0.1
1294,-3.0800000000000014,0.1
1295,-2.992500000000001,0.1
1296,-2.975000000000001,0.1
1297,-3.0000000000000013,0.1
1298,-2.9787500000000007,0.1
1299,-2.7500000000000004,0.1
1300,-3.030000000000001,0.1
1301,-3.0800000000000005,0.1
1302,-3.100000000000002,0.1
1303,-3.0050000000000017,0.1
1304,-2.992500000000001,0.1
1305,-2.9750000000000014,0.1
1306,-3.0287500000000014,0.1
1307,-2.918750000000001,0.1
1308,-2.9375000000000004,0.1
1309,-2.955000000000001,0.1
1310,-3.010000000000001,0.1
1311,-2.8562500000000006,0.1
1312,-3.0625000000000013,0.1
1313,-2.8062500000000004,0.1
1314,-2.8787500000000006,0.1
1315,-3.085000000000001,0.1
1316,-3.010000000000001,0.1
1317,-2.9375000000000013,0.1
1318,-2.997500000000001,0.1
1319,-3.0125000000000006,0.1
1320,-3.1024999999999996,0.1
1321,-2.830000000000001,0.1
1322,-2.8175000000000012,0.1
1323,-3.2187500000000018,0.1
1324,-2.8537500000000007,0.1
1325,-2.9062500000000018,0.1
1326,-3.0725000000000007,0.1
1327,-2.8800000000000012,0.1
1328,-3.081250000000001,0.1
1329,-2.986250000000001,0.1
1330,-3.05875,0.1
1331,-3.0175000000000005,0.1
1332,-2.83,0.1
1333,-3.0087500000000014,0.1
1334,-2.9750000000000014,0.1
1335,-3.0175000000000014,0.1
1336,-2.8812500000000014,0.1
1337,-2.898750000000001,0.1
1338,-2.81875,0.1
1339,-2.743750000000001,0.1
1340,-3.0400000000000005,0.1
1341,-3.0237500000000006,0.1
1342,-2.7687500000000007,0.1
1343,-3.1712500000000015,0.1
1344,-3.2000000000000015,0.1
1345,-2.886250000000001,0.1
1346,-3.1300000000000017,0.1
1347,-3.242500000000002,0.1
1348,-2.8812500000000005,0.1
1349,-2.966250000000001,0.1
1350,-3.0812500000000007,0.1
1351,-2.998750000000001,0.1
1352,-2.8400000000000003,0.1
1353,-2.8087500000000007,0.1
1354,-2.9062500000000004,0.1
1355,-2.9962500000000007,0.1
1356,-2.925000000000001,0.1
1357,-3.0737500000000013,0.1
1358,-3.1025000000000005,0.1
1359,-2.837500000000001,0.1
1360,-2.9375000000000013,0.1
1361,-3.1337500000000014,0.1
1362,-3.003750000000001,0.1
1363,-3.006250000000001,0.1
1364,-2.9312500000000012,0.1
1365,-3.0550000000000015,0.1
1366,-3.246250000000001,0.1
1367,-3.0050000000000012,0.1
1368,-2.911250000000001,0.1
1369,-3.111250000000001,0.1
1370,-3.028750000000001,0.1
1371,-2.9787500000000016,0.1
1372,-3.0437500000000006,0.1
1373,-3.0100000000000007,0.1
1374,1.5174999999999998,0.1
1375,-2.937500000000001,0.1
1376,-2.9312500000000017,0.1
1377,-3.1787500000000013,0.1
1378,-2.9937500000000012,0.1
1379,-2.9750000000000014,0.1
1380,-2.986250000000001,0.1
1381,-2.93125,0.1
1382,-2.9425000000000003,0.1
1383,-3.053750000000001,0.1
1384,-2.9375000000000004,0.1
1385,-3.5900000000000003,0.1
1386,-2.967500000000001,0.1
1387,-2.837500000000001,0.1
1388,-3.005000000000001,0.1
1389,-2.853750000000001,0.1
1390,-3.0000000000000013,0.1
1391,-3.0362500000000012,0.1
1392,-2.980000000000001,0.1
1393,-2.868750000000001,0.1
1394,-3.0925000000000016,0.1
1395,-2.9475000000000016,0.1
1396,-3.2975000000000017,0.1
1397,-2.9487500000000013,0.1
1398,-2.967500000000001,0.1
1399,-2.9612500000000015,0.1
1400,-2.86,0.1
1401,-3.0175000000000014,0.1
1402,-2.986250000000001,0.1
1403,-3.03625,0.1
1404,-2.9300000000000015,0.1
1405,-2.943750000000001,0.1
1406,-2.9562500000000007,0.1
1407,-2.9937500000000017,0.1
1408,-2.8287500000000003,0.1
1409,-2.9987500000000007,0.1
1410,-2.9187500000000006,0.1
1411,-2.950000000000001,0.1
1412,-2.912500000000001,0.1
1413,-2.9375000000000004,0.1
1414,-3.06125,0.1
1415,-2.966250000000001,0.1
1416,-3.0812500000000003,0.1
1417,-2.9475000000000007,0.1
1418,-2.9912500000000013,0.1
1419,-3.042500000000001,0.1
1420,-3.045000000000001,0.1
1421,-3.14125,0.1
1422,-3.0812500000000016,0.1
1423,-3.047500000000001,0.1
1424,-3.0125000000000015,0.1
1425,-2.7612499999999995,0.1
1426,-2.996250000000001,0.1
1427,-2.9362500000000002,0.1
1428,-2.9487500000000004,0.1
1429,-2.8487500000000012,0.1
1430,-2.8487500000000012,0.1
1431,-2.9375,0.1
1432,-3.0050000000000012,0.1
1433,-2.8987500000000006,0.1
1434,-2.9812500000000015,0.1
1435,-2.930000000000001,0.1
1436,-2.9875000000000016,0.1
1437,-2.9400000000000004,0.1
1438,-2.956250000000001,0.1
1439,-3.1300000000000012,0.1
1440,-3.0050000000000012,0.1
1441,-2.8112500000000007,0.1
1442,-2.7687500000000007,0.1
1443,-3.0825000000000005,0.1
1444,-2.875000000000001,0.1
1445,-2.8812500000000005,0.1
1446,-3.012500000000001,0.1
1447,-2.862500000000001,0.1
1448,-2.89375,0.1
1449,-2.992500000000001,0.1
1450,-2.868750000000001,0.1
1451,-2.73125,0.1
1452,-2.756250000000001,0.1
1453,-2.921250000000001,0.1
1454,-3.125000000000002,0.1
1455,-2.7550000000000012,0.1
1456,-2.8087500000000003,0.1
1457,-2.9587500000000007,0.1
1458,-2.9000000000000012,0.1
1459,-3.0425000000000018,0.1
1460,-2.962500000000001,0.1
1461,-3.0662500000000015,0.1
1462,-2.9487500000000004,0.1
1463,-3.1112500000000014,0.1
1464,-2.9562500000000007,0.1
1465,-3.1100000000000008,0.1
1466,-2.8475000000000006,0.1
1467,-3.0500000000000016,0.1
1468,-3.0812500000000016,0.1
1469,-2.8537500000000007,0.1
1470,-2.9175000000000004,0.1
1471,-2.937500000000001,0.1
1472,-2.9987500000000016,0.1
1473,-2.850000000000001,0.1
1474,-2.887500000000001,0.1
1475,-2.9100000000000006,0.1
1476,-2.831250000000001,0.1
1477,-2.8175000000000003,0.1
1478,-2.9237500000000005,0.1
1479,-3.092500000000001,0.1
1480,-3.0062500000000014,0.1
1481,-2.825000000000001,0.1
1482,-2.6375000000000006,0.1
1483,-3.092500000000001,0.1
1484,-3.0062500000000014,0.1
1485,-3.0050000000000003,0.1
1486,-3.2487500000000016,0.1
1487,-3.0850000000000004,0.1
1488,-3.1000000000000014,0.1
1489,-2.930000000000001,0.1
1490,-2.9537500000000003,0.1
1491,-2.9187500000000015,0.1
1492,-2.825000000000001,0.1
1493,-2.867500000000001,0.1
1494,-2.956250000000001,0.1
1495,-2.9974999999999996,0.1
1496,-2.9675000000000007,0.1
1497,-2.9225000000000003,0.1
1498,-2.880000000000001,0.1
1499,-2.7924999999999995,0.1
1500,-2.8737500000000007,0.1
1501,-2.836250000000001,0.1
1502,-2.948750000000001,0.1
1503,-2.967500000000001,0.1
1504,1.13125,0.1
1505,-3.006250000000002,0.1
1506,-3.0962500000000013,0.1
1507,-2.992500000000001,0.1
1508,-2.925000000000001,0.1
1509,-3.1862500000000007,0.1
1510,-3.061250000000002,0.1
1511,-2.950000000000001,0.1
1512,-2.9312500000000017,0.1
1513,-2.9300000000000006,0.1
1514,-3.032500000000002,0.1
1515,-3.000000000000001,0.1
1516,-0.09499999999999975,0.1
1517,-2.9937500000000017,0.1
1518,-2.865,0.1
1519,-3.0062500000000014,0.1
1520,-2.936250000000001,0.1
1521,-3.1137500000000005,0.1
1522,-3.010000000000001,0.1
1523,-2.973750000000001,0.1
1524,-3.090000000000001,0.1
1525,-3.1400000000000015,0.1
1526,-2.943750000000001,0.1
1527,-2.7625000000000006,0.1
1528,-2.8375000000000017,0.1
1529,-2.772500000000001,0.1
1530,-2.9687500000000013,0.1
1531,-3.0287500000000014,0.1
1532,-2.811250000000001,0.1
1533,-3.0950000000000006,0.1
1534,-2.9737500000000003,0.1
1535,-2.975000000000001,0.1
1536,-2.901250000000001,0.1
1537,-3.060000000000001,0.1
1538,-3.171250000000001,0.1
1539,-2.9937500000000017,0.1
1540,-2.9862500000000014,0.1
1541,-3.033750000000001,0.1
1542,-2.818750000000001,0.1
1543,-2.9000000000000012,0.1
1544,-3.0612500000000016,0.1
1545,-3.0225000000000004,0.1
1546,-3.0362500000000012,0.1
1547,-3.0062500000000005,0.1
1548,-3.145000000000001,0.1
1549,-2.9862500000000014,0.1
1550,-3.0362500000000012,0.1
1551,-2.98125,0.1
1552,-2.967500000000001,0.1
1553,-3.122500000000001,0.1
1554,-3.046250000000001,0.1
1555,-2.8812500000000005,0.1
1556,-2.8375000000000004,0.1
1557,-3.0662500000000015,0.1
1558,-2.880000000000001,0.1
1559,-3.1037500000000016,0.1
1560,-3.0837500000000015,0.1
1561,-2.968750000000001,0.1
1562,-2.841250000000001,0.1
1563,-2.928750000000001,0.1
1564,-3.115000000000002,0.1
1565,-3.0112500000000013,0.1
1566,-2.8212500000000005,0.1
1567,-2.8750000000000004,0.1
1568,-2.9925000000000015,0.1
1569,-3.0362500000000017,0.1
1570,-2.990000000000001,0.1
1571,-3.0925000000000016,0.1
1572,-3.0050000000000012,0.1
1573,-2.998750000000001,0.1
1574,-2.966250000000001,0.1
1575,1.0025000000000002,0.1
1576,-3.0512500000000014,0.1
1577,-3.060000000000001,0.1
1578,-2.9775000000000014,0.1
1579,-3.141250000000001,0.1
1580,-3.043750000000002,0.1
1581,-2.8875000000000006,0.1
1582,-3.025,0.1
1583,-2.9800000000000013,0.1
1584,-3.1212500000000003,0.1
1585,-3.036250000000002,0.1
1586,-3.0250000000000012,0.1
1587,-3.0062500000000014,0.1
1588,-2.9250000000000016,0.1
1589,-2.781250000000001,0.1
1590,-2.9250000000000007,0.1
1591,-3.0287500000000014,0.1
1592,-2.830000000000001,0.1
1593,-2.8625000000000003,0.1
1594,-3.0425000000000018,0.1
1595,-3.060000000000001,0.1
1596,-2.910000000000001,0.1
1597,-2.918750000000001,0.1
1598,-2.9375000000000013,0.1
1599,-3.0162500000000017,0.1
1600,-3.025000000000001,0.1
1601,-3.0887500000000014,0.1
1602,-2.9937500000000004,0.1
1603,-3.167500000000001,0.1
1604,-2.9362500000000007,0.1
1605,-3.0625000000000004,0.1
1606,-2.8750000000000013,0.1
1607,-3.050000000000001,0.1
1608,-2.9375000000000013,0.1
1609,-2.965000000000001,0.1
1610,-3.011250000000001,0.1
1611,-2.856250000000001,0.1
1612,-2.7687500000000007,0.1
1613,-2.8687500000000012,0.1
1614,-2.9737500000000017,0.1
1615,-3.0625000000000013,0.1
1616,-2.9625000000000004,0.1
1617,-3.1675000000000004,0.1
1618,-2.9600000000000004,0.1
1619,-3.1700000000000013,0.1
1620,-2.912500000000001,0.1
1621,-3.052500000000001,0.1
1622,0.7625,0.1
1623,-2.918750000000001,0.1
1624,-2.9750000000000014,0.1
1625,-2.912500000000001,0.1
1626,-3.0962500000000013,0.1
1627,-2.9975000000000014,0.1
1628,-2.9087500000000004,0.1
1629,-2.9675,0.1
1630,-2.955000000000001,0.1
1631,-3.003750000000001,0.1
1632,-2.893750000000001,0.1
1633,-2.998750000000001,0.1
1634,-2.898750000000001,0.1
1635,-2.9750000000000014,0.1
1636,-2.9850000000000008,0.1
1637,-2.850000000000001,0.1
1638,-3.1812500000000017,0.1
1639,-3.110000000000002,0.1
1640,-3.2312500000000006,0.1
1641,-3.0925000000000016,0.1
1642,-2.9375000000000004,0.1
1643,-3.0725000000000002,0.1
1644,-3.0537500000000013,0.1
1645,-3.111250000000001,0.1
1646,-2.9112500000000012,0.1
1647,-2.9737500000000012,0.1
1648,-2.7000000000000006,0.1
1649,-2.906250000000001,0.1
1650,-2.9425000000000012,0.1
1651,-2.8362500000000006,0.1
1652,-2.8875,0.1
1653,-3.0350000000000006,0.1
1654,-3.0737500000000018,0.1
1655,-3.0050000000000012,0.1
1656,-2.905000000000001,0.1
1657,-2.95,0.1
1658,-3.2312500000000006,0.1
1659,-2.7975000000000008,0.1
1660,-2.94125,0.1
1661,-2.9987500000000002,0.1
1662,-3.1937500000000005,0.1
1663,-2.9600000000000004,0.1
1664,-2.8312500000000007,0.1
1665,-3.0925000000000007,0.1
1666,-3.0550000000000015,0.1
1667,-2.831250000000001,0.1
1668,-2.9587500000000007,0.1
1669,-2.897500000000001,0.1
1670,-2.762500000000001,0.1
1671,-2.987500000000001,0.1
1672,-3.061250000000001,0.1
1673,-3.038750000000001,0.1
1674,-2.95875,0.1
1675,-2.917500000000001,0.1
1676,-2.7687500000000007,0.1
1677,-2.950000000000001,0.1
1678,-2.986250000000001,0.1
1679,-2.9337500000000007,0.1
1680,-2.986250000000001,0.1
1681,-2.8312500000000007,0.1
1682,-3.1225,0.1
1683,-3.1300000000000012,0.1
1684,-3.0912500000000014,0.1
1685,-3.0437500000000006,0.1
1686,-2.9362500000000007,0.1
1687,-3.023750000000001,0.1
1688,-2.8912500000000008,0.1
1689,-3.0475000000000008,0.1
1690,-2.998750000000001,0.1
1691,-2.8162500000000006,0.1
1692,-2.7100000000000004,0.1
1693,-2.8662500000000013,0.1
1694,-2.8812500000000014,0.1
1695,-2.8437500000000013,0.1
1696,-2.9250000000000016,0.1
1697,-2.950000000000001,0.1
1698,-2.9937500000000012,0.1
1699,-2.843750000000001,0.1
1700,-2.8912500000000008,0.1
1701,-2.925000000000001,0.1
1702,-2.7687500000000007,0.1
1703,-2.9987500000000016,0.1
1704,-2.8475,0.1
1705,-3.073750000000001,0.1
1706,-2.8312500000000016,0.1
1707,-2.8437500000000004,0.1
1708,-2.8237500000000013,0.1
1709,-2.6925000000000003,0.1
1710,-2.83,0.1
1711,-2.7437500000000004,0.1
1712,-2.9987500000000016,0.1
1713,-2.84375,0.1
1714,-2.965000000000001,0.1
1715,-2.8500000000000005,0.1
1716,-2.9562500000000007,0.1
1717,-2.955000000000001,0.1
1718,-3.1025000000000005,0.1
1719,-2.9237500000000014,0.1
1720,0.42249999999999965,0.1
1721,-3.0312500000000004,0.1
1722,-2.6,0.1
1723,-2.947500000000001,0.1
1724,-2.928750000000001,0.1
1725,-2.9362500000000007,0.1
1726,-2.9300000000000015,0.1
1727,-3.031250000000001,0.1
1728,-2.8862500000000013,0.1
1729,0.86125,0.1
1730,-2.8987499999999997,0.1
1731,-3.016250000000001,0.1
1732,-3.0050000000000012,0.1
1733,0.10750000000000015,0.1
1734,-2.83625,0.1
1735,-2.9312500000000012,0.1
1736,-2.8737499999999994,0.1
1737,-2.9375,0.1
1738,-2.8487500000000012,0.1
1739,-3.028750000000001,0.1
1740,-2.91875,0.1
1741,-2.8300000000000005,0.1
1742,-2.9687500000000013,0.1
1743,-2.986250000000001,0.1
1744,-2.7800000000000002,0.1
1745,-2.762500000000001,0.1
1746,-2.900000000000001,0.1
1747,-3.062500000000001,0.1
1748,-2.9187500000000015,0.1
1749,-2.8062500000000012,0.1
1750,-3.043750000000002,0.1
1751,0.96625,0.1
1752,-2.9975000000000014,0.1
1753,-2.900000000000001,0.1
1754,-2.818750000000001,0.1
1755,-3.2162500000000014,0.1
1756,-2.8062500000000004,0.1
1757,-2.9500000000000015,0.1
1758,-3.017500000000001,0.1
1759,-2.9475000000000007,0.1
1760,-2.70625,0.1
1761,-3.1287500000000006,0.1
1762,-2.880000000000001,0.1
1763,-2.8075000000000006,0.1
1764,-2.798750000000001,0.1
1765,-3.0175000000000014,0.1
1766,-2.792500000000001,0.1
1767,-3.0425000000000013,0.1
1768,-2.837500000000001,0.1
1769,-3.010000000000001,0.1
1770,-3.043750000000001,0.1
1771,-2.881250000000001,0.1
1772,0.3612499999999996,0.1
1773,-3.0100000000000007,0.1
1774,-2.9525000000000015,0.1
1775,-2.755,0.1
1776,-3.108750000000002,0.1
1777,-3.0550000000000015,0.1
1778,-2.881250000000001,0.1
1779,-2.906250000000001,0.1
1780,-2.9050000000000007,0.1
1781,-2.8937500000000007,0.1
1782,-3.0037500000000006,0.1
1783,0.18999999999999995,0.1
1784,-2.7550000000000003,0.1
1785,-3.025,0.1
1786,-3.025000000000001,0.1
1787,-2.7250000000000005,0.1
1788,-2.985,0.1
1789,-2.7500000000000004,0.1
1790,-3.0912500000000005,0.1
1791,-2.917500000000001,0.1
1792,-2.92375,0.1
1793,-3.02375,0.1
1794,-3.0237500000000015,0.1
1795,-2.9462500000000014,0.1
1796,-2.9550000000000014,0.1
1797,-3.043750000000002,0.1
1798,-3.103750000000002,0.1
1799,-2.9937500000000012,0.1
1800,-3.0962500000000017,0.1
1801,0.7462499999999999,0.1
1802,-2.781250000000001,0.1
1803,-2.948750000000001,0.1
1804,-2.9550000000000014,0.1
1805,-2.786250000000001,0.1
1806,-3.0237500000000015,0.1
1807,-2.9250000000000016,0.1
1808,-2.953750000000001,0.1
1809,-2.9812500000000015,0.1
1810,-3.091250000000002,0.1
1811,-3.000000000000002,0.1
1812,-2.893750000000001,0.1
1813,-3.0537500000000013,0.1
1814,-2.850000000000001,0.1
1815,-3.141250000000001,0.1
1816,-2.9175000000000004,0.1
1817,-2.850000000000001,0.1
1818,-3.1512500000000006,0.1
1819,-3.0312500000000018,0.1
1820,-3.100000000000002,0.1
1821,-2.9175000000000013,0.1
1822,-3.2137500000000014,0.1
1823,0.36624999999999996,0.1
1824,-2.850000000000001,0.1
1825,-2.9800000000000018,0.1
1826,-3.1012500000000007,0.1
1827,-3.1125000000000016,0.1
1828,-2.81875,0.1
1829,-3.0462500000000015,0.1
1830,-2.8625,0.1
1831,-2.9875000000000016,0.1
1832,-3.053750000000002,0.1
1833,-2.875000000000001,0.1
1834,-3.0250000000000017,0.1
1835,-3.118750000000002,0.1
1836,-2.9675000000000002,0.1
1837,-2.972500000000001,0.1
1838,-2.930000000000001,0.1
1839,-2.9787500000000016,0.1
1840,-3.2600000000000016,0.1
1841,0.8962500000000001,0.1
1842,-3.1825000000000014,0.1
1843,-2.9675000000000007,0.1
1844,-2.848750000000001,0.1
1845,-3.0612500000000002,0.1
1846,-2.841250000000001,0.1
1847,-2.850000000000001,0.1
1848,-2.956250000000001,0.1
1849,-2.7800000000000007,0.1
1850,-2.910000000000001,0.1
1851,-3.0062500000000014,0.1
1852,-2.953750000000001,0.1
1853,-2.9437500000000014,0.1
1854,-3.0425000000000018,0.1
1855,-3.012500000000002,0.1
1856,-3.1662500000000016,0.1
1857,-2.9050000000000007,0.1
1858,-3.156250000000001,0.1
1859,-3.291250000000001,0.1
1860,-3.182500000000001,0.1
1861,-3.023750000000001,0.1
1862,-3.092500000000001,0.1
1863,-3.0050000000000003,0.1
1864,-3.061250000000001,0.1
1865,-3.092500000000001,0.1
1866,-3.0800000000000005,0.1
1867,-3.036250000000001,0.1
1868,-3.031250000000002,0.1
1869,-3.0625000000000004,0.1
1870,-3.0250000000000012,0.1
1871,-3.0425000000000013,0.1
1872,1.08,0.1
1873,-3.081250000000001,0.1
1874,-2.9500000000000006,0.1
1875,-2.8425000000000007,0.1
1876,0.2849999999999997,0.1
1877,-2.8925000000000005,0.1
1878,-2.85625,0.1
1879,-3.060000000000001,0.1
1880,-3.0737500000000004,0.1
1881,-2.861250000000001,0.1
1882,-3.016250000000001,0.1
1883,-3.1000000000000023,0.1
1884,-2.8687500000000012,0.1
1885,-2.812500000000001,0.1
1886,-2.9987500000000016,0.1
1887,-2.9937500000000017,0.1
1888,-3.043750000000002,0.1
1889,-2.816250000000001,0.1
1890,-2.8687500000000012,0.1
1891,-2.8800000000000003,0.1
1892,-2.95625,0.1
1893,-2.9425000000000003,0.1
1894,-3.0200000000000014,0.1
1895,-2.9050000000000002,0.1
1896,-2.890000000000001,0.1
1897,-2.89125,0.1
1898,-2.9675,0.1
1899,-2.9499999999999997,0.1
1900,-3.0425000000000013,0.1
1901,-2.8812499999999996,0.1
1902,-2.6987499999999995,0.1
1903,-2.74875,0.1
1904,-2.987500000000001,0.1
1905,-3.0062500000000014,0.1
1906,-2.9175000000000004,0.1
1907,-2.8800000000000012,0.1
1908,-2.991250000000001,0.1
1909,-2.900000000000001,0.1
1910,-2.856249999999999,0.1
1911,-3.016250000000001,0.1
1912,-3.006250000000002,0.1
1913,1.22875,0.1
1914,-2.998750000000001,0.1
1915,-3.017500000000001,0.1
1916,-2.8312500000000003,0.1
1917,-2.943750000000001,0.1
1918,-2.9862499999999987,0.1
1919,-2.900000000000001,0.1
1920,-2.9875000000000003,0.1
1921,-3.0737500000000004,0.1
1922,-2.9737500000000003,0.1
1923,-2.9675000000000002,0.1
1924,-3.0162500000000008,0.1
1925,-3.012500000000002,0.1
1926,-2.9750000000000005,0.1
1927,-2.861250000000001,0.1
1928,-3.002500000000002,0.1
1929,-3.23375,0.1
1930,-2.9000000000000012,0.1
1931,-2.9800000000000013,0.1
1932,-2.9562500000000016,0.1
1933,-2.968750000000001,0.1
1934,-2.8862500000000013,0.1
1935,-3.1212500000000016,0.1
1936,-2.76875,0.1
1937,-2.968750000000001,0.1
1938,-3.0237499999999997,0.1
1939,-2.7312500000000006,0.1
1940,-2.8625,0.1
1941,-3.0437500000000006,0.1
1942,-3.02125,0.1
1943,0.6374999999999998,0.1
1944,-3.092500000000001,0.1
1945,-2.9300000000000015,0.1
1946,0.20124999999999993,0.1
1947,-2.9887500000000014,0.1
1948,-3.050000000000001,0.1
1949,-2.850000000000001,0.1
1950,-2.9112500000000012,0.1
1951,-3.0425,0.1
1952,-2.978750000000001,0.1
1953,-2.9537500000000008,0.1
1954,-0.0187499999999996,0.1
1955,-3.283750000000001,0.1
1956,-3.34125,0.1
1957,-2.9987500000000016,0.1
1958,-3.0737500000000013,0.1
1959,-3.000000000000001,0.1
1960,-3.061250000000002,0.1
1961,-2.8312500000000007,0.1
1962,-2.7487500000000002,0.1
1963,-2.85625,0.1
1964,-2.6987500000000004,0.1
1965,-2.9987500000000016,0.1
1966,-2.9300000000000015,0.1
1967,-2.9525,0.1
1968,-3.2662500000000017,0.1
1969,-2.911250000000001,0.1
1970,-2.8737500000000002,0.1
1971,-2.848750000000001,0.1
1972,-3.025000000000001,0.1
1973,-2.8187500000000005,0.1
1974,-2.9787500000000007,0.1
1975,-2.8187500000000005,0.1
1976,-3.0287500000000014,0.1
1977,-2.9687500000000013,0.1
1978,-2.881250000000001,0.1
1979,0.5824999999999998,0.1
1980,-2.842500000000001,0.1
1981,-3.015000000000001,0.1
1982,-2.8175000000000003,0.1
1983,-2.825,0.1
1984,-2.867500000000001,0.1
1985,-2.8000000000000007,0.1
1986,-2.893750000000001,0.1
1987,-2.9362500000000007,0.1
1988,-2.7487500000000002,0.1
1989,-3.0225000000000013,0.1
1990,-2.930000000000001,0.1
1991,-3.080000000000001,0.1
1992,-3.0800000000000005,0.1
1993,-2.9912500000000017,0.1
1994,-2.849999999999999,0.1
1995,-3.0737500000000013,0.1
1996,-3.0500000000000016,0.1
1997,-3.036250000000001,0.1
1998,-3.0850000000000017,0.1
1999,-2.8312500000000003,0.1
2000,-3.01,0.1
2001,-2.828749999999999,0.1
2002,-2.785000000000001,0.1
2003,-2.8475,0.1
2004,-2.9375000000000004,0.1
2005,-2.9337500000000007,0.1
2006,0.41624999999999956,0.1
2007,-2.9300000000000006,0.1
2008,-2.9287500000000013,0.1
2009,-2.8725,0.1
2010,-2.9837500000000015,0.1
2011,-2.9300000000000006,0.1
2012,-2.9325000000000006,0.1
2013,-2.881250000000001,0.1
2014,-3.182500000000002,0.1
2015,-3.2900000000000014,0.1
2016,-3.4550000000000005,0.1
2017,-2.9687500000000013,0.1
2018,-2.9062500000000004,0.1
2019,-3.0800000000000014,0.1
2020,-3.025000000000001,0.1
2021,-0.029999999999999583,0.1
2022,-3.0062500000000005,0.1
2023,-3.102500000000002,0.1
2024,-2.978750000000002,0.1
2025,0.17500000000000004,0.1
2026,-2.96,0.1
2027,-2.7800000000000002,0.1
2028,-3.0100000000000016,0.1
2029,-2.9750000000000014,0.1
2030,-2.9500000000000015,0.1
2031,-2.9112500000000003,0.1
2032,-3.023750000000001,0.1
2033,-2.9850000000000008,0.1
2034,-2.8862500000000013,0.1
2035,-3.1325000000000016,0.1
2036,-2.88125,0.1
2037,-3.0050000000000012,0.1
2038,-2.850000000000001,0.1
2039,-2.85625,0.1
2040,-2.931250000000001,0.1
2041,-3.062500000000001,0.1
2042,-2.861250000000001,0.1
2043,-2.8662499999999995,0.1
2044,-3.0287500000000023,0.1
2045,-3.043750000000001,0.1
2046,-2.8475,0.1
2047,-3.05,0.1
2048,-2.7812500000000004,0.1
2049,-2.8537500000000007,0.1
2050,-2.77375,0.1
2051,-2.8100000000000005,0.1
2052,-3.006250000000002,0.1
2053,-2.942500000000001,0.1
2054,-3.0587500000000007,0.1
2055,-3.027500000000002,0.1
2056,-2.843750000000001,0.1
2057,-3.0225,0.1
2058,-2.842500000000001,0.1
2059,-3.0500000000000016,0.1
2060,-2.7487500000000007,0.1
2061,-3.0550000000000006,0.1
2062,0.2024999999999999,0.1
2063,-3.081250000000002,0.1
2064,-3.082500000000002,0.1
2065,-2.8500000000000005,0.1
2066,-2.9112500000000012,0.1
2067,-3.0850000000000013,0.1
2068,-2.9225000000000003,0.1
2069,-2.986250000000002,0.1
2070,-2.9812500000000015,0.1
2071,-2.780000000000001,0.1
2072,-2.930000000000001,0.1
2073,-2.961250000000001,0.1
2074,-2.837500000000001,0.1
2075,-2.933750000000001,0.1
2076,-3.122500000000002,0.1
2077,-3.0050000000000012,0.1
2078,-2.9800000000000013,0.1
2079,-2.8375000000000012,0.1
2080,-2.892500000000001,0.1
2081,-2.9,0.1
2082,-2.9937500000000012,0.1
2083,0.3012499999999998,0.1
2084,-3.365000000000002,0.1
2085,-2.8687500000000012,0.1
2086,-2.8812500000000005,0.1
2087,0.3737499999999998,0.1
2088,-2.825000000000001,0.1
2089,-2.8987500000000006,0.1
2090,-3.0762500000000004,0.1
2091,-2.8,0.1
2092,-3.0737500000000004,0.1
2093,-3.042500000000001,0.1
2094,-2.7862499999999994,0.1
2095,-2.892500000000001,0.1
2096,-2.875000000000001,0.1
2097,-2.9325,0.1
2098,-3.055,0.1
2099,-2.7437500000000004,0.1
2100,-2.998750000000001,0.1
2101,-2.8800000000000012,0.1
2102,-3.0850000000000013,0.1
2103,-2.75625,0.1
2104,-2.937500000000001,0.1
2105,-2.8662499999999995,0.1
2106,-2.8000000000000007,0.1
2107,-3.0850000000000017,0.1
2108,-2.681250000000001,0.1
2109,0.6212499999999999,0.1
2110,-2.9675000000000002,0.1
2111,-3.0737500000000018,0.1
2112,-2.75625,0.1
2113,-2.850000000000001,0.1
2114,-2.7800000000000007,0.1
2115,-2.9787500000000002,0.1
2116,-2.812499999999999,0.1
2117,1.47625,0.1
2118,0.9537500000000001,0.1
2119,-2.961250000000001,0.1
2120,-3.0425000000000013,0.1
2121,-2.96125,0.1
2122,-2.956250000000001,0.1
2123,-3.006250000000001,0.1
2124,-2.828749999999999,0.1
2125,-3.0437499999999997,0.1
2126,-2.846250000000001,0.1
2127,-2.9025000000000007,0.1
2128,-2.986250000000001,0.1
2129,-2.868750000000001,0.1
2130,-2.931250000000001,0.1
2131,0.7962499999999999,0.1
2132,-2.925000000000001,0.1
2133,-2.906250000000001,0.1
2134,-3.0612500000000016,0.1
2135,-2.8674999999999993,0.1
2136,-2.9462499999999996,0.1
2137,-2.9675000000000007,0.1
2138,-3.0125000000000015,0.1
2139,-3.1200000000000014,0.1
2140,-3.1299999999999994,0.1
2141,0.5099999999999997,0.1
2142,-2.9287500000000013,0.1
2143,-2.781250000000001,0.1
2144,-3.0437500000000015,0.1
2145,-3.092500000000002,0.1
2146,-2.9500000000000015,0.1
2147,-2.986250000000002,0.1
2148,0.5674999999999998,0.1
2149,-2.9300000000000006,0.1
2150,-2.9787500000000016,0.1
2151,-3.1300000000000012,0.1
2152,-2.8562500000000006,0.1
2153,-2.8050000000000006,0.1
2154,-3.016250000000001,0.1
2155,-2.933750000000001,0.1
2156,-3.017500000000002,0.1
2157,-2.8312500000000007,0.1
2158,0.91125,0.1
2159,-2.9675000000000016,0.1
2160,-3.0362499999999994,0.1
2161,-3.0850000000000004,0.1
2162,-3.1599999999999993,0.1
2163,-2.910000000000001,0.1
2164,-2.9487500000000013,0.1
2165,-3.023750000000001,0.1
2166,-2.899999999999999,0.1
2167,-2.798750000000001,0.1
2168,1.4400000000000002,0.1
2169,-2.892500000000001,0.1
2170,-2.95,0.1
2171,-2.7350000000000003,0.1
2172,-3.0800000000000005,0.1
2173,-3.0425000000000018,0.1
2174,-2.8362500000000006,0.1
2175,0.6899999999999998,0.1
2176,-3.0175000000000014,0.1
2177,-2.9612500000000015,0.1
2178,-2.812500000000001,0.1
2179,-2.798750000000001,0.1
2180,-2.931250000000001,0.1
2181,-2.9299999999999997,0.1
2182,-3.0312500000000018,0.1
2183,-2.8800000000000012,0.1
2184,-2.7750000000000004,0.1
2185,0.5424999999999998,0.1
2186,-2.987500000000001,0.1
2187,-3.023750000000001,0.1
2188,-2.7675000000000005,0.1
2189,-2.7375000000000007,0.1
2190,-2.837500000000001,0.1
2191,-2.806250000000001,0.1
2192,-2.918750000000001,0.1
2193,-0.6499999999999997,0.1
2194,-2.91875,0.1
2195,-2.986250000000001,0.1
2196,-2.8312500000000007,0.1
2197,-2.9687500000000018,0.1
2198,-3.0062500000000005,0.1
2199,-2.9412500000000006,0.1
2200,-3.0337500000000013,0.1
2201,-2.9250000000000007,0.1
2202,-3.70125,0.1
2203,-2.890000000000001,0.1
2204,-2.871250000000001,0.1
2205,-2.941250000000001,0.1
2206,-2.990000000000001,0.1
2207,-2.9150000000000014,0.1
2208,-3.5537499999999995,0.1
2209,-2.8600000000000003,0.1
2210,-3.357500000000001,0.1
2211,-3.0175,0.1
2212,-2.7275000000000005,0.1
2213,-2.9687500000000013,0.1
2214,-2.83625,0.1
2215,-2.8000000000000007,0.1
2216,-3.0662500000000015,0.1
2217,1.51375,0.1
2218,-2.937500000000001,0.1
2219,-2.945000000000001,0.1
2220,-2.855000000000001,0.1
2221,-2.950000000000001,0.1
2222,-2.809999999999999,0.1
2223,-2.9675000000000007,0.1
2224,-3.0300000000000016,0.1
2225,-2.7675000000000005,0.1
2226,-2.8562500000000006,0.1
2227,-2.98,0.1
2228,0.24749999999999983,0.1
2229,-3.035000000000001,0.1
2230,-0.02499999999999969,0.1
2231,-2.940000000000001,0.1
2232,-3.4674999999999994,0.1
2233,-2.8000000000000007,0.1
2234,-2.8312500000000007,0.1
2235,-2.987500000000001,0.1
2236,-2.6999999999999997,0.1
2237,-2.7375000000000007,0.1
2238,-2.843750000000001,0.1
2239,-3.0537500000000013,0.1
2240,-2.7187500000000004,0.1
2241,-2.8300000000000005,0.1
2242,1.0037500000000001,0.1
2243,-2.930000000000001,0.1
2244,-3.212500000000001,0.1
2245,-3.1075000000000013,0.1
2246,-2.930000000000001,0.1
2247,-2.55,0.1
2248,-3.1412500000000017,0.1
2249,-2.897500000000001,0.1
2250,-2.6437500000000007,0.1
2251,-2.7475,0.1
2252,-2.961250000000001,0.1
2253,-2.866250000000001,0.1
2254,-2.941250000000001,0.1
2255,-2.8737500000000007,0.1
2256,-2.978750000000001,0.1
2257,-3.055000000000001,0.1
2258,-3.0850000000000017,0.1
2259,-2.875000000000001,0.1
2260,-3.0175000000000014,0.1
2261,-2.8600000000000008,0.1
2262,-3.182500000000001,0.1
2263,0.5674999999999998,0.1
2264,-2.962500000000001,0.1
2265,-2.9562500000000007,0.1
2266,-3.1000000000000005,0.1
2267,-3.0275000000000016,0.1
2268,-3.0837500000000015,0.1
2269,-2.861250000000001,0.1
2270,0.6937500000000002,0.1
2271,-2.9412500000000006,0.1
2272,-2.761250000000001,0.1
2273,-3.0350000000000015,0.1
2274,-2.9487500000000013,0.1
2275,-2.8675000000000006,0.1
2276,-2.9425000000000017,0.1
2277,-2.8675000000000006,0.1
2278,-2.9875000000000016,0.1
2279,-3.204999999999999,0.1
2280,-3.043750000000001,0.1
2281,-3.0537500000000013,0.1
2282,-3.082500000000002,0.1
2283,-2.8362500000000006,0.1
2284,-2.9125000000000005,0.1
2285,0.41249999999999987,0.1
2286,-3.347500000000001,0.1
2287,-2.848750000000001,0.1
2288,0.9600000000000001,0.1
2289,-2.852500000000001,0.1
2290,-2.986250000000001,0.1
2291,0.6262499999999998,0.1
2292,0.5250000000000001,0.1
2293,-3.0600000000000005,0.1
2294,0.16000000000000036,0.1
2295,-3.1325000000000007,0.1
2296,-3.00375,0.1
2297,-3.0562500000000004,0.1
2298,-2.961250000000001,0.1
2299,-2.850000000000001,0.1
2300,-3.0050000000000012,0.1
2301,0.5887499999999998,0.1
2302,-2.9600000000000004,0.1
2303,-3.0550000000000006,0.1
2304,-3.6024999999999996,0.1
2305,-3.5425000000000013,0.1
2306,-2.7562500000000005,0.1
2307,-2.8550000000000004,0.1
2308,-0.2749999999999997,0.1
2309,0.5799999999999998,0.1
2310,-3.081250000000001,0.1
2311,-2.9425000000000012,0.1
2312,-2.7187500000000004,0.1
2313,-3.368750000000001,0.1
2314,-2.9050000000000007,0.1
2315,-2.7000000000000006,0.1
2316,1.50875,0.1
2317,-3.0062500000000014,0.1
2318,-2.868750000000001,0.1
2319,-0.04499999999999971,0.1
2320,-0.6924999999999997,0.1
2321,-2.8000000000000007,0.1
2322,-2.8625000000000007,0.1
2323,-2.9000000000000012,0.1
2324,-2.705,0.1
2325,-2.850000000000001,0.1
2326,-3.1262500000000015,0.1
2327,-2.8687500000000004,0.1
2328,-3.282500000000002,0.1
2329,0.19499999999999984,0.1
2330,-2.8287500000000008,0.1
2331,-2.812500000000001,0.1
2332,-3.694999999999999,0.1
2333,1.1887500000000002,0.1
2334,-2.7937500000000006,0.1
2335,0.4937499999999997,0.1
2336,-2.8000000000000003,0.1
2337,-2.8975000000000004,0.1
2338,-2.911250000000001,0.1
2339,1.0,0.1
2340,0.3299999999999996,0.1
2341,-2.8687500000000004,0.1
2342,-2.923750000000002,0.1
2343,-2.918750000000001,0.1
2344,-2.880000000000001,0.1
2345,-2.9225000000000008,0.1
2346,-3.163750000000001,0.1
2347,-2.76875,0.1
2348,-2.881250000000001,0.1
2349,-2.9237500000000014,0.1
2350,-3.2187500000000018,0.1
2351,-2.9375000000000013,0.1
2352,-3.09625,0.1
2353,-2.837500000000001,0.1
2354,-0.0924999999999998,0.1
2355,-2.862500000000001,0.1
2356,0.7487499999999999,0.1
2357,-2.7437500000000004,0.1
2358,-3.734999999999999,0.1
2359,-2.9100000000000006,0.1
2360,-2.942500000000001,0.1
2361,-2.61875,0.1
2362,-2.85,0.1
2363,-2.8125000000000004,0.1
2364,-3.0362500000000017,0.1
2365,-2.850000000000001,0.1
2366,-3.1412499999999994,0.1
2367,-2.878750000000001,0.1
2368,-2.9225000000000008,0.1
2369,-3.100000000000002,0.1
2370,-2.898750000000001,0.1
2371,0.4937499999999997,0.1
2372,-3.1525000000000016,0.1
2373,-0.3012499999999996,0.1
2374,-0.0012499999999997513,0.1
2375,-3.767499999999999,0.1
2376,-2.8437500000000004,0.1
2377,-2.997500000000001,0.1
2378,-2.970000000000001,0.1
2379,-2.961250000000001,0.1
2380,-3.017500000000001,0.1
2381,-3.682499999999999,0.1
2382,-2.9500000000000015,0.1
2383,-3.1825000000000014,0.1
2384,-3.4724999999999997,0.1
2385,-2.941250000000001,0.1
2386,-2.893750000000001,0.1
2387,-3.023750000000001,0.1
2388,-2.958750000000001,0.1
2389,0.3824999999999996,0.1
2390,-2.9375000000000018,0.1
2391,-3.0625000000000018,0.1
2392,-3.0662500000000015,0.1
2393,0.7874999999999999,0.1
2394,0.15375000000000005,0.1
2395,-3.006250000000002,0.1
2396,-2.9050000000000007,0.1
2397,-2.998750000000001,0.1
2398,-2.9487500000000013,0.1
2399,-3.0175000000000014,0.1
2400,-2.8050000000000006,0.1
2401,-2.7687500000000003,0.1
2402,-2.922500000000001,0.1
2403,-3.007500000000001,0.1
2404,-2.809999999999999,0.1
2405,-3.077500000000001,0.1
2406,-2.846250000000001,0.1
2407,-2.812500000000001,0.1
2408,-3.567499999999999,0.1
2409,-2.956250000000001,0.1
2410,-2.8112500000000007,0.1
2411,-2.675,0.1
2412,-2.9600000000000013,0.1
2413,-2.6975,0.1
2414,-2.8124999999999987,0.1
2415,-2.7975000000000008,0.1
2416,-2.8800000000000012,0.1
2417,0.5012499999999998,0.1
2418,-3.0612499999999994,0.1
2419,-2.8162500000000006,0.1
2420,-2.7437500000000004,0.1
2421,0.39624999999999977,0.1
2422,-2.8787500000000006,0.1
2423,-2.7549999999999994,0.1
2424,-2.810000000000001,0.1
2425,0.5737499999999998,0.1
2426,-2.8162500000000006,0.1
2427,-2.927500000000001,0.1
2428,-2.755000000000001,0.1
2429,-2.916250000000001,0.1
2430,0.9,0.1
2431,-2.7800000000000007,0.1
2432,-2.855000000000001,0.1
2433,0.545,0.1
2434,-3.4562499999999994,0.1
2435,-2.8612500000000005,0.1
2436,-2.837500000000001,0.1
2437,0.2137500000000001,0.1
2438,-2.806250000000001,0.1
2439,-3.1100000000000017,0.1
2440,-2.84375,0.1
2441,0.45874999999999977,0.1
2442,-2.8125000000000004,0.1
2443,-3.1437499999999994,0.1
2444,-2.61875,0.1
2445,-2.968750000000001,0.1
2446,-2.786250000000001,0.1
2447,-3.23875,0.1
2448,0.6549999999999999,0.1
2449,-2.8425000000000007,0.1
2450,-2.875000000000001,0.1
2451,0.41874999999999973,0.1
2452,-2.6500000000000004,0.1
2453,0.9525000000000001,0.1
2454,-3.0275000000000007,0.1
2455,-2.940000000000001,0.1
2456,0.14375000000000004,0.1
2457,0.7299999999999999,0.1
2458,-2.9000000000000004,0.1
2459,-2.8187500000000005,0.1
2460,-0.02499999999999991,0.1
2461,0.84875,0.1
2462,-3.0812500000000016,0.1
2463,-2.975000000000001,0.1
2464,-2.830000000000001,0.1
2465,-3.225000000000002,0.1
2466,-3.0737500000000004,0.1
2467,-2.843750000000001,0.1
2468,-2.7187500000000004,0.1
2469,0.3587499999999999,0.1
2470,-2.886250000000001,0.1
2471,-2.8050000000000006,0.1
2472,-2.9412500000000015,0.1
2473,0.15500000000000003,0.1
2474,-0.026249999999999885,0.1
2475,-2.77375,0.1
2476,-2.7750000000000004,0.1
2477,-3.0175000000000014,0.1
2478,-2.8425000000000007,0.1
2479,-2.830000000000001,0.1
2480,-2.8362500000000006,0.1
2481,-2.836250000000001,0.1
2482,-2.866250000000001,0.1
2483,-3.03625,0.1
2484,-2.9312500000000012,0.1
2485,0.6837499999999999,0.1
2486,-2.912500000000001,0.1
2487,-3.0250000000000004,0.1
2488,0.27374999999999994,0.1
2489,-2.778750000000001,0.1
2490,-2.88375,0.1
2491,-2.825000000000001,0.1
2492,0.6699999999999999,0.1
2493,-2.9512500000000013,0.1
2494,-2.843750000000001,0.1
2495,0.5487500000000001,0.1
2496,-2.916250000000001,0.1
2497,-2.7487500000000002,0.1
2498,-2.7187500000000004,0.1
2499,-2.948750000000001,0.1
2500,-3.0774999999999997,0.1
2501,-3.3362500000000006,0.1
2502,-2.961250000000001,0.1
2503,-3.2125000000000012,0.1
2504,0.2812499999999998,0.1
2505,-2.9112500000000017,0.1
2506,0.5487499999999997,0.1
2507,-3.106250000000001,0.1
2508,-2.928750000000001,0.1
2509,-2.9850000000000008,0.1
2510,-3.017500000000001,0.1
2511,-2.8737500000000007,0.1
2512,-3.1187500000000004,0.1
2513,-2.8062500000000004,0.1
2514,-3.7625,0.1
2515,-2.850000000000001,0.1
2516,-2.923750000000001,0.1
2517,-3.4099999999999997,0.1
2518,-2.8,0.1
2519,-2.6812500000000004,0.1
2520,0.3424999999999998,0.1
2521,-2.830000000000001,0.1
2522,-2.8550000000000004,0.1
2523,-2.836250000000001,0.1
2524,-2.8562500000000006,0.1
2525,-2.8400000000000003,0.1
2526,-2.955000000000001,0.1
2527,-2.8562499999999997,0.1
2528,-2.8875000000000006,0.1
2529,-2.8187499999999996,0.1
2530,-2.7687500000000007,0.1
2531,-2.8625,0.1
2532,-2.975000000000001,0.1
2533,-2.7687500000000007,0.1
2534,-2.875000000000001,0.1
2535,-2.8549999999999995,0.1
2536,-3.002500000000001,0.1
2537,0.6537499999999999,0.1
2538,1.2550000000000001,0.1
2539,-3.0250000000000012,0.1
2540,-2.8500000000000005,0.1
2541,-2.873750000000001,0.1
2542,-0.047499999999999654,0.1
2543,-2.9425000000000012,0.1
2544,-2.8625000000000007,0.1
2545,-2.850000000000001,0.1
2546,-2.893750000000001,0.1
2547,-2.8924999999999996,0.1
2548,-2.83625,0.1
2549,-3.0124999999999997,0.1
2550,-2.812500000000001,0.1
2551,-2.9000000000000004,0.1
2552,-3.418749999999999,0.1
2553,-2.7799999999999994,0.1
2554,-3.4149999999999996,0.1
2555,-3.0350000000000015,0.1
2556,-3.3137500000000006,0.1
2557,-2.806250000000001,0.1
2558,-2.7800000000000007,0.1
2559,-2.961250000000001,0.1
2560,-3.0349999999999997,0.1
2561,-3.2062499999999994,0.1
2562,-2.886250000000001,0.1
2563,-2.837500000000001,0.1
2564,-3.5424999999999986,0.1
2565,-2.6987500000000004,0.1
2566,-2.9175,0.1
2567,-2.862500000000001,0.1
2568,-3.250000000000002,0.1
2569,-3.1975000000000007,0.1
2570,-2.9837500000000015,0.1
2571,-2.7987499999999996,0.1
2572,-3.0437500000000006,0.1
2573,-2.7800000000000002,0.1
2574,-2.9037500000000014,0.1
2575,-3.0124999999999997,0.1
2576,-3.072500000000001,0.1
2577,-3.2762499999999997,0.1
2578,0.6174999999999998,0.1
2579,-2.847500000000001,0.1
2580,-3.0187500000000003,0.1
2581,-2.873750000000001,0.1
2582,-2.9250000000000003,0.1
2583,-3.21875,0.1
2584,-2.875000000000001,0.1
2585,-2.8987500000000015,0.1
2586,-3.1700000000000013,0.1
2587,0.34125000000000005,0.1
2588,-3.0950000000000006,0.1
2589,-2.779999999999999,0.1
2590,-3.01,0.1
2591,1.4312500000000001,0.1
2592,-0.6624999999999999,0.1
2593,-3.017500000000001,0.1
2594,0.6199999999999998,0.1
2595,-2.892500000000001,0.1
2596,-2.983750000000001,0.1
2597,-2.916249999999999,0.1
2598,-2.880000000000001,0.1
2599,-2.942500000000001,0.1
2600,0.84375,0.1
2601,-2.8237500000000004,0.1
2602,-2.9925,0.1
2603,-2.957500000000001,0.1
2604,-2.897500000000001,0.1
2605,-2.9000000000000004,0.1
2606,-3.0275000000000016,0.1
2607,-2.8737500000000007,0.1
2608,-3.0250000000000012,0.1
2609,-2.7437500000000004,0.1
2610,-2.775,0.1
2611,-2.8625000000000007,0.1
2612,-2.878750000000001,0.1
2613,-2.968750000000001,0.1
2614,-2.862500000000001,0.1
2615,-2.8287500000000008,0.1
2616,-2.8250000000000006,0.1
2617,-2.8187500000000005,0.1
2618,1.17375,0.1
2619,-2.8249999999999997,0.1
2620,0.78625,0.1
2621,-3.2012500000000017,0.1
2622,-2.8500000000000005,0.1
2623,-3.032500000000001,0.1
2624,-2.912500000000001,0.1
2625,-2.9324999999999997,0.1
2626,-3.0175000000000014,0.1
2627,-3.0850000000000013,0.1
2628,-3.527500000000003,0.1
2629,-2.9800000000000013,0.1
2630,-3.155,0.1
2631,-2.6799999999999997,0.1
2632,-2.848750000000001,0.1
2633,-2.9437500000000014,0.1
2634,-2.916250000000001,0.1
2635,-2.9500000000000015,0.1
2636,-2.798750000000001,0.1
2637,-2.962500000000001,0.1
2638,-2.8562500000000006,0.1
2639,-2.930000000000001,0.1
2640,-3.0500000000000016,0.1
2641,-2.84375,0.1
2642,-2.9300000000000015,0.1
2643,-3.006250000000001,0.1
2644,-2.7687500000000007,0.1
2645,-2.7500000000000004,0.1
2646,-3.278749999999999,0.1
2647,-2.9537500000000003,0.1
2648,-3.0087500000000014,0.1
2649,-2.8862500000000013,0.1
2650,0.4374999999999998,0.1
2651,-2.9750000000000005,0.1
2652,-3.5387500000000016,0.1
2653,-2.8112500000000002,0.1
2654,-2.8425000000000002,0.1
2655,-2.806250000000001,0.1
2656,-2.998750000000001,0.1
2657,-2.8625000000000003,0.1
2658,-2.905000000000001,0.1
2659,-2.928750000000001,0.1
2660,-2.7000000000000006,0.1
2661,-2.8562500000000006,0.1
2662,-2.900000000000001,0.1
2663,-2.9000000000000012,0.1
2664,-3.2275000000000005,0.1
2665,-2.9050000000000007,0.1
2666,-2.5799999999999996,0.1
2667,-3.043750000000001,0.1
2668,-2.8975000000000004,0.1
2669,-2.926250000000001,0.1
2670,-2.850000000000001,0.1
2671,-2.74625,0.1
2672,-3.0400000000000014,0.1
2673,-2.856250000000001,0.1
2674,-2.8662500000000004,0.1
2675,-2.9875000000000007,0.1
2676,-2.931250000000001,0.1
2677,-3.010000000000001,0.1
2678,-2.923750000000001,0.1
2679,0.6487499999999998,0.1
2680,-2.7687500000000007,0.1
2681,-3.0250000000000017,0.1
2682,-2.971250000000001,0.1
2683,-2.8712500000000007,0.1
2684,-3.2687499999999994,0.1
2685,-2.950000000000001,0.1
2686,0.4949999999999998,0.1
2687,-2.97125,0.1
2688,-2.961250000000001,0.1
2689,-3.0725000000000016,0.1
2690,-2.9287500000000013,0.1
2691,-2.923750000000001,0.1
2692,-2.843750000000001,0.1
2693,-2.912500000000001,0.1
2694,-2.911250000000001,0.1
2695,0.8049999999999999,0.1
2696,0.15874999999999995,0.1
2697,-2.8000000000000007,0.1
2698,-2.952500000000001,0.1
2699,-2.7937499999999997,0.1
2700,-2.843750000000001,0.1
2701,-2.850000000000001,0.1
2702,-2.753750000000001,0.1
2703,-3.055000000000001,0.1
2704,0.6712499999999999,0.1
2705,-2.9812500000000015,0.1
2706,-2.8250000000000006,0.1
2707,-3.055000000000001,0.1
2708,-2.68125,0.1
2709,0.81875,0.1
2710,-2.8362500000000006,0.1
2711,-2.855000000000001,0.1
2712,-2.86375,0.1
2713,-2.906250000000001,0.1
2714,-2.7487500000000007,0.1
2715,-2.950000000000001,0.1
2716,-2.88125,0.1
2717,-2.9562500000000016,0.1
2718,-2.931250000000001,0.1
2719,-3.050000000000001,0.1
2720,-2.961250000000001,0.1
2721,-2.846250000000001,0.1
2722,-2.986250000000001,0.1
2723,-2.942500000000001,0.1
2724,-2.9350000000000014,0.1
2725,-2.8737500000000007,0.1
2726,-2.5874999999999995,0.1
2727,-3.1925000000000003,0.1
2728,-2.8562500000000006,0.1
2729,-3.025000000000001,0.1
2730,-2.9937500000000012,0.1
2731,-2.8412500000000005,0.1
2732,-3.081250000000001,0.1
2733,0.6174999999999999,0.1
2734,-3.6599999999999984,0.1
2735,-2.893750000000001,0.1
2736,-2.9300000000000006,0.1
2737,-0.3262499999999995,0.1
2738,-2.786250000000001,0.1
2739,-3.2500000000000018,0.1
2740,1.11375,0.1
2741,-0.7262499999999992,0.1
2742,-2.7362500000000005,0.1
2743,-3.0175000000000014,0.1
2744,-0.3674999999999995,0.1
2745,-2.881250000000001,0.1
2746,-3.0062500000000014,0.1
2747,-2.8975000000000013,0.1
2748,-2.9312500000000012,0.1
2749,-3.0662500000000015,0.1
2750,-2.848750000000001,0.1
2751,-3.010000000000001,0.1
2752,-2.9787500000000007,0.1
2753,-3.1937500000000005,0.1
2754,-2.7937500000000006,0.1
2755,-2.9462500000000005,0.1
2756,-2.9537500000000003,0.1
2757,-2.875000000000001,0.1
2758,-2.8687500000000012,0.1
2759,1.2087500000000002,0.1
2760,-2.873750000000001,0.1
2761,-3.262499999999999,0.1
2762,-2.945000000000001,0.1
2763,-2.8787500000000006,0.1
2764,-2.8287500000000003,0.1
2765,-2.823750000000001,0.1
2766,0.3837499999999998,0.1
2767,-1.0150000000000003,0.1
2768,-0.5862499999999995,0.1
2769,-2.821250000000001,0.1
2770,-2.79375,0.1
2771,-2.8562499999999997,0.1
2772,-2.875000000000001,0.1
2773,-2.9937500000000012,0.1
2774,-3.0387500000000016,0.1
2775,-2.955000000000001,0.1
2776,-2.936250000000001,0.1
2777,-0.8737499999999991,0.1
2778,-2.9687500000000013,0.1
2779,-2.873750000000001,0.1
2780,-2.7600000000000002,0.1
2781,-2.9487500000000013,0.1
2782,0.7037499999999999,0.1
2783,0.42749999999999977,0.1
2784,-2.9612500000000015,0.1
2785,-3.042500000000001,0.1
2786,-2.91875,0.1
2787,-2.9800000000000013,0.1
2788,-2.905000000000001,0.1
2789,-2.806250000000001,0.1
2790,-3.0087500000000005,0.1
2791,-2.785,0.1
2792,-3.145000000000001,0.1
2793,-2.892499999999999,0.1
2794,1.25875,0.1
2795,0.6275,0.1
2796,-2.877500000000001,0.1
2797,0.24625000000000008,0.1
2798,-2.850000000000001,0.1
2799,-2.937500000000001,0.1
2800,-2.8687500000000012,0.1
2801,-2.6812500000000004,0.1
2802,-2.8312500000000007,0.1
2803,-0.7724999999999997,0.1
2804,-2.987499999999999,0.1
2805,-2.7300000000000004,0.1
2806,-3.662499999999999,0.1
2807,-3.180000000000002,0.1
2808,0.06750000000000012,0.1
2809,-3.811249999999999,0.1
2810,-2.9987500000000007,0.1
2811,-0.5937499999999993,0.1
2812,-2.9312500000000012,0.1
2813,0.7074999999999999,0.1
2814,-2.867500000000001,0.1
2815,-2.855000000000001,0.1
2816,-3.466249999999999,0.1
2817,-2.850000000000001,0.1
2818,0.23499999999999988,0.1
2819,-1.2650000000000008,0.1
2820,-2.6925000000000003,0.1
2821,0.765,0.1
2822,-2.778750000000001,0.1
2823,-2.8975,0.1
2824,-2.8362500000000006,0.1
2825,-0.2787499999999996,0.1
2826,-2.998750000000001,0.1
2827,-2.9425000000000012,0.1
2828,-3.411250000000002,0.1
2829,0.8825000000000001,0.1
2830,-2.9299999999999997,0.1
2831,-2.9375000000000013,0.1
2832,0.5287499999999997,0.1
2833,-2.9612499999999997,0.1
2834,-0.23499999999999965,0.1
2835,-3.5899999999999994,0.1
2836,0.3012499999999998,0.1
2837,0.4237499999999996,0.1
2838,-0.34749999999999925,0.1
2839,-2.986250000000002,0.1
2840,-3.7699999999999987,0.1
2841,-0.27499999999999925,0.1
2842,-2.898750000000001,0.1
2843,-2.905000000000001,0.1
2844,-3.1387499999999995,0.1
2845,-2.9425000000000012,0.1
2846,-1.161250000000001,0.1
2847,-2.843750000000001,0.1
2848,-2.886250000000001,0.1
2849,-3.007500000000001,0.1
2850,-2.8312500000000003,0.1
2851,-2.850000000000001,0.1
2852,-2.8362500000000006,0.1
2853,-3.0025000000000004,0.1
2854,-2.968750000000001,0.1
2855,0.72625,0.1
2856,-2.7300000000000004,0.1
2857,-3.003750000000001,0.1
2858,-2.9312500000000012,0.1
2859,0.9650000000000001,0.1
2860,-2.9537500000000008,0.1
2861,-2.862500000000001,0.1
2862,-0.17874999999999952,0.1
2863,-2.9112500000000012,0.1
2864,1.345,0.1
2865,0.79375,0.1
2866,0.26374999999999993,0.1
2867,-2.900000000000001,0.1
2868,-2.9450000000000007,0.1
2869,-2.7924999999999995,0.1
2870,-2.8737500000000002,0.1
2871,0.15874999999999995,0.1
2872,0.855,0.1
2873,-2.7800000000000007,0.1
2874,-0.8124999999999998,0.1
2875,-2.823749999999999,0.1
2876,-3.7600000000000002,0.1
2877,-2.910000000000001,0.1
2878,-2.7300000000000004,0.1
2879,0.7775,0.1
2880,-2.817500000000001,0.1
2881,-2.931250000000001,0.1
2882,-2.8499999999999996,0.1
2883,-3.0025000000000013,0.1
2884,-2.8237500000000004,0.1
2885,0.5099999999999998,0.1
2886,-2.7662500000000003,0.1
2887,-2.8000000000000007,0.1
2888,-1.132500000000001,0.1
2889,-0.23249999999999948,0.1
2890,-0.9849999999999999,0.1
2891,-0.04499999999999993,0.1
2892,-2.881250000000001,0.1
2893,-2.9475,0.1
2894,-2.986250000000001,0.1
2895,-2.846250000000001,0.1
2896,-2.953750000000001,0.1
2897,0.885,0.1
2898,0.6375000000000001,0.1
2899,-2.8437500000000013,0.1
2900,-2.7600000000000007,0.1
2901,-2.7062499999999994,0.1
2902,-0.0674999999999999,0.1
2903,0.23749999999999982,0.1
2904,-2.837500000000001,0.1
2905,-2.961250000000001,0.1
2906,0.7825,0.1
2907,-2.7375000000000007,0.1
2908,0.935,0.1
2909,-0.8400000000000001,0.1
2910,0.7074999999999999,0.1
2911,-2.8362500000000006,0.1
2912,-3.1587500000000017,0.1
2913,0.6349999999999999,0.1
2914,-0.5062499999999992,0.1
2915,-2.923750000000001,0.1
2916,-1.1862500000000014,0.1
2917,-3.433749999999999,0.1
2918,-2.7987500000000005,0.1
2919,-0.5337499999999993,0.1
2920,0.0800000000000003,0.1
2921,-2.8550000000000013,0.1
2922,-1.1200000000000008,0.1
2923,-2.858750000000001,0.1
2924,-2.6687499999999997,0.1
2925,1.3325,0.1
2926,-2.8500000000000005,0.1
2927,0.8962500000000001,0.1
2928,-2.7975000000000008,0.1
2929,-2.85625,0.1
2930,-0.9900000000000004,0.1
2931,-3.066250000000001,0.1
2932,-1.2337500000000008,0.1
2933,-0.2587499999999996,0.1
2934,-2.7250000000000005,0.1
2935,-2.8975000000000004,0.1
2936,-0.85375,0.1
2937,0.12250000000000005,0.1
2938,0.9062500000000001,0.1
2939,-2.8362500000000006,0.1
2940,-2.8250000000000006,0.1
2941,-0.6174999999999995,0.1
2942,-2.892500000000001,0.1
2943,-2.946250000000001,0.1
2944,-3.015000000000001,0.1
2945,0.7125,0.1
2946,-0.19249999999999945,0.1
2947,-0.7900000000000003,0.1
2948,-2.7912500000000007,0.1
2949,-0.20499999999999963,0.1
2950,-2.8737500000000007,0.1
2951,-2.9362499999999994,0.1
2952,-0.5999999999999999,0.1
2953,0.8049999999999999,0.1
2954,-0.38499999999999934,0.1
2955,-2.9312500000000004,0.1
2956,-2.7875000000000005,0.1
2957,-0.18624999999999958,0.1
2958,-0.6599999999999995,0.1
2959,1.31875,0.1
2960,0.6587499999999998,0.1
2961,0.71,0.1
2962,0.3849999999999998,0.1
2963,-0.9124999999999999,0.1
2964,-2.723750000000001,0.1
2965,1.06125,0.1
2966,-3.1737500000000014,0.1
2967,1.3025,0.1
2968,-2.7675000000000005,0.1
2969,0.5249999999999998,0.1
2970,0.24999999999999978,0.1
2971,0.30999999999999983,0.1
2972,0.45374999999999965,0.1
2973,-0.43124999999999925,0.1
2974,-2.7500000000000004,0.1
2975,-3.4925000000000015,0.1
2976,0.34499999999999975,0.1
2977,-2.8875000000000006,0.1
2978,0.23249999999999993,0.1
2979,0.85125,0.1
2980,-0.8124999999999998,0.1
2981,-3.4549999999999996,0.1
2982,-0.08374999999999999,0.1
2983,-2.862500000000001,0.1
2984,-2.9912500000000013,0.1
2985,-2.9349999999999996,0.1
2986,-0.7999999999999996,0.1
2987,0.86625,0.1
2988,-0.8,0.1
2989,-2.9875000000000007,0.1
2990,-2.8562500000000006,0.1
2991,0.4462499999999998,0.1
2992,-2.71875,0.1
2993,-2.961250000000001,0.1
2994,-3.023750000000001,0.1
2995,-2.8662500000000004,0.1
2996,-3.147499999999999,0.1
2997,-2.64875,0.1
2998,0.08500000000000019,0.1
2999,-0.4587499999999993,0.1
3000,-1.1212499999999996,0.1
3001,-0.89625,0.1
3002,-2.8937499999999994,0.1
3003,-2.861250000000001,0.1
3004,-0.7274999999999998,0.1
3005,-2.9312500000000012,0.1
3006,-2.8000000000000007,0.1
3007,0.5899999999999999,0.1
3008,-2.8050000000000006,0.1
3009,0.4399999999999997,0.1
3010,0.8975000000000001,0.1
3011,-0.66625,0.1
3012,-0.6587499999999993,0.1
3013,-2.921250000000001,0.1
3014,0.11125000000000007,0.1
3015,1.05125,0.1
3016,-0.5874999999999992,0.1
3017,-0.10999999999999965,0.1
3018,-0.02874999999999983,0.1
3019,-2.7375000000000007,0.1
3020,-0.6474999999999997,0.1
3021,0.16375000000000006,0.1
3022,0.32499999999999996,0.1
3023,-0.8887499999999993,0.1
3024,-0.09374999999999978,0.1
3025,-0.8375000000000001,0.1
3026,0.6424999999999998,0.1
3027,-0.3312499999999994,0.1
3028,-0.7137499999999999,0.1
3029,0.3737499999999998,0.1
3030,-2.806250000000001,0.1
3031,-2.798750000000001,0.1
3032,-2.7987500000000005,0.1
3033,0.6525,0.1
3034,-0.07874999999999988,0.1
3035,0.84375,0.1
3036,0.8225,0.1
3037,-2.7800000000000007,0.1
3038,-3.6887499999999998,0.1
3039,-0.14124999999999965,0.1
3040,-2.950000000000001,0.1
3041,-3.4662499999999996,0.1
3042,-3.0512500000000014,0.1
3043,0.9750000000000001,0.1
3044,0.8125,0.1
3045,-0.4099999999999995,0.1
3046,-3.04375,0.1
3047,-1.1725000000000005,0.1
3048,-0.5124999999999993,0.1
3049,0.4824999999999998,0.1
3050,-2.911250000000001,0.1
3051,-3.363749999999999,0.1
3052,0.8075,0.1
3053,0.025000000000000133,0.1
3054,0.025000000000000133,0.1
3055,-0.07999999999999985,0.1
3056,1.165,0.1
3057,0.9287500000000001,0.1
3058,0.02375000000000016,0.1
3059,-0.7074999999999994,0.1
3060,-0.4662499999999994,0.1
3061,-0.28249999999999953,0.1
3062,0.7949999999999999,0.1
3063,0.8900000000000001,0.1
3064,-0.008749999999999813,0.1
3065,0.19625000000000004,0.1
3066,-0.14124999999999965,0.1
3067,-0.19499999999999962,0.1
3068,0.6249999999999999,0.1
3069,-2.9762500000000007,0.1
3070,-0.1912499999999997,0.1
3071,-2.962500000000001,0.1
3072,-0.1762499999999998,0.1
3073,0.4112499999999999,0.1
3074,-2.837500000000001,0.1
3075,0.9062500000000001,0.1
3076,0.5737499999999998,0.1
3077,0.825,0.1
3078,0.935,0.1
3079,0.1412500000000001,0.1
3080,0.78625,0.1
3081,0.5999999999999999,0.1
3082,0.8624999999999999,0.1
3083,-3.4037499999999996,0.1
3084,0.8312499999999999,0.1
3085,0.13375000000000004,0.1
3086,-0.19999999999999973,0.1
3087,0.7324999999999999,0.1
3088,0.30125,0.1
3089,0.9237500000000001,0.1
3090,1.04,0.1
3091,1.29,0.1
3092,-0.3662499999999993,0.1
3093,0.9475,0.1
3094,0.45874999999999966,0.1
3095,-0.09374999999999978,0.1
3096,-0.039999999999999813,0.1
3097,0.2274999999999998,0.1
3098,-0.23624999999999963,0.1
3099,0.5862499999999998,0.1
3100,-1.0750000000000008,0.1
3101,0.7825,0.1
3102,-2.8000000000000007,0.1
3103,1.3062500000000001,0.1
3104,-0.72875,0.1
3105,0.9600000000000001,0.1
3106,1.29875,0.1
3107,0.23124999999999996,0.1
3108,1.235,0.1
3109,0.050000000000000044,0.1
3110,0.5299999999999999,0.1
3111,0.7487499999999999,0.1
3112,0.0050000000000003375,0.1
3113,-0.46999999999999953,0.1
3114,1.1,0.1
3115,-0.7775000000000001,0.1
3116,-2.810000000000001,0.1
3117,-0.46874999999999933,0.1
3118,-0.32749999999999924,0.1
3119,0.9537500000000001,0.1
3120,-2.817500000000001,0.1
3121,-0.5474999999999994,0.1
3122,-0.7950000000000002,0.1
3123,0.6174999999999998,0.1
3124,-0.4962499999999992,0.1
3125,0.41749999999999976,0.1
3126,0.91,0.1
3127,-0.4812499999999993,0.1
3128,0.2925,0.1
3129,0.8350000000000001,0.1
3130,-0.12749999999999972,0.1
3131,0.99,0.1
3132,-3.0362499999999986,0.1
3133,0.7512499999999999,0.1
3134,-0.38499999999999934,0.1
3135,-3.00625,0.1
3136,0.3787499999999997,0.1
3137,-1.3300000000000007,0.1
3138,1.00625,0.1
3139,-1.0400000000000011,0.1
3140,0.19499999999999984,0.1
3141,-1.1062500000000013,0.1
3142,0.18249999999999988,0.1
3143,0.2912499999999998,0.1
3144,1.355,0.1
3145,0.38249999999999984,0.1
3146,0.91625,0.1
3147,1.03375,0.1
3148,0.7849999999999999,0.1
3149,-0.8674999999999999,0.1
3150,-1.136250000000001,0.1
3151,-0.40499999999999936,0.1
3152,-0.4099999999999995,0.1
3153,-0.019999999999999574,0.1
3154,-0.3099999999999994,0.1
3155,0.7462499999999999,0.1
3156,0.96625,0.1
3157,1.215,0.1
3158,1.0775000000000001,0.1
3159,-2.84375,0.1
3160,0.29874999999999985,0.1
3161,0.6362499999999999,0.1
3162,0.5499999999999998,0.1
3163,-0.012499999999999734,0.1
3164,-1.112500000000001,0.1
3165,1.0025,0.1
3166,0.87,0.1
3167,0.8925000000000001,0.1
3168,-0.6012499999999992,0.1
3169,-0.2312499999999993,0.1
3170,-2.7375000000000007,0.1
3171,1.32,0.1
3172,0.3149999999999997,0.1
3173,1.05125,0.1
3174,-0.22499999999999964,0.1
3175,0.6599999999999998,0.1
3176,0.99125,0.1
3177,-0.7237499999999992,0.1
3178,1.1387500000000002,0.1
3179,0.9275,0.1
3180,0.7687499999999999,0.1
3181,-0.7349999999999992,0.1
3182,0.7149999999999999,0.1
3183,1.2537500000000001,0.1
3184,0.31374999999999975,0.1
3185,-0.9612500000000004,0.1
3186,1.0625,0.1
3187,0.6224999999999998,0.1
3188,-1.0050000000000001,0.1
3189,0.4837499999999997,0.1
3190,0.6599999999999998,0.1
3191,0.6599999999999998,0.1
3192,-2.750000000000001,0.1
3193,-0.5624999999999993,0.1
3194,-0.18749999999999956,0.1
3195,-0.5049999999999992,0.1
3196,0.6049999999999998,0.1
3197,0.7324999999999999,0.1
3198,-2.9712500000000013,0.1
3199,1.1912500000000001,0.1
3200,0.7449999999999999,0.1
3201,-0.02499999999999969,0.1
3202,-0.5199999999999994,0.1
3203,1.2225000000000001,0.1
3204,0.28749999999999987,0.1
3205,0.7474999999999998,0.1
3206,0.6962499999999998,0.1
3207,0.11499999999999999,0.1
3208,0.8012499999999999,0.1
3209,1.105,0.1
3210,0.915,0.1
3211,0.28749999999999987,0.1
3212,0.7037499999999999,0.1
3213,0.6549999999999998,0.1
3214,-3.0100000000000007,0.1
3215,0.85125,0.1
3216,0.6037499999999999,0.1
3217,0.2649999999999999,0.1
3218,1.09,0.1
3219,-0.40499999999999936,0.1
3220,0.5812499999999999,0.1
3221,-0.23999999999999955,0.1
3222,0.0924999999999998,0.1
3223,0.7387499999999999,0.1
3224,-0.5912499999999994,0.1
3225,1.225,0.1
3226,0.5562499999999997,0.1
3227,0.5112499999999998,0.1
3228,0.5762499999999997,0.1
3229,0.9837500000000001,0.1
3230,0.7324999999999999,0.1
3231,0.6087499999999999,0.1
3232,-0.05749999999999966,0.1
3233,0.6149999999999998,0.1
3234,0.8025,0.1
3235,-0.28624999999999945,0.1
3236,0.5899999999999997,0.1
3237,0.3624999999999998,0.1
3238,-0.1962499999999996,0.1
3239,0.1875,0.1
3240,0.9550000000000001,0.1
3241,0.6924999999999999,0.1
3242,1.31375,0.1
3243,-2.843750000000001,0.1
3244,0.90375,0.1
3245,-0.5437499999999993,0.1
3246,1.0012500000000002,0.1
3247,0.4325000000000001,0.1
3248,1.165,0.1
3249,0.8049999999999999,0.1
3250,-0.3399999999999992,0.1
3251,0.6587500000000001,0.1
3252,0.8975000000000001,0.1
3253,0.22624999999999984,0.1
3254,0.7699999999999999,0.1
3255,0.22999999999999998,0.1
3256,-0.5324999999999995,0.1
3257,0.84,0.1
3258,0.4299999999999997,0.1
3259,0.6899999999999998,0.1
3260,-0.6587499999999993,0.1
3261,0.29374999999999973,0.1
3262,-0.1549999999999998,0.1
3263,0.6862499999999998,0.1
3264,1.1687500000000002,0.1
3265,-0.7249999999999999,0.1
3266,0.6774999999999999,0.1
3267,-2.867500000000001,0.1
3268,0.8324999999999999,0.1
3269,0.5462499999999997,0.1
3270,0.99,0.1
3271,0.3424999999999998,0.1
3272,1.2337500000000001,0.1
3273,1.485,0.1
3274,0.88625,0.1
3275,-0.8750000000000002,0.1
3276,1.09,0.1
3277,0.1275000000000004,0.1
3278,1.1525,0.1
3279,-2.896250000000001,0.1
3280,-0.4187499999999993,0.1
3281,0.9525000000000001,0.1
3282,0.49124999999999963,0.1
3283,0.9325000000000001,0.1
3284,-2.825000000000001,0.1
3285,-0.4399999999999993,0.1
3286,0.3012499999999998,0.1
3287,1.11,0.1
3288,0.3737499999999998,0.1
3289,1.0987500000000001,0.1
3290,0.3899999999999999,0.1
3291,0.13874999999999993,0.1
3292,-2.7875000000000005,0.1
3293,0.7299999999999999,0.1
3294,1.0025,0.1
3295,-0.7399999999999995,0.1
3296,1.11,0.1
3297,1.07375,0.1
3298,-0.8975000000000002,0.1
3299,0.5974999999999998,0.1
3300,-0.4962499999999992,0.1
3301,0.1100000000000001,0.1
3302,1.0,0.1
3303,0.44999999999999973,0.1
3304,0.86,0.1
3305,1.18625,0.1
3306,-0.8800000000000001,0.1
3307,-2.972500000000001,0.1
3308,0.6949999999999998,0.1
3309,0.85125,0.1
3310,0.6062499999999997,0.1
3311,-0.2637499999999995,0.1
3312,-0.0662499999999997,0.1
3313,1.28375,0.1
3314,-2.817500000000001,0.1
3315,0.875,0.1
3316,1.0212500000000002,0.1
3317,0.6224999999999998,0.1
3318,-0.7762499999999999,0.1
3319,0.6199999999999998,0.1
3320,1.3587500000000001,0.1
3321,0.9850000000000001,0.1
3322,0.845,0.1
3323,1.09625,0.1
3324,1.28875,0.1
3325,1.17875,0.1
3326,-0.46874999999999933,0.1
3327,-2.850000000000001,0.1
3328,1.14375,0.1
3329,0.85375,0.1
3330,0.6862499999999998,0.1
3331,0.6649999999999999,0.1
3332,0.3124999999999998,0.1
3333,-0.09499999999999931,0.1
3334,0.6549999999999998,0.1
3335,0.88125,0.1
3336,0.7962499999999999,0.1
3337,0.4099999999999997,0.1
3338,0.9725000000000001,0.1
3339,0.72,0.1
3340,0.8812500000000001,0.1
3341,0.5649999999999997,0.1
3342,1.1,0.1
3343,0.78125,0.1
3344,0.28,0.1
3345,-0.38499999999999934,0.1
3346,1.435,0.1
3347,0.9512500000000002,0.1
3348,0.16249999999999987,0.1
3349,0.6024999999999997,0.1
3350,-0.36999999999999944,0.1
3351,0.4874999999999997,0.1
3352,-0.8149999999999997,0.1
3353,-2.787500000000001,0.1
3354,1.0550000000000002,0.1
3355,0.4762499999999996,0.1
3356,0.39124999999999965,0.1
3357,0.49499999999999966,0.1
3358,1.0462500000000001,0.1
3359,1.2950000000000002,0.1
3360,-0.3049999999999995,0.1
3361,0.86125,0.1
3362,0.6862499999999998,0.1
3363,-2.991250000000001,0.1
3364,-2.837500000000001,0.1
3365,0.1775,0.1
3366,0.34999999999999987,0.1
3367,0.6949999999999998,0.1
3368,0.04499999999999993,0.1
3369,0.85,0.1
3370,0.8049999999999999,0.1
3371,-0.7499999999999998,0.1
3372,0.88,0.1
3373,1.25875,0.1
3374,0.7662499999999999,0.1
3375,0.5787499999999998,0.1
3376,-0.5374999999999992,0.1
3377,0.37999999999999967,0.1
3378,0.7087499999999999,0.1
3379,0.3424999999999998,0.1
3380,0.7449999999999999,0.1
3381,0.6887499999999999,0.1
3382,1.0462500000000001,0.1
3383,0.21999999999999975,0.1
3384,0.5387499999999997,0.1
3385,-0.05624999999999991,0.1
3386,0.14000000000000012,0.1
3387,0.7749999999999999,0.1
3388,0.7037499999999999,0.1
3389,0.9387500000000001,0.1
3390,0.6049999999999999,0.1
3391,0.40124999999999966,0.1
3392,0.28874999999999984,0.1
3393,0.7324999999999999,0.1
3394,1.0325000000000002,0.1
3395,0.8437500000000001,0.1
3396,0.9687500000000001,0.1
3397,0.6362499999999998,0.1
3398,0.34999999999999964,0.1
3399,-0.5874999999999992,0.1
3400,0.7137499999999999,0.1
3401,1.01,0.1
3402,1.15375,0.1
3403,0.86,0.1
3404,0.9850000000000001,0.1
3405,0.79375,0.1
3406,0.2074999999999998,0.1
3407,1.07625,0.1
3408,0.5649999999999998,0.1
3409,0.6499999999999998,0.1
3410,0.5237499999999997,0.1
3411,-0.7149999999999996,0.1
3412,0.6624999999999999,0.1
3413,0.78625,0.1
3414,0.825,0.1
3415,1.2575,0.1
3416,0.5974999999999998,0.1
3417,0.4399999999999997,0.1
3418,0.7462499999999999,0.1
3419,0.4512499999999997,0.1
3420,1.24,0.1
3421,1.05875,0.1
3422,0.78625,0.1
3423,1.24125,0.1
3424,0.9837500000000001,0.1
3425,1.0437500000000002,0.1
3426,0.9650000000000001,0.1
3427,1.1675,0.1
3428,0.5187499999999997,0.1
3429,0.81375,0.1
3430,0.5799999999999997,0.1
3431,0.9837500000000001,0.1
3432,1.115,0.1
3433,-2.9599999999999995,0.1
3434,0.90375,0.1
3435,0.45374999999999965,0.1
3436,0.9475,0.1
3437,1.22625,0.1
3438,-0.9450000000000001,0.1
3439,1.5637500000000002,0.1
3440,1.4900000000000002,0.1
3441,-0.4649999999999992,0.1
3442,0.7300000000000001,0.1
3443,0.6724999999999999,0.1
3444,0.7449999999999999,0.1
3445,0.9087500000000001,0.1
3446,0.5724999999999998,0.1
3447,0.8962500000000001,0.1
3448,0.7575,0.1
3449,0.9225000000000001,0.1
3450,0.9325000000000001,0.1
3451,0.9837500000000001,0.1
3452,-0.07999999999999985,0.1
3453,0.9225000000000001,0.1
3454,0.5049999999999998,0.1
3455,0.6612499999999998,0.1
3456,1.4000000000000001,0.1
3457,0.6,0.1
3458,1.5274999999999999,0.1
3459,1.555,0.1
3460,0.925,0.1
3461,0.9725000000000001,0.1
3462,0.16375000000000006,0.1
3463,1.50875,0.1
3464,-0.2262499999999994,0.1
3465,0.007500000000000284,0.1
3466,0.7962499999999999,0.1
3467,0.2962499999999999,0.1
3468,-0.29624999999999946,0.1
3469,-0.054999999999999716,0.1
3470,-0.48999999999999977,0.1
3471,0.9587500000000001,0.1
3472,0.2549999999999999,0.1
3473,0.9712500000000002,0.1
3474,0.6024999999999999,0.1
3475,0.6549999999999998,0.1
3476,-0.6349999999999991,0.1
3477,1.1625,0.1
3478,1.0625,0.1
3479,0.8099999999999999,0.1
3480,0.6174999999999998,0.1
3481,0.8312499999999999,0.1
3482,0.9450000000000001,0.1
3483,0.37999999999999967,0.1
3484,-2.983750000000001,0.1
3485,0.30999999999999983,0.1
3486,0.6112499999999998,0.1
3487,0.905,0.1
3488,1.0037500000000001,0.1
3489,1.09375,0.1
3490,0.135,0.1
3491,-1.0650000000000006,0.1
3492,0.8725,0.1
3493,1.1712500000000001,0.1
3494,0.6349999999999999,0.1
3495,0.86875,0.1
3496,1.1662500000000002,0.1
3497,0.036250000000000115,0.1
3498,0.84375,0.1
3499,0.6474999999999997,0.1
3500,0.5812499999999997,0.1
3501,-0.7587499999999998,0.1
3502,0.8125,0.1
3503,1.02625,0.1
3504,0.4887499999999998,0.1
3505,1.2550000000000001,0.1
3506,1.1125,0.1
3507,0.5424999999999998,0.1
3508,1.065,0.1
3509,-0.4387499999999991,0.1
3510,0.6587499999999998,0.1
3511,-2.8300000000000005,0.1
3512,1.1925000000000001,0.1
3513,0.5687499999999998,0.1
3514,0.71,0.1
3515,-0.14624999999999955,0.1
3516,0.6049999999999999,0.1
3517,0.81875,0.1
3518,0.4062499999999998,0.1
3519,0.5212499999999997,0.1
3520,0.9600000000000002,0.1
3521,0.46999999999999986,0.1
3522,0.6087499999999998,0.1
3523,1.01125,0.1
3524,1.15375,0.1
3525,0.9175,0.1
3526,-0.5049999999999992,0.1
3527,0.4974999999999996,0.1
3528,0.7499999999999999,0.1
3529,0.8925000000000001,0.1
3530,1.0075,0.1
3531,-1.0437500000000004,0.1
3532,-0.7812499999999993,0.1
3533,0.93125,0.1
3534,-0.9562500000000005,0.1
3535,1.2737500000000002,0.1
3536,0.6537499999999998,0.1
3537,0.9175000000000001,0.1
3538,0.9850000000000001,0.1
3539,-0.5299999999999994,0.1
3540,0.9325000000000001,0.1
3541,0.7987500000000001,0.1
3542,0.2775000000000001,0.1
3543,0.925,0.1
3544,0.5499999999999997,0.1
3545,0.885,0.1
3546,-0.031249999999999778,0.1
3547,0.6249999999999998,0.1
3548,0.8962500000000001,0.1
3549,-0.3749999999999991,0.1
3550,0.9850000000000001,0.1
3551,-2.7875000000000005,0.1
3552,0.6174999999999998,0.1
3553,-0.46624999999999917,0.1
3554,1.09375,0.1
3555,0.7449999999999999,0.1
3556,0.87875,0.1
3557,0.6099999999999998,0.1
3558,1.01125,0.1
3559,1.205,0.1
3560,1.1487500000000002,0.1
3561,1.0225000000000002,0.1
3562,-3.0325,0.1
3563,0.3099999999999996,0.1
3564,0.13375000000000004,0.1
3565,0.016250000000000098,0.1
3566,0.40249999999999964,0.1
3567,1.02125,0.1
3568,0.9837500000000001,0.1
3569,0.9400000000000001,0.1
3570,1.13625,0.1
3571,0.8025,0.1
3572,0.6224999999999998,0.1
3573,-0.7625,0.1
3574,0.91125,0.1
3575,0.745,0.1
3576,1.1062500000000002,0.1
3577,1.36125,0.1
3578,-0.13874999999999948,0.1
3579,1.17,0.1
3580,0.82375,0.1
3581,1.4625000000000001,0.1
3582,1.17,0.1
3583,0.9950000000000001,0.1
3584,1.1675,0.1
3585,1.03875,0.1
3586,0.6724999999999999,0.1
3587,1.11625,0.1
3588,0.6437499999999998,0.1
3589,0.4887499999999997,0.1
3590,0.9850000000000001,0.1
3591,1.17375,0.1
3592,0.4499999999999996,0.1
3593,0.875,0.1
3594,-0.5562499999999997,0.1
3595,-1.0625000000000007,0.1
3596,0.5187499999999999,0.1
3597,0.85625,0.1
3598,0.5112499999999999,0.1
3599,-2.7687500000000007,0.1
3600,0.9700000000000001,0.1
3601,-0.46874999999999933,0.1
3602,1.18625,0.1
3603,0.33499999999999974,0.1
3604,1.11125,0.1
3605,-2.983750000000001,0.1
3606,-0.25124999999999953,0.1
3607,-0.7837500000000002,0.1
3608,-0.7874999999999994,0.1
3609,1.0625,0.1
3610,-2.9050000000000007,0.1
3611,-1.1062500000000013,0.1
3612,-0.5512499999999991,0.1
3613,0.8500000000000001,0.1
3614,0.715,0.1
3615,-0.4849999999999992,0.1
3616,0.9337500000000001,0.1
3617,0.5112499999999998,0.1
3618,-2.9237500000000005,0.1
3619,1.02125,0.1
3620,0.42874999999999974,0.1
3621,1.0625,0.1
3622,1.3687500000000001,0.1
3623,1.145,0.1
3624,0.90375,0.1
3625,0.41749999999999976,0.1
3626,-0.2312499999999995,0.1
3627,1.0525,0.1
3628,1.00625,0.1
3629,-2.8687500000000004,0.1
3630,0.7375000000000002,0.1
3631,0.7512499999999999,0.1
3632,0.3949999999999998,0.1
3633,0.9937500000000001,0.1
3634,-3.055000000000001,0.1
3635,1.1425,0.1
3636,0.83625,0.1
3637,0.78,0.1
3638,0.5624999999999998,0.1
3639,1.0987500000000001,0.1
3640,-0.9762499999999996,0.1
3641,-0.6787499999999997,0.1
3642,-0.28624999999999945,0.1
3643,0.95875,0.1
3644,1.02,0.1
3645,1.13625,0.1
3646,0.80125,0.1
3647,1.1300000000000001,0.1
3648,-0.9737500000000001,0.1
3649,0.6037499999999998,0.1
3650,1.4325,0.1
3651,1.02,0.1
3652,1.1175000000000002,0.1
3653,1.235,0.1
3654,0.87875,0.1
3655,1.1075,0.1
3656,1.34375,0.1
3657,1.12375,0.1
3658,0.12375000000000003,0.1
3659,1.09375,0.1
3660,0.5112499999999998,0.1
3661,0.5537499999999999,0.1
3662,-0.2737499999999997,0.1
3663,1.17,0.1
3664,0.85625,0.1
3665,-0.7837500000000002,0.1
3666,1.1075000000000002,0.1
3667,0.6987499999999999,0.1
3668,0.47499999999999964,0.1
3669,-0.5762499999999993,0.1
3670,1.0150000000000001,0.1
3671,0.73125,0.1
3672,-2.9412500000000006,0.1
3673,0.8800000000000001,0.1
3674,-0.7149999999999992,0.1
3675,1.31,0.1
3676,1.0137500000000002,0.1
3677,-0.6574999999999995,0.1
3678,1.29,0.1
3679,1.23875,0.1
3680,0.6374999999999998,0.1
3681,-2.7825000000000006,0.1
3682,-2.962500000000001,0.1
3683,1.2637500000000002,0.1
3684,0.20999999999999996,0.1
3685,0.7849999999999999,0.1
3686,-2.8612500000000005,0.1
3687,1.3350000000000002,0.1
3688,0.89875,0.1
3689,0.91625,0.1
3690,1.0350000000000001,0.1
3691,1.3325,0.1
3692,0.79375,0.1
3693,0.6837499999999999,0.1
3694,1.3025,0.1
3695,1.24,0.1
3696,1.12125,0.1
3697,-0.9650000000000005,0.1
3698,-0.09499999999999997,0.1
3699,-3.0587500000000003,0.1
3700,1.1425,0.1
3701,-0.639999999999999,0.1
3702,0.5649999999999997,0.1
3703,0.29249999999999976,0.1
3704,0.935,0.1
3705,1.21,0.1
3706,-3.1975000000000002,0.1
3707,-2.8300000000000005,0.1
3708,0.9525000000000001,0.1
3709,0.6099999999999999,0.1
3710,0.050000000000000266,0.1
3711,1.05875,0.1
3712,-0.95,0.1
3713,0.8062499999999999,0.1
3714,0.9287500000000001,0.1
3715,-2.9650000000000007,0.1
3716,1.15375,0.1
3717,0.9850000000000001,0.1
3718,1.02125,0.1
3719,-2.843750000000001,0.1
3720,0.5612499999999999,0.1
3721,-0.20624999999999982,0.1
3722,-0.54375,0.1
3723,-0.15999999999999948,0.1
3724,0.5187499999999998,0.1
3725,1.00875,0.1
3726,-0.8487499999999997,0.1
3727,-0.1999999999999995,0.1
3728,-0.2524999999999995,0.1
3729,0.6999999999999998,0.1
3730,1.1525,0.1
3731,1.06125,0.1
3732,1.0550000000000002,0.1
3733,1.11625,0.1
3734,-3.4412500000000006,0.1
3735,0.9225000000000001,0.1
3736,0.6725,0.1
3737,1.1475,0.1
3738,-0.8162500000000004,0.1
3739,1.13625,0.1
3740,0.82375,0.1
3741,0.9450000000000001,0.1
3742,0.32375,0.1
3743,0.6924999999999998,0.1
3744,-3.25,0.1
3745,1.44375,0.1
3746,0.865,0.1
3747,0.11500000000000044,0.1
3748,0.6774999999999999,0.1
3749,0.6062499999999998,0.1
3750,0.4449999999999996,0.1
3751,-2.876250000000001,0.1
3752,0.6262499999999999,0.1
3753,1.195,0.1
3754,0.6475000000000002,0.1
3755,1.13125,0.1
3756,0.5099999999999999,0.1
3757,-2.897500000000001,0.1
3758,-0.34374999999999933,0.1
3759,-1.0212500000000009,0.1
3760,-3.020000000000001,0.1
3761,0.05499999999999994,0.1
3762,0.83,0.1
3763,0.5474999999999999,0.1
3764,0.9512500000000002,0.1
3765,-0.5974999999999997,0.1
3766,1.02625,0.1
3767,0.8049999999999999,0.1
3768,0.8062499999999999,0.1
3769,0.011250000000000204,0.1
3770,0.8912500000000001,0.1
3771,0.94125,0.1
3772,-0.2499999999999991,0.1
3773,-0.04999999999999982,0.1
3774,1.0875000000000001,0.1
3775,0.4937499999999997,0.1
3776,1.07375,0.1
3777,0.3487499999999999,0.1
3778,1.18625,0.1
3779,-2.77375,0.1
3780,1.1675,0.1
3781,0.44999999999999973,0.1
3782,1.51375,0.1
3783,0.9975,0.1
3784,0.45874999999999966,0.1
3785,0.8600000000000001,0.1
3786,0.82,0.1
3787,0.5837499999999998,0.1
3788,1.115,0.1
3789,-0.7587499999999998,0.1
3790,0.765,0.1
3791,1.0562500000000001,0.1
3792,1.0025,0.1
3793,-1.0950000000000009,0.1
3794,-0.24124999999999952,0.1
3795,0.6124999999999998,0.1
3796,0.91625,0.1
3797,0.90625,0.1
3798,1.1062500000000002,0.1
3799,0.9087500000000001,0.1
3800,-0.5899999999999996,0.1
3801,-2.8625000000000007,0.1
3802,0.3474999999999997,0.1
3803,1.2087500000000002,0.1
3804,0.7962499999999999,0.1
3805,0.17125000000000012,0.1
3806,1.13375,0.1
3807,1.4400000000000002,0.1
3808,0.7749999999999999,0.1
3809,1.0450000000000002,0.1
3810,0.5512499999999997,0.1
3811,0.9475,0.1
3812,0.88,0.1
3813,-2.775000000000001,0.1
3814,1.06125,0.1
3815,-1.1000000000000003,0.1
3816,1.3175000000000001,0.1
3817,1.07875,0.1
3818,0.4537499999999999,0.1
3819,1.17875,0.1
3820,1.2725,0.1
3821,0.80625,0.1
3822,1.35,0.1
3823,-0.3862499999999993,0.1
3824,0.3524999999999998,0.1
3825,1.085,0.1
3826,-0.014999999999999902,0.1
3827,0.7199999999999999,0.1
3828,1.1175000000000002,0.1
3829,0.8775000000000001,0.1
3830,-2.8912500000000008,0.1
3831,0.7987500000000001,0.1
3832,1.0762500000000002,0.1
3833,1.09375,0.1
3834,0.895,0.1
3835,0.7687499999999999,0.1
3836,1.2550000000000001,0.1
3837,0.9637500000000001,0.1
3838,0.6612499999999998,0.1
3839,0.7437499999999999,0.1
3840,-0.3662499999999995,0.1
3841,1.1075,0.1
3842,0.9137500000000001,0.1
3843,1.145,0.1
3844,0.7362499999999998,0.1
3845,0.7462499999999999,0.1
3846,1.51375,0.1
3847,1.1675,0.1
3848,-0.5949999999999991,0.1
3849,0.9187500000000001,0.1
3850,0.8775000000000001,0.1
3851,0.87375,0.1
3852,0.78125,0.1
3853,0.6562499999999998,0.1
3854,1.0475,0.1
3855,1.0462500000000001,0.1
3856,1.1687500000000002,0.1
3857,1.09,0.1
3858,0.8750000000000001,0.1
3859,0.9850000000000001,0.1
3860,0.84875,0.1
3861,1.04,0.1
3862,1.0425,0.1
3863,0.7324999999999999,0.1
3864,0.7212499999999998,0.1
3865,0.14625,0.1
3866,-0.2774999999999994,0.1
3867,-2.5999999999999996,0.1
3868,0.6537499999999998,0.1
3869,0.40249999999999964,0.1
3870,-0.0674999999999999,0.1
3871,0.5449999999999997,0.1
3872,0.2999999999999998,0.1
3873,0.15250000000000008,0.1
3874,0.67875,0.1
3875,0.77625,0.1
3876,1.18625,0.1
3877,0.5449999999999997,0.1
3878,0.9475,0.1
3879,0.7899999999999999,0.1
3880,0.9137500000000001,0.1
3881,0.08374999999999999,0.1
3882,-0.1387499999999997,0.1
3883,0.10750000000000015,0.1
3884,0.17500000000000004,0.1
3885,1.235,0.1
3886,0.7087499999999999,0.1
3887,0.915,0.1
3888,0.72,0.1
3889,-0.865,0.1
3890,0.6987499999999999,0.1
3891,0.5249999999999997,0.1
3892,1.2125000000000001,0.1
3893,0.93,0.1
3894,-0.7024999999999995,0.1
3895,1.53125,0.1
3896,-0.6849999999999998,0.1
3897,0.86,0.1
3898,0.875,0.1
3899,1.02,0.1
3900,-0.4337499999999994,0.1
3901,0.9,0.1
3902,1.12625,0.1
3903,0.8062499999999999,0.1
3904,1.02,0.1
3905,0.6412499999999999,0.1
3906,0.10375000000000001,0.1
3907,0.8912500000000001,0.1
3908,0.9875,0.1
3909,0.4099999999999997,0.1
3910,-0.1387499999999997,0.1
3911,-3.201249999999999,0.1
3912,0.98875,0.1
3913,1.4625000000000001,0.1
3914,0.6224999999999997,0.1
3915,0.81,0.1
3916,0.4574999999999997,0.1
3917,0.9387500000000001,0.1
3918,1.0625,0.1
3919,1.3425,0.1
3920,0.6737499999999998,0.1
3921,0.70625,0.1
3922,-2.8062500000000012,0.1
3923,1.1375000000000002,0.1
3924,0.6549999999999998,0.1
3925,0.34124999999999983,0.1
3926,0.9,0.1
3927,1.2962500000000001,0.1
3928,0.6462499999999999,0.1
3929,0.5949999999999998,0.1
3930,0.93,0.1
3931,1.1187500000000001,0.1
3932,-0.4712499999999993,0.1
3933,0.9112500000000001,0.1
3934,0.43874999999999975,0.1
3935,0.355,0.1
3936,1.12375,0.1
3937,1.03125,0.1
3938,0.9800000000000001,0.1
3939,1.0975000000000001,0.1
3940,1.0975000000000001,0.1
3941,1.2225000000000001,0.1
3942,0.7525000000000001,0.1
3943,1.14375,0.1
3944,0.87875,0.1
3945,1.22125,0.1
3946,0.895,0.1
3947,0.815,0.1
3948,1.09,0.1
3949,1.0450000000000002,0.1
3950,0.7349999999999999,0.1
3951,0.84875,0.1
3952,0.7224999999999999,0.1
3953,1.38625,0.1
3954,1.02125,0.1
3955,1.315,0.1
3956,1.09,0.1
3957,1.185,0.1
3958,-0.16374999999999962,0.1
3959,-0.7825000000000004,0.1
3960,1.22125,0.1
3961,0.6862499999999999,0.1
3962,-2.8937500000000007,0.1
3963,0.06125000000000003,0.1
3964,1.4212500000000001,0.1
3965,1.1125,0.1
3966,0.9612500000000002,0.1
3967,1.04,0.1
3968,1.13625,0.1
3969,1.12,0.1
3970,0.83625,0.1
3971,-0.4824999999999995,0.1
3972,1.0425,0.1
3973,0.9962500000000001,0.1
3974,0.82,0.1
3975,-0.7449999999999999,0.1
3976,0.9450000000000001,0.1
3977,1.3262500000000002,0.1
3978,0.8925000000000001,0.1
3979,1.0350000000000001,0.1
3980,1.0987500000000001,0.1
3981,1.435,0.1
3982,1.08,0.1
3983,1.0987500000000001,0.1
3984,1.1487500000000002,0.1
3985,1.2087500000000002,0.1
3986,0.5099999999999997,0.1
3987,-0.10499999999999976,0.1
3988,0.1100000000000001,0.1
3989,1.0750000000000002,0.1
3990,0.88,0.1
3991,0.87,0.1
3992,1.0987500000000001,0.1
3993,-0.11749999999999972,0.1
3994,0.9950000000000001,0.1
3995,-0.07999999999999963,0.1
3996,1.0012500000000002,0.1
3997,0.5512499999999998,0.1
3998,0.5987499999999998,0.1
3999,0.6549999999999999,0.1
4000,-0.15249999999999964,0.1
4001,1.3125,0.1
4002,0.78125,0.1
4003,1.02,0.1
4004,1.06875,0.1
4005,0.90625,0.1
4006,1.11125,0.1
4007,0.9700000000000001,0.1
4008,0.74625,0.1
4009,1.16625,0.1
4010,0.8400000000000001,0.1
4011,1.02125,0.1
4012,0.9500000000000001,0.1
4013,1.17875,0.1
4014,0.9525000000000001,0.1
4015,1.1,0.1
4016,1.11,0.1
4017,1.08125,0.1
4018,1.2200000000000002,0.1
4019,0.7362499999999998,0.1
4020,1.4312500000000001,0.1
4021,1.0975000000000001,0.1
4022,1.1125,0.1
4023,0.91625,0.1
4024,1.03875,0.1
4025,1.155,0.1
4026,0.7274999999999999,0.1
4027,1.08125,0.1
4028,1.0325000000000002,0.1
4029,1.2750000000000001,0.1
4030,0.39124999999999965,0.1
4031,0.17625000000000002,0.1
4032,0.6249999999999998,0.1
4033,1.205,0.1
4034,1.0975000000000001,0.1
4035,1.1125,0.1
4036,0.935,0.1
4037,1.32,0.1
4038,1.3725,0.1
4039,1.1612500000000001,0.1
4040,-0.3812499999999994,0.1
4041,1.0075,0.1
4042,0.96625,0.1
4043,0.7274999999999999,0.1
4044,1.02625,0.1
4045,0.8425,0.1
4046,0.9087500000000001,0.1
4047,1.2212500000000002,0.1
4048,1.0825,0.1
4049,1.1,0.1
4050,0.88,0.1
4051,0.8962500000000001,0.1
4052,1.2637500000000002,0.1
4053,1.18625,0.1
4054,0.8300000000000001,0.1
4055,1.4075,0.1
4056,0.865,0.1
4057,-0.20749999999999957,0.1
4058,-1.03875,0.1
4059,1.0250000000000001,0.1
4060,0.5949999999999998,0.1
4061,1.05125,0.1
4062,1.0762500000000002,0.1
4063,0.9175000000000001,0.1
4064,1.0425,0.1
4065,0.32499999999999996,0.1
4066,0.1612499999999999,0.1
4067,1.33875,0.1
4068,1.11625,0.1
4069,1.09375,0.1
4070,0.4849999999999999,0.1
4071,1.485,0.1
4072,1.47875,0.1
4073,0.90375,0.1
4074,1.12375,0.1
4075,1.1,0.1
4076,0.7099999999999999,0.1
4077,1.0975000000000001,0.1
4078,0.9975,0.1
4079,1.1500000000000001,0.1
4080,1.2375,0.1
4081,1.13125,0.1
4082,0.825,0.1
4083,0.7274999999999999,0.1
4084,1.155,0.1
4085,0.9500000000000001,0.1
4086,0.25749999999999984,0.1
4087,0.78625,0.1
4088,0.47999999999999976,0.1
4089,1.23875,0.1
4090,1.0437500000000002,0.1
4091,-3.002500000000001,0.1
4092,0.9175000000000001,0.1
4093,0.7999999999999999,0.1
4094,0.6549999999999999,0.1
4095,-2.775000000000001,0.1
4096,-2.7900000000000005,0.1
4097,-0.6149999999999991,0.1
4098,-0.865,0.1
4099,1.0987500000000001,0.1
4100,-0.4974999999999994,0.1
4101,-0.8074999999999994,0.1
4102,1.185,0.1
4103,1.21,0.1
4104,0.8825000000000001,0.1
4105,1.44875,0.1
4106,1.08,0.1
4107,0.6599999999999998,0.1
4108,0.935,0.1
4109,1.08125,0.1
4110,1.3,0.1
4111,0.9475,0.1
4112,0.8099999999999999,0.1
4113,0.6849999999999998,0.1
4114,0.825,0.1
4115,1.0212500000000002,0.1
4116,1.44,0.1
4117,1.0550000000000002,0.1
4118,-1.0600000000000007,0.1
4119,1.1,0.1
4120,0.7474999999999999,0.1
4121,0.7899999999999999,0.1
4122,-2.830000000000001,0.1
4123,1.3900000000000001,0.1
4124,0.92,0.1
4125,0.6974999999999999,0.1
4126,-0.35499999999999954,0.1
4127,1.3175000000000001,0.1
4128,1.2025000000000001,0.1
4129,1.02625,0.1
4130,-2.8787500000000006,0.1
4131,0.9850000000000001,0.1
4132,-2.803750000000001,0.1
4133,0.20000000000000018,0.1
4134,1.04,0.1
4135,0.7749999999999999,0.1
4136,-0.04999999999999982,0.1
4137,1.0037500000000001,0.1
4138,-2.867500000000001,0.1
4139,1.0350000000000001,0.1
4140,0.9850000000000001,0.1
4141,0.3587499999999997,0.1
4142,0.05250000000000021,0.1
4143,1.0437500000000002,0.1
4144,1.07625,0.1
4145,1.3137500000000002,0.1
4146,0.98875,0.1
4147,1.115,0.1
4148,1.0575,0.1
4149,0.7449999999999999,0.1
4150,0.91625,0.1
4151,1.1600000000000001,0.1
4152,-0.42249999999999943,0.1
4153,0.0887500000000001,0.1
4154,-0.28124999999999956,0.1
4155,0.33374999999999977,0.1
4156,1.0150000000000001,0.1
4157,1.4175,0.1
4158,0.84125,0.1
4159,0.96625,0.1
4160,0.9637500000000001,0.1
4161,-0.05624999999999969,0.1
4162,1.2025000000000001,0.1
4163,0.7849999999999999,0.1
4164,1.26375,0.1
4165,1.02125,0.1
4166,1.1687500000000002,0.1
4167,1.1125,0.1
4168,1.2775,0.1
4169,0.9500000000000001,0.1
4170,0.9950000000000001,0.1
4171,0.725,0.1
4172,0.5862499999999998,0.1
4173,1.2,0.1
4174,1.1125,0.1
4175,-0.9237500000000003,0.1
4176,0.9912500000000001,0.1
4177,0.6912499999999999,0.1
4178,0.47499999999999964,0.1
4179,0.8912500000000001,0.1
4180,0.3049999999999997,0.1
4181,0.7699999999999999,0.1
4182,1.2537500000000001,0.1
4183,1.18625,0.1
4184,0.78125,0.1
4185,0.01750000000000007,0.1
4186,0.8049999999999999,0.1
4187,0.5862499999999998,0.1
4188,0.99,0.1
4189,0.20750000000000002,0.1
4190,1.18625,0.1
4191,0.9450000000000001,0.1
4192,0.5987499999999998,0.1
4193,1.1175000000000002,0.1
4194,1.1087500000000001,0.1
4195,1.2637500000000002,0.1
4196,1.18625,0.1
4197,0.8662500000000001,0.1
4198,1.34375,0.1
4199,1.185,0.1
4200,0.38249999999999984,0.1
4201,1.32125,0.1
4202,1.0175,0.1
4203,1.1125,0.1
4204,0.91625,0.1
4205,1.2025000000000001,0.1
4206,1.0350000000000001,0.1
4207,0.3287499999999999,0.1
4208,0.28249999999999975,0.1
4209,0.6787499999999999,0.1
4210,0.9900000000000001,0.1
4211,0.8800000000000001,0.1
4212,1.15,0.1
4213,1.09625,0.1
4214,0.82375,0.1
4215,0.7074999999999999,0.1
4216,0.8375,0.1
4217,-2.848750000000001,0.1
4218,1.10125,0.1
4219,0.5512499999999997,0.1
4220,1.085,0.1
4221,-2.947500000000001,0.1
4222,0.855,0.1
4223,1.33,0.1
4224,0.7299999999999999,0.1
4225,0.10250000000000026,0.1
4226,1.3075,0.1
4227,0.30999999999999983,0.1
4228,1.0225,0.1
4229,1.20875,0.1
4230,-0.009999999999999787,0.1
4231,0.6999999999999998,0.1
4232,0.9712500000000001,0.1
4233,1.04,0.1
4234,0.8675,0.1
4235,-3.02375,0.1
4236,-2.95625,0.1
4237,-2.978750000000001,0.1
4238,0.5212499999999997,0.1
4239,1.115,0.1
4240,0.9650000000000001,0.1
4241,0.87875,0.1
4242,1.2650000000000001,0.1
4243,1.37,0.1
4244,0.4412499999999997,0.1
4245,0.9137500000000001,0.1
4246,0.9712500000000001,0.1
4247,1.4575,0.1
4248,0.7512499999999999,0.1
4249,0.42874999999999974,0.1
4250,0.6549999999999998,0.1
4251,1.38625,0.1
4252,0.5237499999999997,0.1
4253,1.45875,0.1
4254,0.8125,0.1
4255,0.79375,0.1
4256,1.03125,0.1
4257,0.8312499999999999,0.1
4258,-0.1337499999999998,0.1
4259,1.1487500000000002,0.1
4260,1.0075,0.1
4261,0.6962499999999998,0.1
4262,0.41874999999999973,0.1
4263,1.25,0.1
4264,0.91625,0.1
4265,0.36999999999999966,0.1
4266,0.6162499999999999,0.1
4267,-3.2675,0.1
4268,1.435,0.1
4269,1.07875,0.1
4270,1.14125,0.1
4271,1.0437500000000002,0.1
4272,1.095,0.1
4273,0.26374999999999993,0.1
4274,-0.0012499999999997513,0.1
4275,1.14375,0.1
4276,1.125,0.1
4277,0.46874999999999967,0.1
4278,1.29125,0.1
4279,1.1675,0.1
4280,1.15375,0.1
4281,1.26,0.1
4282,0.74625,0.1
4283,1.07875,0.1
4284,0.21500000000000008,0.1
4285,1.135,0.1
4286,-2.8862500000000004,0.1
4287,1.11,0.1
4288,1.0225,0.1
4289,1.385,0.1
4290,-2.830000000000001,0.1
4291,1.0275,0.1
4292,1.00625,0.1
4293,-0.46124999999999927,0.1
4294,1.1187500000000001,0.1
4295,1.5274999999999999,0.1
4296,1.0987500000000001,0.1
4297,1.09,0.1
4298,0.9600000000000001,0.1
4299,1.00875,0.1
4300,1.21,0.1
4301,0.87375,0.1
4302,0.925,0.1
4303,0.5649999999999997,0.1
4304,1.205,0.1
4305,0.8125,0.1
4306,1.3900000000000001,0.1
4307,1.1812500000000001,0.1
4308,0.89875,0.1
4309,1.07375,0.1
4310,1.07375,0.1
4311,1.0437500000000002,0.1
4312,-2.7687500000000007,0.1
4313,1.08125,0.1
4314,1.13375,0.1
4315,-0.7237499999999997,0.1
4316,1.0437500000000002,0.1
4317,1.2025000000000001,0.1
4318,0.79375,0.1
4319,0.8425,0.1
4320,1.2725,0.1
4321,0.83875,0.1
4322,0.9175000000000001,0.1
4323,0.14625,0.1
4324,1.045,0.1
4325,0.5374999999999998,0.1
4326,1.02,0.1
4327,0.9087500000000001,0.1
4328,0.6062499999999997,0.1
4329,0.7962499999999999,0.1
4330,1.4725000000000001,0.1
4331,-2.830000000000001,0.1
4332,0.3637499999999998,0.1
4333,0.09499999999999997,0.1
4334,1.205,0.1
4335,-0.10499999999999976,0.1
4336,1.27875,0.1
4337,1.0750000000000002,0.1
4338,1.2750000000000001,0.1
4339,1.0012500000000002,0.1
4340,0.25624999999999964,0.1
4341,0.7462499999999999,0.1
4342,0.7699999999999999,0.1
4343,1.35375,0.1
4344,0.6549999999999998,0.1
4345,0.5974999999999998,0.1
4346,-0.5899999999999992,0.1
4347,-2.893750000000001,0.1
4348,1.24125,0.1
4349,-0.5124999999999993,0.1
4350,-0.40499999999999936,0.1
4351,1.0575,0.1
4352,0.775,0.1
4353,1.28375,0.1
4354,0.7849999999999999,0.1
4355,0.5862499999999998,0.1
4356,0.87875,0.1
4357,1.3625,0.1
4358,0.825,0.1
4359,0.795,0.1
4360,0.7525,0.1
4361,0.91,0.1
4362,1.31875,0.1
4363,1.15375,0.1
4364,1.135,0.1
4365,0.9287500000000001,0.1
4366,1.3137500000000002,0.1
4367,1.1900000000000002,0.1
4368,0.90625,0.1
4369,1.1887500000000002,0.1
4370,1.08,0.1
4371,0.9637500000000001,0.1
4372,1.0987500000000001,0.1
4373,0.88375,0.1
4374,1.19,0.1
4375,1.09125,0.1
4376,1.16625,0.1
4377,1.0025,0.1
4378,0.9950000000000001,0.1
4379,0.14625,0.1
4380,-2.7687500000000007,0.1
4381,0.7899999999999999,0.1
4382,1.2175,0.1
4383,1.0750000000000002,0.1
4384,1.1487500000000002,0.1
4385,0.81875,0.1
4386,1.20875,0.1
4387,1.01875,0.1
4388,0.8250000000000001,0.1
4389,0.6649999999999999,0.1
4390,0.22999999999999998,0.1
4391,1.0987500000000001,0.1
4392,1.38625,0.1
4393,0.9975,0.1
4394,0.93,0.1
4395,1.3325,0.1
4396,1.1075,0.1
4397,0.7637499999999999,0.1
4398,0.05250000000000021,0.1
4399,0.85375,0.1
4400,0.21624999999999983,0.1
4401,0.8375,0.1
4402,1.02,0.1
4403,1.05,0.1
4404,1.03875,0.1
4405,0.9600000000000001,0.1
4406,1.2075,0.1
4407,1.455,0.1
4408,0.19499999999999962,0.1
4409,0.9512500000000002,0.1
4410,0.40374999999999983,0.1
4411,0.9950000000000001,0.1
4412,1.125,0.1
4413,0.9887500000000001,0.1
4414,1.0437500000000002,0.1
4415,0.9500000000000001,0.1
4416,1.2525,0.1
4417,0.4262499999999998,0.1
4418,0.72625,0.1
4419,-0.14624999999999977,0.1
4420,0.36624999999999974,0.1
4421,1.4900000000000002,0.1
4422,0.81875,0.1
4423,1.0325,0.1
4424,0.78875,0.1
4425,1.1612500000000001,0.1
4426,0.7437499999999999,0.1
4427,1.2337500000000001,0.1
4428,0.30499999999999994,0.1
4429,-0.8437500000000002,0.1
4430,1.3075,0.1
4431,1.11875,0.1
4432,1.245,0.1
4433,0.46999999999999986,0.1
4434,0.87,0.1
4435,1.45375,0.1
4436,0.80625,0.1
4437,1.28875,0.1
4438,0.9450000000000001,0.1
4439,0.6312499999999998,0.1
4440,1.2850000000000001,0.1
4441,1.29875,0.1
4442,0.46999999999999964,0.1
4443,1.0075,0.1
4444,0.9412500000000001,0.1
4445,-0.44624999999999937,0.1
4446,1.1125,0.1
4447,-0.0762499999999997,0.1
4448,1.3162500000000001,0.1
4449,0.5087499999999997,0.1
4450,0.9125000000000001,0.1
4451,0.7575,0.1
4452,0.49499999999999966,0.1
4453,1.135,0.1
4454,0.8225,0.1
4455,0.9,0.1
4456,0.15250000000000008,0.1
4457,-2.8225000000000002,0.1
4458,0.98875,0.1
4459,1.0575,0.1
4460,1.2725,0.1
4461,0.7687499999999999,0.1
4462,1.27,0.1
4463,0.3799999999999999,0.1
4464,1.26,0.1
4465,0.91625,0.1
4466,1.33125,0.1
4467,-3.0137500000000004,0.1
4468,-2.818750000000001,0.1
4469,1.07375,0.1
4470,1.11125,0.1
4471,0.9525000000000001,0.1
4472,1.26875,0.1
4473,1.07125,0.1
4474,1.21375,0.1
4475,-0.16624999999999956,0.1
4476,1.0825,0.1
4477,0.6587499999999998,0.1
4478,1.1175000000000002,0.1
4479,1.18625,0.1
4480,0.7025,0.1
4481,1.2225000000000001,0.1
4482,0.5637499999999999,0.1
4483,1.2075,0.1
4484,-0.1599999999999997,0.1
4485,0.9712500000000001,0.1
4486,1.0762500000000002,0.1
4487,0.4737499999999998,0.1
4488,1.20375,0.1
4489,0.7687499999999999,0.1
4490,1.0350000000000001,0.1
4491,1.13875,0.1
4492,0.855,0.1
4493,0.875,0.1
4494,1.0762500000000002,0.1
4495,1.165,0.1
4496,0.9587500000000001,0.1
4497,0.7762499999999999,0.1
4498,1.08125,0.1
4499,1.0925,0.1
4500,0.8625,0.1
4501,1.02125,0.1
4502,0.9450000000000001,0.1
4503,0.38249999999999984,0.1
4504,0.7849999999999999,0.1
4505,0.7737499999999999,0.1
4506,0.69125,0.1
4507,0.9125000000000001,0.1
4508,1.17875,0.1
4509,1.09375,0.1
4510,1.1,0.1
4511,1.0237500000000002,0.1
4512,1.21,0.1
4513,1.1125,0.1
4514,0.43499999999999983,0.1
4515,1.0125000000000002,0.1
4516,0.9137500000000001,0.1
4517,0.91625,0.1
4518,0.8512500000000001,0.1
4519,1.125,0.1
4520,1.3375000000000001,0.1
4521,0.98875,0.1
4522,1.2400000000000002,0.1
4523,0.80125,0.1
4524,1.15375,0.1
4525,1.2225000000000001,0.1
4526,1.235,0.1
4527,1.09375,0.1
4528,0.6724999999999999,0.1
4529,0.90625,0.1
4530,0.6049999999999998,0.1
4531,0.9500000000000001,0.1
4532,0.85,0.1
4533,0.8,0.1
4534,0.7462499999999999,0.1
4535,1.08875,0.1
4536,1.0075,0.1
4537,1.0925,0.1
4538,1.31875,0.1
4539,0.85,0.1
4540,1.19625,0.1
4541,1.0375,0.1
4542,0.84,0.1
4543,1.12375,0.1
4544,1.0750000000000002,0.1
4545,1.45375,0.1
4546,0.9525000000000001,0.1
4547,0.9537500000000001,0.1
4548,1.195,0.1
4549,1.18375,0.1
4550,1.045,0.1
4551,0.7387499999999999,0.1
4552,1.02625,0.1
4553,0.35999999999999965,0.1
4554,0.90375,0.1
4555,1.15625,0.1
4556,0.5249999999999997,0.1
4557,1.2575,0.1
4558,0.8325,0.1
4559,1.5225000000000002,0.1
4560,0.6024999999999998,0.1
4561,0.9600000000000001,0.1
4562,1.205,0.1
4563,1.0075,0.1
4564,1.22875,0.1
4565,0.3299999999999996,0.1
4566,0.22375000000000012,0.1
4567,1.205,0.1
4568,1.0450000000000002,0.1
4569,1.3825,0.1
4570,0.90375,0.1
4571,0.77,0.1
4572,1.225,0.1
4573,1.36375,0.1
4574,0.91125,0.1
4575,0.6287499999999998,0.1
4576,0.6937499999999999,0.1
4577,1.13125,0.1
4578,-2.80375,0.1
4579,1.03875,0.1
4580,1.13125,0.1
4581,1.2437500000000001,0.1
4582,0.6524999999999999,0.1
4583,1.215,0.1
4584,0.7899999999999999,0.1
4585,1.20375,0.1
4586,0.825,0.1
4587,1.2875,0.1
4588,1.4400000000000002,0.1
4589,1.18375,0.1
4590,1.22125,0.1
4591,0.885,0.1
4592,1.155,0.1
4593,0.9800000000000001,0.1
4594,1.0625,0.1
4595,0.9862500000000001,0.1
4596,1.13625,0.1
4597,1.2237500000000001,0.1
4598,1.19875,0.1
4599,1.11125,0.1
4600,1.13625,0.1
4601,1.045,0.1
4602,0.1712499999999999,0.1
4603,1.1125,0.1
4604,0.5024999999999997,0.1
4605,1.195,0.1
4606,1.1712500000000001,0.1
4607,1.1087500000000001,0.1
4608,0.9112500000000001,0.1
4609,1.1125,0.1
4610,1.1900000000000002,0.1
4611,1.12625,0.1
4612,0.96125,0.1
4613,1.0325000000000002,0.1
4614,0.80125,0.1
4615,0.7474999999999999,0.1
4616,0.9512500000000002,0.1
4617,0.9137500000000001,0.1
4618,1.02,0.1
4619,0.5374999999999998,0.1
4620,0.7637499999999999,0.1
4621,1.37625,0.1
4622,1.115,0.1
4623,1.32,0.1
4624,1.2525,0.1
4625,0.88375,0.1
4626,1.2437500000000001,0.1
4627,1.095,0.1
4628,1.045,0.1
4629,1.095,0.1
4630,1.1350000000000002,0.1
4631,1.0575,0.1
4632,0.5574999999999997,0.1
4633,1.10125,0.1
4634,0.8175,0.1
4635,1.01625,0.1
4636,0.8912500000000001,0.1
4637,0.79375,0.1
4638,1.23625,0.1
4639,0.7649999999999999,0.1
4640,0.9850000000000001,0.1
4641,1.2075,0.1
4642,1.1187500000000001,0.1
4643,0.48499999999999965,0.1
4644,0.815,0.1
4645,1.0562500000000001,0.1
4646,1.27,0.1
4647,0.87375,0.1
4648,0.49624999999999975,0.1
4649,1.0575,0.1
4650,0.8925000000000001,0.1
4651,1.25875,0.1
4652,1.30375,0.1
4653,0.6087499999999998,0.1
4654,1.03,0.1
4655,0.8925000000000001,0.1
4656,1.08,0.1
4657,0.8962500000000001,0.1
4658,0.40249999999999964,0.1
4659,0.83,0.1
4660,1.23,0.1
4661,1.0862500000000002,0.1
4662,0.4512499999999997,0.1
4663,1.03875,0.1
4664,0.87375,0.1
4665,-0.09999999999999964,0.1
4666,1.17,0.1
4667,1.23625,0.1
4668,1.01625,0.1
4669,1.3075,0.1
4670,0.9325,0.1
4671,0.86,0.1
4672,1.0925,0.1
4673,1.03875,0.1
4674,1.0462500000000001,0.1
4675,1.225,0.1
4676,1.1175000000000002,0.1
4677,1.07625,0.1
4678,1.09375,0.1
4679,0.8675,0.1
4680,1.23625,0.1
4681,0.7749999999999999,0.1
4682,0.88625,0.1
4683,1.20875,0.1
4684,1.36375,0.1
4685,1.11625,0.1
4686,1.0050000000000001,0.1
4687,1.1425,0.1
4688,0.8262499999999999,0.1
4689,1.13375,0.1
4690,1.1875,0.1
4691,0.9412500000000001,0.1
4692,1.0250000000000001,0.1
4693,1.3137500000000002,0.1
4694,1.20375,0.1
4695,0.5099999999999997,0.1
4696,1.27625,0.1
4697,-0.42124999999999946,0.1
4698,1.1125,0.1
4699,1.1525,0.1
4700,1.1487500000000002,0.1
4701,-0.1874999999999991,0.1
4702,0.9225000000000001,0.1
4703,1.1400000000000001,0.1
4704,-2.923750000000001,0.1
4705,0.5849999999999999,0.1
4706,0.86875,0.1
4707,0.9912500000000001,0.1
4708,0.87875,0.1
4709,1.1875,0.1
4710,1.4412500000000001,0.1
4711,1.2862500000000001,0.1
4712,1.1487500000000002,0.1
4713,1.07625,0.1
4714,1.53125,0.1
4715,1.07,0.1
4716,0.9900000000000001,0.1
4717,1.2837500000000002,0.1
4718,0.9512500000000002,0.1
4719,0.9612500000000002,0.1
4720,1.2175,0.1
4721,0.8675,0.1
4722,0.88,0.1
4723,0.855,0.1
4724,0.5024999999999996,0.1
4725,0.4524999999999999,0.1
4726,1.0987500000000001,0.1
4727,1.04,0.1
4728,1.02625,0.1
4729,0.9687500000000001,0.1
4730,0.9975,0.1
4731,0.4762499999999996,0.1
4732,0.7512499999999999,0.1
4733,1.33125,0.1
4734,0.7387499999999999,0.1
4735,0.6749999999999998,0.1
4736,0.5062499999999998,0.1
4737,-2.8112500000000007,0.1
4738,1.13375,0.1
4739,1.3325,0.1
4740,1.49,0.1
4741,0.6962499999999999,0.1
4742,0.85875,0.1
4743,0.9325000000000001,0.1
4744,0.9025000000000001,0.1
4745,0.7137499999999999,0.1
4746,0.375,0.1
4747,-0.16374999999999962,0.1
4748,1.2337500000000001,0.1
4749,1.1712500000000001,0.1
4750,0.8812500000000001,0.1
4751,0.87875,0.1
4752,1.1187500000000001,0.1
4753,1.22,0.1
4754,1.0425,0.1
4755,0.41874999999999973,0.1
4756,0.9537500000000001,0.1
4757,1.13125,0.1
4758,0.74,0.1
4759,1.13625,0.1
4760,0.8425,0.1
4761,0.7649999999999999,0.1
4762,0.9900000000000001,0.1
4763,1.04875,0.1
4764,1.1125,0.1
4765,1.1887500000000002,0.1
4766,1.0012500000000002,0.1
4767,0.91,0.1
4768,1.185,0.1
4769,1.425,0.1
4770,1.315,0.1
4771,1.1625,0.1
4772,0.40374999999999983,0.1
4773,1.09,0.1
4774,0.935,0.1
4775,1.23625,0.1
4776,0.44374999999999964,0.1
4777,0.6099999999999998,0.1
4778,0.9650000000000001,0.1
4779,-2.862500000000001,0.1
4780,0.9600000000000002,0.1
4781,1.30875,0.1
4782,1.07875,0.1
4783,0.84125,0.1
4784,0.85375,0.1
4785,0.8425,0.1
4786,1.17875,0.1
4787,0.7512499999999999,0.1
4788,1.4900000000000002,0.1
4789,1.02125,0.1
4790,1.33375,0.1
4791,1.44875,0.1
4792,0.9687500000000001,0.1
4793,0.7849999999999999,0.1
4794,1.0987500000000001,0.1
4795,1.1425,0.1
4796,0.5062499999999999,0.1
4797,1.23625,0.1
4798,1.04,0.1
4799,1.22875,0.1
4800,0.8612500000000001,0.1
4801,1.28875,0.1
4802,0.96875,0.1
4803,1.2950000000000002,0.1
4804,0.94625,0.1
4805,1.1625,0.1
4806,1.28,0.1
4807,0.8075,0.1
4808,0.6412499999999999,0.1
4809,1.0437500000000002,0.1
4810,1.04,0.1
4811,1.0775000000000001,0.1
4812,0.77125,0.1
4813,1.1300000000000001,0.1
4814,-2.912500000000001,0.1
4815,0.88,0.1
4816,1.29875,0.1
4817,1.28,0.1
4818,0.5762499999999997,0.1
4819,1.1,0.1
4820,1.15375,0.1
4821,1.405,0.1
4822,1.29875,0.1
4823,0.5124999999999997,0.1
4824,0.5812499999999998,0.1
4825,0.5799999999999997,0.1
4826,1.32125,0.1
4827,1.0025,0.1
4828,1.5274999999999999,0.1
4829,1.3725,0.1
4830,0.9500000000000001,0.1
4831,1.4200000000000002,0.1
4832,0.8012499999999999,0.1
4833,1.11125,0.1
4834,1.0750000000000002,0.1
4835,1.1975,0.1
4836,1.0075,0.1
4837,1.5125000000000002,0.1
4838,1.09375,0.1
4839,1.0562500000000001,0.1
4840,0.6174999999999998,0.1
4841,1.0562500000000001,0.1
4842,0.935,0.1
4843,1.08875,0.1
4844,1.24875,0.1
4845,1.0450000000000002,0.1
4846,1.02,0.1
4847,1.05875,0.1
4848,1.18625,0.1
4849,0.98875,0.1
4850,1.0550000000000002,0.1
4851,1.06875,0.1
4852,1.23625,0.1
4853,1.0075,0.1
4854,0.7324999999999999,0.1
4855,0.80875,0.1
4856,0.6174999999999998,0.1
4857,0.10999999999999988,0.1
4858,1.31125,0.1
4859,0.8962500000000001,0.1
4860,1.12625,0.1
4861,1.3325,0.1
4862,-2.8425000000000007,0.1
4863,0.895,0.1
4864,0.84125,0.1
4865,1.0425,0.1
4866,-2.875000000000001,0.1
4867,0.935,0.1
4868,1.17875,0.1
4869,0.88,0.1
4870,1.52625,0.1
4871,-2.9912500000000013,0.1
4872,1.19875,0.1
4873,1.35,0.1
4874,0.85625,0.1
4875,1.0150000000000001,0.1
4876,1.07625,0.1
4877,-2.946250000000001,0.1
4878,0.7,0.1
4879,1.3687500000000001,0.1
4880,1.4187500000000002,0.1
4881,0.82625,0.1
4882,0.28000000000000025,0.1
4883,0.8725,0.1
4884,1.2075,0.1
4885,0.86875,0.1
4886,0.6399999999999998,0.1
4887,0.6862499999999999,0.1
4888,1.12375,0.1
4889,0.06625000000000014,0.1
4890,0.9712500000000001,0.1
4891,1.3025,0.1
4892,1.1925,0.1
4893,1.11,0.1
4894,1.4900000000000002,0.1
4895,1.2312500000000002,0.1
4896,1.1575,0.1
4897,1.1125,0.1
4898,0.7599999999999999,0.1
4899,1.3225,0.1
4900,0.86625,0.1
4901,0.9475,0.1
4902,1.0562500000000001,0.1
4903,1.06,0.1
4904,-2.905000000000001,0.1
4905,1.1525,0.1
4906,1.13375,0.1
4907,1.1025,0.1
4908,1.3175000000000001,0.1
4909,1.165,0.1
4910,0.5699999999999997,0.1
4911,1.1900000000000002,0.1
4912,1.2025000000000001,0.1
4913,1.11125,0.1
4914,0.5212499999999997,0.1
4915,1.1475,0.1
4916,1.2225000000000001,0.1
4917,1.3162500000000001,0.1
4918,1.1575,0.1
4919,0.9850000000000001,0.1
4920,1.11375,0.1
4921,1.0137500000000002,0.1
4922,1.0625,0.1
4923,0.925,0.1
4924,0.805,0.1
4925,0.9537500000000001,0.1
4926,1.17,0.1
4927,0.8412499999999999,0.1
4928,1.22875,0.1
4929,1.00625,0.1
4930,1.13375,0.1
4931,0.6612499999999998,0.1
4932,0.5987499999999999,0.1
4933,0.9112500000000001,0.1
4934,1.11375,0.1
4935,0.8962500000000001,0.1
4936,0.6524999999999999,0.1
4937,1.45375,0.1
4938,0.9600000000000001,0.1
4939,1.15625,0.1
4940,1.01875,0.1
4941,1.0150000000000001,0.1
4942,1.2337500000000001,0.1
4943,0.8875,0.1
4944,0.9337500000000001,0.1
4945,1.1887500000000002,0.1
4946,1.5274999999999999,0.1
4947,1.2725,0.1
4948,0.9,0.1
4949,0.6887499999999999,0.1
4950,0.6699999999999999,0.1
4951,0.9137500000000001,0.1
4952,1.2175,0.1
4953,1.22125,0.1
4954,1.4125,0.1
4955,1.1125,0.1
4956,1.2625000000000002,0.1
4957,0.8900000000000001,0.1
4958,1.0987500000000001,0.1
4959,1.27,0.1
4960,1.06,0.1
4961,0.6224999999999998,0.1
4962,1.1600000000000001,0.1
4963,1.02,0.1
4964,0.98875,0.1
4965,0.91125,0.1
4966,0.93,0.1
4967,1.44875,0.1
4968,1.14375,0.1
4969,0.725,0.1
4970,0.8062499999999999,0.1
4971,1.09375,0.1
4972,0.5862499999999997,0.1
4973,1.0237500000000002,0.1
4974,1.07375,0.1
4975,1.28875,0.1
4976,1.245,0.1
4977,1.0975000000000001,0.1
4978,1.0,0.1
4979,0.91125,0.1
4980,1.02,0.1
4981,1.3462500000000002,0.1
4982,1.0275,0.1
4983,0.775,0.1
4984,1.295,0.1
4985,1.1875,0.1
4986,0.93,0.1
4987,0.7825,0.1
4988,1.25875,0.1
4989,0.4924999999999997,0.1
4990,1.0562500000000001,0.1
4991,1.0750000000000002,0.1
4992,1.4800000000000002,0.1
4993,0.5324999999999998,0.1
4994,0.0,0.1
4995,0.5212499999999998,0.1
4996,0.9650000000000001,0.1
4997,0.9750000000000001,0.1
4998,0.8900000000000001,0.1
4999,1.41625,0.1
5000,0.9712500000000001,0.1
