episode,reward,epsilon
1,-3.1437499999999994,0.5
2,-3.137500000000001,0.4975
3,-3.066250000000001,0.4950125
4,-3.036250000000001,0.4925374375
5,-2.9175000000000004,0.49007475031250003
6,-2.9287500000000013,0.48762437656093754
7,-2.8562500000000006,0.48518625467813287
8,-2.930000000000001,0.4827603234047422
9,-3.0812500000000007,0.4803465217877185
10,-3.252500000000001,0.47794478917877986
11,-2.965000000000001,0.47555506523288593
12,-3.20375,0.4731772899067215
13,-3.115000000000001,0.47081140345718786
14,-3.0662500000000006,0.46845734643990194
15,-3.095000000000001,0.46611505970770245
16,-3.0512500000000005,0.4637844844091639
17,-2.9800000000000004,0.4614655619871181
18,-3.33625,0.4591582341771825
19,-3.0412500000000016,0.4568624430062966
20,-2.9225000000000008,0.4545781307912651
21,-2.9400000000000013,0.4523052401373088
22,-3.0437500000000006,0.45004371393662224
23,-3.0850000000000013,0.44779349536693913
24,-2.8274999999999992,0.4455545278901044
25,-2.9612500000000006,0.4433267552506539
26,-2.8812500000000005,0.44111012147440065
27,-2.8775000000000004,0.43890457086702866
28,-3.118750000000001,0.43671004801269353
29,-2.785,0.4345264977726301
30,-3.0025,0.4323538652837669
31,-2.772500000000001,0.4301920959573481
32,0.44874999999999976,0.42804113547756134
33,-2.94625,0.4259009298001735
34,-3.0487500000000005,0.42377142515117266
35,-2.9425000000000017,0.4216525680254168
36,-3.2012500000000013,0.4195443051852897
37,-3.0950000000000015,0.4174465836593632
38,-2.9150000000000005,0.4153593507410664
39,-2.9899999999999993,0.4132825539873611
40,-3.0875000000000012,0.4112161412174243
41,-2.9112500000000012,0.40916006051133713
42,-2.9100000000000006,0.40711426020878044
43,-2.9525000000000006,0.4050786889077365
44,-3.6775000000000007,0.40305329546319785
45,-2.9337500000000003,0.40103802898588187
46,-3.01125,0.3990328388409525
47,-3.133750000000001,0.3970376746467477
48,-2.9700000000000006,0.39505248627351397
49,-2.841250000000001,0.3930772238421464
50,-3.038750000000001,0.3911118377229357
51,-2.980000000000001,0.389156278534321
52,-2.9724999999999997,0.3872104971416494
53,-2.8275,0.38527444465594113
54,-2.988750000000001,0.38334807243266145
55,-2.9225000000000008,0.3814313320704981
56,-2.9225000000000008,0.3795241754101456
57,-2.9025000000000007,0.37762655453309485
58,-2.77875,0.3757384217604294
59,-3.0062500000000014,0.3738597296516272
60,-2.970000000000001,0.3719904310033691
61,-3.2975000000000003,0.37013047884835226
62,-2.9200000000000013,0.3682798264541105
63,-3.0237499999999997,0.36643842732183995
64,-2.8387500000000006,0.3646062351852308
65,-0.8562500000000004,0.36278320400930464
66,-3.026250000000001,0.3609692879892581
67,-3.0287500000000005,0.3591644415493118
68,-2.8587500000000006,0.3573686193415653
69,-2.7800000000000007,0.35558177624485743
70,-2.9487500000000013,0.3538038673636331
71,-2.986250000000001,0.35203484802681495
72,-3.04875,0.35027467378668087
73,-2.89875,0.3485233004177475
74,-3.1250000000000004,0.34678068391565875
75,-2.8737500000000007,0.34504678049608045
76,-2.9337500000000007,0.34332154659360004
77,-2.8787500000000006,0.34160493886063203
78,-2.8537500000000007,0.3398969141663289
79,-2.9975000000000005,0.33819742959549726
80,-3.0200000000000005,0.33650644244751976
81,-2.9587500000000007,0.3348239102352822
82,-3.1000000000000014,0.3331497906841058
83,-3.010000000000001,0.33148404173068524
84,-3.0737500000000013,0.3298266215220318
85,-2.867500000000001,0.3281774884144216
86,-2.7725000000000004,0.3265366009723495
87,-2.8375000000000004,0.32490391796748774
88,-2.9450000000000007,0.3232793983776503
89,-2.6975,0.32166300138576204
90,-2.9075000000000006,0.3200546863788332
91,-2.993750000000001,0.31845441294693905
92,-3.3337499999999993,0.3168621408822043
93,-2.8537500000000007,0.3152778301777933
94,-2.9225,0.31370144102690434
95,-2.9287500000000013,0.3121329338217698
96,-2.8612500000000014,0.31057226915266095
97,-2.9412500000000006,0.30901940780689763
98,-2.90375,0.30747431076786313
99,-2.9937500000000017,0.3059369392140238
100,-2.960000000000001,0.3044072545179537
101,-3.0662500000000006,0.3028852182453639
102,-2.97,0.3013707921541371
103,-2.8000000000000003,0.29986393819336643
104,-2.755000000000001,0.2983646185023996
105,-2.9525000000000015,0.2968727954098876
106,-2.952500000000001,0.29538843143283816
107,-3.0662500000000006,0.29391148927567395
108,-3.475,0.29244193182929556
109,-3.2200000000000015,0.2909797221701491
110,-2.892500000000001,0.28952482355929837
111,-2.9450000000000003,0.2880771994415019
112,-3.654999999999999,0.28663681344429437
113,-3.0162500000000003,0.2852036293770729
114,-2.8775000000000013,0.2837776112301875
115,-2.8800000000000017,0.2823587231740366
116,-2.830000000000001,0.2809469295581664
117,-2.9924999999999997,0.2795421949103756
118,-2.7725000000000004,0.2781444839358237
119,-2.885000000000001,0.27675376151614456
120,-3.0925000000000007,0.2753699927085638
121,-2.967500000000001,0.273993142745021
122,-2.83625,0.2726231770312959
123,-2.983750000000001,0.27126006114613943
124,-2.7362500000000005,0.26990376084040874
125,-2.8362500000000006,0.2685542420362067
126,-2.852500000000001,0.26721147082602564
127,-2.8050000000000006,0.2658754134718955
128,-2.698750000000001,0.26454603640453606
129,-2.8887500000000004,0.2632233062225134
130,-2.940000000000001,0.2619071896914008
131,-2.8162500000000006,0.2605976537429438
132,-2.9087500000000004,0.2592946654742291
133,-2.8650000000000007,0.25799819214685793
134,-3.010000000000001,0.25670820118612364
135,-2.810000000000001,0.255424660180193
136,0.9325000000000001,0.25414753687929204
137,-2.7675000000000005,0.2528767991948956
138,-2.873750000000001,0.2516124151989211
139,-2.98375,0.2503543531229265
140,0.4624999999999998,0.24910258135731184
141,-2.8887500000000013,0.24785706845052527
142,-2.7550000000000003,0.24661778310827265
143,-2.995000000000001,0.2453846941927313
144,-2.7675000000000005,0.24415777072176764
145,-0.20874999999999955,0.2429369818681588
146,-2.9037500000000005,0.241722296958818
147,-2.8737500000000007,0.2405136854740239
148,-2.843750000000001,0.23931111704665378
149,-2.755000000000001,0.23811456146142052
150,-0.9300000000000004,0.2369239886541134
151,-2.8812500000000005,0.23573936871084283
152,-2.835000000000001,0.23456067186728863
153,-2.8087500000000007,0.23338786850795218
154,-2.922500000000001,0.23222092916541243
155,-2.9725000000000006,0.23105982451958537
156,-3.5112500000000018,0.22990452539698744
157,0.042500000000000204,0.2287550027700025
158,-2.66875,0.22761122775615247
159,-2.867500000000001,0.2264731716173717
160,-2.9112500000000012,0.22534080575928486
161,-2.862500000000001,0.22421410173048845
162,-2.9075,0.223093031221836
163,-2.825000000000001,0.2219775660657268
164,-2.7500000000000004,0.22086767823539816
165,0.3462499999999997,0.21976333984422117
166,-2.7675000000000005,0.21866452314500007
167,-2.7787500000000005,0.21757120052927506
168,-3.088750000000001,0.21648334452662868
169,-2.953750000000001,0.21540092780399553
170,-2.7375000000000007,0.21432392316497556
171,-2.942500000000001,0.21325230354915067
172,-2.9312500000000004,0.21218604203140493
173,-2.910000000000001,0.2111251118212479
174,-2.911250000000001,0.21006948626214167
175,-2.9537500000000008,0.20901913883083095
176,-2.931250000000001,0.2079740431366768
177,-2.855000000000001,0.20693417292099342
178,-2.7587500000000005,0.20589950205638846
179,-2.8462500000000004,0.20487000454610652
180,-2.6750000000000003,0.20384565452337597
181,1.4300000000000002,0.20282642625075908
182,-2.6925000000000003,0.2018122941195053
183,-2.8600000000000008,0.20080323264890776
184,-2.9112500000000012,0.1997992164856632
185,-1.0650000000000006,0.1988002204032349
186,-2.8937500000000003,0.19780621930121872
187,-2.7862500000000003,0.19681718820471264
188,-3.136250000000002,0.19583310226368908
189,-2.7875000000000005,0.19485393675237064
190,-2.946250000000001,0.1938796670686088
191,-2.6162500000000004,0.19291026873326575
192,-3.0199999999999996,0.19194571738959942
193,-2.798750000000001,0.1909859888026514
194,-2.960000000000001,0.19003105885863816
195,-2.886250000000001,0.18908090356434498
196,-2.9112500000000017,0.18813549904652327
197,-2.805,0.18719482155129066
198,-2.7937500000000015,0.18625884744353421
199,-2.8549999999999995,0.18532755320631655
200,-2.866250000000001,0.18440091544028497
201,-2.906250000000001,0.18347891086308354
202,-2.815000000000001,0.18256151630876813
203,-2.6862500000000007,0.1816487087272243
204,-3.1324999999999994,0.1807404651835882
205,-2.6487500000000006,0.17983676285767025
206,-2.873750000000001,0.1789375790433819
207,-2.895,0.178042891148165
208,-2.835,0.17715267669242415
209,-3.1999999999999997,0.17626691330896202
210,-2.900000000000001,0.1753855787424172
211,-2.712500000000001,0.17450865084870512
212,-2.8600000000000008,0.1736361075944616
213,-2.952500000000001,0.1727679270564893
214,-2.8862500000000004,0.17190408742120686
215,-2.9237500000000005,0.1710445669841008
216,0.4049999999999998,0.1701893441491803
217,-2.963750000000001,0.1693383974284344
218,-2.9400000000000013,0.16849170544129222
219,-3.058750000000001,0.16764924691408575
220,-2.998750000000001,0.16681100067951532
221,-2.872500000000001,0.16597694567611773
222,1.355,0.16514706094773715
223,-2.9800000000000013,0.16432132564299848
224,-2.7300000000000004,0.1634997190147835
225,-2.8937500000000007,0.1626822204197096
226,-3.140000000000001,0.16186880931761105
227,-2.8862500000000004,0.161059465271023
228,-2.7987500000000005,0.16025416794466787
229,1.2200000000000002,0.15945289710494454
230,-2.7775000000000007,0.1586556326194198
231,-2.8787500000000006,0.1578623544563227
232,-2.858750000000001,0.1570730426840411
233,-2.846250000000001,0.1562876774706209
234,-2.873750000000001,0.15550623908326777
235,-2.6675000000000004,0.15472870788785142
236,-0.4499999999999993,0.15395506434841216
237,-2.848750000000001,0.1531852890266701
238,-2.698750000000001,0.15241936258153677
239,-2.806250000000001,0.1516572657686291
240,0.02625000000000033,0.15089897943978595
241,-3.0050000000000012,0.15014448454258703
242,-2.7687500000000007,0.1493937621198741
243,-2.7537500000000006,0.14864679330927472
244,-2.972500000000001,0.14790355934272834
245,-0.9187499999999995,0.1471640415460147
246,-2.923750000000001,0.14642822133828462
247,-2.843750000000001,0.1456960802315932
248,-2.8375000000000004,0.14496759983043522
249,-2.8562500000000006,0.14424276183128304
250,-2.9037500000000005,0.14352154802212663
251,-2.760000000000001,0.142803940282016
252,1.3137500000000002,0.14208992058060593
253,-2.68,0.1413794709777029
254,-2.9712500000000004,0.14067257362281438
255,-2.8737500000000007,0.1399692107547003
256,-3.0875,0.13926936470092682
257,-2.7587500000000005,0.13857301787742218
258,-0.08624999999999972,0.13788015278803506
259,-2.7987500000000005,0.1371907520240949
260,-2.908750000000001,0.1365047982639744
261,-2.9225000000000008,0.13582227427265453
262,-2.806250000000001,0.13514316290129125
263,1.5037500000000001,0.1344674470867848
264,-2.881249999999999,0.13379510985135087
265,-2.7000000000000006,0.1331261343020941
266,-2.872500000000001,0.13246050363058365
267,-3.4012500000000014,0.13179820111243074
268,-2.8500000000000005,0.13113921010686858
269,-0.6587499999999995,0.13048351405633424
270,-3.0737500000000004,0.12983109648605257
271,-2.867500000000001,0.1291819410036223
272,-2.8475000000000006,0.1285360312986042
273,-0.8299999999999992,0.12789335114211117
274,-2.9312500000000012,0.12725388438640062
275,-2.950000000000001,0.1266176149644686
276,-2.911250000000001,0.12598452688964626
277,-2.8675000000000006,0.12535460425519804
278,-2.9425000000000003,0.12472783123392205
279,-2.998750000000001,0.12410419207775243
280,-2.862500000000001,0.12348367111736366
281,-2.8275,0.12286625276177685
282,-2.7287500000000007,0.12225192149796796
283,-2.8362500000000006,0.12164066189047812
284,-2.850000000000001,0.12103245858102572
285,-2.6975000000000002,0.1204272962881206
286,-2.9300000000000015,0.11982515980668
287,0.4175,0.1192260340076466
288,-2.8862500000000004,0.11862990383760837
289,-2.886250000000001,0.11803675431842033
290,-2.900000000000001,0.11744657054682822
291,-2.855000000000001,0.11685933769409408
292,-2.892500000000001,0.11627504100562361
293,-2.8937500000000007,0.1156936658005955
294,-2.6187500000000004,0.11511519747159252
295,-2.7975000000000003,0.11453962148423455
296,-2.896250000000001,0.11396692337681337
297,-2.843750000000001,0.11339708875992931
298,-2.6550000000000002,0.11283010331612967
299,-2.910000000000001,0.11226595279954901
300,-2.9600000000000013,0.11170462303555127
301,-2.9437500000000014,0.11114609992037351
302,-2.9237500000000005,0.11059036942077165
303,-0.4387499999999993,0.11003741757366779
304,-2.7737500000000006,0.10948723048579945
305,-2.8625,0.10893979433337045
306,-2.7800000000000002,0.1083950953617036
307,-2.848750000000001,0.10785311988489507
308,-2.7687500000000007,0.10731385428547059
309,0.7199999999999999,0.10677728501404324
310,-2.843750000000001,0.10624339858897303
311,-2.8112500000000007,0.10571218159602816
312,-2.8087500000000007,0.10518362068804801
313,-2.798750000000001,0.10465770258460777
314,-2.9237500000000014,0.10413441407168474
315,-2.7862500000000003,0.10361374200132631
316,-2.9425000000000012,0.10309567329131968
317,-2.7687500000000003,0.10258019492486307
318,-2.862500000000001,0.10206729395023875
319,-2.9237500000000005,0.10155695748048756
320,-2.8300000000000005,0.10104917269308512
321,-2.8850000000000007,0.1005439268296197
322,-2.892500000000001,0.1000412071954716
323,-2.7562500000000005,0.09954100115949424
324,-2.930000000000001,0.09904329615369677
325,1.51375,0.09854807967292828
326,-2.687500000000001,0.09805533927456364
327,-2.7687500000000003,0.09756506257819082
328,-2.7562500000000005,0.09707723726529986
329,-2.8750000000000004,0.09659185107897336
330,0.25125,0.0961088918235785
331,-2.8800000000000012,0.0956283473644606
332,0.4374999999999998,0.0951502056276383
333,-2.7737500000000006,0.09467445459950011
334,-2.8250000000000006,0.09420108232650261
335,0.9512500000000002,0.09373007691487009
336,-2.7687500000000007,0.09326142653029575
337,-2.971250000000001,0.09279511939764427
338,-3.889999999999999,0.09233114380065605
339,-2.880000000000001,0.09186948808165277
340,-2.900000000000001,0.0914101406412445
341,-2.77125,0.09095308993803829
342,-2.8812500000000005,0.09049832448834809
343,-2.9050000000000007,0.09004583286590635
344,-2.9312500000000012,0.08959560370157682
345,-2.7925,0.08914762568306893
346,-2.817500000000001,0.08870188755465358
347,-2.9100000000000006,0.08825837811688031
348,-2.8062500000000012,0.0878170862262959
349,-2.9537500000000008,0.08737800079516442
350,-2.8737500000000007,0.08694111079118859
351,-2.900000000000001,0.08650640523723264
352,-2.875000000000001,0.08607387321104648
353,-2.7175000000000002,0.08564350384499125
354,1.1712500000000001,0.08521528632576629
355,-2.818750000000001,0.08478920989413746
356,-3.0137500000000013,0.08436526384466678
357,-2.893750000000001,0.08394343752544345
358,-2.787500000000001,0.08352372033781623
359,-2.6,0.08310610173612715
360,-2.825000000000001,0.08269057122744651
361,-2.806250000000001,0.08227711837130927
362,-0.3474999999999995,0.08186573277945272
363,0.23500000000000054,0.08145640411555546
364,-2.911250000000001,0.08104912209497768
365,-2.8600000000000003,0.08064387648450279
366,-2.8100000000000005,0.08024065710208027
367,-2.912500000000001,0.07983945381656987
368,-2.7062500000000007,0.07944025654748703
369,-2.8162500000000006,0.0790430552647496
370,0.9425,0.07864783998842585
371,-0.3474999999999995,0.07825460078848372
372,-2.6875000000000004,0.0778633277845413
373,-2.775000000000001,0.0774740111456186
374,-2.7875,0.07708664108989051
375,-2.8312500000000007,0.07670120788444106
376,-3.5925000000000025,0.07631770184501885
377,-2.805,0.07593611333579375
378,-2.75625,0.07555643276911478
379,-2.8362500000000006,0.07517865060526921
380,-2.950000000000001,0.07480275735224286
381,-2.950000000000001,0.07442874356548164
382,-2.7250000000000005,0.07405659984765423
383,-2.7562500000000005,0.07368631684841595
384,-3.095000000000001,0.07331788526417388
385,-2.825000000000001,0.07295129583785301
386,-2.8437500000000004,0.07258653935866374
387,-2.900000000000001,0.07222360666187043
388,-2.862500000000001,0.07186248862856108
389,-2.8000000000000007,0.07150317618541828
390,-2.6500000000000004,0.07114566030449118
391,-2.861250000000001,0.07078993200296872
392,-2.7250000000000005,0.07043598234295388
393,-2.812500000000001,0.07008380243123911
394,-2.8562500000000006,0.06973338341908292
395,-0.4349999999999994,0.0693847165019875
396,-2.8500000000000005,0.06903779291947756
397,-2.9125000000000005,0.06869260395488018
398,-2.961250000000001,0.06834914093510577
399,-2.8625000000000007,0.06800739523043024
400,-2.7987500000000005,0.0676673582542781
401,-2.7800000000000007,0.0673290214630067
402,-2.8287500000000008,0.06699237635569168
403,-2.893750000000001,0.06665741447391321
404,-0.37499999999999956,0.06632412740154364
405,-1.0200000000000007,0.06599250676453593
406,-2.9800000000000013,0.06566254423071324
407,-2.7300000000000004,0.06533423150955968
408,-3.132500000000001,0.06500756035201188
409,-2.942500000000001,0.06468252255025182
410,-2.775000000000001,0.06435910993750056
411,-2.8300000000000005,0.06403731438781306
412,1.5037500000000001,0.06371712781587399
413,-2.930000000000001,0.06339854217679462
414,-2.8925000000000005,0.06308154946591064
415,-3.1200000000000014,0.0627661417185811
416,-2.9500000000000015,0.06245231100998819
417,-2.930000000000001,0.06214004945493825
418,-2.7625000000000006,0.06182934920766356
419,-3.261250000000001,0.06152020246162524
420,-0.5049999999999992,0.06121260144931712
421,-2.781250000000001,0.06090653844207053
422,-1.0225000000000006,0.060602005749860174
423,-2.911250000000001,0.06029899572111087
424,-2.7687500000000007,0.059997500742505316
425,0.06500000000000017,0.05969751323879279
426,-2.868750000000001,0.059399025672598825
427,-2.9800000000000013,0.05910203054423583
428,-2.7562500000000005,0.05880652039151465
429,-2.862500000000001,0.058512487789557074
430,-2.7912500000000007,0.05821992535060929
431,-2.8000000000000007,0.05792882572385624
432,-2.7625000000000006,0.05763918159523696
433,-2.9612500000000006,0.057350985687260776
434,-2.870000000000001,0.05706423075882447
435,-2.806250000000001,0.05677890960503035
436,-2.7937500000000006,0.056495015057005195
437,-2.7937500000000006,0.05621253998172017
438,-2.8937500000000007,0.05593147728181157
439,-2.8187500000000005,0.05565181989540251
440,-2.7687500000000003,0.055373560795925494
441,-2.8237500000000004,0.05509669299194587
442,-2.911250000000001,0.05482120952698614
443,-2.8237500000000004,0.054547103479351204
444,-2.850000000000001,0.05427436796195445
445,-2.9225000000000008,0.05400299612214468
446,-2.923750000000001,0.05373298114153396
447,-2.875000000000001,0.05346431623582629
448,-2.950000000000001,0.05319699465464715
449,-2.9425000000000012,0.05293100968137392
450,-2.898750000000001,0.052666354632967045
451,-2.806250000000001,0.05240302285980221
452,-2.8000000000000007,0.0521410077455032
453,-2.7687500000000007,0.05188030270677568
454,0.6837499999999999,0.0516209011932418
455,1.07625,0.05136279668727559
456,-2.898750000000001,0.05110598270383922
457,-3.5075000000000016,0.05085045279032002
458,-0.5199999999999994,0.05059620052636842
459,0.11499999999999999,0.050343219523736576
460,0.10750000000000015,0.050091503426117893
461,-0.8199999999999996,0.05
462,-2.9125,0.05
463,-2.7600000000000007,0.05
464,-2.8562500000000006,0.05
465,-2.7,0.05
466,-2.6625000000000005,0.05
467,-3.0312500000000013,0.05
468,0.8750000000000001,0.05
469,-2.7787500000000005,0.05
470,-2.892500000000001,0.05
471,-2.886250000000001,0.05
472,-3.189999999999999,0.05
473,-2.900000000000001,0.05
474,-2.73125,0.05
475,-2.8312500000000007,0.05
476,-2.912500000000001,0.05
477,-2.7362500000000005,0.05
478,-2.787500000000001,0.05
479,0.04875000000000007,0.05
480,-2.848750000000001,0.05
481,-2.825000000000001,0.05
482,-2.9425000000000012,0.05
483,-2.8312500000000007,0.05
484,-2.823750000000001,0.05
485,-2.8737500000000007,0.05
486,-0.7699999999999998,0.05
487,-2.8625000000000007,0.05
488,-2.912500000000001,0.05
489,-2.787499999999999,0.05
490,-2.6625000000000005,0.05
491,-2.975000000000001,0.05
492,-2.942500000000001,0.05
493,-2.878750000000001,0.05
494,-2.912500000000001,0.05
495,-2.9312500000000012,0.05
496,-2.7975000000000008,0.05
497,-0.7549999999999997,0.05
498,-2.855000000000001,0.05
499,-2.836250000000001,0.05
500,-3.0850000000000004,0.05
501,-2.7562500000000005,0.05
502,-2.84375,0.05
503,-2.873750000000001,0.05
504,-2.837500000000001,0.05
505,-2.9312500000000012,0.05
506,-2.7487500000000007,0.05
507,-0.3499999999999994,0.05
508,-2.956250000000001,0.05
509,-2.8475,0.05
510,-0.5437499999999993,0.05
511,-2.875000000000001,0.05
512,-2.912500000000001,0.05
513,0.16999999999999993,0.05
514,-2.75625,0.05
515,-2.7562500000000005,0.05
516,-2.7687500000000007,0.05
517,-2.8000000000000007,0.05
518,-3.012500000000001,0.05
519,0.2437499999999999,0.05
520,-2.942500000000001,0.05
521,-2.8050000000000006,0.05
522,-2.825000000000001,0.05
523,-2.8000000000000007,0.05
524,-2.7487500000000007,0.05
525,-2.7437500000000004,0.05
526,-2.893750000000001,0.05
527,-2.7687500000000007,0.05
528,-0.7074999999999998,0.05
529,-0.9800000000000002,0.05
530,-2.61875,0.05
531,-1.0012500000000004,0.05
532,-2.9612500000000015,0.05
533,1.0425,0.05
534,-3.0612499999999994,0.05
535,-2.9425000000000012,0.05
536,0.6774999999999999,0.05
537,-2.7687500000000007,0.05
538,1.3137500000000002,0.05
539,-0.5112499999999993,0.05
540,-0.9150000000000007,0.05
541,-0.2674999999999996,0.05
542,-2.900000000000001,0.05
543,-2.856250000000001,0.05
544,-2.79875,0.05
545,-0.4249999999999994,0.05
546,1.06125,0.05
547,-1.1849999999999994,0.05
548,1.35,0.05
549,-2.950000000000001,0.05
550,-2.861250000000001,0.05
551,-2.8337500000000007,0.05
552,-2.912500000000001,0.05
553,-2.7787500000000005,0.05
554,0.9175000000000001,0.05
555,-0.3312499999999994,0.05
556,0.8850000000000001,0.05
557,-2.7687500000000007,0.05
558,-0.8749999999999998,0.05
559,-2.775000000000001,0.05
560,-0.7449999999999999,0.05
561,-3.0062500000000014,0.05
562,-2.7312500000000006,0.05
563,-2.806250000000001,0.05
564,-2.9837500000000006,0.05
565,0.9425,0.05
566,-2.69875,0.05
567,-3.163750000000002,0.05
568,-3.507500000000002,0.05
569,-3.0025000000000013,0.05
570,-2.9837500000000015,0.05
571,0.41249999999999964,0.05
572,-3.0512500000000022,0.05
573,0.16500000000000004,0.05
574,-2.852500000000001,0.05
575,0.026250000000000107,0.05
576,-2.825000000000001,0.05
577,-2.912500000000001,0.05
578,-2.8550000000000004,0.05
579,-2.8050000000000006,0.05
580,-2.806250000000001,0.05
581,-2.893750000000001,0.05
582,-2.8625000000000007,0.05
583,-2.7675000000000005,0.05
584,-2.8425000000000007,0.05
585,-3.5337499999999995,0.05
586,-2.7987500000000005,0.05
587,-2.818750000000001,0.05
588,-3.2225000000000015,0.05
589,0.5624999999999997,0.05
590,-3.132500000000001,0.05
591,-3.4612499999999993,0.05
592,-2.9425000000000012,0.05
593,-2.8187500000000005,0.05
594,-2.825000000000001,0.05
595,-2.855000000000001,0.05
596,1.0050000000000001,0.05
597,-2.7875000000000005,0.05
598,-2.893750000000001,0.05
599,-2.8624999999999994,0.05
600,-2.830000000000001,0.05
601,-2.7187500000000004,0.05
602,0.8900000000000001,0.05
603,0.85875,0.05
604,1.08125,0.05
605,-2.893750000000001,0.05
606,-3.0912500000000014,0.05
607,-3.0725000000000002,0.05
608,-2.3874999999999997,0.05
609,-2.806250000000001,0.05
610,-2.7875000000000005,0.05
611,1.5825,0.05
612,-2.972500000000001,0.05
613,-2.8375000000000004,0.05
614,-2.856250000000001,0.05
615,0.19499999999999984,0.05
616,-2.818750000000001,0.05
617,-2.7500000000000004,0.05
618,-0.26624999999999943,0.05
619,-2.6800000000000006,0.05
620,-0.18249999999999966,0.05
621,-0.6262499999999995,0.05
622,-0.2687499999999996,0.05
623,-2.7625000000000006,0.05
624,-3.1324999999999994,0.05
625,0.016250000000000098,0.05
626,-2.867500000000001,0.05
627,-3.2412500000000004,0.05
628,-2.810000000000001,0.05
629,-2.8937500000000007,0.05
630,-0.925,0.05
631,-3.173750000000002,0.05
632,-2.8437500000000004,0.05
633,-3.0100000000000016,0.05
634,0.3312499999999998,0.05
635,-2.7500000000000004,0.05
636,-2.787500000000001,0.05
637,1.1675,0.05
638,-2.80625,0.05
639,-2.8187500000000005,0.05
640,-2.7800000000000007,0.05
641,-2.8125000000000004,0.05
642,-2.75625,0.05
643,1.1175000000000002,0.05
644,-2.6875000000000004,0.05
645,-2.9500000000000006,0.05
646,-0.9725000000000004,0.05
647,-2.56875,0.05
648,-2.881250000000001,0.05
649,-2.9125000000000014,0.05
650,-3.0287499999999996,0.05
651,-2.9749999999999988,0.05
652,-2.9787499999999993,0.05
653,-2.780000000000001,0.05
654,0.48999999999999977,0.05
655,-2.9125000000000005,0.05
656,-2.9800000000000013,0.05
657,-0.0024999999999999467,0.05
658,-2.8000000000000007,0.05
659,-2.953750000000001,0.05
660,-2.7487500000000007,0.05
661,-2.980000000000001,0.05
662,-2.8312500000000007,0.05
663,-3.530000000000003,0.05
664,-2.775000000000001,0.05
665,1.225,0.05
666,0.18249999999999966,0.05
667,-0.8687499999999988,0.05
668,-2.9500000000000006,0.05
669,-2.817500000000001,0.05
670,-2.7875000000000005,0.05
671,-2.825,0.05
672,-2.8250000000000006,0.05
673,1.0975000000000001,0.05
674,0.8675,0.05
675,-2.8625000000000007,0.05
676,1.1300000000000001,0.05
677,-3.0512500000000014,0.05
678,-1.0687500000000008,0.05
679,-2.8562500000000006,0.05
680,1.28875,0.05
681,0.75125,0.05
682,0.5449999999999999,0.05
683,0.3162499999999999,0.05
684,-0.37999999999999945,0.05
685,1.215,0.05
686,0.6899999999999998,0.05
687,-2.837500000000001,0.05
688,-2.6612500000000003,0.05
689,-2.930000000000001,0.05
690,1.28,0.05
691,-2.930000000000001,0.05
692,-3.156249999999999,0.05
693,-2.9425000000000012,0.05
694,0.875,0.05
695,-2.9875000000000016,0.05
696,-2.941250000000001,0.05
697,-3.1900000000000017,0.05
698,-2.8800000000000012,0.05
699,-2.911250000000001,0.05
700,0.5687499999999998,0.05
701,-3.216249999999999,0.05
702,-2.9537500000000008,0.05
703,-2.843750000000001,0.05
704,-3.010000000000001,0.05
705,-2.9312500000000012,0.05
706,-2.912500000000001,0.05
707,-2.905000000000001,0.05
708,0.012500000000000178,0.05
709,0.6174999999999998,0.05
710,-2.77375,0.05
711,-2.950000000000001,0.05
712,-2.850000000000001,0.05
713,-2.850000000000001,0.05
714,-2.881250000000001,0.05
715,0.4512499999999997,0.05
716,-2.9750000000000014,0.05
717,-2.923750000000001,0.05
718,-2.873750000000001,0.05
719,-0.7437499999999992,0.05
720,-3.1187500000000017,0.05
721,0.08374999999999999,0.05
722,0.7999999999999999,0.05
723,0.22124999999999995,0.05
724,1.1187500000000001,0.05
725,-2.942500000000001,0.05
726,-1.2550000000000006,0.05
727,-1.4400000000000002,0.05
728,-2.8625000000000003,0.05
729,-0.4274999999999993,0.05
730,-2.7500000000000004,0.05
731,-2.8850000000000007,0.05
732,-2.856250000000001,0.05
733,-2.755000000000001,0.05
734,-0.9400000000000002,0.05
735,-0.023749999999999938,0.05
736,-2.79375,0.05
737,1.0050000000000001,0.05
738,0.22249999999999992,0.05
739,-2.6999999999999997,0.05
740,-2.855000000000001,0.05
741,-2.8687500000000004,0.05
742,-3.2237500000000017,0.05
743,-2.8312500000000007,0.05
744,1.51375,0.05
745,-0.38499999999999934,0.05
746,-2.6937500000000005,0.05
747,-2.9900000000000007,0.05
748,0.5799999999999997,0.05
749,-2.825,0.05
750,-2.873750000000001,0.05
751,1.21,0.05
752,-2.875000000000001,0.05
753,-2.950000000000001,0.05
754,-3.103750000000001,0.05
755,-3.0087500000000014,0.05
756,-2.9112500000000012,0.05
757,-2.96125,0.05
758,0.8562500000000001,0.05
759,0.84625,0.05
760,-0.28124999999999956,0.05
761,-1.0225000000000002,0.05
762,-0.08999999999999919,0.05
763,-3.032500000000001,0.05
764,-1.4525000000000017,0.05
765,-2.950000000000001,0.05
766,0.6149999999999999,0.05
767,-2.8562500000000006,0.05
768,-2.912500000000001,0.05
769,-2.950000000000001,0.05
770,-2.881250000000001,0.05
771,-2.850000000000001,0.05
772,-0.3774999999999995,0.05
773,-2.855000000000001,0.05
774,0.10875000000000012,0.05
775,-2.825,0.05
776,-0.4649999999999992,0.05
777,-0.3874999999999993,0.05
778,-2.7800000000000002,0.05
779,-3.032500000000001,0.05
780,1.1125,0.05
781,-0.7149999999999992,0.05
782,-0.6174999999999995,0.05
783,-2.8812500000000005,0.05
784,1.39375,0.05
785,-2.998750000000001,0.05
786,1.2225000000000001,0.05
787,-2.7800000000000007,0.05
788,-2.7800000000000007,0.05
789,-3.0875000000000012,0.05
790,1.02125,0.05
791,-2.843750000000001,0.05
792,-2.767500000000001,0.05
793,-3.1550000000000016,0.05
794,-2.9612500000000015,0.05
795,-2.75625,0.05
796,-3.8262499999999995,0.05
797,-2.881250000000001,0.05
798,-2.812500000000001,0.05
799,-3.610000000000003,0.05
800,-2.900000000000001,0.05
801,0.89625,0.05
802,-2.6250000000000004,0.05
803,1.11625,0.05
804,-0.3499999999999994,0.05
805,-2.7687500000000007,0.05
806,-2.912500000000001,0.05
807,0.5837499999999998,0.05
808,-3.1187500000000017,0.05
809,-2.7687500000000007,0.05
810,-2.7687500000000003,0.05
811,1.13375,0.05
812,-3.4712500000000017,0.05
813,0.29749999999999965,0.05
814,-0.7724999999999997,0.05
815,-2.930000000000001,0.05
816,-2.9612500000000006,0.05
817,-0.9112500000000001,0.05
818,-2.9262499999999996,0.05
819,-2.6750000000000007,0.05
820,-2.7687500000000007,0.05
821,-2.961250000000001,0.05
822,-3.6350000000000002,0.05
823,0.23500000000000032,0.05
824,-2.7100000000000004,0.05
825,-2.7675000000000005,0.05
826,-2.7187500000000004,0.05
827,0.6049999999999998,0.05
828,0.3362499999999997,0.05
829,-2.950000000000001,0.05
830,-2.811250000000001,0.05
831,1.0375,0.05
832,-2.837500000000001,0.05
833,-3.017500000000001,0.05
834,0.5262499999999998,0.05
835,1.2650000000000001,0.05
836,-0.023749999999999938,0.05
837,-2.806250000000001,0.05
838,-0.5912499999999994,0.05
839,-1.8862500000000015,0.05
840,-3.2300000000000013,0.05
841,-2.818750000000001,0.05
842,-0.9087500000000004,0.05
843,0.04500000000000015,0.05
844,0.23249999999999993,0.05
845,0.25250000000000017,0.05
846,-2.7487500000000002,0.05
847,-2.8600000000000008,0.05
848,0.7287499999999999,0.05
849,0.5349999999999999,0.05
850,-2.8250000000000006,0.05
851,0.6937499999999999,0.05
852,-0.7637499999999999,0.05
853,0.9200000000000002,0.05
854,-3.7775,0.05
855,0.8975000000000001,0.05
856,-2.767500000000001,0.05
857,-2.775000000000001,0.05
858,-2.8312500000000007,0.05
859,0.95125,0.05
860,0.5074999999999997,0.05
861,0.8725,0.05
862,-2.8475000000000006,0.05
863,-2.8312500000000007,0.05
864,1.2550000000000001,0.05
865,0.8925000000000001,0.05
866,-2.950000000000001,0.05
867,-3.388749999999999,0.05
868,-0.15874999999999972,0.05
869,-0.34124999999999894,0.05
870,1.25,0.05
871,1.06125,0.05
872,0.865,0.05
873,0.35999999999999965,0.05
874,-2.85625,0.05
875,0.20999999999999996,0.05
876,1.2437500000000001,0.05
877,-0.3724999999999996,0.05
878,-0.3787499999999995,0.05
879,0.1200000000000001,0.05
880,0.03500000000000014,0.05
881,-0.8299999999999998,0.05
882,-0.6299999999999997,0.05
883,-0.18374999999999964,0.05
884,-2.8562500000000006,0.05
885,1.1675,0.05
886,0.0475000000000001,0.05
887,0.4874999999999998,0.05
888,-0.27499999999999947,0.05
889,-0.07874999999999965,0.05
890,-2.7437500000000004,0.05
891,-2.7500000000000004,0.05
892,0.77625,0.05
893,-2.7812500000000004,0.05
894,-2.9000000000000012,0.05
895,-2.9800000000000013,0.05
896,-0.4237499999999994,0.05
897,0.74625,0.05
898,0.03500000000000014,0.05
899,1.4300000000000002,0.05
900,1.0837500000000002,0.05
901,-0.06499999999999972,0.05
902,0.23375000000000012,0.05
903,-3.2500000000000013,0.05
904,-2.892500000000001,0.05
905,-2.862500000000001,0.05
906,-2.855000000000001,0.05
907,1.1475,0.05
908,0.7825,0.05
909,-0.5812499999999992,0.05
910,1.0250000000000001,0.05
911,-0.08499999999999974,0.05
912,0.40124999999999966,0.05
913,-3.0887500000000014,0.05
914,0.5287499999999997,0.05
915,1.3887500000000002,0.05
916,-2.7912500000000007,0.05
917,-0.5337499999999993,0.05
918,-2.7937500000000006,0.05
919,1.145,0.05
920,0.6912499999999999,0.05
921,0.9950000000000001,0.05
922,0.7875,0.05
923,0.15874999999999995,0.05
924,0.5062499999999998,0.05
925,0.5849999999999997,0.05
926,0.6249999999999998,0.05
927,-0.6499999999999992,0.05
928,0.32499999999999996,0.05
929,0.06750000000000012,0.05
930,-0.30624999999999947,0.05
931,-2.7987500000000005,0.05
932,0.93625,0.05
933,-2.930000000000001,0.05
934,0.6899999999999998,0.05
935,1.03875,0.05
936,-3.1712500000000006,0.05
937,0.7012499999999999,0.05
938,1.1375000000000002,0.05
939,-2.806250000000001,0.05
940,-0.3012499999999998,0.05
941,0.6524999999999999,0.05
942,0.08500000000000019,0.05
943,0.04750000000000032,0.05
944,0.4924999999999997,0.05
945,-2.875000000000001,0.05
946,-2.918750000000001,0.05
947,-2.912500000000001,0.05
948,-2.7425,0.05
949,-4.281249999999999,0.05
950,-2.85625,0.05
951,0.6024999999999997,0.05
952,-2.900000000000001,0.05
953,0.47499999999999987,0.05
954,-2.927500000000001,0.05
955,-2.875000000000001,0.05
956,1.22625,0.05
957,1.0575,0.05
958,-2.873750000000001,0.05
959,0.16749999999999998,0.05
960,-2.8912500000000008,0.05
961,-0.7412499999999997,0.05
962,-0.8149999999999997,0.05
963,1.4300000000000002,0.05
964,-0.9087500000000006,0.05
965,-0.7962499999999999,0.05
966,0.63,0.05
967,-2.809999999999999,0.05
968,-0.35124999999999895,0.05
969,-2.6812500000000004,0.05
970,0.15250000000000008,0.05
971,-2.7187500000000004,0.05
972,-2.9162500000000002,0.05
973,0.3837499999999998,0.05
974,0.39249999999999985,0.05
975,0.4137499999999996,0.05
976,-0.7337499999999999,0.05
977,-2.8250000000000006,0.05
978,-2.862500000000001,0.05
979,-2.8237500000000004,0.05
980,0.9712500000000001,0.05
981,1.53125,0.05
982,1.44375,0.05
983,-2.8250000000000006,0.05
984,-2.7500000000000004,0.05
985,1.0875000000000001,0.05
986,0.25749999999999984,0.05
987,1.17,0.05
988,0.3124999999999998,0.05
989,-3.035000000000001,0.05
990,-0.04874999999999985,0.05
991,-0.14624999999999977,0.05
992,-0.027499999999999414,0.05
993,0.79875,0.05
994,-0.020000000000000018,0.05
995,0.895,0.05
996,-0.6274999999999993,0.05
997,-2.837500000000001,0.05
998,0.3049999999999997,0.05
999,-2.8812500000000005,0.05
1000,-3.4400000000000013,0.05
1001,1.0987500000000001,0.05
1002,-2.7000000000000006,0.05
1003,-2.868750000000001,0.05
1004,0.98875,0.05
1005,1.2937500000000002,0.05
1006,-2.8362500000000006,0.05
1007,1.0037500000000001,0.05
1008,-0.97875,0.05
1009,-0.031249999999999778,0.05
1010,-0.8400000000000001,0.05
1011,-0.2987499999999996,0.05
1012,-3.3899999999999997,0.05
1013,1.28,0.05
1014,-0.2199999999999993,0.05
1015,0.1712499999999999,0.05
1016,-0.42249999999999943,0.05
1017,1.3350000000000002,0.05
1018,1.1800000000000002,0.05
1019,0.9112500000000001,0.05
1020,-1.1187500000000001,0.05
1021,0.94625,0.05
1022,0.69,0.05
1023,1.24,0.05
1024,-0.047499999999999876,0.05
1025,1.0350000000000001,0.05
1026,-2.972500000000001,0.05
1027,1.12375,0.05
1028,1.07125,0.05
1029,-2.8675000000000006,0.05
1030,1.0762500000000002,0.05
1031,1.18375,0.05
1032,-1.0837500000000009,0.05
1033,-0.2637499999999995,0.05
1034,0.8912500000000001,0.05
1035,1.2950000000000002,0.05
1036,-2.7875000000000005,0.05
1037,1.09375,0.05
1038,0.6337499999999999,0.05
1039,-0.3974999999999993,0.05
1040,-2.950000000000001,0.05
1041,1.0950000000000002,0.05
1042,0.6024999999999998,0.05
1043,0.29249999999999954,0.05
1044,0.33499999999999974,0.05
1045,-0.7199999999999995,0.05
1046,1.1500000000000001,0.05
1047,0.47499999999999976,0.05
1048,-2.8750000000000004,0.05
1049,-0.2262499999999994,0.05
1050,1.1875,0.05
1051,-0.04499999999999993,0.05
1052,1.07625,0.05
1053,-0.004999999999999671,0.05
1054,1.33125,0.05
1055,-2.812500000000001,0.05
1056,-2.881250000000001,0.05
1057,0.09499999999999997,0.05
1058,0.7287499999999999,0.05
1059,1.0050000000000001,0.05
1060,0.10875000000000012,0.05
1061,0.015000000000000346,0.05
1062,1.1975000000000002,0.05
1063,-0.9962499999999996,0.05
1064,-2.6562500000000004,0.05
1065,-2.911250000000001,0.05
1066,-2.806250000000001,0.05
1067,0.9112500000000001,0.05
1068,0.9100000000000001,0.05
1069,-2.7175000000000007,0.05
1070,-0.8174999999999992,0.05
1071,-0.06499999999999972,0.05
1072,1.155,0.05
1073,0.23624999999999985,0.05
1074,0.40124999999999966,0.05
1075,1.245,0.05
1076,-2.825000000000001,0.05
1077,0.14625,0.05
1078,1.04,0.05
1079,-2.9425000000000012,0.05
1080,1.2075,0.05
1081,-2.7175000000000002,0.05
1082,-2.8375000000000004,0.05
1083,-0.21749999999999936,0.05
1084,0.35499999999999976,0.05
1085,0.32999999999999985,0.05
1086,-0.0974999999999997,0.05
1087,0.36624999999999974,0.05
1088,-1.0700000000000005,0.05
1089,-2.7675,0.05
1090,-2.875000000000001,0.05
1091,-2.8462500000000013,0.05
1092,0.9825000000000002,0.05
1093,1.10375,0.05
1094,-2.7937500000000006,0.05
1095,1.42625,0.05
1096,-2.6874999999999996,0.05
1097,-2.8487500000000003,0.05
1098,0.62125,0.05
1099,0.9450000000000001,0.05
1100,-2.7875000000000005,0.05
1101,-0.4237499999999994,0.05
1102,-2.918749999999999,0.05
1103,-0.2724999999999993,0.05
1104,-0.03749999999999987,0.05
1105,0.7849999999999999,0.05
1106,-0.6862499999999996,0.05
1107,0.7662499999999999,0.05
1108,0.5737499999999999,0.05
1109,-2.8000000000000007,0.05
1110,0.3637499999999998,0.05
1111,0.10500000000000043,0.05
1112,-0.14749999999999974,0.05
1113,0.2799999999999998,0.05
1114,0.015000000000000124,0.05
1115,0.9587500000000001,0.05
1116,1.2400000000000002,0.05
1117,0.6224999999999999,0.05
1118,-0.4949999999999992,0.05
1119,-2.8250000000000006,0.05
1120,0.83125,0.05
1121,-2.8937500000000007,0.05
1122,-2.848750000000001,0.05
1123,-2.912500000000001,0.05
1124,0.2124999999999999,0.05
1125,-0.04249999999999976,0.05
1126,1.43875,0.05
1127,0.5537499999999999,0.05
1128,0.18999999999999995,0.05
1129,1.0325000000000002,0.05
1130,0.14874999999999994,0.05
1131,0.8900000000000001,0.05
1132,-3.0125,0.05
1133,0.33999999999999986,0.05
1134,0.28749999999999987,0.05
1135,0.2274999999999998,0.05
1136,-0.5449999999999993,0.05
1137,1.02,0.05
1138,-0.8437500000000002,0.05
1139,-2.818750000000001,0.05
1140,-2.825000000000001,0.05
1141,1.105,0.05
1142,1.17,0.05
1143,0.775,0.05
1144,0.85,0.05
1145,1.2537500000000001,0.05
1146,0.91625,0.05
1147,-1.4662499999999998,0.05
1148,-2.8912500000000008,0.05
1149,0.875,0.05
1150,1.0550000000000002,0.05
1151,0.76375,0.05
1152,0.84375,0.05
1153,1.11,0.05
1154,-0.6262499999999995,0.05
1155,0.4574999999999997,0.05
1156,0.33499999999999974,0.05
1157,0.1725000000000001,0.05
1158,-2.786250000000001,0.05
1159,0.80625,0.05
1160,-1.0187500000000005,0.05
1161,0.9287500000000001,0.05
1162,-2.983750000000001,0.05
1163,0.9975,0.05
1164,-1.0400000000000003,0.05
1165,1.12625,0.05
1166,0.3674999999999997,0.05
1167,-0.5649999999999993,0.05
1168,0.97875,0.05
1169,0.5212499999999998,0.05
1170,0.5549999999999997,0.05
1171,-1.1137500000000007,0.05
1172,1.425,0.05
1173,-0.8487500000000001,0.05
1174,0.6224999999999998,0.05
1175,0.7649999999999999,0.05
1176,0.5849999999999997,0.05
1177,-3.0062499999999996,0.05
1178,-2.6750000000000003,0.05
1179,-2.893750000000001,0.05
1180,-0.8174999999999999,0.05
1181,0.8025,0.05
1182,0.9600000000000001,0.05
1183,1.46875,0.05
1184,-0.15250000000000008,0.05
1185,0.02375000000000016,0.05
1186,0.7999999999999999,0.05
1187,0.5137499999999999,0.05
1188,-3.0025000000000017,0.05
1189,-2.82375,0.05
1190,0.6362499999999998,0.05
1191,1.3825,0.05
1192,-2.8312500000000007,0.05
1193,0.5312499999999998,0.05
1194,0.9962500000000001,0.05
1195,0.9450000000000001,0.05
1196,-2.8375000000000004,0.05
1197,1.06,0.05
1198,-0.6812499999999997,0.05
1199,0.76375,0.05
1200,-2.8937500000000003,0.05
1201,0.4262499999999998,0.05
1202,0.91625,0.05
1203,1.20625,0.05
1204,0.9837500000000001,0.05
1205,1.0525,0.05
1206,1.27625,0.05
1207,0.11375000000000002,0.05
1208,-2.762500000000001,0.05
1209,0.5474999999999998,0.05
1210,0.1812499999999999,0.05
1211,0.6125,0.05
1212,-2.8362499999999993,0.05
1213,0.43374999999999986,0.05
1214,0.5049999999999997,0.05
1215,1.1287500000000001,0.05
1216,1.11625,0.05
1217,0.9275000000000001,0.05
1218,-2.7562500000000005,0.05
1219,0.9450000000000001,0.05
1220,-2.7187500000000004,0.05
1221,1.0250000000000001,0.05
1222,0.91625,0.05
1223,-1.2749999999999997,0.05
1224,0.33499999999999974,0.05
1225,1.02625,0.05
1226,0.3462499999999997,0.05
1227,-2.8187500000000005,0.05
1228,0.3637499999999998,0.05
1229,1.1300000000000001,0.05
1230,-1.1012500000000005,0.05
1231,0.6537499999999999,0.05
1232,0.74,0.05
1233,1.3075,0.05
1234,0.6775,0.05
1235,1.1675,0.05
1236,1.11,0.05
1237,-0.3362499999999995,0.05
1238,-0.3612499999999994,0.05
1239,0.6712499999999999,0.05
1240,1.0750000000000002,0.05
1241,1.01,0.05
1242,0.2024999999999999,0.05
1243,1.0250000000000001,0.05
1244,0.86125,0.05
1245,1.0325000000000002,0.05
1246,1.0012500000000002,0.05
1247,0.73125,0.05
1248,1.11125,0.05
1249,0.83625,0.05
1250,0.91125,0.05
1251,-3.297500000000001,0.05
1252,0.9837500000000001,0.05
1253,-0.3349999999999995,0.05
1254,0.29000000000000004,0.05
1255,0.9450000000000001,0.05
1256,0.78125,0.05
1257,1.5362500000000001,0.05
1258,0.6549999999999999,0.05
1259,1.18375,0.05
1260,0.8150000000000001,0.05
1261,1.05,0.05
1262,0.9587500000000001,0.05
1263,1.05875,0.05
1264,1.1912500000000001,0.05
1265,-0.3562499999999993,0.05
1266,1.2437500000000001,0.05
1267,0.40124999999999966,0.05
1268,0.2762499999999999,0.05
1269,1.32875,0.05
1270,0.9212500000000001,0.05
1271,0.3487499999999999,0.05
1272,1.05375,0.05
1273,0.26,0.05
1274,1.2675,0.05
1275,0.9600000000000001,0.05
1276,0.6399999999999998,0.05
1277,0.07250000000000001,0.05
1278,-0.5137499999999993,0.05
1279,0.8450000000000001,0.05
1280,1.135,0.05
1281,1.0050000000000001,0.05
1282,1.11125,0.05
1283,1.2025000000000001,0.05
1284,0.29249999999999976,0.05
1285,1.20875,0.05
1286,1.1475,0.05
1287,0.9087500000000001,0.05
1288,0.7825,0.05
1289,0.74625,0.05
1290,0.26749999999999985,0.05
1291,0.7875,0.05
1292,-0.38499999999999956,0.05
1293,-0.9225000000000001,0.05
1294,1.11,0.05
1295,0.03125,0.05
1296,-0.42249999999999877,0.05
1297,1.15625,0.05
1298,1.23625,0.05
1299,0.6399999999999998,0.05
1300,0.2350000000000001,0.05
1301,-0.9850000000000001,0.05
1302,1.03875,0.05
1303,0.7299999999999999,0.05
1304,0.5474999999999997,0.05
1305,0.8862500000000001,0.05
1306,-0.7612499999999993,0.05
1307,1.4175,0.05
1308,0.9287500000000001,0.05
1309,-0.25499999999999967,0.05
1310,1.17625,0.05
1311,1.0750000000000002,0.05
1312,0.92,0.05
1313,0.7112499999999998,0.05
1314,0.7675000000000001,0.05
1315,1.09375,0.05
1316,1.0825,0.05
1317,-0.028750000000000053,0.05
1318,1.1525,0.05
1319,-0.36874999999999925,0.05
1320,1.0562500000000001,0.05
1321,0.24499999999999988,0.05
1322,0.7575000000000001,0.05
1323,0.8925000000000001,0.05
1324,0.3424999999999998,0.05
1325,1.1025,0.05
1326,1.33125,0.05
1327,0.9687500000000001,0.05
1328,-2.881250000000001,0.05
1329,0.73125,0.05
1330,0.32499999999999996,0.05
1331,0.9400000000000001,0.05
1332,0.83,0.05
1333,0.89625,0.05
1334,-0.46374999999999944,0.05
1335,-2.9312500000000012,0.05
1336,-2.812500000000001,0.05
1337,0.9450000000000001,0.05
1338,1.37625,0.05
1339,0.5862499999999998,0.05
1340,0.9425000000000001,0.05
1341,0.25125,0.05
1342,0.90375,0.05
1343,0.8962500000000001,0.05
1344,1.19,0.05
1345,1.0950000000000002,0.05
1346,0.5749999999999997,0.05
1347,-2.795000000000001,0.05
1348,1.0750000000000002,0.05
1349,0.5624999999999998,0.05
1350,0.895,0.05
1351,0.2150000000000003,0.05
1352,0.7925,0.05
1353,0.90125,0.05
1354,-2.862500000000001,0.05
1355,0.7087499999999999,0.05
1356,0.7512499999999999,0.05
1357,1.0075,0.05
1358,1.33125,0.05
1359,0.93,0.05
1360,0.03375000000000017,0.05
1361,0.2999999999999998,0.05
1362,0.8925000000000001,0.05
1363,0.6912499999999999,0.05
1364,1.19,0.05
1365,0.885,0.05
1366,-0.6174999999999995,0.05
1367,1.3225,0.05
1368,0.76375,0.05
1369,1.44875,0.05
1370,1.0575,0.05
1371,0.815,0.05
1372,1.0375,0.05
1373,0.9750000000000001,0.05
1374,1.22875,0.05
1375,1.0437500000000002,0.05
1376,1.2275,0.05
1377,1.2650000000000001,0.05
1378,0.7512499999999999,0.05
1379,1.1925000000000001,0.05
1380,-2.843749999999999,0.05
1381,0.79625,0.05
1382,1.40375,0.05
1383,1.31,0.05
1384,0.93,0.05
1385,-1.2425000000000008,0.05
1386,1.0450000000000002,0.05
1387,1.04,0.05
1388,0.8375,0.05
1389,1.0575,0.05
1390,-2.7750000000000004,0.05
1391,0.8325,0.05
1392,1.095,0.05
1393,0.8875,0.05
1394,0.9850000000000001,0.05
1395,1.1925000000000001,0.05
1396,0.6762499999999999,0.05
1397,0.6899999999999998,0.05
1398,0.6649999999999999,0.05
1399,0.025000000000000133,0.05
1400,0.8750000000000001,0.05
1401,-0.3774999999999995,0.05
1402,0.7274999999999999,0.05
1403,0.6774999999999999,0.05
1404,0.98875,0.05
1405,0.7512499999999999,0.05
1406,-0.9112500000000006,0.05
1407,0.93625,0.05
1408,1.2400000000000002,0.05
1409,0.2699999999999998,0.05
1410,1.1425,0.05
1411,0.8925000000000001,0.05
1412,1.3325,0.05
1413,1.34375,0.05
1414,1.425,0.05
1415,0.0125000000000004,0.05
1416,0.1775,0.05
1417,1.02,0.05
1418,0.8312499999999999,0.05
1419,1.1125,0.05
1420,0.46999999999999975,0.05
1421,1.1187500000000001,0.05
1422,0.9700000000000001,0.05
1423,1.14625,0.05
1424,1.0350000000000001,0.05
1425,1.09375,0.05
1426,1.27625,0.05
1427,1.2275,0.05
1428,1.0762500000000002,0.05
1429,1.23875,0.05
1430,0.8075,0.05
1431,1.105,0.05
1432,1.27,0.05
1433,1.31375,0.05
1434,1.26375,0.05
1435,0.935,0.05
1436,1.02,0.05
1437,0.7124999999999999,0.05
1438,0.6749999999999998,0.05
1439,0.25124999999999975,0.05
1440,0.8312500000000002,0.05
1441,1.05125,0.05
1442,0.9775,0.05
1443,0.5962499999999997,0.05
1444,0.7049999999999998,0.05
1445,0.9225000000000001,0.05
1446,0.5512499999999997,0.05
1447,1.1287500000000001,0.05
1448,0.35499999999999976,0.05
1449,1.0137500000000002,0.05
1450,0.96125,0.05
1451,0.6537499999999998,0.05
1452,1.28,0.05
1453,0.41874999999999973,0.05
1454,1.07625,0.05
1455,0.6362499999999999,0.05
1456,1.1400000000000001,0.05
1457,1.1500000000000001,0.05
1458,0.48999999999999977,0.05
1459,1.0,0.05
1460,0.825,0.05
1461,1.18375,0.05
1462,0.84375,0.05
1463,1.1712500000000001,0.05
1464,0.9825000000000002,0.05
1465,1.25,0.05
1466,0.97875,0.05
1467,0.80125,0.05
1468,1.06125,0.05
1469,0.3474999999999997,0.05
1470,1.245,0.05
1471,-0.4699999999999993,0.05
1472,1.1625,0.05
1473,0.6912499999999998,0.05
1474,0.88125,0.05
1475,1.3450000000000002,0.05
1476,0.05625000000000013,0.05
1477,0.925,0.05
1478,1.28875,0.05
1479,1.2437500000000001,0.05
1480,0.7512499999999999,0.05
1481,1.0375,0.05
1482,1.105,0.05
1483,1.0050000000000001,0.05
1484,0.7625,0.05
1485,0.9975,0.05
1486,1.1912500000000001,0.05
1487,1.2737500000000002,0.05
1488,0.6537499999999998,0.05
1489,1.0075,0.05
1490,0.5824999999999998,0.05
1491,0.6549999999999999,0.05
1492,-3.0512500000000005,0.05
1493,1.08125,0.05
1494,1.0325000000000002,0.05
1495,1.06125,0.05
1496,0.48124999999999984,0.05
1497,0.9225000000000001,0.05
1498,0.9175000000000001,0.05
1499,0.27374999999999994,0.05
1500,1.07625,0.05
1501,1.0250000000000001,0.05
1502,1.03,0.05
1503,0.9512500000000002,0.05
1504,0.9650000000000001,0.05
1505,1.23625,0.05
1506,0.5112499999999998,0.05
1507,0.9825,0.05
1508,0.9400000000000001,0.05
1509,0.94625,0.05
1510,1.1175000000000002,0.05
1511,0.8425,0.05
1512,1.0075,0.05
1513,1.2112500000000002,0.05
1514,0.5862499999999999,0.05
1515,0.8412499999999999,0.05
1516,1.165,0.05
1517,0.3149999999999997,0.05
1518,1.3250000000000002,0.05
1519,0.7299999999999999,0.05
1520,1.1487500000000002,0.05
1521,0.94625,0.05
1522,1.1575,0.05
1523,0.5949999999999999,0.05
1524,1.24125,0.05
1525,0.98875,0.05
1526,0.85,0.05
1527,0.7437499999999999,0.05
1528,1.15625,0.05
1529,0.7124999999999999,0.05
1530,1.495,0.05
1531,0.9137500000000001,0.05
1532,0.56125,0.05
1533,0.7499999999999999,0.05
1534,1.07,0.05
1535,1.0625,0.05
1536,0.6862499999999999,0.05
1537,0.3949999999999996,0.05
1538,0.30125,0.05
1539,1.0575,0.05
1540,0.8800000000000001,0.05
1541,-0.18374999999999964,0.05
1542,0.7100000000000001,0.05
1543,1.02625,0.05
1544,1.0075,0.05
1545,2.220446049250313e-16,0.05
1546,1.2212500000000002,0.05
1547,1.01625,0.05
1548,0.88,0.05
1549,0.6049999999999999,0.05
1550,1.15,0.05
1551,0.9850000000000001,0.05
1552,1.0987500000000001,0.05
1553,0.7637499999999999,0.05
1554,1.22125,0.05
1555,0.5612499999999998,0.05
1556,1.46875,0.05
1557,0.5249999999999997,0.05
1558,0.49499999999999966,0.05
1559,0.39624999999999977,0.05
1560,1.3825,0.05
1561,1.26625,0.05
1562,0.10875000000000012,0.05
1563,0.83625,0.05
1564,0.5675,0.05
1565,0.9525000000000001,0.05
1566,0.9500000000000001,0.05
1567,1.235,0.05
1568,1.17625,0.05
1569,1.06875,0.05
1570,-0.6574999999999995,0.05
1571,1.0875000000000001,0.05
1572,-0.0024999999999997247,0.05
1573,0.5074999999999997,0.05
1574,0.47499999999999964,0.05
1575,1.40875,0.05
1576,1.2475,0.05
1577,1.2725000000000002,0.05
1578,0.40749999999999975,0.05
1579,1.1,0.05
1580,0.9400000000000001,0.05
1581,1.22875,0.05
1582,0.2712500000000002,0.05
1583,1.0462500000000001,0.05
1584,-0.503749999999999,0.05
1585,0.5362499999999999,0.05
1586,1.1912500000000001,0.05
1587,1.19875,0.05
1588,0.875,0.05
1589,0.9687500000000001,0.05
1590,0.6612500000000001,0.05
1591,0.9775,0.05
1592,-2.905000000000001,0.05
1593,1.08125,0.05
1594,0.12250000000000005,0.05
1595,0.9862500000000001,0.05
1596,0.9837500000000001,0.05
1597,1.1487500000000002,0.05
1598,0.6474999999999999,0.05
1599,1.03875,0.05
1600,1.2537500000000001,0.05
1601,0.9912500000000001,0.05
1602,0.96875,0.05
1603,1.08375,0.05
1604,0.39624999999999977,0.05
1605,1.03375,0.05
1606,1.21,0.05
1607,1.2425000000000002,0.05
1608,0.91125,0.05
1609,-0.5812499999999992,0.05
1610,0.89625,0.05
1611,1.125,0.05
1612,0.915,0.05
1613,1.1600000000000001,0.05
1614,0.5687499999999998,0.05
1615,0.3674999999999997,0.05
1616,1.21,0.05
1617,1.2025000000000001,0.05
1618,1.1175000000000002,0.05
1619,0.87375,0.05
1620,1.1125,0.05
1621,1.24,0.05
1622,1.1712500000000001,0.05
1623,0.9725000000000001,0.05
1624,-3.103750000000001,0.05
1625,-0.12749999999999972,0.05
1626,1.0625,0.05
1627,-0.74,0.05
1628,1.1300000000000001,0.05
1629,0.87375,0.05
1630,1.16625,0.05
1631,0.855,0.05
1632,0.915,0.05
1633,1.2025000000000001,0.05
1634,0.44749999999999956,0.05
1635,1.5175,0.05
1636,0.6337499999999998,0.05
1637,0.5649999999999998,0.05
1638,0.9900000000000001,0.05
1639,1.08125,0.05
1640,1.1175000000000002,0.05
1641,1.48125,0.05
1642,0.88,0.05
1643,1.1087500000000001,0.05
1644,1.26,0.05
1645,0.9875,0.05
1646,-0.24999999999999933,0.05
1647,1.0987500000000001,0.05
1648,0.7499999999999999,0.05
1649,1.0012500000000002,0.05
1650,1.0025000000000002,0.05
1651,0.88,0.05
1652,1.5274999999999999,0.05
1653,1.26,0.05
1654,1.0987500000000001,0.05
1655,0.9512500000000002,0.05
1656,1.3487500000000001,0.05
1657,1.04,0.05
1658,-2.7500000000000004,0.05
1659,0.6699999999999999,0.05
1660,0.8950000000000001,0.05
1661,1.07125,0.05
1662,1.08125,0.05
1663,0.86875,0.05
1664,0.8975,0.05
1665,1.0575,0.05
1666,1.20375,0.05
1667,1.10125,0.05
1668,1.1487500000000002,0.05
1669,0.9287500000000001,0.05
1670,-1.6024999999999998,0.05
1671,0.23624999999999985,0.05
1672,1.1487500000000002,0.05
1673,0.68375,0.05
1674,-0.03624999999999989,0.05
1675,1.2225000000000001,0.05
1676,1.0475,0.05
1677,0.9275000000000001,0.05
1678,0.9087500000000001,0.05
1679,1.185,0.05
1680,1.5,0.05
1681,1.1125,0.05
1682,0.9525000000000001,0.05
1683,1.09375,0.05
1684,1.0975000000000001,0.05
1685,0.9825000000000002,0.05
1686,1.375,0.05
1687,1.06,0.05
1688,-2.862500000000001,0.05
1689,1.2750000000000001,0.05
1690,1.00875,0.05
1691,1.15375,0.05
1692,0.9587500000000001,0.05
1693,1.0437500000000002,0.05
1694,0.9162500000000001,0.05
1695,-0.825,0.05
1696,0.9837500000000001,0.05
1697,-0.03624999999999989,0.05
1698,1.17625,0.05
1699,1.0437500000000002,0.05
1700,1.0825,0.05
1701,1.0550000000000002,0.05
1702,0.6974999999999999,0.05
1703,0.9587500000000001,0.05
1704,0.9112500000000001,0.05
1705,0.9912500000000001,0.05
1706,0.03125,0.05
1707,0.9275000000000001,0.05
1708,1.0762500000000002,0.05
1709,0.725,0.05
1710,0.7624999999999998,0.05
1711,1.08875,0.05
1712,0.9762500000000001,0.05
1713,0.5899999999999997,0.05
1714,0.7124999999999999,0.05
1715,-2.8250000000000006,0.05
1716,1.03,0.05
1717,-0.6837499999999996,0.05
1718,0.935,0.05
1719,0.6162499999999999,0.05
1720,0.35375,0.05
1721,-0.5162499999999992,0.05
1722,1.02125,0.05
1723,0.88375,0.05
1724,1.18625,0.05
1725,0.66375,0.05
1726,0.90375,0.05
1727,1.4175000000000002,0.05
1728,1.02125,0.05
1729,0.9275000000000001,0.05
1730,0.7637499999999999,0.05
1731,0.88,0.05
1732,0.5049999999999998,0.05
1733,1.22125,0.05
1734,0.78,0.05
1735,1.04,0.05
1736,0.855,0.05
1737,0.7825,0.05
1738,0.6524999999999999,0.05
1739,1.19,0.05
1740,1.1237500000000002,0.05
1741,0.9450000000000001,0.05
1742,1.2575,0.05
1743,-0.26999999999999935,0.05
1744,0.8775000000000001,0.05
1745,0.135,0.05
1746,-1.3124999999999998,0.05
1747,1.2425000000000002,0.05
1748,1.3425,0.05
1749,1.0450000000000002,0.05
1750,0.6674999999999998,0.05
1751,1.02625,0.05
1752,0.9512500000000002,0.05
1753,-2.893750000000001,0.05
1754,0.24499999999999966,0.05
1755,0.7349999999999999,0.05
1756,1.19,0.05
1757,-1.0325000000000004,0.05
1758,1.2575,0.05
1759,1.4000000000000001,0.05
1760,1.28,0.05
1761,1.01625,0.05
1762,0.6049999999999999,0.05
1763,0.98875,0.05
1764,1.0625,0.05
1765,0.9175000000000001,0.05
1766,1.29,0.05
1767,-0.6824999999999994,0.05
1768,0.5612499999999999,0.05
1769,0.5999999999999998,0.05
1770,1.2937500000000002,0.05
1771,0.1200000000000001,0.05
1772,0.8099999999999999,0.05
1773,1.345,0.05
1774,0.8025,0.05
1775,1.34,0.05
1776,0.7387499999999999,0.05
1777,0.3849999999999998,0.05
1778,-0.13999999999999968,0.05
1779,0.08000000000000007,0.05
1780,1.2550000000000001,0.05
1781,1.04,0.05
1782,0.9287500000000001,0.05
1783,1.195,0.05
1784,0.91625,0.05
1785,1.125,0.05
1786,1.085,0.05
1787,1.185,0.05
1788,1.20375,0.05
1789,0.84,0.05
1790,1.1487500000000002,0.05
1791,1.16625,0.05
1792,0.87875,0.05
1793,0.96125,0.05
1794,0.3312499999999998,0.05
1795,0.6849999999999999,0.05
1796,0.89625,0.05
1797,1.02125,0.05
1798,0.8049999999999999,0.05
1799,0.5474999999999998,0.05
1800,1.09375,0.05
1801,-0.07874999999999988,0.05
1802,1.05,0.05
1803,0.6587499999999998,0.05
1804,1.26,0.05
1805,0.3837499999999998,0.05
1806,-0.11624999999999974,0.05
1807,0.9700000000000001,0.05
1808,0.8375,0.05
1809,0.9712500000000002,0.05
1810,1.1287500000000001,0.05
1811,1.00875,0.05
1812,0.84125,0.05
1813,1.205,0.05
1814,0.9650000000000001,0.05
1815,0.9800000000000001,0.05
1816,1.0237500000000002,0.05
1817,1.2075,0.05
1818,1.18625,0.05
1819,0.7999999999999999,0.05
1820,0.6774999999999999,0.05
1821,1.405,0.05
1822,0.5537499999999997,0.05
1823,1.18375,0.05
1824,1.2437500000000001,0.05
1825,0.37624999999999975,0.05
1826,1.135,0.05
1827,1.00625,0.05
1828,0.8075,0.05
1829,0.84875,0.05
1830,0.9775,0.05
1831,-0.00874999999999937,0.05
1832,0.80125,0.05
1833,1.0012500000000002,0.05
1834,1.04,0.05
1835,0.84,0.05
1836,-2.837500000000001,0.05
1837,1.2225000000000001,0.05
1838,1.2200000000000002,0.05
1839,0.9637500000000001,0.05
1840,0.84375,0.05
1841,0.5849999999999999,0.05
1842,-0.9037499999999998,0.05
1843,0.4512499999999997,0.05
1844,-0.7349999999999997,0.05
1845,1.03875,0.05
1846,0.8975000000000001,0.05
1847,0.7499999999999999,0.05
1848,0.7462499999999999,0.05
1849,1.3487500000000001,0.05
1850,0.3400000000000001,0.05
1851,1.095,0.05
1852,1.5050000000000001,0.05
1853,1.08125,0.05
1854,0.85875,0.05
1855,0.2687499999999998,0.05
1856,0.9850000000000001,0.05
1857,0.85375,0.05
1858,1.09875,0.05
1859,1.42375,0.05
1860,1.1912500000000001,0.05
1861,0.9700000000000001,0.05
1862,0.9600000000000002,0.05
1863,1.235,0.05
1864,0.9287500000000001,0.05
1865,1.04,0.05
1866,-0.4712499999999993,0.05
1867,0.98875,0.05
1868,1.1,0.05
1869,1.19875,0.05
1870,1.08375,0.05
1871,1.0075,0.05
1872,0.1399999999999999,0.05
1873,0.14625,0.05
1874,0.8725,0.05
1875,1.04,0.05
1876,1.155,0.05
1877,0.8800000000000001,0.05
1878,1.13875,0.05
1879,0.6287499999999998,0.05
1880,0.9637500000000001,0.05
1881,0.91,0.05
1882,1.0750000000000002,0.05
1883,0.015000000000000124,0.05
1884,0.6399999999999998,0.05
1885,1.4200000000000002,0.05
1886,1.0925000000000002,0.05
1887,1.04,0.05
1888,1.1350000000000002,0.05
1889,0.78625,0.05
1890,1.0375,0.05
1891,1.2112500000000002,0.05
1892,0.9550000000000001,0.05
1893,1.28375,0.05
1894,1.2312500000000002,0.05
1895,1.2725000000000002,0.05
1896,0.91,0.05
1897,0.9775,0.05
1898,1.1525,0.05
1899,0.9712500000000001,0.05
1900,1.01,0.05
1901,1.295,0.05
1902,0.78625,0.05
1903,0.83,0.05
1904,0.82,0.05
1905,1.34125,0.05
1906,0.9137500000000001,0.05
1907,1.2575,0.05
1908,1.35,0.05
1909,0.9712500000000001,0.05
1910,-0.22374999999999967,0.05
1911,1.2075,0.05
1912,1.15625,0.05
1913,1.01125,0.05
1914,0.82375,0.05
1915,1.07375,0.05
1916,1.23625,0.05
1917,0.6237499999999998,0.05
1918,1.28,0.05
1919,1.225,0.05
1920,1.385,0.05
1921,1.54125,0.05
1922,1.03875,0.05
1923,1.00625,0.05
1924,0.86,0.05
1925,1.0550000000000002,0.05
1926,-2.847500000000001,0.05
1927,0.9587500000000001,0.05
1928,1.1425,0.05
1929,0.765,0.05
1930,1.0350000000000001,0.05
1931,0.4949999999999998,0.05
1932,-3.5612500000000025,0.05
1933,0.16749999999999998,0.05
1934,1.0237500000000002,0.05
1935,1.1500000000000001,0.05
1936,1.12125,0.05
1937,1.02625,0.05
1938,0.9525000000000001,0.05
1939,1.24,0.05
1940,-0.02124999999999977,0.05
1941,-2.8212500000000005,0.05
1942,1.04,0.05
1943,0.9712500000000001,0.05
1944,1.18125,0.05
1945,0.9400000000000001,0.05
1946,1.27125,0.05
1947,0.8224999999999999,0.05
1948,1.28875,0.05
1949,0.32999999999999985,0.05
1950,1.0425,0.05
1951,1.11625,0.05
1952,1.2537500000000001,0.05
1953,1.02125,0.05
1954,1.2200000000000002,0.05
1955,1.26625,0.05
1956,0.8575,0.05
1957,1.0625,0.05
1958,0.020000000000000018,0.05
1959,-0.09749999999999948,0.05
1960,1.155,0.05
1961,-2.8287500000000008,0.05
1962,0.655,0.05
1963,1.1487500000000002,0.05
1964,0.9337500000000001,0.05
1965,0.1412500000000001,0.05
1966,1.0637500000000002,0.05
1967,1.08875,0.05
1968,1.03875,0.05
1969,1.1425,0.05
1970,1.11625,0.05
1971,1.0500000000000003,0.05
1972,1.0625,0.05
1973,0.88,0.05
1974,1.2750000000000001,0.05
1975,1.27625,0.05
1976,0.9850000000000001,0.05
1977,1.33125,0.05
1978,1.3,0.05
1979,1.0462500000000001,0.05
1980,0.81875,0.05
1981,1.3025,0.05
1982,1.19625,0.05
1983,1.00625,0.05
1984,0.27874999999999983,0.05
1985,1.36375,0.05
1986,1.1300000000000001,0.05
1987,1.07625,0.05
1988,0.8112499999999999,0.05
1989,0.825,0.05
1990,0.7262500000000001,0.05
1991,0.9225000000000001,0.05
1992,1.05125,0.05
1993,0.7487499999999999,0.05
1994,1.17,0.05
1995,0.83625,0.05
1996,0.915,0.05
1997,1.15375,0.05
1998,-0.3624999999999994,0.05
1999,0.8962500000000001,0.05
2000,1.09375,0.05
2001,0.88,0.05
2002,-2.961250000000001,0.05
2003,-0.6512499999999994,0.05
2004,1.27125,0.05
2005,1.2725,0.05
2006,1.40375,0.05
2007,0.6399999999999998,0.05
2008,0.9650000000000001,0.05
2009,0.86125,0.05
2010,0.87875,0.05
2011,0.9850000000000001,0.05
2012,0.9837500000000001,0.05
2013,0.23624999999999985,0.05
2014,0.9837500000000001,0.05
2015,1.1625,0.05
2016,0.9125000000000001,0.05
2017,0.75125,0.05
2018,1.485,0.05
2019,1.07125,0.05
2020,0.8962500000000001,0.05
2021,0.5362499999999998,0.05
2022,1.0537500000000002,0.05
2023,-0.4437499999999994,0.05
2024,1.3687500000000001,0.05
2025,1.06125,0.05
2026,0.5700000000000001,0.05
2027,1.18625,0.05
2028,0.9337500000000001,0.05
2029,0.6824999999999999,0.05
2030,1.15375,0.05
2031,1.155,0.05
2032,0.9900000000000001,0.05
2033,0.6387499999999998,0.05
2034,1.2337500000000001,0.05
2035,0.7512499999999999,0.05
2036,1.38625,0.05
2037,1.13125,0.05
2038,1.0375,0.05
2039,0.88,0.05
2040,-0.4199999999999995,0.05
2041,0.7849999999999999,0.05
2042,0.8900000000000001,0.05
2043,1.2225000000000001,0.05
2044,1.1500000000000001,0.05
2045,1.00625,0.05
2046,1.11625,0.05
2047,0.6574999999999999,0.05
2048,0.6887499999999999,0.05
2049,0.80625,0.05
2050,1.2400000000000002,0.05
2051,0.7099999999999999,0.05
2052,1.36375,0.05
2053,0.43500000000000005,0.05
2054,1.1525,0.05
2055,0.765,0.05
2056,1.3987500000000002,0.05
2057,0.7099999999999999,0.05
2058,1.105,0.05
2059,1.20375,0.05
2060,0.9087500000000001,0.05
2061,1.0675000000000001,0.05
2062,1.4625000000000001,0.05
2063,1.19,0.05
2064,0.5449999999999998,0.05
2065,1.245,0.05
2066,0.04500000000000015,0.05
2067,0.93,0.05
2068,0.4087499999999997,0.05
2069,1.1725,0.05
2070,1.1975000000000002,0.05
2071,0.98875,0.05
2072,0.9275000000000001,0.05
2073,1.15375,0.05
2074,0.09124999999999983,0.05
2075,1.04,0.05
2076,1.2000000000000002,0.05
2077,0.6399999999999998,0.05
2078,0.5749999999999997,0.05
2079,1.32625,0.05
2080,0.16500000000000004,0.05
2081,0.7137499999999999,0.05
2082,1.3025000000000002,0.05
2083,0.7299999999999999,0.05
2084,1.205,0.05
2085,0.46874999999999967,0.05
2086,1.045,0.05
2087,1.1075000000000002,0.05
2088,1.00625,0.05
2089,0.88,0.05
2090,0.7649999999999999,0.05
2091,0.82375,0.05
2092,0.7024999999999999,0.05
2093,0.9775000000000001,0.05
2094,0.7749999999999999,0.05
2095,0.35499999999999976,0.05
2096,0.41374999999999984,0.05
2097,1.2425000000000002,0.05
2098,0.91125,0.05
2099,0.73125,0.05
2100,1.02,0.05
2101,1.07625,0.05
2102,0.88,0.05
2103,1.13375,0.05
2104,0.9400000000000001,0.05
2105,1.0625,0.05
2106,1.2012500000000002,0.05
2107,0.9275000000000001,0.05
2108,0.9837500000000001,0.05
2109,0.935,0.05
2110,1.11625,0.05
2111,0.9787500000000001,0.05
2112,0.86125,0.05
2113,1.2575,0.05
2114,0.9962500000000001,0.05
2115,0.9825000000000002,0.05
2116,1.125,0.05
2117,1.30875,0.05
2118,1.195,0.05
2119,1.1887500000000002,0.05
2120,1.3075,0.05
2121,0.91125,0.05
2122,1.0825,0.05
2123,1.16625,0.05
2124,1.2112500000000002,0.05
2125,1.1712500000000001,0.05
2126,0.9525000000000001,0.05
2127,1.3137500000000002,0.05
2128,0.78625,0.05
2129,0.9650000000000001,0.05
2130,1.03375,0.05
2131,1.135,0.05
2132,0.9337500000000001,0.05
2133,0.935,0.05
2134,1.135,0.05
2135,1.13375,0.05
2136,1.22875,0.05
2137,1.2075,0.05
2138,1.105,0.05
2139,0.8425,0.05
2140,0.9975,0.05
2141,1.0350000000000001,0.05
2142,1.09,0.05
2143,-0.5149999999999995,0.05
2144,1.0012500000000002,0.05
2145,1.14375,0.05
2146,1.1812500000000001,0.05
2147,1.0837500000000002,0.05
2148,-3.040000000000001,0.05
2149,0.7625000000000001,0.05
2150,0.2749999999999999,0.05
2151,-2.9237500000000014,0.05
2152,1.19375,0.05
2153,1.02,0.05
2154,0.88125,0.05
2155,0.7274999999999999,0.05
2156,1.22875,0.05
2157,0.9712500000000001,0.05
2158,1.0562500000000001,0.05
2159,1.0025000000000002,0.05
2160,0.7487499999999999,0.05
2161,0.5187500000000002,0.05
2162,0.9137500000000001,0.05
2163,0.9700000000000001,0.05
2164,1.2225000000000001,0.05
2165,0.7687500000000002,0.05
2166,0.5849999999999997,0.05
2167,-0.054999999999999716,0.05
2168,0.9475,0.05
2169,1.0975000000000001,0.05
2170,1.535,0.05
2171,1.04,0.05
2172,-0.5299999999999991,0.05
2173,1.195,0.05
2174,0.45374999999999965,0.05
2175,1.3775,0.05
2176,1.0862500000000002,0.05
2177,0.9087500000000001,0.05
2178,-0.8674999999999999,0.05
2179,0.7875,0.05
2180,-1.00375,0.05
2181,0.9475,0.05
2182,1.13125,0.05
2183,1.4812500000000002,0.05
2184,0.9837500000000001,0.05
2185,0.5862499999999997,0.05
2186,0.5862499999999998,0.05
2187,0.8225,0.05
2188,1.1425,0.05
2189,0.7087499999999999,0.05
2190,1.555,0.05
2191,0.86,0.05
2192,0.9825000000000002,0.05
2193,0.6024999999999998,0.05
2194,0.9237500000000001,0.05
2195,1.0250000000000001,0.05
2196,1.1187500000000001,0.05
2197,1.0050000000000001,0.05
2198,1.2475,0.05
2199,1.13125,0.05
2200,0.5312499999999997,0.05
2201,1.11625,0.05
2202,1.28875,0.05
2203,0.88,0.05
2204,0.5924999999999998,0.05
2205,1.1712500000000001,0.05
2206,1.1,0.05
2207,1.215,0.05
2208,1.1925000000000001,0.05
2209,0.8562500000000001,0.05
2210,0.9900000000000001,0.05
2211,1.19375,0.05
2212,0.935,0.05
2213,0.9475,0.05
2214,0.72625,0.05
2215,1.4400000000000002,0.05
2216,0.9775,0.05
2217,0.6962499999999999,0.05
2218,1.1625,0.05
2219,1.2737500000000002,0.05
2220,0.0950000000000002,0.05
2221,1.03875,0.05
2222,0.7512499999999999,0.05
2223,1.0562500000000001,0.05
2224,1.1162500000000002,0.05
2225,1.0762500000000002,0.05
2226,1.0075,0.05
2227,1.10125,0.05
2228,1.1975,0.05
2229,0.04875000000000029,0.05
2230,1.07,0.05
2231,0.8962500000000001,0.05
2232,0.8200000000000001,0.05
2233,1.02,0.05
2234,1.05,0.05
2235,0.8049999999999999,0.05
2236,0.8425,0.05
2237,0.89875,0.05
2238,0.80625,0.05
2239,0.86,0.05
2240,1.2075,0.05
2241,1.0950000000000002,0.05
2242,1.0562500000000001,0.05
2243,1.2750000000000001,0.05
2244,1.0637500000000002,0.05
2245,0.6774999999999999,0.05
2246,0.7249999999999999,0.05
2247,1.135,0.05
2248,1.1712500000000001,0.05
2249,0.6349999999999999,0.05
2250,1.06875,0.05
2251,1.17375,0.05
2252,1.4400000000000002,0.05
2253,0.9850000000000001,0.05
2254,1.0575,0.05
2255,0.09499999999999997,0.05
2256,0.5862499999999999,0.05
2257,1.0325000000000002,0.05
2258,0.9400000000000001,0.05
2259,1.03875,0.05
2260,0.7999999999999999,0.05
2261,0.9587500000000001,0.05
2262,0.9400000000000001,0.05
2263,0.78,0.05
2264,0.5049999999999998,0.05
2265,0.9637500000000001,0.05
2266,0.915,0.05
2267,0.62875,0.05
2268,1.37125,0.05
2269,1.05,0.05
2270,0.9825000000000002,0.05
2271,0.7337499999999999,0.05
2272,1.11125,0.05
2273,1.115,0.05
2274,0.8337500000000001,0.05
2275,1.3987500000000002,0.05
2276,1.2400000000000002,0.05
2277,1.1500000000000001,0.05
2278,0.815,0.05
2279,1.15125,0.05
2280,1.375,0.05
2281,0.8775,0.05
2282,1.05125,0.05
2283,1.17625,0.05
2284,0.9875,0.05
2285,1.35375,0.05
2286,1.0525000000000002,0.05
2287,1.3275000000000001,0.05
2288,1.13125,0.05
2289,1.1500000000000001,0.05
2290,1.485,0.05
2291,1.23875,0.05
2292,0.85875,0.05
2293,0.9525000000000001,0.05
2294,-0.8850000000000005,0.05
2295,1.28875,0.05
2296,1.30375,0.05
2297,1.06875,0.05
2298,1.02,0.05
2299,1.07125,0.05
2300,1.3462500000000002,0.05
2301,1.07625,0.05
2302,1.01875,0.05
2303,1.2237500000000001,0.05
2304,1.01125,0.05
2305,0.90375,0.05
2306,1.15375,0.05
2307,-2.808750000000001,0.05
2308,1.245,0.05
2309,1.1675,0.05
2310,0.6337499999999998,0.05
2311,1.28375,0.05
2312,0.86125,0.05
2313,0.9850000000000001,0.05
2314,1.06,0.05
2315,0.9762500000000001,0.05
2316,1.2575,0.05
2317,0.9637500000000001,0.05
2318,1.07,0.05
2319,0.87375,0.05
2320,0.98875,0.05
2321,0.765,0.05
2322,1.15375,0.05
2323,1.2625000000000002,0.05
2324,1.28,0.05
2325,1.1925000000000001,0.05
2326,1.00625,0.05
2327,0.84875,0.05
2328,0.7649999999999999,0.05
2329,1.1487500000000002,0.05
2330,0.3899999999999999,0.05
2331,0.5162499999999997,0.05
2332,0.72125,0.05
2333,1.4200000000000002,0.05
2334,0.87375,0.05
2335,1.35,0.05
2336,0.9950000000000001,0.05
2337,1.0925,0.05
2338,-0.0050000000000001155,0.05
2339,0.83625,0.05
2340,0.36124999999999985,0.05
2341,1.36,0.05
2342,0.8912500000000001,0.05
2343,1.08125,0.05
2344,0.9600000000000001,0.05
2345,0.83125,0.05
2346,0.96125,0.05
2347,1.24125,0.05
2348,1.1887500000000002,0.05
2349,1.13625,0.05
2350,0.5312499999999997,0.05
2351,1.115,0.05
2352,1.135,0.05
2353,1.1487500000000002,0.05
2354,0.935,0.05
2355,0.8675000000000002,0.05
2356,0.7925,0.05
2357,0.93,0.05
2358,1.1675000000000002,0.05
2359,0.4874999999999997,0.05
2360,1.07125,0.05
2361,0.9712500000000001,0.05
2362,1.355,0.05
2363,0.5699999999999998,0.05
2364,1.1,0.05
2365,0.8962500000000001,0.05
2366,1.485,0.05
2367,1.0250000000000001,0.05
2368,1.1675,0.05
2369,1.2125000000000001,0.05
2370,1.1487500000000002,0.05
2371,1.0625,0.05
2372,0.8975000000000001,0.05
2373,0.9950000000000001,0.05
2374,0.83875,0.05
2375,0.7637499999999999,0.05
2376,0.9837500000000001,0.05
2377,1.18625,0.05
2378,-0.1074999999999997,0.05
2379,0.8962500000000001,0.05
2380,0.23875000000000002,0.05
2381,1.0750000000000002,0.05
2382,0.9850000000000001,0.05
2383,1.3625,0.05
2384,0.9437500000000001,0.05
2385,1.19875,0.05
2386,1.15375,0.05
2387,1.13625,0.05
2388,0.7999999999999999,0.05
2389,0.8225,0.05
2390,1.4800000000000002,0.05
2391,0.03375000000000017,0.05
2392,1.0250000000000001,0.05
2393,1.1400000000000001,0.05
2394,1.06125,0.05
2395,0.9962500000000001,0.05
2396,1.1262500000000002,0.05
2397,0.9537500000000001,0.05
2398,1.2025000000000001,0.05
2399,0.3599999999999999,0.05
2400,1.27625,0.05
2401,0.9500000000000001,0.05
2402,1.0275,0.05
2403,0.5449999999999997,0.05
2404,1.04,0.05
2405,0.9900000000000001,0.05
2406,1.2937500000000002,0.05
2407,1.1550000000000002,0.05
2408,1.1775,0.05
2409,0.765,0.05
2410,1.1612500000000001,0.05
2411,1.0750000000000002,0.05
2412,1.04,0.05
2413,0.82375,0.05
2414,0.86875,0.05
2415,0.9525000000000001,0.05
2416,-2.8250000000000006,0.05
2417,1.1600000000000001,0.05
2418,1.1725,0.05
2419,1.0150000000000001,0.05
2420,0.9850000000000001,0.05
2421,1.155,0.05
2422,1.1062500000000002,0.05
2423,1.3162500000000001,0.05
2424,1.37,0.05
2425,1.155,0.05
2426,1.02,0.05
2427,0.8125,0.05
2428,1.11125,0.05
2429,1.04,0.05
2430,0.75125,0.05
2431,0.9637500000000001,0.05
2432,0.86,0.05
2433,0.795,0.05
2434,0.17250000000000032,0.05
2435,0.8975000000000001,0.05
2436,1.2475,0.05
2437,1.43625,0.05
2438,1.0437500000000002,0.05
2439,0.9500000000000001,0.05
2440,1.235,0.05
2441,1.06875,0.05
2442,1.31875,0.05
2443,1.1187500000000001,0.05
2444,0.88,0.05
2445,0.9712500000000002,0.05
2446,0.80125,0.05
2447,1.09375,0.05
2448,0.9825000000000002,0.05
2449,0.62125,0.05
2450,0.5562499999999998,0.05
2451,1.09375,0.05
2452,1.17,0.05
2453,0.96125,0.05
2454,1.0562500000000001,0.05
2455,1.1387500000000002,0.05
2456,0.9325000000000001,0.05
2457,0.92,0.05
2458,1.2637500000000002,0.05
2459,1.0575,0.05
2460,1.0975000000000001,0.05
2461,0.9700000000000001,0.05
2462,1.2437500000000001,0.05
2463,0.97875,0.05
2464,1.4900000000000002,0.05
2465,1.0175,0.05
2466,0.7687499999999999,0.05
2467,0.765,0.05
2468,1.5362500000000001,0.05
2469,1.26,0.05
2470,0.9387500000000001,0.05
2471,1.2775,0.05
2472,0.9650000000000001,0.05
2473,1.08,0.05
2474,1.0475,0.05
2475,1.1500000000000001,0.05
2476,1.1,0.05
2477,1.1500000000000001,0.05
2478,0.9875,0.05
2479,0.96625,0.05
2480,0.9850000000000001,0.05
2481,1.4800000000000002,0.05
2482,1.0562500000000001,0.05
2483,1.205,0.05
2484,0.9875,0.05
2485,1.08875,0.05
2486,0.32999999999999985,0.05
2487,1.48125,0.05
2488,1.0750000000000002,0.05
2489,1.1725,0.05
2490,1.09375,0.05
2491,1.02625,0.05
2492,0.7675,0.05
2493,0.9525000000000001,0.05
2494,1.4300000000000002,0.05
2495,0.8637500000000001,0.05
2496,0.8837499999999999,0.05
2497,0.8049999999999999,0.05
2498,1.2650000000000001,0.05
2499,0.9087500000000001,0.05
2500,0.85875,0.05
2501,0.6399999999999998,0.05
2502,0.7324999999999999,0.05
2503,1.1662500000000002,0.05
2504,0.20125000000000015,0.05
2505,1.13625,0.05
2506,0.9287500000000001,0.05
2507,1.29,0.05
2508,-0.24499999999999944,0.05
2509,1.18125,0.05
2510,1.24125,0.05
2511,1.1125,0.05
2512,0.9687500000000001,0.05
2513,1.2537500000000001,0.05
2514,1.05375,0.05
2515,1.03,0.05
2516,0.2862500000000001,0.05
2517,1.50875,0.05
2518,1.12625,0.05
2519,1.495,0.05
2520,1.155,0.05
2521,1.08,0.05
2522,1.0875000000000001,0.05
2523,1.0212500000000002,0.05
2524,1.03875,0.05
2525,1.0875000000000001,0.05
2526,0.98875,0.05
2527,1.0425,0.05
2528,1.08,0.05
2529,1.0,0.05
2530,0.8787500000000001,0.05
2531,1.2975,0.05
2532,1.2,0.05
2533,1.20875,0.05
2534,1.11125,0.05
2535,1.0825,0.05
2536,1.145,0.05
2537,1.19875,0.05
2538,1.1525,0.05
2539,0.5162499999999998,0.05
2540,0.925,0.05
2541,0.80625,0.05
2542,0.9500000000000001,0.05
2543,1.27125,0.05
2544,1.33125,0.05
2545,1.34125,0.05
2546,0.98875,0.05
2547,1.1800000000000002,0.05
2548,0.9975,0.05
2549,1.1975,0.05
2550,1.1675,0.05
2551,1.37625,0.05
2552,0.85625,0.05
2553,1.24875,0.05
2554,0.7024999999999999,0.05
2555,1.12375,0.05
2556,0.96625,0.05
2557,1.205,0.05
2558,1.19875,0.05
2559,1.0337500000000002,0.05
2560,0.9900000000000001,0.05
2561,0.8975000000000001,0.05
2562,1.2550000000000001,0.05
2563,1.27625,0.05
2564,0.9087500000000001,0.05
2565,0.8049999999999999,0.05
2566,1.3762500000000002,0.05
2567,1.2075,0.05
2568,1.2237500000000001,0.05
2569,0.6712499999999999,0.05
2570,1.1525,0.05
2571,0.9875,0.05
2572,1.4625000000000001,0.05
2573,1.145,0.05
2574,1.0437500000000002,0.05
2575,1.32625,0.05
2576,1.07,0.05
2577,1.01875,0.05
2578,0.7699999999999999,0.05
2579,1.10125,0.05
2580,1.06875,0.05
2581,0.895,0.05
2582,0.8925000000000001,0.05
2583,1.0350000000000001,0.05
2584,1.27125,0.05
2585,0.06625000000000014,0.05
2586,0.86,0.05
2587,1.1725,0.05
2588,0.93,0.05
2589,0.16625,0.05
2590,1.0,0.05
2591,1.0562500000000001,0.05
2592,1.4675,0.05
2593,0.8925000000000001,0.05
2594,0.96625,0.05
2595,1.225,0.05
2596,0.6762499999999999,0.05
2597,1.25875,0.05
2598,1.1625,0.05
2599,0.3949999999999998,0.05
2600,1.0212500000000002,0.05
2601,1.08875,0.05
2602,1.28875,0.05
2603,0.7712499999999999,0.05
2604,0.9100000000000001,0.05
2605,0.7137499999999999,0.05
2606,0.85875,0.05
2607,0.935,0.05
2608,0.9550000000000001,0.05
2609,1.0325000000000002,0.05
2610,0.72375,0.05
2611,1.0125000000000002,0.05
2612,1.165,0.05
2613,1.22125,0.05
2614,0.7462499999999999,0.05
2615,1.20875,0.05
2616,1.02625,0.05
2617,1.2550000000000001,0.05
2618,1.2112500000000002,0.05
2619,0.9337500000000001,0.05
2620,1.2425000000000002,0.05
2621,1.0775000000000001,0.05
2622,1.17875,0.05
2623,1.14125,0.05
2624,0.9825000000000002,0.05
2625,0.9137500000000001,0.05
2626,0.7487499999999999,0.05
2627,1.3625,0.05
2628,1.07375,0.05
2629,0.79875,0.05
2630,0.9950000000000001,0.05
2631,1.27625,0.05
2632,1.3900000000000001,0.05
2633,1.0450000000000002,0.05
2634,1.135,0.05
2635,0.845,0.05
2636,1.0562500000000001,0.05
2637,1.3,0.05
2638,0.915,0.05
2639,1.26,0.05
2640,1.04,0.05
2641,1.2862500000000001,0.05
2642,0.6524999999999999,0.05
2643,1.1675,0.05
2644,1.21,0.05
2645,0.6599999999999999,0.05
2646,1.2075,0.05
2647,1.3625,0.05
2648,1.09375,0.05
2649,0.825,0.05
2650,0.92,0.05
2651,1.0075,0.05
2652,0.895,0.05
2653,1.1125,0.05
2654,1.0437500000000002,0.05
2655,1.42625,0.05
2656,1.16625,0.05
2657,1.06125,0.05
2658,1.08125,0.05
2659,1.09375,0.05
2660,1.1,0.05
2661,1.0050000000000001,0.05
2662,1.0125000000000002,0.05
2663,1.1600000000000001,0.05
2664,1.0350000000000001,0.05
2665,1.09,0.05
2666,0.89875,0.05
2667,1.0925,0.05
2668,0.9337500000000001,0.05
2669,0.8550000000000002,0.05
2670,0.8200000000000001,0.05
2671,1.1,0.05
2672,1.0,0.05
2673,1.26,0.05
2674,1.2437500000000001,0.05
2675,1.23875,0.05
2676,1.0987500000000001,0.05
2677,0.91625,0.05
2678,1.1725,0.05
2679,0.20750000000000002,0.05
2680,0.87875,0.05
2681,1.15,0.05
2682,0.9900000000000001,0.05
2683,1.1,0.05
2684,1.09375,0.05
2685,0.935,0.05
2686,1.1712500000000001,0.05
2687,0.8049999999999999,0.05
2688,1.295,0.05
2689,0.9500000000000001,0.05
2690,1.27625,0.05
2691,0.8049999999999999,0.05
2692,1.1400000000000001,0.05
2693,1.12375,0.05
2694,0.6899999999999998,0.05
2695,0.87875,0.05
2696,1.1600000000000001,0.05
2697,1.445,0.05
2698,0.9950000000000001,0.05
2699,1.4200000000000002,0.05
2700,1.1712500000000001,0.05
2701,1.0575,0.05
2702,1.42625,0.05
2703,1.25875,0.05
2704,0.8975000000000001,0.05
2705,1.20375,0.05
2706,0.845,0.05
2707,1.49875,0.05
2708,1.175,0.05
2709,1.27,0.05
2710,1.07125,0.05
2711,1.19,0.05
2712,1.0325000000000002,0.05
2713,-0.14374999999999982,0.05
2714,0.87,0.05
2715,0.9125000000000001,0.05
2716,1.1375000000000002,0.05
2717,0.83,0.05
2718,1.01875,0.05
2719,1.45375,0.05
2720,0.9475,0.05
2721,0.77625,0.05
2722,1.0675000000000001,0.05
2723,1.22625,0.05
2724,1.125,0.05
2725,0.85875,0.05
2726,1.0212500000000002,0.05
2727,0.5437499999999997,0.05
2728,0.8725,0.05
2729,0.6549999999999998,0.05
2730,1.1187500000000001,0.05
2731,0.85875,0.05
2732,-0.29624999999999946,0.05
2733,1.31375,0.05
2734,1.18375,0.05
2735,1.195,0.05
2736,0.8350000000000001,0.05
2737,1.0525,0.05
2738,0.9425,0.05
2739,1.1287500000000001,0.05
2740,0.3262499999999997,0.05
2741,0.9725,0.05
2742,1.1475,0.05
2743,1.1425,0.05
2744,1.0987500000000001,0.05
2745,1.3175000000000001,0.05
2746,1.295,0.05
2747,1.22625,0.05
2748,1.0750000000000002,0.05
2749,1.30375,0.05
2750,1.2637500000000002,0.05
2751,0.13000000000000012,0.05
2752,1.01875,0.05
2753,1.0562500000000001,0.05
2754,1.0475,0.05
2755,0.8300000000000001,0.05
2756,1.36375,0.05
2757,1.18125,0.05
2758,0.9900000000000001,0.05
2759,1.2637500000000002,0.05
2760,0.9900000000000001,0.05
2761,1.2725000000000002,0.05
2762,1.05125,0.05
2763,1.11625,0.05
2764,1.405,0.05
2765,1.205,0.05
2766,1.0025,0.05
2767,0.9500000000000001,0.05
2768,1.2125000000000001,0.05
2769,1.0625,0.05
2770,1.1525,0.05
2771,0.93375,0.05
2772,0.6824999999999999,0.05
2773,1.25625,0.05
2774,1.22625,0.05
2775,1.49875,0.05
2776,1.37125,0.05
2777,0.7337499999999999,0.05
2778,1.3487500000000001,0.05
2779,0.9550000000000001,0.05
2780,0.91,0.05
2781,1.1487500000000002,0.05
2782,1.17875,0.05
2783,0.3949999999999998,0.05
2784,0.89875,0.05
2785,0.9512500000000002,0.05
2786,1.22625,0.05
2787,1.1125,0.05
2788,0.9925,0.05
2789,1.11625,0.05
2790,1.185,0.05
2791,1.12125,0.05
2792,0.8800000000000001,0.05
2793,0.7849999999999999,0.05
2794,0.9700000000000001,0.05
2795,0.9900000000000001,0.05
2796,1.0375,0.05
2797,0.865,0.05
2798,1.3900000000000001,0.05
2799,1.0237500000000002,0.05
2800,0.83,0.05
2801,1.1300000000000001,0.05
2802,1.20875,0.05
2803,1.1175000000000002,0.05
2804,1.0562500000000001,0.05
2805,0.86,0.05
2806,1.135,0.05
2807,1.2087500000000002,0.05
2808,1.2575,0.05
2809,1.3425,0.05
2810,1.1,0.05
2811,1.44875,0.05
2812,0.9700000000000001,0.05
2813,1.24875,0.05
2814,1.0350000000000001,0.05
2815,1.15375,0.05
2816,-2.9087500000000013,0.05
2817,0.6725,0.05
2818,1.3325,0.05
2819,1.2225000000000001,0.05
2820,0.43374999999999964,0.05
2821,1.21,0.05
2822,0.8612500000000001,0.05
2823,1.0525,0.05
2824,0.6825,0.05
2825,1.38375,0.05
2826,1.18375,0.05
2827,0.25,0.05
2828,1.21875,0.05
2829,1.3800000000000001,0.05
2830,1.155,0.05
2831,1.33125,0.05
2832,1.1712500000000001,0.05
2833,0.99,0.05
2834,1.345,0.05
2835,0.9762500000000001,0.05
2836,1.0025,0.05
2837,1.0137500000000002,0.05
2838,1.27875,0.05
2839,0.8912500000000001,0.05
2840,0.3437499999999998,0.05
2841,1.46375,0.05
2842,1.1425,0.05
2843,0.96125,0.05
2844,1.1,0.05
2845,1.02625,0.05
2846,1.095,0.05
2847,0.86,0.05
2848,1.21,0.05
2849,1.09375,0.05
2850,0.9637500000000001,0.05
2851,1.0350000000000001,0.05
2852,1.20625,0.05
2853,1.2200000000000002,0.05
2854,1.1187500000000001,0.05
2855,1.3325,0.05
2856,1.08125,0.05
2857,0.725,0.05
2858,1.02,0.05
2859,0.7387499999999999,0.05
2860,1.1525,0.05
2861,0.9700000000000001,0.05
2862,1.2400000000000002,0.05
2863,0.9975,0.05
2864,0.6499999999999998,0.05
2865,1.245,0.05
2866,1.08,0.05
2867,1.00625,0.05
2868,1.13625,0.05
2869,1.4000000000000001,0.05
2870,1.0225,0.05
2871,0.81875,0.05
2872,1.2025000000000001,0.05
2873,0.9137500000000001,0.05
2874,1.23625,0.05
2875,1.45375,0.05
2876,1.07,0.05
2877,0.9387500000000001,0.05
2878,0.2837499999999997,0.05
2879,1.0375,0.05
2880,1.145,0.05
2881,1.1175000000000002,0.05
2882,1.08,0.05
2883,0.6749999999999998,0.05
2884,0.9850000000000001,0.05
2885,1.1912500000000001,0.05
2886,1.0525,0.05
2887,1.15375,0.05
2888,0.96625,0.05
2889,1.0250000000000001,0.05
2890,0.9962500000000001,0.05
2891,1.1887500000000002,0.05
2892,1.2400000000000002,0.05
2893,0.9475,0.05
2894,1.0750000000000002,0.05
2895,1.0012500000000002,0.05
2896,1.17375,0.05
2897,1.09375,0.05
2898,1.185,0.05
2899,0.8324999999999999,0.05
2900,1.1125,0.05
2901,1.35,0.05
2902,0.9775,0.05
2903,1.3675000000000002,0.05
2904,0.9225000000000001,0.05
2905,1.0050000000000001,0.05
2906,1.09625,0.05
2907,1.1475,0.05
2908,0.27249999999999996,0.05
2909,1.0325000000000002,0.05
2910,1.33125,0.05
2911,0.4362499999999998,0.05
2912,1.2962500000000001,0.05
2913,1.125,0.05
2914,1.1800000000000002,0.05
2915,1.3687500000000001,0.05
2916,0.7024999999999999,0.05
2917,0.9475,0.05
2918,0.87375,0.05
2919,0.9325000000000001,0.05
2920,1.02125,0.05
2921,1.0575,0.05
2922,0.6099999999999998,0.05
2923,0.9650000000000001,0.05
2924,1.21,0.05
2925,1.1400000000000001,0.05
2926,1.13375,0.05
2927,1.28,0.05
2928,0.72625,0.05
2929,0.46999999999999964,0.05
2930,1.405,0.05
2931,1.34125,0.05
2932,1.0,0.05
2933,1.07875,0.05
2934,1.0350000000000001,0.05
2935,1.23125,0.05
2936,1.13375,0.05
2937,1.0925,0.05
2938,0.9475,0.05
2939,1.18375,0.05
2940,1.33,0.05
2941,1.0987500000000001,0.05
2942,1.22625,0.05
2943,1.18625,0.05
2944,1.155,0.05
2945,1.18625,0.05
2946,0.9937500000000001,0.05
2947,1.22625,0.05
2948,0.8125,0.05
2949,1.3687500000000001,0.05
2950,1.4625000000000001,0.05
2951,1.44875,0.05
2952,0.9475,0.05
2953,1.125,0.05
2954,1.0575,0.05
2955,1.18625,0.05
2956,1.28125,0.05
2957,1.09375,0.05
2958,1.02,0.05
2959,0.8900000000000001,0.05
2960,1.1925000000000001,0.05
2961,0.8925000000000001,0.05
2962,0.9725000000000001,0.05
2963,0.9925000000000002,0.05
2964,1.3487500000000001,0.05
2965,0.9325000000000001,0.05
2966,1.11375,0.05
2967,1.34375,0.05
2968,1.18625,0.05
2969,0.95625,0.05
2970,0.8725,0.05
2971,0.8425,0.05
2972,0.8674999999999999,0.05
2973,1.1287500000000001,0.05
2974,0.74625,0.05
2975,1.125,0.05
2976,0.9925000000000002,0.05
2977,1.13625,0.05
2978,1.08,0.05
2979,0.9950000000000001,0.05
2980,1.3162500000000001,0.05
2981,1.0775000000000001,0.05
2982,1.36,0.05
2983,0.8049999999999999,0.05
2984,1.28,0.05
2985,1.2075,0.05
2986,1.0925,0.05
2987,-2.847500000000001,0.05
2988,1.11,0.05
2989,0.5674999999999998,0.05
2990,1.08125,0.05
2991,0.8062499999999999,0.05
2992,0.865,0.05
2993,1.08,0.05
2994,1.1625,0.05
2995,1.295,0.05
2996,0.9862500000000001,0.05
2997,1.05,0.05
2998,1.5037500000000001,0.05
2999,1.1187500000000001,0.05
3000,0.86,0.05
3001,-0.7825,0.05
3002,1.155,0.05
3003,0.85875,0.05
3004,1.2850000000000001,0.05
3005,1.19,0.05
3006,0.8625,0.05
3007,1.24,0.05
3008,0.4399999999999997,0.05
3009,1.0237500000000002,0.05
3010,-0.6549999999999996,0.05
3011,0.9925,0.05
3012,0.6424999999999998,0.05
3013,1.11,0.05
3014,1.0450000000000002,0.05
3015,1.05,0.05
3016,1.155,0.05
3017,1.5125,0.05
3018,1.24125,0.05
3019,1.125,0.05
3020,1.0562500000000001,0.05
3021,0.9762500000000001,0.05
3022,0.98875,0.05
3023,1.235,0.05
3024,1.5225000000000002,0.05
3025,1.0575,0.05
3026,1.0350000000000001,0.05
3027,1.18375,0.05
3028,0.87875,0.05
3029,1.0750000000000002,0.05
3030,0.7299999999999999,0.05
3031,1.3125,0.05
3032,1.08125,0.05
3033,1.08125,0.05
3034,0.81875,0.05
3035,0.7362499999999998,0.05
3036,0.94625,0.05
3037,0.5649999999999998,0.05
3038,0.9475,0.05
3039,1.0250000000000001,0.05
3040,1.44375,0.05
3041,0.80125,0.05
3042,1.30875,0.05
3043,1.04,0.05
3044,0.88625,0.05
3045,0.5062499999999998,0.05
3046,1.50875,0.05
3047,1.00875,0.05
3048,0.85375,0.05
3049,1.0675000000000001,0.05
3050,0.91125,0.05
3051,1.2525,0.05
3052,0.91125,0.05
3053,0.9712500000000002,0.05
3054,1.29,0.05
3055,0.85625,0.05
3056,0.8125,0.05
3057,1.07625,0.05
3058,1.1500000000000001,0.05
3059,1.0425,0.05
3060,0.97875,0.05
3061,1.3687500000000001,0.05
3062,1.28375,0.05
3063,1.14375,0.05
3064,1.3262500000000002,0.05
3065,0.97875,0.05
3066,0.97875,0.05
3067,1.3025,0.05
3068,0.8962500000000001,0.05
3069,0.9825000000000002,0.05
3070,0.9850000000000001,0.05
3071,1.1075,0.05
3072,1.0575,0.05
3073,1.2537500000000001,0.05
3074,0.9875,0.05
3075,1.07375,0.05
3076,1.1675,0.05
3077,0.925,0.05
3078,0.80375,0.05
3079,0.9512500000000002,0.05
3080,1.02,0.05
3081,0.765,0.05
3082,1.105,0.05
3083,1.1725,0.05
3084,1.03375,0.05
3085,1.3050000000000002,0.05
3086,1.135,0.05
3087,1.0750000000000002,0.05
3088,0.93,0.05
3089,1.18625,0.05
3090,1.185,0.05
3091,0.6162499999999999,0.05
3092,0.8912500000000001,0.05
3093,1.2225000000000001,0.05
3094,0.96625,0.05
3095,1.2775,0.05
3096,0.4974999999999996,0.05
3097,1.04,0.05
3098,1.0450000000000002,0.05
3099,1.1125,0.05
3100,0.80375,0.05
3101,1.10125,0.05
3102,0.94125,0.05
3103,0.8800000000000001,0.05
3104,1.3075,0.05
3105,0.97875,0.05
3106,0.82375,0.05
3107,0.7599999999999999,0.05
3108,0.98875,0.05
3109,1.04125,0.05
3110,1.06875,0.05
3111,0.85,0.05
3112,0.05249999999999999,0.05
3113,1.24875,0.05
3114,1.3675000000000002,0.05
3115,1.3,0.05
3116,1.16625,0.05
3117,0.715,0.05
3118,1.1487500000000002,0.05
3119,1.245,0.05
3120,0.94625,0.05
3121,1.2225000000000001,0.05
3122,-2.9712500000000013,0.05
3123,1.03125,0.05
3124,0.7899999999999999,0.05
3125,1.13125,0.05
3126,1.0075,0.05
3127,1.0575,0.05
3128,1.0125000000000002,0.05
3129,1.2550000000000001,0.05
3130,1.2175,0.05
3131,1.2275,0.05
3132,1.135,0.05
3133,0.93625,0.05
3134,0.6049999999999998,0.05
3135,1.06125,0.05
3136,1.26375,0.05
3137,1.1812500000000001,0.05
3138,1.07625,0.05
3139,1.11125,0.05
3140,1.1612500000000001,0.05
3141,1.0237500000000002,0.05
3142,0.87875,0.05
3143,1.01625,0.05
3144,-0.12499999999999978,0.05
3145,1.1062500000000002,0.05
3146,1.33,0.05
3147,-2.7800000000000007,0.05
3148,0.49999999999999967,0.05
3149,0.9900000000000001,0.05
3150,1.18375,0.05
3151,1.09625,0.05
3152,1.1800000000000002,0.05
3153,1.3362500000000002,0.05
3154,1.0275,0.05
3155,0.9475,0.05
3156,1.08125,0.05
3157,1.0575,0.05
3158,1.13125,0.05
3159,1.1262500000000002,0.05
3160,0.7124999999999999,0.05
3161,1.245,0.05
3162,0.915,0.05
3163,1.2225000000000001,0.05
3164,1.02,0.05
3165,1.1675,0.05
3166,1.3062500000000001,0.05
3167,1.1475,0.05
3168,0.5262499999999998,0.05
3169,0.81875,0.05
3170,0.9712500000000002,0.05
3171,0.9525000000000001,0.05
3172,1.2875,0.05
3173,1.0375,0.05
3174,1.115,0.05
3175,0.78875,0.05
3176,1.2112500000000002,0.05
3177,1.2175,0.05
3178,0.40124999999999966,0.05
3179,1.2312500000000002,0.05
3180,1.045,0.05
3181,1.1687500000000002,0.05
3182,0.9712500000000001,0.05
3183,1.4412500000000001,0.05
3184,0.805,0.05
3185,0.9537500000000001,0.05
3186,0.91125,0.05
3187,0.4462499999999996,0.05
3188,1.1525,0.05
3189,1.20875,0.05
3190,1.28125,0.05
3191,1.0750000000000002,0.05
3192,1.2775,0.05
3193,1.02625,0.05
3194,1.11625,0.05
3195,1.19,0.05
3196,0.9450000000000001,0.05
3197,0.8575,0.05
3198,1.1600000000000001,0.05
3199,1.04,0.05
3200,1.27125,0.05
3201,0.5237499999999997,0.05
3202,1.185,0.05
3203,0.93,0.05
3204,1.0350000000000001,0.05
3205,1.16375,0.05
3206,0.9500000000000001,0.05
3207,0.81125,0.05
3208,0.04500000000000015,0.05
3209,0.5437499999999997,0.05
3210,0.38249999999999984,0.05
3211,1.0562500000000001,0.05
3212,1.13375,0.05
3213,1.3250000000000002,0.05
3214,1.08,0.05
3215,1.0350000000000001,0.05
3216,0.86,0.05
3217,1.27125,0.05
3218,1.1800000000000002,0.05
3219,1.24125,0.05
3220,1.2937500000000002,0.05
3221,0.9775,0.05
3222,0.6899999999999998,0.05
3223,0.8675,0.05
3224,1.21625,0.05
3225,1.0187500000000003,0.05
3226,0.9450000000000001,0.05
3227,1.04,0.05
3228,1.1500000000000001,0.05
3229,0.86875,0.05
3230,1.03875,0.05
3231,1.26625,0.05
3232,0.4924999999999998,0.05
3233,1.1725,0.05
3234,-2.806250000000001,0.05
3235,1.3262500000000002,0.05
3236,1.16625,0.05
3237,1.435,0.05
3238,1.4800000000000002,0.05
3239,1.23875,0.05
3240,1.1887500000000002,0.05
3241,0.76625,0.05
3242,1.0987500000000001,0.05
3243,0.83,0.05
3244,1.24625,0.05
3245,0.96625,0.05
3246,1.29,0.05
3247,1.0137500000000002,0.05
3248,1.1812500000000001,0.05
3249,1.1075,0.05
3250,1.1075,0.05
3251,1.0987500000000001,0.05
3252,0.85875,0.05
3253,0.8925000000000001,0.05
3254,1.3900000000000001,0.05
3255,0.94625,0.05
3256,1.0550000000000002,0.05
3257,1.2850000000000001,0.05
3258,0.7637499999999999,0.05
3259,1.0625,0.05
3260,1.1812500000000001,0.05
3261,1.0250000000000001,0.05
3262,1.31375,0.05
3263,1.2075,0.05
3264,0.5449999999999997,0.05
3265,1.1225,0.05
3266,0.7449999999999999,0.05
3267,0.99,0.05
3268,1.31375,0.05
3269,1.12375,0.05
3270,1.04,0.05
3271,0.83625,0.05
3272,1.24,0.05
3273,1.1125,0.05
3274,0.98875,0.05
3275,0.96625,0.05
3276,1.07375,0.05
3277,1.1887500000000002,0.05
3278,0.7699999999999999,0.05
3279,1.205,0.05
3280,0.9712500000000001,0.05
3281,1.2475,0.05
3282,1.23875,0.05
3283,1.4725000000000001,0.05
3284,1.2962500000000001,0.05
3285,1.0,0.05
3286,0.88125,0.05
3287,0.8049999999999999,0.05
3288,1.33125,0.05
3289,-0.3362499999999997,0.05
3290,1.125,0.05
3291,1.0150000000000001,0.05
3292,1.03875,0.05
3293,1.0987500000000001,0.05
3294,1.2075,0.05
3295,1.17625,0.05
3296,1.2475,0.05
3297,1.2200000000000002,0.05
3298,1.1687500000000002,0.05
3299,1.4800000000000002,0.05
3300,0.6612499999999998,0.05
3301,1.25875,0.05
3302,1.1525,0.05
3303,1.0150000000000001,0.05
3304,1.0237500000000002,0.05
3305,1.5362500000000001,0.05
3306,0.09000000000000008,0.05
3307,0.8750000000000001,0.05
3308,1.18625,0.05
3309,0.8975000000000001,0.05
3310,0.8200000000000001,0.05
3311,1.3050000000000002,0.05
3312,1.295,0.05
3313,0.5074999999999997,0.05
3314,1.01875,0.05
3315,1.0137500000000002,0.05
3316,1.23625,0.05
3317,1.13875,0.05
3318,1.125,0.05
3319,1.17,0.05
3320,1.05,0.05
3321,0.8925000000000001,0.05
3322,1.20375,0.05
3323,1.1075,0.05
3324,1.39375,0.05
3325,1.2000000000000002,0.05
3326,0.9775,0.05
3327,0.9475,0.05
3328,1.0137500000000002,0.05
3329,1.3575000000000002,0.05
3330,1.205,0.05
3331,1.0250000000000001,0.05
3332,1.2775,0.05
3333,1.20375,0.05
3334,0.9975,0.05
3335,1.0450000000000002,0.05
3336,1.18625,0.05
3337,1.3575000000000002,0.05
3338,1.2775,0.05
3339,1.0975000000000001,0.05
3340,1.2375,0.05
3341,1.18625,0.05
3342,1.17875,0.05
3343,1.17,0.05
3344,1.18125,0.05
3345,-0.054999999999999716,0.05
3346,1.1712500000000001,0.05
3347,1.3075,0.05
3348,1.0550000000000002,0.05
3349,0.96625,0.05
3350,1.0575,0.05
3351,0.9475,0.05
3352,1.22625,0.05
3353,0.98,0.05
3354,0.8975000000000001,0.05
3355,1.25,0.05
3356,0.80625,0.05
3357,1.17875,0.05
3358,0.7574999999999998,0.05
3359,1.2125000000000001,0.05
3360,0.4712499999999997,0.05
3361,0.76875,0.05
3362,1.0750000000000002,0.05
3363,0.81375,0.05
3364,0.6162499999999999,0.05
3365,1.18125,0.05
3366,1.1675,0.05
3367,0.04875000000000029,0.05
3368,1.0625,0.05
3369,1.1800000000000002,0.05
3370,0.9737500000000001,0.05
3371,1.18625,0.05
3372,0.9475,0.05
3373,1.4900000000000002,0.05
3374,1.115,0.05
3375,1.22875,0.05
3376,1.1912500000000001,0.05
3377,1.3687500000000001,0.05
3378,-2.866250000000001,0.05
3379,1.28875,0.05
3380,1.15125,0.05
3381,1.14375,0.05
3382,1.18625,0.05
3383,0.7749999999999999,0.05
3384,0.72625,0.05
3385,1.5225,0.05
3386,1.1625,0.05
3387,1.18625,0.05
3388,1.39125,0.05
3389,1.1625,0.05
3390,0.9475,0.05
3391,1.40375,0.05
3392,0.89,0.05
3393,1.2525,0.05
3394,1.33125,0.05
3395,0.89875,0.05
3396,1.1287500000000001,0.05
3397,0.34124999999999983,0.05
3398,1.2437500000000001,0.05
3399,1.02625,0.05
3400,1.1625,0.05
3401,1.07375,0.05
3402,0.90375,0.05
3403,1.0987500000000001,0.05
3404,1.2225000000000001,0.05
3405,0.935,0.05
3406,1.395,0.05
3407,0.9575000000000001,0.05
3408,1.155,0.05
3409,1.33375,0.05
3410,0.6049999999999999,0.05
3411,1.23125,0.05
3412,1.28875,0.05
3413,1.3575000000000002,0.05
3414,0.7487499999999999,0.05
3415,1.23875,0.05
3416,0.3537499999999998,0.05
3417,1.21625,0.05
3418,1.0562500000000001,0.05
3419,1.145,0.05
3420,0.9950000000000001,0.05
3421,0.9712500000000001,0.05
3422,1.41375,0.05
3423,1.28375,0.05
3424,1.0250000000000001,0.05
3425,0.90375,0.05
3426,1.32125,0.05
3427,0.91625,0.05
3428,1.2337500000000001,0.05
3429,1.09,0.05
3430,0.925,0.05
3431,0.86875,0.05
3432,1.19875,0.05
3433,1.1,0.05
3434,1.1812500000000001,0.05
3435,0.9725,0.05
3436,0.98375,0.05
3437,0.8975000000000001,0.05
3438,0.5649999999999998,0.05
3439,1.3575000000000002,0.05
3440,0.7274999999999999,0.05
3441,1.34125,0.05
3442,1.1887500000000002,0.05
3443,1.0550000000000002,0.05
3444,1.28125,0.05
3445,1.235,0.05
3446,0.8775000000000001,0.05
3447,1.18125,0.05
3448,0.81875,0.05
3449,1.2337500000000001,0.05
3450,0.90625,0.05
3451,1.0575,0.05
3452,0.7512499999999999,0.05
3453,1.0012500000000002,0.05
3454,0.9337500000000001,0.05
3455,1.1425,0.05
3456,1.0575,0.05
3457,1.2650000000000001,0.05
3458,1.295,0.05
3459,1.0025,0.05
3460,1.18375,0.05
3461,1.19875,0.05
3462,1.215,0.05
3463,1.51375,0.05
3464,1.01625,0.05
3465,1.01875,0.05
3466,0.9962500000000001,0.05
3467,0.7487499999999999,0.05
3468,1.3250000000000002,0.05
3469,1.1600000000000001,0.05
3470,1.0237500000000002,0.05
3471,1.22125,0.05
3472,1.1300000000000001,0.05
3473,0.93,0.05
3474,0.7875000000000001,0.05
3475,1.485,0.05
3476,0.905,0.05
3477,1.0462500000000001,0.05
3478,1.1500000000000001,0.05
3479,0.865,0.05
3480,1.2225000000000001,0.05
3481,1.485,0.05
3482,1.0425,0.05
3483,1.07375,0.05
3484,1.0437500000000002,0.05
3485,1.4300000000000002,0.05
3486,1.2237500000000001,0.05
3487,1.1812500000000001,0.05
3488,0.8962500000000001,0.05
3489,1.3987500000000002,0.05
3490,1.355,0.05
3491,0.9287500000000001,0.05
3492,1.0175,0.05
3493,1.02125,0.05
3494,1.11,0.05
3495,1.4412500000000001,0.05
3496,0.7875,0.05
3497,1.28375,0.05
3498,1.22125,0.05
3499,1.235,0.05
3500,1.115,0.05
3501,0.8012499999999999,0.05
3502,1.0425,0.05
3503,1.09375,0.05
3504,1.24125,0.05
3505,0.6224999999999998,0.05
3506,1.13375,0.05
3507,1.2775,0.05
3508,0.7699999999999999,0.05
3509,1.2575,0.05
3510,1.41375,0.05
3511,1.4125,0.05
3512,0.8124999999999999,0.05
3513,1.13125,0.05
3514,0.98875,0.05
3515,1.16625,0.05
3516,1.27625,0.05
3517,0.79375,0.05
3518,0.72625,0.05
3519,1.3075,0.05
3520,1.07625,0.05
3521,-0.14749999999999974,0.05
3522,1.23125,0.05
3523,0.9650000000000001,0.05
3524,-0.04499999999999971,0.05
3525,1.1675,0.05
3526,1.02,0.05
3527,1.44375,0.05
3528,1.29875,0.05
3529,1.1062500000000002,0.05
3530,1.3262500000000002,0.05
3531,0.9712500000000001,0.05
3532,1.03875,0.05
3533,0.91625,0.05
3534,-0.7549999999999997,0.05
3535,1.115,0.05
3536,1.06125,0.05
3537,1.08125,0.05
3538,1.48875,0.05
3539,1.2775,0.05
3540,1.0150000000000001,0.05
3541,1.2750000000000001,0.05
3542,1.25875,0.05
3543,0.91125,0.05
3544,1.1425,0.05
3545,1.3987500000000002,0.05
3546,0.3474999999999997,0.05
3547,-0.37124999999999986,0.05
3548,1.24125,0.05
3549,0.22124999999999995,0.05
3550,1.0075,0.05
3551,1.0875000000000001,0.05
3552,0.9825000000000002,0.05
3553,1.08,0.05
3554,0.78,0.05
3555,1.24,0.05
3556,1.21625,0.05
3557,1.09375,0.05
3558,0.94625,0.05
3559,1.045,0.05
3560,1.16625,0.05
3561,1.2337500000000001,0.05
3562,1.0250000000000001,0.05
3563,0.6537499999999998,0.05
3564,1.00625,0.05
3565,1.16625,0.05
3566,1.2825000000000002,0.05
3567,0.9500000000000001,0.05
3568,1.2125000000000001,0.05
3569,1.24875,0.05
3570,0.935,0.05
3571,0.9800000000000001,0.05
3572,1.25875,0.05
3573,1.1487500000000002,0.05
3574,1.0237500000000002,0.05
3575,1.1525,0.05
3576,0.96125,0.05
3577,0.855,0.05
3578,1.155,0.05
3579,1.29125,0.05
3580,0.9737500000000001,0.05
3581,0.9700000000000001,0.05
3582,0.95625,0.05
3583,0.9825000000000002,0.05
3584,1.1125,0.05
3585,1.1925000000000001,0.05
3586,1.2475,0.05
3587,0.6375000000000002,0.05
3588,0.32375,0.05
3589,0.8562500000000001,0.05
3590,1.1500000000000001,0.05
3591,1.2750000000000001,0.05
3592,1.3137500000000002,0.05
3593,1.12375,0.05
3594,1.2625000000000002,0.05
3595,1.27625,0.05
3596,1.22125,0.05
3597,0.5275000000000001,0.05
3598,0.4637499999999998,0.05
3599,1.1062500000000002,0.05
3600,1.2075,0.05
3601,0.40249999999999964,0.05
3602,1.2637500000000002,0.05
3603,1.08,0.05
3604,1.03875,0.05
3605,0.9975,0.05
3606,0.6149999999999999,0.05
3607,0.9450000000000001,0.05
3608,1.185,0.05
3609,1.2437500000000001,0.05
3610,0.96625,0.05
3611,0.875,0.05
3612,1.09375,0.05
3613,1.3462500000000002,0.05
3614,1.47625,0.05
3615,1.1300000000000001,0.05
3616,1.4412500000000001,0.05
3617,1.41375,0.05
3618,1.21,0.05
3619,0.88,0.05
3620,1.4800000000000002,0.05
3621,0.9675,0.05
3622,1.1500000000000001,0.05
3623,1.04,0.05
3624,1.1125,0.05
3625,1.1125,0.05
3626,1.095,0.05
3627,1.16625,0.05
3628,1.1187500000000001,0.05
3629,0.7625,0.05
3630,0.91,0.05
3631,1.02625,0.05
3632,1.13125,0.05
3633,1.2087500000000002,0.05
3634,1.4800000000000002,0.05
3635,1.24125,0.05
3636,1.3462500000000002,0.05
3637,1.15625,0.05
3638,1.295,0.05
3639,1.1675,0.05
3640,0.9425,0.05
3641,0.9712500000000001,0.05
3642,1.0975000000000001,0.05
3643,1.18125,0.05
3644,1.3250000000000002,0.05
3645,0.99,0.05
3646,1.0575,0.05
3647,1.09,0.05
3648,0.9862500000000001,0.05
3649,0.7962499999999999,0.05
3650,1.0625,0.05
3651,0.5499999999999998,0.05
3652,1.1725,0.05
3653,1.26125,0.05
3654,0.87875,0.05
3655,1.0575,0.05
3656,1.0562500000000001,0.05
3657,1.0375,0.05
3658,1.24,0.05
3659,1.19875,0.05
3660,1.2637500000000002,0.05
3661,1.18625,0.05
3662,0.8437500000000001,0.05
3663,1.5037500000000001,0.05
3664,1.225,0.05
3665,1.425,0.05
3666,1.24125,0.05
3667,1.18375,0.05
3668,1.22875,0.05
3669,0.7699999999999999,0.05
3670,0.07250000000000023,0.05
3671,1.3175000000000001,0.05
3672,0.895,0.05
3673,0.6599999999999998,0.05
3674,1.1187500000000001,0.05
3675,1.06875,0.05
3676,1.5,0.05
3677,1.1125,0.05
3678,1.31875,0.05
3679,1.12375,0.05
3680,1.12125,0.05
3681,1.31125,0.05
3682,0.9900000000000001,0.05
3683,1.01875,0.05
3684,1.2025000000000001,0.05
3685,0.90625,0.05
3686,1.1675,0.05
3687,1.215,0.05
3688,0.9,0.05
3689,1.09375,0.05
3690,1.06125,0.05
3691,1.0050000000000001,0.05
3692,1.4000000000000001,0.05
3693,0.7999999999999999,0.05
3694,0.39749999999999974,0.05
3695,1.2650000000000001,0.05
3696,1.1025,0.05
3697,1.315,0.05
3698,1.15,0.05
3699,0.9225000000000001,0.05
3700,0.915,0.05
3701,0.91,0.05
3702,1.385,0.05
3703,1.105,0.05
3704,1.185,0.05
3705,1.01875,0.05
3706,1.0750000000000002,0.05
3707,0.27875000000000005,0.05
3708,1.1487500000000002,0.05
3709,1.08125,0.05
3710,0.91125,0.05
3711,1.25875,0.05
3712,1.1912500000000001,0.05
3713,1.33125,0.05
3714,1.0425,0.05
3715,0.92,0.05
3716,1.06,0.05
3717,0.9025000000000001,0.05
3718,0.9500000000000001,0.05
3719,0.9850000000000001,0.05
3720,1.13625,0.05
3721,1.4412500000000001,0.05
3722,1.48875,0.05
3723,1.24,0.05
3724,0.9337500000000001,0.05
3725,1.195,0.05
3726,1.22625,0.05
3727,1.0875000000000001,0.05
3728,1.4775,0.05
3729,1.13125,0.05
3730,1.13125,0.05
3731,0.9712500000000001,0.05
3732,1.1,0.05
3733,0.9087500000000002,0.05
3734,1.23625,0.05
3735,0.6499999999999998,0.05
3736,1.2175,0.05
3737,0.96625,0.05
3738,1.485,0.05
3739,0.9962500000000001,0.05
3740,1.2937500000000002,0.05
3741,1.3075,0.05
3742,1.28,0.05
3743,1.3325,0.05
3744,0.87875,0.05
3745,1.0012500000000002,0.05
3746,1.38125,0.05
3747,1.2550000000000001,0.05
3748,0.7299999999999999,0.05
3749,1.28125,0.05
3750,1.33,0.05
3751,1.08125,0.05
3752,1.26,0.05
3753,1.0575,0.05
3754,0.88,0.05
3755,0.5237499999999997,0.05
3756,1.43625,0.05
3757,1.07625,0.05
3758,1.0562500000000001,0.05
3759,-0.4237499999999992,0.05
3760,1.21,0.05
3761,1.29125,0.05
3762,1.1175000000000002,0.05
3763,1.0750000000000002,0.05
3764,1.5225000000000002,0.05
3765,1.05125,0.05
3766,0.87875,0.05
3767,0.79375,0.05
3768,1.0425,0.05
3769,1.1675,0.05
3770,1.2862500000000001,0.05
3771,1.0450000000000002,0.05
3772,1.31875,0.05
3773,1.25,0.05
3774,0.87375,0.05
3775,1.07875,0.05
3776,0.3112499999999998,0.05
3777,1.0462500000000001,0.05
3778,1.0137500000000002,0.05
3779,1.1,0.05
3780,1.02,0.05
3781,1.25,0.05
3782,1.215,0.05
3783,1.46375,0.05
3784,1.1187500000000001,0.05
3785,1.295,0.05
3786,1.1287500000000001,0.05
3787,1.2550000000000001,0.05
3788,1.1175000000000002,0.05
3789,1.3,0.05
3790,0.7962500000000001,0.05
3791,1.0987500000000001,0.05
3792,1.1725,0.05
3793,0.98875,0.05
3794,0.91625,0.05
3795,1.4937500000000001,0.05
3796,1.10125,0.05
3797,0.91125,0.05
3798,1.20625,0.05
3799,1.1912500000000001,0.05
3800,1.40375,0.05
3801,1.1912500000000001,0.05
3802,1.09,0.05
3803,1.04,0.05
3804,0.685,0.05
3805,1.23625,0.05
3806,0.4087499999999997,0.05
3807,1.27625,0.05
3808,1.2725,0.05
3809,1.03875,0.05
3810,0.8350000000000001,0.05
3811,1.04875,0.05
3812,1.20375,0.05
3813,1.24125,0.05
3814,1.13125,0.05
3815,1.18875,0.05
3816,1.1475,0.05
3817,1.115,0.05
3818,0.6749999999999998,0.05
3819,1.13125,0.05
3820,1.2550000000000001,0.05
3821,1.2775,0.05
3822,0.9650000000000001,0.05
3823,1.45375,0.05
3824,1.1912500000000001,0.05
3825,1.145,0.05
3826,1.105,0.05
3827,1.1600000000000001,0.05
3828,0.4374999999999998,0.05
3829,0.98875,0.05
3830,1.1425,0.05
3831,1.2025000000000001,0.05
3832,1.25875,0.05
3833,1.425,0.05
3834,1.1125,0.05
3835,1.1,0.05
3836,1.185,0.05
3837,1.24125,0.05
3838,1.0625,0.05
3839,1.36375,0.05
3840,1.0375,0.05
3841,1.3,0.05
3842,1.20375,0.05
3843,0.8175,0.05
3844,1.12375,0.05
3845,1.245,0.05
3846,1.12625,0.05
3847,1.0350000000000001,0.05
3848,-0.6774999999999995,0.05
3849,1.3975,0.05
3850,1.1187500000000001,0.05
3851,1.45375,0.05
3852,1.29875,0.05
3853,1.45375,0.05
3854,1.06,0.05
3855,1.1475,0.05
3856,1.0437500000000002,0.05
3857,0.9900000000000001,0.05
3858,0.825,0.05
3859,1.41875,0.05
3860,0.915,0.05
3861,1.3475000000000001,0.05
3862,0.9400000000000001,0.05
3863,0.7149999999999999,0.05
3864,1.4700000000000002,0.05
3865,1.10125,0.05
3866,1.0987500000000001,0.05
3867,0.825,0.05
3868,1.12125,0.05
3869,1.0237500000000002,0.05
3870,1.245,0.05
3871,1.335,0.05
3872,1.0987500000000001,0.05
3873,1.1712500000000001,0.05
3874,0.9850000000000001,0.05
3875,1.27625,0.05
3876,1.135,0.05
3877,1.1625,0.05
3878,1.03875,0.05
3879,0.9337500000000001,0.05
3880,1.04,0.05
3881,1.1912500000000001,0.05
3882,1.31875,0.05
3883,0.9537500000000001,0.05
3884,1.1912500000000001,0.05
3885,1.16625,0.05
3886,1.16625,0.05
3887,0.8675,0.05
3888,0.94125,0.05
3889,1.0250000000000001,0.05
3890,0.9775,0.05
3891,1.2112500000000002,0.05
3892,1.115,0.05
3893,0.99,0.05
3894,1.20375,0.05
3895,0.8162499999999999,0.05
3896,0.97,0.05
3897,1.12,0.05
3898,1.13375,0.05
3899,1.1725,0.05
3900,1.25875,0.05
3901,1.3175000000000001,0.05
3902,1.50875,0.05
3903,1.485,0.05
3904,1.2225000000000001,0.05
3905,0.9337500000000001,0.05
3906,1.03875,0.05
3907,0.9112500000000001,0.05
3908,1.0150000000000001,0.05
3909,1.26375,0.05
3910,1.0987500000000001,0.05
3911,1.06875,0.05
3912,0.7374999999999999,0.05
3913,0.7462499999999999,0.05
3914,1.0425,0.05
3915,0.3374999999999997,0.05
3916,1.3325,0.05
3917,1.21625,0.05
3918,1.295,0.05
3919,0.6999999999999998,0.05
3920,1.08125,0.05
3921,1.1125,0.05
3922,1.01125,0.05
3923,0.5487499999999997,0.05
3924,1.1925000000000001,0.05
3925,1.19375,0.05
3926,1.0925,0.05
3927,1.2,0.05
3928,1.3475000000000001,0.05
3929,1.23625,0.05
3930,1.1975,0.05
3931,0.8600000000000001,0.05
3932,0.8175,0.05
3933,0.5087499999999997,0.05
3934,1.3175000000000001,0.05
3935,1.39125,0.05
3936,1.145,0.05
3937,0.22999999999999998,0.05
3938,1.1800000000000002,0.05
3939,1.3800000000000001,0.05
3940,1.2175,0.05
3941,1.2750000000000001,0.05
3942,0.96625,0.05
3943,0.9287500000000001,0.05
3944,1.21,0.05
3945,1.2225000000000001,0.05
3946,1.07875,0.05
3947,1.04,0.05
3948,0.32874999999999965,0.05
3949,1.02625,0.05
3950,0.6337499999999999,0.05
3951,1.15625,0.05
3952,0.895,0.05
3953,1.0662500000000001,0.05
3954,1.0075,0.05
3955,0.9337500000000001,0.05
3956,0.8775000000000001,0.05
3957,0.89875,0.05
3958,1.1687500000000002,0.05
3959,1.29125,0.05
3960,1.11,0.05
3961,1.0025,0.05
3962,1.2775,0.05
3963,1.405,0.05
3964,1.2225000000000001,0.05
3965,1.03375,0.05
3966,1.03875,0.05
3967,0.99,0.05
3968,1.3275000000000001,0.05
3969,1.1175000000000002,0.05
3970,1.15,0.05
3971,0.89875,0.05
3972,1.24125,0.05
3973,1.34375,0.05
3974,1.29875,0.05
3975,1.1525,0.05
3976,1.0650000000000002,0.05
3977,1.225,0.05
3978,1.09375,0.05
3979,0.19874999999999998,0.05
3980,0.85625,0.05
3981,0.88375,0.05
3982,1.53125,0.05
3983,1.00875,0.05
3984,1.08875,0.05
3985,0.9912500000000002,0.05
3986,0.9087500000000001,0.05
3987,0.9325000000000001,0.05
3988,1.11875,0.05
3989,1.3362500000000002,0.05
3990,1.3262500000000002,0.05
3991,1.05875,0.05
3992,1.00875,0.05
3993,0.87875,0.05
3994,1.0250000000000001,0.05
3995,0.9287500000000001,0.05
3996,1.3825,0.05
3997,1.0250000000000001,0.05
3998,1.46375,0.05
3999,1.0950000000000002,0.05
4000,1.1612500000000001,0.05
4001,0.82,0.05
4002,0.14375000000000004,0.05
4003,0.9712500000000001,0.05
4004,1.26125,0.05
4005,1.0350000000000001,0.05
4006,1.45,0.05
4007,-0.43624999999999936,0.05
4008,1.14375,0.05
4009,0.8975000000000001,0.05
4010,0.94625,0.05
4011,-0.18374999999999964,0.05
4012,0.90625,0.05
4013,1.02125,0.05
4014,1.2225000000000001,0.05
4015,1.02625,0.05
4016,1.4000000000000001,0.05
4017,1.3825,0.05
4018,1.51375,0.05
4019,0.9525000000000001,0.05
4020,1.23875,0.05
4021,1.0675000000000001,0.05
4022,1.46875,0.05
4023,0.9087500000000001,0.05
4024,1.2175,0.05
4025,0.91,0.05
4026,0.84125,0.05
4027,1.1062500000000002,0.05
4028,1.0050000000000001,0.05
4029,1.1800000000000002,0.05
4030,0.7099999999999999,0.05
4031,0.025000000000000355,0.05
4032,0.9087500000000001,0.05
4033,0.96625,0.05
4034,1.26,0.05
4035,1.1375000000000002,0.05
4036,0.6712499999999999,0.05
4037,1.2275,0.05
4038,0.5212499999999998,0.05
4039,0.78125,0.05
4040,0.7599999999999999,0.05
4041,1.26,0.05
4042,1.2437500000000001,0.05
4043,1.29875,0.05
4044,1.155,0.05
4045,1.1625,0.05
4046,1.1625,0.05
4047,1.07875,0.05
4048,1.1800000000000002,0.05
4049,1.37625,0.05
4050,1.0250000000000001,0.05
4051,1.24125,0.05
4052,1.0625,0.05
4053,0.915,0.05
4054,-0.08499999999999952,0.05
4055,1.0350000000000001,0.05
4056,1.0575,0.05
4057,1.1975,0.05
4058,1.2525,0.05
4059,1.0975000000000001,0.05
4060,0.9175,0.05
4061,1.13125,0.05
4062,1.48625,0.05
4063,0.9712500000000001,0.05
4064,0.9325000000000001,0.05
4065,1.2775,0.05
4066,0.9700000000000001,0.05
4067,1.54125,0.05
4068,0.79875,0.05
4069,1.02,0.05
4070,1.3775,0.05
4071,0.7825,0.05
4072,1.20875,0.05
4073,1.1725,0.05
4074,1.1175000000000002,0.05
4075,1.2775,0.05
4076,1.38625,0.05
4077,0.80375,0.05
4078,1.3587500000000001,0.05
4079,0.9700000000000001,0.05
4080,1.0137500000000002,0.05
4081,1.02125,0.05
4082,1.5687499999999999,0.05
4083,1.0875000000000001,0.05
4084,0.9275000000000001,0.05
4085,1.28,0.05
4086,1.4937500000000001,0.05
4087,1.07,0.05
4088,1.18625,0.05
4089,0.77,0.05
4090,1.0,0.05
4091,0.7549999999999999,0.05
4092,1.5362500000000001,0.05
4093,1.27,0.05
4094,1.1075000000000002,0.05
4095,1.1912500000000001,0.05
4096,0.7537499999999999,0.05
4097,1.1125,0.05
4098,1.165,0.05
4099,1.0375,0.05
4100,0.7587499999999999,0.05
4101,1.02125,0.05
4102,0.9087500000000001,0.05
4103,0.9775,0.05
4104,1.35375,0.05
4105,1.27,0.05
4106,1.225,0.05
4107,0.8212499999999999,0.05
4108,0.3112499999999998,0.05
4109,1.30375,0.05
4110,1.0975000000000001,0.05
4111,1.0550000000000002,0.05
4112,1.31,0.05
4113,1.0,0.05
4114,1.495,0.05
4115,1.2962500000000001,0.05
4116,1.0075,0.05
4117,0.9325000000000001,0.05
4118,1.00625,0.05
4119,1.05,0.05
4120,0.9675,0.05
4121,0.795,0.05
4122,0.78375,0.05
4123,1.245,0.05
4124,0.5649999999999998,0.05
4125,1.2000000000000002,0.05
4126,1.0625,0.05
4127,0.6749999999999998,0.05
4128,1.385,0.05
4129,1.38375,0.05
4130,1.1125,0.05
4131,0.83,0.05
4132,1.0350000000000001,0.05
4133,0.09125000000000005,0.05
4134,1.2775,0.05
4135,1.3325,0.05
4136,1.24125,0.05
4137,1.2725,0.05
4138,0.79375,0.05
4139,1.3887500000000002,0.05
4140,1.245,0.05
4141,1.1500000000000001,0.05
4142,1.33125,0.05
4143,1.2625000000000002,0.05
4144,1.0775000000000001,0.05
4145,1.2550000000000001,0.05
4146,0.4562499999999997,0.05
4147,1.205,0.05
4148,0.73125,0.05
4149,1.20375,0.05
4150,0.82,0.05
4151,1.02,0.05
4152,1.2337500000000001,0.05
4153,1.1725,0.05
4154,1.34375,0.05
4155,1.18625,0.05
4156,1.0250000000000001,0.05
4157,1.15375,0.05
4158,-0.11749999999999972,0.05
4159,1.05,0.05
4160,0.85125,0.05
4161,0.6749999999999998,0.05
4162,1.0437500000000002,0.05
4163,1.20875,0.05
4164,0.99875,0.05
4165,1.1675,0.05
4166,1.13125,0.05
4167,1.185,0.05
4168,1.335,0.05
4169,1.15125,0.05
4170,0.8425,0.05
4171,1.34375,0.05
4172,1.2775,0.05
4173,-2.8675000000000006,0.05
4174,1.02125,0.05
4175,1.02,0.05
4176,1.07375,0.05
4177,1.2850000000000001,0.05
4178,1.1600000000000001,0.05
4179,1.11125,0.05
4180,1.25,0.05
4181,1.085,0.05
4182,1.24,0.05
4183,1.5125000000000002,0.05
4184,1.07625,0.05
4185,1.0075,0.05
4186,1.28875,0.05
4187,1.03375,0.05
4188,1.135,0.05
4189,1.3175000000000001,0.05
4190,1.295,0.05
4191,1.315,0.05
4192,0.9700000000000001,0.05
4193,1.2575,0.05
4194,1.1187500000000001,0.05
4195,1.0437500000000002,0.05
4196,1.0750000000000002,0.05
4197,1.05,0.05
4198,0.8375,0.05
4199,1.06,0.05
4200,1.4625000000000001,0.05
4201,1.01625,0.05
4202,-0.07499999999999973,0.05
4203,1.2012500000000002,0.05
4204,1.1800000000000002,0.05
4205,1.39125,0.05
4206,1.2475,0.05
4207,1.02,0.05
4208,1.33125,0.05
4209,0.93,0.05
4210,0.9687500000000001,0.05
4211,1.1500000000000001,0.05
4212,1.18375,0.05
4213,1.065,0.05
4214,1.1975,0.05
4215,1.20375,0.05
4216,1.20375,0.05
4217,1.235,0.05
4218,1.13375,0.05
4219,1.31875,0.05
4220,1.1,0.05
4221,1.31,0.05
4222,1.24875,0.05
4223,1.0075,0.05
4224,1.1675,0.05
4225,1.02,0.05
4226,1.4000000000000001,0.05
4227,1.02625,0.05
4228,1.14375,0.05
4229,1.155,0.05
4230,1.1725,0.05
4231,1.0562500000000001,0.05
4232,1.0075,0.05
4233,0.875,0.05
4234,1.0987500000000001,0.05
4235,1.13125,0.05
4236,1.0550000000000002,0.05
4237,0.87875,0.05
4238,1.16625,0.05
4239,1.155,0.05
4240,1.0137500000000002,0.05
4241,-0.8962499999999993,0.05
4242,1.0050000000000001,0.05
4243,0.9650000000000001,0.05
4244,1.0575,0.05
4245,1.0575,0.05
4246,1.0625,0.05
4247,1.11125,0.05
4248,1.09,0.05
4249,1.2750000000000001,0.05
4250,1.2225000000000001,0.05
4251,1.31,0.05
4252,1.4575,0.05
4253,0.9187500000000001,0.05
4254,1.0437500000000002,0.05
4255,1.2225000000000001,0.05
4256,0.77,0.05
4257,1.2125000000000001,0.05
4258,1.155,0.05
4259,1.36375,0.05
4260,1.235,0.05
4261,1.3225,0.05
4262,0.5437499999999997,0.05
4263,1.1425,0.05
4264,1.245,0.05
4265,1.2200000000000002,0.05
4266,1.0025,0.05
4267,1.20875,0.05
4268,1.24125,0.05
4269,1.045,0.05
4270,0.87375,0.05
4271,0.9850000000000001,0.05
4272,0.43374999999999986,0.05
4273,1.0012500000000002,0.05
4274,1.08125,0.05
4275,1.02625,0.05
4276,1.2175,0.05
4277,0.6574999999999999,0.05
4278,1.0250000000000001,0.05
4279,1.20625,0.05
4280,0.9675,0.05
4281,1.27125,0.05
4282,1.01875,0.05
4283,0.6762499999999999,0.05
4284,1.23625,0.05
4285,1.3362500000000002,0.05
4286,1.54125,0.05
4287,1.185,0.05
4288,1.2550000000000001,0.05
4289,1.0625,0.05
4290,1.26,0.05
4291,1.1912500000000001,0.05
4292,1.205,0.05
4293,1.2075,0.05
4294,1.32,0.05
4295,1.2650000000000001,0.05
4296,1.15,0.05
4297,1.00875,0.05
4298,0.8900000000000001,0.05
4299,1.19875,0.05
4300,1.1475,0.05
4301,0.9712500000000001,0.05
4302,1.0275,0.05
4303,1.24,0.05
4304,0.86,0.05
4305,1.3250000000000002,0.05
4306,1.24125,0.05
4307,0.5212499999999998,0.05
4308,0.82375,0.05
4309,1.555,0.05
4310,0.27249999999999996,0.05
4311,1.37,0.05
4312,1.1287500000000001,0.05
4313,1.11375,0.05
4314,1.18625,0.05
4315,1.53125,0.05
4316,1.2725,0.05
4317,1.385,0.05
4318,1.40875,0.05
4319,1.2750000000000001,0.05
4320,0.73125,0.05
4321,0.9712500000000002,0.05
4322,1.25875,0.05
4323,1.13125,0.05
4324,1.21625,0.05
4325,0.915,0.05
4326,1.165,0.05
4327,1.1500000000000001,0.05
4328,0.6487499999999998,0.05
4329,1.1600000000000001,0.05
4330,1.5,0.05
4331,1.1725,0.05
4332,1.0025,0.05
4333,0.014999999999999902,0.05
4334,0.7124999999999999,0.05
4335,1.125,0.05
4336,1.2775,0.05
4337,1.45875,0.05
4338,1.27625,0.05
4339,1.1125,0.05
4340,1.1487500000000002,0.05
4341,1.11625,0.05
4342,1.165,0.05
4343,1.185,0.05
4344,0.85875,0.05
4345,1.1675,0.05
4346,1.0550000000000002,0.05
4347,1.0637500000000002,0.05
4348,1.0825,0.05
4349,1.50875,0.05
4350,1.0075,0.05
4351,1.2750000000000001,0.05
4352,1.23875,0.05
4353,1.2775,0.05
4354,1.2750000000000001,0.05
4355,0.39624999999999977,0.05
4356,1.02625,0.05
4357,1.2737500000000002,0.05
4358,0.6599999999999998,0.05
4359,1.21625,0.05
4360,1.2425000000000002,0.05
4361,1.02625,0.05
4362,1.14375,0.05
4363,0.9825000000000002,0.05
4364,1.0462500000000001,0.05
4365,1.2075,0.05
4366,0.48499999999999976,0.05
4367,1.0437500000000002,0.05
4368,1.1725,0.05
4369,0.87375,0.05
4370,1.02,0.05
4371,0.77,0.05
4372,0.90375,0.05
4373,1.07625,0.05
4374,1.00625,0.05
4375,1.34375,0.05
4376,-0.01124999999999976,0.05
4377,1.485,0.05
4378,1.145,0.05
4379,1.3137500000000002,0.05
4380,1.4312500000000001,0.05
4381,1.0925,0.05
4382,0.9650000000000001,0.05
4383,-2.6000000000000005,0.05
4384,1.27,0.05
4385,1.0625,0.05
4386,0.8912500000000001,0.05
4387,1.2825000000000002,0.05
4388,1.0625,0.05
4389,-2.6787500000000004,0.05
4390,1.07625,0.05
4391,1.205,0.05
4392,0.9637500000000001,0.05
4393,1.19,0.05
4394,0.9825000000000002,0.05
4395,1.0237500000000002,0.05
4396,0.7025,0.05
4397,1.00875,0.05
4398,0.020000000000000018,0.05
4399,1.4625000000000001,0.05
4400,0.84125,0.05
4401,1.1,0.05
4402,1.24,0.05
4403,1.23875,0.05
4404,0.9475,0.05
4405,1.2087500000000002,0.05
4406,1.1887500000000002,0.05
4407,1.0975000000000001,0.05
4408,1.215,0.05
4409,1.2000000000000002,0.05
4410,1.4125,0.05
4411,1.0625,0.05
4412,0.915,0.05
4413,1.2725,0.05
4414,1.18375,0.05
4415,1.0775000000000001,0.05
4416,1.22125,0.05
4417,1.21,0.05
4418,0.48499999999999976,0.05
4419,1.18625,0.05
4420,0.69125,0.05
4421,1.03875,0.05
4422,0.7512499999999999,0.05
4423,1.04,0.05
4424,1.0750000000000002,0.05
4425,1.20375,0.05
4426,0.5237499999999997,0.05
4427,0.3374999999999999,0.05
4428,1.17375,0.05
4429,1.3050000000000002,0.05
4430,1.1,0.05
4431,1.045,0.05
4432,2.220446049250313e-16,0.05
4433,1.28125,0.05
4434,1.1375000000000002,0.05
4435,1.0562500000000001,0.05
4436,1.03,0.05
4437,1.3125,0.05
4438,1.1900000000000002,0.05
4439,0.8425,0.05
4440,1.11125,0.05
4441,0.9700000000000001,0.05
4442,1.02,0.05
4443,0.91,0.05
4444,1.33125,0.05
4445,-0.03499999999999992,0.05
4446,1.25875,0.05
4447,1.1675,0.05
4448,1.315,0.05
4449,1.24125,0.05
4450,0.0475000000000001,0.05
4451,1.07875,0.05
4452,1.01,0.05
4453,1.4875,0.05
4454,1.4400000000000002,0.05
4455,0.9325000000000001,0.05
4456,1.54125,0.05
4457,1.1,0.05
4458,0.9850000000000001,0.05
4459,1.02875,0.05
4460,0.9700000000000001,0.05
4461,1.47625,0.05
4462,0.91125,0.05
4463,1.06875,0.05
4464,1.03125,0.05
4465,1.1975,0.05
4466,1.18625,0.05
4467,1.3587500000000001,0.05
4468,1.485,0.05
4469,1.45375,0.05
4470,1.4412500000000001,0.05
4471,1.115,0.05
4472,0.80375,0.05
4473,1.00625,0.05
4474,0.88,0.05
4475,0.5612499999999998,0.05
4476,1.295,0.05
4477,1.3137500000000002,0.05
4478,1.3175000000000001,0.05
4479,1.0375,0.05
4480,1.1400000000000001,0.05
4481,0.5487499999999997,0.05
4482,1.06,0.05
4483,1.19,0.05
4484,1.2575,0.05
4485,0.87375,0.05
4486,1.2750000000000001,0.05
4487,1.0050000000000001,0.05
4488,1.3325,0.05
4489,1.0212500000000002,0.05
4490,1.2837500000000002,0.05
4491,1.1675,0.05
4492,0.98875,0.05
4493,1.1075,0.05
4494,1.155,0.05
4495,1.3575000000000002,0.05
4496,1.18125,0.05
4497,0.6937499999999999,0.05
4498,1.2925,0.05
4499,1.0050000000000001,0.05
4500,0.90625,0.05
4501,0.9087500000000001,0.05
4502,1.0,0.05
4503,-2.7500000000000004,0.05
4504,1.3362500000000002,0.05
4505,1.0975000000000001,0.05
4506,1.02,0.05
4507,1.26125,0.05
4508,1.435,0.05
4509,1.06125,0.05
4510,1.08125,0.05
4511,1.4675,0.05
4512,1.07625,0.05
4513,1.5037500000000001,0.05
4514,0.9500000000000001,0.05
4515,1.1287500000000001,0.05
4516,0.99,0.05
4517,1.01,0.05
4518,1.32875,0.05
4519,1.2775,0.05
4520,1.5274999999999999,0.05
4521,1.3125,0.05
4522,1.07375,0.05
4523,0.2887500000000003,0.05
4524,1.26,0.05
4525,-0.039999999999999813,0.05
4526,1.4412500000000001,0.05
4527,1.07125,0.05
4528,1.415,0.05
4529,1.4225,0.05
4530,1.25875,0.05
4531,1.2850000000000001,0.05
4532,1.1800000000000002,0.05
4533,1.0012500000000002,0.05
4534,1.20375,0.05
4535,1.51375,0.05
4536,0.9875,0.05
4537,1.24,0.05
4538,0.9750000000000001,0.05
4539,0.23249999999999993,0.05
4540,1.53125,0.05
4541,1.2775,0.05
4542,1.1475,0.05
4543,0.6049999999999999,0.05
4544,1.155,0.05
4545,0.9850000000000001,0.05
4546,1.13125,0.05
4547,1.2537500000000001,0.05
4548,1.3800000000000001,0.05
4549,1.095,0.05
4550,1.435,0.05
4551,0.81375,0.05
4552,1.30125,0.05
4553,1.045,0.05
4554,0.5800000000000001,0.05
4555,1.4300000000000002,0.05
4556,1.39125,0.05
4557,0.92,0.05
4558,0.7149999999999999,0.05
4559,0.9325000000000001,0.05
4560,0.9225,0.05
4561,0.86125,0.05
4562,1.19375,0.05
4563,1.0987500000000001,0.05
4564,1.0625,0.05
4565,0.6399999999999999,0.05
4566,0.9800000000000001,0.05
4567,0.81375,0.05
4568,1.34375,0.05
4569,1.46875,0.05
4570,0.9337500000000001,0.05
4571,0.935,0.05
4572,1.0525,0.05
4573,1.555,0.05
4574,1.1487500000000002,0.05
4575,0.6374999999999998,0.05
4576,0.6287499999999998,0.05
4577,0.8925000000000001,0.05
4578,1.385,0.05
4579,1.03875,0.05
4580,1.0012500000000002,0.05
4581,0.7124999999999999,0.05
4582,1.3800000000000001,0.05
4583,1.21,0.05
4584,1.09,0.05
4585,0.935,0.05
4586,1.3362500000000002,0.05
4587,1.31,0.05
4588,1.2425000000000002,0.05
4589,0.8375,0.05
4590,1.085,0.05
4591,1.22125,0.05
4592,1.09375,0.05
4593,1.0675000000000001,0.05
4594,1.41375,0.05
4595,0.18000000000000016,0.05
4596,1.485,0.05
4597,0.7137499999999999,0.05
4598,1.2537500000000001,0.05
4599,1.3175000000000001,0.05
4600,1.3175000000000001,0.05
4601,1.33375,0.05
4602,1.13125,0.05
4603,1.315,0.05
4604,0.91,0.05
4605,0.9950000000000001,0.05
4606,1.20375,0.05
4607,1.07375,0.05
4608,1.1262500000000002,0.05
4609,1.2962500000000001,0.05
4610,0.03000000000000047,0.05
4611,1.245,0.05
4612,0.8049999999999999,0.05
4613,1.1887500000000002,0.05
4614,1.3225,0.05
4615,0.5474999999999999,0.05
4616,1.0525,0.05
4617,1.0475,0.05
4618,1.0987500000000001,0.05
4619,1.18625,0.05
4620,1.30875,0.05
4621,0.8625,0.05
4622,0.96625,0.05
4623,0.85625,0.05
4624,0.8725,0.05
4625,0.42749999999999977,0.05
4626,1.165,0.05
4627,1.0437500000000002,0.05
4628,1.24125,0.05
4629,1.2075,0.05
4630,0.7637499999999999,0.05
4631,1.3775,0.05
4632,1.1625,0.05
4633,1.215,0.05
4634,1.2725,0.05
4635,1.13625,0.05
4636,0.2599999999999998,0.05
4637,1.0275,0.05
4638,0.8925000000000001,0.05
4639,1.38375,0.05
4640,1.02625,0.05
4641,1.0137500000000002,0.05
4642,1.0325000000000002,0.05
4643,1.19,0.05
4644,1.03875,0.05
4645,1.1887500000000002,0.05
4646,1.26125,0.05
4647,1.06875,0.05
4648,1.1,0.05
4649,1.1625,0.05
4650,1.03375,0.05
4651,1.0225,0.05
4652,0.9287500000000001,0.05
4653,1.3362500000000002,0.05
4654,0.8875,0.05
4655,1.375,0.05
4656,1.13375,0.05
4657,1.06875,0.05
4658,0.8975000000000001,0.05
4659,0.81375,0.05
4660,1.385,0.05
4661,0.9600000000000001,0.05
4662,0.87875,0.05
4663,1.15375,0.05
4664,0.80375,0.05
4665,1.045,0.05
4666,1.25,0.05
4667,0.6549999999999998,0.05
4668,1.5450000000000002,0.05
4669,1.24,0.05
4670,1.4775,0.05
4671,1.04,0.05
4672,0.7025,0.05
4673,0.9650000000000001,0.05
4674,1.345,0.05
4675,0.9900000000000001,0.05
4676,1.2637500000000002,0.05
4677,0.9450000000000001,0.05
4678,1.17625,0.05
4679,1.04875,0.05
4680,1.20875,0.05
4681,0.9137500000000001,0.05
4682,1.4600000000000002,0.05
4683,1.27125,0.05
4684,1.18625,0.05
4685,1.08125,0.05
4686,1.38625,0.05
4687,0.5562499999999998,0.05
4688,-3.889999999999999,0.05
4689,1.18625,0.05
4690,0.91625,0.05
4691,1.135,0.05
4692,1.13125,0.05
4693,0.48499999999999965,0.05
4694,0.9812500000000001,0.05
4695,1.1525,0.05
4696,1.245,0.05
4697,0.8375,0.05
4698,0.42249999999999965,0.05
4699,0.8975000000000001,0.05
4700,0.9500000000000001,0.05
4701,1.235,0.05
4702,1.2075,0.05
4703,0.08500000000000019,0.05
4704,0.9687500000000001,0.05
4705,0.98875,0.05
4706,1.42375,0.05
4707,0.865,0.05
4708,1.3137500000000002,0.05
4709,1.0950000000000002,0.05
4710,1.25,0.05
4711,1.09,0.05
4712,1.28375,0.05
4713,0.36624999999999974,0.05
4714,1.2025000000000001,0.05
4715,0.9287500000000001,0.05
4716,1.0325000000000002,0.05
4717,1.0975000000000001,0.05
4718,1.2,0.05
4719,1.1287500000000001,0.05
4720,1.09375,0.05
4721,1.22125,0.05
4722,-2.843750000000001,0.05
4723,0.935,0.05
4724,0.9900000000000001,0.05
4725,1.33,0.05
4726,0.84125,0.05
4727,1.3,0.05
4728,1.40375,0.05
4729,1.1725,0.05
4730,1.12625,0.05
4731,0.9687500000000001,0.05
4732,1.095,0.05
4733,0.9512500000000002,0.05
4734,0.9725000000000001,0.05
4735,1.2075,0.05
4736,0.40124999999999966,0.05
4737,1.13125,0.05
4738,0.7137499999999999,0.05
4739,1.0275,0.05
4740,1.08125,0.05
4741,1.245,0.05
4742,1.13125,0.05
4743,1.0625,0.05
4744,1.1300000000000001,0.05
4745,0.9975,0.05
4746,1.0450000000000002,0.05
4747,0.73125,0.05
4748,1.1525,0.05
4749,1.23625,0.05
4750,0.99,0.05
4751,0.7274999999999999,0.05
4752,1.12375,0.05
4753,0.5124999999999998,0.05
4754,1.2475,0.05
4755,0.9587500000000001,0.05
4756,1.2725,0.05
4757,0.84375,0.05
4758,1.3625,0.05
4759,1.19,0.05
4760,1.25875,0.05
4761,1.49875,0.05
4762,1.08125,0.05
4763,1.17625,0.05
4764,1.1175000000000002,0.05
4765,1.3625,0.05
4766,1.35,0.05
4767,1.385,0.05
4768,1.095,0.05
4769,1.37125,0.05
4770,1.405,0.05
4771,1.02625,0.05
4772,1.28125,0.05
4773,1.0825,0.05
4774,1.19875,0.05
4775,1.06875,0.05
4776,1.12375,0.05
4777,1.0762500000000002,0.05
4778,1.0025,0.05
4779,1.0075,0.05
4780,1.17875,0.05
4781,1.1487500000000002,0.05
4782,1.2,0.05
4783,1.1425,0.05
4784,1.205,0.05
4785,1.13625,0.05
4786,1.0025,0.05
4787,0.9587500000000001,0.05
4788,0.86,0.05
4789,0.8375,0.05
4790,1.155,0.05
4791,0.7350000000000001,0.05
4792,0.98875,0.05
4793,1.0625,0.05
4794,1.2650000000000001,0.05
4795,0.825,0.05
4796,0.6937499999999999,0.05
4797,1.17,0.05
4798,1.0987500000000001,0.05
4799,1.18625,0.05
4800,1.2825000000000002,0.05
4801,1.22125,0.05
4802,1.0237500000000002,0.05
4803,1.11,0.05
4804,1.09375,0.05
4805,0.7549999999999999,0.05
4806,1.0137500000000002,0.05
4807,1.2275,0.05
4808,1.35375,0.05
4809,1.15125,0.05
4810,1.0212500000000002,0.05
4811,1.17625,0.05
4812,1.1500000000000001,0.05
4813,1.08125,0.05
4814,1.02875,0.05
4815,1.21,0.05
4816,1.2712500000000002,0.05
4817,1.28125,0.05
4818,1.1075,0.05
4819,0.84,0.05
4820,1.1075,0.05
4821,1.13375,0.05
4822,1.3,0.05
4823,1.1425,0.05
4824,1.2337500000000001,0.05
4825,1.0987500000000001,0.05
4826,1.07625,0.05
4827,1.28125,0.05
4828,1.13625,0.05
4829,1.2550000000000001,0.05
4830,0.82,0.05
4831,1.1925000000000001,0.05
4832,1.48625,0.05
4833,1.0275,0.05
4834,1.10125,0.05
4835,1.23875,0.05
4836,1.0625,0.05
4837,1.11,0.05
4838,1.1625,0.05
4839,1.315,0.05
4840,0.9737500000000001,0.05
4841,0.8062499999999999,0.05
4842,1.38625,0.05
4843,0.9,0.05
4844,0.9512500000000002,0.05
4845,1.3275000000000001,0.05
4846,1.23875,0.05
4847,0.9162500000000001,0.05
4848,1.07875,0.05
4849,1.15375,0.05
4850,1.13125,0.05
4851,1.225,0.05
4852,1.03125,0.05
4853,0.99875,0.05
4854,1.06,0.05
4855,1.4400000000000002,0.05
4856,1.0550000000000002,0.05
4857,1.3900000000000001,0.05
4858,0.9687500000000001,0.05
4859,0.8237500000000001,0.05
4860,1.1675,0.05
4861,1.1712500000000001,0.05
4862,1.39125,0.05
4863,0.5024999999999996,0.05
4864,1.2725,0.05
4865,0.695,0.05
4866,1.2625000000000002,0.05
4867,1.095,0.05
4868,1.175,0.05
4869,1.3900000000000001,0.05
4870,0.875,0.05
4871,1.2637500000000002,0.05
4872,1.1150000000000002,0.05
4873,0.9850000000000001,0.05
4874,1.33125,0.05
4875,1.12125,0.05
4876,0.86125,0.05
4877,1.24125,0.05
4878,1.2475,0.05
4879,1.1125,0.05
4880,1.55,0.05
4881,0.875,0.05
4882,1.55,0.05
4883,1.205,0.05
4884,1.28125,0.05
4885,1.24,0.05
4886,0.9525000000000001,0.05
4887,1.07,0.05
4888,1.15375,0.05
4889,1.1712500000000001,0.05
4890,1.215,0.05
4891,0.88,0.05
4892,1.205,0.05
4893,1.08125,0.05
4894,1.0575,0.05
4895,1.3262500000000002,0.05
4896,1.2225000000000001,0.05
4897,1.3175000000000001,0.05
4898,1.25,0.05
4899,1.2437500000000001,0.05
4900,1.4937500000000001,0.05
4901,1.02625,0.05
4902,1.08,0.05
4903,1.2962500000000001,0.05
4904,1.4175,0.05
4905,1.1075,0.05
4906,1.11625,0.05
4907,0.83,0.05
4908,1.28125,0.05
4909,1.245,0.05
4910,1.1,0.05
4911,1.07625,0.05
4912,0.9750000000000001,0.05
4913,1.4775,0.05
4914,1.34125,0.05
4915,0.7549999999999999,0.05
4916,0.7749999999999999,0.05
4917,1.09375,0.05
4918,1.44875,0.05
4919,1.4725000000000001,0.05
4920,1.01625,0.05
4921,1.5037500000000001,0.05
4922,1.09375,0.05
4923,0.935,0.05
4924,0.6524999999999999,0.05
4925,1.33125,0.05
4926,1.38625,0.05
4927,1.245,0.05
4928,1.1325,0.05
4929,1.29,0.05
4930,0.8975000000000001,0.05
4931,1.1875,0.05
4932,0.8925000000000001,0.05
4933,1.0037500000000001,0.05
4934,1.235,0.05
4935,1.01875,0.05
4936,0.9275000000000001,0.05
4937,1.26,0.05
4938,1.34125,0.05
4939,0.88,0.05
4940,1.2775,0.05
4941,1.08875,0.05
4942,0.84125,0.05
4943,1.1900000000000002,0.05
4944,1.335,0.05
4945,1.25875,0.05
4946,1.2025000000000001,0.05
4947,0.8862500000000001,0.05
4948,0.1100000000000001,0.05
4949,0.7324999999999998,0.05
4950,1.04,0.05
4951,1.1300000000000001,0.05
4952,1.0825,0.05
4953,0.7637499999999999,0.05
4954,-0.0762499999999997,0.05
4955,1.095,0.05
4956,1.4225,0.05
4957,1.41375,0.05
4958,1.21,0.05
4959,1.2725000000000002,0.05
4960,-2.836250000000001,0.05
4961,0.795,0.05
4962,1.0550000000000002,0.05
4963,1.145,0.05
4964,1.24125,0.05
4965,0.19999999999999996,0.05
4966,1.1500000000000001,0.05
4967,1.20625,0.05
4968,0.5424999999999998,0.05
4969,1.03875,0.05
4970,1.2437500000000001,0.05
4971,1.5225000000000002,0.05
4972,1.3275000000000001,0.05
4973,0.8925000000000001,0.05
4974,1.095,0.05
4975,1.40875,0.05
4976,1.02875,0.05
4977,1.1500000000000001,0.05
4978,1.1912500000000001,0.05
4979,1.4575,0.05
4980,1.2737500000000002,0.05
4981,0.72125,0.05
4982,0.7799999999999999,0.05
4983,0.7049999999999998,0.05
4984,1.13125,0.05
4985,1.07,0.05
4986,1.13625,0.05
4987,1.1125,0.05
4988,0.85625,0.05
4989,1.25,0.05
4990,0.5424999999999998,0.05
4991,1.205,0.05
4992,1.125,0.05
4993,1.2337500000000001,0.05
4994,1.1675,0.05
4995,1.24125,0.05
4996,1.27,0.05
4997,1.23625,0.05
4998,1.28875,0.05
4999,0.9537500000000001,0.05
5000,1.22875,0.05
