episode,reward,epsilon
1,-3.088750000000002,0.5
2,-3.042500000000001,0.4975
3,-3.2462500000000016,0.4950125
4,-3.0537500000000004,0.4925374375
5,-2.9325000000000006,0.49007475031250003
6,-3.1599999999999997,0.48762437656093754
7,-2.9150000000000014,0.48518625467813287
8,-3.30625,0.4827603234047422
9,-3.0512500000000005,0.4803465217877185
10,-3.0512500000000005,0.47794478917877986
11,-3.1512500000000014,0.47555506523288593
12,-3.012500000000001,0.4731772899067215
13,-2.8725,0.47081140345718786
14,-3.036250000000001,0.46845734643990194
15,-3.063750000000001,0.46611505970770245
16,-2.971250000000001,0.4637844844091639
17,-2.8025000000000007,0.4614655619871181
18,-2.9825000000000017,0.4591582341771825
19,-2.9562500000000003,0.4568624430062966
20,-3.030000000000001,0.4545781307912651
21,-2.9762500000000007,0.4523052401373088
22,-3.0399999999999996,0.45004371393662224
23,-2.971250000000001,0.44779349536693913
24,-3.025000000000001,0.4455545278901044
25,-2.895000000000001,0.4433267552506539
26,-3.006250000000001,0.44111012147440065
27,-2.9150000000000005,0.43890457086702866
28,-3.002499999999999,0.43671004801269353
29,-3.085000000000001,0.4345264977726301
30,-3.0200000000000014,0.4323538652837669
31,-3.1300000000000012,0.4301920959573481
32,-3.111250000000001,0.42804113547756134
33,-2.960000000000001,0.4259009298001735
34,-3.035,0.42377142515117266
35,-2.9112500000000012,0.4216525680254168
36,-2.9500000000000006,0.4195443051852897
37,-3.0425000000000013,0.4174465836593632
38,-3.0350000000000006,0.4153593507410664
39,-3.346250000000002,0.4132825539873611
40,-2.84625,0.4112161412174243
41,-3.178750000000001,0.40916006051133713
42,-2.995,0.40711426020878044
43,-2.9675000000000002,0.4050786889077365
44,-2.956250000000001,0.40305329546319785
45,-3.0800000000000014,0.40103802898588187
46,-2.971250000000001,0.3990328388409525
47,-3.6062500000000024,0.3970376746467477
48,-3.310000000000001,0.39505248627351397
49,-2.8037500000000004,0.3930772238421464
50,-3.1337500000000014,0.3911118377229357
51,-3.0387500000000007,0.389156278534321
52,-2.9975000000000005,0.3872104971416494
53,-2.8475000000000015,0.38527444465594113
54,-2.7887500000000007,0.38334807243266145
55,-2.92625,0.3814313320704981
56,-2.840000000000001,0.3795241754101456
57,-3.010000000000001,0.37762655453309485
58,-3.0400000000000014,0.3757384217604294
59,-2.9700000000000015,0.3738597296516272
60,-3.0475000000000017,0.3719904310033691
61,-3.018750000000001,0.37013047884835226
62,0.55,0.3682798264541105
63,0.9337500000000001,0.36643842732183995
64,-3.066250000000001,0.3646062351852308
65,-2.8200000000000007,0.36278320400930464
66,-2.8737500000000007,0.3609692879892581
67,-2.6987500000000004,0.3591644415493118
68,-3.0400000000000014,0.3573686193415653
69,-2.9900000000000007,0.35558177624485743
70,-2.9750000000000014,0.3538038673636331
71,-3.0450000000000004,0.35203484802681495
72,-3.020000000000001,0.35027467378668087
73,-3.0612500000000007,0.3485233004177475
74,-2.9600000000000013,0.34678068391565875
75,-3.2412500000000017,0.34504678049608045
76,-2.8337500000000007,0.34332154659360004
77,-2.888750000000001,0.34160493886063203
78,-3.113750000000001,0.3398969141663289
79,-3.0287500000000014,0.33819742959549726
80,-2.9987499999999994,0.33650644244751976
81,-2.9462500000000005,0.3348239102352822
82,-3.0137500000000004,0.3331497906841058
83,-3.173750000000002,0.33148404173068524
84,-2.921250000000001,0.3298266215220318
85,-3.1775,0.3281774884144216
86,-2.9174999999999995,0.3265366009723495
87,-2.9725,0.32490391796748774
88,-3.020000000000001,0.3232793983776503
89,-2.958750000000001,0.32166300138576204
90,-3.3387499999999997,0.3200546863788332
91,-3.0200000000000014,0.31845441294693905
92,-2.905,0.3168621408822043
93,-2.8875,0.3152778301777933
94,-2.866250000000001,0.31370144102690434
95,-3.14875,0.3121329338217698
96,1.13125,0.31057226915266095
97,-2.9200000000000004,0.30901940780689763
98,-3.2200000000000006,0.30747431076786313
99,-2.966250000000001,0.3059369392140238
100,-2.893750000000001,0.3044072545179537
101,-3.1262500000000015,0.3028852182453639
102,-3.0275000000000003,0.3013707921541371
103,-3.0100000000000007,0.29986393819336643
104,-2.7925000000000004,0.2983646185023996
105,-2.7925000000000004,0.2968727954098876
106,-2.9900000000000007,0.29538843143283816
107,-2.77875,0.29391148927567395
108,-2.980000000000001,0.29244193182929556
109,-2.7537500000000006,0.2909797221701491
110,-2.9200000000000004,0.28952482355929837
111,-3.0212500000000015,0.2880771994415019
112,-3.0175000000000014,0.28663681344429437
113,-3.118750000000001,0.2852036293770729
114,-2.8937500000000003,0.2837776112301875
115,0.2749999999999997,0.2823587231740366
116,-2.7937500000000006,0.2809469295581664
117,-2.8850000000000002,0.2795421949103756
118,-2.8900000000000006,0.2781444839358237
119,-2.902500000000001,0.27675376151614456
120,1.26625,0.2753699927085638
121,-3.002499999999999,0.273993142745021
122,-2.811250000000001,0.2726231770312959
123,-2.965000000000001,0.27126006114613943
124,-2.8400000000000007,0.26990376084040874
125,-3.05125,0.2685542420362067
126,-2.7787500000000005,0.26721147082602564
127,-2.873750000000001,0.2658754134718955
128,-2.830000000000001,0.26454603640453606
129,-2.7600000000000007,0.2632233062225134
130,-0.0024999999999992806,0.2619071896914008
131,-2.9712500000000013,0.2605976537429438
132,-2.7600000000000002,0.2592946654742291
133,-2.9250000000000007,0.25799819214685793
134,-2.836250000000001,0.25670820118612364
135,-2.950000000000001,0.255424660180193
136,-3.0025000000000013,0.25414753687929204
137,-2.803750000000001,0.2528767991948956
138,-3.152500000000001,0.2516124151989211
139,-2.8800000000000012,0.2503543531229265
140,-2.912500000000001,0.24910258135731184
141,-2.8774999999999995,0.24785706845052527
142,-2.9425000000000012,0.24661778310827265
143,-2.942500000000001,0.2453846941927313
144,-2.7562500000000005,0.24415777072176764
145,-2.7500000000000004,0.2429369818681588
146,-2.7300000000000004,0.241722296958818
147,-2.82875,0.2405136854740239
148,-2.866250000000001,0.23931111704665378
149,-2.9087500000000004,0.23811456146142052
150,-2.9537500000000008,0.2369239886541134
151,-2.9312500000000012,0.23573936871084283
152,-2.8287500000000008,0.23456067186728863
153,-2.880000000000001,0.23338786850795218
154,-2.9162500000000007,0.23222092916541243
155,0.69125,0.23105982451958537
156,-2.9450000000000007,0.22990452539698744
157,-2.9425000000000012,0.2287550027700025
158,-2.8550000000000004,0.22761122775615247
159,-2.80375,0.2264731716173717
160,-2.968750000000001,0.22534080575928486
161,-2.9162500000000007,0.22421410173048845
162,-2.9612500000000006,0.223093031221836
163,-2.865,0.2219775660657268
164,-2.7975000000000008,0.22086767823539816
165,-3.0200000000000005,0.21976333984422117
166,-2.8200000000000003,0.21866452314500007
167,-0.9687499999999998,0.21757120052927506
168,-2.846250000000001,0.21648334452662868
169,-2.781250000000001,0.21540092780399553
170,-3.1612500000000012,0.21432392316497556
171,-2.9150000000000005,0.21325230354915067
172,-0.5949999999999991,0.21218604203140493
173,-0.5562499999999992,0.2111251118212479
174,-2.9287500000000013,0.21006948626214167
175,-2.8662500000000004,0.20901913883083095
176,-2.9037500000000005,0.2079740431366768
177,-2.931250000000001,0.20693417292099342
178,-2.7825000000000006,0.20589950205638846
179,-2.9650000000000007,0.20487000454610652
180,-2.8000000000000007,0.20384565452337597
181,-2.7687500000000007,0.20282642625075908
182,-2.960000000000001,0.2018122941195053
183,-2.8650000000000007,0.20080323264890776
184,-2.8550000000000004,0.1997992164856632
185,-2.925,0.1988002204032349
186,-2.761250000000001,0.19780621930121872
187,-2.8725000000000005,0.19681718820471264
188,-2.7987500000000014,0.19583310226368908
189,-2.893750000000001,0.19485393675237064
190,-2.9725000000000015,0.1938796670686088
191,-2.922500000000001,0.19291026873326575
192,1.1300000000000001,0.19194571738959942
193,-3.047500000000001,0.1909859888026514
194,-2.775000000000001,0.19003105885863816
195,-0.02375000000000016,0.18908090356434498
196,-2.792500000000001,0.18813549904652327
197,-2.7850000000000006,0.18719482155129066
198,-2.9700000000000006,0.18625884744353421
199,-2.818750000000001,0.18532755320631655
200,-2.7737500000000006,0.18440091544028497
201,-2.99875,0.18347891086308354
202,-2.8775000000000004,0.18256151630876813
203,-2.9750000000000005,0.1816487087272243
204,-2.9162500000000007,0.1807404651835882
205,-2.7987500000000005,0.17983676285767025
206,-2.931250000000001,0.1789375790433819
207,-2.9350000000000005,0.178042891148165
208,-2.972500000000001,0.17715267669242415
209,-2.8862500000000004,0.17626691330896202
210,-2.950000000000001,0.1753855787424172
211,-2.873750000000001,0.17450865084870512
212,-2.8300000000000005,0.1736361075944616
213,-2.8925000000000005,0.1727679270564893
214,-2.8187500000000005,0.17190408742120686
215,-2.73625,0.1710445669841008
216,-2.7975000000000003,0.1701893441491803
217,0.04249999999999998,0.1693383974284344
218,-0.9712500000000002,0.16849170544129222
219,-2.8475000000000006,0.16764924691408575
220,-0.4274999999999993,0.16681100067951532
221,-2.9412500000000006,0.16597694567611773
222,0.3287499999999999,0.16514706094773715
223,-2.830000000000001,0.16432132564299848
224,-2.7312500000000006,0.1634997190147835
225,-2.837500000000001,0.1626822204197096
226,-2.836250000000001,0.16186880931761105
227,-2.8612500000000005,0.161059465271023
228,-2.837500000000001,0.16025416794466787
229,-2.843750000000001,0.15945289710494454
230,-2.848750000000001,0.1586556326194198
231,-2.85625,0.1578623544563227
232,-2.7800000000000007,0.1570730426840411
233,-2.9037500000000005,0.1562876774706209
234,-2.9112500000000003,0.15550623908326777
235,-2.831250000000001,0.15472870788785142
236,-2.8625000000000007,0.15395506434841216
237,-2.923750000000001,0.1531852890266701
238,-2.7487500000000007,0.15241936258153677
239,-2.8600000000000008,0.1516572657686291
240,-2.9987500000000016,0.15089897943978595
241,-2.8612500000000005,0.15014448454258703
242,-3.170000000000002,0.1493937621198741
243,-2.9162500000000007,0.14864679330927472
244,-2.806250000000001,0.14790355934272834
245,0.6949999999999998,0.1471640415460147
246,-2.875000000000001,0.14642822133828462
247,-2.9237500000000014,0.1456960802315932
248,-2.761250000000001,0.14496759983043522
249,-2.8675000000000006,0.14424276183128304
250,-2.6500000000000004,0.14352154802212663
251,-2.775000000000001,0.142803940282016
252,-2.811250000000001,0.14208992058060593
253,-2.800000000000001,0.1413794709777029
254,-2.8425000000000007,0.14067257362281438
255,-2.855000000000001,0.1399692107547003
256,-2.85,0.13926936470092682
257,1.125,0.13857301787742218
258,-2.7487500000000007,0.13788015278803506
259,-2.6800000000000006,0.1371907520240949
260,-2.8437500000000004,0.1365047982639744
261,-2.8000000000000007,0.13582227427265453
262,-2.7800000000000007,0.13514316290129125
263,-2.7900000000000005,0.1344674470867848
264,-2.9725000000000015,0.13379510985135087
265,-3.0587500000000016,0.1331261343020941
266,-2.916250000000001,0.13246050363058365
267,-2.8600000000000008,0.13179820111243074
268,-2.940000000000001,0.13113921010686858
269,-2.881250000000001,0.13048351405633424
270,0.63,0.12983109648605257
271,0.7849999999999999,0.1291819410036223
272,-2.7500000000000004,0.1285360312986042
273,0.80875,0.12789335114211117
274,0.4474999999999998,0.12725388438640062
275,-2.9000000000000012,0.1266176149644686
276,-2.7800000000000007,0.12598452688964626
277,-2.961250000000001,0.12535460425519804
278,-2.9425000000000012,0.12472783123392205
279,-2.912500000000001,0.12410419207775243
280,-3.0100000000000016,0.12348367111736366
281,-2.950000000000001,0.12286625276177685
282,-0.4487499999999993,0.12225192149796796
283,-2.841250000000001,0.12164066189047812
284,-2.8587500000000006,0.12103245858102572
285,-2.9112500000000003,0.1204272962881206
286,-2.818750000000001,0.11982515980668
287,-2.8300000000000005,0.1192260340076466
288,-2.836250000000001,0.11862990383760837
289,-2.7112500000000006,0.11803675431842033
290,-2.892500000000001,0.11744657054682822
291,-2.7875000000000005,0.11685933769409408
292,0.4987499999999999,0.11627504100562361
293,-2.9987500000000016,0.1156936658005955
294,-3.2162499999999996,0.11511519747159252
295,-2.8862500000000004,0.11453962148423455
296,-2.9712500000000013,0.11396692337681337
297,-3.1750000000000003,0.11339708875992931
298,-2.7362500000000005,0.11283010331612967
299,-2.8775,0.11226595279954901
300,-3.00625,0.11170462303555127
301,-3.1275000000000017,0.11114609992037351
302,-2.6500000000000004,0.11059036942077165
303,-2.875000000000001,0.11003741757366779
304,-2.961250000000001,0.10948723048579945
305,-3.0525000000000015,0.10893979433337045
306,-2.881250000000001,0.1083950953617036
307,-2.9937500000000017,0.10785311988489507
308,-2.852500000000001,0.10731385428547059
309,-2.905000000000001,0.10677728501404324
310,-2.9837500000000015,0.10624339858897303
311,-2.9912500000000013,0.10571218159602816
312,-2.840000000000001,0.10518362068804801
313,-2.7600000000000007,0.10465770258460777
314,-2.7875000000000005,0.10413441407168474
315,-2.987500000000001,0.10361374200132631
316,0.12749999999999995,0.10309567329131968
317,-2.891250000000001,0.10258019492486307
318,-2.7487500000000002,0.10206729395023875
319,-2.850000000000001,0.10155695748048756
320,-0.6724999999999992,0.10104917269308512
321,-2.855000000000001,0.1005439268296197
322,1.0325000000000002,0.1000412071954716
323,-3.1,0.09954100115949424
324,-2.650000000000001,0.09904329615369677
325,-0.5337499999999993,0.09854807967292828
326,-2.65,0.09805533927456364
327,-2.897500000000001,0.09756506257819082
328,1.1787500000000002,0.09707723726529986
329,-2.8562500000000006,0.09659185107897336
330,-0.5487499999999992,0.0961088918235785
331,-2.8625000000000007,0.0956283473644606
332,-2.875000000000001,0.0951502056276383
333,-2.9487500000000013,0.09467445459950011
334,-2.930000000000001,0.09420108232650261
335,-0.3362499999999995,0.09373007691487009
336,-2.900000000000001,0.09326142653029575
337,-2.881250000000001,0.09279511939764427
338,-2.905000000000001,0.09233114380065605
339,-2.903750000000001,0.09186948808165277
340,-2.90625,0.0914101406412445
341,-2.8912500000000008,0.09095308993803829
342,-2.843750000000001,0.09049832448834809
343,-2.8537500000000007,0.09004583286590635
344,-2.950000000000001,0.08959560370157682
345,-2.830000000000001,0.08914762568306893
346,-2.825,0.08870188755465358
347,1.0025,0.08825837811688031
348,-2.8000000000000003,0.0878170862262959
349,-3.0287500000000014,0.08737800079516442
350,-2.898750000000001,0.08694111079118859
351,-2.837500000000001,0.08650640523723264
352,-2.850000000000001,0.08607387321104648
353,-3.0287500000000014,0.08564350384499125
354,-2.7787500000000005,0.08521528632576629
355,-0.7750000000000001,0.08478920989413746
356,-2.930000000000001,0.08436526384466678
357,-3.1637500000000007,0.08394343752544345
358,-2.905000000000001,0.08352372033781623
359,-2.867500000000001,0.08310610173612715
360,-2.980000000000001,0.08269057122744651
361,-2.862500000000001,0.08227711837130927
362,-2.81625,0.08186573277945272
363,-2.812500000000001,0.08145640411555546
364,-2.935000000000001,0.08104912209497768
365,-2.886250000000001,0.08064387648450279
366,-3.0100000000000016,0.08024065710208027
367,-2.842500000000001,0.07983945381656987
368,-2.8112500000000007,0.07944025654748703
369,0.6212499999999999,0.0790430552647496
370,-2.893750000000001,0.07864783998842585
371,-2.7562500000000005,0.07825460078848372
372,-2.848750000000001,0.0778633277845413
373,-2.881250000000001,0.0774740111456186
374,-2.7487500000000002,0.07708664108989051
375,-2.806250000000001,0.07670120788444106
376,-3.2312500000000015,0.07631770184501885
377,-2.912500000000001,0.07593611333579375
378,-0.029999999999999805,0.07555643276911478
379,-2.5875000000000004,0.07517865060526921
380,-2.9350000000000014,0.07480275735224286
381,-2.817500000000001,0.07442874356548164
382,-0.9200000000000002,0.07405659984765423
383,-0.30624999999999947,0.07368631684841595
384,-2.9050000000000007,0.07331788526417388
385,-2.8312500000000007,0.07295129583785301
386,-2.8937500000000003,0.07258653935866374
387,-2.9425000000000012,0.07222360666187043
388,1.0025,0.07186248862856108
389,-2.9800000000000013,0.07150317618541828
390,-2.7500000000000004,0.07114566030449118
391,-2.912500000000001,0.07078993200296872
392,-2.8250000000000006,0.07043598234295388
393,-2.823750000000001,0.07008380243123911
394,-2.930000000000001,0.06973338341908292
395,-2.8562500000000006,0.0693847165019875
396,-2.961250000000001,0.06903779291947756
397,-2.7800000000000002,0.06869260395488018
398,-2.71125,0.06834914093510577
399,-2.7937499999999993,0.06800739523043024
400,-2.806250000000001,0.0676673582542781
401,-2.7375000000000007,0.0673290214630067
402,-2.806250000000001,0.06699237635569168
403,-2.9125,0.06665741447391321
404,-3.5787500000000008,0.06632412740154364
405,-2.8250000000000006,0.06599250676453593
406,-2.9312500000000012,0.06566254423071324
407,1.1975,0.06533423150955968
408,-2.8812500000000005,0.06500756035201188
409,-2.817500000000001,0.06468252255025182
410,-2.918750000000001,0.06435910993750056
411,-2.8362500000000006,0.06403731438781306
412,0.15874999999999995,0.06371712781587399
413,0.2749999999999999,0.06339854217679462
414,-2.6125,0.06308154946591064
415,-2.8000000000000003,0.0627661417185811
416,-2.881250000000001,0.06245231100998819
417,-2.8725000000000005,0.06214004945493825
418,1.1712500000000001,0.06182934920766356
419,-2.9237500000000005,0.06152020246162524
420,-2.868750000000001,0.06121260144931712
421,-3.020000000000001,0.06090653844207053
422,-3.055000000000001,0.060602005749860174
423,-2.8250000000000006,0.06029899572111087
424,-2.812500000000001,0.059997500742505316
425,-2.8250000000000006,0.05969751323879279
426,-2.7562500000000005,0.059399025672598825
427,-2.923750000000001,0.05910203054423583
428,-2.806250000000001,0.05880652039151465
429,-3.3549999999999986,0.058512487789557074
430,-3.053750000000001,0.05821992535060929
431,-2.7937500000000006,0.05792882572385624
432,-2.9250000000000003,0.05763918159523696
433,-2.900000000000001,0.057350985687260776
434,-0.9412500000000004,0.05706423075882447
435,-2.968750000000001,0.05677890960503035
436,-2.7000000000000006,0.056495015057005195
437,1.4300000000000002,0.05621253998172017
438,-2.7687500000000007,0.05593147728181157
439,-2.8562500000000006,0.05565181989540251
440,-2.9050000000000007,0.055373560795925494
441,-2.9312500000000012,0.05509669299194587
442,-2.8600000000000008,0.05482120952698614
443,-2.767500000000001,0.054547103479351204
444,-2.8562500000000006,0.05427436796195445
445,-3.4074999999999993,0.05400299612214468
446,-2.7500000000000004,0.05373298114153396
447,-2.9312500000000012,0.05346431623582629
448,1.51375,0.05319699465464715
449,-2.9687500000000013,0.05293100968137392
450,1.08125,0.052666354632967045
451,-0.08499999999999974,0.05240302285980221
452,-2.855000000000001,0.0521410077455032
453,-2.9125,0.05188030270677568
454,-2.7237500000000003,0.0516209011932418
455,-2.6500000000000004,0.05136279668727559
456,-2.850000000000001,0.05110598270383922
457,-2.95,0.05085045279032002
458,-2.9800000000000013,0.05059620052636842
459,-2.8000000000000003,0.050343219523736576
460,-1.0787499999999997,0.050091503426117893
461,-2.9125,0.05
462,-2.905000000000001,0.05
463,-2.806250000000001,0.05
464,-2.843750000000001,0.05
465,1.35,0.05
466,-2.781250000000001,0.05
467,-2.843750000000001,0.05
468,-2.9000000000000012,0.05
469,-2.818750000000001,0.05
470,-2.861250000000001,0.05
471,-2.9125000000000005,0.05
472,-2.892500000000001,0.05
473,-2.893750000000001,0.05
474,-2.7487500000000007,0.05
475,-3.74375,0.05
476,-2.825000000000001,0.05
477,-3.107499999999999,0.05
478,-2.881250000000001,0.05
479,-2.7562500000000005,0.05
480,-2.818750000000001,0.05
481,-2.843750000000001,0.05
482,-1.0537500000000002,0.05
483,-2.9600000000000013,0.05
484,-2.5875000000000004,0.05
485,-2.9037500000000014,0.05
486,-2.893750000000001,0.05
487,-2.8487500000000012,0.05
488,-0.12124999999999941,0.05
489,1.0450000000000002,0.05
490,-0.4399999999999993,0.05
491,-0.6737499999999998,0.05
492,-2.961250000000001,0.05
493,-2.825000000000001,0.05
494,-1.150000000000001,0.05
495,0.007500000000000062,0.05
496,-2.6987500000000004,0.05
497,-2.7687500000000007,0.05
498,-2.7875000000000005,0.05
499,-2.8750000000000004,0.05
500,-0.4399999999999993,0.05
501,-3.0112500000000004,0.05
502,1.0150000000000001,0.05
503,-2.7500000000000004,0.05
504,-2.7612500000000004,0.05
505,0.4199999999999997,0.05
506,0.84,0.05
507,-0.5499999999999994,0.05
508,-0.4849999999999992,0.05
509,-0.6949999999999996,0.05
510,-2.850000000000001,0.05
511,-3.6550000000000002,0.05
512,-0.8424999999999996,0.05
513,-2.7687500000000007,0.05
514,-3.4887500000000022,0.05
515,1.0637500000000002,0.05
516,-2.9300000000000006,0.05
517,-2.7250000000000005,0.05
518,0.02375000000000016,0.05
519,0.18999999999999995,0.05
520,-3.1862500000000002,0.05
521,-2.8312500000000007,0.05
522,-2.7987499999999996,0.05
523,-2.7187500000000004,0.05
524,-2.912500000000001,0.05
525,-3.591249999999999,0.05
526,-2.8125000000000013,0.05
527,0.03000000000000025,0.05
528,1.0462500000000001,0.05
529,1.1300000000000001,0.05
530,1.0212500000000002,0.05
531,0.9700000000000001,0.05
532,-2.9912500000000013,0.05
533,-2.8937500000000007,0.05
534,-0.35499999999999954,0.05
535,0.7324999999999999,0.05
536,-0.5949999999999995,0.05
537,-2.7125000000000004,0.05
538,-2.9312500000000012,0.05
539,-2.900000000000001,0.05
540,0.9062500000000001,0.05
541,-2.9275000000000015,0.05
542,-2.912500000000001,0.05
543,-2.900000000000001,0.05
544,0.5549999999999997,0.05
545,0.13874999999999993,0.05
546,-2.8312500000000007,0.05
547,-2.843750000000001,0.05
548,-2.823750000000001,0.05
549,-2.912500000000001,0.05
550,0.6499999999999998,0.05
551,-2.81875,0.05
552,-2.8775000000000004,0.05
553,-2.9187499999999993,0.05
554,0.03375000000000017,0.05
555,0.8175,0.05
556,-2.830000000000001,0.05
557,-2.830000000000001,0.05
558,-2.910000000000001,0.05
559,0.18625000000000025,0.05
560,-0.5074999999999992,0.05
561,-2.7737500000000006,0.05
562,-2.817500000000001,0.05
563,-2.918750000000001,0.05
564,-2.7375000000000007,0.05
565,0.81875,0.05
566,0.3537499999999998,0.05
567,-2.798750000000001,0.05
568,-2.892500000000001,0.05
569,-2.948750000000001,0.05
570,-2.9425000000000012,0.05
571,-0.9450000000000005,0.05
572,-2.8562500000000006,0.05
573,-3.434999999999999,0.05
574,-3.2237500000000017,0.05
575,-3.6062500000000006,0.05
576,-2.7625000000000006,0.05
577,0.03000000000000025,0.05
578,-2.9462500000000005,0.05
579,-2.7500000000000004,0.05
580,-2.9875000000000016,0.05
581,-2.881250000000001,0.05
582,-2.8912500000000008,0.05
583,-2.837500000000001,0.05
584,-2.7175000000000002,0.05
585,-0.10499999999999954,0.05
586,1.0750000000000002,0.05
587,-2.968750000000001,0.05
588,-2.9050000000000007,0.05
589,-2.886250000000001,0.05
590,-2.8187500000000005,0.05
591,-2.892500000000001,0.05
592,-2.8300000000000005,0.05
593,-2.8400000000000007,0.05
594,-0.7699999999999998,0.05
595,-2.7362500000000005,0.05
596,-3.2650000000000023,0.05
597,0.5787499999999998,0.05
598,-0.9725000000000004,0.05
599,-2.7562500000000005,0.05
600,-2.9187500000000015,0.05
601,-2.718750000000001,0.05
602,0.9825000000000002,0.05
603,-0.5012499999999993,0.05
604,-2.8737499999999994,0.05
605,-2.7562500000000005,0.05
606,1.32125,0.05
607,0.6487499999999998,0.05
608,-2.843750000000001,0.05
609,-2.8050000000000006,0.05
610,-2.980000000000001,0.05
611,-2.862500000000001,0.05
612,-2.723750000000001,0.05
613,-2.817500000000001,0.05
614,0.4512499999999997,0.05
615,-0.18249999999999966,0.05
616,1.0425,0.05
617,-0.3499999999999994,0.05
618,-2.8562500000000006,0.05
619,-2.950000000000001,0.05
620,-3.066250000000001,0.05
621,-2.7250000000000005,0.05
622,0.3537499999999998,0.05
623,0.7475,0.05
624,1.05,0.05
625,-0.845,0.05
626,-2.9725000000000015,0.05
627,-2.930000000000001,0.05
628,-2.6300000000000003,0.05
629,-2.9312500000000012,0.05
630,-2.8550000000000004,0.05
631,0.010000000000000231,0.05
632,-2.792500000000001,0.05
633,0.5049999999999997,0.05
634,-2.7875000000000005,0.05
635,-3.1900000000000013,0.05
636,-2.806250000000001,0.05
637,-0.8849999999999996,0.05
638,0.6099999999999998,0.05
639,1.315,0.05
640,-0.1599999999999997,0.05
641,0.7137499999999999,0.05
642,-2.8550000000000004,0.05
643,-2.892500000000001,0.05
644,1.23875,0.05
645,-2.825000000000001,0.05
646,-2.8000000000000007,0.05
647,-2.8625000000000007,0.05
648,0.90375,0.05
649,-2.9912500000000013,0.05
650,-2.961250000000001,0.05
651,0.3712500000000001,0.05
652,-2.7562500000000005,0.05
653,-0.586249999999999,0.05
654,-2.8000000000000007,0.05
655,-2.775,0.05
656,0.5974999999999999,0.05
657,0.7449999999999999,0.05
658,-2.8425000000000007,0.05
659,-2.886250000000001,0.05
660,-0.4424999999999992,0.05
661,-2.9799999999999995,0.05
662,-2.8087500000000003,0.05
663,1.0425,0.05
664,-4.0387499999999985,0.05
665,-2.9875,0.05
666,-2.950000000000001,0.05
667,-2.9125000000000014,0.05
668,0.31374999999999953,0.05
669,-2.8775000000000004,0.05
670,-3.0062500000000005,0.05
671,-2.835000000000001,0.05
672,-0.47874999999999934,0.05
673,-2.912500000000001,0.05
674,0.9637500000000001,0.05
675,0.6524999999999999,0.05
676,0.8925000000000001,0.05
677,-2.861250000000001,0.05
678,-2.812500000000001,0.05
679,-2.7687500000000007,0.05
680,-2.931250000000001,0.05
681,-3.0025000000000004,0.05
682,-3.8049999999999993,0.05
683,-0.009999999999999787,0.05
684,-3.0700000000000016,0.05
685,-2.850000000000001,0.05
686,-3.673749999999999,0.05
687,0.89875,0.05
688,-2.5875,0.05
689,-2.9912500000000013,0.05
690,-2.883750000000001,0.05
691,-2.8737500000000007,0.05
692,-0.7837500000000002,0.05
693,-2.7875000000000005,0.05
694,-2.837500000000001,0.05
695,-2.6675,0.05
696,-2.8112500000000007,0.05
697,-1.3812499999999994,0.05
698,-0.36874999999999947,0.05
699,-1.3837499999999994,0.05
700,-2.8425000000000007,0.05
701,-0.07874999999999988,0.05
702,1.28375,0.05
703,0.13250000000000006,0.05
704,-0.009999999999999787,0.05
705,-0.2312499999999995,0.05
706,-2.862500000000001,0.05
707,-2.897500000000001,0.05
708,-2.900000000000001,0.05
709,-2.7587500000000005,0.05
710,0.3424999999999998,0.05
711,-2.830000000000001,0.05
712,-2.9825000000000013,0.05
713,0.8425,0.05
714,-2.64875,0.05
715,-0.10499999999999954,0.05
716,0.6799999999999999,0.05
717,-2.8625000000000007,0.05
718,1.1287500000000001,0.05
719,0.05500000000000016,0.05
720,-2.8750000000000013,0.05
721,0.47374999999999967,0.05
722,1.1075000000000002,0.05
723,-2.7875000000000005,0.05
724,-2.825000000000001,0.05
725,-2.8425000000000007,0.05
726,0.86625,0.05
727,0.9837500000000001,0.05
728,0.1100000000000001,0.05
729,1.12,0.05
730,-0.0762499999999997,0.05
731,0.9825000000000002,0.05
732,-2.900000000000001,0.05
733,-2.86625,0.05
734,1.06,0.05
735,-2.900000000000001,0.05
736,-0.08374999999999977,0.05
737,-2.7987500000000005,0.05
738,1.17375,0.05
739,0.05625000000000013,0.05
740,1.37125,0.05
741,0.04875000000000007,0.05
742,-2.7937500000000006,0.05
743,-0.1537499999999994,0.05
744,-2.848750000000001,0.05
745,-2.6750000000000007,0.05
746,-2.8562500000000006,0.05
747,0.7274999999999999,0.05
748,-2.881250000000001,0.05
749,-2.825000000000001,0.05
750,-2.775000000000001,0.05
751,-2.781250000000001,0.05
752,-0.7599999999999996,0.05
753,0.13000000000000012,0.05
754,-2.7425,0.05
755,-0.6424999999999992,0.05
756,-3.0312500000000013,0.05
757,-1.6825000000000003,0.05
758,-1.2912500000000016,0.05
759,-1.5400000000000014,0.05
760,-2.900000000000001,0.05
761,1.0175,0.05
762,-1.1937500000000012,0.05
763,0.20875,0.05
764,-2.893750000000001,0.05
765,-2.7312500000000006,0.05
766,-2.873750000000001,0.05
767,-3.252499999999999,0.05
768,-3.4349999999999996,0.05
769,-2.842500000000001,0.05
770,-2.9462500000000014,0.05
771,-2.8562500000000006,0.05
772,0.7099999999999999,0.05
773,1.0562500000000001,0.05
774,0.33624999999999994,0.05
775,-2.8562500000000006,0.05
776,-0.9612500000000004,0.05
777,-3.017500000000001,0.05
778,0.46999999999999975,0.05
779,1.28125,0.05
780,-3.163749999999999,0.05
781,-2.912500000000001,0.05
782,1.1800000000000002,0.05
783,-0.40999999999999925,0.05
784,-3.3525000000000014,0.05
785,-2.786250000000001,0.05
786,-2.843750000000001,0.05
787,-0.7762499999999999,0.05
788,-0.6037499999999991,0.05
789,-4.139999999999999,0.05
790,-0.3112499999999996,0.05
791,-2.953750000000001,0.05
792,-2.61875,0.05
793,-1.0250000000000006,0.05
794,0.5799999999999998,0.05
795,1.215,0.05
796,0.9575,0.05
797,1.5037500000000001,0.05
798,-0.7149999999999992,0.05
799,1.49875,0.05
800,-0.9975000000000012,0.05
801,0.9287500000000001,0.05
802,1.03875,0.05
803,-0.02874999999999983,0.05
804,-2.8862500000000013,0.05
805,0.3462499999999997,0.05
806,0.43249999999999966,0.05
807,-2.907500000000001,0.05
808,0.30999999999999983,0.05
809,0.0924999999999998,0.05
810,-0.8412499999999998,0.05
811,-0.9800000000000002,0.05
812,-2.9562500000000003,0.05
813,0.48499999999999965,0.05
814,0.5374999999999998,0.05
815,-0.3399999999999994,0.05
816,0.8925000000000001,0.05
817,0.4562499999999997,0.05
818,0.6287499999999998,0.05
819,1.02125,0.05
820,1.54125,0.05
821,0.2749999999999999,0.05
822,0.5424999999999998,0.05
823,1.1125,0.05
824,0.3899999999999997,0.05
825,-3.4700000000000024,0.05
826,-0.35249999999999937,0.05
827,-2.806250000000001,0.05
828,0.7749999999999999,0.05
829,-0.11499999999999955,0.05
830,0.7700000000000001,0.05
831,-3.102500000000001,0.05
832,0.2537499999999999,0.05
833,0.885,0.05
834,0.7137499999999999,0.05
835,1.0025,0.05
836,1.3262500000000002,0.05
837,1.18375,0.05
838,1.1687500000000002,0.05
839,0.32999999999999985,0.05
840,1.02625,0.05
841,0.9537500000000001,0.05
842,1.205,0.05
843,0.13624999999999998,0.05
844,1.315,0.05
845,0.3899999999999997,0.05
846,1.0375,0.05
847,-2.9325000000000006,0.05
848,0.8625,0.05
849,-0.6999999999999995,0.05
850,-0.46874999999999933,0.05
851,1.19875,0.05
852,-3.0800000000000005,0.05
853,-2.6812500000000004,0.05
854,-3.141250000000001,0.05
855,1.0950000000000002,0.05
856,0.6199999999999998,0.05
857,-0.7887500000000001,0.05
858,-2.893750000000001,0.05
859,0.011249999999999982,0.05
860,-0.18874999999999975,0.05
861,0.19625000000000004,0.05
862,-2.806250000000001,0.05
863,-2.89875,0.05
864,-2.7500000000000004,0.05
865,-2.75625,0.05
866,-2.8562500000000006,0.05
867,-2.7000000000000006,0.05
868,-0.08624999999999972,0.05
869,-2.69875,0.05
870,-2.9162500000000007,0.05
871,-0.2624999999999995,0.05
872,0.7637499999999999,0.05
873,-0.039999999999999813,0.05
874,1.32125,0.05
875,1.065,0.05
876,1.08125,0.05
877,1.1612500000000001,0.05
878,-2.7862500000000012,0.05
879,0.6762499999999999,0.05
880,0.7349999999999999,0.05
881,-2.900000000000001,0.05
882,1.0925,0.05
883,-2.817500000000001,0.05
884,0.6349999999999999,0.05
885,-3.083750000000001,0.05
886,0.5024999999999997,0.05
887,-1.1025000000000007,0.05
888,-2.7875000000000005,0.05
889,-3.1387499999999995,0.05
890,0.8475,0.05
891,0.91,0.05
892,0.6962499999999998,0.05
893,-3.1637500000000007,0.05
894,-0.24874999999999914,0.05
895,-2.862500000000001,0.05
896,0.86,0.05
897,0.84,0.05
898,0.48499999999999965,0.05
899,-2.7500000000000004,0.05
900,0.7449999999999999,0.05
901,1.27125,0.05
902,1.05875,0.05
903,-1.0450000000000006,0.05
904,1.13125,0.05
905,-0.32624999999999926,0.05
906,1.00625,0.05
907,1.19,0.05
908,-2.856250000000001,0.05
909,-2.9725000000000015,0.05
910,1.0250000000000001,0.05
911,-2.806250000000001,0.05
912,-2.9187499999999993,0.05
913,-0.6912499999999995,0.05
914,0.03375000000000017,0.05
915,-2.88,0.05
916,0.9475,0.05
917,0.7149999999999999,0.05
918,0.6149999999999999,0.05
919,1.1887500000000002,0.05
920,1.0762500000000002,0.05
921,0.29500000000000015,0.05
922,-2.843750000000001,0.05
923,1.0362500000000001,0.05
924,-3.050000000000001,0.05
925,-0.1699999999999997,0.05
926,-3.886249999999999,0.05
927,1.0212500000000002,0.05
928,1.11125,0.05
929,1.24,0.05
930,0.9162500000000001,0.05
931,0.6287499999999999,0.05
932,1.4400000000000002,0.05
933,-0.09374999999999956,0.05
934,0.27249999999999996,0.05
935,-2.8912500000000008,0.05
936,1.11,0.05
937,-2.868750000000001,0.05
938,1.00625,0.05
939,0.14625,0.05
940,1.32125,0.05
941,0.3112499999999998,0.05
942,0.3187500000000001,0.05
943,-2.7500000000000004,0.05
944,0.10875000000000012,0.05
945,0.9725,0.05
946,0.57125,0.05
947,0.8775000000000001,0.05
948,0.9775,0.05
949,0.9600000000000001,0.05
950,0.8925000000000001,0.05
951,-3.696250000000001,0.05
952,-0.6612499999999992,0.05
953,1.07375,0.05
954,1.1487500000000002,0.05
955,0.64125,0.05
956,0.75125,0.05
957,1.0987500000000001,0.05
958,-0.1387499999999997,0.05
959,1.0437500000000002,0.05
960,1.0175,0.05
961,0.90125,0.05
962,-2.848750000000001,0.05
963,0.3162499999999999,0.05
964,1.0550000000000002,0.05
965,0.5612499999999998,0.05
966,-1.9574999999999996,0.05
967,0.3837499999999998,0.05
968,0.6149999999999998,0.05
969,0.5025,0.05
970,1.11,0.05
971,1.02625,0.05
972,1.2750000000000001,0.05
973,-3.4299999999999993,0.05
974,-0.017499999999999627,0.05
975,0.6912499999999999,0.05
976,0.6762499999999999,0.05
977,1.00625,0.05
978,-3.606250000000001,0.05
979,1.0750000000000002,0.05
980,-0.9375000000000002,0.05
981,0.6399999999999999,0.05
982,1.2437500000000001,0.05
983,-2.893750000000001,0.05
984,-1.130000000000001,0.05
985,1.1675,0.05
986,0.5212499999999998,0.05
987,1.2212500000000002,0.05
988,0.7512499999999999,0.05
989,1.07125,0.05
990,0.96625,0.05
991,0.47624999999999984,0.05
992,0.76875,0.05
993,-0.11624999999999952,0.05
994,1.0425,0.05
995,0.05500000000000016,0.05
996,0.9712500000000001,0.05
997,-0.8625,0.05
998,0.3474999999999997,0.05
999,0.6524999999999999,0.05
1000,-0.4649999999999992,0.05
1001,1.335,0.05
1002,-0.9187500000000004,0.05
1003,-0.4137499999999994,0.05
1004,0.8375,0.05
1005,0.5099999999999997,0.05
1006,0.34124999999999983,0.05
1007,0.8912500000000001,0.05
1008,1.06,0.05
1009,0.2537499999999999,0.05
1010,0.9925000000000002,0.05
1011,0.8925000000000001,0.05
1012,0.41625,0.05
1013,1.0250000000000001,0.05
1014,0.8787500000000001,0.05
1015,0.22875,0.05
1016,-0.5262499999999992,0.05
1017,1.1287500000000001,0.05
1018,1.3625,0.05
1019,1.3325,0.05
1020,-2.848750000000001,0.05
1021,1.15375,0.05
1022,1.0637500000000002,0.05
1023,0.83625,0.05
1024,0.8425,0.05
1025,0.9087500000000001,0.05
1026,0.5387499999999997,0.05
1027,0.5312499999999998,0.05
1028,1.0425,0.05
1029,0.695,0.05
1030,0.7312500000000001,0.05
1031,1.1175000000000002,0.05
1032,0.87875,0.05
1033,0.7099999999999999,0.05
1034,1.0025,0.05
1035,-0.5512499999999994,0.05
1036,0.9425000000000001,0.05
1037,0.6024999999999998,0.05
1038,0.4149999999999996,0.05
1039,0.7262499999999998,0.05
1040,0.9850000000000001,0.05
1041,-2.7062500000000007,0.05
1042,-0.21999999999999953,0.05
1043,0.7074999999999999,0.05
1044,0.5449999999999998,0.05
1045,1.1162500000000002,0.05
1046,1.38625,0.05
1047,0.88125,0.05
1048,0.9712500000000001,0.05
1049,0.8375,0.05
1050,0.84375,0.05
1051,0.6349999999999999,0.05
1052,-0.6437499999999996,0.05
1053,-0.12999999999999967,0.05
1054,0.06624999999999992,0.05
1055,0.825,0.05
1056,1.4900000000000002,0.05
1057,-0.23624999999999963,0.05
1058,0.6849999999999998,0.05
1059,0.9325000000000001,0.05
1060,1.0150000000000001,0.05
1061,1.2425000000000002,0.05
1062,1.0762500000000002,0.05
1063,0.895,0.05
1064,1.37,0.05
1065,0.6199999999999998,0.05
1066,1.0562500000000001,0.05
1067,1.1500000000000001,0.05
1068,0.6599999999999999,0.05
1069,0.80125,0.05
1070,-0.9300000000000004,0.05
1071,0.84375,0.05
1072,1.0825,0.05
1073,-0.04249999999999976,0.05
1074,-2.7612500000000004,0.05
1075,1.1975,0.05
1076,0.3287499999999999,0.05
1077,-0.10374999999999956,0.05
1078,0.9287500000000001,0.05
1079,0.4212499999999999,0.05
1080,0.5575000000000002,0.05
1081,1.09375,0.05
1082,-1.0887500000000003,0.05
1083,0.90375,0.05
1084,0.4924999999999998,0.05
1085,1.04125,0.05
1086,0.4099999999999999,0.05
1087,0.14875000000000038,0.05
1088,0.1200000000000001,0.05
1089,-2.7300000000000004,0.05
1090,-0.9550000000000003,0.05
1091,0.9175000000000001,0.05
1092,1.15375,0.05
1093,1.0100000000000002,0.05
1094,0.7562499999999999,0.05
1095,1.455,0.05
1096,-0.9550000000000003,0.05
1097,0.6162499999999999,0.05
1098,1.0437500000000002,0.05
1099,-2.912500000000001,0.05
1100,0.012500000000000622,0.05
1101,0.935,0.05
1102,0.6287499999999999,0.05
1103,0.9700000000000001,0.05
1104,0.47624999999999984,0.05
1105,1.06875,0.05
1106,-2.830000000000001,0.05
1107,0.825,0.05
1108,1.0150000000000001,0.05
1109,0.5687499999999998,0.05
1110,1.0425,0.05
1111,1.0875000000000001,0.05
1112,1.33125,0.05
1113,1.27,0.05
1114,1.0137500000000002,0.05
1115,1.03875,0.05
1116,0.7699999999999999,0.05
1117,1.13625,0.05
1118,-0.5074999999999994,0.05
1119,0.5599999999999998,0.05
1120,0.7674999999999998,0.05
1121,0.5449999999999998,0.05
1122,-2.817500000000001,0.05
1123,0.825,0.05
1124,0.9337500000000001,0.05
1125,0.7224999999999998,0.05
1126,1.0337500000000002,0.05
1127,0.6125,0.05
1128,0.47624999999999973,0.05
1129,1.205,0.05
1130,-2.7562500000000005,0.05
1131,1.19,0.05
1132,0.9712500000000001,0.05
1133,-2.9000000000000012,0.05
1134,1.1625,0.05
1135,-0.20249999999999968,0.05
1136,1.2625000000000002,0.05
1137,-0.05249999999999999,0.05
1138,-3.0100000000000016,0.05
1139,1.05,0.05
1140,-0.22124999999999972,0.05
1141,-2.7187500000000004,0.05
1142,0.3774999999999997,0.05
1143,0.7949999999999999,0.05
1144,0.6837499999999999,0.05
1145,1.25875,0.05
1146,0.4824999999999998,0.05
1147,-2.881250000000001,0.05
1148,-0.20999999999999952,0.05
1149,0.17999999999999994,0.05
1150,1.0350000000000001,0.05
1151,1.0975000000000001,0.05
1152,-2.79375,0.05
1153,0.4574999999999997,0.05
1154,0.3374999999999997,0.05
1155,1.18375,0.05
1156,1.18375,0.05
1157,1.0750000000000002,0.05
1158,0.08500000000000019,0.05
1159,-0.15124999999999944,0.05
1160,0.0950000000000002,0.05
1161,0.82,0.05
1162,0.9825000000000002,0.05
1163,0.93625,0.05
1164,1.49,0.05
1165,1.13375,0.05
1166,-2.931250000000001,0.05
1167,0.8075,0.05
1168,-2.806250000000001,0.05
1169,1.03875,0.05
1170,0.815,0.05
1171,0.7262500000000001,0.05
1172,0.4562499999999996,0.05
1173,-0.66625,0.05
1174,-2.9500000000000006,0.05
1175,0.89625,0.05
1176,0.5812499999999998,0.05
1177,0.885,0.05
1178,0.5674999999999998,0.05
1179,-0.2987499999999996,0.05
1180,0.9475,0.05
1181,0.8625,0.05
1182,0.9475,0.05
1183,-2.956250000000001,0.05
1184,1.0075,0.05
1185,1.1300000000000001,0.05
1186,0.79625,0.05
1187,0.92,0.05
1188,0.84125,0.05
1189,1.0562500000000001,0.05
1190,1.0037500000000001,0.05
1191,0.8250000000000001,0.05
1192,1.22875,0.05
1193,0.5712499999999998,0.05
1194,0.3674999999999997,0.05
1195,0.2812499999999998,0.05
1196,0.4399999999999997,0.05
1197,0.7487499999999999,0.05
1198,1.1287500000000001,0.05
1199,1.2475,0.05
1200,0.47374999999999967,0.05
1201,0.47499999999999976,0.05
1202,0.6599999999999998,0.05
1203,1.05,0.05
1204,0.72875,0.05
1205,0.855,0.05
1206,1.3162500000000001,0.05
1207,0.7649999999999999,0.05
1208,1.1887500000000002,0.05
1209,0.2274999999999998,0.05
1210,0.6224999999999998,0.05
1211,1.5274999999999999,0.05
1212,0.7074999999999999,0.05
1213,-2.818750000000001,0.05
1214,-0.28749999999999964,0.05
1215,0.5874999999999998,0.05
1216,1.02,0.05
1217,1.0025,0.05
1218,1.14375,0.05
1219,1.0637500000000002,0.05
1220,0.5999999999999998,0.05
1221,1.0437500000000002,0.05
1222,1.03875,0.05
1223,-1.1125000000000005,0.05
1224,0.9962500000000001,0.05
1225,0.905,0.05
1226,0.96125,0.05
1227,0.87,0.05
1228,1.12125,0.05
1229,1.00625,0.05
1230,1.15375,0.05
1231,0.9237500000000001,0.05
1232,0.23249999999999993,0.05
1233,-2.867500000000001,0.05
1234,0.0462499999999999,0.05
1235,0.3424999999999998,0.05
1236,1.12625,0.05
1237,0.915,0.05
1238,-1.030000000000001,0.05
1239,1.07,0.05
1240,0.9637500000000001,0.05
1241,1.0037500000000001,0.05
1242,1.4000000000000001,0.05
1243,1.2925,0.05
1244,0.9225000000000001,0.05
1245,0.3949999999999998,0.05
1246,1.145,0.05
1247,0.8912500000000001,0.05
1248,1.495,0.05
1249,-2.8287500000000008,0.05
1250,0.9637500000000001,0.05
1251,0.5374999999999999,0.05
1252,1.11,0.05
1253,1.2437500000000001,0.05
1254,0.9687500000000001,0.05
1255,1.2225000000000001,0.05
1256,1.00875,0.05
1257,1.3362500000000002,0.05
1258,-2.850000000000001,0.05
1259,1.2437500000000001,0.05
1260,0.3949999999999998,0.05
1261,0.935,0.05
1262,1.3575000000000002,0.05
1263,0.7875,0.05
1264,1.1300000000000001,0.05
1265,0.5474999999999997,0.05
1266,1.1375000000000002,0.05
1267,-2.8487500000000012,0.05
1268,0.8324999999999999,0.05
1269,0.5262499999999998,0.05
1270,0.1399999999999999,0.05
1271,0.98875,0.05
1272,0.8862500000000001,0.05
1273,0.67875,0.05
1274,-2.893750000000001,0.05
1275,0.7749999999999999,0.05
1276,1.135,0.05
1277,0.7099999999999999,0.05
1278,0.4662499999999996,0.05
1279,0.9287500000000001,0.05
1280,0.37249999999999983,0.05
1281,1.04,0.05
1282,1.01625,0.05
1283,0.9637500000000001,0.05
1284,1.08875,0.05
1285,1.1800000000000002,0.05
1286,1.07875,0.05
1287,-0.004999999999999893,0.05
1288,1.02,0.05
1289,1.0987500000000001,0.05
1290,0.875,0.05
1291,1.5225000000000002,0.05
1292,0.5174999999999997,0.05
1293,0.81875,0.05
1294,0.82375,0.05
1295,0.815,0.05
1296,0.9487500000000001,0.05
1297,1.375,0.05
1298,1.08125,0.05
1299,1.1887500000000002,0.05
1300,0.5312499999999997,0.05
1301,0.7512500000000001,0.05
1302,1.40375,0.05
1303,-2.7125000000000004,0.05
1304,-2.873750000000001,0.05
1305,0.42749999999999977,0.05
1306,0.7825,0.05
1307,1.38375,0.05
1308,1.1525,0.05
1309,0.99,0.05
1310,0.7599999999999999,0.05
1311,1.01125,0.05
1312,1.1025,0.05
1313,0.96125,0.05
1314,0.825,0.05
1315,0.5312499999999997,0.05
1316,1.0,0.05
1317,1.0375,0.05
1318,0.81375,0.05
1319,0.5549999999999997,0.05
1320,0.9725000000000001,0.05
1321,-0.7087499999999995,0.05
1322,0.83,0.05
1323,1.04,0.05
1324,1.0575,0.05
1325,1.0237500000000002,0.05
1326,-0.4274999999999993,0.05
1327,0.8787500000000001,0.05
1328,0.33999999999999986,0.05
1329,-0.9412500000000004,0.05
1330,0.7949999999999999,0.05
1331,1.04125,0.05
1332,0.99,0.05
1333,0.9787500000000001,0.05
1334,1.3,0.05
1335,0.5887499999999998,0.05
1336,0.5262499999999998,0.05
1337,-0.30999999999999917,0.05
1338,0.7274999999999999,0.05
1339,-0.14124999999999965,0.05
1340,0.85375,0.05
1341,1.0637500000000002,0.05
1342,1.29125,0.05
1343,-0.4074999999999991,0.05
1344,0.96625,0.05
1345,0.7350000000000001,0.05
1346,1.155,0.05
1347,-0.5012499999999993,0.05
1348,0.9850000000000001,0.05
1349,0.9537500000000001,0.05
1350,0.95875,0.05
1351,0.9425,0.05
1352,-2.8225000000000007,0.05
1353,-2.9312500000000012,0.05
1354,0.36999999999999966,0.05
1355,-2.855000000000001,0.05
1356,-0.5187499999999992,0.05
1357,1.07125,0.05
1358,1.115,0.05
1359,1.1300000000000001,0.05
1360,1.20375,0.05
1361,1.1775,0.05
1362,1.2225000000000001,0.05
1363,0.3462499999999997,0.05
1364,0.9900000000000001,0.05
1365,0.5237499999999997,0.05
1366,-0.3299999999999996,0.05
1367,1.0237500000000002,0.05
1368,0.18249999999999988,0.05
1369,0.9512500000000002,0.05
1370,0.19999999999999996,0.05
1371,1.18625,0.05
1372,0.885,0.05
1373,0.6674999999999999,0.05
1374,0.815,0.05
1375,0.5824999999999998,0.05
1376,1.06,0.05
1377,1.3975,0.05
1378,1.295,0.05
1379,1.09375,0.05
1380,1.1600000000000001,0.05
1381,1.3,0.05
1382,-0.4699999999999993,0.05
1383,1.26,0.05
1384,0.9287500000000001,0.05
1385,0.5674999999999998,0.05
1386,1.0025,0.05
1387,0.82,0.05
1388,0.90625,0.05
1389,-2.7875000000000005,0.05
1390,0.6550000000000002,0.05
1391,0.3224999999999998,0.05
1392,-2.9025000000000007,0.05
1393,1.145,0.05
1394,-0.8412499999999998,0.05
1395,0.9975,0.05
1396,1.0462500000000001,0.05
1397,0.84875,0.05
1398,1.2275,0.05
1399,1.02,0.05
1400,0.48999999999999977,0.05
1401,1.27625,0.05
1402,0.9162500000000001,0.05
1403,0.5137499999999997,0.05
1404,1.0375,0.05
1405,0.6149999999999999,0.05
1406,0.9512500000000002,0.05
1407,1.08,0.05
1408,0.9825000000000002,0.05
1409,0.9962500000000001,0.05
1410,1.00625,0.05
1411,1.16625,0.05
1412,1.23625,0.05
1413,0.5437499999999997,0.05
1414,1.115,0.05
1415,-2.7300000000000004,0.05
1416,0.7749999999999999,0.05
1417,0.5949999999999998,0.05
1418,0.5074999999999997,0.05
1419,-0.14749999999999952,0.05
1420,1.2437500000000001,0.05
1421,1.0987500000000001,0.05
1422,1.0925,0.05
1423,1.145,0.05
1424,0.9850000000000001,0.05
1425,0.96625,0.05
1426,0.7699999999999999,0.05
1427,0.84125,0.05
1428,-2.7800000000000007,0.05
1429,0.7099999999999999,0.05
1430,1.15375,0.05
1431,0.09750000000000014,0.05
1432,0.88125,0.05
1433,1.0637500000000002,0.05
1434,0.9962500000000001,0.05
1435,0.9712500000000001,0.05
1436,1.24,0.05
1437,1.1300000000000001,0.05
1438,-0.029999999999999805,0.05
1439,0.9600000000000001,0.05
1440,1.1925000000000001,0.05
1441,-2.79875,0.05
1442,-0.8437499999999998,0.05
1443,0.3949999999999996,0.05
1444,0.34874999999999967,0.05
1445,-2.7312500000000006,0.05
1446,0.2487499999999998,0.05
1447,1.0237500000000002,0.05
1448,-0.8550000000000002,0.05
1449,-2.930000000000001,0.05
1450,-0.6599999999999995,0.05
1451,0.73625,0.05
1452,0.03500000000000014,0.05
1453,0.9175000000000001,0.05
1454,0.80125,0.05
1455,1.00875,0.05
1456,-0.9262499999999994,0.05
1457,0.6487499999999998,0.05
1458,0.3987499999999997,0.05
1459,0.4712499999999996,0.05
1460,-2.9112500000000012,0.05
1461,0.5374999999999998,0.05
1462,0.5424999999999998,0.05
1463,0.9112500000000001,0.05
1464,0.91625,0.05
1465,0.5449999999999997,0.05
1466,-0.22999999999999954,0.05
1467,0.79375,0.05
1468,0.87875,0.05
1469,0.6412499999999998,0.05
1470,-2.825000000000001,0.05
1471,0.9500000000000001,0.05
1472,0.9850000000000001,0.05
1473,0.9837500000000001,0.05
1474,0.2549999999999999,0.05
1475,1.125,0.05
1476,0.9287500000000001,0.05
1477,-2.8000000000000007,0.05
1478,-0.4087499999999995,0.05
1479,0.6899999999999998,0.05
1480,0.49624999999999964,0.05
1481,-0.8512500000000001,0.05
1482,1.0,0.05
1483,-2.7375000000000007,0.05
1484,1.3175000000000001,0.05
1485,1.05125,0.05
1486,0.81875,0.05
1487,0.7299999999999999,0.05
1488,0.6774999999999999,0.05
1489,0.8225,0.05
1490,0.4712499999999996,0.05
1491,0.7649999999999999,0.05
1492,0.7512499999999999,0.05
1493,0.5599999999999998,0.05
1494,0.7274999999999999,0.05
1495,1.12375,0.05
1496,0.88,0.05
1497,1.03375,0.05
1498,0.2999999999999998,0.05
1499,0.9475000000000001,0.05
1500,1.4575,0.05
1501,0.9837500000000001,0.05
1502,-0.6612499999999997,0.05
1503,0.38249999999999984,0.05
1504,-0.09124999999999961,0.05
1505,-2.950000000000001,0.05
1506,1.27625,0.05
1507,-0.9200000000000002,0.05
1508,1.08125,0.05
1509,-0.039999999999999813,0.05
1510,-2.8425000000000007,0.05
1511,0.7099999999999999,0.05
1512,1.0050000000000001,0.05
1513,0.9975,0.05
1514,0.935,0.05
1515,0.6950000000000001,0.05
1516,1.0575,0.05
1517,1.18125,0.05
1518,1.27,0.05
1519,1.5274999999999999,0.05
1520,0.0887500000000001,0.05
1521,1.17,0.05
1522,1.0625,0.05
1523,0.7474999999999999,0.05
1524,-0.2312499999999995,0.05
1525,-0.10999999999999965,0.05
1526,-0.11624999999999974,0.05
1527,0.8912500000000001,0.05
1528,1.13625,0.05
1529,0.52625,0.05
1530,1.14125,0.05
1531,0.6912499999999998,0.05
1532,1.26125,0.05
1533,1.1075000000000002,0.05
1534,1.08875,0.05
1535,0.46874999999999967,0.05
1536,1.2200000000000002,0.05
1537,1.06,0.05
1538,0.5262499999999999,0.05
1539,0.9975,0.05
1540,0.7437499999999999,0.05
1541,1.4575,0.05
1542,0.935,0.05
1543,-0.7775000000000001,0.05
1544,1.2337500000000001,0.05
1545,1.0012500000000002,0.05
1546,0.9850000000000001,0.05
1547,0.7149999999999999,0.05
1548,0.8025,0.05
1549,1.07125,0.05
1550,0.7937500000000001,0.05
1551,1.0437500000000002,0.05
1552,0.6887499999999999,0.05
1553,1.2975,0.05
1554,1.06875,0.05
1555,0.8775000000000001,0.05
1556,0.9512500000000002,0.05
1557,1.085,0.05
1558,0.4087499999999997,0.05
1559,1.5450000000000002,0.05
1560,1.20875,0.05
1561,1.0237500000000002,0.05
1562,0.3074999999999999,0.05
1563,1.13375,0.05
1564,0.43874999999999975,0.05
1565,1.0625,0.05
1566,1.5274999999999999,0.05
1567,1.2637500000000002,0.05
1568,0.9712500000000001,0.05
1569,1.23625,0.05
1570,1.27125,0.05
1571,0.6599999999999998,0.05
1572,1.13375,0.05
1573,1.165,0.05
1574,-2.8062500000000004,0.05
1575,-0.09999999999999942,0.05
1576,0.7512499999999999,0.05
1577,0.9087500000000001,0.05
1578,1.04125,0.05
1579,1.00625,0.05
1580,0.73125,0.05
1581,0.5237499999999997,0.05
1582,0.5612499999999998,0.05
1583,1.2025000000000001,0.05
1584,0.8975000000000001,0.05
1585,0.6224999999999998,0.05
1586,1.15375,0.05
1587,-2.905000000000001,0.05
1588,-2.7687500000000007,0.05
1589,0.3849999999999998,0.05
1590,1.155,0.05
1591,1.1300000000000001,0.05
1592,0.9500000000000001,0.05
1593,0.8250000000000001,0.05
1594,-2.7687500000000007,0.05
1595,1.28375,0.05
1596,0.925,0.05
1597,-0.20374999999999965,0.05
1598,1.07,0.05
1599,1.3025,0.05
1600,-0.25499999999999967,0.05
1601,0.18499999999999983,0.05
1602,-0.13249999999999962,0.05
1603,1.50875,0.05
1604,0.7449999999999999,0.05
1605,0.7699999999999999,0.05
1606,0.8675,0.05
1607,-2.8362500000000006,0.05
1608,0.6174999999999999,0.05
1609,0.8012499999999999,0.05
1610,1.03375,0.05
1611,1.0825,0.05
1612,1.24125,0.05
1613,0.5612499999999998,0.05
1614,-0.15249999999999964,0.05
1615,1.1912500000000001,0.05
1616,-2.8000000000000003,0.05
1617,-0.07374999999999932,0.05
1618,1.1625,0.05
1619,0.9212500000000001,0.05
1620,0.7975000000000001,0.05
1621,0.82375,0.05
1622,1.17375,0.05
1623,0.2687499999999996,0.05
1624,-2.843750000000001,0.05
1625,0.9287500000000001,0.05
1626,0.855,0.05
1627,1.2425000000000002,0.05
1628,1.01125,0.05
1629,0.9112500000000001,0.05
1630,0.12250000000000005,0.05
1631,1.1175000000000002,0.05
1632,0.85375,0.05
1633,0.9512500000000002,0.05
1634,1.0350000000000001,0.05
1635,0.7712499999999999,0.05
1636,0.8049999999999999,0.05
1637,0.71375,0.05
1638,0.9500000000000001,0.05
1639,0.9337500000000001,0.05
1640,0.89875,0.05
1641,0.4512499999999997,0.05
1642,0.9512500000000002,0.05
1643,1.2637500000000002,0.05
1644,-1.0012500000000004,0.05
1645,0.9550000000000001,0.05
1646,-1.250000000000001,0.05
1647,1.04,0.05
1648,1.0375,0.05
1649,0.81125,0.05
1650,0.6899999999999998,0.05
1651,1.2825000000000002,0.05
1652,0.93,0.05
1653,1.30875,0.05
1654,0.84,0.05
1655,1.1287500000000001,0.05
1656,0.99,0.05
1657,0.47374999999999967,0.05
1658,0.91,0.05
1659,1.1725,0.05
1660,0.5062499999999998,0.05
1661,0.5499999999999997,0.05
1662,1.0975000000000001,0.05
1663,-2.7687500000000007,0.05
1664,0.4399999999999997,0.05
1665,0.7549999999999999,0.05
1666,0.885,0.05
1667,1.2750000000000001,0.05
1668,0.14625,0.05
1669,1.07625,0.05
1670,1.17875,0.05
1671,-0.2674999999999996,0.05
1672,1.26125,0.05
1673,0.84625,0.05
1674,-0.0662499999999997,0.05
1675,0.935,0.05
1676,1.355,0.05
1677,0.09250000000000003,0.05
1678,1.095,0.05
1679,-3.4437499999999996,0.05
1680,1.4675,0.05
1681,0.0050000000000003375,0.05
1682,1.2650000000000001,0.05
1683,0.9625,0.05
1684,-0.5387499999999998,0.05
1685,1.0625,0.05
1686,0.79875,0.05
1687,1.4000000000000001,0.05
1688,0.87,0.05
1689,0.83625,0.05
1690,0.9637500000000001,0.05
1691,0.2725000000000002,0.05
1692,1.1875,0.05
1693,1.365,0.05
1694,1.02625,0.05
1695,0.3287499999999999,0.05
1696,1.38125,0.05
1697,0.5699999999999998,0.05
1698,0.5399999999999999,0.05
1699,1.26125,0.05
1700,1.28125,0.05
1701,0.925,0.05
1702,0.725,0.05
1703,0.825,0.05
1704,0.7024999999999999,0.05
1705,1.13125,0.05
1706,1.1887500000000002,0.05
1707,1.095,0.05
1708,1.2637500000000002,0.05
1709,0.915,0.05
1710,0.14625,0.05
1711,0.7074999999999999,0.05
1712,1.03875,0.05
1713,0.96625,0.05
1714,0.86,0.05
1715,0.64,0.05
1716,1.03875,0.05
1717,0.96625,0.05
1718,0.90375,0.05
1719,1.23875,0.05
1720,0.88,0.05
1721,1.08,0.05
1722,0.9712500000000001,0.05
1723,0.6974999999999999,0.05
1724,1.08875,0.05
1725,1.13375,0.05
1726,1.32125,0.05
1727,0.9825000000000002,0.05
1728,1.29,0.05
1729,0.6224999999999998,0.05
1730,1.04,0.05
1731,0.96625,0.05
1732,1.0350000000000001,0.05
1733,0.2250000000000003,0.05
1734,0.9850000000000001,0.05
1735,0.9825000000000002,0.05
1736,0.7112499999999998,0.05
1737,1.3725,0.05
1738,1.0975000000000001,0.05
1739,0.03750000000000031,0.05
1740,0.98,0.05
1741,1.185,0.05
1742,0.8425,0.05
1743,1.0237500000000002,0.05
1744,0.04874999999999985,0.05
1745,0.9687500000000001,0.05
1746,0.9087500000000001,0.05
1747,1.1600000000000001,0.05
1748,1.1262500000000002,0.05
1749,-0.4449999999999992,0.05
1750,1.11125,0.05
1751,0.90375,0.05
1752,1.1800000000000002,0.05
1753,0.6887499999999999,0.05
1754,1.1675,0.05
1755,1.1487500000000002,0.05
1756,1.0037500000000001,0.05
1757,1.0525,0.05
1758,0.7699999999999999,0.05
1759,1.07125,0.05
1760,1.09375,0.05
1761,0.19999999999999996,0.05
1762,0.8062499999999999,0.05
1763,0.49875000000000025,0.05
1764,1.10375,0.05
1765,0.45499999999999974,0.05
1766,0.9750000000000001,0.05
1767,1.1712500000000001,0.05
1768,1.425,0.05
1769,1.0150000000000001,0.05
1770,1.14375,0.05
1771,1.1800000000000002,0.05
1772,1.2537500000000001,0.05
1773,1.3887500000000002,0.05
1774,0.5499999999999997,0.05
1775,0.10375000000000001,0.05
1776,1.235,0.05
1777,0.8925000000000001,0.05
1778,1.185,0.05
1779,0.9712500000000001,0.05
1780,0.15999999999999992,0.05
1781,1.0662500000000001,0.05
1782,0.8324999999999999,0.05
1783,1.10125,0.05
1784,0.73125,0.05
1785,1.3250000000000002,0.05
1786,1.03875,0.05
1787,0.8162499999999999,0.05
1788,1.3462500000000002,0.05
1789,1.13625,0.05
1790,1.3450000000000002,0.05
1791,0.96125,0.05
1792,1.2962500000000001,0.05
1793,0.91625,0.05
1794,1.185,0.05
1795,-1.0250000000000001,0.05
1796,1.27125,0.05
1797,0.5487499999999997,0.05
1798,-0.2674999999999996,0.05
1799,0.9612500000000002,0.05
1800,0.7162499999999998,0.05
1801,1.01,0.05
1802,1.07625,0.05
1803,1.3475000000000001,0.05
1804,0.3849999999999998,0.05
1805,0.5849999999999997,0.05
1806,0.94625,0.05
1807,1.44625,0.05
1808,0.9287500000000001,0.05
1809,0.8099999999999999,0.05
1810,1.02,0.05
1811,0.78,0.05
1812,0.66125,0.05
1813,0.85875,0.05
1814,1.03875,0.05
1815,1.3687500000000001,0.05
1816,-0.30624999999999947,0.05
1817,1.0325000000000002,0.05
1818,0.77625,0.05
1819,1.2962500000000001,0.05
1820,1.145,0.05
1821,1.2400000000000002,0.05
1822,0.915,0.05
1823,0.7825,0.05
1824,-0.3362499999999995,0.05
1825,0.79,0.05
1826,0.7512499999999999,0.05
1827,1.18625,0.05
1828,1.3275000000000001,0.05
1829,1.2962500000000001,0.05
1830,0.85375,0.05
1831,0.32999999999999985,0.05
1832,0.86125,0.05
1833,-2.843750000000001,0.05
1834,0.5799999999999997,0.05
1835,1.1925000000000001,0.05
1836,1.1975,0.05
1837,1.36375,0.05
1838,0.9475,0.05
1839,0.99,0.05
1840,0.44374999999999964,0.05
1841,0.5949999999999998,0.05
1842,1.1500000000000001,0.05
1843,1.0425,0.05
1844,0.9725,0.05
1845,0.935,0.05
1846,1.225,0.05
1847,1.1287500000000001,0.05
1848,0.8912500000000001,0.05
1849,0.9825000000000002,0.05
1850,0.7662499999999999,0.05
1851,0.07999999999999985,0.05
1852,0.875,0.05
1853,0.06000000000000005,0.05
1854,1.18625,0.05
1855,0.55,0.05
1856,1.22125,0.05
1857,1.0025,0.05
1858,1.03375,0.05
1859,1.2200000000000002,0.05
1860,0.87375,0.05
1861,-2.818750000000001,0.05
1862,1.2750000000000001,0.05
1863,0.9712500000000001,0.05
1864,-0.1287499999999997,0.05
1865,0.9537500000000001,0.05
1866,0.9287500000000001,0.05
1867,1.0037500000000001,0.05
1868,0.8062499999999999,0.05
1869,0.9775,0.05
1870,0.5737499999999998,0.05
1871,1.29,0.05
1872,0.935,0.05
1873,1.22625,0.05
1874,0.7324999999999999,0.05
1875,-0.21999999999999953,0.05
1876,1.205,0.05
1877,1.1425,0.05
1878,0.09499999999999997,0.05
1879,0.96,0.05
1880,1.19375,0.05
1881,1.0237500000000002,0.05
1882,1.1575000000000002,0.05
1883,0.8925000000000001,0.05
1884,0.3837499999999998,0.05
1885,0.3474999999999999,0.05
1886,0.98,0.05
1887,-0.2849999999999995,0.05
1888,0.10624999999999973,0.05
1889,1.1500000000000001,0.05
1890,0.4137499999999996,0.05
1891,0.31625000000000036,0.05
1892,1.06125,0.05
1893,1.0987500000000001,0.05
1894,0.8375,0.05
1895,1.175,0.05
1896,1.2175,0.05
1897,0.8925000000000001,0.05
1898,0.7324999999999999,0.05
1899,0.33375000000000044,0.05
1900,0.7124999999999999,0.05
1901,1.0075,0.05
1902,0.7512499999999999,0.05
1903,0.83,0.05
1904,1.385,0.05
1905,0.86125,0.05
1906,0.8375,0.05
1907,1.4412500000000001,0.05
1908,1.02125,0.05
1909,0.91125,0.05
1910,1.1175000000000002,0.05
1911,0.9,0.05
1912,1.355,0.05
1913,1.01,0.05
1914,0.7762499999999999,0.05
1915,1.23625,0.05
1916,1.16375,0.05
1917,0.4212499999999997,0.05
1918,0.8012499999999999,0.05
1919,-0.9862500000000007,0.05
1920,-0.3612499999999994,0.05
1921,1.2225000000000001,0.05
1922,1.3687500000000001,0.05
1923,1.14375,0.05
1924,-0.8987500000000004,0.05
1925,-0.09999999999999964,0.05
1926,0.86,0.05
1927,0.1975,0.05
1928,0.7649999999999999,0.05
1929,0.27000000000000024,0.05
1930,1.2075,0.05
1931,0.6099999999999998,0.05
1932,1.0575,0.05
1933,0.7675,0.05
1934,1.1425,0.05
1935,1.09375,0.05
1936,0.5312499999999999,0.05
1937,0.5037499999999998,0.05
1938,0.5599999999999997,0.05
1939,1.2400000000000002,0.05
1940,-2.7375000000000007,0.05
1941,1.34125,0.05
1942,0.9912500000000001,0.05
1943,0.875,0.05
1944,0.78125,0.05
1945,1.20625,0.05
1946,-0.9099999999999999,0.05
1947,-0.016249999999999654,0.05
1948,1.39375,0.05
1949,0.7212499999999998,0.05
1950,0.84875,0.05
1951,1.095,0.05
1952,1.3487500000000001,0.05
1953,1.1,0.05
1954,1.48125,0.05
1955,0.935,0.05
1956,0.7849999999999999,0.05
1957,1.0875000000000001,0.05
1958,0.8750000000000001,0.05
1959,0.87375,0.05
1960,-0.7637499999999997,0.05
1961,-0.3349999999999995,0.05
1962,1.2737500000000002,0.05
1963,0.88,0.05
1964,1.2625000000000002,0.05
1965,0.9175000000000001,0.05
1966,1.345,0.05
1967,0.3312499999999998,0.05
1968,1.3,0.05
1969,1.1675,0.05
1970,-0.019999999999999796,0.05
1971,1.215,0.05
1972,0.9600000000000001,0.05
1973,0.88625,0.05
1974,0.9850000000000001,0.05
1975,0.6162499999999999,0.05
1976,0.4149999999999996,0.05
1977,0.74,0.05
1978,1.1262500000000002,0.05
1979,1.0762500000000002,0.05
1980,1.1725,0.05
1981,0.8375,0.05
1982,0.8625,0.05
1983,1.0037500000000001,0.05
1984,-0.01624999999999921,0.05
1985,0.85875,0.05
1986,0.885,0.05
1987,-2.837500000000001,0.05
1988,1.0975000000000001,0.05
1989,1.21875,0.05
1990,-0.5737499999999993,0.05
1991,0.5750000000000001,0.05
1992,0.9875,0.05
1993,-2.6675000000000004,0.05
1994,1.095,0.05
1995,1.3687500000000001,0.05
1996,1.2337500000000001,0.05
1997,1.2275,0.05
1998,-1.1900000000000006,0.05
1999,1.4212500000000001,0.05
2000,-3.157500000000002,0.05
2001,0.06625000000000014,0.05
2002,0.9512500000000002,0.05
2003,1.28,0.05
2004,1.0750000000000002,0.05
2005,1.2975,0.05
2006,0.99,0.05
2007,0.9337500000000001,0.05
2008,1.07625,0.05
2009,1.12,0.05
2010,0.9650000000000001,0.05
2011,0.8925000000000001,0.05
2012,-2.7987500000000005,0.05
2013,1.08,0.05
2014,1.1525,0.05
2015,0.0900000000000003,0.05
2016,-0.7537499999999999,0.05
2017,0.99,0.05
2018,1.25625,0.05
2019,0.7962499999999999,0.05
2020,0.7387499999999999,0.05
2021,1.08125,0.05
2022,0.9850000000000001,0.05
2023,1.1675,0.05
2024,1.2125000000000001,0.05
2025,1.1162500000000002,0.05
2026,0.9925,0.05
2027,-0.16374999999999962,0.05
2028,1.2737500000000002,0.05
2029,-3.718749999999999,0.05
2030,0.825,0.05
2031,0.75,0.05
2032,1.3050000000000002,0.05
2033,0.5187499999999998,0.05
2034,1.2950000000000002,0.05
2035,0.9050000000000001,0.05
2036,1.09375,0.05
2037,0.6599999999999999,0.05
2038,1.13125,0.05
2039,0.0787500000000001,0.05
2040,-0.12999999999999967,0.05
2041,0.7437499999999999,0.05
2042,1.1487500000000002,0.05
2043,0.86125,0.05
2044,0.93,0.05
2045,0.9137500000000001,0.05
2046,1.185,0.05
2047,0.6862499999999998,0.05
2048,0.2437499999999999,0.05
2049,0.94625,0.05
2050,0.7575,0.05
2051,1.1425,0.05
2052,0.72625,0.05
2053,1.0125000000000002,0.05
2054,1.03875,0.05
2055,1.41625,0.05
2056,0.5474999999999998,0.05
2057,0.9512500000000002,0.05
2058,1.22,0.05
2059,0.6599999999999998,0.05
2060,0.99,0.05
2061,0.9225000000000001,0.05
2062,-0.18374999999999964,0.05
2063,-2.953750000000001,0.05
2064,1.20375,0.05
2065,-0.3262499999999997,0.05
2066,0.92,0.05
2067,1.0150000000000001,0.05
2068,1.19875,0.05
2069,-2.8062500000000004,0.05
2070,0.3849999999999998,0.05
2071,0.85875,0.05
2072,1.33125,0.05
2073,1.1075000000000002,0.05
2074,0.6549999999999998,0.05
2075,0.87,0.05
2076,0.9512500000000002,0.05
2077,1.2200000000000002,0.05
2078,1.01875,0.05
2079,-2.905000000000001,0.05
2080,0.10875000000000012,0.05
2081,0.08374999999999999,0.05
2082,0.8625,0.05
2083,0.6600000000000001,0.05
2084,-0.16749999999999954,0.05
2085,0.96625,0.05
2086,0.9525000000000001,0.05
2087,0.87,0.05
2088,0.9825000000000002,0.05
2089,-0.27999999999999936,0.05
2090,1.0562500000000001,0.05
2091,-0.3249999999999995,0.05
2092,1.1175000000000002,0.05
2093,0.78125,0.05
2094,1.1487500000000002,0.05
2095,0.4937499999999997,0.05
2096,1.385,0.05
2097,1.185,0.05
2098,0.31874999999999987,0.05
2099,-1.0500000000000005,0.05
2100,1.3625,0.05
2101,-2.7000000000000006,0.05
2102,1.31375,0.05
2103,0.9937500000000001,0.05
2104,0.3487499999999999,0.05
2105,1.50875,0.05
2106,1.425,0.05
2107,0.6649999999999998,0.05
2108,1.0525,0.05
2109,1.30375,0.05
2110,1.135,0.05
2111,1.2112500000000002,0.05
2112,1.1125,0.05
2113,0.6912499999999999,0.05
2114,1.08375,0.05
2115,1.30875,0.05
2116,1.02,0.05
2117,0.9525000000000001,0.05
2118,1.0137500000000002,0.05
2119,0.7449999999999999,0.05
2120,1.15625,0.05
2121,1.20875,0.05
2122,0.95625,0.05
2123,1.04,0.05
2124,1.12375,0.05
2125,0.915,0.05
2126,1.22625,0.05
2127,1.25875,0.05
2128,0.6749999999999998,0.05
2129,-0.006249999999999867,0.05
2130,0.6900000000000001,0.05
2131,1.175,0.05
2132,0.9225000000000001,0.05
2133,1.04,0.05
2134,1.2950000000000002,0.05
2135,1.11125,0.05
2136,1.0725,0.05
2137,0.8025,0.05
2138,1.1,0.05
2139,1.05,0.05
2140,1.17875,0.05
2141,0.8912500000000001,0.05
2142,1.0925,0.05
2143,0.2100000000000004,0.05
2144,0.8562500000000001,0.05
2145,0.8725,0.05
2146,0.4874999999999998,0.05
2147,0.90625,0.05
2148,1.1712500000000001,0.05
2149,1.07625,0.05
2150,1.23625,0.05
2151,1.25875,0.05
2152,0.87875,0.05
2153,0.7562499999999999,0.05
2154,1.30875,0.05
2155,-0.4387499999999993,0.05
2156,1.0237500000000002,0.05
2157,1.1675,0.05
2158,1.0012500000000002,0.05
2159,1.155,0.05
2160,-1.212500000000001,0.05
2161,0.43874999999999975,0.05
2162,1.1300000000000001,0.05
2163,1.1600000000000001,0.05
2164,1.045,0.05
2165,1.2537500000000001,0.05
2166,1.20375,0.05
2167,0.9537500000000001,0.05
2168,1.07625,0.05
2169,1.24,0.05
2170,1.3362500000000002,0.05
2171,0.93,0.05
2172,1.4412500000000001,0.05
2173,1.0012500000000002,0.05
2174,1.31375,0.05
2175,0.9237500000000001,0.05
2176,1.3325,0.05
2177,1.12375,0.05
2178,0.7099999999999999,0.05
2179,1.5687499999999999,0.05
2180,0.78625,0.05
2181,1.0025,0.05
2182,1.12375,0.05
2183,0.3312499999999998,0.05
2184,0.9775,0.05
2185,0.84,0.05
2186,1.1500000000000001,0.05
2187,1.13375,0.05
2188,1.23875,0.05
2189,1.115,0.05
2190,1.0250000000000001,0.05
2191,-0.2199999999999993,0.05
2192,-0.39124999999999943,0.05
2193,0.3112499999999998,0.05
2194,1.24125,0.05
2195,-0.5737499999999991,0.05
2196,1.1875,0.05
2197,1.02,0.05
2198,-0.34874999999999945,0.05
2199,0.8212499999999999,0.05
2200,1.44875,0.05
2201,0.8925000000000001,0.05
2202,1.0325000000000002,0.05
2203,0.9225000000000001,0.05
2204,1.155,0.05
2205,0.7637499999999999,0.05
2206,1.22625,0.05
2207,1.0250000000000001,0.05
2208,0.3799999999999999,0.05
2209,0.7437499999999999,0.05
2210,0.86875,0.05
2211,0.50375,0.05
2212,0.78,0.05
2213,1.225,0.05
2214,0.8212499999999999,0.05
2215,1.2650000000000001,0.05
2216,0.7975,0.05
2217,0.9600000000000001,0.05
2218,1.04,0.05
2219,1.07,0.05
2220,0.84,0.05
2221,0.8225,0.05
2222,0.9725000000000001,0.05
2223,1.19,0.05
2224,1.2525,0.05
2225,0.87,0.05
2226,0.7825,0.05
2227,1.1675,0.05
2228,0.6899999999999998,0.05
2229,1.2775,0.05
2230,1.1287500000000001,0.05
2231,1.1675,0.05
2232,1.11,0.05
2233,1.5362500000000001,0.05
2234,1.3462500000000002,0.05
2235,1.2525,0.05
2236,1.15375,0.05
2237,1.08,0.05
2238,1.2000000000000002,0.05
2239,1.19875,0.05
2240,1.1300000000000001,0.05
2241,0.9675,0.05
2242,1.4800000000000002,0.05
2243,0.8875000000000001,0.05
2244,1.11625,0.05
2245,1.0575,0.05
2246,1.09375,0.05
2247,0.8037500000000001,0.05
2248,1.4225,0.05
2249,1.34375,0.05
2250,0.17500000000000004,0.05
2251,1.0325000000000002,0.05
2252,0.45874999999999966,0.05
2253,1.1787500000000002,0.05
2254,1.0750000000000002,0.05
2255,0.82375,0.05
2256,1.1425,0.05
2257,0.21875,0.05
2258,0.72375,0.05
2259,1.06875,0.05
2260,1.0075,0.05
2261,0.7124999999999999,0.05
2262,0.9712500000000002,0.05
2263,1.115,0.05
2264,1.07375,0.05
2265,1.0025,0.05
2266,0.9525000000000001,0.05
2267,1.21375,0.05
2268,1.13625,0.05
2269,0.46874999999999967,0.05
2270,1.0075,0.05
2271,0.3537499999999998,0.05
2272,1.13625,0.05
2273,1.3687500000000001,0.05
2274,0.87,0.05
2275,0.7087499999999999,0.05
2276,0.84625,0.05
2277,0.5999999999999998,0.05
2278,1.1875,0.05
2279,0.9337500000000001,0.05
2280,0.5987499999999997,0.05
2281,1.0325000000000002,0.05
2282,0.8875000000000001,0.05
2283,1.14375,0.05
2284,0.9112500000000001,0.05
2285,1.1075000000000002,0.05
2286,0.8062499999999999,0.05
2287,1.23625,0.05
2288,1.435,0.05
2289,1.4400000000000002,0.05
2290,1.07375,0.05
2291,1.0825,0.05
2292,0.86,0.05
2293,1.0925000000000002,0.05
2294,0.6587499999999998,0.05
2295,1.16375,0.05
2296,1.21,0.05
2297,0.92,0.05
2298,1.07125,0.05
2299,0.8075,0.05
2300,1.14625,0.05
2301,1.1625,0.05
2302,0.9975,0.05
2303,1.0662500000000001,0.05
2304,1.24,0.05
2305,1.32125,0.05
2306,1.07625,0.05
2307,1.28875,0.05
2308,1.04,0.05
2309,1.0012500000000002,0.05
2310,1.135,0.05
2311,0.9500000000000001,0.05
2312,1.13125,0.05
2313,1.1075,0.05
2314,1.12125,0.05
2315,1.0825,0.05
2316,1.08875,0.05
2317,1.15375,0.05
2318,1.2962500000000001,0.05
2319,1.21,0.05
2320,1.34,0.05
2321,-0.5699999999999992,0.05
2322,1.3462500000000002,0.05
2323,1.30875,0.05
2324,1.2400000000000002,0.05
2325,1.175,0.05
2326,-0.08999999999999986,0.05
2327,1.08,0.05
2328,0.5437499999999997,0.05
2329,1.2437500000000001,0.05
2330,0.3524999999999998,0.05
2331,1.1300000000000001,0.05
2332,0.9062500000000001,0.05
2333,1.3987500000000002,0.05
2334,0.6312499999999998,0.05
2335,1.0625,0.05
2336,1.03375,0.05
2337,1.06,0.05
2338,1.07625,0.05
2339,1.0350000000000001,0.05
2340,1.01875,0.05
2341,1.3125,0.05
2342,1.25625,0.05
2343,0.9712500000000001,0.05
2344,0.84125,0.05
2345,0.9687500000000001,0.05
2346,1.19875,0.05
2347,0.93,0.05
2348,0.14874999999999972,0.05
2349,1.4125,0.05
2350,1.1,0.05
2351,-0.1337499999999996,0.05
2352,0.6587499999999998,0.05
2353,1.07625,0.05
2354,1.1,0.05
2355,0.86125,0.05
2356,0.9137500000000001,0.05
2357,0.9775,0.05
2358,1.02625,0.05
2359,0.8900000000000001,0.05
2360,1.1,0.05
2361,1.08125,0.05
2362,0.9687500000000001,0.05
2363,1.1375000000000002,0.05
2364,1.33125,0.05
2365,0.9837500000000001,0.05
2366,1.0562500000000001,0.05
2367,1.1175000000000002,0.05
2368,0.6537499999999998,0.05
2369,1.3325,0.05
2370,0.08374999999999999,0.05
2371,0.6362499999999998,0.05
2372,0.87375,0.05
2373,1.0625,0.05
2374,0.7999999999999999,0.05
2375,1.47625,0.05
2376,1.08,0.05
2377,1.22125,0.05
2378,1.0150000000000001,0.05
2379,1.0425,0.05
2380,1.0150000000000001,0.05
2381,1.13375,0.05
2382,0.85,0.05
2383,0.19999999999999996,0.05
2384,0.6937499999999999,0.05
2385,1.29,0.05
2386,1.09375,0.05
2387,1.3362500000000002,0.05
2388,1.3625,0.05
2389,1.1075000000000002,0.05
2390,0.9500000000000001,0.05
2391,0.9687500000000001,0.05
2392,1.07125,0.05
2393,1.19875,0.05
2394,0.8425,0.05
2395,1.0550000000000002,0.05
2396,0.6674999999999998,0.05
2397,1.18625,0.05
2398,0.73125,0.05
2399,1.13125,0.05
2400,0.9875,0.05
2401,1.0250000000000001,0.05
2402,0.88,0.05
2403,0.07125000000000004,0.05
2404,1.2225000000000001,0.05
2405,1.1675,0.05
2406,-1.0875000000000006,0.05
2407,0.71,0.05
2408,1.1125,0.05
2409,1.1062500000000002,0.05
2410,0.9925,0.05
2411,0.6274999999999998,0.05
2412,1.0750000000000002,0.05
2413,0.90375,0.05
2414,1.39125,0.05
2415,1.0762500000000002,0.05
2416,1.135,0.05
2417,0.32375,0.05
2418,1.13625,0.05
2419,0.875,0.05
2420,1.0012500000000002,0.05
2421,0.72625,0.05
2422,1.145,0.05
2423,1.3125,0.05
2424,0.9637500000000001,0.05
2425,1.46375,0.05
2426,1.1525,0.05
2427,1.12125,0.05
2428,1.07125,0.05
2429,1.07875,0.05
2430,0.96625,0.05
2431,1.2175,0.05
2432,1.185,0.05
2433,0.855,0.05
2434,0.95875,0.05
2435,1.06125,0.05
2436,1.1925000000000001,0.05
2437,1.0825,0.05
2438,1.2200000000000002,0.05
2439,1.4800000000000002,0.05
2440,0.6737499999999998,0.05
2441,0.91125,0.05
2442,1.3262500000000002,0.05
2443,1.11125,0.05
2444,1.0925,0.05
2445,1.18375,0.05
2446,0.9825000000000002,0.05
2447,1.08875,0.05
2448,0.9712500000000001,0.05
2449,1.03875,0.05
2450,1.48625,0.05
2451,0.88,0.05
2452,0.6962499999999998,0.05
2453,0.5374999999999998,0.05
2454,0.5799999999999997,0.05
2455,0.6287499999999998,0.05
2456,1.13125,0.05
2457,1.3800000000000001,0.05
2458,1.17,0.05
2459,1.13125,0.05
2460,0.8975000000000001,0.05
2461,0.6612499999999998,0.05
2462,1.28125,0.05
2463,1.35,0.05
2464,1.1662500000000002,0.05
2465,0.99,0.05
2466,1.4175,0.05
2467,1.2025000000000001,0.05
2468,0.9962500000000001,0.05
2469,1.04,0.05
2470,1.435,0.05
2471,0.88,0.05
2472,0.9725000000000001,0.05
2473,0.5624999999999998,0.05
2474,1.55,0.05
2475,0.7949999999999999,0.05
2476,0.7875,0.05
2477,0.6387499999999998,0.05
2478,1.2962500000000001,0.05
2479,1.225,0.05
2480,1.225,0.05
2481,1.08875,0.05
2482,1.02625,0.05
2483,1.2275,0.05
2484,1.0562500000000001,0.05
2485,0.9275000000000001,0.05
2486,0.8425,0.05
2487,0.9087500000000001,0.05
2488,1.30875,0.05
2489,0.7137499999999999,0.05
2490,1.155,0.05
2491,1.1062500000000002,0.05
2492,1.13625,0.05
2493,0.875,0.05
2494,0.78875,0.05
2495,1.2750000000000001,0.05
2496,0.11000000000000032,0.05
2497,1.0425,0.05
2498,0.42874999999999974,0.05
2499,1.1,0.05
2500,-2.8675000000000006,0.05
2501,0.25749999999999984,0.05
2502,1.12625,0.05
2503,1.205,0.05
2504,1.1600000000000001,0.05
2505,1.0562500000000001,0.05
2506,0.78,0.05
2507,0.885,0.05
2508,0.9525000000000001,0.05
2509,0.915,0.05
2510,1.08,0.05
2511,0.5837499999999998,0.05
2512,0.9475000000000001,0.05
2513,1.13125,0.05
2514,1.0637500000000002,0.05
2515,1.0875000000000001,0.05
2516,0.9137500000000001,0.05
2517,1.22125,0.05
2518,0.72125,0.05
2519,1.11625,0.05
2520,1.15375,0.05
2521,0.4512499999999997,0.05
2522,1.3125,0.05
2523,1.28375,0.05
2524,-0.16374999999999962,0.05
2525,0.6762499999999999,0.05
2526,0.91125,0.05
2527,-0.06124999999999958,0.05
2528,1.07,0.05
2529,1.09375,0.05
2530,1.32125,0.05
2531,1.27,0.05
2532,0.87875,0.05
2533,-1.1300000000000006,0.05
2534,0.925,0.05
2535,-0.3112499999999996,0.05
2536,0.78,0.05
2537,0.8975000000000001,0.05
2538,0.6774999999999999,0.05
2539,1.04,0.05
2540,0.8312499999999999,0.05
2541,0.5024999999999996,0.05
2542,0.9087500000000001,0.05
2543,0.39624999999999977,0.05
2544,0.80375,0.05
2545,0.44249999999999967,0.05
2546,1.155,0.05
2547,0.7699999999999999,0.05
2548,1.0987500000000001,0.05
2549,0.8962500000000001,0.05
2550,1.0012500000000002,0.05
2551,0.82,0.05
2552,1.2475,0.05
2553,1.4075,0.05
2554,0.2699999999999998,0.05
2555,0.7149999999999999,0.05
2556,0.9650000000000001,0.05
2557,0.6037499999999998,0.05
2558,1.1487500000000002,0.05
2559,1.28,0.05
2560,0.3062499999999997,0.05
2561,1.0825,0.05
2562,1.3162500000000001,0.05
2563,1.39125,0.05
2564,-0.12999999999999967,0.05
2565,0.85625,0.05
2566,1.08125,0.05
2567,1.1075,0.05
2568,0.6174999999999998,0.05
2569,0.9512500000000002,0.05
2570,0.9125000000000001,0.05
2571,1.27625,0.05
2572,1.21,0.05
2573,1.37625,0.05
2574,1.1062500000000002,0.05
2575,1.35,0.05
2576,1.39125,0.05
2577,1.0612500000000002,0.05
2578,0.6349999999999998,0.05
2579,0.91,0.05
2580,1.05,0.05
2581,1.1287500000000001,0.05
2582,1.0075,0.05
2583,0.7537499999999999,0.05
2584,1.295,0.05
2585,0.16500000000000004,0.05
2586,0.7549999999999999,0.05
2587,0.5424999999999998,0.05
2588,0.8912500000000001,0.05
2589,1.2000000000000002,0.05
2590,1.245,0.05
2591,0.7749999999999999,0.05
2592,1.2850000000000001,0.05
2593,1.29,0.05
2594,1.3462500000000002,0.05
2595,1.18625,0.05
2596,0.93,0.05
2597,1.02,0.05
2598,1.03875,0.05
2599,0.79875,0.05
2600,1.0462500000000001,0.05
2601,1.0950000000000002,0.05
2602,1.07625,0.05
2603,0.9875,0.05
2604,1.0375,0.05
2605,-0.37999999999999945,0.05
2606,1.0637500000000002,0.05
2607,1.24625,0.05
2608,0.7525,0.05
2609,0.9325,0.05
2610,0.8012499999999999,0.05
2611,0.905,0.05
2612,0.8049999999999999,0.05
2613,0.81625,0.05
2614,0.5199999999999997,0.05
2615,1.3175000000000001,0.05
2616,1.2750000000000001,0.05
2617,0.82125,0.05
2618,0.8425,0.05
2619,1.15,0.05
2620,0.7675,0.05
2621,0.8975000000000001,0.05
2622,1.205,0.05
2623,1.20375,0.05
2624,0.94625,0.05
2625,1.0325000000000002,0.05
2626,1.1975,0.05
2627,0.47624999999999973,0.05
2628,0.5262499999999998,0.05
2629,0.8975000000000001,0.05
2630,1.3687500000000001,0.05
2631,0.93,0.05
2632,0.8725,0.05
2633,1.23625,0.05
2634,0.89375,0.05
2635,1.31,0.05
2636,0.86125,0.05
2637,0.6774999999999999,0.05
2638,1.26,0.05
2639,1.18625,0.05
2640,1.1,0.05
2641,1.215,0.05
2642,0.7324999999999999,0.05
2643,0.35124999999999984,0.05
2644,0.86625,0.05
2645,0.8975000000000001,0.05
2646,0.97875,0.05
2647,1.2875,0.05
2648,1.2725,0.05
2649,1.245,0.05
2650,1.1287500000000001,0.05
2651,0.29249999999999976,0.05
2652,0.96625,0.05
2653,0.91,0.05
2654,0.91125,0.05
2655,-0.4299999999999995,0.05
2656,-2.900000000000001,0.05
2657,0.8775000000000001,0.05
2658,1.4400000000000002,0.05
2659,0.13874999999999993,0.05
2660,0.9500000000000001,0.05
2661,0.9837500000000001,0.05
2662,1.1300000000000001,0.05
2663,0.4887499999999997,0.05
2664,0.7687499999999999,0.05
2665,1.185,0.05
2666,0.9337500000000001,0.05
2667,1.11,0.05
2668,1.0750000000000002,0.05
2669,0.6962499999999999,0.05
2670,1.0925,0.05
2671,1.13125,0.05
2672,1.3450000000000002,0.05
2673,0.7337499999999999,0.05
2674,0.7487499999999999,0.05
2675,1.105,0.05
2676,0.8962500000000001,0.05
2677,0.9387500000000001,0.05
2678,1.36,0.05
2679,0.98,0.05
2680,1.04,0.05
2681,1.03,0.05
2682,1.195,0.05
2683,1.23625,0.05
2684,1.2175,0.05
2685,1.0050000000000001,0.05
2686,0.2687499999999998,0.05
2687,1.1725,0.05
2688,1.04875,0.05
2689,0.5837499999999998,0.05
2690,0.9712500000000001,0.05
2691,0.85375,0.05
2692,0.47499999999999976,0.05
2693,0.9587500000000001,0.05
2694,0.8025,0.05
2695,1.54125,0.05
2696,0.895,0.05
2697,1.2550000000000001,0.05
2698,1.2275,0.05
2699,0.73125,0.05
2700,1.2725,0.05
2701,1.18875,0.05
2702,1.15375,0.05
2703,0.1200000000000001,0.05
2704,1.33,0.05
2705,0.39624999999999977,0.05
2706,1.0437500000000002,0.05
2707,0.9975,0.05
2708,1.135,0.05
2709,1.3987500000000002,0.05
2710,0.78625,0.05
2711,1.1712500000000001,0.05
2712,1.15375,0.05
2713,1.07375,0.05
2714,0.5399999999999997,0.05
2715,1.11125,0.05
2716,0.93625,0.05
2717,0.5637499999999998,0.05
2718,1.2275,0.05
2719,0.91125,0.05
2720,0.84125,0.05
2721,0.87375,0.05
2722,0.5499999999999997,0.05
2723,0.7324999999999999,0.05
2724,1.0350000000000001,0.05
2725,0.8675,0.05
2726,0.88,0.05
2727,0.9287500000000001,0.05
2728,1.17875,0.05
2729,1.1912500000000001,0.05
2730,1.2225000000000001,0.05
2731,0.86125,0.05
2732,1.1125,0.05
2733,0.5812499999999998,0.05
2734,1.0637500000000002,0.05
2735,1.01625,0.05
2736,1.0750000000000002,0.05
2737,1.12625,0.05
2738,1.15,0.05
2739,0.9650000000000001,0.05
2740,0.5987499999999998,0.05
2741,0.7875,0.05
2742,0.9275000000000001,0.05
2743,1.13375,0.05
2744,1.2225000000000001,0.05
2745,0.85625,0.05
2746,0.845,0.05
2747,0.7124999999999999,0.05
2748,0.90625,0.05
2749,1.1912500000000001,0.05
2750,1.41375,0.05
2751,0.6224999999999998,0.05
2752,1.3275000000000001,0.05
2753,1.0750000000000002,0.05
2754,1.0650000000000002,0.05
2755,1.09375,0.05
2756,1.355,0.05
2757,1.08,0.05
2758,1.14375,0.05
2759,1.1675,0.05
2760,0.9750000000000001,0.05
2761,1.0050000000000001,0.05
2762,1.065,0.05
2763,1.24,0.05
2764,0.88875,0.05
2765,0.9500000000000001,0.05
2766,1.13125,0.05
2767,0.6049999999999998,0.05
2768,0.91625,0.05
2769,1.1075,0.05
2770,1.11625,0.05
2771,1.2625000000000002,0.05
2772,0.87875,0.05
2773,1.29,0.05
2774,1.44875,0.05
2775,1.0775000000000001,0.05
2776,0.9287500000000001,0.05
2777,0.99,0.05
2778,1.4312500000000001,0.05
2779,1.135,0.05
2780,1.155,0.05
2781,1.3175000000000001,0.05
2782,0.80375,0.05
2783,1.3175000000000001,0.05
2784,0.9537500000000001,0.05
2785,0.875,0.05
2786,0.83,0.05
2787,1.5212500000000002,0.05
2788,1.07375,0.05
2789,1.1975,0.05
2790,1.1687500000000002,0.05
2791,0.7124999999999999,0.05
2792,1.0575,0.05
2793,1.2225000000000001,0.05
2794,1.0987500000000001,0.05
2795,0.935,0.05
2796,0.94125,0.05
2797,1.235,0.05
2798,0.38124999999999987,0.05
2799,0.7637499999999999,0.05
2800,0.84375,0.05
2801,1.1425,0.05
2802,1.36375,0.05
2803,0.91,0.05
2804,1.03875,0.05
2805,1.1175000000000002,0.05
2806,0.5487499999999997,0.05
2807,0.87875,0.05
2808,1.07,0.05
2809,1.03875,0.05
2810,1.1800000000000002,0.05
2811,1.0250000000000001,0.05
2812,0.6037499999999999,0.05
2813,0.87375,0.05
2814,1.105,0.05
2815,1.2200000000000002,0.05
2816,0.9512500000000002,0.05
2817,-1.0100000000000005,0.05
2818,1.355,0.05
2819,0.9587500000000001,0.05
2820,1.14375,0.05
2821,1.12375,0.05
2822,0.6399999999999998,0.05
2823,1.24,0.05
2824,1.1912500000000001,0.05
2825,0.6649999999999999,0.05
2826,0.8250000000000001,0.05
2827,1.30875,0.05
2828,1.37125,0.05
2829,0.6387499999999999,0.05
2830,1.12,0.05
2831,0.98875,0.05
2832,1.43375,0.05
2833,0.8925000000000001,0.05
2834,1.33125,0.05
2835,0.5862499999999998,0.05
2836,1.2512500000000002,0.05
2837,0.8425,0.05
2838,0.9525000000000001,0.05
2839,0.9525000000000001,0.05
2840,0.9512500000000002,0.05
2841,1.3887500000000002,0.05
2842,1.2775,0.05
2843,1.03875,0.05
2844,0.93,0.05
2845,1.0625,0.05
2846,1.11125,0.05
2847,1.2025000000000001,0.05
2848,1.0137500000000002,0.05
2849,0.9587500000000001,0.05
2850,1.08125,0.05
2851,0.85,0.05
2852,-0.10999999999999965,0.05
2853,1.03875,0.05
2854,1.08875,0.05
2855,1.0625,0.05
2856,0.7875,0.05
2857,1.1175000000000002,0.05
2858,0.9475,0.05
2859,1.0637500000000002,0.05
2860,1.28,0.05
2861,1.185,0.05
2862,1.1125,0.05
2863,1.0562500000000001,0.05
2864,1.46375,0.05
2865,1.1725,0.05
2866,1.05125,0.05
2867,0.9337500000000001,0.05
2868,1.1487500000000002,0.05
2869,1.11125,0.05
2870,1.05,0.05
2871,1.28,0.05
2872,1.28125,0.05
2873,0.5849999999999999,0.05
2874,0.935,0.05
2875,1.245,0.05
2876,1.05875,0.05
2877,0.81875,0.05
2878,1.29,0.05
2879,1.09375,0.05
2880,1.2937500000000002,0.05
2881,0.9712500000000001,0.05
2882,0.9162500000000001,0.05
2883,1.0625,0.05
2884,1.13125,0.05
2885,1.24125,0.05
2886,1.2175,0.05
2887,1.05,0.05
2888,0.94125,0.05
2889,1.45875,0.05
2890,1.4725000000000001,0.05
2891,0.9137500000000001,0.05
2892,1.165,0.05
2893,1.0425,0.05
2894,1.31875,0.05
2895,1.02125,0.05
2896,1.17875,0.05
2897,0.9850000000000001,0.05
2898,1.18625,0.05
2899,1.11625,0.05
2900,0.7074999999999999,0.05
2901,1.1600000000000001,0.05
2902,1.02,0.05
2903,1.13625,0.05
2904,1.205,0.05
2905,1.2725,0.05
2906,1.3125,0.05
2907,1.2625000000000002,0.05
2908,1.39125,0.05
2909,1.17875,0.05
2910,0.86,0.05
2911,1.1687500000000002,0.05
2912,1.0562500000000001,0.05
2913,1.1612500000000001,0.05
2914,1.405,0.05
2915,1.20875,0.05
2916,1.24,0.05
2917,1.15625,0.05
2918,0.9712500000000001,0.05
2919,1.2937500000000002,0.05
2920,1.18625,0.05
2921,1.0137500000000002,0.05
2922,1.2775,0.05
2923,1.3025,0.05
2924,1.1125,0.05
2925,1.0925,0.05
2926,0.36499999999999977,0.05
2927,1.32875,0.05
2928,1.03,0.05
2929,0.7637499999999999,0.05
2930,1.0625,0.05
2931,0.9950000000000001,0.05
2932,-2.9312500000000012,0.05
2933,1.215,0.05
2934,1.135,0.05
2935,1.1475,0.05
2936,1.3687500000000001,0.05
2937,1.405,0.05
2938,1.03875,0.05
2939,0.32999999999999985,0.05
2940,1.0237500000000002,0.05
2941,-2.7500000000000004,0.05
2942,0.9337500000000001,0.05
2943,0.9325000000000001,0.05
2944,1.405,0.05
2945,1.3987500000000002,0.05
2946,0.9487500000000001,0.05
2947,1.135,0.05
2948,1.07875,0.05
2949,1.2625000000000002,0.05
2950,1.4725000000000001,0.05
2951,0.9087500000000001,0.05
2952,1.3075,0.05
2953,0.6287499999999998,0.05
2954,1.225,0.05
2955,1.2537500000000001,0.05
2956,1.21,0.05
2957,-0.6237499999999991,0.05
2958,0.93125,0.05
2959,0.9700000000000001,0.05
2960,1.2337500000000001,0.05
2961,0.9900000000000001,0.05
2962,0.5012499999999996,0.05
2963,1.03875,0.05
2964,1.135,0.05
2965,0.9637500000000001,0.05
2966,1.2225000000000001,0.05
2967,0.7324999999999999,0.05
2968,1.235,0.05
2969,1.145,0.05
2970,0.90375,0.05
2971,1.09625,0.05
2972,1.13625,0.05
2973,1.06,0.05
2974,1.1300000000000001,0.05
2975,0.94625,0.05
2976,1.1,0.05
2977,0.8975000000000001,0.05
2978,0.7687499999999999,0.05
2979,1.15,0.05
2980,0.83125,0.05
2981,1.1300000000000001,0.05
2982,1.27,0.05
2983,1.02625,0.05
2984,1.3362500000000002,0.05
2985,1.4125,0.05
2986,1.0050000000000001,0.05
2987,1.20375,0.05
2988,1.0987500000000001,0.05
2989,1.345,0.05
2990,0.9287500000000001,0.05
2991,1.3225,0.05
2992,1.1300000000000001,0.05
2993,0.94125,0.05
2994,1.2087500000000002,0.05
2995,1.2437500000000001,0.05
2996,1.23625,0.05
2997,1.3725,0.05
2998,1.04,0.05
2999,1.1800000000000002,0.05
3000,1.3025,0.05
3001,1.0775000000000001,0.05
3002,1.08875,0.05
3003,1.3362500000000002,0.05
3004,1.02625,0.05
3005,0.7599999999999999,0.05
3006,0.83625,0.05
3007,1.06125,0.05
3008,1.1775000000000002,0.05
3009,1.0875000000000001,0.05
3010,0.6887499999999999,0.05
3011,1.1600000000000001,0.05
3012,1.2275,0.05
3013,1.0462500000000001,0.05
3014,1.08875,0.05
3015,1.4900000000000002,0.05
3016,1.1775000000000002,0.05
3017,1.3250000000000002,0.05
3018,1.07375,0.05
3019,1.165,0.05
3020,1.35375,0.05
3021,1.14375,0.05
3022,0.8300000000000001,0.05
3023,1.18625,0.05
3024,0.9725,0.05
3025,0.93,0.05
3026,1.0625,0.05
3027,1.2950000000000002,0.05
3028,1.18625,0.05
3029,1.1887500000000002,0.05
3030,0.86,0.05
3031,0.96625,0.05
3032,1.1525,0.05
3033,1.08,0.05
3034,1.16625,0.05
3035,0.9500000000000001,0.05
3036,1.115,0.05
3037,1.4000000000000001,0.05
3038,1.2237500000000001,0.05
3039,1.0450000000000002,0.05
3040,1.155,0.05
3041,0.8925000000000001,0.05
3042,1.12375,0.05
3043,0.9287500000000001,0.05
3044,1.07625,0.05
3045,1.19375,0.05
3046,1.1125,0.05
3047,1.445,0.05
3048,0.14625,0.05
3049,1.4300000000000002,0.05
3050,1.3787500000000001,0.05
3051,1.10375,0.05
3052,0.9512500000000002,0.05
3053,1.0575,0.05
3054,0.9975,0.05
3055,1.24625,0.05
3056,1.0075,0.05
3057,0.82375,0.05
3058,1.24,0.05
3059,1.19,0.05
3060,1.39625,0.05
3061,1.08875,0.05
3062,1.2525,0.05
3063,-3.617500000000001,0.05
3064,1.1,0.05
3065,1.0575,0.05
3066,1.0575,0.05
3067,1.24125,0.05
3068,1.1287500000000001,0.05
3069,0.9725000000000001,0.05
3070,1.145,0.05
3071,1.02,0.05
3072,-0.14249999999999963,0.05
3073,1.4275000000000002,0.05
3074,1.2525,0.05
3075,1.135,0.05
3076,-0.7149999999999996,0.05
3077,0.0050000000000001155,0.05
3078,0.8725,0.05
3079,1.445,0.05
3080,0.7362499999999998,0.05
3081,1.08875,0.05
3082,1.44875,0.05
3083,1.0975000000000001,0.05
3084,1.2475,0.05
3085,1.4312500000000001,0.05
3086,1.19,0.05
3087,1.0275,0.05
3088,1.4075,0.05
3089,0.43874999999999975,0.05
3090,1.0450000000000002,0.05
3091,0.905,0.05
3092,1.2075,0.05
3093,1.1725,0.05
3094,1.43625,0.05
3095,1.2175,0.05
3096,1.24125,0.05
3097,1.1712500000000001,0.05
3098,0.97875,0.05
3099,0.8412499999999999,0.05
3100,0.6774999999999999,0.05
3101,1.35,0.05
3102,0.99,0.05
3103,1.165,0.05
3104,1.455,0.05
3105,0.7687499999999999,0.05
3106,1.50375,0.05
3107,1.1612500000000001,0.05
3108,1.2575,0.05
3109,1.06125,0.05
3110,0.9512500000000002,0.05
3111,0.8975000000000001,0.05
3112,1.1287500000000001,0.05
3113,1.1287500000000001,0.05
3114,1.2725,0.05
3115,1.4800000000000002,0.05
3116,0.9650000000000001,0.05
3117,1.2975,0.05
3118,1.14625,0.05
3119,0.7274999999999999,0.05
3120,1.1500000000000001,0.05
3121,1.30875,0.05
3122,1.1062500000000002,0.05
3123,0.87875,0.05
3124,0.17249999999999988,0.05
3125,1.185,0.05
3126,0.8962500000000001,0.05
3127,1.0950000000000002,0.05
3128,0.4562499999999998,0.05
3129,1.06125,0.05
3130,1.3800000000000001,0.05
3131,1.0,0.05
3132,1.155,0.05
3133,0.9825000000000002,0.05
3134,1.33125,0.05
3135,1.02,0.05
3136,1.5687499999999999,0.05
3137,1.0975000000000001,0.05
3138,0.6287499999999999,0.05
3139,1.13625,0.05
3140,1.0975000000000001,0.05
3141,1.2175,0.05
3142,1.07375,0.05
3143,1.185,0.05
3144,1.155,0.05
3145,1.2950000000000002,0.05
3146,1.15625,0.05
3147,1.46875,0.05
3148,1.23125,0.05
3149,-2.8425000000000007,0.05
3150,1.2962500000000001,0.05
3151,0.9962500000000001,0.05
3152,1.28125,0.05
3153,1.2225000000000001,0.05
3154,1.135,0.05
3155,1.2175,0.05
3156,1.12375,0.05
3157,0.96875,0.05
3158,1.1887500000000002,0.05
3159,1.13125,0.05
3160,0.37249999999999983,0.05
3161,1.37,0.05
3162,1.08125,0.05
3163,0.84,0.05
3164,0.27374999999999994,0.05
3165,1.07875,0.05
3166,0.9337500000000001,0.05
3167,0.9900000000000001,0.05
3168,0.8125,0.05
3169,0.5387499999999997,0.05
3170,0.7699999999999999,0.05
3171,0.5487499999999997,0.05
3172,0.5024999999999997,0.05
3173,0.9500000000000001,0.05
3174,0.9287500000000001,0.05
3175,1.11125,0.05
3176,1.095,0.05
3177,1.18625,0.05
3178,1.04,0.05
3179,1.11625,0.05
3180,1.2400000000000002,0.05
3181,0.9637500000000001,0.05
3182,1.0625,0.05
3183,1.16625,0.05
3184,1.2225000000000001,0.05
3185,0.4574999999999998,0.05
3186,1.35,0.05
3187,1.18625,0.05
3188,1.3075,0.05
3189,1.06875,0.05
3190,1.4075,0.05
3191,1.02,0.05
3192,1.0925,0.05
3193,1.1500000000000001,0.05
3194,1.17,0.05
3195,0.6774999999999999,0.05
3196,1.0875000000000001,0.05
3197,1.16625,0.05
3198,1.44375,0.05
3199,1.14375,0.05
3200,1.1487500000000002,0.05
3201,1.28875,0.05
3202,1.33375,0.05
3203,-2.825000000000001,0.05
3204,0.9600000000000001,0.05
3205,1.11625,0.05
3206,1.13125,0.05
3207,1.23125,0.05
3208,0.6774999999999999,0.05
3209,0.9650000000000001,0.05
3210,1.1887500000000002,0.05
3211,1.30875,0.05
3212,1.1612500000000001,0.05
3213,1.04,0.05
3214,1.0575,0.05
3215,0.895,0.05
3216,0.7099999999999999,0.05
3217,0.9712500000000001,0.05
3218,0.5787499999999998,0.05
3219,1.2125000000000001,0.05
3220,0.9500000000000001,0.05
3221,0.5462499999999998,0.05
3222,0.96625,0.05
3223,0.8862500000000001,0.05
3224,1.0437500000000002,0.05
3225,0.6387499999999998,0.05
3226,1.2975,0.05
3227,0.07125000000000004,0.05
3228,0.4349999999999996,0.05
3229,0.78,0.05
3230,0.7149999999999999,0.05
3231,1.11625,0.05
3232,1.2537500000000001,0.05
3233,1.14375,0.05
3234,0.825,0.05
3235,0.34124999999999983,0.05
3236,0.49624999999999964,0.05
3237,0.9225,0.05
3238,0.935,0.05
3239,0.31874999999999987,0.05
3240,0.9337500000000001,0.05
3241,0.84125,0.05
3242,1.2225000000000001,0.05
3243,0.7449999999999999,0.05
3244,0.85625,0.05
3245,-0.17124999999999968,0.05
3246,1.1625,0.05
3247,1.175,0.05
3248,1.335,0.05
3249,1.5225000000000002,0.05
3250,1.1625,0.05
3251,1.115,0.05
3252,1.3687500000000001,0.05
3253,0.865,0.05
3254,0.7324999999999999,0.05
3255,0.8875,0.05
3256,1.15,0.05
3257,1.295,0.05
3258,1.0625,0.05
3259,0.9087500000000001,0.05
3260,1.13625,0.05
3261,1.0375,0.05
3262,0.45874999999999977,0.05
3263,1.1187500000000001,0.05
3264,1.4312500000000001,0.05
3265,0.9137500000000001,0.05
3266,1.1800000000000002,0.05
3267,1.245,0.05
3268,1.07,0.05
3269,0.96625,0.05
3270,0.9100000000000001,0.05
3271,0.62,0.05
3272,1.30875,0.05
3273,1.35,0.05
3274,1.0625,0.05
3275,1.1175000000000002,0.05
3276,0.8975000000000001,0.05
3277,1.1912500000000001,0.05
3278,1.0187500000000003,0.05
3279,1.05,0.05
3280,1.18875,0.05
3281,1.25875,0.05
3282,1.0012500000000002,0.05
3283,0.7149999999999999,0.05
3284,1.1475,0.05
3285,0.89875,0.05
3286,1.185,0.05
3287,1.08125,0.05
3288,1.1925000000000001,0.05
3289,1.5037500000000001,0.05
3290,1.50875,0.05
3291,1.11125,0.05
3292,0.7324999999999999,0.05
3293,1.12125,0.05
3294,1.28125,0.05
3295,1.13375,0.05
3296,1.54125,0.05
3297,0.96125,0.05
3298,1.295,0.05
3299,0.9287500000000001,0.05
3300,1.135,0.05
3301,1.2637500000000002,0.05
3302,0.2912499999999998,0.05
3303,1.18625,0.05
3304,1.07875,0.05
3305,1.145,0.05
3306,0.29874999999999985,0.05
3307,1.18125,0.05
3308,1.38625,0.05
3309,1.11,0.05
3310,1.12375,0.05
3311,0.88,0.05
3312,0.39124999999999965,0.05
3313,1.1887500000000002,0.05
3314,1.0437500000000002,0.05
3315,1.2537500000000001,0.05
3316,1.205,0.05
3317,0.84,0.05
3318,1.15125,0.05
3319,1.29875,0.05
3320,1.12,0.05
3321,0.98875,0.05
3322,1.23625,0.05
3323,1.0550000000000002,0.05
3324,0.8975000000000001,0.05
3325,1.10125,0.05
3326,1.1625,0.05
3327,0.6962499999999999,0.05
3328,1.2525,0.05
3329,1.35,0.05
3330,0.96625,0.05
3331,0.8062499999999999,0.05
3332,1.2075,0.05
3333,1.18875,0.05
3334,0.99875,0.05
3335,1.3450000000000002,0.05
3336,0.9025000000000001,0.05
3337,1.3137500000000002,0.05
3338,0.7637499999999999,0.05
3339,1.2075,0.05
3340,1.45375,0.05
3341,0.9337500000000001,0.05
3342,1.0625,0.05
3343,1.045,0.05
3344,0.79375,0.05
3345,1.4225,0.05
3346,1.1712500000000001,0.05
3347,1.11375,0.05
3348,1.295,0.05
3349,0.7512499999999999,0.05
3350,0.85,0.05
3351,1.0012500000000002,0.05
3352,0.925,0.05
3353,0.85875,0.05
3354,1.24875,0.05
3355,1.1125,0.05
3356,0.87875,0.05
3357,0.9325000000000001,0.05
3358,1.3725,0.05
3359,1.2275,0.05
3360,1.0575,0.05
3361,1.11625,0.05
3362,1.27625,0.05
3363,0.86,0.05
3364,1.2537500000000001,0.05
3365,1.0662500000000001,0.05
3366,0.9500000000000001,0.05
3367,1.23625,0.05
3368,1.14375,0.05
3369,1.30875,0.05
3370,1.0562500000000001,0.05
3371,0.935,0.05
3372,1.07,0.05
3373,1.29875,0.05
3374,1.07,0.05
3375,1.125,0.05
3376,1.0575,0.05
3377,1.145,0.05
3378,1.0212500000000002,0.05
3379,-0.3099999999999994,0.05
3380,0.9712500000000001,0.05
3381,0.93,0.05
3382,1.0050000000000001,0.05
3383,1.11625,0.05
3384,1.3175000000000001,0.05
3385,0.5124999999999997,0.05
3386,1.0250000000000001,0.05
3387,1.02625,0.05
3388,1.3625,0.05
3389,1.19,0.05
3390,1.1162500000000002,0.05
3391,1.36625,0.05
3392,0.6599999999999999,0.05
3393,0.815,0.05
3394,0.8049999999999999,0.05
3395,1.17375,0.05
3396,1.11125,0.05
3397,1.31,0.05
3398,1.1975,0.05
3399,1.33125,0.05
3400,1.3487500000000001,0.05
3401,0.76,0.05
3402,1.3137500000000002,0.05
3403,1.1175000000000002,0.05
3404,1.1625,0.05
3405,1.0025,0.05
3406,1.2725,0.05
3407,0.935,0.05
3408,0.7700000000000001,0.05
3409,0.9800000000000001,0.05
3410,1.24,0.05
3411,0.9637500000000001,0.05
3412,1.04,0.05
3413,1.0625,0.05
3414,0.9325000000000001,0.05
3415,1.27,0.05
3416,1.0875000000000001,0.05
3417,1.22125,0.05
3418,1.11,0.05
3419,0.4474999999999998,0.05
3420,1.07,0.05
3421,1.245,0.05
3422,1.105,0.05
3423,1.115,0.05
3424,0.6524999999999999,0.05
3425,1.32,0.05
3426,1.3325,0.05
3427,0.91,0.05
3428,1.06875,0.05
3429,1.33,0.05
3430,1.205,0.05
3431,1.1725,0.05
3432,1.12625,0.05
3433,1.1325,0.05
3434,1.22875,0.05
3435,0.6599999999999999,0.05
3436,1.11,0.05
3437,1.1287500000000001,0.05
3438,0.9500000000000001,0.05
3439,1.0987500000000001,0.05
3440,1.11125,0.05
3441,1.3675000000000002,0.05
3442,1.04,0.05
3443,1.15375,0.05
3444,1.08,0.05
3445,1.0437500000000002,0.05
3446,1.49875,0.05
3447,1.24625,0.05
3448,1.175,0.05
3449,1.0250000000000001,0.05
3450,0.86125,0.05
3451,0.8912500000000001,0.05
3452,1.1,0.05
3453,1.3,0.05
3454,0.8912500000000001,0.05
3455,1.0625,0.05
3456,1.215,0.05
3457,1.235,0.05
3458,1.39125,0.05
3459,1.11625,0.05
3460,1.435,0.05
3461,1.235,0.05
3462,1.28125,0.05
3463,0.9850000000000001,0.05
3464,0.4674999999999999,0.05
3465,1.3525,0.05
3466,1.1975,0.05
3467,1.0025,0.05
3468,0.9912500000000001,0.05
3469,1.3025,0.05
3470,0.86125,0.05
3471,1.1287500000000001,0.05
3472,1.01875,0.05
3473,1.19875,0.05
3474,0.9500000000000001,0.05
3475,0.8225,0.05
3476,1.2200000000000002,0.05
3477,1.06875,0.05
3478,1.38625,0.05
3479,1.08875,0.05
3480,1.13625,0.05
3481,0.9512500000000002,0.05
3482,1.38625,0.05
3483,1.0450000000000002,0.05
3484,1.165,0.05
3485,1.4187500000000002,0.05
3486,0.875,0.05
3487,0.9637500000000001,0.05
3488,1.07875,0.05
3489,1.1125,0.05
3490,1.06,0.05
3491,1.2,0.05
3492,1.22625,0.05
3493,1.32125,0.05
3494,1.1262500000000002,0.05
3495,0.6037499999999998,0.05
3496,0.8037500000000001,0.05
3497,1.25875,0.05
3498,1.07375,0.05
3499,0.5812499999999999,0.05
3500,1.0375,0.05
3501,1.38625,0.05
3502,1.2550000000000001,0.05
3503,1.06875,0.05
3504,0.80875,0.05
3505,0.9475,0.05
3506,0.7675,0.05
3507,-0.14624999999999955,0.05
3508,0.8900000000000001,0.05
3509,0.815,0.05
3510,0.935,0.05
3511,1.02625,0.05
3512,1.555,0.05
3513,1.31375,0.05
3514,1.2775,0.05
3515,1.3025,0.05
3516,1.05125,0.05
3517,1.2625000000000002,0.05
3518,1.15,0.05
3519,0.5724999999999999,0.05
3520,1.32125,0.05
3521,0.042500000000000204,0.05
3522,1.05125,0.05
3523,1.105,0.05
3524,0.9475,0.05
3525,1.2775,0.05
3526,1.045,0.05
3527,-2.856250000000001,0.05
3528,-0.3562499999999995,0.05
3529,0.015000000000000124,0.05
3530,1.04,0.05
3531,0.7699999999999999,0.05
3532,0.9287500000000001,0.05
3533,0.8725,0.05
3534,-0.2724999999999993,0.05
3535,-0.3774999999999995,0.05
3536,1.0137500000000002,0.05
3537,1.1600000000000001,0.05
3538,1.225,0.05
3539,1.12,0.05
3540,0.9700000000000001,0.05
3541,1.3225,0.05
3542,1.3025,0.05
3543,1.05,0.05
3544,0.7637499999999999,0.05
3545,1.3587500000000001,0.05
3546,1.06875,0.05
3547,1.54125,0.05
3548,1.06125,0.05
3549,1.1062500000000002,0.05
3550,1.2550000000000001,0.05
3551,1.0462500000000001,0.05
3552,0.8500000000000001,0.05
3553,1.05875,0.05
3554,1.1425,0.05
3555,1.095,0.05
3556,1.22125,0.05
3557,0.4824999999999997,0.05
3558,1.13125,0.05
3559,0.98875,0.05
3560,0.4574999999999998,0.05
3561,1.08,0.05
3562,0.4874999999999997,0.05
3563,1.18875,0.05
3564,1.02625,0.05
3565,1.1712500000000001,0.05
3566,1.0,0.05
3567,0.4949999999999998,0.05
3568,-0.8124999999999998,0.05
3569,0.7499999999999999,0.05
3570,1.06125,0.05
3571,1.17875,0.05
3572,0.9775,0.05
3573,0.8725,0.05
3574,0.4549999999999996,0.05
3575,1.27,0.05
3576,1.1,0.05
3577,1.27125,0.05
3578,1.27625,0.05
3579,1.37375,0.05
3580,1.0450000000000002,0.05
3581,1.19,0.05
3582,0.8162499999999999,0.05
3583,1.35,0.05
3584,0.4574999999999998,0.05
3585,1.0562500000000001,0.05
3586,0.49499999999999966,0.05
3587,1.4900000000000002,0.05
3588,1.1900000000000002,0.05
3589,1.1300000000000001,0.05
3590,1.28,0.05
3591,1.2075,0.05
3592,1.12375,0.05
3593,0.8300000000000001,0.05
3594,1.5,0.05
3595,1.12625,0.05
3596,1.485,0.05
3597,0.85,0.05
3598,1.135,0.05
3599,1.385,0.05
3600,0.20124999999999993,0.05
3601,1.35,0.05
3602,1.22125,0.05
3603,0.23499999999999988,0.05
3604,1.07625,0.05
3605,-0.87625,0.05
3606,1.185,0.05
3607,1.21625,0.05
3608,0.8975000000000001,0.05
3609,0.7687499999999999,0.05
3610,0.9675,0.05
3611,1.20375,0.05
3612,1.19,0.05
3613,0.9512500000000002,0.05
3614,1.2925,0.05
3615,1.135,0.05
3616,1.2,0.05
3617,1.07125,0.05
3618,1.18625,0.05
3619,1.3775,0.05
3620,1.39125,0.05
3621,0.8775000000000001,0.05
3622,1.5137500000000002,0.05
3623,-0.00749999999999984,0.05
3624,0.8975000000000001,0.05
3625,1.2537500000000001,0.05
3626,1.35,0.05
3627,1.17375,0.05
3628,1.135,0.05
3629,1.12625,0.05
3630,1.1725,0.05
3631,1.19875,0.05
3632,1.1175000000000002,0.05
3633,1.2725,0.05
3634,1.08125,0.05
3635,1.155,0.05
3636,1.46375,0.05
3637,1.26,0.05
3638,1.2225000000000001,0.05
3639,1.05,0.05
3640,0.78125,0.05
3641,1.2200000000000002,0.05
3642,1.1175000000000002,0.05
3643,1.0750000000000002,0.05
3644,-0.35374999999999934,0.05
3645,1.0425,0.05
3646,1.18625,0.05
3647,0.9687500000000001,0.05
3648,1.30875,0.05
3649,0.9287500000000001,0.05
3650,0.8375,0.05
3651,1.405,0.05
3652,0.96625,0.05
3653,-0.85625,0.05
3654,1.2337500000000001,0.05
3655,1.3175000000000001,0.05
3656,0.91,0.05
3657,1.1287500000000001,0.05
3658,1.04,0.05
3659,1.105,0.05
3660,1.485,0.05
3661,-0.04374999999999951,0.05
3662,1.21,0.05
3663,0.9287500000000001,0.05
3664,0.9450000000000001,0.05
3665,0.4462499999999997,0.05
3666,1.2200000000000002,0.05
3667,0.7649999999999999,0.05
3668,1.1500000000000001,0.05
3669,1.1875,0.05
3670,1.20375,0.05
3671,1.3475000000000001,0.05
3672,1.405,0.05
3673,1.22125,0.05
3674,-0.2637499999999997,0.05
3675,0.9750000000000001,0.05
3676,1.0550000000000002,0.05
3677,1.5225000000000002,0.05
3678,1.185,0.05
3679,1.2650000000000001,0.05
3680,1.2087500000000002,0.05
3681,1.0575,0.05
3682,1.07375,0.05
3683,0.8912500000000001,0.05
3684,1.215,0.05
3685,1.33125,0.05
3686,0.9475,0.05
3687,1.115,0.05
3688,1.135,0.05
3689,0.9425000000000001,0.05
3690,0.4887499999999997,0.05
3691,0.935,0.05
3692,0.3074999999999999,0.05
3693,1.01875,0.05
3694,1.01125,0.05
3695,1.07375,0.05
3696,1.1325,0.05
3697,0.7299999999999999,0.05
3698,1.26,0.05
3699,1.07875,0.05
3700,1.1875,0.05
3701,1.18125,0.05
3702,1.11,0.05
3703,0.58,0.05
3704,0.9775,0.05
3705,1.04,0.05
3706,0.9550000000000001,0.05
3707,1.17875,0.05
3708,0.88,0.05
3709,0.9725000000000001,0.05
3710,-0.10999999999999988,0.05
3711,1.405,0.05
3712,0.68,0.05
3713,0.935,0.05
3714,1.29,0.05
3715,1.02125,0.05
3716,0.49999999999999967,0.05
3717,0.825,0.05
3718,1.44875,0.05
3719,1.0525000000000002,0.05
3720,1.0925,0.05
3721,1.185,0.05
3722,1.30875,0.05
3723,1.2075,0.05
3724,1.34375,0.05
3725,1.40875,0.05
3726,1.25875,0.05
3727,0.9512500000000002,0.05
3728,1.0950000000000002,0.05
3729,1.3175000000000001,0.05
3730,-2.8000000000000007,0.05
3731,-2.8087500000000007,0.05
3732,1.245,0.05
3733,1.045,0.05
3734,0.96625,0.05
3735,1.20375,0.05
3736,1.1325,0.05
3737,0.7587499999999999,0.05
3738,0.78125,0.05
3739,1.15375,0.05
3740,1.27125,0.05
3741,1.36375,0.05
3742,1.25875,0.05
3743,1.12625,0.05
3744,0.9550000000000001,0.05
3745,1.24875,0.05
3746,1.33125,0.05
3747,0.9875,0.05
3748,1.02625,0.05
3749,1.215,0.05
3750,1.5274999999999999,0.05
3751,0.90375,0.05
3752,1.2025000000000001,0.05
3753,1.36375,0.05
3754,1.0050000000000001,0.05
3755,1.24125,0.05
3756,1.1812500000000001,0.05
3757,1.06875,0.05
3758,0.9687500000000001,0.05
3759,1.2962500000000001,0.05
3760,0.6049999999999999,0.05
3761,0.9512500000000002,0.05
3762,1.2537500000000001,0.05
3763,1.4125,0.05
3764,1.24125,0.05
3765,1.0425,0.05
3766,0.9287500000000001,0.05
3767,1.00625,0.05
3768,1.1125,0.05
3769,1.0975000000000001,0.05
3770,0.5599999999999997,0.05
3771,0.82875,0.05
3772,1.11375,0.05
3773,1.225,0.05
3774,1.1600000000000001,0.05
3775,1.1625,0.05
3776,1.19875,0.05
3777,1.0625,0.05
3778,1.0275,0.05
3779,0.06625000000000014,0.05
3780,1.0550000000000002,0.05
3781,1.01875,0.05
3782,1.5225,0.05
3783,1.0750000000000002,0.05
3784,0.86,0.05
3785,1.12625,0.05
3786,1.0450000000000002,0.05
3787,0.08625000000000016,0.05
3788,1.3625,0.05
3789,0.9637500000000001,0.05
3790,0.7699999999999999,0.05
3791,1.1525,0.05
3792,1.24125,0.05
3793,1.1825,0.05
3794,0.2550000000000001,0.05
3795,0.7337499999999999,0.05
3796,0.9800000000000001,0.05
3797,0.4824999999999998,0.05
3798,1.28875,0.05
3799,1.11625,0.05
3800,1.0450000000000002,0.05
3801,1.02,0.05
3802,0.9450000000000001,0.05
3803,1.2400000000000002,0.05
3804,0.87,0.05
3805,0.3537499999999998,0.05
3806,1.1,0.05
3807,0.9875,0.05
3808,1.01625,0.05
3809,1.0025,0.05
3810,1.2075,0.05
3811,0.9075000000000001,0.05
3812,1.3025,0.05
3813,1.17375,0.05
3814,1.0137500000000002,0.05
3815,1.03875,0.05
3816,1.085,0.05
3817,-2.903750000000001,0.05
3818,0.94625,0.05
3819,1.245,0.05
3820,0.935,0.05
3821,0.5499999999999998,0.05
3822,1.2000000000000002,0.05
3823,1.23625,0.05
3824,1.33125,0.05
3825,0.8925000000000001,0.05
3826,0.018750000000000044,0.05
3827,0.8325,0.05
3828,0.8912500000000001,0.05
3829,1.2075,0.05
3830,1.0050000000000001,0.05
3831,0.92,0.05
3832,-0.22999999999999954,0.05
3833,1.085,0.05
3834,1.39125,0.05
3835,1.2550000000000001,0.05
3836,1.12375,0.05
3837,0.745,0.05
3838,1.32125,0.05
3839,1.3825,0.05
3840,1.24,0.05
3841,1.5037500000000001,0.05
3842,1.32875,0.05
3843,1.48625,0.05
3844,1.13125,0.05
3845,1.1487500000000002,0.05
3846,1.1912500000000001,0.05
3847,1.0675000000000001,0.05
3848,1.0450000000000002,0.05
3849,1.07,0.05
3850,1.27,0.05
3851,0.87875,0.05
3852,0.67375,0.05
3853,0.7124999999999999,0.05
3854,1.2650000000000001,0.05
3855,0.90375,0.05
3856,1.3687500000000001,0.05
3857,1.02875,0.05
3858,1.09375,0.05
3859,1.23625,0.05
3860,1.0575,0.05
3861,1.0575,0.05
3862,1.1,0.05
3863,0.73,0.05
3864,1.25875,0.05
3865,1.05125,0.05
3866,0.99,0.05
3867,0.96625,0.05
3868,0.84375,0.05
3869,1.2275,0.05
3870,0.9550000000000001,0.05
3871,0.94125,0.05
3872,0.9900000000000001,0.05
3873,0.7699999999999999,0.05
3874,0.5874999999999998,0.05
3875,1.0375,0.05
3876,1.175,0.05
3877,0.87875,0.05
3878,1.1600000000000001,0.05
3879,1.03375,0.05
3880,1.2075,0.05
3881,-0.35499999999999954,0.05
3882,1.1725,0.05
3883,0.93,0.05
3884,0.7024999999999999,0.05
3885,0.1612499999999999,0.05
3886,0.9825000000000002,0.05
3887,1.5450000000000002,0.05
3888,1.02125,0.05
3889,-0.2799999999999996,0.05
3890,0.8425,0.05
3891,0.9600000000000002,0.05
3892,1.17875,0.05
3893,1.2200000000000002,0.05
3894,1.0025,0.05
3895,1.21,0.05
3896,1.40375,0.05
3897,1.26375,0.05
3898,1.10125,0.05
3899,1.4925,0.05
3900,1.20375,0.05
3901,1.1887500000000002,0.05
3902,0.7087499999999999,0.05
3903,1.1,0.05
3904,1.115,0.05
3905,0.9625000000000001,0.05
3906,0.9900000000000001,0.05
3907,0.04125000000000001,0.05
3908,1.1712500000000001,0.05
3909,1.08,0.05
3910,1.1500000000000001,0.05
3911,1.3800000000000001,0.05
3912,1.11,0.05
3913,1.355,0.05
3914,1.1175000000000002,0.05
3915,1.1500000000000001,0.05
3916,0.905,0.05
3917,0.8012499999999999,0.05
3918,0.9087500000000001,0.05
3919,1.27625,0.05
3920,0.9712500000000001,0.05
3921,0.2437499999999999,0.05
3922,0.87375,0.05
3923,1.2225000000000001,0.05
3924,1.105,0.05
3925,1.31375,0.05
3926,1.18375,0.05
3927,1.17,0.05
3928,1.0137500000000002,0.05
3929,1.16625,0.05
3930,0.82,0.05
3931,1.26,0.05
3932,1.1487500000000002,0.05
3933,0.5062499999999998,0.05
3934,0.87,0.05
3935,1.225,0.05
3936,0.9137500000000001,0.05
3937,1.145,0.05
3938,1.2337500000000001,0.05
3939,1.2750000000000001,0.05
3940,1.5037500000000001,0.05
3941,1.26875,0.05
3942,1.0987500000000001,0.05
3943,1.0462500000000001,0.05
3944,1.355,0.05
3945,1.2200000000000002,0.05
3946,0.4449999999999996,0.05
3947,0.12749999999999995,0.05
3948,1.1675,0.05
3949,0.9275000000000001,0.05
3950,1.33375,0.05
3951,1.08,0.05
3952,1.435,0.05
3953,1.2575,0.05
3954,1.01875,0.05
3955,0.935,0.05
3956,1.27625,0.05
3957,1.0625,0.05
3958,1.0450000000000002,0.05
3959,0.4824999999999997,0.05
3960,1.1687500000000002,0.05
3961,0.2687499999999998,0.05
3962,0.9325000000000001,0.05
3963,1.23875,0.05
3964,0.6899999999999998,0.05
3965,1.2550000000000001,0.05
3966,0.84,0.05
3967,0.8375,0.05
3968,1.35375,0.05
3969,0.8900000000000001,0.05
3970,1.3825,0.05
3971,1.1125,0.05
3972,1.07875,0.05
3973,1.15375,0.05
3974,1.3575000000000002,0.05
3975,1.11125,0.05
3976,1.2750000000000001,0.05
3977,1.28875,0.05
3978,0.86875,0.05
3979,1.1675,0.05
3980,0.07750000000000057,0.05
3981,1.24125,0.05
3982,1.1,0.05
3983,0.895,0.05
3984,-3.6375000000000006,0.05
3985,1.1675,0.05
3986,0.7925000000000001,0.05
3987,0.7099999999999999,0.05
3988,1.125,0.05
3989,1.1175000000000002,0.05
3990,0.9450000000000001,0.05
3991,0.8975000000000001,0.05
3992,1.0275,0.05
3993,1.0625,0.05
3994,1.0825,0.05
3995,0.855,0.05
3996,0.9112500000000001,0.05
3997,1.0575,0.05
3998,0.84125,0.05
3999,0.9137500000000001,0.05
4000,0.9587500000000001,0.05
4001,0.9287500000000001,0.05
4002,1.0225,0.05
4003,1.07375,0.05
4004,0.5674999999999998,0.05
4005,1.5274999999999999,0.05
4006,1.1487500000000002,0.05
4007,1.425,0.05
4008,1.07625,0.05
4009,0.7437499999999999,0.05
4010,1.3175000000000001,0.05
4011,1.08875,0.05
4012,0.5462499999999997,0.05
4013,1.37125,0.05
4014,0.91125,0.05
4015,1.235,0.05
4016,1.5362500000000001,0.05
4017,1.0375,0.05
4018,1.135,0.05
4019,0.9500000000000001,0.05
4020,0.9450000000000001,0.05
4021,0.7775000000000001,0.05
4022,1.3162500000000001,0.05
4023,1.22625,0.05
4024,1.2437500000000001,0.05
4025,0.9525000000000001,0.05
4026,0.935,0.05
4027,1.03875,0.05
4028,0.9900000000000001,0.05
4029,1.085,0.05
4030,1.1375000000000002,0.05
4031,1.195,0.05
4032,1.2650000000000001,0.05
4033,1.25875,0.05
4034,1.345,0.05
4035,0.7687499999999999,0.05
4036,1.3825,0.05
4037,0.9650000000000001,0.05
4038,1.18625,0.05
4039,0.8525,0.05
4040,1.47625,0.05
4041,1.03875,0.05
4042,1.2225000000000001,0.05
4043,0.7825,0.05
4044,0.99,0.05
4045,0.6112499999999998,0.05
4046,0.8012499999999999,0.05
4047,0.82375,0.05
4048,1.1712500000000001,0.05
4049,0.9550000000000001,0.05
4050,1.185,0.05
4051,1.0450000000000002,0.05
4052,0.78625,0.05
4053,0.5274999999999997,0.05
4054,0.9162500000000001,0.05
4055,1.0662500000000001,0.05
4056,1.4675,0.05
4057,1.34375,0.05
4058,1.43625,0.05
4059,0.41374999999999984,0.05
4060,1.19,0.05
4061,1.1375000000000002,0.05
4062,0.7512499999999999,0.05
4063,0.96625,0.05
4064,1.1125,0.05
4065,0.7012499999999999,0.05
4066,1.1187500000000001,0.05
4067,0.775,0.05
4068,1.11,0.05
4069,1.1600000000000001,0.05
4070,1.1325,0.05
4071,0.8475,0.05
4072,0.2912499999999998,0.05
4073,1.19,0.05
4074,0.93,0.05
4075,1.0075,0.05
4076,1.10125,0.05
4077,1.1425,0.05
4078,0.8600000000000001,0.05
4079,0.8625,0.05
4080,1.1075,0.05
4081,1.52625,0.05
4082,1.12125,0.05
4083,1.2,0.05
4084,-0.5687499999999994,0.05
4085,1.1725,0.05
4086,0.87375,0.05
4087,0.8125,0.05
4088,0.875,0.05
4089,0.9325000000000001,0.05
4090,0.93,0.05
4091,1.27,0.05
4092,1.1175000000000002,0.05
4093,1.125,0.05
4094,1.0250000000000001,0.05
4095,0.9900000000000001,0.05
4096,1.1900000000000002,0.05
4097,1.0437500000000002,0.05
4098,1.165,0.05
4099,1.3250000000000002,0.05
4100,1.4225,0.05
4101,1.19,0.05
4102,1.0750000000000002,0.05
4103,1.05875,0.05
4104,1.28375,0.05
4105,0.8675,0.05
4106,1.1975000000000002,0.05
4107,1.0050000000000001,0.05
4108,1.33875,0.05
4109,0.86125,0.05
4110,0.9837500000000001,0.05
4111,1.08875,0.05
4112,0.7987500000000001,0.05
4113,0.7487499999999999,0.05
4114,0.9637500000000001,0.05
4115,1.1525,0.05
4116,1.02,0.05
4117,1.145,0.05
4118,1.1425,0.05
4119,1.07375,0.05
4120,1.13375,0.05
4121,1.355,0.05
4122,1.07375,0.05
4123,1.29125,0.05
4124,0.915,0.05
4125,0.9187500000000001,0.05
4126,1.2750000000000001,0.05
4127,1.06,0.05
4128,0.815,0.05
4129,1.11625,0.05
4130,1.1,0.05
4131,1.13625,0.05
4132,1.2775,0.05
4133,1.02875,0.05
4134,-0.3949999999999996,0.05
4135,1.0975000000000001,0.05
4136,1.0987500000000001,0.05
4137,1.19,0.05
4138,1.3825,0.05
4139,1.0562500000000001,0.05
4140,1.2637500000000002,0.05
4141,1.17875,0.05
4142,1.2625000000000002,0.05
4143,-0.8500000000000003,0.05
4144,1.245,0.05
4145,0.8725,0.05
4146,1.0750000000000002,0.05
4147,1.15875,0.05
4148,1.0750000000000002,0.05
4149,0.915,0.05
4150,1.3800000000000001,0.05
4151,0.9275000000000001,0.05
4152,1.3487500000000001,0.05
4153,1.1475,0.05
4154,0.785,0.05
4155,1.17,0.05
4156,1.3487500000000001,0.05
4157,1.18625,0.05
4158,1.16625,0.05
4159,1.2625000000000002,0.05
4160,1.0625,0.05
4161,1.3987500000000002,0.05
4162,-0.16374999999999962,0.05
4163,1.1725,0.05
4164,1.20375,0.05
4165,0.91625,0.05
4166,0.7487499999999999,0.05
4167,0.11750000000000016,0.05
4168,1.1912500000000001,0.05
4169,1.1625,0.05
4170,0.10250000000000004,0.05
4171,1.0550000000000002,0.05
4172,1.17,0.05
4173,0.8350000000000001,0.05
4174,0.07750000000000057,0.05
4175,1.37125,0.05
4176,1.205,0.05
4177,1.1475,0.05
4178,0.9450000000000001,0.05
4179,0.9087500000000001,0.05
4180,0.93625,0.05
4181,1.0225,0.05
4182,1.1712500000000001,0.05
4183,1.3162500000000001,0.05
4184,1.3262500000000002,0.05
4185,0.85875,0.05
4186,0.93625,0.05
4187,0.935,0.05
4188,1.3725,0.05
4189,1.08875,0.05
4190,1.07875,0.05
4191,1.13625,0.05
4192,1.02125,0.05
4193,0.6387499999999998,0.05
4194,0.8450000000000001,0.05
4195,1.01875,0.05
4196,0.6287499999999998,0.05
4197,1.06125,0.05
4198,1.2537500000000001,0.05
4199,0.96625,0.05
4200,0.6399999999999998,0.05
4201,1.4000000000000001,0.05
4202,0.41874999999999973,0.05
4203,1.1912500000000001,0.05
4204,1.25625,0.05
4205,1.27875,0.05
4206,0.82,0.05
4207,1.19,0.05
4208,0.7749999999999999,0.05
4209,1.205,0.05
4210,1.1600000000000001,0.05
4211,1.1500000000000001,0.05
4212,0.9587500000000001,0.05
4213,0.9162500000000001,0.05
4214,1.0425,0.05
4215,1.2925,0.05
4216,1.14375,0.05
4217,1.3525,0.05
4218,1.19,0.05
4219,1.4125,0.05
4220,1.105,0.05
4221,1.3800000000000001,0.05
4222,1.31375,0.05
4223,1.2025000000000001,0.05
4224,1.51375,0.05
4225,1.04,0.05
4226,1.1662500000000002,0.05
4227,1.04,0.05
4228,0.88,0.05
4229,1.3275000000000001,0.05
4230,1.28125,0.05
4231,1.28875,0.05
4232,1.23625,0.05
4233,1.135,0.05
4234,0.7825,0.05
4235,1.3,0.05
4236,1.31875,0.05
4237,1.11125,0.05
4238,1.27,0.05
4239,1.1500000000000001,0.05
4240,1.1475,0.05
4241,-0.3549999999999993,0.05
4242,1.1487500000000002,0.05
4243,0.4199999999999997,0.05
4244,1.2475,0.05
4245,1.35,0.05
4246,1.27625,0.05
4247,1.43625,0.05
4248,0.9600000000000001,0.05
4249,1.0375,0.05
4250,0.9950000000000001,0.05
4251,1.295,0.05
4252,1.12125,0.05
4253,1.0012500000000002,0.05
4254,1.2175,0.05
4255,1.4075,0.05
4256,1.27875,0.05
4257,1.03875,0.05
4258,1.23,0.05
4259,1.0550000000000002,0.05
4260,1.0987500000000001,0.05
4261,1.1175000000000002,0.05
4262,1.18125,0.05
4263,0.9275000000000001,0.05
4264,1.23625,0.05
4265,1.205,0.05
4266,1.07875,0.05
4267,1.44375,0.05
4268,1.1712500000000001,0.05
4269,1.1375000000000002,0.05
4270,1.0375,0.05
4271,1.02,0.05
4272,0.79375,0.05
4273,1.3825,0.05
4274,1.2775,0.05
4275,0.6887499999999999,0.05
4276,1.0625,0.05
4277,1.18625,0.05
4278,1.35,0.05
4279,1.1500000000000001,0.05
4280,1.125,0.05
4281,1.24,0.05
4282,0.765,0.05
4283,0.9837500000000001,0.05
4284,1.145,0.05
4285,1.07875,0.05
4286,1.155,0.05
4287,0.7675,0.05
4288,0.8425,0.05
4289,0.83,0.05
4290,1.19,0.05
4291,1.16625,0.05
4292,1.0575,0.05
4293,1.0362500000000001,0.05
4294,-0.2812499999999998,0.05
4295,1.225,0.05
4296,1.03875,0.05
4297,0.8175,0.05
4298,0.9875,0.05
4299,0.9525000000000001,0.05
4300,1.0750000000000002,0.05
4301,0.94625,0.05
4302,1.02,0.05
4303,1.3175000000000001,0.05
4304,1.2337500000000001,0.05
4305,0.74125,0.05
4306,0.86875,0.05
4307,1.1262500000000002,0.05
4308,1.2175,0.05
4309,0.7949999999999999,0.05
4310,1.0987500000000001,0.05
4311,1.2437500000000001,0.05
4312,0.5862499999999998,0.05
4313,1.0337500000000002,0.05
4314,1.155,0.05
4315,1.34,0.05
4316,1.2275,0.05
4317,1.1487500000000002,0.05
4318,1.39375,0.05
4319,1.09375,0.05
4320,1.105,0.05
4321,1.5125000000000002,0.05
4322,1.0525,0.05
4323,1.0562500000000001,0.05
4324,1.31875,0.05
4325,1.0625,0.05
4326,1.27625,0.05
4327,0.012499999999999956,0.05
4328,1.0150000000000001,0.05
4329,1.24,0.05
4330,1.0987500000000001,0.05
4331,1.04,0.05
4332,1.0550000000000002,0.05
4333,1.0875000000000001,0.05
4334,0.98875,0.05
4335,1.0250000000000001,0.05
4336,1.0350000000000001,0.05
4337,1.0575,0.05
4338,0.6674999999999998,0.05
4339,1.2175,0.05
4340,0.935,0.05
4341,0.5612499999999998,0.05
4342,1.3625,0.05
4343,1.20375,0.05
4344,1.2225000000000001,0.05
4345,0.71375,0.05
4346,0.9850000000000001,0.05
4347,0.9750000000000001,0.05
4348,1.3725,0.05
4349,1.11375,0.05
4350,1.11625,0.05
4351,1.4412500000000001,0.05
4352,1.0375,0.05
4353,1.0525,0.05
4354,1.1287500000000001,0.05
4355,1.145,0.05
4356,1.41375,0.05
4357,1.2225000000000001,0.05
4358,0.7512499999999999,0.05
4359,0.8312499999999999,0.05
4360,1.09375,0.05
4361,1.2937500000000002,0.05
4362,0.9887500000000001,0.05
4363,0.24124999999999974,0.05
4364,1.0550000000000002,0.05
4365,1.1925000000000001,0.05
4366,1.21,0.05
4367,1.1075,0.05
4368,0.73125,0.05
4369,1.3725,0.05
4370,0.8125,0.05
4371,1.53125,0.05
4372,0.9700000000000001,0.05
4373,1.07,0.05
4374,1.22125,0.05
4375,1.25875,0.05
4376,1.02125,0.05
4377,0.7649999999999999,0.05
4378,0.90625,0.05
4379,0.9912500000000001,0.05
4380,0.91625,0.05
4381,1.2725,0.05
4382,1.1675,0.05
4383,1.1262500000000002,0.05
4384,0.98875,0.05
4385,1.25,0.05
4386,0.8912500000000001,0.05
4387,1.02125,0.05
4388,1.18625,0.05
4389,1.1487500000000002,0.05
4390,1.43625,0.05
4391,1.22125,0.05
4392,0.72125,0.05
4393,1.3900000000000001,0.05
4394,1.0562500000000001,0.05
4395,0.9087500000000001,0.05
4396,0.9850000000000001,0.05
4397,0.8562500000000001,0.05
4398,1.06875,0.05
4399,0.6437499999999998,0.05
4400,1.2112500000000002,0.05
4401,1.245,0.05
4402,1.2275,0.05
4403,1.165,0.05
4404,1.3137500000000002,0.05
4405,1.0450000000000002,0.05
4406,0.9837500000000001,0.05
4407,0.7049999999999998,0.05
4408,1.1325,0.05
4409,0.86125,0.05
4410,1.0150000000000001,0.05
4411,1.23625,0.05
4412,0.5824999999999998,0.05
4413,1.185,0.05
4414,0.8800000000000001,0.05
4415,1.01,0.05
4416,0.97875,0.05
4417,0.76,0.05
4418,1.1075,0.05
4419,-2.950000000000001,0.05
4420,1.145,0.05
4421,0.9637500000000001,0.05
4422,0.8562500000000001,0.05
4423,1.1,0.05
4424,1.2400000000000002,0.05
4425,1.5174999999999998,0.05
4426,1.1675,0.05
4427,1.29125,0.05
4428,1.33375,0.05
4429,1.0562500000000001,0.05
4430,1.2525,0.05
4431,0.9700000000000001,0.05
4432,0.6774999999999999,0.05
4433,0.7500000000000001,0.05
4434,0.91625,0.05
4435,-0.22624999999999984,0.05
4436,1.3325,0.05
4437,1.5075,0.05
4438,1.2225000000000001,0.05
4439,0.99,0.05
4440,-2.848750000000001,0.05
4441,0.9837500000000001,0.05
4442,1.0750000000000002,0.05
4443,1.095,0.05
4444,1.13625,0.05
4445,0.6749999999999998,0.05
4446,1.1350000000000002,0.05
4447,0.6612499999999999,0.05
4448,1.3587500000000001,0.05
4449,1.3025,0.05
4450,1.0250000000000001,0.05
4451,1.0250000000000001,0.05
4452,0.96875,0.05
4453,1.20875,0.05
4454,1.26125,0.05
4455,1.1300000000000001,0.05
4456,1.045,0.05
4457,0.9875,0.05
4458,1.155,0.05
4459,1.19875,0.05
4460,0.765,0.05
4461,1.36,0.05
4462,0.775,0.05
4463,1.23875,0.05
4464,1.22625,0.05
4465,1.11875,0.05
4466,1.2225000000000001,0.05
4467,1.245,0.05
4468,1.03875,0.05
4469,1.02625,0.05
4470,1.1675,0.05
4471,1.0375,0.05
4472,1.2725,0.05
4473,0.9887500000000001,0.05
4474,0.80375,0.05
4475,1.1125,0.05
4476,1.1125,0.05
4477,1.2775,0.05
4478,1.22625,0.05
4479,1.02125,0.05
4480,1.2087500000000002,0.05
4481,1.355,0.05
4482,1.0550000000000002,0.05
4483,0.71,0.05
4484,1.165,0.05
4485,1.3625,0.05
4486,1.1675,0.05
4487,1.2750000000000001,0.05
4488,0.9700000000000002,0.05
4489,1.1712500000000001,0.05
4490,1.25875,0.05
4491,1.25875,0.05
4492,1.1,0.05
4493,1.2862500000000001,0.05
4494,1.20875,0.05
4495,1.13125,0.05
4496,1.0875000000000001,0.05
4497,0.83,0.05
4498,1.2737500000000002,0.05
4499,0.9587500000000001,0.05
4500,1.35,0.05
4501,1.35,0.05
4502,1.125,0.05
4503,0.87375,0.05
4504,1.205,0.05
4505,1.07875,0.05
4506,1.2950000000000002,0.05
4507,1.01875,0.05
4508,1.3175000000000001,0.05
4509,0.9525000000000001,0.05
4510,-2.892500000000001,0.05
4511,1.3025,0.05
4512,0.6024999999999998,0.05
4513,1.4725000000000001,0.05
4514,1.555,0.05
4515,0.6937499999999999,0.05
4516,-2.8250000000000006,0.05
4517,1.15625,0.05
4518,1.1525,0.05
4519,1.0050000000000001,0.05
4520,1.1300000000000001,0.05
4521,1.1,0.05
4522,1.35,0.05
4523,1.0250000000000001,0.05
4524,0.9450000000000001,0.05
4525,1.205,0.05
4526,1.0950000000000002,0.05
4527,0.84,0.05
4528,1.12,0.05
4529,0.905,0.05
4530,1.445,0.05
4531,1.3450000000000002,0.05
4532,1.3137500000000002,0.05
4533,1.2512500000000002,0.05
4534,0.9137500000000001,0.05
4535,1.28125,0.05
4536,0.7699999999999999,0.05
4537,1.18125,0.05
4538,1.2862500000000001,0.05
4539,1.28125,0.05
4540,0.75125,0.05
4541,1.17,0.05
4542,1.35,0.05
4543,1.3125,0.05
4544,1.1825,0.05
4545,0.63,0.05
4546,1.3162500000000001,0.05
4547,0.8425,0.05
4548,1.4625000000000001,0.05
4549,0.7499999999999999,0.05
4550,1.03875,0.05
4551,1.3887500000000002,0.05
4552,1.3,0.05
4553,1.00625,0.05
4554,1.0050000000000001,0.05
4555,1.11,0.05
4556,1.20875,0.05
4557,1.4325,0.05
4558,1.19875,0.05
4559,1.3125,0.05
4560,1.01125,0.05
4561,1.1275,0.05
4562,0.80625,0.05
4563,1.35375,0.05
4564,0.87875,0.05
4565,0.9737500000000001,0.05
4566,0.83625,0.05
4567,0.8450000000000002,0.05
4568,1.1887500000000002,0.05
4569,1.4175,0.05
4570,1.245,0.05
4571,1.3275000000000001,0.05
4572,1.1,0.05
4573,1.02625,0.05
4574,0.915,0.05
4575,1.2825,0.05
4576,1.2475,0.05
4577,1.1725,0.05
4578,1.08875,0.05
4579,1.25875,0.05
4580,1.1912500000000001,0.05
4581,1.33,0.05
4582,0.8250000000000001,0.05
4583,1.40875,0.05
4584,0.895,0.05
4585,0.37999999999999967,0.05
4586,1.0975000000000001,0.05
4587,1.25875,0.05
4588,1.01875,0.05
4589,0.6349999999999998,0.05
4590,1.2012500000000002,0.05
4591,1.2650000000000001,0.05
4592,1.1175000000000002,0.05
4593,1.5274999999999999,0.05
4594,0.9887500000000001,0.05
4595,0.7449999999999999,0.05
4596,1.0437500000000002,0.05
4597,1.1725,0.05
4598,1.0,0.05
4599,1.30875,0.05
4600,0.99,0.05
4601,0.9875000000000002,0.05
4602,1.1300000000000001,0.05
4603,1.485,0.05
4604,1.4725000000000001,0.05
4605,-0.46374999999999944,0.05
4606,1.18625,0.05
4607,1.245,0.05
4608,1.3587500000000001,0.05
4609,1.15625,0.05
4610,0.9,0.05
4611,1.17875,0.05
4612,1.1075000000000002,0.05
4613,1.22625,0.05
4614,1.07625,0.05
4615,1.3137500000000002,0.05
4616,1.3625,0.05
4617,1.18375,0.05
4618,0.8612500000000001,0.05
4619,0.8962500000000001,0.05
4620,1.4900000000000002,0.05
4621,1.17625,0.05
4622,1.1912500000000001,0.05
4623,1.13625,0.05
4624,0.20750000000000002,0.05
4625,1.38125,0.05
4626,1.1487500000000002,0.05
4627,0.9087500000000001,0.05
4628,1.0075,0.05
4629,1.0825,0.05
4630,1.16375,0.05
4631,1.05,0.05
4632,0.825,0.05
4633,0.84875,0.05
4634,0.935,0.05
4635,1.23875,0.05
4636,1.32,0.05
4637,1.27,0.05
4638,1.1725,0.05
4639,1.0325000000000002,0.05
4640,1.0350000000000001,0.05
4641,-0.5799999999999994,0.05
4642,1.2550000000000001,0.05
4643,1.0925000000000002,0.05
4644,1.2112500000000002,0.05
4645,1.26125,0.05
4646,1.16625,0.05
4647,1.185,0.05
4648,1.03875,0.05
4649,0.91,0.05
4650,1.23875,0.05
4651,1.4575,0.05
4652,0.9962500000000001,0.05
4653,1.1500000000000001,0.05
4654,1.1487500000000002,0.05
4655,1.4075,0.05
4656,1.40375,0.05
4657,1.1687500000000002,0.05
4658,1.09375,0.05
4659,0.8325,0.05
4660,0.7087499999999999,0.05
4661,1.26,0.05
4662,1.3362500000000002,0.05
4663,0.9600000000000001,0.05
4664,1.11,0.05
4665,0.86875,0.05
4666,1.34375,0.05
4667,1.04,0.05
4668,1.1,0.05
4669,1.4300000000000002,0.05
4670,1.1,0.05
4671,1.1187500000000001,0.05
4672,0.97875,0.05
4673,0.92,0.05
4674,0.91625,0.05
4675,0.7512499999999999,0.05
4676,1.2225000000000001,0.05
4677,0.9450000000000001,0.05
4678,1.3325,0.05
4679,0.87,0.05
4680,1.3475000000000001,0.05
4681,0.91625,0.05
4682,1.24625,0.05
4683,1.01625,0.05
4684,0.8612500000000001,0.05
4685,1.3175000000000001,0.05
4686,1.07625,0.05
4687,1.0425,0.05
4688,1.3075,0.05
4689,1.29,0.05
4690,1.0975000000000001,0.05
4691,0.90375,0.05
4692,1.165,0.05
4693,0.5837499999999998,0.05
4694,1.3675000000000002,0.05
4695,1.18125,0.05
4696,0.87875,0.05
4697,1.145,0.05
4698,1.3800000000000001,0.05
4699,0.9537500000000001,0.05
4700,0.93625,0.05
4701,1.385,0.05
4702,1.12125,0.05
4703,1.1525,0.05
4704,1.135,0.05
4705,0.2124999999999999,0.05
4706,0.9600000000000001,0.05
4707,1.2437500000000001,0.05
4708,1.2950000000000002,0.05
4709,1.2637500000000002,0.05
4710,1.0575,0.05
4711,1.18625,0.05
4712,0.9537500000000001,0.05
4713,1.145,0.05
4714,0.99,0.05
4715,1.1725,0.05
4716,1.4900000000000002,0.05
4717,1.19,0.05
4718,1.5075,0.05
4719,1.0750000000000002,0.05
4720,0.17999999999999994,0.05
4721,1.2475,0.05
4722,1.4075,0.05
4723,1.3687500000000001,0.05
4724,1.0450000000000002,0.05
4725,0.6762499999999999,0.05
4726,1.07125,0.05
4727,0.9737500000000001,0.05
4728,0.9850000000000001,0.05
4729,1.1875,0.05
4730,1.19375,0.05
4731,1.2437500000000001,0.05
4732,-0.029999999999999805,0.05
4733,0.9287500000000001,0.05
4734,1.3025,0.05
4735,1.09,0.05
4736,0.9450000000000001,0.05
4737,1.11,0.05
4738,1.2625000000000002,0.05
4739,-0.5549999999999993,0.05
4740,1.2112500000000002,0.05
4741,1.2087500000000002,0.05
4742,1.50875,0.05
4743,1.26125,0.05
4744,1.0437500000000002,0.05
4745,1.2537500000000001,0.05
4746,1.2025000000000001,0.05
4747,1.0875000000000001,0.05
4748,1.18625,0.05
4749,0.7787499999999999,0.05
4750,1.1525,0.05
4751,1.2225000000000001,0.05
4752,1.0275,0.05
4753,1.2075,0.05
4754,1.2075,0.05
4755,1.3325,0.05
4756,1.13125,0.05
4757,0.7299999999999999,0.05
4758,1.24,0.05
4759,0.7875,0.05
4760,0.8,0.05
4761,1.02625,0.05
4762,1.40875,0.05
4763,1.31,0.05
4764,1.4800000000000002,0.05
4765,1.1812500000000001,0.05
4766,1.05,0.05
4767,0.875,0.05
4768,0.8912500000000001,0.05
4769,0.9750000000000001,0.05
4770,0.90375,0.05
4771,0.9637500000000001,0.05
4772,0.93,0.05
4773,0.895,0.05
4774,0.7499999999999999,0.05
4775,1.1425,0.05
4776,0.88,0.05
4777,1.0250000000000001,0.05
4778,1.0100000000000002,0.05
4779,1.1487500000000002,0.05
4780,1.0525000000000002,0.05
4781,0.87,0.05
4782,1.0562500000000001,0.05
4783,1.2175,0.05
4784,0.8562500000000001,0.05
4785,1.45375,0.05
4786,1.06875,0.05
4787,1.245,0.05
4788,1.02125,0.05
4789,1.15,0.05
4790,1.1237500000000002,0.05
4791,0.9025000000000001,0.05
4792,0.9712500000000001,0.05
4793,1.4400000000000002,0.05
4794,0.84,0.05
4795,1.2825000000000002,0.05
4796,1.1475,0.05
4797,1.1500000000000001,0.05
4798,1.4625000000000001,0.05
4799,1.06,0.05
4800,0.88,0.05
4801,1.05,0.05
4802,0.9275000000000001,0.05
4803,1.1175000000000002,0.05
4804,0.17500000000000004,0.05
4805,1.18625,0.05
4806,1.2650000000000001,0.05
4807,1.3325,0.05
4808,0.9700000000000001,0.05
4809,0.7499999999999999,0.05
4810,1.3,0.05
4811,1.2537500000000001,0.05
4812,1.11125,0.05
4813,0.85375,0.05
4814,1.29125,0.05
4815,0.91,0.05
4816,0.9137500000000001,0.05
4817,1.21,0.05
4818,1.0575,0.05
4819,1.1712500000000001,0.05
4820,0.9875,0.05
4821,1.0987500000000001,0.05
4822,0.80375,0.05
4823,1.0975000000000001,0.05
4824,1.0075,0.05
4825,1.0525000000000002,0.05
4826,1.2525,0.05
4827,0.875,0.05
4828,1.2275,0.05
4829,0.94125,0.05
4830,1.1087500000000001,0.05
4831,1.22625,0.05
4832,0.93,0.05
4833,1.1675,0.05
4834,1.31375,0.05
4835,1.235,0.05
4836,1.04,0.05
4837,1.07125,0.05
4838,1.215,0.05
4839,1.2575,0.05
4840,1.08125,0.05
4841,1.2437500000000001,0.05
4842,0.8200000000000001,0.05
4843,0.8487500000000001,0.05
4844,1.24,0.05
4845,0.11250000000000004,0.05
4846,1.435,0.05
4847,1.18625,0.05
4848,1.3275000000000001,0.05
4849,1.00625,0.05
4850,1.4212500000000001,0.05
4851,1.28875,0.05
4852,1.47625,0.05
4853,0.87875,0.05
4854,1.1625,0.05
4855,1.5399999999999998,0.05
4856,1.2225000000000001,0.05
4857,1.2550000000000001,0.05
4858,-0.5724999999999996,0.05
4859,1.1600000000000001,0.05
4860,1.0525,0.05
4861,1.2725,0.05
4862,1.1887500000000002,0.05
4863,0.85875,0.05
4864,0.84,0.05
4865,1.165,0.05
4866,1.31375,0.05
4867,1.185,0.05
4868,0.96625,0.05
4869,1.3137500000000002,0.05
4870,1.02125,0.05
4871,0.9325000000000001,0.05
4872,1.3725,0.05
4873,0.9175000000000001,0.05
4874,0.25124999999999975,0.05
4875,1.2075,0.05
4876,1.0987500000000001,0.05
4877,1.215,0.05
4878,1.2650000000000001,0.05
4879,0.9900000000000001,0.05
4880,1.0750000000000002,0.05
4881,1.05,0.05
4882,1.26,0.05
4883,0.9525000000000001,0.05
4884,1.3825,0.05
4885,1.31875,0.05
4886,1.0012500000000002,0.05
4887,1.20875,0.05
4888,1.25,0.05
4889,1.2025000000000001,0.05
4890,1.49875,0.05
4891,0.9712500000000001,0.05
4892,1.3825,0.05
4893,1.02125,0.05
4894,0.9850000000000001,0.05
4895,1.03875,0.05
4896,1.24125,0.05
4897,0.13624999999999998,0.05
4898,1.1500000000000001,0.05
4899,1.27,0.05
4900,1.1725,0.05
4901,1.51375,0.05
4902,1.17375,0.05
4903,-0.35374999999999956,0.05
4904,1.49875,0.05
4905,0.8012499999999999,0.05
4906,1.245,0.05
4907,1.06875,0.05
4908,1.15375,0.05
4909,0.9887500000000001,0.05
4910,1.145,0.05
4911,0.7875,0.05
4912,1.05,0.05
4913,1.1887500000000002,0.05
4914,1.1175000000000002,0.05
4915,1.37625,0.05
4916,1.4275000000000002,0.05
4917,1.27625,0.05
4918,1.33125,0.05
4919,1.3487500000000001,0.05
4920,1.185,0.05
4921,1.44875,0.05
4922,1.2437500000000001,0.05
4923,1.2175,0.05
4924,1.0575,0.05
4925,1.05125,0.05
4926,0.9325000000000001,0.05
4927,1.3250000000000002,0.05
4928,1.1375000000000002,0.05
4929,1.2625000000000002,0.05
4930,1.0837500000000002,0.05
4931,1.0825,0.05
4932,1.0050000000000001,0.05
4933,1.1912500000000001,0.05
4934,1.5225000000000002,0.05
4935,0.88,0.05
4936,1.3262500000000002,0.05
4937,1.2225000000000001,0.05
4938,1.37,0.05
4939,1.1975,0.05
4940,1.1712500000000001,0.05
4941,1.1525,0.05
4942,1.48625,0.05
4943,1.1675,0.05
4944,1.21625,0.05
4945,1.20375,0.05
4946,1.0437500000000002,0.05
4947,1.115,0.05
4948,1.07625,0.05
4949,1.25875,0.05
4950,1.25875,0.05
4951,1.405,0.05
4952,0.91125,0.05
4953,-0.4762499999999994,0.05
4954,1.3725,0.05
4955,0.98,0.05
4956,0.91125,0.05
4957,1.26125,0.05
4958,0.9500000000000001,0.05
4959,1.1712500000000001,0.05
4960,1.3775,0.05
4961,1.1475,0.05
4962,1.20375,0.05
4963,1.24,0.05
4964,1.0812500000000003,0.05
4965,1.295,0.05
4966,1.185,0.05
4967,1.38125,0.05
4968,1.0825,0.05
4969,1.4937500000000001,0.05
4970,1.05125,0.05
4971,1.3825,0.05
4972,1.3325,0.05
4973,1.04,0.05
4974,1.1725,0.05
4975,1.1487500000000002,0.05
4976,1.08125,0.05
4977,1.0875000000000001,0.05
4978,1.1487500000000002,0.05
4979,1.295,0.05
4980,1.2575,0.05
4981,1.31,0.05
4982,0.7962499999999999,0.05
4983,1.0275,0.05
4984,1.15125,0.05
4985,-0.24874999999999958,0.05
4986,1.2525,0.05
4987,1.1125,0.05
4988,1.2087500000000002,0.05
4989,0.6937499999999999,0.05
4990,1.12625,0.05
4991,0.0625,0.05
4992,0.7074999999999999,0.05
4993,1.355,0.05
4994,-0.10375000000000001,0.05
4995,1.435,0.05
4996,1.4175,0.05
4997,0.9700000000000001,0.05
4998,1.3175000000000001,0.05
4999,0.6599999999999998,0.05
5000,1.23625,0.05
