episode,reward,epsilon
1,-3.04875,0.5
2,-2.99375,0.4975
3,-2.8349999999999995,0.4950125
4,-2.837500000000001,0.4925374375
5,-3.103750000000001,0.49007475031250003
6,0.8225,0.48762437656093754
7,-2.9837500000000006,0.48518625467813287
8,-2.9325,0.4827603234047422
9,1.33375,0.4803465217877185
10,-2.7287500000000002,0.47794478917877986
11,-3.0100000000000007,0.47555506523288593
12,-3.032500000000001,0.4731772899067215
13,-2.9537500000000008,0.47081140345718786
14,-2.95,0.46845734643990194
15,-3.1100000000000017,0.46611505970770245
16,-3.2050000000000005,0.4637844844091639
17,-3.111250000000001,0.4614655619871181
18,-3.2175000000000007,0.4591582341771825
19,-3.0349999999999993,0.4568624430062966
20,-3.203750000000001,0.4545781307912651
21,-3.0,0.4523052401373088
22,-3.160000000000001,0.45004371393662224
23,-2.878750000000001,0.44779349536693913
24,-2.99125,0.4455545278901044
25,-2.926250000000001,0.4433267552506539
26,-2.9762500000000016,0.44111012147440065
27,-3.012500000000001,0.43890457086702866
28,-3.030000000000001,0.43671004801269353
29,-2.8337500000000007,0.4345264977726301
30,-2.9212500000000006,0.4323538652837669
31,-3.0425000000000004,0.4301920959573481
32,-3.2487499999999985,0.42804113547756134
33,-2.9762500000000007,0.4259009298001735
34,-2.911250000000001,0.42377142515117266
35,-3.0412500000000007,0.4216525680254168
36,-2.9275000000000007,0.4195443051852897
37,-3.348750000000001,0.4174465836593632
38,-3.1487500000000006,0.4153593507410664
39,-3.1075000000000013,0.4132825539873611
40,-3.0812500000000007,0.4112161412174243
41,-2.9675000000000007,0.40916006051133713
42,-2.9000000000000004,0.40711426020878044
43,-2.8887500000000004,0.4050786889077365
44,-2.9575000000000005,0.40305329546319785
45,-3.256250000000001,0.40103802898588187
46,-3.206250000000001,0.3990328388409525
47,-2.9112500000000012,0.3970376746467477
48,-2.80875,0.39505248627351397
49,-3.126250000000001,0.3930772238421464
50,-3.1825000000000006,0.3911118377229357
51,-3.253750000000001,0.389156278534321
52,-3.290000000000002,0.3872104971416494
53,-3.2075000000000014,0.38527444465594113
54,-2.9000000000000004,0.38334807243266145
55,-2.8087499999999994,0.3814313320704981
56,-2.9712500000000004,0.3795241754101456
57,-3.0462500000000006,0.37762655453309485
58,-3.010000000000001,0.3757384217604294
59,-2.951250000000001,0.3738597296516272
60,-2.961250000000001,0.3719904310033691
61,-3.1100000000000003,0.37013047884835226
62,-2.940000000000001,0.3682798264541105
63,-0.2999999999999994,0.36643842732183995
64,-2.9612499999999997,0.3646062351852308
65,-2.9837500000000006,0.36278320400930464
66,-3.1450000000000014,0.3609692879892581
67,-2.931250000000001,0.3591644415493118
68,-2.866250000000001,0.3573686193415653
69,-2.81,0.35558177624485743
70,-2.9725000000000006,0.3538038673636331
71,-2.876250000000001,0.35203484802681495
72,-2.935,0.35027467378668087
73,0.9837500000000001,0.3485233004177475
74,-3.001250000000001,0.34678068391565875
75,-2.997500000000001,0.34504678049608045
76,-2.7737500000000006,0.34332154659360004
77,-2.98625,0.34160493886063203
78,-2.8787500000000006,0.3398969141663289
79,-2.8737500000000007,0.33819742959549726
80,-3.3099999999999996,0.33650644244751976
81,-3.9112500000000003,0.3348239102352822
82,-2.911250000000001,0.3331497906841058
83,-2.875000000000001,0.33148404173068524
84,-0.8000000000000003,0.3298266215220318
85,-3.0100000000000016,0.3281774884144216
86,-2.7675000000000005,0.3265366009723495
87,-2.7000000000000006,0.32490391796748774
88,-2.9150000000000005,0.3232793983776503
89,-2.73,0.32166300138576204
90,-2.9712500000000013,0.3200546863788332
91,-2.952500000000001,0.31845441294693905
92,-3.0100000000000016,0.3168621408822043
93,-2.7487500000000007,0.3152778301777933
94,0.5675000000000001,0.31370144102690434
95,-2.9912500000000013,0.3121329338217698
96,-2.9825000000000004,0.31057226915266095
97,-3.113750000000001,0.30901940780689763
98,-2.903750000000001,0.30747431076786313
99,-2.980000000000001,0.3059369392140238
100,-2.955,0.3044072545179537
101,-2.9800000000000013,0.3028852182453639
102,-2.8287500000000008,0.3013707921541371
103,-2.9637500000000006,0.29986393819336643
104,-3.047500000000001,0.2983646185023996
105,-2.71875,0.2968727954098876
106,-2.97,0.29538843143283816
107,-2.9987500000000016,0.29391148927567395
108,-3.0812500000000007,0.29244193182929556
109,-0.34749999999999925,0.2909797221701491
110,-2.972500000000001,0.28952482355929837
111,-2.835000000000001,0.2880771994415019
112,1.2525,0.28663681344429437
113,-2.8850000000000002,0.2852036293770729
114,-0.8912499999999997,0.2837776112301875
115,-2.960000000000001,0.2823587231740366
116,-3.141250000000001,0.2809469295581664
117,-2.861250000000001,0.2795421949103756
118,-2.950000000000001,0.2781444839358237
119,-2.767500000000001,0.27675376151614456
120,-2.9737500000000003,0.2753699927085638
121,-3.1900000000000004,0.273993142745021
122,-3.032500000000001,0.2726231770312959
123,-2.810000000000001,0.27126006114613943
124,-2.792500000000001,0.26990376084040874
125,-3.5937499999999996,0.2685542420362067
126,-3.013750000000001,0.26721147082602564
127,-2.896250000000001,0.2658754134718955
128,-2.980000000000001,0.26454603640453606
129,-3.0087500000000005,0.2632233062225134
130,-2.940000000000001,0.2619071896914008
131,-2.816250000000001,0.2605976537429438
132,-2.8775,0.2592946654742291
133,-2.9299999999999997,0.25799819214685793
134,-2.9787500000000016,0.25670820118612364
135,-0.78,0.255424660180193
136,-2.8637500000000014,0.25414753687929204
137,-2.810000000000001,0.2528767991948956
138,-2.8900000000000006,0.2516124151989211
139,-2.8787500000000006,0.2503543531229265
140,-2.836250000000001,0.24910258135731184
141,-3.082500000000002,0.24785706845052527
142,-3.24625,0.24661778310827265
143,-2.9425000000000012,0.2453846941927313
144,-2.817500000000001,0.24415777072176764
145,-2.8887500000000004,0.2429369818681588
146,-2.9125000000000005,0.241722296958818
147,1.16625,0.2405136854740239
148,-2.7412500000000004,0.23931111704665378
149,-3.0050000000000012,0.23811456146142052
150,-2.786250000000001,0.2369239886541134
151,-2.840000000000001,0.23573936871084283
152,-2.843750000000001,0.23456067186728863
153,-2.8437499999999996,0.23338786850795218
154,-2.8887500000000004,0.23222092916541243
155,-2.942500000000001,0.23105982451958537
156,-2.971250000000001,0.22990452539698744
157,-2.9287500000000004,0.2287550027700025
158,-2.9237499999999996,0.22761122775615247
159,-2.9587500000000015,0.2264731716173717
160,-2.9225,0.22534080575928486
161,-2.7562500000000005,0.22421410173048845
162,-2.8675000000000006,0.223093031221836
163,-2.9237499999999996,0.2219775660657268
164,-3.040000000000001,0.22086767823539816
165,-2.858750000000001,0.21976333984422117
166,-2.991250000000001,0.21866452314500007
167,-2.94125,0.21757120052927506
168,-2.990000000000001,0.21648334452662868
169,-2.7975000000000003,0.21540092780399553
170,-2.8862500000000004,0.21432392316497556
171,-2.912500000000001,0.21325230354915067
172,-3.0025000000000013,0.21218604203140493
173,-2.8474999999999997,0.2111251118212479
174,-2.817500000000001,0.21006948626214167
175,-2.8800000000000012,0.20901913883083095
176,-2.9050000000000007,0.2079740431366768
177,-2.931250000000001,0.20693417292099342
178,-2.8350000000000004,0.20589950205638846
179,-2.786250000000001,0.20487000454610652
180,-2.8662500000000013,0.20384565452337597
181,-3.0512500000000014,0.20282642625075908
182,-2.892500000000001,0.2018122941195053
183,-2.750000000000001,0.20080323264890776
184,-2.8737500000000007,0.1997992164856632
185,-2.952500000000001,0.1988002204032349
186,-2.8312500000000007,0.19780621930121872
187,-3.0325000000000006,0.19681718820471264
188,-2.9650000000000016,0.19583310226368908
189,-2.915,0.19485393675237064
190,-2.9225000000000008,0.1938796670686088
191,-2.926250000000001,0.19291026873326575
192,-2.9675,0.19194571738959942
193,-2.8412500000000005,0.1909859888026514
194,-2.8050000000000006,0.19003105885863816
195,-2.905000000000001,0.18908090356434498
196,1.5274999999999999,0.18813549904652327
197,0.9475000000000001,0.18719482155129066
198,-2.817500000000001,0.18625884744353421
199,-2.9350000000000014,0.18532755320631655
200,-2.8037500000000004,0.18440091544028497
201,-2.9112500000000012,0.18347891086308354
202,-2.812500000000001,0.18256151630876813
203,-0.2999999999999996,0.1816487087272243
204,-2.8562500000000006,0.1807404651835882
205,-2.8312500000000003,0.17983676285767025
206,-2.8862500000000004,0.1789375790433819
207,-2.7975000000000003,0.178042891148165
208,-2.931250000000001,0.17715267669242415
209,-2.6674999999999995,0.17626691330896202
210,0.9137500000000001,0.1753855787424172
211,-2.861250000000001,0.17450865084870512
212,-2.8412500000000005,0.1736361075944616
213,-2.8612500000000005,0.1727679270564893
214,-2.89625,0.17190408742120686
215,-2.910000000000001,0.1710445669841008
216,-2.8175000000000012,0.1701893441491803
217,-2.8612500000000005,0.1693383974284344
218,0.12874999999999992,0.16849170544129222
219,-2.7625000000000006,0.16764924691408575
220,-2.8312500000000003,0.16681100067951532
221,-2.912500000000001,0.16597694567611773
222,-2.841250000000001,0.16514706094773715
223,1.16625,0.16432132564299848
224,-2.9312500000000004,0.1634997190147835
225,1.555,0.1626822204197096
226,-3.230000000000001,0.16186880931761105
227,-2.817500000000001,0.161059465271023
228,-2.8662500000000004,0.16025416794466787
229,1.4200000000000002,0.15945289710494454
230,-2.806250000000001,0.1586556326194198
231,-2.885000000000001,0.1578623544563227
232,-2.7187500000000004,0.1570730426840411
233,-2.8175000000000003,0.1562876774706209
234,-2.98375,0.15550623908326777
235,-2.9612500000000006,0.15472870788785142
236,-2.8250000000000006,0.15395506434841216
237,-2.877500000000001,0.1531852890266701
238,-0.3949999999999996,0.15241936258153677
239,-2.7037500000000008,0.1516572657686291
240,1.2750000000000001,0.15089897943978595
241,-2.9000000000000012,0.15014448454258703
242,-2.68,0.1493937621198741
243,-2.9975000000000014,0.14864679330927472
244,-3.0912500000000014,0.14790355934272834
245,-0.31374999999999953,0.1471640415460147
246,-2.9437500000000014,0.14642822133828462
247,-3.0550000000000015,0.1456960802315932
248,-2.995000000000001,0.14496759983043522
249,-2.8625000000000007,0.14424276183128304
250,-2.8225000000000007,0.14352154802212663
251,-2.786250000000001,0.142803940282016
252,-3.2412499999999995,0.14208992058060593
253,-2.9100000000000006,0.1413794709777029
254,-2.7800000000000007,0.14067257362281438
255,-2.7500000000000004,0.1399692107547003
256,-3.035,0.13926936470092682
257,-3.0174999999999996,0.13857301787742218
258,-3.1525000000000007,0.13788015278803506
259,0.4374999999999998,0.1371907520240949
260,-3.077500000000001,0.1365047982639744
261,-2.915000000000001,0.13582227427265453
262,-2.818750000000001,0.13514316290129125
263,-2.8000000000000003,0.1344674470867848
264,-2.830000000000001,0.13379510985135087
265,-3.669999999999999,0.1331261343020941
266,1.3,0.13246050363058365
267,-3.5462499999999997,0.13179820111243074
268,0.13375000000000048,0.13113921010686858
269,-3.0512500000000014,0.13048351405633424
270,-2.8600000000000008,0.12983109648605257
271,-2.910000000000001,0.1291819410036223
272,-3.3187499999999996,0.1285360312986042
273,-3.03625,0.12789335114211117
274,-3.00125,0.12725388438640062
275,-2.9900000000000007,0.1266176149644686
276,-2.9237500000000005,0.12598452688964626
277,0.08125000000000004,0.12535460425519804
278,-2.8737500000000007,0.12472783123392205
279,1.4400000000000002,0.12410419207775243
280,1.405,0.12348367111736366
281,-0.5049999999999992,0.12286625276177685
282,-2.890000000000001,0.12225192149796796
283,-2.7499999999999996,0.12164066189047812
284,-2.971250000000001,0.12103245858102572
285,-2.875000000000001,0.1204272962881206
286,-2.836250000000001,0.11982515980668
287,-3.1450000000000005,0.1192260340076466
288,-2.923750000000001,0.11862990383760837
289,-3.223750000000002,0.11803675431842033
290,-2.8500000000000005,0.11744657054682822
291,-2.798750000000001,0.11685933769409408
292,-2.7000000000000006,0.11627504100562361
293,-2.837500000000001,0.1156936658005955
294,-2.912500000000001,0.11511519747159252
295,-3.3437500000000018,0.11453962148423455
296,-3.388750000000002,0.11396692337681337
297,-2.7500000000000004,0.11339708875992931
298,-3.2950000000000017,0.11283010331612967
299,-2.725,0.11226595279954901
300,-2.8600000000000008,0.11170462303555127
301,-2.6875,0.11114609992037351
302,-0.04874999999999963,0.11059036942077165
303,-2.8475000000000006,0.11003741757366779
304,-2.8500000000000005,0.10948723048579945
305,-3.080000000000002,0.10893979433337045
306,1.445,0.1083950953617036
307,-2.930000000000001,0.10785311988489507
308,-2.6437500000000007,0.10731385428547059
309,-2.878750000000001,0.10677728501404324
310,0.16249999999999987,0.10624339858897303
311,-3.1812500000000004,0.10571218159602816
312,0.2599999999999998,0.10518362068804801
313,-2.886250000000001,0.10465770258460777
314,-3.021250000000001,0.10413441407168474
315,-2.950000000000001,0.10361374200132631
316,-2.7750000000000004,0.10309567329131968
317,-2.798750000000001,0.10258019492486307
318,-2.842500000000001,0.10206729395023875
319,-2.8750000000000004,0.10155695748048756
320,-0.2212499999999995,0.10104917269308512
321,-3.115000000000001,0.1005439268296197
322,-2.9425000000000012,0.1000412071954716
323,-2.781250000000001,0.09954100115949424
324,-3.226249999999999,0.09904329615369677
325,-2.837500000000001,0.09854807967292828
326,-2.9237500000000005,0.09805533927456364
327,-2.855000000000001,0.09756506257819082
328,-2.930000000000001,0.09707723726529986
329,-2.9400000000000013,0.09659185107897336
330,-2.778750000000001,0.0961088918235785
331,-2.7300000000000004,0.0956283473644606
332,-2.893750000000001,0.0951502056276383
333,-2.8287500000000003,0.09467445459950011
334,0.27875000000000005,0.09420108232650261
335,-2.9312500000000012,0.09373007691487009
336,0.9125000000000001,0.09326142653029575
337,-2.916250000000001,0.09279511939764427
338,-2.7287500000000007,0.09233114380065605
339,-2.817500000000001,0.09186948808165277
340,-3.370000000000002,0.0914101406412445
341,-2.8650000000000007,0.09095308993803829
342,-3.3887500000000017,0.09049832448834809
343,0.6599999999999999,0.09004583286590635
344,-3.037500000000001,0.08959560370157682
345,-2.950000000000001,0.08914762568306893
346,-2.8287500000000008,0.08870188755465358
347,-2.8000000000000007,0.08825837811688031
348,-3.0612500000000002,0.0878170862262959
349,-2.998750000000001,0.08737800079516442
350,-2.983750000000001,0.08694111079118859
351,-2.923750000000001,0.08650640523723264
352,1.3575000000000002,0.08607387321104648
353,-3.4150000000000014,0.08564350384499125
354,-2.900000000000001,0.08521528632576629
355,-2.7250000000000005,0.08478920989413746
356,-3.0087500000000014,0.08436526384466678
357,-3.182500000000002,0.08394343752544345
358,-2.923750000000001,0.08352372033781623
359,-2.927500000000001,0.08310610173612715
360,-2.881250000000001,0.08269057122744651
361,-2.835000000000001,0.08227711837130927
362,-2.7687500000000007,0.08186573277945272
363,-2.7687500000000007,0.08145640411555546
364,-2.9175,0.08104912209497768
365,-2.8662500000000013,0.08064387648450279
366,-2.893750000000001,0.08024065710208027
367,-2.8800000000000012,0.07983945381656987
368,-2.805,0.07944025654748703
369,-2.912500000000001,0.0790430552647496
370,-2.7062500000000007,0.07864783998842585
371,-2.756250000000001,0.07825460078848372
372,-2.806250000000001,0.0778633277845413
373,-2.8625,0.0774740111456186
374,-2.8375000000000004,0.07708664108989051
375,-2.8300000000000005,0.07670120788444106
376,-2.9624999999999995,0.07631770184501885
377,-2.923750000000001,0.07593611333579375
378,-2.6,0.07555643276911478
379,-2.875000000000001,0.07517865060526921
380,0.7375,0.07480275735224286
381,-2.892500000000001,0.07442874356548164
382,-2.836250000000001,0.07405659984765423
383,-2.855000000000001,0.07368631684841595
384,-2.8487499999999994,0.07331788526417388
385,-2.885000000000001,0.07295129583785301
386,-2.867500000000001,0.07258653935866374
387,-2.8912500000000008,0.07222360666187043
388,-2.880000000000001,0.07186248862856108
389,-3.0812500000000007,0.07150317618541828
390,-0.7062499999999992,0.07114566030449118
391,-2.8287500000000003,0.07078993200296872
392,-3.05875,0.07043598234295388
393,-2.7375000000000007,0.07008380243123911
394,0.7324999999999999,0.06973338341908292
395,-3.141250000000001,0.0693847165019875
396,-2.941250000000001,0.06903779291947756
397,-3.01,0.06869260395488018
398,-3.081250000000001,0.06834914093510577
399,-2.756250000000001,0.06800739523043024
400,-2.9875000000000007,0.0676673582542781
401,-3.3812500000000014,0.0673290214630067
402,1.0625,0.06699237635569168
403,-2.905,0.06665741447391321
404,-2.920000000000001,0.06632412740154364
405,-3.010000000000001,0.06599250676453593
406,-0.1337499999999998,0.06566254423071324
407,-2.9300000000000015,0.06533423150955968
408,-2.7437500000000004,0.06500756035201188
409,-2.7250000000000005,0.06468252255025182
410,-2.6550000000000002,0.06435910993750056
411,-2.8900000000000006,0.06403731438781306
412,-3.085,0.06371712781587399
413,-2.7375000000000007,0.06339854217679462
414,-2.781250000000001,0.06308154946591064
415,-2.837500000000001,0.0627661417185811
416,-2.7562500000000005,0.06245231100998819
417,-2.79375,0.06214004945493825
418,-2.79875,0.06182934920766356
419,-2.911250000000001,0.06152020246162524
420,-2.8000000000000007,0.06121260144931712
421,-2.7800000000000002,0.06090653844207053
422,-2.866250000000001,0.060602005749860174
423,-2.950000000000001,0.06029899572111087
424,-2.8850000000000002,0.059997500742505316
425,-1.0575000000000008,0.05969751323879279
426,-2.912500000000001,0.059399025672598825
427,-2.767500000000001,0.05910203054423583
428,-2.922500000000001,0.05880652039151465
429,-2.75625,0.058512487789557074
430,-2.9712500000000004,0.05821992535060929
431,-2.87625,0.05792882572385624
432,-2.948750000000001,0.05763918159523696
433,-2.8937500000000007,0.057350985687260776
434,-2.8400000000000007,0.05706423075882447
435,0.9,0.05677890960503035
436,-2.7937500000000006,0.056495015057005195
437,1.2275,0.05621253998172017
438,0.6037499999999998,0.05593147728181157
439,-2.911250000000001,0.05565181989540251
440,-2.792500000000001,0.055373560795925494
441,-2.9237500000000014,0.05509669299194587
442,1.33125,0.05482120952698614
443,-2.8125000000000004,0.054547103479351204
444,-2.60625,0.05427436796195445
445,-2.8925000000000005,0.05400299612214468
446,-2.6537500000000005,0.05373298114153396
447,-2.950000000000001,0.05346431623582629
448,-2.9425000000000012,0.05319699465464715
449,-2.71875,0.05293100968137392
450,-3.1687499999999993,0.052666354632967045
451,-2.7475,0.05240302285980221
452,-2.862500000000001,0.0521410077455032
453,-2.848750000000001,0.05188030270677568
454,-2.930000000000001,0.0516209011932418
455,-2.961250000000001,0.05136279668727559
456,-2.8937500000000007,0.05110598270383922
457,-3.0212500000000015,0.05085045279032002
458,-2.876250000000001,0.05059620052636842
459,-2.7687500000000007,0.050343219523736576
460,-2.866250000000001,0.050091503426117893
461,-3.0212500000000015,0.05
462,-2.881250000000001,0.05
463,-2.793749999999999,0.05
464,-2.862500000000001,0.05
465,-2.7675,0.05
466,-2.83875,0.05
467,-0.26999999999999935,0.05
468,-2.911250000000001,0.05
469,-2.901250000000001,0.05
470,-4.01,0.05
471,-3.0125,0.05
472,-2.9425000000000012,0.05
473,-2.817500000000001,0.05
474,-2.941250000000001,0.05
475,-2.7687500000000007,0.05
476,-2.7875000000000005,0.05
477,-2.849999999999999,0.05
478,0.27375000000000016,0.05
479,-0.31249999999999956,0.05
480,-2.84375,0.05
481,-2.918750000000001,0.05
482,-2.7312500000000006,0.05
483,-2.7237499999999994,0.05
484,-2.8175000000000003,0.05
485,-2.9237500000000014,0.05
486,-2.7787499999999996,0.05
487,-0.17249999999999965,0.05
488,-2.6987500000000004,0.05
489,-3.2425000000000024,0.05
490,-2.9612500000000015,0.05
491,-2.825000000000001,0.05
492,-2.942499999999999,0.05
493,-2.9062500000000004,0.05
494,-2.9425000000000003,0.05
495,-2.968750000000001,0.05
496,-2.950000000000001,0.05
497,-2.862500000000001,0.05
498,-3.0049999999999994,0.05
499,-2.916250000000001,0.05
500,-2.9350000000000005,0.05
501,-3.4575,0.05
502,-2.886250000000001,0.05
503,-2.897500000000001,0.05
504,-3.0100000000000016,0.05
505,-2.8862500000000013,0.05
506,-2.900000000000001,0.05
507,-2.88125,0.05
508,-2.7187500000000004,0.05
509,-3.0325000000000015,0.05
510,-2.861250000000001,0.05
511,-2.7675,0.05
512,-3.005,0.05
513,-2.8625000000000007,0.05
514,-2.8425000000000007,0.05
515,-2.881250000000001,0.05
516,-2.900000000000001,0.05
517,-2.892500000000001,0.05
518,-2.9687499999999996,0.05
519,-2.843750000000001,0.05
520,-3.2712500000000007,0.05
521,-2.903750000000001,0.05
522,-2.7500000000000004,0.05
523,-2.7300000000000004,0.05
524,-2.837500000000001,0.05
525,-2.775000000000001,0.05
526,-3.0462500000000006,0.05
527,-2.8850000000000007,0.05
528,-2.836250000000001,0.05
529,-0.2799999999999998,0.05
530,-2.9000000000000004,0.05
531,-3.9149999999999987,0.05
532,-2.8625000000000003,0.05
533,-2.9875000000000007,0.05
534,-2.893750000000001,0.05
535,-2.890000000000001,0.05
536,-2.8424999999999994,0.05
537,-2.9000000000000012,0.05
538,-0.4037499999999994,0.05
539,-2.8062500000000004,0.05
540,-0.5949999999999993,0.05
541,-1.2337500000000012,0.05
542,-2.7875000000000005,0.05
543,-2.8312500000000007,0.05
544,-2.997500000000001,0.05
545,-2.8000000000000007,0.05
546,-2.7925000000000004,0.05
547,1.43875,0.05
548,-2.847500000000001,0.05
549,-3.0987500000000012,0.05
550,-2.8250000000000006,0.05
551,-2.8674999999999997,0.05
552,-0.3287499999999999,0.05
553,-2.875000000000001,0.05
554,-2.8362499999999997,0.05
555,-2.7500000000000004,0.05
556,-2.850000000000001,0.05
557,-2.8937500000000007,0.05
558,-2.912500000000001,0.05
559,-3.0625000000000004,0.05
560,-2.850000000000001,0.05
561,-2.7800000000000002,0.05
562,-2.8375,0.05
563,-2.8675000000000006,0.05
564,-2.911250000000001,0.05
565,-2.961250000000001,0.05
566,-2.85625,0.05
567,-2.792500000000001,0.05
568,-2.8300000000000005,0.05
569,-2.9312500000000012,0.05
570,-2.868750000000001,0.05
571,-2.925,0.05
572,-0.5187499999999994,0.05
573,-2.9425000000000012,0.05
574,-3.055,0.05
575,-3.023750000000001,0.05
576,-2.7562500000000005,0.05
577,-2.7875000000000005,0.05
578,1.35375,0.05
579,-2.89875,0.05
580,-2.7437500000000004,0.05
581,-2.850000000000001,0.05
582,-2.8000000000000007,0.05
583,-2.7125000000000004,0.05
584,1.46375,0.05
585,-2.9312500000000012,0.05
586,-2.850000000000001,0.05
587,-2.775000000000001,0.05
588,-2.7687500000000007,0.05
589,-2.7800000000000007,0.05
590,-2.900000000000001,0.05
591,-2.875000000000001,0.05
592,-2.931250000000001,0.05
593,1.0750000000000002,0.05
594,-2.853750000000001,0.05
595,0.016250000000000098,0.05
596,-3.040000000000001,0.05
597,-2.893750000000001,0.05
598,1.0250000000000001,0.05
599,-0.7812500000000002,0.05
600,-2.8000000000000007,0.05
601,-1.0012500000000004,0.05
602,-2.975,0.05
603,-2.6875000000000004,0.05
604,-2.730000000000001,0.05
605,-2.866250000000001,0.05
606,-2.8537500000000007,0.05
607,1.06125,0.05
608,-0.5487499999999992,0.05
609,-2.825000000000001,0.05
610,-2.9800000000000018,0.05
611,-2.830000000000001,0.05
612,1.27,0.05
613,-2.7375000000000007,0.05
614,-2.848750000000001,0.05
615,1.435,0.05
616,-2.7250000000000005,0.05
617,-2.7500000000000004,0.05
618,-2.7500000000000004,0.05
619,1.32,0.05
620,-2.912500000000001,0.05
621,-0.7324999999999993,0.05
622,-0.8,0.05
623,1.3800000000000001,0.05
624,-0.047499999999999876,0.05
625,-2.8562500000000006,0.05
626,-2.7875000000000005,0.05
627,-2.8000000000000007,0.05
628,-3.6887499999999993,0.05
629,1.02,0.05
630,0.018750000000000044,0.05
631,-2.7875000000000005,0.05
632,-1.1150000000000009,0.05
633,-1.0700000000000005,0.05
634,-2.817500000000001,0.05
635,-3.205000000000002,0.05
636,-3.1937500000000023,0.05
637,-2.7800000000000007,0.05
638,-2.825000000000001,0.05
639,-2.7487500000000002,0.05
640,-0.2837499999999995,0.05
641,-2.861250000000001,0.05
642,-2.786250000000001,0.05
643,-2.905000000000001,0.05
644,-0.4349999999999994,0.05
645,-2.8250000000000006,0.05
646,-2.7800000000000007,0.05
647,-2.812500000000001,0.05
648,1.45875,0.05
649,-2.806250000000001,0.05
650,-2.9425000000000012,0.05
651,-2.7687500000000007,0.05
652,-2.900000000000001,0.05
653,-2.7125000000000004,0.05
654,-0.2787499999999996,0.05
655,-2.950000000000001,0.05
656,-2.825000000000001,0.05
657,-2.9000000000000012,0.05
658,-2.818750000000001,0.05
659,-3.265000000000001,0.05
660,-2.9912500000000013,0.05
661,-2.875000000000001,0.05
662,-2.9562499999999994,0.05
663,-2.8312500000000007,0.05
664,-2.7125000000000004,0.05
665,-0.6862499999999996,0.05
666,-3.2650000000000015,0.05
667,-2.8062500000000012,0.05
668,-2.7987500000000005,0.05
669,-2.9675000000000007,0.05
670,-2.892500000000001,0.05
671,-2.7912500000000002,0.05
672,-3.0062500000000014,0.05
673,-2.9987499999999994,0.05
674,-3.755,0.05
675,-2.7800000000000007,0.05
676,-0.22250000000000014,0.05
677,-3.028750000000001,0.05
678,-2.8312500000000007,0.05
679,-2.9037500000000014,0.05
680,-2.873750000000001,0.05
681,-2.775000000000001,0.05
682,-2.893750000000001,0.05
683,-2.9400000000000013,0.05
684,-2.9312500000000012,0.05
685,-2.9400000000000004,0.05
686,-2.7687500000000007,0.05
687,-3.080000000000001,0.05
688,-2.7875000000000005,0.05
689,-2.7625000000000006,0.05
690,1.3687500000000001,0.05
691,1.2200000000000002,0.05
692,-2.6750000000000003,0.05
693,-2.862500000000001,0.05
694,-2.961250000000001,0.05
695,-2.825000000000001,0.05
696,-0.8024999999999995,0.05
697,-2.9187499999999993,0.05
698,-2.881250000000001,0.05
699,-2.886250000000001,0.05
700,-2.862500000000001,0.05
701,-2.968750000000001,0.05
702,-2.6812500000000004,0.05
703,-2.9687499999999996,0.05
704,-2.9575,0.05
705,-3.517500000000002,0.05
706,-2.923750000000001,0.05
707,-2.810000000000001,0.05
708,-2.9800000000000013,0.05
709,-2.800000000000001,0.05
710,1.31125,0.05
711,-2.7312500000000006,0.05
712,-2.8437500000000004,0.05
713,-2.865000000000001,0.05
714,-2.861250000000001,0.05
715,-2.903750000000001,0.05
716,-2.8312500000000007,0.05
717,1.0250000000000001,0.05
718,0.09375,0.05
719,-2.8987499999999997,0.05
720,-2.881250000000001,0.05
721,-3.096250000000001,0.05
722,-2.9875000000000007,0.05
723,-2.918750000000001,0.05
724,-2.7875000000000005,0.05
725,-2.7625000000000006,0.05
726,-0.8949999999999998,0.05
727,-2.9112500000000012,0.05
728,1.13625,0.05
729,-0.2587499999999996,0.05
730,-2.8912500000000008,0.05
731,0.3087500000000003,0.05
732,0.09125000000000028,0.05
733,-3.5025000000000026,0.05
734,-2.9637500000000006,0.05
735,-2.82375,0.05
736,-2.9425000000000012,0.05
737,-2.900000000000001,0.05
738,-2.9624999999999995,0.05
739,-2.7937500000000006,0.05
740,-2.917500000000001,0.05
741,-2.893750000000001,0.05
742,-2.8850000000000007,0.05
743,-2.886250000000001,0.05
744,-2.9375000000000004,0.05
745,-2.7800000000000007,0.05
746,-2.7875,0.05
747,-2.830000000000001,0.05
748,-2.950000000000001,0.05
749,-2.8000000000000007,0.05
750,-2.9349999999999996,0.05
751,-2.7500000000000004,0.05
752,0.6412499999999999,0.05
753,-2.937500000000001,0.05
754,-2.787500000000001,0.05
755,-0.7187499999999998,0.05
756,1.02625,0.05
757,-2.930000000000001,0.05
758,-2.918750000000001,0.05
759,-2.8562500000000006,0.05
760,-2.893750000000001,0.05
761,-2.855000000000001,0.05
762,-3.7437500000000004,0.05
763,-2.8112500000000007,0.05
764,-3.5887500000000006,0.05
765,-2.818750000000001,0.05
766,-2.852499999999999,0.05
767,-2.875000000000001,0.05
768,0.21500000000000008,0.05
769,0.5299999999999998,0.05
770,-2.812500000000001,0.05
771,0.7712499999999999,0.05
772,-2.6875000000000004,0.05
773,-3.407500000000002,0.05
774,-2.9237500000000014,0.05
775,-2.806250000000001,0.05
776,-2.875000000000001,0.05
777,-2.74375,0.05
778,-0.7649999999999999,0.05
779,-2.812500000000001,0.05
780,0.09750000000000014,0.05
781,-2.786250000000001,0.05
782,-4.11,0.05
783,-3.764999999999999,0.05
784,-2.893750000000001,0.05
785,-2.7212500000000004,0.05
786,-2.9375000000000018,0.05
787,-2.8100000000000005,0.05
788,1.22875,0.05
789,-2.8000000000000007,0.05
790,-2.923750000000001,0.05
791,-2.7437500000000004,0.05
792,-2.911250000000001,0.05
793,-3.253750000000001,0.05
794,-2.862500000000001,0.05
795,-2.912500000000001,0.05
796,-2.812500000000001,0.05
797,-2.6487499999999997,0.05
798,-3.115,0.05
799,-2.9112500000000003,0.05
800,-2.786250000000001,0.05
801,-2.9062500000000013,0.05
802,-2.8750000000000004,0.05
803,-2.74875,0.05
804,-2.9237500000000014,0.05
805,-2.948750000000001,0.05
806,-2.825000000000001,0.05
807,-2.75625,0.05
808,-3.3925000000000023,0.05
809,-2.987500000000001,0.05
810,0.4012499999999999,0.05
811,-2.8437500000000004,0.05
812,-2.7300000000000004,0.05
813,-3.72,0.05
814,-3.2075000000000005,0.05
815,-0.3724999999999994,0.05
816,-0.7850000000000001,0.05
817,-2.8174999999999994,0.05
818,-2.900000000000001,0.05
819,-2.880000000000001,0.05
820,-2.8237500000000004,0.05
821,0.47499999999999976,0.05
822,-3.98125,0.05
823,-3.4375000000000004,0.05
824,-2.806250000000001,0.05
825,-2.8787499999999997,0.05
826,-2.58,0.05
827,-2.95,0.05
828,0.3224999999999998,0.05
829,-2.843750000000001,0.05
830,-2.7675,0.05
831,-2.9237500000000014,0.05
832,-2.950000000000001,0.05
833,1.2112500000000002,0.05
834,-2.9099999999999993,0.05
835,-2.8000000000000007,0.05
836,-2.835000000000001,0.05
837,-2.980000000000001,0.05
838,-2.7937500000000006,0.05
839,0.17125000000000012,0.05
840,-2.6750000000000007,0.05
841,-3.4375000000000018,0.05
842,-0.5124999999999988,0.05
843,-2.950000000000001,0.05
844,-2.8750000000000013,0.05
845,-3.0674999999999994,0.05
846,-3.002499999999999,0.05
847,-4.090000000000001,0.05
848,-2.8437500000000004,0.05
849,-2.9600000000000004,0.05
850,0.26249999999999996,0.05
851,-2.8187500000000005,0.05
852,-2.842500000000001,0.05
853,-3.371250000000001,0.05
854,-2.9312500000000012,0.05
855,-2.825000000000001,0.05
856,-2.922500000000001,0.05
857,-2.8425000000000007,0.05
858,0.34999999999999987,0.05
859,-1.0137500000000002,0.05
860,1.3175000000000001,0.05
861,-3.062500000000001,0.05
862,-2.9224999999999994,0.05
863,-2.8937500000000007,0.05
864,-3.0025000000000013,0.05
865,-2.912500000000001,0.05
866,1.2075,0.05
867,-2.8000000000000007,0.05
868,-2.78,0.05
869,-1.0687499999999999,0.05
870,-2.9562500000000003,0.05
871,-2.7937500000000006,0.05
872,-3.0950000000000015,0.05
873,-3.36875,0.05
874,-3.220000000000001,0.05
875,-3.563750000000001,0.05
876,-2.7437499999999995,0.05
877,-0.7137499999999994,0.05
878,-2.7812500000000004,0.05
879,-2.73125,0.05
880,-3.1275,0.05
881,-3.7700000000000005,0.05
882,0.9525000000000001,0.05
883,-0.28624999999999945,0.05
884,-2.961250000000001,0.05
885,-2.84375,0.05
886,-2.6500000000000004,0.05
887,-2.850000000000001,0.05
888,-2.881250000000001,0.05
889,-3.060000000000001,0.05
890,-0.12499999999999933,0.05
891,-2.9300000000000015,0.05
892,1.2862500000000001,0.05
893,-3.0137499999999995,0.05
894,-2.8650000000000007,0.05
895,0.3062499999999999,0.05
896,-2.56875,0.05
897,1.0462500000000001,0.05
898,-1.2724999999999995,0.05
899,-0.8737499999999998,0.05
900,-2.912500000000001,0.05
901,-3.6549999999999994,0.05
902,-3.092499999999998,0.05
903,-2.9800000000000013,0.05
904,-0.13499999999999956,0.05
905,1.15,0.05
906,-2.900000000000001,0.05
907,-3.67,0.05
908,1.4775,0.05
909,-0.031249999999999778,0.05
910,-2.6999999999999993,0.05
911,1.0975000000000001,0.05
912,-2.7812500000000004,0.05
913,-0.2837499999999995,0.05
914,1.34,0.05
915,-2.825000000000001,0.05
916,-2.950000000000001,0.05
917,-2.886250000000001,0.05
918,-0.6762499999999991,0.05
919,-3.212500000000002,0.05
920,-2.835000000000001,0.05
921,-3.0062499999999996,0.05
922,-2.9262500000000014,0.05
923,-3.3350000000000017,0.05
924,-2.7500000000000004,0.05
925,1.0437500000000002,0.05
926,-3.0137500000000004,0.05
927,-2.952500000000001,0.05
928,-3.010000000000001,0.05
929,-3.7699999999999987,0.05
930,-3.0762500000000013,0.05
931,-2.912500000000001,0.05
932,-2.883750000000001,0.05
933,-2.7500000000000004,0.05
934,-2.875000000000001,0.05
935,-0.009999999999999787,0.05
936,-0.35249999999999937,0.05
937,0.5162500000000002,0.05
938,1.2275,0.05
939,-2.9425000000000012,0.05
940,-2.7875000000000005,0.05
941,-0.7899999999999998,0.05
942,-2.875000000000001,0.05
943,1.51375,0.05
944,-2.900000000000001,0.05
945,-2.893750000000001,0.05
946,-2.912500000000001,0.05
947,-0.6862499999999998,0.05
948,-3.403750000000001,0.05
949,-2.843750000000001,0.05
950,-2.775000000000001,0.05
951,-2.818750000000001,0.05
952,0.7912500000000001,0.05
953,0.17250000000000054,0.05
954,-2.995,0.05
955,-2.9800000000000013,0.05
956,-2.9312500000000012,0.05
957,-0.08874999999999988,0.05
958,-2.8562500000000006,0.05
959,-2.7624999999999993,0.05
960,-3.10375,0.05
961,-0.1124999999999996,0.05
962,-3.2049999999999996,0.05
963,-2.823750000000001,0.05
964,-2.856250000000001,0.05
965,-2.911250000000001,0.05
966,1.3362500000000002,0.05
967,-2.8000000000000007,0.05
968,-2.843750000000001,0.05
969,-2.7687500000000007,0.05
970,-2.8187500000000005,0.05
971,-2.862500000000001,0.05
972,-2.855000000000001,0.05
973,-3.080000000000001,0.05
974,-2.7974999999999994,0.05
975,-0.23249999999999948,0.05
976,-3.163750000000001,0.05
977,0.5787499999999999,0.05
978,-2.8187500000000005,0.05
979,0.25125,0.05
980,1.1275,0.05
981,-3.246250000000001,0.05
982,-2.9187499999999993,0.05
983,0.3074999999999999,0.05
984,-2.7375000000000007,0.05
985,-3.288750000000002,0.05
986,-3.0025,0.05
987,-0.1912499999999997,0.05
988,-3.2537499999999993,0.05
989,-2.9525,0.05
990,-2.79375,0.05
991,-2.912500000000001,0.05
992,-2.843750000000001,0.05
993,0.05500000000000038,0.05
994,0.2387499999999998,0.05
995,-2.7500000000000004,0.05
996,-2.8625000000000007,0.05
997,-2.880000000000001,0.05
998,0.745,0.05
999,-2.7625000000000006,0.05
1000,-2.950000000000001,0.05
1001,-2.9062499999999996,0.05
1002,1.1575,0.05
1003,-2.818750000000001,0.05
1004,-2.8675,0.05
1005,-2.837500000000001,0.05
1006,1.1237500000000002,0.05
1007,-2.7875000000000005,0.05
1008,-2.950000000000001,0.05
1009,-2.7550000000000003,0.05
1010,1.07875,0.05
1011,-3.0875000000000012,0.05
1012,-2.881250000000001,0.05
1013,0.5287499999999997,0.05
1014,-0.5837499999999991,0.05
1015,0.17874999999999996,0.05
1016,-2.881250000000001,0.05
1017,-3.0224999999999995,0.05
1018,-2.8125000000000013,0.05
1019,-3.231250000000002,0.05
1020,-2.843750000000001,0.05
1021,-0.1799999999999995,0.05
1022,0.2975000000000003,0.05
1023,-2.8687500000000012,0.05
1024,-2.850000000000001,0.05
1025,-2.881250000000001,0.05
1026,1.4900000000000002,0.05
1027,1.29125,0.05
1028,-2.911250000000001,0.05
1029,-2.850000000000001,0.05
1030,0.20250000000000035,0.05
1031,0.8075,0.05
1032,-2.806250000000001,0.05
1033,-0.13249999999999984,0.05
1034,-2.8612500000000014,0.05
1035,-1.1437500000000005,0.05
1036,-2.743750000000001,0.05
1037,-3.0600000000000014,0.05
1038,-0.8862500000000002,0.05
1039,-2.7687500000000007,0.05
1040,-2.7687500000000007,0.05
1041,1.2,0.05
1042,-2.7800000000000007,0.05
1043,-2.8300000000000005,0.05
1044,-2.862500000000001,0.05
1045,-2.68,0.05
1046,1.0750000000000002,0.05
1047,-2.8787500000000006,0.05
1048,0.98,0.05
1049,-2.9562500000000003,0.05
1050,-2.875000000000001,0.05
1051,-0.7449999999999999,0.05
1052,-2.8750000000000013,0.05
1053,-0.8099999999999987,0.05
1054,-2.817500000000001,0.05
1055,-3.13,0.05
1056,-2.7875000000000005,0.05
1057,1.25875,0.05
1058,0.4349999999999996,0.05
1059,0.46999999999999964,0.05
1060,-2.7062500000000003,0.05
1061,1.37,0.05
1062,-3.883749999999999,0.05
1063,1.385,0.05
1064,0.80375,0.05
1065,-2.950000000000001,0.05
1066,-2.7875,0.05
1067,-2.8250000000000006,0.05
1068,-2.8675000000000006,0.05
1069,0.3637499999999998,0.05
1070,-2.956250000000001,0.05
1071,-3.117500000000001,0.05
1072,-2.9712500000000004,0.05
1073,1.44875,0.05
1074,-2.7687500000000007,0.05
1075,-2.798750000000001,0.05
1076,-3.0524999999999993,0.05
1077,-2.8800000000000012,0.05
1078,0.05875000000000008,0.05
1079,-0.8987499999999988,0.05
1080,-2.950000000000001,0.05
1081,-2.9800000000000013,0.05
1082,0.3012499999999998,0.05
1083,-3.208750000000002,0.05
1084,0.1675000000000002,0.05
1085,-2.818750000000001,0.05
1086,-2.8937500000000007,0.05
1087,0.15874999999999995,0.05
1088,-2.8225000000000002,0.05
1089,-2.806249999999999,0.05
1090,0.7387499999999999,0.05
1091,-2.873750000000001,0.05
1092,-2.71125,0.05
1093,-2.7437500000000004,0.05
1094,-3.1300000000000017,0.05
1095,-1.1487500000000008,0.05
1096,-3.040000000000001,0.05
1097,-2.9125000000000005,0.05
1098,0.42249999999999965,0.05
1099,-2.8750000000000013,0.05
1100,-2.8312500000000003,0.05
1101,-2.867500000000001,0.05
1102,-2.7812500000000004,0.05
1103,0.1262500000000002,0.05
1104,0.7875,0.05
1105,-2.775000000000001,0.05
1106,1.4400000000000002,0.05
1107,-2.8312500000000007,0.05
1108,-2.7875000000000005,0.05
1109,-2.8000000000000003,0.05
1110,1.2225000000000001,0.05
1111,-2.900000000000001,0.05
1112,-2.775000000000001,0.05
1113,0.7637499999999999,0.05
1114,0.8175,0.05
1115,-0.40499999999999914,0.05
1116,-2.7875000000000005,0.05
1117,-2.850000000000001,0.05
1118,-3.0587500000000016,0.05
1119,-3.2512500000000024,0.05
1120,-2.900000000000001,0.05
1121,-2.8000000000000007,0.05
1122,-2.8000000000000007,0.05
1123,0.5762499999999999,0.05
1124,1.20375,0.05
1125,-3.12625,0.05
1126,-3.0000000000000004,0.05
1127,-0.9349999999999994,0.05
1128,1.155,0.05
1129,1.42625,0.05
1130,0.7299999999999999,0.05
1131,0.32499999999999973,0.05
1132,-2.900000000000001,0.05
1133,-2.8750000000000004,0.05
1134,0.915,0.05
1135,-2.950000000000001,0.05
1136,-2.7000000000000006,0.05
1137,-2.892500000000001,0.05
1138,-3.236250000000002,0.05
1139,-3.1975000000000002,0.05
1140,-3.189999999999999,0.05
1141,-3.8587499999999997,0.05
1142,-2.823750000000001,0.05
1143,-0.38999999999999946,0.05
1144,-2.59875,0.05
1145,-2.6300000000000003,0.05
1146,-2.8062500000000012,0.05
1147,1.0350000000000001,0.05
1148,-2.8562500000000006,0.05
1149,0.1412500000000001,0.05
1150,-2.725,0.05
1151,-2.9312500000000012,0.05
1152,-2.8500000000000005,0.05
1153,-2.7687500000000007,0.05
1154,-2.892500000000001,0.05
1155,-2.7675000000000005,0.05
1156,-2.817500000000001,0.05
1157,-2.7375000000000007,0.05
1158,0.14874999999999994,0.05
1159,-2.850000000000001,0.05
1160,-2.8125000000000013,0.05
1161,-2.931250000000001,0.05
1162,-2.893750000000001,0.05
1163,-0.9662500000000003,0.05
1164,-2.6175,0.05
1165,0.6974999999999999,0.05
1166,-4.124999999999999,0.05
1167,-3.346250000000002,0.05
1168,-2.8112500000000007,0.05
1169,-1.1000000000000008,0.05
1170,-2.7375000000000007,0.05
1171,-2.775000000000001,0.05
1172,-3.3287499999999994,0.05
1173,-2.98,0.05
1174,-0.04249999999999976,0.05
1175,-0.41499999999999937,0.05
1176,-2.7500000000000004,0.05
1177,0.41624999999999956,0.05
1178,0.3424999999999998,0.05
1179,1.0950000000000002,0.05
1180,1.5175,0.05
1181,-2.7375000000000007,0.05
1182,-2.818750000000001,0.05
1183,1.3,0.05
1184,-1.3037500000000009,0.05
1185,-2.7675000000000005,0.05
1186,-2.806250000000001,0.05
1187,-2.991250000000001,0.05
1188,-3.91625,0.05
1189,1.1687500000000002,0.05
1190,1.2525,0.05
1191,-2.786250000000001,0.05
1192,-2.7800000000000002,0.05
1193,-2.867500000000001,0.05
1194,-2.881250000000001,0.05
1195,0.35375,0.05
1196,-0.25999999999999956,0.05
1197,0.43500000000000005,0.05
1198,-2.9525000000000006,0.05
1199,-2.971250000000001,0.05
1200,0.40249999999999986,0.05
1201,-0.07749999999999946,0.05
1202,-3.0700000000000003,0.05
1203,-2.806250000000001,0.05
1204,-2.7187500000000004,0.05
1205,-2.7224999999999997,0.05
1206,0.6612499999999999,0.05
1207,-2.7625000000000006,0.05
1208,-0.399999999999999,0.05
1209,-2.897500000000001,0.05
1210,-2.9312500000000012,0.05
1211,-0.5737499999999993,0.05
1212,-2.875000000000001,0.05
1213,-2.8000000000000007,0.05
1214,-2.862500000000001,0.05
1215,1.2275,0.05
1216,-2.7937500000000006,0.05
1217,-0.2737499999999995,0.05
1218,-0.7812499999999987,0.05
1219,-2.9637500000000006,0.05
1220,-0.8850000000000005,0.05
1221,0.45625000000000004,0.05
1222,-1.1937500000000003,0.05
1223,1.4025,0.05
1224,-0.01124999999999976,0.05
1225,-2.7250000000000005,0.05
1226,-2.8737500000000007,0.05
1227,-2.8312500000000007,0.05
1228,0.84625,0.05
1229,-2.881250000000001,0.05
1230,-1.073750000000001,0.05
1231,-2.950000000000001,0.05
1232,-0.4087499999999993,0.05
1233,-4.201249999999999,0.05
1234,0.925,0.05
1235,-2.850000000000001,0.05
1236,-0.7362499999999998,0.05
1237,1.21,0.05
1238,-2.850000000000001,0.05
1239,-3.1712499999999992,0.05
1240,1.19875,0.05
1241,-2.7437500000000004,0.05
1242,-2.8112500000000002,0.05
1243,0.3250000000000002,0.05
1244,-0.3299999999999996,0.05
1245,-2.775000000000001,0.05
1246,-2.900000000000001,0.05
1247,-0.1749999999999996,0.05
1248,-0.18999999999999995,0.05
1249,-2.881250000000001,0.05
1250,-2.8112500000000002,0.05
1251,-0.9762499999999996,0.05
1252,-0.3349999999999993,0.05
1253,-3.4825000000000004,0.05
1254,-2.8400000000000003,0.05
1255,0.18499999999999983,0.05
1256,-2.7187500000000004,0.05
1257,-0.7574999999999996,0.05
1258,-2.6987500000000004,0.05
1259,1.3050000000000002,0.05
1260,-0.7987500000000003,0.05
1261,-3.067500000000001,0.05
1262,-2.867500000000001,0.05
1263,-3.6625,0.05
1264,-3.755,0.05
1265,-2.8000000000000007,0.05
1266,-2.843750000000001,0.05
1267,-2.893750000000001,0.05
1268,-1.1062500000000008,0.05
1269,0.99,0.05
1270,-2.8000000000000007,0.05
1271,-0.2149999999999994,0.05
1272,-0.9775000000000003,0.05
1273,0.15375000000000005,0.05
1274,0.21750000000000003,0.05
1275,-3.110000000000001,0.05
1276,-3.1225000000000014,0.05
1277,0.71375,0.05
1278,0.8912500000000001,0.05
1279,-2.8562500000000006,0.05
1280,-3.414999999999999,0.05
1281,0.94625,0.05
1282,-2.7562500000000005,0.05
1283,-2.8000000000000007,0.05
1284,-2.8112500000000007,0.05
1285,-2.836250000000001,0.05
1286,-2.912500000000001,0.05
1287,0.34125000000000005,0.05
1288,-0.46374999999999944,0.05
1289,-0.061249999999999805,0.05
1290,-2.95625,0.05
1291,-2.825000000000001,0.05
1292,-0.4249999999999994,0.05
1293,-2.7875000000000005,0.05
1294,1.0950000000000002,0.05
1295,1.135,0.05
1296,1.11125,0.05
1297,-2.825000000000001,0.05
1298,-0.8612500000000003,0.05
1299,-3.1262500000000006,0.05
1300,0.875,0.05
1301,-0.16624999999999956,0.05
1302,-2.7862500000000003,0.05
1303,-2.9812499999999993,0.05
1304,1.21625,0.05
1305,0.32499999999999973,0.05
1306,0.4399999999999997,0.05
1307,0.1862499999999998,0.05
1308,-2.7250000000000005,0.05
1309,-2.837500000000001,0.05
1310,-2.825000000000001,0.05
1311,0.010000000000000009,0.05
1312,-1.0775000000000003,0.05
1313,0.9512500000000002,0.05
1314,0.39624999999999977,0.05
1315,-2.8562500000000006,0.05
1316,-0.4649999999999994,0.05
1317,-2.8375000000000004,0.05
1318,0.5624999999999998,0.05
1319,1.0750000000000002,0.05
1320,0.83125,0.05
1321,0.83625,0.05
1322,0.99,0.05
1323,-0.9462499999999998,0.05
1324,0.3112499999999998,0.05
1325,-2.8937500000000003,0.05
1326,-2.7062500000000003,0.05
1327,-2.9312499999999995,0.05
1328,-2.8750000000000013,0.05
1329,-0.37249999999999983,0.05
1330,-2.775000000000001,0.05
1331,-2.806250000000001,0.05
1332,1.3050000000000002,0.05
1333,0.5674999999999998,0.05
1334,-2.7250000000000005,0.05
1335,1.04,0.05
1336,-2.775000000000001,0.05
1337,-2.7937499999999997,0.05
1338,-0.07124999999999981,0.05
1339,-1.0200000000000007,0.05
1340,-0.9450000000000003,0.05
1341,0.9162500000000001,0.05
1342,1.43625,0.05
1343,0.003750000000000364,0.05
1344,1.0,0.05
1345,-2.7375000000000003,0.05
1346,-2.80625,0.05
1347,1.0575,0.05
1348,1.0137500000000002,0.05
1349,-2.6937500000000005,0.05
1350,0.7625,0.05
1351,-2.8062500000000004,0.05
1352,0.3637499999999998,0.05
1353,-0.72875,0.05
1354,-1.18625,0.05
1355,-2.865000000000001,0.05
1356,-2.923750000000001,0.05
1357,-3.336250000000002,0.05
1358,-3.113749999999999,0.05
1359,-2.9687500000000013,0.05
1360,-0.41999999999999926,0.05
1361,-3.5837499999999993,0.05
1362,-1.2224999999999995,0.05
1363,-0.7174999999999996,0.05
1364,-0.5137499999999993,0.05
1365,-2.881250000000001,0.05
1366,-0.9550000000000005,0.05
1367,-2.8062500000000012,0.05
1368,-2.8162500000000006,0.05
1369,-0.06499999999999995,0.05
1370,0.6949999999999998,0.05
1371,1.1175000000000002,0.05
1372,-0.8350000000000002,0.05
1373,0.815,0.05
1374,0.8737500000000001,0.05
1375,-3.4112499999999986,0.05
1376,1.495,0.05
1377,-2.7,0.05
1378,-3.4699999999999998,0.05
1379,0.05500000000000016,0.05
1380,0.37999999999999967,0.05
1381,0.585,0.05
1382,0.9362500000000001,0.05
1383,-0.04999999999999982,0.05
1384,-2.6812500000000004,0.05
1385,-2.98,0.05
1386,-2.8050000000000006,0.05
1387,-2.8750000000000004,0.05
1388,1.51375,0.05
1389,-2.9875000000000007,0.05
1390,1.4187500000000002,0.05
1391,0.935,0.05
1392,-1.0575000000000003,0.05
1393,-2.9162500000000007,0.05
1394,-0.4037499999999994,0.05
1395,1.32,0.05
1396,-2.7875,0.05
1397,-2.7875,0.05
1398,0.0787500000000001,0.05
1399,0.015000000000000124,0.05
1400,-2.8625000000000007,0.05
1401,-2.900000000000001,0.05
1402,0.26000000000000023,0.05
1403,0.18249999999999988,0.05
1404,-2.880000000000001,0.05
1405,-2.9999999999999996,0.05
1406,0.84125,0.05
1407,1.1425,0.05
1408,-2.893750000000001,0.05
1409,1.03375,0.05
1410,0.08000000000000007,0.05
1411,0.6349999999999998,0.05
1412,0.9475,0.05
1413,-2.806250000000001,0.05
1414,-0.4649999999999994,0.05
1415,-2.900000000000001,0.05
1416,0.99125,0.05
1417,0.1649999999999998,0.05
1418,-2.850000000000001,0.05
1419,0.5124999999999997,0.05
1420,0.7024999999999998,0.05
1421,-2.950000000000001,0.05
1422,-2.950000000000001,0.05
1423,0.6849999999999999,0.05
1424,-2.9712500000000004,0.05
1425,1.2525,0.05
1426,-2.862500000000001,0.05
1427,1.36,0.05
1428,0.8975,0.05
1429,-2.8362500000000006,0.05
1430,0.925,0.05
1431,-2.775000000000001,0.05
1432,-1.2012500000000006,0.05
1433,-2.7250000000000005,0.05
1434,0.6874999999999999,0.05
1435,-0.21374999999999944,0.05
1436,0.83375,0.05
1437,0.6974999999999999,0.05
1438,-3.7225000000000006,0.05
1439,1.4300000000000002,0.05
1440,-3.230000000000002,0.05
1441,0.85125,0.05
1442,0.43999999999999995,0.05
1443,-2.875000000000001,0.05
1444,0.4349999999999996,0.05
1445,1.05125,0.05
1446,1.39375,0.05
1447,-1.0587500000000005,0.05
1448,-2.7987500000000005,0.05
1449,-0.6049999999999993,0.05
1450,1.1725,0.05
1451,1.095,0.05
1452,0.84375,0.05
1453,-2.81625,0.05
1454,-2.7687500000000007,0.05
1455,-2.6562500000000004,0.05
1456,1.19,0.05
1457,0.2549999999999999,0.05
1458,0.8912500000000001,0.05
1459,0.4524999999999999,0.05
1460,-0.7362499999999998,0.05
1461,-2.843750000000001,0.05
1462,-0.018749999999999822,0.05
1463,1.5137500000000002,0.05
1464,-2.881250000000001,0.05
1465,0.7099999999999999,0.05
1466,0.4824999999999996,0.05
1467,0.3174999999999999,0.05
1468,1.13875,0.05
1469,0.6587500000000001,0.05
1470,1.3462500000000002,0.05
1471,0.3699999999999999,0.05
1472,0.5349999999999998,0.05
1473,1.0375,0.05
1474,-2.8000000000000007,0.05
1475,1.15375,0.05
1476,0.15374999999999983,0.05
1477,1.0375,0.05
1478,0.84,0.05
1479,-2.7875000000000005,0.05
1480,1.5225000000000002,0.05
1481,1.2475,0.05
1482,1.24,0.05
1483,1.17625,0.05
1484,1.0237500000000002,0.05
1485,1.12375,0.05
1486,-2.7000000000000006,0.05
1487,1.125,0.05
1488,0.86875,0.05
1489,0.9325000000000001,0.05
1490,0.40624999999999956,0.05
1491,0.55625,0.05
1492,-0.34874999999999967,0.05
1493,1.3025,0.05
1494,0.3787499999999997,0.05
1495,0.7649999999999999,0.05
1496,-2.9312500000000012,0.05
1497,0.37249999999999983,0.05
1498,1.115,0.05
1499,0.4212499999999997,0.05
1500,0.97875,0.05
1501,1.39375,0.05
1502,0.050000000000000266,0.05
1503,0.24250000000000016,0.05
1504,-0.22999999999999954,0.05
1505,1.225,0.05
1506,-2.7300000000000004,0.05
1507,-0.07499999999999973,0.05
1508,-2.8312500000000007,0.05
1509,0.9900000000000001,0.05
1510,-0.10249999999999981,0.05
1511,-2.942500000000001,0.05
1512,1.08125,0.05
1513,-2.8125000000000004,0.05
1514,-0.5624999999999993,0.05
1515,-0.29249999999999976,0.05
1516,-2.892500000000001,0.05
1517,0.20750000000000002,0.05
1518,0.4562499999999997,0.05
1519,0.24624999999999986,0.05
1520,-2.8562500000000006,0.05
1521,0.88,0.05
1522,-2.881250000000001,0.05
1523,-2.942500000000001,0.05
1524,-1.5725000000000013,0.05
1525,0.4137499999999996,0.05
1526,-2.841250000000001,0.05
1527,1.04,0.05
1528,-2.8550000000000004,0.05
1529,0.90625,0.05
1530,-2.8562500000000006,0.05
1531,-3.136250000000001,0.05
1532,0.725,0.05
1533,0.0887500000000001,0.05
1534,0.6599999999999999,0.05
1535,0.6399999999999998,0.05
1536,0.9475,0.05
1537,-0.0662499999999997,0.05
1538,-0.8512500000000001,0.05
1539,-0.43624999999999936,0.05
1540,-0.4662499999999994,0.05
1541,-0.38374999999999937,0.05
1542,0.09749999999999992,0.05
1543,1.2725000000000002,0.05
1544,0.6999999999999998,0.05
1545,-2.868750000000001,0.05
1546,-2.848750000000001,0.05
1547,1.18875,0.05
1548,-2.843750000000001,0.05
1549,0.02375000000000016,0.05
1550,-0.4037499999999994,0.05
1551,0.915,0.05
1552,-2.781250000000001,0.05
1553,-0.6124999999999996,0.05
1554,-2.911250000000001,0.05
1555,0.98,0.05
1556,-2.911250000000001,0.05
1557,-2.912500000000001,0.05
1558,1.11375,0.05
1559,0.7699999999999999,0.05
1560,0.725,0.05
1561,0.7425,0.05
1562,0.895,0.05
1563,1.4300000000000002,0.05
1564,0.4924999999999997,0.05
1565,1.065,0.05
1566,0.6849999999999998,0.05
1567,1.215,0.05
1568,-0.48874999999999935,0.05
1569,0.6725,0.05
1570,1.215,0.05
1571,-2.9512500000000013,0.05
1572,-0.5299999999999991,0.05
1573,-0.7074999999999994,0.05
1574,-2.900000000000001,0.05
1575,0.15999999999999992,0.05
1576,-0.24124999999999952,0.05
1577,-0.9350000000000003,0.05
1578,0.7412499999999999,0.05
1579,-0.3924999999999996,0.05
1580,0.7337499999999999,0.05
1581,-0.6774999999999995,0.05
1582,0.6024999999999999,0.05
1583,1.3800000000000001,0.05
1584,-2.6500000000000004,0.05
1585,-0.6124999999999996,0.05
1586,0.53125,0.05
1587,-2.9312500000000012,0.05
1588,-2.950000000000001,0.05
1589,-2.9687500000000013,0.05
1590,-2.941250000000001,0.05
1591,-0.3474999999999995,0.05
1592,0.7762499999999999,0.05
1593,0.78,0.05
1594,-2.787500000000001,0.05
1595,0.053750000000000187,0.05
1596,1.37,0.05
1597,0.10375000000000023,0.05
1598,-0.17249999999999943,0.05
1599,0.41624999999999956,0.05
1600,0.6424999999999997,0.05
1601,0.3112499999999998,0.05
1602,1.135,0.05
1603,-0.8612500000000003,0.05
1604,1.0750000000000002,0.05
1605,1.085,0.05
1606,0.87375,0.05
1607,0.5349999999999998,0.05
1608,-2.7875000000000005,0.05
1609,-0.8462500000000002,0.05
1610,0.23124999999999996,0.05
1611,-2.7625000000000006,0.05
1612,-2.8250000000000006,0.05
1613,0.7299999999999999,0.05
1614,-0.9950000000000003,0.05
1615,0.9837500000000001,0.05
1616,-2.830000000000001,0.05
1617,1.08125,0.05
1618,0.47499999999999976,0.05
1619,0.83,0.05
1620,1.185,0.05
1621,0.33999999999999964,0.05
1622,-0.12375000000000003,0.05
1623,-2.837500000000001,0.05
1624,0.69875,0.05
1625,0.31999999999999984,0.05
1626,-2.903750000000001,0.05
1627,1.35,0.05
1628,-2.8125000000000004,0.05
1629,0.9087500000000001,0.05
1630,1.0525,0.05
1631,-2.752500000000001,0.05
1632,0.765,0.05
1633,0.91625,0.05
1634,0.5387499999999997,0.05
1635,0.5049999999999998,0.05
1636,0.78125,0.05
1637,-2.775000000000001,0.05
1638,1.2200000000000002,0.05
1639,0.85375,0.05
1640,0.905,0.05
1641,-2.8425000000000007,0.05
1642,1.0075,0.05
1643,0.5299999999999997,0.05
1644,1.235,0.05
1645,-0.09374999999999956,0.05
1646,-2.953750000000001,0.05
1647,1.1075,0.05
1648,-0.022499999999999742,0.05
1649,-2.818750000000001,0.05
1650,0.03750000000000009,0.05
1651,1.1712500000000001,0.05
1652,-0.3462499999999995,0.05
1653,1.0450000000000002,0.05
1654,0.5674999999999998,0.05
1655,0.7512499999999999,0.05
1656,1.15625,0.05
1657,0.4399999999999997,0.05
1658,0.12250000000000005,0.05
1659,-2.867500000000001,0.05
1660,0.04875000000000007,0.05
1661,-2.893750000000001,0.05
1662,-2.775000000000001,0.05
1663,1.29875,0.05
1664,-0.5262499999999992,0.05
1665,1.215,0.05
1666,0.8049999999999999,0.05
1667,0.2899999999999998,0.05
1668,0.765,0.05
1669,-0.5387499999999992,0.05
1670,0.5162499999999998,0.05
1671,0.21624999999999983,0.05
1672,0.9700000000000001,0.05
1673,1.22875,0.05
1674,-2.831250000000001,0.05
1675,-2.812500000000001,0.05
1676,-0.09874999999999967,0.05
1677,0.90625,0.05
1678,-2.781250000000001,0.05
1679,0.5349999999999998,0.05
1680,6.661338147750939e-16,0.05
1681,0.6549999999999998,0.05
1682,-2.7112500000000006,0.05
1683,0.5837499999999999,0.05
1684,0.4937499999999997,0.05
1685,0.6912499999999999,0.05
1686,1.12375,0.05
1687,0.5812499999999998,0.05
1688,0.6399999999999998,0.05
1689,1.14375,0.05
1690,0.2962499999999997,0.05
1691,0.3462499999999997,0.05
1692,0.1812499999999999,0.05
1693,0.935,0.05
1694,0.87875,0.05
1695,-0.3012499999999998,0.05
1696,-2.9050000000000007,0.05
1697,1.18375,0.05
1698,0.17500000000000004,0.05
1699,-2.8562500000000006,0.05
1700,1.395,0.05
1701,0.006250000000000089,0.05
1702,0.19999999999999996,0.05
1703,1.11625,0.05
1704,-0.8325000000000002,0.05
1705,1.22125,0.05
1706,-0.5199999999999991,0.05
1707,1.10125,0.05
1708,0.85875,0.05
1709,0.38249999999999984,0.05
1710,-0.4699999999999993,0.05
1711,0.18499999999999983,0.05
1712,0.20624999999999982,0.05
1713,0.5899999999999997,0.05
1714,0.6724999999999999,0.05
1715,0.6537499999999998,0.05
1716,-2.768750000000001,0.05
1717,0.4199999999999997,0.05
1718,1.135,0.05
1719,0.89875,0.05
1720,-2.8562500000000006,0.05
1721,0.5837499999999998,0.05
1722,0.79875,0.05
1723,0.87875,0.05
1724,1.2925,0.05
1725,1.33875,0.05
1726,1.155,0.05
1727,0.88875,0.05
1728,-0.5424999999999993,0.05
1729,0.08500000000000019,0.05
1730,-0.2987499999999994,0.05
1731,1.0625,0.05
1732,0.5849999999999997,0.05
1733,-2.7500000000000004,0.05
1734,0.87875,0.05
1735,1.1975,0.05
1736,0.6037499999999998,0.05
1737,1.13625,0.05
1738,1.29875,0.05
1739,0.6599999999999998,0.05
1740,0.4562499999999997,0.05
1741,0.5312499999999998,0.05
1742,0.9525000000000001,0.05
1743,0.6024999999999998,0.05
1744,0.5025,0.05
1745,-0.3199999999999994,0.05
1746,1.4175,0.05
1747,0.6775,0.05
1748,1.0425,0.05
1749,-0.7212499999999997,0.05
1750,1.1687500000000002,0.05
1751,0.94625,0.05
1752,0.03625000000000034,0.05
1753,-0.9987500000000009,0.05
1754,0.9537500000000001,0.05
1755,-2.867500000000001,0.05
1756,0.015000000000000124,0.05
1757,0.77,0.05
1758,0.9637500000000001,0.05
1759,-0.7812499999999998,0.05
1760,-0.07624999999999993,0.05
1761,0.5749999999999998,0.05
1762,0.99,0.05
1763,-3.3625000000000025,0.05
1764,1.0375,0.05
1765,1.21625,0.05
1766,1.08,0.05
1767,1.0275,0.05
1768,1.0425,0.05
1769,0.04375000000000018,0.05
1770,0.8962500000000001,0.05
1771,1.08,0.05
1772,-2.6937500000000005,0.05
1773,-2.837500000000001,0.05
1774,0.7875,0.05
1775,-0.09749999999999948,0.05
1776,1.5274999999999999,0.05
1777,-0.7049999999999994,0.05
1778,1.2287500000000002,0.05
1779,1.0525,0.05
1780,1.21,0.05
1781,1.2637500000000002,0.05
1782,1.20375,0.05
1783,0.855,0.05
1784,0.6399999999999998,0.05
1785,0.9950000000000001,0.05
1786,-0.1337499999999998,0.05
1787,0.7825,0.05
1788,1.0075,0.05
1789,0.7999999999999999,0.05
1790,0.67125,0.05
1791,-2.7812500000000004,0.05
1792,0.6299999999999998,0.05
1793,1.3775000000000002,0.05
1794,0.5862499999999997,0.05
1795,-2.9425000000000012,0.05
1796,0.9700000000000001,0.05
1797,0.7575,0.05
1798,1.1075,0.05
1799,0.99,0.05
1800,0.86375,0.05
1801,1.03375,0.05
1802,0.5487499999999997,0.05
1803,1.1675,0.05
1804,1.4900000000000002,0.05
1805,0.9675,0.05
1806,0.6674999999999998,0.05
1807,-0.35374999999999956,0.05
1808,1.0375,0.05
1809,1.0562500000000001,0.05
1810,-2.7000000000000006,0.05
1811,1.01625,0.05
1812,0.7637499999999999,0.05
1813,0.7087499999999999,0.05
1814,-0.9087500000000002,0.05
1815,1.235,0.05
1816,0.6837499999999999,0.05
1817,0.7074999999999999,0.05
1818,0.4887499999999997,0.05
1819,-0.2799999999999996,0.05
1820,1.12375,0.05
1821,1.0275,0.05
1822,0.9712500000000002,0.05
1823,0.27875000000000005,0.05
1824,1.335,0.05
1825,0.915,0.05
1826,0.7762499999999999,0.05
1827,1.2725,0.05
1828,1.08875,0.05
1829,-2.8187500000000005,0.05
1830,1.0562500000000001,0.05
1831,0.9925,0.05
1832,0.9875,0.05
1833,-3.0625,0.05
1834,0.725,0.05
1835,1.00875,0.05
1836,-2.8675000000000006,0.05
1837,0.90625,0.05
1838,0.83,0.05
1839,0.7625000000000001,0.05
1840,1.345,0.05
1841,0.6837499999999999,0.05
1842,0.8125,0.05
1843,0.9775,0.05
1844,-3.3212500000000005,0.05
1845,0.9962500000000001,0.05
1846,1.1237500000000002,0.05
1847,-2.8737500000000007,0.05
1848,0.8350000000000001,0.05
1849,1.2525,0.05
1850,0.9875,0.05
1851,-0.88625,0.05
1852,0.7562499999999999,0.05
1853,-2.950000000000001,0.05
1854,-2.799999999999999,0.05
1855,1.0075,0.05
1856,1.4225,0.05
1857,-0.6712499999999999,0.05
1858,-3.253749999999999,0.05
1859,0.5999999999999998,0.05
1860,-3.4700000000000024,0.05
1861,-0.1649999999999996,0.05
1862,-0.2962499999999997,0.05
1863,1.3587500000000001,0.05
1864,0.22750000000000004,0.05
1865,0.8587500000000001,0.05
1866,1.0762500000000002,0.05
1867,0.15874999999999995,0.05
1868,-2.8437500000000004,0.05
1869,0.99,0.05
1870,1.1662500000000002,0.05
1871,0.39624999999999977,0.05
1872,1.3675000000000002,0.05
1873,0.9487500000000001,0.05
1874,1.445,0.05
1875,-2.930000000000001,0.05
1876,-0.46124999999999927,0.05
1877,1.0237500000000002,0.05
1878,0.84,0.05
1879,1.29,0.05
1880,1.1675,0.05
1881,-3.00125,0.05
1882,0.98875,0.05
1883,0.8775000000000001,0.05
1884,1.07375,0.05
1885,-2.900000000000001,0.05
1886,1.2975,0.05
1887,0.6124999999999998,0.05
1888,1.0750000000000002,0.05
1889,0.935,0.05
1890,0.9250000000000002,0.05
1891,1.37125,0.05
1892,0.87375,0.05
1893,1.3262500000000002,0.05
1894,-0.3662499999999995,0.05
1895,1.22625,0.05
1896,1.13625,0.05
1897,-2.872500000000001,0.05
1898,-2.7937500000000006,0.05
1899,1.21,0.05
1900,1.0325000000000002,0.05
1901,0.645,0.05
1902,0.9050000000000001,0.05
1903,0.9500000000000001,0.05
1904,1.1025,0.05
1905,1.20375,0.05
1906,0.9325000000000001,0.05
1907,1.16625,0.05
1908,1.36,0.05
1909,-0.19749999999999956,0.05
1910,0.5799999999999997,0.05
1911,0.24999999999999978,0.05
1912,-2.900000000000001,0.05
1913,1.06875,0.05
1914,1.50375,0.05
1915,0.9650000000000001,0.05
1916,0.9875,0.05
1917,0.9475,0.05
1918,0.9687500000000001,0.05
1919,1.31375,0.05
1920,0.9825000000000002,0.05
1921,1.44375,0.05
1922,0.6950000000000001,0.05
1923,1.40875,0.05
1924,0.10499999999999998,0.05
1925,0.9512500000000002,0.05
1926,1.07875,0.05
1927,0.46999999999999964,0.05
1928,1.4075,0.05
1929,1.3075,0.05
1930,1.1125,0.05
1931,1.0987500000000001,0.05
1932,0.9700000000000001,0.05
1933,0.7449999999999999,0.05
1934,0.80375,0.05
1935,1.28125,0.05
1936,1.09,0.05
1937,0.95625,0.05
1938,1.355,0.05
1939,0.19499999999999984,0.05
1940,1.02625,0.05
1941,0.6937499999999999,0.05
1942,0.8225,0.05
1943,1.045,0.05
1944,0.7675,0.05
1945,0.9650000000000001,0.05
1946,1.01875,0.05
1947,1.11625,0.05
1948,1.28,0.05
1949,0.93125,0.05
1950,0.9837500000000001,0.05
1951,0.4349999999999996,0.05
1952,0.8237500000000001,0.05
1953,1.0350000000000001,0.05
1954,-2.9800000000000013,0.05
1955,0.7099999999999999,0.05
1956,1.1175000000000002,0.05
1957,0.9850000000000001,0.05
1958,-0.8662499999999997,0.05
1959,0.5999999999999998,0.05
1960,1.2825000000000002,0.05
1961,-0.0924999999999998,0.05
1962,1.25875,0.05
1963,0.39874999999999994,0.05
1964,0.7212499999999998,0.05
1965,0.86125,0.05
1966,1.1125,0.05
1967,0.79875,0.05
1968,0.83625,0.05
1969,1.20625,0.05
1970,1.095,0.05
1971,0.6374999999999998,0.05
1972,1.0350000000000001,0.05
1973,1.1125,0.05
1974,0.9337500000000001,0.05
1975,0.7499999999999999,0.05
1976,1.09,0.05
1977,-0.3849999999999991,0.05
1978,0.6174999999999998,0.05
1979,1.1675,0.05
1980,1.2087500000000002,0.05
1981,0.98,0.05
1982,-0.2749999999999997,0.05
1983,0.5312499999999997,0.05
1984,0.5312499999999998,0.05
1985,1.0562500000000001,0.05
1986,0.73125,0.05
1987,-0.2987499999999994,0.05
1988,-3.0387499999999994,0.05
1989,0.7224999999999998,0.05
1990,-2.7000000000000006,0.05
1991,1.20375,0.05
1992,1.2475,0.05
1993,1.0875000000000001,0.05
1994,-2.8562500000000006,0.05
1995,0.89375,0.05
1996,1.0750000000000002,0.05
1997,0.9800000000000001,0.05
1998,-2.855000000000001,0.05
1999,0.2687499999999998,0.05
2000,0.6649999999999998,0.05
2001,0.3262499999999997,0.05
2002,0.29874999999999985,0.05
2003,0.8012499999999999,0.05
2004,1.0437500000000002,0.05
2005,-2.7787500000000005,0.05
2006,1.0987500000000001,0.05
2007,0.5562499999999997,0.05
2008,1.0925,0.05
2009,1.0075,0.05
2010,0.7399999999999999,0.05
2011,0.6362499999999998,0.05
2012,0.9712500000000001,0.05
2013,-0.8387500000000003,0.05
2014,0.6587499999999998,0.05
2015,0.20875,0.05
2016,1.0625,0.05
2017,0.6699999999999999,0.05
2018,0.9500000000000001,0.05
2019,1.4100000000000001,0.05
2020,1.2537500000000001,0.05
2021,1.3362500000000002,0.05
2022,0.9537500000000001,0.05
2023,-2.862500000000001,0.05
2024,0.7599999999999999,0.05
2025,1.28375,0.05
2026,1.2512500000000002,0.05
2027,1.19625,0.05
2028,1.16625,0.05
2029,0.7637499999999999,0.05
2030,1.04,0.05
2031,0.6599999999999999,0.05
2032,0.7324999999999999,0.05
2033,1.0187500000000003,0.05
2034,1.0750000000000002,0.05
2035,0.80125,0.05
2036,1.01875,0.05
2037,-0.02124999999999977,0.05
2038,0.6537499999999998,0.05
2039,1.05,0.05
2040,1.2075,0.05
2041,1.16625,0.05
2042,0.8262499999999999,0.05
2043,0.9575000000000001,0.05
2044,1.13625,0.05
2045,1.2112500000000002,0.05
2046,0.43374999999999964,0.05
2047,-0.2799999999999996,0.05
2048,1.22875,0.05
2049,0.94625,0.05
2050,1.10125,0.05
2051,0.98875,0.05
2052,1.0662500000000001,0.05
2053,-2.843750000000001,0.05
2054,1.03875,0.05
2055,1.19,0.05
2056,0.7675,0.05
2057,1.02,0.05
2058,-2.900000000000001,0.05
2059,1.15,0.05
2060,1.0425,0.05
2061,1.00625,0.05
2062,0.8350000000000002,0.05
2063,0.7675,0.05
2064,0.3999999999999997,0.05
2065,1.2337500000000001,0.05
2066,1.2725,0.05
2067,0.885,0.05
2068,0.7237499999999999,0.05
2069,1.0012500000000002,0.05
2070,0.9837500000000001,0.05
2071,-0.13999999999999968,0.05
2072,0.78625,0.05
2073,0.9475,0.05
2074,1.165,0.05
2075,1.34375,0.05
2076,0.90625,0.05
2077,0.91625,0.05
2078,0.5312499999999998,0.05
2079,1.1062500000000002,0.05
2080,-0.8987500000000004,0.05
2081,-0.7825,0.05
2082,-2.7500000000000004,0.05
2083,-2.6737500000000005,0.05
2084,-2.8112500000000002,0.05
2085,1.385,0.05
2086,0.5524999999999998,0.05
2087,0.8975000000000001,0.05
2088,0.9600000000000001,0.05
2089,1.0437500000000002,0.05
2090,1.0762500000000002,0.05
2091,1.3675000000000002,0.05
2092,-0.9487499999999998,0.05
2093,0.9337500000000001,0.05
2094,-1.0275000000000005,0.05
2095,1.0775000000000001,0.05
2096,1.14375,0.05
2097,1.18625,0.05
2098,1.17625,0.05
2099,1.425,0.05
2100,-0.825,0.05
2101,-0.004999999999999893,0.05
2102,0.8062499999999999,0.05
2103,1.4775,0.05
2104,0.80375,0.05
2105,1.0,0.05
2106,0.7849999999999999,0.05
2107,0.5399999999999997,0.05
2108,0.49499999999999966,0.05
2109,1.1150000000000002,0.05
2110,-0.1599999999999997,0.05
2111,1.095,0.05
2112,0.4712499999999996,0.05
2113,1.28875,0.05
2114,-0.14124999999999965,0.05
2115,1.0075,0.05
2116,0.9475,0.05
2117,0.5337499999999997,0.05
2118,-0.40749999999999953,0.05
2119,1.11625,0.05
2120,1.3275000000000001,0.05
2121,-0.23999999999999955,0.05
2122,0.7449999999999999,0.05
2123,0.7699999999999999,0.05
2124,0.6412499999999998,0.05
2125,0.27,0.05
2126,0.8962500000000001,0.05
2127,0.7849999999999999,0.05
2128,0.4462499999999997,0.05
2129,0.87875,0.05
2130,1.2637500000000002,0.05
2131,0.895,0.05
2132,0.99,0.05
2133,-0.5599999999999994,0.05
2134,0.4349999999999996,0.05
2135,1.49,0.05
2136,-2.906250000000001,0.05
2137,0.04750000000000032,0.05
2138,0.37249999999999983,0.05
2139,1.24125,0.05
2140,1.06125,0.05
2141,0.42749999999999977,0.05
2142,0.96625,0.05
2143,1.38625,0.05
2144,1.3587500000000001,0.05
2145,0.6887499999999999,0.05
2146,0.48124999999999973,0.05
2147,1.0437500000000002,0.05
2148,-2.8187500000000014,0.05
2149,1.1175000000000002,0.05
2150,1.1725,0.05
2151,0.5924999999999998,0.05
2152,0.82375,0.05
2153,1.30875,0.05
2154,1.555,0.05
2155,0.4399999999999997,0.05
2156,1.0437500000000002,0.05
2157,1.2625000000000002,0.05
2158,1.2750000000000001,0.05
2159,1.22125,0.05
2160,0.7437499999999999,0.05
2161,0.5649999999999997,0.05
2162,0.34499999999999975,0.05
2163,1.0500000000000003,0.05
2164,0.0887500000000001,0.05
2165,1.2225000000000001,0.05
2166,1.0950000000000002,0.05
2167,1.08,0.05
2168,0.6899999999999998,0.05
2169,0.20250000000000012,0.05
2170,1.08875,0.05
2171,0.7712499999999999,0.05
2172,0.0050000000000001155,0.05
2173,1.135,0.05
2174,1.2825000000000002,0.05
2175,0.96125,0.05
2176,1.27625,0.05
2177,0.9650000000000001,0.05
2178,1.17,0.05
2179,0.9237500000000001,0.05
2180,-0.5699999999999992,0.05
2181,1.1775,0.05
2182,0.91125,0.05
2183,1.2962500000000001,0.05
2184,1.48125,0.05
2185,0.3587499999999997,0.05
2186,1.435,0.05
2187,1.0050000000000001,0.05
2188,0.8325,0.05
2189,0.6949999999999998,0.05
2190,0.43874999999999975,0.05
2191,1.4912500000000002,0.05
2192,1.11625,0.05
2193,0.40249999999999964,0.05
2194,0.7999999999999999,0.05
2195,0.8700000000000001,0.05
2196,0.7962499999999999,0.05
2197,1.3025,0.05
2198,1.1375000000000002,0.05
2199,1.4187500000000002,0.05
2200,0.9850000000000001,0.05
2201,0.49499999999999966,0.05
2202,0.9325000000000001,0.05
2203,-0.3924999999999994,0.05
2204,0.6599999999999998,0.05
2205,1.34375,0.05
2206,0.9512500000000002,0.05
2207,1.405,0.05
2208,-2.7487500000000002,0.05
2209,1.07375,0.05
2210,0.8825000000000001,0.05
2211,0.935,0.05
2212,0.5112499999999998,0.05
2213,1.3262500000000002,0.05
2214,0.025000000000000133,0.05
2215,1.0075,0.05
2216,-0.05624999999999969,0.05
2217,-2.8750000000000004,0.05
2218,1.175,0.05
2219,0.8900000000000001,0.05
2220,0.7199999999999999,0.05
2221,-2.8187500000000005,0.05
2222,0.7575,0.05
2223,0.7875,0.05
2224,0.1975,0.05
2225,1.1812500000000001,0.05
2226,0.012500000000000178,0.05
2227,0.48749999999999993,0.05
2228,0.7362499999999998,0.05
2229,1.2550000000000001,0.05
2230,1.5037500000000001,0.05
2231,0.8350000000000001,0.05
2232,1.115,0.05
2233,0.84125,0.05
2234,-2.7625000000000006,0.05
2235,0.7699999999999999,0.05
2236,0.7687499999999999,0.05
2237,0.13624999999999998,0.05
2238,0.93,0.05
2239,-0.11499999999999977,0.05
2240,1.0375,0.05
2241,1.155,0.05
2242,-0.061249999999999805,0.05
2243,1.35,0.05
2244,1.0350000000000001,0.05
2245,1.22625,0.05
2246,-2.886250000000001,0.05
2247,1.3525,0.05
2248,0.5662499999999998,0.05
2249,0.7875,0.05
2250,0.92,0.05
2251,0.9450000000000001,0.05
2252,1.25875,0.05
2253,0.9650000000000001,0.05
2254,0.6949999999999998,0.05
2255,0.4399999999999997,0.05
2256,0.84375,0.05
2257,0.6599999999999998,0.05
2258,-0.24999999999999956,0.05
2259,0.94625,0.05
2260,0.46999999999999986,0.05
2261,1.0075,0.05
2262,1.1825,0.05
2263,1.5,0.05
2264,1.09625,0.05
2265,1.485,0.05
2266,0.915,0.05
2267,1.21625,0.05
2268,1.215,0.05
2269,0.92625,0.05
2270,0.7512499999999999,0.05
2271,0.91,0.05
2272,1.2650000000000001,0.05
2273,1.1675,0.05
2274,0.905,0.05
2275,0.6862499999999999,0.05
2276,0.9587500000000001,0.05
2277,1.08,0.05
2278,0.7599999999999999,0.05
2279,1.0250000000000001,0.05
2280,0.9287500000000001,0.05
2281,0.5862499999999998,0.05
2282,1.25125,0.05
2283,0.9725000000000001,0.05
2284,0.91125,0.05
2285,0.6112499999999998,0.05
2286,1.0250000000000001,0.05
2287,0.7875,0.05
2288,0.6649999999999998,0.05
2289,1.21625,0.05
2290,1.11125,0.05
2291,1.02625,0.05
2292,1.07875,0.05
2293,1.135,0.05
2294,-2.8000000000000007,0.05
2295,0.20124999999999993,0.05
2296,0.5387499999999997,0.05
2297,1.135,0.05
2298,1.21625,0.05
2299,1.1712500000000001,0.05
2300,0.3837499999999998,0.05
2301,1.345,0.05
2302,0.7199999999999999,0.05
2303,0.7625,0.05
2304,1.09375,0.05
2305,0.82375,0.05
2306,1.2925,0.05
2307,0.5449999999999998,0.05
2308,0.85375,0.05
2309,0.78125,0.05
2310,0.9712500000000001,0.05
2311,1.07125,0.05
2312,0.7499999999999999,0.05
2313,-2.875000000000001,0.05
2314,0.9675,0.05
2315,1.07125,0.05
2316,0.6774999999999999,0.05
2317,1.0350000000000001,0.05
2318,1.05125,0.05
2319,1.0025,0.05
2320,1.1925000000000001,0.05
2321,0.6049999999999998,0.05
2322,1.50875,0.05
2323,-0.5012499999999993,0.05
2324,1.1525,0.05
2325,0.5474999999999998,0.05
2326,1.0425,0.05
2327,0.5787499999999998,0.05
2328,1.3,0.05
2329,0.9400000000000001,0.05
2330,0.9962500000000001,0.05
2331,0.86125,0.05
2332,1.1912500000000001,0.05
2333,0.6974999999999999,0.05
2334,0.7699999999999999,0.05
2335,0.5474999999999998,0.05
2336,0.7825,0.05
2337,1.115,0.05
2338,1.07125,0.05
2339,1.00625,0.05
2340,1.06875,0.05
2341,0.7512500000000001,0.05
2342,1.18375,0.05
2343,0.9225000000000001,0.05
2344,1.1375000000000002,0.05
2345,0.845,0.05
2346,1.095,0.05
2347,-2.712499999999999,0.05
2348,0.9525000000000001,0.05
2349,0.4199999999999997,0.05
2350,0.18249999999999988,0.05
2351,1.155,0.05
2352,1.1187500000000001,0.05
2353,0.9825000000000002,0.05
2354,0.85875,0.05
2355,0.7087499999999999,0.05
2356,1.0025,0.05
2357,0.5787499999999998,0.05
2358,0.7524999999999998,0.05
2359,0.19625000000000004,0.05
2360,0.86,0.05
2361,0.8962500000000001,0.05
2362,0.73,0.05
2363,1.1025,0.05
2364,0.7687499999999999,0.05
2365,0.6762499999999999,0.05
2366,1.2075,0.05
2367,1.2625000000000002,0.05
2368,-0.12499999999999978,0.05
2369,1.245,0.05
2370,1.13125,0.05
2371,0.8175,0.05
2372,1.0825,0.05
2373,1.08,0.05
2374,0.8550000000000001,0.05
2375,0.9475,0.05
2376,0.6849999999999999,0.05
2377,0.9587500000000001,0.05
2378,0.73875,0.05
2379,1.37125,0.05
2380,0.9137500000000001,0.05
2381,1.51375,0.05
2382,0.91,0.05
2383,0.89375,0.05
2384,0.9325000000000001,0.05
2385,0.5849999999999997,0.05
2386,1.0012500000000002,0.05
2387,1.3275000000000001,0.05
2388,1.23,0.05
2389,0.73125,0.05
2390,1.1500000000000001,0.05
2391,1.07625,0.05
2392,0.86875,0.05
2393,0.96625,0.05
2394,0.9137500000000001,0.05
2395,0.8225,0.05
2396,-2.7987500000000005,0.05
2397,0.67875,0.05
2398,0.825,0.05
2399,1.1887500000000002,0.05
2400,1.2075,0.05
2401,1.07375,0.05
2402,0.9975,0.05
2403,0.78125,0.05
2404,1.0975000000000001,0.05
2405,1.28375,0.05
2406,0.9500000000000001,0.05
2407,1.1625,0.05
2408,0.026250000000000107,0.05
2409,0.7149999999999999,0.05
2410,1.15125,0.05
2411,1.26625,0.05
2412,0.6937499999999999,0.05
2413,1.135,0.05
2414,0.7087499999999999,0.05
2415,1.00625,0.05
2416,1.0012500000000002,0.05
2417,1.13125,0.05
2418,1.0750000000000002,0.05
2419,0.7849999999999999,0.05
2420,0.9687500000000001,0.05
2421,0.6574999999999999,0.05
2422,1.1,0.05
2423,0.82375,0.05
2424,0.2100000000000002,0.05
2425,1.5225000000000002,0.05
2426,1.35375,0.05
2427,1.0825,0.05
2428,-0.7699999999999998,0.05
2429,0.91625,0.05
2430,1.115,0.05
2431,1.0075,0.05
2432,1.1712500000000001,0.05
2433,1.21625,0.05
2434,1.115,0.05
2435,0.2174999999999998,0.05
2436,0.725,0.05
2437,1.01625,0.05
2438,0.93625,0.05
2439,0.6899999999999998,0.05
2440,0.77625,0.05
2441,1.15375,0.05
2442,1.1725,0.05
2443,1.0437500000000002,0.05
2444,1.0225,0.05
2445,0.5699999999999997,0.05
2446,0.9525000000000001,0.05
2447,0.935,0.05
2448,0.9225,0.05
2449,0.9575000000000001,0.05
2450,1.19375,0.05
2451,1.0212500000000002,0.05
2452,0.75125,0.05
2453,1.08,0.05
2454,0.7074999999999999,0.05
2455,1.03875,0.05
2456,0.9800000000000001,0.05
2457,0.6837499999999999,0.05
2458,1.2637500000000002,0.05
2459,1.03875,0.05
2460,0.4762499999999996,0.05
2461,1.1525,0.05
2462,-0.5337499999999993,0.05
2463,1.45375,0.05
2464,1.00875,0.05
2465,1.2637500000000002,0.05
2466,1.0037500000000001,0.05
2467,1.45375,0.05
2468,1.07875,0.05
2469,1.11,0.05
2470,0.935,0.05
2471,1.02,0.05
2472,0.9512500000000002,0.05
2473,0.89875,0.05
2474,0.9850000000000001,0.05
2475,-0.0462499999999999,0.05
2476,0.87,0.05
2477,0.8025,0.05
2478,0.8375,0.05
2479,1.13125,0.05
2480,1.3162500000000001,0.05
2481,0.4924999999999996,0.05
2482,1.1600000000000001,0.05
2483,0.9287500000000001,0.05
2484,1.20375,0.05
2485,0.9687500000000001,0.05
2486,0.4824999999999998,0.05
2487,1.04,0.05
2488,0.6012499999999997,0.05
2489,0.94125,0.05
2490,0.9062500000000001,0.05
2491,0.9450000000000001,0.05
2492,1.3762500000000002,0.05
2493,0.6049999999999999,0.05
2494,1.0437500000000002,0.05
2495,1.14375,0.05
2496,0.9512500000000002,0.05
2497,0.6699999999999999,0.05
2498,0.81875,0.05
2499,1.14375,0.05
2500,1.15375,0.05
2501,1.25875,0.05
2502,1.3525,0.05
2503,0.9512500000000002,0.05
2504,1.10125,0.05
2505,1.15375,0.05
2506,1.115,0.05
2507,-2.912500000000001,0.05
2508,1.4900000000000002,0.05
2509,0.7849999999999999,0.05
2510,1.0550000000000002,0.05
2511,0.9525000000000001,0.05
2512,1.0437500000000002,0.05
2513,0.1712499999999999,0.05
2514,0.86875,0.05
2515,0.7087499999999999,0.05
2516,1.05125,0.05
2517,0.7449999999999999,0.05
2518,0.3462499999999997,0.05
2519,0.6849999999999998,0.05
2520,-0.3312499999999994,0.05
2521,1.2275,0.05
2522,1.0250000000000001,0.05
2523,1.28125,0.05
2524,1.435,0.05
2525,0.5449999999999998,0.05
2526,0.8975000000000001,0.05
2527,0.9137500000000001,0.05
2528,0.8625,0.05
2529,0.8962500000000001,0.05
2530,0.25624999999999987,0.05
2531,1.045,0.05
2532,-2.9700000000000006,0.05
2533,0.7999999999999999,0.05
2534,0.895,0.05
2535,0.87375,0.05
2536,1.215,0.05
2537,1.0,0.05
2538,0.84625,0.05
2539,-0.054999999999999716,0.05
2540,1.12,0.05
2541,0.1712499999999999,0.05
2542,1.19,0.05
2543,1.25875,0.05
2544,0.91625,0.05
2545,0.9850000000000001,0.05
2546,0.10875000000000012,0.05
2547,0.93,0.05
2548,1.155,0.05
2549,0.4324999999999999,0.05
2550,0.5174999999999998,0.05
2551,0.87625,0.05
2552,1.09,0.05
2553,1.1125,0.05
2554,1.24125,0.05
2555,0.7687499999999999,0.05
2556,0.5887499999999999,0.05
2557,1.17875,0.05
2558,1.27,0.05
2559,1.27625,0.05
2560,0.9287500000000001,0.05
2561,1.1262500000000002,0.05
2562,0.86,0.05
2563,0.7849999999999999,0.05
2564,1.3137500000000002,0.05
2565,0.935,0.05
2566,-2.786250000000001,0.05
2567,1.0,0.05
2568,1.485,0.05
2569,1.1600000000000001,0.05
2570,0.9287500000000001,0.05
2571,0.8012499999999999,0.05
2572,0.42749999999999977,0.05
2573,1.1125,0.05
2574,1.3975,0.05
2575,1.0987500000000001,0.05
2576,0.8925000000000001,0.05
2577,-0.4137499999999994,0.05
2578,1.30875,0.05
2579,0.7500000000000001,0.05
2580,1.2775,0.05
2581,0.72625,0.05
2582,0.7849999999999999,0.05
2583,0.9337500000000001,0.05
2584,1.2175,0.05
2585,1.4075,0.05
2586,0.3774999999999997,0.05
2587,1.07875,0.05
2588,0.4874999999999997,0.05
2589,0.9487500000000001,0.05
2590,0.98875,0.05
2591,0.72625,0.05
2592,0.6574999999999999,0.05
2593,0.80125,0.05
2594,1.0875000000000001,0.05
2595,1.1600000000000001,0.05
2596,0.21250000000000013,0.05
2597,1.0012500000000002,0.05
2598,1.11125,0.05
2599,0.83125,0.05
2600,0.4562499999999997,0.05
2601,0.6499999999999998,0.05
2602,1.1675,0.05
2603,1.2237500000000001,0.05
2604,-2.7500000000000004,0.05
2605,0.8049999999999999,0.05
2606,0.6424999999999998,0.05
2607,1.0462500000000001,0.05
2608,0.7087500000000001,0.05
2609,0.725,0.05
2610,0.4562499999999997,0.05
2611,0.45374999999999965,0.05
2612,1.2237500000000001,0.05
2613,0.6412499999999998,0.05
2614,1.09,0.05
2615,0.48999999999999966,0.05
2616,0.83,0.05
2617,0.6099999999999998,0.05
2618,1.11125,0.05
2619,-2.7875000000000005,0.05
2620,0.5849999999999999,0.05
2621,1.10125,0.05
2622,0.06625000000000014,0.05
2623,1.20375,0.05
2624,1.02875,0.05
2625,0.825,0.05
2626,0.9800000000000001,0.05
2627,0.9637500000000001,0.05
2628,1.08125,0.05
2629,0.865,0.05
2630,0.8912500000000001,0.05
2631,0.9487500000000001,0.05
2632,1.185,0.05
2633,1.0375,0.05
2634,1.1062500000000002,0.05
2635,1.1375000000000002,0.05
2636,0.93625,0.05
2637,1.17,0.05
2638,1.165,0.05
2639,0.7375,0.05
2640,1.23625,0.05
2641,1.0450000000000002,0.05
2642,1.0325000000000002,0.05
2643,0.9712500000000001,0.05
2644,1.165,0.05
2645,1.07875,0.05
2646,1.25875,0.05
2647,1.0925,0.05
2648,0.6174999999999998,0.05
2649,0.7437499999999999,0.05
2650,-0.22624999999999962,0.05
2651,1.1912500000000001,0.05
2652,1.07625,0.05
2653,-2.836250000000001,0.05
2654,1.09375,0.05
2655,-0.17499999999999982,0.05
2656,0.87875,0.05
2657,1.24625,0.05
2658,0.695,0.05
2659,0.9775,0.05
2660,0.5612499999999998,0.05
2661,1.06125,0.05
2662,1.0375,0.05
2663,1.30875,0.05
2664,0.7374999999999999,0.05
2665,1.1625,0.05
2666,1.395,0.05
2667,1.17875,0.05
2668,0.80375,0.05
2669,1.235,0.05
2670,0.7575000000000001,0.05
2671,1.01,0.05
2672,0.88625,0.05
2673,1.06125,0.05
2674,0.9962500000000001,0.05
2675,0.90625,0.05
2676,0.018750000000000266,0.05
2677,0.9475,0.05
2678,1.0525,0.05
2679,1.17375,0.05
2680,1.20625,0.05
2681,0.5674999999999998,0.05
2682,0.9925,0.05
2683,1.0625,0.05
2684,0.94625,0.05
2685,0.82,0.05
2686,0.9512500000000002,0.05
2687,0.78,0.05
2688,1.1500000000000001,0.05
2689,0.77,0.05
2690,-2.7937500000000006,0.05
2691,0.85,0.05
2692,1.1,0.05
2693,1.00625,0.05
2694,1.1575,0.05
2695,1.13625,0.05
2696,1.195,0.05
2697,1.1675,0.05
2698,1.3162500000000001,0.05
2699,1.1,0.05
2700,0.9287500000000001,0.05
2701,1.4175,0.05
2702,1.20375,0.05
2703,1.185,0.05
2704,1.2025000000000001,0.05
2705,1.33375,0.05
2706,1.4412500000000001,0.05
2707,1.37625,0.05
2708,1.13125,0.05
2709,1.0137500000000002,0.05
2710,0.7324999999999999,0.05
2711,1.3075,0.05
2712,0.7825,0.05
2713,1.1025,0.05
2714,1.22625,0.05
2715,0.8437500000000001,0.05
2716,0.6737499999999998,0.05
2717,1.0987500000000001,0.05
2718,1.4575,0.05
2719,0.825,0.05
2720,0.6962499999999998,0.05
2721,1.205,0.05
2722,0.4149999999999998,0.05
2723,1.2962500000000001,0.05
2724,1.03875,0.05
2725,1.1300000000000001,0.05
2726,1.32125,0.05
2727,1.2225000000000001,0.05
2728,1.2,0.05
2729,1.045,0.05
2730,1.07,0.05
2731,0.94125,0.05
2732,0.84,0.05
2733,1.35375,0.05
2734,1.03875,0.05
2735,0.2749999999999999,0.05
2736,1.09,0.05
2737,0.21750000000000003,0.05
2738,0.85125,0.05
2739,0.9587500000000001,0.05
2740,0.98875,0.05
2741,0.9237500000000001,0.05
2742,0.5599999999999998,0.05
2743,0.89375,0.05
2744,0.8875,0.05
2745,0.98,0.05
2746,0.6537499999999998,0.05
2747,0.6037499999999998,0.05
2748,1.29125,0.05
2749,1.0525,0.05
2750,0.6174999999999998,0.05
2751,1.095,0.05
2752,1.3275000000000001,0.05
2753,1.0950000000000002,0.05
2754,1.00875,0.05
2755,1.0875000000000001,0.05
2756,1.04,0.05
2757,0.88875,0.05
2758,0.9587500000000001,0.05
2759,1.1,0.05
2760,0.8175,0.05
2761,0.935,0.05
2762,1.3,0.05
2763,0.6949999999999998,0.05
2764,1.3575000000000002,0.05
2765,-0.4949999999999992,0.05
2766,1.24125,0.05
2767,0.96625,0.05
2768,1.06125,0.05
2769,-0.6799999999999993,0.05
2770,0.82,0.05
2771,0.9712500000000001,0.05
2772,1.26,0.05
2773,1.3125,0.05
2774,1.17,0.05
2775,1.18375,0.05
2776,-0.1287499999999997,0.05
2777,0.885,0.05
2778,0.9912500000000001,0.05
2779,0.3774999999999997,0.05
2780,-0.09999999999999987,0.05
2781,1.0825,0.05
2782,0.92125,0.05
2783,1.22125,0.05
2784,1.13625,0.05
2785,0.19874999999999998,0.05
2786,0.7625000000000001,0.05
2787,0.6899999999999998,0.05
2788,1.2075,0.05
2789,1.17375,0.05
2790,1.0437500000000002,0.05
2791,0.5849999999999997,0.05
2792,0.8375,0.05
2793,1.0825,0.05
2794,1.04875,0.05
2795,1.0237500000000002,0.05
2796,1.0725,0.05
2797,1.1887500000000002,0.05
2798,0.5399999999999998,0.05
2799,1.25875,0.05
2800,0.9950000000000001,0.05
2801,0.9850000000000001,0.05
2802,1.0550000000000002,0.05
2803,0.85125,0.05
2804,1.0637500000000002,0.05
2805,0.85875,0.05
2806,1.3487500000000001,0.05
2807,1.28,0.05
2808,1.0750000000000002,0.05
2809,0.5424999999999999,0.05
2810,0.9712500000000001,0.05
2811,0.9725,0.05
2812,0.5787499999999998,0.05
2813,1.19375,0.05
2814,1.13125,0.05
2815,1.12375,0.05
2816,1.1625,0.05
2817,1.0875000000000001,0.05
2818,1.1262500000000002,0.05
2819,1.0462500000000001,0.05
2820,1.2112500000000002,0.05
2821,0.6162499999999999,0.05
2822,1.1662500000000002,0.05
2823,1.0075,0.05
2824,1.05,0.05
2825,0.5799999999999997,0.05
2826,1.05875,0.05
2827,1.095,0.05
2828,1.1675,0.05
2829,0.8825,0.05
2830,0.4474999999999997,0.05
2831,0.74625,0.05
2832,1.0925,0.05
2833,0.6724999999999999,0.05
2834,1.2775,0.05
2835,1.4275000000000002,0.05
2836,-2.9112500000000012,0.05
2837,1.04,0.05
2838,1.0925,0.05
2839,0.5012499999999999,0.05
2840,1.01,0.05
2841,0.9912500000000001,0.05
2842,0.19625000000000004,0.05
2843,1.15375,0.05
2844,1.2225000000000001,0.05
2845,0.8400000000000001,0.05
2846,-0.15999999999999992,0.05
2847,0.75875,0.05
2848,1.0212500000000002,0.05
2849,0.96125,0.05
2850,1.2000000000000002,0.05
2851,0.78,0.05
2852,1.06875,0.05
2853,0.7512499999999999,0.05
2854,0.875,0.05
2855,1.0375,0.05
2856,0.725,0.05
2857,1.50875,0.05
2858,0.9712500000000001,0.05
2859,1.2575,0.05
2860,1.2725,0.05
2861,1.07125,0.05
2862,0.8675,0.05
2863,1.39375,0.05
2864,1.14375,0.05
2865,1.0437500000000002,0.05
2866,1.07375,0.05
2867,1.0250000000000001,0.05
2868,1.0750000000000002,0.05
2869,1.0575,0.05
2870,0.3849999999999998,0.05
2871,0.8737500000000001,0.05
2872,0.07625000000000015,0.05
2873,0.9400000000000001,0.05
2874,1.02625,0.05
2875,1.04,0.05
2876,1.2625000000000002,0.05
2877,0.5074999999999997,0.05
2878,0.9700000000000001,0.05
2879,1.0425,0.05
2880,-0.2837499999999995,0.05
2881,0.9637500000000001,0.05
2882,1.49875,0.05
2883,0.8112499999999999,0.05
2884,0.78875,0.05
2885,1.185,0.05
2886,1.21625,0.05
2887,0.6887499999999999,0.05
2888,0.5949999999999998,0.05
2889,0.79375,0.05
2890,0.88,0.05
2891,1.06,0.05
2892,0.8500000000000002,0.05
2893,0.86,0.05
2894,0.9975,0.05
2895,0.38874999999999993,0.05
2896,1.1425,0.05
2897,1.26625,0.05
2898,0.7575,0.05
2899,1.0250000000000001,0.05
2900,1.3,0.05
2901,1.145,0.05
2902,0.935,0.05
2903,1.485,0.05
2904,0.9837500000000001,0.05
2905,1.11375,0.05
2906,1.20625,0.05
2907,1.15625,0.05
2908,1.0750000000000002,0.05
2909,1.4900000000000002,0.05
2910,1.045,0.05
2911,0.81875,0.05
2912,0.935,0.05
2913,0.6537499999999998,0.05
2914,1.1925000000000001,0.05
2915,0.4874999999999997,0.05
2916,1.4300000000000002,0.05
2917,1.06,0.05
2918,0.8350000000000001,0.05
2919,1.13125,0.05
2920,1.1287500000000001,0.05
2921,1.1187500000000001,0.05
2922,1.3475000000000001,0.05
2923,-2.8900000000000006,0.05
2924,0.1974999999999998,0.05
2925,1.5,0.05
2926,-2.667500000000001,0.05
2927,0.8312499999999999,0.05
2928,1.49375,0.05
2929,0.96625,0.05
2930,1.19875,0.05
2931,1.0950000000000002,0.05
2932,1.06875,0.05
2933,1.0025,0.05
2934,1.08125,0.05
2935,0.81875,0.05
2936,1.18875,0.05
2937,1.02,0.05
2938,1.2212500000000002,0.05
2939,0.72625,0.05
2940,1.24625,0.05
2941,1.28125,0.05
2942,1.3,0.05
2943,0.6349999999999998,0.05
2944,1.35375,0.05
2945,1.0562500000000001,0.05
2946,1.2575,0.05
2947,1.3487500000000001,0.05
2948,0.18499999999999983,0.05
2949,1.18625,0.05
2950,1.28125,0.05
2951,1.1125,0.05
2952,0.5499999999999997,0.05
2953,1.0,0.05
2954,0.57625,0.05
2955,0.9825,0.05
2956,0.19499999999999984,0.05
2957,1.19,0.05
2958,1.07625,0.05
2959,1.1062500000000002,0.05
2960,0.03125000000000022,0.05
2961,1.2425000000000002,0.05
2962,0.8612500000000001,0.05
2963,0.9637500000000001,0.05
2964,0.9825000000000002,0.05
2965,1.12375,0.05
2966,0.3049999999999997,0.05
2967,1.3687500000000001,0.05
2968,1.22125,0.05
2969,1.25875,0.05
2970,1.18625,0.05
2971,0.93,0.05
2972,0.6724999999999999,0.05
2973,1.3575000000000002,0.05
2974,1.10125,0.05
2975,0.6974999999999999,0.05
2976,0.9875,0.05
2977,0.7525000000000001,0.05
2978,1.1075,0.05
2979,0.7749999999999999,0.05
2980,0.96625,0.05
2981,1.09375,0.05
2982,1.3075,0.05
2983,1.185,0.05
2984,1.04,0.05
2985,1.125,0.05
2986,0.5999999999999999,0.05
2987,0.5099999999999997,0.05
2988,1.31,0.05
2989,1.2975,0.05
2990,0.81875,0.05
2991,1.2075,0.05
2992,0.85375,0.05
2993,0.7124999999999999,0.05
2994,1.23625,0.05
2995,1.13125,0.05
2996,1.0237500000000002,0.05
2997,1.24,0.05
2998,1.1,0.05
2999,0.6124999999999997,0.05
3000,1.23625,0.05
3001,1.33875,0.05
3002,1.1,0.05
3003,0.9275000000000001,0.05
3004,1.18625,0.05
3005,1.07125,0.05
3006,0.9237500000000001,0.05
3007,1.1975,0.05
3008,1.15375,0.05
3009,1.3825,0.05
3010,1.0462500000000001,0.05
3011,1.1675,0.05
3012,0.6712499999999999,0.05
3013,0.6712499999999999,0.05
3014,1.0987500000000001,0.05
3015,1.24,0.05
3016,1.345,0.05
3017,1.27875,0.05
3018,1.1,0.05
3019,1.0375,0.05
3020,1.1925000000000001,0.05
3021,0.8324999999999999,0.05
3022,0.9650000000000001,0.05
3023,1.0462500000000001,0.05
3024,1.07125,0.05
3025,0.95875,0.05
3026,1.2175,0.05
3027,1.15625,0.05
3028,-1.0537500000000006,0.05
3029,0.87875,0.05
3030,0.8962500000000001,0.05
3031,0.90625,0.05
3032,0.875,0.05
3033,0.9850000000000001,0.05
3034,1.1525,0.05
3035,-0.6824999999999994,0.05
3036,1.06875,0.05
3037,1.0550000000000002,0.05
3038,1.00875,0.05
3039,1.0625,0.05
3040,-0.5099999999999991,0.05
3041,1.51375,0.05
3042,-0.4812499999999993,0.05
3043,1.00875,0.05
3044,1.0637500000000002,0.05
3045,1.0337500000000002,0.05
3046,0.9825000000000002,0.05
3047,1.5037500000000001,0.05
3048,1.1487500000000002,0.05
3049,1.03375,0.05
3050,0.5312499999999997,0.05
3051,0.45374999999999976,0.05
3052,0.8375,0.05
3053,0.6087499999999998,0.05
3054,1.0562500000000001,0.05
3055,0.7274999999999999,0.05
3056,1.09375,0.05
3057,1.18875,0.05
3058,1.1425,0.05
3059,1.1425,0.05
3060,1.12625,0.05
3061,1.07125,0.05
3062,1.1900000000000002,0.05
3063,1.18125,0.05
3064,1.3025,0.05
3065,1.13125,0.05
3066,0.7687499999999999,0.05
3067,1.0150000000000001,0.05
3068,1.16625,0.05
3069,0.7999999999999999,0.05
3070,0.96625,0.05
3071,1.2175,0.05
3072,1.1300000000000001,0.05
3073,-0.05999999999999983,0.05
3074,0.6262499999999999,0.05
3075,0.8925000000000001,0.05
3076,0.9525000000000001,0.05
3077,1.29875,0.05
3078,0.15999999999999992,0.05
3079,1.0625,0.05
3080,0.96875,0.05
3081,-2.7687500000000003,0.05
3082,0.9975,0.05
3083,0.78875,0.05
3084,1.45375,0.05
3085,0.5549999999999997,0.05
3086,1.3800000000000001,0.05
3087,0.875,0.05
3088,1.18375,0.05
3089,1.2225000000000001,0.05
3090,1.145,0.05
3091,1.35,0.05
3092,0.5012499999999996,0.05
3093,1.1300000000000001,0.05
3094,0.98875,0.05
3095,0.87875,0.05
3096,0.96625,0.05
3097,0.86875,0.05
3098,0.9212500000000001,0.05
3099,1.18625,0.05
3100,1.1300000000000001,0.05
3101,1.0637500000000002,0.05
3102,1.0562500000000001,0.05
3103,-0.4299999999999997,0.05
3104,1.095,0.05
3105,-2.862500000000001,0.05
3106,1.225,0.05
3107,1.1900000000000002,0.05
3108,0.6849999999999998,0.05
3109,1.1,0.05
3110,1.1150000000000002,0.05
3111,0.8062499999999999,0.05
3112,1.24,0.05
3113,0.7699999999999999,0.05
3114,1.02,0.05
3115,1.0325000000000002,0.05
3116,0.6149999999999999,0.05
3117,1.38625,0.05
3118,0.82625,0.05
3119,0.5674999999999998,0.05
3120,1.06,0.05
3121,1.0562500000000001,0.05
3122,1.3462500000000002,0.05
3123,0.85875,0.05
3124,1.5225000000000002,0.05
3125,0.4837499999999997,0.05
3126,0.6362499999999999,0.05
3127,1.205,0.05
3128,1.17375,0.05
3129,0.9850000000000001,0.05
3130,1.0525,0.05
3131,1.13375,0.05
3132,0.98875,0.05
3133,0.8300000000000001,0.05
3134,1.07125,0.05
3135,0.905,0.05
3136,1.2962500000000001,0.05
3137,0.9850000000000001,0.05
3138,0.6937499999999999,0.05
3139,1.0012500000000002,0.05
3140,0.9287500000000001,0.05
3141,1.1725,0.05
3142,0.7487499999999999,0.05
3143,1.24125,0.05
3144,0.82,0.05
3145,1.155,0.05
3146,1.28125,0.05
3147,1.07375,0.05
3148,1.415,0.05
3149,0.5212499999999998,0.05
3150,-2.830000000000001,0.05
3151,0.87875,0.05
3152,0.96625,0.05
3153,0.88,0.05
3154,0.49499999999999966,0.05
3155,1.16625,0.05
3156,0.915,0.05
3157,0.45624999999999993,0.05
3158,1.2125000000000001,0.05
3159,1.155,0.05
3160,1.33125,0.05
3161,1.2725,0.05
3162,0.925,0.05
3163,1.2075,0.05
3164,0.9500000000000001,0.05
3165,0.7149999999999999,0.05
3166,0.46499999999999964,0.05
3167,1.18375,0.05
3168,1.3487500000000001,0.05
3169,1.28375,0.05
3170,0.9287500000000001,0.05
3171,0.9525000000000001,0.05
3172,1.06125,0.05
3173,1.1487500000000002,0.05
3174,1.20625,0.05
3175,1.13375,0.05
3176,1.1525,0.05
3177,0.31999999999999984,0.05
3178,1.12375,0.05
3179,0.7687499999999999,0.05
3180,1.2225000000000001,0.05
3181,0.7149999999999999,0.05
3182,1.0,0.05
3183,1.21375,0.05
3184,0.8400000000000001,0.05
3185,1.095,0.05
3186,1.01625,0.05
3187,1.01125,0.05
3188,0.6362499999999998,0.05
3189,0.9687500000000001,0.05
3190,0.9700000000000001,0.05
3191,1.1,0.05
3192,0.5649999999999997,0.05
3193,-0.2787499999999994,0.05
3194,1.18125,0.05
3195,1.05125,0.05
3196,1.23625,0.05
3197,0.80125,0.05
3198,1.2600000000000002,0.05
3199,1.0987500000000001,0.05
3200,1.24625,0.05
3201,0.9637500000000001,0.05
3202,1.17875,0.05
3203,1.07125,0.05
3204,1.0987500000000001,0.05
3205,1.15,0.05
3206,1.08125,0.05
3207,0.3112499999999998,0.05
3208,0.7087499999999999,0.05
3209,0.3312499999999998,0.05
3210,1.12625,0.05
3211,1.15625,0.05
3212,1.3687500000000001,0.05
3213,1.0250000000000001,0.05
3214,1.01625,0.05
3215,1.17,0.05
3216,0.6887499999999999,0.05
3217,1.155,0.05
3218,1.0425,0.05
3219,1.0250000000000001,0.05
3220,0.96625,0.05
3221,-2.9000000000000004,0.05
3222,0.9600000000000001,0.05
3223,1.135,0.05
3224,1.0437500000000002,0.05
3225,0.9875,0.05
3226,1.135,0.05
3227,1.185,0.05
3228,0.815,0.05
3229,0.91125,0.05
3230,1.24125,0.05
3231,0.88,0.05
3232,1.33125,0.05
3233,1.47125,0.05
3234,1.40375,0.05
3235,0.88,0.05
3236,1.24,0.05
3237,0.9525000000000001,0.05
3238,1.13125,0.05
3239,1.39125,0.05
3240,1.01625,0.05
3241,0.2749999999999999,0.05
3242,1.125,0.05
3243,1.1575000000000002,0.05
3244,0.88,0.05
3245,1.0462500000000001,0.05
3246,1.01,0.05
3247,1.2225000000000001,0.05
3248,1.07125,0.05
3249,0.91625,0.05
3250,1.1300000000000001,0.05
3251,1.1162500000000002,0.05
3252,1.13625,0.05
3253,0.6412499999999999,0.05
3254,1.07375,0.05
3255,1.22625,0.05
3256,0.775,0.05
3257,1.2237500000000001,0.05
3258,1.4800000000000002,0.05
3259,-2.687500000000001,0.05
3260,0.7587499999999999,0.05
3261,1.5225,0.05
3262,0.5099999999999997,0.05
3263,0.905,0.05
3264,1.2625000000000002,0.05
3265,1.33875,0.05
3266,1.33125,0.05
3267,0.9637500000000001,0.05
3268,0.935,0.05
3269,0.6387499999999998,0.05
3270,1.00625,0.05
3271,1.22875,0.05
3272,-0.01749999999999985,0.05
3273,0.7699999999999999,0.05
3274,1.06875,0.05
3275,0.8475,0.05
3276,0.9387500000000001,0.05
3277,0.5549999999999997,0.05
3278,1.13125,0.05
3279,0.9850000000000001,0.05
3280,0.82,0.05
3281,0.8900000000000001,0.05
3282,1.0012500000000002,0.05
3283,1.24125,0.05
3284,0.8049999999999999,0.05
3285,1.0750000000000002,0.05
3286,0.9325000000000001,0.05
3287,0.7875,0.05
3288,0.5237499999999997,0.05
3289,0.84,0.05
3290,0.9712500000000001,0.05
3291,0.9400000000000001,0.05
3292,1.0750000000000002,0.05
3293,1.07875,0.05
3294,0.935,0.05
3295,1.0,0.05
3296,0.7649999999999999,0.05
3297,0.905,0.05
3298,0.84375,0.05
3299,1.12625,0.05
3300,0.6037499999999998,0.05
3301,0.7087499999999999,0.05
3302,1.065,0.05
3303,0.6312500000000001,0.05
3304,0.9875,0.05
3305,1.1262500000000002,0.05
3306,0.6949999999999998,0.05
3307,0.9175000000000001,0.05
3308,0.885,0.05
3309,1.0150000000000001,0.05
3310,1.185,0.05
3311,1.05,0.05
3312,0.32999999999999985,0.05
3313,0.7199999999999999,0.05
3314,0.91,0.05
3315,1.38625,0.05
3316,0.6712499999999999,0.05
3317,0.9712500000000001,0.05
3318,1.29875,0.05
3319,0.875,0.05
3320,-2.912500000000001,0.05
3321,0.9850000000000001,0.05
3322,-0.1124999999999996,0.05
3323,1.15,0.05
3324,0.99,0.05
3325,1.3587500000000001,0.05
3326,1.23625,0.05
3327,1.24125,0.05
3328,0.9850000000000001,0.05
3329,1.0375,0.05
3330,1.13375,0.05
3331,1.1325,0.05
3332,0.98,0.05
3333,0.11250000000000004,0.05
3334,0.9800000000000001,0.05
3335,1.4112500000000001,0.05
3336,1.01875,0.05
3337,-2.8562500000000006,0.05
3338,1.2825000000000002,0.05
3339,1.0025,0.05
3340,1.115,0.05
3341,1.15,0.05
3342,1.2575,0.05
3343,0.84625,0.05
3344,0.9650000000000001,0.05
3345,1.08875,0.05
3346,1.15375,0.05
3347,1.2012500000000002,0.05
3348,-0.8950000000000002,0.05
3349,0.86625,0.05
3350,0.9650000000000001,0.05
3351,0.9225000000000001,0.05
3352,0.19874999999999998,0.05
3353,0.85875,0.05
3354,1.00625,0.05
3355,1.1600000000000001,0.05
3356,1.155,0.05
3357,-2.6675000000000004,0.05
3358,1.08125,0.05
3359,1.345,0.05
3360,0.5662499999999998,0.05
3361,1.125,0.05
3362,0.8625,0.05
3363,0.9537500000000001,0.05
3364,0.9837500000000001,0.05
3365,1.24125,0.05
3366,0.6724999999999999,0.05
3367,1.13875,0.05
3368,-0.004999999999999893,0.05
3369,0.9237500000000001,0.05
3370,0.5499999999999997,0.05
3371,1.0562500000000001,0.05
3372,1.225,0.05
3373,1.23625,0.05
3374,0.85875,0.05
3375,1.2962500000000001,0.05
3376,1.2112500000000002,0.05
3377,0.53125,0.05
3378,0.87375,0.05
3379,-2.825000000000001,0.05
3380,0.6012499999999997,0.05
3381,0.7299999999999999,0.05
3382,0.8324999999999999,0.05
3383,0.7162499999999998,0.05
3384,0.9525000000000001,0.05
3385,1.085,0.05
3386,1.1575000000000002,0.05
3387,1.07875,0.05
3388,0.2737499999999997,0.05
3389,1.14375,0.05
3390,1.1,0.05
3391,1.15,0.05
3392,0.6612499999999999,0.05
3393,1.00875,0.05
3394,1.35,0.05
3395,1.0637500000000002,0.05
3396,0.87375,0.05
3397,1.06875,0.05
3398,0.9712500000000001,0.05
3399,1.0625,0.05
3400,0.76375,0.05
3401,1.0637500000000002,0.05
3402,0.9137500000000001,0.05
3403,1.19,0.05
3404,0.040000000000000036,0.05
3405,1.3450000000000002,0.05
3406,0.86125,0.05
3407,1.06,0.05
3408,1.0025000000000002,0.05
3409,0.5399999999999997,0.05
3410,0.85875,0.05
3411,-2.825000000000001,0.05
3412,1.09375,0.05
3413,0.6962499999999998,0.05
3414,1.27625,0.05
3415,0.8625,0.05
3416,0.9587500000000001,0.05
3417,1.04,0.05
3418,1.19375,0.05
3419,0.935,0.05
3420,1.09375,0.05
3421,1.185,0.05
3422,0.7212499999999998,0.05
3423,1.2625000000000002,0.05
3424,0.38124999999999987,0.05
3425,0.036250000000000115,0.05
3426,0.8600000000000001,0.05
3427,1.1287500000000001,0.05
3428,1.155,0.05
3429,0.9575,0.05
3430,1.1075,0.05
3431,-0.47999999999999954,0.05
3432,1.185,0.05
3433,0.8450000000000002,0.05
3434,0.055000000000000604,0.05
3435,1.14375,0.05
3436,0.018750000000000044,0.05
3437,1.45375,0.05
3438,1.0150000000000001,0.05
3439,1.3562500000000002,0.05
3440,1.2237500000000001,0.05
3441,1.2537500000000001,0.05
3442,0.13375000000000004,0.05
3443,1.2087500000000002,0.05
3444,0.9850000000000001,0.05
3445,0.90625,0.05
3446,1.2275,0.05
3447,1.0,0.05
3448,0.47499999999999964,0.05
3449,0.7412499999999999,0.05
3450,0.92,0.05
3451,1.2000000000000002,0.05
3452,0.6749999999999998,0.05
3453,0.88,0.05
3454,-0.054999999999999716,0.05
3455,1.13625,0.05
3456,0.6649999999999998,0.05
3457,1.07125,0.05
3458,0.26749999999999985,0.05
3459,1.29875,0.05
3460,1.02125,0.05
3461,-2.836250000000001,0.05
3462,1.045,0.05
3463,1.0950000000000002,0.05
3464,1.01875,0.05
3465,1.22625,0.05
3466,0.9825000000000002,0.05
3467,0.6849999999999998,0.05
3468,0.9275000000000001,0.05
3469,1.34375,0.05
3470,1.1225,0.05
3471,0.6862499999999999,0.05
3472,1.13125,0.05
3473,1.24,0.05
3474,0.9475000000000001,0.05
3475,1.1125,0.05
3476,1.4225,0.05
3477,1.09,0.05
3478,1.07875,0.05
3479,-0.8124999999999998,0.05
3480,0.96125,0.05
3481,0.91125,0.05
3482,0.5399999999999997,0.05
3483,0.15625,0.05
3484,0.2899999999999998,0.05
3485,0.9475,0.05
3486,-0.4587499999999993,0.05
3487,0.7849999999999999,0.05
3488,-0.6274999999999997,0.05
3489,1.1,0.05
3490,0.6949999999999998,0.05
3491,-0.3562499999999995,0.05
3492,0.7849999999999999,0.05
3493,-0.00749999999999984,0.05
3494,0.34124999999999983,0.05
3495,0.9550000000000001,0.05
3496,0.8875,0.05
3497,0.7137499999999999,0.05
3498,1.40375,0.05
3499,0.5999999999999998,0.05
3500,1.4125,0.05
3501,1.07125,0.05
3502,1.18625,0.05
3503,0.6349999999999998,0.05
3504,1.2175,0.05
3505,0.84,0.05
3506,1.20875,0.05
3507,0.7512499999999999,0.05
3508,1.15375,0.05
3509,0.80625,0.05
3510,-0.8012499999999998,0.05
3511,0.2687499999999998,0.05
3512,0.80125,0.05
3513,1.01625,0.05
3514,1.01625,0.05
3515,1.115,0.05
3516,0.09000000000000008,0.05
3517,1.2087500000000002,0.05
3518,1.04125,0.05
3519,0.7362499999999998,0.05
3520,1.02625,0.05
3521,1.235,0.05
3522,0.5837499999999998,0.05
3523,1.0925,0.05
3524,0.4874999999999997,0.05
3525,1.1287500000000001,0.05
3526,1.22125,0.05
3527,1.39125,0.05
3528,0.9375,0.05
3529,0.8925000000000001,0.05
3530,-0.7274999999999994,0.05
3531,0.825,0.05
3532,-0.07999999999999963,0.05
3533,1.08125,0.05
3534,0.5787499999999998,0.05
3535,-0.7900000000000003,0.05
3536,1.0575,0.05
3537,0.4887499999999997,0.05
3538,1.1487500000000002,0.05
3539,0.9875,0.05
3540,1.0987500000000001,0.05
3541,1.07625,0.05
3542,1.0925,0.05
3543,1.1800000000000002,0.05
3544,1.22125,0.05
3545,1.1375000000000002,0.05
3546,1.0075,0.05
3547,1.4400000000000002,0.05
3548,1.17875,0.05
3549,0.6349999999999998,0.05
3550,1.27875,0.05
3551,1.00625,0.05
3552,0.7925,0.05
3553,0.9637500000000001,0.05
3554,1.2575,0.05
3555,1.03875,0.05
3556,1.11625,0.05
3557,0.6399999999999999,0.05
3558,1.245,0.05
3559,1.38375,0.05
3560,0.915,0.05
3561,1.17,0.05
3562,1.2212500000000002,0.05
3563,0.83625,0.05
3564,1.17875,0.05
3565,1.07125,0.05
3566,0.715,0.05
3567,0.8925000000000001,0.05
3568,1.19,0.05
3569,1.07625,0.05
3570,0.7962499999999999,0.05
3571,0.5862499999999997,0.05
3572,1.1687500000000002,0.05
3573,1.1075,0.05
3574,0.94125,0.05
3575,1.19,0.05
3576,1.03,0.05
3577,1.21625,0.05
3578,0.7137499999999999,0.05
3579,0.89375,0.05
3580,1.07875,0.05
3581,0.82375,0.05
3582,1.04,0.05
3583,0.8350000000000001,0.05
3584,-3.5600000000000005,0.05
3585,1.11375,0.05
3586,1.32,0.05
3587,1.2025000000000001,0.05
3588,1.2625000000000002,0.05
3589,1.16625,0.05
3590,1.28375,0.05
3591,1.0950000000000002,0.05
3592,1.12625,0.05
3593,1.53125,0.05
3594,0.8262499999999999,0.05
3595,1.17875,0.05
3596,-0.45249999999999946,0.05
3597,1.36375,0.05
3598,1.1300000000000001,0.05
3599,1.23875,0.05
3600,0.9850000000000001,0.05
3601,1.06375,0.05
3602,0.6862499999999998,0.05
3603,1.0750000000000002,0.05
3604,0.9137500000000001,0.05
3605,0.8049999999999999,0.05
3606,0.4874999999999998,0.05
3607,-0.2587499999999996,0.05
3608,0.8225,0.05
3609,0.25125,0.05
3610,1.2637500000000002,0.05
3611,1.1800000000000002,0.05
3612,1.3625,0.05
3613,-0.3874999999999993,0.05
3614,-0.49874999999999936,0.05
3615,1.205,0.05
3616,1.2075,0.05
3617,1.07375,0.05
3618,0.8225,0.05
3619,-0.5787499999999997,0.05
3620,0.6349999999999998,0.05
3621,1.0750000000000002,0.05
3622,1.25,0.05
3623,0.5237499999999997,0.05
3624,0.74625,0.05
3625,1.2200000000000002,0.05
3626,1.0562500000000001,0.05
3627,0.48499999999999965,0.05
3628,1.0050000000000001,0.05
3629,0.8775000000000001,0.05
3630,1.19875,0.05
3631,0.7149999999999999,0.05
3632,1.38625,0.05
3633,1.27625,0.05
3634,0.77,0.05
3635,1.3275000000000001,0.05
3636,1.2400000000000002,0.05
3637,0.5924999999999997,0.05
3638,1.3075,0.05
3639,1.2725,0.05
3640,1.08,0.05
3641,1.205,0.05
3642,1.31875,0.05
3643,1.29125,0.05
3644,1.0012500000000002,0.05
3645,0.9487500000000001,0.05
3646,0.98875,0.05
3647,0.9400000000000002,0.05
3648,0.9650000000000001,0.05
3649,1.07625,0.05
3650,0.9512500000000002,0.05
3651,1.35,0.05
3652,0.02124999999999999,0.05
3653,1.05,0.05
3654,1.0825,0.05
3655,0.36499999999999977,0.05
3656,1.19625,0.05
3657,1.0625,0.05
3658,1.33375,0.05
3659,0.9637500000000001,0.05
3660,-0.23999999999999955,0.05
3661,1.1125,0.05
3662,1.0987500000000001,0.05
3663,1.11125,0.05
3664,0.7549999999999999,0.05
3665,0.4549999999999996,0.05
3666,0.39249999999999985,0.05
3667,0.9525000000000001,0.05
3668,0.825,0.05
3669,1.3800000000000001,0.05
3670,1.36125,0.05
3671,0.6549999999999998,0.05
3672,1.0250000000000001,0.05
3673,1.09375,0.05
3674,0.8750000000000001,0.05
3675,1.0150000000000001,0.05
3676,1.125,0.05
3677,1.13625,0.05
3678,1.11,0.05
3679,0.5624999999999998,0.05
3680,1.13125,0.05
3681,1.3362500000000002,0.05
3682,1.12625,0.05
3683,0.5924999999999998,0.05
3684,0.5800000000000002,0.05
3685,0.6037499999999998,0.05
3686,1.1425,0.05
3687,0.8925000000000001,0.05
3688,0.9837500000000001,0.05
3689,0.8562500000000002,0.05
3690,1.08,0.05
3691,1.1,0.05
3692,1.3362500000000002,0.05
3693,1.105,0.05
3694,1.36,0.05
3695,0.6587499999999998,0.05
3696,0.38249999999999984,0.05
3697,0.85625,0.05
3698,0.79875,0.05
3699,-0.1124999999999996,0.05
3700,1.3,0.05
3701,1.02625,0.05
3702,0.5112499999999998,0.05
3703,0.6599999999999998,0.05
3704,1.33875,0.05
3705,1.0950000000000002,0.05
3706,-0.36874999999999947,0.05
3707,1.0562500000000001,0.05
3708,1.1725,0.05
3709,0.99,0.05
3710,0.8962500000000001,0.05
3711,0.895,0.05
3712,1.11,0.05
3713,0.9325000000000001,0.05
3714,1.1300000000000001,0.05
3715,1.0950000000000002,0.05
3716,1.3,0.05
3717,1.115,0.05
3718,0.9225000000000001,0.05
3719,1.0562500000000001,0.05
3720,0.33375,0.05
3721,1.54125,0.05
3722,0.88125,0.05
3723,0.42249999999999965,0.05
3724,1.1487500000000002,0.05
3725,0.8725,0.05
3726,0.6474999999999999,0.05
3727,1.18625,0.05
3728,0.5549999999999997,0.05
3729,1.29875,0.05
3730,1.1612500000000001,0.05
3731,-0.6649999999999994,0.05
3732,0.9850000000000001,0.05
3733,1.18625,0.05
3734,0.8037500000000001,0.05
3735,1.29,0.05
3736,1.13125,0.05
3737,0.80375,0.05
3738,0.6912499999999998,0.05
3739,1.23875,0.05
3740,1.03,0.05
3741,0.39749999999999974,0.05
3742,0.3824999999999996,0.05
3743,0.82,0.05
3744,1.13625,0.05
3745,-0.3612499999999992,0.05
3746,1.11,0.05
3747,1.1687500000000002,0.05
3748,0.41624999999999956,0.05
3749,-0.7349999999999997,0.05
3750,1.145,0.05
3751,1.1475,0.05
3752,-2.892500000000001,0.05
3753,-0.27499999999999947,0.05
3754,1.06875,0.05
3755,1.1300000000000001,0.05
3756,1.33125,0.05
3757,0.10999999999999988,0.05
3758,1.3462500000000002,0.05
3759,1.1887500000000002,0.05
3760,0.7299999999999999,0.05
3761,0.725,0.05
3762,1.5037500000000001,0.05
3763,1.235,0.05
3764,-0.10374999999999934,0.05
3765,0.9337500000000001,0.05
3766,1.11625,0.05
3767,1.01625,0.05
3768,1.5175,0.05
3769,1.27125,0.05
3770,1.2237500000000001,0.05
3771,1.00875,0.05
3772,1.38125,0.05
3773,1.1875,0.05
3774,0.5187499999999997,0.05
3775,0.5012499999999996,0.05
3776,1.51375,0.05
3777,-2.9312500000000012,0.05
3778,-2.862500000000001,0.05
3779,1.0450000000000002,0.05
3780,1.22125,0.05
3781,1.27,0.05
3782,0.96625,0.05
3783,0.2687499999999998,0.05
3784,1.0350000000000001,0.05
3785,1.1600000000000001,0.05
3786,0.6199999999999998,0.05
3787,1.4187500000000002,0.05
3788,0.7599999999999999,0.05
3789,1.21625,0.05
3790,1.0012500000000002,0.05
3791,1.1612500000000001,0.05
3792,0.845,0.05
3793,0.5112499999999998,0.05
3794,0.49499999999999966,0.05
3795,0.88125,0.05
3796,0.7399999999999999,0.05
3797,1.0237500000000002,0.05
3798,1.0,0.05
3799,0.7399999999999999,0.05
3800,1.0050000000000001,0.05
3801,0.9937500000000001,0.05
3802,1.15375,0.05
3803,1.28125,0.05
3804,1.28125,0.05
3805,1.2737500000000002,0.05
3806,1.1725,0.05
3807,1.07125,0.05
3808,0.8975000000000001,0.05
3809,0.935,0.05
3810,0.83,0.05
3811,0.87875,0.05
3812,1.01875,0.05
3813,0.6212499999999997,0.05
3814,0.8625,0.05
3815,0.9912500000000001,0.05
3816,1.3525,0.05
3817,0.88875,0.05
3818,1.25875,0.05
3819,1.3525,0.05
3820,1.0550000000000002,0.05
3821,1.1525,0.05
3822,0.9400000000000001,0.05
3823,1.1500000000000001,0.05
3824,0.9700000000000001,0.05
3825,1.1875,0.05
3826,1.1087500000000001,0.05
3827,1.06875,0.05
3828,1.225,0.05
3829,1.1175000000000002,0.05
3830,0.9275000000000001,0.05
3831,0.0625,0.05
3832,1.205,0.05
3833,0.7149999999999999,0.05
3834,1.30875,0.05
3835,0.25624999999999987,0.05
3836,1.1475,0.05
3837,1.06125,0.05
3838,1.3675000000000002,0.05
3839,0.6899999999999998,0.05
3840,0.8049999999999999,0.05
3841,1.0975000000000001,0.05
3842,-0.2687499999999994,0.05
3843,1.1125,0.05
3844,1.01125,0.05
3845,0.6212499999999999,0.05
3846,1.0625,0.05
3847,1.07625,0.05
3848,1.07875,0.05
3849,0.9475,0.05
3850,0.7687499999999999,0.05
3851,1.2825000000000002,0.05
3852,1.0625,0.05
3853,1.26375,0.05
3854,1.0150000000000001,0.05
3855,0.6899999999999998,0.05
3856,1.06,0.05
3857,1.1175000000000002,0.05
3858,1.0625,0.05
3859,0.98,0.05
3860,1.1475,0.05
3861,0.8350000000000001,0.05
3862,0.7324999999999999,0.05
3863,0.25624999999999987,0.05
3864,1.0350000000000001,0.05
3865,1.3575000000000002,0.05
3866,1.13625,0.05
3867,-0.4399999999999993,0.05
3868,0.6962499999999999,0.05
3869,1.34375,0.05
3870,0.9650000000000001,0.05
3871,1.1175000000000002,0.05
3872,1.37,0.05
3873,1.0525,0.05
3874,0.1625000000000001,0.05
3875,1.0325000000000002,0.05
3876,1.03875,0.05
3877,1.19875,0.05
3878,1.3175000000000001,0.05
3879,1.095,0.05
3880,0.84875,0.05
3881,0.8975000000000001,0.05
3882,1.1675,0.05
3883,1.18375,0.05
3884,0.5299999999999997,0.05
3885,0.86125,0.05
3886,0.76625,0.05
3887,1.0550000000000002,0.05
3888,1.0987500000000001,0.05
3889,0.91625,0.05
3890,0.7124999999999999,0.05
3891,0.9525000000000001,0.05
3892,1.02,0.05
3893,1.105,0.05
3894,1.3250000000000002,0.05
3895,0.8775000000000001,0.05
3896,0.7587499999999999,0.05
3897,1.06125,0.05
3898,0.7662499999999999,0.05
3899,0.7287499999999999,0.05
3900,1.1525,0.05
3901,1.18125,0.05
3902,1.185,0.05
3903,1.20375,0.05
3904,0.80375,0.05
3905,0.8737500000000001,0.05
3906,1.135,0.05
3907,0.6287499999999998,0.05
3908,1.1175000000000002,0.05
3909,1.04,0.05
3910,1.495,0.05
3911,0.85875,0.05
3912,0.7825000000000001,0.05
3913,1.21625,0.05
3914,0.81875,0.05
3915,0.9825000000000002,0.05
3916,0.9025000000000001,0.05
3917,1.07375,0.05
3918,0.41999999999999993,0.05
3919,1.2,0.05
3920,-3.2300000000000018,0.05
3921,1.08,0.05
3922,1.1900000000000002,0.05
3923,0.84375,0.05
3924,1.12625,0.05
3925,0.9825000000000002,0.05
3926,1.3050000000000002,0.05
3927,1.09375,0.05
3928,1.45375,0.05
3929,1.05125,0.05
3930,1.07375,0.05
3931,0.96625,0.05
3932,1.29,0.05
3933,0.5487499999999997,0.05
3934,0.28125,0.05
3935,1.00625,0.05
3936,1.235,0.05
3937,0.17500000000000004,0.05
3938,1.21375,0.05
3939,0.82,0.05
3940,0.75125,0.05
3941,0.8212499999999999,0.05
3942,1.4400000000000002,0.05
3943,1.0250000000000001,0.05
3944,1.2525,0.05
3945,1.11,0.05
3946,0.7125,0.05
3947,0.08125000000000004,0.05
3948,1.115,0.05
3949,1.27875,0.05
3950,0.7337499999999999,0.05
3951,1.1125,0.05
3952,1.07375,0.05
3953,0.9775,0.05
3954,0.80875,0.05
3955,0.15999999999999992,0.05
3956,0.98875,0.05
3957,1.04,0.05
3958,1.11625,0.05
3959,1.1612500000000001,0.05
3960,0.41624999999999956,0.05
3961,1.04,0.05
3962,1.09375,0.05
3963,1.3625,0.05
3964,0.9975,0.05
3965,0.48999999999999966,0.05
3966,0.98875,0.05
3967,1.195,0.05
3968,1.0275,0.05
3969,0.9125000000000001,0.05
3970,0.9325000000000001,0.05
3971,-0.8800000000000001,0.05
3972,1.105,0.05
3973,0.5974999999999998,0.05
3974,0.9875,0.05
3975,0.9550000000000001,0.05
3976,1.1625,0.05
3977,0.8375,0.05
3978,0.7024999999999999,0.05
3979,0.84125,0.05
3980,1.33375,0.05
3981,1.1712500000000001,0.05
3982,0.97875,0.05
3983,1.02125,0.05
3984,0.5187499999999997,0.05
3985,1.45375,0.05
3986,0.7512499999999999,0.05
3987,1.27,0.05
3988,1.09375,0.05
3989,0.8975000000000001,0.05
3990,1.0350000000000001,0.05
3991,1.1925000000000001,0.05
3992,1.1487500000000002,0.05
3993,0.9400000000000001,0.05
3994,1.3275000000000001,0.05
3995,0.36499999999999977,0.05
3996,1.2175,0.05
3997,1.08875,0.05
3998,1.1812500000000001,0.05
3999,1.2862500000000001,0.05
4000,1.3987500000000002,0.05
4001,0.6024999999999998,0.05
4002,1.3525,0.05
4003,1.38625,0.05
4004,0.5612499999999999,0.05
4005,0.9900000000000001,0.05
4006,1.155,0.05
4007,1.2725000000000002,0.05
4008,1.1300000000000001,0.05
4009,0.6525,0.05
4010,0.8562500000000001,0.05
4011,1.02625,0.05
4012,1.13125,0.05
4013,1.0237500000000002,0.05
4014,0.7474999999999999,0.05
4015,1.18625,0.05
4016,1.15625,0.05
4017,1.0850000000000002,0.05
4018,0.7999999999999999,0.05
4019,1.07125,0.05
4020,1.0350000000000001,0.05
4021,0.08624999999999994,0.05
4022,1.1500000000000001,0.05
4023,1.0012500000000002,0.05
4024,1.2525000000000002,0.05
4025,0.8350000000000001,0.05
4026,1.09625,0.05
4027,1.2725,0.05
4028,0.5937499999999998,0.05
4029,1.01,0.05
4030,1.3450000000000002,0.05
4031,1.0637500000000002,0.05
4032,1.1525,0.05
4033,0.8537500000000001,0.05
4034,0.88,0.05
4035,1.1175000000000002,0.05
4036,0.82,0.05
4037,1.205,0.05
4038,1.35,0.05
4039,0.20125000000000015,0.05
4040,1.2475,0.05
4041,1.0525,0.05
4042,0.9750000000000001,0.05
4043,0.003750000000000142,0.05
4044,1.29,0.05
4045,1.32125,0.05
4046,1.3062500000000001,0.05
4047,1.25875,0.05
4048,0.7399999999999999,0.05
4049,1.0375,0.05
4050,0.9837500000000001,0.05
4051,1.03,0.05
4052,1.425,0.05
4053,1.0987500000000001,0.05
4054,-0.09124999999999983,0.05
4055,0.85875,0.05
4056,-0.5799999999999994,0.05
4057,0.82375,0.05
4058,1.22125,0.05
4059,1.1325,0.05
4060,1.15,0.05
4061,0.4399999999999997,0.05
4062,0.9100000000000001,0.05
4063,0.90375,0.05
4064,0.9712500000000001,0.05
4065,1.15625,0.05
4066,0.22249999999999992,0.05
4067,0.7925000000000001,0.05
4068,1.1125,0.05
4069,1.09375,0.05
4070,0.7274999999999999,0.05
4071,0.6037499999999998,0.05
4072,1.2,0.05
4073,1.3125,0.05
4074,1.13875,0.05
4075,0.8125,0.05
4076,1.18625,0.05
4077,1.20875,0.05
4078,1.0,0.05
4079,1.11125,0.05
4080,0.88,0.05
4081,0.7074999999999999,0.05
4082,1.35,0.05
4083,1.1675,0.05
4084,1.38625,0.05
4085,1.0462500000000001,0.05
4086,1.08,0.05
4087,1.46375,0.05
4088,1.09375,0.05
4089,0.7375,0.05
4090,1.1487500000000002,0.05
4091,0.88125,0.05
4092,1.15375,0.05
4093,0.915,0.05
4094,1.12375,0.05
4095,1.18625,0.05
4096,1.0212500000000002,0.05
4097,1.2275,0.05
4098,1.3725,0.05
4099,1.06,0.05
4100,0.865,0.05
4101,0.9525000000000001,0.05
4102,0.86,0.05
4103,1.1262500000000002,0.05
4104,1.13625,0.05
4105,1.095,0.05
4106,0.42249999999999965,0.05
4107,0.7687499999999999,0.05
4108,1.1400000000000001,0.05
4109,1.23,0.05
4110,0.7499999999999999,0.05
4111,1.0825,0.05
4112,1.1800000000000002,0.05
4113,1.20375,0.05
4114,1.0525,0.05
4115,0.7699999999999999,0.05
4116,0.4149999999999996,0.05
4117,0.3849999999999998,0.05
4118,1.0375,0.05
4119,0.6937499999999999,0.05
4120,0.71,0.05
4121,1.22125,0.05
4122,0.935,0.05
4123,1.0575,0.05
4124,0.15500000000000025,0.05
4125,1.185,0.05
4126,1.0625,0.05
4127,0.9450000000000001,0.05
4128,1.4675,0.05
4129,1.0987500000000001,0.05
4130,0.6837499999999999,0.05
4131,1.19875,0.05
4132,1.24,0.05
4133,1.0550000000000002,0.05
4134,0.895,0.05
4135,0.9137500000000001,0.05
4136,0.7625,0.05
4137,0.825,0.05
4138,1.23625,0.05
4139,1.02125,0.05
4140,1.205,0.05
4141,1.1300000000000001,0.05
4142,1.23125,0.05
4143,1.0987500000000001,0.05
4144,1.0575,0.05
4145,0.7462499999999999,0.05
4146,1.0,0.05
4147,0.6599999999999998,0.05
4148,1.335,0.05
4149,0.8562500000000001,0.05
4150,0.8875,0.05
4151,1.1675,0.05
4152,0.9537500000000001,0.05
4153,1.03875,0.05
4154,0.9475,0.05
4155,1.135,0.05
4156,1.1175000000000002,0.05
4157,1.1062500000000002,0.05
4158,0.91,0.05
4159,1.1912500000000001,0.05
4160,0.8925000000000001,0.05
4161,0.89375,0.05
4162,1.205,0.05
4163,1.49875,0.05
4164,0.9800000000000001,0.05
4165,1.2525,0.05
4166,1.02125,0.05
4167,0.9787500000000001,0.05
4168,0.9312500000000001,0.05
4169,1.11125,0.05
4170,-2.850000000000001,0.05
4171,1.01125,0.05
4172,1.0012500000000002,0.05
4173,1.1300000000000001,0.05
4174,1.2437500000000001,0.05
4175,0.8962500000000001,0.05
4176,0.34874999999999967,0.05
4177,1.03375,0.05
4178,1.26625,0.05
4179,1.0025,0.05
4180,1.30875,0.05
4181,1.2,0.05
4182,1.08,0.05
4183,1.18125,0.05
4184,1.405,0.05
4185,1.1687500000000002,0.05
4186,1.22125,0.05
4187,1.1,0.05
4188,1.2575,0.05
4189,0.5487499999999997,0.05
4190,1.1975,0.05
4191,1.02,0.05
4192,1.0975000000000001,0.05
4193,0.7825,0.05
4194,1.155,0.05
4195,1.08875,0.05
4196,1.1187500000000001,0.05
4197,1.0550000000000002,0.05
4198,1.4837500000000001,0.05
4199,1.21625,0.05
4200,0.36499999999999977,0.05
4201,1.13125,0.05
4202,1.2087500000000002,0.05
4203,0.795,0.05
4204,1.07125,0.05
4205,0.9650000000000001,0.05
4206,1.27625,0.05
4207,0.935,0.05
4208,1.46875,0.05
4209,1.13125,0.05
4210,1.0925,0.05
4211,1.3275000000000001,0.05
4212,0.825,0.05
4213,1.11,0.05
4214,1.07125,0.05
4215,1.0275,0.05
4216,1.02625,0.05
4217,1.22125,0.05
4218,1.2525,0.05
4219,0.86125,0.05
4220,1.0150000000000001,0.05
4221,1.095,0.05
4222,1.26625,0.05
4223,-2.7987500000000005,0.05
4224,0.7625,0.05
4225,0.4149999999999998,0.05
4226,1.34,0.05
4227,1.39375,0.05
4228,1.4175,0.05
4229,1.26,0.05
4230,1.02,0.05
4231,1.2775,0.05
4232,0.6962499999999999,0.05
4233,0.7162499999999999,0.05
4234,1.25875,0.05
4235,1.26,0.05
4236,1.06,0.05
4237,0.84,0.05
4238,0.935,0.05
4239,0.71,0.05
4240,0.9287500000000001,0.05
4241,0.6524999999999999,0.05
4242,1.0250000000000001,0.05
4243,1.355,0.05
4244,0.6699999999999999,0.05
4245,1.04125,0.05
4246,1.2337500000000001,0.05
4247,1.1,0.05
4248,1.2962500000000001,0.05
4249,1.06,0.05
4250,1.08125,0.05
4251,0.8425,0.05
4252,1.04,0.05
4253,0.935,0.05
4254,1.22625,0.05
4255,1.06125,0.05
4256,1.22625,0.05
4257,0.14749999999999996,0.05
4258,0.9400000000000001,0.05
4259,1.02625,0.05
4260,1.33,0.05
4261,1.11375,0.05
4262,1.045,0.05
4263,1.0525000000000002,0.05
4264,0.29374999999999973,0.05
4265,0.7662499999999999,0.05
4266,1.12625,0.05
4267,0.82375,0.05
4268,1.0350000000000001,0.05
4269,1.37125,0.05
4270,0.9525000000000001,0.05
4271,-3.2925,0.05
4272,1.21625,0.05
4273,1.0625,0.05
4274,1.13625,0.05
4275,1.3475000000000001,0.05
4276,1.225,0.05
4277,0.6962499999999998,0.05
4278,1.3625,0.05
4279,1.1400000000000001,0.05
4280,0.75125,0.05
4281,-2.900000000000001,0.05
4282,1.3275000000000001,0.05
4283,0.5662499999999997,0.05
4284,0.5049999999999999,0.05
4285,1.2400000000000002,0.05
4286,1.29875,0.05
4287,1.18375,0.05
4288,0.98875,0.05
4289,1.0762500000000002,0.05
4290,1.1262500000000002,0.05
4291,1.06,0.05
4292,0.8312499999999999,0.05
4293,0.25125,0.05
4294,0.8700000000000001,0.05
4295,1.07625,0.05
4296,1.17375,0.05
4297,0.7149999999999999,0.05
4298,-0.6487499999999995,0.05
4299,1.0350000000000001,0.05
4300,1.11375,0.05
4301,0.9287500000000001,0.05
4302,0.25750000000000006,0.05
4303,0.9875,0.05
4304,0.8962500000000001,0.05
4305,0.9512500000000002,0.05
4306,0.6774999999999999,0.05
4307,0.73125,0.05
4308,-0.5524999999999991,0.05
4309,0.15749999999999997,0.05
4310,0.9087500000000002,0.05
4311,1.1400000000000001,0.05
4312,0.875,0.05
4313,0.9337500000000001,0.05
4314,1.01625,0.05
4315,0.78625,0.05
4316,0.9825000000000002,0.05
4317,1.1287500000000001,0.05
4318,0.6174999999999998,0.05
4319,1.02,0.05
4320,0.91,0.05
4321,1.31375,0.05
4322,1.1175000000000002,0.05
4323,0.44999999999999973,0.05
4324,1.37125,0.05
4325,1.0075,0.05
4326,1.03375,0.05
4327,0.7687499999999999,0.05
4328,1.0350000000000001,0.05
4329,1.05875,0.05
4330,0.9337500000000001,0.05
4331,0.9675,0.05
4332,0.9287500000000001,0.05
4333,0.7637499999999999,0.05
4334,1.11625,0.05
4335,1.2525,0.05
4336,1.2237500000000001,0.05
4337,0.9475,0.05
4338,1.145,0.05
4339,1.3275000000000001,0.05
4340,0.5399999999999997,0.05
4341,0.9850000000000001,0.05
4342,0.9400000000000001,0.05
4343,0.9087500000000001,0.05
4344,1.0025,0.05
4345,1.0575,0.05
4346,0.78125,0.05
4347,0.14375000000000004,0.05
4348,1.39125,0.05
4349,0.98875,0.05
4350,1.3625,0.05
4351,0.9812500000000001,0.05
4352,-2.8475000000000006,0.05
4353,1.13125,0.05
4354,1.03875,0.05
4355,1.02625,0.05
4356,0.7549999999999999,0.05
4357,1.1675,0.05
4358,1.1912500000000001,0.05
4359,1.0750000000000002,0.05
4360,1.3575000000000002,0.05
4361,1.1,0.05
4362,1.355,0.05
4363,1.0825,0.05
4364,1.445,0.05
4365,1.0,0.05
4366,0.86,0.05
4367,1.2550000000000001,0.05
4368,0.9700000000000001,0.05
4369,1.1662500000000002,0.05
4370,0.84375,0.05
4371,1.1600000000000001,0.05
4372,1.0425,0.05
4373,1.04,0.05
4374,1.1075,0.05
4375,0.6799999999999998,0.05
4376,1.1600000000000001,0.05
4377,1.27875,0.05
4378,1.1262500000000002,0.05
4379,1.11625,0.05
4380,0.7399999999999999,0.05
4381,1.38125,0.05
4382,1.2225000000000001,0.05
4383,1.0275,0.05
4384,1.1725,0.05
4385,1.1225,0.05
4386,1.2525,0.05
4387,0.7849999999999999,0.05
4388,1.1800000000000002,0.05
4389,1.3475000000000001,0.05
4390,1.0375,0.05
4391,-3.4124999999999996,0.05
4392,1.33125,0.05
4393,0.23249999999999993,0.05
4394,1.09375,0.05
4395,1.0137500000000002,0.05
4396,1.0987500000000001,0.05
4397,0.8925000000000001,0.05
4398,0.9650000000000001,0.05
4399,0.9712500000000001,0.05
4400,1.165,0.05
4401,1.1725,0.05
4402,1.17625,0.05
4403,1.2000000000000002,0.05
4404,1.15375,0.05
4405,1.11625,0.05
4406,1.5274999999999999,0.05
4407,0.48499999999999965,0.05
4408,0.5812499999999997,0.05
4409,0.84,0.05
4410,1.135,0.05
4411,1.185,0.05
4412,0.9100000000000001,0.05
4413,0.96125,0.05
4414,1.0525,0.05
4415,1.27,0.05
4416,1.0325000000000002,0.05
4417,1.155,0.05
4418,1.0037500000000001,0.05
4419,1.1487500000000002,0.05
4420,1.21625,0.05
4421,0.9687500000000001,0.05
4422,0.835,0.05
4423,1.47125,0.05
4424,0.94625,0.05
4425,1.38625,0.05
4426,1.22125,0.05
4427,0.9837500000000001,0.05
4428,1.18625,0.05
4429,1.1575,0.05
4430,1.02625,0.05
4431,1.3975,0.05
4432,1.28375,0.05
4433,0.96625,0.05
4434,0.9512500000000002,0.05
4435,1.1975,0.05
4436,1.0987500000000001,0.05
4437,1.00625,0.05
4438,1.0525,0.05
4439,0.9425,0.05
4440,0.9137500000000001,0.05
4441,1.29,0.05
4442,1.185,0.05
4443,1.0450000000000002,0.05
4444,0.7625,0.05
4445,1.165,0.05
4446,0.9700000000000001,0.05
4447,0.9087500000000002,0.05
4448,0.9650000000000001,0.05
4449,0.6387499999999998,0.05
4450,0.9900000000000001,0.05
4451,1.0925,0.05
4452,0.88,0.05
4453,1.17375,0.05
4454,0.8350000000000001,0.05
4455,0.87125,0.05
4456,0.9425,0.05
4457,0.785,0.05
4458,0.6937499999999999,0.05
4459,0.5499999999999997,0.05
4460,0.9337500000000001,0.05
4461,1.14375,0.05
4462,1.145,0.05
4463,1.2075,0.05
4464,1.24,0.05
4465,-0.5037499999999995,0.05
4466,-0.1399999999999999,0.05
4467,1.1725,0.05
4468,0.9825000000000002,0.05
4469,1.235,0.05
4470,0.7649999999999999,0.05
4471,0.9287500000000001,0.05
4472,1.24875,0.05
4473,1.3125,0.05
4474,0.9337500000000001,0.05
4475,1.0375,0.05
4476,1.0437500000000002,0.05
4477,1.295,0.05
4478,1.27875,0.05
4479,1.11,0.05
4480,1.1,0.05
4481,1.04,0.05
4482,1.03875,0.05
4483,1.1625,0.05
4484,0.9837500000000001,0.05
4485,1.48625,0.05
4486,1.23875,0.05
4487,0.6900000000000001,0.05
4488,1.17875,0.05
4489,1.145,0.05
4490,1.22125,0.05
4491,1.1800000000000002,0.05
4492,1.2937500000000002,0.05
4493,1.175,0.05
4494,1.2337500000000001,0.05
4495,1.31875,0.05
4496,0.6887499999999999,0.05
4497,1.28875,0.05
4498,1.02125,0.05
4499,1.3575000000000002,0.05
4500,1.02625,0.05
4501,1.0987500000000001,0.05
4502,0.7825,0.05
4503,1.07375,0.05
4504,1.15375,0.05
4505,0.5562499999999997,0.05
4506,1.01875,0.05
4507,0.905,0.05
4508,1.4275000000000002,0.05
4509,1.14375,0.05
4510,1.135,0.05
4511,0.8700000000000001,0.05
4512,1.27,0.05
4513,-0.8112499999999996,0.05
4514,1.2537500000000001,0.05
4515,1.145,0.05
4516,0.9712500000000001,0.05
4517,0.6149999999999999,0.05
4518,1.22125,0.05
4519,0.91125,0.05
4520,1.2337500000000001,0.05
4521,1.02625,0.05
4522,1.04,0.05
4523,1.15375,0.05
4524,1.0975000000000001,0.05
4525,1.4725000000000001,0.05
4526,1.40125,0.05
4527,0.86125,0.05
4528,1.095,0.05
4529,1.2225000000000001,0.05
4530,1.0987500000000001,0.05
4531,1.1300000000000001,0.05
4532,1.07375,0.05
4533,0.6174999999999998,0.05
4534,0.36624999999999974,0.05
4535,0.5862499999999998,0.05
4536,1.26,0.05
4537,1.3137500000000002,0.05
4538,0.8200000000000001,0.05
4539,1.295,0.05
4540,0.29125,0.05
4541,1.00625,0.05
4542,1.0425,0.05
4543,1.2775,0.05
4544,0.94125,0.05
4545,0.85875,0.05
4546,1.24125,0.05
4547,1.26,0.05
4548,1.245,0.05
4549,0.9875,0.05
4550,1.1800000000000002,0.05
4551,1.1625,0.05
4552,1.1487500000000002,0.05
4553,1.31375,0.05
4554,1.0975000000000001,0.05
4555,1.15375,0.05
4556,1.21625,0.05
4557,1.1975000000000002,0.05
4558,0.8825,0.05
4559,0.9837500000000001,0.05
4560,1.01875,0.05
4561,1.315,0.05
4562,1.19,0.05
4563,1.25875,0.05
4564,1.21625,0.05
4565,1.245,0.05
4566,1.0075,0.05
4567,1.1875,0.05
4568,1.23625,0.05
4569,0.9650000000000001,0.05
4570,1.0025,0.05
4571,1.445,0.05
4572,1.1625,0.05
4573,0.5374999999999998,0.05
4574,1.00625,0.05
4575,1.0550000000000002,0.05
4576,1.1425,0.05
4577,1.2012500000000002,0.05
4578,1.0975000000000001,0.05
4579,1.3900000000000001,0.05
4580,-2.850000000000001,0.05
4581,0.855,0.05
4582,1.2625000000000002,0.05
4583,1.0025,0.05
4584,1.0425,0.05
4585,0.85875,0.05
4586,0.85875,0.05
4587,1.08875,0.05
4588,0.22124999999999972,0.05
4589,1.335,0.05
4590,1.3262500000000002,0.05
4591,1.07625,0.05
4592,1.0950000000000002,0.05
4593,0.90375,0.05
4594,1.02125,0.05
4595,0.9875,0.05
4596,0.875,0.05
4597,0.3774999999999997,0.05
4598,0.61125,0.05
4599,0.7149999999999999,0.05
4600,1.02625,0.05
4601,0.9900000000000001,0.05
4602,1.0275,0.05
4603,1.08,0.05
4604,1.1075,0.05
4605,0.9900000000000001,0.05
4606,1.19875,0.05
4607,1.0050000000000001,0.05
4608,0.91625,0.05
4609,1.28125,0.05
4610,0.9837500000000001,0.05
4611,1.435,0.05
4612,1.225,0.05
4613,0.9137500000000001,0.05
4614,1.20875,0.05
4615,1.2337500000000001,0.05
4616,0.6849999999999998,0.05
4617,1.3175000000000001,0.05
4618,0.9287500000000001,0.05
4619,1.0987500000000001,0.05
4620,-0.0050000000000001155,0.05
4621,1.35,0.05
4622,0.9512500000000002,0.05
4623,1.245,0.05
4624,0.9475,0.05
4625,0.9337500000000001,0.05
4626,0.9687500000000001,0.05
4627,0.7999999999999999,0.05
4628,0.9862500000000001,0.05
4629,1.06125,0.05
4630,1.245,0.05
4631,1.185,0.05
4632,1.1712500000000001,0.05
4633,0.9312500000000001,0.05
4634,1.0562500000000001,0.05
4635,1.2675,0.05
4636,1.38625,0.05
4637,0.935,0.05
4638,1.245,0.05
4639,1.1912500000000001,0.05
4640,1.12625,0.05
4641,1.02125,0.05
4642,0.925,0.05
4643,1.14375,0.05
4644,0.8225,0.05
4645,1.0275,0.05
4646,1.115,0.05
4647,1.2075,0.05
4648,1.5075,0.05
4649,0.7799999999999999,0.05
4650,1.29875,0.05
4651,1.21625,0.05
4652,1.19,0.05
4653,0.20124999999999993,0.05
4654,0.10375000000000001,0.05
4655,0.9700000000000001,0.05
4656,1.1,0.05
4657,1.04,0.05
4658,0.81875,0.05
4659,1.2075,0.05
4660,1.1425,0.05
4661,1.0012500000000002,0.05
4662,1.3325,0.05
4663,1.1525,0.05
4664,0.8775000000000001,0.05
4665,1.3250000000000002,0.05
4666,1.0250000000000001,0.05
4667,0.9800000000000001,0.05
4668,1.5137500000000002,0.05
4669,1.27625,0.05
4670,1.0050000000000001,0.05
4671,1.3587500000000001,0.05
4672,1.28125,0.05
4673,1.0325000000000002,0.05
4674,0.91125,0.05
4675,1.09375,0.05
4676,0.72625,0.05
4677,0.9837500000000001,0.05
4678,0.83625,0.05
4679,1.0037500000000001,0.05
4680,-2.9037500000000014,0.05
4681,0.6187499999999998,0.05
4682,1.0525,0.05
4683,1.0875000000000001,0.05
4684,1.31875,0.05
4685,1.2175,0.05
4686,0.9700000000000001,0.05
4687,1.2225000000000001,0.05
4688,0.11375000000000002,0.05
4689,0.7349999999999999,0.05
4690,1.2225000000000001,0.05
4691,1.15375,0.05
4692,1.02,0.05
4693,1.135,0.05
4694,1.4412500000000001,0.05
4695,0.95625,0.05
4696,1.44875,0.05
4697,1.0375,0.05
4698,1.0037500000000001,0.05
4699,1.13125,0.05
4700,1.0575,0.05
4701,0.7287499999999999,0.05
4702,1.2525,0.05
4703,1.2937500000000002,0.05
4704,1.4625000000000001,0.05
4705,1.2550000000000001,0.05
4706,0.7099999999999999,0.05
4707,0.72125,0.05
4708,1.2025000000000001,0.05
4709,1.22875,0.05
4710,1.1600000000000001,0.05
4711,1.185,0.05
4712,0.9187500000000001,0.05
4713,1.0550000000000002,0.05
4714,1.13625,0.05
4715,0.885,0.05
4716,0.9712500000000001,0.05
4717,1.0375,0.05
4718,1.0925,0.05
4719,1.1400000000000001,0.05
4720,1.3362500000000002,0.05
4721,1.2625000000000002,0.05
4722,1.1887500000000002,0.05
4723,1.02625,0.05
4724,1.13125,0.05
4725,0.9850000000000001,0.05
4726,0.8012499999999999,0.05
4727,1.28375,0.05
4728,1.35,0.05
4729,0.8925000000000001,0.05
4730,1.2175,0.05
4731,-0.12874999999999992,0.05
4732,1.31125,0.05
4733,1.0625,0.05
4734,1.1800000000000002,0.05
4735,0.8312499999999999,0.05
4736,0.90625,0.05
4737,1.11,0.05
4738,0.8750000000000001,0.05
4739,1.2225000000000001,0.05
4740,1.0562500000000001,0.05
4741,0.9475,0.05
4742,1.24125,0.05
4743,-2.7687500000000007,0.05
4744,0.9325,0.05
4745,1.2087500000000002,0.05
4746,1.0375,0.05
4747,1.0075,0.05
4748,0.91625,0.05
4749,1.00625,0.05
4750,1.4075,0.05
4751,0.96625,0.05
4752,1.1425,0.05
4753,1.23875,0.05
4754,0.47624999999999995,0.05
4755,1.01875,0.05
4756,1.1912500000000001,0.05
4757,1.08125,0.05
4758,1.05375,0.05
4759,1.0525,0.05
4760,1.00625,0.05
4761,0.9975,0.05
4762,1.27875,0.05
4763,1.17375,0.05
4764,1.44375,0.05
4765,1.2087500000000002,0.05
4766,0.8925000000000001,0.05
4767,0.3162499999999999,0.05
4768,1.00625,0.05
4769,-0.7524999999999997,0.05
4770,1.25875,0.05
4771,1.11125,0.05
4772,1.00625,0.05
4773,1.1037500000000002,0.05
4774,1.2225000000000001,0.05
4775,1.20375,0.05
4776,1.07875,0.05
4777,0.5437499999999997,0.05
4778,0.82,0.05
4779,1.43875,0.05
4780,0.06500000000000017,0.05
4781,1.27625,0.05
4782,0.31374999999999975,0.05
4783,0.9475,0.05
4784,0.93125,0.05
4785,0.9612500000000002,0.05
4786,1.125,0.05
4787,1.18625,0.05
4788,0.9512500000000002,0.05
4789,1.1675,0.05
4790,1.0012500000000002,0.05
4791,1.20875,0.05
4792,1.3137500000000002,0.05
4793,1.3037500000000002,0.05
4794,1.2975,0.05
4795,1.1487500000000002,0.05
4796,1.20875,0.05
4797,1.19,0.05
4798,1.17875,0.05
4799,1.19375,0.05
4800,1.25875,0.05
4801,1.5225,0.05
4802,1.17375,0.05
4803,0.80125,0.05
4804,1.12,0.05
4805,1.02625,0.05
4806,1.08,0.05
4807,1.07375,0.05
4808,0.74625,0.05
4809,0.80375,0.05
4810,-0.6049999999999993,0.05
4811,1.24625,0.05
4812,1.13625,0.05
4813,1.2175,0.05
4814,0.9425,0.05
4815,1.115,0.05
4816,1.3450000000000002,0.05
4817,1.1300000000000001,0.05
4818,1.125,0.05
4819,1.18375,0.05
4820,1.0875000000000001,0.05
4821,1.11,0.05
4822,1.3075,0.05
4823,1.05,0.05
4824,1.36,0.05
4825,1.1712500000000001,0.05
4826,1.15,0.05
4827,1.4675,0.05
4828,1.42625,0.05
4829,1.2525,0.05
4830,1.0975000000000001,0.05
4831,1.4412500000000001,0.05
4832,0.91,0.05
4833,1.2000000000000002,0.05
4834,0.9237500000000001,0.05
4835,0.9325000000000001,0.05
4836,0.5737499999999998,0.05
4837,0.9100000000000001,0.05
4838,0.8350000000000001,0.05
4839,1.10125,0.05
4840,1.1925000000000001,0.05
4841,0.90625,0.05
4842,1.31375,0.05
4843,1.32125,0.05
4844,0.94625,0.05
4845,1.2225000000000001,0.05
4846,1.14375,0.05
4847,1.02125,0.05
4848,1.02625,0.05
4849,1.1800000000000002,0.05
4850,1.1,0.05
4851,1.1487500000000002,0.05
4852,1.07375,0.05
4853,0.9512500000000002,0.05
4854,0.8925000000000001,0.05
4855,1.00625,0.05
4856,1.0375,0.05
4857,0.83,0.05
4858,0.9700000000000001,0.05
4859,1.235,0.05
4860,1.23875,0.05
4861,0.85875,0.05
4862,1.185,0.05
4863,0.9875,0.05
4864,1.3250000000000002,0.05
4865,0.6449999999999998,0.05
4866,1.02,0.05
4867,1.495,0.05
4868,1.205,0.05
4869,0.9587500000000001,0.05
4870,0.7337499999999999,0.05
4871,1.09375,0.05
4872,0.7449999999999999,0.05
4873,0.7687499999999999,0.05
4874,0.9700000000000001,0.05
4875,1.4125,0.05
4876,1.5175,0.05
4877,0.9087500000000002,0.05
4878,1.1525,0.05
4879,0.7899999999999999,0.05
4880,1.03875,0.05
4881,1.01,0.05
4882,1.05125,0.05
4883,1.125,0.05
4884,0.4349999999999996,0.05
4885,1.3,0.05
4886,0.6974999999999999,0.05
4887,0.39124999999999965,0.05
4888,0.6712499999999999,0.05
4889,1.3825,0.05
4890,1.07625,0.05
4891,0.8875,0.05
4892,0.5987499999999998,0.05
4893,0.9837500000000001,0.05
4894,0.5924999999999997,0.05
4895,0.9337500000000001,0.05
4896,0.9475,0.05
4897,0.9850000000000001,0.05
4898,1.3987500000000002,0.05
4899,1.38125,0.05
4900,0.4624999999999998,0.05
4901,0.89875,0.05
4902,0.775,0.05
4903,1.44,0.05
4904,1.31375,0.05
4905,1.3025,0.05
4906,0.7699999999999999,0.05
4907,1.20875,0.05
4908,0.88,0.05
4909,0.895,0.05
4910,1.33125,0.05
4911,1.03875,0.05
4912,0.9650000000000001,0.05
4913,0.9637500000000001,0.05
4914,0.98875,0.05
4915,0.91625,0.05
4916,0.99,0.05
4917,0.5924999999999998,0.05
4918,1.06,0.05
4919,1.11,0.05
4920,0.8425,0.05
4921,0.855,0.05
4922,0.7024999999999999,0.05
4923,0.7575,0.05
4924,1.3,0.05
4925,1.1475,0.05
4926,1.115,0.05
4927,1.18625,0.05
4928,1.0450000000000002,0.05
4929,1.0625,0.05
4930,1.455,0.05
4931,1.27125,0.05
4932,1.1287500000000001,0.05
4933,1.18625,0.05
4934,0.8900000000000001,0.05
4935,1.18625,0.05
4936,1.2637500000000002,0.05
4937,1.18625,0.05
4938,0.5062499999999998,0.05
4939,1.02,0.05
4940,1.1975,0.05
4941,1.06,0.05
4942,1.18375,0.05
4943,1.2875,0.05
4944,0.8562500000000001,0.05
4945,1.24,0.05
4946,1.01875,0.05
4947,1.2625000000000002,0.05
4948,1.0775000000000001,0.05
4949,0.9525000000000001,0.05
4950,1.2200000000000002,0.05
4951,1.39125,0.05
4952,1.27,0.05
4953,0.8425,0.05
4954,1.0075,0.05
4955,1.0250000000000001,0.05
4956,1.02,0.05
4957,0.80375,0.05
4958,0.3424999999999998,0.05
4959,0.6712499999999999,0.05
4960,0.6899999999999998,0.05
4961,0.3374999999999997,0.05
4962,1.24125,0.05
4963,0.6274999999999998,0.05
4964,0.17625000000000002,0.05
4965,0.9975,0.05
4966,1.095,0.05
4967,1.24125,0.05
4968,1.33875,0.05
4969,1.245,0.05
4970,1.15375,0.05
4971,1.08875,0.05
4972,1.22125,0.05
4973,0.77,0.05
4974,0.895,0.05
4975,1.09375,0.05
4976,-0.07999999999999985,0.05
4977,0.895,0.05
4978,1.11,0.05
4979,1.04,0.05
4980,1.05125,0.05
4981,0.7599999999999999,0.05
4982,1.2625,0.05
4983,1.5174999999999998,0.05
4984,0.8375,0.05
4985,0.9850000000000001,0.05
4986,1.36375,0.05
4987,0.9487500000000001,0.05
4988,1.0575,0.05
4989,1.1675,0.05
4990,0.7449999999999999,0.05
4991,0.78125,0.05
4992,1.335,0.05
4993,0.9237500000000001,0.05
4994,1.3050000000000002,0.05
4995,0.3474999999999997,0.05
4996,1.07125,0.05
4997,-0.10624999999999996,0.05
4998,0.925,0.05
4999,1.24,0.05
5000,1.2225000000000001,0.05
