episode,mean_reward,std_reward,min_reward,max_reward
1,-3.0572497844696045,0.09969140589237213,-3.203749895095825,-2.8924999237060547
2,-2.66937518119812,1.1994463205337524,-3.309999942779541,0.9087499976158142
3,-3.0359997749328613,0.11417882889509201,-3.2462499141693115,-2.8350000381469727
4,-3.033250093460083,0.19169491529464722,-3.411250114440918,-2.742500066757202
5,-3.0688748359680176,0.19778576493263245,-3.549999952316284,-2.8324999809265137
6,-2.605375051498413,1.15360426902771,-3.331249952316284,0.8224999904632568
7,-3.0434999465942383,0.10324548929929733,-3.2225000858306885,-2.856250047683716
8,-2.367000102996826,1.211525797843933,-3.3399999141693115,-0.029999999329447746
9,-2.5910000801086426,1.3097984790802002,-3.117500066757202,1.3337500095367432
10,-2.828125,0.5991116762161255,-3.4937500953674316,-1.1699999570846558
11,-2.752999782562256,0.8639073371887207,-3.2587499618530273,-0.18125000596046448
12,-3.0632500648498535,0.1113092452287674,-3.231250047683716,-2.913749933242798
13,-3.104749917984009,0.1532948613166809,-3.4487500190734863,-2.872499942779541
14,-3.0697498321533203,0.10536069422960281,-3.3137500286102295,-2.9387500286102295
15,-3.0694997310638428,0.1680207997560501,-3.518749952316284,-2.848750114440918
16,-2.7536251544952393,0.9381858110427856,-3.2049999237060547,0.051249999552965164
17,-3.0607497692108154,0.18154387176036835,-3.401249885559082,-2.802500009536743
18,-3.074000120162964,0.1591498851776123,-3.336250066757202,-2.846250057220459
19,-2.6458752155303955,1.0218148231506348,-3.0999999046325684,0.4087499976158142
20,-3.041375160217285,0.13789764046669006,-3.234999895095825,-2.8299999237060547
21,-3.0511250495910645,0.11554688215255737,-3.221250057220459,-2.8949999809265137
22,-2.774249792098999,1.290442705154419,-3.640000104904175,1.0437500476837158
23,-3.017625093460083,0.20294198393821716,-3.453749895095825,-2.703749895095825
24,-3.1131250858306885,0.18686412274837494,-3.471250057220459,-2.827500104904175
25,-2.388124942779541,1.2680819034576416,-3.359999895095825,0.6312500238418579
26,-3.05649995803833,0.12190648168325424,-3.353749990463257,-2.8812499046325684
27,-3.0212502479553223,0.1594286859035492,-3.421250104904175,-2.851249933242798
28,-2.977750062942505,0.14059007167816162,-3.2750000953674316,-2.805000066757202
29,-2.9795002937316895,0.11007269471883774,-3.197499990463257,-2.7850000858306885
30,-2.9830000400543213,0.09429212659597397,-3.1475000381469727,-2.8087499141693115
31,-3.00362491607666,0.10050877928733826,-3.130000114440918,-2.7725000381469727
32,-2.250000238418579,1.3384453058242798,-3.358750104904175,0.44874998927116394
33,-3.091749906539917,0.2492094784975052,-3.8299999237060547,-2.9462499618530273
34,-2.792874813079834,0.7575185298919678,-3.302500009536743,-0.5450000166893005
35,-2.7865002155303955,0.7973171472549438,-3.509999990463257,-0.4449999928474426
36,-2.612874746322632,1.17615807056427,-3.2012500762939453,0.9037500023841858
37,-3.015749931335449,0.1593700498342514,-3.348750114440918,-2.6812500953674316
38,-2.696500301361084,0.9035776853561401,-3.190000057220459,-0.013749999925494194
39,-3.082625150680542,0.19799180328845978,-3.518749952316284,-2.786250114440918
40,-3.0969998836517334,0.23885875940322876,-3.6500000953674316,-2.846250057220459
41,-3.012625217437744,0.15918388962745667,-3.413749933242798,-2.877500057220459
42,-2.9771249294281006,0.15734820067882538,-3.390000104904175,-2.747499942779541
43,-3.0068747997283936,0.15288709104061127,-3.3475000858306885,-2.851249933242798
44,-3.0296249389648438,0.2560292184352875,-3.677500009536743,-2.6675000190734863
45,-2.993500232696533,0.1264994591474533,-3.2562499046325684,-2.817500114440918
46,-2.7663748264312744,1.0877223014831543,-3.4700000286102295,0.4650000035762787
47,-3.1131248474121094,0.3142964541912079,-3.7249999046325684,-2.609999895095825
48,-3.0712499618530273,0.2444707304239273,-3.612499952316284,-2.786250114440918
49,-2.2400002479553223,1.4022597074508667,-3.1262500286102295,0.574999988079071
50,-3.038249969482422,0.14955684542655945,-3.190000057220459,-2.7100000381469727
51,-2.993499755859375,0.10215000808238983,-3.2537500858306885,-2.890000104904175
52,-2.8032498359680176,0.7472718954086304,-3.2899999618530273,-0.5849999785423279
53,-3.0133750438690186,0.15599282085895538,-3.302500009536743,-2.7987499237060547
54,-2.865875244140625,0.6117965579032898,-3.418750047683716,-1.1100000143051147
55,-2.782749891281128,0.9339300394058228,-3.4412500858306885,-0.04500000178813934
56,-2.4044997692108154,1.1589847803115845,-3.151249885559082,0.7699999809265137
57,-2.973375082015991,0.11702971905469894,-3.109999895095825,-2.7174999713897705
58,-2.7341246604919434,1.0759432315826416,-3.6050000190734863,0.4124999940395355
59,-2.99150013923645,0.0751764178276062,-3.096250057220459,-2.858750104904175
60,-2.9664998054504395,0.0963064581155777,-3.0512499809265137,-2.7300000190734863
61,-3.1211252212524414,0.1529853641986847,-3.398750066757202,-2.9024999141693115
62,-2.6216251850128174,1.0628465414047241,-3.1962499618530273,0.550000011920929
63,-2.316500186920166,1.3471964597702026,-3.0899999141693115,0.9337499737739563
64,-2.94362473487854,0.09535370022058487,-3.0662500858306885,-2.7437500953674316
65,-2.808000087738037,0.6685656905174255,-3.3737499713897705,-0.856249988079071
66,-2.972749948501587,0.16261708736419678,-3.177500009536743,-2.6937499046325684
67,-2.93037486076355,0.11128377169370651,-3.1050000190734863,-2.6987500190734863
68,-2.7149996757507324,0.72284334897995,-3.0762500762939453,-0.5600000023841858
69,-2.958749771118164,0.09122432768344879,-3.069999933242798,-2.7799999713897705
70,-2.9553747177124023,0.1003945991396904,-3.1575000286102295,-2.7899999618530273
71,-2.954624891281128,0.11029937863349915,-3.163749933242798,-2.706249952316284
72,-2.9679999351501465,0.06222989037632942,-3.0487499237060547,-2.8162500858306885
73,-2.268125057220459,1.6263823509216309,-3.807499885559082,0.9837499856948853
74,-3.0008749961853027,0.10889653116464615,-3.1987500190734863,-2.802500009536743
75,-3.026625156402588,0.14903131127357483,-3.309999942779541,-2.872499942779541
76,-3.029750108718872,0.2929210662841797,-3.8350000381469727,-2.773750066757202
77,-2.777750015258789,0.7000660300254822,-3.583750009536743,-0.768750011920929
78,-2.6997501850128174,0.7282429337501526,-3.1137499809265137,-0.5299999713897705
79,-2.704249858856201,1.0590578317642212,-3.577500104904175,0.42250001430511475
80,-3.040250062942505,0.17018631100654602,-3.3324999809265137,-2.7987499237060547
81,-3.1266252994537354,0.30544131994247437,-3.911250114440918,-2.7674999237060547
82,-2.524750232696533,1.321263313293457,-3.158750057220459,1.4225000143051147
83,-2.9986250400543213,0.0891144722700119,-3.1737499237060547,-2.8737499713897705
84,-2.4422500133514404,1.3041737079620361,-3.802500009536743,0.8174999952316284
85,-2.9781248569488525,0.09383202344179153,-3.177500009536743,-2.867500066757202
86,-2.9343745708465576,0.17087113857269287,-3.319999933242798,-2.6887500286102295
87,-2.947499990463257,0.15069730579853058,-3.2799999713897705,-2.700000047683716
88,-3.0047500133514404,0.09769503772258759,-3.211250066757202,-2.8812499046325684
89,-2.9307498931884766,0.1582750678062439,-3.130000114440918,-2.697499990463257
90,-2.979875087738037,0.1894320696592331,-3.338749885559082,-2.625
91,-2.9660000801086426,0.10072516649961472,-3.1337499618530273,-2.773750066757202
92,-2.9882500171661377,0.14474569261074066,-3.333750009536743,-2.8087499141693115
93,-3.045750141143799,0.3124741315841675,-3.827500104904175,-2.7487499713897705
94,-2.5803751945495605,1.051322340965271,-3.0350000858306885,0.5674999952316284
95,-2.990374803543091,0.07040518522262573,-3.148750066757202,-2.8762500286102295
96,-1.8827499151229858,1.9236176013946533,-3.640000104904175,1.190000057220459
97,-2.937000036239624,0.0845801904797554,-3.1137499809265137,-2.8237500190734863
98,-2.934499979019165,0.13707347214221954,-3.2200000286102295,-2.7899999618530273
99,-2.74150013923645,0.6534202694892883,-3.055000066757202,-0.793749988079071
100,-2.994874954223633,0.10929099470376968,-3.21875,-2.809999942779541
101,-2.9418749809265137,0.08791909366846085,-3.1262500286102295,-2.8662500381469727
102,-2.929499864578247,0.11001450568437576,-3.1500000953674316,-2.7699999809265137
103,-2.860499858856201,0.08512526750564575,-3.009999990463257,-2.737499952316284
104,-2.5269999504089355,1.0470921993255615,-3.047499895095825,0.6037499904632568
105,-2.9741251468658447,0.2166636437177658,-3.5225000381469727,-2.71875
106,-2.6640000343322754,0.9903586506843567,-3.1449999809265137,0.29750001430511475
107,-3.020749807357788,0.23341703414916992,-3.6887500286102295,-2.778749942779541
108,-3.111999988555908,0.23462814092636108,-3.572499990463257,-2.8424999713897705
109,-2.795875072479248,0.8334744572639465,-3.391249895095825,-0.3474999964237213
110,-2.588750123977661,1.2542119026184082,-3.4674999713897705,1.1437499523162842
111,-3.072000026702881,0.218962162733078,-3.4749999046325684,-2.8350000381469727
112,-2.571125030517578,1.294203519821167,-3.6549999713897705,1.252500057220459
113,-2.267749786376953,1.4035087823867798,-3.1187500953674316,1.28125
114,-2.7452502250671387,0.6397948265075684,-3.411250114440918,-0.8912500143051147
115,-2.305375337600708,1.2059017419815063,-3.130000114440918,0.2750000059604645
116,-2.8828749656677246,0.12067782133817673,-3.141249895095825,-2.7100000381469727
117,-2.5873751640319824,1.0979949235916138,-3.141249895095825,0.6912500262260437
118,-2.919874906539917,0.10740616172552109,-3.1287500858306885,-2.734999895095825
119,-2.8878750801086426,0.15607795119285583,-3.2274999618530273,-2.668750047683716
120,-2.5068750381469727,1.2599365711212158,-3.0924999713897705,1.2662500143051147
121,-2.2866249084472656,1.2514169216156006,-3.190000057220459,0.6050000190734863
122,-2.9572501182556152,0.18421269953250885,-3.4200000762939453,-2.740000009536743
123,-3.0087497234344482,0.24117739498615265,-3.703749895095825,-2.809999942779541
124,-2.591749906539917,0.9509292840957642,-3.4237499237060547,0.20749999582767487
125,-2.9755001068115234,0.2304202914237976,-3.59375,-2.703749895095825
126,-2.9397499561309814,0.12216255068778992,-3.184999942779541,-2.7699999809265137
127,-2.907750129699707,0.06974014639854431,-3.0625,-2.805000066757202
128,-2.4094998836517334,0.9883558750152588,-3.069999933242798,-0.2800000011920929
129,-2.4064998626708984,1.0827574729919434,-3.132499933242798,0.22750000655651093
130,-2.5896248817443848,0.8693695664405823,-3.132499933242798,-0.0024999999441206455
131,-2.8923749923706055,0.10510624945163727,-3.1262500286102295,-2.7799999713897705
132,-2.9035003185272217,0.09745318442583084,-3.0587499141693115,-2.759999990463257
133,-2.5562498569488525,1.2889513969421387,-3.305000066757202,1.2949999570846558
134,-2.945499897003174,0.07594858109951019,-3.0537500381469727,-2.836250066757202
135,-2.4593749046325684,0.8909510970115662,-2.9674999713897705,-0.5837500095367432
136,-2.1483747959136963,1.5403282642364502,-3.077500104904175,0.9325000047683716
137,-2.927000045776367,0.11573301255702972,-3.1337499618530273,-2.7674999237060547
138,-2.9386253356933594,0.12260635942220688,-3.1524999141693115,-2.755000114440918
139,-2.4992499351501465,1.249943733215332,-3.055000066757202,1.243749976158142
140,-2.5656251907348633,1.0120587348937988,-3.0512499809265137,0.4625000059604645
141,-2.5510001182556152,1.071611762046814,-3.0824999809265137,0.6499999761581421
142,-2.6384999752044678,0.8298137187957764,-3.2462499141693115,-0.18250000476837158
143,-2.985499858856201,0.17167575657367706,-3.447499990463257,-2.7674999237060547
144,-2.800374984741211,0.06695623695850372,-2.913749933242798,-2.7225000858306885
145,-2.2164998054504395,1.0920544862747192,-3.046250104904175,-0.20874999463558197
146,-2.8474998474121094,0.07954751700162888,-3.007499933242798,-2.7300000190734863
147,-2.481750011444092,1.2205785512924194,-3.0325000286102295,1.1662499904632568
148,-2.323625087738037,1.1604479551315308,-3.002500057220459,0.5787500143051147
149,-2.9458749294281006,0.1743057817220688,-3.4024999141693115,-2.742500066757202
150,-2.6761250495910645,0.5894556045532227,-3.016249895095825,-0.9300000071525574
151,-2.8808751106262207,0.06544093042612076,-3.002500057220459,-2.7850000858306885
152,-2.861999988555908,0.06833790987730026,-3.002500057220459,-2.799999952316284
153,-2.1812500953674316,1.4602909088134766,-2.9700000286102295,0.7637500166893005
154,-2.4897501468658447,1.1713132858276367,-2.963749885559082,1.0199999809265137
155,-2.5929999351501465,1.101080060005188,-3.2799999713897705,0.6912500262260437
156,-2.661249876022339,0.9801672697067261,-3.5112500190734863,0.2224999964237213
157,-2.226249933242798,1.4345382452011108,-3.0087499618530273,1.152500033378601
158,-2.8441250324249268,0.09385167062282562,-2.990000009536743,-2.668750047683716
159,-2.8884999752044678,0.0863076001405716,-3.0325000286102295,-2.7487499713897705
160,-2.6500000953674316,0.838362991809845,-3.069999933242798,-0.14499999582767487
161,-2.8384997844696045,0.06591138243675232,-2.916249990463257,-2.7125000953674316
162,-2.707749843597412,0.5986475944519043,-3.002500057220459,-0.9200000166893005
163,-2.9028749465942383,0.07864286750555038,-3.0737500190734863,-2.8162500858306885
164,-2.8468751907348633,0.10535838454961777,-3.0399999618530273,-2.6875
165,-2.6192498207092285,0.9908831715583801,-3.046250104904175,0.3462499976158142
166,-2.882625102996826,0.08654925227165222,-3.0325000286102295,-2.7674999237060547
167,-2.7083749771118164,0.5827767848968506,-2.9987499713897705,-0.96875
168,-2.959624767303467,0.10252445936203003,-3.088749885559082,-2.7674999237060547
169,-2.8813750743865967,0.09575757384300232,-3.0399999618530273,-2.7487499713897705
170,-2.3051249980926514,1.2070395946502686,-3.161250114440918,0.3774999976158142
171,-2.5870001316070557,0.8883816599845886,-2.9674999713897705,0.07249999791383743
172,-2.668375015258789,0.6958419680595398,-3.002500057220459,-0.5950000286102295
173,-2.6475000381469727,0.7027539014816284,-2.9800000190734863,-0.5562499761581421
174,-2.8767499923706055,0.06590288132429123,-2.983750104904175,-2.7362499237060547
175,-2.5415000915527344,1.0994305610656738,-3.0087499618530273,0.7512500286102295
176,-3.0269999504089355,0.24557596445083618,-3.6424999237060547,-2.791249990463257
177,-2.9497501850128174,0.11773884296417236,-3.2200000286102295,-2.7799999713897705
178,-2.820624828338623,0.08904923498630524,-2.9337499141693115,-2.6237499713897705
179,-2.3837502002716064,0.974237322807312,-2.9862499237060547,-0.012500000186264515
180,-2.537874937057495,0.9296863079071045,-3.009999990463257,0.23999999463558197
181,-2.111999988555908,1.6163311004638672,-3.0512499809265137,1.4299999475479126
182,-2.8827502727508545,0.12502221763134003,-3.197499990463257,-2.692500114440918
183,-2.881624937057495,0.06586221605539322,-2.96875,-2.75
184,-2.3313748836517334,1.0982787609100342,-2.9124999046325684,0.4762499928474426
185,-2.5228750705718994,0.7288679480552673,-2.9800000190734863,-1.065000057220459
186,-2.393249988555908,1.2446849346160889,-2.9800000190734863,1.3324999809265137
187,-2.869874954223633,0.07078013569116592,-3.0325000286102295,-2.7750000953674316
188,-2.8817496299743652,0.11754417419433594,-3.1362500190734863,-2.7249999046325684
189,-2.8631253242492676,0.058870233595371246,-2.9149999618530273,-2.7300000190734863
190,-2.9155001640319824,0.08696482330560684,-3.096250057220459,-2.799999952316284
191,-2.681874990463257,0.6551308035850525,-2.971250057220459,-0.7387499809265137
192,-2.504999876022339,1.2140830755233765,-3.0199999809265137,1.1299999952316284
193,-2.5007500648498535,1.1226119995117188,-3.047499895095825,0.8587499856948853
194,-2.5331249237060547,1.0156493186950684,-2.9600000381469727,0.5074999928474426
195,-2.367374897003174,0.9907412528991699,-2.934999942779541,-0.023749999701976776
196,-2.2053751945495605,1.4581859111785889,-3.028749942779541,1.527500033378601
197,-2.214625120162964,1.2936362028121948,-3.009999990463257,0.9474999904632568
198,-2.8606250286102295,0.05441519245505333,-2.9700000286102295,-2.7799999713897705
199,-2.8677499294281006,0.06750883162021637,-2.9649999141693115,-2.768749952316284
200,-2.910874843597412,0.22803306579589844,-3.5425000190734863,-2.648750066757202
201,-2.6257500648498535,0.8611259460449219,-2.9987499713897705,-0.04500000178813934
202,-2.875375270843506,0.08133459836244583,-3.016249895095825,-2.723750114440918
203,-2.244374990463257,1.3097569942474365,-3.0999999046325684,0.9162499904632568
204,-2.330125093460083,1.4217909574508667,-3.5199999809265137,1.1387499570846558
205,-2.841125011444092,0.09621822834014893,-3.0587499141693115,-2.648750066757202
206,-1.7618751525878906,1.7353670597076416,-2.9312500953674316,1.5549999475479126
207,-2.658250093460083,0.6125240325927734,-3.081249952316284,-0.8487499952316284
208,-2.259125232696533,1.3245635032653809,-2.9725000858306885,1.3337500095367432
209,-2.434875011444092,1.3118131160736084,-3.200000047683716,1.4800000190734863
210,-2.2451248168945312,1.2895725965499878,-2.950000047683716,0.9137499928474426
211,-2.5531249046325684,0.9881482124328613,-3.036250114440918,0.39625000953674316
212,-2.6826250553131104,0.8627192378044128,-3.559999942779541,-0.17874999344348907
213,-2.0137500762939453,1.3719815015792847,-2.9912500381469727,0.5625
214,-2.281749963760376,1.2130967378616333,-2.9049999713897705,0.887499988079071
215,-2.604375123977661,1.080361008644104,-3.634999990463257,0.5562499761581421
216,-2.635624885559082,1.0400147438049316,-3.640000104904175,0.4050000011920929
217,-1.8957502841949463,1.5124757289886475,-2.963749885559082,1.0800000429153442
218,-1.9731251001358032,1.4912015199661255,-2.9937500953674316,1.3312499523162842
219,-2.6898751258850098,0.6588478088378906,-3.0625,-0.7350000143051147
220,-2.2612500190734863,1.1939265727996826,-2.9987499713897705,0.581250011920929
221,-1.6408751010894775,1.643330454826355,-2.9412500858306885,1.5
222,-1.7511249780654907,1.7519335746765137,-3.049999952316284,1.3550000190734863
223,-1.7681249380111694,1.8194023370742798,-3.1887500286102295,1.1662499904632568
224,-2.007500171661377,1.6629892587661743,-2.950000047683716,1.5137499570846558
225,-2.160749912261963,1.47710120677948,-2.927500009536743,1.5549999475479126
226,-2.693624973297119,0.8398337960243225,-3.2300000190734863,-0.20749999582767487
227,-2.3606247901916504,1.0622661113739014,-2.987499952316284,0.13875000178813934
228,-2.563000202178955,0.8263649940490723,-2.942500114440918,-0.09000000357627869
229,-1.7059999704360962,1.7945139408111572,-2.930000066757202,1.4199999570846558
230,-2.47837495803833,1.1392173767089844,-2.9862499237060547,0.9350000023841858
231,-2.9053750038146973,0.06529273837804794,-3.009999990463257,-2.768749952316284
232,-2.4709999561309814,1.1282273530960083,-3.009999990463257,0.9024999737739563
233,-2.3012499809265137,1.1540676355361938,-2.9462499618530273,0.7762500047683716
234,-2.744000196456909,0.5734519362449646,-3.203749895095825,-1.058750033378601
235,-2.856750011444092,0.09947862476110458,-3.0399999618530273,-2.6675000190734863
236,-2.5722501277923584,0.7181329727172852,-2.9825000762939453,-0.44999998807907104
237,-2.414250135421753,1.3099595308303833,-2.9487500190734863,1.5087499618530273
238,-1.9736249446868896,1.356479525566101,-3.021250009536743,0.96875
239,-1.9243749380111694,1.4909299612045288,-3.0999999046325684,1.1150000095367432
240,-1.9299997091293335,1.5195263624191284,-2.9987499713897705,1.274999976158142
241,-2.9029998779296875,0.10095049440860748,-3.069999933242798,-2.7362499237060547
242,-2.831125020980835,0.12518668174743652,-3.1700000762939453,-2.680000066757202
243,-2.581749677658081,0.8090752959251404,-3.036250114440918,-0.17125000059604645
244,-2.8849997520446777,0.09992027282714844,-3.091249942779541,-2.7987499237060547
245,-1.8412498235702515,1.433799147605896,-3.398750066757202,0.6949999928474426
246,-2.8687500953674316,0.0830097571015358,-2.953749895095825,-2.700000047683716
247,-2.4937498569488525,1.2835646867752075,-3.055000066757202,1.350000023841858
248,-2.6629996299743652,0.6390122175216675,-3.0174999237060547,-0.7637500166893005
249,-2.879000186920166,0.10902521759271622,-3.141249895095825,-2.75
250,-2.850374937057495,0.08477181196212769,-2.9649999141693115,-2.6500000953674316
251,-2.77275013923645,0.09523291140794754,-2.963749885559082,-2.5799999237060547
252,-2.072999954223633,1.6939665079116821,-3.2412500381469727,1.3137500286102295
253,-2.6348750591278076,0.790439248085022,-3.200000047683716,-0.29249998927116394
254,-2.8696248531341553,0.08608509600162506,-2.971250057220459,-2.680000066757202
255,-1.8522498607635498,1.5944465398788452,-2.9649999141693115,1.4950000047683716
256,-2.7018749713897705,0.6777680516242981,-3.0875000953674316,-0.6949999928474426
257,-2.5134997367858887,1.2159241437911987,-3.028749942779541,1.125
258,-2.480374813079834,1.2001620531082153,-3.6262500286102295,-0.08624999970197678
259,-1.9320001602172852,1.5134165287017822,-2.9800000190734863,1.1749999523162842
260,-2.8924999237060547,0.08403127640485764,-3.077500104904175,-2.7799999713897705
261,-2.91337513923645,0.11752928793430328,-3.141249895095825,-2.737499952316284
262,-2.9028751850128174,0.1806005984544754,-3.2799999713897705,-2.7799999713897705
263,-2.3917503356933594,1.3020302057266235,-2.9312500953674316,1.503749966621399
264,-2.4341249465942383,1.317008376121521,-2.9725000858306885,1.5137499570846558
265,-2.5157501697540283,1.0211942195892334,-3.6700000762939453,0.20999999344348907
266,-2.470625162124634,1.2582415342330933,-3.009999990463257,1.2999999523162842
267,-2.9751248359680176,0.25870198011398315,-3.546250104904175,-2.768749952316284
268,-2.1620001792907715,1.4981294870376587,-2.9800000190734863,1.4199999570846558
269,-2.3318750858306885,1.3728607892990112,-3.3612499237060547,1.1875
270,-2.341249942779541,1.1599596738815308,-3.0737500190734863,0.6299999952316284
271,-2.5162501335144043,1.1035168170928955,-3.069999933242798,0.7850000262260437
272,-2.890125274658203,0.15605428814888,-3.3187499046325684,-2.75
273,-1.929625153541565,1.4095821380615234,-3.036250114440918,0.8087499737739563
274,-2.3733749389648438,1.0687826871871948,-3.0012500286102295,0.44749999046325684
275,-2.6177501678466797,0.9876118302345276,-3.1162500381469727,0.33375000953674316
276,-2.58412504196167,0.9119201898574829,-3.009999990463257,0.14499999582767487
277,-2.627500057220459,0.9096922278404236,-3.106250047683716,0.08124999701976776
278,-2.8878750801086426,0.08122317492961884,-2.9574999809265137,-2.6875
279,-1.8418750762939453,1.7013988494873047,-2.9987499713897705,1.440000057220459
280,-1.7786248922348022,1.7078520059585571,-3.009999990463257,1.4049999713897705
281,-2.628999710083008,0.7161491513252258,-3.1162500381469727,-0.5049999952316284
282,-2.61299991607666,0.7264886498451233,-2.9800000190734863,-0.44874998927116394
283,-2.371500015258789,1.3007326126098633,-2.952500104904175,1.5225000381469727
284,-2.088624954223633,1.5612930059432983,-2.971250057220459,1.162500023841858
285,-2.8067500591278076,0.09885000437498093,-2.930000066757202,-2.5999999046325684
286,-2.671499729156494,0.488759845495224,-2.934999942779541,-1.2237499952316284
287,-2.2320003509521484,1.3049029111862183,-3.1449999809265137,0.41749998927116394
288,-2.6064999103546143,0.7903417944908142,-3.182499885559082,-0.26499998569488525
289,-2.888124942779541,0.15314337611198425,-3.223750114440918,-2.711250066757202
290,-2.304500102996826,1.3119819164276123,-3.012500047683716,1.1974999904632568
291,-2.398124933242798,0.9454460144042969,-3.0425000190734863,-0.028750000521540642
292,-2.073125123977661,1.5106024742126465,-2.922499895095825,1.34375
293,-3.1866250038146973,0.4578690230846405,-4.269999980926514,-2.8062500953674316
294,-3.0356249809265137,0.29111915826797485,-3.619999885559082,-2.6187500953674316
295,-2.614500045776367,1.1798392534255981,-3.4962499141693115,0.8612499833106995
296,-2.9972500801086426,0.226172536611557,-3.3887500762939453,-2.6624999046325684
297,-2.8990001678466797,0.12737469375133514,-3.174999952316284,-2.75
298,-1.3840000629425049,1.8516087532043457,-3.2950000762939453,1.2599999904632568
299,-2.9046249389648438,0.1258099377155304,-3.2249999046325684,-2.7249999046325684
300,-2.926875114440918,0.14824625849723816,-3.2512500286102295,-2.700000047683716
301,-2.948500156402588,0.13724611699581146,-3.127500057220459,-2.6875
302,-2.3666248321533203,0.9819950461387634,-2.924999952316284,-0.04874999821186066
303,-2.6676247119903564,0.7455447912216187,-3.0425000190734863,-0.4387499988079071
304,-2.822999954223633,0.0613320916891098,-2.961250066757202,-2.737499952316284
305,-2.5808749198913574,1.1195706129074097,-3.0799999237060547,0.768750011920929
306,-2.2649998664855957,1.3839607238769531,-3.1600000858306885,1.4450000524520874
307,-2.1266250610351562,1.330331563949585,-2.9937500953674316,1.1924999952316284
308,-2.428874969482422,1.2792949676513672,-3.369999885559082,1.368749976158142
309,-2.567500114440918,1.1077332496643066,-3.3887500762939453,0.7200000286102295
310,-1.843000054359436,1.3331931829452515,-3.009999990463257,0.16249999403953552
311,-2.674499988555908,0.6439036726951599,-3.1812500953674316,-0.7749999761581421
312,-2.5497500896453857,0.9417957663536072,-3.115000009536743,0.25999999046325684
313,-2.4977500438690186,1.348609209060669,-3.473750114440918,1.493749976158142
314,-2.675374984741211,0.6189032793045044,-3.021250009536743,-0.831250011920929
315,-2.2114999294281006,1.3158764839172363,-2.987499952316284,0.9275000095367432
316,-1.9254999160766602,1.4690021276474,-2.997499942779541,0.6887500286102295
317,-2.125999927520752,1.4194756746292114,-2.916249990463257,1.0262500047683716
318,-2.1716248989105225,1.3012197017669678,-2.8924999237060547,0.45500001311302185
319,-2.853874921798706,0.07940689474344254,-2.9800000190734863,-2.706249952316284
320,-2.3792498111724854,0.9727627635002136,-2.9600000381469727,-0.2212499976158142
321,-2.1364998817443848,1.645270824432373,-3.115000009536743,1.2062499523162842
322,-1.717250108718872,1.7580435276031494,-2.942500114440918,1.4900000095367432
323,-2.2039999961853027,1.3302953243255615,-3.0999999046325684,1.0099999904632568
324,-2.7803750038146973,0.7165119647979736,-3.549999952316284,-0.7400000095367432
325,-1.2863749265670776,1.5945837497711182,-2.875,1.5137499570846558
326,-2.6061253547668457,0.8736405968666077,-3.171250104904175,-0.02500000037252903
327,-2.144624948501587,1.4547171592712402,-2.934999942779541,1.024999976158142
328,-1.6336250305175781,1.8786487579345703,-2.9987499713897705,1.2949999570846558
329,-1.8626248836517334,1.6599981784820557,-3.1575000286102295,1.4450000524520874
330,-2.0291247367858887,1.5710642337799072,-3.583750009536743,1.131250023841858
331,-2.41225004196167,0.7867509722709656,-2.898750066757202,-0.5950000286102295
332,-2.517125129699707,0.9862038493156433,-2.9124999046325684,0.4375
333,-1.592750072479248,1.6893651485443115,-3.3087499141693115,0.9300000071525574
334,-2.3746252059936523,1.2032240629196167,-3.755000114440918,0.2787500023841858
335,-1.6202501058578491,1.6377451419830322,-2.9800000190734863,0.9512500166893005
336,-1.8631248474121094,1.614170789718628,-3.182499885559082,0.9125000238418579
337,-2.5618748664855957,0.9541792869567871,-2.971250057220459,0.29624998569488525
338,-2.535749912261963,0.9068031311035156,-3.890000104904175,-0.7850000262260437
339,-2.879000186920166,0.07520759850740433,-3.0512499809265137,-2.786250114440918
340,-2.5783751010894775,1.0969187021255493,-3.369999885559082,0.6712499856948853
341,-1.822624921798706,1.6614043712615967,-3.4000000953674316,1.034999966621399
342,-2.565000057220459,1.1463009119033813,-3.3887500762939453,0.8349999785423279
343,-2.307500123977661,1.3330122232437134,-3.319999933242798,0.6600000262260437
344,-2.608750104904175,0.7973061800003052,-3.0374999046325684,-0.24250000715255737
345,-2.2685000896453857,1.3404757976531982,-2.950000047683716,1.408750057220459
346,-2.8323750495910645,0.07454539835453033,-3.009999990463257,-2.75
347,-2.178874969482422,1.3717782497406006,-2.990000009536743,1.002500057220459
348,-1.896125078201294,1.5311473608016968,-3.0612499713897705,1.153749942779541
349,-2.492500066757202,1.242348074913025,-3.028749942779541,1.2262500524520874
350,-2.134000301361084,1.5325404405593872,-2.983750104904175,1.4900000095367432
351,-2.86187481880188,0.07258022576570511,-2.942500114440918,-2.668750047683716
352,-2.0497498512268066,1.4073184728622437,-3.0299999713897705,1.3574999570846558
353,-2.5896248817443848,1.1030205488204956,-3.4149999618530273,0.6675000190734863
354,-2.2412500381469727,1.2605985403060913,-2.927500009536743,1.1712499856948853
355,-2.2956252098083496,1.1508625745773315,-3.1812500953674316,0.59375
356,-2.9191248416900635,0.07507923990488052,-3.0250000953674316,-2.825000047683716
357,-2.2342498302459717,1.206475853919983,-3.182499885559082,0.4337500035762787
358,-2.9275002479553223,0.18379254639148712,-3.4100000858306885,-2.737499952316284
359,-2.396125078201294,1.0116230249404907,-3.4362499713897705,-0.1262499988079071
360,-2.459125280380249,1.2830722332000732,-2.9800000190734863,1.3799999952316284
361,-2.2178750038146973,1.312929391860962,-2.9412500858306885,0.4762499928474426
362,-2.6102499961853027,0.7560602426528931,-2.976249933242798,-0.3474999964237213
363,-2.2443747520446777,1.261410117149353,-3.1987500190734863,0.29624998569488525
364,-2.2986249923706055,1.075541615486145,-2.934999942779541,0.22750000655651093
365,-2.462249994277954,1.330499529838562,-3.2200000286102295,1.5137499570846558
366,-2.689500093460083,0.5920486450195312,-3.1962499618530273,-0.956250011920929
367,-2.5157501697540283,0.993791401386261,-3.5537500381469727,-0.3050000071525574
368,-2.1422500610351562,1.412135124206543,-2.950000047683716,1.4800000190734863
369,-2.10337495803833,1.5004910230636597,-2.9124999046325684,1.153749942779541
370,-2.280625104904175,1.2369533777236938,-3.0199999809265137,0.9424999952316284
371,-1.9576250314712524,1.3984520435333252,-2.9912500381469727,0.42250001430511475
372,-3.040375232696533,0.43656831979751587,-4.150000095367432,-2.6875
373,-2.869374990463257,0.05479007959365845,-2.961250066757202,-2.7750000953674316
374,-2.6656250953674316,1.151163935661316,-4.072500228881836,0.5975000262260437
375,-2.5439999103546143,1.0010349750518799,-3.223750114440918,0.4350000023841858
376,-2.1983752250671387,1.5657649040222168,-3.5924999713897705,0.9850000143051147
377,-2.2911248207092285,1.3355984687805176,-2.950000047683716,1.4249999523162842
378,-1.6236250400543213,1.5426956415176392,-2.942500114440918,0.9725000262260437
379,-2.2528748512268066,1.226041316986084,-3.3550000190734863,0.4025000035762787
380,-2.3767499923706055,1.145625352859497,-3.002500057220459,0.737500011920929
381,-2.2191250324249268,1.342911958694458,-2.950000047683716,1.3762500286102295
382,-2.7073750495910645,0.607951819896698,-3.1762499809265137,-0.9200000166893005
383,-2.537749767303467,1.0894663333892822,-4.09375,-0.3062500059604645
384,-2.8874998092651367,0.09275641292333603,-3.0950000286102295,-2.7750000953674316
385,-2.664249897003174,0.9134736061096191,-3.869999885559082,-0.09375
386,-2.537749767303467,1.1110230684280396,-3.3450000286102295,0.7649999856948853
387,-2.8965001106262207,0.08366189897060394,-3.103749990463257,-2.797499895095825
388,-1.3725000619888306,1.87503981590271,-2.96875,1.3674999475479126
389,-2.3489999771118164,1.154209017753601,-3.081249952316284,0.5837500095367432
390,-2.191999912261963,0.9891008734703064,-3.043750047683716,-0.0625
391,-2.872124671936035,0.056047022342681885,-2.942500114440918,-2.737499952316284
392,-2.4684998989105225,1.2282136678695679,-3.072499990463257,1.2024999856948853
393,-2.407374858856201,1.2607313394546509,-2.9124999046325684,1.372499942779541
394,-1.9081251621246338,1.6122676134109497,-3.4049999713897705,1.121250033378601
395,-1.275749921798706,1.692751407623291,-3.141249895095825,1.068750023841858
396,-2.314000129699707,1.428090214729309,-3.7537500858306885,0.9200000166893005
397,-2.921750068664551,0.2676379680633545,-3.646250009536743,-2.5799999237060547
398,-2.134999990463257,1.133318305015564,-3.081249952316284,-0.16374999284744263
399,-2.4205000400543213,1.2297216653823853,-2.961250066757202,1.2637499570846558
400,-2.8636250495910645,0.07993638515472412,-2.987499952316284,-2.75
401,-1.5951249599456787,1.7318035364151,-3.3812499046325684,1.440000057220459
402,-2.585124969482422,1.2429313659667969,-3.5,1.0625
403,-2.1087498664855957,1.3666483163833618,-3.4412500858306885,0.5062500238418579
404,-2.3217499256134033,1.346492886543274,-3.578749895095825,0.9087499976158142
405,-2.7249999046325684,0.5717279314994812,-3.028749942779541,-1.0199999809265137
406,-2.106250047683716,1.1985849142074585,-2.9800000190734863,0.09375
407,-2.2220001220703125,1.2993664741516113,-2.930000066757202,1.1974999904632568
408,-2.5082499980926514,0.9454347491264343,-3.132499933242798,0.29499998688697815
409,-2.370000123977661,1.0534449815750122,-3.072499990463257,0.28999999165534973
410,-2.4891247749328613,1.0693804025650024,-3.0062499046325684,0.706250011920929
411,-2.139625072479248,1.5359830856323242,-3.072499990463257,1.368749976158142
412,-1.6489999294281006,1.7209373712539673,-3.2012500762939453,1.503749966621399
413,-1.872999906539917,1.48469877243042,-2.930000066757202,1.1487499475479126
414,-1.950874924659729,1.3692678213119507,-3.2462499141693115,0.6000000238418579
415,-2.240000009536743,1.3937057256698608,-3.119999885559082,1.4950000047683716
416,-2.823625326156616,0.08571109175682068,-2.950000047683716,-2.668750047683716
417,-2.3026251792907715,1.1256260871887207,-2.950000047683716,0.4699999988079071
418,-2.4358749389648438,1.20778226852417,-2.983750104904175,1.1712499856948853
419,-2.540374994277954,1.199303150177002,-3.2612500190734863,1.0187499523162842
420,-2.4407498836517334,1.0290379524230957,-3.3662500381469727,-0.3100000023841858
421,-2.6922500133514404,0.5243003368377686,-3.038749933242798,-1.1687500476837158
422,-2.427500009536743,1.100101351737976,-3.151249885559082,0.36125001311302185
423,-2.8792500495910645,0.1403903216123581,-3.242500066757202,-2.668750047683716
424,-2.69712495803833,0.5428941249847412,-2.9800000190734863,-1.0800000429153442
425,-2.2522501945495605,1.0323309898376465,-3.0174999237060547,0.06499999761581421
426,-2.5088748931884766,0.9534728527069092,-2.9124999046325684,0.3462499976158142
427,-2.0147500038146973,1.5869158506393433,-3.6050000190734863,1.221250057220459
428,-2.3122498989105225,1.2050467729568481,-3.2274999618530273,0.3075000047683716
429,-1.9812501668930054,1.6277542114257812,-3.3550000190734863,1.243749976158142
430,-2.5385000705718994,0.9592129588127136,-3.0537500381469727,0.32249999046325684
431,-2.2779998779296875,1.1484647989273071,-2.950000047683716,0.4937500059604645
432,-2.170750141143799,1.4400824308395386,-3.208750009536743,0.9362499713897705
433,-2.2990000247955322,1.45035719871521,-3.684999942779541,0.7437499761581421
434,-2.242499828338623,1.2493493556976318,-2.950000047683716,1.100000023841858
435,-1.7231248617172241,1.567307710647583,-2.96875,1.0887500047683716
436,-2.1519999504089355,1.478774070739746,-3.271250009536743,1.0887500047683716
437,-1.4733749628067017,1.8159146308898926,-2.9749999046325684,1.4299999475479126
438,-2.2307498455047607,1.3229913711547852,-3.109999895095825,0.6037499904632568
439,-2.6519999504089355,1.0745800733566284,-3.5325000286102295,0.47749999165534973
440,-2.9633748531341553,0.24051381647586823,-3.603749990463257,-2.768749952316284
441,-2.9255001544952393,0.16855284571647644,-3.416249990463257,-2.8237500190734863
442,-2.206249952316284,1.351097822189331,-2.911250114440918,1.3312499523162842
443,-2.1898751258850098,1.325607419013977,-2.950000047683716,0.8924999833106995
444,-2.1257500648498535,1.419673204421997,-2.9625000953674316,0.987500011920929
445,-2.7695000171661377,0.7176385521888733,-3.4075000286102295,-0.6850000023841858
446,-2.3082499504089355,1.007544755935669,-2.9237499237060547,-0.07999999821186066
447,-2.307375192642212,1.433638095855713,-3.911250114440918,1.4237500429153442
448,-2.3671250343322754,1.4279435873031616,-3.6887500286102295,1.5137499570846558
449,-2.0293753147125244,1.5403302907943726,-3.494999885559082,1.2362500429153442
450,-1.8021252155303955,1.7016043663024902,-3.168750047683716,1.0812499523162842
451,-2.092625141143799,1.1805897951126099,-2.9862499237060547,-0.08500000089406967
452,-2.705124855041504,0.7588496804237366,-3.8837499618530273,-0.6449999809265137
453,-1.4562499523162842,1.7955783605575562,-2.9124999046325684,1.493749976158142
454,-2.031749963760376,1.5396573543548584,-3.353749990463257,0.6837499737739563
455,-1.5566250085830688,1.8204011917114258,-2.961250066757202,1.4637500047683716
456,-2.3258750438690186,1.435969352722168,-3.387500047683716,1.5087499618530273
457,-2.6887500286102295,1.015831708908081,-3.507499933242798,0.2537499964237213
458,-2.04437518119812,1.3490692377090454,-3.0625,0.7825000286102295
459,-1.928125023841858,1.4938156604766846,-2.9312500953674316,1.4850000143051147
460,-2.429375171661377,1.0139046907424927,-3.200000047683716,0.10750000178813934
461,-2.3617501258850098,1.1016663312911987,-3.0799999237060547,0.35749998688697815
462,-2.470249652862549,0.8250340223312378,-2.9124999046325684,-0.5874999761581421
463,-2.1226248741149902,1.5362414121627808,-3.305000066757202,1.1349999904632568
464,-2.0556252002716064,1.2913079261779785,-3.005000114440918,0.512499988079071
465,-1.3363749980926514,1.8695005178451538,-3.0012500286102295,1.3537499904632568
466,-2.4942498207092285,1.3460694551467896,-3.5112500190734863,1.4812500476837158
467,-2.3393750190734863,1.0609816312789917,-3.03125,-0.17499999701976776
468,-1.9193750619888306,1.4370006322860718,-2.911250114440918,0.875
469,-2.247375011444092,1.244799017906189,-2.9800000190734863,0.3112500011920929
470,-2.9926252365112305,0.34637346863746643,-4.010000228881836,-2.762500047683716
471,-2.539875030517578,1.1984364986419678,-3.351249933242798,1.0237499475479126
472,-2.292375087738037,1.223499059677124,-3.190000057220459,0.23624999821186066
473,-2.100375175476074,1.4212088584899902,-3.512500047683716,0.949999988079071
474,-2.392124891281128,1.2514889240264893,-3.591249942779541,0.8287500143051147
475,-2.2073750495910645,1.488756775856018,-3.8524999618530273,1.0149999856948853
476,-2.553874969482422,1.3302682638168335,-3.853749990463257,1.3300000429153442
477,-2.499000072479248,1.1076951026916504,-3.1075000762939453,0.8125
478,-1.5450000762939453,1.86249577999115,-3.680000066757202,1.283750057220459
479,-1.5184999704360962,1.6292729377746582,-2.8924999237060547,1.1262500286102295
480,-2.8645002841949463,0.12644071877002716,-3.1675000190734863,-2.700000047683716
481,-2.875500202178955,0.07264253497123718,-3.0399999618530273,-2.75
482,-2.3927500247955322,1.146936058998108,-3.2074999809265137,0.5837500095367432
483,-1.8870000839233398,1.4193967580795288,-2.9600000381469727,0.48750001192092896
484,-1.8043750524520874,1.556941270828247,-2.96875,0.9649999737739563
485,-2.4443750381469727,1.2258598804473877,-2.9412500858306885,1.2274999618530273
486,-2.688500165939331,0.6464399695396423,-3.0662500858306885,-0.7699999809265137
487,-2.593749761581421,0.8128405213356018,-3.0625,-0.17249999940395355
488,-2.7079999446868896,0.9270368218421936,-3.992500066757202,-0.12125000357627869
489,-2.50712513923645,1.194920539855957,-3.242500066757202,1.0449999570846558
490,-1.8802499771118164,1.6175296306610107,-3.4674999713897705,1.162500023841858
491,-2.338249921798706,1.116003394126892,-3.299999952316284,0.32249999046325684
492,-2.4881253242492676,1.1490018367767334,-2.9800000190734863,0.9487500190734863
493,-2.693624973297119,0.7456420660018921,-3.331249952316284,-0.4950000047683716
494,-2.3178749084472656,0.9843215346336365,-3.2200000286102295,-0.6725000143051147
495,-1.6361249685287476,1.5528509616851807,-2.96875,0.6387500166893005
496,-2.0838751792907715,1.4695048332214355,-3.351249933242798,1.0774999856948853
497,-2.42900013923645,0.9876893758773804,-3.273750066757202,-0.25874999165534973
498,-2.468625068664551,1.2209327220916748,-3.005000114440918,1.1887500286102295
499,-2.020124912261963,1.3199878931045532,-3.009999990463257,0.5649999976158142
500,-2.255624771118164,1.3660435676574707,-3.0850000381469727,1.183750033378601
501,-2.3762500286102295,1.3164242506027222,-3.4574999809265137,0.9800000190734863
502,-2.3364999294281006,1.3464194536209106,-3.567500114440918,1.0149999856948853
503,-2.233875274658203,1.2176569700241089,-2.96875,0.7024999856948853
504,-2.9347500801086426,0.13091960549354553,-3.2725000381469727,-2.7612500190734863
505,-1.4758750200271606,1.927480936050415,-3.5637500286102295,1.5137499570846558
506,-1.1543749570846558,1.8128533363342285,-2.950000047683716,1.3849999904632568
507,-1.2918751239776611,1.6319853067398071,-2.9000000953674316,1.274999976158142
508,-1.6536248922348022,1.5761103630065918,-2.956249952316284,1.4950000047683716
509,-2.5875000953674316,1.0290700197219849,-4.101250171661377,-0.6337500214576721
510,-2.296875,1.151200532913208,-2.9800000190734863,0.45625001192092896
511,-1.9777500629425049,1.6148409843444824,-3.6549999713897705,0.9225000143051147
512,-1.5261250734329224,1.677695631980896,-3.5425000190734863,1.4800000190734863
513,-2.2306249141693115,1.5031994581222534,-3.3887500762939453,1.2637499570846558
514,-2.9018750190734863,0.21489767730236053,-3.4887499809265137,-2.630000114440918
515,-1.8943750858306885,1.6616679430007935,-3.0850000381469727,1.2925000190734863
516,-2.213749885559082,1.454765796661377,-3.252500057220459,1.381250023841858
517,-2.823625087738037,0.059659071266651154,-2.9000000953674316,-2.7249999046325684
518,-1.7268750667572021,1.5178948640823364,-3.0637500286102295,0.8199999928474426
519,-1.9401251077651978,1.419105887413025,-2.9862499237060547,0.24375000596046448
520,-2.035875082015991,1.3349021673202515,-3.358750104904175,0.38374999165534973
521,-2.4678750038146973,1.11130690574646,-2.9337499141693115,0.862500011920929
522,-1.7563750743865967,1.635981559753418,-2.84375,1.2799999713897705
523,-2.398749828338623,1.0296247005462646,-3.557499885559082,0.13124999403953552
524,-2.5828752517700195,0.8607269525527954,-2.9124999046325684,-0.004999999888241291
525,-2.3329999446868896,1.2442843914031982,-3.591249942779541,0.856249988079071
526,-2.2073750495910645,1.344438910484314,-3.046250104904175,1.0075000524520874
527,-1.7361247539520264,1.4336018562316895,-2.884999990463257,1.3300000429153442
528,-1.9342501163482666,1.4210222959518433,-2.950000047683716,1.0462499856948853
529,-1.8439998626708984,1.495804786682129,-3.4549999237060547,1.1299999952316284
530,-1.7595001459121704,1.6703170537948608,-2.9487500190734863,1.0212500095367432
531,-2.1362500190734863,1.5165395736694336,-3.9149999618530273,0.9700000286102295
532,-2.142625093460083,1.7536484003067017,-3.963749885559082,1.5362499952316284
533,-0.9828749895095825,1.9286954402923584,-2.987499952316284,1.4900000095367432
534,-2.4094998836517334,1.1359812021255493,-3.5,-0.004999999888241291
535,-2.4018750190734863,1.3996763229370117,-3.731250047683716,0.7325000166893005
536,-2.052000045776367,1.3220093250274658,-3.069999933242798,0.6775000095367432
537,-2.2093749046325684,1.4343862533569336,-3.377500057220459,1.3324999809265137
538,-1.7049999237060547,1.789703607559204,-4.113749980926514,1.3137500286102295
539,-2.2402501106262207,1.3721411228179932,-3.130000114440918,1.2637499570846558
540,-1.1802499294281006,1.468532681465149,-2.9800000190734863,0.90625
541,-2.01312518119812,1.4128910303115845,-2.9937500953674316,1.3450000286102295
542,-2.2929999828338623,1.1223468780517578,-2.956249952316284,0.05000000074505806
543,-2.1671252250671387,1.4743711948394775,-3.0737500190734863,1.1237499713897705
544,-2.241874933242798,1.3734266757965088,-3.2512500286102295,0.5550000071525574
545,-1.9586248397827148,1.5524550676345825,-3.2799999713897705,1.2712500095367432
546,-1.7947499752044678,1.6146420240402222,-2.961250066757202,1.0612499713897705
547,-1.5923750400543213,1.7901512384414673,-3.4337499141693115,1.4387500286102295
548,-2.086249828338623,1.5090404748916626,-3.009999990463257,1.350000023841858
549,-2.3107500076293945,1.2498060464859009,-3.098750114440918,0.9137499928474426
550,-1.7857500314712524,1.6611337661743164,-3.0,1.4900000095367432
551,-2.963750123977661,0.1680959314107895,-3.276249885559082,-2.7874999046325684
552,-1.4814999103546143,1.370323657989502,-2.9124999046325684,0.4099999964237213
553,-1.9276249408721924,1.4008169174194336,-2.9462499618530273,0.30375000834465027
554,-1.3012501001358032,1.6956722736358643,-3.1675000190734863,1.475000023841858
555,-1.6944999694824219,1.7274917364120483,-3.632499933242798,0.9737499952316284
556,-1.6161248683929443,1.582460880279541,-2.9412500858306885,1.0012500286102295
557,-1.9542500972747803,1.5993984937667847,-3.526249885559082,1.53125
558,-2.32099986076355,1.0946474075317383,-2.9800000190734863,0.4350000023841858
559,-2.3823750019073486,1.117579460144043,-3.202500104904175,0.1862500011920929
560,-2.434000015258789,0.9082956314086914,-3.0174999237060547,-0.5074999928474426
561,-1.9416248798370361,1.4961936473846436,-3.0062499046325684,0.8387500047683716
562,-2.08174991607666,1.4147918224334717,-2.9800000190734863,0.7699999809265137
563,-1.7863750457763672,1.4163763523101807,-2.930000066757202,0.550000011920929
564,-1.7711248397827148,1.3572056293487549,-2.983750104904175,0.3425000011920929
565,-1.8115001916885376,1.8266054391860962,-3.601249933242798,1.1150000095367432
566,-2.4316248893737793,1.290608286857605,-4.0625,0.35374999046325684
567,-1.922374963760376,1.697355031967163,-3.2825000286102295,1.4800000190734863
568,-2.9679999351501465,0.23483316600322723,-3.507499933242798,-2.731250047683716
569,-1.829125165939331,1.4349006414413452,-3.2874999046325684,0.7124999761581421
570,-2.3607497215270996,1.1451793909072876,-3.140000104904175,0.017500000074505806
571,-1.1017500162124634,1.9355661869049072,-3.182499885559082,1.4774999618530273
572,-2.540250062942505,1.1987067461013794,-3.5762500762939453,0.08624999970197678
573,-2.7660000324249268,1.0643378496170044,-4.221250057220459,0.16500000655651093
574,-2.7508749961853027,0.5638506412506104,-3.223750114440918,-1.1012500524520874
575,-2.3304998874664307,1.2981036901474,-3.606250047683716,0.4037500023841858
576,-2.280625104904175,1.1156426668167114,-2.950000047683716,-0.04874999821186066
577,-1.3335001468658447,1.6570707559585571,-3.049999952316284,1.1987500190734863
578,-1.546375036239624,1.7569478750228882,-2.9987499713897705,1.3537499904632568
579,-2.0447499752044678,1.57162344455719,-2.90625,1.2575000524520874
580,-2.0878748893737793,1.470639705657959,-2.987499952316284,1.215000033378601
581,-2.1558749675750732,1.5473744869232178,-3.184999942779541,1.2799999713897705
582,-2.913374900817871,0.12793071568012238,-3.25,-2.799999952316284
583,-2.03837513923645,1.581586480140686,-2.930000066757202,1.4950000047683716
584,-2.1348748207092285,1.4624838829040527,-3.009999990463257,1.4637500047683716
585,-1.7188749313354492,1.5870989561080933,-3.533750057220459,0.53125
586,-1.359375,1.811688780784607,-2.918750047683716,1.0750000476837158
587,-2.182875156402588,1.3734486103057861,-2.96875,1.5087499618530273
588,-2.402374744415283,1.0549260377883911,-3.2225000858306885,0.14000000059604645
589,-2.013000011444092,1.3874198198318481,-2.9937500953674316,0.5625
590,-2.1039998531341553,1.317935585975647,-3.2125000953674316,0.6162499785423279
591,-2.5935001373291016,1.130846381187439,-3.461250066757202,0.7587500214576721
592,-1.593000054359436,1.4570343494415283,-2.942500114440918,1.475000023841858
593,-1.3674999475479126,1.8116061687469482,-2.9987499713897705,1.371250033378601
594,-2.0391249656677246,1.4748530387878418,-3.4262499809265137,1.0499999523162842
595,-1.4584999084472656,1.7814996242523193,-2.96875,1.1662499904632568
596,-2.160874843597412,1.7161678075790405,-3.265000104904175,1.4850000143051147
597,-2.219749927520752,1.360978603363037,-3.1187500953674316,0.5787500143051147
598,-2.393624782562256,1.3173179626464844,-3.515000104904175,1.024999976158142
599,-2.1176247596740723,1.1152846813201904,-2.9462499618530273,0.042500000447034836
600,-2.5340001583099365,1.1955994367599487,-3.0924999713897705,1.0425000190734863
601,-2.269124984741211,1.2896438837051392,-2.9987499713897705,1.212499976158142
602,-1.1384998559951782,1.9333857297897339,-3.447499990463257,1.4800000190734863
603,-0.4867500364780426,1.702641248703003,-2.875,1.5137499570846558
604,-1.8326250314712524,1.6313023567199707,-2.9800000190734863,1.4362499713897705
605,-2.114875078201294,1.2345666885375977,-3.2799999713897705,0.2462500035762787
606,-1.0840001106262207,1.7054563760757446,-3.091249942779541,1.4362499713897705
607,-1.0782499313354492,1.7777761220932007,-3.072499990463257,1.0612499713897705
608,-2.303375005722046,0.966004490852356,-2.922499895095825,-0.24500000476837158
609,-2.200624942779541,1.3334972858428955,-2.9700000286102295,1.3862500190734863
610,-2.219249963760376,1.3128916025161743,-2.9800000190734863,0.9662500023841858
611,-1.3176250457763672,1.7879146337509155,-2.862499952316284,1.5824999809265137
612,-2.0491251945495605,1.6072232723236084,-2.9725000858306885,1.2699999809265137
613,-1.93874990940094,1.3919466733932495,-3.078749895095825,0.7850000262260437
614,-1.9398750066757202,1.5119673013687134,-3.380000114440918,0.6424999833106995
615,-1.356374979019165,1.6981542110443115,-3.2387499809265137,1.434999942779541
616,-1.7572500705718994,1.6073737144470215,-3.882499933242798,1.0425000190734863
617,-2.143625020980835,1.4417959451675415,-2.942500114440918,1.5637500286102295
618,-2.0198750495910645,1.3100050687789917,-2.8924999237060547,0.7699999809265137
619,-2.153625011444092,1.5992285013198853,-3.3012499809265137,1.3200000524520874
620,-1.8947498798370361,1.6841342449188232,-3.141249895095825,1.0950000286102295
621,-1.5237500667572021,1.3691489696502686,-2.973750114440918,0.4950000047683716
622,-1.8146250247955322,1.4542224407196045,-3.273750066757202,0.39500001072883606
623,-1.88937509059906,1.6827830076217651,-3.5199999809265137,1.3799999952316284
624,-1.51687490940094,1.818052887916565,-3.369999885559082,1.0499999523162842
625,-1.8731250762939453,1.3261218070983887,-3.171250104904175,0.5262500047683716
626,-2.2012500762939453,1.1862990856170654,-3.3612499237060547,0.17749999463558197
627,-1.9164998531341553,1.7038164138793945,-3.358750104904175,1.2450000047683716
628,-2.41225004196167,1.0646201372146606,-3.6887500286102295,-0.1899999976158142
629,-2.4932498931884766,1.1724315881729126,-2.9800000190734863,1.0199999809265137
630,-0.9445000886917114,1.3749428987503052,-2.8550000190734863,1.1637500524520874
631,-2.0667500495910645,1.3336330652236938,-3.1737499237060547,0.6600000262260437
632,-1.9357500076293945,1.563042402267456,-3.702500104904175,1.434999942779541
633,-1.5868749618530273,1.7213438749313354,-3.0399999618530273,1.1950000524520874
634,-1.503000020980835,1.8270517587661743,-3.6837499141693115,0.9574999809265137
635,-2.1715002059936523,1.5098012685775757,-3.2049999237060547,1.090000033378601
636,-2.048874855041504,1.3024400472640991,-3.1937499046325684,0.5837500095367432
637,-1.2163751125335693,1.7539682388305664,-2.950000047683716,1.3524999618530273
638,-1.9348748922348022,1.4850654602050781,-3.0250000953674316,1.0499999523162842
639,-1.7902500629425049,1.6717106103897095,-3.0,1.315000057220459
640,-1.5501248836517334,1.6405224800109863,-3.086250066757202,1.2400000095367432
641,-2.127500057220459,1.447788119316101,-2.9800000190734863,0.8075000047683716
642,-2.1742501258850098,1.5798603296279907,-3.6312499046325684,1.0237499475479126
643,-1.3209999799728394,1.6280118227005005,-2.9237499237060547,1.1174999475479126
644,-1.4787499904632568,1.6007561683654785,-3.309999942779541,1.2387499809265137
645,-2.587249994277954,0.902710497379303,-4.033750057220459,-0.8075000047683716
646,-2.0022499561309814,1.432295560836792,-3.276249885559082,0.7912499904632568
647,-1.7453750371932983,1.5414544343948364,-3.3612499237060547,1.0950000286102295
648,-1.6647498607635498,1.8585461378097534,-3.005000114440918,1.4587500095367432
649,-1.7110000848770142,1.8118926286697388,-2.9912500381469727,1.15625
650,-2.301874876022339,1.362694501876831,-3.03125,1.309999942779541
651,-2.1689999103546143,1.479353427886963,-3.252500057220459,1.1425000429153442
652,-1.8081248998641968,1.7607043981552124,-3.643749952316284,1.1549999713897705
653,-1.2242499589920044,1.6213053464889526,-2.872499942779541,1.0325000286102295
654,-1.656999945640564,1.496099829673767,-3.1337499618530273,0.49000000953674316
655,-1.7958751916885376,1.3425086736679077,-2.950000047683716,0.29249998927116394
656,-1.904749870300293,1.495814561843872,-2.9800000190734863,1.1762499809265137
657,-1.6815000772476196,1.5794079303741455,-3.262500047683716,0.7450000047683716
658,-1.897749900817871,1.4063136577606201,-2.8499999046325684,0.8612499833106995
659,-2.4552502632141113,1.1480892896652222,-3.4487500190734863,0.3087500035762787
660,-1.958625078201294,1.5382497310638428,-3.309999942779541,1.1887500286102295
661,-2.3536248207092285,1.1783497333526611,-3.0625,0.550000011920929
662,-2.145250082015991,1.4623432159423828,-2.956249952316284,1.2599999904632568
663,-1.1236250400543213,1.936491847038269,-3.5299999713897705,1.4950000047683716
664,-2.382499933242798,1.3900426626205444,-4.038750171661377,0.39625000953674316
665,-2.000499963760376,1.5143647193908691,-3.028749942779541,1.225000023841858
666,-1.9066247940063477,1.6997787952423096,-3.3087499141693115,1.0625
667,-1.6026251316070557,1.7705858945846558,-3.65625,1.3524999618530273
668,-0.9786249995231628,1.6461466550827026,-3.1337499618530273,1.0625
669,-2.068125009536743,1.5835438966751099,-2.9674999713897705,1.3650000095367432
670,-1.8178751468658447,1.4683949947357178,-3.2125000953674316,0.7300000190734863
671,-2.4240000247955322,1.3157391548156738,-3.0924999713897705,1.5137499570846558
672,-1.988624930381775,1.762312889099121,-3.7537500858306885,1.274999976158142
673,-1.9336248636245728,1.5338200330734253,-2.9987499713897705,1.097499966621399
674,-0.6714999675750732,1.7500375509262085,-3.755000114440918,0.9725000262260437
675,-2.1081249713897705,1.4852699041366577,-2.9725000858306885,1.0549999475479126
676,-0.9173749685287476,1.4283664226531982,-2.8975000381469727,1.1299999952316284
677,-2.898250102996826,0.09091409295797348,-3.0512499809265137,-2.71875
678,-2.237374782562256,1.243414044380188,-3.8424999713897705,0.4012500047683716
679,-1.9471250772476196,1.426748514175415,-3.028749942779541,0.3812499940395355
680,-2.4695000648498535,1.257747769355774,-3.049999952316284,1.2887500524520874
681,-2.222750186920166,1.2673760652542114,-3.002500057220459,0.7512500286102295
682,-2.0697498321533203,1.7183893918991089,-3.8162500858306885,1.2450000047683716
683,-1.4922500848770142,1.675587773323059,-4.012499809265137,1.0750000476837158
684,-2.3557498455047607,1.3262808322906494,-3.5299999713897705,0.8050000071525574
685,-1.9558748006820679,1.6160099506378174,-3.5274999141693115,1.215000033378601
686,-2.1363749504089355,1.3558177947998047,-3.6737499237060547,0.6899999976158142
687,-1.319374918937683,1.9117753505706787,-3.0799999237060547,1.3387500047683716
688,-1.062250018119812,1.7308619022369385,-2.797499895095825,1.0512499809265137
689,-1.6437499523162842,1.5960155725479126,-3.009999990463257,1.2949999570846558
690,-2.04087495803833,1.689671516418457,-3.2899999618530273,1.368749976158142
691,-1.4368749856948853,1.5456104278564453,-2.930000066757202,1.2200000286102295
692,-0.9867500066757202,1.6605908870697021,-3.15625,1.527500033378601
693,-1.9428752660751343,1.4714208841323853,-2.9862499237060547,0.9837499856948853
694,-1.854374885559082,1.5178598165512085,-2.961250066757202,0.875
695,-2.1892497539520264,1.5223020315170288,-3.502500057220459,1.3587499856948853
696,-2.470249652862549,1.2355501651763916,-3.865000009536743,0.5062500238418579
697,-2.376000165939331,1.1364185810089111,-3.190000057220459,0.7325000166893005
698,-2.295750141143799,1.2267755270004272,-3.0625,0.6000000238418579
699,-2.4802498817443848,0.9267412424087524,-3.137500047683716,-0.07374999672174454
700,-2.291250228881836,1.489550232887268,-3.6912500858306885,0.7262499928474426
701,-1.617249846458435,1.8881410360336304,-3.747499942779541,1.0512499809265137
702,-1.5529998540878296,1.6641566753387451,-2.953749895095825,1.283750057220459
703,-1.125499963760376,1.4746263027191162,-2.96875,0.6000000238418579
704,-2.1272499561309814,1.6905819177627563,-4.138750076293945,0.6037499904632568
705,-1.3182499408721924,1.5558159351348877,-3.5174999237060547,1.100000023841858
706,-2.36899995803833,1.1999740600585938,-3.661250114440918,0.5562499761581421
707,-1.3793748617172241,1.797682523727417,-2.953749895095825,1.4187500476837158
708,-2.0355000495910645,1.683032751083374,-3.700000047683716,1.340000033378601
709,-1.9444999694824219,1.44753897190094,-3.0299999713897705,0.6424999833106995
710,-1.2295000553131104,1.7094027996063232,-2.862499952316284,1.3112499713897705
711,-1.4902499914169312,1.5717124938964844,-3.2537500858306885,0.8012499809265137
712,-2.3263752460479736,1.1905354261398315,-2.9825000762939453,0.5400000214576721
713,-1.8405001163482666,1.5815377235412598,-2.961250066757202,0.8799999952316284
714,-2.138000011444092,1.4088104963302612,-3.0225000381469727,0.8299999833106995
715,-0.8476249575614929,1.658552646636963,-2.9237499237060547,1.096250057220459
716,-1.165624976158142,1.6805623769760132,-2.9749999046325684,0.6800000071525574
717,-0.9003750085830688,1.6785705089569092,-2.9237499237060547,1.024999976158142
718,-1.9462502002716064,1.5051988363265991,-3.0875000953674316,1.128749966621399
719,-1.402750015258789,1.7962806224822998,-3.6162500381469727,1.2962499856948853
720,-2.291249990463257,1.2216660976409912,-3.1187500953674316,0.6499999761581421
721,-1.1665000915527344,1.4925105571746826,-3.096250057220459,1.0499999523162842
722,-0.8851248621940613,1.7467877864837646,-3.046250104904175,1.1675000190734863
723,-1.047374963760376,1.613050937652588,-2.918750047683716,1.4824999570846558
724,-1.3273749351501465,1.9212538003921509,-3.009999990463257,1.5549999475479126
725,-1.8517500162124634,1.6414434909820557,-3.052500009536743,1.3912500143051147
726,-1.9517500400543213,1.251596450805664,-3.0637500286102295,0.8662499785423279
727,-1.5640000104904175,1.4360483884811401,-2.950000047683716,0.9837499856948853
728,-1.309499979019165,1.6184254884719849,-2.862499952316284,1.1425000429153442
729,-0.7670000791549683,1.5351290702819824,-2.961250066757202,1.1200000047683716
730,-1.5098750591278076,1.5922554731369019,-2.891249895095825,0.9412500262260437
731,-1.1607500314712524,1.8023842573165894,-3.4600000381469727,0.9825000166893005
732,-1.6593751907348633,1.5074414014816284,-2.9574999809265137,0.3462499976158142
733,-1.3943750858306885,1.8978487253189087,-3.502500057220459,1.024999976158142
734,-1.0491249561309814,1.8484476804733276,-3.987499952316284,1.059999942779541
735,-1.4861249923706055,1.490194320678711,-2.9800000190734863,0.6912500262260437
736,-1.598750114440918,1.584425687789917,-2.942500114440918,1.0425000190734863
737,-1.529499888420105,1.6513242721557617,-2.971250057220459,1.0049999952316284
738,-0.7417500615119934,1.7488452196121216,-2.9625000953674316,1.1737500429153442
739,-1.985125184059143,1.3349182605743408,-2.9237499237060547,0.6225000023841858
740,-1.309249997138977,1.9490300416946411,-3.072499990463257,1.371250033378601
741,-1.35587477684021,1.5204763412475586,-2.9124999046325684,0.9700000286102295
742,-2.176875114440918,1.4529151916503906,-3.223750114440918,1.0612499713897705
743,-1.2446250915527344,1.7238773107528687,-2.9800000190734863,1.2400000095367432
744,-1.761625051498413,1.7691882848739624,-3.049999952316284,1.5137499570846558
745,-2.0758752822875977,1.2551910877227783,-3.109999895095825,0.5087500214576721
746,-1.837999939918518,1.2270944118499756,-2.9237499237060547,0.41874998807907104
747,-0.7241249680519104,1.7648394107818604,-2.990000009536743,1.1987500190734863
748,-1.8597500324249268,1.6139718294143677,-2.9937500953674316,0.7837499976158142
749,-2.2009999752044678,1.010131597518921,-2.916249990463257,-0.48500001430511475
750,-1.497749924659729,1.679550290107727,-2.934999942779541,1.097499966621399
751,-0.6717499494552612,1.8230332136154175,-2.918750047683716,1.350000023841858
752,-1.7516248226165771,1.4563862085342407,-2.9124999046325684,0.6412500143051147
753,-1.4862500429153442,1.768195629119873,-3.103749990463257,1.0437500476837158
754,-2.2906250953674316,1.2563307285308838,-3.103749990463257,0.9962499737739563
755,-1.1791249513626099,1.530903697013855,-3.0087499618530273,1.159999966621399
756,-2.0043749809265137,1.5174623727798462,-3.2200000286102295,1.0262500047683716
757,-1.0785000324249268,1.6949909925460815,-3.0512499809265137,1.2274999618530273
758,-1.449125051498413,1.7520822286605835,-3.677500009536743,1.1737500429153442
759,-1.3342498540878296,1.3771344423294067,-2.856250047683716,0.8462499976158142
760,-2.1277499198913574,1.316461443901062,-3.2925000190734863,0.5899999737739563
761,-0.9424999952316284,1.7031539678573608,-3.0062499046325684,1.0625
762,-1.7625001668930054,1.5845762491226196,-3.7437500953674316,0.8137500286102295
763,-1.8511250019073486,1.54338538646698,-3.0325000286102295,0.8100000023841858
764,-1.4182500839233398,1.7463090419769287,-3.588749885559082,1.1237499713897705
765,-1.291374921798706,1.639855980873108,-2.950000047683716,0.8999999761581421
766,-0.675000011920929,1.7484111785888672,-2.8737499713897705,0.9337499737739563
767,-2.4120001792907715,1.129229187965393,-3.252500057220459,0.7962499856948853
768,-1.7318750619888306,1.7683537006378174,-3.434999942779541,1.183750033378601
769,-1.5115001201629639,1.872552514076233,-3.5112500190734863,0.9987499713897705
770,-1.3183749914169312,1.8875722885131836,-2.950000047683716,1.1799999475479126
771,-1.0721250772476196,1.8360244035720825,-3.171250104904175,1.2999999523162842
772,-0.4951249957084656,1.3337758779525757,-2.867500066757202,1.3075000047683716
773,-2.5334999561309814,1.2107044458389282,-3.4075000286102295,1.056249976158142
774,-2.028749942779541,1.3502894639968872,-3.0899999141693115,0.3362500071525574
775,-2.222249984741211,1.4087873697280884,-3.7200000286102295,0.6312500238418579
776,-1.3727500438690186,1.6647266149520874,-3.0799999237060547,1.0837500095367432
777,-1.724250078201294,1.4355024099349976,-3.0174999237060547,0.84375
778,-1.9736248254776,1.5482687950134277,-3.5274999141693115,1.1262500286102295
779,-1.9128751754760742,1.8646751642227173,-3.7925000190734863,1.284999966621399
780,-1.6651251316070557,1.6664625406265259,-3.3499999046325684,1.1124999523162842
781,-1.033500075340271,1.6165850162506104,-2.9262499809265137,1.3362499475479126
782,-1.6584999561309814,1.7749147415161133,-4.110000133514404,1.1799999475479126
783,-1.557125210762024,1.5729291439056396,-3.765000104904175,0.7762500047683716
784,-1.2349998950958252,1.7814431190490723,-3.3524999618530273,1.3937499523162842
785,-2.3112502098083496,1.3577499389648438,-3.7074999809265137,0.768750011920929
786,-1.935999870300293,1.6410439014434814,-3.6362500190734863,1.222499966621399
787,-2.297374963760376,1.1469026803970337,-3.0512499809265137,0.5862500071525574
788,-0.8147500157356262,1.4992315769195557,-2.934999942779541,1.3537499904632568
789,-2.0012497901916504,1.7320088148117065,-4.139999866485596,0.7649999856948853
790,-1.481124997138977,1.7242268323898315,-2.9237499237060547,1.0212500095367432
791,-1.5481250286102295,1.672162652015686,-2.9987499713897705,0.9287499785423279
792,-1.0443750619888306,1.7602869272232056,-2.911250114440918,1.2949999570846558
793,-2.1036248207092285,1.436309814453125,-3.2537500858306885,0.9100000262260437
794,-2.057375192642212,1.6701207160949707,-3.9800000190734863,0.5799999833106995
795,-1.5402499437332153,1.6614842414855957,-3.0062499046325684,1.215000033378601
796,-1.5038750171661377,1.9739762544631958,-3.8262500762939453,1.375
797,-1.354874849319458,1.781939148902893,-3.4774999618530273,1.503749966621399
798,-1.6358749866485596,1.8865972757339478,-3.581249952316284,1.1475000381469727
799,-1.3638750314712524,2.0014610290527344,-3.609999895095825,1.4987499713897705
800,-1.9100000858306885,1.5980501174926758,-4.071249961853027,1.2599999904632568
801,-1.0601251125335693,1.9079034328460693,-3.009999990463257,1.4950000047683716
802,-1.297124981880188,1.6124564409255981,-2.893749952316284,1.0449999570846558
803,-0.5677500367164612,1.593272089958191,-2.950000047683716,1.1162500381469727
804,-1.6588751077651978,1.591367483139038,-3.140000104904175,1.252500057220459
805,-0.8803750872612,1.7489597797393799,-3.2774999141693115,1.0837500095367432
806,-1.3403750658035278,1.5947463512420654,-2.981250047683716,0.6850000023841858
807,-1.5658749341964722,1.6694265604019165,-2.9075000286102295,1.0537500381469727
808,-1.2547500133514404,1.9422909021377563,-3.625,1.0575000047683716
809,-1.133750081062317,1.7694977521896362,-2.987499952316284,1.159999966621399
810,-1.1137499809265137,1.588834285736084,-3.174999952316284,1.216249942779541
811,-0.10262499004602432,1.5239766836166382,-2.84375,1.4987499713897705
812,-2.7200000286102295,1.196511149406433,-3.5562500953674316,0.7699999809265137
813,-1.5306251049041748,1.8286240100860596,-3.7200000286102295,1.0837500095367432
814,-1.6923748254776,1.5990499258041382,-3.2074999809265137,0.8100000023841858
815,-0.6494999527931213,1.649389624595642,-3.372499942779541,1.1662499904632568
816,-1.1418750286102295,1.851166009902954,-2.9725000858306885,1.462499976158142
817,-0.7737500071525574,1.5083255767822266,-3.012500047683716,0.9512500166893005
818,-1.2926249504089355,1.9194791316986084,-2.950000047683716,1.412500023841858
819,-1.0973750352859497,1.5467407703399658,-2.978749990463257,1.0212500095367432
820,-1.0427501201629639,1.8760757446289062,-3.005000114440918,1.5412499904632568
821,-1.3075000047683716,1.8170247077941895,-3.6624999046325684,1.2862499952316284
822,-1.4551249742507935,1.8383126258850098,-3.981250047683716,0.6949999928474426
823,-1.2215001583099365,1.9895808696746826,-3.509999990463257,1.1124999523162842
824,-1.1311248540878296,1.8695666790008545,-3.6312499046325684,1.065000057220459
825,-1.7766250371932983,1.8411399126052856,-3.4700000286102295,1.4487500190734863
826,-1.328624963760376,1.6568002700805664,-3.413749933242798,1.2237499952316284
827,-1.2098751068115234,1.7342000007629395,-3.049999952316284,0.9474999904632568
828,-0.6890000104904175,1.8472086191177368,-3.002500057220459,1.2174999713897705
829,-1.120749831199646,1.793778657913208,-2.9800000190734863,1.462499976158142
830,-1.4167499542236328,1.514542818069458,-2.950000047683716,0.7699999809265137
831,-0.8303748965263367,1.796982765197754,-3.1024999618530273,1.1487499475479126
832,-1.0600000619888306,1.7155745029449463,-3.578749895095825,1.2712500095367432
833,-1.1393749713897705,1.9103271961212158,-3.3212499618530273,1.2112499475479126
834,-0.659250020980835,1.7652827501296997,-2.9100000858306885,1.002500057220459
835,-0.7547500133514404,1.7866320610046387,-2.9312500953674316,1.2649999856948853
836,-1.0293750762939453,1.7195451259613037,-3.430000066757202,1.3262499570846558
837,-1.3108751773834229,1.648817539215088,-2.9800000190734863,1.183750033378601
838,-1.2755000591278076,1.628435492515564,-2.880000114440918,1.1687500476837158
839,-0.3734999895095825,1.4474825859069824,-2.862499952316284,1.4225000143051147
840,-0.4508749842643738,1.4661197662353516,-3.2300000190734863,1.149999976158142
841,-0.8278749585151672,1.9209911823272705,-3.4375,1.4900000095367432
842,-0.6150000095367432,1.4455463886260986,-3.166249990463257,1.28125
843,-0.8382499814033508,1.7041058540344238,-2.9574999809265137,1.1437499523162842
844,-0.7566249966621399,1.7381545305252075,-2.9124999046325684,1.315000057220459
845,-0.7897500991821289,1.8715602159500122,-3.427500009536743,1.1662499904632568
846,-1.2128750085830688,1.8710278272628784,-3.625,1.037500023841858
847,-1.2861249446868896,1.9119281768798828,-4.090000152587891,1.0525000095367432
848,-0.8261248469352722,1.8653348684310913,-3.34375,1.1712499856948853
849,-1.331874966621399,1.8518102169036865,-3.3887500762939453,1.5125000476837158
850,-1.6952499151229858,1.510270118713379,-2.963749885559082,1.091249942779541
851,-0.8841250538825989,1.9553202390670776,-2.9237499237060547,1.3387500047683716
852,-0.7666250467300415,1.8155183792114258,-3.0799999237060547,1.2074999809265137
853,-0.49375003576278687,1.7754716873168945,-3.3712499141693115,1.4812500476837158
854,-1.1540000438690186,2.0064697265625,-3.7774999141693115,1.4537500143051147
855,-0.4467500150203705,1.651999831199646,-2.930000066757202,1.0950000286102295
856,-1.0036250352859497,1.886106014251709,-2.961250066757202,1.4175000190734863
857,-0.42075005173683167,1.6984635591506958,-2.950000047683716,1.5087499618530273
858,-0.4234999716281891,1.703176736831665,-2.893749952316284,1.1699999570846558
859,-0.546375036239624,1.657424807548523,-3.023750066757202,1.037500023841858
860,-0.7592499852180481,1.8738889694213867,-3.4800000190734863,1.3174999952316284
861,-1.3096249103546143,1.7399122714996338,-3.1112499237060547,1.1699999570846558
862,-1.6023750305175781,1.8383660316467285,-3.338749885559082,1.2274999618530273
863,-1.7352501153945923,1.83964204788208,-3.3424999713897705,1.246250033378601
864,-0.940375030040741,1.9175673723220825,-3.002500057220459,1.2549999952316284
865,-1.8420000076293945,1.5900624990463257,-3.1449999809265137,0.8924999833106995
866,-1.0717499256134033,1.6463288068771362,-3.2149999141693115,1.2074999809265137
867,-1.5190000534057617,1.7162072658538818,-3.3887500762939453,1.0449999570846558
868,-1.904250144958496,1.4476137161254883,-2.950000047683716,1.0199999809265137
869,-0.8212500810623169,1.518349051475525,-3.153749942779541,0.9862499833106995
870,-0.9356249570846558,1.9171090126037598,-2.956249952316284,1.25
871,-1.121999979019165,1.7165021896362305,-2.9124999046325684,1.0612499713897705
872,-1.511625051498413,1.811934471130371,-3.216249942779541,0.8650000095367432
873,-1.5950000286102295,1.6155287027359009,-3.572499990463257,1.0750000476837158
874,-1.4833749532699585,1.829365849494934,-3.2200000286102295,1.3212499618530273
875,-0.8366249799728394,1.6350953578948975,-3.5637500286102295,1.1162500381469727
876,-0.656499981880188,1.805741786956787,-2.9987499713897705,1.243749976158142
877,-0.5410000085830688,1.6318926811218262,-2.9375,1.4249999523162842
878,-1.2206250429153442,1.9804633855819702,-4.25,1.3025000095367432
879,-0.6671250462532043,1.765465259552002,-2.9312500953674316,1.068750023841858
880,-1.0480000972747803,1.8076950311660767,-3.805000066757202,0.8600000143051147
881,-1.853624939918518,1.6504746675491333,-3.7699999809265137,0.7487499713897705
882,-1.5131250619888306,1.7900210618972778,-3.4887499809265137,1.0924999713897705
883,-1.2436249256134033,1.6574387550354004,-2.9000000953674316,1.462499976158142
884,-1.1177499294281006,1.8846514225006104,-3.4149999618530273,1.222499966621399
885,-0.5498749613761902,1.9594684839248657,-3.083750009536743,1.5125000476837158
886,-0.7278750538825989,1.7271671295166016,-2.9000000953674316,1.2400000095367432
887,-0.7759999632835388,1.5183762311935425,-2.961250066757202,0.8812500238418579
888,-0.8970000147819519,1.702280044555664,-3.148750066757202,1.0637500286102295
889,-1.290874719619751,1.7200621366500854,-3.1387500762939453,1.1349999904632568
890,-1.155750036239624,1.7532328367233276,-2.9674999713897705,1.1712499856948853
891,-1.8795000314712524,1.8578147888183594,-4.212500095367432,0.9112499952316284
892,0.08674997836351395,1.2923442125320435,-2.950000047683716,1.2862499952316284
893,-1.5006251335144043,1.5652623176574707,-3.163749933242798,1.002500057220459
894,-1.731624960899353,1.5286582708358765,-3.430000066757202,0.875
895,-1.2367498874664307,1.7704356908798218,-3.119999885559082,1.0987499952316284
896,-1.018375039100647,1.865496039390564,-2.961250066757202,1.5087499618530273
897,-1.415624976158142,1.8874719142913818,-3.4000000953674316,1.0462499856948853
898,-0.861125111579895,1.4481968879699707,-2.8125,1.1349999904632568
899,-1.0618749856948853,1.9205529689788818,-2.9549999237060547,1.4850000143051147
900,-1.11537504196167,2.019063949584961,-3.473750114440918,1.2024999856948853
901,-1.4418749809265137,2.0208382606506348,-4.019999980926514,1.2712500095367432
902,-1.1193749904632568,1.5782915353775024,-3.0924999713897705,1.058750033378601
903,-1.3659999370574951,1.7215571403503418,-3.25,1.100000023841858
904,-0.5241249799728394,1.6730848550796509,-2.944999933242798,1.412500023841858
905,-0.8067501187324524,1.7886567115783691,-3.171250104904175,1.149999976158142
906,-1.4642499685287476,2.078853130340576,-4.378749847412109,1.4674999713897705
907,-1.1353750228881836,2.011070489883423,-3.6700000762939453,1.190000057220459
908,0.3839999735355377,1.2559568881988525,-2.856250047683716,1.4774999618530273
909,-0.4071250557899475,1.5385140180587769,-3.200000047683716,1.4299999475479126
910,0.0351250097155571,1.4575871229171753,-2.9124999046325684,1.1012500524520874
911,-0.44575005769729614,1.6110758781433105,-2.8187499046325684,1.097499966621399
912,-0.15975001454353333,1.849798560142517,-3.0737500190734863,1.4774999618530273
913,-0.8187500238418579,1.4975820779800415,-3.088749885559082,0.9737499952316284
914,-0.36949998140335083,1.7515296936035156,-3.319999933242798,1.340000033378601
915,-1.4981250762939453,1.9206479787826538,-3.297499895095825,1.3887499570846558
916,-1.1686251163482666,1.88584566116333,-3.2950000762939453,1.2424999475479126
917,-1.053125023841858,1.7636672258377075,-3.859999895095825,0.8487499952316284
918,-0.7721249461174011,1.7721350193023682,-2.978749990463257,1.0449999570846558
919,-0.5116249918937683,1.7667378187179565,-3.2125000953674316,1.1887500286102295
920,-0.31049999594688416,1.6963025331497192,-2.930000066757202,1.0762499570846558
921,-0.3663749694824219,1.6896198987960815,-3.0062499046325684,1.152500033378601
922,-0.8696249723434448,1.743638038635254,-2.9262499809265137,1.2400000095367432
923,-0.37400007247924805,1.4870761632919312,-3.3350000381469727,1.191249966621399
924,-1.2123749256134033,1.7177748680114746,-3.049999952316284,1.1112500429153442
925,-0.5658749938011169,1.3070448637008667,-2.96875,1.0437500476837158
926,-1.1313750743865967,1.8288837671279907,-3.8862500190734863,1.1924999952316284
927,-0.9205000996589661,1.6394059658050537,-2.952500104904175,1.033750057220459
928,-0.7695000767707825,1.811651587486267,-3.009999990463257,1.2287499904632568
929,-0.7108749151229858,2.0074939727783203,-3.7699999809265137,1.2400000095367432
930,-1.2761247158050537,1.8040170669555664,-3.521250009536743,1.0762499570846558
931,-1.1470000743865967,1.7403655052185059,-2.9175000190734863,1.097499966621399
932,-0.846500039100647,1.82008957862854,-3.2637500762939453,1.440000057220459
933,-1.4925000667572021,1.8217350244522095,-3.1812500953674316,1.4137500524520874
934,-0.5022500157356262,1.5984677076339722,-2.875,1.253749966621399
935,-0.7951250076293945,1.7782491445541382,-3.038749933242798,1.181249976158142
936,-1.22475004196167,1.8105781078338623,-3.171250104904175,1.2000000476837158
937,-0.7894999384880066,1.7717365026474,-2.9749999046325684,1.2012499570846558
938,-0.5057499408721924,1.934262990951538,-3.03125,1.2400000095367432
939,-1.2956249713897705,1.8846420049667358,-3.559999942779541,1.0787500143051147
940,-0.9385000467300415,1.3905390501022339,-2.916249990463257,1.3212499618530273
941,-1.3607499599456787,1.5597970485687256,-2.8862500190734863,1.0887500047683716
942,-0.3033750057220459,1.7038339376449585,-2.8812499046325684,1.2387499809265137
943,-0.47199997305870056,1.7023793458938599,-2.950000047683716,1.5137499570846558
944,-0.19475001096725464,1.7689661979675293,-2.9000000953674316,1.3312499523162842
945,-1.2573750019073486,1.669350504875183,-2.893749952316284,0.9725000262260437
946,-0.8744999766349792,1.671460509300232,-2.918750047683716,0.8362500071525574
947,-0.47987499833106995,1.6409250497817993,-2.9124999046325684,1.1712499856948853
948,-1.1319999694824219,1.8276164531707764,-3.403749942779541,1.1575000286102295
949,-1.4733750820159912,1.8210638761520386,-4.28125,0.9599999785423279
950,-0.9511250257492065,1.8813741207122803,-2.8862500190734863,1.2987500429153442
951,-0.8336249589920044,1.9184821844100952,-3.6962499618530273,1.287500023841858
952,-0.940250039100647,1.7011198997497559,-2.987499952316284,1.2024999856948853
953,-0.3122500479221344,1.7042049169540405,-2.942500114440918,1.399999976158142
954,-1.2992500066757202,1.799377202987671,-3.440000057220459,1.1487499475479126
955,-1.2361249923706055,1.7292438745498657,-2.9800000190734863,1.215000033378601
956,-0.5789999961853027,1.8933558464050293,-2.9312500953674316,1.3524999618530273
957,-0.6836251020431519,1.9138429164886475,-3.4000000953674316,1.118749976158142
958,-1.2433750629425049,1.6979151964187622,-2.942500114440918,1.128749966621399
959,-0.9641251564025879,1.7479957342147827,-3.380000114440918,1.1712499856948853
960,-1.4418748617172241,1.8526899814605713,-3.2562499046325684,1.247499942779541
961,-0.5216250419616699,1.6254757642745972,-2.9000000953674316,1.3849999904632568
962,-0.8012499809265137,1.9839448928833008,-3.5112500190734863,1.3862500190734863
963,-0.22187504172325134,1.7663706541061401,-2.9312500953674316,1.4299999475479126
964,-0.4625000059604645,1.6461613178253174,-2.856250047683716,1.2912499904632568
965,-0.6312500238418579,1.6699211597442627,-2.911250114440918,1.3174999952316284
966,-1.4539999961853027,1.7002109289169312,-3.177500009536743,1.3362499475479126
967,-1.2937500476837158,1.6449226140975952,-3.2012500762939453,1.2300000190734863
968,-0.4181250035762787,1.4168832302093506,-2.84375,1.222499966621399
969,-0.6931250095367432,1.7294851541519165,-2.836250066757202,1.190000057220459
970,-0.8393750190734863,1.7152748107910156,-2.9124999046325684,1.2000000476837158
971,-1.3993749618530273,1.8117908239364624,-3.132499933242798,1.181249976158142
972,-1.6035000085830688,1.5478367805480957,-2.916249990463257,1.274999976158142
973,-1.6886247396469116,1.746962308883667,-3.430000066757202,1.0812499523162842
974,-0.7867499589920044,1.6730666160583496,-2.8499999046325684,0.9412500262260437
975,-0.4124999940395355,1.3670189380645752,-2.8375000953674316,1.0924999713897705
976,-1.154750108718872,1.9183470010757446,-3.34375,1.2737499475479126
977,0.02637499012053013,1.458358645439148,-2.893749952316284,1.216249942779541
978,-1.9871248006820679,1.2893458604812622,-3.606250047683716,0.02500000037252903
979,-1.0204999446868896,1.9379165172576904,-3.101249933242798,1.1375000476837158
980,-0.5224999785423279,1.7833147048950195,-3.4149999618530273,1.277500033378601
981,-0.6802500486373901,1.8792999982833862,-3.2462499141693115,1.53125
982,-1.016374945640564,1.9759976863861084,-3.331249952316284,1.443750023841858
983,-1.0167499780654907,1.9690500497817993,-3.2750000953674316,1.2200000286102295
984,-0.9038750529289246,1.660199522972107,-2.9937500953674316,1.3262499570846558
985,-0.49150004982948303,1.8313467502593994,-3.288749933242798,1.1799999475479126
986,-0.3018750548362732,1.6663764715194702,-3.002500057220459,1.09375
987,-0.0547499880194664,1.3432737588882446,-3.5687499046325684,1.221250057220459
988,-0.624875009059906,1.5790488719940186,-3.2537500858306885,0.9850000143051147
989,-1.1349999904632568,1.8044010400772095,-3.0350000858306885,1.0712499618530273
990,-0.26624998450279236,1.4093017578125,-2.9049999713897705,1.0750000476837158
991,-0.6078749895095825,1.6158816814422607,-2.9124999046325684,1.2799999713897705
992,-0.4253750443458557,1.5588791370391846,-2.84375,0.9325000047683716
993,-0.16350002586841583,1.4392942190170288,-3.002500057220459,0.8949999809265137
994,0.4127500057220459,1.1410400867462158,-2.737499952316284,1.3350000381469727
995,-0.6684999465942383,1.802658200263977,-2.9124999046325684,1.440000057220459
996,-1.1067498922348022,1.546130895614624,-2.9375,1.0199999809265137
997,-1.6740000247955322,1.551283836364746,-3.0399999618530273,0.9712499976158142
998,0.04350002482533455,1.5296690464019775,-2.930000066757202,1.3137500286102295
999,-0.888374924659729,1.7709836959838867,-3.1024999618530273,1.5125000476837158
1000,-1.3037500381469727,1.7516549825668335,-3.440000057220459,0.8612499833106995
1001,-0.25874996185302734,1.7669265270233154,-2.90625,1.3350000381469727
1002,-1.050374984741211,1.5334457159042358,-2.9100000858306885,1.1575000286102295
1003,-1.0497500896453857,1.8013384342193604,-4.085000038146973,1.216249942779541
1004,-0.2383749932050705,1.4291362762451172,-3.0,0.9887499809265137
1005,-0.49687498807907104,1.5558825731277466,-2.8375000953674316,1.2937500476837158
1006,-0.25450000166893005,1.574946641921997,-2.9800000190734863,1.1712499856948853
1007,-0.3879999816417694,1.5677380561828613,-2.867500066757202,1.3049999475479126
1008,-0.861500084400177,1.7453606128692627,-2.950000047683716,1.059999942779541
1009,-1.548624873161316,1.690287470817566,-3.3637499809265137,0.9662500023841858
1010,-0.3760000169277191,1.8272866010665894,-3.421250104904175,1.118749976158142
1011,-1.6274999380111694,1.818040132522583,-3.793750047683716,0.8924999833106995
1012,-1.1720000505447388,1.7455309629440308,-3.640000104904175,1.0800000429153442
1013,0.03537501022219658,1.136144757270813,-2.799999952316284,1.2799999713897705
1014,-0.5286248922348022,1.6057977676391602,-2.9375,1.1887500286102295
1015,-0.18387500941753387,1.3687069416046143,-2.9312500953674316,1.0625
1016,-0.7957499623298645,1.6230323314666748,-3.7200000286102295,0.9162499904632568
1017,-0.11262501776218414,1.8674015998840332,-3.0225000381469727,1.4550000429153442
1018,-0.1861250102519989,1.9370269775390625,-3.690000057220459,1.3624999523162842
1019,-0.32999998331069946,1.7484551668167114,-3.231250047683716,1.3324999809265137
1020,-0.7241249680519104,1.5738391876220703,-2.884999990463257,1.0887500047683716
1021,0.289249986410141,1.1910220384597778,-2.84375,1.3937499523162842
1022,-0.30837497115135193,1.7108807563781738,-2.96875,1.0800000429153442
1023,0.24175000190734863,1.5299646854400635,-2.8687500953674316,1.2400000095367432
1024,0.08362499624490738,1.1310482025146484,-2.8499999046325684,1.1862499713897705
1025,-0.3827499747276306,1.7207133769989014,-2.8812499046325684,1.2987500429153442
1026,0.006999993231147528,1.5230460166931152,-2.9725000858306885,1.4900000095367432
1027,0.06437496840953827,1.6714755296707153,-3.4487500190734863,1.2912499904632568
1028,-0.4728749692440033,1.7470648288726807,-2.953749895095825,1.5087499618530273
1029,-0.6014999747276306,1.6140766143798828,-2.867500066757202,1.4812500476837158
1030,0.0201250072568655,1.4826792478561401,-2.911250114440918,1.191249966621399
1031,-0.1704999953508377,1.7490531206130981,-2.911250114440918,1.183750033378601
1032,-1.293874979019165,1.6786930561065674,-3.0662500858306885,1.1712499856948853
1033,-0.08699999749660492,1.5509361028671265,-3.0762500762939453,1.440000057220459
1034,-0.9272500276565552,1.7366193532943726,-2.9024999141693115,1.283750057220459
1035,-0.6001249551773071,1.6681642532348633,-2.987499952316284,1.2949999570846558
1036,-1.1392500400543213,1.6953078508377075,-2.875,0.9424999952316284
1037,-0.9662500619888306,1.6480646133422852,-3.059999942779541,1.09375
1038,0.06350000202655792,1.1956290006637573,-2.947499990463257,1.441249966621399
1039,-0.21237501502037048,1.3343154191970825,-2.848750114440918,0.7950000166893005
1040,-1.0658749341964722,1.9164665937423706,-3.40625,1.0099999904632568
1041,-0.01037498190999031,1.4553314447402954,-2.75,1.2000000476837158
1042,-0.3073749542236328,1.518324851989746,-3.2325000762939453,1.2987500429153442
1043,-0.9450000524520874,1.615684151649475,-2.891249895095825,0.7074999809265137
1044,0.0051250159740448,1.2091213464736938,-2.862499952316284,1.0887500047683716
1045,-1.3882501125335693,1.7814298868179321,-3.788749933242798,1.1162500381469727
1046,0.08950000256299973,1.6029659509658813,-3.1600000858306885,1.3862500190734863
1047,-0.2120000123977661,1.4865086078643799,-2.9912500381469727,1.0837500095367432
1048,-0.6407500505447388,1.5992003679275513,-2.961250066757202,0.9800000190734863
1049,-0.8241251111030579,1.5128998756408691,-3.141249895095825,0.9850000143051147
1050,-1.1119999885559082,1.8097196817398071,-3.012500047683716,1.1875
1051,-0.47837501764297485,1.7227662801742554,-3.081249952316284,1.2725000381469727
1052,-0.14375001192092896,1.451614499092102,-2.875,1.0762499570846558
1053,-0.3616250455379486,1.4832040071487427,-3.2225000858306885,1.1124999523162842
1054,-0.3007499873638153,1.5294138193130493,-3.0037500858306885,1.3624999523162842
1055,-0.6920000314712524,1.6294448375701904,-3.130000114440918,1.3250000476837158
1056,-0.5378748774528503,1.8699110746383667,-2.8812499046325684,1.4900000095367432
1057,-0.7261250615119934,1.7965439558029175,-4.198750019073486,1.2587499618530273
1058,-0.18675002455711365,1.4210578203201294,-2.90625,1.184999942779541
1059,0.32762497663497925,0.8967767953872681,-1.5149999856948853,1.1987500190734863
1060,-0.44475001096725464,1.2631884813308716,-2.875,1.0149999856948853
1061,0.03787499666213989,1.3035701513290405,-3.0250000953674316,1.3700000047683716
1062,0.22200004756450653,1.831800937652588,-3.8837499618530273,1.5175000429153442
1063,0.053375016897916794,1.3110849857330322,-2.862499952316284,1.3849999904632568
1064,-0.37650004029273987,1.6437612771987915,-3.130000114440918,1.3700000047683716
1065,-1.0411250591278076,1.853293776512146,-2.950000047683716,1.1487499475479126
1066,-0.9351248741149902,1.9047789573669434,-4.159999847412109,1.2887500524520874
1067,-0.5097500085830688,1.6756511926651,-3.049999952316284,1.149999976158142
1068,-1.3956249952316284,1.7982879877090454,-2.930000066757202,1.1437499523162842
1069,0.06449998915195465,1.5046097040176392,-3.0250000953674316,1.2587499618530273
1070,-0.7267500162124634,1.6042197942733765,-3.2612500190734863,1.1862499713897705
1071,-0.5913749933242798,1.704749345779419,-3.200000047683716,1.09375
1072,-0.29600006341934204,1.7570935487747192,-2.971250057220459,1.1749999523162842
1073,0.08899999409914017,1.2420762777328491,-2.940000057220459,1.4487500190734863
1074,-0.9581249952316284,1.8335744142532349,-2.8924999237060547,1.403749942779541
1075,-0.10850000381469727,1.5458300113677979,-2.9487500190734863,1.2450000047683716
1076,-0.8212499618530273,1.7282365560531616,-3.052500009536743,1.0087499618530273
1077,-1.4176249504089355,1.4619544744491577,-2.9124999046325684,0.5024999976158142
1078,-0.39337506890296936,1.7020984888076782,-3.021250009536743,1.225000023841858
1079,-0.3985000252723694,1.7238531112670898,-2.942500114440918,1.3975000381469727
1080,0.04900001361966133,1.532615303993225,-2.950000047683716,1.3912500143051147
1081,-1.1311249732971191,1.784622311592102,-2.9862499237060547,1.2350000143051147
1082,-0.5770000219345093,1.6398392915725708,-2.893749952316284,1.2549999952316284
1083,-0.6827500462532043,1.5116791725158691,-3.208750009536743,0.9825000166893005
1084,-0.893375039100647,1.7702717781066895,-3.5712499618530273,1.216249942779541
1085,-0.31450000405311584,1.7212409973144531,-2.9049999713897705,1.4850000143051147
1086,-0.7692499756813049,1.549534797668457,-3.327500104904175,0.7087500095367432
1087,-0.13487498462200165,1.421667456626892,-2.8499999046325684,1.2762500047683716
1088,-0.400750070810318,1.721213459968567,-2.84375,1.3362499475479126
1089,-0.9806249737739563,1.8500635623931885,-2.9124999046325684,1.4199999570846558
1090,-0.5619999766349792,1.5834496021270752,-2.875,1.0199999809265137
1091,-1.0782500505447388,1.789942741394043,-2.9337499141693115,0.9175000190734863
1092,0.10174999386072159,1.5371304750442505,-2.981250047683716,1.308750033378601
1093,-0.25599998235702515,1.424195408821106,-2.836250066757202,1.1037499904632568
1094,-1.3433749675750732,1.510992407798767,-3.59375,0.7562500238418579
1095,-0.031499963253736496,1.6803247928619385,-3.3087499141693115,1.4550000429153442
1096,-1.1133750677108765,1.777675747871399,-3.8499999046325684,1.4774999618530273
1097,-1.1498749256134033,1.7991907596588135,-3.0374999046325684,1.0499999523162842
1098,-0.747249960899353,1.7428548336029053,-2.9287500381469727,1.0437500476837158
1099,-0.33912500739097595,1.7184432744979858,-2.9312500953674316,1.4225000143051147
1100,-0.9858748316764832,1.7480195760726929,-3.672499895095825,1.149999976158142
1101,-0.13837501406669617,1.4099106788635254,-2.867500066757202,1.0049999952316284
1102,-0.845875084400177,1.7921408414840698,-2.918750047683716,1.4850000143051147
1103,-0.6141249537467957,1.8597564697265625,-4.230000019073486,1.2387499809265137
1104,0.15550000965595245,1.0937436819076538,-2.8499999046325684,1.2000000476837158
1105,-0.2342499941587448,1.4880034923553467,-2.96875,1.2087500095367432
1106,-0.2292499989271164,1.8188234567642212,-2.961250066757202,1.440000057220459
1107,-0.8181249499320984,1.8494809865951538,-3.1675000190734863,1.3799999952316284
1108,-0.6117500066757202,1.8621127605438232,-4.142499923706055,1.0462499856948853
1109,-0.5927500128746033,1.9614049196243286,-3.487499952316284,1.2587499618530273
1110,0.7695000171661377,0.5594319701194763,-0.7049999833106995,1.2637499570846558
1111,-0.6283749341964722,1.5482114553451538,-2.9000000953674316,1.087499976158142
1112,-0.19037500023841858,1.4559340476989746,-2.950000047683716,1.3312499523162842
1113,-0.016124993562698364,1.5439717769622803,-3.1962499618530273,1.2699999809265137
1114,0.11687500774860382,1.1803301572799683,-2.875,1.2200000286102295
1115,-0.4502499997615814,1.673264980316162,-2.9462499618530273,1.3849999904632568
1116,-0.15975001454353333,1.7456212043762207,-2.8499999046325684,1.2400000095367432
1117,-0.3072499930858612,1.679829478263855,-2.862499952316284,1.1662499904632568
1118,-0.19175000488758087,1.537859320640564,-3.0587499141693115,1.2424999475479126
1119,-0.7141249775886536,1.80160653591156,-3.2512500286102295,1.221250057220459
1120,-0.7204999327659607,1.7909599542617798,-2.9000000953674316,1.4674999713897705
1121,-0.5838750004768372,1.8941961526870728,-3.055000066757202,1.2762500047683716
1122,-1.3782501220703125,1.926031231880188,-4.371250152587891,1.283750057220459
1123,-0.15049998462200165,1.547400712966919,-3.2300000190734863,1.1675000190734863
1124,-0.09199998527765274,1.5358880758285522,-3.1524999141693115,1.2400000095367432
1125,-0.6285000443458557,1.7096933126449585,-3.319999933242798,1.024999976158142
1126,-0.40287500619888306,1.701430320739746,-3.0,1.4387500286102295
1127,0.09499997645616531,1.1367390155792236,-2.9000000953674316,1.181249976158142
1128,-0.08625002205371857,1.5025838613510132,-2.921250104904175,1.2362500429153442
1129,0.3606250286102295,1.2725238800048828,-2.862499952316284,1.4537500143051147
1130,-0.5864999890327454,1.6100741624832153,-2.9337499141693115,1.0987499952316284
1131,-0.04925001412630081,1.5169717073440552,-2.987499952316284,1.190000057220459
1132,-1.2393748760223389,1.7007864713668823,-3.012500047683716,0.9712499976158142
1133,-1.065999984741211,1.866213321685791,-2.9887499809265137,1.1974999904632568
1134,-0.3871249556541443,1.7475266456604004,-3.4800000190734863,1.162500023841858
1135,-0.6335000991821289,1.5406877994537354,-2.950000047683716,1.1549999713897705
1136,0.09199999272823334,1.2090847492218018,-2.700000047683716,1.4674999713897705
1137,-0.38087496161460876,1.7928318977355957,-3.372499942779541,1.412500023841858
1138,-0.8926249742507935,1.7699456214904785,-3.2362499237060547,1.0399999618530273
1139,-0.6962500214576721,1.6528642177581787,-3.197499990463257,1.3137500286102295
1140,-0.5113749504089355,1.619592308998108,-3.190000057220459,1.1299999952316284
1141,-0.596500039100647,1.9833498001098633,-3.858750104904175,1.2975000143051147
1142,0.07674998044967651,1.4983375072479248,-2.8237500190734863,1.4199999570846558
1143,-0.10912500321865082,1.495940923690796,-3.0299999713897705,1.3075000047683716
1144,0.41350001096725464,1.0358511209487915,-2.598750114440918,1.0387500524520874
1145,-0.22937507927417755,1.7435710430145264,-2.9100000858306885,1.4850000143051147
1146,-0.04837498068809509,1.4573711156845093,-3.0512499809265137,0.9337499737739563
1147,-1.3416249752044678,1.756986379623413,-3.2799999713897705,1.034999966621399
1148,-0.7021249532699585,1.7562676668167114,-3.9725000858306885,1.2087500095367432
1149,-0.24062499403953552,1.4893039464950562,-3.171250104904175,1.309999942779541
1150,-0.25575000047683716,1.7432327270507812,-2.880000114440918,1.527500033378601
1151,-0.33549997210502625,1.715157389640808,-2.9312500953674316,1.246250033378601
1152,-0.1677500307559967,1.4829450845718384,-2.8499999046325684,1.3312499523162842
1153,-0.011500002816319466,1.475737452507019,-3.0137500762939453,1.1100000143051147
1154,-0.7601250410079956,1.790140986442566,-2.921250104904175,1.3287500143051147
1155,-0.3561249375343323,1.679984450340271,-2.9987499713897705,1.183750033378601
1156,-0.9753749966621399,1.7252129316329956,-3.3550000190734863,1.183750033378601
1157,-0.5383750200271606,1.5819451808929443,-2.911250114440918,1.0750000476837158
1158,-0.0030000030528753996,1.4839496612548828,-2.924999952316284,1.5549999475479126
1159,-0.08999999612569809,1.4585292339324951,-2.887500047683716,1.2649999856948853
1160,-0.8059999346733093,1.5569241046905518,-2.893749952316284,1.2949999570846558
1161,-0.1692499816417694,1.7641370296478271,-2.9312500953674316,1.1112500429153442
1162,0.00037499069003388286,1.5298532247543335,-2.983750104904175,1.3700000047683716
1163,0.296625018119812,1.2314176559448242,-2.9124999046325684,1.1662499904632568
1164,0.009124976582825184,1.5290180444717407,-2.8125,1.4900000095367432
1165,0.11687500774860382,1.6907260417938232,-3.5037500858306885,1.2587499618530273
1166,-0.7497500777244568,1.834222435951233,-4.125,1.1487499475479126
1167,-0.04124998301267624,1.7023018598556519,-3.346250057220459,1.4850000143051147
1168,-0.564000129699707,1.595468282699585,-2.8112499713897705,1.097499966621399
1169,0.05675000697374344,1.247122883796692,-2.762500047683716,1.4175000190734863
1170,0.10862500965595245,1.7184542417526245,-3.7537500858306885,1.3912500143051147
1171,-0.1680000275373459,1.510015845298767,-2.898750066757202,1.1887500286102295
1172,-0.4128749966621399,1.8667088747024536,-3.411250114440918,1.4249999523162842
1173,-0.8730000257492065,1.4527676105499268,-2.9800000190734863,0.9900000095367432
1174,-0.05237499997019768,1.4800469875335693,-2.950000047683716,1.2262500524520874
1175,-0.01749999448657036,1.5091923475265503,-3.0199999809265137,1.2274999618530273
1176,0.527999997138977,1.1262853145599365,-2.75,1.3237500190734863
1177,-0.23387499153614044,1.7545653581619263,-3.0062499046325684,1.2599999904632568
1178,0.26687493920326233,1.0225132703781128,-2.674999952316284,1.0437500476837158
1179,0.16449999809265137,1.2728543281555176,-2.893749952316284,1.5125000476837158
1180,0.3086249530315399,1.3410851955413818,-2.956249952316284,1.5412499904632568
1181,-0.44187504053115845,1.6165235042572021,-3.0,1.097499966621399
1182,0.08425000309944153,1.5225319862365723,-3.059999942779541,1.0987499952316284
1183,-0.15674999356269836,1.8484119176864624,-2.956249952316284,1.5412499904632568
1184,-0.21325001120567322,1.5335501432418823,-3.049999952316284,1.0112500190734863
1185,-0.304999977350235,1.6962836980819702,-2.9124999046325684,1.2024999856948853
1186,0.13237498700618744,1.5033451318740845,-2.875,1.34375
1187,-0.7252499461174011,1.5970364809036255,-3.0062499046325684,1.1437499523162842
1188,-0.512374997138977,1.8610128164291382,-3.916249990463257,1.158750057220459
1189,-0.9869999885559082,1.87136709690094,-2.9124999046325684,1.2400000095367432
1190,-0.3109999895095825,1.7341705560684204,-2.9512500762939453,1.252500057220459
1191,0.1473749727010727,1.5185835361480713,-2.8475000858306885,1.3825000524520874
1192,-0.7238749265670776,1.8543633222579956,-3.1312499046325684,1.2287499904632568
1193,-0.6391249895095825,1.957818865776062,-3.3062500953674316,1.2762500047683716
1194,0.1027500256896019,1.5276069641113281,-2.8812499046325684,1.2074999809265137
1195,0.8111249804496765,0.307495653629303,0.28125,1.1074999570846558
1196,-0.39225003123283386,1.6092199087142944,-2.8375000953674316,1.3224999904632568
1197,0.05787496641278267,1.5239983797073364,-2.9000000953674316,1.1150000095367432
1198,-0.028125012293457985,1.6487340927124023,-3.0799999237060547,1.4987499713897705
1199,-0.453125,1.88169264793396,-3.8375000953674316,1.2587499618530273
1200,-0.2782500088214874,1.7414953708648682,-2.893749952316284,1.4049999713897705
1201,-0.48137497901916504,1.5490171909332275,-2.8550000190734863,1.368749976158142
1202,0.13724999129772186,1.6110135316848755,-3.069999933242798,1.4299999475479126
1203,0.08274998515844345,1.1889761686325073,-2.8062500953674316,1.2062499523162842
1204,-0.5668749809265137,1.729927659034729,-3.5399999618530273,1.1950000524520874
1205,-0.21549996733665466,1.7072076797485352,-2.8812499046325684,1.247499942779541
1206,0.3779999613761902,1.224076747894287,-2.880000114440918,1.316249966621399
1207,-0.4376250207424164,1.6263896226882935,-2.918750047683716,1.0824999809265137
1208,0.06124992296099663,1.481445550918579,-2.762500047683716,1.2712500095367432
1209,-0.7384999990463257,1.7360329627990723,-2.9462499618530273,1.1987500190734863
1210,0.026749974116683006,1.5568937063217163,-3.125,1.440000057220459
1211,0.5222499966621399,0.5153365731239319,-0.5737500190734863,1.527500033378601
1212,-0.4345000386238098,1.6959697008132935,-2.893749952316284,1.503749966621399
1213,-0.5491249561309814,1.5791246891021729,-2.8187499046325684,1.2575000524520874
1214,0.0031249939929693937,1.1241434812545776,-2.862499952316284,1.278749942779541
1215,0.1641250103712082,1.5124660730361938,-2.768749952316284,1.568750023841858
1216,0.336124986410141,1.1590014696121216,-2.793750047683716,1.1162500381469727
1217,0.273250013589859,1.1256338357925415,-2.825000047683716,1.1649999618530273
1218,-0.17024996876716614,1.5405545234680176,-2.862499952316284,1.2737499475479126
1219,-0.3907499313354492,1.729034185409546,-2.963749885559082,1.1425000429153442
1220,-0.12962500751018524,1.4412953853607178,-2.84375,1.0525000095367432
1221,0.1913749873638153,1.2116416692733765,-3.286250114440918,1.0437500476837158
1222,-0.1912499964237213,1.5913738012313843,-2.891249895095825,1.159999966621399
1223,0.23237505555152893,1.408750057220459,-2.9124999046325684,1.4550000429153442
1224,0.3227500021457672,1.1396313905715942,-2.934999942779541,1.1487499475479126
1225,0.012250006198883057,1.4798827171325684,-2.8762500286102295,1.3274999856948853
1226,-0.08249995857477188,1.4626452922821045,-2.893749952316284,1.0924999713897705
1227,-0.26500001549720764,1.720237374305725,-2.9312500953674316,1.1862499713897705
1228,0.06912499666213989,1.8662835359573364,-4.269999980926514,1.403749942779541
1229,-0.15562500059604645,1.788243293762207,-2.8975000381469727,1.493749976158142
1230,-0.21962504088878632,1.5981146097183228,-2.9237499237060547,1.4199999570846558
1231,-0.18825003504753113,1.800432562828064,-3.1287500858306885,1.181249976158142
1232,-0.07562503218650818,1.663184642791748,-3.755000114440918,1.222499966621399
1233,-0.3412500023841858,2.004948854446411,-4.201250076293945,1.3075000047683716
1234,0.4580000042915344,0.7396143674850464,-0.9775000214576721,1.3899999856948853
1235,0.0430000014603138,1.5581802129745483,-2.887500047683716,1.5
1236,-0.06349997967481613,1.5473649501800537,-3.0012500286102295,1.1887500286102295
1237,0.3412500023841858,1.3570140600204468,-2.768749952316284,1.3637499809265137
1238,-0.13512498140335083,1.6037893295288086,-3.1962499618530273,1.2762500047683716
1239,0.16174998879432678,1.7209250926971436,-3.327500104904175,1.443750023841858
1240,0.5581250190734863,1.1583398580551147,-2.793750047683716,1.5412499904632568
1241,0.07274998724460602,1.5413628816604614,-3.03125,1.462499976158142
1242,-0.32774999737739563,1.6412410736083984,-2.817500114440918,1.399999976158142
1243,0.06287501007318497,1.5516620874404907,-2.848750114440918,1.2937500476837158
1244,-0.16550001502037048,1.4746819734573364,-3.033750057220459,1.1475000381469727
1245,0.38599997758865356,1.2086024284362793,-2.7750000953674316,1.2649999856948853
1246,-0.18762503564357758,1.8020339012145996,-2.9149999618530273,1.4537500143051147
1247,0.4007500112056732,0.6570165157318115,-1.2000000476837158,1.1337499618530273
1248,0.0012499928707256913,1.5731669664382935,-3.03125,1.4950000047683716
1249,-0.21250000596046448,1.7498010396957397,-2.9000000953674316,1.1749999523162842
1250,0.320250004529953,1.1968430280685425,-2.8112499713897705,1.0387500524520874
1251,-0.6144999861717224,1.6669540405273438,-3.297499895095825,1.037500023841858
1252,0.14237500727176666,1.5819252729415894,-2.918750047683716,1.443750023841858
1253,-0.49537500739097595,1.775235891342163,-3.4825000762939453,1.3825000524520874
1254,0.327750027179718,1.2276345491409302,-2.8399999141693115,1.1549999713897705
1255,0.2853749990463257,1.4213428497314453,-3.5562500953674316,1.2737499475479126
1256,-0.010000037029385567,1.5203620195388794,-3.28125,1.0425000190734863
1257,-0.07587502896785736,1.8429449796676636,-4.081250190734863,1.5362499952316284
1258,0.27812498807907104,1.5403157472610474,-2.8499999046325684,1.3237500190734863
1259,0.2904999554157257,1.643858551979065,-3.002500057220459,1.440000057220459
1260,0.5526250600814819,0.7614657878875732,-0.8512499928474426,1.462499976158142
1261,0.1444999873638153,1.6544500589370728,-3.234999895095825,1.2274999618530273
1262,0.04712497442960739,1.5780736207962036,-2.867500066757202,1.3849999904632568
1263,0.008125019259750843,1.6749831438064575,-3.6624999046325684,1.3312499523162842
1264,0.07599996030330658,1.8374660015106201,-3.755000114440918,1.3762500286102295
1265,-0.023250002413988113,1.566434383392334,-3.2850000858306885,1.1662499904632568
1266,0.18837501108646393,1.9140883684158325,-4.292500019073486,1.377500057220459
1267,-0.37575000524520874,1.6959257125854492,-2.893749952316284,1.2949999570846558
1268,-0.020000005140900612,1.5689603090286255,-2.856250047683716,1.3862500190734863
1269,0.5473750233650208,1.153658151626587,-2.831249952316284,1.3287500143051147
1270,-0.11587498337030411,1.4916936159133911,-2.8237500190734863,1.2925000190734863
1271,-0.30799999833106995,1.699432373046875,-2.9000000953674316,1.2625000476837158
1272,0.0101249935105443,1.7932214736938477,-3.6449999809265137,1.5412499904632568
1273,0.4606249928474426,0.8989477157592773,-1.8049999475479126,1.3662500381469727
1274,0.20225000381469727,1.5568017959594727,-2.893749952316284,1.2912499904632568
1275,-0.30162498354911804,1.7130745649337769,-3.109999895095825,1.152500033378601
1276,0.017000025138258934,1.506448745727539,-3.122499942779541,1.1349999904632568
1277,0.7394999861717224,0.4107756018638611,0.07249999791383743,1.2899999618530273
1278,0.3257499933242798,0.7102235555648804,-1.0449999570846558,1.125
1279,-0.8060000538825989,1.8901110887527466,-3.586250066757202,1.183750033378601
1280,0.10924998670816422,1.6293889284133911,-3.4149999618530273,1.2825000286102295
1281,0.10924998670816422,1.6229705810546875,-2.9987499713897705,1.2937500476837158
1282,-0.1889999955892563,1.8218261003494263,-3.091249942779541,1.1112500429153442
1283,-0.20887494087219238,1.7056576013565063,-2.799999952316284,1.2024999856948853
1284,0.17099998891353607,1.5267983675003052,-2.875,1.2037500143051147
1285,0.1730000078678131,1.5337145328521729,-2.862499952316284,1.2237499952316284
1286,-0.2241249829530716,1.7331116199493408,-2.9124999046325684,1.308750033378601
1287,0.6038750410079956,0.5189082026481628,-0.29624998569488525,1.2487499713897705
1288,0.5043749809265137,1.220017671585083,-2.8299999237060547,1.5
1289,0.17287500202655792,1.5981007814407349,-3.023750066757202,1.4850000143051147
1290,0.19449999928474426,1.2071783542633057,-2.956249952316284,1.0737500190734863
1291,-0.2632500231266022,1.7713426351547241,-2.8687500953674316,1.5225000381469727
1292,0.19687500596046448,1.2219380140304565,-3.0625,1.3624999523162842
1293,-0.7743749022483826,1.898793339729309,-3.3424999713897705,1.350000023841858
1294,0.4322499632835388,1.3090351819992065,-3.0299999713897705,1.1662499904632568
1295,0.22699999809265137,1.2404125928878784,-2.9049999713897705,1.3274999856948853
1296,0.0846250057220459,1.5140858888626099,-2.8187499046325684,1.2649999856948853
1297,-0.1289999932050705,1.8257282972335815,-2.9800000190734863,1.375
1298,-0.05287500098347664,1.7002750635147095,-3.5350000858306885,1.2637499570846558
1299,-0.2720000147819519,1.7981624603271484,-3.1262500286102295,1.1887500286102295
1300,0.3698750138282776,1.1591771841049194,-2.950000047683716,1.2312500476837158
1301,-0.14149999618530273,1.5078353881835938,-2.867500066757202,1.3075000047683716
1302,0.23637497425079346,1.582829475402832,-2.862499952316284,1.4987499713897705
1303,0.05387498065829277,1.4787143468856812,-2.981250047683716,1.131250023841858
1304,-0.20875000953674316,1.8393763303756714,-3.297499895095825,1.4299999475479126
1305,-0.040375005453825,1.099126935005188,-2.8237500190734863,1.181249976158142
1306,-0.5351250171661377,1.647439956665039,-3.043750047683716,1.097499966621399
1307,0.44600000977516174,1.2438592910766602,-2.836250066757202,1.4175000190734863
1308,0.46400004625320435,1.1692641973495483,-2.7249999046325684,1.2987500429153442
1309,-0.47212499380111694,1.6741200685501099,-2.927500009536743,1.1662499904632568
1310,-0.08537502586841583,1.5140775442123413,-2.90625,1.1762499809265137
1311,0.3295000195503235,1.2378805875778198,-3.091249942779541,1.2825000286102295
1312,0.3372500240802765,0.736181378364563,-1.0774999856948853,1.1024999618530273
1313,0.6968749761581421,0.5173333883285522,-0.6837499737739563,1.2862499952316284
1314,0.022499972954392433,1.4580274820327759,-2.9000000953674316,1.3637499809265137
1315,0.3955000042915344,1.1143232583999634,-2.856250047683716,1.1012500524520874
1316,0.17662498354911804,1.2079886198043823,-2.773750066757202,1.503749966621399
1317,0.40699997544288635,1.1492027044296265,-2.8375000953674316,1.0924999713897705
1318,0.4647499918937683,1.0902135372161865,-2.75,1.152500033378601
1319,-0.03149998188018799,1.4861091375350952,-2.9000000953674316,1.4487500190734863
1320,0.18062499165534973,1.2296757698059082,-2.9000000953674316,1.1549999713897705
1321,0.19049999117851257,1.209421992301941,-2.84375,1.316249966621399
1322,0.8611249923706055,0.3652757704257965,-0.0925000011920929,1.2937500476837158
1323,0.8215000033378601,0.6361035704612732,-0.9462500214576721,1.3949999809265137
1324,0.2797500193119049,1.1142550706863403,-2.875,1.1725000143051147
1325,0.31312501430511475,1.1911089420318604,-2.893749952316284,1.527500033378601
1326,-0.672749936580658,1.8569023609161377,-3.047499895095825,1.4887499809265137
1327,-0.04012500122189522,1.6271690130233765,-3.509999990463257,1.1375000476837158
1328,-0.3921249806880951,1.7017269134521484,-3.03125,1.215000033378601
1329,0.07787499576807022,1.140336275100708,-2.78125,1.216249942779541
1330,0.04599999636411667,1.481734275817871,-2.9124999046325684,1.2662500143051147
1331,0.17799997329711914,1.5605201721191406,-3.036250114440918,1.2675000429153442
1332,0.6212499737739563,1.252972960472107,-3.0799999237060547,1.3049999475479126
1333,-0.02512500248849392,1.4622033834457397,-3.0250000953674316,1.09375
1334,0.42387494444847107,1.2924591302871704,-2.7249999046325684,1.5175000429153442
1335,0.5171250104904175,1.1762666702270508,-2.9312500953674316,1.2612500190734863
1336,-0.7203749418258667,1.7343649864196777,-2.8737499713897705,1.2137500047683716
1337,0.19724997878074646,1.2024799585342407,-2.793750047683716,1.193750023841858
1338,0.5735000371932983,1.2244209051132202,-2.9000000953674316,1.4262499809265137
1339,-0.06724999845027924,1.4569849967956543,-3.908750057220459,1.34375
1340,0.08424998819828033,1.191506028175354,-2.8687500953674316,1.131250023841858
1341,0.8007499575614929,0.4472479224205017,-0.0625,1.5175000429153442
1342,0.7231249809265137,1.189816951751709,-2.78125,1.4362499713897705
1343,0.3226250112056732,1.2094149589538574,-2.953749895095825,1.403749942779541
1344,0.5461249947547913,1.1475508213043213,-2.862499952316284,1.190000057220459
1345,-0.1497499644756317,1.409776210784912,-2.7562499046325684,1.1799999475479126
1346,0.26475000381469727,1.562492847442627,-2.8399999141693115,1.3887499570846558
1347,-0.48887500166893005,1.6221160888671875,-2.9124999046325684,1.0750000476837158
1348,0.6364998817443848,1.2289555072784424,-3.021250009536743,1.284999966621399
1349,0.17924998700618744,1.504394292831421,-2.9312500953674316,1.1924999952316284
1350,0.09712499380111694,1.544670581817627,-2.987499952316284,1.128749966621399
1351,0.5603750348091125,1.155857801437378,-2.8062500953674316,1.2725000381469727
1352,0.6030000448226929,1.2107282876968384,-2.822499990463257,1.5362499952316284
1353,0.13075000047683716,1.1842775344848633,-2.9312500953674316,1.183750033378601
1354,0.14949998259544373,1.2891162633895874,-2.862499952316284,1.3450000286102295
1355,0.13324999809265137,1.5370814800262451,-2.865000009536743,1.191249966621399
1356,-0.0768749937415123,1.4919991493225098,-2.9237499237060547,1.2899999618530273
1357,0.20862500369548798,1.6980081796646118,-3.336250066757202,1.5175000429153442
1358,0.29399996995925903,1.2347471714019775,-3.1137499809265137,1.3312499523162842
1359,0.4466249942779541,1.1716729402542114,-2.96875,1.1299999952316284
1360,0.19300003349781036,1.3221272230148315,-3.3887500762939453,1.2037500143051147
1361,-0.2176249921321869,1.921317458152771,-3.583750009536743,1.4175000190734863
1362,0.3177500069141388,1.2813421487808228,-2.9124999046325684,1.222499966621399
1363,-0.1146249994635582,1.4066598415374756,-2.793750047683716,1.003749966621399
1364,0.8700000047683716,0.5178636908531189,-0.5137500166893005,1.4950000047683716
1365,0.5820000171661377,1.193872094154358,-2.8812499046325684,1.5137499570846558
1366,0.10462498664855957,1.3094098567962646,-3.108750104904175,1.212499976158142
1367,0.13899996876716614,1.5697349309921265,-3.0250000953674316,1.3224999904632568
1368,0.4962500035762787,1.1831148862838745,-2.8162500858306885,1.503749966621399
1369,0.4846250116825104,1.253831148147583,-2.9412500858306885,1.4487500190734863
1370,0.7204999923706055,0.31997713446617126,0.20000000298023224,1.153749942779541
1371,0.6315000057220459,1.2091351747512817,-2.9749999046325684,1.1862499713897705
1372,-0.39775002002716064,1.7396336793899536,-2.983750104904175,1.4587500095367432
1373,0.3242500126361847,1.1904551982879639,-2.78125,1.1449999809265137
1374,0.6294999718666077,1.1858125925064087,-2.84375,1.4850000143051147
1375,0.021250009536743164,1.639114499092102,-3.411250114440918,1.4299999475479126
1376,0.5819998979568481,1.2373988628387451,-2.9674999713897705,1.5549999475479126
1377,-0.07999995350837708,1.7910220623016357,-2.8737499713897705,1.3975000381469727
1378,0.08625001460313797,1.6154621839523315,-3.4700000286102295,1.2949999570846558
1379,0.8062499761581421,0.41410747170448303,0.054999999701976776,1.2912499904632568
1380,0.014625024981796741,1.4969017505645752,-2.84375,1.3887499570846558
1381,1.0911251306533813,0.27437227964401245,0.5849999785423279,1.503749966621399
1382,0.9668749570846558,0.561587929725647,-0.4699999988079071,1.5087499618530273
1383,0.7026249766349792,0.5258533358573914,-0.2750000059604645,1.309999942779541
1384,-0.30912503600120544,1.7053024768829346,-3.6837499141693115,1.2387499809265137
1385,-0.1407500058412552,1.5605589151382446,-2.9800000190734863,1.2762500047683716
1386,0.2835000157356262,1.630419373512268,-3.0924999713897705,1.475000023841858
1387,-0.09725002944469452,1.5066144466400146,-2.973750114440918,1.2274999618530273
1388,0.39625000953674316,1.1523593664169312,-2.8687500953674316,1.5137499570846558
1389,-0.13449999690055847,1.8437495231628418,-3.038749933242798,1.2987500429153442
1390,-0.13812503218650818,1.7626384496688843,-2.856250047683716,1.4187500476837158
1391,0.38887497782707214,1.1952555179595947,-2.930000066757202,1.25
1392,-0.1951250284910202,1.5365540981292725,-3.171250104904175,1.0950000286102295
1393,0.1430000215768814,1.5366452932357788,-2.916249990463257,1.4900000095367432
1394,-0.045125000178813934,1.5831162929534912,-2.9674999713897705,1.5125000476837158
1395,0.500249981880188,1.2397202253341675,-3.023750066757202,1.3200000524520874
1396,0.1876250058412552,1.1026946306228638,-2.7874999046325684,1.0462499856948853
1397,-0.005874991416931152,1.5180236101150513,-2.805000066757202,1.3037500381469727
1398,0.7124999761581421,0.46894925832748413,-0.16500000655651093,1.2274999618530273
1399,0.025374997407197952,1.4549118280410767,-2.956249952316284,1.0950000286102295
1400,0.3007500171661377,1.1306902170181274,-2.862499952316284,1.2450000047683716
1401,0.5057499408721924,1.2448912858963013,-2.9000000953674316,1.34375
1402,0.28574997186660767,1.1568645238876343,-2.8862500190734863,1.0525000095367432
1403,0.6551250219345093,0.40449947118759155,-0.1599999964237213,1.2625000476837158
1404,0.13487501442432404,1.5148656368255615,-2.880000114440918,1.1675000190734863
1405,0.26624998450279236,1.2056078910827637,-3.0,1.3487499952316284
1406,-0.027375007048249245,1.5340853929519653,-2.903749942779541,1.1675000190734863
1407,0.4621250033378601,1.1611162424087524,-2.856250047683716,1.2050000429153442
1408,0.5951250195503235,1.168840765953064,-2.893749952316284,1.2400000095367432
1409,0.035375043749809265,1.8085867166519165,-4.052499771118164,1.4587500095367432
1410,0.7785000205039978,0.48845574259757996,-0.2524999976158142,1.4900000095367432
1411,0.6945000290870667,0.34043410420417786,0.028750000521540642,1.1662499904632568
1412,0.8476250767707825,0.46131011843681335,-0.41499999165534973,1.3324999809265137
1413,-0.1171249970793724,1.4711391925811768,-2.831249952316284,1.34375
1414,0.8315000534057617,0.637749195098877,-0.4650000035762787,1.4249999523162842
1415,-0.25612500309944153,1.731295108795166,-2.9000000953674316,1.3674999475479126
1416,0.9709998965263367,0.32471227645874023,0.17749999463558197,1.3125
1417,0.41612499952316284,0.6465756893157959,-0.7537500262260437,1.128749966621399
1418,-0.05375000089406967,1.4546278715133667,-2.8499999046325684,1.0787500143051147
1419,0.2396250069141388,1.2041523456573486,-2.9000000953674316,1.3137500286102295
1420,0.5042499899864197,1.231615424156189,-3.1262500286102295,1.243749976158142
1421,0.12825000286102295,1.5532783269882202,-2.950000047683716,1.2312500476837158
1422,-0.11037502437829971,1.7944289445877075,-2.950000047683716,1.247499942779541
1423,0.6042500138282776,1.1877570152282715,-2.90625,1.2912499904632568
1424,0.5525000691413879,1.216264247894287,-2.971250057220459,1.4887499809265137
1425,0.6042500138282776,1.1653125286102295,-2.7874999046325684,1.3624999523162842
1426,0.5828749537467957,1.1628764867782593,-2.862499952316284,1.2762500047683716
1427,0.8752500414848328,0.4279806315898895,0.07124999910593033,1.5412499904632568
1428,0.2148749828338623,1.5528533458709717,-2.8975000381469727,1.4674999713897705
1429,0.2847500145435333,1.142397165298462,-2.836250066757202,1.2387499809265137
1430,0.5892499685287476,1.1685609817504883,-2.867500066757202,1.2699999809265137
1431,0.4027499556541443,1.1773887872695923,-2.7750000953674316,1.1862499713897705
1432,0.7382500171661377,0.6859763264656067,-1.2012499570846558,1.2699999809265137
1433,0.1728750318288803,1.568738341331482,-2.893749952316284,1.3637499809265137
1434,0.7822499871253967,0.41726967692375183,-0.29249998927116394,1.2637499570846558
1435,0.04737500473856926,1.4626655578613281,-2.7799999713897705,1.350000023841858
1436,0.6556249856948853,0.6186968088150024,-0.8862500190734863,1.2400000095367432
1437,0.471375048160553,1.1481579542160034,-2.8424999713897705,1.316249966621399
1438,-0.03549997881054878,1.6856938600540161,-3.7225000858306885,1.2587499618530273
1439,0.50062495470047,1.17686927318573,-2.880000114440918,1.4299999475479126
1440,0.11662502586841583,1.6119624376296997,-3.2300000190734863,1.2050000429153442
1441,-0.294249951839447,1.6974568367004395,-2.8187499046325684,1.1012500524520874
1442,-0.30287498235702515,1.3761401176452637,-2.825000047683716,0.9775000214576721
1443,0.06587500870227814,1.4986138343811035,-2.875,1.1862499713897705
1444,0.531499981880188,1.1956106424331665,-2.911250114440918,1.5125000476837158
1445,0.11237497627735138,1.7071572542190552,-3.7825000286102295,1.2287499904632568
1446,0.15412499010562897,1.5470972061157227,-2.96875,1.4550000429153442
1447,-0.05412498861551285,1.5512778759002686,-2.8187499046325684,1.315000057220459
1448,-0.36437496542930603,1.761277437210083,-3.069999933242798,1.253749966621399
1449,-0.6395000219345093,1.6803743839263916,-3.1700000762939453,1.350000023841858
1450,0.4736250042915344,0.7084453701972961,-0.8987500071525574,1.1725000143051147
1451,0.5323749780654907,0.6163543462753296,-1.0149999856948853,1.0950000286102295
1452,0.4938749670982361,1.1768497228622437,-2.859999895095825,1.3550000190734863
1453,0.009624975733458996,1.4861865043640137,-2.8162500858306885,1.4900000095367432
1454,0.13699999451637268,1.5224906206130981,-2.9000000953674316,1.2087500095367432
1455,-0.3421250581741333,1.6671230792999268,-2.862499952316284,1.502500057220459
1456,0.6821249723434448,0.6161394715309143,-0.9262499809265137,1.190000057220459
1457,0.6786249876022339,0.4746273159980774,-0.38499999046325684,1.222499966621399
1458,0.10787497460842133,1.506442666053772,-2.862499952316284,1.253749966621399
1459,0.39862504601478577,1.101707100868225,-2.7874999046325684,1.0425000190734863
1460,-0.30650001764297485,1.7489100694656372,-2.911250114440918,1.4587500095367432
1461,0.10587500035762787,1.4841407537460327,-2.84375,1.21875
1462,0.49387502670288086,1.1832947731018066,-2.893749952316284,1.28125
1463,0.327750027179718,1.3609598875045776,-3.259999990463257,1.5137499570846558
1464,0.328000009059906,1.1596347093582153,-2.8812499046325684,1.3200000524520874
1465,0.8189999461174011,0.5873781442642212,-0.75,1.25
1466,0.31462496519088745,1.210862398147583,-3.0799999237060547,1.2087500095367432
1467,0.4453749656677246,1.1566540002822876,-2.9000000953674316,1.4574999809265137
1468,0.47599998116493225,1.1263694763183594,-2.71875,1.1387499570846558
1469,0.398624986410141,1.0959607362747192,-2.8187499046325684,1.1862499713897705
1470,0.20374998450279236,1.5408815145492554,-2.862499952316284,1.346250057220459
1471,0.30900001525878906,1.1451150178909302,-2.7874999046325684,1.1712499856948853
1472,0.6480000615119934,1.1798416376113892,-2.8375000953674316,1.3174999952316284
1473,0.7308749556541443,0.553367555141449,-0.5249999761581421,1.3799999952316284
1474,-0.05949997901916504,1.440889596939087,-2.96875,1.0449999570846558
1475,0.5573750734329224,1.1490914821624756,-2.7987499237060547,1.3450000286102295
1476,0.470875084400177,1.2032605409622192,-2.8812499046325684,1.3825000524520874
1477,0.2540000081062317,1.5547982454299927,-2.8975000381469727,1.2599999904632568
1478,0.5286250114440918,0.4968857765197754,-0.4087499976158142,1.2887500524520874
1479,0.42650002241134644,1.2019397020339966,-2.7874999046325684,1.341249942779541
1480,0.4113750457763672,1.2013700008392334,-2.7874999046325684,1.5225000381469727
1481,0.17912498116493225,1.2285380363464355,-2.768749952316284,1.253749966621399
1482,0.5908750295639038,1.1876099109649658,-2.9237499237060547,1.2400000095367432
1483,0.5271250009536743,1.154361605644226,-2.737499952316284,1.252500057220459
1484,0.8473750352859497,0.3578330874443054,0.016249999403953552,1.3174999952316284
1485,0.5475000143051147,1.197475790977478,-2.862499952316284,1.462499976158142
1486,0.22499999403953552,1.5055158138275146,-2.825000047683716,1.2450000047683716
1487,0.12862500548362732,1.5422372817993164,-2.9237499237060547,1.3537499904632568
1488,0.14287500083446503,1.4879047870635986,-2.8499999046325684,1.1050000190734863
1489,0.38512498140335083,1.2085132598876953,-2.880000114440918,1.1875
1490,0.4242499768733978,1.149678349494934,-2.848750114440918,1.243749976158142
1491,0.018250012770295143,1.6611573696136475,-3.7412500381469727,1.309999942779541
1492,0.05787498876452446,1.5392560958862305,-3.0512499809265137,1.2912499904632568
1493,0.5491250157356262,1.2117797136306763,-2.930000066757202,1.443750023841858
1494,-0.009749961085617542,1.4772387742996216,-2.768749952316284,1.100000023841858
1495,0.9154999852180481,0.20962408185005188,0.5299999713897705,1.2887500524520874
1496,-0.04474998638033867,1.514710783958435,-2.9312500953674316,1.2037500143051147
1497,0.40512505173683167,1.207688331604004,-3.1337499618530273,1.0800000429153442
1498,0.20875000953674316,1.5410107374191284,-2.9237499237060547,1.131250023841858
1499,0.4300000071525574,1.1329491138458252,-2.8237500190734863,1.1699999570846558
1500,0.7356249094009399,1.1701053380966187,-2.7437500953674316,1.4574999809265137
1501,0.16062501072883606,1.5587973594665527,-2.9049999713897705,1.3937499523162842
1502,-0.06662499159574509,1.5327751636505127,-2.927500009536743,1.221250057220459
1503,0.24137501418590546,1.1715623140335083,-2.953749895095825,1.09375
1504,0.7943750619888306,0.5209559202194214,-0.23000000417232513,1.3324999809265137
1505,0.26512497663497925,1.6050506830215454,-2.950000047683716,1.2362500429153442
1506,-0.12462500482797623,1.8068678379058838,-3.059999942779541,1.2762500047683716
1507,-0.27687495946884155,1.5565437078475952,-2.934999942779541,1.3837499618530273
1508,0.056000005453825,1.4733481407165527,-2.831249952316284,1.0812499523162842
1509,0.08962498605251312,1.5285381078720093,-2.983750104904175,1.1662499904632568
1510,0.11350002139806747,1.5396008491516113,-2.8812499046325684,1.527500033378601
1511,0.2191249579191208,1.592707633972168,-2.942500114440918,1.3624999523162842
1512,0.6662499904632568,1.261307716369629,-3.1112499237060547,1.2137500047683716
1513,0.28450003266334534,1.5600805282592773,-2.831249952316284,1.3137500286102295
1514,0.5375000238418579,1.222306251525879,-2.7562499046325684,1.440000057220459
1515,0.8232499957084656,0.42434293031692505,-0.29249998927116394,1.318750023841858
1516,-0.0833749920129776,1.8373534679412842,-2.8924999237060547,1.3137500286102295
1517,0.550000011920929,1.225544810295105,-2.9600000381469727,1.2662500143051147
1518,0.590874969959259,1.3471897840499878,-3.3787500858306885,1.3250000476837158
1519,0.5110000371932983,1.192933201789856,-2.8924999237060547,1.527500033378601
1520,-0.17287500202655792,1.4955917596817017,-2.856250047683716,1.2074999809265137
1521,0.09199999272823334,1.5050722360610962,-2.856250047683716,1.1699999570846558
1522,0.22087499499320984,1.6317685842514038,-3.171250104904175,1.243749976158142
1523,-0.03200000524520874,1.4704134464263916,-2.942500114440918,1.2074999809265137
1524,0.44087499380111694,0.7926287651062012,-1.5724999904632568,1.2412500381469727
1525,0.19974999129772186,1.1396781206130981,-2.9000000953674316,1.2725000381469727
1526,0.23887500166893005,1.2262953519821167,-2.841249942779541,1.215000033378601
1527,0.7325000166893005,0.5211543440818787,-0.5149999856948853,1.2975000143051147
1528,0.1459999978542328,1.8888418674468994,-4.28000020980835,1.3450000286102295
1529,-0.06462502479553223,1.7385798692703247,-4.070000171661377,1.1375000476837158
1530,0.19362500309944153,1.5540074110031128,-2.880000114440918,1.4950000047683716
1531,0.09912501275539398,1.5357635021209717,-3.1362500190734863,1.1649999618530273
1532,0.3100000023841858,1.1492724418640137,-2.799999952316284,1.2612500190734863
1533,0.5471250414848328,1.188427448272705,-2.8299999237060547,1.4500000476837158
1534,0.9652498960494995,0.2686673402786255,0.3787499964237213,1.274999976158142
1535,0.5154999494552612,1.1458643674850464,-2.825000047683716,1.375
1536,0.4505000710487366,1.132366418838501,-2.7874999046325684,1.2200000286102295
1537,0.8860000371932983,0.4150179922580719,-0.06624999642372131,1.4587500095367432
1538,0.013750004582107067,1.56540846824646,-2.9100000858306885,1.3200000524520874
1539,0.9465000033378601,0.4732549488544464,-0.4362500011920929,1.2549999952316284
1540,0.3915000259876251,1.2887544631958008,-3.1987500190734863,1.4674999713897705
1541,-0.11250001192092896,1.507150650024414,-2.950000047683716,1.4574999809265137
1542,0.19825001060962677,1.1586506366729736,-2.862499952316284,1.09375
1543,0.42012500762939453,1.2508659362792969,-2.8475000858306885,1.2725000381469727
1544,0.34549999237060547,1.1997884511947632,-2.8787500858306885,1.2337499856948853
1545,-0.2618750035762787,1.7886172533035278,-3.106250047683716,1.527500033378601
1546,0.10262499004602432,1.4853816032409668,-2.848750114440918,1.221250057220459
1547,0.09850000590085983,1.4503496885299683,-2.7799999713897705,1.1887500286102295
1548,0.13100001215934753,1.4964585304260254,-2.84375,1.068750023841858
1549,0.5136250257492065,1.1417521238327026,-2.759999990463257,1.2350000143051147
1550,-0.25099992752075195,1.7223669290542603,-4.052499771118164,1.2887500524520874
1551,0.5144999623298645,1.0900975465774536,-2.700000047683716,1.0437500476837158
1552,0.6647499799728394,1.1637479066848755,-2.78125,1.408750057220459
1553,0.6832500696182251,0.7531094551086426,-0.9300000071525574,1.306249976158142
1554,0.398624986410141,1.2728214263916016,-2.911250114440918,1.372499942779541
1555,0.46699994802474976,1.175176739692688,-2.8375000953674316,1.340000033378601
1556,-0.3386250138282776,1.8351637125015259,-3.109999895095825,1.46875
1557,0.045375026762485504,1.5035470724105835,-2.9124999046325684,1.1649999618530273
1558,0.4505000114440918,1.133325219154358,-2.84375,1.2000000476837158
1559,0.9994999766349792,0.3037305474281311,0.39625000953674316,1.5449999570846558
1560,0.44987496733665466,1.4018887281417847,-3.6262500286102295,1.3825000524520874
1561,0.778249979019165,0.3441643714904785,0.04374999925494194,1.2662500143051147
1562,0.3707500100135803,1.060975432395935,-2.637500047683716,1.3312499523162842
1563,0.9786249399185181,0.23885171115398407,0.6587499976158142,1.4299999475479126
1564,0.34312501549720764,1.1685835123062134,-3.0662500858306885,1.2037500143051147
1565,0.9213749766349792,0.2669248878955841,0.23749999701976776,1.1699999570846558
1566,0.6177500486373901,1.2103760242462158,-2.930000066757202,1.527500033378601
1567,0.6948750019073486,1.1514991521835327,-2.700000047683716,1.2649999856948853
1568,0.20587500929832458,1.5245866775512695,-4.182499885559082,1.1762499809265137
1569,0.8723748922348022,0.34379246830940247,0.3087500035762787,1.277500033378601
1570,0.7726249694824219,0.6281546354293823,-0.6575000286102295,1.2712500095367432
1571,0.07224999368190765,1.55760657787323,-3.043750047683716,1.2412500381469727
1572,0.20537498593330383,1.1935807466506958,-2.768749952316284,1.215000033378601
1573,0.22474996745586395,1.158877968788147,-2.856250047683716,1.1974999904632568
1574,0.15449999272823334,1.5363378524780273,-2.9000000953674316,1.3674999475479126
1575,0.6578750014305115,0.5213006734848022,-0.10000000149011612,1.408750057220459
1576,0.48112502694129944,1.1572916507720947,-2.7562499046325684,1.247499942779541
1577,0.8396250009536743,0.6164368987083435,-0.9350000023841858,1.2725000381469727
1578,0.5492500066757202,1.1451177597045898,-2.8125,1.2300000190734863
1579,0.4547500014305115,1.1929973363876343,-2.893749952316284,1.1174999475479126
1580,0.6864999532699585,0.5285995006561279,-0.6337500214576721,1.3312499523162842
1581,0.24512501060962677,1.1934516429901123,-2.8812499046325684,1.3849999904632568
1582,0.2032499760389328,1.133669137954712,-2.8924999237060547,1.221250057220459
1583,0.8606249690055847,0.5319795608520508,-0.14624999463558197,1.472499966621399
1584,0.4989999830722809,1.1658947467803955,-2.6500000953674316,1.3550000190734863
1585,0.5658749341964722,0.5935681462287903,-0.612500011920929,1.2937500476837158
1586,0.2821250259876251,1.2625912427902222,-3.0062499046325684,1.4049999713897705
1587,-0.6916249394416809,1.8326654434204102,-2.9312500953674316,1.1987500190734863
1588,0.22825002670288086,1.5501899719238281,-2.950000047683716,1.1487499475479126
1589,-0.351874977350235,1.6712532043457031,-2.96875,1.3674999475479126
1590,0.4560000002384186,1.1919671297073364,-2.9412500858306885,1.4487500190734863
1591,0.5878750085830688,1.2429490089416504,-2.8762500286102295,1.4299999475479126
1592,0.11224999278783798,1.5329951047897339,-2.9049999713897705,1.4500000476837158
1593,0.7861249446868896,0.5250557661056519,-0.19249999523162842,1.472499966621399
1594,0.08787502348423004,1.4871271848678589,-2.7874999046325684,1.4637500047683716
1595,0.6498749852180481,0.5866713523864746,-0.6850000023841858,1.283750057220459
1596,0.5236250162124634,1.1944669485092163,-2.9362499713897705,1.3700000047683716
1597,0.6601249575614929,0.5807727575302124,-0.20374999940395355,1.222499966621399
1598,0.15012499690055847,1.3914363384246826,-3.5425000190734863,1.53125
1599,0.3684999942779541,1.4438111782073975,-3.797499895095825,1.3025000095367432
1600,-0.04250001907348633,1.419907569885254,-2.831249952316284,1.253749966621399
1601,0.23362500965595245,1.2056937217712402,-2.8812499046325684,1.4450000524520874
1602,0.8868749737739563,0.38471633195877075,-0.13249999284744263,1.247499942779541
1603,0.34324997663497925,1.1824817657470703,-2.7300000190734863,1.5087499618530273
1604,0.5623749494552612,0.7305899262428284,-1.3799999952316284,1.193750023841858
1605,0.9487500190734863,0.2019018977880478,0.7450000047683716,1.4587500095367432
1606,1.0355000495910645,0.16493485867977142,0.8174999952316284,1.283750057220459
1607,0.32349997758865356,1.13917875289917,-2.836250066757202,1.2424999475479126
1608,0.6045000553131104,1.1483790874481201,-2.7874999046325684,1.2762500047683716
1609,0.2290000468492508,1.2194852828979492,-2.8187499046325684,1.190000057220459
1610,0.7866250276565552,0.3710218369960785,0.10999999940395355,1.1974999904632568
1611,0.3941250443458557,1.2109894752502441,-2.762500047683716,1.3137500286102295
1612,-0.1965000182390213,1.753350019454956,-2.9412500858306885,1.2412500381469727
1613,-0.3181249797344208,1.6487263441085815,-3.0612499713897705,1.159999966621399
1614,0.6233749985694885,0.6567589044570923,-0.9950000047683716,1.1862499713897705
1615,0.7183749079704285,0.4592116177082062,-0.32249999046325684,1.215000033378601
1616,-0.594499945640564,1.8534339666366577,-2.930000066757202,1.381250023841858
1617,0.44050002098083496,1.3380165100097656,-3.362499952316284,1.4175000190734863
1618,0.9738750457763672,0.23700040578842163,0.4749999940395355,1.403749942779541
1619,0.2798749804496765,1.5399197340011597,-2.825000047683716,1.4900000095367432
1620,0.2411249876022339,1.4923070669174194,-2.7300000190734863,1.2174999713897705
1621,0.4697500169277191,1.163696050643921,-2.9287500381469727,1.2400000095367432
1622,0.4686249792575836,1.1982368230819702,-2.942500114440918,1.1799999475479126
1623,0.30662497878074646,1.1576566696166992,-2.8375000953674316,1.0237499475479126
1624,-0.025375012308359146,1.5259042978286743,-3.103749990463257,1.1725000143051147
1625,0.4021250307559967,1.1411868333816528,-2.8187499046325684,1.2737499475479126
1626,-0.22675001621246338,1.7159653902053833,-2.903749942779541,1.0700000524520874
1627,0.7967499494552612,0.6042945981025696,-0.7400000095367432,1.5362499952316284
1628,0.5554999709129333,1.1907936334609985,-2.8125,1.3674999475479126
1629,0.1354999840259552,1.5034663677215576,-2.875,1.4762500524520874
1630,0.5360000133514404,1.1427204608917236,-2.75,1.2587499618530273
1631,0.070250004529953,1.4589331150054932,-2.7674999237060547,1.1262500286102295
1632,0.47049999237060547,1.286923885345459,-3.291249990463257,1.3849999904632568
1633,0.5878750085830688,1.2189847230911255,-2.8375000953674316,1.5125000476837158
1634,0.39524999260902405,1.195313811302185,-2.768749952316284,1.3049999475479126
1635,0.4032500386238098,1.4601644277572632,-3.8399999141693115,1.5175000429153442
1636,0.8458749651908875,0.5418913960456848,-0.6474999785423279,1.3637499809265137
1637,0.13974997401237488,1.5335348844528198,-3.033750057220459,1.2350000143051147
1638,0.6666250228881836,1.1768019199371338,-2.7925000190734863,1.4800000190734863
1639,0.6389999985694885,1.1927433013916016,-2.887500047683716,1.3174999952316284
1640,0.5913749933242798,1.425185203552246,-3.6312499046325684,1.5137499570846558
1641,0.549125075340271,1.165401577949524,-2.8424999713897705,1.4812500476837158
1642,0.768625020980835,0.5635120272636414,-0.6787499785423279,1.462499976158142
1643,0.5913749933242798,0.5787503719329834,-0.6675000190734863,1.2637499570846558
1644,0.7423750162124634,0.6499190926551819,-1.0012500286102295,1.2599999904632568
1645,0.1067500114440918,1.495255708694458,-4.210000038146973,1.0237499475479126
1646,-0.48124995827674866,1.7844020128250122,-4.171249866485596,1.4299999475479126
1647,0.49274998903274536,1.2145843505859375,-3.0425000190734863,1.1862499713897705
1648,0.8786250352859497,0.35670819878578186,-0.02250000089406967,1.462499976158142
1649,0.4776249825954437,1.1507502794265747,-2.8187499046325684,1.2662500143051147
1650,0.37587499618530273,1.0960103273391724,-2.71875,1.0824999809265137
1651,1.0748751163482666,0.2850008010864258,0.39750000834465027,1.4175000190734863
1652,0.7931250333786011,0.4962696135044098,-0.3462499976158142,1.527500033378601
1653,0.9263750314712524,0.4059288799762726,-0.13625000417232513,1.308750033378601
1654,0.924375057220459,0.2750217318534851,0.5674999952316284,1.350000023841858
1655,0.4413750171661377,1.1199636459350586,-2.8187499046325684,1.2024999856948853
1656,0.9566249847412109,0.5126314163208008,-0.2562499940395355,1.4225000143051147
1657,0.9912499189376831,0.35151323676109314,0.4399999976158142,1.5087499618530273
1658,-0.12799999117851257,1.4306960105895996,-2.75,1.1799999475479126
1659,0.1938749998807907,1.536212682723999,-2.867500066757202,1.2662500143051147
1660,0.7231250405311584,0.3345590829849243,0.04874999821186066,1.131250023841858
1661,0.5078750252723694,1.167923092842102,-2.893749952316284,1.3825000524520874
1662,0.5092499852180481,1.1217869520187378,-2.7750000953674316,1.097499966621399
1663,0.052250005304813385,1.4539226293563843,-2.8062500953674316,1.2987500429153442
1664,-0.06624998897314072,1.5788002014160156,-2.9124999046325684,1.3862500190734863
1665,0.9852499961853027,0.27909553050994873,0.4012500047683716,1.2962499856948853
1666,0.516124963760376,1.1565067768096924,-2.9149999618530273,1.2037500143051147
1667,0.08399998396635056,1.5596798658370972,-2.9800000190734863,1.274999976158142
1668,0.4075000286102295,1.1167786121368408,-2.793750047683716,1.1487499475479126
1669,0.0266250129789114,1.566469669342041,-2.9600000381469727,1.3487499952316284
1670,0.5372500419616699,0.8352710604667664,-1.6024999618530273,1.2087500095367432
1671,-0.08424997329711914,1.4683326482772827,-2.9049999713897705,1.277500033378601
1672,0.5057500600814819,1.4063504934310913,-3.541249990463257,1.2999999523162842
1673,0.6342499852180481,1.2169913053512573,-2.9487500190734863,1.3387500047683716
1674,-0.01412497740238905,1.5144933462142944,-2.9574999809265137,1.3037500381469727
1675,0.032125018537044525,1.5243384838104248,-3.052500009536743,1.2625000476837158
1676,0.40149998664855957,1.2056165933609009,-2.711250066757202,1.3550000190734863
1677,0.32224997878074646,1.1690436601638794,-2.9000000953674316,1.3487499952316284
1678,0.47937503457069397,1.181376338005066,-2.78125,1.3550000190734863
1679,0.49162498116493225,1.3522627353668213,-3.4437499046325684,1.409999966621399
1680,0.2837499678134918,1.556421160697937,-3.9987499713897705,1.5
1681,0.8769999742507935,0.32726287841796875,0.004999999888241291,1.128749966621399
1682,0.3621250092983246,1.2446315288543701,-2.711250066757202,1.3200000524520874
1683,0.8346250653266907,0.4969554543495178,-0.38999998569488525,1.412500023841858
1684,0.43337497115135193,1.2097375392913818,-2.836250066757202,1.2725000381469727
1685,0.5995000600814819,1.2642642259597778,-3.1424999237060547,1.2762500047683716
1686,1.053375005722046,0.21549944579601288,0.7987499833106995,1.503749966621399
1687,0.9048749804496765,0.3052332103252411,0.3362500071525574,1.399999976158142
1688,-0.28712496161460876,1.829368233680725,-3.5799999237060547,1.0824999809265137
1689,0.17887501418590546,1.5423046350479126,-2.950000047683716,1.274999976158142
1690,0.6522499918937683,1.174920916557312,-2.737499952316284,1.434999942779541
1691,0.8824999928474426,0.47587451338768005,0.042500000447034836,1.5449999570846558
1692,0.5896250009536743,1.1970641613006592,-2.893749952316284,1.2825000286102295
1693,0.38050001859664917,1.2596429586410522,-2.7437500953674316,1.399999976158142
1694,0.30512499809265137,1.3407862186431885,-3.671250104904175,1.0262500047683716
1695,0.16625003516674042,1.205028772354126,-2.9600000381469727,1.1112500429153442
1696,0.18787498772144318,1.5640302896499634,-2.930000066757202,1.381250023841858
1697,0.715499997138977,0.6681692004203796,-0.9112499952316284,1.5137499570846558
1698,0.4703749716281891,1.114940881729126,-2.762500047683716,1.1762499809265137
1699,0.45887500047683716,1.1465569734573364,-2.856250047683716,1.2612500190734863
1700,0.6557499766349792,1.2228256464004517,-2.825000047683716,1.4812500476837158
1701,0.8213748931884766,0.3003157079219818,0.0062500000931322575,1.1062500476837158
1702,0.26512497663497925,1.189700722694397,-3.043750047683716,1.1712499856948853
1703,0.28337499499320984,1.266143798828125,-2.9312500953674316,1.1475000381469727
1704,0.3630000650882721,1.3485220670700073,-3.319999933242798,1.277500033378601
1705,0.627875030040741,1.1987181901931763,-2.9312500953674316,1.221250057220459
1706,0.7783750295639038,0.5656130909919739,-0.5199999809265137,1.2799999713897705
1707,0.4508749842643738,1.4599164724349976,-3.9175000190734863,1.1012500524520874
1708,0.6372500061988831,1.1963740587234497,-2.9237499237060547,1.2637499570846558
1709,0.8774999380111694,0.22717764973640442,0.3824999928474426,1.1487499475479126
1710,0.08025000989437103,1.2357079982757568,-3.234999895095825,1.3200000524520874
1711,0.6193749308586121,1.1461372375488281,-2.6812500953674316,1.371250033378601
1712,0.40000003576278687,1.1701927185058594,-2.9049999713897705,1.183750033378601
1713,0.4273749887943268,1.5674660205841064,-4.230000019073486,1.3387500047683716
1714,0.04799998924136162,1.424700379371643,-2.8062500953674316,0.9775000214576721
1715,0.3662499785423279,1.1065560579299927,-2.825000047683716,0.9925000071525574
1716,0.578374981880188,1.1389198303222656,-2.768749952316284,1.181249976158142
1717,0.3331250548362732,1.1733967065811157,-2.7799999713897705,1.2037500143051147
1718,0.8676249384880066,0.5732455849647522,-0.5862500071525574,1.4850000143051147
1719,0.3857499957084656,1.2561911344528198,-2.950000047683716,1.2387499809265137
1720,0.6228750348091125,1.192521333694458,-2.856250047683716,1.3574999570846558
1721,0.2587500214576721,1.1284427642822266,-2.643749952316284,1.1924999952316284
1722,0.429874986410141,1.1804825067520142,-3.0512499809265137,1.0487500429153442
1723,0.8519999384880066,0.3871345818042755,-0.021250000223517418,1.4900000095367432
1724,0.5109999775886536,1.2469302415847778,-2.9049999713897705,1.2925000190734863
1725,0.6926249861717224,0.603536069393158,-0.8262500166893005,1.3387500047683716
1726,0.6948749423027039,1.226717233657837,-2.9312500953674316,1.475000023841858
1727,0.9983750581741333,0.18594695627689362,0.7699999809265137,1.4175000190734863
1728,0.8224999308586121,0.5263111591339111,-0.5425000190734863,1.2899999618530273
1729,0.47049999237060547,1.1655298471450806,-2.9049999713897705,1.221250057220459
1730,0.7592499852180481,0.4482424557209015,-0.29875001311302185,1.1449999809265137
1731,1.0028749704360962,0.17849373817443848,0.6762499809265137,1.308750033378601
1732,0.8050000071525574,0.42425596714019775,-0.13875000178813934,1.308750033378601
1733,0.20137500762939453,1.5426267385482788,-2.911250114440918,1.2262500524520874
1734,0.8654999732971191,0.24593327939510345,0.3449999988079071,1.2587499618530273
1735,0.8787499666213989,0.6887366771697998,-1.1575000286102295,1.2987500429153442
1736,0.3083750307559967,1.480993390083313,-4.043749809265137,1.1775000095367432
1737,0.5192500352859497,1.1821600198745728,-2.825000047683716,1.372499942779541
1738,0.62437504529953,1.155906319618225,-2.7874999046325684,1.2987500429153442
1739,0.4152500033378601,1.22735595703125,-3.134999990463257,1.190000057220459
1740,0.5072500109672546,1.1951204538345337,-2.990000009536743,1.2999999523162842
1741,0.6065000295639038,1.13832426071167,-2.75,1.1974999904632568
1742,0.5314999222755432,1.3291932344436646,-3.242500066757202,1.5412499904632568
1743,0.6061249375343323,0.4447142481803894,-0.27000001072883606,1.097499966621399
1744,0.025125015527009964,1.504311203956604,-2.9124999046325684,1.4774999618530273
1745,0.3381250202655792,1.1805130243301392,-2.9237499237060547,1.4587500095367432
1746,0.312125027179718,1.2631587982177734,-2.737499952316284,1.434999942779541
1747,0.784500002861023,1.1890283823013306,-2.7249999046325684,1.527500033378601
1748,0.8352500200271606,0.46581509709358215,-0.12999999523162842,1.3424999713897705
1749,0.3558749854564667,1.2377867698669434,-2.711250066757202,1.4862500429153442
1750,0.9253751039505005,0.34133973717689514,0.2549999952316284,1.368749976158142
1751,0.5554999709129333,1.2209640741348267,-3.101249933242798,1.1124999523162842
1752,0.5734999775886536,1.2624338865280151,-3.067500114440918,1.2962499856948853
1753,-0.0963750034570694,1.5509668588638306,-3.012500047683716,1.2762500047683716
1754,0.6493750214576721,0.5367710590362549,-0.5975000262260437,1.1675000190734863
1755,0.6332499980926514,1.1985527276992798,-2.867500066757202,1.308750033378601
1756,0.1261250078678131,1.451784372329712,-2.75,1.190000057220459
1757,0.3961249887943268,1.2650398015975952,-2.8499999046325684,1.2899999618530273
1758,0.7229999303817749,0.6732252240180969,-0.7799999713897705,1.2575000524520874
1759,0.7197500467300415,0.6270934343338013,-0.78125,1.399999976158142
1760,0.5331249237060547,1.2055338621139526,-2.9124999046325684,1.2799999713897705
1761,0.8161250352859497,0.33765479922294617,0.20000000298023224,1.1387499570846558
1762,0.44737499952316284,1.0976147651672363,-2.700000047683716,1.2887500524520874
1763,0.22950001060962677,1.262839436531067,-3.362499952316284,1.152500033378601
1764,0.5818749666213989,1.2195007801055908,-2.9312500953674316,1.4900000095367432
1765,0.6051249504089355,1.180487036705017,-2.862499952316284,1.2762500047683716
1766,0.5502499938011169,1.157277226448059,-2.825000047683716,1.2899999618530273
1767,0.9440000653266907,0.5657640695571899,-0.6825000047683716,1.3762500286102295
1768,0.351500004529953,1.2235804796218872,-2.862499952316284,1.4249999523162842
1769,0.8737500309944153,0.31530341506004333,0.04374999925494194,1.191249966621399
1770,0.7671249508857727,1.2140151262283325,-2.84375,1.3274999856948853
1771,0.4219999313354492,1.184832215309143,-2.9375,1.221250057220459
1772,0.3333749771118164,1.2023736238479614,-2.6937499046325684,1.253749966621399
1773,0.5901249647140503,1.1692496538162231,-2.8375000953674316,1.3887499570846558
1774,0.938249945640564,0.2540670335292816,0.550000011920929,1.440000057220459
1775,0.8044999837875366,0.46223747730255127,-0.09749999642372131,1.340000033378601
1776,0.4972500801086426,1.3278368711471558,-2.862499952316284,1.527500033378601
1777,0.3323749899864197,1.2523996829986572,-3.077500104904175,1.2274999618530273
1778,0.47087493538856506,1.236262321472168,-2.786250114440918,1.368749976158142
1779,0.10125000774860382,1.6325758695602417,-3.2300000190734863,1.222499966621399
1780,1.0388751029968262,0.31566372513771057,0.1599999964237213,1.2975000143051147
1781,0.8619999885559082,0.3756199777126312,0.2175000011920929,1.4900000095367432
1782,0.6168749928474426,1.1765445470809937,-2.875,1.2899999618530273
1783,0.11075001955032349,1.7373404502868652,-3.8375000953674316,1.1950000524520874
1784,0.9413749575614929,0.2145208716392517,0.6399999856948853,1.2649999856948853
1785,0.6380000114440918,1.1044526100158691,-2.5799999237060547,1.3250000476837158
1786,0.9566249847412109,0.3895578384399414,-0.13375000655651093,1.34375
1787,0.643125057220459,1.2228940725326538,-2.953749895095825,1.5412499904632568
1788,0.640874981880188,0.7125594019889832,-0.8700000047683716,1.346250057220459
1789,0.7260000109672546,0.4668715000152588,-0.0625,1.350000023841858
1790,0.593999981880188,1.1861393451690674,-2.896250009536743,1.3450000286102295
1791,0.5681250095367432,1.1514462232589722,-2.78125,1.3237500190734863
1792,0.6961250305175781,1.1886361837387085,-2.786250114440918,1.3550000190734863
1793,0.6317499279975891,1.2797224521636963,-3.1649999618530273,1.377500057220459
1794,0.5092499852180481,1.1694387197494507,-2.9024999141693115,1.184999942779541
1795,0.13324996829032898,1.190963625907898,-2.942500114440918,1.274999976158142
1796,0.6508749723434448,1.3878514766693115,-3.4600000381469727,1.4900000095367432
1797,0.5256249904632568,1.153040885925293,-2.8924999237060547,1.1987500190734863
1798,0.3648749887943268,1.1637074947357178,-2.7987499237060547,1.2287499904632568
1799,0.9245001077651978,0.30449095368385315,0.45750001072883606,1.527500033378601
1800,0.531624972820282,1.1500709056854248,-2.8924999237060547,1.1775000095367432
1801,0.8153749704360962,0.44094112515449524,-0.07874999940395355,1.5225000381469727
1802,0.7720000147819519,0.29257646203041077,0.17749999463558197,1.0762499570846558
1803,0.6702500581741333,1.2112946510314941,-2.9124999046325684,1.347499966621399
1804,1.0551249980926514,0.2778913080692291,0.38499999046325684,1.4900000095367432
1805,0.7438750267028809,0.280491441488266,0.10999999940395355,1.0262500047683716
1806,0.4377500116825104,1.1863727569580078,-2.961250066757202,1.283750057220459
1807,0.9096250534057617,0.5036178827285767,-0.35374999046325684,1.4462499618530273
1808,0.8776251077651978,0.26091811060905457,0.4625000059604645,1.5137499570846558
1809,0.5852499008178711,1.1762055158615112,-2.9100000858306885,1.1649999618530273
1810,0.10124999284744263,1.4905271530151367,-2.8375000953674316,1.2000000476837158
1811,0.6306249499320984,1.1397744417190552,-2.755000114440918,1.2575000524520874
1812,0.9105000495910645,0.2779574990272522,0.3199999928474426,1.2825000286102295
1813,1.0566250085830688,0.28843438625335693,0.42625001072883606,1.434999942779541
1814,0.6074999570846558,0.5979728698730469,-0.9087499976158142,1.1487499475479126
1815,0.9092499613761902,0.5709838271141052,-0.36625000834465027,1.368749976158142
1816,0.4399999678134918,0.5456289649009705,-0.3062500059604645,1.0700000524520874
1817,1.0237499475479126,0.19978268444538116,0.5737500190734863,1.2074999809265137
1818,0.938249945640564,0.24175025522708893,0.48875001072883606,1.2487499713897705
1819,0.4051249623298645,1.1826708316802979,-2.880000114440918,1.2962499856948853
1820,0.9206249117851257,0.31087541580200195,0.11625000089406967,1.247499942779541
1821,1.0138750076293945,0.26436033844947815,0.5049999952316284,1.4049999713897705
1822,0.9121249318122864,0.30580124258995056,0.3675000071525574,1.4950000047683716
1823,0.4547500014305115,1.1542000770568848,-2.848750114440918,1.274999976158142
1824,0.5866249799728394,1.2474148273468018,-2.8975000381469727,1.3350000381469727
1825,0.7317500114440918,0.631890058517456,-1.028749942779541,1.2662500143051147
1826,0.5136250257492065,1.1963095664978027,-2.942500114440918,1.3300000429153442
1827,0.6551249623298645,1.1789547204971313,-2.856250047683716,1.2725000381469727
1828,0.3371250033378601,1.2253270149230957,-2.893749952316284,1.3274999856948853
1829,-0.26649993658065796,1.6927385330200195,-2.84375,1.2962499856948853
1830,0.26512497663497925,1.175426959991455,-2.762500047683716,1.191249966621399
1831,0.42799997329711914,1.2015527486801147,-2.9800000190734863,1.475000023841858
1832,0.5866249799728394,1.181626558303833,-2.911250114440918,1.3450000286102295
1833,-0.26112502813339233,1.7470366954803467,-3.0625,1.0399999618530273
1834,0.46399998664855957,1.1675987243652344,-2.700000047683716,1.274999976158142
1835,0.9449999928474426,0.29313287138938904,0.3125,1.4175000190734863
1836,-0.2162499874830246,1.7499468326568604,-2.9312500953674316,1.1974999904632568
1837,0.6841249465942383,1.1949026584625244,-2.831249952316284,1.3637499809265137
1838,0.5573750734329224,1.2301461696624756,-2.9649999141693115,1.371250033378601
1839,0.8353750109672546,0.3764837384223938,-0.09624999761581421,1.2362500429153442
1840,0.812749981880188,0.5651417970657349,-0.6949999928474426,1.3450000286102295
1841,0.8283750414848328,0.6120294332504272,-0.7362499833106995,1.503749966621399
1842,0.799000084400177,0.7073110938072205,-0.9037500023841858,1.4500000476837158
1843,0.8520000576972961,0.2962675094604492,0.32624998688697815,1.1712499856948853
1844,-0.0364999882876873,1.7102434635162354,-3.3212499618530273,1.1875
1845,0.8948750495910645,0.1180286556482315,0.6387500166893005,1.0712499618530273
1846,0.6195000410079956,1.1832554340362549,-2.8862500190734863,1.225000023841858
1847,-0.029874999076128006,1.515215277671814,-2.971250057220459,1.4850000143051147
1848,0.9722499847412109,0.14865416288375854,0.7462499737739563,1.309999942779541
1849,0.5961250066757202,1.3922855854034424,-3.490000009536743,1.3487499952316284
1850,0.40525001287460327,1.190877079963684,-2.8862500190734863,1.5225000381469727
1851,0.6313749551773071,0.6699268817901611,-0.8862500190734863,1.2337499856948853
1852,1.0425000190734863,0.2651473581790924,0.6862499713897705,1.5049999952316284
1853,0.1981249898672104,1.5770553350448608,-2.950000047683716,1.4049999713897705
1854,0.36912497878074646,1.629345178604126,-2.911250114440918,1.53125
1855,0.37087497115135193,1.1790657043457031,-2.831249952316284,1.2912499904632568
1856,1.230375051498413,0.19128598272800446,0.9750000238418579,1.5549999475479126
1857,0.7074999809265137,0.6745815873146057,-0.6712499856948853,1.184999942779541
1858,-0.008875030092895031,1.5815186500549316,-3.2537500858306885,1.0987499952316284
1859,0.5673749446868896,1.4937900304794312,-3.8575000762939453,1.4237500429153442
1860,-0.024000024423003197,1.733938217163086,-3.4700000286102295,1.3524999618530273
1861,0.1471250057220459,1.550515055656433,-2.8812499046325684,1.4175000190734863
1862,0.3958750367164612,1.1840568780899048,-2.9312500953674316,1.274999976158142
1863,1.0658750534057617,0.20878072082996368,0.6225000023841858,1.3587499856948853
1864,0.8335000276565552,0.4470880925655365,-0.1287499964237213,1.3849999904632568
1865,0.8318750262260437,0.45522698760032654,-0.48500001430511475,1.1237499713897705
1866,0.8422500491142273,0.46177369356155396,-0.4712499976158142,1.2625000476837158
1867,0.4292500615119934,1.1489449739456177,-2.831249952316284,1.309999942779541
1868,0.5707499980926514,1.144404411315918,-2.84375,1.1349999904632568
1869,0.5586249232292175,1.2281780242919922,-2.961250066757202,1.3674999475479126
1870,0.6654998660087585,1.179287314414978,-2.793750047683716,1.5412499904632568
1871,0.3452500104904175,1.2708923816680908,-2.8187499046325684,1.350000023841858
1872,0.6156250238418579,0.4210512340068817,0.10499999672174454,1.3674999475479126
1873,0.6597499847412109,0.5325665473937988,-0.48750001192092896,1.2662500143051147
1874,0.6142500042915344,1.1005271673202515,-2.606250047683716,1.4450000524520874
1875,0.005750012584030628,1.509738564491272,-2.930000066757202,1.2350000143051147
1876,0.46537500619888306,0.7012290358543396,-0.4637500047683716,1.2050000429153442
1877,0.8374999761581421,0.3627680242061615,-0.06750000268220901,1.1425000429153442
1878,0.2176249921321869,1.2633404731750488,-2.828749895095825,1.316249966621399
1879,0.6356250047683716,1.217820644378662,-2.930000066757202,1.5087499618530273
1880,0.909000039100647,0.6812373399734497,-1.028749942779541,1.34375
1881,0.14174999296665192,1.54088294506073,-3.0012500286102295,1.225000023841858
1882,0.8289999961853027,0.3579494059085846,0.04874999821186066,1.3650000095367432
1883,0.37199997901916504,1.3349593877792358,-3.492500066757202,1.2762500047683716
1884,0.5146249532699585,0.6769351959228516,-0.8974999785423279,1.4824999570846558
1885,0.05824997276067734,1.4943307638168335,-2.9000000953674316,1.4199999570846558
1886,1.1345000267028809,0.167079895734787,0.9112499952316284,1.5075000524520874
1887,0.8833749890327454,0.4572308361530304,-0.2849999964237213,1.4262499809265137
1888,0.9731249809265137,0.4122670590877533,0.10625000298023224,1.5412499904632568
1889,0.6618750691413879,1.1854625940322876,-2.8737499713897705,1.2587499618530273
1890,0.5146250128746033,1.1359697580337524,-2.825000047683716,1.225000023841858
1891,0.6208750009536743,1.150347113609314,-2.7249999046325684,1.371250033378601
1892,0.9998749494552612,0.3504517078399658,0.11500000208616257,1.4387500286102295
1893,1.1568748950958252,0.141185000538826,0.875,1.3487499952316284
1894,0.6705000400543213,0.5280601978302002,-0.36625000834465027,1.277500033378601
1895,0.9784998893737793,0.43223142623901367,-0.17249999940395355,1.2725000381469727
1896,0.6893749833106995,1.2012273073196411,-2.8862500190734863,1.2599999904632568
1897,0.47474998235702515,1.2656457424163818,-2.872499942779541,1.2587499618530273
1898,0.453499972820282,1.1596864461898804,-2.793750047683716,1.2087500095367432
1899,0.5293749570846558,1.1390273571014404,-2.75,1.221250057220459
1900,0.5772501230239868,1.1672661304473877,-2.825000047683716,1.3624999523162842
1901,0.8953750729560852,0.33634617924690247,0.3112500011920929,1.308750033378601
1902,0.9053750038146973,0.24363911151885986,0.5074999928474426,1.221250057220459
1903,0.8806249499320984,0.3655339777469635,-0.11249999701976776,1.2362500429153442
1904,0.8209999799728394,0.4140964448451996,0.14000000059604645,1.3849999904632568
1905,0.84375,0.5436083078384399,-0.6212499737739563,1.341249942779541
1906,0.7435000538825989,0.5853964686393738,-0.6587499976158142,1.4187500476837158
1907,0.956000030040741,0.2901259660720825,0.3787499964237213,1.441249966621399
1908,1.066750168800354,0.39052537083625793,-0.029999999329447746,1.3612500429153442
1909,0.5320000052452087,0.6839972734451294,-0.7962499856948853,1.3975000381469727
1910,0.7281249761581421,0.5330514311790466,-0.22374999523162842,1.4049999713897705
1911,0.5683749914169312,1.2073538303375244,-2.930000066757202,1.2637499570846558
1912,0.7392500042915344,1.2275452613830566,-2.9000000953674316,1.4587500095367432
1913,0.8292499780654907,0.3778591752052307,-0.1837500035762787,1.3112499713897705
1914,0.5979999303817749,1.2233364582061768,-2.9987499713897705,1.503749966621399
1915,1.0147498846054077,0.24289707839488983,0.5712500214576721,1.4249999523162842
1916,0.5346250534057617,1.1992257833480835,-2.8812499046325684,1.3025000095367432
1917,0.3634999394416809,1.263291597366333,-2.8837499618530273,1.274999976158142
1918,0.9851250648498535,0.2294105440378189,0.5375000238418579,1.399999976158142
1919,0.8291250467300415,0.7245171070098877,-0.9862499833106995,1.5
1920,0.8386250734329224,0.5435883402824402,-0.36125001311302185,1.3849999904632568
1921,1.090499997138977,0.27068445086479187,0.6499999761581421,1.5412499904632568
1922,0.6355000138282776,1.1874537467956543,-2.8375000953674316,1.368749976158142
1923,0.9286249876022339,0.36354222893714905,0.0949999988079071,1.408750057220459
1924,0.687125027179718,0.6586254835128784,-0.8987500071525574,1.493749976158142
1925,0.749250054359436,0.3950578272342682,-0.10000000149011612,1.1174999475479126
1926,0.5383750200271606,1.1385890245437622,-2.8475000858306885,1.1675000190734863
1927,0.4153749942779541,0.7887436747550964,-1.2799999713897705,1.284999966621399
1928,0.6316250562667847,1.1788458824157715,-2.8499999046325684,1.4075000286102295
1929,0.4872500002384186,0.6786990761756897,-1.0512499809265137,1.3075000047683716
1930,1.0543749332427979,0.33107790350914,0.1850000023841858,1.3762500286102295
1931,0.8682500123977661,0.2697789669036865,0.4950000047683716,1.215000033378601
1932,-0.046625010669231415,1.6678351163864136,-3.5612499713897705,1.246250033378601
1933,0.7793749570846558,0.3931516408920288,-0.02500000037252903,1.2612500190734863
1934,0.6092499494552612,1.1779178380966187,-2.8762500286102295,1.3137500286102295
1935,0.671500027179718,1.251986026763916,-3.0274999141693115,1.3212499618530273
1936,0.7382500767707825,0.6733598709106445,-0.9887499809265137,1.350000023841858
1937,0.8773750066757202,0.33274731040000916,0.29124999046325684,1.4450000524520874
1938,0.8904999494552612,0.38598623871803284,0.05999999865889549,1.3550000190734863
1939,0.7582499384880066,0.6424849629402161,-0.5024999976158142,1.440000057220459
1940,0.13374999165534973,1.5235234498977661,-2.9312500953674316,1.2987500429153442
1941,0.48137497901916504,1.1512014865875244,-2.8212499618530273,1.341249942779541
1942,0.5571249723434448,1.1675161123275757,-2.8237500190734863,1.2362500429153442
1943,0.6311250329017639,1.1665630340576172,-2.84375,1.2575000524520874
1944,0.48374995589256287,1.2209454774856567,-3.106250047683716,1.181249976158142
1945,0.4922499656677246,1.1708743572235107,-2.84375,1.2062499523162842
1946,0.34712499380111694,1.2797249555587769,-2.927500009536743,1.399999976158142
1947,1.0281250476837158,0.38240817189216614,-0.016249999403953552,1.3350000381469727
1948,0.9652500152587891,0.39177632331848145,0.0949999988079071,1.3937499523162842
1949,0.24524998664855957,1.0541398525238037,-2.768749952316284,1.1399999856948853
1950,0.4738749563694,1.2001605033874512,-2.950000047683716,1.2637499570846558
1951,1.0130000114440918,0.27663731575012207,0.4350000023841858,1.443750023841858
1952,0.7248750329017639,0.5259106159210205,-0.5375000238418579,1.3487499952316284
1953,0.9942499995231628,0.2727586030960083,0.27000001072883606,1.287500023841858
1954,0.2981249988079071,1.6065614223480225,-2.9800000190734863,1.4812500476837158
1955,0.7498749494552612,0.5939990282058716,-0.625,1.2937500476837158
1956,0.5261250138282776,1.1851880550384521,-2.825000047683716,1.527500033378601
1957,0.878125011920929,0.18093614280223846,0.5975000262260437,1.1299999952316284
1958,0.6416250467300415,0.636103093624115,-0.8662499785423279,1.2949999570846558
1959,0.45500001311302185,1.1178842782974243,-2.680000066757202,1.2174999713897705
1960,0.9698750376701355,0.6378896236419678,-0.7637500166893005,1.4537500143051147
1961,0.0743749812245369,1.2012213468551636,-2.828749895095825,1.3937499523162842
1962,0.45012497901916504,1.2431402206420898,-2.961250066757202,1.2737499475479126
1963,0.8833749890327454,0.22682525217533112,0.3987500071525574,1.1487499475479126
1964,0.8201249837875366,0.2767311930656433,0.2800000011920929,1.2625000476837158
1965,0.7384999990463257,0.48887139558792114,-0.5024999976158142,1.159999966621399
1966,0.6197499632835388,1.2008006572723389,-2.8062500953674316,1.441249966621399
1967,0.7310000061988831,0.5381811857223511,-0.2849999964237213,1.3674999475479126
1968,0.749875009059906,0.580342173576355,-0.8424999713897705,1.2999999523162842
1969,0.5531250238418579,1.2718168497085571,-2.737499952316284,1.443750023841858
1970,0.48625001311302185,1.1931782960891724,-2.9124999046325684,1.1512500047683716
1971,0.41662493348121643,1.163680911064148,-2.934999942779541,1.2637499570846558
1972,0.8831249475479126,0.36852672696113586,-0.10999999940395355,1.2762500047683716
1973,0.9943750500679016,0.09001778811216354,0.875,1.131250023841858
1974,0.672124981880188,1.1184356212615967,-2.6362500190734863,1.274999976158142
1975,1.078874945640564,0.22393390536308289,0.6162499785423279,1.3825000524520874
1976,0.9373749494552612,0.2810646593570709,0.41499999165534973,1.316249966621399
1977,0.49812498688697815,1.2168011665344238,-2.875,1.3312499523162842
1978,0.6523750424385071,1.1684343814849854,-2.7799999713897705,1.4862500429153442
1979,0.6733750104904175,1.1813602447509766,-2.825000047683716,1.2487499713897705
1980,0.6548749804496765,1.1763817071914673,-2.8499999046325684,1.2087500095367432
1981,0.8203749656677246,0.38113605976104736,0.10249999910593033,1.403749942779541
1982,0.6766250133514404,0.7033577561378479,-1.0512499809265137,1.2000000476837158
1983,0.9566251039505005,0.20010235905647278,0.53125,1.2287499904632568
1984,0.48262500762939453,1.1988798379898071,-2.825000047683716,1.4587500095367432
1985,0.5806249380111694,1.205168604850769,-2.96875,1.3637499809265137
1986,0.5011249780654907,1.556503415107727,-4.130000114440918,1.4187500476837158
1987,0.3583749830722809,1.2790342569351196,-2.8375000953674316,1.403749942779541
1988,-0.3149999678134918,1.8953458070755005,-3.2462499141693115,1.503749966621399
1989,1.063249945640564,0.2586860954761505,0.7225000262260437,1.5087499618530273
1990,0.3958749771118164,1.1387207508087158,-2.700000047683716,1.318750023841858
1991,1.0619999170303345,0.2624697685241699,0.574999988079071,1.4137500524520874
1992,0.7093749642372131,1.1821322441101074,-2.825000047683716,1.247499942779541
1993,0.625249981880188,1.1209944486618042,-2.6675000190734863,1.1862499713897705
1994,0.1743749976158142,1.5493282079696655,-2.893749952316284,1.278749942779541
1995,0.49799999594688416,1.211608648300171,-2.865000009536743,1.368749976158142
1996,0.9475000500679016,0.5963628888130188,-0.7574999928474426,1.4487500190734863
1997,0.6177499890327454,1.192625880241394,-2.78125,1.3137500286102295
1998,-0.460625022649765,1.3619598150253296,-2.8550000190734863,1.149999976158142
1999,1.0684999227523804,0.31938114762306213,0.26875001192092896,1.4212499856948853
2000,-0.3216250240802765,1.9205338954925537,-3.8237500190734863,1.3112499713897705
2001,0.6546250581741333,0.3874346911907196,0.06624999642372131,1.2174999713897705
2002,0.5699999928474426,1.2044882774353027,-2.961250066757202,1.3700000047683716
2003,0.8381249308586121,0.532545804977417,-0.6512500047683716,1.368749976158142
2004,0.9676250219345093,0.30998411774635315,0.3125,1.2712500095367432
2005,0.34437504410743713,1.5787063837051392,-2.799999952316284,1.4149999618530273
2006,0.6672500371932983,1.157958745956421,-2.7562499046325684,1.403749942779541
2007,0.9213749766349792,0.2730272710323334,0.4950000047683716,1.3337500095367432
2008,0.9957500696182251,0.2294260561466217,0.6212499737739563,1.3174999952316284
2009,0.8276249766349792,0.5011042356491089,-0.5962499976158142,1.2699999809265137
2010,0.7149999737739563,0.5362159013748169,-0.7037500143051147,1.190000057220459
2011,1.0364999771118164,0.1924300193786621,0.6362500190734863,1.309999942779541
2012,0.5212500095367432,1.1739609241485596,-2.7987499237060547,1.3337500095367432
2013,0.2263750284910202,1.212544322013855,-2.773750066757202,1.274999976158142
2014,0.7398750185966492,0.5312421917915344,-0.7162500023841858,1.2262500524520874
2015,0.8377499580383301,0.3608132004737854,0.09000000357627869,1.1649999618530273
2016,0.009624999947845936,1.4798229932785034,-2.831249952316284,1.283750057220459
2017,0.9098749160766602,0.262961745262146,0.45500001311302185,1.3849999904632568
2018,1.1368749141693115,0.2361079454421997,0.6549999713897705,1.4850000143051147
2019,0.8445000648498535,0.5808125138282776,-0.7799999713897705,1.409999966621399
2020,0.8343750238418579,0.2491656243801117,0.41624999046325684,1.253749966621399
2021,0.5264999270439148,1.2411741018295288,-2.9000000953674316,1.3362499475479126
2022,0.9052499532699585,0.6293835639953613,-0.8862500190734863,1.4950000047683716
2023,0.5433749556541443,1.2461334466934204,-2.862499952316284,1.5087499618530273
2024,1.022749900817871,0.2414356768131256,0.5537499785423279,1.368749976158142
2025,1.0421249866485596,0.17198117077350616,0.7487499713897705,1.283750057220459
2026,0.5291250348091125,1.2554537057876587,-3.1862499713897705,1.2512500286102295
2027,0.8161250352859497,0.6095501184463501,-0.59375,1.1962499618530273
2028,0.7803749442100525,0.46100059151649475,-0.39125001430511475,1.2737499475479126
2029,0.148624986410141,1.38550865650177,-3.71875,1.3174999952316284
2030,0.9907500147819519,0.20206992328166962,0.6412500143051147,1.277500033378601
2031,1.0708749294281006,0.2531125247478485,0.6600000262260437,1.4912500381469727
2032,0.8515000343322754,0.41298332810401917,-0.19625000655651093,1.3049999475479126
2033,0.9307498931884766,0.2090134471654892,0.518750011920929,1.222499966621399
2034,1.017875075340271,0.20090346038341522,0.6237499713897705,1.2949999570846558
2035,0.8328749537467957,0.2204732447862625,0.4387499988079071,1.3212499618530273
2036,1.044874906539917,0.1815742403268814,0.6587499976158142,1.3862500190734863
2037,0.9083749651908875,0.40303346514701843,-0.021250000223517418,1.2337499856948853
2038,0.7116249203681946,1.1747039556503296,-2.768749952316284,1.3312499523162842
2039,0.875374972820282,0.532492995262146,-0.2762500047683716,1.5499999523162842
2040,0.7082499861717224,0.5169236660003662,-0.41999998688697815,1.2074999809265137
2041,0.7821249961853027,0.21151834726333618,0.35499998927116394,1.1662499904632568
2042,0.9038749933242798,0.29445207118988037,0.2849999964237213,1.215000033378601
2043,0.7996249794960022,0.5559887290000916,-0.6012499928474426,1.3362499475479126
2044,1.0540000200271606,0.12923309206962585,0.7749999761581421,1.2625000476837158
2045,1.071000099182129,0.22861799597740173,0.5450000166893005,1.4450000524520874
2046,0.38625001907348633,1.248039722442627,-2.997499942779541,1.2362500429153442
2047,0.8243749737739563,0.4492327570915222,-0.2800000011920929,1.5137499570846558
2048,0.4571250379085541,1.1003258228302002,-2.7249999046325684,1.2899999618530273
2049,0.812125027179718,0.3202992081642151,-0.04374999925494194,1.149999976158142
2050,0.8977500200271606,0.33366143703460693,-0.0037499999161809683,1.2400000095367432
2051,0.9905000925064087,0.2320130616426468,0.581250011920929,1.3125
2052,0.580875039100647,1.1544245481491089,-2.831249952316284,1.3637499809265137
2053,0.46700000762939453,1.1412972211837769,-2.84375,1.2912499904632568
2054,0.6252500414848328,1.1866902112960815,-2.8975000381469727,1.3200000524520874
2055,0.6314999461174011,1.1774638891220093,-2.817500114440918,1.4162499904632568
2056,1.0045000314712524,0.2889237701892853,0.4937500059604645,1.3987499475479126
2057,0.9863750338554382,0.35188841819763184,0.375,1.440000057220459
2058,0.7135000228881836,1.2175629138946533,-2.9000000953674316,1.3825000524520874
2059,0.8535000085830688,0.5586758255958557,-0.7549999952316284,1.2037500143051147
2060,0.7130000591278076,1.1264711618423462,-2.6312499046325684,1.4774999618530273
2061,0.9713749885559082,0.15331080555915833,0.6050000190734863,1.1074999570846558
2062,0.5433749556541443,0.6529875993728638,-0.8812500238418579,1.462499976158142
2063,0.17637501657009125,1.585617184638977,-3.009999990463257,1.190000057220459
2064,0.6677500009536743,0.4163426160812378,-0.3112500011920929,1.2037500143051147
2065,0.8374999761581421,0.4370497763156891,-0.32624998688697815,1.2450000047683716
2066,0.876875102519989,0.517096221446991,-0.2787500023841858,1.277500033378601
2067,0.06612499058246613,1.589402675628662,-2.856250047683716,1.28125
2068,0.9879999160766602,0.3252201974391937,0.4087499976158142,1.3962500095367432
2069,0.6831250190734863,1.2240532636642456,-2.8062500953674316,1.503749966621399
2070,1.0756250619888306,0.2678457200527191,0.38499999046325684,1.3849999904632568
2071,0.4232500195503235,1.1269646883010864,-2.7874999046325684,1.2262500524520874
2072,0.581250011920929,1.1775181293487549,-2.9124999046325684,1.3312499523162842
2073,0.9793750643730164,0.30488327145576477,0.18125000596046448,1.1887500286102295
2074,0.49149996042251587,1.11454176902771,-2.7300000190734863,1.1887500286102295
2075,0.6768749356269836,1.19679594039917,-2.8737499713897705,1.3837499618530273
2076,0.6483750343322754,1.154637098312378,-2.799999952316284,1.2000000476837158
2077,0.9878749847412109,0.2222520112991333,0.6399999856948853,1.2949999570846558
2078,1.0509999990463257,0.3064243495464325,0.53125,1.475000023841858
2079,0.0650000125169754,1.5795612335205078,-2.9749999046325684,1.3262499570846558
2080,0.7382500171661377,0.6855930685997009,-0.8987500071525574,1.340000033378601
2081,0.7482500076293945,0.6111173629760742,-0.7825000286102295,1.3274999856948853
2082,0.4964999556541443,1.1845711469650269,-2.75,1.4900000095367432
2083,0.38087499141693115,1.0829474925994873,-2.6737499237060547,1.0987499952316284
2084,0.46437501907348633,1.1654748916625977,-2.8112499713897705,1.2050000429153442
2085,0.8568750619888306,0.23233412206172943,0.46875,1.3849999904632568
2086,0.8776249885559082,0.4511635899543762,-0.33500000834465027,1.3862500190734863
2087,0.30525001883506775,1.0964467525482178,-2.8299999237060547,1.1074999570846558
2088,1.0748751163482666,0.2026253044605255,0.6037499904632568,1.308750033378601
2089,0.8060000538825989,0.4565826952457428,-0.2800000011920929,1.1737500429153442
2090,0.7808749675750732,0.5697576403617859,-0.8824999928474426,1.153749942779541
2091,0.9828749895095825,0.5090497136116028,-0.32499998807907104,1.4987499713897705
2092,0.6832500100135803,0.5870054364204407,-0.9487500190734863,1.1174999475479126
2093,0.8292499780654907,0.49951547384262085,-0.5049999952316284,1.340000033378601
2094,0.7475000619888306,0.6173699498176575,-1.027500033378601,1.222499966621399
2095,0.3935000002384186,1.1067041158676147,-2.8299999237060547,1.0774999856948853
2096,0.5691249370574951,1.1610468626022339,-2.799999952316284,1.3849999904632568
2097,0.9786249995231628,0.31262820959091187,0.16625000536441803,1.2762500047683716
2098,0.8341249227523804,0.3627839684486389,-0.012500000186264515,1.1762499809265137
2099,0.7616249918937683,0.6511077284812927,-1.0499999523162842,1.4249999523162842
2100,0.875749945640564,0.6347455978393555,-0.824999988079071,1.503749966621399
2101,0.3581250309944153,1.175248384475708,-2.700000047683716,1.1124999523162842
2102,0.7423750162124634,0.7250972986221313,-0.987500011920929,1.4225000143051147
2103,0.6653749942779541,1.1926462650299072,-2.8375000953674316,1.4874999523162842
2104,0.9123749732971191,0.2865334153175354,0.3487499952316284,1.3899999856948853
2105,0.13575002551078796,1.6525298357009888,-3.297499895095825,1.5087499618530273
2106,0.6493750214576721,1.183409333229065,-2.831249952316284,1.4249999523162842
2107,1.028249979019165,0.29574015736579895,0.5400000214576721,1.5137499570846558
2108,0.476375013589859,1.1908637285232544,-2.822499990463257,1.3650000095367432
2109,1.033250093460083,0.2784023582935333,0.4950000047683716,1.493749976158142
2110,0.2893750071525574,1.2311716079711914,-2.7987499237060547,1.2312500476837158
2111,0.9816250801086426,0.3001098930835724,0.13875000178813934,1.2762500047683716
2112,0.916624903678894,0.2124522179365158,0.4712499976158142,1.2112499475479126
2113,0.9543749690055847,0.35940542817115784,0.17499999701976776,1.2887500524520874
2114,-0.2627499997615814,1.7616199254989624,-2.942500114440918,1.2400000095367432
2115,1.0530000925064087,0.16822528839111328,0.7599999904632568,1.3312499523162842
2116,0.4622499942779541,1.2733927965164185,-2.8499999046325684,1.3587499856948853
2117,0.9312499761581421,0.3282405734062195,0.5,1.4762500524520874
2118,0.6598750352859497,0.6455848813056946,-0.6474999785423279,1.3637499809265137
2119,0.5131250023841858,1.1968586444854736,-2.9487500190734863,1.2937500476837158
2120,1.0714999437332153,0.25264278054237366,0.5824999809265137,1.3587499856948853
2121,0.8597500920295715,0.42804670333862305,-0.23999999463558197,1.3224999904632568
2122,1.1388750076293945,0.2033880650997162,0.7450000047683716,1.4987499713897705
2123,0.700374960899353,0.5449263453483582,-0.375,1.1799999475479126
2124,0.37999996542930603,1.1873418092727661,-2.862499952316284,1.2112499475479126
2125,0.518750011920929,1.1150132417678833,-2.71875,1.2174999713897705
2126,0.3127499520778656,1.528156042098999,-2.768749952316284,1.462499976158142
2127,0.6464999318122864,1.1923106908798218,-2.84375,1.5499999523162842
2128,0.8854999542236328,0.5068139433860779,-0.35374999046325684,1.381250023841858
2129,0.5658749938011169,1.3546656370162964,-3.336250066757202,1.4387500286102295
2130,0.6069999933242798,1.2229135036468506,-2.898750066757202,1.3562500476837158
2131,0.46574991941452026,1.147632360458374,-2.7874999046325684,1.2362500429153442
2132,0.9287499189376831,0.14035667479038239,0.581250011920929,1.0862499475479126
2133,0.6859999895095825,0.5874422788619995,-0.5600000023841858,1.2975000143051147
2134,0.18524996936321259,1.5923001766204834,-3.130000114440918,1.2949999570846558
2135,0.7198749780654907,1.2909191846847534,-3.1075000762939453,1.5
2136,0.34312498569488525,1.2278691530227661,-2.90625,1.2287499904632568
2137,0.9139999151229858,0.33215057849884033,0.04749999940395355,1.3450000286102295
2138,0.9206249117851257,0.28984546661376953,0.3725000023841858,1.1712499856948853
2139,0.9763749241828918,0.23832650482654572,0.5012500286102295,1.3224999904632568
2140,0.9513750076293945,0.22282731533050537,0.39625000953674316,1.1787500381469727
2141,0.7042499780654907,0.4582231938838959,-0.36375001072883606,1.131250023841858
2142,0.2516250014305115,1.5318230390548706,-2.8112499713897705,1.4900000095367432
2143,0.809374988079071,0.6283453702926636,-0.5149999856948853,1.4762500524520874
2144,-0.5547499656677246,1.9515092372894287,-3.1075000762939453,1.3587499856948853
2145,0.6193749904632568,1.1483738422393799,-2.778749942779541,1.375
2146,0.8447500467300415,0.2707898020744324,0.48124998807907104,1.193750023841858
2147,0.8576250076293945,0.36941400170326233,0.07000000029802322,1.190000057220459
2148,0.21812501549720764,1.5827776193618774,-3.0399999618530273,1.215000033378601
2149,0.4047500193119049,1.1333825588226318,-2.7300000190734863,1.1487499475479126
2150,0.4206250309944153,1.2735533714294434,-3.1812500953674316,1.2362500429153442
2151,0.21399998664855957,1.5564907789230347,-2.9237499237060547,1.2587499618530273
2152,1.0173749923706055,0.18028922379016876,0.7462499737739563,1.318750023841858
2153,0.9047499895095825,0.3356480896472931,0.18250000476837158,1.308750033378601
2154,0.3237500786781311,1.7633155584335327,-3.6187500953674316,1.5549999475479126
2155,0.6947499513626099,0.5057497024536133,-0.4387499988079071,1.1662499904632568
2156,0.9146249890327454,0.4959290623664856,-0.5562499761581421,1.2287499904632568
2157,0.9092499613761902,0.36043646931648254,0.18000000715255737,1.2625000476837158
2158,1.0959999561309814,0.19448955357074738,0.7850000262260437,1.4487500190734863
2159,0.5682500600814819,1.2383731603622437,-3.115000009536743,1.221250057220459
2160,0.6377499103546143,0.6873949766159058,-1.212499976158142,1.3825000524520874
2161,0.8333749771118164,0.2693452835083008,0.4387499988079071,1.2237499952316284
2162,0.5740000009536743,1.1893812417984009,-2.8375000953674316,1.433750033378601
2163,0.768250048160553,0.5956703424453735,-0.5899999737739563,1.2424999475479126
2164,0.3397499918937683,1.222641110420227,-2.9800000190734863,1.222499966621399
2165,0.9826250076293945,0.2570241093635559,0.48500001430511475,1.2962499856948853
2166,1.0246250629425049,0.24314159154891968,0.5849999785423279,1.3700000047683716
2167,0.7896250486373901,0.32631322741508484,-0.054999999701976776,1.0800000429153442
2168,0.8857499957084656,0.26833876967430115,0.4137499928474426,1.371250033378601
2169,0.403624951839447,1.3898591995239258,-3.632499933242798,1.2400000095367432
2170,0.9077499508857727,0.4040849208831787,0.1899999976158142,1.534999966621399
2171,0.8963750004768372,0.4020344614982605,0.20250000059604645,1.3975000381469727
2172,0.02212502434849739,1.595189094543457,-2.994999885559082,1.527500033378601
2173,0.6722500324249268,1.194288730621338,-2.862499952316284,1.3862500190734863
2174,0.9314999580383301,0.3025458753108978,0.42124998569488525,1.3137500286102295
2175,1.0756250619888306,0.16731543838977814,0.8949999809265137,1.377500057220459
2176,1.1533749103546143,0.1631956547498703,0.9150000214576721,1.434999942779541
2177,0.9399998784065247,0.29716789722442627,0.11749999970197678,1.2200000286102295
2178,0.7946250438690186,0.5809168815612793,-0.8675000071525574,1.2587499618530273
2179,1.1419999599456787,0.22450725734233856,0.7875000238418579,1.568750023841858
2180,0.6273750066757202,0.7483816742897034,-1.003749966621399,1.2762500047683716
2181,1.0407500267028809,0.13785883784294128,0.8037499785423279,1.316249966621399
2182,0.5572499632835388,1.2322453260421753,-2.8187499046325684,1.4800000190734863
2183,0.5288749933242798,1.2547600269317627,-3.122499942779541,1.4812500476837158
2184,0.9586250185966492,0.3897693157196045,0.061250001192092896,1.493749976158142
2185,0.1407499760389328,1.5054032802581787,-2.9000000953674316,1.193750023841858
2186,0.7233749628067017,1.2558077573776245,-2.9674999713897705,1.441249966621399
2187,1.0852500200271606,0.3847510516643524,0.11124999821186066,1.5137499570846558
2188,1.062749981880188,0.2364647090435028,0.6050000190734863,1.399999976158142
2189,1.0343749523162842,0.234639510512352,0.6949999928474426,1.4275000095367432
2190,0.8771249651908875,0.377710223197937,0.1850000023841858,1.5549999475479126
2191,0.5755000114440918,1.2217159271240234,-2.825000047683716,1.4912500381469727
2192,0.7262500524520874,0.5309163331985474,-0.39125001430511475,1.1362500190734863
2193,0.6818750500679016,0.27632761001586914,0.2212499976158142,1.0412499904632568
2194,0.8823750615119934,0.2951802611351013,0.11749999970197678,1.2412500381469727
2195,0.7433750033378601,0.46541449427604675,-0.5737500190734863,1.066249966621399
2196,0.30662500858306885,1.5831866264343262,-2.856250047683716,1.5549999475479126
2197,1.125249981880188,0.2453586757183075,0.49000000953674316,1.346250057220459
2198,0.8991249203681946,0.501047670841217,-0.3487499952316284,1.4762500524520874
2199,1.0519999265670776,0.17684225738048553,0.8212500214576721,1.4187500476837158
2200,0.9081249237060547,0.45494481921195984,-0.16875000298023224,1.4487500190734863
2201,0.6733750104904175,0.5994254946708679,-0.9712499976158142,1.1162500381469727
2202,0.6828750371932983,1.1724251508712769,-2.799999952316284,1.2887500524520874
2203,0.7336249947547913,0.47475501894950867,-0.39250001311302185,1.2450000047683716
2204,0.8786249160766602,0.22366930544376373,0.5924999713897705,1.2024999856948853
2205,1.0570000410079956,0.2735525667667389,0.35874998569488525,1.34375
2206,0.4610000252723694,1.1601409912109375,-2.893749952316284,1.2262500524520874
2207,0.5718749761581421,1.2049570083618164,-2.848750114440918,1.4049999713897705
2208,0.5850000381469727,1.1437700986862183,-2.7487499713897705,1.2949999570846558
2209,1.034749984741211,0.20793616771697998,0.7099999785423279,1.3650000095367432
2210,0.9369999766349792,0.3095501661300659,0.30375000834465027,1.3574999570846558
2211,0.42600002884864807,1.1990869045257568,-2.9000000953674316,1.4487500190734863
2212,0.8375000953674316,0.4412387013435364,-0.2762500047683716,1.2575000524520874
2213,0.9677499532699585,0.3134315311908722,0.2574999928474426,1.3262499570846558
2214,0.9399999380111694,0.3927622437477112,0.02500000037252903,1.4537500143051147
2215,1.090749979019165,0.2780328392982483,0.612500011920929,1.4850000143051147
2216,0.40675002336502075,1.105994701385498,-2.737499952316284,1.1487499475479126
2217,0.30799999833106995,1.1602511405944824,-2.875,1.0950000286102295
2218,1.0638750791549683,0.29301688075065613,0.28999999165534973,1.4299999475479126
2219,0.9113749265670776,0.4971064627170563,-0.38874998688697815,1.5549999475479126
2220,0.8009999394416809,0.27474579215049744,0.0949999988079071,1.0950000286102295
2221,0.5720000267028809,1.220391035079956,-2.8187499046325684,1.346250057220459
2222,0.8761250376701355,0.3038911521434784,0.1599999964237213,1.3337500095367432
2223,0.9950000047683716,0.1812526136636734,0.6349999904632568,1.252500057220459
2224,0.9551250338554382,0.3150617182254791,0.19750000536441803,1.252500057220459
2225,0.9543749094009399,0.20696258544921875,0.6200000047683716,1.3312499523162842
2226,0.8539999723434448,0.35599809885025024,0.012500000186264515,1.215000033378601
2227,0.5676249265670776,1.1828393936157227,-2.911250114440918,1.28125
2228,0.9053750038146973,0.23610515892505646,0.5562499761581421,1.2200000286102295
2229,0.7563750147819519,0.607305645942688,-0.7437499761581421,1.277500033378601
2230,0.5973749756813049,1.2539658546447754,-2.950000047683716,1.503749966621399
2231,0.9856249690055847,0.3080712556838989,0.5,1.4862500429153442
2232,1.0458749532699585,0.19089676439762115,0.6762499809265137,1.3574999570846558
2233,0.8373750448226929,0.5831499695777893,-0.5737500190734863,1.5362499952316284
2234,0.2679999768733978,1.5534205436706543,-2.7750000953674316,1.412500023841858
2235,0.5616249442100525,1.1411532163619995,-2.7987499237060547,1.2725000381469727
2236,0.9922499656677246,0.14751780033111572,0.768750011920929,1.2037500143051147
2237,0.7717499732971191,0.47790008783340454,-0.3687500059604645,1.3174999952316284
2238,0.8079999685287476,0.31619077920913696,0.24500000476837158,1.2662500143051147
2239,0.8162500262260437,0.3424329459667206,-0.11500000208616257,1.1987500190734863
2240,0.7978750467300415,0.6585462689399719,-1.09375,1.2074999809265137
2241,0.5523749589920044,0.9219416975975037,-0.8824999928474426,1.4550000429153442
2242,0.8572500348091125,0.495278924703598,-0.061250001192092896,1.4800000190734863
2243,0.5193749666213989,1.2212677001953125,-2.911250114440918,1.350000023841858
2244,1.1177499294281006,0.17116403579711914,0.8737499713897705,1.4537500143051147
2245,0.6047500371932983,1.2041490077972412,-2.9124999046325684,1.412500023841858
2246,0.5078750252723694,1.1974414587020874,-2.8862500190734863,1.2450000047683716
2247,1.0040000677108765,0.32146579027175903,0.3050000071525574,1.4537500143051147
2248,0.09387500584125519,1.526194453239441,-2.887500047683716,1.4225000143051147
2249,0.953125,0.38427743315696716,0.07249999791383743,1.4212499856948853
2250,0.366875022649765,1.1851458549499512,-2.762500047683716,1.3125
2251,1.0920000076293945,0.14586831629276276,0.9449999928474426,1.4812500476837158
2252,0.9647499918937683,0.2882559597492218,0.45875000953674316,1.440000057220459
2253,1.0378749370574951,0.15486189723014832,0.6949999928474426,1.2725000381469727
2254,0.7237499952316284,0.4668729305267334,-0.4637500047683716,1.1675000190734863
2255,0.8316249847412109,0.32635343074798584,0.0949999988079071,1.2200000286102295
2256,0.4959999620914459,1.1151708364486694,-2.7249999046325684,1.2949999570846558
2257,0.4882499575614929,1.1665722131729126,-2.908750057220459,1.225000023841858
2258,0.8006250262260437,0.4568425416946411,-0.25,1.3174999952316284
2259,1.0997499227523804,0.1740858107805252,0.8500000238418579,1.368749976158142
2260,0.6273750066757202,1.161576747894287,-2.762500047683716,1.53125
2261,0.9647501111030579,0.3029283285140991,0.16374999284744263,1.2625000476837158
2262,0.5787500143051147,1.131678819656372,-2.7874999046325684,1.1825000047683716
2263,1.0453749895095825,0.4593123495578766,-0.07625000178813934,1.5
2264,0.9570000767707825,0.2624399960041046,0.5049999952316284,1.2625000476837158
2265,1.0602500438690186,0.23170888423919678,0.7149999737739563,1.4850000143051147
2266,0.9915000200271606,0.13320307433605194,0.800000011920929,1.2762500047683716
2267,0.9582500457763672,0.3718565106391907,-0.04374999925494194,1.216249942779541
2268,1.0485000610351562,0.1697174459695816,0.8349999785423279,1.371250033378601
2269,0.621999979019165,0.6768920421600342,-0.8349999785423279,1.2037500143051147
2270,0.9206250309944153,0.2627969980239868,0.2524999976158142,1.2450000047683716
2271,0.7535000443458557,0.3425965905189514,2.220446049250313e-16,1.2024999856948853
2272,0.5668749809265137,0.6664113402366638,-0.6862499713897705,1.2649999856948853
2273,0.9472500085830688,0.5075273513793945,-0.38874998688697815,1.368749976158142
2274,0.6172499656677246,1.2064404487609863,-2.958750009536743,1.4850000143051147
2275,0.3396250009536743,1.2950502634048462,-3.2149999141693115,1.3987499475479126
2276,1.0269999504089355,0.17576546967029572,0.7674999833106995,1.2912499904632568
2277,0.859749972820282,0.4285829961299896,-0.29499998688697815,1.2037500143051147
2278,0.7342499494552612,0.7215834856033325,-1.3662500381469727,1.2400000095367432
2279,0.78187495470047,0.45940592885017395,-0.36375001072883606,1.1512500047683716
2280,1.0521249771118164,0.24942876398563385,0.5987499952316284,1.4175000190734863
2281,0.5270000696182251,1.1200209856033325,-2.793750047683716,1.1349999904632568
2282,1.0273749828338623,0.11541426926851273,0.887499988079071,1.2512500286102295
2283,0.9245001077651978,0.3280644714832306,0.41624999046325684,1.3125
2284,0.7851250171661377,0.3719082772731781,-0.1875,1.183750033378601
2285,0.8552500009536743,0.4842945337295532,-0.4449999928474426,1.3537499904632568
2286,0.9783749580383301,0.2792316973209381,0.22624999284744263,1.222499966621399
2287,0.9898749589920044,0.21931102871894836,0.5375000238418579,1.3274999856948853
2288,0.777999997138977,0.5945447683334351,-0.42375001311302185,1.434999942779541
2289,0.7080000042915344,1.1778098344802856,-2.7699999809265137,1.440000057220459
2290,1.0288751125335693,0.2343391329050064,0.7149999737739563,1.4850000143051147
2291,0.9808750152587891,0.14695879817008972,0.8037499785423279,1.2387499809265137
2292,1.0115000009536743,0.2004111409187317,0.6324999928474426,1.243749976158142
2293,0.9807500839233398,0.24173277616500854,0.33500000834465027,1.2324999570846558
2294,-0.12562498450279236,1.487784743309021,-2.799999952316284,1.25
2295,0.7994999885559082,0.4923785626888275,-0.33000001311302185,1.2887500524520874
2296,0.8316249847412109,0.2794000804424286,0.5,1.3037500381469727
2297,1.0001250505447388,0.1712704747915268,0.7325000166893005,1.368749976158142
2298,0.9455000162124634,0.4702759087085724,-0.17249999940395355,1.377500057220459
2299,0.38825005292892456,1.182693600654602,-2.7987499237060547,1.1712499856948853
2300,0.8451250195503235,0.5083332061767578,-0.1537500023841858,1.5412499904632568
2301,1.0464999675750732,0.17543944716453552,0.6012499928474426,1.3450000286102295
2302,0.8271249532699585,0.2957099676132202,0.2862499952316284,1.347499966621399
2303,0.8971249461174011,0.4024584889411926,-0.05624999850988388,1.375
2304,0.9717500805854797,0.28535735607147217,0.14749999344348907,1.2400000095367432
2305,1.1167500019073486,0.18666580319404602,0.8237500190734863,1.4225000143051147
2306,0.7327500581741333,1.2336336374282837,-2.8924999237060547,1.5137499570846558
2307,0.1836250126361847,1.4800151586532593,-2.8087499141693115,1.2887500524520874
2308,0.23637500405311584,1.5638750791549683,-2.9312500953674316,1.3624999523162842
2309,0.737500011920929,0.5404847264289856,-0.8450000286102295,1.1675000190734863
2310,0.9232500195503235,0.29311591386795044,0.14124999940395355,1.1349999904632568
2311,1.0358749628067017,0.25754857063293457,0.4650000035762787,1.3987499475479126
2312,0.8687499761581421,0.4224814772605896,-0.29124999046325684,1.3324999809265137
2313,0.5601249933242798,1.1589758396148682,-2.875,1.1462500095367432
2314,0.6581250429153442,1.174304485321045,-2.8125,1.4299999475479126
2315,0.8834999799728394,0.3733835220336914,-0.1274999976158142,1.277500033378601
2316,1.0747499465942383,0.5311831831932068,-0.29875001311302185,1.5549999475479126
2317,0.9325000047683716,0.3055497109889984,0.29875001311302185,1.4075000286102295
2318,1.0283750295639038,0.1915161907672882,0.6725000143051147,1.3450000286102295
2319,0.9857500195503235,0.2617591917514801,0.5975000262260437,1.350000023841858
2320,1.0417499542236328,0.2520641088485718,0.6600000262260437,1.4487500190734863
2321,0.7549999952316284,0.5134838223457336,-0.5699999928474426,1.4187500476837158
2322,1.085999846458435,0.2764958441257477,0.6150000095367432,1.5087499618530273
2323,0.668624997138977,0.599711000919342,-0.5012500286102295,1.308750033378601
2324,1.1196249723434448,0.09815811365842819,0.9237499833106995,1.2799999713897705
2325,0.8185000419616699,0.2703445553779602,0.33000001311302185,1.1924999952316284
2326,0.9066250920295715,0.3400147259235382,-0.09000000357627869,1.1575000286102295
2327,0.8961251378059387,0.3791649639606476,0.1850000023841858,1.3250000476837158
2328,0.7801250219345093,0.47266221046447754,-0.3725000023841858,1.2999999523162842
2329,0.9543750882148743,0.1725708395242691,0.6587499976158142,1.243749976158142
2330,0.9003750681877136,0.4027774930000305,0.35249999165534973,1.4862500429153442
2331,0.7392499446868896,0.5243186354637146,-0.7512500286102295,1.1299999952316284
2332,0.4101250171661377,1.1283396482467651,-2.7799999713897705,1.191249966621399
2333,1.022125005722046,0.25949591398239136,0.6412500143051147,1.4199999570846558
2334,1.0329999923706055,0.22775478661060333,0.6312500238418579,1.3537499904632568
2335,0.7542499303817749,0.49810993671417236,-0.4112499952316284,1.350000023841858
2336,0.7310000061988831,0.4734596312046051,-0.4637500047683716,1.274999976158142
2337,1.0181249380111694,0.18949292600154877,0.6650000214576721,1.3674999475479126
2338,0.6039999723434448,1.2266892194747925,-2.9237499237060547,1.3137500286102295
2339,0.9375,0.2758010923862457,0.26374998688697815,1.3887499570846558
2340,0.8845000267028809,0.4064411520957947,0.03750000149011612,1.3287500143051147
2341,1.0541249513626099,0.25120025873184204,0.4762499928474426,1.3600000143051147
2342,0.9631250500679016,0.40338385105133057,-0.20999999344348907,1.256250023841858
2343,0.9752500653266907,0.17331311106681824,0.7450000047683716,1.3262499570846558
2344,0.8659999966621399,0.527036190032959,-0.6449999809265137,1.2575000524520874
2345,1.0537500381469727,0.15653572976589203,0.831250011920929,1.3550000190734863
2346,0.9761250615119934,0.17826983332633972,0.5762500166893005,1.2324999570846558
2347,0.3958749771118164,1.2316714525222778,-2.7125000953674316,1.2412500381469727
2348,0.9906250238418579,0.32205891609191895,0.14875000715255737,1.375
2349,0.9264999628067017,0.5765359401702881,-0.5787500143051147,1.412500023841858
2350,0.8985000848770142,0.3754430115222931,0.18250000476837158,1.3125
2351,0.9786251187324524,0.415785551071167,-0.13375000655651093,1.4537500143051147
2352,0.7746250033378601,0.4538942873477936,-0.20499999821186066,1.1787500381469727
2353,0.8862500190734863,0.5570948123931885,-0.7337499856948853,1.284999966621399
2354,0.9946249127388,0.14172713458538055,0.824999988079071,1.3212499618530273
2355,0.9062501192092896,0.31804579496383667,0.3462499976158142,1.53125
2356,0.530500054359436,1.142984390258789,-2.884999990463257,1.0700000524520874
2357,1.0521249771118164,0.22038817405700684,0.5787500143051147,1.4587500095367432
2358,0.10950000584125519,1.5715526342391968,-2.862499952316284,1.4774999618530273
2359,0.8221250772476196,0.28431883454322815,0.19625000655651093,1.2174999713897705
2360,0.8563749194145203,0.35715386271476746,-0.0062500000931322575,1.3887499570846558
2361,0.9968749284744263,0.11401515454053879,0.7412499785423279,1.1425000429153442
2362,0.6268749237060547,1.1436960697174072,-2.75,1.3550000190734863
2363,0.9122499227523804,0.4526742994785309,-0.21375000476837158,1.340000033378601
2364,0.8848749995231628,0.35599130392074585,0.14374999701976776,1.3362499475479126
2365,0.9801250696182251,0.13573692739009857,0.6762499809265137,1.184999942779541
2366,0.9332499504089355,0.33416229486465454,0.21375000476837158,1.4850000143051147
2367,1.031749963760376,0.27313241362571716,0.45249998569488525,1.4950000047683716
2368,0.528124988079071,1.2340024709701538,-2.96875,1.3350000381469727
2369,1.0705000162124634,0.1821247786283493,0.7149999737739563,1.3324999809265137
2370,0.8335000276565552,0.35232478380203247,0.08375000208616257,1.2362500429153442
2371,0.7611250281333923,0.7416340708732605,-1.375,1.3574999570846558
2372,0.9151248931884766,0.2320435345172882,0.29124999046325684,1.1549999713897705
2373,0.9826250076293945,0.2325029969215393,0.5649999976158142,1.277500033378601
2374,0.893500030040741,0.4696198105812073,-0.13124999403953552,1.408750057220459
2375,0.6801250576972961,1.1723289489746094,-2.759999990463257,1.4762500524520874
2376,0.9807499647140503,0.29592978954315186,0.35624998807907104,1.503749966621399
2377,1.1662499904632568,0.15150493383407593,0.9587500095367432,1.4987499713897705
2378,0.7698749899864197,0.3484862446784973,-0.10750000178813934,1.153749942779541
2379,1.0808749198913574,0.19380727410316467,0.8487499952316284,1.472499966621399
2380,0.9777500033378601,0.271479070186615,0.23874999582767487,1.1862499713897705
2381,1.0676249265670776,0.4298827648162842,-0.08624999970197678,1.5262500047683716
2382,1.0099999904632568,0.12756985425949097,0.8349999785423279,1.1950000524520874
2383,0.9661250114440918,0.3409469723701477,0.20000000298023224,1.527500033378601
2384,0.8830000162124634,0.16530956327915192,0.5149999856948853,1.152500033378601
2385,0.8803750276565552,0.4336491525173187,-0.02500000037252903,1.3075000047683716
2386,1.0966249704360962,0.1455034762620926,0.8612499833106995,1.3049999475479126
2387,1.0679999589920044,0.2733302712440491,0.4637500047683716,1.375
2388,1.1272499561309814,0.16925090551376343,0.800000011920929,1.3624999523162842
2389,1.0671250820159912,0.20404353737831116,0.731249988079071,1.375
2390,1.0566251277923584,0.23945514857769012,0.5987499952316284,1.4800000190734863
2391,0.8983750343322754,0.36996328830718994,0.03375000134110451,1.2200000286102295
2392,0.8242500424385071,0.29093340039253235,0.2212499976158142,1.0800000429153442
2393,0.28962498903274536,1.5861546993255615,-2.916249990463257,1.2912499904632568
2394,0.9613749384880066,0.32990360260009766,0.125,1.4225000143051147
2395,1.0889999866485596,0.18375663459300995,0.8224999904632568,1.4225000143051147
2396,0.21312499046325684,1.5238139629364014,-2.825000047683716,1.2450000047683716
2397,0.6295000314712524,1.1903873682022095,-2.84375,1.503749966621399
2398,0.983625054359436,0.28056105971336365,0.581250011920929,1.4637500047683716
2399,0.5922499895095825,0.8851076364517212,-1.2975000143051147,1.284999966621399
2400,0.6139999628067017,1.5282554626464844,-3.952500104904175,1.2762500047683716
2401,0.9833749532699585,0.171572744846344,0.49000000953674316,1.127500057220459
2402,0.5482500195503235,1.1770389080047607,-2.961250066757202,1.1150000095367432
2403,0.7178749442100525,0.3857658803462982,0.07124999910593033,1.399999976158142
2404,1.140625,0.1323162019252777,0.9912499785423279,1.4850000143051147
2405,0.7269999980926514,1.1869492530822754,-2.8187499046325684,1.283750057220459
2406,0.8243749737739563,0.7639511823654175,-1.087499976158142,1.5225000381469727
2407,0.9435000419616699,0.2152954339981079,0.4399999976158142,1.162500023841858
2408,0.9363750219345093,0.3656002879142761,0.026249999180436134,1.2000000476837158
2409,0.8773749470710754,0.314170777797699,0.11625000089406967,1.2262500524520874
2410,1.0383751392364502,0.14902395009994507,0.6412500143051147,1.2174999713897705
2411,1.0770000219345093,0.1833816021680832,0.6274999976158142,1.2662500143051147
2412,0.8966249227523804,0.2954990863800049,0.3087500035762787,1.243749976158142
2413,0.5257499814033508,1.1484626531600952,-2.848750114440918,1.1775000095367432
2414,0.9436249732971191,0.26430657505989075,0.4950000047683716,1.3912500143051147
2415,0.9635000228881836,0.2835097014904022,0.27250000834465027,1.277500033378601
2416,0.6988750696182251,1.1812546253204346,-2.825000047683716,1.2549999952316284
2417,0.9647499918937683,0.2849307954311371,0.32374998927116394,1.3550000190734863
2418,1.076124906539917,0.144820436835289,0.7487499713897705,1.3300000429153442
2419,0.9907500147819519,0.32397446036338806,0.18000000715255737,1.434999942779541
2420,0.8162500262260437,0.5493438839912415,-0.6537500023841858,1.4850000143051147
2421,0.9318749308586121,0.34381192922592163,0.23499999940395355,1.399999976158142
2422,1.0099999904632568,0.25803282856941223,0.4350000023841858,1.3049999475479126
2423,0.9741249084472656,0.37369775772094727,0.09125000238418579,1.316249966621399
2424,0.8652499914169312,0.3355521857738495,0.20999999344348907,1.3700000047683716
2425,1.0824999809265137,0.3610237240791321,0.3725000023841858,1.5362499952316284
2426,1.0699999332427979,0.2561646103858948,0.675000011920929,1.4299999475479126
2427,1.0730000734329224,0.14107756316661835,0.8125,1.2725000381469727
2428,0.89000004529953,0.5775855183601379,-0.7699999809265137,1.381250023841858
2429,0.3973750174045563,1.2538038492202759,-2.84375,1.3825000524520874
2430,0.5737500786781311,1.1371256113052368,-2.825000047683716,1.1150000095367432
2431,0.8947499990463257,0.33907032012939453,0.07500000298023224,1.2174999713897705
2432,0.37587499618530273,1.1354124546051025,-2.7874999046325684,1.184999942779541
2433,0.6053749322891235,1.169568419456482,-2.856250047683716,1.2737499475479126
2434,0.8990000486373901,0.3289262056350708,0.17249999940395355,1.2962499856948853
2435,0.5588750243186951,1.213581919670105,-2.953749895095825,1.4812500476837158
2436,1.0108749866485596,0.19233845174312592,0.6600000262260437,1.247499942779541
2437,1.0563750267028809,0.25021892786026,0.6862499713897705,1.4850000143051147
2438,0.5164999961853027,1.3171157836914062,-2.887500047683716,1.3387500047683716
2439,0.9945000410079956,0.3442011773586273,0.14749999344348907,1.4800000190734863
2440,1.0058748722076416,0.16430921852588654,0.6737499833106995,1.2350000143051147
2441,0.955375075340271,0.16792115569114685,0.6225000023841858,1.153749942779541
2442,1.0889999866485596,0.2451484203338623,0.7162500023841858,1.5
2443,1.0129998922348022,0.16740873456001282,0.6962500214576721,1.222499966621399
2444,1.0767500400543213,0.10198529809713364,0.8799999952316284,1.2050000429153442
2445,0.8631250262260437,0.4724220335483551,-0.4350000023841858,1.2450000047683716
2446,0.8537500500679016,0.2890944480895996,0.3149999976158142,1.2324999570846558
2447,1.0442500114440918,0.18083244562149048,0.6262500286102295,1.306249976158142
2448,0.9869999885559082,0.1171126663684845,0.7325000166893005,1.2000000476837158
2449,0.9459999799728394,0.2547417879104614,0.45875000953674316,1.2037500143051147
2450,0.8828750848770142,0.3469911217689514,0.12125000357627869,1.4862500429153442
2451,1.0678751468658447,0.10668741166591644,0.8799999952316284,1.2649999856948853
2452,1.030250072479248,0.19701425731182098,0.6962500214576721,1.3362499475479126
2453,1.124500036239624,0.24926529824733734,0.5375000238418579,1.4487500190734863
2454,0.9578749537467957,0.31193700432777405,0.3112500011920929,1.3350000381469727
2455,0.9030000567436218,0.18184316158294678,0.5674999952316284,1.1387499570846558
2456,1.073875069618225,0.26160529255867004,0.4650000035762787,1.5175000429153442
2457,0.8976249694824219,0.5870339870452881,-0.7637500166893005,1.3799999952316284
2458,0.9853750467300415,0.6538367867469788,-0.9524999856948853,1.315000057220459
2459,1.0881249904632568,0.09614646434783936,0.9662500023841858,1.2725000381469727
2460,0.87562495470047,0.5074483156204224,-0.3100000023841858,1.53125
2461,0.9471249580383301,0.17664764821529388,0.6612499952316284,1.1862499713897705
2462,0.862625002861023,0.508577823638916,-0.5337499976158142,1.28125
2463,0.9797500371932983,0.37523066997528076,-0.0012499999720603228,1.4537500143051147
2464,1.0703750848770142,0.323138952255249,0.3787499964237213,1.4900000095367432
2465,0.8471250534057617,0.5412771701812744,-0.6100000143051147,1.3624999523162842
2466,1.0185000896453857,0.26490965485572815,0.44999998807907104,1.4175000190734863
2467,0.9447500109672546,0.27190864086151123,0.4950000047683716,1.4537500143051147
2468,1.0267499685287476,0.2538233697414398,0.6524999737739563,1.5362499952316284
2469,0.5442500114440918,1.1613916158676147,-2.893749952316284,1.2599999904632568
2470,0.6255000233650208,1.184078574180603,-2.867500066757202,1.434999942779541
2471,1.002750039100647,0.23248374462127686,0.48124998807907104,1.3125
2472,0.560374915599823,1.178303837776184,-2.96875,1.1062500476837158
2473,0.9651250839233398,0.2365734875202179,0.5262500047683716,1.2799999713897705
2474,1.0116249322891235,0.25360220670700073,0.5012500286102295,1.5499999523162842
2475,0.9451249837875366,0.4200685918331146,-0.04625000059604645,1.462499976158142
2476,0.8702500462532043,0.2669198215007782,0.23749999701976776,1.216249942779541
2477,0.8853750228881836,0.17734591662883759,0.6225000023841858,1.149999976158142
2478,0.5142500400543213,1.1862014532089233,-2.875,1.34375
2479,1.016124963760376,0.26411673426628113,0.4000000059604645,1.502500057220459
2480,0.9023750424385071,0.45219650864601135,-0.29249998927116394,1.316249966621399
2481,0.9967500567436218,0.23949502408504486,0.4925000071525574,1.4800000190734863
2482,0.9813749194145203,0.1549399495124817,0.6100000143051147,1.159999966621399
2483,0.9561249613761902,0.23422975838184357,0.44999998807907104,1.2274999618530273
2484,0.9798749685287476,0.24787122011184692,0.5325000286102295,1.3624999523162842
2485,1.1107499599456787,0.15830565989017487,0.9112499952316284,1.347499966621399
2486,0.824874997138977,0.25062263011932373,0.33000001311302185,1.149999976158142
2487,1.1342499256134033,0.1633298248052597,0.9087499976158142,1.4812500476837158
2488,1.0260001420974731,0.21103748679161072,0.6012499928474426,1.308750033378601
2489,1.0291249752044678,0.18099381029605865,0.7137500047683716,1.2999999523162842
2490,1.093250036239624,0.15890562534332275,0.8025000095367432,1.3350000381469727
2491,1.0476250648498535,0.3037090599536896,0.2549999952316284,1.4950000047683716
2492,1.0794999599456787,0.1797986775636673,0.7674999833106995,1.3762500286102295
2493,0.6938749551773071,0.45815780758857727,-0.5400000214576721,1.1612499952316284
2494,0.8407500386238098,0.6005159616470337,-0.3725000023841858,1.4299999475479126
2495,0.9278749227523804,0.3841744661331177,0.027499999850988388,1.3862500190734863
2496,0.9148750305175781,0.4154525101184845,0.10999999940395355,1.4900000095367432
2497,0.893750011920929,0.21178483963012695,0.5149999856948853,1.2450000047683716
2498,0.8926249742507935,0.21251650154590607,0.42875000834465027,1.2649999856948853
2499,1.065250039100647,0.31053975224494934,0.45875000953674316,1.440000057220459
2500,0.6234999895095825,1.181925654411316,-2.867500066757202,1.2362500429153442
2501,0.7127499580383301,0.549144983291626,-0.38374999165534973,1.2949999570846558
2502,0.9658750295639038,0.24698500335216522,0.5249999761581421,1.3524999618530273
2503,0.659000039100647,1.2183643579483032,-2.9649999141693115,1.2762500047683716
2504,1.041374921798706,0.30913612246513367,0.20125000178813934,1.3200000524520874
2505,0.9870001077651978,0.37540820240974426,0.07374999672174454,1.4225000143051147
2506,0.38737499713897705,1.3629976511001587,-2.6624999046325684,1.5412499904632568
2507,0.10375000536441803,1.5416107177734375,-2.9124999046325684,1.2899999618530273
2508,0.9016249775886536,0.4399702250957489,-0.24500000476837158,1.4900000095367432
2509,1.049875020980835,0.1922900229692459,0.7850000262260437,1.3212499618530273
2510,1.0097500085830688,0.24092388153076172,0.5799999833106995,1.28125
2511,0.6827499866485596,1.1804825067520142,-2.8062500953674316,1.3987499475479126
2512,0.5563750267028809,1.4220843315124512,-3.6987500190734863,1.183750033378601
2513,0.5260000228881836,1.191163182258606,-2.9124999046325684,1.253749966621399
2514,0.7649999856948853,0.6814510822296143,-1.0762499570846558,1.2949999570846558
2515,0.5210000276565552,1.2268213033676147,-2.893749952316284,1.5412499904632568
2516,0.46424999833106995,1.1109038591384888,-2.7874999046325684,1.1799999475479126
2517,0.9306249618530273,0.3687903583049774,0.2874999940395355,1.5087499618530273
2518,0.7941250205039978,0.45048239827156067,-0.11500000208616257,1.4887499809265137
2519,1.0013749599456787,0.32276707887649536,0.41999998688697815,1.5137499570846558
2520,0.8997500538825989,0.4514399766921997,-0.33125001192092896,1.2975000143051147
2521,0.9287499189376831,0.4315129518508911,-0.11999999731779099,1.3362499475479126
2522,0.807249903678894,0.5810046792030334,-0.7524999976158142,1.3324999809265137
2523,0.6547499895095825,1.190431833267212,-2.836250066757202,1.5087499618530273
2524,0.6603749990463257,0.6905179023742676,-0.6312500238418579,1.434999942779541
2525,0.5699999928474426,1.1797125339508057,-2.9124999046325684,1.2487499713897705
2526,0.8983749151229858,0.2090163230895996,0.39250001311302185,1.131250023841858
2527,0.8752500414848328,0.48863130807876587,-0.08500000089406967,1.3324999809265137
2528,1.0304999351501465,0.2513384222984314,0.5625,1.503749966621399
2529,0.5391250848770142,0.6815453767776489,-1.0325000286102295,1.09375
2530,0.8811249732971191,0.36670422554016113,0.16249999403953552,1.3212499618530273
2531,0.5895000100135803,1.209030032157898,-2.8812499046325684,1.2975000143051147
2532,0.6982499957084656,1.2623257637023926,-2.9700000286102295,1.5125000476837158
2533,0.7680000066757202,0.6662953495979309,-1.1299999952316284,1.2087500095367432
2534,0.9122500419616699,0.3048769235610962,0.2150000035762787,1.3312499523162842
2535,0.5332499742507935,1.2434452772140503,-2.930000066757202,1.472499966621399
2536,0.8790000081062317,0.47840484976768494,-0.36000001430511475,1.3312499523162842
2537,1.0737498998641968,0.22916971147060394,0.6337500214576721,1.4075000286102295
2538,0.9886249303817749,0.21114158630371094,0.6775000095367432,1.4187500476837158
2539,0.46037501096725464,1.1418155431747437,-2.7362499237060547,1.3762500286102295
2540,0.9860000610351562,0.12096332013607025,0.7925000190734863,1.190000057220459
2541,0.8783750534057617,0.307211309671402,0.17125000059604645,1.2999999523162842
2542,0.9917499423027039,0.23202791810035706,0.42750000953674316,1.3200000524520874
2543,0.9678750038146973,0.32049232721328735,0.39625000953674316,1.2712500095367432
2544,0.937125027179718,0.20692014694213867,0.5062500238418579,1.3312499523162842
2545,1.0160000324249268,0.286788672208786,0.4424999952316284,1.350000023841858
2546,1.0095000267028809,0.3546513319015503,0.10875000059604645,1.3762500286102295
2547,0.5826250314712524,1.1837856769561768,-2.75,1.431249976158142
2548,0.9642499685287476,0.3871620297431946,-0.11249999701976776,1.2899999618530273
2549,0.8631250262260437,0.4026801586151123,-0.08874999731779099,1.3262499570846558
2550,0.8571249842643738,0.4244842529296875,-0.2512499988079071,1.190000057220459
2551,1.141124963760376,0.19775494933128357,0.8199999928474426,1.4537500143051147
2552,0.8479999303817749,0.5994625687599182,-0.925000011920929,1.247499942779541
2553,1.0185000896453857,0.34691715240478516,0.04374999925494194,1.4075000286102295
2554,0.9012500643730164,0.27371746301651,0.27000001072883606,1.2649999856948853
2555,0.9867500066757202,0.1815895140171051,0.7149999737739563,1.283750057220459
2556,1.1015000343322754,0.24080517888069153,0.5887500047683716,1.4850000143051147
2557,0.983375072479248,0.18176399171352386,0.6037499904632568,1.2050000429153442
2558,0.4899999499320984,1.302037000656128,-2.9912500381469727,1.5087499618530273
2559,1.047124981880188,0.18247948586940765,0.6000000238418579,1.2799999713897705
2560,0.30037498474121094,1.1836355924606323,-2.880000114440918,1.368749976158142
2561,1.1508749723434448,0.11393263190984726,0.8974999785423279,1.2675000429153442
2562,0.6836249828338623,1.1600751876831055,-2.7437500953674316,1.316249966621399
2563,0.9961250424385071,0.20225560665130615,0.7475000023841858,1.3912500143051147
2564,0.9456250071525574,0.38529056310653687,-0.12999999523162842,1.3137500286102295
2565,0.9083749651908875,0.18892379105091095,0.6537500023841858,1.1887500286102295
2566,0.187624990940094,1.5492628812789917,-2.9075000286102295,1.3762500286102295
2567,0.6178749799728394,1.126956582069397,-2.6600000858306885,1.3450000286102295
2568,0.9897500276565552,0.3890584707260132,0.1837500035762787,1.4850000143051147
2569,0.4482499957084656,1.1643956899642944,-2.930000066757202,1.184999942779541
2570,1.03125,0.3121262788772583,0.4449999928474426,1.4075000286102295
2571,1.0327500104904175,0.2091902643442154,0.6387500166893005,1.3387500047683716
2572,0.7022500038146973,0.4235242009162903,0.17000000178813934,1.462499976158142
2573,1.1231249570846558,0.18544898927211761,0.6462500095367432,1.3762500286102295
2574,0.9592499732971191,0.32291409373283386,0.15000000596046448,1.3975000381469727
2575,0.637499988079071,1.1521281003952026,-2.7750000953674316,1.350000023841858
2576,1.0547499656677246,0.29592165350914,0.27125000953674316,1.3912500143051147
2577,0.7763749361038208,0.4986226260662079,-0.4137499928474426,1.46875
2578,0.8986250162124634,0.23078498244285583,0.5487499833106995,1.308750033378601
2579,0.8712500333786011,0.32239678502082825,0.08624999970197678,1.2649999856948853
2580,0.7894999384880066,0.5614418387413025,-0.6712499856948853,1.277500033378601
2581,1.0022499561309814,0.22112905979156494,0.6700000166893005,1.2975000143051147
2582,0.9136250615119934,0.23624366521835327,0.3787499964237213,1.28125
2583,0.9267500042915344,0.21697798371315002,0.6349999904632568,1.4137500524520874
2584,1.2108749151229858,0.13126195967197418,0.8799999952316284,1.4199999570846558
2585,0.8165000081062317,0.4369381368160248,0.06624999642372131,1.4075000286102295
2586,0.8447500467300415,0.31211215257644653,0.3774999976158142,1.243749976158142
2587,0.8361250162124634,0.5197296738624573,-0.5325000286102295,1.3650000095367432
2588,0.9723750352859497,0.3126032054424286,0.48750001192092896,1.5087499618530273
2589,0.999625027179718,0.3553656041622162,0.16625000536441803,1.4500000476837158
2590,0.5996249914169312,1.112791895866394,-2.700000047683716,1.2450000047683716
2591,0.8980000615119934,0.41722530126571655,0.01875000074505806,1.2937500476837158
2592,0.637499988079071,1.1982080936431885,-2.875,1.4674999713897705
2593,0.9668749570846558,0.2890724539756775,0.4350000023841858,1.3487499952316284
2594,1.1096251010894775,0.31654828786849976,0.28999999165534973,1.403749942779541
2595,0.9696249961853027,0.3161413073539734,0.38499999046325684,1.252500057220459
2596,0.9212498664855957,0.28806954622268677,0.21250000596046448,1.2087500095367432
2597,1.0296250581741333,0.23916786909103394,0.6524999737739563,1.5225000381469727
2598,1.0566251277923584,0.08693039417266846,0.9350000023841858,1.2412500381469727
2599,0.39250001311302185,1.1851098537445068,-2.950000047683716,1.308750033378601
2600,0.8791249990463257,0.3407978117465973,0.08749999850988388,1.162500023841858
2601,0.762874960899353,0.5852886438369751,-0.9437500238418579,1.1074999570846558
2602,1.0969998836517334,0.2513216435909271,0.44624999165534973,1.4275000095367432
2603,1.0315001010894775,0.44261500239372253,-0.17749999463558197,1.3624999523162842
2604,0.546625018119812,1.109474778175354,-2.75,1.0750000476837158
2605,0.19299998879432678,1.1919105052947998,-3.009999990463257,1.1399999856948853
2606,0.8628749847412109,0.39685916900634766,-0.19499999284744263,1.3125
2607,0.8646249771118164,0.6095887422561646,-0.9287499785423279,1.246250033378601
2608,1.024749994277954,0.2845032811164856,0.6387500166893005,1.503749966621399
2609,0.4443749785423279,1.3481251001358032,-3.5199999809265137,1.131250023841858
2610,0.844124972820282,0.27829617261886597,0.4099999964237213,1.308750033378601
2611,0.5367499589920044,1.0965476036071777,-2.700000047683716,1.1687500476837158
2612,0.29600000381469727,1.6691595315933228,-3.3475000858306885,1.465000033378601
2613,0.9321250915527344,0.26658788323402405,0.6412500143051147,1.4812500476837158
2614,0.8834999799728394,0.35244494676589966,0.25874999165534973,1.308750033378601
2615,0.547249972820282,1.2270698547363281,-2.9124999046325684,1.4049999713897705
2616,1.0393750667572021,0.15031035244464874,0.7962499856948853,1.274999976158142
2617,0.5228750109672546,1.1794732809066772,-2.8550000190734863,1.3450000286102295
2618,1.0378749370574951,0.25184449553489685,0.5099999904632568,1.368749976158142
2619,0.2743750214576721,1.5611704587936401,-2.8187499046325684,1.4574999809265137
2620,0.9768749475479126,0.34593454003334045,0.2549999952316284,1.381250023841858
2621,0.8449999690055847,0.36994466185569763,0.012500000186264515,1.3174999952316284
2622,0.828374981880188,0.45376551151275635,0.06624999642372131,1.4299999475479126
2623,0.6782499551773071,0.6540606617927551,-0.7149999737739563,1.2037500143051147
2624,1.0958750247955322,0.2723153531551361,0.4050000011920929,1.3387500047683716
2625,1.0057499408721924,0.2735303044319153,0.28125,1.2450000047683716
2626,0.9516249895095825,0.21806180477142334,0.6899999976158142,1.399999976158142
2627,0.6372499465942383,1.1792738437652588,-2.8062500953674316,1.3624999523162842
2628,-0.07987497746944427,1.545114517211914,-2.9312500953674316,1.2625000476837158
2629,0.9441250562667847,0.16462747752666473,0.6612499952316284,1.190000057220459
2630,0.7078749537467957,1.1712244749069214,-2.7674999237060547,1.368749976158142
2631,0.8876249194145203,0.24269092082977295,0.4025000035762787,1.2762500047683716
2632,0.7024999856948853,1.214459776878357,-2.893749952316284,1.3899999856948853
2633,0.5246250033378601,1.1410390138626099,-2.674999952316284,1.2937500476837158
2634,0.9772499203681946,0.2726145386695862,0.1850000023841858,1.1349999904632568
2635,0.8286250233650208,0.6968247890472412,-1.0149999856948853,1.3350000381469727
2636,0.9477499127388,0.2558397948741913,0.36125001311302185,1.2400000095367432
2637,1.0593750476837158,0.17981435358524323,0.6775000095367432,1.2999999523162842
2638,1.0520000457763672,0.24853521585464478,0.6487500071525574,1.4137500524520874
2639,0.5963749885559082,1.211852788925171,-2.96875,1.2599999904632568
2640,1.1482499837875366,0.1691247671842575,0.8737499713897705,1.462499976158142
2641,0.6800000071525574,0.732812225818634,-0.8700000047683716,1.2862499952316284
2642,0.8521249890327454,0.29105252027511597,0.24500000476837158,1.3624999523162842
2643,1.0087499618530273,0.2759324908256531,0.3512499928474426,1.2949999570846558
2644,1.0541250705718994,0.23073391616344452,0.7325000166893005,1.4450000524520874
2645,0.5423749685287476,1.1630960702896118,-2.893749952316284,1.283750057220459
2646,1.0526249408721924,0.16908341646194458,0.6775000095367432,1.2587499618530273
2647,1.084999918937683,0.22523805499076843,0.7200000286102295,1.3624999523162842
2648,0.8574999570846558,0.3228670358657837,0.35499998927116394,1.3862500190734863
2649,1.0373749732971191,0.3117603361606598,0.53125,1.5399999618530273
2650,0.5287500023841858,1.1515604257583618,-2.637500047683716,1.503749966621399
2651,0.28600001335144043,1.1361159086227417,-2.7874999046325684,1.191249966621399
2652,0.8342499732971191,0.4217075705528259,-0.021250000223517418,1.3825000524520874
2653,0.21937501430511475,1.5352178812026978,-2.836250066757202,1.1862499713897705
2654,1.1265000104904175,0.13972944021224976,0.9112499952316284,1.3487499952316284
2655,0.7611249685287476,0.5914794206619263,-0.4300000071525574,1.4262499809265137
2656,0.09037499129772186,1.590904712677002,-2.9725000858306885,1.222499966621399
2657,0.8567500114440918,0.4061189293861389,0.027499999850988388,1.381250023841858
2658,0.5831249356269836,1.1798831224441528,-2.867500066757202,1.440000057220459
2659,0.20750001072883606,1.5239051580429077,-2.8237500190734863,1.2799999713897705
2660,1.0868749618530273,0.2537698447704315,0.5612499713897705,1.4987499713897705
2661,0.9521249532699585,0.533535361289978,-0.4412499964237213,1.5262500047683716
2662,0.6107500195503235,1.189200758934021,-2.893749952316284,1.3212499618530273
2663,1.0548750162124634,0.23643739521503448,0.48875001072883606,1.308750033378601
2664,0.6106249690055847,1.1619758605957031,-2.8037500381469727,1.3762500286102295
2665,0.9101249575614929,0.3122316002845764,0.2762500047683716,1.2637499570846558
2666,0.5407499670982361,1.1706210374832153,-2.930000066757202,1.3949999809265137
2667,1.0541249513626099,0.17646977305412292,0.7574999928474426,1.3387500047683716
2668,0.621999979019165,1.1438103914260864,-2.786250114440918,1.28125
2669,0.9276250004768372,0.3682485520839691,0.011250000447034836,1.3250000476837158
2670,1.010124921798706,0.2058112472295761,0.7137500047683716,1.318750023841858
2671,1.1062500476837158,0.08070779591798782,0.9300000071525574,1.2174999713897705
2672,1.021125078201294,0.3753300607204437,-0.0062500000931322575,1.3450000286102295
2673,1.0398750305175781,0.22542628645896912,0.6899999976158142,1.4075000286102295
2674,1.0567500591278076,0.1703224927186966,0.7487499713897705,1.2662500143051147
2675,1.0606248378753662,0.20085306465625763,0.6399999856948853,1.2949999570846558
2676,1.0483750104904175,0.3889734148979187,0.01875000074505806,1.4249999523162842
2677,0.9767500162124634,0.18080133199691772,0.5862500071525574,1.2699999809265137
2678,0.5558749437332153,1.186807632446289,-2.8187499046325684,1.3600000143051147
2679,0.6888750195503235,0.5275419354438782,-0.4424999952316284,1.2400000095367432
2680,0.5304999947547913,1.1445143222808838,-2.8187499046325684,1.2062499523162842
2681,1.0018749237060547,0.2176409363746643,0.5674999952316284,1.2912499904632568
2682,0.9941250085830688,0.3215971291065216,0.2537499964237213,1.5137499570846558
2683,1.158250093460083,0.18177872896194458,0.8924999833106995,1.4812500476837158
2684,0.8807500600814819,0.4062150716781616,-0.24250000715255737,1.2174999713897705
2685,0.9681249856948853,0.2500988841056824,0.36125001311302185,1.277500033378601
2686,0.8196250200271606,0.6579516530036926,-0.9762499928474426,1.316249966621399
2687,0.8327500224113464,0.3401225805282593,0.16750000417232513,1.4674999713897705
2688,0.718250036239624,1.2298424243927002,-2.836250066757202,1.3324999809265137
2689,0.356749951839447,0.7187389135360718,-1.0700000524520874,1.0762499570846558
2690,0.5997499227523804,1.1656494140625,-2.793750047683716,1.3312499523162842
2691,0.5077500343322754,1.1763043403625488,-2.947499990463257,1.1887500286102295
2692,0.5591250061988831,1.179816722869873,-2.867500066757202,1.4275000095367432
2693,1.1274998188018799,0.21587540209293365,0.7074999809265137,1.493749976158142
2694,0.8632499575614929,0.2732856571674347,0.13875000178813934,1.1575000286102295
2695,1.0129998922348022,0.28102168440818787,0.5249999761581421,1.5412499904632568
2696,0.9637500047683716,0.271094411611557,0.30375000834465027,1.2649999856948853
2697,0.8158750534057617,1.2628213167190552,-2.942500114440918,1.4762500524520874
2698,1.1288750171661377,0.17362715303897858,0.8075000047683716,1.3637499809265137
2699,1.0407499074935913,0.223637655377388,0.731249988079071,1.4199999570846558
2700,1.0154999494552612,0.29461532831192017,0.20250000059604645,1.28125
2701,1.144374966621399,0.1745496392250061,0.887499988079071,1.4175000190734863
2702,0.9273750185966492,0.3824462592601776,0.08624999970197678,1.4262499809265137
2703,0.6411250233650208,1.1806801557540894,-2.7612500190734863,1.3200000524520874
2704,0.9959999918937683,0.17283645272254944,0.6587499976158142,1.3300000429153442
2705,0.824874997138977,0.4602782726287842,-0.007499999832361937,1.4175000190734863
2706,0.9263750314712524,0.4517841041088104,-0.33000001311302185,1.441249966621399
2707,1.0578749179840088,0.625544548034668,-0.7400000095367432,1.4987499713897705
2708,1.1193749904632568,0.1261809915304184,0.7649999856948853,1.253749966621399
2709,0.9986249804496765,0.7248088121414185,-1.1299999952316284,1.497499942779541
2710,0.9892500042915344,0.20029136538505554,0.7149999737739563,1.408750057220459
2711,1.0002498626708984,0.29792869091033936,0.2512499988079071,1.3075000047683716
2712,1.1307499408721924,0.1667541116476059,0.7825000286102295,1.341249942779541
2713,0.9927499890327454,0.41879841685295105,-0.14374999701976776,1.4537500143051147
2714,0.6742500066757202,1.1514897346496582,-2.71875,1.3262499570846558
2715,1.0427501201629639,0.18021757900714874,0.7987499833106995,1.3600000143051147
2716,0.9652500152587891,0.14990603923797607,0.6737499833106995,1.277500033378601
2717,0.9791250228881836,0.2580655515193939,0.5049999952316284,1.377500057220459
2718,1.0555000305175781,0.20444832742214203,0.6650000214576721,1.4574999809265137
2719,0.9234999418258667,0.25674089789390564,0.39125001430511475,1.4537500143051147
2720,1.0391250848770142,0.17936696112155914,0.6962500214576721,1.274999976158142
2721,1.027250051498413,0.16377462446689606,0.7762500047683716,1.308750033378601
2722,0.5333749651908875,1.1900417804718018,-2.930000066757202,1.3312499523162842
2723,0.5577499866485596,1.2410351037979126,-2.848750114440918,1.4537500143051147
2724,0.9758750200271606,0.36688515543937683,-0.03750000149011612,1.3212499618530273
2725,0.5226249694824219,1.1105122566223145,-2.75,1.153749942779541
2726,1.0107500553131104,0.21951806545257568,0.6850000023841858,1.34375
2727,0.9588750004768372,0.3593168556690216,0.2562499940395355,1.3487499952316284
2728,0.9158750772476196,0.6765329837799072,-1.0462499856948853,1.4262499809265137
2729,1.0876250267028809,0.22393600642681122,0.6549999713897705,1.4487500190734863
2730,1.1379998922348022,0.148414745926857,0.9474999904632568,1.4800000190734863
2731,0.9290000200271606,0.3901781439781189,-0.10750000178813934,1.4500000476837158
2732,0.8783749341964722,0.416705459356308,-0.29624998569488525,1.2400000095367432
2733,0.7103750109672546,1.2127729654312134,-2.859999895095825,1.3537499904632568
2734,0.29187503457069397,1.5829190015792847,-2.916249990463257,1.3450000286102295
2735,1.0452499389648438,0.28884243965148926,0.2750000059604645,1.3049999475479126
2736,1.0321251153945923,0.22955189645290375,0.6312500238418579,1.5412499904632568
2737,0.5136250257492065,1.1206501722335815,-2.7562499046325684,1.1475000381469727
2738,0.8948750495910645,0.6575449705123901,-0.9549999833106995,1.596250057220459
2739,0.60999995470047,1.1927008628845215,-2.9000000953674316,1.3637499809265137
2740,0.8274999856948853,0.4717209041118622,-0.3187499940395355,1.3125
2741,0.9557499885559082,0.2690191864967346,0.4387499988079071,1.3899999856948853
2742,0.8068750500679016,0.6493632197380066,-0.9900000095367432,1.4850000143051147
2743,0.8257499933242798,0.6430622935295105,-1.056249976158142,1.34375
2744,0.4671250283718109,1.1936136484146118,-2.893749952316284,1.222499966621399
2745,1.1430000066757202,0.21907560527324677,0.856249988079071,1.472499966621399
2746,1.0823750495910645,0.23192834854125977,0.6537500023841858,1.4387500286102295
2747,0.9331248998641968,0.28973549604415894,0.5625,1.4275000095367432
2748,1.0982500314712524,0.10527078062295914,0.90625,1.2912499904632568
2749,0.9472500085830688,0.3658204674720764,0.29124999046325684,1.4587500095367432
2750,0.9773750305175781,0.3444245755672455,0.2175000011920929,1.4137500524520874
2751,0.9781249761581421,0.3329434394836426,0.12999999523162842,1.2975000143051147
2752,0.9490000009536743,0.2838539481163025,0.3050000071525574,1.3274999856948853
2753,0.7148750424385071,0.6934475302696228,-0.9962499737739563,1.2587499618530273
2754,0.9259999990463257,0.17394305765628815,0.6412500143051147,1.0762499570846558
2755,0.9880000352859497,0.2874745726585388,0.3449999988079071,1.440000057220459
2756,0.890625,0.4462875425815582,-0.16500000655651093,1.3637499809265137
2757,0.9968749284744263,0.39288127422332764,0.3125,1.4550000429153442
2758,0.878125011920929,0.6428912281990051,-0.9975000023841858,1.381250023841858
2759,1.027250051498413,0.1568237543106079,0.7699999809265137,1.2637499570846558
2760,0.9438750147819519,0.20522736012935638,0.53125,1.3450000286102295
2761,1.063249945640564,0.18358001112937927,0.7049999833106995,1.2999999523162842
2762,0.9918750524520874,0.37044915556907654,-0.01875000074505806,1.2999999523162842
2763,0.641124963760376,1.1100834608078003,-2.6187500953674316,1.4275000095367432
2764,1.0417499542236328,0.24259546399116516,0.6899999976158142,1.4049999713897705
2765,0.4859999716281891,1.1681528091430664,-2.700000047683716,1.2412500381469727
2766,1.0068750381469727,0.21639752388000488,0.6075000166893005,1.2599999904632568
2767,0.780875027179718,0.565338671207428,-0.8399999737739563,1.25
2768,1.131500005722046,0.19109126925468445,0.8799999952316284,1.4987499713897705
2769,0.8226250410079956,0.5650144815444946,-0.6800000071525574,1.3674999475479126
2770,1.0168750286102295,0.12120135128498077,0.8199999928474426,1.1725000143051147
2771,1.0728750228881836,0.23039576411247253,0.6237499713897705,1.4800000190734863
2772,1.1203749179840088,0.2741031348705292,0.6825000047683716,1.5225000381469727
2773,0.7077499628067017,1.2041199207305908,-2.8612499237060547,1.3125
2774,0.9882499575614929,0.3313812017440796,0.26875001192092896,1.4487500190734863
2775,1.094249963760376,0.40156692266464233,0.07999999821186066,1.503749966621399
2776,0.8076249957084656,0.5462773442268372,-0.1287499964237213,1.371250033378601
2777,1.022499918937683,0.22836990654468536,0.5575000047683716,1.3799999952316284
2778,1.0302499532699585,0.37942013144493103,0.09875000268220901,1.431249976158142
2779,0.9298750758171082,0.34905967116355896,0.2562499940395355,1.308750033378601
2780,0.9787500500679016,0.3707871437072754,-0.10000000149011612,1.2412500381469727
2781,0.8772500157356262,0.38035866618156433,-0.027499999850988388,1.3174999952316284
2782,1.0697500705718994,0.17714208364486694,0.7637500166893005,1.3274999856948853
2783,0.9627500772476196,0.26197436451911926,0.39500001072883606,1.3174999952316284
2784,1.0742499828338623,0.19288370013237,0.7037500143051147,1.3262499570846558
2785,0.9283750653266907,0.2858031392097473,0.19875000417232513,1.2999999523162842
2786,0.9351249933242798,0.3671428859233856,0.10249999910593033,1.3624999523162842
2787,0.9558749198913574,0.2718685567378998,0.6587499976158142,1.5212500095367432
2788,1.063250184059143,0.236838698387146,0.48750001192092896,1.350000023841858
2789,0.9996249079704285,0.19961842894554138,0.5849999785423279,1.247499942779541
2790,0.9165000915527344,0.3803640604019165,0.07500000298023224,1.3212499618530273
2791,0.889875054359436,0.2862032949924469,0.5425000190734863,1.3962500095367432
2792,1.024749994277954,0.18175771832466125,0.8374999761581421,1.3537499904632568
2793,0.9231249690055847,0.5226373076438904,-0.5612499713897705,1.4049999713897705
2794,0.6323750615119934,1.1891634464263916,-2.8975000381469727,1.3762500286102295
2795,0.8409999012947083,0.43909913301467896,-0.3125,1.221250057220459
2796,0.4788750112056732,1.2450071573257446,-2.8737499713897705,1.5262500047683716
2797,1.0283749103546143,0.20587089657783508,0.5450000166893005,1.2362500429153442
2798,0.8657500147819519,0.39050376415252686,0.30375000834465027,1.3899999856948853
2799,1.1238750219345093,0.1992034614086151,0.7637500166893005,1.5225000381469727
2800,0.965999960899353,0.11725480109453201,0.8299999833106995,1.2024999856948853
2801,0.6432499885559082,1.1804267168045044,-2.817500114440918,1.4049999713897705
2802,1.0616250038146973,0.1851385086774826,0.5987499952316284,1.3637499809265137
2803,0.5071250200271606,1.1706416606903076,-2.8862500190734863,1.2262500524520874
2804,0.5708750486373901,1.2526698112487793,-3.1787500381469727,1.0637500286102295
2805,0.9237499237060547,0.3624112010002136,-0.07249999791383743,1.25
2806,1.1160001754760742,0.25979548692703247,0.5487499833106995,1.4762500524520874
2807,0.9072500467300415,0.505333662033081,-0.3762499988079071,1.4187500476837158
2808,0.8212499618530273,0.452853798866272,-0.07874999940395355,1.2575000524520874
2809,0.949999988079071,0.2503097951412201,0.4712499976158142,1.3424999713897705
2810,1.0251250267028809,0.195406973361969,0.49125000834465027,1.222499966621399
2811,0.9584999084472656,0.3371501863002777,0.06624999642372131,1.4487500190734863
2812,0.8160001039505005,0.2805902361869812,0.2549999952316284,1.2374999523162842
2813,1.0376249551773071,0.3220818042755127,0.2175000011920929,1.403749942779541
2814,0.5691249966621399,1.2528932094573975,-2.950000047683716,1.2587499618530273
2815,1.0898749828338623,0.15018577873706818,0.8062499761581421,1.2725000381469727
2816,0.21574997901916504,1.6928610801696777,-3.369999885559082,1.3674999475479126
2817,-0.0065000178292393684,1.358238935470581,-2.932499885559082,1.2699999809265137
2818,1.076374888420105,0.32924601435661316,0.17249999940395355,1.3637499809265137
2819,1.0807499885559082,0.28217029571533203,0.5262500047683716,1.5362499952316284
2820,0.5674999952316284,1.2122808694839478,-2.9049999713897705,1.2999999523162842
2821,1.0008749961853027,0.1760149449110031,0.6162499785423279,1.2100000381469727
2822,0.9643748998641968,0.301052987575531,0.3474999964237213,1.34375
2823,0.9939999580383301,0.5626505017280579,-0.6600000262260437,1.399999976158142
2824,0.9482499957084656,0.4135105609893799,-0.17374999821186066,1.2899999618530273
2825,0.9418748617172241,0.34704118967056274,0.2750000059604645,1.3837499618530273
2826,1.1321251392364502,0.18448497354984283,0.824999988079071,1.53125
2827,0.9182500839233398,0.36136382818222046,0.25,1.3487499952316284
2828,1.0047500133514404,0.407539039850235,-0.04374999925494194,1.371250033378601
2829,0.9575001001358032,0.3864336311817169,0.03500000014901161,1.4387500286102295
2830,0.9532500505447388,0.2777561545372009,0.44749999046325684,1.3174999952316284
2831,0.5591250061988831,1.235474944114685,-3.059999942779541,1.3312499523162842
2832,0.9902499914169312,0.4957963526248932,-0.26374998688697815,1.433750033378601
2833,1.0301249027252197,0.2819831669330597,0.6287500262260437,1.5087499618530273
2834,0.628125011920929,1.2762106657028198,-3.0137500762939453,1.3450000286102295
2835,0.8457500338554382,0.6962457895278931,-1.0924999713897705,1.4275000095367432
2836,0.5833750367164612,1.2379822731018066,-2.911250114440918,1.372499942779541
2837,0.9350000619888306,0.14025089144706726,0.7387499809265137,1.2050000429153442
2838,0.6933750510215759,1.2018226385116577,-2.9000000953674316,1.278749942779541
2839,0.44562506675720215,1.16997230052948,-2.8499999046325684,1.1887500286102295
2840,0.8216249346733093,0.5463378429412842,-0.6474999785423279,1.28125
2841,0.6704999804496765,1.183102011680603,-2.793750047683716,1.4637500047683716
2842,1.0671249628067017,0.3198598623275757,0.19625000655651093,1.4600000381469727
2843,0.7695000171661377,0.8160737752914429,-1.631250023841858,1.25
2844,0.624625027179718,1.1905224323272705,-2.8737499713897705,1.3587499856948853
2845,0.9595000147819519,0.22191651165485382,0.38499999046325684,1.2374999523162842
2846,0.9182500839233398,0.4450695514678955,-0.1599999964237213,1.3862500190734863
2847,0.9716249704360962,0.3258623480796814,0.22750000655651093,1.34375
2848,0.749625027179718,0.5945097804069519,-0.6650000214576721,1.2100000381469727
2849,0.9929999113082886,0.32153740525245667,0.10499999672174454,1.3662500381469727
2850,0.8758748769760132,0.2599928379058838,0.4699999988079071,1.2000000476837158
2851,0.8938749432563782,0.2587943375110626,0.4987500011920929,1.3137500286102295
2852,0.8573750257492065,0.3497192859649658,-0.10999999940395355,1.2062499523162842
2853,0.5585000514984131,1.4131252765655518,-3.546250104904175,1.4487500190734863
2854,0.13449999690055847,1.532969355583191,-2.867500066757202,1.3450000286102295
2855,1.0158748626708984,0.2774904668331146,0.5112500190734863,1.3849999904632568
2856,0.6725000143051147,1.1953259706497192,-2.8187499046325684,1.503749966621399
2857,0.5654999613761902,1.1982225179672241,-2.862499952316284,1.5087499618530273
2858,0.9712499380111694,0.32316744327545166,0.0925000011920929,1.3624999523162842
2859,0.9523751139640808,0.29145780205726624,0.3512499928474426,1.308750033378601
2860,1.0758750438690186,0.2055458128452301,0.5674999952316284,1.2799999713897705
2861,0.9877500534057617,0.15300919115543365,0.6662499904632568,1.184999942779541
2862,1.0794999599456787,0.20115774869918823,0.6549999713897705,1.3075000047683716
2863,1.152250051498413,0.1783621609210968,0.7649999856948853,1.3937499523162842
2864,1.0791250467300415,0.20662471652030945,0.6499999761581421,1.4637500047683716
2865,1.0494999885559082,0.12552787363529205,0.8187500238418579,1.2450000047683716
2866,1.0366250276565552,0.4158083200454712,-0.057500001043081284,1.5549999475479126
2867,1.0357500314712524,0.19796164333820343,0.6887500286102295,1.4550000429153442
2868,1.0452500581741333,0.18511633574962616,0.675000011920929,1.434999942779541
2869,0.7148750424385071,1.2094264030456543,-2.828749895095825,1.5125000476837158
2870,0.9912499189376831,0.26319432258605957,0.38499999046325684,1.4325000047683716
2871,0.40324997901916504,1.2609167098999023,-3.103749990463257,1.2799999713897705
2872,1.006500005722046,0.33931079506874084,0.07625000178813934,1.3137500286102295
2873,1.0245000123977661,0.21471069753170013,0.5849999785423279,1.3387500047683716
2874,1.060499906539917,0.4258066415786743,-0.04500000178813934,1.5137499570846558
2875,0.9832500219345093,0.3800370693206787,0.09125000238418579,1.4537500143051147
2876,0.8112500309944153,0.535028338432312,-0.7124999761581421,1.2625000476837158
2877,0.7111250162124634,0.49862951040267944,-0.6474999785423279,1.1150000095367432
2878,0.9201250076293945,0.29956918954849243,0.2837499976158142,1.2899999618530273
2879,0.9944999814033508,0.16144968569278717,0.7012500166893005,1.2549999952316284
2880,0.8866249918937683,0.42582568526268005,-0.2837499976158142,1.2937500476837158
2881,0.9321249723434448,0.28535234928131104,0.38374999165534973,1.2637499570846558
2882,1.0536249876022339,0.19414593279361725,0.800000011920929,1.4987499713897705
2883,0.8637499809265137,0.2685115337371826,0.24124999344348907,1.2000000476837158
2884,1.0168750286102295,0.18575458228588104,0.7524999976158142,1.3550000190734863
2885,0.5789999961853027,1.1768407821655273,-2.8424999713897705,1.2412500381469727
2886,0.9026249647140503,0.36912161111831665,0.029999999329447746,1.283750057220459
2887,0.9557498693466187,0.32134783267974854,0.1274999976158142,1.243749976158142
2888,0.9772499799728394,0.24136963486671448,0.5950000286102295,1.3899999856948853
2889,0.9763749837875366,0.36523815989494324,0.13375000655651093,1.4587500095367432
2890,0.9595000147819519,0.3799445331096649,0.32875001430511475,1.5087499618530273
2891,1.0915000438690186,0.16607961058616638,0.856249988079071,1.4850000143051147
2892,0.7752498984336853,0.4918748736381531,-0.3199999928474426,1.3674999475479126
2893,0.9315000772476196,0.2728900611400604,0.38999998569488525,1.2962499856948853
2894,1.1191250085830688,0.11086176335811615,0.96875,1.318750023841858
2895,0.9347500801086426,0.22743600606918335,0.38874998688697815,1.243749976158142
2896,1.0092499256134033,0.24120739102363586,0.5287500023841858,1.3537499904632568
2897,1.1309999227523804,0.14605414867401123,0.8974999785423279,1.4262499809265137
2898,1.0217500925064087,0.22837482392787933,0.6850000023841858,1.4249999523162842
2899,1.0797499418258667,0.1641700565814972,0.7925000190734863,1.341249942779541
2900,1.0240000486373901,0.19417516887187958,0.7074999809265137,1.2999999523162842
2901,1.0306251049041748,0.29886674880981445,0.20499999821186066,1.350000023841858
2902,0.8305000066757202,0.635991632938385,-1.034999966621399,1.2799999713897705
2903,1.1116249561309814,0.2962452471256256,0.4025000035762787,1.4850000143051147
2904,1.0762500762939453,0.10223136842250824,0.9225000143051147,1.2200000286102295
2905,0.9733749628067017,0.33994075655937195,0.11874999850988388,1.3987499475479126
2906,1.1800000667572021,0.1653093695640564,0.7987499833106995,1.4850000143051147
2907,1.0621249675750732,0.15245908498764038,0.7337499856948853,1.2625000476837158
2908,0.9703750610351562,0.3406047224998474,0.27250000834465027,1.4850000143051147
2909,1.2101250886917114,0.1846596896648407,0.949999988079071,1.4900000095367432
2910,0.6174999475479126,0.5969605445861816,-0.6387500166893005,1.3312499523162842
2911,1.045375108718872,0.2871237099170685,0.4362500011920929,1.3937499523162842
2912,0.9907500147819519,0.2537211775779724,0.5024999976158142,1.2962499856948853
2913,1.0432498455047607,0.16954736411571503,0.6537500023841858,1.2450000047683716
2914,1.1196250915527344,0.14365655183792114,0.8412500023841858,1.4049999713897705
2915,1.0541249513626099,0.26340797543525696,0.48750001192092896,1.375
2916,1.0433751344680786,0.23447483777999878,0.7024999856948853,1.4299999475479126
2917,0.40724998712539673,1.3191934823989868,-2.958750009536743,1.2712500095367432
2918,1.0031249523162842,0.17161023616790771,0.800000011920929,1.434999942779541
2919,1.066249966621399,0.2044367492198944,0.7149999737739563,1.4175000190734863
2920,0.8659999966621399,0.4548168480396271,-0.036249998956918716,1.4450000524520874
2921,0.9466250538825989,0.37723132967948914,-0.04749999940395355,1.2549999952316284
2922,1.2300000190734863,0.23569247126579285,0.6100000143051147,1.4900000095367432
2923,0.3191249966621399,1.5494916439056396,-2.890000104904175,1.3025000095367432
2924,0.968375027179718,0.34308937191963196,0.19750000536441803,1.3112499713897705
2925,1.035750150680542,0.24172373116016388,0.6387500166893005,1.5
2926,0.06187503784894943,1.5230910778045654,-2.9649999141693115,1.4487500190734863
2927,1.1244999170303345,0.15567512810230255,0.831250011920929,1.3287500143051147
2928,1.097499966621399,0.23921942710876465,0.7262499928474426,1.493749976158142
2929,1.0206249952316284,0.2591477930545807,0.4699999988079071,1.375
2930,1.0637500286102295,0.16641533374786377,0.7462499737739563,1.4049999713897705
2931,0.9041250348091125,0.31027862429618835,0.45875000953674316,1.341249942779541
2932,0.3974999487400055,1.2868061065673828,-2.9312500953674316,1.1349999904632568
2933,0.6183750033378601,1.145121455192566,-2.7487499713897705,1.252500057220459
2934,1.0141249895095825,0.28101271390914917,0.18125000596046448,1.1862499713897705
2935,0.846250057220459,0.47128117084503174,-0.3137499988079071,1.2312500476837158
2936,1.2249999046325684,0.223185732960701,0.6587499976158142,1.503749966621399
2937,1.031499981880188,0.2354123741388321,0.5212500095367432,1.4049999713897705
2938,0.43812504410743713,1.303490400314331,-2.9912500381469727,1.221250057220459
2939,0.9903749227523804,0.37455183267593384,0.33000001311302185,1.4275000095367432
2940,1.122749924659729,0.21017612516880035,0.7512500286102295,1.4262499809265137
2941,0.6352499723434448,1.1390328407287598,-2.75,1.28125
2942,1.0552499294281006,0.23703032732009888,0.6225000023841858,1.3700000047683716
2943,0.8307501077651978,0.3504885733127594,-0.019999999552965164,1.1862499713897705
2944,1.1032499074935913,0.30068057775497437,0.3375000059604645,1.4049999713897705
2945,1.0998749732971191,0.2821106016635895,0.40625,1.3987499475479126
2946,1.1087499856948853,0.11863546818494797,0.9300000071525574,1.2575000524520874
2947,0.827750027179718,0.4765163064002991,-0.17000000178813934,1.3487499952316284
2948,0.893500030040741,0.36742764711380005,0.1850000023841858,1.440000057220459
2949,0.843375027179718,0.6362907290458679,-0.5737500190734863,1.4175000190734863
2950,1.1267499923706055,0.26189523935317993,0.6887500286102295,1.472499966621399
2951,0.7032499313354492,1.2645522356033325,-3.0350000858306885,1.4487500190734863
2952,0.9143750071525574,0.19584132730960846,0.550000011920929,1.3075000047683716
2953,0.8370000123977661,0.4860038757324219,-0.49000000953674316,1.2337499856948853
2954,1.0740000009536743,0.31172695755958557,0.5237500071525574,1.568750023841858
2955,1.0989998579025269,0.11490865051746368,0.8949999809265137,1.253749966621399
2956,0.9627500772476196,0.43720483779907227,0.19499999284744263,1.5175000429153442
2957,0.9493750333786011,0.5479451417922974,-0.6237499713897705,1.4900000095367432
2958,0.9418751001358032,0.42069366574287415,-0.14875000715255737,1.5412499904632568
2959,1.0937501192092896,0.2939058244228363,0.42625001072883606,1.4812500476837158
2960,1.0385000705718994,0.36511075496673584,0.03125,1.372499942779541
2961,1.003250002861023,0.17387603223323822,0.6837499737739563,1.2424999475479126
2962,0.9016249775886536,0.3305426836013794,0.2162500023841858,1.3312499523162842
2963,1.0797500610351562,0.12326013296842575,0.8924999833106995,1.2949999570846558
2964,0.9853750467300415,0.33882102370262146,0.14000000059604645,1.3825000524520874
2965,1.0858750343322754,0.12331876158714294,0.8725000023841858,1.277500033378601
2966,1.1299998760223389,0.3088906407356262,0.3050000071525574,1.5449999570846558
2967,0.9787500500679016,0.2813088893890381,0.5049999952316284,1.368749976158142
2968,0.9922499656677246,0.5484212636947632,-0.5649999976158142,1.4637500047683716
2969,0.8738750219345093,0.4069526493549347,-0.09000000357627869,1.2887500524520874
2970,0.9832500219345093,0.1307002753019333,0.7524999976158142,1.1862499713897705
2971,1.0752499103546143,0.3405238687992096,0.23999999463558197,1.5412499904632568
2972,0.9792500734329224,0.3027530908584595,0.32374998927116394,1.3025000095367432
2973,0.6854999661445618,1.188212275505066,-2.793750047683716,1.4362499713897705
2974,1.124000072479248,0.167268306016922,0.7462499737739563,1.4075000286102295
2975,0.997249960899353,0.17444807291030884,0.6949999928474426,1.1987500190734863
2976,0.9823750257492065,0.26547449827194214,0.29875001311302185,1.277500033378601
2977,0.9635000228881836,0.33655133843421936,0.036249998956918716,1.2400000095367432
2978,0.9258750677108765,0.3820013105869293,-0.1287499964237213,1.278749942779541
2979,0.8485000729560852,0.399541437625885,-0.2199999988079071,1.2575000524520874
2980,0.6890000104904175,1.1801421642303467,-2.7874999046325684,1.5087499618530273
2981,0.8588749170303345,0.4418524503707886,-0.4037500023841858,1.2062499523162842
2982,1.0172500610351562,0.35838693380355835,0.22624999284744263,1.4249999523162842
2983,1.074625015258789,0.12893801927566528,0.8050000071525574,1.2174999713897705
2984,1.1137498617172241,0.24496236443519592,0.5950000286102295,1.4500000476837158
2985,1.085749864578247,0.18726502358913422,0.768750011920929,1.412500023841858
2986,1.0152499675750732,0.1946260780096054,0.6000000238418579,1.243749976158142
2987,0.14299999177455902,1.6566134691238403,-3.384999990463257,1.2637499570846558
2988,1.1023749113082886,0.2130884826183319,0.7149999737739563,1.5087499618530273
2989,1.0145000219345093,0.23777170479297638,0.5674999952316284,1.3450000286102295
2990,0.9857500195503235,0.2788935601711273,0.33375000953674316,1.3574999570846558
2991,1.1004999876022339,0.14725320041179657,0.8062499761581421,1.3224999904632568
2992,0.9712499380111694,0.1985195130109787,0.5637500286102295,1.3025000095367432
2993,1.0523749589920044,0.1644768863916397,0.7124999761581421,1.2350000143051147
2994,1.143625020980835,0.23854471743106842,0.5649999976158142,1.4900000095367432
2995,1.0420000553131104,0.1970042735338211,0.6587499976158142,1.2949999570846558
2996,0.8078750371932983,0.6131035685539246,-0.49125000834465027,1.3912500143051147
2997,0.9173750877380371,0.4494786560535431,-0.1537500023841858,1.372499942779541
2998,0.953374981880188,0.30421775579452515,0.5487499833106995,1.503749966621399
2999,0.9369999766349792,0.26430341601371765,0.5462499856948853,1.274999976158142
3000,1.116999864578247,0.25332367420196533,0.6650000214576721,1.4375
3001,0.800125002861023,0.5976104736328125,-0.7825000286102295,1.34375
3002,1.081125020980835,0.13782399892807007,0.8612499833106995,1.3674999475479126
3003,0.6538749933242798,1.155507206916809,-2.7925000190734863,1.3362499475479126
3004,0.8678749203681946,0.5040644407272339,-0.36000001430511475,1.2962499856948853
3005,0.8678749799728394,0.481905072927475,-0.47999998927116394,1.2899999618530273
3006,0.5583750009536743,1.136193871498108,-2.8125,1.2887500524520874
3007,1.0413750410079956,0.174695685505867,0.6449999809265137,1.2400000095367432
3008,0.9664999842643738,0.2338634580373764,0.4399999976158142,1.1974999904632568
3009,1.034250020980835,0.21847425401210785,0.7250000238418579,1.3825000524520874
3010,0.492374986410141,1.241186499595642,-2.768749952316284,1.408750057220459
3011,1.0538750886917114,0.24176010489463806,0.4699999988079071,1.3674999475479126
3012,0.9748750925064087,0.2865186631679535,0.6212499737739563,1.5549999475479126
3013,0.6669999957084656,1.165388584136963,-2.7300000190734863,1.3624999523162842
3014,1.0541250705718994,0.11786255985498428,0.8349999785423279,1.2725000381469727
3015,0.9921249151229858,0.5269128680229187,-0.47874999046325684,1.4900000095367432
3016,0.8866249918937683,0.6274698972702026,-0.893750011920929,1.3450000286102295
3017,0.8031249046325684,1.20766019821167,-2.793750047683716,1.5125000476837158
3018,1.1321250200271606,0.10132104158401489,1.0449999570846558,1.3899999856948853
3019,1.0268750190734863,0.2945580780506134,0.1599999964237213,1.2000000476837158
3020,0.9663750529289246,0.20349404215812683,0.6937500238418579,1.3537499904632568
3021,0.9789999127388,0.14574891328811646,0.824999988079071,1.2649999856948853
3022,1.0792499780654907,0.16893897950649261,0.8299999833106995,1.350000023841858
3023,1.0993750095367432,0.13778068125247955,0.7699999809265137,1.2450000047683716
3024,1.0414999723434448,0.301135778427124,0.3425000011920929,1.5225000381469727
3025,1.0212500095367432,0.12524352967739105,0.8125,1.2937500476837158
3026,1.11899995803833,0.2045687437057495,0.6887500286102295,1.4862500429153442
3027,1.100250005722046,0.32202523946762085,0.3725000023841858,1.568750023841858
3028,0.860124945640564,0.687614381313324,-1.0537500381469727,1.434999942779541
3029,1.002750039100647,0.1771879345178604,0.7512500286102295,1.3037500381469727
3030,1.083375096321106,0.23913323879241943,0.7300000190734863,1.4850000143051147
3031,1.0957499742507935,0.2144085019826889,0.8199999928474426,1.5225000381469727
3032,1.1608750820159912,0.179182231426239,0.875,1.527500033378601
3033,0.9631249308586121,0.35928282141685486,0.1899999976158142,1.3362499475479126
3034,0.6725000143051147,0.7263461351394653,-0.9287499785423279,1.3825000524520874
3035,0.8355000615119934,0.5551433563232422,-0.6825000047683716,1.3450000286102295
3036,1.1598749160766602,0.1308833509683609,0.9462500214576721,1.4175000190734863
3037,0.6766249537467957,1.1630241870880127,-2.7487499713897705,1.399999976158142
3038,1.0836249589920044,0.21488258242607117,0.7462499737739563,1.3637499809265137
3039,1.0434999465942383,0.23094694316387177,0.5475000143051147,1.3887499570846558
3040,0.9829999804496765,0.5224955677986145,-0.5099999904632568,1.443750023841858
3041,1.0711249113082886,0.23705250024795532,0.7162500023841858,1.5137499570846558
3042,1.0191248655319214,0.523067831993103,-0.48124998807907104,1.4299999475479126
3043,1.0494999885559082,0.1195632815361023,0.8287500143051147,1.252500057220459
3044,1.059000015258789,0.19037364423274994,0.6637499928474426,1.28125
3045,1.0143749713897705,0.27066656947135925,0.5062500238418579,1.3887499570846558
3046,1.0715000629425049,0.30505162477493286,0.3362500071525574,1.5087499618530273
3047,1.0732500553131104,0.23829419910907745,0.8050000071525574,1.503749966621399
3048,0.7885000109672546,0.5747286677360535,-0.6899999976158142,1.2262500524520874
3049,1.0394999980926514,0.33478081226348877,0.14499999582767487,1.4299999475479126
3050,0.7770000100135803,0.6190078258514404,-0.9112499952316284,1.378749966621399
3051,1.0348750352859497,0.2957397997379303,0.45375001430511475,1.3537499904632568
3052,1.0303750038146973,0.17302823066711426,0.7512500286102295,1.3700000047683716
3053,0.9180000424385071,0.3160642981529236,0.0949999988079071,1.215000033378601
3054,1.1543749570846558,0.10889968276023865,0.9587500095367432,1.2899999618530273
3055,1.050374984741211,0.18931293487548828,0.7275000214576721,1.3075000047683716
3056,1.0421249866485596,0.21432965993881226,0.5199999809265137,1.2699999809265137
3057,0.9722499847412109,0.2811298370361328,0.23000000417232513,1.2949999570846558
3058,1.0992499589920044,0.24658873677253723,0.5112500190734863,1.3250000476837158
3059,1.0331249237060547,0.21445807814598083,0.42250001430511475,1.225000023841858
3060,1.042625069618225,0.2511177957057953,0.45750001072883606,1.3962500095367432
3061,1.125499963760376,0.09316853433847427,1.0499999523162842,1.368749976158142
3062,0.9632500410079956,0.32287007570266724,0.4650000035762787,1.2987500429153442
3063,0.6406249403953552,1.4252122640609741,-3.617500066757202,1.3912500143051147
3064,1.107374906539917,0.20443478226661682,0.7699999809265137,1.46875
3065,0.9889999628067017,0.16462819278240204,0.6962500214576721,1.253749966621399
3066,1.0341250896453857,0.17808711528778076,0.7599999904632568,1.3975000381469727
3067,1.1694999933242798,0.1169431060552597,0.9775000214576721,1.3025000095367432
3068,1.0638749599456787,0.179844930768013,0.7412499785423279,1.3262499570846558
3069,1.076124906539917,0.23397944867610931,0.7337499856948853,1.5137499570846558
3070,0.7403749823570251,0.5062814950942993,-0.5600000023841858,1.2037500143051147
3071,0.9120000004768372,0.31649455428123474,0.07249999791383743,1.2174999713897705
3072,0.8055000305175781,0.4488106369972229,-0.14249999821186066,1.2400000095367432
3073,0.9657500386238098,0.39847174286842346,-0.05999999865889549,1.4275000095367432
3074,0.6306250095367432,0.7650843858718872,-1.0850000381469727,1.252500057220459
3075,0.909000039100647,0.5095134973526001,-0.45249998569488525,1.471250057220459
3076,0.908375084400177,0.5695977807044983,-0.7149999737739563,1.440000057220459
3077,0.9757499694824219,0.4002933204174042,0.004999999888241291,1.5087499618530273
3078,0.9097501039505005,0.30578580498695374,0.1599999964237213,1.3200000524520874
3079,0.7433750033378601,1.2276389598846436,-2.887500047683716,1.4862500429153442
3080,1.134124994277954,0.2717340588569641,0.7362499833106995,1.5362499952316284
3081,0.5507500171661377,1.1696140766143799,-2.768749952316284,1.3899999856948853
3082,1.0915000438690186,0.19107656180858612,0.8012499809265137,1.4487500190734863
3083,0.8516250848770142,0.6038106083869934,-0.9112499952316284,1.2050000429153442
3084,1.1640000343322754,0.41129210591316223,-0.0024999999441206455,1.5087499618530273
3085,1.074625015258789,0.34032660722732544,0.4712499976158142,1.4537500143051147
3086,1.1146249771118164,0.46625131368637085,-0.2150000035762787,1.493749976158142
3087,1.1167500019073486,0.1900634616613388,0.862500011920929,1.4262499809265137
3088,0.9946250915527344,0.2502555549144745,0.518750011920929,1.4075000286102295
3089,1.0767500400543213,0.23757116496562958,0.4387499988079071,1.2762500047683716
3090,1.030500054359436,0.16730791330337524,0.7149999737739563,1.274999976158142
3091,1.0308749675750732,0.2400631606578827,0.6162499785423279,1.3887499570846558
3092,1.0223748683929443,0.23501159250736237,0.5012500286102295,1.412500023841858
3093,1.150499939918518,0.1898207813501358,0.7987499833106995,1.5499999523162842
3094,1.0267499685287476,0.28433704376220703,0.30375000834465027,1.4362499713897705
3095,1.1588748693466187,0.17907090485095978,0.8199999928474426,1.3287500143051147
3096,1.1298750638961792,0.2543603777885437,0.4975000023841858,1.4812500476837158
3097,1.0350000858306885,0.2694137394428253,0.44624999165534973,1.4637500047683716
3098,1.13100004196167,0.14851117134094238,0.9212499856948853,1.4275000095367432
3099,1.1338750123977661,0.18330681324005127,0.8037499785423279,1.3949999809265137
3100,0.8498748540878296,0.5122565031051636,-0.6012499928474426,1.2637499570846558
3101,1.131500005722046,0.12943363189697266,0.9850000143051147,1.350000023841858
3102,0.6742500066757202,1.1769570112228394,-2.8299999237060547,1.3224999904632568
3103,0.8972499966621399,0.48759350180625916,-0.4300000071525574,1.4900000095367432
3104,1.0106250047683716,0.31550222635269165,0.3187499940395355,1.4550000429153442
3105,0.5776249766349792,1.166338562965393,-2.862499952316284,1.3450000286102295
3106,1.0046249628067017,0.4335475265979767,-0.13625000417232513,1.503749966621399
3107,0.8418749570846558,0.4198732078075409,-0.3487499952316284,1.190000057220459
3108,1.0041249990463257,0.22966216504573822,0.5899999737739563,1.2575000524520874
3109,1.1731250286102295,0.1233811005949974,1.0412499904632568,1.440000057220459
3110,0.9757500886917114,0.2074173092842102,0.5299999713897705,1.3049999475479126
3111,0.8194999694824219,0.5443305373191833,-0.6625000238418579,1.4049999713897705
3112,0.9788749814033508,0.3618137836456299,0.05249999836087227,1.2887500524520874
3113,1.0817500352859497,0.14167986810207367,0.7699999809265137,1.2487499713897705
3114,0.7446249723434448,1.169529914855957,-2.71875,1.3674999475479126
3115,1.2832499742507935,0.14326243102550507,1.0325000286102295,1.4800000190734863
3116,0.9508749842643738,0.2686668932437897,0.48875001072883606,1.3450000286102295
3117,1.1362500190734863,0.1870736926794052,0.7149999737739563,1.3862500190734863
3118,0.9447499513626099,0.31298503279685974,0.36500000953674316,1.4175000190734863
3119,1.0087499618530273,0.2970137894153595,0.5674999952316284,1.3937499523162842
3120,1.0558749437332153,0.34024810791015625,0.29249998927116394,1.5637500286102295
3121,1.1138750314712524,0.1675601303577423,0.8149999976158142,1.308750033378601
3122,0.672249972820282,1.2266772985458374,-2.971250057220459,1.346250057220459
3123,0.8880000114440918,0.42417097091674805,-0.17125000059604645,1.5175000429153442
3124,0.8557499647140503,0.34449562430381775,0.17249999940395355,1.5225000381469727
3125,0.9478750228881836,0.3355913758277893,0.2150000035762787,1.399999976158142
3126,0.9987500309944153,0.27738624811172485,0.4137499928474426,1.4362499713897705
3127,0.8904999494552612,0.3519739806652069,0.1574999988079071,1.2887500524520874
3128,1.0502499341964722,0.24715937674045563,0.45625001192092896,1.3862500190734863
3129,0.6452500224113464,1.1735613346099854,-2.7799999713897705,1.3987499475479126
3130,0.7342500686645508,1.2212536334991455,-2.875,1.5225000381469727
3131,1.0138750076293945,0.5172896385192871,-0.48249998688697815,1.3174999952316284
3132,0.9738750457763672,0.2845420837402344,0.45750001072883606,1.2949999570846558
3133,1.0609999895095825,0.1452065408229828,0.8299999833106995,1.2612500190734863
3134,0.9924999475479126,0.34005144238471985,0.20125000178813934,1.3949999809265137
3135,1.14662504196167,0.16590194404125214,0.9049999713897705,1.493749976158142
3136,1.0296249389648438,0.6133277416229248,-0.6949999928474426,1.568750023841858
3137,1.0444998741149902,0.18411292135715485,0.6187499761581421,1.2987500429153442
3138,0.5706249475479126,1.148760437965393,-2.737499952316284,1.3624999523162842
3139,0.9881250262260437,0.18544815480709076,0.5174999833106995,1.1725000143051147
3140,1.1082500219345093,0.13620434701442719,0.8974999785423279,1.318750023841858
3141,0.9148750305175781,0.4772147238254547,-0.3700000047683716,1.3312499523162842
3142,0.9073749780654907,0.18129263818264008,0.5487499833106995,1.1074999570846558
3143,1.0681250095367432,0.30710455775260925,0.29374998807907104,1.503749966621399
3144,0.8048750162124634,0.5021471381187439,-0.1887499988079071,1.3300000429153442
3145,1.1148749589920044,0.15298636257648468,0.7887499928474426,1.3075000047683716
3146,1.137624979019165,0.14208760857582092,0.7862499952316284,1.3300000429153442
3147,0.7058750987052917,1.17479407787323,-2.7799999713897705,1.46875
3148,0.6165000200271606,1.1770755052566528,-2.799999952316284,1.4149999618530273
3149,0.530875027179718,1.185981035232544,-2.8424999713897705,1.216249942779541
3150,0.4436250329017639,1.2388286590576172,-2.8299999237060547,1.3174999952316284
3151,0.9661248922348022,0.2798350155353546,0.3824999928474426,1.4800000190734863
3152,0.9227501153945923,0.3531632721424103,0.23499999940395355,1.28125
3153,1.0557500123977661,0.2847960591316223,0.3362500071525574,1.3362499475479126
3154,0.8702499270439148,0.3514820337295532,0.10999999940395355,1.309999942779541
3155,1.0336250066757202,0.27653345465660095,0.3087500035762787,1.403749942779541
3156,0.9360000491142273,0.37279844284057617,-0.10000000149011612,1.1987500190734863
3157,0.9550000429153442,0.24976177513599396,0.45625001192092896,1.34375
3158,1.0570000410079956,0.14337146282196045,0.7825000286102295,1.221250057220459
3159,1.1792500019073486,0.11896982043981552,1.0425000190734863,1.4812500476837158
3160,0.9465000033378601,0.3370055556297302,0.3474999964237213,1.3312499523162842
3161,1.0492498874664307,0.48559537529945374,-0.36250001192092896,1.412500023841858
3162,0.9747500419616699,0.21925212442874908,0.6362500190734863,1.4674999713897705
3163,0.9872499704360962,0.28135210275650024,0.32374998927116394,1.2587499618530273
3164,0.3307500183582306,1.109176754951477,-2.8350000381469727,1.159999966621399
3165,0.9424999952316284,0.4287168085575104,-0.17000000178813934,1.4187500476837158
3166,0.7210000157356262,0.6433838605880737,-1.0762499570846558,1.306249976158142
3167,1.053125023841858,0.1156885027885437,0.831250011920929,1.183750033378601
3168,1.0459998846054077,0.321371465921402,0.512499988079071,1.4187500476837158
3169,0.8917499780654907,0.3099950850009918,0.4675000011920929,1.3137500286102295
3170,1.0299999713897705,0.15325021743774414,0.7699999809265137,1.1924999952316284
3171,0.9942501187324524,0.22985336184501648,0.5487499833106995,1.308750033378601
3172,0.9391249418258667,0.4031396508216858,0.29124999046325684,1.3862500190734863
3173,1.0433751344680786,0.089994877576828,0.9300000071525574,1.190000057220459
3174,0.983625054359436,0.16606611013412476,0.6424999833106995,1.2062499523162842
3175,0.8421250581741333,0.4871360957622528,-0.4749999940395355,1.2912499904632568
3176,1.0537500381469727,0.23443149030208588,0.41874998807907104,1.2949999570846558
3177,0.8582500219345093,0.6265575885772705,-0.8262500166893005,1.3674999475479126
3178,0.8966249227523804,0.3333401083946228,0.16249999403953552,1.2400000095367432
3179,1.078125,0.1860554814338684,0.768750011920929,1.431249976158142
3180,0.984000027179718,0.16550187766551971,0.6962500214576721,1.2400000095367432
3181,0.9338749647140503,0.25302818417549133,0.4337500035762787,1.3049999475479126
3182,0.9805000424385071,0.23733098804950714,0.3725000023841858,1.3324999809265137
3183,1.0936249494552612,0.20134969055652618,0.7699999809265137,1.441249966621399
3184,0.9941250681877136,0.23516686260700226,0.5325000286102295,1.371250033378601
3185,0.7265000343322754,0.5855192542076111,-0.793749988079071,1.2999999523162842
3186,0.9147499203681946,0.2847498059272766,0.20250000059604645,1.350000023841858
3187,0.9677499532699585,0.3404756784439087,0.1899999976158142,1.2725000381469727
3188,0.8083750009536743,0.5146142840385437,-0.39750000834465027,1.3075000047683716
3189,1.0621249675750732,0.10389004647731781,0.8512499928474426,1.2087500095367432
3190,0.7287499308586121,1.2275257110595703,-2.9312500953674316,1.4075000286102295
3191,1.0534999370574951,0.23137280344963074,0.42875000834465027,1.2637499570846558
3192,1.0315001010894775,0.272017240524292,0.4937500059604645,1.3587499856948853
3193,0.7456250786781311,0.5474643707275391,-0.2787500023841858,1.243749976158142
3194,1.1307499408721924,0.17194676399230957,0.6700000166893005,1.3075000047683716
3195,1.1047499179840088,0.22321221232414246,0.6775000095367432,1.3312499523162842
3196,1.0752499103546143,0.16468513011932373,0.8187500238418579,1.375
3197,0.8535000085830688,0.33883386850357056,0.029999999329447746,1.2387499809265137
3198,1.0764999389648438,0.3381705582141876,0.1850000023841858,1.443750023841858
3199,0.950999915599823,0.5226864814758301,-0.5262500047683716,1.5412499904632568
3200,0.9524999856948853,0.6072023510932922,-0.6449999809265137,1.5362499952316284
3201,0.9478750228881836,0.3505308926105499,0.16875000298023224,1.4075000286102295
3202,1.0451250076293945,0.31412050127983093,0.1887499988079071,1.340000033378601
3203,0.3798750042915344,1.6044522523880005,-2.825000047683716,1.5137499570846558
3204,0.9195000529289246,0.2005135416984558,0.5737500190734863,1.1487499475479126
3205,0.8214999437332153,0.48665371537208557,-0.2762500047683716,1.2174999713897705
3206,0.6786249876022339,1.1778125762939453,-2.817500114440918,1.2625000476837158
3207,0.8602499961853027,0.2459438592195511,0.3112500011920929,1.2312500476837158
3208,0.7656250596046448,0.32219958305358887,0.04500000178813934,1.1549999713897705
3209,0.8957499265670776,0.3024934232234955,0.33125001192092896,1.5175000429153442
3210,0.6714999675750732,1.192954421043396,-2.825000047683716,1.3550000190734863
3211,0.9137499928474426,0.27160173654556274,0.4962500035762787,1.308750033378601
3212,1.0475000143051147,0.3264496326446533,0.20749999582767487,1.4537500143051147
3213,0.653499960899353,1.165079951286316,-2.799999952316284,1.3250000476837158
3214,1.0153748989105225,0.2833229601383209,0.42124998569488525,1.5125000476837158
3215,1.0499999523162842,0.18407368659973145,0.7862499952316284,1.372499942779541
3216,0.5135000348091125,1.1548842191696167,-2.90625,1.1725000143051147
3217,1.1339999437332153,0.220427006483078,0.5487499833106995,1.350000023841858
3218,0.7954999804496765,0.3722227215766907,0.023749999701976776,1.308750033378601
3219,1.0598750114440918,0.1955636590719223,0.5649999976158142,1.2675000429153442
3220,0.9628750085830688,0.2288408726453781,0.4962500035762787,1.2937500476837158
3221,0.5553749799728394,1.1687618494033813,-2.9000000953674316,1.190000057220459
3222,0.949874997138977,0.2592967748641968,0.39375001192092896,1.403749942779541
3223,1.0971249341964722,0.19423088431358337,0.8675000071525574,1.4225000143051147
3224,1.123000144958496,0.13997676968574524,0.8799999952316284,1.3849999904632568
3225,0.9376249313354492,0.22699491679668427,0.5112500190734863,1.216249942779541
3226,1.0576249361038208,0.2456136792898178,0.4987500011920929,1.3849999904632568
3227,0.918624997138977,0.30637723207473755,0.07124999910593033,1.184999942779541
3228,0.9556249380111694,0.22327759861946106,0.4350000023841858,1.2587499618530273
3229,1.027999997138977,0.19203126430511475,0.7799999713897705,1.3825000524520874
3230,0.8977500200271606,0.491231232881546,-0.45500001311302185,1.3862500190734863
3231,1.0536249876022339,0.17067554593086243,0.7275000214576721,1.315000057220459
3232,1.0816248655319214,0.24524542689323425,0.4925000071525574,1.3312499523162842
3233,1.0871250629425049,0.2845364212989807,0.48249998688697815,1.471250057220459
3234,0.6557500958442688,1.1776378154754639,-2.8062500953674316,1.403749942779541
3235,1.0286250114440918,0.2730839252471924,0.3412500023841858,1.3262499570846558
3236,0.9277499318122864,0.3727351725101471,-0.0024999999441206455,1.2400000095367432
3237,0.6787499785423279,1.2002997398376465,-2.858750104904175,1.4500000476837158
3238,1.1198750734329224,0.1716395765542984,0.9087499976158142,1.4800000190734863
3239,1.0723748207092285,0.29487043619155884,0.3187499940395355,1.3912500143051147
3240,0.9325000643730164,0.24867209792137146,0.2487500011920929,1.2000000476837158
3241,0.827875018119812,0.28652116656303406,0.2750000059604645,1.222499966621399
3242,1.0991250276565552,0.21361038088798523,0.5862500071525574,1.433750033378601
3243,1.0671250820159912,0.15989942848682404,0.7450000047683716,1.2862499952316284
3244,0.8773750066757202,0.4293251931667328,-0.2737500071525574,1.3487499952316284
3245,0.9315001368522644,0.43671923875808716,-0.17125000059604645,1.4850000143051147
3246,0.874625027179718,0.6080697178840637,-0.8500000238418579,1.2899999618530273
3247,1.0802500247955322,0.10564947873353958,0.9225000143051147,1.222499966621399
3248,1.1581250429153442,0.21406282484531403,0.793749988079071,1.4700000286102295
3249,1.0778748989105225,0.2862893342971802,0.44999998807907104,1.5225000381469727
3250,1.1695001125335693,0.07825278490781784,1.0212500095367432,1.284999966621399
3251,1.0717499256134033,0.12507273256778717,0.8362500071525574,1.2637499570846558
3252,1.0777499675750732,0.1532714068889618,0.8587499856948853,1.368749976158142
3253,0.9568749666213989,0.13879194855690002,0.6412500143051147,1.1375000476837158
3254,0.8364999890327454,0.5199981331825256,-0.2512499988079071,1.3899999856948853
3255,0.9732500314712524,0.34673982858657837,0.02250000089406967,1.3212499618530273
3256,0.9797499775886536,0.24489909410476685,0.5299999713897705,1.2887500524520874
3257,1.2668750286102295,0.10788919031620026,1.1100000143051147,1.5
3258,1.159000039100647,0.20046570897102356,0.7637500166893005,1.4800000190734863
3259,0.5445000529289246,1.188278317451477,-2.6875,1.3762500286102295
3260,1.0643749237060547,0.19039617478847504,0.6662499904632568,1.2762500047683716
3261,1.102874994277954,0.24965417385101318,0.7799999713897705,1.5225000381469727
3262,0.9456250071525574,0.3271917700767517,0.45875000953674316,1.4637500047683716
3263,1.0420000553131104,0.2196561098098755,0.6899999976158142,1.3624999523162842
3264,1.1095000505447388,0.2578524351119995,0.5450000166893005,1.443750023841858
3265,1.1443750858306885,0.1439935564994812,0.9137499928474426,1.3762500286102295
3266,0.390500009059906,1.2380331754684448,-2.875,1.3312499523162842
3267,1.1138750314712524,0.24822963774204254,0.7137500047683716,1.412500023841858
3268,1.0021250247955322,0.23950539529323578,0.5450000166893005,1.3350000381469727
3269,1.0138750076293945,0.18464361131191254,0.6387500166893005,1.2637499570846558
3270,0.9927499890327454,0.2909954786300659,0.23749999701976776,1.462499976158142
3271,1.0625001192092896,0.20740282535552979,0.6200000047683716,1.3674999475479126
3272,1.003999948501587,0.3722847104072571,-0.017500000074505806,1.308750033378601
3273,1.1415002346038818,0.20619909465312958,0.7699999809265137,1.4487500190734863
3274,1.0851249694824219,0.14399808645248413,0.8774999976158142,1.3312499523162842
3275,1.016624927520752,0.1337558925151825,0.768750011920929,1.2675000429153442
3276,1.0007500648498535,0.1684805303812027,0.6725000143051147,1.2174999713897705
3277,0.5638750195503235,1.1416795253753662,-2.7562499046325684,1.2912499904632568
3278,0.9003750085830688,0.22295883297920227,0.39625000953674316,1.225000023841858
3279,1.1236250400543213,0.1585160344839096,0.824999988079071,1.3125
3280,0.9437499046325684,0.6002306938171387,-0.7975000143051147,1.3362499475479126
3281,1.0987498760223389,0.13427698612213135,0.8899999856948853,1.3324999809265137
3282,1.0714999437332153,0.2610194981098175,0.5987499952316284,1.5225000381469727
3283,1.193250060081482,0.20392033457756042,0.7149999737739563,1.472499966621399
3284,0.9778750538825989,0.45496121048927307,-0.2750000059604645,1.3624999523162842
3285,0.8286250233650208,0.7265489101409912,-1.2975000143051147,1.2999999523162842
3286,1.074125051498413,0.22481591999530792,0.643750011920929,1.5137499570846558
3287,0.9808750152587891,0.24261535704135895,0.5450000166893005,1.346250057220459
3288,0.8493749499320984,0.553622841835022,-0.512499988079071,1.34375
3289,0.8043750524520874,0.7218977212905884,-0.793749988079071,1.5087499618530273
3290,1.0542500019073486,0.20193840563297272,0.6775000095367432,1.5087499618530273
3291,1.0228750705718994,0.19518505036830902,0.6075000166893005,1.2050000429153442
3292,1.060499906539917,0.1715364307165146,0.7325000166893005,1.375
3293,0.8522500991821289,0.3692339360713959,-0.042500000447034836,1.2412500381469727
3294,1.0477499961853027,0.20727531611919403,0.5975000262260437,1.28125
3295,0.9414998888969421,0.40937331318855286,-0.25999999046325684,1.1762499809265137
3296,0.9986249804496765,0.5684104561805725,-0.6075000166893005,1.5412499904632568
3297,1.089250087738037,0.1627787947654724,0.8799999952316284,1.3574999570846558
3298,1.1541249752044678,0.1564559042453766,0.84375,1.34375
3299,1.1416248083114624,0.2077491730451584,0.7799999713897705,1.4800000190734863
3300,0.9739999771118164,0.23820866644382477,0.6037499904632568,1.243749976158142
3301,1.0266250371932983,0.18788713216781616,0.7087500095367432,1.2637499570846558
3302,1.0686249732971191,0.3357754051685333,0.29124999046325684,1.4674999713897705
3303,0.9444999694824219,0.20352838933467865,0.5112500190734863,1.1862499713897705
3304,1.0767500400543213,0.1528031975030899,0.8462499976158142,1.3075000047683716
3305,0.9873749613761902,0.5890464782714844,-0.7049999833106995,1.5362499952316284
3306,0.8158750534057617,0.4572191834449768,0.09000000357627869,1.3637499809265137
3307,1.0855000019073486,0.1323043406009674,0.875,1.2712500095367432
3308,0.9578749537467957,0.37795257568359375,0.09749999642372131,1.4299999475479126
3309,0.8977500200271606,0.2376057505607605,0.36625000834465027,1.2100000381469727
3310,0.9778749346733093,0.37528324127197266,-0.03125,1.4049999713897705
3311,1.045875072479248,0.2958589196205139,0.2199999988079071,1.3049999475479126
3312,0.9976249933242798,0.34645771980285645,0.33000001311302185,1.309999942779541
3313,1.0613749027252197,0.24770663678646088,0.5074999928474426,1.2899999618530273
3314,1.0863749980926514,0.16822923719882965,0.7275000214576721,1.3037500381469727
3315,1.088249921798706,0.32885462045669556,0.16750000417232513,1.3862500190734863
3316,1.0149999856948853,0.23278410732746124,0.6712499856948853,1.3137500286102295
3317,0.8631250262260437,0.3469313085079193,0.016249999403953552,1.1987500190734863
3318,1.0553749799728394,0.1878555566072464,0.6762499809265137,1.2987500429153442
3319,1.0095000267028809,0.2581007778644562,0.6700000166893005,1.5175000429153442
3320,0.6857500672340393,1.2100070714950562,-2.9124999046325684,1.2949999570846558
3321,1.0427500009536743,0.18843750655651093,0.7875000238418579,1.5225000381469727
3322,0.514875054359436,1.362412452697754,-3.3762500286102295,1.3350000381469727
3323,1.2033751010894775,0.11601059883832932,1.0549999475479126,1.4537500143051147
3324,0.9252499341964722,0.28744009137153625,0.48249998688697815,1.3937499523162842
3325,1.1769999265670776,0.12212084233760834,1.006250023841858,1.3587499856948853
3326,0.9514999389648438,0.48453837633132935,-0.32499998807907104,1.5225000381469727
3327,1.1231251955032349,0.20625624060630798,0.6962500214576721,1.5087499618530273
3328,1.0268751382827759,0.14344559609889984,0.7699999809265137,1.252500057220459
3329,0.9869999885559082,0.39941880106925964,0.1587499976158142,1.375
3330,0.9366250038146973,0.3273000419139862,0.0625,1.2050000429153442
3331,0.9972500801086426,0.26248979568481445,0.3824999928474426,1.408750057220459
3332,1.047374963760376,0.10961929708719254,0.9350000023841858,1.277500033378601
3333,0.9109999537467957,0.32837754487991333,0.11249999701976776,1.2662500143051147
3334,0.9420000910758972,0.3618214428424835,-0.07500000298023224,1.225000023841858
3335,0.8094999194145203,0.6740241050720215,-0.5074999928474426,1.4112499952316284
3336,0.5198749303817749,1.1780834197998047,-2.786250114440918,1.3125
3337,0.7703749537467957,1.2203840017318726,-2.856250047683716,1.3574999570846558
3338,1.0867500305175781,0.2087583839893341,0.7637500166893005,1.5
3339,1.1288750171661377,0.13480708003044128,0.875,1.3224999904632568
3340,1.1628749370574951,0.2559291124343872,0.48500001430511475,1.4537500143051147
3341,1.060499906539917,0.3139621615409851,0.44749999046325684,1.4950000047683716
3342,1.0703750848770142,0.21850919723510742,0.5299999713897705,1.2575000524520874
3343,0.5762500166893005,1.1845800876617432,-2.8299999237060547,1.53125
3344,0.9780000448226929,0.2495797723531723,0.32499998807907104,1.253749966621399
3345,0.5920000076293945,1.2105543613433838,-2.8550000190734863,1.4225000143051147
3346,1.1549999713897705,0.11796317249536514,0.9649999737739563,1.4249999523162842
3347,1.1261249780654907,0.20449666678905487,0.6899999976158142,1.503749966621399
3348,0.7143750190734863,0.7332010865211487,-0.8949999809265137,1.2949999570846558
3349,1.0216249227523804,0.21797938644886017,0.7212499976158142,1.3887499570846558
3350,1.0698750019073486,0.18908286094665527,0.7762500047683716,1.340000033378601
3351,1.0447499752044678,0.11056362092494965,0.9225000143051147,1.2987500429153442
3352,1.0152499675750732,0.30824390053749084,0.19875000417232513,1.3949999809265137
3353,0.9868748784065247,0.11232522130012512,0.856249988079071,1.193750023841858
3354,1.0715000629425049,0.2608404755592346,0.6175000071525574,1.434999942779541
3355,0.9978750348091125,0.21155530214309692,0.4650000035762787,1.25
3356,0.9896249771118164,0.24711082875728607,0.4612500071525574,1.2987500429153442
3357,0.49012500047683716,1.1626529693603516,-2.6675000190734863,1.318750023841858
3358,0.6967500448226929,0.5942931771278381,-0.9412500262260437,1.372499942779541
3359,0.9798749685287476,0.462931364774704,-0.1525000035762787,1.403749942779541
3360,0.8321250081062317,0.42173004150390625,-0.17249999940395355,1.3624999523162842
3361,1.152750015258789,0.1569482386112213,0.768750011920929,1.3799999952316284
3362,0.8539999723434448,0.5521930456161499,-0.6962500214576721,1.2762500047683716
3363,0.9587500691413879,0.2555239796638489,0.44749999046325684,1.375
3364,0.9567499160766602,0.3489547669887543,0.14624999463558197,1.4249999523162842
3365,1.1546249389648438,0.22142864763736725,0.8037499785423279,1.4524999856948853
3366,0.8890000581741333,0.6414656043052673,-0.9125000238418579,1.4674999713897705
3367,1.019124984741211,0.3653235137462616,0.04874999821186066,1.4674999713897705
3368,1.022125005722046,0.36216625571250916,-0.004999999888241291,1.318750023841858
3369,1.0129998922348022,0.2801479399204254,0.3100000023841858,1.308750033378601
3370,0.5839999914169312,1.117454171180725,-2.668750047683716,1.3899999856948853
3371,0.9926249384880066,0.19002173840999603,0.6000000238418579,1.3574999570846558
3372,1.062000036239624,0.19943685829639435,0.8174999952316284,1.5549999475479126
3373,1.2064998149871826,0.18985094130039215,0.78125,1.4900000095367432
3374,1.0509999990463257,0.2333933264017105,0.48750001192092896,1.3550000190734863
3375,1.190750002861023,0.1529483050107956,0.925000011920929,1.4587500095367432
3376,0.9139999151229858,0.37274184823036194,0.2175000011920929,1.4049999713897705
3377,1.0318748950958252,0.251595675945282,0.53125,1.368749976158142
3378,0.5814999341964722,1.157509446144104,-2.8662500381469727,1.2587499618530273
3379,0.46875,1.1807551383972168,-2.825000047683716,1.2887500524520874
3380,1.0183749198913574,0.22456489503383636,0.6012499928474426,1.3825000524520874
3381,0.9800000190734863,0.22476723790168762,0.6474999785423279,1.409999966621399
3382,0.90562504529953,0.35935455560684204,0.23499999940395355,1.350000023841858
3383,0.8672500848770142,0.26991307735443115,0.36000001430511475,1.221250057220459
3384,1.0417500734329224,0.17646901309490204,0.7262499928474426,1.3174999952316284
3385,0.5351250171661377,1.1515733003616333,-2.7850000858306885,1.5225000381469727
3386,1.065000057220459,0.15833312273025513,0.8174999952316284,1.3962500095367432
3387,0.7746250033378601,0.6222795844078064,-0.8324999809265137,1.2274999618530273
3388,1.0474998950958252,0.31259697675704956,0.2737500071525574,1.3912500143051147
3389,1.0682499408721924,0.2499488741159439,0.33500000834465027,1.2412500381469727
3390,1.0701249837875366,0.19779208302497864,0.574999988079071,1.3125
3391,1.1338748931884766,0.2312273383140564,0.7087500095367432,1.471250057220459
3392,1.0317500829696655,0.24355068802833557,0.6600000262260437,1.4487500190734863
3393,1.090000033378601,0.17203742265701294,0.8149999976158142,1.2612500190734863
3394,1.0687501430511475,0.22745603322982788,0.7825000286102295,1.350000023841858
3395,0.9788749814033508,0.27876707911491394,0.1899999976158142,1.2424999475479126
3396,0.9948750734329224,0.1299404352903366,0.831250011920929,1.2450000047683716
3397,1.0515000820159912,0.3016313910484314,0.3412500023841858,1.3987499475479126
3398,0.9541250467300415,0.3429541289806366,0.06499999761581421,1.243749976158142
3399,1.1004998683929443,0.10872439295053482,0.9850000143051147,1.3312499523162842
3400,1.0353749990463257,0.17950108647346497,0.7637500166893005,1.3487499952316284
3401,0.6646249890327454,1.1568143367767334,-2.71875,1.472499966621399
3402,0.8966250419616699,0.5658116340637207,-0.706250011920929,1.3262499570846558
3403,0.7672499418258667,1.2243294715881348,-2.893749952316284,1.3250000476837158
3404,0.9259999990463257,0.43985041975975037,0.03999999910593033,1.408750057220459
3405,0.9382500648498535,0.24606670439243317,0.42625001072883606,1.3450000286102295
3406,1.059249997138977,0.3560504913330078,0.16875000298023224,1.5362499952316284
3407,1.051375150680542,0.12455852329730988,0.8537499904632568,1.2999999523162842
3408,1.0336250066757202,0.25445863604545593,0.42124998569488525,1.3174999952316284
3409,1.121000051498413,0.24240899085998535,0.5400000214576721,1.4187500476837158
3410,0.7038750052452087,1.2054229974746704,-2.856250047683716,1.3112499713897705
3411,0.5630000233650208,1.1914541721343994,-2.825000047683716,1.309999942779541
3412,1.1540000438690186,0.11209622025489807,1.0012500286102295,1.2962499856948853
3413,1.1142499446868896,0.22159872949123383,0.6962500214576721,1.441249966621399
3414,0.9993749856948853,0.20009158551692963,0.7124999761581421,1.350000023841858
3415,1.1258751153945923,0.2095300257205963,0.7325000166893005,1.4950000047683716
3416,0.9160000681877136,0.28804123401641846,0.35374999046325684,1.3387500047683716
3417,1.1106250286102295,0.09155642986297607,0.9350000023841858,1.221250057220459
3418,0.9928749203681946,0.36151590943336487,0.14624999463558197,1.3049999475479126
3419,0.9762500524520874,0.19912543892860413,0.44749999046325684,1.1449999809265137
3420,1.1037499904632568,0.1645125299692154,0.9150000214576721,1.4737499952316284
3421,1.0982500314712524,0.12282508611679077,0.8949999809265137,1.2825000286102295
3422,1.1327499151229858,0.20694264769554138,0.7212499976158142,1.4137500524520874
3423,1.071250081062317,0.18544119596481323,0.6587499976158142,1.283750057220459
3424,0.9085000157356262,0.2640056610107422,0.3812499940395355,1.3637499809265137
3425,0.9583749771118164,0.3486693799495697,0.036249998956918716,1.3200000524520874
3426,1.207124948501587,0.18280115723609924,0.8600000143051147,1.4362499713897705
3427,0.9484999775886536,0.24323135614395142,0.26499998569488525,1.128749966621399
3428,1.190500020980835,0.199378103017807,0.8737499713897705,1.475000023841858
3429,1.0427501201629639,0.2472364902496338,0.4137499928474426,1.3300000429153442
3430,0.9728749990463257,0.16803091764450073,0.7074999809265137,1.2274999618530273
3431,0.8970000147819519,0.5210479497909546,-0.47999998927116394,1.493749976158142
3432,0.9564999341964722,0.2858899235725403,0.2562499940395355,1.2337499856948853
3433,1.0378749370574951,0.224090576171875,0.6349999904632568,1.440000057220459
3434,0.9376250505447388,0.32572871446609497,0.054999999701976776,1.2287499904632568
3435,0.9275000691413879,0.33372941613197327,0.0949999988079071,1.3849999904632568
3436,1.0003750324249268,0.3652559220790863,0.01875000074505806,1.2862499952316284
3437,0.981124997138977,0.6245669722557068,-0.8199999928474426,1.4537500143051147
3438,0.7566249966621399,0.5324345827102661,-0.5849999785423279,1.316249966621399
3439,1.0641250610351562,0.23207423090934753,0.6362500190734863,1.3574999570846558
3440,0.9889999628067017,0.14921440184116364,0.7275000214576721,1.2237499952316284
3441,1.0218751430511475,0.3015062212944031,0.4000000059604645,1.3674999475479126
3442,0.9505001306533813,0.34745290875434875,0.13375000655651093,1.2825000286102295
3443,1.0873750448226929,0.15660105645656586,0.8587499856948853,1.4275000095367432
3444,1.0832500457763672,0.21537190675735474,0.8050000071525574,1.4987499713897705
3445,0.9451249837875366,0.20140711963176727,0.6150000095367432,1.2599999904632568
3446,1.0800000429153442,0.21413633227348328,0.6775000095367432,1.4987499713897705
3447,0.5306249856948853,1.355607032775879,-3.3887500762939453,1.4887499809265137
3448,0.953374981880188,0.2001265585422516,0.4749999940395355,1.1749999523162842
3449,1.0385000705718994,0.1586877852678299,0.7412499785423279,1.2337499856948853
3450,1.0804998874664307,0.22543027997016907,0.7362499833106995,1.4674999713897705
3451,1.0699999332427979,0.16988874971866608,0.8587499856948853,1.434999942779541
3452,0.8411250114440918,0.32184305787086487,-0.021250000223517418,1.181249976158142
3453,1.0148749351501465,0.2323436588048935,0.5837500095367432,1.4225000143051147
3454,0.9132500886917114,0.3484802544116974,-0.054999999701976776,1.2037500143051147
3455,1.0512499809265137,0.21404074132442474,0.6499999761581421,1.4850000143051147
3456,1.0623749494552612,0.25847476720809937,0.6650000214576721,1.4800000190734863
3457,0.9117500185966492,0.6669918894767761,-1.068750023841858,1.274999976158142
3458,0.8166249990463257,0.4464190900325775,0.05000000074505806,1.3912500143051147
3459,1.120750069618225,0.1873083859682083,0.75,1.441249966621399
3460,0.9211249351501465,0.4001021087169647,0.032499998807907104,1.434999942779541
3461,0.6548750400543213,1.1908401250839233,-2.836250066757202,1.4249999523162842
3462,1.048875093460083,0.19849783182144165,0.6762499809265137,1.3624999523162842
3463,1.1772500276565552,0.18700584769248962,0.8199999928474426,1.5137499570846558
3464,0.9526249766349792,0.24914005398750305,0.4675000011920929,1.4487500190734863
3465,1.1827501058578491,0.19111990928649902,0.8600000143051147,1.5175000429153442
3466,1.0337499380111694,0.24972735345363617,0.4399999976158142,1.3025000095367432
3467,0.8654999732971191,0.2331705391407013,0.3787499964237213,1.162500023841858
3468,1.056749939918518,0.17327472567558289,0.7637500166893005,1.3250000476837158
3469,0.9326249957084656,0.48534056544303894,-0.29249998927116394,1.441249966621399
3470,1.034500002861023,0.19875173270702362,0.5487499833106995,1.350000023841858
3471,1.0826250314712524,0.19741253554821014,0.6862499713897705,1.3274999856948853
3472,1.0693750381469727,0.1583077311515808,0.7487499713897705,1.3250000476837158
3473,0.831375002861023,0.3450853228569031,0.10750000178813934,1.2400000095367432
3474,1.103124976158142,0.17236430943012238,0.7875000238418579,1.372499942779541
3475,1.0862500667572021,0.2543582618236542,0.7275000214576721,1.4862500429153442
3476,0.7411249876022339,1.19407057762146,-2.8062500953674316,1.4225000143051147
3477,0.9537500143051147,0.24460552632808685,0.2824999988079071,1.1612499952316284
3478,1.0732500553131104,0.24425603449344635,0.6112499833106995,1.4500000476837158
3479,0.8260000348091125,0.5640677213668823,-0.8125,1.1487499475479126
3480,1.056249976158142,0.25362125039100647,0.4449999928474426,1.4900000095367432
3481,0.6133748888969421,1.234839677810669,-2.848750114440918,1.4850000143051147
3482,0.9660000801086426,0.3089340627193451,0.4350000023841858,1.3862500190734863
3483,0.9256250262260437,0.28989720344543457,0.15625,1.2112499475479126
3484,0.8985000848770142,0.556870698928833,-0.3100000023841858,1.5012500286102295
3485,0.9961250424385071,0.5775133967399597,-0.643750011920929,1.4299999475479126
3486,0.8985000848770142,0.5845636129379272,-0.45875000953674316,1.4500000476837158
3487,0.9521249532699585,0.3927455544471741,0.20000000298023224,1.5
3488,0.8725000619888306,0.6119576692581177,-0.6274999976158142,1.5087499618530273
3489,1.1146249771118164,0.18944083154201508,0.7699999809265137,1.4175000190734863
3490,0.9103749990463257,0.3467848002910614,0.061250001192092896,1.3550000190734863
3491,1.0391249656677246,0.49122998118400574,-0.35624998807907104,1.4812500476837158
3492,0.5793750286102295,1.1829112768173218,-2.7874999046325684,1.431249976158142
3493,1.010374903678894,0.35332220792770386,-0.007499999832361937,1.3212499618530273
3494,0.9098750352859497,0.3457557260990143,0.28125,1.2987500429153442
3495,1.0768749713897705,0.2240642011165619,0.6037499904632568,1.441249966621399
3496,0.9073749780654907,0.3577688932418823,0.0,1.3899999856948853
3497,1.0871250629425049,0.19486215710639954,0.7137500047683716,1.283750057220459
3498,1.1090000867843628,0.21420040726661682,0.7212499976158142,1.403749942779541
3499,0.9536250233650208,0.28837284445762634,0.5737500190734863,1.3862500190734863
3500,0.9832499623298645,0.4620150029659271,-0.2775000035762787,1.412500023841858
3501,1.0986250638961792,0.2157323807477951,0.6524999737739563,1.3862500190734863
3502,1.0087499618530273,0.3855438530445099,-0.023749999701976776,1.431249976158142
3503,1.0544999837875366,0.22923187911510468,0.6349999904632568,1.434999942779541
3504,1.0801249742507935,0.16665314137935638,0.8087499737739563,1.283750057220459
3505,0.8889999389648438,0.30887991189956665,0.10750000178813934,1.309999942779541
3506,0.8223749995231628,0.4097581207752228,-0.20250000059604645,1.2087500095367432
3507,0.9494999647140503,0.3963896632194519,-0.14624999463558197,1.277500033378601
3508,1.0697500705718994,0.21056976914405823,0.7699999809265137,1.4187500476837158
3509,0.8976249694824219,0.21341527998447418,0.5024999976158142,1.2575000524520874
3510,1.0048749446868896,0.6461859941482544,-0.8012499809265137,1.4900000095367432
3511,0.919374942779541,0.39829376339912415,0.11749999970197678,1.412500023841858
3512,1.0802500247955322,0.23940275609493256,0.8012499809265137,1.5549999475479126
3513,1.0605000257492065,0.10471419990062714,0.9049999713897705,1.3137500286102295
3514,1.0746248960494995,0.12605063617229462,0.8362500071525574,1.277500033378601
3515,1.136875033378601,0.1942407190799713,0.7074999809265137,1.527500033378601
3516,1.0017499923706055,0.35322317481040955,0.09000000357627869,1.3537499904632568
3517,1.0361249446868896,0.1610439270734787,0.793749988079071,1.2725000381469727
3518,0.9602500796318054,0.16146090626716614,0.7149999737739563,1.2662500143051147
3519,0.9893749952316284,0.24789883196353912,0.5724999904632568,1.381250023841858
3520,1.015874981880188,0.3233032822608948,0.3174999952316284,1.3212499618530273
3521,0.43812504410743713,1.2009254693984985,-2.8187499046325684,1.2912499904632568
3522,1.0308749675750732,0.22496530413627625,0.5837500095367432,1.4574999809265137
3523,1.0343749523162842,0.21849216520786285,0.5375000238418579,1.318750023841858
3524,0.4917500615119934,1.1679069995880127,-2.768749952316284,1.3987499475479126
3525,1.0318750143051147,0.29122331738471985,0.4012500047683716,1.4275000095367432
3526,0.9781249761581421,0.32492610812187195,0.08500000089406967,1.256250023841858
3527,0.6572499871253967,1.2387524843215942,-2.856250047683716,1.443750023841858
3528,0.8542500734329224,0.4465206265449524,-0.35624998807907104,1.2987500429153442
3529,0.7899999618530273,0.5961748361587524,-0.6987500190734863,1.2487499713897705
3530,0.9442499279975891,0.5822650790214539,-0.7275000214576721,1.403749942779541
3531,1.0148749351501465,0.139314666390419,0.7699999809265137,1.162500023841858
3532,0.8546250462532043,0.4329723119735718,-0.07999999821186066,1.284999966621399
3533,1.1141250133514404,0.18748421967029572,0.8725000023841858,1.443750023841858
3534,0.6943749785423279,0.637026309967041,-0.7549999952316284,1.2599999904632568
3535,0.6613749861717224,0.7446757555007935,-0.7900000214576721,1.5412499904632568
3536,0.6697500348091125,1.166541576385498,-2.799999952316284,1.3025000095367432
3537,1.0602500438690186,0.21712236106395721,0.48875001072883606,1.2450000047683716
3538,0.8896249532699585,0.6405208110809326,-0.4662500023841858,1.4887499809265137
3539,1.1307499408721924,0.1870337575674057,0.856249988079071,1.4299999475479126
3540,1.1388750076293945,0.17393015325069427,0.7699999809265137,1.3362499475479126
3541,1.084625005722046,0.1288895457983017,0.9200000166893005,1.3224999904632568
3542,1.2312500476837158,0.23579388856887817,0.7124999761581421,1.5412499904632568
3543,1.0266249179840088,0.2953202724456787,0.4925000071525574,1.4225000143051147
3544,1.056999921798706,0.17530617117881775,0.7024999856948853,1.2274999618530273
3545,1.168375015258789,0.36954450607299805,0.2224999964237213,1.5637500286102295
3546,0.9884999394416809,0.2382453978061676,0.3474999964237213,1.247499942779541
3547,1.013124942779541,0.5201935768127441,-0.3712500035762787,1.5412499904632568
3548,0.7701249718666077,1.230851650238037,-2.893749952316284,1.4537500143051147
3549,1.0042500495910645,0.33807599544525146,0.2212499976158142,1.3937499523162842
3550,1.067624807357788,0.28958940505981445,0.4399999976158142,1.5412499904632568
3551,1.0573750734329224,0.17055374383926392,0.7024999856948853,1.4012500047683716
3552,0.9640000462532043,0.21878984570503235,0.45750001072883606,1.25
3553,1.0721250772476196,0.11822390556335449,0.8862500190734863,1.2825000286102295
3554,0.9769998788833618,0.4614962637424469,-0.29624998569488525,1.4587500095367432
3555,1.152250051498413,0.16631652414798737,0.9300000071525574,1.5137499570846558
3556,1.112625002861023,0.1460323929786682,0.8349999785423279,1.3487499952316284
3557,1.0011249780654907,0.27622368931770325,0.48249998688697815,1.4800000190734863
3558,1.0591250658035278,0.12448777258396149,0.875,1.2450000047683716
3559,1.193000078201294,0.15398173034191132,0.9887499809265137,1.434999942779541
3560,1.0483750104904175,0.23393914103507996,0.45750001072883606,1.274999976158142
3561,1.0938749313354492,0.14939822256565094,0.8700000047683716,1.3912500143051147
3562,1.0586249828338623,0.2268868386745453,0.48750001192092896,1.2587499618530273
3563,1.039000153541565,0.23359206318855286,0.6537500023841858,1.527500033378601
3564,1.1054999828338623,0.2900259792804718,0.32499998807907104,1.4950000047683716
3565,1.0505001544952393,0.10381202399730682,0.8787500262260437,1.1950000524520874
3566,0.9473751187324524,0.3169460892677307,0.2574999928474426,1.4574999809265137
3567,1.0796250104904175,0.25886234641075134,0.4950000047683716,1.350000023841858
3568,0.9097499847412109,0.6978027820587158,-0.8125,1.5549999475479126
3569,1.125249981880188,0.2046588659286499,0.75,1.3587499856948853
3570,1.019624948501587,0.1414777636528015,0.7962499856948853,1.221250057220459
3571,1.0493749380111694,0.22456574440002441,0.5862500071525574,1.3862500190734863
3572,1.0298750400543213,0.14217005670070648,0.737500011920929,1.2587499618530273
3573,1.1201250553131104,0.14021238684654236,0.8725000023841858,1.3025000095367432
3574,0.888124942779541,0.26588431000709534,0.45500001311302185,1.225000023841858
3575,1.037000060081482,0.2717542350292206,0.5425000190734863,1.4450000524520874
3576,0.6381250619888306,1.1381384134292603,-2.7562499046325684,1.2050000429153442
3577,1.0378750562667847,0.17929205298423767,0.6474999785423279,1.2712500095367432
3578,1.0623749494552612,0.4567604959011078,-0.15000000596046448,1.5137499570846558
3579,1.05287504196167,0.1876741200685501,0.6912500262260437,1.3737499713897705
3580,1.0625,0.2540404498577118,0.5062500238418579,1.3250000476837158
3581,0.9497500658035278,0.31615355610847473,0.3449999988079071,1.3862500190734863
3582,1.0774999856948853,0.15036724507808685,0.8162500262260437,1.3075000047683716
3583,0.9274999499320984,0.3693833649158478,0.07500000298023224,1.350000023841858
3584,0.3891250193119049,1.3876771926879883,-3.559999942779541,1.2237499952316284
3585,0.812749981880188,0.6289107203483582,-0.9537500143051147,1.4249999523162842
3586,0.6012499928474426,1.2506362199783325,-2.9124999046325684,1.3200000524520874
3587,1.1383750438690186,0.26158055663108826,0.637499988079071,1.4900000095367432
3588,1.024999976158142,0.3937154710292816,0.32374998927116394,1.5087499618530273
3589,1.0668751001358032,0.1545024812221527,0.8075000047683716,1.2962499856948853
3590,0.6924999952316284,1.2369413375854492,-2.997499942779541,1.283750057220459
3591,1.1221249103546143,0.11319374293088913,0.9725000262260437,1.2899999618530273
3592,1.1897499561309814,0.10597582906484604,1.033750057220459,1.3825000524520874
3593,1.176374912261963,0.20867323875427246,0.8299999833106995,1.53125
3594,1.1662499904632568,0.21929790079593658,0.8262500166893005,1.527500033378601
3595,1.1360000371932983,0.11731075495481491,0.9337499737739563,1.2999999523162842
3596,0.950999915599823,0.49430564045906067,-0.45249998569488525,1.4850000143051147
3597,1.096500039100647,0.258456826210022,0.5274999737739563,1.3637499809265137
3598,0.9961249232292175,0.23685072362422943,0.4637500047683716,1.2962499856948853
3599,1.0412499904632568,0.44663673639297485,-0.20000000298023224,1.4487500190734863
3600,0.8053750991821289,0.4996567666530609,-0.04874999821186066,1.5362499952316284
3601,0.8697500228881836,0.5685057044029236,-0.6650000214576721,1.350000023841858
3602,0.9455000758171082,0.37398621439933777,-0.0012499999720603228,1.3762500286102295
3603,0.9168750643730164,0.4184092879295349,-0.012500000186264515,1.3137500286102295
3604,1.1223748922348022,0.16135020554065704,0.8650000095367432,1.368749976158142
3605,0.7776250243186951,0.6589156985282898,-0.8762500286102295,1.3674999475479126
3606,0.8517500162124634,0.5267017483711243,-0.4399999976158142,1.408750057220459
3607,0.4776249825954437,1.2050292491912842,-2.8862500190734863,1.368749976158142
3608,1.0356249809265137,0.17412391304969788,0.675000011920929,1.253749966621399
3609,0.5562499761581421,1.3305983543395996,-3.3162500858306885,1.3200000524520874
3610,1.0457500219345093,0.19146490097045898,0.6487500071525574,1.3550000190734863
3611,1.058250069618225,0.18867316842079163,0.6449999809265137,1.34375
3612,1.0517499446868896,0.2555210292339325,0.5400000214576721,1.4325000047683716
3613,0.7505000233650208,0.6271822452545166,-0.38749998807907104,1.346250057220459
3614,0.5972500443458557,1.311265230178833,-2.9937500953674316,1.4850000143051147
3615,1.0856250524520874,0.09043341875076294,0.9150000214576721,1.2050000429153442
3616,1.1987498998641968,0.22585462033748627,0.6025000214576721,1.441249966621399
3617,1.120499849319458,0.23107101023197174,0.6349999904632568,1.5087499618530273
3618,1.0,0.2851863205432892,0.4950000047683716,1.4674999713897705
3619,0.9988750219345093,0.546470046043396,-0.5787500143051147,1.4075000286102295
3620,1.1594998836517334,0.255375474691391,0.6349999904632568,1.4800000190734863
3621,1.1173750162124634,0.23891581594944,0.7487499713897705,1.4850000143051147
3622,1.315250039100647,0.15093126893043518,1.128749966621399,1.5362499952316284
3623,0.9033750295639038,0.4363642632961273,-0.007499999832361937,1.3350000381469727
3624,1.0538749694824219,0.18149246275424957,0.7462499737739563,1.503749966621399
3625,1.0801249742507935,0.1693068891763687,0.7875000238418579,1.3862500190734863
3626,1.080375075340271,0.28916260600090027,0.26875001192092896,1.350000023841858
3627,0.9590001106262207,0.2739472985267639,0.48500001430511475,1.472499966621399
3628,0.8296250104904175,0.5849847793579102,-0.8487499952316284,1.3125
3629,0.6477500200271606,1.2024178504943848,-2.8812499046325684,1.4487500190734863
3630,1.0568749904632568,0.20964346826076508,0.675000011920929,1.381250023841858
3631,1.141124963760376,0.19734999537467957,0.7149999737739563,1.412500023841858
3632,1.1227500438690186,0.18644939363002777,0.7337499856948853,1.4487500190734863
3633,1.1288750171661377,0.11480207741260529,0.9100000262260437,1.2762500047683716
3634,0.7456250190734863,1.1808738708496094,-2.737499952316284,1.4800000190734863
3635,1.086125135421753,0.16803781688213348,0.7437499761581421,1.3274999856948853
3636,1.0029999017715454,0.3772827386856079,0.14624999463558197,1.4637500047683716
3637,0.596875011920929,1.20232355594635,-2.875,1.4049999713897705
3638,1.0744999647140503,0.21366167068481445,0.6549999713897705,1.3637499809265137
3639,1.029749870300293,0.34513214230537415,0.36125001311302185,1.5412499904632568
3640,1.112625002861023,0.15999165177345276,0.78125,1.3274999856948853
3641,1.1186249256134033,0.10815275460481644,0.9649999737739563,1.2762500047683716
3642,1.1621249914169312,0.19731561839580536,0.6299999952316284,1.3862500190734863
3643,1.0822499990463257,0.13652244210243225,0.8424999713897705,1.2912499904632568
3644,0.8773750066757202,0.5068010687828064,-0.35374999046325684,1.4225000143051147
3645,1.0616250038146973,0.18002520501613617,0.7275000214576721,1.399999976158142
3646,1.0789998769760132,0.18560945987701416,0.7250000238418579,1.472499966621399
3647,0.9259999990463257,0.33087044954299927,0.10625000298023224,1.318750023841858
3648,0.8206250071525574,0.5520210862159729,-0.4749999940395355,1.308750033378601
3649,1.0512499809265137,0.18648476898670197,0.7962499856948853,1.475000023841858
3650,1.0209999084472656,0.2301696240901947,0.5662500262260437,1.431249976158142
3651,1.035249948501587,0.275646835565567,0.550000011920929,1.4049999713897705
3652,0.9856249690055847,0.3350681960582733,0.021250000223517418,1.2575000524520874
3653,0.9440000653266907,0.6271328330039978,-0.856249988079071,1.4137500524520874
3654,1.057999849319458,0.14290751516819,0.8787500262260437,1.3362499475479126
3655,1.0742499828338623,0.2728719711303711,0.36500000953674316,1.4299999475479126
3656,0.6732500195503235,1.1976701021194458,-2.893749952316284,1.4175000190734863
3657,0.9328749775886536,0.33969613909721375,-0.019999999552965164,1.1799999475479126
3658,1.0166250467300415,0.29518163204193115,0.3187499940395355,1.3337500095367432
3659,1.0825001001358032,0.17230604588985443,0.6775000095367432,1.3300000429153442
3660,0.8938749432563782,0.4736086428165436,-0.23999999463558197,1.4850000143051147
3661,1.0937498807907104,0.41100794076919556,-0.04374999925494194,1.527500033378601
3662,0.6513749361038208,1.1439261436462402,-2.755000114440918,1.2712500095367432
3663,1.1823750734329224,0.1922721564769745,0.9287499785423279,1.5075000524520874
3664,1.0460001230239868,0.22458352148532867,0.7524999976158142,1.341249942779541
3665,0.922624945640564,0.29932549595832825,0.44624999165534973,1.4249999523162842
3666,1.1246249675750732,0.2867261469364166,0.39250001311302185,1.4574999809265137
3667,0.9772499799728394,0.47543424367904663,-0.32624998688697815,1.534999966621399
3668,1.003749966621399,0.170267254114151,0.6324999928474426,1.2287499904632568
3669,1.164250135421753,0.2567977011203766,0.7699999809265137,1.5137499570846558
3670,1.0397499799728394,0.38062193989753723,0.07249999791383743,1.5449999570846558
3671,1.0059999227523804,0.2929152250289917,0.42124998569488525,1.347499966621399
3672,1.0777499675750732,0.2651861310005188,0.7875000238418579,1.4500000476837158
3673,0.9966250658035278,0.19715480506420135,0.6337500214576721,1.221250057220459
3674,0.8715000152587891,0.4302810728549957,-0.26374998688697815,1.402500033378601
3675,0.8677499890327454,0.3893507719039917,-0.19499999284744263,1.3025000095367432
3676,1.0536249876022339,0.2389812022447586,0.5350000262260437,1.5
3677,1.112125039100647,0.268827348947525,0.5087500214576721,1.5225000381469727
3678,1.0736249685287476,0.20394809544086456,0.7099999785423279,1.3537499904632568
3679,1.0432499647140503,0.18548010289669037,0.5625,1.2649999856948853
3680,1.0036250352859497,0.28254061937332153,0.3087500035762787,1.2362500429153442
3681,1.1359999179840088,0.1873939484357834,0.7325000166893005,1.3362499475479126
3682,1.0777499675750732,0.17582111060619354,0.7850000262260437,1.3912500143051147
3683,1.0492498874664307,0.21382176876068115,0.5924999713897705,1.441249966621399
3684,0.8528750538825989,0.5034918785095215,-0.35499998927116394,1.2312500476837158
3685,0.9413748979568481,0.30088484287261963,0.5212500095367432,1.4049999713897705
3686,0.9928749799728394,0.3088527321815491,0.13875000178813934,1.2587499618530273
3687,1.1035000085830688,0.2553507387638092,0.5262500047683716,1.412500023841858
3688,1.0688749551773071,0.12021263688802719,0.8999999761581421,1.2962499856948853
3689,1.0152499675750732,0.15565265715122223,0.6412500143051147,1.181249976158142
3690,0.9673749804496765,0.18654461205005646,0.48875001072883606,1.215000033378601
3691,1.059499979019165,0.12387391924858093,0.8774999976158142,1.2949999570846558
3692,1.0470000505447388,0.3115135431289673,0.3075000047683716,1.399999976158142
3693,1.048875093460083,0.26073721051216125,0.6700000166893005,1.53125
3694,1.0758750438690186,0.29601573944091797,0.39750000834465027,1.3700000047683716
3695,1.1685000658035278,0.2240569144487381,0.6587499976158142,1.5225000381469727
3696,0.8638750314712524,0.40754234790802,-0.08749999850988388,1.2912499904632568
3697,0.9595000147819519,0.2590826451778412,0.41624999046325684,1.3237500190734863
3698,1.0212500095367432,0.22383518517017365,0.5487499833106995,1.274999976158142
3699,0.919124960899353,0.35752013325691223,-0.11249999701976776,1.2087500095367432
3700,1.0051249265670776,0.26044759154319763,0.35499998927116394,1.2999999523162842
3701,0.9711250066757202,0.14334122836589813,0.7149999737739563,1.181249976158142
3702,1.057249903678894,0.2612408995628357,0.5112500190734863,1.441249966621399
3703,1.0241249799728394,0.24775241315364838,0.5799999833106995,1.3387500047683716
3704,1.0750000476837158,0.23399652540683746,0.6800000071525574,1.5225000381469727
3705,1.1365001201629639,0.10647448897361755,1.0187499523162842,1.346250057220459
3706,0.5900000333786011,1.2173043489456177,-2.762500047683716,1.527500033378601
3707,0.9810000658035278,0.37104615569114685,0.2562499940395355,1.408750057220459
3708,1.0037500858306885,0.1671759933233261,0.7850000262260437,1.318750023841858
3709,0.44962501525878906,1.3160151243209839,-2.942500114440918,1.2725000381469727
3710,0.924750030040741,0.39674487709999084,-0.10999999940395355,1.5087499618530273
3711,1.1616250276565552,0.19049035012722015,0.8949999809265137,1.472499966621399
3712,0.9074999690055847,0.32091274857521057,0.2800000011920929,1.191249966621399
3713,0.9896249771118164,0.14832505583763123,0.6974999904632568,1.3312499523162842
3714,0.9195000529289246,0.41980618238449097,0.05000000074505806,1.2899999618530273
3715,1.0127500295639038,0.17513637244701385,0.8149999976158142,1.3862500190734863
3716,1.0147498846054077,0.27711278200149536,0.5,1.5087499618530273
3717,0.9528749585151672,0.16585767269134521,0.6175000071525574,1.1349999904632568
3718,1.0361249446868896,0.2671250104904175,0.5237500071525574,1.4487500190734863
3719,1.1231249570846558,0.18223461508750916,0.9350000023841858,1.4774999618530273
3720,1.0115001201629639,0.24478867650032043,0.33375000953674316,1.2799999713897705
3721,0.9131250381469727,0.4284566044807434,0.03375000134110451,1.5412499904632568
3722,1.156749963760376,0.19939063489437103,0.8812500238418579,1.4887499809265137
3723,1.0737500190734863,0.2467317283153534,0.42250001430511475,1.3312499523162842
3724,1.0842499732971191,0.21066203713417053,0.5237500071525574,1.34375
3725,1.1266248226165771,0.16983270645141602,0.8725000023841858,1.408750057220459
3726,1.0806249380111694,0.22789201140403748,0.6474999785423279,1.3274999856948853
3727,1.14187490940094,0.17393356561660767,0.7799999713897705,1.3674999475479126
3728,0.8141250610351562,0.4574088454246521,-0.05375000089406967,1.4774999618530273
3729,0.6341249942779541,1.1823965311050415,-2.8399999141693115,1.3174999952316284
3730,0.7198750376701355,1.1866455078125,-2.799999952316284,1.3274999856948853
3731,0.5397499799728394,1.2491623163223267,-2.8087499141693115,1.440000057220459
3732,1.0372501611709595,0.300299733877182,0.2737500071525574,1.340000033378601
3733,1.071624994277954,0.10586555302143097,0.9087499976158142,1.2100000381469727
3734,1.0641249418258667,0.16846276819705963,0.8037499785423279,1.3550000190734863
3735,0.5752500295639038,1.229827880859375,-2.9049999713897705,1.53125
3736,0.9546250104904175,0.4536139965057373,-0.3387500047683716,1.3962500095367432
3737,0.8848749995231628,0.3978380858898163,0.0925000011920929,1.368749976158142
3738,1.029249906539917,0.40535059571266174,0.04874999821186066,1.4850000143051147
3739,1.0601251125335693,0.17063525319099426,0.6399999856948853,1.2387499809265137
3740,1.1863750219345093,0.15985780954360962,0.9337499737739563,1.472499966621399
3741,0.6177500486373901,1.219604253768921,-2.9049999713897705,1.3637499809265137
3742,1.0333750247955322,0.2923627197742462,0.3824999928474426,1.3300000429153442
3743,1.0779999494552612,0.245876744389534,0.4925000071525574,1.3324999809265137
3744,0.9577500224113464,0.2865276038646698,0.23250000178813934,1.308750033378601
3745,0.9163749814033508,0.4709184765815735,-0.36125001311302185,1.4049999713897705
3746,0.9926250576972961,0.22318397462368011,0.6949999928474426,1.381250023841858
3747,1.1239999532699585,0.08838798105716705,0.9775000214576721,1.2549999952316284
3748,0.9697500467300415,0.25028473138809204,0.41624999046325684,1.3274999856948853
3749,0.9630001187324524,0.5778433084487915,-0.7350000143051147,1.3762500286102295
3750,1.247999906539917,0.15782922506332397,1.002500057220459,1.527500033378601
3751,0.8301250338554382,0.32423344254493713,0.14124999940395355,1.2200000286102295
3752,0.32612499594688416,1.5943723917007446,-2.8924999237060547,1.527500033378601
3753,0.6144999861717224,1.3472132682800293,-3.1787500381469727,1.4800000190734863
3754,0.9605000615119934,0.5127043128013611,-0.5375000238418579,1.316249966621399
3755,1.1101250648498535,0.2388085275888443,0.5237500071525574,1.4500000476837158
3756,1.1483750343322754,0.21077166497707367,0.8512499928474426,1.462499976158142
3757,0.643750011920929,0.627615749835968,-0.6037499904632568,1.1549999713897705
3758,0.8482500314712524,0.6631735563278198,-0.8999999761581421,1.346250057220459
3759,1.011625051498413,0.49743661284446716,-0.42375001311302185,1.4450000524520874
3760,0.9932500720024109,0.23652710020542145,0.6050000190734863,1.4587500095367432
3761,0.9410001039505005,0.20941272377967834,0.5562499761581421,1.2912499904632568
3762,1.1466251611709595,0.18286354839801788,0.8737499713897705,1.503749966621399
3763,1.0470000505447388,0.2007666677236557,0.6662499904632568,1.412500023841858
3764,0.8108750581741333,0.4555957615375519,-0.10374999791383743,1.5225000381469727
3765,1.0496248006820679,0.2718605399131775,0.4000000059604645,1.3899999856948853
3766,0.9928749203681946,0.15732930600643158,0.6725000143051147,1.184999942779541
3767,0.9271249771118164,0.17109395563602448,0.5512499809265137,1.125
3768,1.1102498769760132,0.20042672753334045,0.8237500190734863,1.5175000429153442
3769,1.0487499237060547,0.23724393546581268,0.6000000238418579,1.3137500286102295
3770,1.0266250371932983,0.22767853736877441,0.5600000023841858,1.2862499952316284
3771,0.9496250152587891,0.2512960135936737,0.4950000047683716,1.2899999618530273
3772,1.111625075340271,0.18038679659366608,0.7024999856948853,1.381250023841858
3773,1.0727500915527344,0.22257569432258606,0.5024999976158142,1.25
3774,0.9827500581741333,0.22003181278705597,0.518750011920929,1.2575000524520874
3775,1.0521249771118164,0.25694847106933594,0.5012500286102295,1.399999976158142
3776,0.8023750185966492,0.626491367816925,-0.8337500095367432,1.5137499570846558
3777,0.21637499332427979,1.585387945175171,-2.9312500953674316,1.278749942779541
3778,0.25062498450279236,1.7101576328277588,-3.440000057220459,1.277500033378601
3779,0.9711250066757202,0.3160935640335083,0.06624999642372131,1.308750033378601
3780,1.0850000381469727,0.11633330583572388,0.9049999713897705,1.2899999618530273
3781,1.1144999265670776,0.21013475954532623,0.6912500262260437,1.5087499618530273
3782,1.082124948501587,0.22170016169548035,0.7049999833106995,1.5225000381469727
3783,1.0906250476837158,0.33435115218162537,0.26875001192092896,1.4900000095367432
3784,1.0596249103546143,0.16305199265480042,0.7712500095367432,1.277500033378601
3785,1.1449999809265137,0.34717610478401184,0.2212499976158142,1.4800000190734863
3786,1.0729999542236328,0.21708019077777863,0.6200000047683716,1.3574999570846558
3787,0.6188750267028809,1.1842097043991089,-2.7437500953674316,1.4187500476837158
3788,1.1095000505447388,0.27730298042297363,0.6712499856948853,1.5362499952316284
3789,1.1583750247955322,0.16475270688533783,0.8899999856948853,1.434999942779541
3790,0.9867500066757202,0.22030109167099,0.6700000166893005,1.4850000143051147
3791,0.8477500677108765,0.45708271861076355,-0.38999998569488525,1.2087500095367432
3792,1.0319998264312744,0.30200693011283875,0.22624999284744263,1.368749976158142
3793,0.9732500314712524,0.20590288937091827,0.5112500190734863,1.225000023841858
3794,1.0575001239776611,0.37506747245788574,0.2549999952316284,1.462499976158142
3795,0.9607499837875366,0.2889956831932068,0.3062500059604645,1.493749976158142
3796,1.0681250095367432,0.20058216154575348,0.7400000095367432,1.5225000381469727
3797,1.033750057220459,0.2609034776687622,0.48249998688697815,1.5412499904632568
3798,0.6421250104904175,1.1671857833862305,-2.799999952316284,1.2887500524520874
3799,1.0258749723434448,0.30321353673934937,0.3100000023841858,1.4175000190734863
3800,0.703125,1.3039958477020264,-3.1875,1.403749942779541
3801,1.0437500476837158,0.21071454882621765,0.6587499976158142,1.2587499618530273
3802,1.0845000743865967,0.2614055871963501,0.48249998688697815,1.462499976158142
3803,0.7181249856948853,1.2948440313339233,-3.1337499618530273,1.4450000524520874
3804,1.0112501382827759,0.1671825349330902,0.6850000023841858,1.28125
3805,1.0296249389648438,0.2620711028575897,0.35374999046325684,1.2737499475479126
3806,0.947874903678894,0.3151111304759979,0.29124999046325684,1.2725000381469727
3807,0.9891250729560852,0.31244802474975586,0.1899999976158142,1.3300000429153442
3808,1.0363749265670776,0.2636044919490814,0.3449999988079071,1.3350000381469727
3809,1.0207499265670776,0.14610591530799866,0.7674999833106995,1.253749966621399
3810,1.0779999494552612,0.1789214313030243,0.8299999833106995,1.3450000286102295
3811,0.9962500333786011,0.20255322754383087,0.4662500023841858,1.181249976158142
3812,0.6923748850822449,1.186245083808899,-2.8499999046325684,1.3025000095367432
3813,0.6567500829696655,1.171491265296936,-2.7987499237060547,1.2412500381469727
3814,1.09375,0.20191890001296997,0.7850000262260437,1.4537500143051147
3815,1.0614999532699585,0.1450805813074112,0.8487499952316284,1.2912499904632568
3816,1.1428749561309814,0.16993111371994019,0.8537499904632568,1.3524999618530273
3817,0.24637500941753387,1.5611058473587036,-2.903749942779541,1.3274999856948853
3818,1.1271250247955322,0.2243288904428482,0.675000011920929,1.3987499475479126
3819,1.1038750410079956,0.13445542752742767,0.8799999952316284,1.3524999618530273
3820,1.1287500858306885,0.21678833663463593,0.8812500238418579,1.5412499904632568
3821,0.6393750309944153,1.2131377458572388,-2.856250047683716,1.4187500476837158
3822,1.0187499523162842,0.26595643162727356,0.46875,1.3637499809265137
3823,1.1921249628067017,0.2177642583847046,0.7774999737739563,1.503749966621399
3824,0.5367500185966492,1.3622108697891235,-3.067500114440918,1.4800000190734863
3825,0.671625018119812,1.172431468963623,-2.7437500953674316,1.3137500286102295
3826,0.9362500309944153,0.34426143765449524,0.01875000074505806,1.216249942779541
3827,1.1511249542236328,0.16971708834171295,0.8324999809265137,1.475000023841858
3828,0.8597500920295715,0.3928588628768921,-0.07374999672174454,1.2725000381469727
3829,1.0010000467300415,0.2443133145570755,0.5950000286102295,1.3674999475479126
3830,1.1598749160766602,0.22623372077941895,0.8799999952316284,1.493749976158142
3831,1.0348750352859497,0.3844888508319855,0.0625,1.472499966621399
3832,0.8343750238418579,0.5141842365264893,-0.23000000417232513,1.3487499952316284
3833,1.0293750762939453,0.2877049744129181,0.3487499952316284,1.4249999523162842
3834,1.2047500610351562,0.15728537738323212,0.8774999976158142,1.3912500143051147
3835,0.7887499928474426,0.30745428800582886,0.2562499940395355,1.2549999952316284
3836,0.7774999737739563,0.6200053095817566,-0.5400000214576721,1.252500057220459
3837,1.0398750305175781,0.2763848304748535,0.3799999952316284,1.3337500095367432
3838,0.6720000505447388,1.1722309589385986,-2.674999952316284,1.3674999475479126
3839,1.1608749628067017,0.2403818964958191,0.6899999976158142,1.5225000381469727
3840,1.0668749809265137,0.13603222370147705,0.8050000071525574,1.2400000095367432
3841,1.251750111579895,0.1437741219997406,1.0612499713897705,1.503749966621399
3842,0.8412500619888306,0.5990270972251892,-0.26875001192092896,1.3287500143051147
3843,0.9356249570846558,0.39511123299598694,-0.05375000089406967,1.4862500429153442
3844,0.9826250076293945,0.2005176544189453,0.6424999833106995,1.3125
3845,1.03249990940094,0.20818938314914703,0.6212499737739563,1.3662500381469727
3846,1.0885000228881836,0.15801283717155457,0.6912500262260437,1.3337500095367432
3847,1.1402499675750732,0.23779705166816711,0.7250000238418579,1.527500033378601
3848,0.8945000767707825,0.5448426008224487,-0.6775000095367432,1.3362499475479126
3849,1.1190000772476196,0.19727109372615814,0.8037499785423279,1.4850000143051147
3850,1.0068750381469727,0.245634526014328,0.5987499952316284,1.3550000190734863
3851,1.0708749294281006,0.4797675311565399,-0.25999999046325684,1.4950000047683716
3852,1.1301249265670776,0.17391133308410645,0.6737499833106995,1.2987500429153442
3853,1.1563749313354492,0.21450485289096832,0.7124999761581421,1.4537500143051147
3854,1.1943747997283936,0.1468643844127655,1.0137499570846558,1.4587500095367432
3855,1.005250096321106,0.24047856032848358,0.6399999856948853,1.5137499570846558
3856,1.1643749475479126,0.22196440398693085,0.8924999833106995,1.503749966621399
3857,0.9207500219345093,0.16688337922096252,0.5149999856948853,1.1174999475479126
3858,0.8926249742507935,0.20930349826812744,0.4449999928474426,1.2050000429153442
3859,0.9805000424385071,0.4205685257911682,-0.11749999970197678,1.4187500476837158
3860,1.0853750705718994,0.1576467901468277,0.90625,1.4987499713897705
3861,1.0747500658035278,0.17267455160617828,0.824999988079071,1.347499966621399
3862,1.116249918937683,0.25516477227211,0.7325000166893005,1.4800000190734863
3863,1.003499984741211,0.33074524998664856,0.2562499940395355,1.4362499713897705
3864,0.9916250109672546,0.30847764015197754,0.3412500023841858,1.4700000286102295
3865,1.113374948501587,0.2086317390203476,0.6287500262260437,1.3574999570846558
3866,1.1414999961853027,0.12413930147886276,0.8962500095367432,1.3450000286102295
3867,0.7403749823570251,0.4911692142486572,-0.4399999976158142,1.221250057220459
3868,1.080625057220459,0.22377321124076843,0.6962500214576721,1.3550000190734863
3869,1.1743749380111694,0.13750824332237244,1.002500057220459,1.4812500476837158
3870,1.0208749771118164,0.1936814934015274,0.6412500143051147,1.2450000047683716
3871,1.0820000171661377,0.20338785648345947,0.6050000190734863,1.3574999570846558
3872,0.5018750429153442,1.285880208015442,-2.956249952316284,1.503749966621399
3873,1.1122500896453857,0.12569406628608704,0.7699999809265137,1.216249942779541
3874,0.8421250581741333,0.29400843381881714,0.16249999403953552,1.1662499904632568
3875,1.0356249809265137,0.1696275919675827,0.6949999928474426,1.2762500047683716
3876,1.0280001163482666,0.14192117750644684,0.7950000166893005,1.2400000095367432
3877,1.0661251544952393,0.15085427463054657,0.8787500262260437,1.3849999904632568
3878,1.1624999046325684,0.14486199617385864,0.8675000071525574,1.4049999713897705
3879,1.0168750286102295,0.1303316056728363,0.8199999928474426,1.3274999856948853
3880,1.0098750591278076,0.19746001064777374,0.6424999833106995,1.3624999523162842
3881,1.000249981880188,0.4861181676387787,-0.35499998927116394,1.5137499570846558
3882,0.6602500081062317,1.2183250188827515,-2.9000000953674316,1.318750023841858
3883,1.0298750400543213,0.25350815057754517,0.45500001311302185,1.4450000524520874
3884,1.000499963760376,0.2445884346961975,0.5299999713897705,1.2912499904632568
3885,0.9542499780654907,0.30754736065864563,0.16124999523162842,1.3274999856948853
3886,0.9578750729560852,0.19597914814949036,0.6462500095367432,1.2912499904632568
3887,1.0646250247955322,0.38069918751716614,0.05375000089406967,1.5449999570846558
3888,1.1204999685287476,0.1224237009882927,0.9412500262260437,1.350000023841858
3889,0.9332499504089355,0.4461313486099243,-0.2800000011920929,1.318750023841858
3890,1.0541249513626099,0.20579347014427185,0.7124999761581421,1.3112499713897705
3891,1.1167500019073486,0.22209949791431427,0.7875000238418579,1.5137499570846558
3892,1.034250020980835,0.25766998529434204,0.5362499952316284,1.5362499952316284
3893,0.965624988079071,0.28957149386405945,0.29624998569488525,1.283750057220459
3894,1.095500111579895,0.2652340829372406,0.6050000190734863,1.4487500190734863
3895,0.9539999961853027,0.22802604734897614,0.6387500166893005,1.2625000476837158
3896,1.212249994277954,0.2317122370004654,0.7587500214576721,1.5225000381469727
3897,1.077875018119812,0.1715608835220337,0.8050000071525574,1.3137500286102295
3898,0.9116250276565552,0.20157739520072937,0.6100000143051147,1.1612499952316284
3899,1.016624927520752,0.3490791320800781,0.11500000208616257,1.4924999475479126
3900,1.0507500171661377,0.17427009344100952,0.7149999737739563,1.2587499618530273
3901,1.1987500190734863,0.14675232768058777,1.006250023841858,1.5549999475479126
3902,1.2002500295639038,0.2569197416305542,0.7087500095367432,1.5087499618530273
3903,1.138624906539917,0.2462376058101654,0.7774999737739563,1.4900000095367432
3904,1.003250002861023,0.2870105504989624,0.4037500023841858,1.4387500286102295
3905,1.0401250123977661,0.1573207825422287,0.8737499713897705,1.3674999475479126
3906,1.0392500162124634,0.15554963052272797,0.6912500262260437,1.2825000286102295
3907,0.8939999341964722,0.39269015192985535,0.04125000163912773,1.2887500524520874
3908,1.1357500553131104,0.18015635013580322,0.7850000262260437,1.4275000095367432
3909,1.0888750553131104,0.29533955454826355,0.33500000834465027,1.4487500190734863
3910,1.0386250019073486,0.1960623860359192,0.7987499833106995,1.4950000047683716
3911,1.1421250104904175,0.18515454232692719,0.8587499856948853,1.4637500047683716
3912,1.0805000066757202,0.21507571637630463,0.737500011920929,1.4800000190734863
3913,1.0338749885559082,0.23113609850406647,0.6612499952316284,1.3550000190734863
3914,0.9444999694824219,0.37883174419403076,-0.10999999940395355,1.3274999856948853
3915,1.0087499618530273,0.3523270785808563,0.3375000059604645,1.4674999713897705
3916,1.079124927520752,0.19307710230350494,0.7962499856948853,1.350000023841858
3917,1.1074999570846558,0.1518191695213318,0.8012499809265137,1.3200000524520874
3918,0.9478750228881836,0.38376954197883606,0.2150000035762787,1.5362499952316284
3919,1.096750020980835,0.22877337038516998,0.6637499928474426,1.3537499904632568
3920,0.6718748807907104,1.3056734800338745,-3.2300000190734863,1.372499942779541
3921,0.9187501072883606,0.4074750542640686,0.24375000596046448,1.3200000524520874
3922,1.034999966621399,0.2568219304084778,0.4399999976158142,1.309999942779541
3923,0.922249972820282,0.3119148313999176,0.24375000596046448,1.3362499475479126
3924,1.0301250219345093,0.18315932154655457,0.5649999976158142,1.1924999952316284
3925,1.2041250467300415,0.1338796764612198,0.9825000166893005,1.4887499809265137
3926,1.0474998950958252,0.1844535619020462,0.6600000262260437,1.3049999475479126
3927,1.1744999885559082,0.12927104532718658,0.8737499713897705,1.3300000429153442
3928,1.066499948501587,0.3829424977302551,0.028750000521540642,1.4537500143051147
3929,1.138624906539917,0.06775059551000595,1.0262500047683716,1.2362500429153442
3930,1.0329999923706055,0.14092129468917847,0.7925000190734863,1.222499966621399
3931,1.0648748874664307,0.21487528085708618,0.6087499856948853,1.2999999523162842
3932,1.047624945640564,0.18413855135440826,0.8174999952316284,1.2899999618530273
3933,0.8655000925064087,0.34987327456474304,0.5062500238418579,1.3799999952316284
3934,1.072874903678894,0.31264999508857727,0.28125,1.3987499475479126
3935,0.9859999418258667,0.3840970993041992,0.04125000163912773,1.3912500143051147
3936,1.0785000324249268,0.16416436433792114,0.824999988079071,1.3624999523162842
3937,0.8617499470710754,0.3429277241230011,0.17499999701976776,1.1737500429153442
3938,1.0794999599456787,0.25685977935791016,0.4412499964237213,1.3912500143051147
3939,1.0220000743865967,0.34103572368621826,0.4437499940395355,1.3799999952316284
3940,1.0992499589920044,0.24700529873371124,0.7099999785423279,1.503749966621399
3941,1.0626250505447388,0.21436931192874908,0.7462499737739563,1.3262499570846558
3942,1.1517499685287476,0.20604702830314636,0.8450000286102295,1.4487500190734863
3943,0.890625,0.4564466178417206,-0.44874998927116394,1.1799999475479126
3944,1.1796250343322754,0.17119072377681732,0.9112499952316284,1.4487500190734863
3945,1.1353750228881836,0.1950993835926056,0.8149999976158142,1.4225000143051147
3946,0.9085000157356262,0.20654810965061188,0.4449999928474426,1.1050000190734863
3947,0.8627499341964722,0.48216626048088074,0.08124999701976776,1.4424999952316284
3948,0.8447500467300415,0.3433046042919159,0.32749998569488525,1.1699999570846558
3949,1.0932499170303345,0.11172118782997131,0.9037500023841858,1.278749942779541
3950,1.031749963760376,0.2946195900440216,0.6337500214576721,1.558750033378601
3951,0.8832500576972961,0.6606587767601013,-1.065000057220459,1.3574999570846558
3952,1.0470000505447388,0.2618296146392822,0.550000011920929,1.434999942779541
3953,1.1295000314712524,0.14699086546897888,0.9775000214576721,1.4950000047683716
3954,1.0287500619888306,0.22911378741264343,0.7087500095367432,1.4800000190734863
3955,0.8201249837875366,0.4145771563053131,0.04749999940395355,1.2637499570846558
3956,1.1369998455047607,0.1438099890947342,0.8774999976158142,1.3200000524520874
3957,1.1062500476837158,0.10922025144100189,0.8987500071525574,1.3487499952316284
3958,0.8292500376701355,0.5962366461753845,-0.5849999785423279,1.375
3959,1.090749979019165,0.260928750038147,0.48249998688697815,1.3624999523162842
3960,1.0717499256134033,0.24385201930999756,0.41624999046325684,1.3574999570846558
3961,0.8498749732971191,0.3309033215045929,0.24375000596046448,1.2174999713897705
3962,1.021125078201294,0.2694557309150696,0.5737500190734863,1.53125
3963,1.167875051498413,0.19443511962890625,0.8399999737739563,1.4049999713897705
3964,1.0346250534057617,0.17357729375362396,0.6899999976158142,1.222499966621399
3965,1.1044999361038208,0.2673885226249695,0.49000000953674316,1.4987499713897705
3966,0.9979999661445618,0.2977285087108612,0.4699999988079071,1.5225000381469727
3967,0.7848750352859497,0.5646341443061829,-0.8087499737739563,1.2112499475479126
3968,1.0622498989105225,0.3827849328517914,-0.036249998956918716,1.3537499904632568
3969,1.036500096321106,0.19723385572433472,0.7124999761581421,1.3550000190734863
3970,1.128000020980835,0.16340726613998413,0.8924999833106995,1.399999976158142
3971,0.8397499322891235,0.6296054720878601,-0.8799999952316284,1.5137499570846558
3972,1.077375054359436,0.21967336535453796,0.5400000214576721,1.3212499618530273
3973,0.7377499938011169,0.8002827167510986,-1.087499976158142,1.34375
3974,1.1026251316070557,0.2092340737581253,0.7674999833106995,1.368749976158142
3975,1.0694999694824219,0.11209815740585327,0.8475000262260437,1.2274999618530273
3976,1.1467499732971191,0.09208215773105621,0.9275000095367432,1.274999976158142
3977,0.9938751459121704,0.37789446115493774,0.08500000089406967,1.3825000524520874
3978,1.0647499561309814,0.16368110477924347,0.7024999856948853,1.3137500286102295
3979,1.0419999361038208,0.3090859353542328,0.19875000417232513,1.3424999713897705
3980,1.0052499771118164,0.34188300371170044,0.07750000059604645,1.3337500095367432
3981,1.136625051498413,0.15052516758441925,0.8675000071525574,1.3387500047683716
3982,1.0827500820159912,0.2730320692062378,0.6037499904632568,1.53125
3983,1.081624984741211,0.21590076386928558,0.8237500190734863,1.527500033378601
3984,0.6289999485015869,1.4445531368255615,-3.637500047683716,1.3949999809265137
3985,1.1740000247955322,0.17744964361190796,0.9837499856948853,1.503749966621399
3986,0.9071249961853027,0.20503661036491394,0.5799999833106995,1.1662499904632568
3987,1.0125000476837158,0.2625541687011719,0.5550000071525574,1.4049999713897705
3988,1.0712499618530273,0.0991983488202095,0.8912500143051147,1.2087500095367432
3989,1.1508750915527344,0.15941987931728363,0.8862500190734863,1.3362499475479126
3990,1.0938749313354492,0.15969839692115784,0.8512499928474426,1.3875000476837158
3991,1.0321249961853027,0.22570449113845825,0.6912500262260437,1.350000023841858
3992,0.9864999651908875,0.2509835362434387,0.4375,1.4262499809265137
3993,1.0464999675750732,0.18457959592342377,0.7149999737739563,1.3862500190734863
3994,0.9951249957084656,0.3945164680480957,-0.13249999284744263,1.3274999856948853
3995,1.030500054359436,0.2749461233615875,0.36500000953674316,1.3987499475479126
3996,1.0740001201629639,0.2679626941680908,0.5975000262260437,1.3825000524520874
3997,1.046125054359436,0.12764997780323029,0.8587499856948853,1.381250023841858
3998,1.1244999170303345,0.15091408789157867,0.8412500023841858,1.4637500047683716
3999,1.0637500286102295,0.42159032821655273,-0.13875000178813934,1.3324999809265137
4000,1.1009999513626099,0.19985604286193848,0.7674999833106995,1.3987499475479126
4001,1.0115000009536743,0.2006043940782547,0.6025000214576721,1.3312499523162842
4002,1.0246250629425049,0.3333691656589508,0.14374999701976776,1.368749976158142
4003,1.057499885559082,0.2812305688858032,0.5249999761581421,1.4175000190734863
4004,0.7308750152587891,0.5560413002967834,-0.8237500190734863,1.2612500190734863
4005,1.0606249570846558,0.22577525675296783,0.7699999809265137,1.527500033378601
4006,1.1764999628067017,0.1940125674009323,0.7950000166893005,1.4500000476837158
4007,0.8856250047683716,0.5242092609405518,-0.4362500011920929,1.4249999523162842
4008,1.1101250648498535,0.11372039467096329,0.9462500214576721,1.3137500286102295
4009,1.0067498683929443,0.2022847831249237,0.6524999737739563,1.2575000524520874
4010,0.9998750686645508,0.20287039875984192,0.550000011920929,1.3174999952316284
4011,0.9898749589920044,0.512632429599762,-0.1837500035762787,1.5499999523162842
4012,1.0148749351501465,0.20191772282123566,0.5462499856948853,1.2699999809265137
4013,0.9567499160766602,0.3293972909450531,0.1574999988079071,1.371250033378601
4014,1.0661249160766602,0.18401634693145752,0.7475000023841858,1.3674999475479126
4015,1.027000069618225,0.40656304359436035,-0.16500000655651093,1.2937500476837158
4016,1.203374981880188,0.16241925954818726,0.9962499737739563,1.5362499952316284
4017,0.9045001268386841,0.6330615878105164,-0.5550000071525574,1.4850000143051147
4018,1.120500087738037,0.18159465491771698,0.800000011920929,1.5137499570846558
4019,1.0520000457763672,0.20252101123332977,0.7074999809265137,1.377500057220459
4020,0.9411250352859497,0.2545218765735626,0.2824999988079071,1.2387499809265137
4021,0.8581250309944153,0.3603380620479584,0.08624999970197678,1.2587499618530273
4022,1.112874984741211,0.2763947546482086,0.5674999952316284,1.46875
4023,1.101374864578247,0.1038590520620346,0.9087499976158142,1.2350000143051147
4024,1.1921250820159912,0.11556796729564667,0.9900000095367432,1.4175000190734863
4025,1.1290000677108765,0.2200673371553421,0.8349999785423279,1.53125
4026,1.1295000314712524,0.15951018035411835,0.8412500023841858,1.4299999475479126
4027,1.0256249904632568,0.14332138001918793,0.731249988079071,1.2725000381469727
4028,0.9743749499320984,0.27195486426353455,0.41499999165534973,1.3574999570846558
4029,1.1196250915527344,0.07170261442661285,1.0099999904632568,1.253749966621399
4030,1.071624994277954,0.20940394699573517,0.7099999785423279,1.3574999570846558
4031,1.034500002861023,0.34512507915496826,0.02500000037252903,1.2949999570846558
4032,0.9893749356269836,0.29146090149879456,0.39625000953674316,1.4275000095367432
4033,1.030750036239624,0.3020364046096802,0.28999999165534973,1.4950000047683716
4034,1.161750078201294,0.15547429025173187,0.8799999952316284,1.3799999952316284
4035,1.1553748846054077,0.18236044049263,0.768750011920929,1.475000023841858
4036,0.9629999995231628,0.25613731145858765,0.6712499856948853,1.4850000143051147
4037,0.8893750309944153,0.5952471494674683,-0.7250000238418579,1.3987499475479126
4038,1.1396249532699585,0.2427086979150772,0.5212500095367432,1.3837499618530273
4039,0.7414999604225159,0.43359068036079407,-0.29624998569488525,1.2237499952316284
4040,1.176124930381775,0.25827881693840027,0.7599999904632568,1.568750023841858
4041,1.1228749752044678,0.22464698553085327,0.6949999928474426,1.4049999713897705
4042,0.984000027179718,0.23309318721294403,0.5237500071525574,1.243749976158142
4043,1.0674999952316284,0.3946770429611206,0.0037499999161809683,1.3624999523162842
4044,0.8789998888969421,0.629593551158905,-0.7599999904632568,1.2899999618530273
4045,1.006500005722046,0.22590844333171844,0.6112499833106995,1.3887499570846558
4046,1.1067501306533813,0.21880371868610382,0.7300000190734863,1.4275000095367432
4047,1.172624945640564,0.13923276960849762,0.8237500190734863,1.3450000286102295
4048,1.078874945640564,0.19705602526664734,0.7400000095367432,1.3300000429153442
4049,1.1043750047683716,0.2367047667503357,0.7699999809265137,1.4537500143051147
4050,1.0364998579025269,0.23554643988609314,0.543749988079071,1.4075000286102295
4051,1.2083749771118164,0.16800768673419952,0.8924999833106995,1.4299999475479126
4052,1.0966249704360962,0.2762715220451355,0.512499988079071,1.4249999523162842
4053,0.8834999799728394,0.19148743152618408,0.5274999737739563,1.1825000047683716
4054,0.7776249647140503,0.4557831287384033,-0.09125000238418579,1.1699999570846558
4055,0.9348750114440918,0.40290987491607666,-0.09125000238418579,1.2999999523162842
4056,0.9190000295639038,0.5370422005653381,-0.5799999833106995,1.4674999713897705
4057,1.0346248149871826,0.29613766074180603,0.512499988079071,1.34375
4058,1.045875072479248,0.5160825848579407,-0.41499999165534973,1.527500033378601
4059,0.9473749995231628,0.28784409165382385,0.4137499928474426,1.4900000095367432
4060,1.1297500133514404,0.12396043539047241,0.9175000190734863,1.34375
4061,1.0766249895095825,0.31960329413414,0.4399999976158142,1.53125
4062,0.8321250081062317,0.644805908203125,-0.9237499833106995,1.4862500429153442
4063,0.9010000228881836,0.19739064574241638,0.48249998688697815,1.2200000286102295
4064,1.0729999542236328,0.13259218633174896,0.8912500143051147,1.350000023841858
4065,1.0556249618530273,0.17861206829547882,0.7012500166893005,1.3037500381469727
4066,0.9765000343322754,0.2775286138057709,0.2224999964237213,1.2387499809265137
4067,0.9192500114440918,0.2983093857765198,0.39500001072883606,1.5412499904632568
4068,1.1195000410079956,0.17383110523223877,0.7987499833106995,1.5137499570846558
4069,1.036750078201294,0.32319074869155884,0.10625000298023224,1.3450000286102295
4070,1.1382499933242798,0.23905816674232483,0.7275000214576721,1.4987499713897705
4071,0.8693749308586121,0.4444084167480469,-0.2750000059604645,1.3899999856948853
4072,0.7120000123977661,1.2358564138412476,-2.8862500190734863,1.4225000143051147
4073,1.0299999713897705,0.3003450930118561,0.27250000834465027,1.372499942779541
4074,1.139125108718872,0.15787558257579803,0.9150000214576721,1.4049999713897705
4075,0.9393750429153442,0.4234948754310608,-0.23250000178813934,1.277500033378601
4076,1.053375005722046,0.3548780679702759,0.04874999821186066,1.3862500190734863
4077,1.0125000476837158,0.2927984893321991,0.5,1.4950000047683716
4078,1.1511250734329224,0.19101493060588837,0.8600000143051147,1.5175000429153442
4079,0.7610000371932983,0.5550790429115295,-0.5625,1.2237499952316284
4080,1.0912500619888306,0.1340743750333786,0.8799999952316284,1.308750033378601
4081,1.0806249380111694,0.2261686474084854,0.7074999809265137,1.5262500047683716
4082,1.275749921798706,0.1718413084745407,1.0075000524520874,1.568750023841858
4083,1.225250005722046,0.09708855301141739,1.0787500143051147,1.4112499952316284
4084,1.0116249322891235,0.5585052371025085,-0.5687500238418579,1.4299999475479126
4085,1.1675000190734863,0.1728881448507309,0.8050000071525574,1.527500033378601
4086,1.1313749551773071,0.17287138104438782,0.8737499713897705,1.493749976158142
4087,1.1246249675750732,0.2558692395687103,0.6399999856948853,1.4637500047683716
4088,1.1172499656677246,0.15353012084960938,0.8500000238418579,1.3337500095367432
4089,0.8953750729560852,0.24107898771762848,0.5862500071525574,1.3174999952316284
4090,1.1097500324249268,0.17669960856437683,0.8787500262260437,1.4800000190734863
4091,1.0434999465942383,0.15718697011470795,0.7549999952316284,1.2699999809265137
4092,1.170875072479248,0.21946458518505096,0.768750011920929,1.5362499952316284
4093,1.0422500371932983,0.18214160203933716,0.606249988079071,1.2699999809265137
4094,1.1022499799728394,0.1448887586593628,0.8424999713897705,1.3075000047683716
4095,1.1805000305175781,0.09260670095682144,0.9900000095367432,1.318750023841858
4096,1.0774999856948853,0.23578128218650818,0.5475000143051147,1.346250057220459
4097,1.0942500829696655,0.13008913397789001,0.9337499737739563,1.3637499809265137
4098,1.169374942779541,0.2217242270708084,0.8349999785423279,1.4824999570846558
4099,1.1092499494552612,0.17023348808288574,0.7149999737739563,1.3250000476837158
4100,1.0426249504089355,0.18902583420276642,0.7587500214576721,1.4225000143051147
4101,1.1008751392364502,0.20543481409549713,0.7149999737739563,1.4537500143051147
4102,0.7975000143051147,0.332637220621109,0.23499999940395355,1.3200000524520874
4103,0.7073750495910645,1.2000905275344849,-2.8812499046325684,1.2625000476837158
4104,1.1607500314712524,0.12801270186901093,0.9112499952316284,1.3537499904632568
4105,1.119249939918518,0.19455495476722717,0.7574999928474426,1.440000057220459
4106,0.7254999876022339,1.2039320468902588,-2.7612500190734863,1.5049999952316284
4107,0.672249972820282,1.1459534168243408,-2.731250047683716,1.2949999570846558
4108,1.1371248960494995,0.3328612148761749,0.3112500011920929,1.53125
4109,1.1513749361038208,0.17899760603904724,0.8612499833106995,1.4850000143051147
4110,1.0127500295639038,0.24750304222106934,0.6725000143051147,1.4912500381469727
4111,1.0807499885559082,0.2679419219493866,0.5975000262260437,1.5412499904632568
4112,1.1113749742507935,0.27022817730903625,0.5787500143051147,1.412500023841858
4113,1.1203749179840088,0.15846335887908936,0.7487499713897705,1.3274999856948853
4114,1.2023749351501465,0.1845640391111374,0.9637500047683716,1.5137499570846558
4115,1.0467499494552612,0.3391193449497223,0.14499999582767487,1.3962500095367432
4116,0.4945000112056732,1.211787223815918,-3.043750047683716,1.3112499713897705
4117,0.9823750257492065,0.3656891882419586,0.2862499952316284,1.527500033378601
4118,0.8744999766349792,0.4527120292186737,-0.24375000596046448,1.2374999523162842
4119,1.045375108718872,0.16664712131023407,0.6937500238418579,1.2274999618530273
4120,1.0866248607635498,0.21865861117839813,0.7099999785423279,1.3300000429153442
4121,0.796999990940094,1.2313183546066284,-2.8375000953674316,1.434999942779541
4122,1.082124948501587,0.275228887796402,0.5049999952316284,1.4299999475479126
4123,1.1128748655319214,0.23455680906772614,0.6962500214576721,1.4325000047683716
4124,0.8051249384880066,0.4370484948158264,0.042500000447034836,1.4900000095367432
4125,1.084375023841858,0.23252704739570618,0.5425000190734863,1.3949999809265137
4126,1.1648750305175781,0.14854443073272705,0.8550000190734863,1.3524999618530273
4127,0.8192499876022339,0.3993280231952667,-0.3137499988079071,1.1512500047683716
4128,1.108375072479248,0.25920313596725464,0.6000000238418579,1.4674999713897705
4129,0.9696251153945923,0.3998304307460785,-0.1237500011920929,1.3837499618530273
4130,0.9699999690055847,0.2725682258605957,0.29249998927116394,1.274999976158142
4131,1.0453749895095825,0.24663932621479034,0.4449999928474426,1.3262499570846558
4132,0.9328750371932983,0.5905294418334961,-0.7887499928474426,1.277500033378601
4133,0.7609999775886536,0.5078086853027344,-0.4424999952316284,1.252500057220459
4134,0.9172500371932983,0.48828455805778503,-0.39500001072883606,1.3799999952316284
4135,1.1129999160766602,0.19015386700630188,0.8174999952316284,1.472499966621399
4136,1.0529999732971191,0.26085928082466125,0.4762499928474426,1.3837499618530273
4137,0.9132499694824219,0.7410151958465576,-1.190000057220459,1.472499966621399
4138,1.046875,0.20310579240322113,0.7099999785423279,1.3825000524520874
4139,1.1365000009536743,0.21138957142829895,0.8374999761581421,1.5549999475479126
4140,1.0520000457763672,0.23596026003360748,0.5674999952316284,1.2637499570846558
4141,1.0946249961853027,0.19642354547977448,0.6862499713897705,1.440000057220459
4142,0.6548749804496765,1.2663543224334717,-2.78125,1.3312499523162842
4143,0.9418749809265137,0.647138237953186,-0.8500000238418579,1.3799999952316284
4144,0.9978750348091125,0.13941961526870728,0.7724999785423279,1.2450000047683716
4145,1.019624948501587,0.1811155080795288,0.7462499737739563,1.2549999952316284
4146,0.9589999914169312,0.38758859038352966,0.32124999165534973,1.5137499570846558
4147,0.919124960899353,0.3071609437465668,0.25874999165534973,1.3799999952316284
4148,1.0460001230239868,0.3730812966823578,0.09749999642372131,1.4524999856948853
4149,0.9272499084472656,0.4259209930896759,-0.2549999952316284,1.4587500095367432
4150,1.0933749675750732,0.21020902693271637,0.8050000071525574,1.3799999952316284
4151,0.9690000414848328,0.3445870578289032,0.04749999940395355,1.4212499856948853
4152,0.9362499117851257,0.43481531739234924,-0.12999999523162842,1.4075000286102295
4153,1.0490000247955322,0.15874390304088593,0.6937500238418579,1.3350000381469727
4154,1.139625072479248,0.25108081102371216,0.7099999785423279,1.53125
4155,1.207624912261963,0.15330468118190765,0.8324999809265137,1.434999942779541
4156,1.0118749141693115,0.2547849714756012,0.33000001311302185,1.3487499952316284
4157,0.9468749761581421,0.3706839978694916,0.19499999284744263,1.2949999570846558
4158,0.9699999690055847,0.3880564570426941,-0.11749999970197678,1.2949999570846558
4159,1.205625057220459,0.16542677581310272,0.8949999809265137,1.5087499618530273
4160,1.0464999675750732,0.11870893090963364,0.8512499928474426,1.247499942779541
4161,1.0997499227523804,0.20469321310520172,0.675000011920929,1.3987499475479126
4162,0.9896249771118164,0.39870181679725647,-0.16374999284744263,1.2050000429153442
4163,1.1167500019073486,0.16411429643630981,0.8700000047683716,1.4987499713897705
4164,1.0828750133514404,0.1609804481267929,0.7337499856948853,1.375
4165,1.1624999046325684,0.10853428393602371,0.9162499904632568,1.3025000095367432
4166,1.0031249523162842,0.23364518582820892,0.4050000011920929,1.1862499713897705
4167,1.059499979019165,0.32989779114723206,0.11749999970197678,1.2825000286102295
4168,1.0717499256134033,0.18775083124637604,0.6937500238418579,1.3350000381469727
4169,1.175624966621399,0.07531443238258362,1.097499966621399,1.372499942779541
4170,0.122624970972538,1.6290608644485474,-3.3037500381469727,1.191249966621399
4171,1.0887500047683716,0.228146031498909,0.6937500238418579,1.372499942779541
4172,0.7297500371932983,1.2093398571014404,-2.887500047683716,1.309999942779541
4173,0.7799999713897705,1.223281741142273,-2.867500066757202,1.346250057220459
4174,0.8714998960494995,0.36359739303588867,0.07750000059604645,1.2762500047683716
4175,0.893750011920929,0.39942342042922974,0.12250000238418579,1.371250033378601
4176,1.0777500867843628,0.26524388790130615,0.3487499952316284,1.3174999952316284
4177,1.0301250219345093,0.29973918199539185,0.3149999976158142,1.4487500190734863
4178,0.9504998922348022,0.30482742190361023,0.2199999988079071,1.3137500286102295
4179,1.0387500524520874,0.26144489645957947,0.36500000953674316,1.3949999809265137
4180,1.0566250085830688,0.1472901701927185,0.8550000190734863,1.308750033378601
4181,0.9927499890327454,0.19263778626918793,0.6312500238418579,1.2762500047683716
4182,1.1643749475479126,0.12660378217697144,1.0137499570846558,1.4537500143051147
4183,1.2697499990463257,0.1970190405845642,0.9887499809265137,1.5412499904632568
4184,1.1172499656677246,0.2083355039358139,0.731249988079071,1.4049999713897705
4185,0.9965000152587891,0.14476685225963593,0.6949999928474426,1.1687500476837158
4186,1.0334999561309814,0.1682175099849701,0.7387499809265137,1.2887500524520874
4187,1.1076250076293945,0.1924881935119629,0.75,1.5225000381469727
4188,1.1316249370574951,0.18995891511440277,0.8050000071525574,1.372499942779541
4189,1.0108749866485596,0.21821510791778564,0.5487499833106995,1.3174999952316284
4190,1.0812499523162842,0.21702390909194946,0.512499988079071,1.3274999856948853
4191,1.037750005722046,0.11489371955394745,0.9112499952316284,1.315000057220459
4192,1.1805000305175781,0.12281744182109833,0.9700000286102295,1.3862500190734863
4193,0.8755000233650208,0.5833216905593872,-0.7649999856948853,1.3650000095367432
4194,1.0658748149871826,0.16934990882873535,0.7124999761581421,1.2962499856948853
4195,1.0707499980926514,0.16365569829940796,0.6537500023841858,1.3300000429153442
4196,1.1626250743865967,0.22811347246170044,0.6287500262260437,1.434999942779541
4197,0.9813749194145203,0.20393355190753937,0.5337499976158142,1.3137500286102295
4198,1.1297498941421509,0.19294656813144684,0.8374999761581421,1.4837499856948853
4199,0.9465001225471497,0.36484917998313904,-0.06499999761581421,1.2262500524520874
4200,0.966499924659729,0.33424296975135803,0.36500000953674316,1.462499976158142
4201,1.230375051498413,0.11691749095916748,1.0162500143051147,1.399999976158142
4202,0.9595000147819519,0.4499702453613281,-0.07500000298023224,1.4537500143051147
4203,1.1015000343322754,0.14925523102283478,0.7950000166893005,1.308750033378601
4204,1.0888750553131104,0.245855912566185,0.42124998569488525,1.3362499475479126
4205,1.0963749885559082,0.25073733925819397,0.49000000953674316,1.3912500143051147
4206,1.1478750705718994,0.1419111043214798,0.8199999928474426,1.28125
4207,1.1052500009536743,0.12887108325958252,0.9350000023841858,1.3125
4208,1.1320000886917114,0.21428968012332916,0.7749999761581421,1.46875
4209,1.0583751201629639,0.17303907871246338,0.7450000047683716,1.3662500381469727
4210,1.1563750505447388,0.12688018381595612,0.9399999976158142,1.3550000190734863
4211,0.9943749308586121,0.5266139507293701,-0.518750011920929,1.3962500095367432
4212,1.090999960899353,0.15862081944942474,0.824999988079071,1.3987499475479126
4213,0.7115000486373901,1.2290136814117432,-2.961250066757202,1.253749966621399
4214,1.1735000610351562,0.14358989894390106,0.9850000143051147,1.4199999570846558
4215,1.187999963760376,0.10443030297756195,1.0262500047683716,1.3125
4216,1.1327499151229858,0.15521135926246643,0.7262499928474426,1.2937500476837158
4217,0.906624972820282,0.45810413360595703,0.10249999910593033,1.3524999618530273
4218,1.118125081062317,0.15612220764160156,0.7437499761581421,1.350000023841858
4219,1.0421249866485596,0.26309576630592346,0.4749999940395355,1.412500023841858
4220,0.9962500333786011,0.19130390882492065,0.5587499737739563,1.253749966621399
4221,1.0491249561309814,0.349021852016449,0.0949999988079071,1.3799999952316284
4222,1.087249994277954,0.2735745906829834,0.4025000035762787,1.412500023841858
4223,0.736875057220459,1.1861486434936523,-2.7987499237060547,1.3600000143051147
4224,1.0255000591278076,0.2922826111316681,0.41999998688697815,1.5137499570846558
4225,1.0346248149871826,0.2350824624300003,0.41499999165534973,1.316249966621399
4226,1.102874994277954,0.18012672662734985,0.8050000071525574,1.399999976158142
4227,1.1642498970031738,0.129383385181427,1.0262500047683716,1.3937499523162842
4228,1.0102499723434448,0.23537325859069824,0.6662499904632568,1.4175000190734863
4229,0.9727500081062317,0.5313002467155457,-0.44624999165534973,1.381250023841858
4230,1.1209999322891235,0.10164399445056915,0.90625,1.28125
4231,1.1578749418258667,0.24887815117835999,0.4925000071525574,1.4600000381469727
4232,1.0127499103546143,0.16021157801151276,0.6962500214576721,1.2362500429153442
4233,1.0623750686645508,0.15491575002670288,0.7162500023841858,1.274999976158142
4234,1.1087501049041748,0.173177108168602,0.7825000286102295,1.3362499475479126
4235,1.2481250762939453,0.15274184942245483,1.0012500286102295,1.4850000143051147
4236,1.028249979019165,0.17435164749622345,0.6200000047683716,1.318750023841858
4237,1.0851250886917114,0.151234969496727,0.8399999737739563,1.2799999713897705
4238,1.134874939918518,0.09975194931030273,0.9350000023841858,1.2699999809265137
4239,1.0228749513626099,0.37102100253105164,0.08375000208616257,1.527500033378601
4240,1.0839999914169312,0.18356779217720032,0.7049999833106995,1.4187500476837158
4241,0.734499990940094,0.7146002054214478,-0.8962500095367432,1.402500033378601
4242,0.984749972820282,0.41836392879486084,-0.2212499976158142,1.3312499523162842
4243,1.0338749885559082,0.2484888732433319,0.41999998688697815,1.3550000190734863
4244,1.1273750066757202,0.2066832035779953,0.6700000166893005,1.3700000047683716
4245,1.1203750371932983,0.16437290608882904,0.7462499737739563,1.350000023841858
4246,1.0815000534057617,0.23897162079811096,0.45375001430511475,1.2912499904632568
4247,1.1119999885559082,0.17317727208137512,0.8274999856948853,1.4362499713897705
4248,1.1510000228881836,0.19232848286628723,0.8399999737739563,1.503749966621399
4249,1.1127499341964722,0.1808917075395584,0.8500000238418579,1.4212499856948853
4250,1.1201250553131104,0.1755780279636383,0.7887499928474426,1.350000023841858
4251,1.1341248750686646,0.19225555658340454,0.8199999928474426,1.3624999523162842
4252,0.8922499418258667,0.6205657124519348,-0.862500011920929,1.4574999809265137
4253,1.1012499332427979,0.27080434560775757,0.5112500190734863,1.4950000047683716
4254,1.0693750381469727,0.1715373992919922,0.8149999976158142,1.443750023841858
4255,1.0576250553131104,0.24369579553604126,0.5762500166893005,1.431249976158142
4256,1.0538749694824219,0.22781053185462952,0.6712499856948853,1.375
4257,0.9698750376701355,0.39334601163864136,0.14749999344348907,1.3137500286102295
4258,1.1308749914169312,0.18457980453968048,0.7837499976158142,1.3487499952316284
4259,1.1538749933242798,0.26142483949661255,0.5037500262260437,1.5225000381469727
4260,1.2151249647140503,0.1076226755976677,1.0,1.346250057220459
4261,1.1584999561309814,0.20314772427082062,0.8487499952316284,1.46875
4262,1.1341248750686646,0.2080715447664261,0.543749988079071,1.2999999523162842
4263,1.0898749828338623,0.21143293380737305,0.7825000286102295,1.5137499570846558
4264,1.0565000772476196,0.30683812499046326,0.29374998807907104,1.4900000095367432
4265,0.9157499074935913,0.6343241930007935,-0.856249988079071,1.403749942779541
4266,1.0831249952316284,0.23228634893894196,0.7012500166893005,1.5087499618530273
4267,1.1163748502731323,0.16977691650390625,0.8237500190734863,1.443750023841858
4268,1.1233750581741333,0.12791240215301514,0.8349999785423279,1.2825000286102295
4269,1.1527502536773682,0.1416684091091156,0.8637499809265137,1.371250033378601
4270,1.0052499771118164,0.2854512929916382,0.2574999928474426,1.3937499523162842
4271,0.27300000190734863,1.6235096454620361,-3.2925000190734863,1.2762500047683716
4272,0.5364999771118164,1.162400484085083,-2.825000047683716,1.216249942779541
4273,1.1435000896453857,0.15812456607818604,0.90625,1.3825000524520874
4274,1.159000039100647,0.2067008763551712,0.6612499952316284,1.434999942779541
4275,1.076124906539917,0.2167331576347351,0.6887500286102295,1.3837499618530273
4276,0.9721250534057617,0.27897974848747253,0.26499998569488525,1.2725000381469727
4277,1.0672500133514404,0.23395231366157532,0.6575000286102295,1.4900000095367432
4278,1.1829999685287476,0.26043182611465454,0.5237500071525574,1.4137500524520874
4279,1.1695001125335693,0.11934611946344376,0.9325000047683716,1.434999942779541
4280,0.8372499346733093,0.5967785716056824,-0.8424999713897705,1.3825000524520874
4281,0.6069999933242798,1.2541556358337402,-2.9000000953674316,1.3137500286102295
4282,1.0267499685287476,0.25428834557533264,0.5299999713897705,1.381250023841858
4283,0.9853750467300415,0.24121826887130737,0.5662500262260437,1.2549999952316284
4284,0.9943749308586121,0.23437966406345367,0.5049999952316284,1.2450000047683716
4285,1.0460000038146973,0.20804129540920258,0.5862500071525574,1.3362499475479126
4286,1.0411250591278076,0.27146676182746887,0.46000000834465027,1.5412499904632568
4287,1.0478750467300415,0.22568440437316895,0.625,1.372499942779541
4288,1.1200000047683716,0.15854023396968842,0.8424999713897705,1.2649999856948853
4289,1.1021249294281006,0.1816711127758026,0.8299999833106995,1.4800000190734863
4290,1.1707499027252197,0.11901313811540604,0.9325000047683716,1.3650000095367432
4291,1.113374948501587,0.14548414945602417,0.8849999904632568,1.4199999570846558
4292,1.125499963760376,0.15836094319820404,0.831250011920929,1.4225000143051147
4293,0.9533750414848328,0.3658577501773834,0.2512499988079071,1.434999942779541
4294,0.9948749542236328,0.4565099775791168,-0.28125,1.3200000524520874
4295,1.1986249685287476,0.16715772449970245,0.8349999785423279,1.434999942779541
4296,1.0529999732971191,0.2584032416343689,0.33000001311302185,1.3312499523162842
4297,0.9941250085830688,0.15852351486682892,0.7149999737739563,1.2575000524520874
4298,0.8765000104904175,0.5299317836761475,-0.6487500071525574,1.2662500143051147
4299,1.0894999504089355,0.10020480304956436,0.9399999976158142,1.2725000381469727
4300,1.0625001192092896,0.10939463973045349,0.8262500166893005,1.1987500190734863
4301,1.0455000400543213,0.17406915128231049,0.7887499928474426,1.412500023841858
4302,0.9904999732971191,0.30985742807388306,0.2574999928474426,1.5125000476837158
4303,1.152750015258789,0.15016011893749237,0.8037499785423279,1.3312499523162842
4304,1.0177500247955322,0.22071601450443268,0.699999988079071,1.431249976158142
4305,1.1286250352859497,0.22291147708892822,0.7412499785423279,1.412500023841858
4306,0.9957501292228699,0.19086496531963348,0.6775000095367432,1.2949999570846558
4307,1.0006248950958252,0.22236602008342743,0.5212500095367432,1.3300000429153442
4308,0.8966249227523804,0.5148947834968567,-0.5525000095367432,1.2999999523162842
4309,1.0360000133514404,0.37396302819252014,0.1574999988079071,1.5549999475479126
4310,0.9481250643730164,0.2642431855201721,0.27250000834465027,1.2050000429153442
4311,1.197374939918518,0.1237126812338829,0.893750011920929,1.3700000047683716
4312,1.0291249752044678,0.2775067687034607,0.5862500071525574,1.440000057220459
4313,1.1610000133514404,0.1636362224817276,0.9337499737739563,1.4862500429153442
4314,1.0207499265670776,0.1989458203315735,0.7450000047683716,1.4175000190734863
4315,1.0898749828338623,0.20476087927818298,0.7862499952316284,1.53125
4316,1.0883748531341553,0.17549577355384827,0.7487499713897705,1.3762500286102295
4317,1.1552499532699585,0.1217089295387268,0.9787499904632568,1.3849999904632568
4318,1.0737501382827759,0.2943876087665558,0.5674999952316284,1.408750057220459
4319,1.141124963760376,0.15187005698680878,0.9712499976158142,1.441249966621399
4320,0.8333749771118164,0.5220653414726257,-0.5450000166893005,1.4387500286102295
4321,1.1618750095367432,0.2748256325721741,0.7275000214576721,1.5125000476837158
4322,1.128000020980835,0.20820677280426025,0.6775000095367432,1.4600000381469727
4323,1.0550000667572021,0.2453664392232895,0.44999998807907104,1.3587499856948853
4324,0.6997498273849487,1.2300666570663452,-2.768749952316284,1.475000023841858
4325,0.9933750033378601,0.10390055924654007,0.7450000047683716,1.1124999523162842
4326,1.0526249408721924,0.1373390406370163,0.7850000262260437,1.2762500047683716
4327,1.044874906539917,0.3914968967437744,0.012500000186264515,1.3912500143051147
4328,0.9713749885559082,0.15523818135261536,0.6487500071525574,1.225000023841858
4329,1.1384999752044678,0.12325633317232132,0.8487499952316284,1.3262499570846558
4330,1.0873750448226929,0.3806542456150055,0.28125,1.5
4331,1.0115000009536743,0.2653675675392151,0.3425000011920929,1.3825000524520874
4332,1.113624930381775,0.23776328563690186,0.5987499952316284,1.5087499618530273
4333,0.7706249952316284,0.5872930884361267,-0.6787499785423279,1.2274999618530273
4334,1.0637500286102295,0.12955693900585175,0.7124999761581421,1.2012499570846558
4335,1.0525000095367432,0.19336655735969543,0.5737500190734863,1.308750033378601
4336,1.1575000286102295,0.16486360132694244,0.8487499952316284,1.440000057220459
4337,1.1196249723434448,0.154918372631073,0.9275000095367432,1.4587500095367432
4338,1.1994998455047607,0.19621430337429047,0.6675000190734863,1.3887499570846558
4339,1.2419999837875366,0.15844479203224182,0.8299999833106995,1.4262499809265137
4340,1.1124999523162842,0.2802576720714569,0.5400000214576721,1.443750023841858
4341,0.6316249966621399,1.1838449239730835,-2.848750114440918,1.462499976158142
4342,1.1183750629425049,0.16657023131847382,0.7850000262260437,1.3624999523162842
4343,1.1059999465942383,0.1434614509344101,0.8999999761581421,1.2762500047683716
4344,1.0547500848770142,0.19664035737514496,0.6050000190734863,1.2999999523162842
4345,1.0538750886917114,0.15858794748783112,0.7137500047683716,1.3212499618530273
4346,1.0094999074935913,0.19083301723003387,0.7699999809265137,1.309999942779541
4347,0.9372499585151672,0.32935628294944763,0.14374999701976776,1.3700000047683716
4348,0.9594999551773071,0.6753330826759338,-0.8424999713897705,1.4450000524520874
4349,1.2138750553131104,0.182296484708786,0.9887499809265137,1.5137499570846558
4350,1.124250054359436,0.1983606070280075,0.6575000286102295,1.3624999523162842
4351,1.2028748989105225,0.14805305004119873,0.9312499761581421,1.441249966621399
4352,0.7820000052452087,1.2152643203735352,-2.8475000858306885,1.346250057220459
4353,1.1464999914169312,0.14034312963485718,0.7962499856948853,1.3137500286102295
4354,1.079624891281128,0.21185936033725739,0.5099999904632568,1.274999976158142
4355,1.0059999227523804,0.23241852223873138,0.39625000953674316,1.2000000476837158
4356,1.118749976158142,0.2051805704832077,0.7549999952316284,1.4450000524520874
4357,1.1218750476837158,0.2747630774974823,0.47749999165534973,1.3937499523162842
4358,0.940250039100647,0.35235580801963806,0.07000000029802322,1.3025000095367432
4359,0.918749988079071,0.2993842661380768,0.32249999046325684,1.3337500095367432
4360,0.8187500238418579,1.2595974206924438,-2.9237499237060547,1.503749966621399
4361,1.1393749713897705,0.2044774293899536,0.6424999833106995,1.368749976158142
4362,1.0694999694824219,0.2057260125875473,0.7074999809265137,1.3550000190734863
4363,1.0878750085830688,0.34632718563079834,0.24124999344348907,1.4862500429153442
4364,1.2005000114440918,0.19516116380691528,0.987500011920929,1.527500033378601
4365,1.0467500686645508,0.5290100574493408,-0.47999998927116394,1.443750023841858
4366,1.1029999256134033,0.2753481864929199,0.48500001430511475,1.5362499952316284
4367,1.121749997138977,0.25883644819259644,0.38499999046325684,1.3137500286102295
4368,1.014125108718872,0.33404576778411865,0.2874999940395355,1.4262499809265137
4369,1.0878751277923584,0.3254333734512329,0.48875001072883606,1.5137499570846558
4370,1.0613749027252197,0.15862144529819489,0.8125,1.2637499570846558
4371,1.1722500324249268,0.21439290046691895,0.7699999809265137,1.53125
4372,1.0956250429153442,0.1819368153810501,0.875,1.4249999523162842
4373,0.6928750276565552,1.1682446002960205,-2.8062500953674316,1.190000057220459
4374,1.1293749809265137,0.15713872015476227,0.8700000047683716,1.3949999809265137
4375,1.080125093460083,0.30168870091438293,0.38499999046325684,1.3912500143051147
4376,1.043874979019165,0.3698388338088989,-0.011250000447034836,1.3212499618530273
4377,1.1478749513626099,0.2359846830368042,0.7649999856948853,1.5175000429153442
4378,1.049625039100647,0.23479050397872925,0.42750000953674316,1.3487499952316284
4379,1.1871250867843628,0.1180400550365448,0.9912499785423279,1.4049999713897705
4380,1.0366251468658447,0.21929721534252167,0.7400000095367432,1.431249976158142
4381,0.8526250123977661,0.36295637488365173,0.19625000655651093,1.381250023841858
4382,1.1081249713897705,0.11335129290819168,0.9399999976158142,1.2675000429153442
4383,0.7136250138282776,1.1475069522857666,-2.5999999046325684,1.5225000381469727
4384,1.142625093460083,0.15578877925872803,0.90625,1.4537500143051147
4385,1.0058748722076416,0.32637977600097656,0.10499999672174454,1.2962499856948853
4386,1.0132499933242798,0.19386222958564758,0.6700000166893005,1.3125
4387,1.076625108718872,0.24631409347057343,0.6912500262260437,1.5499999523162842
4388,1.1412500143051147,0.102751225233078,0.9649999737739563,1.2937500476837158
4389,0.8364999890327454,1.1862739324569702,-2.6787500381469727,1.5137499570846558
4390,1.105375051498413,0.17903739213943481,0.8962500095367432,1.4362499713897705
4391,0.6482499837875366,1.3613609075546265,-3.4124999046325684,1.221250057220459
4392,0.5544999837875366,1.194288730621338,-2.893749952316284,1.3312499523162842
4393,0.9571248888969421,0.4208603799343109,0.09000000357627869,1.3899999856948853
4394,1.1191250085830688,0.1385708898305893,0.875,1.3450000286102295
4395,1.0863749980926514,0.15255680680274963,0.9087499976158142,1.4987499713897705
4396,0.9676250219345093,0.19416604936122894,0.6200000047683716,1.284999966621399
4397,1.0820000171661377,0.20416004955768585,0.7337499856948853,1.4137500524520874
4398,0.9001249074935913,0.33360880613327026,0.019999999552965164,1.3487499952316284
4399,1.0439999103546143,0.3032592535018921,0.4112499952316284,1.462499976158142
4400,1.0866249799728394,0.1674981564283371,0.6937500238418579,1.2400000095367432
4401,1.0538750886917114,0.1589963287115097,0.8037499785423279,1.2625000476837158
4402,1.1646249294281006,0.12551026046276093,0.9700000286102295,1.3799999952316284
4403,0.9611250162124634,0.42739418148994446,0.07124999910593033,1.278749942779541
4404,1.1546251773834229,0.16680645942687988,0.856249988079071,1.3674999475479126
4405,1.0676250457763672,0.20215977728366852,0.7074999809265137,1.4049999713897705
4406,1.1163750886917114,0.22642841935157776,0.7649999856948853,1.527500033378601
4407,0.9658750295639038,0.26776331663131714,0.48500001430511475,1.3624999523162842
4408,0.902999997138977,0.37788689136505127,-0.054999999701976776,1.2575000524520874
4409,0.9620000720024109,0.225347101688385,0.5862500071525574,1.2799999713897705
4410,1.1200001239776611,0.19740109145641327,0.8450000286102295,1.412500023841858
4411,1.0494999885559082,0.3101039230823517,0.20125000178813934,1.350000023841858
4412,0.859375,0.46376895904541016,-0.3675000071525574,1.3987499475479126
4413,0.9434999227523804,0.4888049364089966,-0.4099999964237213,1.4637500047683716
4414,1.2422499656677246,0.1783025860786438,0.8799999952316284,1.5125000476837158
4415,1.0483750104904175,0.14142251014709473,0.7137500047683716,1.2699999809265137
4416,0.9313749074935913,0.257957398891449,0.32249999046325684,1.2825000286102295
4417,0.9642499685287476,0.5182396173477173,-0.5074999928474426,1.3912500143051147
4418,1.1357500553131104,0.29165756702423096,0.48500001430511475,1.4387500286102295
4419,0.7259999513626099,1.230627179145813,-2.950000047683716,1.3312499523162842
4420,1.0313750505447388,0.4145089089870453,-0.09000000357627869,1.375
4421,1.0699999332427979,0.11855509132146835,0.9637500047683716,1.368749976158142
4422,0.7863749265670776,0.26610586047172546,0.14624999463558197,1.1100000143051147
4423,1.093250036239624,0.26386916637420654,0.4437499940395355,1.471250057220459
4424,1.0062499046325684,0.4396394193172455,-0.2837499976158142,1.2899999618530273
4425,1.2309999465942383,0.1676107943058014,0.8612499833106995,1.5175000429153442
4426,0.5266250371932983,1.1885876655578613,-2.8787500858306885,1.2937500476837158
4427,1.0137499570846558,0.27272582054138184,0.3375000059604645,1.3274999856948853
4428,0.6794999837875366,1.1705100536346436,-2.7987499237060547,1.3337500095367432
4429,0.7554999589920044,1.3669594526290894,-3.327500104904175,1.4537500143051147
4430,0.9272500276565552,0.3486468493938446,0.2562499940395355,1.252500057220459
4431,0.950374960899353,0.4016921818256378,0.2199999988079071,1.3975000381469727
4432,0.9547499418258667,0.3925449252128601,2.220446049250313e-16,1.4674999713897705
4433,1.080875039100647,0.16529902815818787,0.75,1.3550000190734863
4434,0.8931249380111694,0.4137289524078369,-0.2574999928474426,1.2074999809265137
4435,0.9299999475479126,0.44928452372550964,-0.22624999284744263,1.318750023841858
4436,1.1578748226165771,0.15600085258483887,0.8687499761581421,1.4299999475479126
4437,1.2327501773834229,0.1903810352087021,0.9325000047683716,1.5075000524520874
4438,1.0591250658035278,0.15528002381324768,0.7162500023841858,1.2587499618530273
4439,1.0106251239776611,0.15271323919296265,0.7774999737739563,1.253749966621399
4440,0.7498749494552612,1.206207275390625,-2.848750114440918,1.3700000047683716
4441,1.1154999732971191,0.1575745791196823,0.9175000190734863,1.3637499809265137
4442,1.1215001344680786,0.1251109391450882,0.9325000047683716,1.3624999523162842
4443,1.0627501010894775,0.21630330383777618,0.6912500262260437,1.434999942779541
4444,1.0878750085830688,0.20984894037246704,0.7300000190734863,1.3312499523162842
4445,0.8988750576972961,0.4133402109146118,-0.03500000014901161,1.3987499475479126
4446,0.9815000295639038,0.45760032534599304,-0.023749999701976776,1.568750023841858
4447,0.7026249766349792,1.1976838111877441,-2.8375000953674316,1.431249976158142
4448,1.1352499723434448,0.18198025226593018,0.9287499785423279,1.3587499856948853
4449,0.8943750262260437,0.5220214128494263,-0.3062500059604645,1.3912500143051147
4450,0.8047500848770142,0.4740723669528961,-0.28999999165534973,1.159999966621399
4451,1.1369999647140503,0.13332197070121765,0.9162499904632568,1.3899999856948853
4452,1.204624891281128,0.18999840319156647,0.8799999952316284,1.4537500143051147
4453,1.0606249570846558,0.4011083245277405,0.08500000089406967,1.4987499713897705
4454,1.1467500925064087,0.1714334934949875,0.8349999785423279,1.440000057220459
4455,0.9015000462532043,0.3346993923187256,0.33500000834465027,1.4574999809265137
4456,0.9802500009536743,0.45960402488708496,-0.30125001072883606,1.5412499904632568
4457,1.0098750591278076,0.2623186409473419,0.41999998688697815,1.3312499523162842
4458,0.9793750047683716,0.19085681438446045,0.6937500238418579,1.2549999952316284
4459,0.9923750162124634,0.24180921912193298,0.550000011920929,1.3324999809265137
4460,1.0492498874664307,0.30544087290763855,0.36125001311302185,1.4537500143051147
4461,0.7487500309944153,1.2249385118484497,-2.817500114440918,1.4762500524520874
4462,1.1176249980926514,0.1904234141111374,0.7749999761581421,1.3949999809265137
4463,0.7093749642372131,1.2189457416534424,-2.9312500953674316,1.274999976158142
4464,0.6351250410079956,1.1725550889968872,-2.7925000190734863,1.372499942779541
4465,0.3896249830722809,1.6249483823776245,-4.261250019073486,1.1987500190734863
4466,0.9737499952316284,0.3947562575340271,-0.14000000059604645,1.2412500381469727
4467,1.103124976158142,0.20620319247245789,0.7512500286102295,1.3887499570846558
4468,1.0153748989105225,0.4483664929866791,-0.19499999284744263,1.4850000143051147
4469,1.180249810218811,0.20514461398124695,0.8787500262260437,1.4674999713897705
4470,1.0732500553131104,0.21561117470264435,0.7649999856948853,1.441249966621399
4471,1.0740000009536743,0.15474757552146912,0.8924999833106995,1.3912500143051147
4472,1.089750051498413,0.1746056228876114,0.8037499785423279,1.3037500381469727
4473,1.0973750352859497,0.14941181242465973,0.8787500262260437,1.3125
4474,1.0859999656677246,0.1615654081106186,0.8037499785423279,1.3200000524520874
4475,1.0139999389648438,0.21006160974502563,0.5612499713897705,1.3324999809265137
4476,1.1017500162124634,0.14828941226005554,0.7437499761581421,1.2949999570846558
4477,1.0896251201629639,0.20177651941776276,0.7149999737739563,1.3137500286102295
4478,1.139875054359436,0.14104680716991425,0.9037500023841858,1.3174999952316284
4479,0.9983750581741333,0.19581404328346252,0.4412499964237213,1.1712499856948853
4480,1.066499948501587,0.1686006635427475,0.8062499761581421,1.4299999475479126
4481,1.014125108718872,0.28135666251182556,0.5099999904632568,1.3550000190734863
4482,1.0806249380111694,0.2630656063556671,0.4712499976158142,1.412500023841858
4483,0.9516250491142273,0.3604576289653778,-0.05249999836087227,1.190000057220459
4484,1.000249981880188,0.264098584651947,0.2824999988079071,1.2575000524520874
4485,1.204874873161316,0.18397557735443115,0.8737499713897705,1.4862500429153442
4486,1.2582498788833618,0.09861573576927185,1.153749942779541,1.440000057220459
4487,0.8449999690055847,0.5535612106323242,-0.7174999713897705,1.274999976158142
4488,1.1218750476837158,0.2021186500787735,0.7250000238418579,1.4587500095367432
4489,1.1363749504089355,0.07594703882932663,1.0212500095367432,1.2662500143051147
4490,0.9648750424385071,0.393058717250824,-0.07500000298023224,1.283750057220459
4491,1.1072499752044678,0.10575146973133087,0.887499988079071,1.2587499618530273
4492,1.0862499475479126,0.29558417201042175,0.3062500059604645,1.403749942779541
4493,0.6601250171661377,1.2979710102081299,-3.197499990463257,1.3337500095367432
4494,1.1837499141693115,0.11610070616006851,0.9300000071525574,1.3862500190734863
4495,1.194000005722046,0.2317837029695511,0.7987499833106995,1.5412499904632568
4496,0.6888750195503235,1.1584421396255493,-2.75,1.3537499904632568
4497,1.0845000743865967,0.2203797847032547,0.6937500238418579,1.3762500286102295
4498,1.1838748455047607,0.1002659723162651,1.0212500095367432,1.2925000190734863
4499,0.996749997138977,0.2958083152770996,0.44749999046325684,1.4249999523162842
4500,1.049625039100647,0.27054116129875183,0.38499999046325684,1.350000023841858
4501,1.0023750066757202,0.39509156346321106,-0.05624999850988388,1.350000023841858
4502,1.1488749980926514,0.17228558659553528,0.7825000286102295,1.3550000190734863
4503,0.7273750305175781,1.1681690216064453,-2.75,1.4900000095367432
4504,0.7772499322891235,1.1993671655654907,-2.786250114440918,1.4762500524520874
4505,0.9763749837875366,0.2520809769630432,0.5562499761581421,1.3312499523162842
4506,1.0611249208450317,0.2665118873119354,0.5799999833106995,1.4175000190734863
4507,0.9431250691413879,0.405003160238266,-0.1887499988079071,1.2762500047683716
4508,1.172124981880188,0.23846189677715302,0.6362500190734863,1.434999942779541
4509,1.0108749866485596,0.19441340863704681,0.6337500214576721,1.3550000190734863
4510,0.640625,1.1811368465423584,-2.8924999237060547,1.2000000476837158
4511,1.163374900817871,0.23215638101100922,0.7774999737739563,1.503749966621399
4512,1.1024999618530273,0.19361688196659088,0.6025000214576721,1.3274999856948853
4513,1.0258749723434448,0.6430284976959229,-0.8112499713897705,1.503749966621399
4514,1.235874891281128,0.21651576459407806,0.949999988079071,1.5549999475479126
4515,1.1271250247955322,0.19157737493515015,0.6937500238418579,1.4850000143051147
4516,0.6101250052452087,1.1815272569656372,-2.825000047683716,1.5225000381469727
4517,0.9057499766349792,0.45120230317115784,-0.3512499928474426,1.243749976158142
4518,1.1605000495910645,0.10652641206979752,0.9950000047683716,1.3287500143051147
4519,1.054499864578247,0.21867798268795013,0.606249988079071,1.3312499523162842
4520,1.174625039100647,0.19046084582805634,0.8774999976158142,1.527500033378601
4521,1.0148749351501465,0.23037974536418915,0.5062500238418579,1.3125
4522,1.1097500324249268,0.2168833315372467,0.8587499856948853,1.4912500381469727
4523,0.7987500429153442,0.5627244114875793,-0.20374999940395355,1.34375
4524,1.0910000801086426,0.14007675647735596,0.8612499833106995,1.3274999856948853
4525,1.1403748989105225,0.420119047164917,-0.03999999910593033,1.472499966621399
4526,1.1102499961853027,0.23967282474040985,0.7149999737739563,1.441249966621399
4527,1.0472500324249268,0.23486551642417908,0.6412500143051147,1.399999976158142
4528,1.115625023841858,0.3388972282409668,0.22374999523162842,1.5225000381469727
4529,1.1044999361038208,0.20701389014720917,0.6187499761581421,1.4225000143051147
4530,1.2177499532699585,0.11269955337047577,1.0212500095367432,1.4450000524520874
4531,1.004250168800354,0.3397500216960907,0.23499999940395355,1.3450000286102295
4532,1.0667500495910645,0.21611282229423523,0.48875001072883606,1.3137500286102295
4533,1.094750165939331,0.21194471418857574,0.6175000071525574,1.368749976158142
4534,1.0338749885559082,0.25939682126045227,0.36625000834465027,1.2575000524520874
4535,0.9917501211166382,0.33808475732803345,0.27000001072883606,1.5137499570846558
4536,1.0410001277923584,0.2542518377304077,0.5649999976158142,1.5137499570846558
4537,1.1618750095367432,0.1252550631761551,0.8949999809265137,1.3137500286102295
4538,1.0274999141693115,0.18569296598434448,0.7149999737739563,1.2862499952316284
4539,1.0762500762939453,0.3139824867248535,0.23250000178813934,1.2949999570846558
4540,1.013874888420105,0.3691360056400299,0.29124999046325684,1.53125
4541,1.114875078201294,0.16426964104175568,0.7862499952316284,1.3212499618530273
4542,1.1561250686645508,0.1295996606349945,0.9975000023841858,1.403749942779541
4543,1.097999930381775,0.263605535030365,0.6050000190734863,1.412500023841858
4544,0.9458749890327454,0.44412103295326233,-0.3174999952316284,1.277500033378601
4545,1.0066249370574951,0.21422463655471802,0.6299999952316284,1.4674999713897705
4546,1.1151249408721924,0.14492395520210266,0.8224999904632568,1.316249966621399
4547,1.2007499933242798,0.14471761882305145,0.8424999713897705,1.3825000524520874
4548,1.2834999561309814,0.1333320587873459,1.1299999952316284,1.5175000429153442
4549,1.0228750705718994,0.2075444459915161,0.675000011920929,1.309999942779541
4550,0.4729999601840973,1.197635531425476,-2.75,1.434999942779541
4551,1.071000099182129,0.18363158404827118,0.8137500286102295,1.3887499570846558
4552,1.1050000190734863,0.1570708304643631,0.824999988079071,1.3012499809265137
4553,1.1396249532699585,0.1338282972574234,0.9549999833106995,1.399999976158142
4554,1.1074999570846558,0.20178499817848206,0.5799999833106995,1.350000023841858
4555,1.2072499990463257,0.141676127910614,1.0212500095367432,1.465000033378601
4556,1.0837500095367432,0.2510129511356354,0.5099999904632568,1.3912500143051147
4557,1.1943750381469727,0.20743012428283691,0.7950000166893005,1.472499966621399
4558,1.0451250076293945,0.21310828626155853,0.7149999737739563,1.5
4559,1.084625005722046,0.13776344060897827,0.9325000047683716,1.3125
4560,1.093000054359436,0.14130662381649017,0.8737499713897705,1.3125
4561,1.214500069618225,0.1382741928100586,0.8612499833106995,1.350000023841858
4562,0.9893749952316284,0.20320960879325867,0.6762499809265137,1.2174999713897705
4563,1.1172499656677246,0.12033389508724213,0.96875,1.3537499904632568
4564,1.128499984741211,0.1725650280714035,0.8787500262260437,1.4537500143051147
4565,1.121500015258789,0.2117713987827301,0.6399999856948853,1.3300000429153442
4566,0.9247499704360962,0.35555583238601685,-0.03999999910593033,1.308750033378601
4567,0.9261250495910645,0.44352439045906067,-0.3162499964237213,1.3137500286102295
4568,1.1356251239776611,0.1687270849943161,0.8137500286102295,1.34375
4569,1.09375,0.2843204736709595,0.5425000190734863,1.46875
4570,1.0870001316070557,0.11356605589389801,0.8899999856948853,1.2587499618530273
4571,1.1340000629425049,0.2297830432653427,0.5862500071525574,1.4450000524520874
4572,1.1173750162124634,0.13662272691726685,0.90625,1.3662500381469727
4573,1.2422500848770142,0.2837889492511749,0.5375000238418579,1.5549999475479126
4574,1.1378750801086426,0.13851673901081085,0.9150000214576721,1.368749976158142
4575,1.1132500171661377,0.1890496015548706,0.637499988079071,1.3137500286102295
4576,1.066749930381775,0.24549071490764618,0.6287500262260437,1.5362499952316284
4577,1.009124994277954,0.25266459584236145,0.3499999940395355,1.2287499904632568
4578,1.1203750371932983,0.20395545661449432,0.7149999737739563,1.3849999904632568
4579,1.1404999494552612,0.21224631369113922,0.7137500047683716,1.3899999856948853
4580,0.5082499980926514,1.1769132614135742,-2.8499999046325684,1.2762500047683716
4581,1.0862499475479126,0.28014057874679565,0.7124999761581421,1.5137499570846558
4582,1.2008750438690186,0.2584642469882965,0.7699999809265137,1.4850000143051147
4583,1.1704999208450317,0.17839668691158295,0.7574999928474426,1.408750057220459
4584,1.1048749685287476,0.24208950996398926,0.5649999976158142,1.527500033378601
4585,0.9298750162124634,0.22184838354587555,0.3799999952316284,1.222499966621399
4586,1.1262500286102295,0.14851029217243195,0.8587499856948853,1.3574999570846558
4587,1.123249888420105,0.13714177906513214,0.8812500238418579,1.309999942779541
4588,1.0823750495910645,0.30203503370285034,0.2212499976158142,1.3025000095367432
4589,1.1146249771118164,0.2201164811849594,0.6349999904632568,1.3637499809265137
4590,0.6928749680519104,1.4650864601135254,-3.684999942779541,1.441249966621399
4591,1.1625001430511475,0.09914795309305191,0.9649999737739563,1.277500033378601
4592,1.1163750886917114,0.15718068182468414,0.925000011920929,1.4275000095367432
4593,1.0886250734329224,0.24755646288394928,0.7749999761581421,1.527500033378601
4594,1.0503751039505005,0.20162701606750488,0.643750011920929,1.4137500524520874
4595,1.055999994277954,0.34570616483688354,0.18000000715255737,1.4187500476837158
4596,1.1421250104904175,0.17153629660606384,0.875,1.4850000143051147
4597,0.9498750567436218,0.2935400605201721,0.3774999976158142,1.3174999952316284
4598,0.9806249737739563,0.22774110734462738,0.53125,1.253749966621399
4599,1.0110000371932983,0.29646554589271545,0.44999998807907104,1.4199999570846558
4600,1.121500015258789,0.19111087918281555,0.7875000238418579,1.4774999618530273
4601,1.0160000324249268,0.20210207998752594,0.6225000023841858,1.3337500095367432
4602,1.1432501077651978,0.1399700939655304,0.8487499952316284,1.3537499904632568
4603,1.1801249980926514,0.15953589975833893,0.8612499833106995,1.4850000143051147
4604,1.1467500925064087,0.1677127182483673,0.9100000262260437,1.472499966621399
4605,0.9106249809265137,0.4741934835910797,-0.4637500047683716,1.2762500047683716
4606,1.152250051498413,0.19996234774589539,0.6225000023841858,1.4762500524520874
4607,1.0397499799728394,0.21384193003177643,0.6399999856948853,1.2999999523162842
4608,0.9313750267028809,0.5094897747039795,-0.5337499976158142,1.3587499856948853
4609,1.0583750009536743,0.18148696422576904,0.7412499785423279,1.2962499856948853
4610,0.8955000042915344,0.4027915298938751,0.029999999329447746,1.2999999523162842
4611,1.0663750171661377,0.26084384322166443,0.4037500023841858,1.434999942779541
4612,1.058000087738037,0.3214227259159088,0.4000000059604645,1.5412499904632568
4613,0.9856249690055847,0.43606629967689514,-0.2537499964237213,1.3637499809265137
4614,1.184000015258789,0.17598633468151093,0.8737499713897705,1.4987499713897705
4615,0.7896249890327454,0.516141951084137,-0.23000000417232513,1.3137500286102295
4616,1.0676250457763672,0.23278169333934784,0.6487500071525574,1.3674999475479126
4617,1.1512500047683716,0.16029562056064606,0.7637500166893005,1.3362499475479126
4618,1.0223749876022339,0.15757881104946136,0.8424999713897705,1.3762500286102295
4619,0.9435000419616699,0.3257370591163635,-0.0012499999720603228,1.1862499713897705
4620,1.0728750228881836,0.4315861165523529,-0.004999999888241291,1.4900000095367432
4621,1.0598750114440918,0.20921240746974945,0.731249988079071,1.4587500095367432
4622,1.0092500448226929,0.2494257092475891,0.3100000023841858,1.2400000095367432
4623,0.9859999418258667,0.20049455761909485,0.6150000095367432,1.2862499952316284
4624,0.9149999618530273,0.34705638885498047,0.20749999582767487,1.5087499618530273
4625,1.0160000324249268,0.3212737441062927,0.42750000953674316,1.403749942779541
4626,1.0262500047683716,0.21535943448543549,0.6549999713897705,1.3799999952316284
4627,0.5166250467300415,1.1674586534500122,-2.84375,1.149999976158142
4628,1.0601249933242798,0.14719294011592865,0.7875000238418579,1.2949999570846558
4629,1.1271250247955322,0.19512179493904114,0.731249988079071,1.5412499904632568
4630,1.0813751220703125,0.17410704493522644,0.7637500166893005,1.3200000524520874
4631,1.1187498569488525,0.2104526311159134,0.6287500262260437,1.377500057220459
4632,1.0607500076293945,0.22133274376392365,0.5662500262260437,1.318750023841858
4633,1.0516250133514404,0.2442827969789505,0.5625,1.4175000190734863
4634,1.0638749599456787,0.21688595414161682,0.5774999856948853,1.350000023841858
4635,0.6515001058578491,1.2137750387191772,-2.8375000953674316,1.350000023841858
4636,1.0578749179840088,0.3811073899269104,0.25999999046325684,1.4574999809265137
4637,1.1738749742507935,0.13838627934455872,0.9350000023841858,1.4249999523162842
4638,1.08412504196167,0.20517756044864655,0.731249988079071,1.3987499475479126
4639,1.0921250581741333,0.4304024279117584,0.125,1.5412499904632568
4640,1.0496249198913574,0.3293492794036865,0.20000000298023224,1.3949999809265137
4641,0.4621250629425049,0.8174818158149719,-0.7162500023841858,1.246250033378601
4642,0.9947500228881836,0.3329817056655884,0.35874998569488525,1.4637500047683716
4643,1.0771249532699585,0.07705731689929962,0.949999988079071,1.190000057220459
4644,1.091999888420105,0.1618054360151291,0.8224999904632568,1.2899999618530273
4645,1.1891250610351562,0.21624064445495605,0.6524999737739563,1.471250057220459
4646,0.5730000138282776,1.194158673286438,-2.8299999237060547,1.2612500190734863
4647,1.0248750448226929,0.17369283735752106,0.675000011920929,1.2337499856948853
4648,1.1855000257492065,0.1493079960346222,0.9362499713897705,1.5075000524520874
4649,0.5607500076293945,1.157020926475525,-2.84375,1.222499966621399
4650,1.2087500095367432,0.18689149618148804,0.824999988079071,1.4487500190734863
4651,1.1234999895095825,0.26673826575279236,0.48249998688697815,1.503749966621399
4652,1.1640000343322754,0.14783628284931183,0.9287499785423279,1.4387500286102295
4653,1.0547500848770142,0.3063575029373169,0.20125000178813934,1.3362499475479126
4654,0.9899999499320984,0.33413973450660706,0.10374999791383743,1.2487499713897705
4655,1.1466249227523804,0.17914821207523346,0.9087499976158142,1.4075000286102295
4656,1.1118749380111694,0.15614719688892365,0.8299999833106995,1.403749942779541
4657,1.0888750553131104,0.24137850105762482,0.4399999976158142,1.368749976158142
4658,1.1017500162124634,0.2434801161289215,0.7662500143051147,1.4862500429153442
4659,1.0651249885559082,0.2282346934080124,0.7049999833106995,1.5499999523162842
4660,1.0196250677108765,0.19970059394836426,0.7087500095367432,1.3849999904632568
4661,0.9635000228881836,0.17490962147712708,0.6600000262260437,1.2599999904632568
4662,1.1651250123977661,0.18259282410144806,0.8787500262260437,1.4187500476837158
4663,1.069374918937683,0.2831067740917206,0.25999999046325684,1.309999942779541
4664,1.0502500534057617,0.24057145416736603,0.5174999833106995,1.3550000190734863
4665,1.0912501811981201,0.162857323884964,0.8687499761581421,1.3250000476837158
4666,1.1481249332427979,0.14052940905094147,0.9787499904632568,1.4049999713897705
4667,1.0596250295639038,0.29147201776504517,0.6549999713897705,1.5137499570846558
4668,0.7953749895095825,1.2723957300186157,-2.950000047683716,1.5449999570846558
4669,1.2103750705718994,0.2580116391181946,0.6212499737739563,1.5137499570846558
4670,1.1866250038146973,0.19552496075630188,0.875,1.5125000476837158
4671,0.6303750276565552,1.1417900323867798,-2.71875,1.3587499856948853
4672,1.0721250772476196,0.3974630832672119,0.11249999701976776,1.4600000381469727
4673,0.9832500219345093,0.3580835163593292,-0.007499999832361937,1.3125
4674,1.1273748874664307,0.17455698549747467,0.8899999856948853,1.403749942779541
4675,1.0266250371932983,0.16160623729228973,0.7512500286102295,1.3899999856948853
4676,1.0456249713897705,0.24365141987800598,0.543749988079071,1.3849999904632568
4677,1.1108750104904175,0.14880257844924927,0.9275000095367432,1.3350000381469727
4678,1.0924999713897705,0.2739485502243042,0.6274999976158142,1.4774999618530273
4679,1.0926249027252197,0.16401642560958862,0.8537499904632568,1.350000023841858
4680,0.1913749873638153,1.5754269361495972,-2.903749942779541,1.347499966621399
4681,0.9609999656677246,0.31164422631263733,0.28125,1.4537500143051147
4682,1.1644999980926514,0.1387457251548767,0.9162499904632568,1.4600000381469727
4683,1.1699999570846558,0.13679592311382294,0.9837499856948853,1.403749942779541
4684,1.150749921798706,0.16387611627578735,0.8612499833106995,1.4175000190734863
4685,1.1362500190734863,0.16808480024337769,0.7450000047683716,1.3174999952316284
4686,1.0978749990463257,0.1563730090856552,0.8050000071525574,1.3862500190734863
4687,1.0487499237060547,0.2188728302717209,0.5562499761581421,1.4075000286102295
4688,0.6351249814033508,1.5486035346984863,-3.890000104904175,1.3912500143051147
4689,1.094499945640564,0.30345210433006287,0.4950000047683716,1.5
4690,0.7136250734329224,1.2416050434112549,-2.950000047683716,1.440000057220459
4691,1.0722501277923584,0.237545907497406,0.7825000286102295,1.5499999523162842
4692,0.9921250343322754,0.19443270564079285,0.6712499856948853,1.2200000286102295
4693,1.0563749074935913,0.30218496918678284,0.48500001430511475,1.475000023841858
4694,1.2154998779296875,0.12257547676563263,0.981249988079071,1.441249966621399
4695,1.1281249523162842,0.1319756805896759,0.956250011920929,1.371250033378601
4696,1.047374963760376,0.2982430160045624,0.3199999928474426,1.4487500190734863
4697,1.071874976158142,0.12299422919750214,0.8374999761581421,1.2937500476837158
4698,1.2352499961853027,0.3000373840332031,0.42250001430511475,1.5087499618530273
4699,1.1273750066757202,0.13071013987064362,0.8974999785423279,1.3137500286102295
4700,1.1132500171661377,0.14989392459392548,0.9362499713897705,1.372499942779541
4701,0.9411249160766602,0.5679578185081482,-0.6812499761581421,1.3849999904632568
4702,0.6556249856948853,1.2049548625946045,-2.8737499713897705,1.3324999809265137
4703,1.0386250019073486,0.3669547438621521,0.08500000089406967,1.4187500476837158
4704,1.0504999160766602,0.16313548386096954,0.8362500071525574,1.462499976158142
4705,0.9577499628067017,0.40964460372924805,0.17000000178813934,1.4175000190734863
4706,1.1047499179840088,0.23812930285930634,0.7099999785423279,1.4262499809265137
4707,1.125,0.22584909200668335,0.7212499976158142,1.4450000524520874
4708,1.1381251811981201,0.28675079345703125,0.3112500011920929,1.3674999475479126
4709,1.1018749475479126,0.18396437168121338,0.7850000262260437,1.3075000047683716
4710,1.0769999027252197,0.16929838061332703,0.8237500190734863,1.3487499952316284
4711,1.0923750400543213,0.21119485795497894,0.7487499713897705,1.3550000190734863
4712,1.2204999923706055,0.16265876591205597,0.918749988079071,1.4812500476837158
4713,0.824874997138977,0.5222117900848389,-0.5087500214576721,1.3674999475479126
4714,1.041374921798706,0.11239223927259445,0.8600000143051147,1.2024999856948853
4715,1.0108749866485596,0.28965499997138977,0.5625,1.4487500190734863
4716,1.071874976158142,0.2161482870578766,0.7074999809265137,1.4900000095367432
4717,1.0387499332427979,0.37558579444885254,-0.036249998956918716,1.3899999856948853
4718,1.295124888420105,0.17222754657268524,1.0787500143051147,1.5412499904632568
4719,1.0717499256134033,0.1959417760372162,0.5687500238418579,1.277500033378601
4720,1.0303750038146973,0.32140904664993286,0.18000000715255737,1.3362499475479126
4721,1.0626250505447388,0.4254106283187866,-0.1574999988079071,1.412500023841858
4722,0.7767500877380371,1.2228502035140991,-2.84375,1.4175000190734863
4723,1.034000039100647,0.280560702085495,0.42500001192092896,1.368749976158142
4724,1.0988749265670776,0.1493176817893982,0.9175000190734863,1.5075000524520874
4725,1.065500020980835,0.2690313756465912,0.6762499809265137,1.3849999904632568
4726,1.0258750915527344,0.3022747337818146,0.3400000035762787,1.5225000381469727
4727,1.1428749561309814,0.19117406010627747,0.7462499737739563,1.3849999904632568
4728,1.0936248302459717,0.16977231204509735,0.8237500190734863,1.403749942779541
4729,0.6875,1.1603931188583374,-2.606250047683716,1.443750023841858
4730,0.6915000081062317,1.2012968063354492,-2.9000000953674316,1.2174999713897705
4731,0.9733749628067017,0.4768257737159729,-0.1287499964237213,1.4850000143051147
4732,0.9277499914169312,0.4107309877872467,-0.029999999329447746,1.3350000381469727
4733,1.0558750629425049,0.1267983615398407,0.8899999856948853,1.3324999809265137
4734,1.1316249370574951,0.18738499283790588,0.7450000047683716,1.368749976158142
4735,1.0721250772476196,0.17131663858890533,0.831250011920929,1.3262499570846558
4736,0.9627500772476196,0.27822867035865784,0.4012500047683716,1.2987500429153442
4737,1.0785000324249268,0.12251123040914536,0.8224999904632568,1.3212499618530273
4738,0.9795001149177551,0.42188760638237,-0.017500000074505806,1.4850000143051147
4739,0.9521249532699585,0.5121791362762451,-0.5550000071525574,1.2350000143051147
4740,1.0450000762939453,0.17213639616966248,0.7387499809265137,1.2949999570846558
4741,1.0439999103546143,0.136949822306633,0.8399999737739563,1.2450000047683716
4742,1.1804999113082886,0.1817941963672638,0.8374999761581421,1.5087499618530273
4743,0.7227500081062317,1.1774951219558716,-2.768749952316284,1.462499976158142
4744,1.0384999513626099,0.18053722381591797,0.6837499737739563,1.3550000190734863
4745,1.3108750581741333,0.14958176016807556,0.9975000023841858,1.5549999475479126
4746,0.9592499732971191,0.46542325615882874,-0.35374999046325684,1.4137500524520874
4747,1.0913749933242798,0.2030520737171173,0.731249988079071,1.3862500190734863
4748,0.6476249694824219,1.1992267370224,-2.8787500858306885,1.2637499570846558
4749,1.1907498836517334,0.19706614315509796,0.7787500023841858,1.4537500143051147
4750,1.1508749723434448,0.13370800018310547,0.9524999856948853,1.4075000286102295
4751,1.088499903678894,0.20323385298252106,0.7275000214576721,1.4249999523162842
4752,0.6963750123977661,1.2225139141082764,-2.934999942779541,1.3937499523162842
4753,1.0212500095367432,0.25719398260116577,0.512499988079071,1.2937500476837158
4754,1.1039998531341553,0.22869998216629028,0.4762499928474426,1.3137500286102295
4755,1.1593749523162842,0.13188092410564423,0.9587500095367432,1.3324999809265137
4756,1.2538750171661377,0.12119128555059433,1.0137499570846558,1.3937499523162842
4757,1.0587499141693115,0.18808241188526154,0.7300000190734863,1.3137500286102295
4758,1.109375,0.13777726888656616,0.9300000071525574,1.3624999523162842
4759,1.1147501468658447,0.21160385012626648,0.7412499785423279,1.431249976158142
4760,0.9353750348091125,0.35925009846687317,0.0012499999720603228,1.28125
4761,0.7266249060630798,1.246308445930481,-2.953749895095825,1.4987499713897705
4762,0.6592499613761902,1.1895127296447754,-2.836250066757202,1.408750057220459
4763,1.074625015258789,0.16494417190551758,0.6662499904632568,1.309999942779541
4764,1.2047500610351562,0.1453700214624405,1.0549999475479126,1.4800000190734863
4765,1.274749994277954,0.18978343904018402,0.8587499856948853,1.4900000095367432
4766,1.087499976158142,0.21040809154510498,0.800000011920929,1.4275000095367432
4767,1.0067499876022339,0.42472317814826965,0.10499999672174454,1.3849999904632568
4768,1.097000002861023,0.13464558124542236,0.8912500143051147,1.3125
4769,0.872874915599823,0.7150055170059204,-0.7524999976158142,1.4524999856948853
4770,1.0778748989105225,0.22079546749591827,0.6775000095367432,1.4049999713897705
4771,1.0797500610351562,0.13802489638328552,0.8187500238418579,1.3362499475479126
4772,1.1432499885559082,0.20379462838172913,0.7637500166893005,1.4137500524520874
4773,1.145625114440918,0.10709407925605774,0.8949999809265137,1.2912499904632568
4774,1.0794999599456787,0.1892371028661728,0.75,1.4299999475479126
4775,1.1073750257492065,0.09885349869728088,0.9412500262260437,1.243749976158142
4776,1.1182500123977661,0.2065885215997696,0.6974999904632568,1.4824999570846558
4777,1.1072499752044678,0.3535299003124237,0.4387499988079071,1.5125000476837158
4778,1.075624942779541,0.21013928949832916,0.8199999928474426,1.4900000095367432
4779,1.1447499990463257,0.2044350504875183,0.8349999785423279,1.4850000143051147
4780,0.9948749542236328,0.3621314465999603,0.06499999761581421,1.3362499475479126
4781,1.0723750591278076,0.17807868123054504,0.8700000047683716,1.443750023841858
4782,0.984624981880188,0.39835092425346375,0.2487500011920929,1.5
4783,1.0566251277923584,0.4837167263031006,-0.3425000011920929,1.3574999570846558
4784,1.0646250247955322,0.20584434270858765,0.7699999809265137,1.350000023841858
4785,1.1111249923706055,0.1826869398355484,0.7875000238418579,1.4537500143051147
4786,0.9515000581741333,0.11961240321397781,0.7024999856948853,1.125
4787,1.0746248960494995,0.407416433095932,-0.0949999988079071,1.443750023841858
4788,1.100250005722046,0.15968893468379974,0.8600000143051147,1.4299999475479126
4789,1.0356248617172241,0.24184074997901917,0.4749999940395355,1.2949999570846558
4790,1.1955000162124634,0.1578698307275772,1.0012500286102295,1.527500033378601
4791,1.1313750743865967,0.22022676467895508,0.7350000143051147,1.503749966621399
4792,1.046375036239624,0.10495007038116455,0.9524999856948853,1.3137500286102295
4793,0.7844999432563782,1.2043495178222656,-2.799999952316284,1.440000057220459
4794,1.0623750686645508,0.2399996519088745,0.48875001072883606,1.2999999523162842
4795,1.2042500972747803,0.1690397709608078,0.824999988079071,1.527500033378601
4796,1.048625111579895,0.2374088168144226,0.6000000238418579,1.3762500286102295
4797,1.2002500295639038,0.16290509700775146,0.8587499856948853,1.440000057220459
4798,1.2393749952316284,0.1810181587934494,0.8487499952316284,1.462499976158142
4799,1.2116249799728394,0.18446379899978638,0.9337499737739563,1.493749976158142
4800,0.8458749651908875,0.40222081542015076,-0.054999999701976776,1.2825000286102295
4801,1.1466251611709595,0.20422954857349396,0.7149999737739563,1.5225000381469727
4802,1.1021250486373901,0.1073109582066536,0.9275000095367432,1.2274999618530273
4803,1.1332498788833618,0.15298202633857727,0.8012499809265137,1.3387500047683716
4804,0.8548749685287476,0.4899175763130188,-0.2824999988079071,1.318750023841858
4805,1.0948750972747803,0.24932563304901123,0.6100000143051147,1.527500033378601
4806,1.1076250076293945,0.1935986876487732,0.7524999976158142,1.472499966621399
4807,1.191749930381775,0.13347306847572327,0.9137499928474426,1.4249999523162842
4808,1.0826250314712524,0.2611826956272125,0.7225000262260437,1.527500033378601
4809,1.046375036239624,0.22798193991184235,0.75,1.3937499523162842
4810,0.9028749465942383,0.5191540718078613,-0.6050000190734863,1.2999999523162842
4811,1.1178749799728394,0.14884141087532043,0.7799999713897705,1.253749966621399
4812,1.0178749561309814,0.11464626342058182,0.8287500143051147,1.149999976158142
4813,1.166624903678894,0.18168054521083832,0.8537499904632568,1.472499966621399
4814,1.0853749513626099,0.23378679156303406,0.7024999856948853,1.4987499713897705
4815,1.0542500019073486,0.19085514545440674,0.6337500214576721,1.2762500047683716
4816,1.1349999904632568,0.1608852595090866,0.8787500262260437,1.3450000286102295
4817,1.1026250123977661,0.19921131432056427,0.6812499761581421,1.3487499952316284
4818,1.144374966621399,0.147358238697052,0.862500011920929,1.3524999618530273
4819,1.0985000133514404,0.24652257561683655,0.5724999904632568,1.5087499618530273
4820,1.013624906539917,0.33905771374702454,0.18125000596046448,1.503749966621399
4821,1.100250005722046,0.10465239733457565,0.8787500262260437,1.3137500286102295
4822,1.1258749961853027,0.1958906352519989,0.8037499785423279,1.3962500095367432
4823,1.056999921798706,0.1227932795882225,0.8050000071525574,1.2362500429153442
4824,1.0686250925064087,0.16049185395240784,0.7512500286102295,1.3600000143051147
4825,1.1766250133514404,0.14878785610198975,0.9412500262260437,1.4900000095367432
4826,1.0544999837875366,0.3926835358142853,-0.07874999940395355,1.2962499856948853
4827,1.1143749952316284,0.1784912794828415,0.875,1.4674999713897705
4828,1.1817500591278076,0.14257362484931946,0.9300000071525574,1.4262499809265137
4829,1.0801249742507935,0.18928684294223785,0.7450000047683716,1.3387500047683716
4830,1.0353749990463257,0.14816275238990784,0.7512500286102295,1.222499966621399
4831,1.234624981880188,0.1940087378025055,0.7300000190734863,1.441249966621399
4832,1.1394999027252197,0.18652597069740295,0.9100000262260437,1.4862500429153442
4833,1.0302499532699585,0.25858378410339355,0.35749998688697815,1.247499942779541
4834,0.7092499732971191,1.1823557615280151,-2.8187499046325684,1.3137500286102295
4835,1.1508748531341553,0.15749309957027435,0.8924999833106995,1.3899999856948853
4836,1.0073750019073486,0.24023453891277313,0.5737500190734863,1.3662500381469727
4837,1.047624945640564,0.1512545943260193,0.8062499761581421,1.274999976158142
4838,1.1736249923706055,0.13110166788101196,0.8349999785423279,1.3174999952316284
4839,1.1145000457763672,0.17679280042648315,0.793749988079071,1.3224999904632568
4840,1.0336250066757202,0.39742234349250793,-0.05000000074505806,1.4537500143051147
4841,1.0281250476837158,0.1476760059595108,0.8062499761581421,1.243749976158142
4842,1.0852500200271606,0.23799870908260345,0.5699999928474426,1.3862500190734863
4843,1.1067500114440918,0.18134412169456482,0.8487499952316284,1.3799999952316284
4844,1.1958749294281006,0.20763853192329407,0.9325000047683716,1.5225000381469727
4845,0.9932500123977661,0.35922667384147644,0.11249999701976776,1.4362499713897705
4846,1.156499981880188,0.1570974886417389,0.9162499904632568,1.434999942779541
4847,1.1389999389648438,0.17809301614761353,0.9162499904632568,1.462499976158142
4848,1.1478749513626099,0.18553811311721802,0.8362500071525574,1.399999976158142
4849,1.106124997138977,0.13718649744987488,0.8787500262260437,1.2962499856948853
4850,1.0268751382827759,0.2853562831878662,0.46000000834465027,1.4212499856948853
4851,1.137874960899353,0.19109803438186646,0.7774999737739563,1.3174999952316284
4852,1.0459998846054077,0.3081820607185364,0.38624998927116394,1.4762500524520874
4853,1.0837500095367432,0.18969134986400604,0.8187500238418579,1.403749942779541
4854,1.1211249828338623,0.1498931348323822,0.8924999833106995,1.402500033378601
4855,1.1938749551773071,0.2449747771024704,0.8174999952316284,1.5399999618530273
4856,1.154750108718872,0.17656691372394562,0.9125000238418579,1.472499966621399
4857,1.1566250324249268,0.19162631034851074,0.8299999833106995,1.4537500143051147
4858,0.9196249842643738,0.5053260326385498,-0.5724999904632568,1.225000023841858
4859,1.0973749160766602,0.1333351582288742,0.8237500190734863,1.2587499618530273
4860,1.0492500066757202,0.16295821964740753,0.7387499809265137,1.308750033378601
4861,1.0312501192092896,0.28729015588760376,0.4399999976158142,1.4950000047683716
4862,1.2320001125335693,0.16052666306495667,1.0012500286102295,1.5412499904632568
4863,1.0712499618530273,0.236952006816864,0.5024999976158142,1.403749942779541
4864,1.0794999599456787,0.26224109530448914,0.4137499928474426,1.3250000476837158
4865,0.9296249151229858,0.44058626890182495,-0.21875,1.350000023841858
4866,1.0827499628067017,0.3212863802909851,0.2549999952316284,1.350000023841858
4867,1.1533749103546143,0.21651503443717957,0.7225000262260437,1.5
4868,1.124250054359436,0.14225001633167267,0.7674999833106995,1.2825000286102295
4869,1.1065000295639038,0.1896442323923111,0.6725000143051147,1.3899999856948853
4870,0.8323750495910645,0.3520593047142029,0.07500000298023224,1.3137500286102295
4871,1.1439999341964722,0.15851734578609467,0.8237500190734863,1.3700000047683716
4872,1.0976250171661377,0.20845147967338562,0.7450000047683716,1.4950000047683716
4873,1.0922499895095825,0.20177710056304932,0.768750011920929,1.4812500476837158
4874,0.6368750333786011,1.221142292022705,-2.9124999046325684,1.3387500047683716
4875,1.1382501125335693,0.14791807532310486,0.9287499785423279,1.412500023841858
4876,1.2183749675750732,0.17174023389816284,0.8612499833106995,1.5175000429153442
4877,0.7005000114440918,1.2095091342926025,-2.9049999713897705,1.2412500381469727
4878,1.1464998722076416,0.17358426749706268,0.8424999713897705,1.472499966621399
4879,1.1851251125335693,0.16710443794727325,0.7900000214576721,1.3700000047683716
4880,0.9939999580383301,0.38409867882728577,0.21375000476837158,1.5499999523162842
4881,1.0787500143051147,0.1434638500213623,0.8399999737739563,1.316249966621399
4882,1.2170000076293945,0.15583965182304382,0.9900000095367432,1.5499999523162842
4883,1.0901249647140503,0.1558198630809784,0.8924999833106995,1.3562500476837158
4884,0.9524999856948853,0.4996998906135559,-0.2750000059604645,1.3825000524520874
4885,1.149125099182129,0.19495919346809387,0.6762499809265137,1.377500057220459
4886,0.8677499890327454,0.2702578604221344,0.1550000011920929,1.190000057220459
4887,1.0463749170303345,0.22734983265399933,0.39125001430511475,1.215000033378601
4888,1.1621248722076416,0.18299424648284912,0.6712499856948853,1.340000033378601
4889,1.1915000677108765,0.1367420107126236,0.8687499761581421,1.3825000524520874
4890,1.2148748636245728,0.16720165312290192,0.9587500095367432,1.4987499713897705
4891,0.6757499575614929,1.1781920194625854,-2.8062500953674316,1.283750057220459
4892,1.1060000658035278,0.2527275085449219,0.5987499952316284,1.3825000524520874
4893,1.1057499647140503,0.1548660695552826,0.7400000095367432,1.28125
4894,1.0398749113082886,0.21101796627044678,0.5924999713897705,1.2949999570846558
4895,1.0889999866485596,0.15471525490283966,0.7637500166893005,1.3262499570846558
4896,1.1549999713897705,0.11145208030939102,0.9474999904632568,1.2987500429153442
4897,1.1067500114440918,0.370201051235199,0.13625000417232513,1.4900000095367432
4898,1.2621248960494995,0.19527067244052887,0.7637500166893005,1.4487500190734863
4899,1.1831248998641968,0.14203791320323944,0.8924999833106995,1.381250023841858
4900,1.059749960899353,0.29463261365890503,0.4625000059604645,1.493749976158142
4901,1.146125078201294,0.21451136469841003,0.7325000166893005,1.5137499570846558
4902,0.8895000219345093,0.4674014747142792,-0.34375,1.277500033378601
4903,0.9828750491142273,0.48555251955986023,-0.35374999046325684,1.440000057220459
4904,1.1061251163482666,0.3280279040336609,0.36125001311302185,1.4987499713897705
4905,1.143875002861023,0.21029849350452423,0.8012499809265137,1.53125
4906,1.1045000553131104,0.24138352274894714,0.5375000238418579,1.3137500286102295
4907,1.0827500820159912,0.18079492449760437,0.8299999833106995,1.4249999523162842
4908,1.041374921798706,0.1894197165966034,0.8237500190734863,1.4187500476837158
4909,0.9543750882148743,0.4594171941280365,-0.29750001430511475,1.4175000190734863
4910,1.1572500467300415,0.17664389312267303,0.8324999809265137,1.5412499904632568
4911,1.0431249141693115,0.13896970450878143,0.7875000238418579,1.3137500286102295
4912,1.0226249694824219,0.3111954629421234,0.1837500035762787,1.403749942779541
4913,0.7148749828338623,1.1920627355575562,-2.7987499237060547,1.4774999618530273
4914,1.1429998874664307,0.1788393259048462,0.7649999856948853,1.3762500286102295
4915,1.0383750200271606,0.20348989963531494,0.6887500286102295,1.3762500286102295
4916,1.069374918937683,0.24697245657444,0.7749999761581421,1.475000023841858
4917,1.1641249656677246,0.23452481627464294,0.5924999713897705,1.5137499570846558
4918,1.115875005722046,0.23220214247703552,0.7149999737739563,1.4487500190734863
4919,1.1296249628067017,0.21874001622200012,0.7762500047683716,1.472499966621399
4920,1.0626249313354492,0.20131787657737732,0.7674999833106995,1.4800000190734863
4921,1.2644999027252197,0.1745316982269287,0.8550000190734863,1.503749966621399
4922,1.0986249446868896,0.22500169277191162,0.7024999856948853,1.4387500286102295
4923,1.0358750820159912,0.18842856585979462,0.7350000143051147,1.2999999523162842
4924,1.0876251459121704,0.1963219940662384,0.6524999737739563,1.2999999523162842
4925,1.1486250162124634,0.266542911529541,0.6650000214576721,1.5087499618530273
4926,1.100250005722046,0.24776425957679749,0.7925000190734863,1.5175000429153442
4927,1.1398749351501465,0.24000421166419983,0.53125,1.3987499475479126
4928,1.0398749113082886,0.18637114763259888,0.731249988079071,1.4049999713897705
4929,1.2135000228881836,0.18095390498638153,0.8737499713897705,1.527500033378601
4930,1.1204999685287476,0.20985428988933563,0.6549999713897705,1.4550000429153442
4931,1.0105000734329224,0.5631105899810791,-0.5,1.4500000476837158
4932,0.9966249465942383,0.380927711725235,0.06624999642372131,1.503749966621399
4933,1.0917500257492065,0.22989821434020996,0.6775000095367432,1.3662500381469727
4934,1.1369999647140503,0.23756267130374908,0.7462499737739563,1.5225000381469727
4935,1.1322500705718994,0.19828546047210693,0.8799999952316284,1.4887499809265137
4936,1.2207499742507935,0.14674721658229828,0.9275000095367432,1.4225000143051147
4937,1.1362498998641968,0.15232263505458832,0.8962500095367432,1.3987499475479126
4938,1.0988749265670776,0.28740838170051575,0.5062500238418579,1.375
4939,1.0858750343322754,0.16633179783821106,0.7850000262260437,1.3350000381469727
4940,1.097999930381775,0.10094119608402252,0.9637500047683716,1.277500033378601
4941,1.0945000648498535,0.15710288286209106,0.8899999856948853,1.3324999809265137
4942,1.1049998998641968,0.3035215139389038,0.7450000047683716,1.5225000381469727
4943,0.9679999351501465,0.49281150102615356,-0.29499998688697815,1.4850000143051147
4944,1.2166249752044678,0.1592041403055191,0.856249988079071,1.493749976158142
4945,1.1893750429153442,0.11727804690599442,0.8912500143051147,1.3650000095367432
4946,1.0513750314712524,0.235261470079422,0.45124998688697815,1.3849999904632568
4947,1.0727498531341553,0.1917785406112671,0.7099999785423279,1.3650000095367432
4948,0.9414998888969421,0.3403494656085968,0.10999999940395355,1.4199999570846558
4949,1.1038750410079956,0.18843553960323334,0.7325000166893005,1.3937499523162842
4950,0.8083750009536743,1.1783275604248047,-2.7174999713897705,1.3674999475479126
4951,1.0856250524520874,0.27817949652671814,0.6100000143051147,1.4049999713897705
4952,0.5851250290870667,1.3005391359329224,-3.148750066757202,1.5087499618530273
4953,0.5498749613761902,1.2124072313308716,-2.768749952316284,1.2699999809265137
4954,0.9616249203681946,0.4909098744392395,-0.07625000178813934,1.377500057220459
4955,1.1646250486373901,0.15306356549263,0.9587500095367432,1.4049999713897705
4956,1.153499960899353,0.15644967555999756,0.9112499952316284,1.4225000143051147
4957,1.1344999074935913,0.2452143430709839,0.7337499856948853,1.5137499570846558
4958,0.9076250791549683,0.2962839901447296,0.3425000011920929,1.2762500047683716
4959,0.5078749656677246,1.1716111898422241,-2.7874999046325684,1.3075000047683716
4960,0.8036249279975891,1.237179160118103,-2.836250066757202,1.4987499713897705
4961,1.0666248798370361,0.3147777318954468,0.3375000059604645,1.5125000476837158
4962,1.1808750629425049,0.14801187813282013,1.0112500190734863,1.4900000095367432
4963,0.6463750004768372,1.1878377199172974,-2.859999895095825,1.2999999523162842
4964,1.0291249752044678,0.32389912009239197,0.17624999582767487,1.3350000381469727
4965,0.8082500696182251,0.4845849275588989,-0.09875000268220901,1.434999942779541
4966,1.0764999389648438,0.24251919984817505,0.5837500095367432,1.4950000047683716
4967,1.1395000219345093,0.27225345373153687,0.42250001430511475,1.443750023841858
4968,1.0677499771118164,0.21045100688934326,0.5425000190734863,1.3387500047683716
4969,1.1159999370574951,0.3721952736377716,0.13875000178813934,1.493749976158142
4970,0.7938750386238098,1.2014429569244385,-2.8062500953674316,1.247499942779541
4971,1.187250018119812,0.1641301065683365,0.9800000190734863,1.5225000381469727
4972,1.1320000886917114,0.21049436926841736,0.6899999976158142,1.3799999952316284
4973,1.0759999752044678,0.1982957422733307,0.7699999809265137,1.4187500476837158
4974,0.9737499952316284,0.3319026827812195,0.10875000059604645,1.408750057220459
4975,1.1012500524520874,0.18337632715702057,0.7799999713897705,1.408750057220459
4976,0.9706250429153442,0.3752654492855072,-0.07999999821186066,1.2912499904632568
4977,1.017124891281128,0.15162459015846252,0.7900000214576721,1.3037500381469727
4978,1.0616250038146973,0.3753919005393982,0.03500000014901161,1.34375
4979,1.202875018119812,0.23147763311862946,0.6412500143051147,1.4574999809265137
4980,0.9258750081062317,0.2557501494884491,0.5799999833106995,1.2737499475479126
4981,0.9007499814033508,0.3871454894542694,0.09000000357627869,1.34375
4982,1.1265000104904175,0.20245663821697235,0.7799999713897705,1.3387500047683716
4983,1.0934998989105225,0.23080146312713623,0.7049999833106995,1.5175000429153442
4984,1.0348751544952393,0.17609074711799622,0.6537500023841858,1.2074999809265137
4985,0.9486249685287476,0.4429035484790802,-0.2487500011920929,1.3137500286102295
4986,1.158250093460083,0.2412060797214508,0.5625,1.403749942779541
4987,1.1181249618530273,0.1404237300157547,0.9487500190734863,1.3624999523162842
4988,1.0957499742507935,0.17893537878990173,0.856249988079071,1.3887499570846558
4989,1.1193749904632568,0.20710447430610657,0.6937500238418579,1.5225000381469727
4990,1.0693750381469727,0.2351590245962143,0.5425000190734863,1.318750023841858
4991,0.9805000424385071,0.35423606634140015,0.0625,1.2949999570846558
4992,0.9767500162124634,0.35889333486557007,0.08375000208616257,1.375
4993,1.2213751077651978,0.1488376408815384,0.9237499833106995,1.475000023841858
4994,1.0056250095367432,0.40056413412094116,-0.10374999791383743,1.3049999475479126
4995,1.10337495803833,0.2985360324382782,0.3474999964237213,1.434999942779541
4996,0.9259999394416809,0.5537183284759521,-0.6100000143051147,1.4175000190734863
4997,0.9923750162124634,0.4385190010070801,-0.10625000298023224,1.5
4998,1.046625018119812,0.2028762400150299,0.7087500095367432,1.3174999952316284
4999,1.0964999198913574,0.19362802803516388,0.6600000262260437,1.3037500381469727
5000,1.1673749685287476,0.19356964528560638,0.7099999785423279,1.5262500047683716
