episode,reward,epsilon
1,-2.9137500000000003,0.5
2,-3.3100000000000014,0.4975
3,-2.9700000000000006,0.4950125
4,-2.7425,0.4925374375
5,-2.9325,0.49007475031250003
6,-3.0800000000000005,0.48762437656093754
7,-3.1075000000000017,0.48518625467813287
8,-3.102500000000001,0.4827603234047422
9,-3.1175000000000015,0.4803465217877185
10,-2.8925,0.47794478917877986
11,-3.2587500000000014,0.47555506523288593
12,-3.047500000000001,0.4731772899067215
13,-2.970000000000001,0.47081140345718786
14,-3.192500000000001,0.46845734643990194
15,-3.0324999999999998,0.46611505970770245
16,-2.9775,0.4637844844091639
17,-3.1300000000000012,0.4614655619871181
18,-2.918750000000001,0.4591582341771825
19,-2.8500000000000005,0.4568624430062966
20,-2.8375000000000004,0.4545781307912651
21,-3.2175000000000002,0.4523052401373088
22,-3.640000000000001,0.45004371393662224
23,-3.0475000000000003,0.44779349536693913
24,-3.205,0.4455545278901044
25,-0.45749999999999913,0.4433267552506539
26,-3.136250000000001,0.44111012147440065
27,-3.0474999999999994,0.43890457086702866
28,-2.8049999999999997,0.43671004801269353
29,-2.9537500000000008,0.4345264977726301
30,-3.0150000000000006,0.4323538652837669
31,-2.9312500000000012,0.4301920959573481
32,-0.3499999999999994,0.42804113547756134
33,-2.991250000000001,0.4259009298001735
34,-2.8625000000000007,0.42377142515117266
35,-0.4449999999999994,0.4216525680254168
36,-2.9074999999999993,0.4195443051852897
37,-2.681250000000001,0.4174465836593632
38,-0.013749999999999707,0.4153593507410664
39,-2.7862500000000003,0.4132825539873611
40,-3.045000000000001,0.4112161412174243
41,-3.4137500000000003,0.40916006051133713
42,-3.0099999999999993,0.40711426020878044
43,-2.9800000000000013,0.4050786889077365
44,-2.6675000000000004,0.40305329546319785
45,-2.9925000000000006,0.40103802898588187
46,0.46499999999999997,0.3990328388409525
47,-2.9762500000000003,0.3970376746467477
48,-2.9375000000000018,0.39505248627351397
49,0.5387500000000002,0.3930772238421464
50,-2.7100000000000004,0.3911118377229357
51,-2.8975000000000004,0.389156278534321
52,-3.1412500000000008,0.3872104971416494
53,-3.083750000000001,0.38527444465594113
54,-3.1550000000000007,0.38334807243266145
55,-3.0850000000000017,0.3814313320704981
56,-2.6887499999999998,0.3795241754101456
57,-2.7175000000000007,0.37762655453309485
58,-3.0537500000000013,0.3757384217604294
59,-3.088750000000002,0.3738597296516272
60,-2.8524999999999996,0.3719904310033691
61,-3.09375,0.37013047884835226
62,-3.19625,0.3682798264541105
63,-3.0125000000000006,0.36643842732183995
64,-2.7437500000000004,0.3646062351852308
65,-2.8800000000000017,0.36278320400930464
66,-3.1000000000000014,0.3609692879892581
67,-3.1050000000000013,0.3591644415493118
68,-2.9000000000000004,0.3573686193415653
69,-2.9487500000000004,0.35558177624485743
70,-2.8987500000000006,0.3538038673636331
71,-2.7062500000000003,0.35203484802681495
72,-2.81625,0.35027467378668087
73,-2.8925000000000005,0.3485233004177475
74,-3.198750000000002,0.34678068391565875
75,-3.0799999999999996,0.34504678049608045
76,-3.835,0.34332154659360004
77,-0.7687499999999996,0.34160493886063203
78,-2.9250000000000003,0.3398969141663289
79,-2.8799999999999994,0.33819742959549726
80,-3.2012500000000004,0.33650644244751976
81,-3.0025000000000004,0.3348239102352822
82,-2.9462500000000014,0.3331497906841058
83,-2.9825000000000013,0.33148404173068524
84,0.8175000000000001,0.3298266215220318
85,-2.872500000000001,0.3281774884144216
86,-2.8625000000000003,0.3265366009723495
87,-2.998750000000001,0.32490391796748774
88,-2.881250000000001,0.3232793983776503
89,-3.1212500000000007,0.32166300138576204
90,-2.6250000000000004,0.3200546863788332
91,-2.9062500000000004,0.31845441294693905
92,-3.117500000000001,0.3168621408822043
93,-2.959999999999999,0.3152778301777933
94,-3.035000000000002,0.31370144102690434
95,-3.02625,0.3121329338217698
96,-3.6400000000000006,0.31057226915266095
97,-3.0100000000000002,0.30901940780689763
98,-2.830000000000001,0.30747431076786313
99,-3.0362500000000017,0.3059369392140238
100,-3.0850000000000004,0.3044072545179537
101,-2.8850000000000002,0.3028852182453639
102,-2.9375000000000013,0.3013707921541371
103,-2.8225000000000002,0.29986393819336643
104,0.6037499999999998,0.2983646185023996
105,-2.805,0.2968727954098876
106,-3.088750000000001,0.29538843143283816
107,-2.953750000000001,0.29391148927567395
108,-2.9087500000000004,0.29244193182929556
109,-3.1387500000000017,0.2909797221701491
110,-3.0025000000000013,0.28952482355929837
111,-2.853750000000001,0.2880771994415019
112,-2.935000000000001,0.28663681344429437
113,-0.4249999999999994,0.2852036293770729
114,-2.953750000000001,0.2837776112301875
115,-3.1300000000000012,0.2823587231740366
116,-2.7537500000000006,0.2809469295581664
117,-2.865,0.2795421949103756
118,-2.9650000000000007,0.2781444839358237
119,-2.6687499999999997,0.27675376151614456
120,-2.8362500000000006,0.2753699927085638
121,-2.7900000000000005,0.273993142745021
122,-2.8400000000000003,0.2726231770312959
123,-2.827500000000001,0.27126006114613943
124,-2.8750000000000004,0.26990376084040874
125,-2.9162500000000002,0.2685542420362067
126,-2.897500000000001,0.26721147082602564
127,-2.916250000000001,0.2658754134718955
128,-2.810000000000001,0.26454603640453606
129,-2.878750000000001,0.2632233062225134
130,-2.7800000000000007,0.2619071896914008
131,-3.1262500000000006,0.2605976537429438
132,-2.8112500000000007,0.2592946654742291
133,1.2950000000000002,0.25799819214685793
134,-2.8437500000000004,0.25670820118612364
135,-2.8425000000000002,0.255424660180193
136,-2.980000000000001,0.25414753687929204
137,-2.8650000000000007,0.2528767991948956
138,-2.8600000000000008,0.2516124151989211
139,-2.8600000000000008,0.2503543531229265
140,-3.051250000000001,0.24910258135731184
141,-2.9537500000000008,0.24785706845052527
142,-0.18249999999999944,0.24661778310827265
143,-2.8837500000000014,0.2453846941927313
144,-2.913750000000001,0.24415777072176764
145,-0.3137499999999993,0.2429369818681588
146,-2.8100000000000005,0.241722296958818
147,-2.64875,0.2405136854740239
148,-2.9712500000000004,0.23931111704665378
149,-2.9162500000000007,0.23811456146142052
150,-2.935000000000001,0.2369239886541134
151,-3.0025000000000017,0.23573936871084283
152,-2.983750000000001,0.23456067186728863
153,0.7112499999999998,0.23338786850795218
154,1.02,0.23222092916541243
155,-2.8925000000000005,0.23105982451958537
156,-2.8062500000000004,0.22990452539698744
157,1.1525,0.2287550027700025
158,-2.9900000000000015,0.22761122775615247
159,-2.74875,0.2264731716173717
160,-2.7787500000000005,0.22534080575928486
161,-2.7600000000000007,0.22421410173048845
162,-2.8100000000000005,0.223093031221836
163,-2.9650000000000003,0.2219775660657268
164,-2.783750000000001,0.22086767823539816
165,-3.0212500000000007,0.21976333984422117
166,-2.8500000000000005,0.21866452314500007
167,-2.8925000000000014,0.21757120052927506
168,-3.066250000000001,0.21648334452662868
169,-2.843750000000001,0.21540092780399553
170,-2.858750000000001,0.21432392316497556
171,-2.8300000000000005,0.21325230354915067
172,-2.960000000000001,0.21218604203140493
173,-2.6550000000000002,0.2111251118212479
174,-2.90375,0.21006948626214167
175,-2.8900000000000015,0.20901913883083095
176,-3.0137500000000004,0.2079740431366768
177,-2.7800000000000007,0.20693417292099342
178,-2.886250000000001,0.20589950205638846
179,-0.012499999999999734,0.20487000454610652
180,-2.866250000000001,0.20384565452337597
181,-2.900000000000001,0.20282642625075908
182,-2.898750000000001,0.2018122941195053
183,-2.9000000000000012,0.20080323264890776
184,-2.896250000000001,0.1997992164856632
185,-1.0825000000000007,0.1988002204032349
186,-2.7862500000000003,0.19780621930121872
187,-2.855000000000001,0.19681718820471264
188,-2.855000000000001,0.19583310226368908
189,-2.8975000000000013,0.19485393675237064
190,-2.836250000000001,0.1938796670686088
191,-2.971249999999999,0.19291026873326575
192,-2.9700000000000006,0.19194571738959942
193,0.85875,0.1909859888026514
194,-2.9225000000000008,0.19003105885863816
195,-2.7800000000000007,0.18908090356434498
196,-3.0287500000000014,0.18813549904652327
197,-2.898750000000001,0.18719482155129066
198,-2.8937500000000007,0.18625884744353421
199,-2.8087500000000003,0.18532755320631655
200,-2.9537500000000003,0.18440091544028497
201,-2.9312500000000012,0.18347891086308354
202,-2.853750000000001,0.18256151630876813
203,-3.1000000000000005,0.1816487087272243
204,1.13875,0.1807404651835882
205,-2.905000000000001,0.17983676285767025
206,-2.77875,0.1789375790433819
207,-2.8412500000000005,0.178042891148165
208,-2.950000000000001,0.17715267669242415
209,-2.7500000000000004,0.17626691330896202
210,-2.881250000000001,0.1753855787424172
211,-2.8687500000000004,0.17450865084870512
212,-2.9412499999999997,0.1736361075944616
213,-2.897500000000001,0.1727679270564893
214,-2.8000000000000007,0.17190408742120686
215,-3.0100000000000007,0.1710445669841008
216,-3.0512500000000014,0.1701893441491803
217,1.08,0.1693383974284344
218,-2.8425000000000007,0.16849170544129222
219,-2.848750000000001,0.16764924691408575
220,-2.923750000000001,0.16681100067951532
221,1.5,0.16597694567611773
222,-3.0087500000000014,0.16514706094773715
223,-3.1887500000000015,0.16432132564299848
224,-2.7600000000000007,0.1634997190147835
225,-2.885000000000001,0.1626822204197096
226,-3.0462500000000015,0.16186880931761105
227,-2.9875000000000003,0.161059465271023
228,-2.7675000000000005,0.16025416794466787
229,-2.8650000000000007,0.15945289710494454
230,-2.817500000000001,0.1586556326194198
231,-2.893750000000001,0.1578623544563227
232,-3.010000000000001,0.1570730426840411
233,-2.6125,0.1562876774706209
234,-3.0400000000000005,0.15550623908326777
235,-2.8175000000000003,0.15472870788785142
236,-2.982500000000001,0.15395506434841216
237,-2.6612500000000003,0.1531852890266701
238,-3.0212500000000015,0.15241936258153677
239,-2.93,0.1516572657686291
240,-2.9725000000000006,0.15089897943978595
241,-2.8312500000000007,0.15014448454258703
242,-2.7675000000000005,0.1493937621198741
243,-3.0362500000000012,0.14864679330927472
244,-2.823750000000001,0.14790355934272834
245,-3.0162500000000008,0.1471640415460147
246,-2.9412500000000015,0.14642822133828462
247,-2.958750000000001,0.1456960802315932
248,-2.9237500000000014,0.14496759983043522
249,-2.950000000000001,0.14424276183128304
250,-2.837500000000001,0.14352154802212663
251,-2.963750000000001,0.142803940282016
252,-2.7987500000000005,0.14208992058060593
253,-2.880000000000001,0.1413794709777029
254,-2.875000000000001,0.14067257362281438
255,-2.9425000000000012,0.1399692107547003
256,-2.873750000000001,0.13926936470092682
257,-2.893750000000001,0.13857301787742218
258,-2.9537500000000008,0.13788015278803506
259,-2.867500000000001,0.1371907520240949
260,-2.900000000000001,0.1365047982639744
261,-2.893750000000001,0.13582227427265453
262,-2.8175000000000003,0.13514316290129125
263,-2.815000000000001,0.1344674470867848
264,-2.818750000000001,0.13379510985135087
265,-2.756249999999999,0.1331261343020941
266,-2.7562500000000005,0.13246050363058365
267,-2.960000000000001,0.13179820111243074
268,-2.980000000000001,0.13113921010686858
269,-2.6500000000000004,0.13048351405633424
270,-2.8600000000000008,0.12983109648605257
271,-2.7500000000000004,0.1291819410036223
272,-2.9050000000000007,0.1285360312986042
273,-2.891250000000001,0.12789335114211117
274,-2.886250000000001,0.12725388438640062
275,-2.9300000000000006,0.1266176149644686
276,-2.9112500000000012,0.12598452688964626
277,-3.0100000000000002,0.12535460425519804
278,-2.79375,0.12472783123392205
279,-2.916250000000001,0.12410419207775243
280,-2.7912500000000007,0.12348367111736366
281,-2.9112500000000012,0.12286625276177685
282,-2.7187500000000004,0.12225192149796796
283,-2.892500000000001,0.12164066189047812
284,-2.8275000000000006,0.12103245858102572
285,-2.818750000000001,0.1204272962881206
286,-2.935000000000001,0.11982515980668
287,-2.825000000000001,0.1192260340076466
288,-2.9312500000000012,0.11862990383760837
289,-2.9337500000000007,0.11803675431842033
290,-2.9525000000000006,0.11744657054682822
291,-0.02874999999999983,0.11685933769409408
292,-2.8250000000000006,0.11627504100562361
293,-2.961250000000001,0.1156936658005955
294,-3.619999999999999,0.11511519747159252
295,-3.496250000000001,0.11453962148423455
296,-3.3062500000000017,0.11396692337681337
297,-2.7862500000000003,0.11339708875992931
298,-2.8250000000000006,0.11283010331612967
299,-3.224999999999999,0.11226595279954901
300,-3.2512500000000015,0.11170462303555127
301,-2.911250000000001,0.11114609992037351
302,-2.8487499999999994,0.11059036942077165
303,-2.9312500000000012,0.11003741757366779
304,-2.775000000000001,0.10948723048579945
305,-2.900000000000001,0.10893979433337045
306,-3.16,0.1083950953617036
307,-0.9537500000000001,0.10785311988489507
308,1.3687500000000001,0.10731385428547059
309,-2.953750000000001,0.10677728501404324
310,-3.0100000000000002,0.10624339858897303
311,-0.7749999999999997,0.10571218159602816
312,-2.7600000000000002,0.10518362068804801
313,1.4937500000000001,0.10465770258460777
314,-2.755000000000001,0.10413441407168474
315,-2.6937500000000005,0.10361374200132631
316,-2.9975,0.10309567329131968
317,-2.7862500000000003,0.10258019492486307
318,0.3999999999999997,0.10206729395023875
319,-2.7062500000000007,0.10155695748048756
320,-2.8000000000000007,0.10104917269308512
321,-2.9050000000000007,0.1005439268296197
322,-2.7800000000000007,0.1000412071954716
323,-2.9312500000000012,0.09954100115949424
324,-2.867500000000001,0.09904329615369677
325,-2.7662499999999994,0.09854807967292828
326,-2.905000000000001,0.09805533927456364
327,1.0250000000000001,0.09756506257819082
328,1.2287500000000002,0.09707723726529986
329,-3.1574999999999998,0.09659185107897336
330,-2.837500000000001,0.0961088918235785
331,-1.1312499999999999,0.0956283473644606
332,-2.8612500000000005,0.0951502056276383
333,0.5500000000000002,0.09467445459950011
334,-2.818750000000001,0.09420108232650261
335,0.8975000000000001,0.09373007691487009
336,0.3887499999999997,0.09326142653029575
337,-2.862500000000001,0.09279511939764427
338,-0.7850000000000001,0.09233114380065605
339,-2.8037500000000004,0.09186948808165277
340,-2.7312500000000006,0.0914101406412445
341,-2.84875,0.09095308993803829
342,-2.7000000000000006,0.09049832448834809
343,-2.9312500000000012,0.09004583286590635
344,-2.7000000000000006,0.08959560370157682
345,-2.848750000000001,0.08914762568306893
346,-2.897500000000001,0.08870188755465358
347,-2.9312500000000012,0.08825837811688031
348,1.15375,0.0878170862262959
349,-2.861250000000001,0.08737800079516442
350,-2.868750000000001,0.08694111079118859
351,-2.843750000000001,0.08650640523723264
352,-2.893750000000001,0.08607387321104648
353,0.6675,0.08564350384499125
354,-2.7562500000000005,0.08521528632576629
355,-2.7625000000000006,0.08478920989413746
356,-2.886250000000001,0.08436526384466678
357,-0.9950000000000003,0.08394343752544345
358,-3.040000000000001,0.08352372033781623
359,-2.837500000000001,0.08310610173612715
360,-2.850000000000001,0.08269057122744651
361,-2.8787499999999993,0.08227711837130927
362,-2.9762500000000007,0.08186573277945272
363,-2.7900000000000005,0.08145640411555546
364,-2.798750000000001,0.08104912209497768
365,-2.837500000000001,0.08064387648450279
366,-3.1962500000000005,0.08024065710208027
367,-2.9800000000000013,0.07983945381656987
368,-0.36999999999999944,0.07944025654748703
369,-2.8250000000000006,0.0790430552647496
370,-2.6925000000000003,0.07864783998842585
371,-2.856250000000001,0.07825460078848372
372,-2.7112500000000006,0.0778633277845413
373,-2.9050000000000002,0.0774740111456186
374,-3.021250000000001,0.07708664108989051
375,-2.8850000000000007,0.07670120788444106
376,-2.8287500000000003,0.07631770184501885
377,-2.7812500000000013,0.07593611333579375
378,0.735,0.07555643276911478
379,-2.8612500000000005,0.07517865060526921
380,-2.7500000000000004,0.07480275735224286
381,-0.8262499999999997,0.07442874356548164
382,-2.867500000000001,0.07405659984765423
383,-3.0675,0.07368631684841595
384,-2.9312500000000012,0.07331788526417388
385,-0.09374999999999978,0.07295129583785301
386,-2.862500000000001,0.07258653935866374
387,-3.1037500000000016,0.07222360666187043
388,-2.825,0.07186248862856108
389,0.5837499999999998,0.07150317618541828
390,-1.5700000000000014,0.07114566030449118
391,-2.7375000000000007,0.07078993200296872
392,-2.7687500000000007,0.07043598234295388
393,-2.843750000000001,0.07008380243123911
394,-2.7875,0.06973338341908292
395,-2.880000000000001,0.0693847165019875
396,-2.998750000000001,0.06903779291947756
397,-2.75625,0.06869260395488018
398,-2.91,0.06834914093510577
399,-2.7187500000000004,0.06800739523043024
400,-2.817500000000001,0.0676673582542781
401,1.4400000000000002,0.0673290214630067
402,-2.803750000000001,0.06699237635569168
403,-2.9312500000000012,0.06665741447391321
404,-2.9912500000000013,0.06632412740154364
405,-2.8612500000000005,0.06599250676453593
406,-2.923750000000001,0.06566254423071324
407,-2.8400000000000003,0.06533423150955968
408,-2.8674999999999997,0.06500756035201188
409,-2.8237500000000004,0.06468252255025182
410,-3.0062500000000014,0.06435910993750056
411,-3.012500000000001,0.06403731438781306
412,-2.9312500000000012,0.06371712781587399
413,-2.7737500000000006,0.06339854217679462
414,-3.2462500000000016,0.06308154946591064
415,1.495,0.0627661417185811
416,-2.66875,0.06245231100998819
417,-0.7037499999999997,0.06214004945493825
418,-2.875000000000001,0.06182934920766356
419,-3.2125000000000012,0.06152020246162524
420,-3.0237500000000006,0.06121260144931712
421,-2.998750000000001,0.06090653844207053
422,0.36124999999999985,0.060602005749860174
423,-2.6687500000000006,0.06029899572111087
424,-2.837500000000001,0.059997500742505316
425,-2.805,0.05969751323879279
426,-2.7987500000000005,0.059399025672598825
427,-2.8250000000000006,0.05910203054423583
428,-2.900000000000001,0.05880652039151465
429,-2.8050000000000006,0.058512487789557074
430,-2.781250000000001,0.05821992535060929
431,-2.886250000000001,0.05792882572385624
432,0.4412499999999997,0.05763918159523696
433,-2.806250000000001,0.057350985687260776
434,-2.855000000000001,0.05706423075882447
435,-0.6987499999999991,0.05677890960503035
436,-2.866250000000001,0.056495015057005195
437,-2.940000000000001,0.05621253998172017
438,-2.8900000000000006,0.05593147728181157
439,-3.050000000000001,0.05565181989540251
440,-2.8625000000000007,0.055373560795925494
441,-2.825,0.05509669299194587
442,-2.8087500000000007,0.05482120952698614
443,0.8925000000000001,0.054547103479351204
444,-2.900000000000001,0.05427436796195445
445,-2.830000000000001,0.05400299612214468
446,-2.8400000000000007,0.05373298114153396
447,-2.63125,0.05346431623582629
448,-3.688750000000001,0.05319699465464715
449,-1.1512500000000003,0.05293100968137392
450,-2.811250000000001,0.052666354632967045
451,-2.837500000000001,0.05240302285980221
452,-2.71875,0.0521410077455032
453,-2.893750000000001,0.05188030270677568
454,-2.930000000000001,0.0516209011932418
455,1.105,0.05136279668727559
456,-2.9425000000000012,0.05110598270383922
457,-2.6437500000000003,0.05085045279032002
458,-2.8049999999999993,0.05059620052636842
459,-2.8812500000000005,0.050343219523736576
460,-2.9687500000000013,0.050091503426117893
461,-2.8175,0.05
462,-2.893750000000001,0.05
463,-2.837500000000001,0.05
464,-3.005000000000001,0.05
465,-3.001250000000001,0.05
466,-3.51125,0.05
467,-0.1749999999999996,0.05
468,-2.812500000000001,0.05
469,-2.946250000000001,0.05
470,-2.843750000000001,0.05
471,-2.897500000000001,0.05
472,-2.806250000000001,0.05
473,-0.14124999999999965,0.05
474,-2.855000000000001,0.05
475,-3.852499999999999,0.05
476,1.33,0.05
477,-2.8537500000000007,0.05
478,-3.6799999999999997,0.05
479,0.8375,0.05
480,-2.7875000000000005,0.05
481,-2.8850000000000007,0.05
482,-2.912500000000001,0.05
483,-2.9500000000000015,0.05
484,-2.911250000000001,0.05
485,-2.8625000000000007,0.05
486,-2.911250000000001,0.05
487,-2.8375000000000012,0.05
488,-3.9924999999999993,0.05
489,-2.8425000000000007,0.05
490,1.1625,0.05
491,-2.6500000000000004,0.05
492,-2.880000000000001,0.05
493,-3.3312499999999985,0.05
494,-0.6799999999999995,0.05
495,0.6387499999999998,0.05
496,-3.3512499999999985,0.05
497,-0.25874999999999915,0.05
498,-2.8562500000000006,0.05
499,-2.8000000000000007,0.05
500,-2.843750000000001,0.05
501,-2.9000000000000012,0.05
502,-2.881250000000001,0.05
503,-2.811250000000001,0.05
504,-2.8812500000000014,0.05
505,-3.5637500000000024,0.05
506,0.8912500000000001,0.05
507,-2.7875000000000005,0.05
508,0.14875000000000016,0.05
509,-2.961250000000001,0.05
510,-2.817500000000001,0.05
511,0.9225000000000001,0.05
512,-0.925,0.05
513,-3.13625,0.05
514,-2.63,0.05
515,-2.967500000000001,0.05
516,-0.19499999999999962,0.05
517,-2.7500000000000004,0.05
518,-0.019999999999999796,0.05
519,0.24124999999999974,0.05
520,-2.7625000000000006,0.05
521,-2.7375000000000007,0.05
522,-2.843750000000001,0.05
523,-2.7875000000000005,0.05
524,-2.825000000000001,0.05
525,-0.8912500000000001,0.05
526,1.0075,0.05
527,-2.830000000000001,0.05
528,-2.787500000000001,0.05
529,-2.792500000000001,0.05
530,-2.892500000000001,0.05
531,-3.1425000000000005,0.05
532,-3.22875,0.05
533,0.6549999999999998,0.05
534,-2.855000000000001,0.05
535,-0.06749999999999967,0.05
536,-2.9125,0.05
537,-2.861250000000001,0.05
538,-2.6737500000000005,0.05
539,1.26375,0.05
540,-0.5662499999999995,0.05
541,-2.950000000000001,0.05
542,-0.1649999999999996,0.05
543,0.39624999999999977,0.05
544,-2.8312500000000003,0.05
545,-2.7999999999999994,0.05
546,-2.8000000000000007,0.05
547,-2.9000000000000012,0.05
548,-2.7375000000000003,0.05
549,-0.7825,0.05
550,-2.77375,0.05
551,-3.231250000000002,0.05
552,-2.66125,0.05
553,-2.946250000000001,0.05
554,1.475,0.05
555,-2.9312500000000012,0.05
556,-2.941250000000001,0.05
557,-2.856250000000001,0.05
558,-2.9012500000000006,0.05
559,-0.5687499999999992,0.05
560,-2.893750000000001,0.05
561,-2.9425000000000012,0.05
562,-2.6437500000000003,0.05
563,-2.7187500000000004,0.05
564,0.3424999999999998,0.05
565,-2.875000000000001,0.05
566,-2.8562500000000006,0.05
567,-0.4249999999999996,0.05
568,-2.73125,0.05
569,-2.786250000000001,0.05
570,-2.875000000000001,0.05
571,-2.850000000000001,0.05
572,0.08625000000000016,0.05
573,-2.6875000000000004,0.05
574,-2.930000000000001,0.05
575,-2.7375000000000003,0.05
576,-2.8437500000000004,0.05
577,1.19875,0.05
578,-2.875000000000001,0.05
579,-2.8062500000000012,0.05
580,0.4462499999999998,0.05
581,-3.185,0.05
582,-2.8687500000000004,0.05
583,0.70875,0.05
584,-3.010000000000001,0.05
585,-2.8937500000000007,0.05
586,0.6987499999999999,0.05
587,-2.6875000000000004,0.05
588,-0.87375,0.05
589,-2.798750000000001,0.05
590,-2.7000000000000006,0.05
591,-2.8250000000000006,0.05
592,-1.473750000000002,0.05
593,0.6762499999999999,0.05
594,1.05,0.05
595,0.6150000000000001,0.05
596,-2.948750000000001,0.05
597,0.40749999999999975,0.05
598,-2.818750000000001,0.05
599,-0.5849999999999997,0.05
600,1.0425,0.05
601,1.2125000000000001,0.05
602,1.4800000000000002,0.05
603,-1.230000000000001,0.05
604,-2.900000000000001,0.05
605,-0.17624999999999957,0.05
606,1.43625,0.05
607,-2.7125000000000004,0.05
608,-2.922500000000001,0.05
609,-2.905000000000001,0.05
610,0.96625,0.05
611,-1.4062500000000007,0.05
612,1.0525,0.05
613,0.7849999999999999,0.05
614,-0.06749999999999967,0.05
615,0.7449999999999999,0.05
616,-2.750000000000001,0.05
617,-2.7987500000000005,0.05
618,-2.8487500000000003,0.05
619,0.7087499999999999,0.05
620,-3.141250000000001,0.05
621,-2.8,0.05
622,0.39500000000000024,0.05
623,-2.950000000000001,0.05
624,-2.8712500000000007,0.05
625,-1.0087500000000007,0.05
626,-2.893750000000001,0.05
627,1.245,0.05
628,-0.5349999999999993,0.05
629,-2.850000000000001,0.05
630,1.16375,0.05
631,-1.0625000000000007,0.05
632,-1.2737500000000004,0.05
633,-2.881250000000001,0.05
634,-2.850000000000001,0.05
635,-2.8562500000000006,0.05
636,0.5837499999999998,0.05
637,-2.9125000000000005,0.05
638,-2.7300000000000004,0.05
639,-2.8600000000000008,0.05
640,1.2400000000000002,0.05
641,-2.5937500000000004,0.05
642,0.8712500000000001,0.05
643,-2.873750000000001,0.05
644,-1.1700000000000015,0.05
645,-1.0512500000000002,0.05
646,0.7912499999999999,0.05
647,-0.8637500000000002,0.05
648,-2.8937500000000007,0.05
649,1.15625,0.05
650,-0.8099999999999994,0.05
651,-2.952500000000001,0.05
652,0.94625,0.05
653,0.3787499999999999,0.05
654,0.17749999999999977,0.05
655,0.29249999999999976,0.05
656,-2.893750000000001,0.05
657,-2.9300000000000006,0.05
658,-0.04624999999999968,0.05
659,-0.7987499999999998,0.05
660,-3.3100000000000027,0.05
661,-2.806250000000001,0.05
662,1.26,0.05
663,-2.900000000000001,0.05
664,-3.056249999999999,0.05
665,-3.02875,0.05
666,0.74,0.05
667,0.25124999999999975,0.05
668,0.3049999999999997,0.05
669,1.365,0.05
670,0.7299999999999999,0.05
671,-2.8000000000000007,0.05
672,-3.7537499999999993,0.05
673,0.06125000000000003,0.05
674,0.9725000000000001,0.05
675,-2.9725000000000006,0.05
676,-0.6012499999999992,0.05
677,-2.912500000000001,0.05
678,-0.7362499999999998,0.05
679,0.10374999999999979,0.05
680,-2.6862500000000007,0.05
681,-2.8425000000000007,0.05
682,1.245,0.05
683,-2.900000000000001,0.05
684,-2.9687500000000013,0.05
685,-0.6849999999999998,0.05
686,-0.5762499999999997,0.05
687,0.4637499999999998,0.05
688,0.7599999999999999,0.05
689,0.82375,0.05
690,-2.855000000000001,0.05
691,0.18500000000000005,0.05
692,0.5624999999999998,0.05
693,-0.8949999999999998,0.05
694,-2.798750000000001,0.05
695,0.20499999999999963,0.05
696,-3.181249999999999,0.05
697,-2.8187500000000005,0.05
698,-2.912500000000001,0.05
699,-2.8987499999999997,0.05
700,-2.998750000000001,0.05
701,1.04125,0.05
702,1.135,0.05
703,0.5999999999999998,0.05
704,0.5237499999999999,0.05
705,1.1,0.05
706,-0.7637499999999997,0.05
707,0.6574999999999999,0.05
708,1.34,0.05
709,-3.030000000000001,0.05
710,-1.2312500000000013,0.05
711,0.64,0.05
712,-2.911250000000001,0.05
713,-2.9024999999999994,0.05
714,0.83,0.05
715,0.33625000000000016,0.05
716,-2.7249999999999996,0.05
717,-2.8000000000000007,0.05
718,-2.866250000000001,0.05
719,-3.6162499999999995,0.05
720,-0.4587499999999989,0.05
721,-1.138750000000001,0.05
722,0.23624999999999985,0.05
723,-1.01875,0.05
724,0.8900000000000001,0.05
725,0.6074999999999998,0.05
726,-2.862500000000001,0.05
727,-0.3724999999999996,0.05
728,-2.7500000000000004,0.05
729,-0.4662499999999994,0.05
730,0.42874999999999974,0.05
731,0.41999999999999993,0.05
732,0.022500000000000187,0.05
733,1.0250000000000001,0.05
734,0.46124999999999994,0.05
735,0.4824999999999997,0.05
736,1.0425,0.05
737,-2.7000000000000006,0.05
738,0.8975000000000001,0.05
739,-2.7487500000000007,0.05
740,-2.9362500000000002,0.05
741,-0.5874999999999992,0.05
742,1.06125,0.05
743,-0.8174999999999997,0.05
744,-2.965000000000001,0.05
745,-3.1100000000000017,0.05
746,-1.195000000000001,0.05
747,1.19875,0.05
748,0.44000000000000017,0.05
749,-2.850000000000001,0.05
750,-2.8312500000000007,0.05
751,1.1300000000000001,0.05
752,-0.6787499999999997,0.05
753,-2.8087500000000007,0.05
754,0.9962500000000001,0.05
755,-0.02499999999999969,0.05
756,-2.912500000000001,0.05
757,0.9537500000000001,0.05
758,-3.677499999999999,0.05
759,-0.5024999999999993,0.05
760,0.59,0.05
761,-0.11124999999999963,0.05
762,0.6600000000000001,0.05
763,0.81,0.05
764,0.9500000000000001,0.05
765,0.6899999999999998,0.05
766,0.5612499999999998,0.05
767,-1.7837499999999988,0.05
768,-2.8312500000000003,0.05
769,0.99875,0.05
770,1.1800000000000002,0.05
771,-2.823750000000001,0.05
772,0.7249999999999999,0.05
773,-2.817500000000001,0.05
774,-0.4099999999999995,0.05
775,-3.7200000000000006,0.05
776,0.8737500000000001,0.05
777,-2.8300000000000005,0.05
778,-2.893750000000001,0.05
779,-3.792499999999999,0.05
780,0.23749999999999982,0.05
781,1.0750000000000002,0.05
782,0.20374999999999988,0.05
783,-0.10249999999999981,0.05
784,-0.3474999999999995,0.05
785,0.7687499999999999,0.05
786,-0.02124999999999977,0.05
787,0.5862499999999997,0.05
788,1.35375,0.05
789,0.19999999999999996,0.05
790,-2.9062499999999987,0.05
791,0.43499999999999983,0.05
792,1.13375,0.05
793,0.04875000000000007,0.05
794,0.4887499999999997,0.05
795,0.3837499999999998,0.05
796,0.3749999999999998,0.05
797,-0.9537499999999992,0.05
798,0.93,0.05
799,0.42375000000000007,0.05
800,-2.9237499999999996,0.05
801,0.06750000000000012,0.05
802,1.0450000000000002,0.05
803,0.935,0.05
804,-3.140000000000002,0.05
805,1.08375,0.05
806,0.6849999999999999,0.05
807,1.05375,0.05
808,0.68125,0.05
809,-2.8050000000000006,0.05
810,0.3199999999999996,0.05
811,1.04125,0.05
812,-2.7875000000000005,0.05
813,0.825,0.05
814,0.24999999999999978,0.05
815,1.03375,0.05
816,-2.7687500000000007,0.05
817,0.6474999999999999,0.05
818,0.9775,0.05
819,0.47499999999999976,0.05
820,1.12,0.05
821,1.2862500000000001,0.05
822,0.09125000000000005,0.05
823,1.0525,0.05
824,0.82375,0.05
825,-2.9112500000000012,0.05
826,-0.5437499999999993,0.05
827,0.9475,0.05
828,-2.8937500000000007,0.05
829,0.5599999999999998,0.05
830,0.6649999999999998,0.05
831,0.4199999999999997,0.05
832,1.2712500000000002,0.05
833,0.7774999999999999,0.05
834,1.0025000000000002,0.05
835,-2.93125,0.05
836,0.5499999999999998,0.05
837,-0.04124999999999934,0.05
838,0.885,0.05
839,0.68375,0.05
840,-0.4662499999999994,0.05
841,1.4900000000000002,0.05
842,-1.1000000000000008,0.05
843,0.08500000000000019,0.05
844,0.7274999999999999,0.05
845,0.9275000000000001,0.05
846,0.5312499999999997,0.05
847,0.8675,0.05
848,0.5712499999999999,0.05
849,-2.8600000000000008,0.05
850,-2.873750000000001,0.05
851,0.735,0.05
852,0.3012499999999998,0.05
853,0.8262499999999999,0.05
854,0.9587500000000001,0.05
855,0.98875,0.05
856,1.1725,0.05
857,1.1525,0.05
858,1.00875,0.05
859,0.7237499999999999,0.05
860,-2.950000000000001,0.05
861,-2.9862500000000005,0.05
862,1.1700000000000002,0.05
863,-3.3424999999999994,0.05
864,0.8262499999999999,0.05
865,-2.7850000000000006,0.05
866,-0.6299999999999997,0.05
867,1.0450000000000002,0.05
868,1.02,0.05
869,0.9862500000000001,0.05
870,0.43249999999999966,0.05
871,0.4937499999999997,0.05
872,0.3787499999999997,0.05
873,-3.572500000000001,0.05
874,-0.5499999999999992,0.05
875,-0.48249999999999904,0.05
876,1.0437500000000002,0.05
877,0.45874999999999966,0.05
878,1.3025000000000002,0.05
879,1.05875,0.05
880,-0.7274999999999994,0.05
881,0.5437499999999998,0.05
882,-2.862500000000001,0.05
883,-2.875000000000001,0.05
884,0.7999999999999999,0.05
885,1.5125,0.05
886,1.24,0.05
887,0.8812500000000001,0.05
888,0.8912500000000001,0.05
889,-0.35999999999999965,0.05
890,-2.8087500000000007,0.05
891,-4.212499999999999,0.05
892,0.9500000000000001,0.05
893,0.8375,0.05
894,0.875,0.05
895,0.8900000000000001,0.05
896,-2.825,0.05
897,-2.76875,0.05
898,0.85125,0.05
899,-2.955000000000001,0.05
900,-3.3087500000000025,0.05
901,0.8912500000000001,0.05
902,-0.8262499999999997,0.05
903,0.5399999999999997,0.05
904,0.33125000000000004,0.05
905,0.36499999999999977,0.05
906,0.6037499999999998,0.05
907,-2.93125,0.05
908,0.5124999999999997,0.05
909,-1.1937500000000003,0.05
910,0.2762499999999999,0.05
911,1.095,0.05
912,1.20875,0.05
913,-0.2624999999999995,0.05
914,0.9937500000000001,0.05
915,-0.44624999999999937,0.05
916,1.145,0.05
917,0.84875,0.05
918,1.0450000000000002,0.05
919,0.15375000000000028,0.05
920,0.9537500000000001,0.05
921,1.09,0.05
922,1.155,0.05
923,-0.14874999999999972,0.05
924,-0.0337499999999995,0.05
925,-0.8325000000000002,0.05
926,1.1925000000000001,0.05
927,-0.35374999999999934,0.05
928,1.22875,0.05
929,1.1887500000000002,0.05
930,0.805,0.05
931,1.0975000000000001,0.05
932,0.21999999999999997,0.05
933,-2.8000000000000007,0.05
934,0.12750000000000017,0.05
935,1.04,0.05
936,-2.781250000000001,0.05
937,0.94625,0.05
938,1.0237500000000002,0.05
939,0.88,0.05
940,-0.7087499999999995,0.05
941,-0.7350000000000001,0.05
942,1.23875,0.05
943,0.6699999999999999,0.05
944,1.1612500000000001,0.05
945,-0.4749999999999994,0.05
946,0.4412499999999997,0.05
947,1.0750000000000002,0.05
948,-2.868750000000001,0.05
949,-0.8124999999999998,0.05
950,0.6499999999999999,0.05
951,1.2875,0.05
952,0.7074999999999998,0.05
953,0.7137499999999999,0.05
954,0.7274999999999999,0.05
955,-0.4737499999999992,0.05
956,-2.900000000000001,0.05
957,1.1187500000000001,0.05
958,0.30374999999999974,0.05
959,-0.45749999999999935,0.05
960,-2.7687500000000007,0.05
961,0.5337499999999997,0.05
962,1.1525,0.05
963,0.5062499999999999,0.05
964,0.6737500000000001,0.05
965,1.21625,0.05
966,-2.950000000000001,0.05
967,0.28749999999999987,0.05
968,1.2225000000000001,0.05
969,1.11375,0.05
970,0.5387499999999998,0.05
971,-2.7350000000000003,0.05
972,0.2599999999999998,0.05
973,0.7525000000000001,0.05
974,-2.850000000000001,0.05
975,1.0925,0.05
976,0.9950000000000001,0.05
977,0.7149999999999999,0.05
978,-0.37999999999999945,0.05
979,-2.8800000000000012,0.05
980,0.40249999999999986,0.05
981,1.0425,0.05
982,0.1825000000000001,0.05
983,0.8012499999999999,0.05
984,0.7124999999999999,0.05
985,1.1525,0.05
986,0.86875,0.05
987,0.7649999999999999,0.05
988,0.2274999999999998,0.05
989,0.45499999999999974,0.05
990,1.0750000000000002,0.05
991,1.28,0.05
992,0.0887500000000001,0.05
993,0.895,0.05
994,1.1187500000000001,0.05
995,0.6362499999999999,0.05
996,-1.0750000000000004,0.05
997,0.9712500000000001,0.05
998,1.11375,0.05
999,0.6675000000000002,0.05
1000,0.31874999999999987,0.05
1001,0.69,0.05
1002,-0.11374999999999957,0.05
1003,0.48749999999999993,0.05
1004,0.96875,0.05
1005,0.365,0.05
1006,1.1712500000000001,0.05
1007,-0.9962500000000005,0.05
1008,0.3212499999999998,0.05
1009,0.765,0.05
1010,1.00875,0.05
1011,-2.7987500000000005,0.05
1012,-0.36999999999999966,0.05
1013,0.5924999999999998,0.05
1014,0.81375,0.05
1015,0.38500000000000023,0.05
1016,0.5187499999999998,0.05
1017,1.0550000000000002,0.05
1018,0.91625,0.05
1019,0.6662499999999998,0.05
1020,1.03375,0.05
1021,0.19874999999999998,0.05
1022,0.8975000000000001,0.05
1023,1.09,0.05
1024,-0.7549999999999992,0.05
1025,0.98875,0.05
1026,0.875,0.05
1027,1.2475,0.05
1028,0.80625,0.05
1029,1.02,0.05
1030,1.1912500000000001,0.05
1031,0.6962499999999999,0.05
1032,0.5849999999999997,0.05
1033,0.79375,0.05
1034,-2.9025000000000007,0.05
1035,1.1325,0.05
1036,0.20000000000000018,0.05
1037,0.2762500000000001,0.05
1038,0.5837499999999998,0.05
1039,0.48999999999999966,0.05
1040,0.68375,0.05
1041,-0.03874999999999984,0.05
1042,0.9687500000000001,0.05
1043,0.6949999999999998,0.05
1044,0.7324999999999999,0.05
1045,-2.843750000000001,0.05
1046,0.86125,0.05
1047,0.815,0.05
1048,0.22999999999999998,0.05
1049,0.9850000000000001,0.05
1050,0.87375,0.05
1051,0.8675,0.05
1052,0.8912500000000001,0.05
1053,0.9525000000000001,0.05
1054,-1.1750000000000005,0.05
1055,0.935,0.05
1056,1.1487500000000002,0.05
1057,0.47999999999999987,0.05
1058,0.6412499999999999,0.05
1059,0.6937499999999999,0.05
1060,0.8200000000000001,0.05
1061,0.835,0.05
1062,1.2337500000000001,0.05
1063,-0.2999999999999996,0.05
1064,0.4462499999999997,0.05
1065,1.0250000000000001,0.05
1066,0.8350000000000001,0.05
1067,-0.5449999999999986,0.05
1068,1.14375,0.05
1069,1.2537500000000001,0.05
1070,1.18625,0.05
1071,0.4824999999999996,0.05
1072,1.1187500000000001,0.05
1073,1.1887500000000002,0.05
1074,0.125,0.05
1075,1.0825,0.05
1076,1.00875,0.05
1077,0.5024999999999997,0.05
1078,1.225,0.05
1079,0.98875,0.05
1080,1.0437500000000002,0.05
1081,-0.5637499999999995,0.05
1082,1.2550000000000001,0.05
1083,0.08499999999999996,0.05
1084,1.21625,0.05
1085,0.96625,0.05
1086,0.6412499999999999,0.05
1087,0.935,0.05
1088,1.04125,0.05
1089,0.91625,0.05
1090,0.5499999999999997,0.05
1091,0.905,0.05
1092,1.0212500000000002,0.05
1093,-0.1412500000000001,0.05
1094,-0.1387499999999997,0.05
1095,0.7949999999999999,0.05
1096,-0.5737499999999989,0.05
1097,0.93625,0.05
1098,-2.87,0.05
1099,1.1600000000000001,0.05
1100,0.67125,0.05
1101,0.4049999999999996,0.05
1102,0.8375,0.05
1103,-4.229999999999999,0.05
1104,0.885,0.05
1105,-2.9687500000000013,0.05
1106,1.01875,0.05
1107,-1.4287500000000015,0.05
1108,1.0375,0.05
1109,1.02875,0.05
1110,0.8487500000000001,0.05
1111,0.935,0.05
1112,-0.18624999999999958,0.05
1113,0.7687499999999999,0.05
1114,0.74625,0.05
1115,0.3587499999999997,0.05
1116,0.9875,0.05
1117,1.1662500000000002,0.05
1118,0.8099999999999999,0.05
1119,-2.6375,0.05
1120,1.44875,0.05
1121,1.1125,0.05
1122,1.28375,0.05
1123,0.96125,0.05
1124,1.24,0.05
1125,-0.8,0.05
1126,0.93,0.05
1127,0.86375,0.05
1128,0.98875,0.05
1129,1.45375,0.05
1130,0.9087500000000002,0.05
1131,-0.3049999999999995,0.05
1132,-2.7400000000000007,0.05
1133,1.1975,0.05
1134,-2.7675000000000005,0.05
1135,-2.8000000000000007,0.05
1136,0.91,0.05
1137,1.28125,0.05
1138,0.9837500000000001,0.05
1139,-2.855000000000001,0.05
1140,0.4549999999999996,0.05
1141,0.93,0.05
1142,1.4200000000000002,0.05
1143,1.01625,0.05
1144,1.03875,0.05
1145,0.5112499999999998,0.05
1146,0.9337500000000001,0.05
1147,0.91125,0.05
1148,0.88,0.05
1149,-0.33624999999999927,0.05
1150,1.06125,0.05
1151,0.4474999999999998,0.05
1152,0.10250000000000026,0.05
1153,-0.02499999999999991,0.05
1154,0.6412499999999999,0.05
1155,1.135,0.05
1156,0.8324999999999999,0.05
1157,0.5949999999999998,0.05
1158,0.8975000000000001,0.05
1159,1.0750000000000002,0.05
1160,0.8425,0.05
1161,0.96125,0.05
1162,0.6749999999999998,0.05
1163,1.16625,0.05
1164,0.9875,0.05
1165,0.9500000000000001,0.05
1166,0.92125,0.05
1167,0.6224999999999998,0.05
1168,0.6549999999999999,0.05
1169,0.5274999999999997,0.05
1170,1.1675,0.05
1171,0.9137500000000001,0.05
1172,0.87875,0.05
1173,0.99,0.05
1174,0.9337500000000001,0.05
1175,0.1825000000000001,0.05
1176,1.32375,0.05
1177,1.0450000000000002,0.05
1178,0.5162499999999997,0.05
1179,-0.1237499999999998,0.05
1180,-2.9562500000000007,0.05
1181,0.34624999999999995,0.05
1182,0.6924999999999999,0.05
1183,0.5124999999999998,0.05
1184,0.8062499999999999,0.05
1185,0.3424999999999998,0.05
1186,0.84125,0.05
1187,1.14375,0.05
1188,0.7799999999999999,0.05
1189,0.0037500000000008082,0.05
1190,0.5662499999999997,0.05
1191,0.74,0.05
1192,0.8975000000000001,0.05
1193,1.2112500000000002,0.05
1194,0.14500000000000002,0.05
1195,0.8725,0.05
1196,0.62125,0.05
1197,1.0875000000000001,0.05
1198,1.49875,0.05
1199,1.155,0.05
1200,1.405,0.05
1201,0.46374999999999966,0.05
1202,1.3525,0.05
1203,1.0025,0.05
1204,1.195,0.05
1205,1.135,0.05
1206,1.3125,0.05
1207,1.0825,0.05
1208,0.6774999999999999,0.05
1209,-2.6500000000000004,0.05
1210,0.9825000000000002,0.05
1211,0.555,0.05
1212,0.09625000000000017,0.05
1213,0.2950000000000004,0.05
1214,-0.13249999999999984,0.05
1215,0.7349999999999999,0.05
1216,0.7649999999999999,0.05
1217,1.165,0.05
1218,1.0350000000000001,0.05
1219,0.9,0.05
1220,0.7149999999999999,0.05
1221,0.6724999999999999,0.05
1222,0.9587500000000001,0.05
1223,0.9712500000000002,0.05
1224,0.85875,0.05
1225,0.86,0.05
1226,1.0925,0.05
1227,0.85875,0.05
1228,0.7649999999999999,0.05
1229,0.9950000000000001,0.05
1230,1.1625,0.05
1231,1.18125,0.05
1232,0.85125,0.05
1233,0.7575000000000001,0.05
1234,1.0150000000000001,0.05
1235,0.935,0.05
1236,0.7774999999999999,0.05
1237,0.9837500000000001,0.05
1238,1.01625,0.05
1239,1.44375,0.05
1240,0.5837499999999998,0.05
1241,1.22125,0.05
1242,0.93,0.05
1243,1.0250000000000001,0.05
1244,0.5374999999999998,0.05
1245,1.0237500000000002,0.05
1246,1.4300000000000002,0.05
1247,0.84,0.05
1248,1.39375,0.05
1249,0.9837500000000001,0.05
1250,1.00875,0.05
1251,1.0375,0.05
1252,1.44375,0.05
1253,1.3825,0.05
1254,1.0975000000000001,0.05
1255,0.6049999999999998,0.05
1256,0.23875000000000024,0.05
1257,0.9275000000000001,0.05
1258,1.1800000000000002,0.05
1259,0.695,0.05
1260,0.6500000000000001,0.05
1261,0.9950000000000001,0.05
1262,0.7724999999999999,0.05
1263,1.0987500000000001,0.05
1264,1.06125,0.05
1265,0.7299999999999999,0.05
1266,1.0325000000000002,0.05
1267,0.9525000000000001,0.05
1268,-2.8562500000000006,0.05
1269,1.0875000000000001,0.05
1270,0.9387500000000001,0.05
1271,-2.7687500000000007,0.05
1272,1.03875,0.05
1273,1.36625,0.05
1274,1.29125,0.05
1275,0.72625,0.05
1276,0.6962499999999999,0.05
1277,0.5449999999999998,0.05
1278,0.7487499999999999,0.05
1279,-0.014999999999999902,0.05
1280,0.9525000000000001,0.05
1281,1.2937500000000002,0.05
1282,1.11,0.05
1283,1.1075,0.05
1284,1.1725,0.05
1285,0.9137500000000001,0.05
1286,0.5237499999999997,0.05
1287,0.4349999999999996,0.05
1288,1.355,0.05
1289,1.1712500000000001,0.05
1290,0.9087500000000001,0.05
1291,1.01125,0.05
1292,0.83625,0.05
1293,1.35,0.05
1294,0.9500000000000001,0.05
1295,1.0037500000000001,0.05
1296,1.07875,0.05
1297,0.7525,0.05
1298,0.9650000000000001,0.05
1299,0.7162500000000002,0.05
1300,1.2112500000000002,0.05
1301,0.6224999999999999,0.05
1302,-0.06374999999999931,0.05
1303,1.0575,0.05
1304,0.9837500000000001,0.05
1305,1.18125,0.05
1306,1.0975000000000001,0.05
1307,1.0350000000000001,0.05
1308,1.1925000000000001,0.05
1309,0.7875,0.05
1310,0.9687500000000001,0.05
1311,1.0975000000000001,0.05
1312,0.98875,0.05
1313,0.4887499999999997,0.05
1314,0.6574999999999999,0.05
1315,1.0325000000000002,0.05
1316,0.9550000000000001,0.05
1317,1.0012500000000002,0.05
1318,1.1475,0.05
1319,0.5687499999999998,0.05
1320,0.7562499999999999,0.05
1321,1.1425,0.05
1322,1.2937500000000002,0.05
1323,1.00875,0.05
1324,0.83375,0.05
1325,0.7149999999999999,0.05
1326,0.4574999999999996,0.05
1327,1.0050000000000001,0.05
1328,0.82125,0.05
1329,0.6149999999999999,0.05
1330,1.26625,0.05
1331,1.2675,0.05
1332,1.295,0.05
1333,1.09375,0.05
1334,1.5174999999999998,0.05
1335,0.6162499999999999,0.05
1336,0.9112500000000001,0.05
1337,0.85375,0.05
1338,0.95125,0.05
1339,-0.4999999999999989,0.05
1340,0.73875,0.05
1341,0.935,0.05
1342,0.98,0.05
1343,1.28125,0.05
1344,1.0562500000000001,0.05
1345,1.1800000000000002,0.05
1346,0.6537499999999999,0.05
1347,0.83375,0.05
1348,0.94625,0.05
1349,0.88,0.05
1350,1.07875,0.05
1351,1.08875,0.05
1352,1.18375,0.05
1353,0.6937499999999999,0.05
1354,1.3250000000000002,0.05
1355,1.17625,0.05
1356,0.7074999999999999,0.05
1357,1.1500000000000001,0.05
1358,0.5075,0.05
1359,0.9100000000000001,0.05
1360,1.1287500000000001,0.05
1361,0.9837500000000001,0.05
1362,0.5587500000000002,0.05
1363,0.78125,0.05
1364,0.8925000000000001,0.05
1365,0.84125,0.05
1366,0.9825000000000002,0.05
1367,1.185,0.05
1368,0.9087500000000001,0.05
1369,0.9875,0.05
1370,1.08125,0.05
1371,1.1300000000000001,0.05
1372,1.45875,0.05
1373,0.8425,0.05
1374,1.485,0.05
1375,1.125,0.05
1376,0.47499999999999964,0.05
1377,0.88375,0.05
1378,0.9287500000000001,0.05
1379,0.3912499999999999,0.05
1380,1.125,0.05
1381,1.50375,0.05
1382,1.50875,0.05
1383,0.87875,0.05
1384,1.0825,0.05
1385,0.6599999999999998,0.05
1386,1.475,0.05
1387,-0.04249999999999976,0.05
1388,0.90375,0.05
1389,1.1350000000000002,0.05
1390,0.82,0.05
1391,0.9137500000000001,0.05
1392,0.6224999999999997,0.05
1393,0.7849999999999999,0.05
1394,0.6375000000000002,0.05
1395,0.9475000000000001,0.05
1396,0.3324999999999998,0.05
1397,1.19875,0.05
1398,0.97875,0.05
1399,0.9487500000000001,0.05
1400,-0.07499999999999973,0.05
1401,0.86125,0.05
1402,0.9925,0.05
1403,0.73125,0.05
1404,1.1675,0.05
1405,0.8825,0.05
1406,-2.8362500000000006,0.05
1407,1.205,0.05
1408,0.9850000000000001,0.05
1409,0.4499999999999996,0.05
1410,0.735,0.05
1411,0.925,0.05
1412,0.9837500000000001,0.05
1413,0.77625,0.05
1414,0.8225,0.05
1415,1.1225,0.05
1416,1.24,0.05
1417,1.1287500000000001,0.05
1418,0.7749999999999999,0.05
1419,0.8049999999999999,0.05
1420,0.9325,0.05
1421,0.7324999999999999,0.05
1422,1.2,0.05
1423,1.0025,0.05
1424,1.2937500000000002,0.05
1425,0.8074999999999999,0.05
1426,0.82375,0.05
1427,0.07125000000000004,0.05
1428,-2.897500000000001,0.05
1429,0.8425,0.05
1430,0.7149999999999999,0.05
1431,0.9600000000000001,0.05
1432,0.86125,0.05
1433,1.25875,0.05
1434,0.6412499999999998,0.05
1435,1.35,0.05
1436,0.7687499999999999,0.05
1437,1.0987500000000001,0.05
1438,1.0525000000000002,0.05
1439,0.3474999999999997,0.05
1440,1.125,0.05
1441,-2.818750000000001,0.05
1442,-0.5399999999999991,0.05
1443,0.13250000000000006,0.05
1444,1.24125,0.05
1445,0.8775000000000001,0.05
1446,0.8062499999999999,0.05
1447,1.315,0.05
1448,1.2537500000000001,0.05
1449,0.96625,0.05
1450,0.6474999999999999,0.05
1451,1.06875,0.05
1452,1.105,0.05
1453,-0.35374999999999956,0.05
1454,1.0050000000000001,0.05
1455,0.825,0.05
1456,0.6049999999999998,0.05
1457,1.0475,0.05
1458,1.0775000000000001,0.05
1459,1.0425,0.05
1460,1.45875,0.05
1461,0.6349999999999999,0.05
1462,1.02,0.05
1463,1.0275,0.05
1464,0.85375,0.05
1465,-0.7499999999999998,0.05
1466,0.8925000000000001,0.05
1467,1.06,0.05
1468,0.93,0.05
1469,0.8225,0.05
1470,1.1600000000000001,0.05
1471,0.8225000000000001,0.05
1472,1.0987500000000001,0.05
1473,-0.5249999999999997,0.05
1474,0.14124999999999988,0.05
1475,0.87375,0.05
1476,1.0137500000000002,0.05
1477,1.04,0.05
1478,0.4524999999999998,0.05
1479,1.175,0.05
1480,1.28125,0.05
1481,0.78,0.05
1482,0.96625,0.05
1483,1.08,0.05
1484,0.45999999999999963,0.05
1485,1.4625000000000001,0.05
1486,0.8175,0.05
1487,0.9137500000000001,0.05
1488,0.9587500000000001,0.05
1489,0.78125,0.05
1490,0.77625,0.05
1491,1.0525000000000002,0.05
1492,1.0025,0.05
1493,0.21499999999999986,0.05
1494,-2.7687500000000007,0.05
1495,0.9287500000000001,0.05
1496,1.1600000000000001,0.05
1497,1.08,0.05
1498,1.13125,0.05
1499,1.0425,0.05
1500,0.915,0.05
1501,1.0575,0.05
1502,0.4349999999999996,0.05
1503,0.6762499999999999,0.05
1504,1.19,0.05
1505,1.215,0.05
1506,1.1487500000000002,0.05
1507,1.38375,0.05
1508,0.93,0.05
1509,1.16625,0.05
1510,0.86,0.05
1511,1.3625,0.05
1512,1.21375,0.05
1513,1.2725,0.05
1514,1.18125,0.05
1515,1.0025,0.05
1516,0.91125,0.05
1517,0.82,0.05
1518,0.7799999999999999,0.05
1519,0.3462499999999997,0.05
1520,-0.9337500000000001,0.05
1521,-0.22499999999999964,0.05
1522,0.8425,0.05
1523,0.8900000000000001,0.05
1524,0.86875,0.05
1525,1.2725,0.05
1526,1.00625,0.05
1527,1.2975,0.05
1528,0.7875,0.05
1529,1.0350000000000001,0.05
1530,0.85,0.05
1531,1.165,0.05
1532,0.99,0.05
1533,1.26,0.05
1534,1.2750000000000001,0.05
1535,0.5587499999999997,0.05
1536,1.1825,0.05
1537,0.875,0.05
1538,1.2650000000000001,0.05
1539,1.08,0.05
1540,0.7774999999999999,0.05
1541,1.0137500000000002,0.05
1542,1.09375,0.05
1543,1.0925,0.05
1544,1.18125,0.05
1545,0.9850000000000001,0.05
1546,0.9162500000000001,0.05
1547,0.4562499999999996,0.05
1548,1.06875,0.05
1549,1.0137500000000002,0.05
1550,0.8900000000000001,0.05
1551,0.8274999999999999,0.05
1552,0.9525000000000001,0.05
1553,1.02125,0.05
1554,1.1375000000000002,0.05
1555,1.34,0.05
1556,1.0050000000000001,0.05
1557,-0.12999999999999967,0.05
1558,0.7162499999999999,0.05
1559,1.0375,0.05
1560,1.00625,0.05
1561,0.04375000000000018,0.05
1562,1.33125,0.05
1563,0.80125,0.05
1564,1.20375,0.05
1565,1.04,0.05
1566,0.6412499999999998,0.05
1567,0.7049999999999998,0.05
1568,0.9125000000000001,0.05
1569,1.01375,0.05
1570,1.07625,0.05
1571,1.24125,0.05
1572,-2.7687500000000007,0.05
1573,0.6112499999999998,0.05
1574,1.115,0.05
1575,1.185,0.05
1576,1.1487500000000002,0.05
1577,0.6774999999999999,0.05
1578,1.1275,0.05
1579,0.96625,0.05
1580,0.15749999999999997,0.05
1581,1.05,0.05
1582,0.99,0.05
1583,1.4725000000000001,0.05
1584,1.30375,0.05
1585,1.2937500000000002,0.05
1586,0.9512500000000002,0.05
1587,1.02125,0.05
1588,1.1487500000000002,0.05
1589,1.3675000000000002,0.05
1590,0.4887499999999997,0.05
1591,1.4300000000000002,0.05
1592,0.8775000000000001,0.05
1593,-0.17624999999999957,0.05
1594,0.7749999999999999,0.05
1595,0.81875,0.05
1596,0.3049999999999997,0.05
1597,-0.13624999999999998,0.05
1598,-0.20249999999999968,0.05
1599,1.1287500000000001,0.05
1600,1.0050000000000001,0.05
1601,0.9087500000000001,0.05
1602,0.6774999999999999,0.05
1603,0.3587499999999997,0.05
1604,1.05,0.05
1605,0.7449999999999999,0.05
1606,1.21,0.05
1607,0.2862499999999999,0.05
1608,0.6937499999999999,0.05
1609,1.1525,0.05
1610,0.79875,0.05
1611,-0.8499999999999999,0.05
1612,0.4924999999999997,0.05
1613,0.7149999999999999,0.05
1614,0.7337499999999999,0.05
1615,0.9400000000000001,0.05
1616,0.7237499999999999,0.05
1617,0.3587499999999997,0.05
1618,1.0325000000000002,0.05
1619,0.96625,0.05
1620,1.2175,0.05
1621,0.6249999999999998,0.05
1622,1.00875,0.05
1623,0.7575,0.05
1624,0.46999999999999975,0.05
1625,0.9537500000000001,0.05
1626,0.9900000000000001,0.05
1627,0.8175,0.05
1628,1.00875,0.05
1629,0.9712500000000002,0.05
1630,0.82375,0.05
1631,0.8250000000000001,0.05
1632,1.0025,0.05
1633,1.5125000000000002,0.05
1634,0.9837500000000001,0.05
1635,1.1,0.05
1636,0.98,0.05
1637,0.9537500000000001,0.05
1638,0.875,0.05
1639,0.7024999999999999,0.05
1640,1.1687500000000002,0.05
1641,0.98,0.05
1642,1.11375,0.05
1643,1.185,0.05
1644,0.8975000000000001,0.05
1645,0.7825,0.05
1646,0.9975,0.05
1647,0.9212500000000001,0.05
1648,0.8425,0.05
1649,1.1350000000000002,0.05
1650,1.08125,0.05
1651,1.3175000000000001,0.05
1652,0.5087499999999998,0.05
1653,1.0975000000000001,0.05
1654,0.68375,0.05
1655,0.9287500000000001,0.05
1656,1.29,0.05
1657,1.36625,0.05
1658,0.14375000000000004,0.05
1659,0.86125,0.05
1660,1.0075,0.05
1661,1.2525,0.05
1662,0.9825000000000002,0.05
1663,0.6937499999999999,0.05
1664,1.38625,0.05
1665,1.115,0.05
1666,0.6062499999999997,0.05
1667,0.8525,0.05
1668,0.9600000000000001,0.05
1669,1.2937500000000002,0.05
1670,0.93125,0.05
1671,-2.905000000000001,0.05
1672,1.2125000000000001,0.05
1673,1.0437500000000002,0.05
1674,1.11625,0.05
1675,-3.052500000000001,0.05
1676,1.1175000000000002,0.05
1677,0.8062500000000001,0.05
1678,1.355,0.05
1679,0.30999999999999983,0.05
1680,0.8312499999999999,0.05
1681,1.0750000000000002,0.05
1682,1.32,0.05
1683,0.6049999999999998,0.05
1684,1.15125,0.05
1685,1.27625,0.05
1686,0.9850000000000001,0.05
1687,1.0250000000000001,0.05
1688,1.0825,0.05
1689,1.15,0.05
1690,0.8925000000000001,0.05
1691,1.155,0.05
1692,1.05,0.05
1693,0.9450000000000001,0.05
1694,0.88,0.05
1695,1.11125,0.05
1696,0.5687499999999998,0.05
1697,1.0250000000000001,0.05
1698,0.86875,0.05
1699,1.02,0.05
1700,0.99,0.05
1701,0.7399999999999999,0.05
1702,0.895,0.05
1703,0.46874999999999967,0.05
1704,1.2775,0.05
1705,1.03875,0.05
1706,0.8012499999999999,0.05
1707,0.925,0.05
1708,1.2075,0.05
1709,0.6649999999999998,0.05
1710,0.8375,0.05
1711,1.05,0.05
1712,1.0562500000000001,0.05
1713,0.86875,0.05
1714,0.8125,0.05
1715,0.88,0.05
1716,1.18125,0.05
1717,1.12375,0.05
1718,1.485,0.05
1719,1.01,0.05
1720,1.3575000000000002,0.05
1721,-0.4599999999999993,0.05
1722,0.71625,0.05
1723,0.91125,0.05
1724,1.2112500000000002,0.05
1725,1.17,0.05
1726,1.1625,0.05
1727,0.825,0.05
1728,1.28125,0.05
1729,1.02125,0.05
1730,1.0750000000000002,0.05
1731,1.0750000000000002,0.05
1732,1.1675,0.05
1733,0.9525000000000001,0.05
1734,0.6599999999999999,0.05
1735,1.0975000000000001,0.05
1736,0.053750000000000187,0.05
1737,1.24,0.05
1738,1.07375,0.05
1739,1.13125,0.05
1740,1.3,0.05
1741,1.07875,0.05
1742,0.86125,0.05
1743,0.5737499999999998,0.05
1744,0.8775000000000001,0.05
1745,0.8099999999999999,0.05
1746,0.4574999999999997,0.05
1747,1.3800000000000001,0.05
1748,1.13125,0.05
1749,1.05,0.05
1750,0.6162499999999999,0.05
1751,0.9225000000000001,0.05
1752,1.00625,0.05
1753,0.5787499999999998,0.05
1754,1.0425,0.05
1755,0.98875,0.05
1756,1.05375,0.05
1757,1.2650000000000001,0.05
1758,1.0925,0.05
1759,0.81375,0.05
1760,1.20875,0.05
1761,0.9475,0.05
1762,0.7049999999999998,0.05
1763,0.5612499999999998,0.05
1764,1.4900000000000002,0.05
1765,0.9837500000000001,0.05
1766,0.85125,0.05
1767,0.99,0.05
1768,0.825,0.05
1769,0.8625,0.05
1770,1.27625,0.05
1771,1.00625,0.05
1772,0.82,0.05
1773,0.78125,0.05
1774,0.8912500000000001,0.05
1775,1.3,0.05
1776,1.125,0.05
1777,0.82,0.05
1778,1.0862500000000002,0.05
1779,1.18375,0.05
1780,0.935,0.05
1781,0.9337500000000001,0.05
1782,1.02125,0.05
1783,0.6887499999999999,0.05
1784,1.2650000000000001,0.05
1785,1.20375,0.05
1786,1.34375,0.05
1787,0.9712500000000001,0.05
1788,0.34999999999999964,0.05
1789,1.0325,0.05
1790,0.9325000000000001,0.05
1791,1.06,0.05
1792,1.135,0.05
1793,1.30125,0.05
1794,1.0375,0.05
1795,0.5649999999999997,0.05
1796,0.825,0.05
1797,1.19875,0.05
1798,1.22875,0.05
1799,0.845,0.05
1800,0.7512499999999999,0.05
1801,0.97875,0.05
1802,0.9287500000000001,0.05
1803,0.90375,0.05
1804,1.0325000000000002,0.05
1805,0.9337500000000001,0.05
1806,1.0450000000000002,0.05
1807,1.3225,0.05
1808,0.76,0.05
1809,1.09375,0.05
1810,0.865,0.05
1811,1.2175,0.05
1812,0.31999999999999984,0.05
1813,1.1475,0.05
1814,1.1487500000000002,0.05
1815,1.3362500000000002,0.05
1816,0.9900000000000001,0.05
1817,1.1975,0.05
1818,0.8412499999999999,0.05
1819,0.6774999999999999,0.05
1820,0.98875,0.05
1821,0.85375,0.05
1822,1.495,0.05
1823,1.1175000000000002,0.05
1824,1.1162500000000002,0.05
1825,0.78,0.05
1826,0.7262499999999998,0.05
1827,1.1887500000000002,0.05
1828,0.7499999999999999,0.05
1829,0.6387499999999998,0.05
1830,0.6662499999999998,0.05
1831,0.91625,0.05
1832,0.8975000000000001,0.05
1833,0.8012499999999999,0.05
1834,1.1400000000000001,0.05
1835,0.91625,0.05
1836,0.8800000000000001,0.05
1837,1.205,0.05
1838,1.07125,0.05
1839,0.895,0.05
1840,0.8975000000000001,0.05
1841,1.27625,0.05
1842,1.34375,0.05
1843,0.6174999999999998,0.05
1844,1.1875,0.05
1845,0.85875,0.05
1846,0.7187499999999999,0.05
1847,-0.043749999999999734,0.05
1848,0.89625,0.05
1849,1.24,0.05
1850,1.2425000000000002,0.05
1851,0.98875,0.05
1852,0.695,0.05
1853,1.1600000000000001,0.05
1854,0.6937499999999999,0.05
1855,1.08,0.05
1856,0.9750000000000001,0.05
1857,1.07625,0.05
1858,0.8875000000000001,0.05
1859,1.0575,0.05
1860,1.1800000000000002,0.05
1861,0.75125,0.05
1862,1.1675,0.05
1863,1.29125,0.05
1864,1.385,0.05
1865,1.03125,0.05
1866,1.0425,0.05
1867,0.9337500000000001,0.05
1868,0.7699999999999999,0.05
1869,0.0950000000000002,0.05
1870,1.54125,0.05
1871,1.0625,0.05
1872,0.9900000000000001,0.05
1873,0.915,0.05
1874,1.01625,0.05
1875,0.91125,0.05
1876,1.1175000000000002,0.05
1877,1.11,0.05
1878,-1.0025000000000002,0.05
1879,0.84,0.05
1880,1.2175,0.05
1881,0.6599999999999998,0.05
1882,0.5649999999999997,0.05
1883,0.61625,0.05
1884,0.7849999999999999,0.05
1885,0.3287499999999999,0.05
1886,1.1,0.05
1887,1.0012500000000002,0.05
1888,1.205,0.05
1889,1.25875,0.05
1890,0.9237500000000001,0.05
1891,1.15125,0.05
1892,1.2875,0.05
1893,1.08125,0.05
1894,0.22624999999999984,0.05
1895,1.04,0.05
1896,1.2425000000000002,0.05
1897,1.1675,0.05
1898,0.98875,0.05
1899,1.03875,0.05
1900,0.43374999999999964,0.05
1901,0.6312499999999999,0.05
1902,0.8062499999999999,0.05
1903,1.23625,0.05
1904,1.0437500000000002,0.05
1905,-0.6212499999999996,0.05
1906,1.4187500000000002,0.05
1907,0.78625,0.05
1908,0.98875,0.05
1909,0.82,0.05
1910,1.04,0.05
1911,1.16625,0.05
1912,1.27625,0.05
1913,0.7775,0.05
1914,0.9500000000000001,0.05
1915,1.2300000000000002,0.05
1916,1.16375,0.05
1917,1.00875,0.05
1918,0.5374999999999998,0.05
1919,1.5,0.05
1920,1.0325000000000002,0.05
1921,1.0225,0.05
1922,1.3050000000000002,0.05
1923,1.02125,0.05
1924,1.0012500000000002,0.05
1925,0.88875,0.05
1926,0.9287500000000001,0.05
1927,0.9137500000000001,0.05
1928,1.0425,0.05
1929,-0.23249999999999993,0.05
1930,1.2937500000000002,0.05
1931,0.6012499999999998,0.05
1932,0.16374999999999984,0.05
1933,0.875,0.05
1934,0.845,0.05
1935,0.855,0.05
1936,0.9687500000000001,0.05
1937,1.445,0.05
1938,0.49999999999999967,0.05
1939,1.11125,0.05
1940,0.83,0.05
1941,0.9000000000000001,0.05
1942,0.84125,0.05
1943,1.11625,0.05
1944,1.02,0.05
1945,1.05,0.05
1946,0.44249999999999967,0.05
1947,1.33,0.05
1948,1.1,0.05
1949,0.48999999999999977,0.05
1950,1.25875,0.05
1951,0.8962500000000001,0.05
1952,0.6499999999999998,0.05
1953,1.15125,0.05
1954,1.08125,0.05
1955,0.74,0.05
1956,0.935,0.05
1957,0.6649999999999998,0.05
1958,0.8962500000000001,0.05
1959,1.0525000000000002,0.05
1960,1.225,0.05
1961,0.8975000000000001,0.05
1962,0.9912500000000001,0.05
1963,0.80375,0.05
1964,0.9700000000000001,0.05
1965,0.96625,0.05
1966,0.7649999999999999,0.05
1967,1.2225000000000001,0.05
1968,1.0625,0.05
1969,1.44375,0.05
1970,1.0450000000000002,0.05
1971,0.4937499999999997,0.05
1972,1.27625,0.05
1973,1.0625,0.05
1974,1.02,0.05
1975,1.22125,0.05
1976,1.28875,0.05
1977,1.1500000000000001,0.05
1978,0.8312499999999999,0.05
1979,1.24875,0.05
1980,0.9500000000000001,0.05
1981,0.865,0.05
1982,1.0050000000000001,0.05
1983,0.9337500000000001,0.05
1984,1.3900000000000001,0.05
1985,1.1125,0.05
1986,1.0137500000000002,0.05
1987,0.9712500000000001,0.05
1988,1.1525,0.05
1989,1.0050000000000001,0.05
1990,0.88,0.05
1991,1.36375,0.05
1992,1.185,0.05
1993,0.41749999999999976,0.05
1994,1.27875,0.05
1995,0.9112500000000001,0.05
1996,1.35,0.05
1997,0.6712499999999999,0.05
1998,0.7699999999999999,0.05
1999,0.9,0.05
2000,0.5612499999999998,0.05
2001,1.2175,0.05
2002,1.0575,0.05
2003,0.87875,0.05
2004,1.1387500000000002,0.05
2005,0.93,0.05
2006,0.6099999999999998,0.05
2007,1.0075,0.05
2008,1.19875,0.05
2009,0.90375,0.05
2010,0.6087499999999999,0.05
2011,1.0025,0.05
2012,1.23875,0.05
2013,-2.7737500000000006,0.05
2014,1.0437500000000002,0.05
2015,1.04,0.05
2016,0.6525,0.05
2017,1.2075,0.05
2018,1.2112500000000002,0.05
2019,1.0662500000000001,0.05
2020,0.5849999999999997,0.05
2021,1.2112500000000002,0.05
2022,0.9275000000000001,0.05
2023,1.50875,0.05
2024,1.1725,0.05
2025,1.11125,0.05
2026,1.15625,0.05
2027,1.1175000000000002,0.05
2028,0.9950000000000001,0.05
2029,0.5924999999999998,0.05
2030,0.6412499999999998,0.05
2031,1.295,0.05
2032,1.1487500000000002,0.05
2033,1.0250000000000001,0.05
2034,0.7825,0.05
2035,0.79375,0.05
2036,0.6587499999999998,0.05
2037,1.22125,0.05
2038,1.33125,0.05
2039,0.98875,0.05
2040,0.9375,0.05
2041,0.7099999999999999,0.05
2042,1.215,0.05
2043,0.21499999999999986,0.05
2044,1.0775000000000001,0.05
2045,0.9725,0.05
2046,1.1525,0.05
2047,0.86,0.05
2048,0.915,0.05
2049,0.86,0.05
2050,1.0275,0.05
2051,1.0775000000000001,0.05
2052,0.91125,0.05
2053,0.8425,0.05
2054,0.9875,0.05
2055,1.00625,0.05
2056,1.08875,0.05
2057,1.3625,0.05
2058,0.9900000000000001,0.05
2059,0.9475000000000001,0.05
2060,0.90625,0.05
2061,1.1,0.05
2062,0.91,0.05
2063,1.0575,0.05
2064,0.8424999999999999,0.05
2065,0.68375,0.05
2066,1.14625,0.05
2067,1.28125,0.05
2068,1.3325,0.05
2069,0.4399999999999997,0.05
2070,1.29,0.05
2071,1.12625,0.05
2072,0.935,0.05
2073,1.1675,0.05
2074,0.98,0.05
2075,0.7899999999999999,0.05
2076,1.0350000000000001,0.05
2077,0.86,0.05
2078,1.1800000000000002,0.05
2079,1.11,0.05
2080,1.13125,0.05
2081,1.0250000000000001,0.05
2082,1.06125,0.05
2083,0.6574999999999999,0.05
2084,0.6899999999999998,0.05
2085,0.7025,0.05
2086,0.9750000000000001,0.05
2087,0.6112499999999997,0.05
2088,1.26,0.05
2089,1.155,0.05
2090,0.895,0.05
2091,1.2625000000000002,0.05
2092,0.6849999999999999,0.05
2093,1.34,0.05
2094,0.9137500000000001,0.05
2095,0.98875,0.05
2096,1.11125,0.05
2097,1.135,0.05
2098,-0.012499999999999734,0.05
2099,1.03,0.05
2100,1.1887500000000002,0.05
2101,1.1075,0.05
2102,1.3225,0.05
2103,0.8375,0.05
2104,0.8912500000000001,0.05
2105,0.7675,0.05
2106,0.9712500000000001,0.05
2107,0.84,0.05
2108,1.19875,0.05
2109,1.2,0.05
2110,-0.4587499999999993,0.05
2111,1.27625,0.05
2112,0.7487499999999999,0.05
2113,0.49624999999999986,0.05
2114,-2.912500000000001,0.05
2115,0.7599999999999999,0.05
2116,1.2275,0.05
2117,0.4999999999999998,0.05
2118,0.4887499999999997,0.05
2119,0.6937499999999999,0.05
2120,1.0562500000000001,0.05
2121,0.9837500000000001,0.05
2122,1.38625,0.05
2123,0.9500000000000001,0.05
2124,0.36124999999999985,0.05
2125,0.9512500000000002,0.05
2126,1.06875,0.05
2127,0.8125,0.05
2128,1.1500000000000001,0.05
2129,1.0025,0.05
2130,0.8912500000000001,0.05
2131,0.4549999999999996,0.05
2132,0.5812499999999998,0.05
2133,1.1162500000000002,0.05
2134,1.0750000000000002,0.05
2135,1.0225,0.05
2136,0.87875,0.05
2137,0.82375,0.05
2138,0.9137500000000001,0.05
2139,1.1612500000000001,0.05
2140,1.0975000000000001,0.05
2141,1.13125,0.05
2142,1.06,0.05
2143,1.2750000000000001,0.05
2144,0.88,0.05
2145,1.01125,0.05
2146,1.1725,0.05
2147,1.19,0.05
2148,0.7875,0.05
2149,-0.13999999999999968,0.05
2150,0.5974999999999998,0.05
2151,1.0637500000000002,0.05
2152,0.87375,0.05
2153,0.7274999999999999,0.05
2154,1.11,0.05
2155,1.06,0.05
2156,0.9550000000000001,0.05
2157,0.9687500000000001,0.05
2158,0.9137500000000001,0.05
2159,-3.115,0.05
2160,0.9750000000000001,0.05
2161,1.2237500000000001,0.05
2162,0.96625,0.05
2163,-0.19374999999999964,0.05
2164,1.1525,0.05
2165,1.21,0.05
2166,1.1475,0.05
2167,0.7499999999999999,0.05
2168,0.4137499999999996,0.05
2169,0.8875,0.05
2170,0.18999999999999995,0.05
2171,1.3975,0.05
2172,1.03,0.05
2173,1.0025,0.05
2174,0.80375,0.05
2175,1.13125,0.05
2176,0.9325000000000001,0.05
2177,1.0250000000000001,0.05
2178,1.0562500000000001,0.05
2179,1.2725,0.05
2180,0.80375,0.05
2181,0.9875,0.05
2182,-2.818750000000001,0.05
2183,1.08,0.05
2184,0.7299999999999999,0.05
2185,1.19375,0.05
2186,1.24125,0.05
2187,1.2962500000000001,0.05
2188,1.10125,0.05
2189,1.2425000000000002,0.05
2190,1.1475,0.05
2191,1.10375,0.05
2192,1.13625,0.05
2193,1.04125,0.05
2194,0.9525000000000001,0.05
2195,0.6962499999999999,0.05
2196,0.82,0.05
2197,0.48999999999999977,0.05
2198,1.1475,0.05
2199,0.825,0.05
2200,0.85125,0.05
2201,1.06125,0.05
2202,1.0237500000000002,0.05
2203,0.5649999999999997,0.05
2204,1.0437500000000002,0.05
2205,1.2225000000000001,0.05
2206,0.32499999999999973,0.05
2207,0.7649999999999999,0.05
2208,1.1975,0.05
2209,1.0637500000000002,0.05
2210,1.13375,0.05
2211,1.44875,0.05
2212,1.2575,0.05
2213,1.25875,0.05
2214,1.45375,0.05
2215,1.18125,0.05
2216,0.8775000000000001,0.05
2217,0.8600000000000001,0.05
2218,1.22,0.05
2219,1.555,0.05
2220,1.02,0.05
2221,1.3462500000000002,0.05
2222,1.0450000000000002,0.05
2223,0.635,0.05
2224,1.1875,0.05
2225,0.9862500000000001,0.05
2226,1.11,0.05
2227,-2.911250000000001,0.05
2228,1.08875,0.05
2229,0.9712500000000002,0.05
2230,1.1675,0.05
2231,1.48625,0.05
2232,1.3575000000000002,0.05
2233,1.135,0.05
2234,0.40124999999999966,0.05
2235,0.73125,0.05
2236,0.94625,0.05
2237,1.0350000000000001,0.05
2238,1.0250000000000001,0.05
2239,0.6512499999999998,0.05
2240,1.1287500000000001,0.05
2241,0.935,0.05
2242,1.02,0.05
2243,0.5599999999999998,0.05
2244,1.3687500000000001,0.05
2245,0.3999999999999997,0.05
2246,-0.18999999999999995,0.05
2247,0.3049999999999997,0.05
2248,1.0237500000000002,0.05
2249,1.115,0.05
2250,1.3125,0.05
2251,1.0762500000000002,0.05
2252,0.815,0.05
2253,1.0350000000000001,0.05
2254,0.94625,0.05
2255,1.0950000000000002,0.05
2256,1.295,0.05
2257,0.9475,0.05
2258,0.8412499999999999,0.05
2259,1.27875,0.05
2260,0.91125,0.05
2261,0.9962500000000001,0.05
2262,1.03,0.05
2263,1.3825,0.05
2264,1.0012500000000002,0.05
2265,1.2225000000000001,0.05
2266,1.27625,0.05
2267,0.99,0.05
2268,0.8725,0.05
2269,1.1800000000000002,0.05
2270,0.97875,0.05
2271,0.6949999999999998,0.05
2272,-0.6862499999999996,0.05
2273,1.20375,0.05
2274,0.9700000000000002,0.05
2275,1.15375,0.05
2276,0.7675,0.05
2277,-0.2949999999999995,0.05
2278,0.7649999999999999,0.05
2279,0.87375,0.05
2280,1.2575,0.05
2281,0.88,0.05
2282,0.9287500000000001,0.05
2283,1.3125,0.05
2284,0.6537499999999998,0.05
2285,0.7449999999999999,0.05
2286,0.8925000000000001,0.05
2287,1.0562500000000001,0.05
2288,1.38625,0.05
2289,1.2,0.05
2290,1.0150000000000001,0.05
2291,0.84125,0.05
2292,0.6324999999999998,0.05
2293,1.0,0.05
2294,0.6774999999999999,0.05
2295,1.06125,0.05
2296,0.4999999999999999,0.05
2297,0.8962500000000001,0.05
2298,1.15,0.05
2299,1.0325000000000002,0.05
2300,1.04,0.05
2301,1.0437500000000002,0.05
2302,1.3475000000000001,0.05
2303,0.7399999999999999,0.05
2304,0.93,0.05
2305,0.9950000000000001,0.05
2306,1.42625,0.05
2307,0.6849999999999999,0.05
2308,0.9900000000000001,0.05
2309,0.9850000000000001,0.05
2310,1.0050000000000001,0.05
2311,0.8187500000000002,0.05
2312,1.2075,0.05
2313,1.14625,0.05
2314,1.19875,0.05
2315,1.1300000000000001,0.05
2316,1.43875,0.05
2317,0.9337500000000001,0.05
2318,1.345,0.05
2319,1.0275,0.05
2320,1.4487500000000002,0.05
2321,0.8775,0.05
2322,1.105,0.05
2323,0.9537500000000001,0.05
2324,1.01625,0.05
2325,0.9087500000000001,0.05
2326,0.9462500000000001,0.05
2327,1.0375,0.05
2328,0.9237500000000001,0.05
2329,0.98,0.05
2330,0.3637499999999998,0.05
2331,0.87,0.05
2332,1.10375,0.05
2333,0.6412499999999999,0.05
2334,1.1675,0.05
2335,0.97875,0.05
2336,0.9525000000000001,0.05
2337,0.7324999999999999,0.05
2338,1.1375000000000002,0.05
2339,0.26374999999999993,0.05
2340,1.1700000000000002,0.05
2341,0.47624999999999973,0.05
2342,0.9900000000000001,0.05
2343,0.7962499999999999,0.05
2344,0.9112500000000001,0.05
2345,1.00625,0.05
2346,0.83625,0.05
2347,0.835,0.05
2348,0.9725000000000001,0.05
2349,1.3075,0.05
2350,1.1,0.05
2351,0.7249999999999999,0.05
2352,0.14250000000000007,0.05
2353,0.8425,0.05
2354,1.105,0.05
2355,0.7475,0.05
2356,0.8350000000000001,0.05
2357,1.0425,0.05
2358,-0.7699999999999998,0.05
2359,0.9787500000000001,0.05
2360,0.9712500000000001,0.05
2361,0.7412499999999999,0.05
2362,-2.7500000000000004,0.05
2363,0.6199999999999998,0.05
2364,1.0187500000000003,0.05
2365,1.185,0.05
2366,0.99,0.05
2367,1.135,0.05
2368,1.02125,0.05
2369,1.125,0.05
2370,1.0550000000000002,0.05
2371,0.8375,0.05
2372,0.85125,0.05
2373,1.1725,0.05
2374,1.24,0.05
2375,1.12,0.05
2376,0.9400000000000001,0.05
2377,1.235,0.05
2378,0.7899999999999999,0.05
2379,0.84875,0.05
2380,0.88125,0.05
2381,0.9637500000000001,0.05
2382,0.895,0.05
2383,1.0350000000000001,0.05
2384,1.1525,0.05
2385,0.3462499999999997,0.05
2386,1.2225000000000001,0.05
2387,1.20625,0.05
2388,1.17,0.05
2389,0.9587500000000001,0.05
2390,1.3137500000000002,0.05
2391,0.34999999999999964,0.05
2392,1.06875,0.05
2393,0.9325000000000001,0.05
2394,1.4225,0.05
2395,0.84875,0.05
2396,1.21625,0.05
2397,0.9600000000000001,0.05
2398,1.22125,0.05
2399,0.88625,0.05
2400,1.1075,0.05
2401,1.07625,0.05
2402,1.115,0.05
2403,0.4099999999999997,0.05
2404,1.0425,0.05
2405,1.2437500000000001,0.05
2406,1.01,0.05
2407,1.0987500000000001,0.05
2408,1.19875,0.05
2409,0.9850000000000001,0.05
2410,1.04,0.05
2411,0.935,0.05
2412,0.895,0.05
2413,1.0750000000000002,0.05
2414,1.21,0.05
2415,1.2775,0.05
2416,0.9525000000000001,0.05
2417,0.7137499999999999,0.05
2418,1.15375,0.05
2419,0.17999999999999994,0.05
2420,0.88125,0.05
2421,1.23625,0.05
2422,0.8175,0.05
2423,1.0025,0.05
2424,1.0375,0.05
2425,0.9337500000000001,0.05
2426,1.1375000000000002,0.05
2427,1.0450000000000002,0.05
2428,0.8312499999999999,0.05
2429,1.0562500000000001,0.05
2430,0.9537500000000001,0.05
2431,1.18375,0.05
2432,0.31000000000000005,0.05
2433,1.2737500000000002,0.05
2434,1.0562500000000001,0.05
2435,1.00875,0.05
2436,1.07375,0.05
2437,1.485,0.05
2438,0.96125,0.05
2439,1.0625,0.05
2440,1.0525000000000002,0.05
2441,1.145,0.05
2442,0.7399999999999999,0.05
2443,0.98875,0.05
2444,1.045,0.05
2445,0.885,0.05
2446,0.8025,0.05
2447,1.3062500000000001,0.05
2448,1.12375,0.05
2449,1.20375,0.05
2450,0.85125,0.05
2451,0.98,0.05
2452,1.13375,0.05
2453,1.44875,0.05
2454,1.245,0.05
2455,0.84,0.05
2456,1.2225000000000001,0.05
2457,1.07125,0.05
2458,1.31375,0.05
2459,1.2200000000000002,0.05
2460,1.2750000000000001,0.05
2461,0.8075,0.05
2462,0.8300000000000001,0.05
2463,0.8049999999999999,0.05
2464,0.7299999999999999,0.05
2465,1.31375,0.05
2466,0.925,0.05
2467,0.7274999999999999,0.05
2468,0.85,0.05
2469,0.5762499999999997,0.05
2470,0.84875,0.05
2471,1.01875,0.05
2472,1.1062500000000002,0.05
2473,0.9337500000000001,0.05
2474,1.1712500000000001,0.05
2475,0.6837499999999999,0.05
2476,0.23749999999999982,0.05
2477,0.9287500000000001,0.05
2478,0.7637499999999999,0.05
2479,1.0,0.05
2480,0.9337500000000001,0.05
2481,1.07625,0.05
2482,1.11625,0.05
2483,1.02625,0.05
2484,0.88875,0.05
2485,0.91125,0.05
2486,0.94125,0.05
2487,1.2575,0.05
2488,0.84125,0.05
2489,0.9850000000000001,0.05
2490,1.16625,0.05
2491,1.00625,0.05
2492,0.875,0.05
2493,1.1612500000000001,0.05
2494,1.1725,0.05
2495,0.8200000000000001,0.05
2496,1.1675,0.05
2497,0.7299999999999999,0.05
2498,1.0437500000000002,0.05
2499,1.4075,0.05
2500,0.8912500000000001,0.05
2501,1.2112500000000002,0.05
2502,1.06875,0.05
2503,0.9675,0.05
2504,1.2525000000000002,0.05
2505,0.07374999999999976,0.05
2506,0.9700000000000001,0.05
2507,1.1075,0.05
2508,1.11125,0.05
2509,1.32125,0.05
2510,1.28125,0.05
2511,-2.8062500000000004,0.05
2512,1.18375,0.05
2513,1.1887500000000002,0.05
2514,1.1500000000000001,0.05
2515,1.38375,0.05
2516,0.9650000000000001,0.05
2517,0.3149999999999997,0.05
2518,1.0425,0.05
2519,1.51375,0.05
2520,0.96625,0.05
2521,0.82,0.05
2522,0.8512500000000001,0.05
2523,1.50875,0.05
2524,-0.1649999999999996,0.05
2525,1.095,0.05
2526,1.0987500000000001,0.05
2527,1.17875,0.05
2528,1.1475,0.05
2529,0.9650000000000001,0.05
2530,1.0562500000000001,0.05
2531,1.025,0.05
2532,0.9600000000000001,0.05
2533,1.0425,0.05
2534,1.16625,0.05
2535,1.0925,0.05
2536,0.9400000000000001,0.05
2537,0.8225,0.05
2538,1.0750000000000002,0.05
2539,1.2625000000000002,0.05
2540,1.00625,0.05
2541,1.11625,0.05
2542,0.94625,0.05
2543,1.09375,0.05
2544,1.1350000000000002,0.05
2545,1.35,0.05
2546,0.6962499999999998,0.05
2547,1.4312500000000001,0.05
2548,1.24875,0.05
2549,1.3262500000000002,0.05
2550,1.18125,0.05
2551,1.1300000000000001,0.05
2552,0.9137500000000001,0.05
2553,0.96625,0.05
2554,0.7925,0.05
2555,0.855,0.05
2556,1.485,0.05
2557,1.0275,0.05
2558,0.875,0.05
2559,1.0575,0.05
2560,1.2325000000000002,0.05
2561,1.2675,0.05
2562,1.0425,0.05
2563,0.9425000000000001,0.05
2564,1.16625,0.05
2565,1.1887500000000002,0.05
2566,1.0462500000000001,0.05
2567,1.345,0.05
2568,0.8900000000000001,0.05
2569,0.9,0.05
2570,1.0575,0.05
2571,1.33875,0.05
2572,0.8425,0.05
2573,1.02625,0.05
2574,0.80625,0.05
2575,0.8312499999999999,0.05
2576,1.1487500000000002,0.05
2577,1.0150000000000001,0.05
2578,1.0450000000000002,0.05
2579,1.2650000000000001,0.05
2580,0.5199999999999999,0.05
2581,1.21625,0.05
2582,0.9512500000000002,0.05
2583,1.0750000000000002,0.05
2584,1.2225000000000001,0.05
2585,0.47750000000000004,0.05
2586,1.20875,0.05
2587,1.34125,0.05
2588,0.90625,0.05
2589,1.45,0.05
2590,1.1887500000000002,0.05
2591,0.3012499999999998,0.05
2592,1.02125,0.05
2593,0.6412499999999999,0.05
2594,0.8912500000000001,0.05
2595,1.2000000000000002,0.05
2596,0.78,0.05
2597,1.5225000000000002,0.05
2598,1.01875,0.05
2599,0.9012500000000001,0.05
2600,1.0437500000000002,0.05
2601,1.0325000000000002,0.05
2602,1.4275000000000002,0.05
2603,1.06,0.05
2604,0.9137500000000001,0.05
2605,1.1400000000000001,0.05
2606,0.83625,0.05
2607,1.0450000000000002,0.05
2608,1.2225000000000001,0.05
2609,1.05125,0.05
2610,1.2275,0.05
2611,0.96625,0.05
2612,1.1525,0.05
2613,0.9962500000000001,0.05
2614,1.02125,0.05
2615,0.13875000000000015,0.05
2616,1.1487500000000002,0.05
2617,0.9825000000000002,0.05
2618,1.2075,0.05
2619,1.1425,0.05
2620,0.91,0.05
2621,0.4787500000000001,0.05
2622,0.35999999999999965,0.05
2623,0.7675,0.05
2624,1.3275000000000001,0.05
2625,1.11125,0.05
2626,0.8875,0.05
2627,1.24125,0.05
2628,-1.0875000000000006,0.05
2629,0.9475,0.05
2630,1.12375,0.05
2631,1.05125,0.05
2632,1.2750000000000001,0.05
2633,1.14375,0.05
2634,1.0437500000000002,0.05
2635,1.295,0.05
2636,1.02125,0.05
2637,1.0212500000000002,0.05
2638,0.9700000000000001,0.05
2639,1.12375,0.05
2640,1.0025000000000002,0.05
2641,0.8075000000000001,0.05
2642,0.925,0.05
2643,1.295,0.05
2644,0.75125,0.05
2645,1.28375,0.05
2646,0.90375,0.05
2647,0.9,0.05
2648,1.38625,0.05
2649,1.14375,0.05
2650,1.06,0.05
2651,1.1475,0.05
2652,0.10875000000000012,0.05
2653,1.0425,0.05
2654,0.9475,0.05
2655,1.15,0.05
2656,0.85625,0.05
2657,1.0975000000000001,0.05
2658,1.12375,0.05
2659,1.1925000000000001,0.05
2660,0.8012499999999999,0.05
2661,1.495,0.05
2662,-2.8937500000000007,0.05
2663,1.1975,0.05
2664,-2.803750000000001,0.05
2665,0.7550000000000001,0.05
2666,0.7137499999999999,0.05
2667,0.7575,0.05
2668,0.85875,0.05
2669,0.9837500000000001,0.05
2670,1.0975000000000001,0.05
2671,0.93,0.05
2672,1.2000000000000002,0.05
2673,1.2225000000000001,0.05
2674,1.16625,0.05
2675,1.06,0.05
2676,0.87,0.05
2677,1.15125,0.05
2678,1.11125,0.05
2679,1.145,0.05
2680,0.88625,0.05
2681,0.9650000000000001,0.05
2682,0.2537499999999999,0.05
2683,0.8925000000000001,0.05
2684,0.8187500000000001,0.05
2685,1.2,0.05
2686,0.9850000000000001,0.05
2687,0.4212499999999997,0.05
2688,1.315,0.05
2689,1.07625,0.05
2690,1.33125,0.05
2691,1.04,0.05
2692,0.7575,0.05
2693,1.4937500000000001,0.05
2694,0.9500000000000001,0.05
2695,0.5249999999999998,0.05
2696,0.9400000000000001,0.05
2697,1.21625,0.05
2698,1.2337500000000001,0.05
2699,1.3725,0.05
2700,0.9675,0.05
2701,0.8875000000000001,0.05
2702,0.82375,0.05
2703,1.1725,0.05
2704,1.06125,0.05
2705,0.70875,0.05
2706,1.09625,0.05
2707,0.9850000000000001,0.05
2708,0.7649999999999999,0.05
2709,1.2075,0.05
2710,0.7149999999999999,0.05
2711,0.80625,0.05
2712,0.9650000000000001,0.05
2713,1.45375,0.05
2714,-2.7187500000000004,0.05
2715,0.79875,0.05
2716,0.90625,0.05
2717,1.1,0.05
2718,1.205,0.05
2719,1.0450000000000002,0.05
2720,1.1912500000000001,0.05
2721,1.01625,0.05
2722,1.33125,0.05
2723,1.0775000000000001,0.05
2724,0.8099999999999999,0.05
2725,1.11375,0.05
2726,1.295,0.05
2727,1.23625,0.05
2728,0.9825000000000002,0.05
2729,0.96125,0.05
2730,0.9650000000000001,0.05
2731,-0.1074999999999997,0.05
2732,0.7637499999999999,0.05
2733,1.17375,0.05
2734,1.3450000000000002,0.05
2735,1.22625,0.05
2736,1.54125,0.05
2737,0.98875,0.05
2738,1.2725,0.05
2739,1.0237500000000002,0.05
2740,1.1887500000000002,0.05
2741,1.16625,0.05
2742,0.655,0.05
2743,1.0150000000000001,0.05
2744,1.03875,0.05
2745,0.98875,0.05
2746,1.05875,0.05
2747,1.19875,0.05
2748,0.9837500000000001,0.05
2749,0.69,0.05
2750,1.27625,0.05
2751,1.2975,0.05
2752,1.1300000000000001,0.05
2753,1.095,0.05
2754,1.07125,0.05
2755,1.25875,0.05
2756,0.935,0.05
2757,0.3124999999999998,0.05
2758,1.185,0.05
2759,0.80375,0.05
2760,0.85875,0.05
2761,0.90125,0.05
2762,1.26,0.05
2763,0.6050000000000002,0.05
2764,1.20375,0.05
2765,1.0950000000000002,0.05
2766,1.05875,0.05
2767,0.775,0.05
2768,1.0987500000000001,0.05
2769,1.1,0.05
2770,1.1725,0.05
2771,1.0875000000000001,0.05
2772,0.9600000000000001,0.05
2773,1.18625,0.05
2774,0.86875,0.05
2775,0.87,0.05
2776,1.2525,0.05
2777,1.0562500000000001,0.05
2778,1.045,0.05
2779,0.88,0.05
2780,1.0050000000000001,0.05
2781,0.895,0.05
2782,1.195,0.05
2783,0.9162500000000001,0.05
2784,1.20875,0.05
2785,1.15375,0.05
2786,1.2175,0.05
2787,0.9025000000000001,0.05
2788,0.935,0.05
2789,0.8062499999999999,0.05
2790,0.6912499999999999,0.05
2791,1.0637500000000002,0.05
2792,1.2112500000000002,0.05
2793,1.2225000000000001,0.05
2794,1.37625,0.05
2795,1.20375,0.05
2796,1.0575,0.05
2797,0.935,0.05
2798,1.1075,0.05
2799,1.21,0.05
2800,1.0437500000000002,0.05
2801,0.9850000000000001,0.05
2802,1.0550000000000002,0.05
2803,0.855,0.05
2804,1.0425,0.05
2805,0.7925,0.05
2806,1.1487500000000002,0.05
2807,1.0975000000000001,0.05
2808,0.9587500000000001,0.05
2809,1.0575,0.05
2810,0.49124999999999974,0.05
2811,0.9625000000000001,0.05
2812,1.2375,0.05
2813,1.40375,0.05
2814,1.155,0.05
2815,1.03875,0.05
2816,1.11625,0.05
2817,1.04,0.05
2818,1.04,0.05
2819,1.29875,0.05
2820,0.27500000000000013,0.05
2821,0.915,0.05
2822,1.22125,0.05
2823,1.4000000000000001,0.05
2824,1.27,0.05
2825,0.2749999999999997,0.05
2826,0.96625,0.05
2827,0.46999999999999964,0.05
2828,0.6724999999999999,0.05
2829,1.05125,0.05
2830,0.86,0.05
2831,1.07125,0.05
2832,1.38625,0.05
2833,1.4587500000000002,0.05
2834,0.76375,0.05
2835,1.1300000000000001,0.05
2836,-0.125,0.05
2837,0.7512499999999999,0.05
2838,1.22125,0.05
2839,1.1800000000000002,0.05
2840,1.0425,0.05
2841,0.9425,0.05
2842,0.9087500000000002,0.05
2843,1.0075,0.05
2844,1.225,0.05
2845,1.2375,0.05
2846,0.7562499999999999,0.05
2847,0.8312499999999999,0.05
2848,0.9825000000000002,0.05
2849,1.11625,0.05
2850,1.0762500000000002,0.05
2851,1.31375,0.05
2852,0.7150000000000001,0.05
2853,1.195,0.05
2854,0.8975000000000001,0.05
2855,0.8375,0.05
2856,0.86,0.05
2857,0.2825000000000004,0.05
2858,1.0562500000000001,0.05
2859,0.87,0.05
2860,1.0437500000000002,0.05
2861,0.8225,0.05
2862,0.9712500000000001,0.05
2863,1.21,0.05
2864,0.98,0.05
2865,0.9725,0.05
2866,1.1525,0.05
2867,0.98,0.05
2868,0.8900000000000001,0.05
2869,1.5125000000000002,0.05
2870,0.7749999999999999,0.05
2871,1.04,0.05
2872,0.98875,0.05
2873,1.3362500000000002,0.05
2874,1.16625,0.05
2875,0.09125000000000005,0.05
2876,1.0625,0.05
2877,1.1150000000000002,0.05
2878,0.98875,0.05
2879,0.9287500000000001,0.05
2880,1.2850000000000001,0.05
2881,0.9775,0.05
2882,1.1712500000000001,0.05
2883,0.8025,0.05
2884,0.9850000000000001,0.05
2885,0.34624999999999995,0.05
2886,0.030000000000000027,0.05
2887,1.185,0.05
2888,1.2200000000000002,0.05
2889,1.115,0.05
2890,1.50875,0.05
2891,1.135,0.05
2892,0.85875,0.05
2893,1.1175000000000002,0.05
2894,1.0425,0.05
2895,1.0350000000000001,0.05
2896,0.9137500000000001,0.05
2897,1.0425,0.05
2898,1.11625,0.05
2899,1.0750000000000002,0.05
2900,0.7274999999999999,0.05
2901,0.8800000000000001,0.05
2902,1.17875,0.05
2903,1.15375,0.05
2904,1.00625,0.05
2905,1.12,0.05
2906,1.17375,0.05
2907,0.7337499999999999,0.05
2908,0.885,0.05
2909,1.1487500000000002,0.05
2910,0.87,0.05
2911,1.2200000000000002,0.05
2912,1.17875,0.05
2913,1.06,0.05
2914,0.84125,0.05
2915,1.375,0.05
2916,0.7825,0.05
2917,1.22875,0.05
2918,1.08,0.05
2919,1.04,0.05
2920,0.895,0.05
2921,1.0762500000000002,0.05
2922,1.1975,0.05
2923,0.88125,0.05
2924,0.915,0.05
2925,1.00625,0.05
2926,0.8612500000000001,0.05
2927,0.98875,0.05
2928,1.2225000000000001,0.05
2929,1.0275,0.05
2930,0.9525000000000001,0.05
2931,0.4999999999999998,0.05
2932,1.0550000000000002,0.05
2933,0.9712500000000001,0.05
2934,1.11125,0.05
2935,1.155,0.05
2936,1.32125,0.05
2937,0.9325000000000001,0.05
2938,1.0562500000000001,0.05
2939,1.20375,0.05
2940,1.1725,0.05
2941,0.7849999999999999,0.05
2942,0.7675,0.05
2943,0.93,0.05
2944,1.06125,0.05
2945,1.3800000000000001,0.05
2946,1.1812500000000001,0.05
2947,1.07625,0.05
2948,0.75125,0.05
2949,0.84125,0.05
2950,1.2337500000000001,0.05
2951,1.1900000000000002,0.05
2952,0.8225,0.05
2953,0.6474999999999999,0.05
2954,1.15375,0.05
2955,1.0575,0.05
2956,0.5599999999999998,0.05
2957,1.1487500000000002,0.05
2958,0.7599999999999999,0.05
2959,1.19375,0.05
2960,1.115,0.05
2961,0.825,0.05
2962,0.84875,0.05
2963,1.02125,0.05
2964,0.9950000000000001,0.05
2965,1.1887500000000002,0.05
2966,1.20875,0.05
2967,0.9737500000000001,0.05
2968,1.36,0.05
2969,0.9875,0.05
2970,1.165,0.05
2971,1.3075,0.05
2972,0.75125,0.05
2973,1.43625,0.05
2974,1.0775000000000001,0.05
2975,1.0450000000000002,0.05
2976,1.11625,0.05
2977,1.13125,0.05
2978,1.1,0.05
2979,0.85875,0.05
2980,1.50875,0.05
2981,0.9337500000000001,0.05
2982,0.9600000000000001,0.05
2983,1.2175,0.05
2984,1.08,0.05
2985,0.7687499999999999,0.05
2986,0.88625,0.05
2987,1.2637500000000002,0.05
2988,1.0,0.05
2989,1.0987500000000001,0.05
2990,1.02625,0.05
2991,1.0575,0.05
2992,1.04125,0.05
2993,1.235,0.05
2994,0.915,0.05
2995,0.9525000000000001,0.05
2996,0.9637500000000001,0.05
2997,0.9612500000000002,0.05
2998,0.6699999999999999,0.05
2999,1.09,0.05
3000,0.875,0.05
3001,0.91625,0.05
3002,1.0550000000000002,0.05
3003,0.935,0.05
3004,1.06875,0.05
3005,1.15375,0.05
3006,0.785,0.05
3007,1.0725,0.05
3008,0.9337500000000001,0.05
3009,1.03875,0.05
3010,0.98,0.05
3011,0.9850000000000001,0.05
3012,1.555,0.05
3013,1.09,0.05
3014,1.0212500000000002,0.05
3015,1.18625,0.05
3016,1.15,0.05
3017,1.195,0.05
3018,1.1425,0.05
3019,1.1475,0.05
3020,1.05,0.05
3021,0.9712500000000001,0.05
3022,1.35,0.05
3023,1.09,0.05
3024,1.37125,0.05
3025,0.9900000000000001,0.05
3026,1.3125,0.05
3027,1.0437500000000002,0.05
3028,1.435,0.05
3029,0.915,0.05
3030,1.2175,0.05
3031,1.27625,0.05
3032,0.96625,0.05
3033,1.11,0.05
3034,0.9825000000000002,0.05
3035,0.79875,0.05
3036,1.0250000000000001,0.05
3037,1.2575,0.05
3038,0.8775000000000001,0.05
3039,1.3887500000000002,0.05
3040,1.115,0.05
3041,1.29,0.05
3042,0.94125,0.05
3043,1.1425,0.05
3044,0.66375,0.05
3045,1.165,0.05
3046,1.29,0.05
3047,1.1287500000000001,0.05
3048,1.07625,0.05
3049,0.9650000000000001,0.05
3050,1.18125,0.05
3051,1.2175,0.05
3052,1.1175000000000002,0.05
3053,0.9512500000000002,0.05
3054,0.9587500000000001,0.05
3055,0.9587500000000001,0.05
3056,0.5199999999999998,0.05
3057,1.07375,0.05
3058,1.2725000000000002,0.05
3059,1.03875,0.05
3060,1.3162500000000001,0.05
3061,1.2225000000000001,0.05
3062,0.47499999999999976,0.05
3063,1.11,0.05
3064,1.0875000000000001,0.05
3065,0.78,0.05
3066,0.7599999999999999,0.05
3067,1.2625000000000002,0.05
3068,0.8775000000000001,0.05
3069,1.01625,0.05
3070,0.8049999999999999,0.05
3071,0.7687499999999999,0.05
3072,1.1400000000000001,0.05
3073,1.095,0.05
3074,1.205,0.05
3075,0.5237499999999997,0.05
3076,1.0050000000000001,0.05
3077,1.1025,0.05
3078,1.1,0.05
3079,0.84875,0.05
3080,1.105,0.05
3081,1.0762500000000002,0.05
3082,0.9087500000000001,0.05
3083,1.17375,0.05
3084,1.245,0.05
3085,0.4712499999999997,0.05
3086,1.29875,0.05
3087,0.8625,0.05
3088,0.98,0.05
3089,0.8975000000000001,0.05
3090,1.2750000000000001,0.05
3091,0.9700000000000001,0.05
3092,1.2537500000000001,0.05
3093,0.98,0.05
3094,1.22625,0.05
3095,0.82,0.05
3096,1.37625,0.05
3097,1.33,0.05
3098,1.1400000000000001,0.05
3099,1.1175000000000002,0.05
3100,0.98875,0.05
3101,1.0637500000000002,0.05
3102,1.3162500000000001,0.05
3103,0.79375,0.05
3104,0.78125,0.05
3105,0.91625,0.05
3106,1.1525,0.05
3107,0.9525000000000001,0.05
3108,1.13125,0.05
3109,1.4400000000000002,0.05
3110,0.9025000000000001,0.05
3111,1.07625,0.05
3112,0.80125,0.05
3113,1.175,0.05
3114,1.02625,0.05
3115,1.1975,0.05
3116,0.72625,0.05
3117,1.335,0.05
3118,0.99,0.05
3119,1.24125,0.05
3120,0.29249999999999976,0.05
3121,1.2775,0.05
3122,0.895,0.05
3123,1.2775,0.05
3124,0.94625,0.05
3125,0.93,0.05
3126,1.09,0.05
3127,0.72625,0.05
3128,1.00625,0.05
3129,0.9775,0.05
3130,1.5225000000000002,0.05
3131,1.2825000000000002,0.05
3132,1.295,0.05
3133,0.9875,0.05
3134,1.395,0.05
3135,1.17,0.05
3136,1.21375,0.05
3137,1.01625,0.05
3138,0.9525000000000001,0.05
3139,0.84,0.05
3140,1.2950000000000002,0.05
3141,0.6999999999999998,0.05
3142,0.98,0.05
3143,1.13625,0.05
3144,1.0450000000000002,0.05
3145,0.78875,0.05
3146,1.095,0.05
3147,0.75125,0.05
3148,0.8975000000000001,0.05
3149,1.1875,0.05
3150,1.02625,0.05
3151,0.38249999999999984,0.05
3152,1.04875,0.05
3153,0.8775000000000001,0.05
3154,1.22625,0.05
3155,1.19875,0.05
3156,1.19875,0.05
3157,0.9087500000000001,0.05
3158,1.135,0.05
3159,1.1300000000000001,0.05
3160,1.185,0.05
3161,1.0625,0.05
3162,1.0725,0.05
3163,1.20375,0.05
3164,0.7487499999999999,0.05
3165,1.0462500000000001,0.05
3166,1.11,0.05
3167,1.1300000000000001,0.05
3168,1.08,0.05
3169,0.695,0.05
3170,1.1300000000000001,0.05
3171,1.02,0.05
3172,1.0450000000000002,0.05
3173,1.0012500000000002,0.05
3174,1.1675,0.05
3175,0.74375,0.05
3176,0.9850000000000001,0.05
3177,1.1975,0.05
3178,1.1,0.05
3179,0.825,0.05
3180,0.9525000000000001,0.05
3181,0.9712500000000001,0.05
3182,1.1487500000000002,0.05
3183,1.0,0.05
3184,0.5324999999999999,0.05
3185,1.3,0.05
3186,1.0425,0.05
3187,1.02,0.05
3188,1.1287500000000001,0.05
3189,0.85125,0.05
3190,1.23125,0.05
3191,1.24125,0.05
3192,1.145,0.05
3193,1.2437500000000001,0.05
3194,1.0250000000000001,0.05
3195,1.2200000000000002,0.05
3196,0.81875,0.05
3197,1.23875,0.05
3198,0.7899999999999999,0.05
3199,1.0250000000000001,0.05
3200,1.0750000000000002,0.05
3201,1.0575,0.05
3202,1.0625,0.05
3203,1.51375,0.05
3204,1.1487500000000002,0.05
3205,-0.27624999999999944,0.05
3206,1.2225000000000001,0.05
3207,1.0625,0.05
3208,1.07875,0.05
3209,0.8062499999999999,0.05
3210,1.165,0.05
3211,0.8562500000000001,0.05
3212,1.01875,0.05
3213,1.29,0.05
3214,1.5125000000000002,0.05
3215,0.8775000000000001,0.05
3216,0.9487500000000001,0.05
3217,1.16375,0.05
3218,0.925,0.05
3219,1.04125,0.05
3220,1.06,0.05
3221,1.15375,0.05
3222,0.9712500000000001,0.05
3223,0.99,0.05
3224,1.0025,0.05
3225,1.185,0.05
3226,0.4987499999999998,0.05
3227,1.1712500000000001,0.05
3228,0.8012499999999999,0.05
3229,1.1725,0.05
3230,0.78125,0.05
3231,0.7274999999999999,0.05
3232,1.2750000000000001,0.05
3233,1.1350000000000002,0.05
3234,0.6774999999999999,0.05
3235,1.2,0.05
3236,1.07875,0.05
3237,0.825,0.05
3238,0.9087500000000001,0.05
3239,1.155,0.05
3240,0.9650000000000001,0.05
3241,0.9900000000000001,0.05
3242,0.8975000000000001,0.05
3243,1.1475,0.05
3244,1.0575,0.05
3245,0.725,0.05
3246,1.23625,0.05
3247,1.06875,0.05
3248,1.295,0.05
3249,1.19,0.05
3250,1.2737500000000002,0.05
3251,0.8975000000000001,0.05
3252,1.1025,0.05
3253,1.1375000000000002,0.05
3254,1.24125,0.05
3255,1.24,0.05
3256,1.11125,0.05
3257,1.11,0.05
3258,1.16375,0.05
3259,1.37625,0.05
3260,1.27625,0.05
3261,0.7999999999999999,0.05
3262,0.725,0.05
3263,0.7599999999999999,0.05
3264,1.025,0.05
3265,1.0550000000000002,0.05
3266,0.8012499999999999,0.05
3267,1.4125,0.05
3268,0.5449999999999997,0.05
3269,1.24125,0.05
3270,0.99,0.05
3271,0.9287500000000001,0.05
3272,0.92,0.05
3273,1.0375,0.05
3274,1.09375,0.05
3275,1.01625,0.05
3276,0.81375,0.05
3277,1.29125,0.05
3278,1.225,0.05
3279,1.22625,0.05
3280,1.1187500000000001,0.05
3281,0.9900000000000001,0.05
3282,0.8775000000000001,0.05
3283,1.1300000000000001,0.05
3284,0.90625,0.05
3285,0.7112499999999998,0.05
3286,1.03875,0.05
3287,0.855,0.05
3288,1.0212500000000002,0.05
3289,1.1375000000000002,0.05
3290,0.9775,0.05
3291,0.7499999999999999,0.05
3292,1.2537500000000001,0.05
3293,0.47499999999999976,0.05
3294,1.04,0.05
3295,1.0875000000000001,0.05
3296,1.0350000000000001,0.05
3297,1.1875,0.05
3298,1.0150000000000001,0.05
3299,1.15,0.05
3300,1.095,0.05
3301,1.19875,0.05
3302,0.9,0.05
3303,0.9175000000000001,0.05
3304,0.9,0.05
3305,0.925,0.05
3306,1.07375,0.05
3307,1.27125,0.05
3308,1.02125,0.05
3309,0.8600000000000001,0.05
3310,1.405,0.05
3311,1.1525,0.05
3312,1.135,0.05
3313,1.20375,0.05
3314,1.165,0.05
3315,1.3075,0.05
3316,1.13625,0.05
3317,1.0750000000000002,0.05
3318,0.74125,0.05
3319,1.5175,0.05
3320,1.19,0.05
3321,0.9712500000000002,0.05
3322,0.6574999999999999,0.05
3323,1.28875,0.05
3324,0.9212500000000001,0.05
3325,1.0750000000000002,0.05
3326,1.5225,0.05
3327,1.18875,0.05
3328,1.1175000000000002,0.05
3329,1.18625,0.05
3330,1.195,0.05
3331,0.9750000000000001,0.05
3332,0.9850000000000001,0.05
3333,1.26625,0.05
3334,1.225,0.05
3335,1.0250000000000001,0.05
3336,1.3125,0.05
3337,0.7675,0.05
3338,1.1287500000000001,0.05
3339,1.32125,0.05
3340,1.1675,0.05
3341,1.1712500000000001,0.05
3342,0.5299999999999998,0.05
3343,1.53125,0.05
3344,0.98875,0.05
3345,1.05875,0.05
3346,1.02625,0.05
3347,1.2000000000000002,0.05
3348,0.99,0.05
3349,0.855,0.05
3350,0.97125,0.05
3351,1.0562500000000001,0.05
3352,1.135,0.05
3353,1.06125,0.05
3354,1.435,0.05
3355,0.93,0.05
3356,1.145,0.05
3357,1.1125,0.05
3358,0.9962500000000001,0.05
3359,1.2950000000000002,0.05
3360,1.1425,0.05
3361,1.26625,0.05
3362,0.905,0.05
3363,1.1287500000000001,0.05
3364,1.17625,0.05
3365,1.4175,0.05
3366,1.4675,0.05
3367,0.9275000000000001,0.05
3368,0.88,0.05
3369,1.165,0.05
3370,1.3900000000000001,0.05
3371,1.0437500000000002,0.05
3372,1.1425,0.05
3373,1.20375,0.05
3374,1.0675000000000001,0.05
3375,1.0575,0.05
3376,1.405,0.05
3377,0.9475,0.05
3378,0.745,0.05
3379,1.22625,0.05
3380,0.7999999999999999,0.05
3381,0.6474999999999999,0.05
3382,1.0137500000000002,0.05
3383,1.1675,0.05
3384,1.09,0.05
3385,0.6162499999999999,0.05
3386,0.88,0.05
3387,1.2275,0.05
3388,1.0975000000000001,0.05
3389,1.07875,0.05
3390,1.30875,0.05
3391,0.70875,0.05
3392,1.2200000000000002,0.05
3393,0.84875,0.05
3394,0.7912499999999999,0.05
3395,0.18999999999999995,0.05
3396,0.9750000000000001,0.05
3397,1.0012500000000002,0.05
3398,1.0025,0.05
3399,0.99,0.05
3400,0.88125,0.05
3401,1.2725,0.05
3402,0.885,0.05
3403,0.9687500000000001,0.05
3404,1.1700000000000002,0.05
3405,1.0012500000000002,0.05
3406,1.0325000000000002,0.05
3407,1.1925000000000001,0.05
3408,0.4212499999999997,0.05
3409,1.0875000000000001,0.05
3410,0.9875,0.05
3411,1.17875,0.05
3412,1.0025,0.05
3413,1.29,0.05
3414,0.80375,0.05
3415,1.045,0.05
3416,1.165,0.05
3417,1.0025,0.05
3418,0.48999999999999977,0.05
3419,1.0662500000000001,0.05
3420,1.32125,0.05
3421,1.095,0.05
3422,1.30875,0.05
3423,1.0050000000000001,0.05
3424,1.0775000000000001,0.05
3425,1.1425,0.05
3426,1.2775,0.05
3427,1.0875000000000001,0.05
3428,1.1,0.05
3429,0.93,0.05
3430,1.00625,0.05
3431,0.845,0.05
3432,1.0662500000000001,0.05
3433,0.80625,0.05
3434,1.0987500000000001,0.05
3435,1.095,0.05
3436,1.2525,0.05
3437,1.22,0.05
3438,0.9637500000000001,0.05
3439,0.7512499999999999,0.05
3440,0.9137500000000001,0.05
3441,1.2025000000000001,0.05
3442,1.05125,0.05
3443,0.85875,0.05
3444,0.85875,0.05
3445,0.7300000000000001,0.05
3446,0.91125,0.05
3447,0.7124999999999999,0.05
3448,1.0,0.05
3449,0.9725000000000001,0.05
3450,0.7362500000000001,0.05
3451,0.9712500000000001,0.05
3452,0.97875,0.05
3453,1.4225,0.05
3454,1.0450000000000002,0.05
3455,1.485,0.05
3456,0.7324999999999999,0.05
3457,1.105,0.05
3458,0.7212499999999998,0.05
3459,1.17,0.05
3460,1.115,0.05
3461,0.4562499999999998,0.05
3462,0.6762500000000002,0.05
3463,1.2550000000000001,0.05
3464,0.96875,0.05
3465,1.2637500000000002,0.05
3466,1.3025,0.05
3467,0.8274999999999999,0.05
3468,1.15,0.05
3469,1.0950000000000002,0.05
3470,1.35,0.05
3471,0.8012499999999999,0.05
3472,1.1125,0.05
3473,0.9712500000000001,0.05
3474,1.2975,0.05
3475,1.225,0.05
3476,1.0925,0.05
3477,0.9837500000000001,0.05
3478,0.6112499999999997,0.05
3479,1.1487500000000002,0.05
3480,0.4449999999999996,0.05
3481,1.175,0.05
3482,0.43499999999999983,0.05
3483,1.0075,0.05
3484,1.42625,0.05
3485,1.22875,0.05
3486,0.99,0.05
3487,0.19999999999999996,0.05
3488,1.4412500000000001,0.05
3489,1.11625,0.05
3490,1.3050000000000002,0.05
3491,1.0575,0.05
3492,1.4312500000000001,0.05
3493,1.1725,0.05
3494,1.29875,0.05
3495,1.20375,0.05
3496,0.83875,0.05
3497,1.24,0.05
3498,1.31375,0.05
3499,0.9650000000000001,0.05
3500,1.1487500000000002,0.05
3501,1.2962500000000001,0.05
3502,1.02,0.05
3503,0.885,0.05
3504,1.1912500000000001,0.05
3505,1.0975000000000001,0.05
3506,0.9837500000000001,0.05
3507,1.20375,0.05
3508,0.885,0.05
3509,0.6362499999999998,0.05
3510,1.33125,0.05
3511,1.32125,0.05
3512,1.28125,0.05
3513,1.0350000000000001,0.05
3514,0.9712500000000002,0.05
3515,1.1062500000000002,0.05
3516,1.35375,0.05
3517,1.02,0.05
3518,0.9525000000000001,0.05
3519,1.1175000000000002,0.05
3520,1.155,0.05
3521,1.29125,0.05
3522,0.7925,0.05
3523,1.0350000000000001,0.05
3524,0.98,0.05
3525,0.93,0.05
3526,1.0250000000000001,0.05
3527,1.27,0.05
3528,1.0437500000000002,0.05
3529,1.2225000000000001,0.05
3530,1.2475,0.05
3531,1.155,0.05
3532,1.2,0.05
3533,1.01375,0.05
3534,1.185,0.05
3535,0.9137500000000001,0.05
3536,1.2725,0.05
3537,1.0075,0.05
3538,0.9837500000000001,0.05
3539,1.1487500000000002,0.05
3540,1.09,0.05
3541,1.0437500000000002,0.05
3542,1.0237500000000002,0.05
3543,1.1487500000000002,0.05
3544,1.05125,0.05
3545,1.3075,0.05
3546,1.02625,0.05
3547,1.04,0.05
3548,1.3575000000000002,0.05
3549,1.08875,0.05
3550,1.05125,0.05
3551,1.225,0.05
3552,0.4574999999999997,0.05
3553,1.1125,0.05
3554,-0.29624999999999946,0.05
3555,0.93,0.05
3556,0.96625,0.05
3557,1.02,0.05
3558,0.8750000000000001,0.05
3559,1.07625,0.05
3560,1.0987500000000001,0.05
3561,1.07,0.05
3562,1.22875,0.05
3563,0.7999999999999999,0.05
3564,1.2437500000000001,0.05
3565,0.9800000000000001,0.05
3566,1.0375,0.05
3567,0.8675,0.05
3568,1.555,0.05
3569,0.9512500000000002,0.05
3570,1.1687500000000002,0.05
3571,0.9137500000000001,0.05
3572,0.9500000000000001,0.05
3573,0.9175,0.05
3574,0.4987499999999997,0.05
3575,0.5424999999999998,0.05
3576,-2.75625,0.05
3577,0.6474999999999999,0.05
3578,0.9550000000000001,0.05
3579,1.12375,0.05
3580,0.73125,0.05
3581,0.34499999999999975,0.05
3582,1.15875,0.05
3583,0.7099999999999999,0.05
3584,1.1187500000000001,0.05
3585,1.045,0.05
3586,1.1625,0.05
3587,0.715,0.05
3588,1.1125,0.05
3589,0.8074999999999999,0.05
3590,0.9537500000000001,0.05
3591,1.0575,0.05
3592,1.3825,0.05
3593,1.4075,0.05
3594,0.88,0.05
3595,1.3,0.05
3596,1.06125,0.05
3597,0.8500000000000001,0.05
3598,1.0150000000000001,0.05
3599,1.09125,0.05
3600,1.00875,0.05
3601,1.23875,0.05
3602,0.84,0.05
3603,1.13625,0.05
3604,1.0525000000000002,0.05
3605,0.01750000000000007,0.05
3606,1.40875,0.05
3607,0.98,0.05
3608,0.6749999999999998,0.05
3609,0.9512500000000002,0.05
3610,1.02875,0.05
3611,1.01,0.05
3612,1.4325,0.05
3613,1.1912500000000001,0.05
3614,1.07875,0.05
3615,1.0750000000000002,0.05
3616,1.185,0.05
3617,1.50875,0.05
3618,1.1175000000000002,0.05
3619,1.1800000000000002,0.05
3620,0.93,0.05
3621,1.4212500000000001,0.05
3622,1.5362500000000001,0.05
3623,1.335,0.05
3624,1.5037500000000001,0.05
3625,0.9587500000000001,0.05
3626,1.1300000000000001,0.05
3627,0.9525000000000001,0.05
3628,1.3125,0.05
3629,1.12375,0.05
3630,1.38125,0.05
3631,1.0025,0.05
3632,1.11,0.05
3633,1.09375,0.05
3634,1.0437500000000002,0.05
3635,1.245,0.05
3636,1.13625,0.05
3637,0.96125,0.05
3638,0.6549999999999999,0.05
3639,0.5624999999999999,0.05
3640,1.31875,0.05
3641,1.205,0.05
3642,1.26,0.05
3643,1.28125,0.05
3644,1.245,0.05
3645,1.0325000000000002,0.05
3646,1.07,0.05
3647,1.105,0.05
3648,0.026250000000000107,0.05
3649,1.0,0.05
3650,1.4312500000000001,0.05
3651,0.82,0.05
3652,1.0575,0.05
3653,1.11125,0.05
3654,0.8925000000000001,0.05
3655,1.07875,0.05
3656,1.4175,0.05
3657,1.0975000000000001,0.05
3658,1.2962500000000001,0.05
3659,0.96125,0.05
3660,0.47999999999999965,0.05
3661,1.5125000000000002,0.05
3662,1.0,0.05
3663,1.11125,0.05
3664,0.86125,0.05
3665,0.7149999999999999,0.05
3666,1.4575,0.05
3667,1.13125,0.05
3668,0.915,0.05
3669,1.24125,0.05
3670,0.885,0.05
3671,1.1075,0.05
3672,1.4500000000000002,0.05
3673,0.96625,0.05
3674,0.9712500000000001,0.05
3675,1.045,0.05
3676,0.935,0.05
3677,0.5087499999999997,0.05
3678,1.1075,0.05
3679,1.02625,0.05
3680,1.23625,0.05
3681,0.9900000000000001,0.05
3682,1.39125,0.05
3683,1.27625,0.05
3684,1.20875,0.05
3685,1.0837500000000002,0.05
3686,1.25875,0.05
3687,0.9537500000000001,0.05
3688,1.135,0.05
3689,1.02625,0.05
3690,0.9950000000000001,0.05
3691,1.24,0.05
3692,1.1700000000000002,0.05
3693,1.35,0.05
3694,0.6862499999999998,0.05
3695,1.1525,0.05
3696,0.6574999999999999,0.05
3697,1.11625,0.05
3698,1.12125,0.05
3699,0.9237500000000001,0.05
3700,0.91,0.05
3701,1.13125,0.05
3702,1.03875,0.05
3703,0.9912500000000001,0.05
3704,1.22625,0.05
3705,1.1487500000000002,0.05
3706,0.81875,0.05
3707,1.1300000000000001,0.05
3708,0.9687500000000001,0.05
3709,0.5737499999999998,0.05
3710,0.95125,0.05
3711,0.96625,0.05
3712,1.18125,0.05
3713,0.9887500000000001,0.05
3714,0.050000000000000044,0.05
3715,0.98,0.05
3716,1.045,0.05
3717,0.80125,0.05
3718,1.2087500000000002,0.05
3719,1.4775,0.05
3720,1.1300000000000001,0.05
3721,0.5849999999999997,0.05
3722,1.18625,0.05
3723,1.33125,0.05
3724,1.1062500000000002,0.05
3725,1.13625,0.05
3726,1.1675,0.05
3727,1.27625,0.05
3728,1.07375,0.05
3729,0.9962500000000001,0.05
3730,1.2337500000000001,0.05
3731,1.135,0.05
3732,1.2525,0.05
3733,1.18625,0.05
3734,1.0137500000000002,0.05
3735,1.30875,0.05
3736,0.96125,0.05
3737,1.3687500000000001,0.05
3738,1.1175000000000002,0.05
3739,0.6399999999999999,0.05
3740,1.3362500000000002,0.05
3741,1.2775,0.05
3742,1.0875000000000001,0.05
3743,1.27625,0.05
3744,1.30875,0.05
3745,0.9837500000000001,0.05
3746,1.1,0.05
3747,1.13375,0.05
3748,1.0150000000000001,0.05
3749,0.9825000000000002,0.05
3750,1.2287500000000002,0.05
3751,1.2200000000000002,0.05
3752,1.5274999999999999,0.05
3753,0.9450000000000001,0.05
3754,1.1625,0.05
3755,1.27625,0.05
3756,1.2337500000000001,0.05
3757,-0.3299999999999994,0.05
3758,0.78625,0.05
3759,1.445,0.05
3760,1.1,0.05
3761,1.1175000000000002,0.05
3762,0.895,0.05
3763,1.00625,0.05
3764,0.20500000000000007,0.05
3765,0.3999999999999997,0.05
3766,0.82375,0.05
3767,0.9425,0.05
3768,0.82375,0.05
3769,0.99,0.05
3770,0.9325000000000001,0.05
3771,0.49499999999999966,0.05
3772,1.0625,0.05
3773,1.185,0.05
3774,1.0562500000000001,0.05
3775,0.8350000000000001,0.05
3776,0.8500000000000001,0.05
3777,1.235,0.05
3778,1.18625,0.05
3779,0.96125,0.05
3780,0.99,0.05
3781,1.0250000000000001,0.05
3782,1.11625,0.05
3783,1.05875,0.05
3784,0.7712499999999999,0.05
3785,1.4225,0.05
3786,1.19875,0.05
3787,1.0625,0.05
3788,0.74125,0.05
3789,1.09125,0.05
3790,1.03875,0.05
3791,0.8475,0.05
3792,1.11125,0.05
3793,1.225,0.05
3794,1.13875,0.05
3795,1.0562500000000001,0.05
3796,1.1500000000000001,0.05
3797,1.18125,0.05
3798,1.02125,0.05
3799,1.23625,0.05
3800,1.02125,0.05
3801,1.1800000000000002,0.05
3802,1.2400000000000002,0.05
3803,1.045,0.05
3804,1.0425,0.05
3805,1.205,0.05
3806,1.2725000000000002,0.05
3807,1.095,0.05
3808,1.0987500000000001,0.05
3809,0.9337500000000001,0.05
3810,0.9137500000000001,0.05
3811,1.0012500000000002,0.05
3812,1.01875,0.05
3813,0.6499999999999999,0.05
3814,1.0987500000000001,0.05
3815,1.07375,0.05
3816,1.2725,0.05
3817,0.90375,0.05
3818,1.2175,0.05
3819,0.88,0.05
3820,0.8975000000000001,0.05
3821,1.3375000000000001,0.05
3822,1.155,0.05
3823,1.095,0.05
3824,1.12375,0.05
3825,0.9500000000000001,0.05
3826,0.6199999999999998,0.05
3827,1.29,0.05
3828,0.705,0.05
3829,1.0250000000000001,0.05
3830,1.4937500000000001,0.05
3831,1.3625,0.05
3832,0.9237500000000001,0.05
3833,1.14375,0.05
3834,1.30875,0.05
3835,0.3674999999999997,0.05
3836,1.1675,0.05
3837,1.1175000000000002,0.05
3838,0.04875000000000007,0.05
3839,0.895,0.05
3840,0.9275000000000001,0.05
3841,1.1,0.05
3842,-0.2537499999999997,0.05
3843,1.0437500000000002,0.05
3844,0.7925,0.05
3845,1.06,0.05
3846,1.3337500000000002,0.05
3847,1.34375,0.05
3848,1.3362500000000002,0.05
3849,1.0987500000000001,0.05
3850,0.6799999999999998,0.05
3851,-0.25999999999999956,0.05
3852,1.0562500000000001,0.05
3853,0.935,0.05
3854,1.1875,0.05
3855,0.6399999999999998,0.05
3856,0.9087500000000002,0.05
3857,1.09375,0.05
3858,0.93,0.05
3859,1.1475,0.05
3860,1.15375,0.05
3861,1.2650000000000001,0.05
3862,0.825,0.05
3863,0.9337500000000001,0.05
3864,0.34124999999999983,0.05
3865,0.9712500000000001,0.05
3866,1.14375,0.05
3867,1.0237500000000002,0.05
3868,1.3,0.05
3869,1.1,0.05
3870,1.21625,0.05
3871,0.605,0.05
3872,-2.9562500000000003,0.05
3873,1.1925000000000001,0.05
3874,0.8962500000000001,0.05
3875,0.91125,0.05
3876,1.24,0.05
3877,1.385,0.05
3878,1.10125,0.05
3879,1.03875,0.05
3880,1.3625,0.05
3881,1.18375,0.05
3882,1.16625,0.05
3883,1.0337500000000002,0.05
3884,1.29125,0.05
3885,0.8912500000000001,0.05
3886,1.00625,0.05
3887,1.20375,0.05
3888,1.3250000000000002,0.05
3889,1.1287500000000001,0.05
3890,1.205,0.05
3891,1.51375,0.05
3892,0.865,0.05
3893,1.28375,0.05
3894,0.6937499999999999,0.05
3895,0.7049999999999998,0.05
3896,1.35,0.05
3897,0.8049999999999999,0.05
3898,0.7825,0.05
3899,1.06875,0.05
3900,1.2525,0.05
3901,1.1162500000000002,0.05
3902,1.23625,0.05
3903,1.0987500000000001,0.05
3904,1.0250000000000001,0.05
3905,0.9325000000000001,0.05
3906,0.96625,0.05
3907,1.1612500000000001,0.05
3908,1.135,0.05
3909,1.22,0.05
3910,0.82,0.05
3911,0.8975000000000001,0.05
3912,1.13375,0.05
3913,0.6612500000000001,0.05
3914,1.0037500000000001,0.05
3915,1.2075,0.05
3916,0.9712500000000001,0.05
3917,1.07875,0.05
3918,1.2075,0.05
3919,1.35375,0.05
3920,1.155,0.05
3921,1.24125,0.05
3922,0.43999999999999995,0.05
3923,0.9337500000000001,0.05
3924,0.5649999999999997,0.05
3925,1.05,0.05
3926,0.9775,0.05
3927,1.29,0.05
3928,1.0625,0.05
3929,1.02625,0.05
3930,1.2225000000000001,0.05
3931,0.6087499999999999,0.05
3932,1.2550000000000001,0.05
3933,0.7587499999999999,0.05
3934,1.09375,0.05
3935,0.04125000000000023,0.05
3936,1.0925,0.05
3937,1.17375,0.05
3938,0.8675000000000002,0.05
3939,1.33,0.05
3940,1.24,0.05
3941,1.16625,0.05
3942,1.44875,0.05
3943,1.1800000000000002,0.05
3944,1.0250000000000001,0.05
3945,1.4225,0.05
3946,1.03125,0.05
3947,1.0437500000000002,0.05
3948,0.6349999999999999,0.05
3949,1.19,0.05
3950,0.86125,0.05
3951,1.2,0.05
3952,0.9637500000000001,0.05
3953,1.0950000000000002,0.05
3954,1.1712500000000001,0.05
3955,0.8175,0.05
3956,1.23875,0.05
3957,1.1175000000000002,0.05
3958,1.1125,0.05
3959,1.3625,0.05
3960,0.9912500000000001,0.05
3961,1.20375,0.05
3962,1.295,0.05
3963,0.84,0.05
3964,0.86125,0.05
3965,0.87,0.05
3966,0.46999999999999964,0.05
3967,-0.8087499999999996,0.05
3968,1.1375000000000002,0.05
3969,1.0050000000000001,0.05
3970,1.2550000000000001,0.05
3971,0.6049999999999998,0.05
3972,0.5399999999999997,0.05
3973,-0.4999999999999989,0.05
3974,0.85875,0.05
3975,0.8474999999999999,0.05
3976,1.2175,0.05
3977,0.855,0.05
3978,1.06125,0.05
3979,1.23625,0.05
3980,0.88625,0.05
3981,1.33875,0.05
3982,1.1712500000000001,0.05
3983,1.34375,0.05
3984,0.85625,0.05
3985,1.5037500000000001,0.05
3986,0.5799999999999997,0.05
3987,1.2575,0.05
3988,0.8912500000000001,0.05
3989,1.3362500000000002,0.05
3990,1.0325,0.05
3991,0.6949999999999998,0.05
3992,0.4374999999999998,0.05
3993,0.7149999999999999,0.05
3994,0.9837500000000001,0.05
3995,1.2275,0.05
3996,1.0012500000000002,0.05
3997,1.38125,0.05
3998,1.185,0.05
3999,1.3325,0.05
4000,1.3025,0.05
4001,1.1887500000000002,0.05
4002,1.1725,0.05
4003,1.4175,0.05
4004,1.0275,0.05
4005,1.04375,0.05
4006,1.27125,0.05
4007,1.375,0.05
4008,1.31375,0.05
4009,1.1725,0.05
4010,1.07375,0.05
4011,1.0925,0.05
4012,1.0250000000000001,0.05
4013,0.86125,0.05
4014,0.94625,0.05
4015,1.0012500000000002,0.05
4016,1.0012500000000002,0.05
4017,1.3800000000000001,0.05
4018,1.1175000000000002,0.05
4019,1.20875,0.05
4020,0.9837500000000001,0.05
4021,0.9650000000000001,0.05
4022,0.6249999999999999,0.05
4023,1.1300000000000001,0.05
4024,1.09375,0.05
4025,1.4175000000000002,0.05
4026,1.11375,0.05
4027,0.85375,0.05
4028,0.4149999999999996,0.05
4029,1.07625,0.05
4030,1.3575000000000002,0.05
4031,1.2950000000000002,0.05
4032,0.6599999999999999,0.05
4033,1.1712500000000001,0.05
4034,1.0825,0.05
4035,1.05,0.05
4036,0.7687499999999999,0.05
4037,1.3987500000000002,0.05
4038,1.26,0.05
4039,-0.2962499999999997,0.05
4040,0.875,0.05
4041,1.13125,0.05
4042,0.6537499999999998,0.05
4043,1.2550000000000001,0.05
4044,0.16500000000000004,0.05
4045,0.9875,0.05
4046,1.1625,0.05
4047,1.1500000000000001,0.05
4048,1.33,0.05
4049,1.2937500000000002,0.05
4050,1.18625,0.05
4051,1.3675000000000002,0.05
4052,1.41375,0.05
4053,1.1125,0.05
4054,1.105,0.05
4055,1.1125,0.05
4056,1.09,0.05
4057,1.145,0.05
4058,0.9400000000000001,0.05
4059,0.825,0.05
4060,1.2225000000000001,0.05
4061,0.82,0.05
4062,1.1287500000000001,0.05
4063,0.96625,0.05
4064,1.08875,0.05
4065,1.30375,0.05
4066,1.2025000000000001,0.05
4067,1.1500000000000001,0.05
4068,1.2650000000000001,0.05
4069,1.1187500000000001,0.05
4070,0.9762500000000001,0.05
4071,0.9900000000000001,0.05
4072,1.335,0.05
4073,1.0150000000000001,0.05
4074,1.22125,0.05
4075,1.0987500000000001,0.05
4076,1.0750000000000002,0.05
4077,1.07875,0.05
4078,1.07125,0.05
4079,1.2237500000000001,0.05
4080,1.13125,0.05
4081,0.99,0.05
4082,1.31,0.05
4083,1.28375,0.05
4084,1.165,0.05
4085,1.1,0.05
4086,1.19,0.05
4087,1.08375,0.05
4088,1.2775,0.05
4089,0.5862499999999997,0.05
4090,1.13125,0.05
4091,0.9537500000000001,0.05
4092,1.0137500000000002,0.05
4093,1.2212500000000002,0.05
4094,1.2850000000000001,0.05
4095,1.0450000000000002,0.05
4096,1.20875,0.05
4097,1.0325000000000002,0.05
4098,1.2750000000000001,0.05
4099,1.20375,0.05
4100,1.0462500000000001,0.05
4101,0.7149999999999999,0.05
4102,1.32,0.05
4103,1.2625000000000002,0.05
4104,1.06875,0.05
4105,1.0075,0.05
4106,1.35375,0.05
4107,0.9700000000000001,0.05
4108,1.11875,0.05
4109,1.11,0.05
4110,1.1887500000000002,0.05
4111,1.3987500000000002,0.05
4112,1.405,0.05
4113,1.13625,0.05
4114,1.12125,0.05
4115,1.0525,0.05
4116,1.27625,0.05
4117,0.90375,0.05
4118,0.9700000000000001,0.05
4119,0.8049999999999999,0.05
4120,1.30375,0.05
4121,-2.837500000000001,0.05
4122,1.1800000000000002,0.05
4123,0.9712500000000001,0.05
4124,0.7675,0.05
4125,1.395,0.05
4126,1.3525,0.05
4127,1.08125,0.05
4128,0.5999999999999998,0.05
4129,-0.12374999999999958,0.05
4130,0.9875,0.05
4131,0.91125,0.05
4132,1.0325000000000002,0.05
4133,1.2525,0.05
4134,0.5549999999999997,0.05
4135,1.0212500000000002,0.05
4136,1.0975000000000001,0.05
4137,1.4725000000000001,0.05
4138,0.9287500000000001,0.05
4139,0.8375,0.05
4140,1.1887500000000002,0.05
4141,0.6862499999999999,0.05
4142,1.2275,0.05
4143,1.3800000000000001,0.05
4144,0.7725,0.05
4145,1.105,0.05
4146,0.4937499999999998,0.05
4147,1.3800000000000001,0.05
4148,1.4525000000000001,0.05
4149,-0.2549999999999999,0.05
4150,0.8049999999999999,0.05
4151,1.02,0.05
4152,0.9275000000000001,0.05
4153,1.3350000000000002,0.05
4154,1.2962500000000001,0.05
4155,1.1600000000000001,0.05
4156,1.0050000000000001,0.05
4157,1.295,0.05
4158,1.2775,0.05
4159,1.2962500000000001,0.05
4160,1.0350000000000001,0.05
4161,1.12,0.05
4162,1.195,0.05
4163,1.1075,0.05
4164,1.20375,0.05
4165,1.165,0.05
4166,1.0012500000000002,0.05
4167,1.2,0.05
4168,0.9300000000000002,0.05
4169,1.1912500000000001,0.05
4170,-3.3037499999999995,0.05
4171,0.80375,0.05
4172,1.08125,0.05
4173,1.20375,0.05
4174,1.2537500000000001,0.05
4175,0.12250000000000005,0.05
4176,1.0950000000000002,0.05
4177,0.88,0.05
4178,1.0025,0.05
4179,1.28125,0.05
4180,0.8550000000000001,0.05
4181,0.77125,0.05
4182,1.0437500000000002,0.05
4183,1.0375,0.05
4184,0.73125,0.05
4185,0.6949999999999998,0.05
4186,0.88,0.05
4187,1.08,0.05
4188,1.2537500000000001,0.05
4189,1.2225000000000001,0.05
4190,1.0025,0.05
4191,1.0337500000000002,0.05
4192,1.11125,0.05
4193,1.1712500000000001,0.05
4194,1.07375,0.05
4195,1.08125,0.05
4196,1.2825000000000002,0.05
4197,0.5337499999999997,0.05
4198,1.2750000000000001,0.05
4199,-0.06499999999999972,0.05
4200,1.19875,0.05
4201,1.0762500000000002,0.05
4202,1.27125,0.05
4203,1.1350000000000002,0.05
4204,1.065,0.05
4205,1.0925,0.05
4206,1.23625,0.05
4207,1.22625,0.05
4208,0.94125,0.05
4209,0.88,0.05
4210,1.095,0.05
4211,-0.5187499999999994,0.05
4212,1.2525,0.05
4213,1.2537500000000001,0.05
4214,0.9850000000000001,0.05
4215,1.3125,0.05
4216,0.72625,0.05
4217,0.13624999999999998,0.05
4218,0.96625,0.05
4219,1.0612500000000002,0.05
4220,0.5587499999999996,0.05
4221,0.09499999999999997,0.05
4222,0.93,0.05
4223,0.9850000000000001,0.05
4224,1.03875,0.05
4225,1.2575,0.05
4226,0.9775,0.05
4227,1.2125000000000001,0.05
4228,0.7599999999999999,0.05
4229,1.1300000000000001,0.05
4230,1.19,0.05
4231,1.1912500000000001,0.05
4232,1.20375,0.05
4233,1.0012500000000002,0.05
4234,1.2775,0.05
4235,1.08,0.05
4236,1.17875,0.05
4237,1.23625,0.05
4238,1.1675,0.05
4239,0.9700000000000001,0.05
4240,1.1187500000000001,0.05
4241,1.1625,0.05
4242,1.13125,0.05
4243,1.2750000000000001,0.05
4244,1.0025000000000002,0.05
4245,1.0012500000000002,0.05
4246,1.18625,0.05
4247,1.26375,0.05
4248,0.84,0.05
4249,1.0875000000000001,0.05
4250,1.1,0.05
4251,0.9287500000000001,0.05
4252,1.33125,0.05
4253,1.495,0.05
4254,1.44375,0.05
4255,0.5762499999999997,0.05
4256,1.375,0.05
4257,1.0762500000000002,0.05
4258,1.345,0.05
4259,1.27,0.05
4260,1.33125,0.05
4261,1.46875,0.05
4262,1.28875,0.05
4263,1.3900000000000001,0.05
4264,0.8225,0.05
4265,1.0662500000000001,0.05
4266,1.3,0.05
4267,0.9087500000000001,0.05
4268,1.2575,0.05
4269,1.3225,0.05
4270,1.13625,0.05
4271,1.2175,0.05
4272,1.2112500000000002,0.05
4273,1.345,0.05
4274,1.335,0.05
4275,1.0737500000000002,0.05
4276,1.09,0.05
4277,1.1912500000000001,0.05
4278,1.3675000000000002,0.05
4279,1.17875,0.05
4280,1.2275,0.05
4281,1.15,0.05
4282,0.5299999999999998,0.05
4283,1.2550000000000001,0.05
4284,1.2000000000000002,0.05
4285,1.26375,0.05
4286,0.45999999999999985,0.05
4287,1.02125,0.05
4288,0.88,0.05
4289,1.2437500000000001,0.05
4290,1.365,0.05
4291,1.26625,0.05
4292,1.07875,0.05
4293,0.85875,0.05
4294,1.29125,0.05
4295,1.31375,0.05
4296,1.1475,0.05
4297,1.2575,0.05
4298,1.00625,0.05
4299,1.08125,0.05
4300,1.1475,0.05
4301,1.2625000000000002,0.05
4302,0.9325000000000001,0.05
4303,0.80375,0.05
4304,0.7275,0.05
4305,0.84125,0.05
4306,0.85875,0.05
4307,1.155,0.05
4308,0.84,0.05
4309,1.0750000000000002,0.05
4310,1.0987500000000001,0.05
4311,1.3250000000000002,0.05
4312,1.2225000000000001,0.05
4313,1.1925000000000001,0.05
4314,0.8375,0.05
4315,0.9875,0.05
4316,1.17625,0.05
4317,1.11125,0.05
4318,1.26,0.05
4319,0.9850000000000001,0.05
4320,1.0450000000000002,0.05
4321,0.9400000000000001,0.05
4322,1.4600000000000002,0.05
4323,0.95625,0.05
4324,-2.7687500000000007,0.05
4325,1.1125,0.05
4326,1.1912500000000001,0.05
4327,1.1525,0.05
4328,1.0250000000000001,0.05
4329,1.1575,0.05
4330,1.36375,0.05
4331,1.1500000000000001,0.05
4332,1.35,0.05
4333,1.0025,0.05
4334,1.15625,0.05
4335,1.30875,0.05
4336,1.31375,0.05
4337,1.29875,0.05
4338,1.2225000000000001,0.05
4339,1.3,0.05
4340,1.39625,0.05
4341,1.0450000000000002,0.05
4342,0.9837500000000001,0.05
4343,1.23625,0.05
4344,1.1675,0.05
4345,1.18625,0.05
4346,0.7699999999999999,0.05
4347,0.7074999999999999,0.05
4348,1.0250000000000001,0.05
4349,1.29875,0.05
4350,0.9650000000000001,0.05
4351,1.145,0.05
4352,1.2537500000000001,0.05
4353,1.22125,0.05
4354,0.5099999999999997,0.05
4355,1.00625,0.05
4356,1.0637500000000002,0.05
4357,0.4774999999999997,0.05
4358,0.8962500000000001,0.05
4359,0.855,0.05
4360,0.935,0.05
4361,1.3462500000000002,0.05
4362,0.7074999999999999,0.05
4363,1.07875,0.05
4364,1.3787500000000001,0.05
4365,1.0075,0.05
4366,1.185,0.05
4367,1.2775,0.05
4368,1.42625,0.05
4369,0.4887499999999997,0.05
4370,1.20375,0.05
4371,1.1675,0.05
4372,1.3362500000000002,0.05
4373,0.9900000000000001,0.05
4374,1.0625,0.05
4375,1.0825,0.05
4376,0.9712500000000001,0.05
4377,0.9325000000000001,0.05
4378,1.0450000000000002,0.05
4379,1.295,0.05
4380,1.2525,0.05
4381,0.7275,0.05
4382,1.235,0.05
4383,1.08,0.05
4384,1.20875,0.05
4385,0.9675,0.05
4386,1.02125,0.05
4387,1.31,0.05
4388,1.1975,0.05
4389,1.235,0.05
4390,1.09,0.05
4391,1.2200000000000002,0.05
4392,1.0550000000000002,0.05
4393,0.09000000000000008,0.05
4394,1.31,0.05
4395,1.49875,0.05
4396,0.9650000000000001,0.05
4397,1.2200000000000002,0.05
4398,1.3487500000000001,0.05
4399,0.41124999999999967,0.05
4400,1.15,0.05
4401,1.0562500000000001,0.05
4402,1.32125,0.05
4403,1.11625,0.05
4404,1.315,0.05
4405,0.7074999999999999,0.05
4406,1.2775,0.05
4407,1.1,0.05
4408,-0.054999999999999716,0.05
4409,1.07625,0.05
4410,0.845,0.05
4411,1.135,0.05
4412,-0.36749999999999927,0.05
4413,1.1500000000000001,0.05
4414,1.24,0.05
4415,1.08125,0.05
4416,0.7462499999999999,0.05
4417,1.08125,0.05
4418,0.9087500000000001,0.05
4419,1.27,0.05
4420,-0.08999999999999986,0.05
4421,1.3687500000000001,0.05
4422,0.91,0.05
4423,0.44374999999999964,0.05
4424,1.20375,0.05
4425,1.10125,0.05
4426,0.5062499999999998,0.05
4427,0.85875,0.05
4428,0.98,0.05
4429,1.245,0.05
4430,1.1125,0.05
4431,1.2275,0.05
4432,0.7487499999999999,0.05
4433,1.355,0.05
4434,1.02625,0.05
4435,0.4137499999999996,0.05
4436,1.24,0.05
4437,1.2725,0.05
4438,1.1125,0.05
4439,0.7775,0.05
4440,1.135,0.05
4441,1.04,0.05
4442,1.1575000000000002,0.05
4443,0.7699999999999999,0.05
4444,1.31,0.05
4445,0.38500000000000023,0.05
4446,1.5687499999999999,0.05
4447,1.11125,0.05
4448,0.9287500000000001,0.05
4449,0.2649999999999999,0.05
4450,1.1600000000000001,0.05
4451,0.91625,0.05
4452,1.3325,0.05
4453,0.08499999999999996,0.05
4454,1.06,0.05
4455,1.145,0.05
4456,1.085,0.05
4457,0.4199999999999997,0.05
4458,1.0975000000000001,0.05
4459,1.0350000000000001,0.05
4460,1.45375,0.05
4461,1.2625000000000002,0.05
4462,1.3,0.05
4463,1.01625,0.05
4464,0.3724999999999996,0.05
4465,1.0237500000000002,0.05
4466,1.24,0.05
4467,0.9475,0.05
4468,1.29125,0.05
4469,1.1725,0.05
4470,1.3275000000000001,0.05
4471,1.0075,0.05
4472,0.96625,0.05
4473,1.30375,0.05
4474,1.235,0.05
4475,0.90125,0.05
4476,1.15875,0.05
4477,0.88875,0.05
4478,1.09,0.05
4479,1.0975000000000001,0.05
4480,0.85625,0.05
4481,0.875,0.05
4482,1.4125,0.05
4483,1.0750000000000002,0.05
4484,1.1525,0.05
4485,1.2237500000000001,0.05
4486,1.15375,0.05
4487,0.9587500000000001,0.05
4488,1.1125,0.05
4489,1.26625,0.05
4490,0.93,0.05
4491,1.07875,0.05
4492,0.3062499999999997,0.05
4493,1.1,0.05
4494,1.07875,0.05
4495,0.8975000000000001,0.05
4496,1.1400000000000001,0.05
4497,1.225,0.05
4498,1.04125,0.05
4499,1.24,0.05
4500,1.1300000000000001,0.05
4501,1.3487500000000001,0.05
4502,1.2825000000000002,0.05
4503,1.0950000000000002,0.05
4504,1.19,0.05
4505,0.6812499999999999,0.05
4506,1.165,0.05
4507,-0.18874999999999997,0.05
4508,0.8975000000000001,0.05
4509,1.355,0.05
4510,1.0625,0.05
4511,1.02,0.05
4512,1.105,0.05
4513,1.24125,0.05
4514,1.2550000000000001,0.05
4515,1.07875,0.05
4516,1.3062500000000001,0.05
4517,1.1475,0.05
4518,1.2650000000000001,0.05
4519,1.20375,0.05
4520,1.38625,0.05
4521,0.9587500000000001,0.05
4522,0.85875,0.05
4523,0.865,0.05
4524,1.2337500000000001,0.05
4525,1.2937500000000002,0.05
4526,1.17,0.05
4527,1.095,0.05
4528,1.3275000000000001,0.05
4529,1.20875,0.05
4530,1.33125,0.05
4531,1.0950000000000002,0.05
4532,1.1425,0.05
4533,1.13125,0.05
4534,1.215,0.05
4535,0.2699999999999998,0.05
4536,1.1175000000000002,0.05
4537,1.22625,0.05
4538,0.80625,0.05
4539,1.2825000000000002,0.05
4540,1.18625,0.05
4541,0.78625,0.05
4542,1.1425,0.05
4543,1.0762500000000002,0.05
4544,-0.31749999999999945,0.05
4545,1.0450000000000002,0.05
4546,1.2225000000000001,0.05
4547,1.3487500000000001,0.05
4548,1.5175,0.05
4549,1.2475,0.05
4550,0.6599999999999999,0.05
4551,0.855,0.05
4552,0.825,0.05
4553,0.9550000000000001,0.05
4554,1.35,0.05
4555,1.27,0.05
4556,0.8225,0.05
4557,1.395,0.05
4558,1.0050000000000001,0.05
4559,1.28,0.05
4560,1.1125,0.05
4561,1.2850000000000001,0.05
4562,1.2175,0.05
4563,0.99,0.05
4564,0.91125,0.05
4565,1.32625,0.05
4566,0.8475,0.05
4567,1.0525,0.05
4568,1.20875,0.05
4569,0.7125,0.05
4570,0.8900000000000001,0.05
4571,1.11625,0.05
4572,1.13125,0.05
4573,1.35,0.05
4574,1.21,0.05
4575,1.3137500000000002,0.05
4576,0.8262500000000002,0.05
4577,1.12375,0.05
4578,1.2650000000000001,0.05
4579,1.23625,0.05
4580,0.7649999999999999,0.05
4581,0.7700000000000001,0.05
4582,1.4525000000000001,0.05
4583,0.7575,0.05
4584,1.5274999999999999,0.05
4585,0.885,0.05
4586,1.0575,0.05
4587,1.11625,0.05
4588,1.28875,0.05
4589,1.115,0.05
4590,1.08,0.05
4591,1.06125,0.05
4592,1.21,0.05
4593,1.1175000000000002,0.05
4594,0.84125,0.05
4595,1.16625,0.05
4596,1.3175000000000001,0.05
4597,1.22125,0.05
4598,1.115,0.05
4599,0.76,0.05
4600,0.7875,0.05
4601,1.13625,0.05
4602,1.35375,0.05
4603,1.2175,0.05
4604,1.07375,0.05
4605,1.045,0.05
4606,1.1487500000000002,0.05
4607,1.3,0.05
4608,1.0550000000000002,0.05
4609,0.8562500000000001,0.05
4610,1.1175000000000002,0.05
4611,1.0750000000000002,0.05
4612,1.08125,0.05
4613,0.9712500000000002,0.05
4614,1.1525,0.05
4615,1.1712500000000001,0.05
4616,1.0237500000000002,0.05
4617,1.155,0.05
4618,1.37625,0.05
4619,1.06125,0.05
4620,1.4125,0.05
4621,1.45875,0.05
4622,1.0425,0.05
4623,1.06375,0.05
4624,1.105,0.05
4625,1.08125,0.05
4626,0.655,0.05
4627,0.92,0.05
4628,1.145,0.05
4629,1.0075,0.05
4630,0.96625,0.05
4631,1.1925000000000001,0.05
4632,0.8725,0.05
4633,0.5624999999999999,0.05
4634,1.07375,0.05
4635,-2.8375000000000004,0.05
4636,1.0750000000000002,0.05
4637,1.0875,0.05
4638,0.73125,0.05
4639,1.4725000000000001,0.05
4640,0.7675,0.05
4641,-0.71625,0.05
4642,0.80375,0.05
4643,1.03875,0.05
4644,1.1287500000000001,0.05
4645,0.6525,0.05
4646,1.0425,0.05
4647,0.9925000000000002,0.05
4648,1.23625,0.05
4649,0.98875,0.05
4650,1.095,0.05
4651,1.1925000000000001,0.05
4652,1.0950000000000002,0.05
4653,0.9775,0.05
4654,1.235,0.05
4655,1.22125,0.05
4656,1.185,0.05
4657,1.3687500000000001,0.05
4658,1.48625,0.05
4659,1.0750000000000002,0.05
4660,0.795,0.05
4661,0.9287500000000001,0.05
4662,1.4187500000000002,0.05
4663,1.1725,0.05
4664,1.185,0.05
4665,0.89875,0.05
4666,0.9787500000000001,0.05
4667,1.3125,0.05
4668,1.1475,0.05
4669,0.6212500000000001,0.05
4670,1.5125000000000002,0.05
4671,0.6037499999999998,0.05
4672,1.4600000000000002,0.05
4673,0.9425,0.05
4674,1.2225000000000001,0.05
4675,1.0425,0.05
4676,1.385,0.05
4677,1.335,0.05
4678,1.4775,0.05
4679,0.9875,0.05
4680,1.0987500000000001,0.05
4681,1.2725000000000002,0.05
4682,1.2275,0.05
4683,1.0462500000000001,0.05
4684,1.3462500000000002,0.05
4685,1.29875,0.05
4686,1.28125,0.05
4687,1.2000000000000002,0.05
4688,1.2550000000000001,0.05
4689,1.39125,0.05
4690,1.3625,0.05
4691,0.7825,0.05
4692,1.08125,0.05
4693,1.07875,0.05
4694,1.1500000000000001,0.05
4695,0.9850000000000001,0.05
4696,1.1062500000000002,0.05
4697,1.1912500000000001,0.05
4698,1.3175000000000001,0.05
4699,1.205,0.05
4700,1.2975,0.05
4701,1.2937500000000002,0.05
4702,1.1912500000000001,0.05
4703,1.4187500000000002,0.05
4704,0.8912500000000001,0.05
4705,1.03875,0.05
4706,1.1300000000000001,0.05
4707,1.28125,0.05
4708,1.29125,0.05
4709,0.9500000000000001,0.05
4710,1.25125,0.05
4711,1.2625000000000002,0.05
4712,1.3362500000000002,0.05
4713,-0.5087499999999996,0.05
4714,1.0012500000000002,0.05
4715,1.3525,0.05
4716,1.1125,0.05
4717,1.0575,0.05
4718,1.32,0.05
4719,0.8925000000000001,0.05
4720,0.8062499999999999,0.05
4721,-0.15749999999999975,0.05
4722,0.8562500000000001,0.05
4723,1.115,0.05
4724,1.125,0.05
4725,1.26,0.05
4726,0.33999999999999964,0.05
4727,1.3125,0.05
4728,0.82375,0.05
4729,1.04,0.05
4730,1.1825,0.05
4731,1.32,0.05
4732,1.335,0.05
4733,1.0275,0.05
4734,0.9850000000000001,0.05
4735,0.9650000000000001,0.05
4736,1.1887500000000002,0.05
4737,1.03,0.05
4738,1.27625,0.05
4739,1.22125,0.05
4740,0.7387499999999999,0.05
4741,0.86125,0.05
4742,1.01625,0.05
4743,0.9637500000000001,0.05
4744,1.25875,0.05
4745,1.485,0.05
4746,0.86,0.05
4747,1.25875,0.05
4748,0.3899999999999999,0.05
4749,1.34125,0.05
4750,1.14375,0.05
4751,1.22625,0.05
4752,1.2375,0.05
4753,1.135,0.05
4754,1.2637500000000002,0.05
4755,1.2275,0.05
4756,1.295,0.05
4757,1.31375,0.05
4758,1.15,0.05
4759,1.045,0.05
4760,1.28125,0.05
4761,1.18125,0.05
4762,0.6649999999999998,0.05
4763,0.98,0.05
4764,1.1675,0.05
4765,1.4900000000000002,0.05
4766,1.4275000000000002,0.05
4767,1.33,0.05
4768,0.9712500000000001,0.05
4769,1.11,0.05
4770,1.15,0.05
4771,1.1,0.05
4772,1.0675000000000001,0.05
4773,1.1075,0.05
4774,1.07625,0.05
4775,0.9687500000000001,0.05
4776,1.4825000000000002,0.05
4777,0.43874999999999975,0.05
4778,0.9537500000000001,0.05
4779,1.1475,0.05
4780,1.2087500000000002,0.05
4781,1.105,0.05
4782,1.27625,0.05
4783,1.3,0.05
4784,1.2750000000000001,0.05
4785,1.28875,0.05
4786,0.7024999999999999,0.05
4787,-0.09499999999999975,0.05
4788,1.2650000000000001,0.05
4789,1.13625,0.05
4790,1.26375,0.05
4791,1.5037500000000001,0.05
4792,1.02625,0.05
4793,0.99,0.05
4794,1.1300000000000001,0.05
4795,1.1387500000000002,0.05
4796,1.24875,0.05
4797,1.4400000000000002,0.05
4798,1.3687500000000001,0.05
4799,1.3625,0.05
4800,1.0425,0.05
4801,1.1625,0.05
4802,1.215,0.05
4803,1.15375,0.05
4804,1.21,0.05
4805,1.0625,0.05
4806,1.11375,0.05
4807,1.19,0.05
4808,1.5274999999999999,0.05
4809,1.1487500000000002,0.05
4810,1.09375,0.05
4811,1.0012500000000002,0.05
4812,0.88,0.05
4813,1.4200000000000002,0.05
4814,0.7024999999999999,0.05
4815,1.2025000000000001,0.05
4816,1.1525,0.05
4817,1.2225000000000001,0.05
4818,0.8625,0.05
4819,0.5724999999999998,0.05
4820,1.1025,0.05
4821,1.0425,0.05
4822,0.8375,0.05
4823,1.08,0.05
4824,1.08125,0.05
4825,1.295,0.05
4826,1.2962500000000001,0.05
4827,0.925,0.05
4828,1.25875,0.05
4829,1.08875,0.05
4830,0.935,0.05
4831,1.18125,0.05
4832,1.12375,0.05
4833,1.2475,0.05
4834,1.22875,0.05
4835,1.0075,0.05
4836,1.0987500000000001,0.05
4837,1.0950000000000002,0.05
4838,1.0875000000000001,0.05
4839,0.85375,0.05
4840,-0.04999999999999982,0.05
4841,1.1675,0.05
4842,0.94625,0.05
4843,1.1625,0.05
4844,1.06125,0.05
4845,1.20375,0.05
4846,1.0437500000000002,0.05
4847,0.9450000000000001,0.05
4848,1.28125,0.05
4849,1.2962500000000001,0.05
4850,0.7999999999999999,0.05
4851,0.80125,0.05
4852,1.185,0.05
4853,1.1712500000000001,0.05
4854,1.23875,0.05
4855,1.4937500000000001,0.05
4856,1.315,0.05
4857,1.11,0.05
4858,1.225,0.05
4859,1.045,0.05
4860,1.30875,0.05
4861,1.2725,0.05
4862,1.155,0.05
4863,1.28125,0.05
4864,1.1525,0.05
4865,1.20375,0.05
4866,1.3362500000000002,0.05
4867,1.20375,0.05
4868,1.1712500000000001,0.05
4869,1.18375,0.05
4870,1.1912500000000001,0.05
4871,1.2550000000000001,0.05
4872,1.2000000000000002,0.05
4873,1.0075,0.05
4874,1.195,0.05
4875,1.1775,0.05
4876,1.1912500000000001,0.05
4877,1.1975,0.05
4878,1.185,0.05
4879,1.29125,0.05
4880,0.36624999999999974,0.05
4881,1.3162500000000001,0.05
4882,1.12375,0.05
4883,0.9275000000000001,0.05
4884,1.185,0.05
4885,1.3775,0.05
4886,0.8912500000000001,0.05
4887,1.07125,0.05
4888,1.1062500000000002,0.05
4889,1.34375,0.05
4890,1.0350000000000001,0.05
4891,1.28,0.05
4892,1.3825,0.05
4893,1.28125,0.05
4894,1.22875,0.05
4895,1.11125,0.05
4896,1.02625,0.05
4897,0.89875,0.05
4898,1.3687500000000001,0.05
4899,1.235,0.05
4900,0.96125,0.05
4901,1.18625,0.05
4902,1.21625,0.05
4903,1.21,0.05
4904,0.3612499999999996,0.05
4905,1.25,0.05
4906,1.2775,0.05
4907,0.96625,0.05
4908,0.82375,0.05
4909,0.7387499999999999,0.05
4910,1.15,0.05
4911,0.91,0.05
4912,1.40375,0.05
4913,1.09625,0.05
4914,1.28125,0.05
4915,1.2775,0.05
4916,1.11625,0.05
4917,0.9937500000000001,0.05
4918,0.8425,0.05
4919,0.7762499999999999,0.05
4920,1.18625,0.05
4921,1.30875,0.05
4922,1.375,0.05
4923,1.1600000000000001,0.05
4924,1.225,0.05
4925,1.28125,0.05
4926,0.825,0.05
4927,1.2575,0.05
4928,1.1712500000000001,0.05
4929,1.44875,0.05
4930,1.20375,0.05
4931,1.2625000000000002,0.05
4932,1.185,0.05
4933,1.2962500000000001,0.05
4934,1.0550000000000002,0.05
4935,0.9125,0.05
4936,1.295,0.05
4937,1.28375,0.05
4938,1.2937500000000002,0.05
4939,1.15625,0.05
4940,0.9850000000000001,0.05
4941,0.8900000000000001,0.05
4942,0.8325000000000001,0.05
4943,0.9500000000000001,0.05
4944,1.2725,0.05
4945,0.8912500000000001,0.05
4946,1.385,0.05
4947,0.99,0.05
4948,0.9400000000000001,0.05
4949,1.0775000000000001,0.05
4950,1.2537500000000001,0.05
4951,1.2075,0.05
4952,1.26125,0.05
4953,-2.7687500000000003,0.05
4954,1.3775,0.05
4955,0.9587500000000001,0.05
4956,1.33,0.05
4957,1.1300000000000001,0.05
4958,0.40749999999999975,0.05
4959,1.0437500000000002,0.05
4960,1.33875,0.05
4961,1.5125000000000002,0.05
4962,1.4000000000000001,0.05
4963,1.1125,0.05
4964,1.09,0.05
4965,1.435,0.05
4966,1.495,0.05
4967,1.2312500000000002,0.05
4968,1.0975000000000001,0.05
4969,1.12375,0.05
4970,1.2,0.05
4971,1.1525,0.05
4972,1.0550000000000002,0.05
4973,1.1375000000000002,0.05
4974,1.11125,0.05
4975,1.18125,0.05
4976,0.9712500000000001,0.05
4977,0.9800000000000001,0.05
4978,1.1125,0.05
4979,1.0050000000000001,0.05
4980,0.6149999999999999,0.05
4981,1.3137500000000002,0.05
4982,1.11625,0.05
4983,1.27125,0.05
4984,1.14375,0.05
4985,1.22625,0.05
4986,0.5624999999999998,0.05
4987,1.05125,0.05
4988,0.875,0.05
4989,1.1487500000000002,0.05
4990,1.31875,0.05
4991,1.2950000000000002,0.05
4992,1.2000000000000002,0.05
4993,1.3325,0.05
4994,0.98875,0.05
4995,0.94625,0.05
4996,0.925,0.05
4997,1.4937500000000001,0.05
4998,0.9475,0.05
4999,1.22625,0.05
5000,1.07625,0.05
