episode,reward,epsilon
1,-2.975,0.5
2,-2.877500000000001,0.4975
3,-3.022500000000001,0.4950125
4,-3.0700000000000016,0.4925374375
5,-2.8325000000000005,0.49007475031250003
6,-2.7937500000000006,0.48762437656093754
7,-3.2225,0.48518625467813287
8,-0.029999999999999805,0.4827603234047422
9,-3.0162500000000008,0.4803465217877185
10,-3.06625,0.47794478917877986
11,-2.916250000000001,0.47555506523288593
12,-3.0500000000000007,0.4731772899067215
13,-3.44875,0.47081140345718786
14,-3.3137499999999998,0.46845734643990194
15,-3.022500000000001,0.46611505970770245
16,-3.0162500000000003,0.4637844844091639
17,-3.3025000000000015,0.4614655619871181
18,-3.0125000000000015,0.4591582341771825
19,0.40874999999999995,0.4568624430062966
20,-2.9800000000000013,0.4545781307912651
21,-3.1150000000000015,0.4523052401373088
22,-2.9337500000000007,0.45004371393662224
23,-3.4537500000000003,0.44779349536693913
24,-3.4712500000000017,0.4455545278901044
25,-2.9950000000000006,0.4433267552506539
26,-3.0675000000000017,0.44111012147440065
27,-2.92625,0.43890457086702866
28,-2.9525000000000006,0.43671004801269353
29,-2.971250000000001,0.4345264977726301
30,-2.9075,0.4323538652837669
31,-2.938750000000001,0.4301920959573481
32,-3.3587499999999992,0.42804113547756134
33,-3.0762499999999995,0.4259009298001735
34,-3.0187500000000016,0.42377142515117266
35,-2.9525000000000006,0.4216525680254168
36,0.90375,0.4195443051852897
37,-2.982500000000001,0.4174465836593632
38,-2.8475000000000006,0.4153593507410664
39,-3.003750000000001,0.4132825539873611
40,-2.972500000000001,0.4112161412174243
41,-3.03125,0.40916006051133713
42,-2.931250000000001,0.40711426020878044
43,-3.3475000000000015,0.4050786889077365
44,-3.010000000000001,0.40305329546319785
45,-3.0012500000000006,0.40103802898588187
46,-2.993750000000001,0.3990328388409525
47,-2.89,0.3970376746467477
48,-2.9375000000000004,0.39505248627351397
49,-2.817500000000001,0.3930772238421464
50,-2.8100000000000005,0.3911118377229357
51,-2.89,0.389156278534321
52,-3.137500000000001,0.3872104971416494
53,-2.9525,0.38527444465594113
54,-1.11,0.38334807243266145
55,-3.4300000000000015,0.3814313320704981
56,-2.9187500000000006,0.3795241754101456
57,-3.095000000000002,0.37762655453309485
58,0.41249999999999987,0.3757384217604294
59,-2.8587500000000006,0.3738597296516272
60,-2.7299999999999995,0.3719904310033691
61,-3.3137499999999998,0.37013047884835226
62,-3.122500000000001,0.3682798264541105
63,-2.9700000000000006,0.36643842732183995
64,-2.9450000000000003,0.3646062351852308
65,-3.002500000000001,0.36278320400930464
66,-2.7300000000000004,0.3609692879892581
67,-2.81875,0.3591644415493118
68,-2.9875000000000007,0.3573686193415653
69,-3.070000000000001,0.35558177624485743
70,-2.7900000000000005,0.3538038673636331
71,-3.1637500000000007,0.35203484802681495
72,-2.995000000000001,0.35027467378668087
73,0.9012500000000001,0.3485233004177475
74,-3.0387500000000003,0.34678068391565875
75,-3.0925,0.34504678049608045
76,-2.8625000000000007,0.34332154659360004
77,-2.836250000000001,0.34160493886063203
78,-2.8975,0.3398969141663289
79,0.42249999999999965,0.33819742959549726
80,-2.9212500000000006,0.33650644244751976
81,-3.1400000000000015,0.3348239102352822
82,-2.7537499999999997,0.3331497906841058
83,-2.98125,0.33148404173068524
84,-2.8400000000000007,0.3298266215220318
85,-2.9412500000000006,0.3281774884144216
86,-2.960000000000001,0.3265366009723495
87,-3.0012500000000006,0.32490391796748774
88,-3.0924999999999994,0.3232793983776503
89,-2.7287500000000002,0.32166300138576204
90,-2.9275000000000007,0.3200546863788332
91,-2.8300000000000005,0.31845441294693905
92,-2.84375,0.3168621408822043
93,-2.9225,0.3152778301777933
94,-2.8162500000000006,0.31370144102690434
95,-2.9912500000000013,0.3121329338217698
96,-3.141250000000001,0.31057226915266095
97,-2.823750000000001,0.30901940780689763
98,-2.790000000000001,0.30747431076786313
99,-2.817500000000001,0.3059369392140238
100,-2.9900000000000007,0.3044072545179537
101,-2.86625,0.3028852182453639
102,-2.8475,0.3013707921541371
103,-2.8325,0.29986393819336643
104,-2.8787500000000006,0.2983646185023996
105,-3.5225000000000013,0.2968727954098876
106,-2.8412500000000005,0.29538843143283816
107,-2.9450000000000007,0.29391148927567395
108,-3.0362500000000017,0.29244193182929556
109,-2.852500000000001,0.2909797221701491
110,-2.9300000000000006,0.28952482355929837
111,-3.111250000000002,0.2880771994415019
112,-2.8874999999999993,0.28663681344429437
113,-2.970000000000001,0.2852036293770729
114,-2.8225000000000007,0.2837776112301875
115,-2.7987500000000005,0.2823587231740366
116,-2.8787500000000006,0.2809469295581664
117,-2.7562500000000005,0.2795421949103756
118,-2.8750000000000004,0.2781444839358237
119,-2.70625,0.27675376151614456
120,-2.91625,0.2753699927085638
121,-2.8437500000000004,0.273993142745021
122,-2.968750000000001,0.2726231770312959
123,-2.952500000000001,0.27126006114613943
124,-2.85875,0.26990376084040874
125,-2.9124999999999988,0.2685542420362067
126,-3.000000000000001,0.26721147082602564
127,-2.8800000000000017,0.2658754134718955
128,-2.953750000000001,0.26454603640453606
129,-2.8912500000000008,0.2632233062225134
130,-2.8037500000000004,0.2619071896914008
131,-2.806250000000001,0.2605976537429438
132,-2.8887500000000004,0.2592946654742291
133,-2.9225000000000008,0.25799819214685793
134,-3.000000000000001,0.25670820118612364
135,-2.9050000000000002,0.255424660180193
136,0.92,0.25414753687929204
137,-3.025000000000001,0.2528767991948956
138,-3.0012500000000006,0.2516124151989211
139,1.2437500000000001,0.2503543531229265
140,-2.878750000000001,0.24910258135731184
141,-2.957500000000001,0.24785706845052527
142,-2.8575000000000004,0.24661778310827265
143,-3.012500000000001,0.2453846941927313
144,-2.7237500000000003,0.24415777072176764
145,-3.0462499999999997,0.2429369818681588
146,-2.7800000000000007,0.241722296958818
147,-2.837500000000001,0.2405136854740239
148,-3.002500000000001,0.23931111704665378
149,-2.903750000000001,0.23811456146142052
150,-2.7175000000000002,0.2369239886541134
151,-2.9537500000000008,0.23573936871084283
152,-2.8,0.23456067186728863
153,-2.9699999999999993,0.23338786850795218
154,-2.8400000000000007,0.23222092916541243
155,-2.9225000000000003,0.23105982451958537
156,-2.92125,0.22990452539698744
157,-2.9412500000000006,0.2287550027700025
158,-2.72,0.22761122775615247
159,-2.9937500000000012,0.2264731716173717
160,-2.855000000000001,0.22534080575928486
161,-2.903750000000001,0.22421410173048845
162,-2.867500000000001,0.223093031221836
163,-2.9125000000000005,0.2219775660657268
164,-2.7625,0.22086767823539816
165,-2.930000000000001,0.21976333984422117
166,-2.7775000000000003,0.21866452314500007
167,-2.8524999999999996,0.21757120052927506
168,-2.7675000000000005,0.21648334452662868
169,-3.0400000000000014,0.21540092780399553
170,-2.8500000000000005,0.21432392316497556
171,-2.8362500000000006,0.21325230354915067
172,-2.718750000000001,0.21218604203140493
173,-2.8362499999999997,0.2111251118212479
174,-2.7362500000000005,0.21006948626214167
175,-2.95375,0.20901913883083095
176,-3.0500000000000016,0.2079740431366768
177,-2.8900000000000006,0.20693417292099342
178,-2.7662500000000008,0.20589950205638846
179,-2.847500000000001,0.20487000454610652
180,-2.7737500000000006,0.20384565452337597
181,-2.8737500000000007,0.20282642625075908
182,-2.8300000000000005,0.2018122941195053
183,-2.961250000000001,0.20080323264890776
184,-2.850000000000001,0.1997992164856632
185,-2.9537500000000008,0.1988002204032349
186,-2.8362500000000006,0.19780621930121872
187,-2.83,0.19681718820471264
188,-2.77875,0.19583310226368908
189,-2.91125,0.19485393675237064
190,-3.0962499999999995,0.1938796670686088
191,-0.7387499999999994,0.19291026873326575
192,-2.7737500000000006,0.19194571738959942
193,-2.7925000000000013,0.1909859888026514
194,-2.7800000000000007,0.19003105885863816
195,-2.6687500000000006,0.18908090356434498
196,-0.35999999999999943,0.18813549904652327
197,-3.010000000000001,0.18719482155129066
198,-2.881250000000001,0.18625884744353421
199,-2.9425000000000012,0.18532755320631655
200,-2.6487499999999993,0.18440091544028497
201,-2.918750000000001,0.18347891086308354
202,-2.72375,0.18256151630876813
203,-2.966250000000001,0.1816487087272243
204,-2.843750000000001,0.1807404651835882
205,-2.8500000000000005,0.17983676285767025
206,1.555,0.1789375790433819
207,-2.922500000000001,0.178042891148165
208,-0.9900000000000004,0.17715267669242415
209,-2.897500000000001,0.17626691330896202
210,-2.911250000000001,0.1753855787424172
211,-3.0362500000000012,0.17450865084870512
212,-2.8700000000000006,0.1736361075944616
213,-2.897500000000001,0.1727679270564893
214,-2.7600000000000002,0.17190408742120686
215,-3.635,0.1710445669841008
216,-2.886250000000001,0.1701893441491803
217,-2.867500000000001,0.1693383974284344
218,-2.8562500000000006,0.16849170544129222
219,-2.9112500000000003,0.16764924691408575
220,-2.7800000000000007,0.16681100067951532
221,-2.912500000000001,0.16597694567611773
222,-2.8125000000000004,0.16514706094773715
223,-2.935000000000001,0.16432132564299848
224,1.51375,0.1634997190147835
225,-2.891250000000001,0.1626822204197096
226,-2.9900000000000015,0.16186880931761105
227,-2.8175000000000012,0.161059465271023
228,-2.7725000000000004,0.16025416794466787
229,-2.880000000000001,0.15945289710494454
230,-2.881250000000001,0.1586556326194198
231,-2.9275000000000007,0.1578623544563227
232,-2.8549999999999995,0.1570730426840411
233,-2.812500000000001,0.1562876774706209
234,-2.8912500000000003,0.15550623908326777
235,-2.8375000000000012,0.15472870788785142
236,-2.5875,0.15395506434841216
237,-2.79,0.1531852890266701
238,-0.5287499999999992,0.15241936258153677
239,1.115,0.1516572657686291
240,-2.8287500000000003,0.15089897943978595
241,-2.855000000000001,0.15014448454258703
242,-2.877500000000001,0.1493937621198741
243,-2.7800000000000007,0.14864679330927472
244,-3.028750000000001,0.14790355934272834
245,-3.010000000000001,0.1471640415460147
246,-2.953750000000001,0.14642822133828462
247,-2.8962499999999993,0.1456960802315932
248,-2.915000000000001,0.14496759983043522
249,-3.1412500000000003,0.14424276183128304
250,-2.880000000000001,0.14352154802212663
251,-2.5799999999999996,0.142803940282016
252,-2.8600000000000003,0.14208992058060593
253,-3.1999999999999993,0.1413794709777029
254,-2.8437500000000004,0.14067257362281438
255,-2.7,0.1399692107547003
256,-2.7300000000000004,0.13926936470092682
257,-2.9600000000000013,0.13857301787742218
258,-3.599999999999999,0.13788015278803506
259,1.175,0.1371907520240949
260,-2.9425000000000012,0.1365047982639744
261,-2.980000000000001,0.13582227427265453
262,-2.7800000000000002,0.13514316290129125
263,-2.905000000000001,0.1344674470867848
264,-2.950000000000001,0.13379510985135087
265,-2.7800000000000002,0.1331261343020941
266,-2.862500000000001,0.13246050363058365
267,-2.8812500000000014,0.13179820111243074
268,-2.8925000000000005,0.13113921010686858
269,-2.953750000000001,0.13048351405633424
270,-2.8187500000000005,0.12983109648605257
271,-3.070000000000001,0.1291819410036223
272,-2.7500000000000004,0.1285360312986042
273,-2.7937499999999997,0.12789335114211117
274,-2.990000000000001,0.12725388438640062
275,-2.75375,0.1266176149644686
276,-2.910000000000001,0.12598452688964626
277,-2.86625,0.12535460425519804
278,-2.912500000000001,0.12472783123392205
279,-2.681250000000001,0.12410419207775243
280,-2.817500000000001,0.12348367111736366
281,-3.11625,0.12286625276177685
282,-2.830000000000001,0.12225192149796796
283,-2.952500000000001,0.12164066189047812
284,-2.848750000000001,0.12103245858102572
285,-2.867500000000001,0.1204272962881206
286,-2.7000000000000006,0.11982515980668
287,-2.7812500000000004,0.1192260340076466
288,-2.7500000000000004,0.11862990383760837
289,-3.095000000000001,0.11803675431842033
290,-2.961250000000001,0.11744657054682822
291,-2.8937500000000003,0.11685933769409408
292,-2.7375,0.11627504100562361
293,-2.8062500000000004,0.1156936658005955
294,-2.978750000000001,0.11511519747159252
295,-2.9725000000000006,0.11453962148423455
296,-2.9900000000000007,0.11396692337681337
297,-2.7562500000000005,0.11339708875992931
298,1.26,0.11283010331612967
299,-2.8550000000000004,0.11226595279954901
300,-2.836250000000001,0.11170462303555127
301,-3.0062499999999996,0.11114609992037351
302,-2.8562500000000006,0.11059036942077165
303,-2.932500000000001,0.11003741757366779
304,-2.7375000000000003,0.10948723048579945
305,-2.892500000000001,0.10893979433337045
306,-2.930000000000001,0.1083950953617036
307,-2.9050000000000007,0.10785311988489507
308,-2.7437500000000004,0.10731385428547059
309,-2.918750000000001,0.10677728501404324
310,-2.855000000000001,0.10624339858897303
311,-2.8425000000000007,0.10571218159602816
312,-2.8550000000000004,0.10518362068804801
313,-2.7362500000000005,0.10465770258460777
314,-2.8625000000000007,0.10413441407168474
315,-2.8862500000000004,0.10361374200132631
316,-2.911250000000001,0.10309567329131968
317,-2.8050000000000006,0.10258019492486307
318,-2.843750000000001,0.10206729395023875
319,-2.950000000000001,0.10155695748048756
320,-2.960000000000001,0.10104917269308512
321,-2.93,0.1005439268296197
322,-2.818750000000001,0.1000412071954716
323,-2.6187500000000004,0.09954100115949424
324,-3.5500000000000025,0.09904329615369677
325,-2.818750000000001,0.09854807967292828
326,-2.8000000000000003,0.09805533927456364
327,-2.861250000000001,0.09756506257819082
328,-2.8537500000000007,0.09707723726529986
329,0.04500000000000037,0.09659185107897336
330,-3.1000000000000023,0.0961088918235785
331,-2.7000000000000006,0.0956283473644606
332,-2.912500000000001,0.0951502056276383
333,-3.3087499999999994,0.09467445459950011
334,-2.9237500000000014,0.09420108232650261
335,-2.8674999999999993,0.09373007691487009
336,-2.8062500000000004,0.09326142653029575
337,-2.8112500000000002,0.09279511939764427
338,-2.7500000000000004,0.09233114380065605
339,-2.8612500000000005,0.09186948808165277
340,-2.950000000000001,0.0914101406412445
341,-3.4,0.09095308993803829
342,-2.886250000000001,0.09049832448834809
343,-3.319999999999999,0.09004583286590635
344,-2.8362500000000006,0.08959560370157682
345,-2.8937500000000007,0.08914762568306893
346,-2.7625000000000006,0.08870188755465358
347,-2.900000000000001,0.08825837811688031
348,-2.8125000000000004,0.0878170862262959
349,-2.7687500000000007,0.08737800079516442
350,-2.786250000000001,0.08694111079118859
351,-2.905000000000001,0.08650640523723264
352,-3.0300000000000007,0.08607387321104648
353,-2.9537500000000008,0.08564350384499125
354,-2.837500000000001,0.08521528632576629
355,-3.18125,0.08478920989413746
356,-2.8737500000000007,0.08436526384466678
357,-2.892500000000001,0.08394343752544345
358,-3.410000000000001,0.08352372033781623
359,-0.7474999999999998,0.08310610173612715
360,1.3800000000000001,0.08269057122744651
361,-2.941250000000001,0.08227711837130927
362,-2.8375,0.08186573277945272
363,0.2962499999999999,0.08145640411555546
364,-2.7000000000000006,0.08104912209497768
365,1.51375,0.08064387648450279
366,-2.905000000000001,0.08024065710208027
367,-2.880000000000001,0.07983945381656987
368,-2.817500000000001,0.07944025654748703
369,-2.8737500000000007,0.0790430552647496
370,-2.9912500000000017,0.07864783998842585
371,-2.7737500000000006,0.07825460078848372
372,-3.550000000000001,0.0778633277845413
373,-2.7925000000000004,0.0774740111456186
374,-4.072499999999999,0.07708664108989051
375,-2.8925000000000005,0.07670120788444106
376,-2.818750000000001,0.07631770184501885
377,-2.9312500000000012,0.07593611333579375
378,-2.9425000000000012,0.07555643276911478
379,-2.7187500000000004,0.07517865060526921
380,-3.002500000000001,0.07480275735224286
381,-2.8537500000000007,0.07442874356548164
382,-3.0025000000000013,0.07405659984765423
383,-2.812500000000001,0.07368631684841595
384,-2.7975000000000003,0.07331788526417388
385,-3.87,0.07295129583785301
386,0.765,0.07258653935866374
387,-2.837500000000001,0.07222360666187043
388,-0.19749999999999956,0.07186248862856108
389,-2.875000000000001,0.07150317618541828
390,-2.8225000000000002,0.07114566030449118
391,-2.885000000000001,0.07078993200296872
392,-2.850000000000001,0.07043598234295388
393,1.3725,0.07008380243123911
394,1.12125,0.06973338341908292
395,-2.843750000000001,0.0693847165019875
396,-2.7437500000000004,0.06903779291947756
397,-2.5799999999999987,0.06869260395488018
398,-0.16374999999999962,0.06834914093510577
399,-2.806250000000001,0.06800739523043024
400,-2.862500000000001,0.0676673582542781
401,-2.9150000000000014,0.0673290214630067
402,-2.7800000000000007,0.06699237635569168
403,0.5062499999999998,0.06665741447391321
404,-2.912500000000001,0.06632412740154364
405,-2.8937500000000007,0.06599250676453593
406,-2.7312500000000006,0.06566254423071324
407,-0.7512499999999995,0.06533423150955968
408,-2.923750000000001,0.06500756035201188
409,-2.8937500000000007,0.06468252255025182
410,-2.8762499999999993,0.06435910993750056
411,1.3687500000000001,0.06403731438781306
412,-3.2012499999999995,0.06371712781587399
413,-2.7437500000000004,0.06339854217679462
414,-2.875000000000001,0.06308154946591064
415,-2.8275000000000006,0.0627661417185811
416,-2.6875000000000004,0.06245231100998819
417,-2.7375000000000007,0.06214004945493825
418,-2.843750000000001,0.06182934920766356
419,-2.9025000000000007,0.06152020246162524
420,-0.30999999999999983,0.06121260144931712
421,-2.9050000000000007,0.06090653844207053
422,-2.775000000000001,0.060602005749860174
423,-2.8287500000000003,0.06029899572111087
424,-2.942500000000001,0.059997500742505316
425,-2.88125,0.05969751323879279
426,-2.900000000000001,0.059399025672598825
427,-2.9949999999999997,0.05910203054423583
428,-2.945000000000001,0.05880652039151465
429,-2.912500000000001,0.058512487789557074
430,-2.775000000000001,0.05821992535060929
431,-0.5587499999999996,0.05792882572385624
432,-2.793750000000001,0.05763918159523696
433,0.36624999999999974,0.057350985687260776
434,-2.7850000000000006,0.05706423075882447
435,-2.8550000000000004,0.05677890960503035
436,-2.911250000000001,0.056495015057005195
437,-2.847500000000001,0.05621253998172017
438,-3.110000000000001,0.05593147728181157
439,-2.9175000000000004,0.05565181989540251
440,-2.888749999999999,0.055373560795925494
441,-2.8600000000000008,0.05509669299194587
442,-2.893750000000001,0.05482120952698614
443,-2.900000000000001,0.054547103479351204
444,-2.850000000000001,0.05427436796195445
445,-2.912500000000001,0.05400299612214468
446,-0.5374999999999992,0.05373298114153396
447,-3.911249999999999,0.05346431623582629
448,-2.875000000000001,0.05319699465464715
449,-2.843750000000001,0.05293100968137392
450,-2.963750000000001,0.052666354632967045
451,-2.986250000000001,0.05240302285980221
452,-2.7500000000000004,0.0521410077455032
453,-2.7875000000000005,0.05188030270677568
454,-3.072500000000001,0.0516209011932418
455,-2.51875,0.05136279668727559
456,1.50875,0.05110598270383922
457,-2.8937499999999985,0.05085045279032002
458,-2.933750000000001,0.05059620052636842
459,-2.9312500000000012,0.050343219523736576
460,-2.8000000000000007,0.050091503426117893
461,-2.892500000000001,0.05
462,-2.817500000000001,0.05
463,-2.8687500000000004,0.05
464,-2.8625,0.05
465,1.2075,0.05
466,-3.151249999999999,0.05
467,-2.781250000000001,0.05
468,-2.8862500000000004,0.05
469,-2.9800000000000013,0.05
470,-2.7624999999999997,0.05
471,-2.750000000000001,0.05
472,-2.9000000000000017,0.05
473,0.9500000000000001,0.05
474,-2.9312500000000012,0.05
475,-2.8312500000000007,0.05
476,-3.8537499999999993,0.05
477,-2.873750000000001,0.05
478,0.19874999999999998,0.05
479,-2.892500000000001,0.05
480,-2.912500000000001,0.05
481,-2.930000000000001,0.05
482,-3.2075000000000005,0.05
483,-2.8312500000000007,0.05
484,-0.27499999999999925,0.05
485,-2.9412500000000006,0.05
486,-2.7800000000000007,0.05
487,-2.842500000000001,0.05
488,-2.8562500000000006,0.05
489,-2.9050000000000007,0.05
490,-2.7937500000000006,0.05
491,-2.900000000000001,0.05
492,-2.881250000000001,0.05
493,-2.912500000000001,0.05
494,-2.866250000000001,0.05
495,-2.755000000000001,0.05
496,-1.1575000000000009,0.05
497,-2.9600000000000013,0.05
498,-2.9112500000000012,0.05
499,-2.9250000000000007,0.05
500,-2.91875,0.05
501,-2.817500000000001,0.05
502,-2.7925,0.05
503,-2.968750000000001,0.05
504,-2.97125,0.05
505,-3.1112500000000023,0.05
506,1.385,0.05
507,-2.758750000000001,0.05
508,-2.9112500000000012,0.05
509,-3.1562500000000013,0.05
510,-2.980000000000001,0.05
511,-2.7625000000000006,0.05
512,-3.5425000000000026,0.05
513,-2.881250000000001,0.05
514,-2.8362500000000006,0.05
515,-3.0550000000000006,0.05
516,-2.6437500000000003,0.05
517,-2.850000000000001,0.05
518,-2.843750000000001,0.05
519,-2.8125000000000004,0.05
520,-0.9462499999999998,0.05
521,-2.8425000000000007,0.05
522,0.8975000000000001,0.05
523,-3.557499999999999,0.05
524,-0.004999999999999449,0.05
525,-2.850000000000001,0.05
526,-2.6437500000000003,0.05
527,-2.7800000000000002,0.05
528,-2.836250000000001,0.05
529,-2.922500000000001,0.05
530,-2.948750000000001,0.05
531,0.12250000000000005,0.05
532,-3.9637499999999988,0.05
533,1.4900000000000002,0.05
534,-3.5000000000000027,0.05
535,-3.115000000000001,0.05
536,-2.7800000000000007,0.05
537,1.3325,0.05
538,-4.113749999999999,0.05
539,-2.892500000000001,0.05
540,-2.7675000000000005,0.05
541,-2.7375000000000007,0.05
542,0.050000000000000266,0.05
543,-3.0737500000000013,0.05
544,-2.9612500000000006,0.05
545,-2.922500000000001,0.05
546,0.82125,0.05
547,-3.4337500000000016,0.05
548,-3.0100000000000016,0.05
549,-2.950000000000001,0.05
550,-2.8000000000000007,0.05
551,-2.7875,0.05
552,-2.68,0.05
553,-2.7937500000000006,0.05
554,-2.7500000000000004,0.05
555,-3.2862499999999994,0.05
556,-0.6974999999999996,0.05
557,-2.8375000000000004,0.05
558,-2.7125000000000004,0.05
559,-2.9212499999999992,0.05
560,-2.8925,0.05
561,0.7687499999999999,0.05
562,-2.788750000000001,0.05
563,-2.881250000000001,0.05
564,-2.781250000000001,0.05
565,-3.601250000000002,0.05
566,-0.3037499999999995,0.05
567,-3.2824999999999993,0.05
568,-3.091250000000001,0.05
569,-0.3474999999999995,0.05
570,-2.812500000000001,0.05
571,1.2025000000000001,0.05
572,-2.875000000000001,0.05
573,-2.9300000000000006,0.05
574,-2.755000000000001,0.05
575,-2.8050000000000006,0.05
576,-2.8850000000000007,0.05
577,0.2899999999999998,0.05
578,-2.9487500000000013,0.05
579,-2.90625,0.05
580,-2.8312500000000007,0.05
581,-2.8312500000000007,0.05
582,-3.0250000000000017,0.05
583,-2.8924999999999996,0.05
584,-2.781250000000001,0.05
585,-0.14624999999999977,0.05
586,-2.7875000000000005,0.05
587,-2.875000000000001,0.05
588,-3.1949999999999994,0.05
589,-2.875000000000001,0.05
590,-3.2124999999999995,0.05
591,-2.9787500000000007,0.05
592,-2.7987500000000005,0.05
593,-2.7312500000000006,0.05
594,-2.9487500000000013,0.05
595,-2.942500000000001,0.05
596,-3.258750000000001,0.05
597,-2.836250000000001,0.05
598,-2.781250000000001,0.05
599,-2.9462500000000005,0.05
600,-2.9312500000000012,0.05
601,-2.825000000000001,0.05
602,-3.447500000000002,0.05
603,1.2475,0.05
604,-2.7675000000000005,0.05
605,-2.7050000000000005,0.05
606,-2.850000000000001,0.05
607,-2.867500000000001,0.05
608,-2.7300000000000004,0.05
609,-2.7800000000000007,0.05
610,-2.950000000000001,0.05
611,-2.848750000000001,0.05
612,-2.8812500000000005,0.05
613,-3.078749999999999,0.05
614,-2.916250000000001,0.05
615,-3.238750000000001,0.05
616,-2.7312500000000006,0.05
617,-2.8675000000000006,0.05
618,-0.7862499999999999,0.05
619,-3.3012499999999996,0.05
620,-2.825000000000001,0.05
621,0.48499999999999965,0.05
622,-2.9800000000000004,0.05
623,-2.8925000000000005,0.05
624,-2.843750000000001,0.05
625,-2.83625,0.05
626,-2.987500000000001,0.05
627,0.26374999999999993,0.05
628,-2.8412500000000005,0.05
629,-2.855000000000001,0.05
630,-2.8500000000000005,0.05
631,-3.1037500000000002,0.05
632,-2.781250000000001,0.05
633,1.195,0.05
634,-2.875000000000001,0.05
635,-2.7562500000000005,0.05
636,-2.8425000000000007,0.05
637,-2.9324999999999997,0.05
638,-2.872500000000001,0.05
639,-2.8874999999999997,0.05
640,-2.8500000000000005,0.05
641,-2.868750000000001,0.05
642,-3.631250000000001,0.05
643,-0.3549999999999993,0.05
644,-0.845,0.05
645,-0.8074999999999999,0.05
646,-3.2762500000000014,0.05
647,1.0950000000000002,0.05
648,-2.8562500000000006,0.05
649,-2.9875000000000016,0.05
650,-2.9050000000000007,0.05
651,-2.7487500000000002,0.05
652,-3.6437499999999994,0.05
653,-2.872500000000001,0.05
654,-2.950000000000001,0.05
655,-2.841250000000001,0.05
656,-2.848750000000001,0.05
657,-2.900000000000001,0.05
658,-2.7187500000000004,0.05
659,-2.9499999999999997,0.05
660,-2.9100000000000006,0.05
661,-3.062500000000001,0.05
662,-2.925,0.05
663,-2.8750000000000004,0.05
664,-2.900000000000001,0.05
665,-2.890000000000001,0.05
666,-2.912500000000001,0.05
667,-2.7125,0.05
668,-3.1337500000000005,0.05
669,-2.873750000000001,0.05
670,-2.8125000000000004,0.05
671,-2.8750000000000004,0.05
672,-2.775000000000001,0.05
673,-2.980000000000001,0.05
674,-2.8499999999999988,0.05
675,-2.7500000000000004,0.05
676,-2.8500000000000005,0.05
677,-2.950000000000001,0.05
678,-3.842499999999999,0.05
679,-3.028750000000002,0.05
680,-2.9900000000000007,0.05
681,-2.9912500000000017,0.05
682,-2.912500000000001,0.05
683,-4.012499999999999,0.05
684,-2.8837500000000005,0.05
685,-2.7487500000000007,0.05
686,-2.8675000000000006,0.05
687,-2.8437500000000013,0.05
688,-2.780000000000001,0.05
689,1.2950000000000002,0.05
690,-2.65,0.05
691,-1.2637499999999997,0.05
692,-2.7375000000000003,0.05
693,-2.7312500000000006,0.05
694,-2.7437500000000004,0.05
695,-3.502500000000002,0.05
696,0.5062499999999998,0.05
697,-2.8862500000000013,0.05
698,-2.9425000000000012,0.05
699,-2.88375,0.05
700,-2.992500000000001,0.05
701,-2.85,0.05
702,-2.881250000000001,0.05
703,-0.23249999999999948,0.05
704,-3.0312500000000004,0.05
705,-0.7437500000000001,0.05
706,-2.5562499999999995,0.05
707,-2.9537500000000008,0.05
708,-2.7125000000000004,0.05
709,-2.893750000000001,0.05
710,-2.8000000000000007,0.05
711,-2.9237500000000014,0.05
712,0.5399999999999999,0.05
713,-2.961250000000001,0.05
714,-2.8050000000000006,0.05
715,-2.761250000000001,0.05
716,-2.8000000000000007,0.05
717,-2.8225000000000007,0.05
718,-2.912500000000001,0.05
719,-3.440000000000001,0.05
720,-2.79375,0.05
721,-2.7125000000000004,0.05
722,-2.980000000000001,0.05
723,1.4825000000000002,0.05
724,-2.806250000000001,0.05
725,-3.0525,0.05
726,-2.77375,0.05
727,-2.950000000000001,0.05
728,-2.775000000000001,0.05
729,-2.7237500000000003,0.05
730,-2.7562500000000005,0.05
731,-2.781250000000001,0.05
732,-2.8862500000000004,0.05
733,-2.891250000000001,0.05
734,0.8725,0.05
735,-2.950000000000001,0.05
736,-2.8000000000000007,0.05
737,0.18874999999999997,0.05
738,-2.8312500000000007,0.05
739,-2.900000000000001,0.05
740,-2.8312500000000007,0.05
741,-2.912500000000001,0.05
742,-2.8562500000000006,0.05
743,-2.8087500000000007,0.05
744,-2.786250000000001,0.05
745,-2.9800000000000013,0.05
746,-2.923750000000001,0.05
747,-2.7662500000000008,0.05
748,-2.9800000000000013,0.05
749,-0.4849999999999992,0.05
750,0.3149999999999997,0.05
751,-2.918750000000002,0.05
752,-2.906250000000001,0.05
753,-2.862500000000001,0.05
754,-2.8912500000000008,0.05
755,-2.998750000000001,0.05
756,-3.1000000000000014,0.05
757,-3.0512500000000005,0.05
758,-2.850000000000001,0.05
759,-2.850000000000001,0.05
760,-3.2925000000000013,0.05
761,-2.806250000000001,0.05
762,-2.900000000000001,0.05
763,-2.855000000000001,0.05
764,-2.7675,0.05
765,-2.8237500000000004,0.05
766,0.74625,0.05
767,-2.6237500000000002,0.05
768,-2.9162500000000007,0.05
769,-2.950000000000001,0.05
770,-2.8312500000000003,0.05
771,-3.1712500000000015,0.05
772,-1.0937500000000007,0.05
773,-2.88625,0.05
774,-2.835000000000001,0.05
775,-2.7500000000000004,0.05
776,-3.0799999999999996,0.05
777,-2.900000000000001,0.05
778,-2.7987499999999987,0.05
779,-2.7875000000000005,0.05
780,-3.3500000000000028,0.05
781,1.3362500000000002,0.05
782,-2.761250000000001,0.05
783,0.7762499999999999,0.05
784,-3.0162499999999994,0.05
785,-2.8925000000000005,0.05
786,-3.1999999999999993,0.05
787,-2.93625,0.05
788,-2.806250000000001,0.05
789,-3.11125,0.05
790,-2.8800000000000012,0.05
791,-2.9312500000000012,0.05
792,-2.7187500000000004,0.05
793,-3.05125,0.05
794,-2.8000000000000007,0.05
795,-0.48249999999999926,0.05
796,-3.2212500000000017,0.05
797,0.47624999999999984,0.05
798,-3.440000000000001,0.05
799,-2.881250000000001,0.05
800,-1.0962500000000008,0.05
801,-2.956250000000001,0.05
802,-2.881250000000001,0.05
803,-2.911250000000001,0.05
804,-2.8362499999999993,0.05
805,-2.918750000000001,0.05
806,-2.912500000000001,0.05
807,-1.1612499999999992,0.05
808,-2.8312500000000007,0.05
809,-2.7562500000000005,0.05
810,-0.6975,0.05
811,0.07000000000000006,0.05
812,-2.8925000000000005,0.05
813,-2.699999999999999,0.05
814,-2.86125,0.05
815,-3.372500000000001,0.05
816,-2.89375,0.05
817,-3.0125000000000006,0.05
818,-2.950000000000001,0.05
819,-0.73125,0.05
820,-3.0050000000000017,0.05
821,-3.662499999999999,0.05
822,0.3949999999999998,0.05
823,-2.8000000000000007,0.05
824,-3.631250000000001,0.05
825,-2.893750000000001,0.05
826,-2.997500000000001,0.05
827,-2.7875000000000005,0.05
828,-2.9124999999999988,0.05
829,-2.7562500000000005,0.05
830,-2.912500000000001,0.05
831,-2.812500000000001,0.05
832,-2.9349999999999996,0.05
833,-3.3212500000000023,0.05
834,-2.817500000000001,0.05
835,-0.27624999999999944,0.05
836,-0.061249999999999805,0.05
837,-2.850000000000001,0.05
838,-2.8800000000000012,0.05
839,1.4225,0.05
840,-1.0562500000000006,0.05
841,-3.3537499999999993,0.05
842,1.28125,0.05
843,-2.9575,0.05
844,-2.7800000000000007,0.05
845,-2.968750000000001,0.05
846,-3.6250000000000018,0.05
847,-2.8937500000000007,0.05
848,-2.8000000000000007,0.05
849,-2.926250000000001,0.05
850,-2.893750000000001,0.05
851,-2.923750000000001,0.05
852,-2.7050000000000005,0.05
853,-2.867500000000001,0.05
854,-2.768750000000001,0.05
855,-2.930000000000001,0.05
856,-2.880000000000001,0.05
857,1.50875,0.05
858,-2.848750000000001,0.05
859,-2.7625000000000006,0.05
860,-3.4799999999999995,0.05
861,-2.881250000000001,0.05
862,-3.125000000000001,0.05
863,-2.818750000000001,0.05
864,-2.950000000000001,0.05
865,-3.1450000000000014,0.05
866,-2.6875000000000004,0.05
867,-2.831250000000001,0.05
868,-2.881250000000001,0.05
869,-3.1537499999999996,0.05
870,-2.893750000000001,0.05
871,-2.817499999999999,0.05
872,-3.2162500000000023,0.05
873,-2.9312500000000012,0.05
874,-2.850000000000001,0.05
875,-3.25375,0.05
876,-2.998750000000002,0.05
877,-2.9375000000000013,0.05
878,-2.947500000000001,0.05
879,-2.9312500000000012,0.05
880,-3.8050000000000006,0.05
881,-2.830000000000001,0.05
882,-2.843750000000001,0.05
883,-2.7562500000000005,0.05
884,-2.830000000000001,0.05
885,-2.892500000000001,0.05
886,-2.900000000000001,0.05
887,-0.9900000000000004,0.05
888,-2.781250000000001,0.05
889,-2.9275000000000007,0.05
890,-2.870000000000001,0.05
891,-2.9800000000000013,0.05
892,-2.9500000000000006,0.05
893,-2.8687500000000012,0.05
894,-2.856250000000001,0.05
895,-2.818750000000001,0.05
896,-2.7887500000000007,0.05
897,-2.6562500000000004,0.05
898,-2.7750000000000012,0.05
899,-2.9237500000000005,0.05
900,-3.1737500000000014,0.05
901,-4.019999999999999,0.05
902,-2.9050000000000007,0.05
903,-2.8812500000000014,0.05
904,-2.945000000000001,0.05
905,-3.1712499999999997,0.05
906,-4.378749999999999,0.05
907,-3.1812499999999995,0.05
908,1.185,0.05
909,1.4300000000000002,0.05
910,-2.912500000000001,0.05
911,-2.79375,0.05
912,1.4775,0.05
913,-2.875000000000001,0.05
914,-3.32,0.05
915,-3.2975000000000017,0.05
916,-2.892500000000001,0.05
917,-2.886250000000001,0.05
918,-2.8062500000000012,0.05
919,-3.0337499999999995,0.05
920,-2.9300000000000015,0.05
921,-2.8287500000000008,0.05
922,-2.850000000000001,0.05
923,-2.961250000000001,0.05
924,-2.7812500000000004,0.05
925,-2.875000000000001,0.05
926,-0.669999999999999,0.05
927,-2.7375000000000007,0.05
928,-2.836250000000001,0.05
929,0.72125,0.05
930,-2.6500000000000004,0.05
931,-2.837500000000001,0.05
932,-2.9312500000000012,0.05
933,-3.0362500000000012,0.05
934,-2.850000000000001,0.05
935,-3.0387500000000016,0.05
936,-2.8287500000000008,0.05
937,-2.7750000000000004,0.05
938,-2.7500000000000004,0.05
939,-3.5599999999999996,0.05
940,-1.2962500000000008,0.05
941,-2.818750000000001,0.05
942,-2.8125000000000004,0.05
943,-2.950000000000001,0.05
944,1.1175000000000002,0.05
945,-2.775,0.05
946,-2.8925000000000005,0.05
947,-2.850000000000001,0.05
948,1.1575000000000002,0.05
949,-2.8612500000000005,0.05
950,-2.886250000000001,0.05
951,-2.875000000000001,0.05
952,-2.8712500000000007,0.05
953,-2.942500000000001,0.05
954,-2.910000000000001,0.05
955,-2.896250000000001,0.05
956,-2.867500000000001,0.05
957,-2.950000000000001,0.05
958,-2.8675000000000006,0.05
959,-3.379999999999999,0.05
960,-2.5925000000000002,0.05
961,-2.868750000000001,0.05
962,-3.511249999999999,0.05
963,-2.9312500000000012,0.05
964,-2.8562500000000006,0.05
965,-2.812500000000001,0.05
966,-2.9500000000000015,0.05
967,-3.2012499999999995,0.05
968,-0.9737500000000006,0.05
969,-2.8362500000000006,0.05
970,-2.812500000000001,0.05
971,-2.7375000000000007,0.05
972,-2.7875000000000005,0.05
973,-2.950000000000001,0.05
974,0.19124999999999992,0.05
975,-0.8149999999999997,0.05
976,-2.7687500000000007,0.05
977,0.7662499999999999,0.05
978,-2.9525000000000015,0.05
979,-2.9312500000000004,0.05
980,-3.4150000000000005,0.05
981,-2.7375000000000003,0.05
982,-3.331250000000002,0.05
983,-2.9800000000000004,0.05
984,0.3937499999999998,0.05
985,-2.990000000000001,0.05
986,-2.7125000000000004,0.05
987,-3.5687500000000028,0.05
988,-2.812500000000001,0.05
989,-2.9312500000000012,0.05
990,-0.6962499999999998,0.05
991,-2.8999999999999995,0.05
992,-2.7375000000000003,0.05
993,0.5262499999999998,0.05
994,-2.7375000000000007,0.05
995,-2.875000000000001,0.05
996,-2.7750000000000012,0.05
997,-2.967500000000001,0.05
998,-2.900000000000001,0.05
999,-3.102500000000002,0.05
1000,-2.968750000000001,0.05
1001,-2.8674999999999997,0.05
1002,-2.7375000000000007,0.05
1003,-4.084999999999999,0.05
1004,-0.20874999999999977,0.05
1005,-2.7800000000000007,0.05
1006,-2.9800000000000004,0.05
1007,-1.3237500000000002,0.05
1008,-2.893750000000001,0.05
1009,-2.7100000000000004,0.05
1010,-3.4212499999999997,0.05
1011,-3.0425000000000013,0.05
1012,-3.6400000000000006,0.05
1013,-0.7212499999999988,0.05
1014,-2.8175000000000003,0.05
1015,-2.9312500000000012,0.05
1016,-3.7200000000000015,0.05
1017,-2.8550000000000004,0.05
1018,-3.689999999999999,0.05
1019,-2.806250000000001,0.05
1020,0.4474999999999997,0.05
1021,0.8350000000000001,0.05
1022,-2.812500000000001,0.05
1023,0.5562499999999997,0.05
1024,1.18625,0.05
1025,-2.862500000000001,0.05
1026,-2.843750000000001,0.05
1027,-3.44875,0.05
1028,-2.9537500000000008,0.05
1029,-0.9600000000000002,0.05
1030,-2.8625000000000007,0.05
1031,-2.7875000000000005,0.05
1032,-2.8000000000000003,0.05
1033,-3.0762499999999995,0.05
1034,-2.786250000000001,0.05
1035,-2.7562500000000005,0.05
1036,-2.875,0.05
1037,-2.800000000000001,0.05
1038,0.6962499999999999,0.05
1039,0.5812499999999998,0.05
1040,-2.7487500000000002,0.05
1041,0.1075000000000006,0.05
1042,-3.232500000000001,0.05
1043,-2.806250000000001,0.05
1044,1.08875,0.05
1045,-3.788749999999999,0.05
1046,-3.160000000000002,0.05
1047,-2.991250000000001,0.05
1048,-2.942500000000001,0.05
1049,-3.1412500000000008,0.05
1050,-3.012500000000001,0.05
1051,-2.892500000000001,0.05
1052,0.87375,0.05
1053,-3.2224999999999993,0.05
1054,0.8350000000000001,0.05
1055,-0.6799999999999995,0.05
1056,-2.850000000000001,0.05
1057,-4.1987499999999995,0.05
1058,-2.9062499999999996,0.05
1059,-0.15249999999999964,0.05
1060,-2.8750000000000004,0.05
1061,-3.0250000000000012,0.05
1062,-2.873750000000001,0.05
1063,0.32374999999999976,0.05
1064,-2.650000000000001,0.05
1065,-2.830000000000001,0.05
1066,-0.32374999999999954,0.05
1067,-2.781250000000001,0.05
1068,-2.8612500000000005,0.05
1069,-3.025,0.05
1070,-2.71,0.05
1071,-3.2000000000000015,0.05
1072,-2.843750000000001,0.05
1073,-0.9399999999999997,0.05
1074,-2.7687500000000003,0.05
1075,-0.6199999999999994,0.05
1076,-2.881250000000001,0.05
1077,-2.881250000000001,0.05
1078,-2.823749999999999,0.05
1079,0.45124999999999993,0.05
1080,-2.7975000000000008,0.05
1081,-2.9862500000000014,0.05
1082,-2.893750000000001,0.05
1083,-2.786250000000001,0.05
1084,-2.8300000000000005,0.05
1085,-2.905000000000001,0.05
1086,0.7087500000000001,0.05
1087,-0.07874999999999965,0.05
1088,1.2575,0.05
1089,-2.825000000000001,0.05
1090,-0.23999999999999955,0.05
1091,-2.827500000000001,0.05
1092,1.30875,0.05
1093,-1.1562500000000007,0.05
1094,-3.5937500000000027,0.05
1095,-3.3087500000000007,0.05
1096,-2.9050000000000007,0.05
1097,-2.817500000000001,0.05
1098,0.73125,0.05
1099,-2.9312500000000012,0.05
1100,-2.881250000000001,0.05
1101,-2.818750000000001,0.05
1102,-2.7875000000000005,0.05
1103,-2.6937500000000005,0.05
1104,-2.8500000000000005,0.05
1105,1.2087500000000002,0.05
1106,-2.961250000000001,0.05
1107,-2.812500000000001,0.05
1108,-2.941250000000001,0.05
1109,-2.798750000000001,0.05
1110,0.7849999999999999,0.05
1111,0.2812499999999998,0.05
1112,-2.950000000000001,0.05
1113,-2.8000000000000007,0.05
1114,-2.8750000000000004,0.05
1115,-2.946250000000001,0.05
1116,1.1287500000000001,0.05
1117,0.1962499999999998,0.05
1118,1.1612500000000001,0.05
1119,-2.7562500000000005,0.05
1120,-2.875000000000001,0.05
1121,-2.812500000000001,0.05
1122,-2.9612500000000006,0.05
1123,-0.7549999999999997,0.05
1124,-2.912499999999999,0.05
1125,-2.862500000000001,0.05
1126,-2.893750000000001,0.05
1127,1.18125,0.05
1128,-2.9212500000000006,0.05
1129,-2.862500000000001,0.05
1130,-2.9337500000000007,0.05
1131,1.0025,0.05
1132,-2.7500000000000004,0.05
1133,-2.988750000000001,0.05
1134,-2.798750000000001,0.05
1135,-2.8000000000000007,0.05
1136,-0.9575000000000002,0.05
1137,-2.8300000000000005,0.05
1138,-2.70625,0.05
1139,0.4899999999999999,0.05
1140,-2.7675000000000005,0.05
1141,-2.5937500000000004,0.05
1142,1.28375,0.05
1143,-3.030000000000001,0.05
1144,0.9337500000000001,0.05
1145,-2.910000000000001,0.05
1146,-3.0512499999999996,0.05
1147,-2.8125000000000004,0.05
1148,-3.9724999999999997,0.05
1149,-3.171250000000001,0.05
1150,-2.880000000000001,0.05
1151,-2.8625000000000007,0.05
1152,-1.0562500000000006,0.05
1153,0.8950000000000001,0.05
1154,-2.7300000000000004,0.05
1155,-2.7625000000000006,0.05
1156,-3.1112500000000014,0.05
1157,-2.911250000000001,0.05
1158,0.41624999999999956,0.05
1159,0.5099999999999997,0.05
1160,-1.1099999999999997,0.05
1161,-2.7875000000000005,0.05
1162,0.5724999999999998,0.05
1163,-2.912500000000001,0.05
1164,1.1075,0.05
1165,-3.503749999999999,0.05
1166,-0.7887499999999998,0.05
1167,-3.2375000000000007,0.05
1168,-2.781250000000001,0.05
1169,0.3899999999999997,0.05
1170,-3.75375,0.05
1171,-2.8987500000000015,0.05
1172,0.96625,0.05
1173,-2.8749999999999996,0.05
1174,-2.8050000000000006,0.05
1175,-2.761250000000001,0.05
1176,0.97875,0.05
1177,-2.8250000000000006,0.05
1178,1.0437500000000002,0.05
1179,1.5125000000000002,0.05
1180,0.05625000000000013,0.05
1181,0.61,0.05
1182,0.6062500000000001,0.05
1183,-2.912500000000001,0.05
1184,-3.0500000000000007,0.05
1185,-2.8362500000000006,0.05
1186,-2.875000000000001,0.05
1187,-1.2000000000000004,0.05
1188,-2.885000000000001,0.05
1189,-2.843750000000001,0.05
1190,-0.3974999999999993,0.05
1191,1.28,0.05
1192,-3.028750000000001,0.05
1193,1.1350000000000002,0.05
1194,1.1725,0.05
1195,1.1,0.05
1196,-2.8162500000000006,0.05
1197,-2.8737500000000007,0.05
1198,1.20375,0.05
1199,0.20374999999999988,0.05
1200,0.21499999999999986,0.05
1201,-2.7050000000000005,0.05
1202,-2.950000000000001,0.05
1203,0.78875,0.05
1204,-3.0200000000000014,0.05
1205,-2.881250000000001,0.05
1206,0.1812499999999999,0.05
1207,-2.880000000000001,0.05
1208,1.2337500000000001,0.05
1209,-2.843750000000001,0.05
1210,1.4400000000000002,0.05
1211,0.08499999999999996,0.05
1212,-2.893750000000001,0.05
1213,-0.7674999999999994,0.05
1214,-0.7874999999999999,0.05
1215,-2.7687500000000007,0.05
1216,0.48124999999999984,0.05
1217,-2.825000000000001,0.05
1218,-2.862500000000001,0.05
1219,-1.0099999999999996,0.05
1220,-2.843750000000001,0.05
1221,0.03249999999999997,0.05
1222,-2.8625000000000007,0.05
1223,0.5649999999999997,0.05
1224,1.1487500000000002,0.05
1225,-2.87625,0.05
1226,-2.893750000000001,0.05
1227,-2.9312500000000017,0.05
1228,-2.8562500000000006,0.05
1229,-2.897500000000001,0.05
1230,-2.867500000000001,0.05
1231,-2.7000000000000006,0.05
1232,1.0437500000000002,0.05
1233,0.4574999999999997,0.05
1234,-0.7224999999999999,0.05
1235,-0.6437499999999992,0.05
1236,-3.00125,0.05
1237,-1.5412500000000005,0.05
1238,0.93625,0.05
1239,1.2075,0.05
1240,1.13625,0.05
1241,0.7949999999999999,0.05
1242,0.86,0.05
1243,-2.7500000000000004,0.05
1244,-0.2949999999999995,0.05
1245,0.04125000000000001,0.05
1246,-2.915000000000001,0.05
1247,1.13375,0.05
1248,-2.7487500000000002,0.05
1249,0.9287500000000001,0.05
1250,1.0025,0.05
1251,-2.9425000000000012,0.05
1252,-2.875000000000001,0.05
1253,-2.9312500000000012,0.05
1254,-1.0400000000000003,0.05
1255,-0.8625000000000003,0.05
1256,0.80875,0.05
1257,-2.957500000000001,0.05
1258,1.1,0.05
1259,-2.931250000000001,0.05
1260,-0.8512499999999992,0.05
1261,0.6537499999999998,0.05
1262,-2.7937500000000006,0.05
1263,0.5887499999999998,0.05
1264,0.905,0.05
1265,0.7549999999999999,0.05
1266,1.225,0.05
1267,-0.5249999999999992,0.05
1268,0.6362499999999999,0.05
1269,0.5937499999999999,0.05
1270,-2.823749999999999,0.05
1271,-2.812500000000001,0.05
1272,-3.01375,0.05
1273,1.09375,0.05
1274,-2.812500000000001,0.05
1275,-2.793750000000001,0.05
1276,-2.8287500000000008,0.05
1277,0.5049999999999998,0.05
1278,0.16500000000000004,0.05
1279,0.23250000000000015,0.05
1280,0.91625,0.05
1281,-2.8900000000000015,0.05
1282,-3.0437500000000015,0.05
1283,-2.7662500000000008,0.05
1284,0.9287500000000001,0.05
1285,-2.862500000000001,0.05
1286,-2.911250000000001,0.05
1287,-0.29624999999999946,0.05
1288,1.0637500000000002,0.05
1289,-2.8000000000000007,0.05
1290,1.07375,0.05
1291,-2.8687500000000012,0.05
1292,0.4087499999999997,0.05
1293,-3.3424999999999994,0.05
1294,-1.0037500000000008,0.05
1295,-2.9050000000000007,0.05
1296,-2.8187499999999996,0.05
1297,-2.9800000000000013,0.05
1298,-3.534999999999999,0.05
1299,-2.8112500000000007,0.05
1300,0.9150000000000001,0.05
1301,-2.862500000000001,0.05
1302,0.8912500000000001,0.05
1303,1.13125,0.05
1304,-2.806250000000001,0.05
1305,-0.1899999999999995,0.05
1306,-2.950000000000001,0.05
1307,-0.5924999999999996,0.05
1308,0.4399999999999997,0.05
1309,0.91125,0.05
1310,1.0450000000000002,0.05
1311,0.46499999999999964,0.05
1312,0.5187499999999997,0.05
1313,-0.6837499999999992,0.05
1314,0.5674999999999998,0.05
1315,0.5287499999999997,0.05
1316,-0.35374999999999934,0.05
1317,0.9425,0.05
1318,0.6849999999999998,0.05
1319,-2.825000000000001,0.05
1320,-2.900000000000001,0.05
1321,-2.8437499999999996,0.05
1322,0.9837500000000001,0.05
1323,0.9650000000000001,0.05
1324,-2.8749999999999996,0.05
1325,0.7774999999999999,0.05
1326,-2.818750000000001,0.05
1327,-0.009999999999999787,0.05
1328,-0.1887499999999993,0.05
1329,-2.781250000000001,0.05
1330,0.5274999999999997,0.05
1331,1.065,0.05
1332,1.1600000000000001,0.05
1333,-2.7500000000000004,0.05
1334,1.485,0.05
1335,1.26125,0.05
1336,-2.7375000000000003,0.05
1337,1.19375,0.05
1338,1.42625,0.05
1339,0.78125,0.05
1340,-0.3274999999999988,0.05
1341,1.09,0.05
1342,0.7849999999999999,0.05
1343,0.5062499999999998,0.05
1344,0.7987500000000001,0.05
1345,-0.5299999999999989,0.05
1346,1.3887500000000002,0.05
1347,-2.912500000000001,0.05
1348,1.2850000000000001,0.05
1349,1.1925000000000001,0.05
1350,-2.953750000000001,0.05
1351,1.03375,0.05
1352,0.3287499999999999,0.05
1353,1.11,0.05
1354,0.4924999999999997,0.05
1355,0.915,0.05
1356,-2.756250000000001,0.05
1357,1.495,0.05
1358,-0.03874999999999984,0.05
1359,0.78875,0.05
1360,0.3374999999999997,0.05
1361,-2.7687500000000007,0.05
1362,1.07625,0.05
1363,-2.7500000000000004,0.05
1364,0.98875,0.05
1365,1.32125,0.05
1366,1.00875,0.05
1367,1.03875,0.05
1368,1.1725,0.05
1369,-0.17499999999999982,0.05
1370,0.5674999999999998,0.05
1371,0.855,0.05
1372,-2.9837500000000006,0.05
1373,-2.781250000000001,0.05
1374,-2.843750000000001,0.05
1375,0.5824999999999999,0.05
1376,-2.9675,0.05
1377,-2.873750000000001,0.05
1378,0.7399999999999999,0.05
1379,0.7849999999999999,0.05
1380,0.07250000000000001,0.05
1381,0.95125,0.05
1382,1.0012500000000002,0.05
1383,0.2862499999999999,0.05
1384,-2.0675,0.05
1385,-0.3249999999999995,0.05
1386,1.2875,0.05
1387,0.87375,0.05
1388,-0.013749999999999707,0.05
1389,1.29875,0.05
1390,-2.7987500000000005,0.05
1391,-2.930000000000001,0.05
1392,0.25624999999999987,0.05
1393,1.4900000000000002,0.05
1394,-2.7975000000000008,0.05
1395,-0.10374999999999979,0.05
1396,0.9475,0.05
1397,0.11874999999999991,0.05
1398,-0.1649999999999996,0.05
1399,-2.60625,0.05
1400,0.050000000000000044,0.05
1401,1.18375,0.05
1402,1.0525,0.05
1403,0.9287500000000001,0.05
1404,1.14625,0.05
1405,-0.39124999999999943,0.05
1406,-2.9037500000000014,0.05
1407,0.89625,0.05
1408,1.05125,0.05
1409,-2.922500000000001,0.05
1410,0.96625,0.05
1411,0.30874999999999986,0.05
1412,-0.41499999999999937,0.05
1413,-0.04125000000000023,0.05
1414,1.23625,0.05
1415,1.03875,0.05
1416,1.2375,0.05
1417,-0.35874999999999946,0.05
1418,-2.7987500000000005,0.05
1419,-0.6837499999999996,0.05
1420,0.7687499999999999,0.05
1421,0.8875000000000001,0.05
1422,-2.8800000000000012,0.05
1423,0.7862499999999999,0.05
1424,1.48875,0.05
1425,0.3524999999999998,0.05
1426,1.11125,0.05
1427,0.40249999999999964,0.05
1428,0.3062499999999999,0.05
1429,0.7074999999999999,0.05
1430,1.01875,0.05
1431,1.18625,0.05
1432,1.15375,0.05
1433,-2.8937500000000007,0.05
1434,0.6387499999999998,0.05
1435,-2.7800000000000007,0.05
1436,0.34499999999999975,0.05
1437,1.3162500000000001,0.05
1438,-2.892500000000001,0.05
1439,0.99,0.05
1440,0.9700000000000001,0.05
1441,-0.42624999999999935,0.05
1442,-2.7937500000000006,0.05
1443,0.86125,0.05
1444,-2.911250000000001,0.05
1445,0.8225,0.05
1446,0.9700000000000001,0.05
1447,1.165,0.05
1448,-3.0700000000000016,0.05
1449,-3.170000000000002,0.05
1450,1.01,0.05
1451,-1.0150000000000008,0.05
1452,0.5549999999999998,0.05
1453,1.0762500000000002,0.05
1454,1.1487500000000002,0.05
1455,-2.8175,0.05
1456,0.91625,0.05
1457,0.7087499999999999,0.05
1458,-2.8475000000000006,0.05
1459,0.91125,0.05
1460,-2.8312500000000007,0.05
1461,0.6049999999999999,0.05
1462,1.07625,0.05
1463,-3.2600000000000016,0.05
1464,1.32,0.05
1465,0.5649999999999997,0.05
1466,-3.08,0.05
1467,-2.900000000000001,0.05
1468,0.5987499999999999,0.05
1469,0.7049999999999998,0.05
1470,0.74625,0.05
1471,0.8099999999999999,0.05
1472,0.9900000000000001,0.05
1473,0.9237500000000001,0.05
1474,0.4449999999999996,0.05
1475,-2.7987500000000005,0.05
1476,1.38125,0.05
1477,0.9712500000000001,0.05
1478,0.23875000000000002,0.05
1479,1.11125,0.05
1480,0.08125000000000004,0.05
1481,1.0562500000000001,0.05
1482,-2.9237500000000014,0.05
1483,0.91625,0.05
1484,0.9225000000000001,0.05
1485,1.0762500000000002,0.05
1486,0.63625,0.05
1487,-2.843750000000001,0.05
1488,-2.850000000000001,0.05
1489,-0.7737499999999999,0.05
1490,1.1487500000000002,0.05
1491,-3.741249999999999,0.05
1492,1.03875,0.05
1493,1.13625,0.05
1494,1.02625,0.05
1495,0.83625,0.05
1496,-0.1712499999999999,0.05
1497,0.7249999999999999,0.05
1498,-2.923750000000001,0.05
1499,0.5462499999999999,0.05
1500,1.11375,0.05
1501,-2.861250000000001,0.05
1502,-2.9275000000000007,0.05
1503,0.62375,0.05
1504,1.3325,0.05
1505,0.8962500000000001,0.05
1506,-3.0600000000000014,0.05
1507,-1.18625,0.05
1508,-2.8312500000000007,0.05
1509,-2.98375,0.05
1510,0.9450000000000001,0.05
1511,1.195,0.05
1512,1.2025000000000001,0.05
1513,0.9700000000000001,0.05
1514,1.2625000000000002,0.05
1515,0.6299999999999998,0.05
1516,1.1525,0.05
1517,-2.960000000000001,0.05
1518,1.2750000000000001,0.05
1519,0.9975,0.05
1520,-0.2937499999999995,0.05
1521,1.1525,0.05
1522,0.7412499999999999,0.05
1523,0.28,0.05
1524,0.5224999999999997,0.05
1525,0.9775,0.05
1526,-1.1449999999999998,0.05
1527,-0.5149999999999992,0.05
1528,0.9950000000000001,0.05
1529,-4.07,0.05
1530,0.5999999999999998,0.05
1531,0.6962499999999998,0.05
1532,-0.6849999999999994,0.05
1533,0.7575000000000001,0.05
1534,1.0437500000000002,0.05
1535,0.9475,0.05
1536,0.04875000000000007,0.05
1537,1.19875,0.05
1538,-2.8187500000000005,0.05
1539,0.88625,0.05
1540,1.0575,0.05
1541,-2.825000000000001,0.05
1542,0.39624999999999977,0.05
1543,0.07250000000000023,0.05
1544,-0.6037499999999993,0.05
1545,-3.1062500000000006,0.05
1546,1.0012500000000002,0.05
1547,-2.7800000000000007,0.05
1548,0.9675,0.05
1549,-2.7600000000000002,0.05
1550,-0.6399999999999995,0.05
1551,0.8925000000000001,0.05
1552,1.0462500000000001,0.05
1553,1.0425,0.05
1554,-1.0125000000000004,0.05
1555,-0.24374999999999947,0.05
1556,-3.1099999999999994,0.05
1557,-2.8425000000000007,0.05
1558,0.41374999999999984,0.05
1559,1.06125,0.05
1560,0.875,0.05
1561,0.935,0.05
1562,0.4474999999999999,0.05
1563,1.29,0.05
1564,0.9400000000000001,0.05
1565,0.8425,0.05
1566,0.9825000000000002,0.05
1567,0.6412499999999999,0.05
1568,0.6149999999999999,0.05
1569,0.3674999999999997,0.05
1570,1.14375,0.05
1571,0.3599999999999999,0.05
1572,1.1712500000000001,0.05
1573,0.036250000000000115,0.05
1574,0.21999999999999997,0.05
1575,0.74375,0.05
1576,0.6524999999999999,0.05
1577,1.13125,0.05
1578,0.7599999999999999,0.05
1579,0.9687500000000001,0.05
1580,0.7650000000000001,0.05
1581,0.34499999999999975,0.05
1582,-0.00749999999999984,0.05
1583,0.79375,0.05
1584,0.7087499999999999,0.05
1585,0.35124999999999984,0.05
1586,-0.09375,0.05
1587,0.7849999999999999,0.05
1588,1.1125,0.05
1589,-2.7250000000000005,0.05
1590,0.26124999999999976,0.05
1591,1.13125,0.05
1592,0.86875,0.05
1593,1.1800000000000002,0.05
1594,0.82,0.05
1595,1.09,0.05
1596,0.7199999999999999,0.05
1597,1.2200000000000002,0.05
1598,-3.542500000000002,0.05
1599,0.36749999999999994,0.05
1600,-2.6500000000000004,0.05
1601,0.23999999999999977,0.05
1602,1.095,0.05
1603,0.9175000000000001,0.05
1604,0.24624999999999986,0.05
1605,1.45875,0.05
1606,1.0050000000000001,0.05
1607,0.6599999999999998,0.05
1608,0.925,0.05
1609,0.60625,0.05
1610,0.1100000000000001,0.05
1611,0.3937499999999996,0.05
1612,-2.9412500000000015,0.05
1613,-3.0612500000000002,0.05
1614,0.9825000000000002,0.05
1615,0.825,0.05
1616,0.8325,0.05
1617,1.0437500000000002,0.05
1618,0.9475,0.05
1619,1.4900000000000002,0.05
1620,-2.7287499999999985,0.05
1621,0.9287500000000001,0.05
1622,0.6662499999999999,0.05
1623,0.82375,0.05
1624,1.1225,0.05
1625,1.09,0.05
1626,-2.880000000000001,0.05
1627,0.5987499999999998,0.05
1628,0.2599999999999998,0.05
1629,-2.786250000000001,0.05
1630,1.22875,0.05
1631,0.84125,0.05
1632,0.6675,0.05
1633,1.045,0.05
1634,1.3050000000000002,0.05
1635,0.74,0.05
1636,0.9900000000000001,0.05
1637,0.86875,0.05
1638,0.5362499999999998,0.05
1639,1.1425,0.05
1640,1.51375,0.05
1641,1.06875,0.05
1642,0.5987499999999998,0.05
1643,-0.04249999999999976,0.05
1644,0.19625000000000026,0.05
1645,0.19374999999999987,0.05
1646,1.0075,0.05
1647,0.9175,0.05
1648,1.0750000000000002,0.05
1649,0.6362499999999998,0.05
1650,-2.7187500000000004,0.05
1651,1.11125,0.05
1652,0.9400000000000001,0.05
1653,0.6362499999999998,0.05
1654,1.35,0.05
1655,0.22375000000000012,0.05
1656,-0.25624999999999987,0.05
1657,1.50875,0.05
1658,-2.7000000000000006,0.05
1659,0.8175,0.05
1660,0.5862499999999997,0.05
1661,0.5124999999999997,0.05
1662,0.9825000000000002,0.05
1663,0.85,0.05
1664,-2.893750000000001,0.05
1665,0.4012499999999999,0.05
1666,0.6899999999999998,0.05
1667,0.18249999999999988,0.05
1668,0.39749999999999974,0.05
1669,1.3487500000000001,0.05
1670,1.20875,0.05
1671,-2.862500000000001,0.05
1672,0.91,0.05
1673,1.33875,0.05
1674,0.2862499999999999,0.05
1675,1.0075,0.05
1676,-0.5362499999999988,0.05
1677,1.165,0.05
1678,1.0012500000000002,0.05
1679,0.6837499999999999,0.05
1680,1.18375,0.05
1681,0.895,0.05
1682,0.09999999999999987,0.05
1683,0.6024999999999997,0.05
1684,1.2725,0.05
1685,0.9900000000000001,0.05
1686,0.85625,0.05
1687,0.9275000000000001,0.05
1688,0.925,0.05
1689,-2.806250000000001,0.05
1690,1.4175,0.05
1691,1.1900000000000002,0.05
1692,0.9287500000000001,0.05
1693,-2.7437500000000004,0.05
1694,0.4399999999999997,0.05
1695,0.4937499999999997,0.05
1696,0.9175000000000001,0.05
1697,0.8025,0.05
1698,0.9325000000000001,0.05
1699,0.8975000000000001,0.05
1700,-2.8249999999999997,0.05
1701,1.01625,0.05
1702,1.065,0.05
1703,0.8049999999999999,0.05
1704,0.96625,0.05
1705,0.58625,0.05
1706,0.6037499999999998,0.05
1707,0.98,0.05
1708,1.06125,0.05
1709,0.82375,0.05
1710,0.45999999999999974,0.05
1711,0.9900000000000001,0.05
1712,0.7150000000000001,0.05
1713,1.0175,0.05
1714,-2.775000000000001,0.05
1715,0.85625,0.05
1716,0.5562499999999998,0.05
1717,0.8962500000000001,0.05
1718,-0.586249999999999,0.05
1719,-0.91875,0.05
1720,0.9725000000000001,0.05
1721,0.5474999999999998,0.05
1722,0.6399999999999998,0.05
1723,-0.02124999999999977,0.05
1724,-0.577499999999999,0.05
1725,0.78625,0.05
1726,1.0575,0.05
1727,1.0462500000000001,0.05
1728,0.34999999999999987,0.05
1729,0.9600000000000001,0.05
1730,0.85875,0.05
1731,0.83875,0.05
1732,0.4375,0.05
1733,1.18375,0.05
1734,0.6837499999999999,0.05
1735,1.2175,0.05
1736,0.91125,0.05
1737,0.9225000000000001,0.05
1738,0.7525000000000001,0.05
1739,1.05,0.05
1740,0.42874999999999974,0.05
1741,0.6737499999999998,0.05
1742,-0.10999999999999965,0.05
1743,0.5062499999999998,0.05
1744,-2.912500000000001,0.05
1745,0.775,0.05
1746,0.7124999999999998,0.05
1747,1.1675,0.05
1748,0.056250000000000355,0.05
1749,0.7849999999999999,0.05
1750,0.6887499999999999,0.05
1751,0.9637500000000001,0.05
1752,0.9225000000000001,0.05
1753,1.27625,0.05
1754,0.1625000000000001,0.05
1755,1.2537500000000001,0.05
1756,-2.6687500000000006,0.05
1757,0.7962499999999999,0.05
1758,-0.38499999999999934,0.05
1759,0.9200000000000002,0.05
1760,1.1175000000000002,0.05
1761,1.08125,0.05
1762,1.28875,0.05
1763,0.3699999999999999,0.05
1764,0.7137499999999999,0.05
1765,0.6912499999999999,0.05
1766,0.3737499999999996,0.05
1767,1.05875,0.05
1768,-0.8175000000000001,0.05
1769,1.1187500000000001,0.05
1770,0.8675,0.05
1771,0.97875,0.05
1772,-0.029999999999999805,0.05
1773,0.8775000000000001,0.05
1774,0.9237500000000001,0.05
1775,0.7599999999999999,0.05
1776,1.16625,0.05
1777,1.08875,0.05
1778,1.04,0.05
1779,0.5812499999999998,0.05
1780,1.23875,0.05
1781,0.21750000000000003,0.05
1782,0.6674999999999999,0.05
1783,0.81375,0.05
1784,0.93,0.05
1785,0.38249999999999984,0.05
1786,0.90625,0.05
1787,1.54125,0.05
1788,0.8875,0.05
1789,-0.062499999999999556,0.05
1790,1.1,0.05
1791,1.02625,0.05
1792,1.27125,0.05
1793,1.0037500000000001,0.05
1794,1.165,0.05
1795,0.5162499999999997,0.05
1796,1.05875,0.05
1797,1.1125,0.05
1798,0.6762499999999999,0.05
1799,0.72625,0.05
1800,0.90125,0.05
1801,0.44999999999999973,0.05
1802,0.4137499999999996,0.05
1803,1.2725,0.05
1804,1.2400000000000002,0.05
1805,0.8049999999999999,0.05
1806,0.7149999999999999,0.05
1807,1.3562500000000002,0.05
1808,0.7637499999999999,0.05
1809,1.1075,0.05
1810,1.00625,0.05
1811,1.0275,0.05
1812,1.2737500000000002,0.05
1813,1.0987500000000001,0.05
1814,0.3074999999999999,0.05
1815,-0.3662499999999993,0.05
1816,1.07,0.05
1817,1.11625,0.05
1818,0.7687499999999999,0.05
1819,0.81875,0.05
1820,1.0875000000000001,0.05
1821,0.6487499999999998,0.05
1822,1.08375,0.05
1823,0.3462499999999997,0.05
1824,0.8962500000000001,0.05
1825,0.9850000000000001,0.05
1826,0.14124999999999988,0.05
1827,-2.8562500000000006,0.05
1828,-0.93625,0.05
1829,0.82,0.05
1830,0.43374999999999964,0.05
1831,1.13375,0.05
1832,0.79875,0.05
1833,0.89125,0.05
1834,1.12625,0.05
1835,1.0,0.05
1836,0.9700000000000001,0.05
1837,0.4899999999999999,0.05
1838,1.04,0.05
1839,1.03875,0.05
1840,0.69,0.05
1841,0.825,0.05
1842,1.45,0.05
1843,0.6362500000000001,0.05
1844,0.3537499999999998,0.05
1845,0.88,0.05
1846,1.155,0.05
1847,1.01,0.05
1848,1.045,0.05
1849,0.7762499999999999,0.05
1850,-2.8862500000000013,0.05
1851,1.19875,0.05
1852,0.6862499999999998,0.05
1853,0.9725000000000001,0.05
1854,1.17,0.05
1855,0.78,0.05
1856,1.27875,0.05
1857,1.01625,0.05
1858,0.98875,0.05
1859,0.8225,0.05
1860,0.6499999999999998,0.05
1861,0.84125,0.05
1862,0.79375,0.05
1863,1.0750000000000002,0.05
1864,0.7499999999999999,0.05
1865,0.705,0.05
1866,1.0950000000000002,0.05
1867,1.12625,0.05
1868,1.08,0.05
1869,1.3675000000000002,0.05
1870,0.89625,0.05
1871,0.9875,0.05
1872,0.93,0.05
1873,1.26625,0.05
1874,0.5749999999999997,0.05
1875,1.235,0.05
1876,1.125,0.05
1877,0.78625,0.05
1878,-0.5599999999999994,0.05
1879,1.50875,0.05
1880,1.34375,0.05
1881,0.695,0.05
1882,0.5862499999999999,0.05
1883,0.9437500000000001,0.05
1884,-0.35374999999999934,0.05
1885,1.0637500000000002,0.05
1886,1.0975000000000001,0.05
1887,0.5812499999999997,0.05
1888,1.03375,0.05
1889,1.18375,0.05
1890,0.5424999999999996,0.05
1891,1.0025,0.05
1892,1.11375,0.05
1893,1.04125,0.05
1894,0.81125,0.05
1895,1.185,0.05
1896,1.26,0.05
1897,0.85,0.05
1898,0.9700000000000001,0.05
1899,0.80375,0.05
1900,1.185,0.05
1901,0.6662499999999998,0.05
1902,0.5999999999999999,0.05
1903,0.9537500000000001,0.05
1904,0.70375,0.05
1905,0.9850000000000001,0.05
1906,0.4087499999999997,0.05
1907,0.6912499999999998,0.05
1908,1.1300000000000001,0.05
1909,0.8375,0.05
1910,1.405,0.05
1911,1.2637500000000002,0.05
1912,0.9237500000000001,0.05
1913,0.8350000000000001,0.05
1914,0.7337500000000002,0.05
1915,0.9137500000000001,0.05
1916,-0.0224999999999993,0.05
1917,-1.0512499999999998,0.05
1918,0.8775000000000001,0.05
1919,0.9112500000000001,0.05
1920,1.19875,0.05
1921,0.78,0.05
1922,1.2862500000000001,0.05
1923,0.9062500000000001,0.05
1924,0.9712500000000001,0.05
1925,0.48375,0.05
1926,1.1675,0.05
1927,1.15125,0.05
1928,0.6212499999999999,0.05
1929,0.8375,0.05
1930,0.18500000000000005,0.05
1931,0.78625,0.05
1932,1.0037500000000001,0.05
1933,0.7487499999999999,0.05
1934,0.6574999999999998,0.05
1935,1.32125,0.05
1936,1.1500000000000001,0.05
1937,0.77625,0.05
1938,0.9712500000000001,0.05
1939,0.8250000000000001,0.05
1940,0.6912499999999999,0.05
1941,1.11375,0.05
1942,0.10500000000000043,0.05
1943,1.01625,0.05
1944,0.6112500000000002,0.05
1945,0.9600000000000001,0.05
1946,0.012500000000000178,0.05
1947,0.94125,0.05
1948,0.6799999999999999,0.05
1949,0.1712499999999999,0.05
1950,0.24249999999999994,0.05
1951,0.94625,0.05
1952,1.01125,0.05
1953,0.925,0.05
1954,0.8912500000000001,0.05
1955,-0.6249999999999998,0.05
1956,0.88,0.05
1957,0.93,0.05
1958,1.2225000000000001,0.05
1959,1.2175,0.05
1960,1.4312500000000001,0.05
1961,1.39375,0.05
1962,-0.16374999999999962,0.05
1963,1.1300000000000001,0.05
1964,0.4462499999999997,0.05
1965,0.84,0.05
1966,0.03375000000000017,0.05
1967,1.2525,0.05
1968,0.41625,0.05
1969,1.22125,0.05
1970,0.30999999999999983,0.05
1971,0.15999999999999948,0.05
1972,0.6474999999999997,0.05
1973,0.875,0.05
1974,1.12375,0.05
1975,1.01,0.05
1976,0.9800000000000001,0.05
1977,1.1175000000000002,0.05
1978,1.0762500000000002,0.05
1979,0.5249999999999998,0.05
1980,1.17375,0.05
1981,0.36624999999999996,0.05
1982,1.0437500000000002,0.05
1983,0.6774999999999999,0.05
1984,0.8912500000000001,0.05
1985,1.18625,0.05
1986,0.9712500000000001,0.05
1987,1.40375,0.05
1988,-0.8287500000000001,0.05
1989,0.8300000000000001,0.05
1990,1.0362500000000001,0.05
1991,0.79875,0.05
1992,1.165,0.05
1993,1.1625,0.05
1994,0.8125,0.05
1995,1.0350000000000001,0.05
1996,0.89875,0.05
1997,1.1675,0.05
1998,0.1750000000000005,0.05
1999,1.1675,0.05
2000,0.9637500000000001,0.05
2001,0.4149999999999996,0.05
2002,0.895,0.05
2003,0.8675,0.05
2004,0.8375,0.05
2005,1.28375,0.05
2006,1.2125000000000001,0.05
2007,1.155,0.05
2008,1.3175000000000001,0.05
2009,1.0250000000000001,0.05
2010,0.29249999999999976,0.05
2011,0.8900000000000001,0.05
2012,0.8875,0.05
2013,1.2625000000000002,0.05
2014,0.6412499999999998,0.05
2015,0.895,0.05
2016,0.7525,0.05
2017,1.0762500000000002,0.05
2018,1.0425,0.05
2019,1.0275,0.05
2020,1.01625,0.05
2021,1.19,0.05
2022,1.3250000000000002,0.05
2023,1.0975000000000001,0.05
2024,1.0562500000000001,0.05
2025,0.7487499999999999,0.05
2026,0.65875,0.05
2027,1.06,0.05
2028,1.105,0.05
2029,-0.7199999999999995,0.05
2030,0.7512499999999999,0.05
2031,1.1475000000000002,0.05
2032,-0.1962499999999996,0.05
2033,0.92,0.05
2034,1.12625,0.05
2035,0.6049999999999999,0.05
2036,1.09375,0.05
2037,1.12625,0.05
2038,1.09375,0.05
2039,0.8675,0.05
2040,0.6662499999999998,0.05
2041,0.7649999999999999,0.05
2042,0.86125,0.05
2043,1.18375,0.05
2044,1.11625,0.05
2045,1.0775000000000001,0.05
2046,-0.5512499999999991,0.05
2047,0.7512500000000001,0.05
2048,0.91,0.05
2049,0.93625,0.05
2050,1.145,0.05
2051,0.5812499999999997,0.05
2052,0.84125,0.05
2053,1.1425,0.05
2054,0.9425,0.05
2055,0.4399999999999997,0.05
2056,0.4937499999999997,0.05
2057,1.0875000000000001,0.05
2058,0.825,0.05
2059,1.1175000000000002,0.05
2060,1.4775,0.05
2061,1.0350000000000001,0.05
2062,0.6349999999999999,0.05
2063,0.8375,0.05
2064,0.9825000000000002,0.05
2065,1.02125,0.05
2066,1.1187500000000001,0.05
2067,-2.8562500000000006,0.05
2068,0.96125,0.05
2069,1.335,0.05
2070,1.385,0.05
2071,0.74,0.05
2072,1.0675000000000001,0.05
2073,0.6749999999999998,0.05
2074,0.7699999999999999,0.05
2075,1.0575,0.05
2076,0.82,0.05
2077,1.1325,0.05
2078,1.475,0.05
2079,1.1287500000000001,0.05
2080,1.34,0.05
2081,0.74875,0.05
2082,1.0,0.05
2083,1.065,0.05
2084,0.43374999999999964,0.05
2085,0.79625,0.05
2086,1.02,0.05
2087,0.6799999999999999,0.05
2088,1.23625,0.05
2089,1.1375000000000002,0.05
2090,1.15375,0.05
2091,1.0350000000000001,0.05
2092,0.935,0.05
2093,0.46999999999999964,0.05
2094,0.93625,0.05
2095,0.7449999999999999,0.05
2096,1.16375,0.05
2097,0.9525000000000001,0.05
2098,1.03875,0.05
2099,1.07125,0.05
2100,1.12375,0.05
2101,0.88,0.05
2102,0.49499999999999966,0.05
2103,1.0525000000000002,0.05
2104,1.09375,0.05
2105,0.9287500000000001,0.05
2106,1.06125,0.05
2107,0.9450000000000001,0.05
2108,-0.27624999999999944,0.05
2109,1.16625,0.05
2110,0.96625,0.05
2111,1.1187500000000001,0.05
2112,1.0662500000000001,0.05
2113,1.00625,0.05
2114,0.8125,0.05
2115,0.9337500000000001,0.05
2116,0.93,0.05
2117,1.47625,0.05
2118,1.08875,0.05
2119,1.0325000000000002,0.05
2120,1.3587500000000001,0.05
2121,0.6787499999999999,0.05
2122,1.13375,0.05
2123,1.1800000000000002,0.05
2124,-2.862500000000001,0.05
2125,0.63625,0.05
2126,1.06125,0.05
2127,1.55,0.05
2128,1.38125,0.05
2129,1.03375,0.05
2130,1.3562500000000002,0.05
2131,0.9287500000000001,0.05
2132,0.9587500000000001,0.05
2133,1.09625,0.05
2134,0.6537499999999998,0.05
2135,0.9325000000000001,0.05
2136,1.0237500000000002,0.05
2137,1.10375,0.05
2138,0.4049999999999996,0.05
2139,0.84125,0.05
2140,1.07625,0.05
2141,0.875,0.05
2142,1.4900000000000002,0.05
2143,0.97125,0.05
2144,0.78,0.05
2145,0.9287500000000001,0.05
2146,0.7625,0.05
2147,1.13375,0.05
2148,1.00875,0.05
2149,1.00625,0.05
2150,1.00875,0.05
2151,1.05125,0.05
2152,0.9650000000000001,0.05
2153,0.87875,0.05
2154,1.11,0.05
2155,0.85875,0.05
2156,1.02625,0.05
2157,1.25875,0.05
2158,0.9637500000000001,0.05
2159,1.1175000000000002,0.05
2160,0.94125,0.05
2161,0.83625,0.05
2162,1.21,0.05
2163,1.09625,0.05
2164,0.8375,0.05
2165,0.9475,0.05
2166,1.37,0.05
2167,1.0237500000000002,0.05
2168,0.885,0.05
2169,1.0237500000000002,0.05
2170,1.085,0.05
2171,1.0975000000000001,0.05
2172,-2.9950000000000006,0.05
2173,0.9587500000000001,0.05
2174,0.8675,0.05
2175,1.1287500000000001,0.05
2176,1.03125,0.05
2177,0.9525000000000001,0.05
2178,0.9950000000000001,0.05
2179,1.19,0.05
2180,0.99,0.05
2181,0.9475,0.05
2182,1.0137500000000002,0.05
2183,0.6925000000000001,0.05
2184,0.6999999999999998,0.05
2185,0.8725,0.05
2186,0.9712500000000002,0.05
2187,0.11125000000000007,0.05
2188,1.15625,0.05
2189,1.1,0.05
2190,0.895,0.05
2191,1.2000000000000002,0.05
2192,-0.07499999999999996,0.05
2193,0.22124999999999995,0.05
2194,1.04,0.05
2195,0.7324999999999999,0.05
2196,-2.8562500000000006,0.05
2197,1.2525,0.05
2198,0.6887499999999999,0.05
2199,0.9525000000000001,0.05
2200,0.7324999999999999,0.05
2201,0.9475,0.05
2202,1.26625,0.05
2203,0.77625,0.05
2204,0.8075,0.05
2205,1.0437500000000002,0.05
2206,1.1625,0.05
2207,1.07875,0.05
2208,0.97875,0.05
2209,0.98875,0.05
2210,0.51875,0.05
2211,0.23249999999999993,0.05
2212,1.23125,0.05
2213,1.1375000000000002,0.05
2214,1.3425,0.05
2215,0.745,0.05
2216,1.1487500000000002,0.05
2217,1.04,0.05
2218,0.9175000000000001,0.05
2219,1.1287500000000001,0.05
2220,0.75,0.05
2221,1.19875,0.05
2222,0.15999999999999992,0.05
2223,1.0750000000000002,0.05
2224,1.02625,0.05
2225,0.935,0.05
2226,1.215,0.05
2227,0.6224999999999999,0.05
2228,0.5562499999999999,0.05
2229,0.62375,0.05
2230,1.09375,0.05
2231,1.1087500000000001,0.05
2232,0.8975000000000001,0.05
2233,0.9937500000000001,0.05
2234,1.17375,0.05
2235,1.135,0.05
2236,0.83,0.05
2237,0.9450000000000001,0.05
2238,0.3837499999999998,0.05
2239,0.96625,0.05
2240,0.6824999999999999,0.05
2241,1.3525,0.05
2242,0.9512500000000002,0.05
2243,0.96625,0.05
2244,1.1625,0.05
2245,1.1325,0.05
2246,1.155,0.05
2247,0.7775,0.05
2248,-0.23374999999999924,0.05
2249,1.18375,0.05
2250,1.1487500000000002,0.05
2251,1.0075,0.05
2252,0.68875,0.05
2253,0.9475000000000001,0.05
2254,0.9475,0.05
2255,0.9650000000000001,0.05
2256,1.0575,0.05
2257,0.7074999999999999,0.05
2258,0.8225,0.05
2259,1.225,0.05
2260,0.9475,0.05
2261,1.1725,0.05
2262,0.6412499999999998,0.05
2263,-0.07624999999999993,0.05
2264,1.1800000000000002,0.05
2265,0.9737500000000001,0.05
2266,1.175,0.05
2267,1.20375,0.05
2268,0.8350000000000001,0.05
2269,0.7212499999999998,0.05
2270,1.07125,0.05
2271,1.2025000000000001,0.05
2272,-0.2999999999999996,0.05
2273,1.14625,0.05
2274,1.1187500000000001,0.05
2275,1.11625,0.05
2276,0.8125,0.05
2277,1.20375,0.05
2278,1.0762500000000002,0.05
2279,0.3125,0.05
2280,1.09375,0.05
2281,0.90375,0.05
2282,0.91625,0.05
2283,0.6424999999999998,0.05
2284,0.9862500000000001,0.05
2285,0.88,0.05
2286,1.08,0.05
2287,0.9650000000000001,0.05
2288,1.20375,0.05
2289,1.08,0.05
2290,0.7149999999999999,0.05
2291,0.8049999999999999,0.05
2292,0.9687500000000001,0.05
2293,0.8375,0.05
2294,1.25,0.05
2295,0.6187499999999999,0.05
2296,0.73125,0.05
2297,0.8475,0.05
2298,1.105,0.05
2299,1.07,0.05
2300,1.1487500000000002,0.05
2301,1.1,0.05
2302,0.905,0.05
2303,0.8175,0.05
2304,1.0625,0.05
2305,1.02875,0.05
2306,0.7324999999999999,0.05
2307,1.0637500000000002,0.05
2308,1.0225000000000002,0.05
2309,0.8375,0.05
2310,1.09875,0.05
2311,1.0075,0.05
2312,0.86125,0.05
2313,0.9700000000000001,0.05
2314,1.115,0.05
2315,0.85875,0.05
2316,0.9325000000000001,0.05
2317,0.9137500000000001,0.05
2318,1.0075,0.05
2319,0.7162499999999999,0.05
2320,0.6599999999999998,0.05
2321,0.6899999999999998,0.05
2322,1.2650000000000001,0.05
2323,0.31999999999999984,0.05
2324,1.1475,0.05
2325,0.78,0.05
2326,1.0050000000000001,0.05
2327,1.3250000000000002,0.05
2328,0.36624999999999974,0.05
2329,0.77625,0.05
2330,0.6599999999999998,0.05
2331,0.915,0.05
2332,-0.10749999999999993,0.05
2333,1.02,0.05
2334,1.2725,0.05
2335,1.24,0.05
2336,0.9637500000000001,0.05
2337,0.9837500000000001,0.05
2338,0.9700000000000001,0.05
2339,0.97875,0.05
2340,0.88625,0.05
2341,1.205,0.05
2342,1.11625,0.05
2343,1.1075,0.05
2344,0.7775000000000001,0.05
2345,0.9512500000000002,0.05
2346,0.91625,0.05
2347,1.1387500000000002,0.05
2348,1.0425,0.05
2349,0.8225,0.05
2350,1.0350000000000001,0.05
2351,1.45375,0.05
2352,0.8062499999999999,0.05
2353,1.0025,0.05
2354,0.825,0.05
2355,0.9850000000000001,0.05
2356,0.7675,0.05
2357,1.1187500000000001,0.05
2358,1.03875,0.05
2359,1.02125,0.05
2360,-0.006249999999999867,0.05
2361,1.03,0.05
2362,1.05375,0.05
2363,1.2475,0.05
2364,1.11625,0.05
2365,0.88125,0.05
2366,0.5899999999999999,0.05
2367,0.845,0.05
2368,-2.9687499999999996,0.05
2369,0.93125,0.05
2370,0.94625,0.05
2371,-1.3749999999999991,0.05
2372,1.02,0.05
2373,1.245,0.05
2374,0.3362499999999997,0.05
2375,1.4625000000000001,0.05
2376,0.86125,0.05
2377,0.9850000000000001,0.05
2378,0.4712499999999996,0.05
2379,1.085,0.05
2380,1.18625,0.05
2381,1.52625,0.05
2382,0.8350000000000001,0.05
2383,0.825,0.05
2384,0.5149999999999998,0.05
2385,-0.02499999999999991,0.05
2386,0.86125,0.05
2387,0.7587499999999999,0.05
2388,1.07,0.05
2389,1.20375,0.05
2390,0.9700000000000001,0.05
2391,1.0450000000000002,0.05
2392,0.4712499999999996,0.05
2393,0.95125,0.05
2394,0.86875,0.05
2395,1.0325000000000002,0.05
2396,0.8975000000000001,0.05
2397,1.07375,0.05
2398,0.7025,0.05
2399,1.11,0.05
2400,-3.9524999999999983,0.05
2401,1.1275,0.05
2402,0.7699999999999999,0.05
2403,0.85,0.05
2404,0.9912500000000001,0.05
2405,0.9512500000000002,0.05
2406,1.1175000000000002,0.05
2407,0.9775,0.05
2408,1.2000000000000002,0.05
2409,0.6899999999999998,0.05
2410,0.6412499999999998,0.05
2411,1.085,0.05
2412,1.12125,0.05
2413,0.8925000000000001,0.05
2414,1.2337500000000001,0.05
2415,1.22625,0.05
2416,1.175,0.05
2417,0.7675,0.05
2418,1.0562500000000001,0.05
2419,1.1425,0.05
2420,0.6499999999999998,0.05
2421,1.13375,0.05
2422,1.02125,0.05
2423,1.155,0.05
2424,1.1625,0.05
2425,0.875,0.05
2426,0.6749999999999999,0.05
2427,1.08875,0.05
2428,1.07,0.05
2429,-2.843750000000001,0.05
2430,0.8775,0.05
2431,1.00625,0.05
2432,-2.7875000000000005,0.05
2433,0.6937499999999999,0.05
2434,0.4712499999999996,0.05
2435,1.01625,0.05
2436,0.8675,0.05
2437,0.7074999999999999,0.05
2438,1.33875,0.05
2439,1.27875,0.05
2440,0.9650000000000001,0.05
2441,0.6224999999999998,0.05
2442,0.8962500000000001,0.05
2443,0.6962499999999998,0.05
2444,0.935,0.05
2445,1.06,0.05
2446,0.7074999999999999,0.05
2447,1.0375,0.05
2448,0.9712500000000001,0.05
2449,0.9862500000000001,0.05
2450,0.835,0.05
2451,1.1625,0.05
2452,0.99,0.05
2453,1.39125,0.05
2454,0.935,0.05
2455,1.0250000000000001,0.05
2456,1.1087500000000001,0.05
2457,1.3262500000000002,0.05
2458,1.12125,0.05
2459,1.00875,0.05
2460,0.7499999999999999,0.05
2461,0.8862500000000001,0.05
2462,0.9875,0.05
2463,0.9425000000000001,0.05
2464,0.8625,0.05
2465,0.7775,0.05
2466,1.1625,0.05
2467,1.0012500000000002,0.05
2468,1.0662500000000001,0.05
2469,0.905,0.05
2470,0.7637499999999999,0.05
2471,0.9475,0.05
2472,0.98,0.05
2473,1.07375,0.05
2474,0.935,0.05
2475,1.30375,0.05
2476,1.09375,0.05
2477,1.1475,0.05
2478,0.7487499999999999,0.05
2479,1.5025000000000002,0.05
2480,0.5299999999999997,0.05
2481,1.115,0.05
2482,0.825,0.05
2483,1.0050000000000001,0.05
2484,1.1887500000000002,0.05
2485,1.05,0.05
2486,0.79,0.05
2487,0.9637500000000001,0.05
2488,1.0750000000000002,0.05
2489,0.9675,0.05
2490,0.94125,0.05
2491,1.26,0.05
2492,0.91625,0.05
2493,0.9287500000000001,0.05
2494,1.0050000000000001,0.05
2495,0.91125,0.05
2496,0.93,0.05
2497,1.0975000000000001,0.05
2498,0.84375,0.05
2499,1.0350000000000001,0.05
2500,0.6062499999999998,0.05
2501,0.23999999999999977,0.05
2502,0.6012500000000001,0.05
2503,1.0450000000000002,0.05
2504,0.8775,0.05
2505,1.3175000000000001,0.05
2506,1.54125,0.05
2507,1.06,0.05
2508,0.6599999999999998,0.05
2509,1.27625,0.05
2510,1.03875,0.05
2511,1.3987500000000002,0.05
2512,1.135,0.05
2513,1.0012500000000002,0.05
2514,0.15749999999999997,0.05
2515,0.7825,0.05
2516,0.5749999999999997,0.05
2517,0.28749999999999987,0.05
2518,1.48875,0.05
2519,0.815,0.05
2520,0.6037499999999998,0.05
2521,0.8962500000000001,0.05
2522,1.3325,0.05
2523,1.1,0.05
2524,0.9875,0.05
2525,1.07875,0.05
2526,1.08125,0.05
2527,1.0462500000000001,0.05
2528,1.1712500000000001,0.05
2529,0.65875,0.05
2530,0.89,0.05
2531,1.0375,0.05
2532,1.3450000000000002,0.05
2533,1.03875,0.05
2534,0.9875,0.05
2535,1.4725000000000001,0.05
2536,0.49999999999999967,0.05
2537,1.1175000000000002,0.05
2538,0.90375,0.05
2539,0.8075,0.05
2540,0.7925000000000001,0.05
2541,1.3,0.05
2542,1.32,0.05
2543,0.5849999999999997,0.05
2544,0.9875,0.05
2545,0.8125,0.05
2546,0.9700000000000001,0.05
2547,-0.037499999999999645,0.05
2548,1.29,0.05
2549,0.6949999999999998,0.05
2550,0.8662500000000001,0.05
2551,0.98875,0.05
2552,1.09375,0.05
2553,1.0350000000000001,0.05
2554,0.935,0.05
2555,1.12125,0.05
2556,1.2375,0.05
2557,1.1,0.05
2558,1.0450000000000002,0.05
2559,1.05,0.05
2560,0.8925000000000001,0.05
2561,1.26125,0.05
2562,1.31375,0.05
2563,1.095,0.05
2564,0.9475,0.05
2565,1.15625,0.05
2566,0.5187499999999997,0.05
2567,0.42249999999999965,0.05
2568,1.3487500000000001,0.05
2569,0.6599999999999999,0.05
2570,1.38125,0.05
2571,1.11625,0.05
2572,0.17000000000000015,0.05
2573,1.0825,0.05
2574,1.09,0.05
2575,0.9037500000000002,0.05
2576,0.27124999999999977,0.05
2577,1.46875,0.05
2578,0.9875,0.05
2579,0.7499999999999999,0.05
2580,0.34499999999999975,0.05
2581,0.8925000000000001,0.05
2582,0.7549999999999999,0.05
2583,0.7575,0.05
2584,1.215,0.05
2585,0.85,0.05
2586,0.8550000000000001,0.05
2587,0.7587499999999999,0.05
2588,1.435,0.05
2589,1.12,0.05
2590,0.9837500000000001,0.05
2591,1.2650000000000001,0.05
2592,0.8125,0.05
2593,0.8962500000000001,0.05
2594,1.40375,0.05
2595,0.4237499999999996,0.05
2596,0.93125,0.05
2597,0.9287500000000002,0.05
2598,1.24125,0.05
2599,1.30875,0.05
2600,0.08750000000000013,0.05
2601,0.8900000000000001,0.05
2602,1.26375,0.05
2603,1.3475000000000001,0.05
2604,1.0750000000000002,0.05
2605,-3.0100000000000007,0.05
2606,0.9275000000000001,0.05
2607,0.9287500000000001,0.05
2608,1.11375,0.05
2609,0.86,0.05
2610,1.04,0.05
2611,0.9137500000000001,0.05
2612,1.465,0.05
2613,0.6449999999999999,0.05
2614,0.94875,0.05
2615,0.7625,0.05
2616,1.0137500000000002,0.05
2617,-2.855000000000001,0.05
2618,0.935,0.05
2619,1.24875,0.05
2620,0.2549999999999999,0.05
2621,0.012499999999999956,0.05
2622,0.9687500000000001,0.05
2623,0.90625,0.05
2624,1.14375,0.05
2625,0.2812499999999998,0.05
2626,0.80375,0.05
2627,1.29875,0.05
2628,-2.9312500000000012,0.05
2629,0.9925,0.05
2630,1.1612500000000001,0.05
2631,1.0550000000000002,0.05
2632,-2.893750000000001,0.05
2633,0.87375,0.05
2634,0.18499999999999983,0.05
2635,1.26125,0.05
2636,1.23875,0.05
2637,0.9537500000000001,0.05
2638,0.6487499999999998,0.05
2639,-2.9687500000000013,0.05
2640,1.18125,0.05
2641,1.0437500000000002,0.05
2642,0.9712500000000001,0.05
2643,0.91,0.05
2644,0.83625,0.05
2645,-2.893750000000001,0.05
2646,1.11125,0.05
2647,1.25625,0.05
2648,0.7099999999999999,0.05
2649,1.54,0.05
2650,1.1300000000000001,0.05
2651,0.6724999999999999,0.05
2652,1.0575,0.05
2653,1.18625,0.05
2654,1.3487500000000001,0.05
2655,0.46499999999999975,0.05
2656,-2.9725000000000015,0.05
2657,0.02750000000000008,0.05
2658,0.91625,0.05
2659,-2.7375000000000007,0.05
2660,1.0987500000000001,0.05
2661,1.52625,0.05
2662,1.32125,0.05
2663,1.29125,0.05
2664,1.045,0.05
2665,0.5049999999999998,0.05
2666,0.9587500000000001,0.05
2667,0.85625,0.05
2668,0.96875,0.05
2669,0.011250000000000204,0.05
2670,1.20625,0.05
2671,1.165,0.05
2672,1.215,0.05
2673,0.69,0.05
2674,1.06875,0.05
2675,1.0875000000000001,0.05
2676,1.19875,0.05
2677,1.17625,0.05
2678,-2.818750000000001,0.05
2679,0.11875000000000013,0.05
2680,0.79375,0.05
2681,1.245,0.05
2682,0.93,0.05
2683,1.085,0.05
2684,0.9450000000000001,0.05
2685,1.2775,0.05
2686,1.0662500000000001,0.05
2687,0.16749999999999998,0.05
2688,0.15874999999999995,0.05
2689,-1.0700000000000005,0.05
2690,1.12,0.05
2691,0.34124999999999983,0.05
2692,0.7149999999999999,0.05
2693,1.045,0.05
2694,0.9912500000000001,0.05
2695,1.155,0.05
2696,0.8912500000000001,0.05
2697,0.9550000000000001,0.05
2698,1.0,0.05
2699,0.8912500000000001,0.05
2700,0.9725,0.05
2701,1.19875,0.05
2702,0.08625000000000016,0.05
2703,0.90625,0.05
2704,0.915,0.05
2705,1.08875,0.05
2706,0.9400000000000001,0.05
2707,1.295,0.05
2708,1.2537500000000001,0.05
2709,1.11625,0.05
2710,0.9525000000000001,0.05
2711,0.935,0.05
2712,1.07,0.05
2713,1.41625,0.05
2714,1.3262500000000002,0.05
2715,0.9175000000000001,0.05
2716,0.895,0.05
2717,0.9750000000000001,0.05
2718,1.02625,0.05
2719,0.7549999999999999,0.05
2720,1.185,0.05
2721,0.84125,0.05
2722,-2.930000000000001,0.05
2723,0.7849999999999999,0.05
2724,1.2400000000000002,0.05
2725,0.85375,0.05
2726,0.88,0.05
2727,1.02625,0.05
2728,1.02625,0.05
2729,0.96625,0.05
2730,0.9475,0.05
2731,0.875,0.05
2732,1.185,0.05
2733,1.2225000000000001,0.05
2734,0.3637499999999998,0.05
2735,0.84875,0.05
2736,0.925,0.05
2737,0.6412499999999999,0.05
2738,1.1075,0.05
2739,0.91625,0.05
2740,0.9512500000000002,0.05
2741,0.6399999999999998,0.05
2742,1.0237500000000002,0.05
2743,1.0050000000000001,0.05
2744,1.15,0.05
2745,1.1500000000000001,0.05
2746,0.9475,0.05
2747,1.4275000000000002,0.05
2748,1.0625,0.05
2749,0.9337500000000001,0.05
2750,0.7299999999999999,0.05
2751,0.9962500000000001,0.05
2752,0.3049999999999997,0.05
2753,0.43374999999999964,0.05
2754,0.7124999999999999,0.05
2755,0.34499999999999975,0.05
2756,1.0950000000000002,0.05
2757,0.32999999999999985,0.05
2758,0.82,0.05
2759,1.06,0.05
2760,0.9737500000000001,0.05
2761,0.705,0.05
2762,1.0050000000000001,0.05
2763,0.9687500000000001,0.05
2764,0.7024999999999999,0.05
2765,1.02125,0.05
2766,0.7725000000000001,0.05
2767,1.25,0.05
2768,0.9650000000000001,0.05
2769,0.5287499999999997,0.05
2770,1.0025000000000002,0.05
2771,0.6237499999999999,0.05
2772,1.00875,0.05
2773,1.155,0.05
2774,1.0325000000000002,0.05
2775,1.20375,0.05
2776,0.5312499999999998,0.05
2777,1.125,0.05
2778,1.375,0.05
2779,0.8350000000000001,0.05
2780,1.0325000000000002,0.05
2781,1.0025,0.05
2782,1.0750000000000002,0.05
2783,0.9875,0.05
2784,0.8775,0.05
2785,0.8012499999999999,0.05
2786,0.6524999999999999,0.05
2787,0.735,0.05
2788,1.26125,0.05
2789,0.8925000000000001,0.05
2790,1.1075,0.05
2791,0.5749999999999997,0.05
2792,0.89875,0.05
2793,0.88,0.05
2794,1.08,0.05
2795,0.96625,0.05
2796,1.00625,0.05
2797,0.9700000000000001,0.05
2798,1.2625000000000002,0.05
2799,0.92,0.05
2800,0.9650000000000001,0.05
2801,0.7875,0.05
2802,1.0575,0.05
2803,0.905,0.05
2804,0.8925000000000001,0.05
2805,1.13625,0.05
2806,0.9512500000000002,0.05
2807,0.8325,0.05
2808,0.98875,0.05
2809,0.88,0.05
2810,1.1300000000000001,0.05
2811,1.0550000000000002,0.05
2812,0.8075,0.05
2813,1.3625,0.05
2814,0.9637500000000001,0.05
2815,1.18125,0.05
2816,1.0462500000000001,0.05
2817,-2.932499999999999,0.05
2818,0.9850000000000001,0.05
2819,1.18625,0.05
2820,1.2425000000000002,0.05
2821,1.0975000000000001,0.05
2822,1.34375,0.05
2823,1.27875,0.05
2824,1.11,0.05
2825,1.0275,0.05
2826,1.08125,0.05
2827,0.6499999999999999,0.05
2828,0.895,0.05
2829,0.82375,0.05
2830,1.2950000000000002,0.05
2831,0.3599999999999999,0.05
2832,1.0637500000000002,0.05
2833,1.235,0.05
2834,-3.0137500000000004,0.05
2835,0.98,0.05
2836,1.1175000000000002,0.05
2837,0.8562500000000001,0.05
2838,1.0075,0.05
2839,-0.24499999999999966,0.05
2840,0.9850000000000001,0.05
2841,1.0625,0.05
2842,1.21625,0.05
2843,0.85,0.05
2844,0.8900000000000001,0.05
2845,0.9450000000000001,0.05
2846,1.38625,0.05
2847,1.1375000000000002,0.05
2848,0.9087500000000001,0.05
2849,0.98,0.05
2850,0.7312499999999998,0.05
2851,0.95125,0.05
2852,0.90375,0.05
2853,1.44875,0.05
2854,-0.1237499999999998,0.05
2855,0.5112499999999998,0.05
2856,1.5037500000000001,0.05
2857,0.935,0.05
2858,0.935,0.05
2859,0.35124999999999984,0.05
2860,0.85375,0.05
2861,0.6662499999999999,0.05
2862,1.3,0.05
2863,1.1612500000000001,0.05
2864,1.2625,0.05
2865,1.02125,0.05
2866,0.88,0.05
2867,1.09375,0.05
2868,0.6749999999999998,0.05
2869,1.1675,0.05
2870,1.12,0.05
2871,1.22125,0.05
2872,0.9287500000000001,0.05
2873,0.85375,0.05
2874,0.7762499999999999,0.05
2875,1.125,0.05
2876,0.8925000000000001,0.05
2877,1.00625,0.05
2878,0.88125,0.05
2879,1.155,0.05
2880,0.885,0.05
2881,0.38375000000000004,0.05
2882,1.16625,0.05
2883,0.6937499999999999,0.05
2884,0.7525000000000001,0.05
2885,1.22875,0.05
2886,0.84375,0.05
2887,1.1425,0.05
2888,1.0425,0.05
2889,0.6162499999999999,0.05
2890,0.9775,0.05
2891,0.85625,0.05
2892,1.19,0.05
2893,0.49124999999999963,0.05
2894,1.1487500000000002,0.05
2895,0.8300000000000001,0.05
2896,1.105,0.05
2897,1.2625000000000002,0.05
2898,0.7499999999999999,0.05
2899,1.1062500000000002,0.05
2900,1.0012500000000002,0.05
2901,1.0025,0.05
2902,0.81125,0.05
2903,1.1712500000000001,0.05
2904,1.08125,0.05
2905,1.3987500000000002,0.05
2906,1.245,0.05
2907,0.85875,0.05
2908,1.485,0.05
2909,0.9500000000000001,0.05
2910,-0.6387499999999995,0.05
2911,0.9875,0.05
2912,1.2625000000000002,0.05
2913,1.245,0.05
2914,0.96625,0.05
2915,1.1525,0.05
2916,1.24,0.05
2917,0.16500000000000004,0.05
2918,0.9875,0.05
2919,1.4175,0.05
2920,1.445,0.05
2921,1.24,0.05
2922,1.39125,0.05
2923,1.0550000000000002,0.05
2924,1.13125,0.05
2925,0.6387499999999998,0.05
2926,0.94625,0.05
2927,1.105,0.05
2928,1.16625,0.05
2929,1.375,0.05
2930,1.0525,0.05
2931,0.6887499999999999,0.05
2932,0.875,0.05
2933,-2.7487500000000007,0.05
2934,1.165,0.05
2935,1.11,0.05
2936,1.5037500000000001,0.05
2937,1.1600000000000001,0.05
2938,-1.0337500000000006,0.05
2939,0.8962500000000001,0.05
2940,0.935,0.05
2941,0.99,0.05
2942,0.6224999999999998,0.05
2943,1.15,0.05
2944,1.2537500000000001,0.05
2945,0.40625,0.05
2946,0.93,0.05
2947,0.3837499999999998,0.05
2948,0.88375,0.05
2949,1.4175,0.05
2950,0.7525000000000001,0.05
2951,0.8925000000000001,0.05
2952,0.83,0.05
2953,1.2225000000000001,0.05
2954,0.9700000000000001,0.05
2955,0.895,0.05
2956,1.4175,0.05
2957,1.175,0.05
2958,0.9825000000000002,0.05
2959,1.1975,0.05
2960,0.8062499999999999,0.05
2961,0.6837499999999999,0.05
2962,1.30875,0.05
2963,1.09,0.05
2964,0.1399999999999999,0.05
2965,1.2775,0.05
2966,0.96625,0.05
2967,0.5049999999999998,0.05
2968,1.1800000000000002,0.05
2969,1.28875,0.05
2970,1.0050000000000001,0.05
2971,1.06,0.05
2972,1.24,0.05
2973,0.9400000000000001,0.05
2974,1.4075,0.05
2975,1.1425,0.05
2976,1.27625,0.05
2977,1.24,0.05
2978,1.095,0.05
2979,0.6587499999999998,0.05
2980,1.26625,0.05
2981,-0.4037499999999996,0.05
2982,0.895,0.05
2983,0.895,0.05
2984,0.9837500000000001,0.05
2985,0.78125,0.05
2986,1.17375,0.05
2987,-3.384999999999999,0.05
2988,1.155,0.05
2989,1.0137500000000002,0.05
2990,0.9825000000000002,0.05
2991,1.02,0.05
2992,0.7949999999999999,0.05
2993,1.185,0.05
2994,1.2775,0.05
2995,0.8099999999999999,0.05
2996,1.1900000000000002,0.05
2997,-0.1537499999999996,0.05
2998,0.825,0.05
2999,0.8324999999999999,0.05
3000,0.6649999999999998,0.05
3001,1.34375,0.05
3002,0.8900000000000001,0.05
3003,0.9925000000000002,0.05
3004,1.1712500000000001,0.05
3005,1.025,0.05
3006,1.08,0.05
3007,0.8125,0.05
3008,0.855,0.05
3009,1.3725,0.05
3010,1.3575000000000002,0.05
3011,1.0137500000000002,0.05
3012,0.79,0.05
3013,1.32,0.05
3014,1.1525,0.05
3015,-0.47874999999999934,0.05
3016,0.9850000000000001,0.05
3017,-2.7937500000000006,0.05
3018,1.1,0.05
3019,0.16000000000000014,0.05
3020,0.7099999999999999,0.05
3021,0.865,0.05
3022,1.2025000000000001,0.05
3023,0.7699999999999999,0.05
3024,0.85375,0.05
3025,0.8125,0.05
3026,0.96625,0.05
3027,1.5687499999999999,0.05
3028,1.07375,0.05
3029,0.915,0.05
3030,1.2850000000000001,0.05
3031,0.89875,0.05
3032,1.15625,0.05
3033,0.9725000000000001,0.05
3034,0.9975,0.05
3035,1.2175,0.05
3036,1.27,0.05
3037,1.0562500000000001,0.05
3038,1.3075,0.05
3039,1.1175000000000002,0.05
3040,1.37125,0.05
3041,0.7162499999999999,0.05
3042,1.405,0.05
3043,1.1275,0.05
3044,0.96625,0.05
3045,0.91625,0.05
3046,0.3362499999999997,0.05
3047,0.845,0.05
3048,1.19,0.05
3049,1.09375,0.05
3050,0.5449999999999997,0.05
3051,1.24125,0.05
3052,0.7512499999999999,0.05
3053,1.09375,0.05
3054,1.14375,0.05
3055,0.9087500000000001,0.05
3056,1.0,0.05
3057,0.2300000000000002,0.05
3058,0.78625,0.05
3059,0.9900000000000001,0.05
3060,0.9600000000000001,0.05
3061,1.05,0.05
3062,0.46499999999999975,0.05
3063,0.8612500000000001,0.05
3064,0.9800000000000001,0.05
3065,1.1525,0.05
3066,1.07375,0.05
3067,1.235,0.05
3068,1.0750000000000002,0.05
3069,1.02625,0.05
3070,0.8875000000000001,0.05
3071,1.06125,0.05
3072,0.6924999999999999,0.05
3073,0.6599999999999998,0.05
3074,-1.0850000000000006,0.05
3075,1.47125,0.05
3076,0.9587500000000001,0.05
3077,0.8925000000000001,0.05
3078,0.6912499999999999,0.05
3079,1.48625,0.05
3080,0.9550000000000001,0.05
3081,0.9700000000000001,0.05
3082,0.8012499999999999,0.05
3083,0.86125,0.05
3084,1.1600000000000001,0.05
3085,1.45375,0.05
3086,0.9475,0.05
3087,1.2175,0.05
3088,0.5187499999999997,0.05
3089,1.2275,0.05
3090,0.715,0.05
3091,1.1150000000000002,0.05
3092,1.0987500000000001,0.05
3093,1.0,0.05
3094,1.07875,0.05
3095,1.29125,0.05
3096,1.0925,0.05
3097,0.88625,0.05
3098,1.20375,0.05
3099,1.27625,0.05
3100,1.1712500000000001,0.05
3101,1.33875,0.05
3102,0.9425,0.05
3103,1.4900000000000002,0.05
3104,0.8825,0.05
3105,1.22125,0.05
3106,0.9337500000000001,0.05
3107,-0.3487499999999999,0.05
3108,1.2225000000000001,0.05
3109,1.045,0.05
3110,1.0462500000000001,0.05
3111,0.8175,0.05
3112,1.10125,0.05
3113,1.0,0.05
3114,0.6887499999999999,0.05
3115,1.0562500000000001,0.05
3116,1.03875,0.05
3117,1.1300000000000001,0.05
3118,0.36499999999999977,0.05
3119,1.2075,0.05
3120,1.20875,0.05
3121,1.18375,0.05
3122,0.8625,0.05
3123,0.7025,0.05
3124,0.79375,0.05
3125,0.21500000000000008,0.05
3126,1.0450000000000002,0.05
3127,0.4462499999999996,0.05
3128,1.0975000000000001,0.05
3129,0.32499999999999996,0.05
3130,1.02125,0.05
3131,1.3175000000000001,0.05
3132,0.6362499999999999,0.05
3133,1.07875,0.05
3134,1.12,0.05
3135,1.4937500000000001,0.05
3136,1.1162500000000002,0.05
3137,1.01375,0.05
3138,1.08875,0.05
3139,0.5175000000000001,0.05
3140,1.20875,0.05
3141,0.6462500000000001,0.05
3142,0.825,0.05
3143,1.2537500000000001,0.05
3144,0.9825000000000002,0.05
3145,1.1812500000000001,0.05
3146,1.095,0.05
3147,1.0750000000000002,0.05
3148,1.34375,0.05
3149,1.0375,0.05
3150,0.6012499999999998,0.05
3151,1.18125,0.05
3152,0.23499999999999988,0.05
3153,0.3362499999999997,0.05
3154,0.1100000000000001,0.05
3155,0.91625,0.05
3156,1.0637500000000002,0.05
3157,0.80375,0.05
3158,1.0075,0.05
3159,1.0425,0.05
3160,0.3474999999999997,0.05
3161,1.19875,0.05
3162,0.8375,0.05
3163,0.9137500000000001,0.05
3164,0.7825,0.05
3165,0.7675,0.05
3166,0.6737499999999998,0.05
3167,1.1625,0.05
3168,0.9112500000000001,0.05
3169,0.4674999999999999,0.05
3170,1.1812500000000001,0.05
3171,1.0137500000000002,0.05
3172,0.29249999999999976,0.05
3173,0.9650000000000001,0.05
3174,0.8725,0.05
3175,0.96625,0.05
3176,1.1625,0.05
3177,1.0137500000000002,0.05
3178,0.1625000000000001,0.05
3179,1.4312500000000001,0.05
3180,0.99375,0.05
3181,0.8049999999999999,0.05
3182,0.94125,0.05
3183,0.8912500000000001,0.05
3184,0.96125,0.05
3185,1.04,0.05
3186,0.2024999999999999,0.05
3187,1.2575,0.05
3188,0.825,0.05
3189,0.9600000000000001,0.05
3190,1.0237500000000002,0.05
3191,1.165,0.05
3192,1.065,0.05
3193,1.1525,0.05
3194,1.3075,0.05
3195,0.6949999999999998,0.05
3196,1.2200000000000002,0.05
3197,0.5499999999999998,0.05
3198,0.18500000000000005,0.05
3199,1.07875,0.05
3200,-0.6449999999999994,0.05
3201,0.85,0.05
3202,1.185,0.05
3203,1.1,0.05
3204,0.5737499999999998,0.05
3205,1.10125,0.05
3206,0.6524999999999999,0.05
3207,0.925,0.05
3208,0.99,0.05
3209,0.9837500000000001,0.05
3210,1.12,0.05
3211,0.94125,0.05
3212,1.16625,0.05
3213,0.7549999999999999,0.05
3214,1.1400000000000001,0.05
3215,1.11125,0.05
3216,0.5474999999999998,0.05
3217,0.5487499999999996,0.05
3218,0.725,0.05
3219,1.07875,0.05
3220,0.49624999999999997,0.05
3221,0.9425,0.05
3222,0.81875,0.05
3223,1.18125,0.05
3224,0.88,0.05
3225,1.0025,0.05
3226,0.9337500000000001,0.05
3227,1.0137500000000002,0.05
3228,1.25875,0.05
3229,1.0075,0.05
3230,0.925,0.05
3231,1.00625,0.05
3232,0.92125,0.05
3233,1.0325000000000002,0.05
3234,0.775,0.05
3235,1.26,0.05
3236,1.02,0.05
3237,1.45,0.05
3238,0.92125,0.05
3239,1.39125,0.05
3240,0.91625,0.05
3241,0.9475,0.05
3242,1.43375,0.05
3243,1.0375,0.05
3244,0.9850000000000001,0.05
3245,0.7499999999999999,0.05
3246,1.105,0.05
3247,1.1687500000000002,0.05
3248,0.79375,0.05
3249,0.9600000000000001,0.05
3250,1.1725,0.05
3251,0.83625,0.05
3252,0.8625,0.05
3253,1.03875,0.05
3254,0.6412499999999999,0.05
3255,1.03875,0.05
3256,1.2650000000000001,0.05
3257,1.2725,0.05
3258,1.1300000000000001,0.05
3259,1.09,0.05
3260,1.01125,0.05
3261,1.32625,0.05
3262,1.20375,0.05
3263,0.6899999999999998,0.05
3264,1.44375,0.05
3265,1.05125,0.05
3266,0.5924999999999998,0.05
3267,1.295,0.05
3268,0.8975000000000001,0.05
3269,1.01875,0.05
3270,1.4625000000000001,0.05
3271,1.1300000000000001,0.05
3272,1.1800000000000002,0.05
3273,1.3,0.05
3274,0.9512500000000002,0.05
3275,0.99,0.05
3276,0.98875,0.05
3277,1.0250000000000001,0.05
3278,1.0012500000000002,0.05
3279,0.91625,0.05
3280,-0.7974999999999992,0.05
3281,1.1,0.05
3282,0.7999999999999999,0.05
3283,1.1975,0.05
3284,1.3625,0.05
3285,1.0662500000000001,0.05
3286,1.1887500000000002,0.05
3287,0.5449999999999997,0.05
3288,1.22875,0.05
3289,1.50875,0.05
3290,0.6774999999999999,0.05
3291,1.185,0.05
3292,0.86,0.05
3293,0.9700000000000001,0.05
3294,1.19375,0.05
3295,1.15,0.05
3296,1.125,0.05
3297,0.9325000000000001,0.05
3298,1.1062500000000002,0.05
3299,0.78,0.05
3300,1.01,0.05
3301,0.8287500000000001,0.05
3302,0.7687499999999999,0.05
3303,1.1062500000000002,0.05
3304,0.9475,0.05
3305,-0.7049999999999994,0.05
3306,1.11625,0.05
3307,0.94625,0.05
3308,0.85875,0.05
3309,0.9475,0.05
3310,-0.031249999999999556,0.05
3311,0.21999999999999975,0.05
3312,0.8625,0.05
3313,1.02,0.05
3314,1.20375,0.05
3315,1.01625,0.05
3316,0.68875,0.05
3317,0.82875,0.05
3318,1.01875,0.05
3319,0.8012499999999999,0.05
3320,1.02625,0.05
3321,1.14375,0.05
3322,-3.3762499999999993,0.05
3323,1.3175000000000001,0.05
3324,1.08,0.05
3325,1.08875,0.05
3326,1.17625,0.05
3327,1.0925,0.05
3328,0.7699999999999999,0.05
3329,0.9850000000000001,0.05
3330,1.07625,0.05
3331,1.4087500000000002,0.05
3332,0.94625,0.05
3333,0.6912499999999998,0.05
3334,0.8550000000000001,0.05
3335,0.9800000000000001,0.05
3336,-2.786250000000001,0.05
3337,1.18625,0.05
3338,1.04,0.05
3339,1.08125,0.05
3340,0.98875,0.05
3341,1.2225000000000001,0.05
3342,1.1187500000000001,0.05
3343,0.7399999999999999,0.05
3344,1.0762500000000002,0.05
3345,1.1425,0.05
3346,1.1800000000000002,0.05
3347,1.0562500000000001,0.05
3348,1.23125,0.05
3349,1.24625,0.05
3350,0.9475,0.05
3351,1.1,0.05
3352,1.0025,0.05
3353,0.8562500000000001,0.05
3354,1.0875000000000001,0.05
3355,1.15375,0.05
3356,0.4612499999999997,0.05
3357,-0.06499999999999972,0.05
3358,0.7599999999999999,0.05
3359,1.40375,0.05
3360,0.9837500000000001,0.05
3361,1.18375,0.05
3362,1.26625,0.05
3363,1.0,0.05
3364,1.425,0.05
3365,1.4125,0.05
3366,0.9425,0.05
3367,1.0025,0.05
3368,1.07875,0.05
3369,0.30999999999999983,0.05
3370,-2.6687500000000006,0.05
3371,0.8975000000000001,0.05
3372,0.8175,0.05
3373,1.0550000000000002,0.05
3374,1.0137500000000002,0.05
3375,0.925,0.05
3376,0.41124999999999967,0.05
3377,1.0750000000000002,0.05
3378,1.03875,0.05
3379,1.0925,0.05
3380,0.93,0.05
3381,0.9500000000000001,0.05
3382,0.9287500000000001,0.05
3383,0.6774999999999999,0.05
3384,1.2237500000000001,0.05
3385,0.84125,0.05
3386,0.8175,0.05
3387,0.27,0.05
3388,1.05,0.05
3389,1.0425,0.05
3390,0.5749999999999998,0.05
3391,0.855,0.05
3392,1.1675,0.05
3393,1.2375,0.05
3394,0.7825,0.05
3395,1.0,0.05
3396,0.8900000000000001,0.05
3397,0.7537499999999999,0.05
3398,0.6387499999999998,0.05
3399,1.09,0.05
3400,0.9275000000000001,0.05
3401,0.8049999999999999,0.05
3402,0.9337500000000001,0.05
3403,1.21625,0.05
3404,0.8062499999999999,0.05
3405,0.8175,0.05
3406,1.2225000000000001,0.05
3407,1.07125,0.05
3408,1.03875,0.05
3409,1.21625,0.05
3410,1.31125,0.05
3411,0.48499999999999965,0.05
3412,1.1500000000000001,0.05
3413,1.1075,0.05
3414,1.07375,0.05
3415,1.1087500000000001,0.05
3416,0.5612499999999998,0.05
3417,1.0987500000000001,0.05
3418,0.14625,0.05
3419,1.03875,0.05
3420,0.915,0.05
3421,1.11125,0.05
3422,1.27625,0.05
3423,0.6587499999999998,0.05
3424,0.8112499999999999,0.05
3425,1.1800000000000002,0.05
3426,0.96625,0.05
3427,1.08125,0.05
3428,1.44875,0.05
3429,0.9875,0.05
3430,0.7074999999999999,0.05
3431,1.1712500000000001,0.05
3432,1.0350000000000001,0.05
3433,0.6349999999999999,0.05
3434,0.82375,0.05
3435,0.79625,0.05
3436,1.045,0.05
3437,1.02625,0.05
3438,1.3162500000000001,0.05
3439,1.07625,0.05
3440,0.96625,0.05
3441,0.7899999999999999,0.05
3442,1.2437500000000001,0.05
3443,0.9850000000000001,0.05
3444,1.49875,0.05
3445,0.6149999999999999,0.05
3446,1.1125,0.05
3447,0.05500000000000016,0.05
3448,0.80125,0.05
3449,1.095,0.05
3450,1.4675,0.05
3451,1.15375,0.05
3452,0.98875,0.05
3453,0.96625,0.05
3454,1.0375,0.05
3455,0.9637500000000001,0.05
3456,1.1712500000000001,0.05
3457,1.16625,0.05
3458,0.6775000000000001,0.05
3459,1.07,0.05
3460,0.9375,0.05
3461,0.9612499999999999,0.05
3462,0.9775,0.05
3463,1.335,0.05
3464,0.6849999999999999,0.05
3465,0.9450000000000001,0.05
3466,0.4399999999999997,0.05
3467,0.85,0.05
3468,0.85125,0.05
3469,0.5449999999999998,0.05
3470,1.125,0.05
3471,1.04,0.05
3472,0.915,0.05
3473,0.7062499999999998,0.05
3474,1.1925000000000001,0.05
3475,0.7274999999999999,0.05
3476,0.9475000000000001,0.05
3477,0.78125,0.05
3478,0.8425,0.05
3479,1.01625,0.05
3480,1.07625,0.05
3481,-0.21499999999999964,0.05
3482,0.6837499999999999,0.05
3483,1.0225,0.05
3484,-0.3099999999999996,0.05
3485,1.30875,0.05
3486,1.02,0.05
3487,1.195,0.05
3488,0.20124999999999993,0.05
3489,1.1625,0.05
3490,1.0075,0.05
3491,1.48125,0.05
3492,-0.03624999999999989,0.05
3493,0.9750000000000001,0.05
3494,0.93,0.05
3495,1.07125,0.05
3496,0.89625,0.05
3497,0.7374999999999999,0.05
3498,0.9850000000000001,0.05
3499,1.2737500000000002,0.05
3500,1.2400000000000002,0.05
3501,1.0987500000000001,0.05
3502,1.28875,0.05
3503,1.435,0.05
3504,1.20625,0.05
3505,1.00875,0.05
3506,1.18375,0.05
3507,0.8925000000000001,0.05
3508,0.96625,0.05
3509,0.875,0.05
3510,1.215,0.05
3511,0.88,0.05
3512,1.02125,0.05
3513,1.09375,0.05
3514,1.2200000000000002,0.05
3515,1.1425,0.05
3516,0.9087500000000001,0.05
3517,0.8775000000000001,0.05
3518,0.7149999999999999,0.05
3519,0.875,0.05
3520,0.3174999999999999,0.05
3521,-2.8187500000000005,0.05
3522,1.0425,0.05
3523,1.105,0.05
3524,0.4374999999999998,0.05
3525,1.1125,0.05
3526,0.7675,0.05
3527,0.7875,0.05
3528,1.0625,0.05
3529,1.00875,0.05
3530,0.9650000000000001,0.05
3531,0.93,0.05
3532,0.23124999999999996,0.05
3533,1.44375,0.05
3534,0.9587500000000001,0.05
3535,1.17375,0.05
3536,1.15625,0.05
3537,0.9475,0.05
3538,-0.4662499999999994,0.05
3539,0.9325000000000001,0.05
3540,1.2437500000000001,0.05
3541,1.07,0.05
3542,0.7124999999999999,0.05
3543,1.31,0.05
3544,1.2275,0.05
3545,0.80375,0.05
3546,1.2475,0.05
3547,1.095,0.05
3548,0.9687500000000001,0.05
3549,1.235,0.05
3550,0.8900000000000001,0.05
3551,1.05,0.05
3552,1.0150000000000001,0.05
3553,1.1475,0.05
3554,0.90125,0.05
3555,0.9575,0.05
3556,1.0450000000000002,0.05
3557,1.2725,0.05
3558,1.0437500000000002,0.05
3559,1.0525,0.05
3560,1.2725000000000002,0.05
3561,0.9450000000000001,0.05
3562,1.25875,0.05
3563,1.2225000000000001,0.05
3564,1.1625,0.05
3565,1.04,0.05
3566,1.4575,0.05
3567,1.3137500000000002,0.05
3568,1.1,0.05
3569,1.0987500000000001,0.05
3570,0.8900000000000001,0.05
3571,1.225,0.05
3572,0.9637500000000001,0.05
3573,1.13875,0.05
3574,1.0662500000000001,0.05
3575,1.0437500000000002,0.05
3576,0.84125,0.05
3577,0.98,0.05
3578,1.2225000000000001,0.05
3579,0.6912499999999999,0.05
3580,1.12125,0.05
3581,0.7875,0.05
3582,0.98,0.05
3583,0.6587499999999998,0.05
3584,1.2237500000000001,0.05
3585,0.8350000000000001,0.05
3586,1.28125,0.05
3587,1.2225000000000001,0.05
3588,1.0050000000000001,0.05
3589,0.905,0.05
3590,-2.9975000000000005,0.05
3591,0.9725000000000001,0.05
3592,1.17,0.05
3593,1.23125,0.05
3594,1.18625,0.05
3595,1.03125,0.05
3596,0.8825,0.05
3597,1.3,0.05
3598,1.0925,0.05
3599,0.8775000000000001,0.05
3600,0.9700000000000001,0.05
3601,1.08125,0.05
3602,0.85875,0.05
3603,1.03,0.05
3604,1.3687500000000001,0.05
3605,1.3675000000000002,0.05
3606,1.2825000000000002,0.05
3607,0.85875,0.05
3608,1.0875000000000001,0.05
3609,0.6699999999999999,0.05
3610,0.6487499999999998,0.05
3611,0.9950000000000001,0.05
3612,0.82,0.05
3613,-0.23624999999999985,0.05
3614,-2.9937500000000012,0.05
3615,1.18875,0.05
3616,1.23125,0.05
3617,0.6349999999999999,0.05
3618,0.4949999999999998,0.05
3619,1.0425,0.05
3620,1.02625,0.05
3621,0.86125,0.05
3622,1.2525,0.05
3623,1.0250000000000001,0.05
3624,1.03375,0.05
3625,0.8800000000000001,0.05
3626,0.2687499999999998,0.05
3627,1.0012500000000002,0.05
3628,0.855,0.05
3629,0.7774999999999999,0.05
3630,1.0375,0.05
3631,1.27125,0.05
3632,1.0575,0.05
3633,1.0562500000000001,0.05
3634,-2.7375000000000007,0.05
3635,0.9112500000000001,0.05
3636,0.7487499999999999,0.05
3637,-2.875000000000001,0.05
3638,1.0625,0.05
3639,1.19375,0.05
3640,1.02,0.05
3641,1.0637500000000002,0.05
3642,1.38625,0.05
3643,1.0975000000000001,0.05
3644,1.09,0.05
3645,1.11125,0.05
3646,0.725,0.05
3647,0.86,0.05
3648,1.125,0.05
3649,0.91125,0.05
3650,1.14625,0.05
3651,0.8512500000000001,0.05
3652,1.1900000000000002,0.05
3653,0.7349999999999999,0.05
3654,0.91625,0.05
3655,1.4300000000000002,0.05
3656,1.1,0.05
3657,1.1800000000000002,0.05
3658,0.8099999999999999,0.05
3659,1.2225000000000001,0.05
3660,0.5512499999999997,0.05
3661,1.2425000000000002,0.05
3662,1.0237500000000002,0.05
3663,1.06125,0.05
3664,0.935,0.05
3665,0.9337500000000001,0.05
3666,1.23625,0.05
3667,1.06125,0.05
3668,1.13625,0.05
3669,1.51375,0.05
3670,1.00875,0.05
3671,1.215,0.05
3672,0.8900000000000001,0.05
3673,0.9850000000000001,0.05
3674,1.1262500000000002,0.05
3675,0.6699999999999999,0.05
3676,0.9612500000000002,0.05
3677,1.27125,0.05
3678,1.1300000000000001,0.05
3679,1.2112500000000002,0.05
3680,0.78625,0.05
3681,0.7324999999999999,0.05
3682,1.0050000000000001,0.05
3683,1.07375,0.05
3684,0.3112499999999996,0.05
3685,0.5212500000000001,0.05
3686,1.0325000000000002,0.05
3687,1.19875,0.05
3688,1.2962500000000001,0.05
3689,1.0975000000000001,0.05
3690,1.09125,0.05
3691,1.0175,0.05
3692,1.04,0.05
3693,0.88375,0.05
3694,1.19,0.05
3695,1.155,0.05
3696,0.895,0.05
3697,0.8500000000000001,0.05
3698,0.8012499999999999,0.05
3699,1.1300000000000001,0.05
3700,0.35499999999999976,0.05
3701,1.04875,0.05
3702,0.91,0.05
3703,1.19,0.05
3704,0.8562500000000001,0.05
3705,1.1162500000000002,0.05
3706,0.9850000000000001,0.05
3707,1.17875,0.05
3708,0.84125,0.05
3709,1.2725000000000002,0.05
3710,0.8975000000000002,0.05
3711,1.08125,0.05
3712,0.41874999999999973,0.05
3713,1.0025,0.05
3714,1.09625,0.05
3715,0.9525000000000001,0.05
3716,0.8975000000000001,0.05
3717,1.06,0.05
3718,1.205,0.05
3719,0.935,0.05
3720,0.9337500000000001,0.05
3721,0.96625,0.05
3722,0.9875,0.05
3723,1.13125,0.05
3724,1.1525,0.05
3725,1.02625,0.05
3726,0.8062499999999999,0.05
3727,1.0875000000000001,0.05
3728,0.825,0.05
3729,1.0975000000000001,0.05
3730,1.3275000000000001,0.05
3731,1.3225,0.05
3732,0.27375000000000016,0.05
3733,0.9425,0.05
3734,0.9325000000000001,0.05
3735,0.6599999999999999,0.05
3736,1.0350000000000001,0.05
3737,0.09250000000000003,0.05
3738,0.04875000000000007,0.05
3739,1.0875000000000001,0.05
3740,1.1300000000000001,0.05
3741,1.12,0.05
3742,1.29875,0.05
3743,1.2750000000000001,0.05
3744,0.9137500000000001,0.05
3745,0.9637500000000001,0.05
3746,0.81375,0.05
3747,1.1175000000000002,0.05
3748,1.0625,0.05
3749,1.115,0.05
3750,1.485,0.05
3751,0.5662499999999998,0.05
3752,0.805,0.05
3753,1.1325,0.05
3754,1.20875,0.05
3755,0.9775,0.05
3756,1.4625000000000001,0.05
3757,0.8975000000000001,0.05
3758,0.27374999999999994,0.05
3759,0.9962500000000001,0.05
3760,1.0012500000000002,0.05
3761,0.7149999999999999,0.05
3762,0.87375,0.05
3763,0.87875,0.05
3764,1.045,0.05
3765,1.33,0.05
3766,1.09,0.05
3767,0.7875,0.05
3768,0.9775,0.05
3769,1.1275,0.05
3770,0.96625,0.05
3771,0.93,0.05
3772,1.02,0.05
3773,1.02625,0.05
3774,1.15625,0.05
3775,1.27625,0.05
3776,-0.83375,0.05
3777,1.11,0.05
3778,1.1,0.05
3779,0.9400000000000001,0.05
3780,1.0350000000000001,0.05
3781,0.6912499999999998,0.05
3782,0.7049999999999998,0.05
3783,1.02625,0.05
3784,1.085,0.05
3785,1.21875,0.05
3786,1.25875,0.05
3787,0.8900000000000001,0.05
3788,1.11125,0.05
3789,0.8900000000000001,0.05
3790,0.6699999999999999,0.05
3791,0.9337500000000001,0.05
3792,1.04125,0.05
3793,0.9325,0.05
3794,1.21,0.05
3795,1.1687500000000002,0.05
3796,0.9325000000000001,0.05
3797,1.2550000000000001,0.05
3798,-2.8000000000000007,0.05
3799,1.06,0.05
3800,1.07,0.05
3801,0.65875,0.05
3802,0.4824999999999998,0.05
3803,-3.133749999999999,0.05
3804,0.84,0.05
3805,1.11375,0.05
3806,0.2912499999999998,0.05
3807,0.8075,0.05
3808,1.0675000000000001,0.05
3809,0.7675,0.05
3810,1.1525,0.05
3811,1.1812500000000001,0.05
3812,1.08375,0.05
3813,0.99875,0.05
3814,0.9762500000000001,0.05
3815,0.9775,0.05
3816,1.2650000000000001,0.05
3817,1.01875,0.05
3818,1.38125,0.05
3819,0.9850000000000001,0.05
3820,1.045,0.05
3821,1.4187500000000002,0.05
3822,1.08125,0.05
3823,0.7774999999999999,0.05
3824,1.1887500000000002,0.05
3825,1.1125,0.05
3826,1.13125,0.05
3827,1.33125,0.05
3828,1.02,0.05
3829,1.1087500000000001,0.05
3830,0.88625,0.05
3831,1.4725000000000001,0.05
3832,1.2200000000000002,0.05
3833,1.12625,0.05
3834,1.2075,0.05
3835,0.5137499999999999,0.05
3836,1.01625,0.05
3837,0.37999999999999967,0.05
3838,0.9637500000000001,0.05
3839,1.1175000000000002,0.05
3840,0.9600000000000001,0.05
3841,1.33875,0.05
3842,1.11375,0.05
3843,1.0225,0.05
3844,0.8200000000000001,0.05
3845,1.02625,0.05
3846,1.0987500000000001,0.05
3847,0.725,0.05
3848,1.09,0.05
3849,1.485,0.05
3850,1.0025,0.05
3851,1.09375,0.05
3852,1.2625000000000002,0.05
3853,0.9587500000000001,0.05
3854,1.0137500000000002,0.05
3855,1.0437500000000002,0.05
3856,1.5037500000000001,0.05
3857,0.8625,0.05
3858,0.6774999999999999,0.05
3859,0.6187499999999998,0.05
3860,1.0350000000000001,0.05
3861,1.1487500000000002,0.05
3862,1.4525000000000001,0.05
3863,1.18625,0.05
3864,0.6337499999999998,0.05
3865,0.6287499999999998,0.05
3866,1.3450000000000002,0.05
3867,1.0075,0.05
3868,1.21625,0.05
3869,1.1612500000000001,0.05
3870,0.8487500000000001,0.05
3871,1.07625,0.05
3872,0.73125,0.05
3873,1.1800000000000002,0.05
3874,0.85875,0.05
3875,1.20375,0.05
3876,0.82,0.05
3877,1.0075,0.05
3878,1.1675,0.05
3879,1.0,0.05
3880,1.20375,0.05
3881,1.2975,0.05
3882,1.02625,0.05
3883,1.1,0.05
3884,0.8375,0.05
3885,0.9900000000000001,0.05
3886,0.6849999999999998,0.05
3887,0.053750000000000187,0.05
3888,1.08,0.05
3889,1.135,0.05
3890,0.85625,0.05
3891,1.2525,0.05
3892,0.9850000000000001,0.05
3893,0.2962499999999999,0.05
3894,1.085,0.05
3895,0.9512500000000002,0.05
3896,1.24125,0.05
3897,0.80625,0.05
3898,0.6287499999999999,0.05
3899,1.13625,0.05
3900,1.0037500000000001,0.05
3901,1.12375,0.05
3902,0.7787499999999999,0.05
3903,0.7824999999999999,0.05
3904,1.0,0.05
3905,0.935,0.05
3906,0.6912499999999999,0.05
3907,1.1525,0.05
3908,1.1712500000000001,0.05
3909,1.44875,0.05
3910,1.12625,0.05
3911,1.02625,0.05
3912,1.4800000000000002,0.05
3913,1.09,0.05
3914,-0.10999999999999965,0.05
3915,1.2725000000000002,0.05
3916,1.35,0.05
3917,1.0750000000000002,0.05
3918,1.5362500000000001,0.05
3919,1.09375,0.05
3920,1.0575,0.05
3921,1.15375,0.05
3922,1.29875,0.05
3923,1.3362500000000002,0.05
3924,1.1525,0.05
3925,1.2000000000000002,0.05
3926,0.9287500000000001,0.05
3927,1.2112500000000002,0.05
3928,0.93,0.05
3929,1.1675,0.05
3930,1.0237500000000002,0.05
3931,1.3,0.05
3932,0.9437500000000001,0.05
3933,1.225,0.05
3934,1.1800000000000002,0.05
3935,0.98875,0.05
3936,0.8375,0.05
3937,0.9600000000000001,0.05
3938,0.44125000000000014,0.05
3939,0.45874999999999977,0.05
3940,0.98875,0.05
3941,0.8375,0.05
3942,1.095,0.05
3943,1.045,0.05
3944,1.39375,0.05
3945,1.0637500000000002,0.05
3946,0.9650000000000001,0.05
3947,1.26,0.05
3948,1.17,0.05
3949,1.155,0.05
3950,0.66625,0.05
3951,-1.0649999999999997,0.05
3952,0.7550000000000001,0.05
3953,1.045,0.05
3954,0.91625,0.05
3955,0.5249999999999997,0.05
3956,1.2,0.05
3957,1.11625,0.05
3958,0.07499999999999996,0.05
3959,1.2850000000000001,0.05
3960,1.3575000000000002,0.05
3961,1.2175,0.05
3962,1.53125,0.05
3963,0.925,0.05
3964,1.09,0.05
3965,1.0925,0.05
3966,1.38125,0.05
3967,0.80375,0.05
3968,-0.03624999999999989,0.05
3969,0.875,0.05
3970,0.8925000000000001,0.05
3971,1.51375,0.05
3972,1.00625,0.05
3973,-1.0875000000000006,0.05
3974,0.7675,0.05
3975,1.0575,0.05
3976,1.14375,0.05
3977,0.6612499999999998,0.05
3978,1.1675,0.05
3979,1.04,0.05
3980,1.1375000000000002,0.05
3981,1.135,0.05
3982,0.6037499999999998,0.05
3983,0.86,0.05
3984,1.31375,0.05
3985,1.045,0.05
3986,1.16625,0.05
3987,0.9450000000000001,0.05
3988,0.98875,0.05
3989,1.1887500000000002,0.05
3990,1.3875,0.05
3991,0.86375,0.05
3992,1.21625,0.05
3993,1.07375,0.05
3994,1.0150000000000001,0.05
3995,0.885,0.05
3996,0.5974999999999998,0.05
3997,0.85875,0.05
3998,0.9900000000000001,0.05
3999,1.2475,0.05
4000,0.9300000000000002,0.05
4001,0.94125,0.05
4002,1.01,0.05
4003,1.1487500000000002,0.05
4004,0.93,0.05
4005,0.9425000000000001,0.05
4006,0.9337500000000001,0.05
4007,0.765,0.05
4008,1.0050000000000001,0.05
4009,1.12,0.05
4010,0.84,0.05
4011,0.8600000000000001,0.05
4012,0.8099999999999999,0.05
4013,0.15749999999999997,0.05
4014,1.0575,0.05
4015,1.215,0.05
4016,1.11,0.05
4017,0.8475,0.05
4018,1.26125,0.05
4019,1.22125,0.05
4020,0.7299999999999999,0.05
4021,1.0925,0.05
4022,1.11125,0.05
4023,1.1500000000000001,0.05
4024,1.22875,0.05
4025,1.53125,0.05
4026,1.1425,0.05
4027,0.9837500000000001,0.05
4028,0.9500000000000001,0.05
4029,1.0362500000000001,0.05
4030,0.95625,0.05
4031,1.11625,0.05
4032,0.77625,0.05
4033,1.02625,0.05
4034,1.08125,0.05
4035,1.3687500000000001,0.05
4036,0.85875,0.05
4037,1.2725,0.05
4038,0.93,0.05
4039,1.2237500000000001,0.05
4040,1.4300000000000002,0.05
4041,0.6949999999999998,0.05
4042,1.04,0.05
4043,0.9700000000000001,0.05
4044,1.22625,0.05
4045,1.0450000000000002,0.05
4046,0.8925000000000001,0.05
4047,1.345,0.05
4048,0.9000000000000001,0.05
4049,0.85875,0.05
4050,1.21625,0.05
4051,1.1875,0.05
4052,1.0987500000000001,0.05
4053,0.805,0.05
4054,1.0012500000000002,0.05
4055,-0.09125000000000005,0.05
4056,0.9675,0.05
4057,0.5124999999999997,0.05
4058,1.2850000000000001,0.05
4059,0.6237499999999998,0.05
4060,1.34375,0.05
4061,1.23625,0.05
4062,1.0025,0.05
4063,0.6237499999999999,0.05
4064,0.8912500000000001,0.05
4065,0.8875000000000001,0.05
4066,0.9337500000000001,0.05
4067,0.3949999999999998,0.05
4068,1.51375,0.05
4069,0.10625000000000018,0.05
4070,1.225,0.05
4071,1.06125,0.05
4072,1.1725,0.05
4073,0.8962500000000001,0.05
4074,0.915,0.05
4075,1.22875,0.05
4076,0.04875000000000007,0.05
4077,0.90375,0.05
4078,0.9650000000000001,0.05
4079,-0.5624999999999993,0.05
4080,0.895,0.05
4081,1.3075,0.05
4082,1.2200000000000002,0.05
4083,1.2775,0.05
4084,0.85875,0.05
4085,1.5274999999999999,0.05
4086,0.8925000000000001,0.05
4087,1.4275000000000002,0.05
4088,0.85,0.05
4089,0.7124999999999999,0.05
4090,0.87875,0.05
4091,1.185,0.05
4092,1.0562500000000001,0.05
4093,0.9962500000000001,0.05
4094,0.8425,0.05
4095,1.27,0.05
4096,0.5474999999999999,0.05
4097,0.98,0.05
4098,1.0225,0.05
4099,1.02125,0.05
4100,1.1125,0.05
4101,1.2725,0.05
4102,0.96625,0.05
4103,1.0875000000000001,0.05
4104,1.0437500000000002,0.05
4105,1.1687500000000002,0.05
4106,1.07625,0.05
4107,1.0550000000000002,0.05
4108,1.3800000000000001,0.05
4109,1.2937500000000002,0.05
4110,1.2537500000000001,0.05
4111,0.5974999999999999,0.05
4112,0.905,0.05
4113,1.03375,0.05
4114,1.3725,0.05
4115,1.07875,0.05
4116,0.5637500000000002,0.05
4117,1.0750000000000002,0.05
4118,0.855,0.05
4119,1.215,0.05
4120,1.195,0.05
4121,1.11625,0.05
4122,1.4300000000000002,0.05
4123,0.6962499999999998,0.05
4124,0.875,0.05
4125,0.5424999999999998,0.05
4126,1.15625,0.05
4127,0.88,0.05
4128,0.9337500000000001,0.05
4129,1.1712500000000001,0.05
4130,1.115,0.05
4131,1.0437500000000002,0.05
4132,0.7775,0.05
4133,0.8612500000000001,0.05
4134,1.13625,0.05
4135,0.8175,0.05
4136,1.32,0.05
4137,-1.190000000000001,0.05
4138,1.0275,0.05
4139,0.91625,0.05
4140,0.8625,0.05
4141,0.9137500000000001,0.05
4142,-2.781250000000001,0.05
4143,1.11625,0.05
4144,0.85375,0.05
4145,0.7499999999999999,0.05
4146,1.185,0.05
4147,1.165,0.05
4148,1.24125,0.05
4149,0.9425,0.05
4150,1.0025000000000002,0.05
4151,1.06875,0.05
4152,1.4075,0.05
4153,0.925,0.05
4154,1.1712500000000001,0.05
4155,1.3525,0.05
4156,0.32999999999999985,0.05
4157,1.1375000000000002,0.05
4158,0.9425,0.05
4159,1.0450000000000002,0.05
4160,1.09375,0.05
4161,1.2275,0.05
4162,1.19,0.05
4163,1.1900000000000002,0.05
4164,1.375,0.05
4165,1.2525,0.05
4166,1.1525,0.05
4167,1.2825000000000002,0.05
4168,0.8900000000000001,0.05
4169,1.1975,0.05
4170,1.115,0.05
4171,1.3725,0.05
4172,1.31,0.05
4173,1.29875,0.05
4174,0.6787499999999999,0.05
4175,1.105,0.05
4176,1.0025000000000002,0.05
4177,1.0050000000000001,0.05
4178,0.8912500000000001,0.05
4179,1.0125000000000002,0.05
4180,1.11125,0.05
4181,0.91,0.05
4182,1.105,0.05
4183,1.5174999999999998,0.05
4184,1.23625,0.05
4185,1.04,0.05
4186,1.1425,0.05
4187,1.22125,0.05
4188,0.8049999999999999,0.05
4189,1.0925,0.05
4190,1.0825,0.05
4191,0.91625,0.05
4192,1.27625,0.05
4193,1.11,0.05
4194,1.02125,0.05
4195,1.33,0.05
4196,1.07875,0.05
4197,0.73125,0.05
4198,1.35,0.05
4199,0.9175000000000001,0.05
4200,0.7649999999999999,0.05
4201,1.21,0.05
4202,0.74625,0.05
4203,0.96875,0.05
4204,1.04,0.05
4205,0.4900000000000002,0.05
4206,1.13125,0.05
4207,0.9512500000000002,0.05
4208,0.8962500000000001,0.05
4209,1.36625,0.05
4210,1.1912500000000001,0.05
4211,1.295,0.05
4212,1.02,0.05
4213,1.1675,0.05
4214,1.0550000000000002,0.05
4215,1.23625,0.05
4216,1.18625,0.05
4217,0.85125,0.05
4218,1.13625,0.05
4219,1.35375,0.05
4220,0.795,0.05
4221,1.0437500000000002,0.05
4222,0.9125000000000001,0.05
4223,1.18625,0.05
4224,0.42000000000000015,0.05
4225,1.08375,0.05
4226,0.9337500000000001,0.05
4227,1.02625,0.05
4228,0.9912500000000001,0.05
4229,0.83,0.05
4230,1.1487500000000002,0.05
4231,1.1925000000000001,0.05
4232,1.07375,0.05
4233,1.2175,0.05
4234,1.3362500000000002,0.05
4235,1.12125,0.05
4236,1.07125,0.05
4237,1.20875,0.05
4238,1.25875,0.05
4239,1.08875,0.05
4240,1.4187500000000002,0.05
4241,0.9700000000000001,0.05
4242,1.15125,0.05
4243,1.15375,0.05
4244,1.02125,0.05
4245,1.2175,0.05
4246,0.45374999999999965,0.05
4247,0.8375,0.05
4248,1.01625,0.05
4249,1.38625,0.05
4250,0.8862500000000001,0.05
4251,1.0750000000000002,0.05
4252,0.9087500000000001,0.05
4253,1.2437500000000001,0.05
4254,0.91625,0.05
4255,0.8975000000000001,0.05
4256,0.9650000000000001,0.05
4257,0.26374999999999993,0.05
4258,0.94625,0.05
4259,0.5037499999999997,0.05
4260,1.2712500000000002,0.05
4261,1.1912500000000001,0.05
4262,1.3,0.05
4263,0.8900000000000001,0.05
4264,1.09,0.05
4265,-0.85625,0.05
4266,0.7099999999999999,0.05
4267,1.12375,0.05
4268,1.1525,0.05
4269,1.1325,0.05
4270,0.25749999999999984,0.05
4271,1.06,0.05
4272,1.02125,0.05
4273,1.20375,0.05
4274,0.9850000000000001,0.05
4275,0.8562500000000001,0.05
4276,0.9587500000000001,0.05
4277,0.9850000000000001,0.05
4278,0.9850000000000001,0.05
4279,1.11625,0.05
4280,0.8975000000000001,0.05
4281,0.9512500000000002,0.05
4282,0.815,0.05
4283,1.0562500000000001,0.05
4284,0.825,0.05
4285,1.07625,0.05
4286,1.0,0.05
4287,1.1,0.05
4288,1.0350000000000001,0.05
4289,1.18625,0.05
4290,1.1625,0.05
4291,1.03875,0.05
4292,0.9587500000000001,0.05
4293,1.09,0.05
4294,0.7962499999999999,0.05
4295,1.0637500000000002,0.05
4296,0.32999999999999985,0.05
4297,1.0625,0.05
4298,0.98,0.05
4299,1.0625,0.05
4300,0.8262499999999999,0.05
4301,1.1425,0.05
4302,0.96125,0.05
4303,1.20875,0.05
4304,1.1062500000000002,0.05
4305,1.335,0.05
4306,0.8225,0.05
4307,1.11,0.05
4308,0.8262499999999999,0.05
4309,1.12375,0.05
4310,1.0625,0.05
4311,1.27,0.05
4312,1.4400000000000002,0.05
4313,1.0950000000000002,0.05
4314,0.8375,0.05
4315,0.9825000000000002,0.05
4316,1.0025,0.05
4317,1.06,0.05
4318,1.09,0.05
4319,1.4412500000000001,0.05
4320,0.87,0.05
4321,0.9637500000000001,0.05
4322,1.36375,0.05
4323,1.17375,0.05
4324,-0.02874999999999983,0.05
4325,0.7449999999999999,0.05
4326,0.95125,0.05
4327,1.365,0.05
4328,1.115,0.05
4329,0.84875,0.05
4330,0.28125,0.05
4331,0.9975,0.05
4332,1.2925,0.05
4333,1.155,0.05
4334,1.2012500000000002,0.05
4335,1.095,0.05
4336,0.84875,0.05
4337,1.02125,0.05
4338,1.13125,0.05
4339,0.83,0.05
4340,1.295,0.05
4341,0.7337499999999999,0.05
4342,1.2075,0.05
4343,0.9875,0.05
4344,1.3,0.05
4345,0.9275000000000001,0.05
4346,1.31,0.05
4347,1.0325000000000002,0.05
4348,-0.8425,0.05
4349,1.2550000000000001,0.05
4350,0.6574999999999999,0.05
4351,0.93125,0.05
4352,1.30375,0.05
4353,1.31375,0.05
4354,1.13375,0.05
4355,1.1125,0.05
4356,1.1025,0.05
4357,1.0762500000000002,0.05
4358,1.2237500000000001,0.05
4359,0.87,0.05
4360,1.37625,0.05
4361,1.225,0.05
4362,0.9962500000000001,0.05
4363,0.96625,0.05
4364,1.3162500000000001,0.05
4365,-0.4799999999999993,0.05
4366,1.225,0.05
4367,1.185,0.05
4368,0.8250000000000001,0.05
4369,0.5449999999999997,0.05
4370,1.26375,0.05
4371,1.0250000000000001,0.05
4372,0.875,0.05
4373,1.18125,0.05
4374,1.395,0.05
4375,1.39125,0.05
4376,1.02,0.05
4377,1.3362500000000002,0.05
4378,1.1025,0.05
4379,1.0950000000000002,0.05
4380,0.8012499999999999,0.05
4381,0.85875,0.05
4382,1.0950000000000002,0.05
4383,0.98875,0.05
4384,1.12375,0.05
4385,1.2962500000000001,0.05
4386,0.9837500000000001,0.05
4387,1.0987500000000001,0.05
4388,1.1075000000000002,0.05
4389,0.915,0.05
4390,0.91,0.05
4391,1.08125,0.05
4392,1.2537500000000001,0.05
4393,1.2962500000000001,0.05
4394,1.01625,0.05
4395,1.1175000000000002,0.05
4396,1.0025000000000002,0.05
4397,1.08,0.05
4398,1.08,0.05
4399,1.36375,0.05
4400,1.09,0.05
4401,0.80375,0.05
4402,1.08,0.05
4403,1.26,0.05
4404,0.9850000000000001,0.05
4405,0.73,0.05
4406,0.7649999999999999,0.05
4407,1.11125,0.05
4408,0.78625,0.05
4409,0.78875,0.05
4410,0.9587500000000001,0.05
4411,1.0350000000000001,0.05
4412,1.115,0.05
4413,1.1487500000000002,0.05
4414,1.30875,0.05
4415,0.9650000000000001,0.05
4416,1.0575,0.05
4417,1.135,0.05
4418,1.4325,0.05
4419,1.19,0.05
4420,1.375,0.05
4421,1.1612500000000001,0.05
4422,0.14625,0.05
4423,1.0875000000000001,0.05
4424,-0.28374999999999995,0.05
4425,0.86125,0.05
4426,0.19249999999999967,0.05
4427,1.2650000000000001,0.05
4428,0.74625,0.05
4429,1.0450000000000002,0.05
4430,0.2812499999999998,0.05
4431,1.25,0.05
4432,1.135,0.05
4433,1.03875,0.05
4434,1.02125,0.05
4435,1.1187500000000001,0.05
4436,1.02625,0.05
4437,0.9337500000000001,0.05
4438,0.9337500000000001,0.05
4439,1.12625,0.05
4440,1.32625,0.05
4441,1.36375,0.05
4442,1.3625,0.05
4443,1.1500000000000001,0.05
4444,1.30375,0.05
4445,1.0350000000000001,0.05
4446,0.29125,0.05
4447,1.31375,0.05
4448,0.9325000000000001,0.05
4449,0.86375,0.05
4450,-0.2899999999999996,0.05
4451,1.1125,0.05
4452,1.1125,0.05
4453,1.49875,0.05
4454,1.345,0.05
4455,1.4575,0.05
4456,1.3,0.05
4457,0.82,0.05
4458,0.8437500000000001,0.05
4459,0.6037499999999998,0.05
4460,1.3,0.05
4461,0.37124999999999986,0.05
4462,1.045,0.05
4463,1.0750000000000002,0.05
4464,0.8225,0.05
4465,0.8012499999999999,0.05
4466,1.07875,0.05
4467,0.75125,0.05
4468,1.28875,0.05
4469,0.87875,0.05
4470,1.1075,0.05
4471,0.8925000000000001,0.05
4472,1.1475,0.05
4473,0.87875,0.05
4474,1.2000000000000002,0.05
4475,0.8187500000000001,0.05
4476,1.2437500000000001,0.05
4477,1.2537500000000001,0.05
4478,0.90375,0.05
4479,1.0050000000000001,0.05
4480,0.80625,0.05
4481,1.16625,0.05
4482,1.0375,0.05
4483,0.95875,0.05
4484,0.85875,0.05
4485,1.22125,0.05
4486,1.195,0.05
4487,1.1062500000000002,0.05
4488,1.2125000000000001,0.05
4489,1.23875,0.05
4490,0.8900000000000001,0.05
4491,1.2537500000000001,0.05
4492,1.205,0.05
4493,1.0775000000000001,0.05
4494,1.1425,0.05
4495,1.2750000000000001,0.05
4496,0.93125,0.05
4497,1.1725,0.05
4498,1.27625,0.05
4499,0.9137500000000001,0.05
4500,1.11,0.05
4501,0.87375,0.05
4502,0.9850000000000001,0.05
4503,1.08,0.05
4504,0.825,0.05
4505,0.6412499999999999,0.05
4506,1.105,0.05
4507,1.06125,0.05
4508,1.1800000000000002,0.05
4509,1.0237500000000002,0.05
4510,0.9837500000000001,0.05
4511,0.9837500000000001,0.05
4512,1.11375,0.05
4513,0.9400000000000001,0.05
4514,1.0237500000000002,0.05
4515,1.485,0.05
4516,0.9187500000000001,0.05
4517,1.02125,0.05
4518,1.0,0.05
4519,1.33125,0.05
4520,0.93625,0.05
4521,0.96875,0.05
4522,0.9500000000000001,0.05
4523,-0.13999999999999968,0.05
4524,1.0225,0.05
4525,1.40875,0.05
4526,1.1600000000000001,0.05
4527,0.82,0.05
4528,1.12375,0.05
4529,1.145,0.05
4530,1.1725,0.05
4531,0.5099999999999997,0.05
4532,0.93,0.05
4533,1.10125,0.05
4534,1.2575,0.05
4535,0.9400000000000001,0.05
4536,0.87625,0.05
4537,0.895,0.05
4538,1.0975000000000001,0.05
4539,0.9400000000000001,0.05
4540,0.84,0.05
4541,1.1712500000000001,0.05
4542,1.25625,0.05
4543,1.06875,0.05
4544,0.9325000000000001,0.05
4545,0.85125,0.05
4546,0.8225,0.05
4547,1.1475,0.05
4548,1.1600000000000001,0.05
4549,0.6749999999999999,0.05
4550,-2.7500000000000004,0.05
4551,1.06125,0.05
4552,1.0075,0.05
4553,1.1675,0.05
4554,1.1712500000000001,0.05
4555,1.0550000000000002,0.05
4556,0.91125,0.05
4557,1.0925,0.05
4558,1.10125,0.05
4559,0.935,0.05
4560,1.19875,0.05
4561,1.3362500000000002,0.05
4562,0.6762499999999999,0.05
4563,0.9687500000000001,0.05
4564,0.9287500000000001,0.05
4565,0.96125,0.05
4566,1.1525,0.05
4567,0.8962500000000001,0.05
4568,1.22875,0.05
4569,1.1975,0.05
4570,1.13125,0.05
4571,0.5862499999999999,0.05
4572,1.07125,0.05
4573,1.12625,0.05
4574,1.15875,0.05
4575,1.095,0.05
4576,0.7987500000000001,0.05
4577,1.22875,0.05
4578,1.1025,0.05
4579,0.7137499999999999,0.05
4580,0.9325000000000001,0.05
4581,1.45,0.05
4582,1.0075,0.05
4583,1.1800000000000002,0.05
4584,1.2862500000000001,0.05
4585,1.2225000000000001,0.05
4586,1.0925,0.05
4587,0.9225000000000001,0.05
4588,1.0150000000000001,0.05
4589,1.03875,0.05
4590,-3.6849999999999996,0.05
4591,0.9650000000000001,0.05
4592,0.9450000000000001,0.05
4593,0.9425,0.05
4594,1.2750000000000001,0.05
4595,1.0437500000000002,0.05
4596,1.0625,0.05
4597,0.9975,0.05
4598,1.1625,0.05
4599,0.9525000000000001,0.05
4600,1.0762500000000002,0.05
4601,0.9875,0.05
4602,1.28125,0.05
4603,1.2275,0.05
4604,1.205,0.05
4605,1.13125,0.05
4606,1.2425000000000002,0.05
4607,1.0425,0.05
4608,0.8250000000000001,0.05
4609,0.9450000000000001,0.05
4610,0.23749999999999982,0.05
4611,1.0075,0.05
4612,1.3687500000000001,0.05
4613,0.9337500000000001,0.05
4614,0.87375,0.05
4615,1.14375,0.05
4616,1.185,0.05
4617,0.7637499999999999,0.05
4618,1.0050000000000001,0.05
4619,0.9137500000000001,0.05
4620,1.1975,0.05
4621,0.9950000000000001,0.05
4622,1.24,0.05
4623,0.8900000000000001,0.05
4624,1.0075,0.05
4625,0.4824999999999997,0.05
4626,1.3800000000000001,0.05
4627,-0.04499999999999971,0.05
4628,1.12,0.05
4629,1.08,0.05
4630,1.32,0.05
4631,0.6287499999999998,0.05
4632,1.1487500000000002,0.05
4633,1.06,0.05
4634,0.84125,0.05
4635,0.35999999999999965,0.05
4636,1.19875,0.05
4637,1.3,0.05
4638,0.8200000000000001,0.05
4639,0.4712499999999997,0.05
4640,0.19999999999999996,0.05
4641,1.1325,0.05
4642,0.8912500000000001,0.05
4643,1.06,0.05
4644,1.1225,0.05
4645,1.1575,0.05
4646,0.26125,0.05
4647,0.7649999999999999,0.05
4648,0.93625,0.05
4649,0.4049999999999996,0.05
4650,1.0750000000000002,0.05
4651,1.0575,0.05
4652,1.43875,0.05
4653,1.15375,0.05
4654,1.21,0.05
4655,0.9087500000000001,0.05
4656,0.8575000000000002,0.05
4657,1.2237500000000001,0.05
4658,1.28125,0.05
4659,1.15,0.05
4660,0.815,0.05
4661,0.7962499999999999,0.05
4662,0.8925000000000001,0.05
4663,1.135,0.05
4664,1.1,0.05
4665,0.91125,0.05
4666,1.11375,0.05
4667,0.6574999999999999,0.05
4668,1.1425,0.05
4669,1.1075000000000002,0.05
4670,0.875,0.05
4671,0.875,0.05
4672,1.4325,0.05
4673,1.18125,0.05
4674,1.1075000000000002,0.05
4675,0.84125,0.05
4676,0.98,0.05
4677,1.0562500000000001,0.05
4678,0.6712499999999999,0.05
4679,0.85375,0.05
4680,0.98875,0.05
4681,1.45375,0.05
4682,0.91625,0.05
4683,1.0750000000000002,0.05
4684,1.0437500000000002,0.05
4685,0.7449999999999999,0.05
4686,1.1875,0.05
4687,0.88125,0.05
4688,1.1900000000000002,0.05
4689,0.85625,0.05
4690,0.7012499999999999,0.05
4691,1.0,0.05
4692,0.9650000000000001,0.05
4693,1.29,0.05
4694,1.155,0.05
4695,1.0762500000000002,0.05
4696,1.17625,0.05
4697,1.09,0.05
4698,1.3487500000000001,0.05
4699,1.1575,0.05
4700,1.0437500000000002,0.05
4701,1.03875,0.05
4702,0.38250000000000006,0.05
4703,0.7149999999999999,0.05
4704,0.83625,0.05
4705,0.9637500000000001,0.05
4706,0.84875,0.05
4707,0.93,0.05
4708,1.1725,0.05
4709,0.7849999999999999,0.05
4710,0.9675,0.05
4711,1.355,0.05
4712,1.3075,0.05
4713,1.08875,0.05
4714,0.86,0.05
4715,0.6724999999999999,0.05
4716,1.0012500000000002,0.05
4717,1.095,0.05
4718,1.51375,0.05
4719,1.0750000000000002,0.05
4720,1.16625,0.05
4721,0.9112500000000001,0.05
4722,0.8175,0.05
4723,0.4249999999999998,0.05
4724,0.9175000000000001,0.05
4725,0.9825000000000002,0.05
4726,1.0437500000000002,0.05
4727,1.0550000000000002,0.05
4728,1.185,0.05
4729,1.44375,0.05
4730,0.99,0.05
4731,1.2437500000000001,0.05
4732,0.9237500000000001,0.05
4733,1.3325,0.05
4734,1.02625,0.05
4735,0.8575,0.05
4736,1.02125,0.05
4737,1.1525,0.05
4738,0.7024999999999998,0.05
4739,1.235,0.05
4740,0.85875,0.05
4741,0.9875,0.05
4742,1.2650000000000001,0.05
4743,0.795,0.05
4744,1.11125,0.05
4745,1.20375,0.05
4746,1.07625,0.05
4747,0.94625,0.05
4748,1.0925,0.05
4749,1.45375,0.05
4750,0.9525000000000001,0.05
4751,1.0625,0.05
4752,1.0375,0.05
4753,0.87875,0.05
4754,1.02625,0.05
4755,1.29,0.05
4756,1.1487500000000002,0.05
4757,1.2225000000000001,0.05
4758,0.93,0.05
4759,1.3450000000000002,0.05
4760,0.7149999999999999,0.05
4761,1.1125,0.05
4762,1.08875,0.05
4763,0.6662499999999998,0.05
4764,1.09,0.05
4765,0.85875,0.05
4766,1.07,0.05
4767,1.1400000000000001,0.05
4768,1.11125,0.05
4769,1.26375,0.05
4770,0.96125,0.05
4771,0.9850000000000001,0.05
4772,1.0462500000000001,0.05
4773,1.13625,0.05
4774,0.96625,0.05
4775,1.21,0.05
4776,1.2200000000000002,0.05
4777,1.36625,0.05
4778,0.82375,0.05
4779,1.0375,0.05
4780,1.27125,0.05
4781,0.89875,0.05
4782,1.5,0.05
4783,1.0325000000000002,0.05
4784,0.79875,0.05
4785,1.0437500000000002,0.05
4786,0.87875,0.05
4787,1.25,0.05
4788,1.4300000000000002,0.05
4789,1.2075,0.05
4790,1.06,0.05
4791,1.06,0.05
4792,0.9900000000000001,0.05
4793,1.0350000000000001,0.05
4794,1.20875,0.05
4795,1.20375,0.05
4796,0.9712500000000001,0.05
4797,1.1500000000000001,0.05
4798,1.17375,0.05
4799,1.2025000000000001,0.05
4800,0.7299999999999999,0.05
4801,1.0450000000000002,0.05
4802,1.20375,0.05
4803,1.0012500000000002,0.05
4804,0.725,0.05
4805,0.61,0.05
4806,1.4725000000000001,0.05
4807,1.27,0.05
4808,0.7224999999999998,0.05
4809,0.82375,0.05
4810,1.0425,0.05
4811,0.9850000000000001,0.05
4812,0.85875,0.05
4813,1.4725000000000001,0.05
4814,1.2175,0.05
4815,0.6337499999999998,0.05
4816,0.87875,0.05
4817,1.15375,0.05
4818,0.9637500000000001,0.05
4819,0.9337500000000001,0.05
4820,0.8062499999999999,0.05
4821,0.87875,0.05
4822,1.20375,0.05
4823,1.0,0.05
4824,1.1487500000000002,0.05
4825,1.4900000000000002,0.05
4826,-0.07874999999999943,0.05
4827,1.2225000000000001,0.05
4828,1.095,0.05
4829,0.7449999999999999,0.05
4830,0.9962500000000001,0.05
4831,1.23625,0.05
4832,1.2225000000000001,0.05
4833,1.1300000000000001,0.05
4834,0.8775,0.05
4835,0.8925000000000001,0.05
4836,0.6599999999999998,0.05
4837,1.1125,0.05
4838,1.2000000000000002,0.05
4839,0.9650000000000001,0.05
4840,1.19,0.05
4841,1.065,0.05
4842,1.13875,0.05
4843,1.0350000000000001,0.05
4844,0.9325,0.05
4845,0.9950000000000001,0.05
4846,1.1625,0.05
4847,0.9850000000000001,0.05
4848,0.87,0.05
4849,0.9425000000000001,0.05
4850,0.84,0.05
4851,1.3125,0.05
4852,0.825,0.05
4853,0.81875,0.05
4854,0.91125,0.05
4855,1.2075,0.05
4856,0.9125000000000001,0.05
4857,0.885,0.05
4858,1.01875,0.05
4859,1.1375000000000002,0.05
4860,1.115,0.05
4861,0.82,0.05
4862,1.54125,0.05
4863,1.125,0.05
4864,1.24,0.05
4865,0.98875,0.05
4866,0.84125,0.05
4867,1.19,0.05
4868,1.1675,0.05
4869,1.1287500000000001,0.05
4870,0.875,0.05
4871,0.8237500000000001,0.05
4872,0.9650000000000001,0.05
4873,1.48125,0.05
4874,1.33875,0.05
4875,1.225,0.05
4876,1.10375,0.05
4877,0.81875,0.05
4878,1.1675,0.05
4879,1.32,0.05
4880,0.21374999999999966,0.05
4881,1.11,0.05
4882,1.16625,0.05
4883,1.35625,0.05
4884,1.1500000000000001,0.05
4885,0.6762499999999999,0.05
4886,0.87375,0.05
4887,1.11625,0.05
4888,1.2625000000000002,0.05
4889,1.1600000000000001,0.05
4890,0.9587500000000001,0.05
4891,0.6449999999999999,0.05
4892,0.7825,0.05
4893,0.7399999999999999,0.05
4894,1.2575,0.05
4895,1.05,0.05
4896,1.09375,0.05
4897,1.145,0.05
4898,1.1487500000000002,0.05
4899,1.24,0.05
4900,0.5999999999999998,0.05
4901,0.7324999999999999,0.05
4902,0.7450000000000001,0.05
4903,0.93,0.05
4904,0.7274999999999999,0.05
4905,0.8600000000000001,0.05
4906,0.5374999999999999,0.05
4907,1.2125000000000001,0.05
4908,0.9525000000000001,0.05
4909,-0.29749999999999965,0.05
4910,0.8324999999999999,0.05
4911,0.9975,0.05
4912,1.27125,0.05
4913,0.8624999999999999,0.05
4914,1.37625,0.05
4915,1.065,0.05
4916,0.845,0.05
4917,1.315,0.05
4918,0.7149999999999999,0.05
4919,1.11125,0.05
4920,0.87875,0.05
4921,1.31875,0.05
4922,1.22875,0.05
4923,0.9512500000000002,0.05
4924,1.0250000000000001,0.05
4925,1.475,0.05
4926,1.1925000000000001,0.05
4927,0.5312499999999997,0.05
4928,0.73125,0.05
4929,1.06875,0.05
4930,0.6549999999999998,0.05
4931,0.5062499999999998,0.05
4932,0.9850000000000001,0.05
4933,0.6774999999999999,0.05
4934,1.39125,0.05
4935,0.9175,0.05
4936,1.2275,0.05
4937,1.1125,0.05
4938,0.9650000000000001,0.05
4939,0.9375000000000001,0.05
4940,1.0562500000000001,0.05
4941,0.9875,0.05
4942,0.7512499999999999,0.05
4943,0.6337499999999998,0.05
4944,1.0987500000000001,0.05
4945,1.24,0.05
4946,1.0425,0.05
4947,1.365,0.05
4948,0.7499999999999999,0.05
4949,0.9837500000000001,0.05
4950,1.15,0.05
4951,0.88,0.05
4952,0.42749999999999977,0.05
4953,1.0350000000000001,0.05
4954,1.2437500000000001,0.05
4955,1.1075,0.05
4956,0.93,0.05
4957,1.51375,0.05
4958,0.83,0.05
4959,0.3374999999999997,0.05
4960,1.28,0.05
4961,0.9712500000000001,0.05
4962,1.01125,0.05
4963,1.0,0.05
4964,1.22125,0.05
4965,-0.09874999999999967,0.05
4966,0.8900000000000001,0.05
4967,0.42249999999999965,0.05
4968,1.085,0.05
4969,1.28875,0.05
4970,1.225,0.05
4971,1.0562500000000001,0.05
4972,1.1187500000000001,0.05
4973,0.80625,0.05
4974,1.10125,0.05
4975,0.78,0.05
4976,1.28,0.05
4977,0.8725,0.05
4978,0.78125,0.05
4979,1.22125,0.05
4980,1.01625,0.05
4981,1.07625,0.05
4982,1.2200000000000002,0.05
4983,0.7250000000000001,0.05
4984,1.0437500000000002,0.05
4985,1.0987500000000001,0.05
4986,1.16375,0.05
4987,1.2200000000000002,0.05
4988,0.9950000000000001,0.05
4989,0.9650000000000001,0.05
4990,1.11625,0.05
4991,1.08875,0.05
4992,0.8312499999999999,0.05
4993,1.18125,0.05
4994,0.8375,0.05
4995,1.11375,0.05
4996,1.1187500000000001,0.05
4997,0.73125,0.05
4998,0.7437499999999999,0.05
4999,0.9337500000000001,0.05
5000,0.71,0.05
