episode,reward,epsilon
1,-3.0325000000000006,0.5
2,-2.927500000000001,0.4975
3,-3.071250000000001,0.4950125
4,-3.1475000000000004,0.4925374375
5,-3.2125000000000017,0.49007475031250003
6,-3.00875,0.48762437656093754
7,-3.0400000000000014,0.48518625467813287
8,-3.3400000000000003,0.4827603234047422
9,-2.8637499999999996,0.4803465217877185
10,-3.49375,0.47794478917877986
11,-2.9299999999999997,0.47555506523288593
12,-2.938750000000001,0.4731772899067215
13,-3.1525000000000007,0.47081140345718786
14,-3.0487500000000005,0.46845734643990194
15,-2.8487500000000003,0.46611505970770245
16,-3.0187500000000007,0.4637844844091639
17,-2.9537500000000003,0.4614655619871181
18,-3.0762500000000013,0.4591582341771825
19,-2.8137500000000006,0.4568624430062966
20,-3.1300000000000012,0.4545781307912651
21,-3.2212500000000004,0.4523052401373088
22,-3.477500000000001,0.45004371393662224
23,-3.263749999999999,0.44779349536693913
24,-3.0287500000000014,0.4455545278901044
25,-3.065000000000001,0.4433267552506539
26,-3.35375,0.44111012147440065
27,-2.85125,0.43890457086702866
28,-3.0437500000000006,0.43671004801269353
29,-2.978750000000001,0.4345264977726301
30,-3.0050000000000003,0.4323538652837669
31,-2.976250000000001,0.4301920959573481
32,-2.7362500000000005,0.42804113547756134
33,-3.0350000000000006,0.4259009298001735
34,-3.3024999999999998,0.42377142515117266
35,-2.9925,0.4216525680254168
36,-3.0587500000000016,0.4195443051852897
37,-3.0550000000000006,0.4174465836593632
38,-2.915000000000001,0.4153593507410664
39,-3.5187500000000016,0.4132825539873611
40,-3.0637500000000006,0.4112161412174243
41,-2.8775000000000004,0.40916006051133713
42,-2.7475,0.40711426020878044
43,-2.8512500000000003,0.4050786889077365
44,-3.167500000000001,0.40305329546319785
45,-3.0237500000000006,0.40103802898588187
46,-3.1675,0.3990328388409525
47,-2.6100000000000003,0.3970376746467477
48,-2.9562500000000003,0.39505248627351397
49,-3.0737500000000013,0.3930772238421464
50,-3.0500000000000016,0.3911118377229357
51,-3.0400000000000014,0.389156278534321
52,-3.0287500000000014,0.3872104971416494
53,-3.07125,0.38527444465594113
54,-3.0312500000000013,0.38334807243266145
55,-3.1637500000000007,0.3814313320704981
56,-1.3862500000000006,0.3795241754101456
57,-2.9712500000000004,0.37762655453309485
58,-3.6049999999999995,0.3757384217604294
59,-3.0250000000000012,0.3738597296516272
60,-2.9900000000000007,0.3719904310033691
61,-2.9025000000000007,0.37013047884835226
62,-3.0212500000000015,0.3682798264541105
63,-3.0900000000000007,0.36643842732183995
64,-3.0400000000000005,0.3646062351852308
65,-3.373750000000001,0.36278320400930464
66,-3.177500000000001,0.3609692879892581
67,-2.855000000000001,0.3591644415493118
68,-2.8462500000000004,0.3573686193415653
69,-2.9749999999999996,0.35558177624485743
70,-2.945000000000001,0.3538038673636331
71,-2.953750000000001,0.35203484802681495
72,-2.9137500000000003,0.35027467378668087
73,-3.8074999999999997,0.3485233004177475
74,-2.965000000000001,0.34678068391565875
75,-2.891250000000001,0.34504678049608045
76,-3.00125,0.34332154659360004
77,-3.0212500000000007,0.34160493886063203
78,-0.5299999999999987,0.3398969141663289
79,-3.1100000000000008,0.33819742959549726
80,-2.9225000000000008,0.33650644244751976
81,-3.0037499999999997,0.3348239102352822
82,-3.158750000000002,0.3331497906841058
83,-3.088749999999999,0.33148404173068524
84,-3.0575000000000006,0.3298266215220318
85,-2.9,0.3281774884144216
86,-3.051250000000001,0.3265366009723495
87,-3.058750000000001,0.32490391796748774
88,-3.0575000000000014,0.3232793983776503
89,-2.950000000000001,0.32166300138576204
90,-3.1037500000000007,0.3200546863788332
91,-2.7737500000000006,0.31845441294693905
92,-2.9225,0.3168621408822043
93,-2.858750000000001,0.3152778301777933
94,-2.9800000000000004,0.31370144102690434
95,-2.956250000000001,0.3121329338217698
96,-3.190000000000002,0.31057226915266095
97,-2.9237500000000005,0.30901940780689763
98,-2.855000000000001,0.30747431076786313
99,-2.878750000000001,0.3059369392140238
100,-3.218750000000001,0.3044072545179537
101,-2.8975,0.3028852182453639
102,-2.7700000000000005,0.3013707921541371
103,-2.8050000000000006,0.29986393819336643
104,-2.7725000000000004,0.2983646185023996
105,-3.0500000000000007,0.2968727954098876
106,-2.9237500000000014,0.29538843143283816
107,-2.9087500000000013,0.29391148927567395
108,-2.8425000000000002,0.29244193182929556
109,-3.0200000000000014,0.2909797221701491
110,-2.946250000000001,0.28952482355929837
111,-3.474999999999999,0.2880771994415019
112,-2.9350000000000005,0.28663681344429437
113,-2.8575000000000004,0.2852036293770729
114,-2.841250000000001,0.2837776112301875
115,-2.9237500000000005,0.2823587231740366
116,-2.710000000000001,0.2809469295581664
117,-3.03625,0.2795421949103756
118,-3.128750000000001,0.2781444839358237
119,-3.227500000000001,0.27675376151614456
120,-2.928750000000001,0.2753699927085638
121,-2.8250000000000006,0.273993142745021
122,-2.7400000000000007,0.2726231770312959
123,-3.0212500000000007,0.27126006114613943
124,-2.7837500000000004,0.26990376084040874
125,-2.83625,0.2685542420362067
126,-3.0112500000000013,0.26721147082602564
127,-2.9200000000000004,0.2658754134718955
128,-2.952500000000001,0.26454603640453606
129,-2.9237500000000014,0.2632233062225134
130,-2.853750000000001,0.2619071896914008
131,-2.8675000000000006,0.2605976537429438
132,-2.823750000000001,0.2592946654742291
133,-2.933750000000001,0.25799819214685793
134,-2.953750000000001,0.25670820118612364
135,-2.9675000000000007,0.255424660180193
136,-2.886250000000001,0.25414753687929204
137,-2.8850000000000007,0.2528767991948956
138,-2.7550000000000003,0.2516124151989211
139,-2.9900000000000007,0.2503543531229265
140,-2.7862500000000003,0.24910258135731184
141,0.6499999999999999,0.24785706845052527
142,-2.8787500000000006,0.24661778310827265
143,-2.9412500000000015,0.2453846941927313
144,-2.7412500000000004,0.24415777072176764
145,-1.291250000000001,0.2429369818681588
146,-2.8600000000000008,0.241722296958818
147,-2.930000000000001,0.2405136854740239
148,-2.9100000000000006,0.23931111704665378
149,-3.0037500000000015,0.23811456146142052
150,-2.9525000000000015,0.2369239886541134
151,-2.867500000000001,0.23573936871084283
152,-2.838750000000001,0.23456067186728863
153,-2.950000000000001,0.23338786850795218
154,-2.891250000000001,0.23222092916541243
155,-2.792500000000001,0.23105982451958537
156,-3.021250000000001,0.22990452539698744
157,-2.7987500000000005,0.2287550027700025
158,-2.79875,0.22761122775615247
159,-2.9412500000000006,0.2264731716173717
160,-2.952500000000001,0.22534080575928486
161,-2.8737500000000007,0.22421410173048845
162,-3.0025000000000013,0.223093031221836
163,-2.816250000000001,0.2219775660657268
164,-2.8912500000000003,0.22086767823539816
165,-2.8537500000000007,0.21976333984422117
166,-2.8787500000000006,0.21866452314500007
167,-2.942500000000001,0.21757120052927506
168,-3.040000000000001,0.21648334452662868
169,-3.010000000000001,0.21540092780399553
170,-3.002500000000001,0.21432392316497556
171,-2.8362500000000015,0.21325230354915067
172,-2.792500000000001,0.21218604203140493
173,-2.9650000000000016,0.2111251118212479
174,-2.8937500000000007,0.21006948626214167
175,-2.856250000000001,0.20901913883083095
176,-2.8000000000000003,0.2079740431366768
177,-3.021250000000001,0.20693417292099342
178,-2.915000000000001,0.20589950205638846
179,-2.986250000000001,0.20487000454610652
180,-2.8475000000000006,0.20384565452337597
181,-2.830000000000001,0.20282642625075908
182,-2.8062500000000004,0.2018122941195053
183,-2.9412500000000015,0.20080323264890776
184,-2.912500000000001,0.1997992164856632
185,-2.7562500000000005,0.1988002204032349
186,-2.9800000000000018,0.19780621930121872
187,-2.941250000000001,0.19681718820471264
188,-2.8100000000000005,0.19583310226368908
189,-2.886250000000001,0.19485393675237064
190,-2.972500000000001,0.1938796670686088
191,-2.933750000000001,0.19291026873326575
192,-2.9050000000000002,0.19194571738959942
193,-2.942500000000001,0.1909859888026514
194,-2.942500000000001,0.19003105885863816
195,-2.9350000000000014,0.18908090356434498
196,-2.930000000000001,0.18813549904652327
197,-2.7787500000000005,0.18719482155129066
198,-2.78,0.18625884744353421
199,-2.7687500000000003,0.18532755320631655
200,-2.9087500000000004,0.18440091544028497
201,-2.911250000000001,0.18347891086308354
202,-2.8825,0.18256151630876813
203,-2.868750000000001,0.1816487087272243
204,-2.9950000000000006,0.1807404651835882
205,-2.82875,0.17983676285767025
206,-2.87875,0.1789375790433819
207,-0.8487500000000001,0.178042891148165
208,-2.8600000000000008,0.17715267669242415
209,-2.8300000000000005,0.17626691330896202
210,-2.8112500000000007,0.1753855787424172
211,-2.7300000000000004,0.17450865084870512
212,-2.953750000000001,0.1736361075944616
213,-2.7312500000000006,0.1727679270564893
214,-0.8612499999999994,0.17190408742120686
215,-2.9262500000000005,0.1710445669841008
216,-2.886250000000001,0.1701893441491803
217,-2.880000000000001,0.1693383974284344
218,-2.9937500000000012,0.16849170544129222
219,-0.7349999999999997,0.16764924691408575
220,-2.6850000000000005,0.16681100067951532
221,0.46874999999999967,0.16597694567611773
222,-2.8400000000000007,0.16514706094773715
223,-2.7800000000000002,0.16432132564299848
224,-2.950000000000001,0.1634997190147835
225,-2.90375,0.1626822204197096
226,-2.8050000000000006,0.16186880931761105
227,0.13875000000000015,0.161059465271023
228,-0.08999999999999941,0.16025416794466787
229,-2.898750000000001,0.15945289710494454
230,-2.9100000000000006,0.1586556326194198
231,-2.892500000000001,0.1578623544563227
232,-2.9337500000000003,0.1570730426840411
233,-2.9025000000000007,0.1562876774706209
234,-2.8662500000000013,0.15550623908326777
235,-2.836250000000001,0.15472870788785142
236,-2.8562500000000006,0.15395506434841216
237,-2.817500000000001,0.1531852890266701
238,-2.881250000000001,0.15241936258153677
239,-2.8250000000000006,0.1516572657686291
240,-2.9237500000000014,0.15089897943978595
241,-3.028750000000002,0.15014448454258703
242,-2.78625,0.1493937621198741
243,-0.17124999999999968,0.14864679330927472
244,-2.830000000000001,0.14790355934272834
245,-2.8462500000000004,0.1471640415460147
246,-2.7000000000000006,0.14642822133828462
247,-2.9262500000000005,0.1456960802315932
248,-0.763749999999999,0.14496759983043522
249,-2.767500000000001,0.14424276183128304
250,-2.900000000000001,0.14352154802212663
251,-2.8600000000000003,0.142803940282016
252,-2.930000000000001,0.14208992058060593
253,-0.2924999999999993,0.1413794709777029
254,-2.9612500000000006,0.14067257362281438
255,0.6637500000000001,0.1399692107547003
256,-0.6949999999999996,0.13926936470092682
257,-2.8162500000000006,0.13857301787742218
258,-3.6262499999999998,0.13788015278803506
259,-0.7887499999999996,0.1371907520240949
260,-2.7800000000000007,0.1365047982639744
261,-3.0587500000000007,0.13582227427265453
262,-3.237499999999999,0.13514316290129125
263,-2.9312500000000012,0.1344674470867848
264,-2.855000000000001,0.13379510985135087
265,0.20999999999999996,0.1331261343020941
266,-2.891250000000001,0.13246050363058365
267,-2.7987500000000014,0.13179820111243074
268,-2.912500000000001,0.13113921010686858
269,-2.953750000000001,0.13048351405633424
270,-2.9025000000000007,0.12983109648605257
271,-2.890000000000001,0.1291819410036223
272,-2.867500000000001,0.1285360312986042
273,0.43249999999999966,0.12789335114211117
274,-1.1937500000000012,0.12725388438640062
275,0.33374999999999977,0.1266176149644686
276,-2.7875000000000005,0.12598452688964626
277,-3.0700000000000007,0.12535460425519804
278,-2.6875000000000004,0.12472783123392205
279,-0.9900000000000004,0.12410419207775243
280,-2.912500000000001,0.12348367111736366
281,-2.7800000000000002,0.12286625276177685
282,-2.931250000000001,0.12225192149796796
283,1.5225000000000002,0.12164066189047812
284,-2.8537500000000007,0.12103245858102572
285,-2.775000000000001,0.1204272962881206
286,-2.9162500000000007,0.11982515980668
287,-2.848750000000001,0.1192260340076466
288,-0.26499999999999946,0.11862990383760837
289,-2.7537500000000006,0.11803675431842033
290,-2.8487500000000012,0.11744657054682822
291,-2.9075,0.11685933769409408
292,1.34375,0.11627504100562361
293,-4.269999999999999,0.1156936658005955
294,-3.4450000000000003,0.11511519747159252
295,-2.81875,0.11453962148423455
296,-3.2112499999999997,0.11396692337681337
297,-2.9512500000000004,0.11339708875992931
298,0.935,0.11283010331612967
299,-2.818750000000001,0.11226595279954901
300,-3.010000000000001,0.11170462303555127
301,-2.806250000000001,0.11114609992037351
302,-0.8312500000000003,0.11059036942077165
303,-2.811250000000001,0.11003741757366779
304,-2.7687500000000007,0.10948723048579945
305,-2.980000000000001,0.10893979433337045
306,-2.7437500000000004,0.1083950953617036
307,-2.892500000000001,0.10785311988489507
308,-2.761250000000001,0.10731385428547059
309,-2.775000000000001,0.10677728501404324
310,-2.806250000000001,0.10624339858897303
311,-2.7300000000000004,0.10571218159602816
312,-2.9362500000000007,0.10518362068804801
313,-3.473750000000002,0.10465770258460777
314,-2.8437500000000004,0.10413441407168474
315,-2.922500000000001,0.10361374200132631
316,0.6887499999999999,0.10309567329131968
317,1.02625,0.10258019492486307
318,-2.892500000000001,0.10206729395023875
319,-2.7875000000000005,0.10155695748048756
320,-2.8000000000000007,0.10104917269308512
321,-3.0287500000000014,0.1005439268296197
322,-2.8562500000000006,0.1000412071954716
323,-2.886250000000001,0.09954100115949424
324,-2.9300000000000006,0.09904329615369677
325,0.05249999999999999,0.09854807967292828
326,-2.875000000000001,0.09805533927456364
327,-2.8750000000000013,0.09756506257819082
328,-2.998750000000001,0.09707723726529986
329,-2.99875,0.09659185107897336
330,-3.5837499999999993,0.0961088918235785
331,-2.89875,0.0956283473644606
332,-2.837500000000001,0.0951502056276383
333,0.3849999999999998,0.09467445459950011
334,-2.781250000000001,0.09420108232650261
335,-2.9125000000000005,0.09373007691487009
336,-2.900000000000001,0.09326142653029575
337,-2.7750000000000004,0.09279511939764427
338,-2.848750000000001,0.09233114380065605
339,-2.960000000000001,0.09186948808165277
340,-2.7500000000000004,0.0914101406412445
341,-2.7875000000000005,0.09095308993803829
342,-2.940000000000001,0.09049832448834809
343,-0.0024999999999997247,0.09004583286590635
344,-0.24249999999999927,0.08959560370157682
345,-1.0650000000000004,0.08914762568306893
346,-2.7500000000000004,0.08870188755465358
347,-2.99,0.08825837811688031
348,-2.9050000000000002,0.0878170862262959
349,1.22625,0.08737800079516442
350,-2.8475,0.08694111079118859
351,-2.8812500000000005,0.08650640523723264
352,-0.6699999999999995,0.08607387321104648
353,-2.6500000000000004,0.08564350384499125
354,-2.756250000000001,0.08521528632576629
355,-2.7875,0.08478920989413746
356,-2.831250000000001,0.08436526384466678
357,0.43374999999999986,0.08394343752544345
358,-2.835000000000001,0.08352372033781623
359,-2.947499999999999,0.08310610173612715
360,-2.918750000000001,0.08269057122744651
361,-2.8600000000000003,0.08227711837130927
362,-2.8737500000000007,0.08186573277945272
363,-2.8000000000000007,0.08145640411555546
364,-2.705,0.08104912209497768
365,-2.8050000000000006,0.08064387648450279
366,-2.767500000000001,0.08024065710208027
367,-0.8587500000000003,0.07983945381656987
368,-2.7500000000000004,0.07944025654748703
369,-2.8312500000000007,0.0790430552647496
370,-3.020000000000001,0.07864783998842585
371,-2.9875000000000007,0.07825460078848372
372,-2.961250000000001,0.0778633277845413
373,-2.905000000000001,0.0774740111456186
374,-3.2575000000000007,0.07708664108989051
375,-3.223750000000002,0.07670120788444106
376,0.79875,0.07631770184501885
377,-1.223750000000001,0.07593611333579375
378,-2.837500000000001,0.07555643276911478
379,-0.07999999999999963,0.07517865060526921
380,-1.291250000000001,0.07480275735224286
381,-2.8737500000000007,0.07442874356548164
382,-2.9987500000000007,0.07405659984765423
383,-4.093749999999999,0.07368631684841595
384,-2.775000000000001,0.07331788526417388
385,-2.8275000000000006,0.07295129583785301
386,-3.344999999999999,0.07258653935866374
387,-2.912500000000001,0.07222360666187043
388,-2.8600000000000008,0.07186248862856108
389,-2.8062499999999995,0.07150317618541828
390,-0.06249999999999978,0.07114566030449118
391,-2.8562500000000006,0.07078993200296872
392,-3.072500000000001,0.07043598234295388
393,-2.837500000000001,0.07008380243123911
394,-0.41624999999999934,0.06973338341908292
395,0.5949999999999999,0.0693847165019875
396,0.006250000000000089,0.06903779291947756
397,-2.880000000000001,0.06869260395488018
398,-2.930000000000001,0.06834914093510577
399,-2.848750000000001,0.06800739523043024
400,-2.8250000000000006,0.0676673582542781
401,0.87375,0.0673290214630067
402,-2.972500000000001,0.06699237635569168
403,0.017500000000000293,0.06665741447391321
404,-2.7937500000000006,0.06632412740154364
405,-2.9312500000000012,0.06599250676453593
406,-2.9250000000000007,0.06566254423071324
407,-2.8375000000000004,0.06533423150955968
408,-2.6312500000000005,0.06500756035201188
409,-0.9912500000000002,0.06468252255025182
410,-2.7487500000000002,0.06435910993750056
411,-2.803750000000001,0.06403731438781306
412,-2.912500000000001,0.06371712781587399
413,-2.7500000000000004,0.06339854217679462
414,-2.7125000000000004,0.06308154946591064
415,-2.86875,0.0627661417185811
416,-2.85875,0.06245231100998819
417,-2.8425000000000007,0.06214004945493825
418,-2.95,0.06182934920766356
419,1.01875,0.06152020246162524
420,-2.8687500000000012,0.06121260144931712
421,-2.5999999999999996,0.06090653844207053
422,-3.151249999999999,0.060602005749860174
423,-2.8550000000000013,0.06029899572111087
424,-1.0799999999999998,0.059997500742505316
425,-2.94875,0.05969751323879279
426,-2.7187500000000004,0.059399025672598825
427,-0.33749999999999925,0.05910203054423583
428,0.3074999999999999,0.05880652039151465
429,-0.8,0.058512487789557074
430,-2.73,0.05821992535060929
431,0.4937499999999997,0.05792882572385624
432,0.93625,0.05763918159523696
433,-3.16,0.057350985687260776
434,1.1,0.05706423075882447
435,-1.112500000000001,0.05677890960503035
436,1.08875,0.056495015057005195
437,-0.6199999999999999,0.05621253998172017
438,-2.8675000000000006,0.05593147728181157
439,-2.6300000000000003,0.05565181989540251
440,-2.850000000000001,0.055373560795925494
441,-2.843750000000001,0.05509669299194587
442,-2.892500000000001,0.05482120952698614
443,-2.950000000000001,0.054547103479351204
444,-2.837500000000001,0.05427436796195445
445,-0.6849999999999994,0.05400299612214468
446,-2.79875,0.05373298114153396
447,-2.6687500000000006,0.05346431623582629
448,-2.8225000000000007,0.05319699465464715
449,0.3774999999999997,0.05293100968137392
450,-2.7437500000000004,0.052666354632967045
451,-0.6174999999999995,0.05240302285980221
452,-2.8937500000000007,0.0521410077455032
453,-0.5299999999999994,0.05188030270677568
454,0.1312500000000001,0.0516209011932418
455,-2.8500000000000005,0.05136279668727559
456,-2.8800000000000012,0.05110598270383922
457,-3.011250000000001,0.05085045279032002
458,-0.41124999999999967,0.05059620052636842
459,-2.830000000000001,0.050343219523736576
460,-2.8312500000000007,0.050091503426117893
461,-2.76875,0.05
462,-0.5874999999999992,0.05
463,0.72625,0.05
464,-0.9899999999999998,0.05
465,-0.3962499999999993,0.05
466,1.48125,0.05
467,-2.931250000000001,0.05
468,-2.8000000000000003,0.05
469,-2.837500000000001,0.05
470,-3.0462500000000015,0.05
471,-2.9312500000000012,0.05
472,-2.862500000000001,0.05
473,-2.9875000000000016,0.05
474,0.82875,0.05
475,-0.5299999999999994,0.05
476,-2.842500000000001,0.05
477,-2.9125,0.05
478,0.99,0.05
479,-2.8800000000000012,0.05
480,-2.7000000000000006,0.05
481,-2.850000000000001,0.05
482,-2.8050000000000006,0.05
483,-0.1699999999999997,0.05
484,-2.7000000000000006,0.05
485,-2.7125000000000004,0.05
486,-2.8125000000000004,0.05
487,-2.881250000000001,0.05
488,-2.875000000000001,0.05
489,-3.1762499999999996,0.05
490,0.7849999999999999,0.05
491,-3.300000000000002,0.05
492,-2.9800000000000013,0.05
493,-2.818750000000001,0.05
494,-3.2199999999999993,0.05
495,0.10250000000000004,0.05
496,1.0775000000000001,0.05
497,-2.7000000000000006,0.05
498,-2.942500000000001,0.05
499,-0.24999999999999978,0.05
500,-2.887500000000001,0.05
501,-0.8237499999999995,0.05
502,-3.1637499999999994,0.05
503,-2.64375,0.05
504,-3.2724999999999995,0.05
505,-2.8050000000000006,0.05
506,-0.8362499999999999,0.05
507,-2.862500000000001,0.05
508,-2.880000000000001,0.05
509,-2.8625000000000007,0.05
510,-2.893750000000001,0.05
511,0.36124999999999985,0.05
512,-2.912500000000001,0.05
513,-2.930000000000001,0.05
514,-2.843750000000001,0.05
515,1.2925,0.05
516,-2.998750000000001,0.05
517,-2.900000000000001,0.05
518,-2.923750000000001,0.05
519,-2.9800000000000013,0.05
520,0.3837499999999998,0.05
521,-2.806250000000001,0.05
522,1.28,0.05
523,-2.905000000000001,0.05
524,-2.892500000000001,0.05
525,-2.7425,0.05
526,-2.892500000000001,0.05
527,1.33,0.05
528,-2.7937500000000006,0.05
529,-2.900000000000001,0.05
530,-2.9187499999999993,0.05
531,-2.81875,0.05
532,-3.6425,0.05
533,0.1762499999999998,0.05
534,-0.004999999999999893,0.05
535,-2.9887500000000005,0.05
536,-2.8750000000000013,0.05
537,-0.2374999999999996,0.05
538,-2.8312500000000003,0.05
539,-2.7000000000000006,0.05
540,-0.07250000000000001,0.05
541,1.345,0.05
542,-2.7300000000000004,0.05
543,1.12375,0.05
544,-2.950000000000001,0.05
545,-2.843750000000001,0.05
546,-2.961250000000001,0.05
547,0.97875,0.05
548,-2.775,0.05
549,-2.825000000000001,0.05
550,-0.05749999999999966,0.05
551,-2.9312500000000012,0.05
552,0.2999999999999998,0.05
553,0.027499999999999858,0.05
554,-0.6887499999999995,0.05
555,-2.961250000000001,0.05
556,-2.9050000000000007,0.05
557,0.23749999999999982,0.05
558,-2.980000000000001,0.05
559,-2.9800000000000013,0.05
560,-2.843750000000001,0.05
561,-0.8787499999999999,0.05
562,-2.6925000000000003,0.05
563,-1.5799999999999994,0.05
564,-2.898750000000001,0.05
565,-2.8675000000000006,0.05
566,-4.062499999999999,0.05
567,1.4800000000000002,0.05
568,-2.7750000000000004,0.05
569,-0.40999999999999925,0.05
570,-2.8475000000000006,0.05
571,1.4775,0.05
572,-3.576249999999999,0.05
573,-2.9175000000000004,0.05
574,-2.942500000000001,0.05
575,-2.900000000000001,0.05
576,-0.04874999999999963,0.05
577,-0.7762499999999999,0.05
578,0.12624999999999997,0.05
579,-2.825000000000001,0.05
580,1.215,0.05
581,-2.843750000000001,0.05
582,-2.816250000000001,0.05
583,1.495,0.05
584,-2.911250000000001,0.05
585,0.5312500000000001,0.05
586,-2.818750000000001,0.05
587,-0.7874999999999999,0.05
588,-2.843750000000001,0.05
589,0.5249999999999997,0.05
590,0.6162499999999999,0.05
591,0.7587499999999999,0.05
592,-0.6249999999999993,0.05
593,-2.823750000000001,0.05
594,-2.961250000000001,0.05
595,-2.90375,0.05
596,-2.9862500000000014,0.05
597,-2.8112500000000007,0.05
598,-2.823750000000001,0.05
599,-2.812500000000001,0.05
600,-3.0650000000000013,0.05
601,-2.9600000000000013,0.05
602,0.23249999999999993,0.05
603,1.51375,0.05
604,-2.661250000000001,0.05
605,-2.9312500000000012,0.05
606,-1.0462500000000003,0.05
607,-2.8100000000000005,0.05
608,-2.8000000000000003,0.05
609,-2.7187500000000004,0.05
610,-2.881250000000001,0.05
611,-2.805,0.05
612,-2.880000000000001,0.05
613,-2.8000000000000007,0.05
614,-2.7125000000000004,0.05
615,-2.912500000000001,0.05
616,-2.9312500000000012,0.05
617,-2.7500000000000004,0.05
618,-2.881250000000001,0.05
619,-3.156249999999999,0.05
620,-2.911249999999999,0.05
621,-2.973750000000001,0.05
622,-2.900000000000001,0.05
623,-2.900000000000001,0.05
624,1.0350000000000001,0.05
625,-2.8387500000000006,0.05
626,-2.775000000000001,0.05
627,-3.3587499999999983,0.05
628,-2.837500000000001,0.05
629,-2.980000000000001,0.05
630,-1.0750000000000004,0.05
631,0.6599999999999998,0.05
632,-3.7024999999999997,0.05
633,0.9837500000000001,0.05
634,0.70875,0.05
635,1.09,0.05
636,-2.850000000000001,0.05
637,-2.805,0.05
638,-1.0625000000000007,0.05
639,-3.0000000000000018,0.05
640,-2.818750000000001,0.05
641,-2.9800000000000013,0.05
642,-2.7687500000000003,0.05
643,-2.9237500000000014,0.05
644,-2.8125000000000013,0.05
645,-4.0337499999999995,0.05
646,-2.8062500000000004,0.05
647,-2.8625000000000007,0.05
648,-2.7487500000000007,0.05
649,1.07375,0.05
650,-2.7875000000000005,0.05
651,-3.2525000000000013,0.05
652,-2.7625000000000006,0.05
653,-2.7937500000000006,0.05
654,0.24249999999999994,0.05
655,-0.7524999999999997,0.05
656,-2.7312500000000006,0.05
657,-2.836250000000001,0.05
658,-0.16999999999999948,0.05
659,0.30874999999999986,0.05
660,-2.842500000000001,0.05
661,-2.9412500000000015,0.05
662,-2.7687500000000007,0.05
663,1.155,0.05
664,-2.8975000000000013,0.05
665,-2.950000000000001,0.05
666,-2.8437500000000004,0.05
667,-2.900000000000001,0.05
668,0.2862499999999999,0.05
669,-2.900000000000001,0.05
670,-1.4037500000000007,0.05
671,1.51375,0.05
672,1.2750000000000001,0.05
673,-2.7737500000000006,0.05
674,-2.891250000000001,0.05
675,-2.961250000000001,0.05
676,-2.7875000000000005,0.05
677,-2.718750000000001,0.05
678,-2.837500000000001,0.05
679,0.19874999999999998,0.05
680,-2.7500000000000004,0.05
681,-2.7675000000000005,0.05
682,-0.5124999999999995,0.05
683,-0.3362499999999995,0.05
684,-3.0250000000000012,0.05
685,-2.950000000000001,0.05
686,-2.787500000000001,0.05
687,-2.775000000000001,0.05
688,1.0437500000000002,0.05
689,-0.6112499999999994,0.05
690,-2.8250000000000006,0.05
691,0.23124999999999996,0.05
692,1.5274999999999999,0.05
693,0.9837500000000001,0.05
694,0.84875,0.05
695,-2.8100000000000005,0.05
696,-2.881250000000001,0.05
697,-2.806250000000001,0.05
698,-2.875000000000001,0.05
699,-2.9312500000000012,0.05
700,-2.99375,0.05
701,0.5787499999999998,0.05
702,-1.0475000000000005,0.05
703,-2.880000000000001,0.05
704,-2.7975,0.05
705,-2.9825000000000013,0.05
706,-3.6612500000000012,0.05
707,-2.6687500000000006,0.05
708,-3.699999999999999,0.05
709,-2.8562500000000006,0.05
710,-2.812500000000001,0.05
711,0.35375,0.05
712,-2.847500000000001,0.05
713,-2.60625,0.05
714,0.5112499999999998,0.05
715,1.09625,0.05
716,0.23750000000000004,0.05
717,0.4874999999999997,0.05
718,-2.8937500000000007,0.05
719,-2.781250000000001,0.05
720,-2.8750000000000004,0.05
721,-2.8362500000000006,0.05
722,-3.046250000000002,0.05
723,-2.885000000000001,0.05
724,0.4524999999999997,0.05
725,-2.843750000000001,0.05
726,-2.836250000000001,0.05
727,-0.5624999999999993,0.05
728,-1.1862500000000005,0.05
729,-2.912500000000001,0.05
730,-2.7987500000000005,0.05
731,0.74625,0.05
732,-2.862500000000001,0.05
733,-2.825000000000001,0.05
734,-3.987499999999999,0.05
735,0.6912499999999999,0.05
736,-1.0000000000000007,0.05
737,-0.2687499999999994,0.05
738,0.17874999999999974,0.05
739,-2.9237500000000014,0.05
740,-2.74,0.05
741,0.97,0.05
742,-2.876250000000001,0.05
743,0.7387499999999999,0.05
744,-0.10249999999999959,0.05
745,-0.7862500000000001,0.05
746,-0.6299999999999997,0.05
747,1.07875,0.05
748,-2.9237500000000014,0.05
749,-2.893750000000001,0.05
750,-2.836250000000001,0.05
751,1.35,0.05
752,-2.912500000000001,0.05
753,-2.8462499999999995,0.05
754,-0.8487499999999997,0.05
755,-2.787500000000001,0.05
756,-0.02499999999999991,0.05
757,-2.806250000000001,0.05
758,1.17375,0.05
759,-0.3674999999999995,0.05
760,-2.7875000000000005,0.05
761,0.87375,0.05
762,-2.767500000000001,0.05
763,0.46499999999999975,0.05
764,1.12375,0.05
765,-1.0275,0.05
766,0.8425,0.05
767,-2.927500000000001,0.05
768,1.18375,0.05
769,0.6749999999999998,0.05
770,-2.950000000000001,0.05
771,0.4899999999999999,0.05
772,-0.03249999999999975,0.05
773,-2.900000000000001,0.05
774,-2.930000000000001,0.05
775,-2.8562500000000006,0.05
776,0.4462499999999998,0.05
777,-0.02374999999999927,0.05
778,-3.5274999999999994,0.05
779,0.0012500000000001954,0.05
780,-2.7062500000000007,0.05
781,-0.3674999999999995,0.05
782,-2.862500000000001,0.05
783,-2.7987500000000005,0.05
784,0.48999999999999966,0.05
785,-2.912500000000001,0.05
786,-1.1262500000000004,0.05
787,-2.8100000000000005,0.05
788,-2.9350000000000014,0.05
789,-2.7799999999999994,0.05
790,-2.831250000000001,0.05
791,-2.911250000000001,0.05
792,1.295,0.05
793,-2.8800000000000012,0.05
794,0.21499999999999986,0.05
795,-2.7500000000000004,0.05
796,1.375,0.05
797,-3.0312500000000004,0.05
798,1.1475000000000002,0.05
799,-2.698750000000001,0.05
800,-2.881250000000001,0.05
801,0.7112499999999999,0.05
802,-0.6362499999999993,0.05
803,-0.6449999999999989,0.05
804,-2.7187500000000004,0.05
805,-0.1387499999999997,0.05
806,0.47624999999999973,0.05
807,-2.868750000000001,0.05
808,1.0450000000000002,0.05
809,1.1600000000000001,0.05
810,-2.893750000000001,0.05
811,0.6962499999999998,0.05
812,-2.9237500000000014,0.05
813,-2.8000000000000007,0.05
814,-2.8187500000000005,0.05
815,0.7874999999999999,0.05
816,1.435,0.05
817,0.5299999999999997,0.05
818,1.1675,0.05
819,0.725,0.05
820,-2.7812500000000004,0.05
821,-2.880000000000001,0.05
822,-2.818750000000001,0.05
823,-2.7687500000000003,0.05
824,-2.893750000000001,0.05
825,-2.868750000000001,0.05
826,0.80625,0.05
827,-0.06249999999999978,0.05
828,1.2175,0.05
829,1.4625000000000001,0.05
830,-0.16374999999999962,0.05
831,1.1487500000000002,0.05
832,0.4312499999999997,0.05
833,0.13375000000000004,0.05
834,0.8912500000000001,0.05
835,-0.6762499999999994,0.05
836,-0.95,0.05
837,0.27874999999999983,0.05
838,-2.7250000000000005,0.05
839,-0.08999999999999964,0.05
840,0.6412499999999998,0.05
841,1.2025000000000001,0.05
842,0.37249999999999983,0.05
843,-2.781250000000001,0.05
844,0.4212499999999999,0.05
845,1.16625,0.05
846,1.01875,0.05
847,0.48999999999999966,0.05
848,1.1712500000000001,0.05
849,1.5125000000000002,0.05
850,-0.5624999999999993,0.05
851,1.33375,0.05
852,0.8175,0.05
853,-0.6462499999999995,0.05
854,0.2899999999999998,0.05
855,0.7549999999999999,0.05
856,0.8475,0.05
857,0.5912499999999998,0.05
858,1.1,0.05
859,1.0375,0.05
860,-2.7187500000000004,0.05
861,1.17,0.05
862,1.2275,0.05
863,0.80625,0.05
864,0.8624999999999999,0.05
865,-2.855000000000001,0.05
866,0.3687499999999999,0.05
867,0.40874999999999995,0.05
868,-2.850000000000001,0.05
869,0.4149999999999996,0.05
870,1.0575,0.05
871,-2.7687500000000007,0.05
872,-2.918750000000001,0.05
873,-0.8274999999999999,0.05
874,0.935,0.05
875,-0.3662499999999995,0.05
876,-2.6675,0.05
877,0.35999999999999965,0.05
878,0.32375,0.05
879,1.06875,0.05
880,0.86,0.05
881,-2.8175000000000003,0.05
882,-2.7300000000000004,0.05
883,-0.18874999999999975,0.05
884,0.6999999999999998,0.05
885,1.13375,0.05
886,1.1687500000000002,0.05
887,-2.961250000000001,0.05
888,0.6224999999999999,0.05
889,0.19499999999999984,0.05
890,-0.3012499999999996,0.05
891,-2.850000000000001,0.05
892,-0.3662499999999995,0.05
893,-1.3337499999999995,0.05
894,-2.7750000000000004,0.05
895,0.5887499999999998,0.05
896,1.3125,0.05
897,-2.942500000000001,0.05
898,1.135,0.05
899,0.4949999999999998,0.05
900,0.6949999999999998,0.05
901,-0.46624999999999917,0.05
902,-0.11624999999999974,0.05
903,0.4999999999999998,0.05
904,-0.3549999999999993,0.05
905,-2.793750000000001,0.05
906,-2.9300000000000015,0.05
907,-2.835,0.05
908,1.38125,0.05
909,0.15874999999999995,0.05
910,0.86,0.05
911,0.03750000000000009,0.05
912,0.2699999999999998,0.05
913,-2.9725000000000006,0.05
914,0.5624999999999998,0.05
915,-2.93625,0.05
916,0.5812499999999997,0.05
917,0.7849999999999999,0.05
918,0.7287499999999999,0.05
919,0.45999999999999974,0.05
920,0.3262499999999997,0.05
921,0.5662499999999999,0.05
922,-2.911250000000001,0.05
923,-0.27499999999999947,0.05
924,-2.912500000000001,0.05
925,-0.42624999999999935,0.05
926,-2.818750000000001,0.05
927,-2.8200000000000007,0.05
928,-2.97875,0.05
929,-3.0212500000000015,0.05
930,-3.5212499999999993,0.05
931,0.9775,0.05
932,-0.2574999999999994,0.05
933,1.41375,0.05
934,0.6800000000000002,0.05
935,0.16500000000000004,0.05
936,1.0025,0.05
937,1.2012500000000002,0.05
938,0.7825,0.05
939,1.07875,0.05
940,-2.9162500000000002,0.05
941,1.08875,0.05
942,0.8049999999999999,0.05
943,-1.1087499999999995,0.05
944,1.08875,0.05
945,-0.5512499999999991,0.05
946,0.5499999999999997,0.05
947,0.7649999999999999,0.05
948,0.30000000000000027,0.05
949,0.19874999999999998,0.05
950,1.29875,0.05
951,1.11375,0.05
952,-0.68875,0.05
953,-2.8187500000000005,0.05
954,-0.16624999999999956,0.05
955,1.03875,0.05
956,0.92,0.05
957,0.9137500000000001,0.05
958,-2.942500000000001,0.05
959,1.1712500000000001,0.05
960,-0.12999999999999967,0.05
961,1.385,0.05
962,0.86,0.05
963,1.0975000000000001,0.05
964,1.07125,0.05
965,0.08374999999999999,0.05
966,0.5399999999999997,0.05
967,-2.8000000000000007,0.05
968,0.9837500000000001,0.05
969,1.19,0.05
970,-0.8324999999999996,0.05
971,-2.875000000000001,0.05
972,-0.08874999999999988,0.05
973,-0.7024999999999995,0.05
974,0.93,0.05
975,-2.837500000000001,0.05
976,1.20875,0.05
977,0.7024999999999998,0.05
978,-2.862500000000001,0.05
979,1.0575,0.05
980,0.2762499999999999,0.05
981,0.94125,0.05
982,-2.825,0.05
983,1.20375,0.05
984,0.9912500000000001,0.05
985,-0.4024999999999992,0.05
986,0.8062499999999999,0.05
987,-0.09999999999999964,0.05
988,0.4524999999999997,0.05
989,0.6712499999999999,0.05
990,0.12750000000000017,0.05
991,-1.1000000000000008,0.05
992,0.86125,0.05
993,0.83625,0.05
994,1.01875,0.05
995,-2.9125000000000005,0.05
996,0.1775,0.05
997,-0.023749999999999494,0.05
998,0.13999999999999968,0.05
999,-0.4862499999999994,0.05
1000,0.6099999999999998,0.05
1001,1.07375,0.05
1002,-2.7800000000000002,0.05
1003,-0.05499999999999994,0.05
1004,0.010000000000000231,0.05
1005,-0.05749999999999966,0.05
1006,0.8225,0.05
1007,0.98875,0.05
1008,0.93,0.05
1009,-2.875000000000001,0.05
1010,1.0550000000000002,0.05
1011,-3.793749999999999,0.05
1012,1.08,0.05
1013,-2.8000000000000007,0.05
1014,0.7149999999999999,0.05
1015,1.0625,0.05
1016,0.29499999999999993,0.05
1017,0.2762499999999999,0.05
1018,0.9700000000000001,0.05
1019,0.9,0.05
1020,0.82375,0.05
1021,0.7674999999999998,0.05
1022,0.7124999999999998,0.05
1023,0.8875,0.05
1024,0.61,0.05
1025,-1.0875000000000006,0.05
1026,0.7637499999999999,0.05
1027,0.81875,0.05
1028,1.50875,0.05
1029,-0.6112499999999994,0.05
1030,0.7849999999999999,0.05
1031,1.02,0.05
1032,-0.1387499999999997,0.05
1033,0.5087499999999997,0.05
1034,-1.0112500000000006,0.05
1035,-2.892500000000001,0.05
1036,0.79625,0.05
1037,-2.9225000000000008,0.05
1038,1.1125,0.05
1039,0.4349999999999996,0.05
1040,0.7587499999999999,0.05
1041,1.0550000000000002,0.05
1042,0.7949999999999999,0.05
1043,0.6337499999999998,0.05
1044,0.5024999999999996,0.05
1045,-2.912500000000001,0.05
1046,0.8975000000000001,0.05
1047,0.80375,0.05
1048,0.6774999999999999,0.05
1049,-2.8600000000000008,0.05
1050,-2.7312500000000006,0.05
1051,1.2725,0.05
1052,-0.2999999999999994,0.05
1053,1.1125,0.05
1054,-0.8687500000000001,0.05
1055,-0.6287499999999995,0.05
1056,-2.7375000000000007,0.05
1057,0.33999999999999986,0.05
1058,0.9600000000000001,0.05
1059,1.1675,0.05
1060,0.26249999999999996,0.05
1061,-0.41499999999999937,0.05
1062,0.6912499999999999,0.05
1063,0.8912500000000001,0.05
1064,0.36124999999999985,0.05
1065,0.81875,0.05
1066,0.33499999999999974,0.05
1067,-0.7625,0.05
1068,0.47624999999999973,0.05
1069,0.7437499999999999,0.05
1070,0.7999999999999999,0.05
1071,0.9537500000000001,0.05
1072,0.7162499999999998,0.05
1073,-0.10249999999999981,0.05
1074,1.3125,0.05
1075,0.88,0.05
1076,0.86,0.05
1077,-0.5787499999999997,0.05
1078,-3.02125,0.05
1079,1.1425,0.05
1080,1.39125,0.05
1081,0.6787499999999999,0.05
1082,-0.49874999999999936,0.05
1083,0.18000000000000016,0.05
1084,0.46624999999999983,0.05
1085,0.0,0.05
1086,0.7037500000000002,0.05
1087,0.3162499999999999,0.05
1088,0.4949999999999998,0.05
1089,1.4200000000000002,0.05
1090,-2.8312500000000007,0.05
1091,0.5862499999999997,0.05
1092,0.10875000000000012,0.05
1093,0.5237499999999997,0.05
1094,-0.1537499999999996,0.05
1095,1.0825,0.05
1096,-3.850000000000001,0.05
1097,-0.40499999999999936,0.05
1098,0.14749999999999996,0.05
1099,0.615,0.05
1100,-0.5399999999999996,0.05
1101,0.825,0.05
1102,-1.3787500000000013,0.05
1103,1.23875,0.05
1104,1.2000000000000002,0.05
1105,1.1062500000000002,0.05
1106,0.90375,0.05
1107,1.3800000000000001,0.05
1108,1.0462500000000001,0.05
1109,1.245,0.05
1110,1.1400000000000001,0.05
1111,-0.5362499999999992,0.05
1112,1.19875,0.05
1113,0.94625,0.05
1114,-0.19249999999999945,0.05
1115,1.385,0.05
1116,0.79625,0.05
1117,1.0975000000000001,0.05
1118,0.9637500000000001,0.05
1119,0.96625,0.05
1120,1.4675,0.05
1121,1.27625,0.05
1122,1.09375,0.05
1123,1.1675,0.05
1124,0.5812499999999997,0.05
1125,0.1412500000000001,0.05
1126,-0.5137499999999993,0.05
1127,0.5599999999999997,0.05
1128,0.96625,0.05
1129,-0.9150000000000003,0.05
1130,-0.04249999999999976,0.05
1131,0.3849999999999998,0.05
1132,-1.0149999999999995,0.05
1133,1.0562500000000001,0.05
1134,0.3787499999999997,0.05
1135,0.5299999999999998,0.05
1136,0.09125000000000005,0.05
1137,1.4125,0.05
1138,-0.03874999999999984,0.05
1139,1.3137500000000002,0.05
1140,0.49499999999999966,0.05
1141,1.0350000000000001,0.05
1142,0.8962500000000001,0.05
1143,-0.13124999999999964,0.05
1144,0.96625,0.05
1145,0.7137500000000001,0.05
1146,0.3599999999999999,0.05
1147,0.14500000000000002,0.05
1148,0.9337500000000001,0.05
1149,0.8675,0.05
1150,0.7087499999999999,0.05
1151,1.0137500000000002,0.05
1152,1.33125,0.05
1153,1.08,0.05
1154,1.32875,0.05
1155,0.38625,0.05
1156,0.6699999999999999,0.05
1157,-0.5949999999999995,0.05
1158,1.555,0.05
1159,0.49624999999999975,0.05
1160,-2.883750000000001,0.05
1161,1.0550000000000002,0.05
1162,0.86125,0.05
1163,1.13125,0.05
1164,1.01875,0.05
1165,1.25875,0.05
1166,1.1487500000000002,0.05
1167,0.9912500000000001,0.05
1168,1.0975000000000001,0.05
1169,-2.7625000000000006,0.05
1170,1.39125,0.05
1171,0.8212499999999999,0.05
1172,-0.5487499999999994,0.05
1173,0.7649999999999999,0.05
1174,0.895,0.05
1175,1.2275,0.05
1176,0.875,0.05
1177,0.865,0.05
1178,0.5287499999999997,0.05
1179,1.02625,0.05
1180,1.1600000000000001,0.05
1181,0.78125,0.05
1182,0.94625,0.05
1183,1.54125,0.05
1184,0.9400000000000001,0.05
1185,0.7250000000000001,0.05
1186,1.07,0.05
1187,-0.08999999999999986,0.05
1188,0.9450000000000001,0.05
1189,0.815,0.05
1190,1.245,0.05
1191,1.01875,0.05
1192,0.9875,0.05
1193,1.27625,0.05
1194,1.18375,0.05
1195,1.1075,0.05
1196,0.4087499999999997,0.05
1197,1.1150000000000002,0.05
1198,1.2537500000000001,0.05
1199,1.25875,0.05
1200,0.83125,0.05
1201,0.21499999999999986,0.05
1202,1.4300000000000002,0.05
1203,0.09000000000000008,0.05
1204,0.08624999999999994,0.05
1205,1.2475,0.05
1206,0.4762499999999996,0.05
1207,0.5562499999999997,0.05
1208,0.6762499999999999,0.05
1209,0.7675,0.05
1210,0.6849999999999999,0.05
1211,0.825,0.05
1212,1.5037500000000001,0.05
1213,1.2575,0.05
1214,0.845,0.05
1215,1.5687499999999999,0.05
1216,0.86375,0.05
1217,0.5499999999999998,0.05
1218,1.13625,0.05
1219,1.1425,0.05
1220,0.9750000000000001,0.05
1221,0.9325000000000001,0.05
1222,0.97875,0.05
1223,1.455,0.05
1224,0.8975000000000001,0.05
1225,0.3837499999999998,0.05
1226,0.3124999999999998,0.05
1227,1.18625,0.05
1228,1.1125,0.05
1229,0.3587499999999997,0.05
1230,1.4200000000000002,0.05
1231,0.9125000000000001,0.05
1232,1.2225000000000001,0.05
1233,1.1475,0.05
1234,0.9900000000000001,0.05
1235,1.165,0.05
1236,1.1887500000000002,0.05
1237,1.1600000000000001,0.05
1238,1.27625,0.05
1239,0.6412499999999998,0.05
1240,0.73,0.05
1241,0.02124999999999999,0.05
1242,-2.7187500000000004,0.05
1243,-0.8299999999999998,0.05
1244,0.7412499999999999,0.05
1245,-0.6362499999999995,0.05
1246,1.45375,0.05
1247,0.6399999999999998,0.05
1248,-0.5712499999999994,0.05
1249,0.4449999999999996,0.05
1250,-0.8950000000000002,0.05
1251,0.7675,0.05
1252,0.9950000000000001,0.05
1253,0.8225,0.05
1254,0.6549999999999998,0.05
1255,1.0925,0.05
1256,1.0425,0.05
1257,0.2999999999999998,0.05
1258,1.32375,0.05
1259,1.1800000000000002,0.05
1260,1.25625,0.05
1261,1.2275,0.05
1262,1.0150000000000001,0.05
1263,1.33125,0.05
1264,1.37625,0.05
1265,0.9712500000000001,0.05
1266,0.7037499999999999,0.05
1267,1.12375,0.05
1268,1.2375,0.05
1269,1.185,0.05
1270,1.2925,0.05
1271,1.2625000000000002,0.05
1272,1.185,0.05
1273,1.0750000000000002,0.05
1274,1.1425,0.05
1275,0.9287500000000001,0.05
1276,0.5262499999999998,0.05
1277,1.1125,0.05
1278,0.9500000000000001,0.05
1279,1.05,0.05
1280,1.2825000000000002,0.05
1281,1.1675,0.05
1282,1.0425,0.05
1283,0.0950000000000002,0.05
1284,0.7699999999999999,0.05
1285,0.7875,0.05
1286,0.8125,0.05
1287,1.0075,0.05
1288,0.8012499999999999,0.05
1289,0.6412499999999998,0.05
1290,0.825,0.05
1291,1.2375,0.05
1292,1.17625,0.05
1293,1.1125,0.05
1294,1.03875,0.05
1295,1.3275000000000001,0.05
1296,1.2650000000000001,0.05
1297,1.0025000000000002,0.05
1298,1.2637500000000002,0.05
1299,0.29874999999999985,0.05
1300,0.8049999999999999,0.05
1301,0.9287500000000001,0.05
1302,1.49875,0.05
1303,0.8125,0.05
1304,0.9500000000000001,0.05
1305,-0.4599999999999993,0.05
1306,0.5487499999999998,0.05
1307,1.1925000000000001,0.05
1308,0.28749999999999987,0.05
1309,1.09375,0.05
1310,-0.6887499999999995,0.05
1311,1.22125,0.05
1312,0.9712500000000001,0.05
1313,1.1500000000000001,0.05
1314,1.36375,0.05
1315,0.43249999999999966,0.05
1316,0.5099999999999997,0.05
1317,1.00625,0.05
1318,0.6124999999999997,0.05
1319,1.0375,0.05
1320,0.5712499999999997,0.05
1321,0.6962499999999999,0.05
1322,1.07125,0.05
1323,1.2625000000000002,0.05
1324,0.24999999999999978,0.05
1325,0.07250000000000001,0.05
1326,1.48875,0.05
1327,1.1375000000000002,0.05
1328,1.0625,0.05
1329,1.21625,0.05
1330,0.9475,0.05
1331,0.6762499999999999,0.05
1332,1.1687500000000002,0.05
1333,-0.039999999999999813,0.05
1334,0.4624999999999997,0.05
1335,0.4624999999999997,0.05
1336,1.21375,0.05
1337,0.9900000000000001,0.05
1338,0.9800000000000002,0.05
1339,0.5387499999999998,0.05
1340,0.98,0.05
1341,-0.06249999999999978,0.05
1342,1.40625,0.05
1343,1.40375,0.05
1344,0.5649999999999998,0.05
1345,0.3312499999999998,0.05
1346,1.1287500000000001,0.05
1347,0.865,0.05
1348,0.84,0.05
1349,1.0437500000000002,0.05
1350,0.9225000000000001,0.05
1351,1.225,0.05
1352,0.6887499999999999,0.05
1353,-0.018749999999999822,0.05
1354,0.9875,0.05
1355,1.1125,0.05
1356,1.29,0.05
1357,0.17999999999999994,0.05
1358,-0.16249999999999942,0.05
1359,1.11625,0.05
1360,-0.11124999999999963,0.05
1361,0.99,0.05
1362,1.1175000000000002,0.05
1363,1.0037500000000001,0.05
1364,1.2725,0.05
1365,0.8049999999999999,0.05
1366,1.2125000000000001,0.05
1367,0.48999999999999977,0.05
1368,0.12749999999999995,0.05
1369,1.23,0.05
1370,0.6574999999999999,0.05
1371,1.1,0.05
1372,-0.054999999999999716,0.05
1373,1.0137500000000002,0.05
1374,0.4712499999999996,0.05
1375,0.6149999999999999,0.05
1376,0.4774999999999998,0.05
1377,1.165,0.05
1378,0.9775,0.05
1379,0.2999999999999998,0.05
1380,-0.3562499999999993,0.05
1381,1.07625,0.05
1382,0.4399999999999997,0.05
1383,0.7274999999999999,0.05
1384,0.17999999999999994,0.05
1385,1.15375,0.05
1386,0.97875,0.05
1387,0.7649999999999999,0.05
1388,1.03375,0.05
1389,0.6349999999999998,0.05
1390,1.06125,0.05
1391,1.2237500000000001,0.05
1392,0.79875,0.05
1393,0.7687499999999999,0.05
1394,1.0975000000000001,0.05
1395,1.31875,0.05
1396,0.15999999999999992,0.05
1397,0.8975000000000001,0.05
1398,1.2175,0.05
1399,0.8425,0.05
1400,1.245,0.05
1401,1.34375,0.05
1402,0.5099999999999997,0.05
1403,0.6199999999999998,0.05
1404,0.6599999999999998,0.05
1405,0.3049999999999997,0.05
1406,0.40249999999999964,0.05
1407,1.17,0.05
1408,0.9287500000000001,0.05
1409,1.11125,0.05
1410,0.70125,0.05
1411,0.028750000000000053,0.05
1412,0.8962500000000001,0.05
1413,1.08,0.05
1414,0.6962499999999998,0.05
1415,0.46499999999999964,0.05
1416,1.29,0.05
1417,-0.7537499999999999,0.05
1418,0.9287500000000001,0.05
1419,0.3012499999999998,0.05
1420,0.7399999999999999,0.05
1421,0.22999999999999998,0.05
1422,1.2475,0.05
1423,0.9837500000000001,0.05
1424,0.6600000000000001,0.05
1425,1.3625,0.05
1426,1.0325000000000002,0.05
1427,0.7499999999999999,0.05
1428,0.8725,0.05
1429,-0.4299999999999995,0.05
1430,1.27,0.05
1431,1.11625,0.05
1432,0.5062499999999998,0.05
1433,-0.44124999999999925,0.05
1434,-0.29249999999999954,0.05
1435,0.5112499999999998,0.05
1436,1.19375,0.05
1437,0.1100000000000001,0.05
1438,1.25875,0.05
1439,0.8324999999999999,0.05
1440,0.5737499999999998,0.05
1441,1.10125,0.05
1442,0.23624999999999985,0.05
1443,1.18625,0.05
1444,1.07125,0.05
1445,0.78625,0.05
1446,1.455,0.05
1447,-0.2587499999999996,0.05
1448,1.1912500000000001,0.05
1449,-0.5887499999999994,0.05
1450,-0.09499999999999975,0.05
1451,0.2599999999999998,0.05
1452,1.355,0.05
1453,1.4900000000000002,0.05
1454,-0.043749999999999734,0.05
1455,0.5837499999999998,0.05
1456,0.09250000000000003,0.05
1457,0.29374999999999973,0.05
1458,1.2537500000000001,0.05
1459,0.9775,0.05
1460,1.0975000000000001,0.05
1461,1.0562500000000001,0.05
1462,1.0637500000000002,0.05
1463,-0.9250000000000003,0.05
1464,-0.11999999999999988,0.05
1465,1.1375000000000002,0.05
1466,1.0875000000000001,0.05
1467,0.9362500000000001,0.05
1468,-2.7187500000000004,0.05
1469,1.18625,0.05
1470,0.82,0.05
1471,1.1712500000000001,0.05
1472,1.2775,0.05
1473,-0.07374999999999976,0.05
1474,0.92125,0.05
1475,0.9925000000000002,0.05
1476,1.2650000000000001,0.05
1477,1.12625,0.05
1478,0.06750000000000012,0.05
1479,0.915,0.05
1480,1.4000000000000001,0.05
1481,-0.6462499999999995,0.05
1482,1.1175000000000002,0.05
1483,-0.20874999999999955,0.05
1484,0.016250000000000098,0.05
1485,0.6587499999999998,0.05
1486,1.03875,0.05
1487,0.21875,0.05
1488,1.02125,0.05
1489,1.09375,0.05
1490,1.1675,0.05
1491,0.8312499999999999,0.05
1492,0.9700000000000001,0.05
1493,1.1675,0.05
1494,1.1,0.05
1495,1.28875,0.05
1496,-0.21874999999999956,0.05
1497,1.03875,0.05
1498,1.08125,0.05
1499,1.17,0.05
1500,1.13125,0.05
1501,1.18625,0.05
1502,1.22125,0.05
1503,1.05,0.05
1504,1.09375,0.05
1505,0.7512499999999999,0.05
1506,1.17,0.05
1507,0.6774999999999999,0.05
1508,0.9850000000000001,0.05
1509,0.6412499999999999,0.05
1510,0.5499999999999997,0.05
1511,1.0625,0.05
1512,1.0025,0.05
1513,0.8900000000000001,0.05
1514,1.2275,0.05
1515,1.13625,0.05
1516,1.2537500000000001,0.05
1517,1.26625,0.05
1518,1.1875,0.05
1519,0.78875,0.05
1520,0.6475,0.05
1521,0.8625,0.05
1522,1.21,0.05
1523,0.8274999999999999,0.05
1524,0.80125,0.05
1525,-0.18374999999999964,0.05
1526,0.905,0.05
1527,0.835,0.05
1528,1.1475,0.05
1529,0.8912500000000001,0.05
1530,1.14625,0.05
1531,0.8012499999999999,0.05
1532,0.73125,0.05
1533,1.06875,0.05
1534,0.3787499999999995,0.05
1535,1.11625,0.05
1536,0.3787499999999997,0.05
1537,0.8049999999999999,0.05
1538,0.9975,0.05
1539,1.2550000000000001,0.05
1540,0.97875,0.05
1541,-0.02124999999999977,0.05
1542,-0.8799999999999997,0.05
1543,0.8975000000000001,0.05
1544,1.1175000000000002,0.05
1545,1.02625,0.05
1546,0.6887499999999999,0.05
1547,0.73875,0.05
1548,1.0375,0.05
1549,1.04,0.05
1550,0.4399999999999997,0.05
1551,1.0025,0.05
1552,1.20875,0.05
1553,0.7124999999999999,0.05
1554,0.915,0.05
1555,1.0550000000000002,0.05
1556,0.86875,0.05
1557,1.02625,0.05
1558,1.2,0.05
1559,1.0550000000000002,0.05
1560,0.6549999999999999,0.05
1561,1.21875,0.05
1562,0.9137500000000001,0.05
1563,0.9975,0.05
1564,0.8425,0.05
1565,0.23749999999999982,0.05
1566,1.26125,0.05
1567,1.17375,0.05
1568,0.6049999999999999,0.05
1569,0.93,0.05
1570,0.49999999999999967,0.05
1571,0.7162499999999998,0.05
1572,-0.4749999999999992,0.05
1573,0.6424999999999998,0.05
1574,1.0,0.05
1575,0.7487499999999999,0.05
1576,1.07625,0.05
1577,0.9775,0.05
1578,0.7962499999999999,0.05
1579,0.79875,0.05
1580,1.33125,0.05
1581,0.8775000000000001,0.05
1582,-0.4237499999999994,0.05
1583,1.2237500000000001,0.05
1584,0.5887499999999998,0.05
1585,0.7849999999999999,0.05
1586,0.09750000000000014,0.05
1587,1.18125,0.05
1588,1.07625,0.05
1589,1.07,0.05
1590,0.7999999999999999,0.05
1591,1.1600000000000001,0.05
1592,0.91125,0.05
1593,0.7587499999999999,0.05
1594,1.46375,0.05
1595,0.16500000000000004,0.05
1596,1.09375,0.05
1597,1.17375,0.05
1598,0.5924999999999998,0.05
1599,0.9800000000000001,0.05
1600,1.03875,0.05
1601,1.295,0.05
1602,1.2475,0.05
1603,0.8925000000000001,0.05
1604,1.19375,0.05
1605,0.9637500000000001,0.05
1606,1.0012500000000002,0.05
1607,1.0875,0.05
1608,1.0825,0.05
1609,0.9525000000000001,0.05
1610,1.15375,0.05
1611,1.19875,0.05
1612,0.7699999999999999,0.05
1613,0.7024999999999998,0.05
1614,1.00875,0.05
1615,0.23249999999999993,0.05
1616,-2.8300000000000005,0.05
1617,1.4175,0.05
1618,1.40375,0.05
1619,-2.7312500000000006,0.05
1620,0.9337500000000001,0.05
1621,1.0250000000000001,0.05
1622,1.115,0.05
1623,1.0175,0.05
1624,1.1725,0.05
1625,0.82,0.05
1626,1.0550000000000002,0.05
1627,0.8012499999999999,0.05
1628,0.0887500000000001,0.05
1629,0.5199999999999997,0.05
1630,0.5649999999999997,0.05
1631,0.4624999999999998,0.05
1632,1.385,0.05
1633,0.8012499999999999,0.05
1634,1.0050000000000001,0.05
1635,0.37999999999999967,0.05
1636,1.14375,0.05
1637,1.06875,0.05
1638,1.0637500000000002,0.05
1639,1.3175000000000001,0.05
1640,0.6387499999999998,0.05
1641,1.08,0.05
1642,1.4625000000000001,0.05
1643,0.6387499999999998,0.05
1644,1.04,0.05
1645,1.0237500000000002,0.05
1646,1.4300000000000002,0.05
1647,0.4762499999999996,0.05
1648,0.82,0.05
1649,1.0575,0.05
1650,1.0125000000000002,0.05
1651,0.875,0.05
1652,0.9337500000000001,0.05
1653,1.17875,0.05
1654,0.5999999999999998,0.05
1655,0.86125,0.05
1656,1.4225,0.05
1657,0.935,0.05
1658,1.1800000000000002,0.05
1659,1.0250000000000001,0.05
1660,0.32999999999999985,0.05
1661,0.8237500000000001,0.05
1662,0.5275,0.05
1663,-0.02499999999999969,0.05
1664,1.2512500000000002,0.05
1665,1.2962500000000001,0.05
1666,1.0875000000000001,0.05
1667,1.0575,0.05
1668,1.1175000000000002,0.05
1669,-2.9050000000000007,0.05
1670,0.8050000000000002,0.05
1671,0.89875,0.05
1672,-0.16374999999999962,0.05
1673,1.29,0.05
1674,0.85375,0.05
1675,1.2625000000000002,0.05
1676,-2.7112500000000006,0.05
1677,0.3837499999999998,0.05
1678,-0.36749999999999927,0.05
1679,1.29875,0.05
1680,0.9337500000000001,0.05
1681,1.1287500000000001,0.05
1682,1.2650000000000001,0.05
1683,1.2225000000000001,0.05
1684,1.23,0.05
1685,0.6162499999999999,0.05
1686,0.9337500000000001,0.05
1687,0.5649999999999997,0.05
1688,-2.7362500000000005,0.05
1689,0.6412499999999999,0.05
1690,0.9962500000000001,0.05
1691,1.5450000000000002,0.05
1692,1.07375,0.05
1693,-1.1175000000000013,0.05
1694,0.7699999999999999,0.05
1695,0.9775,0.05
1696,0.88,0.05
1697,1.5137500000000002,0.05
1698,1.0550000000000002,0.05
1699,0.845,0.05
1700,0.9425,0.05
1701,0.7549999999999999,0.05
1702,-0.42124999999999946,0.05
1703,-1.2912499999999991,0.05
1704,1.1500000000000001,0.05
1705,0.93,0.05
1706,1.28,0.05
1707,0.7399999999999999,0.05
1708,0.8074999999999999,0.05
1709,1.04,0.05
1710,0.10375000000000001,0.05
1711,1.1375000000000002,0.05
1712,-0.12999999999999967,0.05
1713,0.9287500000000001,0.05
1714,0.5812499999999997,0.05
1715,0.9925,0.05
1716,1.07875,0.05
1717,0.19500000000000006,0.05
1718,1.19,0.05
1719,1.135,0.05
1720,1.2000000000000002,0.05
1721,1.15625,0.05
1722,-3.0512500000000005,0.05
1723,1.23625,0.05
1724,0.99,0.05
1725,0.8812500000000001,0.05
1726,1.475,0.05
1727,0.89875,0.05
1728,1.0750000000000002,0.05
1729,1.22125,0.05
1730,1.085,0.05
1731,0.9525000000000001,0.05
1732,1.12625,0.05
1733,0.8025,0.05
1734,1.25875,0.05
1735,0.90625,0.05
1736,1.1775,0.05
1737,0.77,0.05
1738,1.09,0.05
1739,0.75125,0.05
1740,0.885,0.05
1741,1.1975,0.05
1742,1.54125,0.05
1743,0.6087499999999998,0.05
1744,0.16125000000000012,0.05
1745,1.45875,0.05
1746,0.9712500000000002,0.05
1747,1.2750000000000001,0.05
1748,1.0562500000000001,0.05
1749,1.425,0.05
1750,1.3687500000000001,0.05
1751,0.9850000000000001,0.05
1752,1.28125,0.05
1753,0.75,0.05
1754,0.8062499999999999,0.05
1755,0.37999999999999967,0.05
1756,0.9450000000000001,0.05
1757,1.0237500000000002,0.05
1758,0.98875,0.05
1759,0.8425,0.05
1760,0.705,0.05
1761,1.13875,0.05
1762,0.8225,0.05
1763,1.1525,0.05
1764,0.10250000000000004,0.05
1765,1.0575,0.05
1766,0.4937499999999997,0.05
1767,1.37625,0.05
1768,0.3450000000000002,0.05
1769,1.02125,0.05
1770,1.26,0.05
1771,1.22125,0.05
1772,1.20875,0.05
1773,0.7137499999999999,0.05
1774,1.1487500000000002,0.05
1775,1.12375,0.05
1776,1.09,0.05
1777,1.2275,0.05
1778,1.29,0.05
1779,1.0350000000000001,0.05
1780,1.085,0.05
1781,1.4900000000000002,0.05
1782,0.915,0.05
1783,-2.8000000000000007,0.05
1784,0.8237500000000001,0.05
1785,1.185,0.05
1786,1.18375,0.05
1787,0.9287500000000001,0.05
1788,1.2750000000000001,0.05
1789,0.9275000000000001,0.05
1790,0.9875,0.05
1791,0.84375,0.05
1792,1.29125,0.05
1793,0.7212499999999998,0.05
1794,1.03125,0.05
1795,1.2750000000000001,0.05
1796,0.83,0.05
1797,0.88,0.05
1798,1.01875,0.05
1799,1.07375,0.05
1800,1.1775,0.05
1801,1.0975000000000001,0.05
1802,0.1775,0.05
1803,0.8925000000000001,0.05
1804,1.105,0.05
1805,0.84,0.05
1806,0.9837500000000001,0.05
1807,0.7512499999999999,0.05
1808,0.4624999999999997,0.05
1809,0.5812499999999997,0.05
1810,1.2,0.05
1811,0.7,0.05
1812,0.87875,0.05
1813,1.23875,0.05
1814,0.93,0.05
1815,0.9450000000000001,0.05
1816,0.73125,0.05
1817,1.1175000000000002,0.05
1818,1.18875,0.05
1819,1.02125,0.05
1820,1.2475,0.05
1821,1.24125,0.05
1822,1.08875,0.05
1823,1.2750000000000001,0.05
1824,1.2650000000000001,0.05
1825,1.26625,0.05
1826,1.2825000000000002,0.05
1827,1.03875,0.05
1828,0.5099999999999997,0.05
1829,0.8550000000000001,0.05
1830,0.47374999999999967,0.05
1831,1.475,0.05
1832,1.3450000000000002,0.05
1833,0.5387499999999997,0.05
1834,0.9137500000000001,0.05
1835,1.1712500000000001,0.05
1836,-2.93125,0.05
1837,1.24875,0.05
1838,-2.9650000000000007,0.05
1839,1.09375,0.05
1840,1.2275,0.05
1841,-0.7362499999999998,0.05
1842,1.30875,0.05
1843,1.13125,0.05
1844,1.09375,0.05
1845,0.85,0.05
1846,0.78875,0.05
1847,0.8062499999999999,0.05
1848,1.0425,0.05
1849,0.3312499999999998,0.05
1850,0.9775,0.05
1851,0.44999999999999984,0.05
1852,1.215,0.05
1853,0.7937500000000001,0.05
1854,1.2525,0.05
1855,-0.5149999999999992,0.05
1856,1.1125,0.05
1857,1.0075,0.05
1858,0.30999999999999983,0.05
1859,1.23625,0.05
1860,1.15375,0.05
1861,1.1825,0.05
1862,0.9,0.05
1863,0.6224999999999998,0.05
1864,0.7087499999999999,0.05
1865,1.0425,0.05
1866,0.87,0.05
1867,0.9425,0.05
1868,0.8825000000000001,0.05
1869,0.5274999999999999,0.05
1870,1.29125,0.05
1871,-0.02874999999999983,0.05
1872,0.1625000000000001,0.05
1873,0.18249999999999988,0.05
1874,1.115,0.05
1875,0.7687499999999999,0.05
1876,-0.46374999999999944,0.05
1877,0.9900000000000001,0.05
1878,1.11,0.05
1879,1.0675000000000001,0.05
1880,0.5374999999999998,0.05
1881,1.225,0.05
1882,1.365,0.05
1883,0.47499999999999964,0.05
1884,0.6112499999999997,0.05
1885,0.7374999999999999,0.05
1886,1.0325000000000002,0.05
1887,1.02125,0.05
1888,1.54125,0.05
1889,1.0625,0.05
1890,0.9525000000000001,0.05
1891,0.82375,0.05
1892,1.43875,0.05
1893,1.19,0.05
1894,1.08125,0.05
1895,0.5412499999999998,0.05
1896,1.23875,0.05
1897,1.0875000000000001,0.05
1898,1.2087500000000002,0.05
1899,1.22125,0.05
1900,1.2437500000000001,0.05
1901,1.2275,0.05
1902,1.1300000000000001,0.05
1903,1.195,0.05
1904,0.47999999999999965,0.05
1905,1.07625,0.05
1906,1.215,0.05
1907,0.37875000000000014,0.05
1908,1.36125,0.05
1909,1.3975,0.05
1910,0.9712500000000001,0.05
1911,1.1175000000000002,0.05
1912,1.2725000000000002,0.05
1913,0.8725,0.05
1914,0.7487499999999999,0.05
1915,0.57125,0.05
1916,0.9975,0.05
1917,1.2750000000000001,0.05
1918,0.8925000000000001,0.05
1919,0.8775000000000001,0.05
1920,1.0575,0.05
1921,0.99,0.05
1922,0.79875,0.05
1923,0.6599999999999998,0.05
1924,1.1625,0.05
1925,1.115,0.05
1926,0.93,0.05
1927,1.2850000000000001,0.05
1928,0.9900000000000001,0.05
1929,0.9500000000000001,0.05
1930,1.08,0.05
1931,0.5624999999999998,0.05
1932,1.24625,0.05
1933,1.1125,0.05
1934,1.0562500000000001,0.05
1935,1.2575,0.05
1936,-0.9887500000000002,0.05
1937,1.18375,0.05
1938,1.23625,0.05
1939,-0.5024999999999993,0.05
1940,1.29875,0.05
1941,0.7337499999999999,0.05
1942,1.2112500000000002,0.05
1943,0.9875,0.05
1944,-3.1062500000000015,0.05
1945,0.82375,0.05
1946,1.16625,0.05
1947,1.335,0.05
1948,0.0950000000000002,0.05
1949,0.1812499999999999,0.05
1950,0.08750000000000013,0.05
1951,1.0625,0.05
1952,0.90625,0.05
1953,0.9475,0.05
1954,1.0375,0.05
1955,1.2275,0.05
1956,1.0337500000000002,0.05
1957,0.7149999999999999,0.05
1958,1.295,0.05
1959,1.0450000000000002,0.05
1960,1.2175,0.05
1961,1.0250000000000001,0.05
1962,1.195,0.05
1963,0.6024999999999998,0.05
1964,1.0550000000000002,0.05
1965,1.0137500000000002,0.05
1966,1.19875,0.05
1967,0.9537500000000001,0.05
1968,1.1,0.05
1969,1.31,0.05
1970,0.99,0.05
1971,0.85625,0.05
1972,1.0150000000000001,0.05
1973,1.13125,0.05
1974,1.1375000000000002,0.05
1975,1.12,0.05
1976,0.895,0.05
1977,0.99,0.05
1978,1.1125,0.05
1979,1.06875,0.05
1980,1.0975000000000001,0.05
1981,0.9975,0.05
1982,0.8250000000000001,0.05
1983,1.0,0.05
1984,1.4587500000000002,0.05
1985,0.7,0.05
1986,-4.129999999999999,0.05
1987,0.9962500000000001,0.05
1988,1.0375,0.05
1989,0.8625,0.05
1990,1.31875,0.05
1991,1.41375,0.05
1992,-2.825000000000001,0.05
1993,1.18625,0.05
1994,1.1125,0.05
1995,1.0625,0.05
1996,1.065,0.05
1997,1.15375,0.05
1998,1.06125,0.05
1999,1.35,0.05
2000,1.31125,0.05
2001,0.9087500000000001,0.05
2002,1.37,0.05
2003,1.1725,0.05
2004,1.21875,0.05
2005,1.07875,0.05
2006,1.03375,0.05
2007,1.33375,0.05
2008,0.9775,0.05
2009,1.125,0.05
2010,-0.7037499999999997,0.05
2011,1.195,0.05
2012,1.1075,0.05
2013,0.905,0.05
2014,0.9512500000000002,0.05
2015,1.165,0.05
2016,0.99,0.05
2017,0.7037499999999999,0.05
2018,0.9875,0.05
2019,1.18625,0.05
2020,0.41624999999999956,0.05
2021,1.14125,0.05
2022,1.03875,0.05
2023,1.06,0.05
2024,0.5537499999999997,0.05
2025,1.115,0.05
2026,0.75125,0.05
2027,1.17375,0.05
2028,-0.39124999999999943,0.05
2029,0.19874999999999998,0.05
2030,0.85125,0.05
2031,1.29125,0.05
2032,0.925,0.05
2033,1.1925000000000001,0.05
2034,0.6237499999999998,0.05
2035,1.32125,0.05
2036,1.0575,0.05
2037,0.9337500000000001,0.05
2038,1.2950000000000002,0.05
2039,-0.27624999999999944,0.05
2040,0.97875,0.05
2041,0.95625,0.05
2042,1.0250000000000001,0.05
2043,1.3362500000000002,0.05
2044,0.9725000000000001,0.05
2045,1.445,0.05
2046,1.23625,0.05
2047,1.28125,0.05
2048,-2.7250000000000005,0.05
2049,1.12625,0.05
2050,0.8875,0.05
2051,0.87,0.05
2052,0.855,0.05
2053,0.9500000000000001,0.05
2054,1.32,0.05
2055,1.25875,0.05
2056,1.06,0.05
2057,1.2525,0.05
2058,1.24125,0.05
2059,0.87875,0.05
2060,1.1575000000000002,0.05
2061,1.1075000000000002,0.05
2062,0.46999999999999964,0.05
2063,1.095,0.05
2064,0.6174999999999998,0.05
2065,1.15375,0.05
2066,1.2637500000000002,0.05
2067,1.1300000000000001,0.05
2068,1.29,0.05
2069,0.2949999999999997,0.05
2070,0.98,0.05
2071,0.6224999999999998,0.05
2072,0.875,0.05
2073,1.045,0.05
2074,1.0350000000000001,0.05
2075,1.1625,0.05
2076,1.14375,0.05
2077,1.295,0.05
2078,1.2437500000000001,0.05
2079,0.76,0.05
2080,1.2675,0.05
2081,1.2000000000000002,0.05
2082,0.22999999999999998,0.05
2083,-0.00749999999999984,0.05
2084,1.07375,0.05
2085,0.8175,0.05
2086,0.9137500000000001,0.05
2087,1.07125,0.05
2088,1.25875,0.05
2089,0.16500000000000004,0.05
2090,1.1487500000000002,0.05
2091,1.445,0.05
2092,0.9700000000000001,0.05
2093,1.00625,0.05
2094,0.73125,0.05
2095,1.0150000000000001,0.05
2096,0.6524999999999999,0.05
2097,0.96125,0.05
2098,0.98875,0.05
2099,1.10375,0.05
2100,1.5037500000000001,0.05
2101,1.0375,0.05
2102,1.26,0.05
2103,1.4874999999999998,0.05
2104,0.8925000000000001,0.05
2105,0.7224999999999998,0.05
2106,1.1487500000000002,0.05
2107,1.1475,0.05
2108,0.5287500000000002,0.05
2109,0.92125,0.05
2110,1.19,0.05
2111,1.0,0.05
2112,1.2112500000000002,0.05
2113,1.19,0.05
2114,0.9825000000000002,0.05
2115,1.33125,0.05
2116,1.3587500000000001,0.05
2117,1.1287500000000001,0.05
2118,1.08125,0.05
2119,0.87875,0.05
2120,0.7049999999999998,0.05
2121,0.9687500000000001,0.05
2122,1.0562500000000001,0.05
2123,0.91,0.05
2124,1.15375,0.05
2125,0.6674999999999998,0.05
2126,-2.7687500000000007,0.05
2127,0.6662499999999998,0.05
2128,1.3175000000000001,0.05
2129,1.4125,0.05
2130,1.3137500000000002,0.05
2131,1.1675,0.05
2132,0.9987500000000001,0.05
2133,0.70875,0.05
2134,1.1300000000000001,0.05
2135,0.9475,0.05
2136,1.15375,0.05
2137,0.99,0.05
2138,1.0862500000000002,0.05
2139,0.72125,0.05
2140,0.6875000000000001,0.05
2141,1.0250000000000001,0.05
2142,0.93,0.05
2143,0.6224999999999998,0.05
2144,-2.806250000000001,0.05
2145,1.375,0.05
2146,0.8062499999999999,0.05
2147,0.9962500000000001,0.05
2148,1.045,0.05
2149,-0.026249999999999885,0.05
2150,0.9587500000000001,0.05
2151,0.91625,0.05
2152,1.2225000000000001,0.05
2153,0.5799999999999998,0.05
2154,1.435,0.05
2155,0.9650000000000001,0.05
2156,1.1475,0.05
2157,1.125,0.05
2158,1.21625,0.05
2159,1.04125,0.05
2160,1.3825,0.05
2161,0.9725,0.05
2162,0.9837500000000001,0.05
2163,-0.5899999999999992,0.05
2164,0.935,0.05
2165,1.2962500000000001,0.05
2166,1.30875,0.05
2167,0.5999999999999998,0.05
2168,0.6,0.05
2169,0.7699999999999999,0.05
2170,1.09,0.05
2171,0.5487499999999997,0.05
2172,1.0,0.05
2173,0.6549999999999998,0.05
2174,1.07625,0.05
2175,1.0975000000000001,0.05
2176,0.915,0.05
2177,1.2200000000000002,0.05
2178,0.7937500000000001,0.05
2179,1.25625,0.05
2180,1.24625,0.05
2181,1.0925000000000002,0.05
2182,-0.46874999999999933,0.05
2183,0.9087500000000001,0.05
2184,1.06125,0.05
2185,1.09375,0.05
2186,1.1725,0.05
2187,1.28125,0.05
2188,1.4000000000000001,0.05
2189,1.4275000000000002,0.05
2190,1.095,0.05
2191,1.33,0.05
2192,1.10375,0.05
2193,0.87,0.05
2194,0.90375,0.05
2195,1.0125000000000002,0.05
2196,1.205,0.05
2197,1.2775,0.05
2198,1.20875,0.05
2199,1.1675,0.05
2200,1.385,0.05
2201,1.1075,0.05
2202,1.02125,0.05
2203,1.205,0.05
2204,0.66125,0.05
2205,1.1425,0.05
2206,0.9475,0.05
2207,-2.848750000000001,0.05
2208,0.885,0.05
2209,1.04125,0.05
2210,0.30374999999999974,0.05
2211,1.1712500000000001,0.05
2212,0.9087500000000001,0.05
2213,0.91,0.05
2214,1.25125,0.05
2215,0.83625,0.05
2216,0.7512500000000001,0.05
2217,-0.3499999999999994,0.05
2218,1.4300000000000002,0.05
2219,1.0750000000000002,0.05
2220,1.095,0.05
2221,1.28875,0.05
2222,0.8675,0.05
2223,0.9675,0.05
2224,0.5499999999999997,0.05
2225,0.6424999999999997,0.05
2226,1.0625,0.05
2227,1.28125,0.05
2228,0.5937499999999998,0.05
2229,0.8775000000000001,0.05
2230,-0.1849999999999996,0.05
2231,1.44875,0.05
2232,1.2275,0.05
2233,1.09,0.05
2234,0.49499999999999966,0.05
2235,0.65625,0.05
2236,0.9500000000000001,0.05
2237,0.80375,0.05
2238,0.90375,0.05
2239,0.72,0.05
2240,1.15,0.05
2241,-0.8825000000000001,0.05
2242,1.07375,0.05
2243,1.3462500000000002,0.05
2244,0.87375,0.05
2245,0.895,0.05
2246,1.0012500000000002,0.05
2247,0.865,0.05
2248,0.4412499999999997,0.05
2249,1.0012500000000002,0.05
2250,-2.7625000000000006,0.05
2251,0.98875,0.05
2252,0.8312499999999999,0.05
2253,1.1,0.05
2254,-0.46374999999999944,0.05
2255,1.2200000000000002,0.05
2256,0.2550000000000001,0.05
2257,0.7687499999999999,0.05
2258,1.3175000000000001,0.05
2259,0.86,0.05
2260,1.53125,0.05
2261,1.2625000000000002,0.05
2262,0.7862499999999999,0.05
2263,1.28875,0.05
2264,0.6774999999999999,0.05
2265,0.8225,0.05
2266,1.0575,0.05
2267,1.0650000000000002,0.05
2268,0.9362500000000001,0.05
2269,0.86,0.05
2270,0.25249999999999995,0.05
2271,0.7299999999999999,0.05
2272,0.2699999999999998,0.05
2273,1.195,0.05
2274,1.00625,0.05
2275,0.6937499999999999,0.05
2276,1.29125,0.05
2277,0.99125,0.05
2278,1.24,0.05
2279,1.1287500000000001,0.05
2280,0.98,0.05
2281,0.87375,0.05
2282,0.98875,0.05
2283,0.5262499999999997,0.05
2284,-0.1874999999999991,0.05
2285,1.07125,0.05
2286,1.1712500000000001,0.05
2287,0.8500000000000001,0.05
2288,-0.4237499999999994,0.05
2289,0.9962500000000001,0.05
2290,1.3725,0.05
2291,0.99,0.05
2292,1.2437500000000001,0.05
2293,1.17,0.05
2294,0.935,0.05
2295,1.1175000000000002,0.05
2296,0.7137499999999999,0.05
2297,0.7324999999999999,0.05
2298,1.3775000000000002,0.05
2299,-0.5199999999999994,0.05
2300,0.3787499999999997,0.05
2301,1.0025,0.05
2302,0.2862499999999999,0.05
2303,0.6049999999999998,0.05
2304,1.02,0.05
2305,1.125,0.05
2306,1.17875,0.05
2307,1.08125,0.05
2308,0.26749999999999985,0.05
2309,0.93625,0.05
2310,1.0950000000000002,0.05
2311,1.3987500000000002,0.05
2312,0.87375,0.05
2313,1.0562500000000001,0.05
2314,0.93125,0.05
2315,1.2775,0.05
2316,-0.2987499999999996,0.05
2317,1.26375,0.05
2318,0.8375,0.05
2319,1.1675,0.05
2320,1.0275,0.05
2321,1.24125,0.05
2322,1.145,0.05
2323,0.93,0.05
2324,0.9237500000000001,0.05
2325,0.7999999999999999,0.05
2326,1.1575,0.05
2327,0.32999999999999985,0.05
2328,1.20375,0.05
2329,0.6587499999999998,0.05
2330,1.0875000000000001,0.05
2331,0.915,0.05
2332,0.2999999999999998,0.05
2333,0.8912500000000001,0.05
2334,1.0225,0.05
2335,0.6799999999999998,0.05
2336,0.6049999999999998,0.05
2337,1.12625,0.05
2338,1.04,0.05
2339,1.07125,0.05
2340,0.03750000000000009,0.05
2341,1.1375000000000002,0.05
2342,-0.20999999999999952,0.05
2343,0.86,0.05
2344,1.17875,0.05
2345,1.11125,0.05
2346,1.0,0.05
2347,0.9725000000000001,0.05
2348,1.23625,0.05
2349,1.1725,0.05
2350,0.3612499999999996,0.05
2351,1.17625,0.05
2352,1.17875,0.05
2353,1.2850000000000001,0.05
2354,0.8925000000000001,0.05
2355,1.3687500000000001,0.05
2356,1.0012500000000002,0.05
2357,1.3075,0.05
2358,1.4775,0.05
2359,1.0025,0.05
2360,1.3887500000000002,0.05
2361,0.91125,0.05
2362,1.3025,0.05
2363,0.875,0.05
2364,0.5249999999999998,0.05
2365,1.02,0.05
2366,0.7599999999999999,0.05
2367,1.495,0.05
2368,0.7599999999999999,0.05
2369,1.185,0.05
2370,1.23625,0.05
2371,1.07,0.05
2372,1.1300000000000001,0.05
2373,0.885,0.05
2374,1.40875,0.05
2375,1.11125,0.05
2376,1.2625000000000002,0.05
2377,1.01,0.05
2378,1.0437500000000002,0.05
2379,1.4725000000000001,0.05
2380,1.18375,0.05
2381,1.1675,0.05
2382,1.0637500000000002,0.05
2383,0.9837500000000001,0.05
2384,0.91125,0.05
2385,1.0625,0.05
2386,0.935,0.05
2387,1.1125,0.05
2388,1.1125,0.05
2389,1.37125,0.05
2390,0.82375,0.05
2391,0.9900000000000001,0.05
2392,0.5199999999999999,0.05
2393,-2.825000000000001,0.05
2394,0.9087500000000001,0.05
2395,1.26,0.05
2396,1.245,0.05
2397,0.48999999999999966,0.05
2398,1.02625,0.05
2399,-1.2974999999999992,0.05
2400,0.8975000000000001,0.05
2401,1.0550000000000002,0.05
2402,0.9512500000000002,0.05
2403,0.775,0.05
2404,1.0825,0.05
2405,1.07375,0.05
2406,1.5225000000000002,0.05
2407,1.11625,0.05
2408,1.065,0.05
2409,1.22625,0.05
2410,1.02625,0.05
2411,1.245,0.05
2412,1.24125,0.05
2413,0.7437499999999999,0.05
2414,1.0462500000000001,0.05
2415,1.0425,0.05
2416,1.245,0.05
2417,1.155,0.05
2418,1.01625,0.05
2419,1.29875,0.05
2420,0.5487499999999997,0.05
2421,1.4000000000000001,0.05
2422,1.3050000000000002,0.05
2423,1.1062500000000002,0.05
2424,0.855,0.05
2425,0.37249999999999983,0.05
2426,1.355,0.05
2427,0.9712500000000001,0.05
2428,0.8212499999999999,0.05
2429,0.875,0.05
2430,0.915,0.05
2431,0.8500000000000001,0.05
2432,0.7149999999999999,0.05
2433,1.13125,0.05
2434,1.2962500000000001,0.05
2435,1.2937500000000002,0.05
2436,0.98875,0.05
2437,0.9212500000000001,0.05
2438,1.1175000000000002,0.05
2439,1.06,0.05
2440,1.1887500000000002,0.05
2441,0.8975000000000001,0.05
2442,1.1800000000000002,0.05
2443,1.1800000000000002,0.05
2444,1.1700000000000002,0.05
2445,-0.4349999999999994,0.05
2446,0.31499999999999995,0.05
2447,0.6262499999999999,0.05
2448,0.7324999999999999,0.05
2449,1.17875,0.05
2450,1.0425,0.05
2451,0.9675,0.05
2452,1.03875,0.05
2453,1.3325,0.05
2454,1.335,0.05
2455,0.8775000000000001,0.05
2456,1.27,0.05
2457,1.11,0.05
2458,1.09375,0.05
2459,1.2725,0.05
2460,1.43875,0.05
2461,0.7337499999999999,0.05
2462,0.92125,0.05
2463,1.16625,0.05
2464,1.3275000000000001,0.05
2465,1.3625,0.05
2466,0.44999999999999973,0.05
2467,1.185,0.05
2468,0.7024999999999999,0.05
2469,0.78125,0.05
2470,0.84,0.05
2471,0.48124999999999984,0.05
2472,0.8900000000000001,0.05
2473,1.0125000000000002,0.05
2474,0.99,0.05
2475,0.7037499999999999,0.05
2476,0.9400000000000001,0.05
2477,1.04,0.05
2478,1.1325,0.05
2479,1.03875,0.05
2480,0.9450000000000001,0.05
2481,1.1125,0.05
2482,1.08125,0.05
2483,0.44999999999999973,0.05
2484,0.5324999999999998,0.05
2485,1.00625,0.05
2486,1.0975000000000001,0.05
2487,1.16625,0.05
2488,0.78625,0.05
2489,1.25875,0.05
2490,1.295,0.05
2491,1.495,0.05
2492,0.9750000000000001,0.05
2493,-0.5399999999999991,0.05
2494,1.0775000000000001,0.05
2495,1.38625,0.05
2496,1.23875,0.05
2497,0.8775000000000001,0.05
2498,1.02,0.05
2499,0.6099999999999998,0.05
2500,1.215,0.05
2501,0.9837500000000001,0.05
2502,1.02125,0.05
2503,1.24875,0.05
2504,1.32,0.05
2505,0.5674999999999998,0.05
2506,0.85875,0.05
2507,0.4899999999999999,0.05
2508,0.825,0.05
2509,0.8125,0.05
2510,1.2,0.05
2511,0.9900000000000001,0.05
2512,1.0550000000000002,0.05
2513,0.98875,0.05
2514,1.1300000000000001,0.05
2515,1.54125,0.05
2516,0.9500000000000001,0.05
2517,0.9400000000000001,0.05
2518,0.8850000000000001,0.05
2519,0.99,0.05
2520,1.2175,0.05
2521,1.3362500000000002,0.05
2522,1.02,0.05
2523,0.8962500000000001,0.05
2524,1.11625,0.05
2525,1.24875,0.05
2526,0.8562500000000001,0.05
2527,1.2025000000000001,0.05
2528,1.5037500000000001,0.05
2529,1.0575,0.05
2530,1.14375,0.05
2531,0.03500000000000014,0.05
2532,1.10125,0.05
2533,1.09,0.05
2534,0.9400000000000001,0.05
2535,1.135,0.05
2536,1.22625,0.05
2537,1.1125,0.05
2538,1.11625,0.05
2539,1.1975,0.05
2540,1.0975000000000001,0.05
2541,1.0012500000000002,0.05
2542,1.0637500000000002,0.05
2543,1.1725,0.05
2544,0.90375,0.05
2545,0.82,0.05
2546,1.13625,0.05
2547,0.6049999999999998,0.05
2548,1.2550000000000001,0.05
2549,1.2175,0.05
2550,1.1675,0.05
2551,1.2775,0.05
2552,1.03,0.05
2553,1.11,0.05
2554,0.885,0.05
2555,1.28375,0.05
2556,1.4275000000000002,0.05
2557,0.74,0.05
2558,1.50875,0.05
2559,0.9425,0.05
2560,1.3687500000000001,0.05
2561,1.23125,0.05
2562,1.01625,0.05
2563,0.9525000000000001,0.05
2564,0.9450000000000001,0.05
2565,0.7462499999999999,0.05
2566,1.0637500000000002,0.05
2567,0.9800000000000001,0.05
2568,0.90625,0.05
2569,0.7549999999999999,0.05
2570,1.0350000000000001,0.05
2571,1.10125,0.05
2572,0.23249999999999993,0.05
2573,1.2275,0.05
2574,0.15000000000000036,0.05
2575,0.9287500000000001,0.05
2576,1.0450000000000002,0.05
2577,0.935,0.05
2578,0.5487499999999997,0.05
2579,1.1675,0.05
2580,1.1175000000000002,0.05
2581,0.6699999999999999,0.05
2582,1.1800000000000002,0.05
2583,0.9737500000000001,0.05
2584,1.2650000000000001,0.05
2585,1.11,0.05
2586,1.2437500000000001,0.05
2587,0.7637499999999999,0.05
2588,1.50875,0.05
2589,1.26,0.05
2590,0.7587499999999999,0.05
2591,1.1425,0.05
2592,1.18625,0.05
2593,1.19875,0.05
2594,1.27,0.05
2595,1.1600000000000001,0.05
2596,1.125,0.05
2597,0.81875,0.05
2598,0.935,0.05
2599,0.9387500000000001,0.05
2600,1.0175,0.05
2601,0.88125,0.05
2602,1.0975000000000001,0.05
2603,1.3625,0.05
2604,0.88375,0.05
2605,0.6399999999999998,0.05
2606,1.3125,0.05
2607,1.19375,0.05
2608,1.2400000000000002,0.05
2609,0.9375000000000001,0.05
2610,0.7324999999999999,0.05
2611,1.13125,0.05
2612,1.0012500000000002,0.05
2613,1.48125,0.05
2614,1.30875,0.05
2615,1.1612500000000001,0.05
2616,0.9900000000000001,0.05
2617,1.1725,0.05
2618,0.7687499999999999,0.05
2619,1.4575,0.05
2620,1.3,0.05
2621,1.1175000000000002,0.05
2622,1.095,0.05
2623,0.8962500000000001,0.05
2624,1.33875,0.05
2625,1.19625,0.05
2626,0.8312499999999999,0.05
2627,0.7337499999999999,0.05
2628,-2.8000000000000007,0.05
2629,1.18625,0.05
2630,0.8012499999999999,0.05
2631,0.6962499999999999,0.05
2632,1.18375,0.05
2633,-0.09874999999999967,0.05
2634,1.135,0.05
2635,1.1975,0.05
2636,1.115,0.05
2637,1.1725,0.05
2638,1.41375,0.05
2639,0.78,0.05
2640,1.21,0.05
2641,0.78625,0.05
2642,0.63625,0.05
2643,0.7162499999999998,0.05
2644,1.26,0.05
2645,1.0362500000000001,0.05
2646,0.6774999999999999,0.05
2647,0.7199999999999999,0.05
2648,0.8612500000000001,0.05
2649,1.27875,0.05
2650,1.5037500000000001,0.05
2651,1.0237500000000002,0.05
2652,1.3825,0.05
2653,0.9512500000000002,0.05
2654,1.20375,0.05
2655,1.04,0.05
2656,1.2225000000000001,0.05
2657,1.38125,0.05
2658,1.0950000000000002,0.05
2659,1.1600000000000001,0.05
2660,1.1725,0.05
2661,1.1725,0.05
2662,0.5849999999999997,0.05
2663,1.0987500000000001,0.05
2664,0.9525000000000001,0.05
2665,1.26375,0.05
2666,0.9300000000000002,0.05
2667,1.1125,0.05
2668,1.28125,0.05
2669,1.02,0.05
2670,0.7137499999999999,0.05
2671,1.19625,0.05
2672,1.1925000000000001,0.05
2673,0.93625,0.05
2674,1.21375,0.05
2675,1.27,0.05
2676,1.425,0.05
2677,0.5862499999999997,0.05
2678,0.6762499999999999,0.05
2679,0.93,0.05
2680,0.2487499999999998,0.05
2681,1.29125,0.05
2682,0.7224999999999999,0.05
2683,0.925,0.05
2684,1.1350000000000002,0.05
2685,0.8612500000000001,0.05
2686,1.185,0.05
2687,0.81875,0.05
2688,1.2437500000000001,0.05
2689,0.6549999999999998,0.05
2690,0.25749999999999984,0.05
2691,1.1887500000000002,0.05
2692,0.5449999999999997,0.05
2693,0.7074999999999999,0.05
2694,1.0,0.05
2695,0.9100000000000001,0.05
2696,1.2650000000000001,0.05
2697,1.47625,0.05
2698,1.36375,0.05
2699,1.1975,0.05
2700,1.28125,0.05
2701,0.94625,0.05
2702,0.5299999999999997,0.05
2703,1.32,0.05
2704,1.0437500000000002,0.05
2705,1.4175,0.05
2706,1.22625,0.05
2707,1.045,0.05
2708,1.21,0.05
2709,1.17,0.05
2710,1.40875,0.05
2711,1.0250000000000001,0.05
2712,1.3025,0.05
2713,1.0075,0.05
2714,1.1075,0.05
2715,1.1800000000000002,0.05
2716,0.95625,0.05
2717,1.08125,0.05
2718,0.8600000000000001,0.05
2719,0.3912499999999999,0.05
2720,0.88125,0.05
2721,1.0075,0.05
2722,0.96625,0.05
2723,-2.848750000000001,0.05
2724,1.32125,0.05
2725,0.6062499999999998,0.05
2726,0.6849999999999998,0.05
2727,1.29875,0.05
2728,1.11,0.05
2729,0.8962500000000001,0.05
2730,1.4800000000000002,0.05
2731,1.4500000000000002,0.05
2732,1.0525,0.05
2733,1.2212500000000002,0.05
2734,1.1625,0.05
2735,1.3050000000000002,0.05
2736,0.9850000000000001,0.05
2737,0.9287500000000001,0.05
2738,0.7099999999999999,0.05
2739,0.9525000000000001,0.05
2740,0.9962500000000001,0.05
2741,1.24,0.05
2742,1.23125,0.05
2743,1.0037500000000001,0.05
2744,0.5837499999999998,0.05
2745,1.4625000000000001,0.05
2746,1.3687500000000001,0.05
2747,0.5624999999999998,0.05
2748,1.0950000000000002,0.05
2749,0.2912499999999998,0.05
2750,0.21750000000000003,0.05
2751,0.9925,0.05
2752,0.78,0.05
2753,1.25875,0.05
2754,1.07625,0.05
2755,1.4400000000000002,0.05
2756,0.6374999999999998,0.05
2757,1.35375,0.05
2758,1.1800000000000002,0.05
2759,1.0987500000000001,0.05
2760,1.1487500000000002,0.05
2761,1.3,0.05
2762,1.185,0.05
2763,1.00625,0.05
2764,1.0250000000000001,0.05
2765,0.84375,0.05
2766,1.0550000000000002,0.05
2767,1.0750000000000002,0.05
2768,1.49875,0.05
2769,1.3675000000000002,0.05
2770,1.1600000000000001,0.05
2771,1.0275,0.05
2772,0.80375,0.05
2773,1.115,0.05
2774,0.5712499999999997,0.05
2775,1.5037500000000001,0.05
2776,0.0824999999999998,0.05
2777,1.19,0.05
2778,0.09875000000000012,0.05
2779,0.9712500000000001,0.05
2780,1.1325,0.05
2781,1.105,0.05
2782,0.7637499999999999,0.05
2783,1.1175000000000002,0.05
2784,1.27,0.05
2785,1.3,0.05
2786,1.1675,0.05
2787,0.7099999999999999,0.05
2788,0.9525000000000001,0.05
2789,1.115,0.05
2790,0.4012499999999999,0.05
2791,0.87,0.05
2792,0.9837500000000001,0.05
2793,1.405,0.05
2794,1.18375,0.05
2795,1.22125,0.05
2796,0.7412500000000001,0.05
2797,0.99,0.05
2798,0.7699999999999999,0.05
2799,1.5225000000000002,0.05
2800,0.9775,0.05
2801,1.2087500000000002,0.05
2802,1.1,0.05
2803,1.22625,0.05
2804,0.80625,0.05
2805,1.25,0.05
2806,1.4275000000000002,0.05
2807,1.4187500000000002,0.05
2808,0.7774999999999999,0.05
2809,0.9950000000000001,0.05
2810,0.9962500000000001,0.05
2811,0.87375,0.05
2812,1.08125,0.05
2813,0.21750000000000003,0.05
2814,1.25875,0.05
2815,0.9850000000000001,0.05
2816,1.3675000000000002,0.05
2817,1.07625,0.05
2818,1.0250000000000001,0.05
2819,0.99,0.05
2820,1.155,0.05
2821,1.0637500000000002,0.05
2822,1.11125,0.05
2823,-0.659999999999999,0.05
2824,0.9825000000000002,0.05
2825,1.27125,0.05
2826,1.34375,0.05
2827,1.29125,0.05
2828,1.0762500000000002,0.05
2829,0.03500000000000014,0.05
2830,1.0012500000000002,0.05
2831,1.15625,0.05
2832,1.28,0.05
2833,0.9650000000000001,0.05
2834,1.2937500000000002,0.05
2835,1.27125,0.05
2836,0.6099999999999998,0.05
2837,1.00875,0.05
2838,1.02125,0.05
2839,1.1887500000000002,0.05
2840,1.28125,0.05
2841,1.2200000000000002,0.05
2842,1.4600000000000002,0.05
2843,1.11125,0.05
2844,0.8612500000000001,0.05
2845,1.07625,0.05
2846,1.29875,0.05
2847,1.34375,0.05
2848,1.0075,0.05
2849,1.2075,0.05
2850,1.0150000000000001,0.05
2851,1.06125,0.05
2852,1.03375,0.05
2853,0.8425,0.05
2854,1.345,0.05
2855,0.86,0.05
2856,1.4700000000000002,0.05
2857,1.48125,0.05
2858,1.17,0.05
2859,1.07625,0.05
2860,1.2200000000000002,0.05
2861,1.17,0.05
2862,0.6549999999999998,0.05
2863,1.0575,0.05
2864,0.9837500000000001,0.05
2865,1.2225000000000001,0.05
2866,1.4912500000000002,0.05
2867,0.6887499999999999,0.05
2868,0.9475000000000001,0.05
2869,1.13375,0.05
2870,1.1375000000000002,0.05
2871,-3.1037499999999993,0.05
2872,1.2437500000000001,0.05
2873,1.1500000000000001,0.05
2874,1.51375,0.05
2875,0.5237499999999997,0.05
2876,1.0950000000000002,0.05
2877,0.4524999999999997,0.05
2878,1.13125,0.05
2879,1.02875,0.05
2880,0.9475,0.05
2881,0.9937500000000001,0.05
2882,0.98875,0.05
2883,0.9937500000000001,0.05
2884,1.355,0.05
2885,0.575,0.05
2886,1.1675,0.05
2887,1.1525,0.05
2888,1.135,0.05
2889,1.3525,0.05
2890,1.26125,0.05
2891,1.00625,0.05
2892,0.3224999999999998,0.05
2893,1.0,0.05
2894,1.22125,0.05
2895,1.11125,0.05
2896,0.935,0.05
2897,1.08125,0.05
2898,1.425,0.05
2899,1.155,0.05
2900,0.84875,0.05
2901,1.1187500000000001,0.05
2902,1.28,0.05
2903,0.9012500000000001,0.05
2904,1.18375,0.05
2905,1.0625,0.05
2906,1.1887500000000002,0.05
2907,1.1525,0.05
2908,0.7049999999999998,0.05
2909,1.23875,0.05
2910,1.22625,0.05
2911,1.39375,0.05
2912,1.11,0.05
2913,1.0525,0.05
2914,1.1800000000000002,0.05
2915,1.045,0.05
2916,0.7775,0.05
2917,-2.958749999999999,0.05
2918,1.0425,0.05
2919,1.0775000000000001,0.05
2920,0.8900000000000001,0.05
2921,0.6049999999999998,0.05
2922,1.23625,0.05
2923,1.2075,0.05
2924,0.47499999999999964,0.05
2925,1.02625,0.05
2926,1.28875,0.05
2927,1.20375,0.05
2928,1.0325000000000002,0.05
2929,1.2725,0.05
2930,1.0075,0.05
2931,1.2725,0.05
2932,-1.1637499999999996,0.05
2933,0.8049999999999999,0.05
2934,1.0975000000000001,0.05
2935,1.0425,0.05
2936,1.4212500000000001,0.05
2937,0.5212499999999997,0.05
2938,0.9512500000000002,0.05
2939,1.425,0.05
2940,1.375,0.05
2941,0.86,0.05
2942,1.3162500000000001,0.05
2943,0.9325000000000001,0.05
2944,1.3575000000000002,0.05
2945,1.3137500000000002,0.05
2946,1.065,0.05
2947,1.0575,0.05
2948,1.4400000000000002,0.05
2949,-0.16999999999999948,0.05
2950,1.33125,0.05
2951,1.3575000000000002,0.05
2952,1.1,0.05
2953,0.8925000000000001,0.05
2954,1.0675000000000001,0.05
2955,1.20375,0.05
2956,1.03375,0.05
2957,1.4900000000000002,0.05
2958,-0.1487499999999995,0.05
2959,0.94125,0.05
2960,1.2087500000000002,0.05
2961,0.9875,0.05
2962,1.33125,0.05
2963,1.20375,0.05
2964,1.12375,0.05
2965,1.06,0.05
2966,1.5450000000000002,0.05
2967,1.06875,0.05
2968,1.46375,0.05
2969,1.1712500000000001,0.05
2970,1.085,0.05
2971,1.54125,0.05
2972,1.3025,0.05
2973,-2.7937500000000006,0.05
2974,1.1287500000000001,0.05
2975,1.1425,0.05
2976,0.815,0.05
2977,1.06125,0.05
2978,1.17875,0.05
2979,1.20375,0.05
2980,1.08,0.05
2981,1.20625,0.05
2982,0.5762499999999998,0.05
2983,1.2,0.05
2984,1.3262500000000002,0.05
2985,0.99,0.05
2986,1.2200000000000002,0.05
2987,1.1912500000000001,0.05
2988,0.82375,0.05
2989,0.86625,0.05
2990,0.82375,0.05
2991,1.0637500000000002,0.05
2992,0.9687500000000001,0.05
2993,1.1975,0.05
2994,1.2200000000000002,0.05
2995,0.87875,0.05
2996,1.39125,0.05
2997,0.3949999999999998,0.05
2998,1.3675000000000002,0.05
2999,0.6899999999999998,0.05
3000,0.8962500000000001,0.05
3001,0.46374999999999966,0.05
3002,1.2000000000000002,0.05
3003,-2.7925000000000004,0.05
3004,0.5887499999999998,0.05
3005,1.29,0.05
3006,1.28875,0.05
3007,0.6449999999999998,0.05
3008,0.7274999999999999,0.05
3009,0.81875,0.05
3010,1.4087500000000002,0.05
3011,0.46999999999999964,0.05
3012,1.0950000000000002,0.05
3013,1.17375,0.05
3014,1.2725,0.05
3015,1.0025,0.05
3016,1.2087500000000002,0.05
3017,1.1525,0.05
3018,1.06125,0.05
3019,1.11,0.05
3020,0.9400000000000001,0.05
3021,1.2650000000000001,0.05
3022,1.3,0.05
3023,0.9825000000000002,0.05
3024,1.0350000000000001,0.05
3025,0.96625,0.05
3026,1.48625,0.05
3027,0.37249999999999983,0.05
3028,1.06125,0.05
3029,1.2175,0.05
3030,1.485,0.05
3031,1.18375,0.05
3032,1.5274999999999999,0.05
3033,0.38124999999999964,0.05
3034,0.85125,0.05
3035,1.145,0.05
3036,1.1175000000000002,0.05
3037,0.8925000000000001,0.05
3038,1.18625,0.05
3039,0.5474999999999998,0.05
3040,1.0525000000000002,0.05
3041,0.9950000000000001,0.05
3042,1.1800000000000002,0.05
3043,1.0750000000000002,0.05
3044,1.28125,0.05
3045,1.115,0.05
3046,0.9512500000000002,0.05
3047,0.9087500000000001,0.05
3048,1.1075,0.05
3049,1.245,0.05
3050,1.17,0.05
3051,1.22125,0.05
3052,1.17375,0.05
3053,1.1125,0.05
3054,1.23875,0.05
3055,1.26375,0.05
3056,1.27,0.05
3057,1.295,0.05
3058,1.3025,0.05
3059,1.09,0.05
3060,1.1675,0.05
3061,1.0575,0.05
3062,1.1625,0.05
3063,1.07625,0.05
3064,1.0250000000000001,0.05
3065,0.85125,0.05
3066,1.03375,0.05
3067,0.9775,0.05
3068,0.7412499999999999,0.05
3069,1.2650000000000001,0.05
3070,1.20375,0.05
3071,0.07250000000000023,0.05
3072,0.2537499999999999,0.05
3073,1.0425,0.05
3074,0.88125,0.05
3075,1.2087500000000002,0.05
3076,1.1625,0.05
3077,1.0450000000000002,0.05
3078,0.9287500000000001,0.05
3079,1.0037500000000001,0.05
3080,1.5362500000000001,0.05
3081,1.3900000000000001,0.05
3082,0.8675,0.05
3083,1.205,0.05
3084,1.37125,0.05
3085,1.045,0.05
3086,1.39375,0.05
3087,1.1725,0.05
3088,0.6537499999999998,0.05
3089,1.1712500000000001,0.05
3090,0.9450000000000001,0.05
3091,1.0075,0.05
3092,0.9900000000000001,0.05
3093,1.2087500000000002,0.05
3094,1.1975,0.05
3095,1.22875,0.05
3096,1.2637500000000002,0.05
3097,0.8962500000000001,0.05
3098,1.4275000000000002,0.05
3099,1.155,0.05
3100,1.02125,0.05
3101,0.9850000000000001,0.05
3102,1.3225,0.05
3103,1.16625,0.05
3104,1.145,0.05
3105,1.11875,0.05
3106,1.2862500000000001,0.05
3107,1.105,0.05
3108,1.1475000000000002,0.05
3109,1.3250000000000002,0.05
3110,0.815,0.05
3111,1.21,0.05
3112,1.2862500000000001,0.05
3113,0.90625,0.05
3114,1.1675,0.05
3115,1.345,0.05
3116,1.3450000000000002,0.05
3117,1.0562500000000001,0.05
3118,1.22625,0.05
3119,1.31125,0.05
3120,1.26375,0.05
3121,0.8150000000000001,0.05
3122,1.17,0.05
3123,1.5175,0.05
3124,0.4412499999999997,0.05
3125,1.4000000000000001,0.05
3126,1.22875,0.05
3127,0.86125,0.05
3128,1.38625,0.05
3129,1.13625,0.05
3130,1.1287500000000001,0.05
3131,1.27625,0.05
3132,0.4574999999999997,0.05
3133,1.25875,0.05
3134,1.1800000000000002,0.05
3135,1.22875,0.05
3136,1.2850000000000001,0.05
3137,0.6187499999999998,0.05
3138,0.24999999999999978,0.05
3139,1.1725,0.05
3140,1.00625,0.05
3141,1.07125,0.05
3142,1.08,0.05
3143,1.5037500000000001,0.05
3144,0.9537500000000001,0.05
3145,1.2175,0.05
3146,1.0750000000000002,0.05
3147,1.0225,0.05
3148,0.6149999999999999,0.05
3149,1.2000000000000002,0.05
3150,1.2725000000000002,0.05
3151,1.4800000000000002,0.05
3152,0.2662499999999999,0.05
3153,1.2225000000000001,0.05
3154,0.9900000000000001,0.05
3155,1.40375,0.05
3156,1.0575,0.05
3157,1.34375,0.05
3158,0.8674999999999999,0.05
3159,1.1175000000000002,0.05
3160,1.00625,0.05
3161,1.0250000000000001,0.05
3162,0.875,0.05
3163,0.7124999999999999,0.05
3164,-2.8350000000000004,0.05
3165,1.4187500000000002,0.05
3166,0.7149999999999999,0.05
3167,0.8312499999999999,0.05
3168,1.24,0.05
3169,1.1,0.05
3170,1.1900000000000002,0.05
3171,1.1675,0.05
3172,1.2225000000000001,0.05
3173,1.19,0.05
3174,1.0250000000000001,0.05
3175,0.6275,0.05
3176,1.295,0.05
3177,-0.8262499999999997,0.05
3178,1.24,0.05
3179,1.1825,0.05
3180,0.6962499999999998,0.05
3181,0.84125,0.05
3182,1.3325,0.05
3183,1.0012500000000002,0.05
3184,0.9650000000000001,0.05
3185,1.18125,0.05
3186,0.77,0.05
3187,1.07625,0.05
3188,1.0075,0.05
3189,1.1725,0.05
3190,1.0637500000000002,0.05
3191,1.22625,0.05
3192,0.9950000000000001,0.05
3193,0.3787499999999997,0.05
3194,1.24125,0.05
3195,1.33125,0.05
3196,0.88625,0.05
3197,0.030000000000000027,0.05
3198,1.1125,0.05
3199,1.0350000000000001,0.05
3200,1.2650000000000001,0.05
3201,1.19,0.05
3202,1.34,0.05
3203,-2.806250000000001,0.05
3204,0.6599999999999999,0.05
3205,1.2175,0.05
3206,1.2625000000000002,0.05
3207,0.9512500000000002,0.05
3208,0.7149999999999999,0.05
3209,0.90375,0.05
3210,1.355,0.05
3211,0.49624999999999964,0.05
3212,0.20750000000000002,0.05
3213,-2.8000000000000007,0.05
3214,0.6412499999999998,0.05
3215,0.78625,0.05
3216,1.1725,0.05
3217,1.33125,0.05
3218,1.02,0.05
3219,0.5649999999999997,0.05
3220,0.85,0.05
3221,0.9287500000000001,0.05
3222,1.10125,0.05
3223,0.9837500000000001,0.05
3224,1.2175,0.05
3225,0.80625,0.05
3226,1.2337500000000001,0.05
3227,1.1300000000000001,0.05
3228,1.1487500000000002,0.05
3229,1.2550000000000001,0.05
3230,-0.4549999999999994,0.05
3231,1.1475,0.05
3232,1.0975000000000001,0.05
3233,1.4000000000000001,0.05
3234,0.9575000000000001,0.05
3235,0.9275000000000001,0.05
3236,1.2337500000000001,0.05
3237,-2.85875,0.05
3238,1.2937500000000002,0.05
3239,0.96625,0.05
3240,1.2000000000000002,0.05
3241,1.0075,0.05
3242,1.1125,0.05
3243,1.1675,0.05
3244,1.13625,0.05
3245,1.44875,0.05
3246,1.1912500000000001,0.05
3247,1.06,0.05
3248,1.26375,0.05
3249,0.44999999999999973,0.05
3250,1.25875,0.05
3251,1.225,0.05
3252,1.11625,0.05
3253,1.0350000000000001,0.05
3254,1.3325,0.05
3255,0.022500000000000187,0.05
3256,0.5299999999999997,0.05
3257,1.5,0.05
3258,0.9837500000000001,0.05
3259,-0.5212499999999993,0.05
3260,1.155,0.05
3261,1.5,0.05
3262,1.46375,0.05
3263,1.08,0.05
3264,1.29875,0.05
3265,1.195,0.05
3266,-0.83125,0.05
3267,1.37625,0.05
3268,0.7887500000000001,0.05
3269,0.78875,0.05
3270,1.08875,0.05
3271,1.3675000000000002,0.05
3272,1.145,0.05
3273,1.3275000000000001,0.05
3274,1.3275000000000001,0.05
3275,1.11375,0.05
3276,1.2175,0.05
3277,1.095,0.05
3278,0.7875,0.05
3279,1.3125,0.05
3280,1.04,0.05
3281,0.98875,0.05
3282,1.25875,0.05
3283,1.2625000000000002,0.05
3284,1.2625000000000002,0.05
3285,1.3,0.05
3286,1.1712500000000001,0.05
3287,1.3462500000000002,0.05
3288,0.32999999999999985,0.05
3289,0.96875,0.05
3290,1.045,0.05
3291,1.1887500000000002,0.05
3292,1.375,0.05
3293,0.6649999999999998,0.05
3294,0.84,0.05
3295,-0.25999999999999956,0.05
3296,1.1300000000000001,0.05
3297,0.88,0.05
3298,1.2575,0.05
3299,1.40875,0.05
3300,1.0662500000000001,0.05
3301,1.1300000000000001,0.05
3302,1.4675,0.05
3303,1.02625,0.05
3304,1.20375,0.05
3305,1.19875,0.05
3306,0.10499999999999998,0.05
3307,1.06125,0.05
3308,0.5674999999999998,0.05
3309,1.13625,0.05
3310,1.0212500000000002,0.05
3311,1.17,0.05
3312,1.27,0.05
3313,1.28,0.05
3314,1.23875,0.05
3315,1.2750000000000001,0.05
3316,1.3137500000000002,0.05
3317,1.155,0.05
3318,0.6762499999999999,0.05
3319,0.9900000000000001,0.05
3320,1.2275,0.05
3321,1.11125,0.05
3322,1.1500000000000001,0.05
3323,1.1675,0.05
3324,1.2862500000000001,0.05
3325,1.22625,0.05
3326,0.6549999999999998,0.05
3327,1.2950000000000002,0.05
3328,1.04,0.05
3329,1.195,0.05
3330,0.0625,0.05
3331,1.2200000000000002,0.05
3332,1.06875,0.05
3333,1.135,0.05
3334,0.8862500000000001,0.05
3335,1.2550000000000001,0.05
3336,-0.26999999999999935,0.05
3337,1.31,0.05
3338,1.08125,0.05
3339,1.145,0.05
3340,1.2775,0.05
3341,1.495,0.05
3342,1.21625,0.05
3343,0.86,0.05
3344,1.0437500000000002,0.05
3345,0.7687499999999999,0.05
3346,1.425,0.05
3347,0.69,0.05
3348,1.0025,0.05
3349,1.17375,0.05
3350,1.2750000000000001,0.05
3351,1.29875,0.05
3352,1.02125,0.05
3353,0.91,0.05
3354,1.2625000000000002,0.05
3355,0.46499999999999975,0.05
3356,0.9400000000000001,0.05
3357,0.6512499999999998,0.05
3358,-0.9412500000000004,0.05
3359,0.85875,0.05
3360,0.8212499999999999,0.05
3361,1.3800000000000001,0.05
3362,0.6275,0.05
3363,0.44749999999999956,0.05
3364,0.90625,0.05
3365,1.165,0.05
3366,1.4025,0.05
3367,1.4675,0.05
3368,1.19,0.05
3369,1.06125,0.05
3370,1.365,0.05
3371,0.5999999999999999,0.05
3372,1.02625,0.05
3373,1.205,0.05
3374,1.1175000000000002,0.05
3375,1.25,0.05
3376,1.245,0.05
3377,0.6887499999999999,0.05
3378,0.78,0.05
3379,1.12375,0.05
3380,1.045,0.05
3381,1.4100000000000001,0.05
3382,1.0425,0.05
3383,0.98875,0.05
3384,1.1075,0.05
3385,1.32875,0.05
3386,1.0925,0.05
3387,1.19875,0.05
3388,1.13125,0.05
3389,1.155,0.05
3390,1.0875000000000001,0.05
3391,1.0050000000000001,0.05
3392,1.2000000000000002,0.05
3393,1.2025000000000001,0.05
3394,0.88,0.05
3395,1.0025,0.05
3396,0.85375,0.05
3397,1.3987500000000002,0.05
3398,0.06500000000000017,0.05
3399,1.0575,0.05
3400,1.2,0.05
3401,1.08,0.05
3402,1.215,0.05
3403,1.24625,0.05
3404,1.40875,0.05
3405,1.08125,0.05
3406,1.0975000000000001,0.05
3407,0.9900000000000001,0.05
3408,1.27,0.05
3409,1.4187500000000002,0.05
3410,1.27125,0.05
3411,1.31,0.05
3412,1.2962500000000001,0.05
3413,1.23875,0.05
3414,1.35,0.05
3415,1.495,0.05
3416,1.0375,0.05
3417,1.18375,0.05
3418,0.96625,0.05
3419,1.095,0.05
3420,1.01875,0.05
3421,1.06,0.05
3422,0.96625,0.05
3423,1.1287500000000001,0.05
3424,1.0450000000000002,0.05
3425,0.9500000000000001,0.05
3426,1.0550000000000002,0.05
3427,1.095,0.05
3428,0.8975000000000001,0.05
3429,1.28,0.05
3430,1.2275,0.05
3431,1.4937500000000001,0.05
3432,0.25624999999999987,0.05
3433,0.9425,0.05
3434,1.1062500000000002,0.05
3435,1.1,0.05
3436,1.02625,0.05
3437,1.2537500000000001,0.05
3438,0.2912499999999998,0.05
3439,1.0,0.05
3440,1.1675,0.05
3441,1.23875,0.05
3442,1.205,0.05
3443,1.4275000000000002,0.05
3444,1.04,0.05
3445,0.875,0.05
3446,1.07125,0.05
3447,-3.388750000000001,0.05
3448,1.1175000000000002,0.05
3449,1.2225000000000001,0.05
3450,1.365,0.05
3451,1.20875,0.05
3452,0.91125,0.05
3453,0.9525000000000001,0.05
3454,0.7599999999999999,0.05
3455,0.8925000000000001,0.05
3456,0.9637500000000001,0.05
3457,1.0050000000000001,0.05
3458,0.050000000000000044,0.05
3459,1.4412500000000001,0.05
3460,0.5349999999999997,0.05
3461,1.06125,0.05
3462,1.1287500000000001,0.05
3463,1.2637500000000002,0.05
3464,1.44875,0.05
3465,1.245,0.05
3466,1.2225000000000001,0.05
3467,1.12125,0.05
3468,0.98875,0.05
3469,1.0425,0.05
3470,1.0875000000000001,0.05
3471,1.0025,0.05
3472,1.2575,0.05
3473,1.1175000000000002,0.05
3474,1.18625,0.05
3475,1.1525,0.05
3476,-2.806250000000001,0.05
3477,0.2825000000000004,0.05
3478,1.45,0.05
3479,1.03125,0.05
3480,0.8900000000000001,0.05
3481,1.2475,0.05
3482,1.065,0.05
3483,1.20375,0.05
3484,1.455,0.05
3485,1.24,0.05
3486,1.45,0.05
3487,1.0237500000000002,0.05
3488,1.50875,0.05
3489,1.1712500000000001,0.05
3490,0.8975000000000001,0.05
3491,1.3137500000000002,0.05
3492,1.1900000000000002,0.05
3493,1.21,0.05
3494,1.21,0.05
3495,1.36375,0.05
3496,1.2125000000000001,0.05
3497,1.0125000000000002,0.05
3498,1.17875,0.05
3499,0.9850000000000001,0.05
3500,1.26,0.05
3501,1.1525,0.05
3502,1.1175000000000002,0.05
3503,1.2725000000000002,0.05
3504,0.91625,0.05
3505,0.10750000000000015,0.05
3506,-0.20249999999999968,0.05
3507,1.0575,0.05
3508,1.2962500000000001,0.05
3509,1.0075000000000003,0.05
3510,1.4900000000000002,0.05
3511,1.0462500000000001,0.05
3512,0.8725,0.05
3513,0.9050000000000001,0.05
3514,0.83625,0.05
3515,1.16625,0.05
3516,1.2962500000000001,0.05
3517,1.07375,0.05
3518,0.8912500000000001,0.05
3519,1.155,0.05
3520,1.31,0.05
3521,1.2550000000000001,0.05
3522,1.13125,0.05
3523,0.5374999999999999,0.05
3524,1.3800000000000001,0.05
3525,1.2962500000000001,0.05
3526,1.1487500000000002,0.05
3527,1.2775,0.05
3528,0.9112500000000001,0.05
3529,1.04,0.05
3530,1.0425,0.05
3531,1.1,0.05
3532,0.9475,0.05
3533,1.35375,0.05
3534,1.0475,0.05
3535,-0.10249999999999959,0.05
3536,-2.8000000000000007,0.05
3537,1.24,0.05
3538,1.135,0.05
3539,1.4125,0.05
3540,1.28,0.05
3541,0.92,0.05
3542,1.54125,0.05
3543,1.4225,0.05
3544,1.1625,0.05
3545,1.1887500000000002,0.05
3546,1.0050000000000001,0.05
3547,0.7049999999999998,0.05
3548,1.45375,0.05
3549,0.8775000000000001,0.05
3550,1.29875,0.05
3551,1.40125,0.05
3552,1.2237500000000001,0.05
3553,1.18625,0.05
3554,1.27625,0.05
3555,1.26,0.05
3556,1.3487500000000001,0.05
3557,1.4800000000000002,0.05
3558,1.08,0.05
3559,1.435,0.05
3560,1.22125,0.05
3561,0.9550000000000001,0.05
3562,0.875,0.05
3563,1.5274999999999999,0.05
3564,1.26,0.05
3565,1.0762500000000002,0.05
3566,1.09,0.05
3567,1.24,0.05
3568,1.23875,0.05
3569,1.2725,0.05
3570,0.85875,0.05
3571,1.38625,0.05
3572,0.7374999999999999,0.05
3573,1.295,0.05
3574,1.225,0.05
3575,0.9712500000000001,0.05
3576,0.98875,0.05
3577,1.16625,0.05
3578,1.36625,0.05
3579,0.9850000000000001,0.05
3580,0.5062499999999998,0.05
3581,1.2200000000000002,0.05
3582,1.18125,0.05
3583,1.2962500000000001,0.05
3584,0.7049999999999998,0.05
3585,0.795,0.05
3586,-0.1287499999999997,0.05
3587,0.9950000000000001,0.05
3588,0.34499999999999975,0.05
3589,1.2962500000000001,0.05
3590,1.2225000000000001,0.05
3591,1.05875,0.05
3592,1.27625,0.05
3593,1.145,0.05
3594,1.19,0.05
3595,1.06125,0.05
3596,0.9287500000000001,0.05
3597,1.1175000000000002,0.05
3598,1.2962500000000001,0.05
3599,1.3362500000000002,0.05
3600,1.5362500000000001,0.05
3601,0.915,0.05
3602,1.115,0.05
3603,1.1600000000000001,0.05
3604,0.865,0.05
3605,1.165,0.05
3606,0.6199999999999998,0.05
3607,-2.8862500000000004,0.05
3608,1.205,0.05
3609,1.22875,0.05
3610,1.1,0.05
3611,1.11125,0.05
3612,0.8,0.05
3613,0.14500000000000002,0.05
3614,0.89875,0.05
3615,0.94625,0.05
3616,1.0562500000000001,0.05
3617,0.9137500000000001,0.05
3618,1.4675,0.05
3619,1.155,0.05
3620,0.935,0.05
3621,1.22125,0.05
3622,1.2950000000000002,0.05
3623,1.07875,0.05
3624,1.05,0.05
3625,1.045,0.05
3626,1.1175000000000002,0.05
3627,0.6299999999999999,0.05
3628,-0.8487499999999999,0.05
3629,-2.881250000000001,0.05
3630,1.1487500000000002,0.05
3631,1.1675,0.05
3632,1.14375,0.05
3633,1.23,0.05
3634,1.27,0.05
3635,0.7437499999999999,0.05
3636,0.86,0.05
3637,0.915,0.05
3638,1.36375,0.05
3639,0.36124999999999985,0.05
3640,1.22625,0.05
3641,1.19875,0.05
3642,1.18625,0.05
3643,0.8425,0.05
3644,1.4225,0.05
3645,0.9425,0.05
3646,1.08125,0.05
3647,1.1725,0.05
3648,1.195,0.05
3649,1.2,0.05
3650,1.2550000000000001,0.05
3651,1.2237500000000001,0.05
3652,1.2575,0.05
3653,1.01,0.05
3654,1.3362500000000002,0.05
3655,1.3,0.05
3656,-2.8937500000000007,0.05
3657,1.03875,0.05
3658,0.31874999999999987,0.05
3659,1.165,0.05
3660,1.07125,0.05
3661,1.5274999999999999,0.05
3662,0.8475,0.05
3663,1.08,0.05
3664,1.3137500000000002,0.05
3665,1.24,0.05
3666,1.15,0.05
3667,-0.32624999999999926,0.05
3668,0.6324999999999998,0.05
3669,0.91,0.05
3670,1.1687500000000002,0.05
3671,1.18375,0.05
3672,0.8262499999999999,0.05
3673,1.19,0.05
3674,0.6299999999999999,0.05
3675,1.0750000000000002,0.05
3676,0.5350000000000001,0.05
3677,1.2975,0.05
3678,0.9025000000000001,0.05
3679,1.18625,0.05
3680,1.2275,0.05
3681,1.33,0.05
3682,1.0875000000000001,0.05
3683,1.105,0.05
3684,0.8225,0.05
3685,0.85875,0.05
3686,0.13874999999999993,0.05
3687,1.40375,0.05
3688,1.0,0.05
3689,1.1425,0.05
3690,1.215,0.05
3691,1.11,0.05
3692,1.18625,0.05
3693,1.32125,0.05
3694,1.37,0.05
3695,1.1487500000000002,0.05
3696,-0.08749999999999947,0.05
3697,0.90375,0.05
3698,0.5487499999999997,0.05
3699,1.2087500000000002,0.05
3700,0.9962500000000001,0.05
3701,0.96125,0.05
3702,1.4412500000000001,0.05
3703,1.04125,0.05
3704,0.98875,0.05
3705,1.28125,0.05
3706,1.2437500000000001,0.05
3707,1.0562500000000001,0.05
3708,0.7849999999999999,0.05
3709,1.27125,0.05
3710,1.50875,0.05
3711,0.9875,0.05
3712,0.2799999999999998,0.05
3713,1.0525,0.05
3714,1.15375,0.05
3715,1.38625,0.05
3716,0.6399999999999998,0.05
3717,0.8725,0.05
3718,1.20875,0.05
3719,1.22125,0.05
3720,0.9900000000000001,0.05
3721,0.5087499999999997,0.05
3722,1.375,0.05
3723,0.88,0.05
3724,0.5237499999999997,0.05
3725,1.1425,0.05
3726,1.3275000000000001,0.05
3727,1.3675000000000002,0.05
3728,1.1675,0.05
3729,0.6462499999999998,0.05
3730,0.6537499999999998,0.05
3731,1.4400000000000002,0.05
3732,1.13625,0.05
3733,1.07375,0.05
3734,1.26875,0.05
3735,1.53125,0.05
3736,1.16625,0.05
3737,1.35,0.05
3738,1.3362500000000002,0.05
3739,1.07,0.05
3740,1.0825,0.05
3741,1.0750000000000002,0.05
3742,0.98,0.05
3743,0.98875,0.05
3744,0.23249999999999993,0.05
3745,1.405,0.05
3746,0.7699999999999999,0.05
3747,1.2025000000000001,0.05
3748,1.2575,0.05
3749,1.1675,0.05
3750,1.21,0.05
3751,0.5137499999999997,0.05
3752,0.6862499999999999,0.05
3753,-3.178750000000001,0.05
3754,1.3162500000000001,0.05
3755,1.0525,0.05
3756,0.9950000000000001,0.05
3757,1.115,0.05
3758,0.9712500000000001,0.05
3759,0.9850000000000001,0.05
3760,1.00625,0.05
3761,1.03875,0.05
3762,1.20375,0.05
3763,1.01625,0.05
3764,0.83875,0.05
3765,1.3900000000000001,0.05
3766,1.185,0.05
3767,0.5512499999999999,0.05
3768,1.13625,0.05
3769,1.30375,0.05
3770,0.905,0.05
3771,1.2750000000000001,0.05
3772,1.07625,0.05
3773,0.8375,0.05
3774,1.2575,0.05
3775,1.18625,0.05
3776,1.23875,0.05
3777,-2.7800000000000007,0.05
3778,1.1475,0.05
3779,1.0350000000000001,0.05
3780,1.29,0.05
3781,1.2125000000000001,0.05
3782,1.0925,0.05
3783,1.22625,0.05
3784,1.18375,0.05
3785,1.4675,0.05
3786,1.02625,0.05
3787,0.5649999999999997,0.05
3788,1.28125,0.05
3789,1.435,0.05
3790,1.485,0.05
3791,1.07375,0.05
3792,1.3687500000000001,0.05
3793,1.1262500000000002,0.05
3794,1.13625,0.05
3795,0.9850000000000001,0.05
3796,1.23625,0.05
3797,0.9837500000000001,0.05
3798,0.94875,0.05
3799,0.30999999999999983,0.05
3800,-3.1875000000000013,0.05
3801,1.25875,0.05
3802,1.15,0.05
3803,1.24,0.05
3804,1.0525000000000002,0.05
3805,1.225,0.05
3806,1.09,0.05
3807,1.02125,0.05
3808,1.1125,0.05
3809,1.0750000000000002,0.05
3810,1.2087500000000002,0.05
3811,1.17375,0.05
3812,1.1600000000000001,0.05
3813,1.17,0.05
3814,0.7849999999999999,0.05
3815,0.84875,0.05
3816,1.3075,0.05
3817,1.3275000000000001,0.05
3818,0.8912500000000001,0.05
3819,1.00875,0.05
3820,1.46875,0.05
3821,0.81375,0.05
3822,0.46874999999999967,0.05
3823,1.1475,0.05
3824,1.09375,0.05
3825,1.3137500000000002,0.05
3826,1.05,0.05
3827,1.0762500000000002,0.05
3828,1.2725000000000002,0.05
3829,0.6312499999999998,0.05
3830,1.3725,0.05
3831,1.3687500000000001,0.05
3832,1.0925,0.05
3833,0.9762500000000001,0.05
3834,1.3675000000000002,0.05
3835,0.92,0.05
3836,1.2525,0.05
3837,1.205,0.05
3838,-2.675,0.05
3839,1.25,0.05
3840,1.1525,0.05
3841,1.3800000000000001,0.05
3842,1.23625,0.05
3843,-0.05374999999999974,0.05
3844,0.96,0.05
3845,1.16625,0.05
3846,1.1125,0.05
3847,1.31875,0.05
3848,1.1525,0.05
3849,0.9600000000000001,0.05
3850,1.355,0.05
3851,1.21625,0.05
3852,1.20375,0.05
3853,1.385,0.05
3854,1.0462500000000001,0.05
3855,1.51375,0.05
3856,0.9287500000000001,0.05
3857,0.8962500000000001,0.05
3858,0.4449999999999996,0.05
3859,1.13625,0.05
3860,1.03875,0.05
3861,0.825,0.05
3862,0.9387500000000001,0.05
3863,1.1887500000000002,0.05
3864,1.1025,0.05
3865,1.15,0.05
3866,0.8962500000000001,0.05
3867,1.22125,0.05
3868,1.1712500000000001,0.05
3869,1.1175000000000002,0.05
3870,0.8612500000000001,0.05
3871,1.1712500000000001,0.05
3872,1.08875,0.05
3873,1.21625,0.05
3874,1.125,0.05
3875,1.2725,0.05
3876,0.93125,0.05
3877,0.93,0.05
3878,0.8675,0.05
3879,0.82,0.05
3880,0.92,0.05
3881,1.2962500000000001,0.05
3882,1.30875,0.05
3883,1.18625,0.05
3884,1.07375,0.05
3885,1.3275000000000001,0.05
3886,0.6462500000000001,0.05
3887,0.98,0.05
3888,1.03375,0.05
3889,1.0925,0.05
3890,0.915,0.05
3891,0.7875,0.05
3892,1.5362500000000001,0.05
3893,0.5937499999999998,0.05
3894,1.44875,0.05
3895,0.7099999999999999,0.05
3896,1.2725,0.05
3897,1.295,0.05
3898,1.1612500000000001,0.05
3899,1.02125,0.05
3900,1.04,0.05
3901,1.185,0.05
3902,1.4937500000000001,0.05
3903,1.2575,0.05
3904,1.43875,0.05
3905,0.895,0.05
3906,1.225,0.05
3907,0.38624999999999976,0.05
3908,1.08875,0.05
3909,1.33,0.05
3910,0.875,0.05
3911,1.1262500000000002,0.05
3912,1.11,0.05
3913,1.15375,0.05
3914,1.3275000000000001,0.05
3915,0.35999999999999965,0.05
3916,1.2312500000000002,0.05
3917,1.2962500000000001,0.05
3918,0.77,0.05
3919,0.66375,0.05
3920,0.9950000000000001,0.05
3921,0.26249999999999996,0.05
3922,1.165,0.05
3923,1.09,0.05
3924,0.9850000000000001,0.05
3925,1.16625,0.05
3926,0.6599999999999998,0.05
3927,0.87375,0.05
3928,1.15125,0.05
3929,1.18625,0.05
3930,0.96875,0.05
3931,1.2550000000000001,0.05
3932,1.25875,0.05
3933,1.3800000000000001,0.05
3934,1.1287500000000001,0.05
3935,1.2025000000000001,0.05
3936,1.09375,0.05
3937,1.1287500000000001,0.05
3938,1.0987500000000001,0.05
3939,1.1175000000000002,0.05
3940,1.2962500000000001,0.05
3941,1.2775,0.05
3942,1.295,0.05
3943,1.1075,0.05
3944,1.105,0.05
3945,0.855,0.05
3946,0.7049999999999998,0.05
3947,1.19,0.05
3948,1.15375,0.05
3949,1.13125,0.05
3950,1.1287500000000001,0.05
3951,0.9912500000000002,0.05
3952,1.3800000000000001,0.05
3953,1.495,0.05
3954,0.7087499999999999,0.05
3955,1.1325,0.05
3956,1.23875,0.05
3957,1.3487500000000001,0.05
3958,1.375,0.05
3959,0.9225000000000001,0.05
3960,1.24125,0.05
3961,0.91625,0.05
3962,1.0075,0.05
3963,1.39625,0.05
3964,0.85875,0.05
3965,1.4075,0.05
3966,1.02,0.05
3967,1.07625,0.05
3968,1.24125,0.05
3969,0.7124999999999999,0.05
3970,1.08125,0.05
3971,0.6524999999999999,0.05
3972,1.205,0.05
3973,1.28375,0.05
3974,1.12625,0.05
3975,1.2112500000000002,0.05
3976,1.1675,0.05
3977,1.2275,0.05
3978,1.3137500000000002,0.05
3979,1.3425,0.05
3980,1.0437500000000002,0.05
3981,1.19875,0.05
3982,0.855,0.05
3983,1.0975000000000001,0.05
3984,1.3587500000000001,0.05
3985,0.9837500000000001,0.05
3986,1.1487500000000002,0.05
3987,0.5549999999999997,0.05
3988,0.9475,0.05
3989,1.1912500000000001,0.05
3990,0.85125,0.05
3991,1.33125,0.05
3992,0.86875,0.05
3993,0.96625,0.05
3994,1.1675,0.05
3995,1.2225000000000001,0.05
3996,1.11375,0.05
3997,0.98875,0.05
3998,1.1712500000000001,0.05
3999,1.0375,0.05
4000,1.185,0.05
4001,1.22625,0.05
4002,0.9850000000000001,0.05
4003,0.6049999999999998,0.05
4004,0.9687500000000001,0.05
4005,1.1487500000000002,0.05
4006,1.295,0.05
4007,0.6749999999999998,0.05
4008,1.0150000000000001,0.05
4009,1.19,0.05
4010,1.17375,0.05
4011,1.54125,0.05
4012,1.18625,0.05
4013,1.28,0.05
4014,1.17,0.05
4015,1.2937500000000002,0.05
4016,0.9962500000000001,0.05
4017,-0.5549999999999993,0.05
4018,1.01875,0.05
4019,0.8049999999999999,0.05
4020,0.9800000000000001,0.05
4021,1.18375,0.05
4022,1.165,0.05
4023,1.13625,0.05
4024,1.24,0.05
4025,1.14375,0.05
4026,1.3262500000000002,0.05
4027,0.9850000000000001,0.05
4028,1.27625,0.05
4029,1.1,0.05
4030,0.83125,0.05
4031,1.1075,0.05
4032,1.06,0.05
4033,1.23,0.05
4034,1.12,0.05
4035,1.22125,0.05
4036,0.81875,0.05
4037,-0.7249999999999996,0.05
4038,1.07875,0.05
4039,0.72125,0.05
4040,1.3,0.05
4041,0.7825,0.05
4042,1.03875,0.05
4043,1.1175000000000002,0.05
4044,1.22875,0.05
4045,0.87375,0.05
4046,0.7299999999999999,0.05
4047,1.3125,0.05
4048,1.28125,0.05
4049,1.3175000000000001,0.05
4050,0.7675,0.05
4051,1.4300000000000002,0.05
4052,1.1900000000000002,0.05
4053,0.765,0.05
4054,0.7999999999999999,0.05
4055,1.3,0.05
4056,0.9050000000000001,0.05
4057,1.2637500000000002,0.05
4058,1.5274999999999999,0.05
4059,1.0625,0.05
4060,1.215,0.05
4061,1.07,0.05
4062,1.1712500000000001,0.05
4063,1.2200000000000002,0.05
4064,1.215,0.05
4065,1.11,0.05
4066,1.19875,0.05
4067,1.1525,0.05
4068,1.15,0.05
4069,1.345,0.05
4070,0.98875,0.05
4071,1.19875,0.05
4072,-2.8862500000000004,0.05
4073,1.145,0.05
4074,1.0075,0.05
4075,-0.23249999999999948,0.05
4076,1.12625,0.05
4077,1.27625,0.05
4078,1.5175,0.05
4079,1.045,0.05
4080,1.30875,0.05
4081,0.95625,0.05
4082,1.145,0.05
4083,1.07875,0.05
4084,1.2625000000000002,0.05
4085,0.8049999999999999,0.05
4086,1.165,0.05
4087,1.0925,0.05
4088,1.18125,0.05
4089,1.27625,0.05
4090,1.1912500000000001,0.05
4091,0.9500000000000001,0.05
4092,0.7687499999999999,0.05
4093,1.0375,0.05
4094,1.3075,0.05
4095,1.31875,0.05
4096,1.095,0.05
4097,0.935,0.05
4098,0.8350000000000001,0.05
4099,1.1487500000000002,0.05
4100,1.0625,0.05
4101,1.0075,0.05
4102,0.97875,0.05
4103,0.9500000000000001,0.05
4104,1.3137500000000002,0.05
4105,0.7575000000000001,0.05
4106,0.695,0.05
4107,1.1675,0.05
4108,1.3362500000000002,0.05
4109,1.205,0.05
4110,0.6974999999999999,0.05
4111,1.25875,0.05
4112,0.5787499999999998,0.05
4113,1.2750000000000001,0.05
4114,1.05375,0.05
4115,1.17875,0.05
4116,1.31125,0.05
4117,1.5274999999999999,0.05
4118,1.1975,0.05
4119,1.01875,0.05
4120,0.7774999999999999,0.05
4121,0.8062499999999999,0.05
4122,0.9687500000000001,0.05
4123,1.4000000000000001,0.05
4124,0.7862500000000001,0.05
4125,1.23625,0.05
4126,1.20375,0.05
4127,0.9687500000000001,0.05
4128,1.1875,0.05
4129,0.895,0.05
4130,0.9287500000000001,0.05
4131,1.18625,0.05
4132,1.2275,0.05
4133,0.9687500000000001,0.05
4134,1.21375,0.05
4135,1.4725000000000001,0.05
4136,0.47624999999999973,0.05
4137,1.2225000000000001,0.05
4138,1.225,0.05
4139,1.2537500000000001,0.05
4140,1.2225000000000001,0.05
4141,1.0325000000000002,0.05
4142,-0.5649999999999997,0.05
4143,1.27125,0.05
4144,0.9512500000000002,0.05
4145,1.07125,0.05
4146,0.32125000000000026,0.05
4147,0.8049999999999999,0.05
4148,0.9525000000000001,0.05
4149,1.04,0.05
4150,1.1400000000000001,0.05
4151,1.4212500000000001,0.05
4152,-0.12999999999999967,0.05
4153,1.04,0.05
4154,1.33125,0.05
4155,0.8325,0.05
4156,0.895,0.05
4157,1.27625,0.05
4158,1.2950000000000002,0.05
4159,1.50875,0.05
4160,1.2475,0.05
4161,1.06,0.05
4162,1.12625,0.05
4163,0.87,0.05
4164,1.11375,0.05
4165,1.215,0.05
4166,1.18625,0.05
4167,1.2175,0.05
4168,1.2,0.05
4169,1.13375,0.05
4170,0.9862500000000001,0.05
4171,0.8962500000000001,0.05
4172,1.0450000000000002,0.05
4173,1.1800000000000002,0.05
4174,1.0750000000000002,0.05
4175,0.17999999999999994,0.05
4176,1.00625,0.05
4177,0.3149999999999997,0.05
4178,0.6399999999999998,0.05
4179,0.36499999999999977,0.05
4180,1.0012500000000002,0.05
4181,0.9775,0.05
4182,1.3,0.05
4183,1.0562500000000001,0.05
4184,1.1487500000000002,0.05
4185,1.1287500000000001,0.05
4186,1.1725,0.05
4187,1.5225000000000002,0.05
4188,0.99,0.05
4189,0.8375,0.05
4190,1.045,0.05
4191,0.9112500000000001,0.05
4192,1.2200000000000002,0.05
4193,1.13125,0.05
4194,1.0950000000000002,0.05
4195,1.08125,0.05
4196,1.05,0.05
4197,1.3137500000000002,0.05
4198,0.9512500000000002,0.05
4199,0.7575,0.05
4200,0.9962500000000001,0.05
4201,1.34125,0.05
4202,1.085,0.05
4203,1.0550000000000002,0.05
4204,0.4212499999999997,0.05
4205,0.9125000000000001,0.05
4206,1.28125,0.05
4207,1.0575,0.05
4208,1.3175000000000001,0.05
4209,0.9587500000000001,0.05
4210,0.9400000000000001,0.05
4211,1.39625,0.05
4212,1.3987500000000002,0.05
4213,1.23,0.05
4214,1.2575,0.05
4215,1.02625,0.05
4216,1.08125,0.05
4217,0.5337499999999997,0.05
4218,0.7437499999999999,0.05
4219,0.9875,0.05
4220,1.2537500000000001,0.05
4221,0.93125,0.05
4222,0.40249999999999964,0.05
4223,1.0625,0.05
4224,1.0075,0.05
4225,1.07125,0.05
4226,1.24,0.05
4227,1.35,0.05
4228,0.6662499999999998,0.05
4229,1.38125,0.05
4230,1.09,0.05
4231,1.0625,0.05
4232,0.8500000000000001,0.05
4233,1.11125,0.05
4234,0.9325000000000001,0.05
4235,1.355,0.05
4236,0.96625,0.05
4237,1.28,0.05
4238,1.1887500000000002,0.05
4239,1.20375,0.05
4240,1.04,0.05
4241,1.24625,0.05
4242,-0.22124999999999972,0.05
4243,1.02125,0.05
4244,1.37,0.05
4245,1.31375,0.05
4246,1.05875,0.05
4247,1.1975,0.05
4248,1.18625,0.05
4249,0.91125,0.05
4250,0.78875,0.05
4251,1.3625,0.05
4252,1.02,0.05
4253,1.2950000000000002,0.05
4254,0.99875,0.05
4255,0.96125,0.05
4256,0.8075,0.05
4257,1.02625,0.05
4258,1.07,0.05
4259,1.09,0.05
4260,1.3462500000000002,0.05
4261,1.22125,0.05
4262,1.1800000000000002,0.05
4263,0.7825,0.05
4264,1.07875,0.05
4265,1.40375,0.05
4266,1.50875,0.05
4267,1.1712500000000001,0.05
4268,1.0250000000000001,0.05
4269,1.205,0.05
4270,1.39375,0.05
4271,1.27625,0.05
4272,-2.825000000000001,0.05
4273,1.2175,0.05
4274,1.21875,0.05
4275,0.91625,0.05
4276,0.78125,0.05
4277,1.04,0.05
4278,1.18625,0.05
4279,1.2125000000000001,0.05
4280,1.3825,0.05
4281,1.3137500000000002,0.05
4282,0.98875,0.05
4283,1.24,0.05
4284,1.0425,0.05
4285,0.5862499999999998,0.05
4286,1.06,0.05
4287,1.2550000000000001,0.05
4288,1.23125,0.05
4289,1.4800000000000002,0.05
4290,1.31375,0.05
4291,0.885,0.05
4292,1.2537500000000001,0.05
4293,0.32999999999999985,0.05
4294,1.1675,0.05
4295,1.3275000000000001,0.05
4296,0.9850000000000001,0.05
4297,1.1487500000000002,0.05
4298,1.215,0.05
4299,1.0462500000000001,0.05
4300,1.0050000000000001,0.05
4301,1.08,0.05
4302,0.82625,0.05
4303,1.33125,0.05
4304,1.2075,0.05
4305,1.2850000000000001,0.05
4306,1.13125,0.05
4307,1.33,0.05
4308,0.93,0.05
4309,1.15125,0.05
4310,1.0325000000000002,0.05
4311,1.21625,0.05
4312,0.6149999999999999,0.05
4313,0.9837500000000001,0.05
4314,1.4175,0.05
4315,0.96625,0.05
4316,0.9162500000000001,0.05
4317,1.08,0.05
4318,0.875,0.05
4319,0.9712500000000001,0.05
4320,-0.544999999999999,0.05
4321,1.2525,0.05
4322,1.1712500000000001,0.05
4323,1.3587500000000001,0.05
4324,1.355,0.05
4325,1.0987500000000001,0.05
4326,0.93,0.05
4327,0.9225000000000001,0.05
4328,1.225,0.05
4329,1.1575000000000002,0.05
4330,1.4900000000000002,0.05
4331,0.3425,0.05
4332,1.0987500000000001,0.05
4333,-0.6787499999999995,0.05
4334,1.1,0.05
4335,0.91,0.05
4336,1.4400000000000002,0.05
4337,1.1775,0.05
4338,1.36375,0.05
4339,1.27875,0.05
4340,1.22625,0.05
4341,1.4625000000000001,0.05
4342,0.7849999999999999,0.05
4343,1.13625,0.05
4344,1.20875,0.05
4345,1.09,0.05
4346,1.15375,0.05
4347,1.37,0.05
4348,0.92,0.05
4349,1.5137500000000002,0.05
4350,1.2087500000000002,0.05
4351,1.31375,0.05
4352,1.2550000000000001,0.05
4353,1.2400000000000002,0.05
4354,1.21,0.05
4355,1.0450000000000002,0.05
4356,0.8925000000000001,0.05
4357,1.2637500000000002,0.05
4358,1.03375,0.05
4359,0.3224999999999998,0.05
4360,1.2425000000000002,0.05
4361,1.13625,0.05
4362,0.91625,0.05
4363,1.48625,0.05
4364,0.9950000000000001,0.05
4365,1.1125,0.05
4366,1.07875,0.05
4367,1.24,0.05
4368,1.2275,0.05
4369,1.51375,0.05
4370,1.2075,0.05
4371,1.3250000000000002,0.05
4372,1.17875,0.05
4373,1.0075,0.05
4374,0.87,0.05
4375,0.385,0.05
4376,1.1875,0.05
4377,0.9900000000000001,0.05
4378,0.42749999999999977,0.05
4379,1.23,0.05
4380,1.0037500000000001,0.05
4381,0.98,0.05
4382,0.9400000000000001,0.05
4383,1.1350000000000002,0.05
4384,1.2575,0.05
4385,0.84,0.05
4386,0.9700000000000001,0.05
4387,1.1075,0.05
4388,1.02625,0.05
4389,1.4800000000000002,0.05
4390,1.07625,0.05
4391,1.09375,0.05
4392,0.7599999999999999,0.05
4393,1.1125,0.05
4394,0.875,0.05
4395,1.11125,0.05
4396,0.6199999999999998,0.05
4397,1.225,0.05
4398,1.0975000000000001,0.05
4399,1.1825,0.05
4400,1.18625,0.05
4401,0.99,0.05
4402,0.9700000000000001,0.05
4403,0.2124999999999999,0.05
4404,1.3675000000000002,0.05
4405,1.045,0.05
4406,0.8175,0.05
4407,1.23875,0.05
4408,1.0975000000000001,0.05
4409,0.5862499999999998,0.05
4410,0.875,0.05
4411,1.225,0.05
4412,1.25875,0.05
4413,1.46375,0.05
4414,1.29875,0.05
4415,1.0250000000000001,0.05
4416,0.9875,0.05
4417,1.39125,0.05
4418,0.9512500000000002,0.05
4419,1.0550000000000002,0.05
4420,1.2075,0.05
4421,1.1125,0.05
4422,1.11,0.05
4423,1.11625,0.05
4424,1.29,0.05
4425,1.27625,0.05
4426,1.2937500000000002,0.05
4427,1.1287500000000001,0.05
4428,0.9550000000000001,0.05
4429,-3.3274999999999997,0.05
4430,0.25624999999999987,0.05
4431,1.2937500000000002,0.05
4432,1.4675,0.05
4433,0.9550000000000001,0.05
4434,-0.2574999999999996,0.05
4435,1.31875,0.05
4436,1.2625000000000002,0.05
4437,0.9325000000000001,0.05
4438,1.00625,0.05
4439,1.2537500000000001,0.05
4440,1.2075,0.05
4441,0.9275000000000001,0.05
4442,1.04,0.05
4443,0.6912499999999999,0.05
4444,1.07,0.05
4445,1.0425,0.05
4446,1.17875,0.05
4447,-2.837500000000001,0.05
4448,1.1525,0.05
4449,1.39125,0.05
4450,1.0825,0.05
4451,1.15,0.05
4452,1.45375,0.05
4453,1.3575000000000002,0.05
4454,0.96125,0.05
4455,0.7675,0.05
4456,1.0050000000000001,0.05
4457,1.215,0.05
4458,0.7074999999999999,0.05
4459,0.825,0.05
4460,1.25875,0.05
4461,1.39125,0.05
4462,0.9400000000000001,0.05
4463,0.9950000000000001,0.05
4464,1.145,0.05
4465,-4.261249999999999,0.05
4466,1.13625,0.05
4467,1.2425000000000002,0.05
4468,-0.19499999999999962,0.05
4469,1.3,0.05
4470,0.8625,0.05
4471,0.9850000000000001,0.05
4472,1.30375,0.05
4473,1.24125,0.05
4474,1.32,0.05
4475,1.3325,0.05
4476,0.7437499999999999,0.05
4477,0.90625,0.05
4478,1.1,0.05
4479,1.1712500000000001,0.05
4480,0.9712500000000001,0.05
4481,1.3,0.05
4482,0.4712499999999996,0.05
4483,1.1,0.05
4484,1.06125,0.05
4485,1.435,0.05
4486,1.1712500000000001,0.05
4487,0.7825,0.05
4488,0.725,0.05
4489,1.05125,0.05
4490,0.6975,0.05
4491,1.0450000000000002,0.05
4492,0.9412500000000001,0.05
4493,1.09375,0.05
4494,0.93,0.05
4495,1.45875,0.05
4496,1.35375,0.05
4497,1.1500000000000001,0.05
4498,1.2275,0.05
4499,0.9162500000000001,0.05
4500,1.28375,0.05
4501,0.87,0.05
4502,1.3362500000000002,0.05
4503,1.4900000000000002,0.05
4504,1.17875,0.05
4505,1.2200000000000002,0.05
4506,1.045,0.05
4507,1.27625,0.05
4508,1.07125,0.05
4509,0.94625,0.05
4510,0.87375,0.05
4511,1.24125,0.05
4512,1.19,0.05
4513,1.15375,0.05
4514,1.555,0.05
4515,1.08125,0.05
4516,0.5325,0.05
4517,1.15625,0.05
4518,0.9950000000000001,0.05
4519,0.6062499999999997,0.05
4520,1.3275000000000001,0.05
4521,1.2825000000000002,0.05
4522,1.4300000000000002,0.05
4523,1.34375,0.05
4524,1.3275000000000001,0.05
4525,1.38125,0.05
4526,1.3325,0.05
4527,1.3275000000000001,0.05
4528,1.5225000000000002,0.05
4529,1.20375,0.05
4530,1.245,0.05
4531,1.1262500000000002,0.05
4532,1.24125,0.05
4533,1.36375,0.05
4534,0.9475,0.05
4535,1.23625,0.05
4536,1.03875,0.05
4537,1.2525,0.05
4538,1.1975,0.05
4539,0.9325000000000001,0.05
4540,0.925,0.05
4541,1.32125,0.05
4542,1.40375,0.05
4543,1.3325,0.05
4544,1.2775,0.05
4545,0.9550000000000001,0.05
4546,1.15375,0.05
4547,1.1262500000000002,0.05
4548,1.1725,0.05
4549,0.8600000000000001,0.05
4550,1.1725,0.05
4551,1.0250000000000001,0.05
4552,0.96125,0.05
4553,1.11625,0.05
4554,1.3125,0.05
4555,1.465,0.05
4556,0.5099999999999997,0.05
4557,1.4725000000000001,0.05
4558,0.7712499999999999,0.05
4559,1.08875,0.05
4560,1.1600000000000001,0.05
4561,1.2337500000000001,0.05
4562,1.0550000000000002,0.05
4563,1.0025,0.05
4564,1.1525,0.05
4565,1.1,0.05
4566,1.2537500000000001,0.05
4567,1.0750000000000002,0.05
4568,1.2725000000000002,0.05
4569,1.0625,0.05
4570,1.13375,0.05
4571,1.2637500000000002,0.05
4572,0.9450000000000001,0.05
4573,1.1712500000000001,0.05
4574,1.135,0.05
4575,1.085,0.05
4576,1.5362500000000001,0.05
4577,1.2275,0.05
4578,1.32625,0.05
4579,1.2537500000000001,0.05
4580,1.1675,0.05
4581,0.98,0.05
4582,1.435,0.05
4583,1.20875,0.05
4584,1.21,0.05
4585,1.095,0.05
4586,1.125,0.05
4587,1.2225000000000001,0.05
4588,1.3025,0.05
4589,1.36375,0.05
4590,1.18625,0.05
4591,1.25,0.05
4592,1.4275000000000002,0.05
4593,0.93625,0.05
4594,1.1487500000000002,0.05
4595,1.24,0.05
4596,1.08,0.05
4597,1.1812500000000001,0.05
4598,1.06125,0.05
4599,0.44999999999999973,0.05
4600,1.09375,0.05
4601,1.2400000000000002,0.05
4602,1.2075,0.05
4603,0.86125,0.05
4604,1.12125,0.05
4605,1.0437500000000002,0.05
4606,1.14625,0.05
4607,1.185,0.05
4608,1.2637500000000002,0.05
4609,0.9500000000000001,0.05
4610,1.3,0.05
4611,1.23625,0.05
4612,1.24625,0.05
4613,1.36375,0.05
4614,1.49875,0.05
4615,0.7499999999999999,0.05
4616,1.0025,0.05
4617,1.17,0.05
4618,1.15375,0.05
4619,1.075,0.05
4620,1.33125,0.05
4621,1.115,0.05
4622,1.1125,0.05
4623,1.08125,0.05
4624,1.095,0.05
4625,1.40375,0.05
4626,1.2000000000000002,0.05
4627,1.09,0.05
4628,0.90375,0.05
4629,0.73125,0.05
4630,1.17875,0.05
4631,1.28125,0.05
4632,1.31875,0.05
4633,1.4175,0.05
4634,0.5774999999999999,0.05
4635,1.35,0.05
4636,1.2625000000000002,0.05
4637,1.07625,0.05
4638,1.0750000000000002,0.05
4639,1.28,0.05
4640,1.31,0.05
4641,1.24625,0.05
4642,1.46375,0.05
4643,1.0950000000000002,0.05
4644,1.2175,0.05
4645,1.28125,0.05
4646,0.18999999999999995,0.05
4647,0.9912500000000001,0.05
4648,1.2525,0.05
4649,0.82,0.05
4650,1.35,0.05
4651,1.5037500000000001,0.05
4652,1.095,0.05
4653,1.135,0.05
4654,1.17,0.05
4655,1.04,0.05
4656,1.155,0.05
4657,1.0550000000000002,0.05
4658,0.76625,0.05
4659,1.55,0.05
4660,1.1887500000000002,0.05
4661,1.06875,0.05
4662,1.1125,0.05
4663,1.18375,0.05
4664,1.0750000000000002,0.05
4665,1.20375,0.05
4666,1.04,0.05
4667,0.8225000000000001,0.05
4668,0.78125,0.05
4669,1.42625,0.05
4670,1.2375,0.05
4671,1.3362500000000002,0.05
4672,0.11250000000000049,0.05
4673,0.9887500000000001,0.05
4674,1.245,0.05
4675,1.3900000000000001,0.05
4676,1.0750000000000002,0.05
4677,1.2850000000000001,0.05
4678,1.0550000000000002,0.05
4679,1.3325,0.05
4680,0.9712500000000001,0.05
4681,1.0662500000000001,0.05
4682,1.11,0.05
4683,1.40375,0.05
4684,1.08125,0.05
4685,0.9962500000000001,0.05
4686,0.8049999999999999,0.05
4687,0.99,0.05
4688,1.35,0.05
4689,1.22125,0.05
4690,0.9712500000000001,0.05
4691,1.4412500000000001,0.05
4692,1.185,0.05
4693,1.475,0.05
4694,1.1812500000000001,0.05
4695,0.9712500000000001,0.05
4696,1.02875,0.05
4697,1.095,0.05
4698,1.50875,0.05
4699,1.01875,0.05
4700,0.96625,0.05
4701,1.20375,0.05
4702,1.0462500000000001,0.05
4703,0.9425,0.05
4704,0.9850000000000001,0.05
4705,1.4175,0.05
4706,1.03875,0.05
4707,1.2962500000000001,0.05
4708,1.11125,0.05
4709,1.3075,0.05
4710,1.11125,0.05
4711,1.35375,0.05
4712,1.48125,0.05
4713,1.3675000000000002,0.05
4714,1.00625,0.05
4715,0.5624999999999998,0.05
4716,1.3175000000000001,0.05
4717,1.03875,0.05
4718,1.54125,0.05
4719,1.2775,0.05
4720,0.9275000000000001,0.05
4721,1.18125,0.05
4722,1.3900000000000001,0.05
4723,1.2275,0.05
4724,1.5075,0.05
4725,1.3575000000000002,0.05
4726,1.0250000000000001,0.05
4727,1.0625,0.05
4728,1.03875,0.05
4729,-2.6062499999999997,0.05
4730,0.99,0.05
4731,0.39624999999999977,0.05
4732,0.7437499999999999,0.05
4733,1.0025,0.05
4734,0.7449999999999999,0.05
4735,1.18125,0.05
4736,0.7687499999999999,0.05
4737,1.09375,0.05
4738,1.485,0.05
4739,1.06875,0.05
4740,1.2950000000000002,0.05
4741,1.02,0.05
4742,1.39125,0.05
4743,0.99,0.05
4744,0.6837499999999999,0.05
4745,1.3687500000000001,0.05
4746,1.3175000000000001,0.05
4747,1.1725,0.05
4748,1.26375,0.05
4749,1.1912500000000001,0.05
4750,1.095,0.05
4751,1.425,0.05
4752,0.925,0.05
4753,1.2825000000000002,0.05
4754,1.11625,0.05
4755,1.07625,0.05
4756,1.39375,0.05
4757,1.02,0.05
4758,1.09375,0.05
4759,0.7412499999999999,0.05
4760,0.8962500000000001,0.05
4761,1.3587500000000001,0.05
4762,-2.8362500000000006,0.05
4763,1.0987500000000001,0.05
4764,1.09375,0.05
4765,1.32625,0.05
4766,0.7999999999999999,0.05
4767,1.35,0.05
4768,0.9537500000000001,0.05
4769,1.4525000000000001,0.05
4770,0.6774999999999999,0.05
4771,1.195,0.05
4772,1.1975,0.05
4773,1.20875,0.05
4774,1.17375,0.05
4775,0.94125,0.05
4776,0.6974999999999999,0.05
4777,1.2625000000000002,0.05
4778,1.21625,0.05
4779,0.93,0.05
4780,0.935,0.05
4781,1.1425,0.05
4782,0.2487499999999998,0.05
4783,1.2675,0.05
4784,1.35,0.05
4785,1.26625,0.05
4786,0.8900000000000001,0.05
4787,1.13625,0.05
4788,1.0750000000000002,0.05
4789,1.18125,0.05
4790,1.4125,0.05
4791,1.165,0.05
4792,1.0250000000000001,0.05
4793,-2.8000000000000003,0.05
4794,1.3,0.05
4795,1.2550000000000001,0.05
4796,1.37625,0.05
4797,1.34375,0.05
4798,1.13125,0.05
4799,1.4900000000000002,0.05
4800,-0.054999999999999716,0.05
4801,1.02125,0.05
4802,0.9475,0.05
4803,1.335,0.05
4804,-0.28249999999999953,0.05
4805,1.5274999999999999,0.05
4806,0.7525,0.05
4807,1.425,0.05
4808,1.33,0.05
4809,1.2950000000000002,0.05
4810,0.78,0.05
4811,1.0625,0.05
4812,0.82875,0.05
4813,1.155,0.05
4814,1.49875,0.05
4815,1.15375,0.05
4816,1.13375,0.05
4817,0.9162500000000001,0.05
4818,1.3525,0.05
4819,1.20375,0.05
4820,0.9712500000000001,0.05
4821,1.1075,0.05
4822,1.2225000000000001,0.05
4823,0.8049999999999999,0.05
4824,0.92,0.05
4825,0.9412500000000001,0.05
4826,1.1425,0.05
4827,0.9950000000000001,0.05
4828,1.3,0.05
4829,1.1487500000000002,0.05
4830,1.1600000000000001,0.05
4831,1.44,0.05
4832,0.96625,0.05
4833,1.085,0.05
4834,1.13375,0.05
4835,1.1812500000000001,0.05
4836,1.17625,0.05
4837,1.2750000000000001,0.05
4838,1.15,0.05
4839,0.79375,0.05
4840,1.40375,0.05
4841,0.9575000000000001,0.05
4842,1.0625,0.05
4843,0.9700000000000001,0.05
4844,1.5225,0.05
4845,0.705,0.05
4846,0.91625,0.05
4847,1.3575000000000002,0.05
4848,1.4000000000000001,0.05
4849,1.05,0.05
4850,1.27625,0.05
4851,0.7774999999999999,0.05
4852,0.38625,0.05
4853,1.02125,0.05
4854,1.4025,0.05
4855,1.25875,0.05
4856,1.18375,0.05
4857,1.45375,0.05
4858,1.0525,0.05
4859,0.9162500000000001,0.05
4860,0.7387499999999999,0.05
4861,1.1,0.05
4862,1.0075,0.05
4863,1.40375,0.05
4864,1.13625,0.05
4865,1.35,0.05
4866,1.2175,0.05
4867,1.09,0.05
4868,1.22625,0.05
4869,1.0750000000000002,0.05
4870,0.0750000000000004,0.05
4871,1.37,0.05
4872,1.0975000000000001,0.05
4873,1.2937500000000002,0.05
4874,1.2750000000000001,0.05
4875,0.9287500000000001,0.05
4876,1.2075,0.05
4877,1.215,0.05
4878,1.4725000000000001,0.05
4879,1.2775,0.05
4880,1.0237500000000002,0.05
4881,1.0375,0.05
4882,0.99,0.05
4883,0.91625,0.05
4884,1.01625,0.05
4885,1.0450000000000002,0.05
4886,0.96625,0.05
4887,1.1287500000000001,0.05
4888,1.24,0.05
4889,1.2725,0.05
4890,1.08875,0.05
4891,1.28375,0.05
4892,1.3250000000000002,0.05
4893,1.2725,0.05
4894,1.115,0.05
4895,0.7637499999999999,0.05
4896,1.235,0.05
4897,1.31375,0.05
4898,1.44875,0.05
4899,0.96625,0.05
4900,1.145,0.05
4901,1.205,0.05
4902,-0.34374999999999956,0.05
4903,0.79875,0.05
4904,1.22875,0.05
4905,1.15625,0.05
4906,1.2725,0.05
4907,0.875,0.05
4908,1.13125,0.05
4909,1.20875,0.05
4910,1.03875,0.05
4911,1.09,0.05
4912,1.185,0.05
4913,1.0350000000000001,0.05
4914,1.0050000000000001,0.05
4915,0.6887499999999999,0.05
4916,0.835,0.05
4917,1.51375,0.05
4918,1.435,0.05
4919,1.40375,0.05
4920,1.4800000000000002,0.05
4921,1.1125,0.05
4922,1.43875,0.05
4923,1.3,0.05
4924,1.0562500000000001,0.05
4925,1.50875,0.05
4926,1.3687500000000001,0.05
4927,1.3987500000000002,0.05
4928,1.06125,0.05
4929,1.18625,0.05
4930,1.1300000000000001,0.05
4931,1.115,0.05
4932,1.3725,0.05
4933,1.36625,0.05
4934,1.21,0.05
4935,1.48875,0.05
4936,1.23625,0.05
4937,1.3987500000000002,0.05
4938,0.6624999999999998,0.05
4939,1.2625000000000002,0.05
4940,1.18375,0.05
4941,1.2625000000000002,0.05
4942,0.7450000000000001,0.05
4943,0.7037499999999999,0.05
4944,1.25875,0.05
4945,1.18125,0.05
4946,1.24125,0.05
4947,0.71,0.05
4948,1.33375,0.05
4949,1.3487500000000001,0.05
4950,1.12625,0.05
4951,0.6112499999999997,0.05
4952,1.46375,0.05
4953,1.27,0.05
4954,1.2825000000000002,0.05
4955,1.39125,0.05
4956,1.1975,0.05
4957,1.315,0.05
4958,1.27625,0.05
4959,-2.7875000000000005,0.05
4960,1.425,0.05
4961,1.0325000000000002,0.05
4962,1.09,0.05
4963,1.0012500000000002,0.05
4964,1.335,0.05
4965,0.3637499999999998,0.05
4966,1.385,0.05
4967,1.1525,0.05
4968,0.93,0.05
4969,0.13874999999999993,0.05
4970,1.1525,0.05
4971,1.09375,0.05
4972,0.9712500000000002,0.05
4973,1.1687500000000002,0.05
4974,1.40875,0.05
4975,1.26375,0.05
4976,0.9337500000000001,0.05
4977,1.135,0.05
4978,1.30875,0.05
4979,1.29875,0.05
4980,0.8425,0.05
4981,0.44999999999999973,0.05
4982,1.33875,0.05
4983,1.03,0.05
4984,0.8662500000000001,0.05
4985,0.5862499999999997,0.05
4986,1.135,0.05
4987,1.0425,0.05
4988,1.2625000000000002,0.05
4989,1.17875,0.05
4990,1.23625,0.05
4991,1.13625,0.05
4992,1.375,0.05
4993,1.2525000000000002,0.05
4994,1.29875,0.05
4995,1.2975,0.05
4996,0.6412499999999999,0.05
4997,1.085,0.05
4998,1.24125,0.05
4999,1.0437500000000002,0.05
5000,1.08125,0.05
