episode,reward,epsilon
1,-3.165000000000001,0.5
2,-3.208750000000001,0.4975
3,-3.2050000000000005,0.4950125
4,-3.4112499999999994,0.4925374375
5,-3.1375000000000006,0.49007475031250003
6,-3.33125,0.48762437656093754
7,-3.1599999999999993,0.48518625467813287
8,-3.201250000000001,0.4827603234047422
9,-2.995,0.4803465217877185
10,-3.050000000000001,0.47794478917877986
11,-0.18124999999999947,0.47555506523288593
12,-3.2262500000000016,0.4731772899067215
13,-3.1987499999999995,0.47081140345718786
14,-3.0300000000000007,0.46845734643990194
15,-3.039999999999999,0.46611505970770245
16,0.05125000000000046,0.4637844844091639
17,-3.09875,0.4614655619871181
18,-3.0987500000000012,0.4591582341771825
19,-3.0137500000000013,0.4568624430062966
20,-3.100000000000001,0.4545781307912651
21,-2.9250000000000003,0.4523052401373088
22,-3.106250000000001,0.45004371393662224
23,-2.7037500000000008,0.44779349536693913
24,-3.388750000000001,0.4455545278901044
25,-3.0012500000000006,0.4433267552506539
26,-3.0025000000000004,0.44111012147440065
27,-3.02375,0.43890457086702866
28,-2.8500000000000005,0.43671004801269353
29,-3.0250000000000004,0.4345264977726301
30,-3.096250000000001,0.4323538652837669
31,-3.001250000000001,0.4301920959573481
32,-3.140000000000001,0.42804113547756134
33,-3.0212500000000007,0.4259009298001735
34,-0.5449999999999995,0.42377142515117266
35,-3.0962500000000017,0.4216525680254168
36,-3.027500000000001,0.4195443051852897
37,-2.9037500000000005,0.4174465836593632
38,-3.1787500000000013,0.4153593507410664
39,-3.050000000000001,0.4132825539873611
40,-3.65,0.4112161412174243
41,-2.8875,0.40916006051133713
42,-2.93875,0.40711426020878044
43,-2.9675000000000016,0.4050786889077365
44,-3.0537500000000004,0.40305329546319785
45,-3.1,0.40103802898588187
46,-3.261250000000001,0.3990328388409525
47,-3.725,0.3970376746467477
48,-2.7862500000000003,0.39505248627351397
49,0.5749999999999997,0.3930772238421464
50,-3.107500000000001,0.3911118377229357
51,-2.921250000000001,0.389156278534321
52,-3.0225000000000013,0.3872104971416494
53,-3.3025000000000015,0.38527444465594113
54,-3.2712500000000007,0.38334807243266145
55,-3.4412500000000006,0.3814313320704981
56,-2.948750000000001,0.3795241754101456
57,-2.8537500000000002,0.37762655453309485
58,-3.44125,0.3757384217604294
59,-3.0387500000000007,0.3738597296516272
60,-3.0400000000000005,0.3719904310033691
61,-3.0012500000000015,0.37013047884835226
62,-2.817500000000001,0.3682798264541105
63,-3.0475000000000017,0.36643842732183995
64,-2.9012500000000006,0.3646062351852308
65,-3.0962500000000017,0.36278320400930464
66,-3.053750000000001,0.3609692879892581
67,-2.9987500000000002,0.3591644415493118
68,-3.0762500000000013,0.3573686193415653
69,-2.947500000000001,0.35558177624485743
70,-2.817500000000001,0.3538038673636331
71,-2.951250000000001,0.35203484802681495
72,-2.9912500000000013,0.35027467378668087
73,-2.8212500000000005,0.3485233004177475
74,-2.8025,0.34678068391565875
75,-2.872500000000001,0.34504678049608045
76,-3.1499999999999995,0.34332154659360004
77,-2.8937500000000007,0.34160493886063203
78,-2.938750000000001,0.3398969141663289
79,-3.0050000000000012,0.33819742959549726
80,-2.961250000000001,0.33650644244751976
81,-2.9712500000000013,0.3348239102352822
82,-3.0500000000000007,0.3331497906841058
83,-2.9537500000000008,0.33148404173068524
84,-2.9162500000000016,0.3298266215220318
85,-3.100000000000001,0.3281774884144216
86,-3.3200000000000003,0.3265366009723495
87,-2.816250000000001,0.32490391796748774
88,-3.0662500000000015,0.3232793983776503
89,-2.8712500000000007,0.32166300138576204
90,-2.9262500000000005,0.3200546863788332
91,-3.1337499999999996,0.31845441294693905
92,-3.0400000000000005,0.3168621408822043
93,-3.040000000000001,0.3152778301777933
94,-2.8550000000000004,0.31370144102690434
95,-2.991250000000001,0.3121329338217698
96,1.19,0.31057226915266095
97,-2.8250000000000006,0.30901940780689763
98,-3.023750000000001,0.30747431076786313
99,-0.79375,0.3059369392140238
100,-3.0612500000000007,0.3044072545179537
101,-2.88,0.3028852182453639
102,-3.1500000000000012,0.3013707921541371
103,-2.8050000000000006,0.29986393819336643
104,-2.9400000000000004,0.2983646185023996
105,-2.9162500000000007,0.2968727954098876
106,-3.0175000000000005,0.29538843143283816
107,-2.9649999999999994,0.29391148927567395
108,-3.100000000000001,0.29244193182929556
109,-3.0775000000000006,0.2909797221701491
110,1.14375,0.28952482355929837
111,-3.4712499999999995,0.2880771994415019
112,-2.8850000000000007,0.28663681344429437
113,-2.9975,0.2852036293770729
114,-3.4112500000000012,0.2837776112301875
115,-2.937500000000001,0.2823587231740366
116,-2.9075000000000015,0.2809469295581664
117,0.6912500000000001,0.2795421949103756
118,-2.983750000000001,0.2781444839358237
119,-2.941250000000001,0.27675376151614456
120,-2.7975000000000008,0.2753699927085638
121,-2.8225,0.273993142745021
122,-3.092500000000001,0.2726231770312959
123,-3.7037500000000003,0.27126006114613943
124,-2.952500000000001,0.26990376084040874
125,-2.70375,0.2685542420362067
126,-3.185000000000001,0.26721147082602564
127,-2.9125000000000014,0.2658754134718955
128,-2.9037500000000005,0.26454603640453606
129,-3.1325000000000016,0.2632233062225134
130,-2.6975000000000002,0.2619071896914008
131,-2.855000000000001,0.2605976537429438
132,-3.03625,0.2592946654742291
133,-2.953750000000001,0.25799819214685793
134,-3.053750000000001,0.25670820118612364
135,-2.9312500000000012,0.255424660180193
136,-2.9950000000000014,0.25414753687929204
137,-3.0662500000000006,0.2528767991948956
138,-2.9162500000000007,0.2516124151989211
139,-2.7800000000000007,0.2503543531229265
140,-2.817500000000001,0.24910258135731184
141,-2.77375,0.24785706845052527
142,-2.980000000000001,0.24661778310827265
143,-2.7675000000000005,0.2453846941927313
144,-2.867500000000001,0.24415777072176764
145,-2.8225000000000007,0.2429369818681588
146,-2.755000000000001,0.241722296958818
147,-2.8425000000000007,0.2405136854740239
148,-2.8862500000000004,0.23931111704665378
149,-2.7424999999999997,0.23811456146142052
150,-2.74,0.2369239886541134
151,-2.911250000000001,0.23573936871084283
152,-2.8687500000000012,0.23456067186728863
153,0.7637499999999999,0.23338786850795218
154,-2.9637500000000014,0.23222092916541243
155,-2.931250000000001,0.23105982451958537
156,-2.7812500000000004,0.22990452539698744
157,-2.998750000000001,0.2287550027700025
158,-2.9037500000000005,0.22761122775615247
159,-2.87125,0.2264731716173717
160,-0.1449999999999998,0.22534080575928486
161,-2.8762500000000006,0.22421410173048845
162,-2.9725000000000006,0.223093031221836
163,-3.0737500000000013,0.2219775660657268
164,-2.8862500000000013,0.22086767823539816
165,-2.883750000000001,0.21976333984422117
166,-2.9237500000000005,0.21866452314500007
167,-2.923750000000001,0.21757120052927506
168,-2.843750000000001,0.21648334452662868
169,-2.74875,0.21540092780399553
170,0.37749999999999995,0.21432392316497556
171,-2.7750000000000004,0.21325230354915067
172,-2.870000000000001,0.21218604203140493
173,-2.878750000000001,0.2111251118212479
174,-2.8937500000000007,0.21006948626214167
175,-3.00875,0.20901913883083095
176,-2.9412500000000006,0.2079740431366768
177,-3.2199999999999993,0.20693417292099342
178,-2.6237500000000002,0.20589950205638846
179,-2.7675000000000005,0.20487000454610652
180,-2.912500000000001,0.20384565452337597
181,-2.9750000000000005,0.20282642625075908
182,-2.893750000000001,0.2018122941195053
183,-2.905000000000001,0.20080323264890776
184,0.4762499999999996,0.1997992164856632
185,-2.9800000000000013,0.1988002204032349
186,-2.7175000000000002,0.19780621930121872
187,-2.8475000000000006,0.19681718820471264
188,-2.725000000000001,0.19583310226368908
189,-2.830000000000001,0.19485393675237064
190,-2.8000000000000007,0.1938796670686088
191,-2.9100000000000006,0.19291026873326575
192,-2.8612500000000005,0.19194571738959942
193,-2.8312500000000007,0.1909859888026514
194,-2.8287500000000008,0.19003105885863816
195,-2.8487500000000003,0.18908090356434498
196,-2.9300000000000006,0.18813549904652327
197,-2.85875,0.18719482155129066
198,-2.862500000000001,0.18625884744353421
199,-2.9425,0.18532755320631655
200,-2.897500000000001,0.18440091544028497
201,-2.892500000000001,0.18347891086308354
202,-2.9950000000000006,0.18256151630876813
203,-2.725000000000001,0.1816487087272243
204,-2.9537500000000008,0.1807404651835882
205,-3.0587500000000016,0.17983676285767025
206,-2.8887500000000004,0.1789375790433819
207,-2.7375000000000003,0.178042891148165
208,-2.862500000000001,0.17715267669242415
209,1.4800000000000002,0.17626691330896202
210,-0.38374999999999937,0.1753855787424172
211,-2.8737500000000007,0.17450865084870512
212,-2.7237500000000003,0.1736361075944616
213,-2.9912500000000013,0.1727679270564893
214,-2.892500000000001,0.17190408742120686
215,-2.811250000000001,0.1710445669841008
216,-2.942500000000001,0.1701893441491803
217,-2.76875,0.1693383974284344
218,-2.8662500000000004,0.16849170544129222
219,-2.7875000000000005,0.16764924691408575
220,-2.7937500000000006,0.16681100067951532
221,-2.9050000000000007,0.16597694567611773
222,-2.7800000000000007,0.16514706094773715
223,0.7037499999999999,0.16432132564299848
224,1.105,0.1634997190147835
225,-2.927500000000001,0.1626822204197096
226,-2.9237500000000014,0.16186880931761105
227,-2.836250000000001,0.161059465271023
228,-2.8337500000000007,0.16025416794466787
229,-2.930000000000001,0.15945289710494454
230,-2.8175000000000003,0.1586556326194198
231,-2.7687500000000007,0.1578623544563227
232,-2.927500000000001,0.1570730426840411
233,-2.946250000000001,0.1562876774706209
234,-2.767500000000001,0.15550623908326777
235,-2.953750000000001,0.15472870788785142
236,-2.941250000000001,0.15395506434841216
237,-2.948750000000001,0.1531852890266701
238,0.9687500000000001,0.15241936258153677
239,0.36499999999999977,0.1516572657686291
240,-0.35624999999999885,0.15089897943978595
241,-2.7362500000000005,0.15014448454258703
242,-2.831250000000001,0.1493937621198741
243,-2.7912500000000007,0.14864679330927472
244,-2.8300000000000014,0.14790355934272834
245,-2.7862500000000003,0.1471640415460147
246,-2.895,0.14642822133828462
247,-2.873750000000001,0.1456960802315932
248,-2.8175000000000003,0.14496759983043522
249,-2.7500000000000004,0.14424276183128304
250,-2.8775000000000013,0.14352154802212663
251,-2.7237500000000003,0.142803940282016
252,-2.911250000000001,0.14208992058060593
253,-2.942500000000001,0.1413794709777029
254,-2.68,0.14067257362281438
255,-2.9650000000000007,0.1399692107547003
256,-2.7800000000000007,0.13926936470092682
257,-3.028750000000001,0.13857301787742218
258,-2.7987500000000005,0.13788015278803506
259,-2.9800000000000013,0.1371907520240949
260,-2.7987500000000005,0.1365047982639744
261,-2.898750000000001,0.13582227427265453
262,-3.279999999999999,0.13514316290129125
263,-2.8750000000000013,0.1344674470867848
264,-2.7950000000000004,0.13379510985135087
265,-2.9612500000000015,0.1331261343020941
266,-3.010000000000001,0.13246050363058365
267,-2.8112500000000007,0.13179820111243074
268,-2.7975000000000008,0.13113921010686858
269,-3.36125,0.13048351405633424
270,-0.8825000000000001,0.12983109648605257
271,-2.943750000000001,0.1291819410036223
272,-2.880000000000001,0.1285360312986042
273,-2.7000000000000006,0.12789335114211117
274,-2.84625,0.12725388438640062
275,-2.961250000000001,0.1266176149644686
276,-3.0100000000000007,0.12598452688964626
277,-2.700000000000001,0.12535460425519804
278,-2.8912500000000008,0.12472783123392205
279,-2.8412500000000005,0.12410419207775243
280,0.19500000000000006,0.12348367111736366
281,-2.8925000000000005,0.12286625276177685
282,-2.9337500000000007,0.12225192149796796
283,-2.7862500000000003,0.12164066189047812
284,1.1625,0.12103245858102572
285,-2.6,0.1204272962881206
286,-2.7600000000000007,0.11982515980668
287,-2.838750000000001,0.1192260340076466
288,-2.7600000000000002,0.11862990383760837
289,-2.8700000000000006,0.11803675431842033
290,-0.913750000000001,0.11744657054682822
291,-2.7500000000000004,0.11685933769409408
292,-2.75625,0.11627504100562361
293,-2.9150000000000005,0.1156936658005955
294,-3.0175000000000014,0.11511519747159252
295,-2.8500000000000014,0.11453962148423455
296,-2.7125,0.11396692337681337
297,-3.0050000000000017,0.11339708875992931
298,-2.836250000000001,0.11283010331612967
299,-2.9225000000000008,0.11226595279954901
300,-2.9725000000000015,0.11170462303555127
301,-2.886250000000001,0.11114609992037351
302,-2.8037500000000004,0.11059036942077165
303,-2.980000000000001,0.11003741757366779
304,-2.8100000000000005,0.10948723048579945
305,-2.8062500000000012,0.10893979433337045
306,-3.051250000000001,0.1083950953617036
307,-1.131250000000001,0.10785311988489507
308,-2.880000000000001,0.10731385428547059
309,-2.931250000000001,0.10677728501404324
310,0.02375000000000016,0.10624339858897303
311,-2.8537500000000002,0.10571218159602816
312,-3.115000000000001,0.10518362068804801
313,-2.791250000000001,0.10465770258460777
314,-2.935000000000001,0.10413441407168474
315,-2.810000000000001,0.10361374200132631
316,0.09000000000000008,0.10309567329131968
317,-2.7800000000000007,0.10258019492486307
318,-2.843750000000001,0.10206729395023875
319,-2.843750000000001,0.10155695748048756
320,-2.8437500000000004,0.10104917269308512
321,-2.9612500000000006,0.1005439268296197
322,-2.837500000000001,0.1000412071954716
323,-2.7675000000000005,0.09954100115949424
324,-2.950000000000001,0.09904329615369677
325,-2.7287500000000002,0.09854807967292828
326,-3.1712499999999997,0.09805533927456364
327,-2.935000000000001,0.09756506257819082
328,-2.8000000000000007,0.09707723726529986
329,-2.7425000000000006,0.09659185107897336
330,-2.8625000000000007,0.0961088918235785
331,-2.7,0.0956283473644606
332,-2.876250000000001,0.0951502056276383
333,-0.06624999999999992,0.09467445459950011
334,-2.75,0.09420108232650261
335,-2.921250000000001,0.09373007691487009
336,0.46874999999999967,0.09326142653029575
337,-2.9237500000000014,0.09279511939764427
338,-2.85625,0.09233114380065605
339,-2.8425000000000007,0.09186948808165277
340,-2.900000000000001,0.0914101406412445
341,1.0350000000000001,0.09095308993803829
342,0.8350000000000001,0.09049832448834809
343,-2.950000000000001,0.09004583286590635
344,-2.866250000000001,0.08959560370157682
345,1.4087500000000002,0.08914762568306893
346,-2.767500000000001,0.08870188755465358
347,-2.775000000000001,0.08825837811688031
348,-2.855000000000001,0.0878170862262959
349,-2.9675000000000007,0.08737800079516442
350,1.4900000000000002,0.08694111079118859
351,-2.6687500000000006,0.08650640523723264
352,-0.9274999999999995,0.08607387321104648
353,-2.85625,0.08564350384499125
354,-1.0087500000000003,0.08521528632576629
355,-2.9312500000000012,0.08478920989413746
356,-2.825000000000001,0.08436526384466678
357,-2.9312500000000012,0.08394343752544345
358,-2.7375000000000007,0.08352372033781623
359,-3.4362500000000025,0.08310610173612715
360,-2.9687500000000013,0.08269057122744651
361,-2.893750000000001,0.08227711837130927
362,-2.850000000000001,0.08186573277945272
363,-2.75,0.08145640411555546
364,0.2274999999999998,0.08104912209497768
365,-3.22,0.08064387648450279
366,-0.9562500000000003,0.08024065710208027
367,-3.0137500000000017,0.07983945381656987
368,-2.792500000000001,0.07944025654748703
369,-2.8937500000000007,0.0790430552647496
370,-2.7500000000000004,0.07864783998842585
371,-2.9912500000000017,0.07825460078848372
372,-3.0062500000000005,0.0778633277845413
373,-2.900000000000001,0.0774740111456186
374,-2.810000000000001,0.07708664108989051
375,-2.868750000000001,0.07670120788444106
376,-2.6862500000000002,0.07631770184501885
377,-2.950000000000001,0.07593611333579375
378,0.9725000000000001,0.07555643276911478
379,0.40249999999999964,0.07517865060526921
380,-2.930000000000001,0.07480275735224286
381,-2.6437500000000003,0.07442874356548164
382,-3.176249999999999,0.07405659984765423
383,-2.8850000000000007,0.07368631684841595
384,-2.7987500000000005,0.07331788526417388
385,-2.7250000000000005,0.07295129583785301
386,-2.818750000000001,0.07258653935866374
387,-2.850000000000001,0.07222360666187043
388,1.31,0.07186248862856108
389,-2.9299999999999997,0.07150317618541828
390,-2.7362500000000005,0.07114566030449118
391,-2.911250000000001,0.07078993200296872
392,-2.8475000000000006,0.07043598234295388
393,-2.7800000000000002,0.07008380243123911
394,-2.9212499999999997,0.06973338341908292
395,1.06875,0.0693847165019875
396,0.92,0.06903779291947756
397,-2.806250000000001,0.06869260395488018
398,-2.6987499999999995,0.06834914093510577
399,1.2637500000000002,0.06800739523043024
400,-2.96625,0.0676673582542781
401,0.11250000000000004,0.0673290214630067
402,-2.8287500000000003,0.06699237635569168
403,-3.4412499999999993,0.06665741447391321
404,-2.7875000000000005,0.06632412740154364
405,-2.868750000000001,0.06599250676453593
406,-2.800000000000001,0.06566254423071324
407,-2.8875,0.06533423150955968
408,-2.830000000000001,0.06500756035201188
409,-3.0724999999999993,0.06468252255025182
410,-2.900000000000001,0.06435910993750056
411,-3.0725000000000016,0.06403731438781306
412,0.05250000000000021,0.06371712781587399
413,-0.4449999999999992,0.06339854217679462
414,-0.02624999999999922,0.06308154946591064
415,-2.881250000000001,0.0627661417185811
416,-2.885000000000001,0.06245231100998819
417,-2.8799999999999994,0.06214004945493825
418,-2.930000000000001,0.06182934920766356
419,-2.9800000000000013,0.06152020246162524
420,-2.950000000000001,0.06121260144931712
421,-1.1687500000000004,0.06090653844207053
422,-2.873750000000001,0.060602005749860174
423,-2.86625,0.06029899572111087
424,-2.843750000000001,0.059997500742505316
425,-2.9600000000000013,0.05969751323879279
426,-2.836250000000001,0.059399025672598825
427,1.2212500000000002,0.05910203054423583
428,-2.9300000000000015,0.05880652039151465
429,-3.257499999999999,0.058512487789557074
430,0.3224999999999998,0.05821992535060929
431,-2.755000000000001,0.05792882572385624
432,-2.946250000000001,0.05763918159523696
433,-3.684999999999999,0.057350985687260776
434,-2.675,0.05706423075882447
435,-2.8612500000000014,0.05677890960503035
436,-2.7375000000000003,0.056495015057005195
437,-2.9500000000000015,0.05621253998172017
438,0.20124999999999993,0.05593147728181157
439,-3.5325000000000015,0.05565181989540251
440,-2.941250000000001,0.055373560795925494
441,-2.830000000000001,0.05509669299194587
442,-2.667500000000001,0.05482120952698614
443,-2.8550000000000004,0.054547103479351204
444,0.4049999999999998,0.05427436796195445
445,-2.8050000000000006,0.05400299612214468
446,-2.8125000000000004,0.05373298114153396
447,-2.8000000000000007,0.05346431623582629
448,-1.1387500000000008,0.05319699465464715
449,-3.4949999999999997,0.05293100968137392
450,-2.853750000000001,0.052666354632967045
451,-2.8937500000000007,0.05240302285980221
452,-0.6449999999999994,0.0521410077455032
453,1.4900000000000002,0.05188030270677568
454,-2.9750000000000014,0.0516209011932418
455,-2.8000000000000007,0.05136279668727559
456,-2.942500000000001,0.05110598270383922
457,-3.471250000000002,0.05085045279032002
458,-2.6687500000000006,0.05059620052636842
459,1.485,0.050343219523736576
460,-2.918750000000001,0.050091503426117893
461,-2.7437500000000004,0.05
462,-1.0850000000000006,0.05
463,-3.3049999999999993,0.05
464,0.012500000000000178,0.05
465,-2.7487500000000002,0.05
466,-2.6687499999999993,0.05
467,-2.8562500000000006,0.05
468,-0.22499999999999942,0.05
469,-2.9312500000000012,0.05
470,-2.830000000000001,0.05
471,-2.7500000000000004,0.05
472,0.050000000000000044,0.05
473,-2.9162500000000007,0.05
474,-0.9550000000000003,0.05
475,-0.8124999999999998,0.05
476,-2.837500000000001,0.05
477,0.8125,0.05
478,-3.200000000000002,0.05
479,-2.781250000000001,0.05
480,-3.167499999999999,0.05
481,-2.862500000000001,0.05
482,-2.9037500000000005,0.05
483,-2.6,0.05
484,-2.8000000000000007,0.05
485,-2.7612500000000004,0.05
486,-2.862500000000001,0.05
487,-2.7312500000000006,0.05
488,-2.8550000000000004,0.05
489,-2.7987500000000005,0.05
490,-2.7375000000000007,0.05
491,-2.7625000000000006,0.05
492,0.9487500000000001,0.05
493,-2.900000000000001,0.05
494,-0.6724999999999997,0.05
495,-2.8562500000000006,0.05
496,0.09250000000000003,0.05
497,-2.6875000000000004,0.05
498,-2.7800000000000007,0.05
499,0.5649999999999997,0.05
500,-2.84125,0.05
501,-2.6750000000000003,0.05
502,-2.7687500000000003,0.05
503,0.7024999999999999,0.05
504,-2.850000000000001,0.05
505,-2.861250000000001,0.05
506,-2.912500000000001,0.05
507,0.98875,0.05
508,1.495,0.05
509,-0.6337499999999994,0.05
510,-2.7000000000000006,0.05
511,-2.923750000000001,0.05
512,0.6599999999999998,0.05
513,-2.881250000000001,0.05
514,-2.877500000000001,0.05
515,-3.0850000000000013,0.05
516,-2.850000000000001,0.05
517,-2.8312500000000007,0.05
518,0.82,0.05
519,-2.781250000000001,0.05
520,-2.905000000000001,0.05
521,0.8625,0.05
522,-2.837500000000001,0.05
523,-1.0637500000000006,0.05
524,-2.88375,0.05
525,0.85625,0.05
526,-2.9687500000000013,0.05
527,-2.8000000000000007,0.05
528,-2.900000000000001,0.05
529,-2.7187500000000004,0.05
530,-2.7875000000000005,0.05
531,-2.956250000000001,0.05
532,-0.8300000000000001,0.05
533,-2.8250000000000006,0.05
534,-3.0025000000000004,0.05
535,-2.7975000000000003,0.05
536,-0.3499999999999994,0.05
537,-2.900000000000001,0.05
538,-2.9125000000000005,0.05
539,-2.7562500000000005,0.05
540,-2.843750000000001,0.05
541,-2.6800000000000006,0.05
542,-2.9537500000000008,0.05
543,-2.9312500000000012,0.05
544,-2.7562500000000005,0.05
545,1.2712500000000002,0.05
546,-2.8487500000000012,0.05
547,-2.9300000000000006,0.05
548,-2.8250000000000006,0.05
549,-2.817499999999999,0.05
550,-2.8874999999999993,0.05
551,-2.815,0.05
552,-0.17124999999999946,0.05
553,0.29249999999999976,0.05
554,-3.1675000000000026,0.05
555,0.9737500000000001,0.05
556,-2.6500000000000004,0.05
557,-2.848750000000001,0.05
558,-2.6550000000000002,0.05
559,-2.7562500000000005,0.05
560,-2.886250000000001,0.05
561,-2.8437500000000004,0.05
562,0.77,0.05
563,0.4887499999999997,0.05
564,-0.3049999999999995,0.05
565,-2.930000000000001,0.05
566,-3.249999999999999,0.05
567,-2.9550000000000005,0.05
568,-2.873750000000001,0.05
569,-2.862500000000001,0.05
570,-0.1749999999999996,0.05
571,1.44875,0.05
572,-2.893750000000001,0.05
573,-2.75625,0.05
574,-2.8187500000000005,0.05
575,-2.6875,0.05
576,-2.8612500000000005,0.05
577,-2.9800000000000013,0.05
578,-2.9987500000000016,0.05
579,-2.898750000000001,0.05
580,-2.7750000000000004,0.05
581,-2.8862500000000004,0.05
582,-2.86625,0.05
583,-2.7000000000000006,0.05
584,-0.051249999999999796,0.05
585,0.49999999999999967,0.05
586,-2.843750000000001,0.05
587,-2.8062499999999995,0.05
588,-2.818750000000001,0.05
589,-2.893750000000001,0.05
590,-0.6437499999999996,0.05
591,-2.837500000000001,0.05
592,-0.74,0.05
593,-2.9987500000000016,0.05
594,-2.900000000000001,0.05
595,-2.960000000000001,0.05
596,-2.7925000000000004,0.05
597,-3.0425000000000018,0.05
598,-2.775000000000001,0.05
599,-2.7975000000000008,0.05
600,-2.9600000000000013,0.05
601,-2.818750000000001,0.05
602,0.20875,0.05
603,-2.875000000000001,0.05
604,-2.9800000000000013,0.05
605,-3.2800000000000007,0.05
606,-1.0462500000000003,0.05
607,-2.750000000000001,0.05
608,-2.818750000000001,0.05
609,1.38625,0.05
610,-2.7187500000000004,0.05
611,-1.5162499999999992,0.05
612,-2.7875000000000005,0.05
613,-0.4849999999999992,0.05
614,-2.881250000000001,0.05
615,-2.843750000000001,0.05
616,-0.5624999999999993,0.05
617,1.56375,0.05
618,0.7699999999999999,0.05
619,-3.0100000000000016,0.05
620,-2.998750000000001,0.05
621,-2.881250000000001,0.05
622,-2.892500000000001,0.05
623,-2.8800000000000003,0.05
624,-3.3699999999999997,0.05
625,-2.873750000000001,0.05
626,-0.4749999999999992,0.05
627,0.4399999999999997,0.05
628,-2.775000000000001,0.05
629,-2.825000000000001,0.05
630,-0.6162499999999993,0.05
631,-2.867500000000001,0.05
632,-0.0187499999999996,0.05
633,-3.040000000000001,0.05
634,0.9575000000000001,0.05
635,-2.9425000000000012,0.05
636,-2.8737500000000007,0.05
637,0.16000000000000014,0.05
638,-3.025,0.05
639,-2.812500000000001,0.05
640,-2.781250000000001,0.05
641,-2.8000000000000007,0.05
642,-2.850000000000001,0.05
643,0.7174999999999999,0.05
644,-2.811250000000001,0.05
645,-2.848750000000001,0.05
646,-2.8562500000000006,0.05
647,0.8012499999999999,0.05
648,-3.0050000000000012,0.05
649,-2.843750000000001,0.05
650,-2.912500000000001,0.05
651,-2.8312500000000007,0.05
652,1.155,0.05
653,0.8125,0.05
654,-2.7562500000000005,0.05
655,-2.930000000000001,0.05
656,-2.7687500000000007,0.05
657,-3.2625000000000015,0.05
658,-2.825000000000001,0.05
659,-3.4487500000000013,0.05
660,-2.9400000000000013,0.05
661,-2.806250000000001,0.05
662,-2.843750000000001,0.05
663,-0.031249999999999778,0.05
664,0.39624999999999977,0.05
665,-2.956250000000001,0.05
666,-3.3087500000000016,0.05
667,-3.656250000000002,0.05
668,-2.875000000000001,0.05
669,-2.9312500000000012,0.05
670,0.5649999999999997,0.05
671,-2.848750000000001,0.05
672,-2.975000000000001,0.05
673,-2.9237500000000014,0.05
674,-0.6062499999999995,0.05
675,-2.8312500000000003,0.05
676,-1.121250000000001,0.05
677,-2.8375000000000004,0.05
678,0.40124999999999966,0.05
679,-2.8737500000000002,0.05
680,-3.050000000000002,0.05
681,-2.8500000000000005,0.05
682,-2.8662500000000013,0.05
683,-2.766249999999999,0.05
684,-3.5300000000000002,0.05
685,-3.527499999999999,0.05
686,-2.981250000000001,0.05
687,-2.862500000000001,0.05
688,-2.7975000000000003,0.05
689,-2.7612500000000004,0.05
690,-3.2899999999999987,0.05
691,-2.918750000000001,0.05
692,-0.4849999999999992,0.05
693,-2.7687500000000007,0.05
694,-2.827500000000001,0.05
695,-2.893750000000001,0.05
696,-2.818750000000001,0.05
697,-2.998750000000001,0.05
698,-3.0625000000000013,0.05
699,-3.1374999999999993,0.05
700,-2.7500000000000004,0.05
701,-3.1587499999999995,0.05
702,-2.7375000000000007,0.05
703,0.3937499999999998,0.05
704,-2.775000000000001,0.05
705,-2.812500000000001,0.05
706,0.5562499999999998,0.05
707,-2.7600000000000007,0.05
708,-2.961250000000001,0.05
709,-2.8000000000000007,0.05
710,-2.8562500000000006,0.05
711,-0.5512499999999991,0.05
712,-2.9725000000000015,0.05
713,-2.893750000000001,0.05
714,-2.836250000000001,0.05
715,0.2699999999999998,0.05
716,0.6124999999999997,0.05
717,1.01125,0.05
718,-3.0875,0.05
719,1.2962500000000001,0.05
720,-2.830000000000001,0.05
721,0.0012500000000006395,0.05
722,-0.4462499999999996,0.05
723,0.935,0.05
724,-3.0100000000000007,0.05
725,-0.22624999999999962,0.05
726,-0.9787500000000005,0.05
727,-2.9000000000000012,0.05
728,-2.7612500000000004,0.05
729,-2.961250000000001,0.05
730,-2.7300000000000004,0.05
731,-3.460000000000002,0.05
732,-2.866250000000001,0.05
733,0.8412499999999999,0.05
734,0.8900000000000001,0.05
735,-0.845,0.05
736,-2.7500000000000004,0.05
737,-2.8350000000000004,0.05
738,-2.75625,0.05
739,-2.880000000000001,0.05
740,1.2725000000000002,0.05
741,-2.787500000000001,0.05
742,-2.856250000000001,0.05
743,1.24,0.05
744,-3.05,0.05
745,-2.8400000000000007,0.05
746,-0.2262499999999994,0.05
747,0.7687499999999999,0.05
748,-2.897500000000001,0.05
749,-2.893750000000001,0.05
750,1.0975000000000001,0.05
751,0.1775,0.05
752,-2.825000000000001,0.05
753,1.0437500000000002,0.05
754,-2.7687500000000003,0.05
755,0.6049999999999999,0.05
756,-0.22124999999999972,0.05
757,0.4937499999999997,0.05
758,-0.11624999999999952,0.05
759,-1.0612500000000005,0.05
760,-2.9825,0.05
761,-2.950000000000001,0.05
762,-2.8312500000000007,0.05
763,-2.775000000000001,0.05
764,-2.911250000000001,0.05
765,-0.12749999999999972,0.05
766,-2.781250000000001,0.05
767,-2.825000000000001,0.05
768,-1.0575000000000008,0.05
769,-2.923750000000001,0.05
770,0.9837500000000001,0.05
771,0.9962500000000001,0.05
772,1.3075,0.05
773,-2.8000000000000007,0.05
774,-2.6937500000000005,0.05
775,0.4474999999999998,0.05
776,-2.9800000000000013,0.05
777,-2.8125000000000004,0.05
778,-2.837500000000001,0.05
779,-2.855000000000001,0.05
780,-2.84375,0.05
781,0.4049999999999996,0.05
782,0.82375,0.05
783,-2.893750000000001,0.05
784,-2.7500000000000004,0.05
785,-3.7075000000000027,0.05
786,-3.579999999999999,0.05
787,-2.6474999999999995,0.05
788,-0.0024999999999999467,0.05
789,0.7649999999999999,0.05
790,-2.837500000000001,0.05
791,0.6762499999999999,0.05
792,0.4562499999999997,0.05
793,-2.9237500000000014,0.05
794,-2.817500000000001,0.05
795,-2.7737500000000006,0.05
796,-2.9912500000000004,0.05
797,-3.477499999999999,0.05
798,-2.927500000000001,0.05
799,-2.67375,0.05
800,-2.930000000000001,0.05
801,1.495,0.05
802,-2.893750000000001,0.05
803,-2.950000000000001,0.05
804,-2.7687500000000007,0.05
805,-3.2774999999999994,0.05
806,-2.981250000000001,0.05
807,-2.873750000000001,0.05
808,-2.875000000000001,0.05
809,1.02625,0.05
810,-2.922500000000001,0.05
811,1.2837500000000002,0.05
812,-3.2725,0.05
813,-2.848750000000001,0.05
814,-2.893750000000001,0.05
815,-2.843750000000001,0.05
816,0.010000000000000231,0.05
817,0.2137500000000001,0.05
818,-2.7562500000000005,0.05
819,-2.9787500000000016,0.05
820,-2.900000000000001,0.05
821,-0.925,0.05
822,-2.9375000000000013,0.05
823,0.28749999999999987,0.05
824,-2.8437500000000004,0.05
825,1.44875,0.05
826,1.2237500000000001,0.05
827,-3.013749999999999,0.05
828,1.17375,0.05
829,0.3787499999999997,0.05
830,-2.950000000000001,0.05
831,-2.977499999999999,0.05
832,-0.6712499999999999,0.05
833,-2.825000000000001,0.05
834,0.61625,0.05
835,1.1475,0.05
836,-3.4299999999999993,0.05
837,-0.8462500000000002,0.05
838,-0.6949999999999996,0.05
839,-2.6500000000000004,0.05
840,0.08499999999999996,0.05
841,-0.06999999999999962,0.05
842,-3.166250000000002,0.05
843,1.14375,0.05
844,0.6537499999999998,0.05
845,-2.7125000000000004,0.05
846,0.28749999999999987,0.05
847,-2.9800000000000013,0.05
848,-3.343749999999999,0.05
849,-3.388749999999999,0.05
850,-2.963750000000001,0.05
851,-2.886250000000001,0.05
852,1.2075,0.05
853,0.7962499999999999,0.05
854,0.25624999999999987,0.05
855,0.2437499999999999,0.05
856,-2.8000000000000007,0.05
857,0.7074999999999999,0.05
858,-1.0187500000000005,0.05
859,-3.023750000000001,0.05
860,0.6724999999999999,0.05
861,0.2687499999999998,0.05
862,-2.7937500000000006,0.05
863,1.24625,0.05
864,1.06125,0.05
865,-2.79875,0.05
866,0.14124999999999988,0.05
867,-2.7500000000000004,0.05
868,-2.7437500000000004,0.05
869,-0.9299999999999995,0.05
870,-2.6937500000000005,0.05
871,0.82,0.05
872,-2.8049999999999997,0.05
873,1.0750000000000002,0.05
874,-2.8562500000000006,0.05
875,0.12624999999999997,0.05
876,-2.893750000000001,0.05
877,-2.806250000000001,0.05
878,-2.781250000000001,0.05
879,0.6937499999999999,0.05
880,-2.941250000000001,0.05
881,0.7487499999999999,0.05
882,-3.4887500000000014,0.05
883,-2.7687500000000007,0.05
884,-3.415000000000002,0.05
885,1.3062500000000001,0.05
886,0.5374999999999998,0.05
887,0.73125,0.05
888,-0.49249999999999927,0.05
889,-2.862500000000001,0.05
890,1.1062500000000002,0.05
891,-2.7500000000000004,0.05
892,1.1975,0.05
893,1.0025,0.05
894,-2.7875000000000005,0.05
895,1.0987500000000001,0.05
896,1.50875,0.05
897,-3.4000000000000004,0.05
898,-2.812500000000001,0.05
899,-2.880000000000001,0.05
900,-2.7312500000000006,0.05
901,-3.0812499999999994,0.05
902,-0.6624999999999994,0.05
903,1.1,0.05
904,1.28875,0.05
905,0.825,0.05
906,1.4675,0.05
907,-0.10499999999999976,0.05
908,0.78375,0.05
909,0.18249999999999988,0.05
910,1.10125,0.05
911,1.07625,0.05
912,1.13625,0.05
913,-0.2587499999999996,0.05
914,1.03875,0.05
915,1.25875,0.05
916,1.2425000000000002,0.05
917,-0.22874999999999956,0.05
918,-2.881250000000001,0.05
919,1.18625,0.05
920,0.9962500000000001,0.05
921,1.1525,0.05
922,1.24,0.05
923,1.1912500000000001,0.05
924,1.0450000000000002,0.05
925,-0.5999999999999994,0.05
926,0.85125,0.05
927,0.19999999999999996,0.05
928,-0.18374999999999964,0.05
929,-2.9600000000000004,0.05
930,-0.14249999999999918,0.05
931,-2.9175000000000013,0.05
932,0.3587499999999999,0.05
933,-2.9975,0.05
934,-0.2999999999999994,0.05
935,-2.912500000000001,0.05
936,1.2000000000000002,0.05
937,-2.7562500000000005,0.05
938,-2.843750000000001,0.05
939,-2.9000000000000012,0.05
940,0.2549999999999999,0.05
941,-2.886250000000001,0.05
942,0.9850000000000001,0.05
943,-2.7487500000000007,0.05
944,1.33125,0.05
945,0.86625,0.05
946,-0.1299999999999999,0.05
947,0.28749999999999987,0.05
948,-2.830000000000001,0.05
949,0.14500000000000002,0.05
950,0.98875,0.05
951,-0.9237500000000003,0.05
952,0.83625,0.05
953,0.9,0.05
954,-0.5749999999999995,0.05
955,-0.3149999999999995,0.05
956,0.6612499999999999,0.05
957,-2.7375000000000007,0.05
958,-2.8637499999999996,0.05
959,-2.8375000000000004,0.05
960,0.9837500000000001,0.05
961,-2.8175000000000003,0.05
962,1.07625,0.05
963,0.6387499999999998,0.05
964,0.24,0.05
965,-1.3325000000000007,0.05
966,-3.1775000000000015,0.05
967,-0.9287499999999995,0.05
968,-0.047499999999999876,0.05
969,0.9825000000000002,0.05
970,0.78125,0.05
971,1.12,0.05
972,-2.7800000000000007,0.05
973,-2.8925,0.05
974,0.905,0.05
975,-0.9287500000000002,0.05
976,-2.7600000000000007,0.05
977,1.21625,0.05
978,-2.9687499999999987,0.05
979,1.1375000000000002,0.05
980,0.915,0.05
981,-2.843750000000001,0.05
982,0.9137500000000001,0.05
983,1.2200000000000002,0.05
984,-0.20749999999999957,0.05
985,-1.1162499999999993,0.05
986,0.9850000000000001,0.05
987,-0.5937499999999993,0.05
988,-0.5099999999999993,0.05
989,-2.850000000000001,0.05
990,0.9712500000000001,0.05
991,0.7,0.05
992,0.72625,0.05
993,-3.0025000000000004,0.05
994,1.335,0.05
995,-2.8062500000000004,0.05
996,-0.12124999999999964,0.05
997,-2.836250000000001,0.05
998,1.3137500000000002,0.05
999,1.5125000000000002,0.05
1000,-2.850000000000001,0.05
1001,-0.2999999999999994,0.05
1002,-0.4812499999999993,0.05
1003,1.21625,0.05
1004,-3.0,0.05
1005,-2.812500000000001,0.05
1006,1.0625,0.05
1007,1.1487500000000002,0.05
1008,-2.8000000000000007,0.05
1009,-2.8362500000000006,0.05
1010,-2.862500000000001,0.05
1011,-2.812500000000001,0.05
1012,-0.044999999999999485,0.05
1013,0.028750000000000053,0.05
1014,-2.830000000000001,0.05
1015,0.4524999999999997,0.05
1016,0.91625,0.05
1017,1.455,0.05
1018,1.1162500000000002,0.05
1019,-0.08124999999999982,0.05
1020,0.10624999999999996,0.05
1021,1.39375,0.05
1022,0.88,0.05
1023,1.1075,0.05
1024,0.47624999999999984,0.05
1025,0.6212499999999999,0.05
1026,-0.19249999999999967,0.05
1027,0.93,0.05
1028,-0.2799999999999996,0.05
1029,1.48125,0.05
1030,1.0450000000000002,0.05
1031,-2.7937500000000006,0.05
1032,-2.830000000000001,0.05
1033,1.1087500000000001,0.05
1034,-2.8437500000000004,0.05
1035,-0.07874999999999988,0.05
1036,-2.7500000000000004,0.05
1037,0.21374999999999988,0.05
1038,1.4412500000000001,0.05
1039,0.5212499999999997,0.05
1040,1.0100000000000002,0.05
1041,-0.27499999999999947,0.05
1042,-0.8199999999999996,0.05
1043,-1.08125,0.05
1044,-0.0974999999999997,0.05
1045,0.8225,0.05
1046,-0.3662499999999995,0.05
1047,0.8625,0.05
1048,0.6424999999999998,0.05
1049,-0.7337499999999995,0.05
1050,-2.7562500000000005,0.05
1051,1.08,0.05
1052,1.01625,0.05
1053,-0.2374999999999996,0.05
1054,1.3625,0.05
1055,1.3250000000000002,0.05
1056,0.82625,0.05
1057,0.3062499999999999,0.05
1058,1.185,0.05
1059,-1.061250000000001,0.05
1060,0.10750000000000015,0.05
1061,0.7137499999999999,0.05
1062,0.92,0.05
1063,1.26625,0.05
1064,1.02625,0.05
1065,-2.8737500000000002,0.05
1066,-2.8937500000000007,0.05
1067,0.8975000000000001,0.05
1068,-2.7500000000000004,0.05
1069,1.25875,0.05
1070,0.6362499999999999,0.05
1071,1.09375,0.05
1072,-0.26749999999999985,0.05
1073,-0.12499999999999956,0.05
1074,0.9550000000000001,0.05
1075,-0.81375,0.05
1076,0.37999999999999967,0.05
1077,-2.825000000000001,0.05
1078,-0.4174999999999993,0.05
1079,-2.8312500000000007,0.05
1080,0.97875,0.05
1081,-2.8187500000000005,0.05
1082,1.0562500000000001,0.05
1083,0.09750000000000014,0.05
1084,-2.905000000000001,0.05
1085,1.485,0.05
1086,-2.806250000000001,0.05
1087,1.27625,0.05
1088,-2.843750000000001,0.05
1089,0.49499999999999966,0.05
1090,1.02,0.05
1091,0.72625,0.05
1092,1.0750000000000002,0.05
1093,0.8975000000000001,0.05
1094,-0.6312499999999994,0.05
1095,0.8225,0.05
1096,0.6849999999999999,0.05
1097,-2.93,0.05
1098,-2.9287500000000013,0.05
1099,1.4225,0.05
1100,0.2699999999999998,0.05
1101,0.83,0.05
1102,-2.900000000000001,0.05
1103,0.022500000000000187,0.05
1104,-0.13124999999999964,0.05
1105,-0.8550000000000002,0.05
1106,0.9900000000000001,0.05
1107,1.0250000000000001,0.05
1108,-0.30624999999999947,0.05
1109,1.1125,0.05
1110,1.26375,0.05
1111,-0.3499999999999994,0.05
1112,-0.0012499999999999734,0.05
1113,0.8425,0.05
1114,0.5287499999999997,0.05
1115,-0.2574999999999994,0.05
1116,-2.850000000000001,0.05
1117,-2.862500000000001,0.05
1118,1.115,0.05
1119,0.7324999999999999,0.05
1120,-2.7375000000000003,0.05
1121,0.72625,0.05
1122,-4.371249999999999,0.05
1123,0.6949999999999998,0.05
1124,0.4312499999999997,0.05
1125,0.9637500000000001,0.05
1126,0.9712500000000002,0.05
1127,0.7299999999999999,0.05
1128,-0.97,0.05
1129,0.5187499999999997,0.05
1130,-1.156250000000001,0.05
1131,0.84875,0.05
1132,0.9287500000000001,0.05
1133,-2.935000000000001,0.05
1134,0.6512499999999998,0.05
1135,-0.6599999999999995,0.05
1136,1.4675,0.05
1137,0.4399999999999997,0.05
1138,1.04,0.05
1139,-0.1912499999999997,0.05
1140,0.895,0.05
1141,0.6612499999999998,0.05
1142,-0.02499999999999991,0.05
1143,0.5549999999999997,0.05
1144,0.80125,0.05
1145,1.18625,0.05
1146,0.8725,0.05
1147,-2.8312500000000007,0.05
1148,0.4212499999999997,0.05
1149,-0.7787499999999998,0.05
1150,1.01625,0.05
1151,0.86125,0.05
1152,1.04,0.05
1153,0.9087500000000001,0.05
1154,-2.900000000000001,0.05
1155,1.13125,0.05
1156,-0.8887500000000002,0.05
1157,0.9400000000000001,0.05
1158,1.0525,0.05
1159,1.2650000000000001,0.05
1160,-2.893750000000001,0.05
1161,0.90625,0.05
1162,1.25875,0.05
1163,0.10749999999999993,0.05
1164,1.0025,0.05
1165,0.44999999999999973,0.05
1166,0.75125,0.05
1167,0.69,0.05
1168,-0.8087500000000001,0.05
1169,0.5449999999999997,0.05
1170,1.2225000000000001,0.05
1171,1.1425,0.05
1172,-2.7000000000000006,0.05
1173,-0.6099999999999992,0.05
1174,0.9287500000000001,0.05
1175,0.8962500000000001,0.05
1176,1.0875000000000001,0.05
1177,0.8425,0.05
1178,1.0275,0.05
1179,1.01625,0.05
1180,1.54125,0.05
1181,-2.781250000000001,0.05
1182,0.5187499999999997,0.05
1183,0.6037499999999998,0.05
1184,1.01125,0.05
1185,1.2025000000000001,0.05
1186,0.8425,0.05
1187,0.8200000000000002,0.05
1188,0.5862499999999998,0.05
1189,-2.8175000000000012,0.05
1190,-2.875000000000001,0.05
1191,0.12749999999999995,0.05
1192,0.5262499999999998,0.05
1193,-3.3062500000000017,0.05
1194,1.2075,0.05
1195,0.8775000000000001,0.05
1196,1.3225,0.05
1197,-0.2124999999999997,0.05
1198,0.7487499999999999,0.05
1199,-0.11249999999999982,0.05
1200,-2.855000000000001,0.05
1201,0.6749999999999998,0.05
1202,1.04,0.05
1203,0.3374999999999997,0.05
1204,0.8975000000000001,0.05
1205,0.99,0.05
1206,-0.5574999999999994,0.05
1207,-0.2162499999999994,0.05
1208,0.5499999999999998,0.05
1209,1.19875,0.05
1210,0.7762499999999999,0.05
1211,0.27874999999999983,0.05
1212,-0.7962499999999997,0.05
1213,-0.27624999999999944,0.05
1214,0.855,0.05
1215,0.03375000000000017,0.05
1216,0.93,0.05
1217,0.4837499999999997,0.05
1218,1.2737500000000002,0.05
1219,0.6299999999999998,0.05
1220,-0.051249999999999796,0.05
1221,0.4874999999999998,0.05
1222,1.1600000000000001,0.05
1223,0.9887500000000001,0.05
1224,0.43874999999999975,0.05
1225,0.1499999999999999,0.05
1226,-0.3924999999999994,0.05
1227,0.9325000000000001,0.05
1228,0.8225,0.05
1229,0.935,0.05
1230,0.93,0.05
1231,0.99,0.05
1232,-2.7237500000000003,0.05
1233,0.8825000000000001,0.05
1234,0.80125,0.05
1235,0.935,0.05
1236,0.865,0.05
1237,1.15375,0.05
1238,0.7299999999999999,0.05
1239,1.1612500000000001,0.05
1240,0.5062499999999998,0.05
1241,1.4625000000000001,0.05
1242,0.4149999999999996,0.05
1243,1.2937500000000002,0.05
1244,0.6912499999999999,0.05
1245,1.18625,0.05
1246,0.3587499999999997,0.05
1247,0.7849999999999999,0.05
1248,1.0050000000000001,0.05
1249,1.175,0.05
1250,0.11125000000000007,0.05
1251,0.5624999999999998,0.05
1252,1.09,0.05
1253,0.20999999999999996,0.05
1254,0.9750000000000001,0.05
1255,1.2737500000000002,0.05
1256,0.4012499999999999,0.05
1257,1.0425,0.05
1258,1.185,0.05
1259,-3.002500000000001,0.05
1260,0.43374999999999964,0.05
1261,0.825,0.05
1262,0.5299999999999997,0.05
1263,1.02125,0.05
1264,0.5512499999999998,0.05
1265,1.16625,0.05
1266,1.28125,0.05
1267,0.7274999999999999,0.05
1268,1.38625,0.05
1269,0.6287499999999998,0.05
1270,-0.5499999999999998,0.05
1271,-2.900000000000001,0.05
1272,0.935,0.05
1273,1.18625,0.05
1274,0.87375,0.05
1275,0.5937499999999998,0.05
1276,0.8875,0.05
1277,0.14124999999999988,0.05
1278,-1.0450000000000006,0.05
1279,-2.912500000000001,0.05
1280,0.47499999999999976,0.05
1281,1.06875,0.05
1282,0.9125000000000001,0.05
1283,0.9425000000000001,0.05
1284,1.20375,0.05
1285,0.9475,0.05
1286,0.41624999999999956,0.05
1287,1.215,0.05
1288,0.7575000000000001,0.05
1289,1.085,0.05
1290,0.935,0.05
1291,0.8350000000000001,0.05
1292,0.93,0.05
1293,0.7875,0.05
1294,1.13375,0.05
1295,-0.8362499999999995,0.05
1296,0.7324999999999999,0.05
1297,1.0775000000000001,0.05
1298,0.5999999999999998,0.05
1299,1.1,0.05
1300,0.12749999999999995,0.05
1301,0.5574999999999997,0.05
1302,1.0762500000000002,0.05
1303,0.7250000000000001,0.05
1304,0.96625,0.05
1305,-0.87375,0.05
1306,0.40124999999999966,0.05
1307,0.9975,0.05
1308,1.29875,0.05
1309,-0.845,0.05
1310,1.14375,0.05
1311,0.3274999999999999,0.05
1312,-0.9200000000000002,0.05
1313,0.5399999999999997,0.05
1314,-2.900000000000001,0.05
1315,1.10125,0.05
1316,-2.7737500000000006,0.05
1317,0.06000000000000005,0.05
1318,0.6162499999999999,0.05
1319,0.4837499999999997,0.05
1320,-1.156250000000001,0.05
1321,0.86125,0.05
1322,0.79875,0.05
1323,0.43249999999999966,0.05
1324,1.1725,0.05
1325,-0.07999999999999985,0.05
1326,-2.881250000000001,0.05
1327,0.48499999999999965,0.05
1328,1.215,0.05
1329,0.5849999999999997,0.05
1330,1.1475,0.05
1331,1.13125,0.05
1332,0.5574999999999999,0.05
1333,0.6299999999999998,0.05
1334,1.245,0.05
1335,1.09,0.05
1336,1.135,0.05
1337,0.6437499999999998,0.05
1338,0.9650000000000001,0.05
1339,1.19625,0.05
1340,-0.36874999999999947,0.05
1341,0.4037499999999996,0.05
1342,0.8725,0.05
1343,0.90625,0.05
1344,0.8125,0.05
1345,0.8912500000000001,0.05
1346,1.2925,0.05
1347,1.0750000000000002,0.05
1348,1.2175,0.05
1349,0.9962500000000001,0.05
1350,0.71375,0.05
1351,0.83,0.05
1352,1.5362500000000001,0.05
1353,1.07,0.05
1354,1.345,0.05
1355,1.135,0.05
1356,0.99,0.05
1357,1.5175,0.05
1358,0.4987499999999997,0.05
1359,0.89875,0.05
1360,1.155,0.05
1361,0.96125,0.05
1362,0.2687499999999998,0.05
1363,0.5674999999999998,0.05
1364,0.825,0.05
1365,1.2225000000000001,0.05
1366,0.9700000000000001,0.05
1367,0.04750000000000032,0.05
1368,1.5037500000000001,0.05
1369,1.18625,0.05
1370,0.26125,0.05
1371,1.135,0.05
1372,-2.862500000000001,0.05
1373,-1.0375000000000003,0.05
1374,1.165,0.05
1375,0.2549999999999999,0.05
1376,1.555,0.05
1377,-2.8125000000000004,0.05
1378,1.08,0.05
1379,0.6812499999999999,0.05
1380,0.94625,0.05
1381,1.11625,0.05
1382,1.0450000000000002,0.05
1383,1.25,0.05
1384,0.32499999999999973,0.05
1385,1.18875,0.05
1386,0.7087499999999999,0.05
1387,0.8225,0.05
1388,0.5012499999999998,0.05
1389,1.185,0.05
1390,1.1612500000000001,0.05
1391,1.25,0.05
1392,0.9087500000000001,0.05
1393,0.6699999999999998,0.05
1394,1.21625,0.05
1395,0.6149999999999999,0.05
1396,0.71,0.05
1397,1.2725000000000002,0.05
1398,1.07625,0.05
1399,1.0825,0.05
1400,0.5549999999999997,0.05
1401,0.9975,0.05
1402,0.84125,0.05
1403,1.2625000000000002,0.05
1404,0.6362499999999998,0.05
1405,-0.06249999999999978,0.05
1406,1.1675,0.05
1407,0.06500000000000017,0.05
1408,0.96125,0.05
1409,1.45875,0.05
1410,-0.2524999999999997,0.05
1411,0.92,0.05
1412,0.6049999999999998,0.05
1413,-0.5624999999999998,0.05
1414,1.3787500000000001,0.05
1415,1.3675000000000002,0.05
1416,1.3125,0.05
1417,0.9887500000000001,0.05
1418,0.6899999999999998,0.05
1419,1.185,0.05
1420,1.1912500000000001,0.05
1421,1.2312500000000002,0.05
1422,0.7087499999999999,0.05
1423,1.2175,0.05
1424,0.8375,0.05
1425,0.6949999999999998,0.05
1426,1.1,0.05
1427,0.9175000000000001,0.05
1428,1.245,0.05
1429,0.81875,0.05
1430,0.875,0.05
1431,0.5187499999999998,0.05
1432,0.6274999999999998,0.05
1433,1.36375,0.05
1434,0.82,0.05
1435,0.3949999999999998,0.05
1436,0.6962499999999998,0.05
1437,0.855,0.05
1438,0.8062499999999999,0.05
1439,0.81875,0.05
1440,0.3474999999999999,0.05
1441,1.0075,0.05
1442,0.96,0.05
1443,0.97875,0.05
1444,1.5125000000000002,0.05
1445,0.7825,0.05
1446,0.6974999999999999,0.05
1447,1.07,0.05
1448,1.0275,0.05
1449,-0.004999999999999893,0.05
1450,0.935,0.05
1451,0.8062499999999999,0.05
1452,1.0975000000000001,0.05
1453,1.2437500000000001,0.05
1454,0.8975,0.05
1455,-0.5312499999999987,0.05
1456,0.82875,0.05
1457,1.2225000000000001,0.05
1458,0.9550000000000001,0.05
1459,0.8225,0.05
1460,1.03125,0.05
1461,0.9287500000000001,0.05
1462,1.155,0.05
1463,0.7699999999999999,0.05
1464,1.1675,0.05
1465,1.2225000000000001,0.05
1466,1.2087500000000002,0.05
1467,1.4575,0.05
1468,1.09375,0.05
1469,1.09375,0.05
1470,0.8675,0.05
1471,1.0562500000000001,0.05
1472,0.9512500000000002,0.05
1473,1.3800000000000001,0.05
1474,0.5999999999999998,0.05
1475,0.9937500000000001,0.05
1476,0.5237499999999997,0.05
1477,0.875,0.05
1478,0.6912499999999998,0.05
1479,1.34125,0.05
1480,-0.3574999999999995,0.05
1481,0.8125,0.05
1482,0.9962500000000001,0.05
1483,0.90375,0.05
1484,0.7437499999999999,0.05
1485,-0.026249999999999885,0.05
1486,0.84875,0.05
1487,1.35375,0.05
1488,1.105,0.05
1489,0.7849999999999999,0.05
1490,1.1500000000000001,0.05
1491,1.31,0.05
1492,0.82,0.05
1493,0.7962499999999999,0.05
1494,-0.9100000000000004,0.05
1495,0.6987499999999999,0.05
1496,1.20375,0.05
1497,0.3424999999999998,0.05
1498,1.07875,0.05
1499,0.43500000000000005,0.05
1500,1.1125,0.05
1501,0.03374999999999995,0.05
1502,1.12125,0.05
1503,-0.6224999999999994,0.05
1504,1.0025,0.05
1505,1.09375,0.05
1506,1.115,0.05
1507,1.0137500000000002,0.05
1508,0.6362499999999998,0.05
1509,0.935,0.05
1510,1.5274999999999999,0.05
1511,1.0325000000000002,0.05
1512,1.10125,0.05
1513,1.3137500000000002,0.05
1514,1.07625,0.05
1515,0.82375,0.05
1516,1.31375,0.05
1517,1.2650000000000001,0.05
1518,0.93,0.05
1519,0.9875,0.05
1520,1.0837500000000002,0.05
1521,-2.8562500000000006,0.05
1522,0.9325000000000001,0.05
1523,0.36624999999999974,0.05
1524,0.97,0.05
1525,-0.012499999999999956,0.05
1526,1.0562500000000001,0.05
1527,1.07375,0.05
1528,0.9850000000000001,0.05
1529,1.1375000000000002,0.05
1530,0.4937499999999997,0.05
1531,0.5874999999999998,0.05
1532,1.0037500000000001,0.05
1533,1.4500000000000002,0.05
1534,1.15375,0.05
1535,1.375,0.05
1536,0.85625,0.05
1537,1.45875,0.05
1538,1.32,0.05
1539,1.235,0.05
1540,1.4675,0.05
1541,0.7862499999999999,0.05
1542,0.8049999999999999,0.05
1543,1.06875,0.05
1544,0.11999999999999988,0.05
1545,0.9287500000000001,0.05
1546,0.765,0.05
1547,0.96125,0.05
1548,0.2749999999999999,0.05
1549,0.725,0.05
1550,-2.8250000000000006,0.05
1551,0.3162499999999999,0.05
1552,0.855,0.05
1553,1.3062500000000001,0.05
1554,0.6287499999999998,0.05
1555,1.095,0.05
1556,0.9375,0.05
1557,0.6937499999999999,0.05
1558,0.9587500000000001,0.05
1559,0.8200000000000001,0.05
1560,0.9162500000000001,0.05
1561,0.6212499999999999,0.05
1562,0.875,0.05
1563,0.7575,0.05
1564,0.25624999999999987,0.05
1565,0.6812499999999998,0.05
1566,0.7999999999999999,0.05
1567,1.2650000000000001,0.05
1568,0.7874999999999999,0.05
1569,0.30874999999999986,0.05
1570,0.97875,0.05
1571,0.5312499999999997,0.05
1572,1.215,0.05
1573,0.6299999999999998,0.05
1574,1.1300000000000001,0.05
1575,0.14625,0.05
1576,0.6599999999999998,0.05
1577,1.1475,0.05
1578,1.12625,0.05
1579,1.0625,0.05
1580,0.8012499999999999,0.05
1581,-0.023749999999999494,0.05
1582,1.22125,0.05
1583,-0.14624999999999977,0.05
1584,1.02125,0.05
1585,0.8975000000000001,0.05
1586,1.1887500000000002,0.05
1587,-2.7375000000000007,0.05
1588,1.0025,0.05
1589,-0.061249999999999805,0.05
1590,0.9850000000000001,0.05
1591,1.2,0.05
1592,-2.850000000000001,0.05
1593,1.0525,0.05
1594,0.7074999999999999,0.05
1595,0.91,0.05
1596,1.135,0.05
1597,0.14250000000000007,0.05
1598,1.53125,0.05
1599,1.07625,0.05
1600,0.08999999999999986,0.05
1601,0.6299999999999998,0.05
1602,0.6837499999999999,0.05
1603,0.825,0.05
1604,0.9700000000000001,0.05
1605,0.86125,0.05
1606,1.19375,0.05
1607,0.4087499999999997,0.05
1608,1.27625,0.05
1609,1.08125,0.05
1610,0.9837500000000001,0.05
1611,0.5674999999999998,0.05
1612,1.23625,0.05
1613,0.7574999999999998,0.05
1614,1.15375,0.05
1615,1.215,0.05
1616,0.7299999999999999,0.05
1617,1.07375,0.05
1618,0.78875,0.05
1619,1.1,0.05
1620,0.8425,0.05
1621,0.8249999999999998,0.05
1622,0.7324999999999999,0.05
1623,1.0237500000000002,0.05
1624,0.9475,0.05
1625,1.2737500000000002,0.05
1626,0.47999999999999965,0.05
1627,1.53625,0.05
1628,1.10125,0.05
1629,0.5587499999999997,0.05
1630,-2.7500000000000004,0.05
1631,-0.11624999999999974,0.05
1632,0.24499999999999988,0.05
1633,-0.16749999999999954,0.05
1634,-0.7574999999999996,0.05
1635,0.895,0.05
1636,1.36375,0.05
1637,1.0137500000000002,0.05
1638,1.2012500000000002,0.05
1639,1.3037500000000002,0.05
1640,1.2175,0.05
1641,0.6249999999999999,0.05
1642,0.3637499999999998,0.05
1643,0.4362499999999996,0.05
1644,1.08,0.05
1645,-0.08249999999999957,0.05
1646,-1.1012500000000005,0.05
1647,0.20124999999999993,0.05
1648,1.0575,0.05
1649,1.17,0.05
1650,0.20750000000000002,0.05
1651,1.4175,0.05
1652,1.1875,0.05
1653,0.765,0.05
1654,1.1625,0.05
1655,0.5999999999999998,0.05
1656,1.135,0.05
1657,1.0237500000000002,0.05
1658,0.94625,0.05
1659,1.26625,0.05
1660,1.13125,0.05
1661,1.02125,0.05
1662,1.02,0.05
1663,0.6937499999999999,0.05
1664,-0.6974999999999996,0.05
1665,1.155,0.05
1666,0.8062499999999999,0.05
1667,-2.948750000000001,0.05
1668,0.3637499999999998,0.05
1669,0.5799999999999997,0.05
1670,0.8062499999999999,0.05
1671,0.9837500000000001,0.05
1672,0.915,0.05
1673,1.2775,0.05
1674,1.18375,0.05
1675,0.86125,0.05
1676,1.08125,0.05
1677,0.7512499999999999,0.05
1678,0.9525000000000001,0.05
1679,1.01875,0.05
1680,0.8425,0.05
1681,0.7687499999999999,0.05
1682,1.27625,0.05
1683,0.9512500000000002,0.05
1684,0.41624999999999956,0.05
1685,1.2175,0.05
1686,1.04,0.05
1687,0.8900000000000001,0.05
1688,0.9650000000000001,0.05
1689,0.9837500000000001,0.05
1690,1.435,0.05
1691,0.9325000000000001,0.05
1692,0.915,0.05
1693,0.15124999999999988,0.05
1694,0.6399999999999998,0.05
1695,0.7875,0.05
1696,1.0550000000000002,0.05
1697,0.90375,0.05
1698,0.6587499999999998,0.05
1699,0.6425,0.05
1700,0.87875,0.05
1701,0.9975,0.05
1702,0.9337500000000001,0.05
1703,0.7274999999999999,0.05
1704,0.925,0.05
1705,1.08,0.05
1706,1.24,0.05
1707,0.9325,0.05
1708,1.13625,0.05
1709,1.1487500000000002,0.05
1710,1.14375,0.05
1711,1.37125,0.05
1712,0.86875,0.05
1713,1.11,0.05
1714,0.5674999999999998,0.05
1715,0.6162499999999999,0.05
1716,0.9825000000000002,0.05
1717,1.20375,0.05
1718,0.6024999999999998,0.05
1719,1.07375,0.05
1720,0.7875,0.05
1721,0.90375,0.05
1722,1.01875,0.05
1723,0.9925,0.05
1724,0.9475,0.05
1725,0.26124999999999976,0.05
1726,0.7212499999999998,0.05
1727,0.7699999999999999,0.05
1728,1.0525,0.05
1729,1.1225,0.05
1730,1.145,0.05
1731,1.2550000000000001,0.05
1732,1.30875,0.05
1733,1.22625,0.05
1734,1.08875,0.05
1735,1.29875,0.05
1736,1.12375,0.05
1737,0.9425,0.05
1738,0.9875,0.05
1739,0.7749999999999999,0.05
1740,0.9425,0.05
1741,0.96625,0.05
1742,0.8350000000000001,0.05
1743,0.8975000000000001,0.05
1744,0.88,0.05
1745,0.90375,0.05
1746,1.435,0.05
1747,1.0375,0.05
1748,1.02,0.05
1749,0.5824999999999998,0.05
1750,1.105,0.05
1751,1.1125,0.05
1752,1.2962500000000001,0.05
1753,1.1625,0.05
1754,1.0525,0.05
1755,0.93625,0.05
1756,0.6174999999999998,0.05
1757,1.26,0.05
1758,1.22125,0.05
1759,1.07,0.05
1760,0.9650000000000001,0.05
1761,0.71875,0.05
1762,1.1712500000000001,0.05
1763,0.5999999999999998,0.05
1764,1.0462500000000001,0.05
1765,1.27625,0.05
1766,1.095,0.05
1767,1.2075,0.05
1768,1.2637500000000002,0.05
1769,1.01625,0.05
1770,1.1287500000000001,0.05
1771,0.5262499999999998,0.05
1772,0.8049999999999999,0.05
1773,1.1262500000000002,0.05
1774,0.855,0.05
1775,0.8062499999999999,0.05
1776,0.89,0.05
1777,0.6487499999999998,0.05
1778,0.8925000000000001,0.05
1779,-2.965000000000001,0.05
1780,1.05125,0.05
1781,0.78625,0.05
1782,1.07375,0.05
1783,1.155,0.05
1784,1.0450000000000002,0.05
1785,1.0525000000000002,0.05
1786,0.93,0.05
1787,1.13625,0.05
1788,0.6687499999999998,0.05
1789,1.35,0.05
1790,0.5137499999999997,0.05
1791,1.0250000000000001,0.05
1792,1.355,0.05
1793,1.2475,0.05
1794,1.1525,0.05
1795,0.935,0.05
1796,1.355,0.05
1797,0.935,0.05
1798,1.08125,0.05
1799,0.84125,0.05
1800,0.7700000000000001,0.05
1801,0.935,0.05
1802,0.99,0.05
1803,1.27125,0.05
1804,0.93625,0.05
1805,0.9500000000000001,0.05
1806,0.9500000000000001,0.05
1807,0.7925,0.05
1808,1.51375,0.05
1809,1.03,0.05
1810,1.17875,0.05
1811,1.2575,0.05
1812,1.03875,0.05
1813,1.1525,0.05
1814,0.91625,0.05
1815,1.2075,0.05
1816,0.7324999999999999,0.05
1817,1.0925,0.05
1818,1.095,0.05
1819,1.25,0.05
1820,1.06125,0.05
1821,1.0437500000000002,0.05
1822,0.9400000000000001,0.05
1823,1.18125,0.05
1824,1.1425,0.05
1825,0.96875,0.05
1826,0.9512500000000002,0.05
1827,0.7462499999999999,0.05
1828,0.82625,0.05
1829,1.25,0.05
1830,0.825,0.05
1831,0.65375,0.05
1832,1.085,0.05
1833,1.04,0.05
1834,1.2750000000000001,0.05
1835,0.9687500000000001,0.05
1836,0.925,0.05
1837,0.9525000000000001,0.05
1838,1.37125,0.05
1839,1.06,0.05
1840,1.0625,0.05
1841,0.9837500000000001,0.05
1842,1.0350000000000001,0.05
1843,1.0975000000000001,0.05
1844,1.08,0.05
1845,1.07125,0.05
1846,1.1675,0.05
1847,0.4087499999999997,0.05
1848,1.08,0.05
1849,-3.490000000000002,0.05
1850,0.9525000000000001,0.05
1851,0.91,0.05
1852,1.0350000000000001,0.05
1853,1.405,0.05
1854,1.44,0.05
1855,0.9825000000000002,0.05
1856,1.02,0.05
1857,1.185,0.05
1858,1.06,0.05
1859,-3.8574999999999995,0.05
1860,0.8350000000000001,0.05
1861,1.0925,0.05
1862,0.6912499999999999,0.05
1863,0.9475,0.05
1864,1.07,0.05
1865,0.925,0.05
1866,1.2625000000000002,0.05
1867,1.31,0.05
1868,1.135,0.05
1869,0.9687500000000001,0.05
1870,1.0250000000000001,0.05
1871,1.24625,0.05
1872,0.4299999999999997,0.05
1873,1.01125,0.05
1874,0.7599999999999999,0.05
1875,1.195,0.05
1876,0.1962499999999998,0.05
1877,1.08,0.05
1878,1.0437500000000002,0.05
1879,1.0550000000000002,0.05
1880,1.21875,0.05
1881,1.07125,0.05
1882,0.7324999999999999,0.05
1883,1.2537500000000001,0.05
1884,1.4825000000000002,0.05
1885,0.46499999999999964,0.05
1886,1.5075,0.05
1887,1.42625,0.05
1888,1.2962500000000001,0.05
1889,1.11625,0.05
1890,1.0450000000000002,0.05
1891,0.9875,0.05
1892,1.27875,0.05
1893,1.07625,0.05
1894,-0.06125000000000003,0.05
1895,1.1487500000000002,0.05
1896,0.81875,0.05
1897,-0.8950000000000002,0.05
1898,0.68375,0.05
1899,1.0462500000000001,0.05
1900,1.3625,0.05
1901,1.20375,0.05
1902,1.1912500000000001,0.05
1903,0.825,0.05
1904,0.1812499999999999,0.05
1905,0.8925000000000001,0.05
1906,1.395,0.05
1907,1.09,0.05
1908,1.02125,0.05
1909,0.5424999999999998,0.05
1910,0.9512500000000002,0.05
1911,1.1475,0.05
1912,1.02125,0.05
1913,1.31125,0.05
1914,1.1712500000000001,0.05
1915,0.7274999999999999,0.05
1916,0.8662500000000001,0.05
1917,1.2725000000000002,0.05
1918,1.4000000000000001,0.05
1919,1.02,0.05
1920,1.27125,0.05
1921,1.09,0.05
1922,1.0550000000000002,0.05
1923,1.22625,0.05
1924,1.4937500000000001,0.05
1925,1.1175000000000002,0.05
1926,0.9675,0.05
1927,-0.7274999999999998,0.05
1928,1.0025,0.05
1929,0.2437499999999999,0.05
1930,1.0987500000000001,0.05
1931,1.0325000000000002,0.05
1932,0.8062499999999999,0.05
1933,1.0662500000000001,0.05
1934,1.31375,0.05
1935,1.1975,0.05
1936,1.35,0.05
1937,0.2912499999999998,0.05
1938,1.1175000000000002,0.05
1939,1.44,0.05
1940,1.1712500000000001,0.05
1941,0.9600000000000001,0.05
1942,1.0575,0.05
1943,1.155,0.05
1944,1.095,0.05
1945,-0.1699999999999997,0.05
1946,1.4000000000000001,0.05
1947,1.26375,0.05
1948,0.85125,0.05
1949,1.1400000000000001,0.05
1950,0.96125,0.05
1951,1.00625,0.05
1952,1.0625,0.05
1953,1.2825000000000002,0.05
1954,1.11125,0.05
1955,0.87,0.05
1956,1.5274999999999999,0.05
1957,0.7324999999999999,0.05
1958,0.7587499999999999,0.05
1959,1.0562500000000001,0.05
1960,0.9850000000000001,0.05
1961,0.0787500000000001,0.05
1962,-0.04249999999999976,0.05
1963,0.9525000000000001,0.05
1964,0.96125,0.05
1965,1.1600000000000001,0.05
1966,1.11625,0.05
1967,0.6174999999999998,0.05
1968,0.7149999999999999,0.05
1969,-0.925,0.05
1970,1.06125,0.05
1971,1.26375,0.05
1972,0.86,0.05
1973,0.9875,0.05
1974,0.5649999999999997,0.05
1975,1.14375,0.05
1976,0.80375,0.05
1977,0.7137499999999999,0.05
1978,0.82,0.05
1979,1.1625,0.05
1980,-2.850000000000001,0.05
1981,0.10250000000000004,0.05
1982,1.2000000000000002,0.05
1983,1.1675,0.05
1984,0.6199999999999998,0.05
1985,0.6237499999999998,0.05
1986,0.8900000000000001,0.05
1987,0.82,0.05
1988,1.2525,0.05
1989,1.24,0.05
1990,0.915,0.05
1991,0.8049999999999999,0.05
1992,1.0,0.05
1993,1.0575,0.05
1994,0.3637499999999998,0.05
1995,1.1725,0.05
1996,1.44875,0.05
1997,1.27875,0.05
1998,1.1500000000000001,0.05
1999,1.12375,0.05
2000,-2.6550000000000007,0.05
2001,0.6724999999999999,0.05
2002,0.9325000000000001,0.05
2003,0.87375,0.05
2004,1.25,0.05
2005,1.415,0.05
2006,0.87875,0.05
2007,1.0825,0.05
2008,0.815,0.05
2009,0.905,0.05
2010,1.1900000000000002,0.05
2011,1.06875,0.05
2012,0.7049999999999998,0.05
2013,0.7549999999999999,0.05
2014,1.22625,0.05
2015,0.9962500000000001,0.05
2016,-2.8312500000000007,0.05
2017,1.0012500000000002,0.05
2018,1.3575000000000002,0.05
2019,1.0612500000000002,0.05
2020,1.15375,0.05
2021,-0.3924999999999994,0.05
2022,0.8375,0.05
2023,1.04,0.05
2024,1.145,0.05
2025,0.7525,0.05
2026,1.02125,0.05
2027,0.9475,0.05
2028,0.6337499999999998,0.05
2029,0.815,0.05
2030,1.2300000000000002,0.05
2031,0.7875,0.05
2032,1.205,0.05
2033,0.98875,0.05
2034,0.9475,0.05
2035,0.43874999999999975,0.05
2036,1.0575,0.05
2037,1.17375,0.05
2038,0.9500000000000001,0.05
2039,1.5499999999999998,0.05
2040,1.135,0.05
2041,0.9512500000000002,0.05
2042,1.15375,0.05
2043,0.9237500000000001,0.05
2044,1.1,0.05
2045,1.10125,0.05
2046,0.2912499999999998,0.05
2047,0.78625,0.05
2048,1.29,0.05
2049,0.7087499999999999,0.05
2050,0.78375,0.05
2051,1.1125,0.05
2052,1.045,0.05
2053,1.29125,0.05
2054,0.7825,0.05
2055,0.9775,0.05
2056,1.28875,0.05
2057,0.3749999999999998,0.05
2058,1.3675000000000002,0.05
2059,1.1300000000000001,0.05
2060,-2.63125,0.05
2061,0.78,0.05
2062,0.13749999999999996,0.05
2063,1.06125,0.05
2064,0.8862500000000001,0.05
2065,0.9637500000000001,0.05
2066,1.2775,0.05
2067,-1.0500000000000005,0.05
2068,1.0250000000000001,0.05
2069,1.185,0.05
2070,1.185,0.05
2071,0.8425,0.05
2072,-2.9125000000000005,0.05
2073,1.1800000000000002,0.05
2074,1.18875,0.05
2075,0.9550000000000001,0.05
2076,1.02625,0.05
2077,0.7775,0.05
2078,1.3362500000000002,0.05
2079,-0.4587499999999993,0.05
2080,1.1262500000000002,0.05
2081,1.235,0.05
2082,0.016250000000000098,0.05
2083,1.0875000000000001,0.05
2084,1.1,0.05
2085,1.0012500000000002,0.05
2086,1.08125,0.05
2087,0.3487499999999999,0.05
2088,0.6037499999999998,0.05
2089,0.82375,0.05
2090,0.8425,0.05
2091,1.0825,0.05
2092,0.8125,0.05
2093,1.1275,0.05
2094,0.655,0.05
2095,-2.830000000000001,0.05
2096,0.5487499999999998,0.05
2097,0.91125,0.05
2098,1.06125,0.05
2099,0.5874999999999998,0.05
2100,0.5187499999999997,0.05
2101,0.9637500000000001,0.05
2102,1.01375,0.05
2103,-2.837500000000001,0.05
2104,0.925,0.05
2105,-2.9562500000000003,0.05
2106,-2.8312500000000007,0.05
2107,1.0425,0.05
2108,-2.8225000000000002,0.05
2109,0.6787499999999999,0.05
2110,-2.798750000000001,0.05
2111,1.02,0.05
2112,1.09375,0.05
2113,1.2750000000000001,0.05
2114,-2.942500000000001,0.05
2115,0.9950000000000001,0.05
2116,-2.8500000000000014,0.05
2117,1.19875,0.05
2118,0.6212499999999999,0.05
2119,0.1100000000000001,0.05
2120,0.9900000000000001,0.05
2121,1.125,0.05
2122,1.49875,0.05
2123,-0.2312499999999995,0.05
2124,0.825,0.05
2125,-2.7187500000000004,0.05
2126,0.8324999999999999,0.05
2127,0.85875,0.05
2128,1.0950000000000002,0.05
2129,1.1800000000000002,0.05
2130,-2.8987499999999997,0.05
2131,0.09125000000000005,0.05
2132,1.06125,0.05
2133,-0.24124999999999952,0.05
2134,-3.1300000000000003,0.05
2135,0.9512500000000002,0.05
2136,-0.8987499999999999,0.05
2137,1.04,0.05
2138,1.1712500000000001,0.05
2139,1.08,0.05
2140,1.0187500000000003,0.05
2141,0.15874999999999995,0.05
2142,-2.8112500000000007,0.05
2143,1.4412500000000001,0.05
2144,-3.1074999999999995,0.05
2145,1.0437500000000002,0.05
2146,0.5662499999999998,0.05
2147,1.13125,0.05
2148,0.6537499999999998,0.05
2149,0.99,0.05
2150,-3.181249999999999,0.05
2151,0.7124999999999999,0.05
2152,0.7462499999999999,0.05
2153,1.1887500000000002,0.05
2154,1.08125,0.05
2155,0.9837500000000001,0.05
2156,1.105,0.05
2157,0.8425,0.05
2158,0.7849999999999999,0.05
2159,0.6587499999999998,0.05
2160,0.7149999999999999,0.05
2161,0.9712500000000001,0.05
2162,1.28,0.05
2163,0.98875,0.05
2164,-2.9800000000000013,0.05
2165,1.0562500000000001,0.05
2166,0.935,0.05
2167,1.00875,0.05
2168,1.37125,0.05
2169,0.21999999999999997,0.05
2170,0.5849999999999997,0.05
2171,0.2024999999999999,0.05
2172,0.9087500000000001,0.05
2173,-2.862500000000001,0.05
2174,0.4212499999999997,0.05
2175,0.9712500000000001,0.05
2176,1.155,0.05
2177,1.1887500000000002,0.05
2178,1.1625,0.05
2179,1.1487500000000002,0.05
2180,1.27625,0.05
2181,1.1487500000000002,0.05
2182,0.87,0.05
2183,0.7087499999999999,0.05
2184,1.4937500000000001,0.05
2185,1.08125,0.05
2186,1.33375,0.05
2187,1.0075,0.05
2188,0.8900000000000001,0.05
2189,1.13625,0.05
2190,0.9550000000000001,0.05
2191,-2.825000000000001,0.05
2192,0.9600000000000001,0.05
2193,0.8975000000000001,0.05
2194,1.00625,0.05
2195,1.02625,0.05
2196,1.555,0.05
2197,1.17875,0.05
2198,1.03125,0.05
2199,1.1600000000000001,0.05
2200,1.0137500000000002,0.05
2201,0.37999999999999967,0.05
2202,1.1500000000000001,0.05
2203,0.2649999999999999,0.05
2204,1.15,0.05
2205,1.20875,0.05
2206,0.6799999999999999,0.05
2207,-0.07374999999999976,0.05
2208,0.9175,0.05
2209,0.71,0.05
2210,1.3575000000000002,0.05
2211,-0.1387499999999997,0.05
2212,0.6912499999999998,0.05
2213,0.25749999999999984,0.05
2214,1.13375,0.05
2215,1.0550000000000002,0.05
2216,-2.7375000000000007,0.05
2217,0.78875,0.05
2218,1.245,0.05
2219,-0.3887499999999995,0.05
2220,0.8975000000000001,0.05
2221,1.2175,0.05
2222,0.9700000000000001,0.05
2223,0.83625,0.05
2224,0.9512500000000002,0.05
2225,1.33125,0.05
2226,1.00625,0.05
2227,1.0550000000000002,0.05
2228,1.2200000000000002,0.05
2229,-0.7437499999999992,0.05
2230,1.0425,0.05
2231,0.5912499999999999,0.05
2232,1.00625,0.05
2233,-0.5737499999999993,0.05
2234,1.3800000000000001,0.05
2235,-2.7987500000000005,0.05
2236,1.00625,0.05
2237,1.3175000000000001,0.05
2238,1.26625,0.05
2239,0.9250000000000002,0.05
2240,1.18375,0.05
2241,-0.7987499999999994,0.05
2242,1.475,0.05
2243,-0.17124999999999968,0.05
2244,1.1525,0.05
2245,0.9687500000000001,0.05
2246,1.245,0.05
2247,1.15625,0.05
2248,-2.8874999999999997,0.05
2249,1.2275,0.05
2250,1.0125000000000002,0.05
2251,1.00625,0.05
2252,1.1525,0.05
2253,1.0012500000000002,0.05
2254,0.6974999999999999,0.05
2255,1.1625,0.05
2256,1.0750000000000002,0.05
2257,1.225,0.05
2258,1.235,0.05
2259,1.2850000000000001,0.05
2260,0.9237500000000001,0.05
2261,1.145,0.05
2262,0.91625,0.05
2263,1.4900000000000002,0.05
2264,1.2625000000000002,0.05
2265,0.8625,0.05
2266,0.9287500000000001,0.05
2267,1.0750000000000002,0.05
2268,0.8425,0.05
2269,1.20375,0.05
2270,0.9700000000000001,0.05
2271,0.9675000000000001,0.05
2272,0.016250000000000098,0.05
2273,-0.3887499999999995,0.05
2274,-2.958749999999999,0.05
2275,-3.2149999999999994,0.05
2276,1.2000000000000002,0.05
2277,0.82625,0.05
2278,-1.3662499999999993,0.05
2279,-0.3637499999999996,0.05
2280,0.7499999999999999,0.05
2281,0.6437499999999998,0.05
2282,1.07125,0.05
2283,1.25875,0.05
2284,0.8425,0.05
2285,0.90375,0.05
2286,1.2225000000000001,0.05
2287,1.1525,0.05
2288,0.855,0.05
2289,-2.7699999999999996,0.05
2290,0.7462499999999999,0.05
2291,1.1800000000000002,0.05
2292,0.84375,0.05
2293,1.08125,0.05
2294,-0.6049999999999993,0.05
2295,-0.3299999999999994,0.05
2296,0.7299999999999999,0.05
2297,0.895,0.05
2298,1.1675,0.05
2299,1.0987500000000001,0.05
2300,1.54125,0.05
2301,0.6012499999999997,0.05
2302,0.43374999999999964,0.05
2303,1.165,0.05
2304,0.14749999999999996,0.05
2305,1.4225,0.05
2306,0.6937499999999999,0.05
2307,-2.6750000000000003,0.05
2308,1.2575,0.05
2309,0.7737499999999999,0.05
2310,0.1412500000000001,0.05
2311,1.11125,0.05
2312,1.3325,0.05
2313,0.7875,0.05
2314,0.59875,0.05
2315,0.6412499999999998,0.05
2316,1.4900000000000002,0.05
2317,0.29874999999999985,0.05
2318,1.08875,0.05
2319,1.35,0.05
2320,0.8200000000000001,0.05
2321,0.87375,0.05
2322,0.6887499999999999,0.05
2323,0.94125,0.05
2324,1.09625,0.05
2325,0.82375,0.05
2326,0.8837499999999999,0.05
2327,1.135,0.05
2328,-0.3724999999999994,0.05
2329,1.1487500000000002,0.05
2330,1.1875,0.05
2331,1.08,0.05
2332,1.0562500000000001,0.05
2333,0.7875,0.05
2334,1.35375,0.05
2335,1.06,0.05
2336,0.27374999999999994,0.05
2337,1.0437500000000002,0.05
2338,1.2650000000000001,0.05
2339,1.3887500000000002,0.05
2340,1.22625,0.05
2341,1.0050000000000001,0.05
2342,1.0350000000000001,0.05
2343,0.745,0.05
2344,-0.6449999999999994,0.05
2345,1.09375,0.05
2346,1.2325000000000002,0.05
2347,0.6974999999999999,0.05
2348,1.2175,0.05
2349,1.2775,0.05
2350,1.1475,0.05
2351,1.2175,0.05
2352,0.6449999999999998,0.05
2353,-0.7337499999999999,0.05
2354,0.8975000000000001,0.05
2355,0.3462499999999997,0.05
2356,-2.885000000000001,0.05
2357,0.9850000000000001,0.05
2358,1.31875,0.05
2359,0.73,0.05
2360,0.9925,0.05
2361,1.02,0.05
2362,0.6724999999999999,0.05
2363,1.34,0.05
2364,0.6537499999999998,0.05
2365,1.03,0.05
2366,1.00625,0.05
2367,0.4524999999999998,0.05
2368,0.9875,0.05
2369,0.7149999999999999,0.05
2370,0.43374999999999964,0.05
2371,0.9687500000000001,0.05
2372,0.2912499999999998,0.05
2373,0.5649999999999998,0.05
2374,1.3275000000000001,0.05
2375,-2.7600000000000007,0.05
2376,0.35624999999999973,0.05
2377,1.49875,0.05
2378,1.03375,0.05
2379,0.9112500000000001,0.05
2380,1.1287500000000001,0.05
2381,1.27125,0.05
2382,1.195,0.05
2383,0.7275,0.05
2384,0.9337500000000001,0.05
2385,1.0575,0.05
2386,0.9487500000000001,0.05
2387,0.46374999999999966,0.05
2388,0.91,0.05
2389,1.375,0.05
2390,1.18375,0.05
2391,1.125,0.05
2392,0.22124999999999995,0.05
2393,0.8875,0.05
2394,1.11,0.05
2395,1.4225,0.05
2396,0.87875,0.05
2397,0.96625,0.05
2398,1.46375,0.05
2399,-0.8987500000000004,0.05
2400,1.23625,0.05
2401,0.48999999999999966,0.05
2402,0.67625,0.05
2403,1.14375,0.05
2404,1.485,0.05
2405,1.0,0.05
2406,-0.11749999999999972,0.05
2407,0.4399999999999997,0.05
2408,1.2000000000000002,0.05
2409,0.11624999999999996,0.05
2410,1.0750000000000002,0.05
2411,1.215,0.05
2412,0.82375,0.05
2413,-2.848750000000001,0.05
2414,0.49499999999999966,0.05
2415,1.1600000000000001,0.05
2416,1.1912500000000001,0.05
2417,1.355,0.05
2418,1.33,0.05
2419,1.02625,0.05
2420,1.1487500000000002,0.05
2421,0.5849999999999999,0.05
2422,0.7274999999999999,0.05
2423,1.2400000000000002,0.05
2424,0.7274999999999999,0.05
2425,1.53625,0.05
2426,0.815,0.05
2427,0.8925000000000001,0.05
2428,1.11125,0.05
2429,1.0275,0.05
2430,0.91,0.05
2431,0.49124999999999963,0.05
2432,1.0250000000000001,0.05
2433,0.7687499999999999,0.05
2434,1.1525,0.05
2435,0.82,0.05
2436,1.07875,0.05
2437,0.9762500000000001,0.05
2438,1.19875,0.05
2439,1.1187500000000001,0.05
2440,1.11125,0.05
2441,0.705,0.05
2442,1.5,0.05
2443,0.8125,0.05
2444,1.1887500000000002,0.05
2445,1.0075,0.05
2446,1.2325000000000002,0.05
2447,0.9475,0.05
2448,1.0375,0.05
2449,0.6737499999999998,0.05
2450,1.0212500000000002,0.05
2451,1.1675,0.05
2452,0.91,0.05
2453,0.99875,0.05
2454,1.2425000000000002,0.05
2455,0.87875,0.05
2456,0.9500000000000001,0.05
2457,-0.7637499999999997,0.05
2458,1.2750000000000001,0.05
2459,1.14375,0.05
2460,0.9150000000000001,0.05
2461,1.0925,0.05
2462,0.9750000000000001,0.05
2463,1.1075,0.05
2464,1.37375,0.05
2465,0.6037499999999999,0.05
2466,1.26375,0.05
2467,0.49499999999999966,0.05
2468,1.0225,0.05
2469,0.9525000000000001,0.05
2470,-2.8675000000000006,0.05
2471,1.15375,0.05
2472,0.94625,0.05
2473,1.28,0.05
2474,0.9287500000000001,0.05
2475,1.2225000000000001,0.05
2476,0.6037499999999999,0.05
2477,0.8049999999999999,0.05
2478,0.9275000000000001,0.05
2479,0.3999999999999999,0.05
2480,0.9712500000000001,0.05
2481,0.855,0.05
2482,1.0037500000000001,0.05
2483,1.0425,0.05
2484,1.0750000000000002,0.05
2485,1.31,0.05
2486,0.7687499999999999,0.05
2487,1.07625,0.05
2488,1.13625,0.05
2489,0.78125,0.05
2490,0.8025,0.05
2491,1.1275,0.05
2492,1.12375,0.05
2493,0.7749999999999999,0.05
2494,-0.3724999999999994,0.05
2495,1.0437500000000002,0.05
2496,1.4900000000000002,0.05
2497,1.0750000000000002,0.05
2498,0.8975000000000001,0.05
2499,1.4400000000000002,0.05
2500,1.23625,0.05
2501,1.25875,0.05
2502,0.5249999999999997,0.05
2503,0.96125,0.05
2504,1.01,0.05
2505,1.0250000000000001,0.05
2506,-1.9062499999999993,0.05
2507,1.1887500000000002,0.05
2508,0.88,0.05
2509,0.935,0.05
2510,0.87,0.05
2511,1.18375,0.05
2512,1.1600000000000001,0.05
2513,0.5649999999999997,0.05
2514,0.8925000000000001,0.05
2515,-0.24874999999999936,0.05
2516,1.1800000000000002,0.05
2517,0.9175,0.05
2518,1.09625,0.05
2519,0.4199999999999997,0.05
2520,0.9400000000000001,0.05
2521,1.2625000000000002,0.05
2522,0.9850000000000001,0.05
2523,0.8875000000000001,0.05
2524,1.145,0.05
2525,0.78125,0.05
2526,0.39249999999999985,0.05
2527,0.9725,0.05
2528,0.85125,0.05
2529,0.9850000000000001,0.05
2530,1.0375,0.05
2531,1.215,0.05
2532,1.5125000000000002,0.05
2533,0.99,0.05
2534,0.21499999999999986,0.05
2535,0.6674999999999998,0.05
2536,1.1725,0.05
2537,1.17,0.05
2538,1.4187500000000002,0.05
2539,0.47374999999999967,0.05
2540,0.9962500000000001,0.05
2541,0.9050000000000001,0.05
2542,0.9425000000000001,0.05
2543,1.0025000000000002,0.05
2544,0.5062499999999998,0.05
2545,1.2937500000000002,0.05
2546,1.37625,0.05
2547,1.3025,0.05
2548,-0.1124999999999996,0.05
2549,1.0375,0.05
2550,-0.25124999999999953,0.05
2551,1.26125,0.05
2552,1.0625,0.05
2553,1.0575,0.05
2554,1.2650000000000001,0.05
2555,0.9275000000000001,0.05
2556,1.04,0.05
2557,1.07875,0.05
2558,-0.0762499999999997,0.05
2559,0.5999999999999998,0.05
2560,-0.3412499999999996,0.05
2561,1.0212500000000002,0.05
2562,-2.7437500000000004,0.05
2563,0.7474999999999999,0.05
2564,1.18625,0.05
2565,0.80625,0.05
2566,1.07625,0.05
2567,1.135,0.05
2568,1.3250000000000002,0.05
2569,-2.930000000000001,0.05
2570,0.44499999999999984,0.05
2571,0.6387499999999998,0.05
2572,0.6674999999999998,0.05
2573,0.6462499999999999,0.05
2574,0.895,0.05
2575,0.7675,0.05
2576,1.33125,0.05
2577,0.5062499999999998,0.05
2578,0.935,0.05
2579,0.08624999999999994,0.05
2580,-0.6712499999999995,0.05
2581,1.28125,0.05
2582,1.0250000000000001,0.05
2583,0.9875,0.05
2584,1.1487500000000002,0.05
2585,0.9875,0.05
2586,1.1625,0.05
2587,-0.5324999999999993,0.05
2588,1.1975,0.05
2589,1.1725,0.05
2590,0.6299999999999998,0.05
2591,1.2937500000000002,0.05
2592,0.73125,0.05
2593,1.3487500000000001,0.05
2594,0.2899999999999998,0.05
2595,0.7675,0.05
2596,1.175,0.05
2597,0.8075000000000001,0.05
2598,0.9650000000000001,0.05
2599,0.87875,0.05
2600,1.1575000000000002,0.05
2601,0.8225,0.05
2602,1.13375,0.05
2603,1.2925,0.05
2604,0.9475,0.05
2605,-0.5149999999999995,0.05
2606,-0.1949999999999994,0.05
2607,1.0337500000000002,0.05
2608,0.7762499999999999,0.05
2609,-3.520000000000001,0.05
2610,0.4099999999999997,0.05
2611,0.7324999999999999,0.05
2612,1.0437500000000002,0.05
2613,0.8062499999999999,0.05
2614,1.24625,0.05
2615,0.5024999999999997,0.05
2616,0.9837500000000001,0.05
2617,0.053750000000000187,0.05
2618,1.2025000000000001,0.05
2619,1.13625,0.05
2620,1.185,0.05
2621,1.3175000000000001,0.05
2622,0.11499999999999999,0.05
2623,-0.47749999999999915,0.05
2624,0.4049999999999996,0.05
2625,1.1475,0.05
2626,1.1625,0.05
2627,1.185,0.05
2628,1.0237500000000002,0.05
2629,1.19,0.05
2630,-2.767500000000001,0.05
2631,0.8,0.05
2632,0.7287499999999999,0.05
2633,1.0100000000000002,0.05
2634,1.0475,0.05
2635,0.2862499999999999,0.05
2636,0.3612499999999996,0.05
2637,1.195,0.05
2638,1.205,0.05
2639,1.2000000000000002,0.05
2640,0.87375,0.05
2641,-0.8699999999999999,0.05
2642,0.24499999999999966,0.05
2643,1.185,0.05
2644,1.445,0.05
2645,0.7487499999999999,0.05
2646,1.08,0.05
2647,0.73625,0.05
2648,0.7687499999999999,0.05
2649,0.6599999999999998,0.05
2650,1.1275,0.05
2651,0.11499999999999999,0.05
2652,0.88125,0.05
2653,0.5437499999999997,0.05
2654,1.2675,0.05
2655,0.7399999999999999,0.05
2656,-0.5637499999999995,0.05
2657,0.5275000000000001,0.05
2658,-2.8675000000000006,0.05
2659,1.28,0.05
2660,1.365,0.05
2661,-0.44124999999999925,0.05
2662,0.6374999999999998,0.05
2663,0.8625,0.05
2664,1.28,0.05
2665,0.96875,0.05
2666,-2.930000000000001,0.05
2667,1.0950000000000002,0.05
2668,0.9287500000000001,0.05
2669,0.77625,0.05
2670,1.31875,0.05
2671,1.11,0.05
2672,1.22125,0.05
2673,1.4075,0.05
2674,0.78625,0.05
2675,1.17875,0.05
2676,1.36625,0.05
2677,1.27,0.05
2678,1.09375,0.05
2679,-0.4424999999999992,0.05
2680,1.0575,0.05
2681,0.7849999999999999,0.05
2682,0.9850000000000001,0.05
2683,1.1475,0.05
2684,0.6962499999999998,0.05
2685,0.9900000000000001,0.05
2686,1.3162500000000001,0.05
2687,0.9475,0.05
2688,1.3325,0.05
2689,0.14375000000000004,0.05
2690,0.825,0.05
2691,1.0950000000000002,0.05
2692,-2.8675000000000006,0.05
2693,1.1675,0.05
2694,0.9537500000000001,0.05
2695,0.9137500000000001,0.05
2696,1.2225000000000001,0.05
2697,1.31375,0.05
2698,0.8075,0.05
2699,0.9875,0.05
2700,1.09375,0.05
2701,0.91,0.05
2702,1.3,0.05
2703,1.05125,0.05
2704,0.9162500000000001,0.05
2705,0.7087499999999999,0.05
2706,1.065,0.05
2707,1.4900000000000002,0.05
2708,1.1712500000000001,0.05
2709,1.385,0.05
2710,1.15125,0.05
2711,1.22625,0.05
2712,1.11125,0.05
2713,1.02625,0.05
2714,1.15375,0.05
2715,1.36,0.05
2716,1.0,0.05
2717,0.5049999999999998,0.05
2718,1.0637500000000002,0.05
2719,0.91,0.05
2720,1.11125,0.05
2721,0.9475,0.05
2722,1.19875,0.05
2723,-0.4099999999999995,0.05
2724,1.245,0.05
2725,0.91625,0.05
2726,0.80375,0.05
2727,0.5574999999999997,0.05
2728,1.4212500000000001,0.05
2729,1.08125,0.05
2730,1.03875,0.05
2731,1.0425,0.05
2732,0.9450000000000001,0.05
2733,0.9275000000000001,0.05
2734,-2.9162500000000016,0.05
2735,1.2725000000000002,0.05
2736,1.1600000000000001,0.05
2737,-2.7562500000000005,0.05
2738,1.1625,0.05
2739,0.4412499999999997,0.05
2740,1.3125,0.05
2741,1.3900000000000001,0.05
2742,1.02625,0.05
2743,-1.0562500000000001,0.05
2744,-0.28124999999999933,0.05
2745,1.30375,0.05
2746,1.0925,0.05
2747,1.09375,0.05
2748,1.15375,0.05
2749,1.45875,0.05
2750,0.9837500000000001,0.05
2751,1.17,0.05
2752,1.0075,0.05
2753,-0.9962500000000001,0.05
2754,0.6437499999999998,0.05
2755,0.88,0.05
2756,1.2212500000000002,0.05
2757,1.455,0.05
2758,0.96625,0.05
2759,0.9687500000000001,0.05
2760,0.5312499999999998,0.05
2761,1.2175,0.05
2762,0.7587499999999999,0.05
2763,1.4275000000000002,0.05
2764,0.9712500000000001,0.05
2765,1.24125,0.05
2766,0.6074999999999998,0.05
2767,-0.8400000000000001,0.05
2768,1.3175000000000001,0.05
2769,0.9075000000000001,0.05
2770,0.93,0.05
2771,0.9,0.05
2772,1.5225,0.05
2773,0.9875,0.05
2774,0.2687499999999998,0.05
2775,0.07999999999999985,0.05
2776,0.23499999999999988,0.05
2777,1.1525,0.05
2778,1.225,0.05
2779,0.25624999999999987,0.05
2780,1.1125,0.05
2781,-0.027499999999999192,0.05
2782,1.1625,0.05
2783,0.88375,0.05
2784,1.2225000000000001,0.05
2785,0.91625,0.05
2786,1.3625,0.05
2787,0.85625,0.05
2788,1.2937500000000002,0.05
2789,1.0037500000000001,0.05
2790,0.07500000000000018,0.05
2791,0.7899999999999999,0.05
2792,0.84,0.05
2793,-0.5612499999999996,0.05
2794,-2.897500000000001,0.05
2795,1.185,0.05
2796,1.52625,0.05
2797,0.5449999999999997,0.05
2798,1.2225000000000001,0.05
2799,1.21,0.05
2800,0.84,0.05
2801,1.405,0.05
2802,0.9687500000000001,0.05
2803,0.06625000000000014,0.05
2804,0.91,0.05
2805,1.135,0.05
2806,1.145,0.05
2807,-0.37624999999999953,0.05
2808,-0.07874999999999988,0.05
2809,0.9687500000000001,0.05
2810,1.2225000000000001,0.05
2811,1.1925000000000001,0.05
2812,1.0750000000000002,0.05
2813,1.00875,0.05
2814,-0.3299999999999994,0.05
2815,1.2725,0.05
2816,0.64125,0.05
2817,-0.7662499999999997,0.05
2818,1.2275,0.05
2819,1.5362500000000001,0.05
2820,-2.9050000000000007,0.05
2821,1.185,0.05
2822,0.685,0.05
2823,1.1525,0.05
2824,1.1925,0.05
2825,1.095,0.05
2826,1.0750000000000002,0.05
2827,1.125,0.05
2828,-0.043749999999999734,0.05
2829,1.22875,0.05
2830,0.9850000000000001,0.05
2831,1.1575000000000002,0.05
2832,0.4549999999999996,0.05
2833,0.6287499999999998,0.05
2834,1.1625,0.05
2835,0.6562499999999999,0.05
2836,1.3725,0.05
2837,0.7387499999999999,0.05
2838,1.0350000000000001,0.05
2839,0.925,0.05
2840,-0.6474999999999993,0.05
2841,-2.7937500000000006,0.05
2842,1.13625,0.05
2843,1.25,0.05
2844,0.4562499999999997,0.05
2845,1.0925,0.05
2846,1.1487500000000002,0.05
2847,0.815,0.05
2848,-0.14874999999999972,0.05
2849,1.36625,0.05
2850,0.6249999999999999,0.05
2851,0.5149999999999997,0.05
2852,0.78625,0.05
2853,1.145,0.05
2854,-2.818750000000001,0.05
2855,0.685,0.05
2856,0.81875,0.05
2857,-2.8625000000000007,0.05
2858,1.22875,0.05
2859,1.0375,0.05
2860,1.1225,0.05
2861,0.9687500000000001,0.05
2862,1.11,0.05
2863,1.245,0.05
2864,1.1675,0.05
2865,0.9337500000000001,0.05
2866,-0.05749999999999966,0.05
2867,0.8700000000000001,0.05
2868,1.0575,0.05
2869,0.915,0.05
2870,1.05875,0.05
2871,-0.40499999999999936,0.05
2872,1.31375,0.05
2873,1.045,0.05
2874,1.44375,0.05
2875,1.33,0.05
2876,0.6137499999999999,0.05
2877,0.885,0.05
2878,1.2675,0.05
2879,0.7499999999999999,0.05
2880,1.0437500000000002,0.05
2881,1.1525,0.05
2882,0.7999999999999999,0.05
2883,1.095,0.05
2884,0.88125,0.05
2885,0.9850000000000001,0.05
2886,0.6037499999999998,0.05
2887,0.12750000000000017,0.05
2888,1.3900000000000001,0.05
2889,1.1500000000000001,0.05
2890,0.3287499999999999,0.05
2891,1.1800000000000002,0.05
2892,0.5262499999999998,0.05
2893,0.9837500000000001,0.05
2894,0.9687500000000001,0.05
2895,1.2437500000000001,0.05
2896,0.6549999999999998,0.05
2897,1.42625,0.05
2898,1.0075,0.05
2899,1.05875,0.05
2900,1.0550000000000002,0.05
2901,1.1125,0.05
2902,0.9137500000000001,0.05
2903,0.8962500000000001,0.05
2904,1.2200000000000002,0.05
2905,0.8300000000000001,0.05
2906,1.18625,0.05
2907,1.0625,0.05
2908,1.2537500000000001,0.05
2909,1.4900000000000002,0.05
2910,-0.08499999999999974,0.05
2911,1.35375,0.05
2912,0.5024999999999998,0.05
2913,0.82375,0.05
2914,1.0625,0.05
2915,1.0762500000000002,0.05
2916,1.25875,0.05
2917,1.205,0.05
2918,0.9225,0.05
2919,0.9700000000000001,0.05
2920,-0.03624999999999989,0.05
2921,-0.047499999999999876,0.05
2922,1.4400000000000002,0.05
2923,-2.65,0.05
2924,1.2725,0.05
2925,0.7637499999999999,0.05
2926,-2.9650000000000003,0.05
2927,0.9450000000000001,0.05
2928,1.4412500000000001,0.05
2929,1.2112500000000002,0.05
2930,1.0237500000000002,0.05
2931,0.9600000000000001,0.05
2932,0.9287500000000001,0.05
2933,0.4212499999999997,0.05
2934,1.06,0.05
2935,1.0950000000000002,0.05
2936,1.10125,0.05
2937,1.03375,0.05
2938,1.07625,0.05
2939,0.39124999999999965,0.05
2940,1.42625,0.05
2941,0.7762499999999999,0.05
2942,0.98875,0.05
2943,0.5399999999999999,0.05
2944,0.9275000000000001,0.05
2945,0.84375,0.05
2946,1.2475,0.05
2947,1.07125,0.05
2948,0.3587499999999997,0.05
2949,-0.5737499999999993,0.05
2950,0.6887499999999999,0.05
2951,1.3325,0.05
2952,0.8012499999999999,0.05
2953,-0.4899999999999993,0.05
2954,1.4312500000000001,0.05
2955,1.11,0.05
2956,0.29374999999999973,0.05
2957,0.8550000000000001,0.05
2958,1.2537500000000001,0.05
2959,1.2675,0.05
2960,1.2575,0.05
2961,1.1912500000000001,0.05
2962,1.2075,0.05
2963,0.8925000000000001,0.05
2964,0.6774999999999999,0.05
2965,1.07625,0.05
2966,1.33375,0.05
2967,1.04,0.05
2968,0.88125,0.05
2969,0.9337500000000001,0.05
2970,0.89375,0.05
2971,0.24,0.05
2972,1.2950000000000002,0.05
2973,0.9650000000000001,0.05
2974,1.3137500000000002,0.05
2975,1.19875,0.05
2976,0.935,0.05
2977,1.13375,0.05
2978,0.9775,0.05
2979,0.8775000000000001,0.05
2980,0.9475,0.05
2981,0.9712500000000001,0.05
2982,1.425,0.05
2983,1.1175000000000002,0.05
2984,0.85625,0.05
2985,1.11375,0.05
2986,0.9425,0.05
2987,1.225,0.05
2988,0.7149999999999999,0.05
2989,0.6949999999999998,0.05
2990,1.2075,0.05
2991,1.17375,0.05
2992,1.1162500000000002,0.05
2993,0.8375,0.05
2994,0.5649999999999997,0.05
2995,1.1712500000000001,0.05
2996,1.07625,0.05
2997,1.02,0.05
2998,1.0975000000000001,0.05
2999,0.7599999999999999,0.05
3000,1.2112500000000002,0.05
3001,0.9900000000000001,0.05
3002,1.05125,0.05
3003,1.11875,0.05
3004,1.0875000000000001,0.05
3005,0.86875,0.05
3006,0.93,0.05
3007,1.0437500000000002,0.05
3008,0.8975000000000001,0.05
3009,0.725,0.05
3010,0.31000000000000005,0.05
3011,0.8862500000000001,0.05
3012,0.6212499999999999,0.05
3013,-2.7300000000000004,0.05
3014,1.1175000000000002,0.05
3015,1.3275000000000001,0.05
3016,0.5474999999999998,0.05
3017,0.9475,0.05
3018,1.0575,0.05
3019,1.2,0.05
3020,0.9700000000000001,0.05
3021,0.825,0.05
3022,0.8425,0.05
3023,1.17875,0.05
3024,1.22125,0.05
3025,1.06125,0.05
3026,1.2437500000000001,0.05
3027,1.19875,0.05
3028,1.315,0.05
3029,0.7512499999999999,0.05
3030,1.2975,0.05
3031,0.82,0.05
3032,1.295,0.05
3033,1.3362500000000002,0.05
3034,1.3825,0.05
3035,1.345,0.05
3036,1.2225000000000001,0.05
3037,-2.7487500000000007,0.05
3038,1.36375,0.05
3039,0.7487499999999999,0.05
3040,0.85,0.05
3041,1.12,0.05
3042,1.15375,0.05
3043,0.9425,0.05
3044,1.20625,0.05
3045,1.3887500000000002,0.05
3046,1.405,0.05
3047,0.9237500000000001,0.05
3048,0.94625,0.05
3049,1.225,0.05
3050,-0.9112500000000001,0.05
3051,0.745,0.05
3052,1.37,0.05
3053,0.09499999999999997,0.05
3054,1.24625,0.05
3055,0.9700000000000001,0.05
3056,1.2,0.05
3057,1.13625,0.05
3058,0.5112499999999998,0.05
3059,1.225,0.05
3060,0.4574999999999997,0.05
3061,1.1,0.05
3062,0.875,0.05
3063,0.9850000000000001,0.05
3064,0.85875,0.05
3065,0.9750000000000001,0.05
3066,1.19,0.05
3067,1.2550000000000001,0.05
3068,0.9850000000000001,0.05
3069,0.7337499999999999,0.05
3070,0.73125,0.05
3071,1.115,0.05
3072,1.1612500000000001,0.05
3073,1.07875,0.05
3074,0.87375,0.05
3075,-0.45249999999999924,0.05
3076,1.29875,0.05
3077,0.5974999999999999,0.05
3078,1.32,0.05
3079,-2.887500000000001,0.05
3080,1.45375,0.05
3081,-0.12249999999999961,0.05
3082,1.25,0.05
3083,1.11625,0.05
3084,-0.0024999999999997247,0.05
3085,1.17375,0.05
3086,1.4937500000000001,0.05
3087,1.42625,0.05
3088,0.9325000000000001,0.05
3089,1.27625,0.05
3090,1.0950000000000002,0.05
3091,1.3887500000000002,0.05
3092,0.9712500000000001,0.05
3093,1.2750000000000001,0.05
3094,0.915,0.05
3095,1.32875,0.05
3096,1.1287500000000001,0.05
3097,1.17375,0.05
3098,1.0050000000000001,0.05
3099,1.0987500000000001,0.05
3100,1.26375,0.05
3101,1.13375,0.05
3102,1.07125,0.05
3103,1.2112500000000002,0.05
3104,0.80625,0.05
3105,0.7124999999999999,0.05
3106,-0.13624999999999976,0.05
3107,0.9875,0.05
3108,1.245,0.05
3109,1.21625,0.05
3110,0.5299999999999997,0.05
3111,1.405,0.05
3112,0.7062499999999998,0.05
3113,1.0750000000000002,0.05
3114,1.3575000000000002,0.05
3115,1.2537500000000001,0.05
3116,0.96625,0.05
3117,1.2025000000000001,0.05
3118,0.9337500000000001,0.05
3119,0.8125,0.05
3120,0.7124999999999999,0.05
3121,0.8225,0.05
3122,1.01625,0.05
3123,-0.17124999999999968,0.05
3124,1.01625,0.05
3125,0.8825,0.05
3126,1.08125,0.05
3127,1.26625,0.05
3128,0.825,0.05
3129,1.1800000000000002,0.05
3130,0.6912499999999999,0.05
3131,1.2775,0.05
3132,1.295,0.05
3133,1.26125,0.05
3134,0.84875,0.05
3135,1.1912500000000001,0.05
3136,-0.6949999999999996,0.05
3137,1.0625,0.05
3138,1.3625,0.05
3139,1.13375,0.05
3140,1.03375,0.05
3141,-0.36999999999999944,0.05
3142,0.7362499999999998,0.05
3143,1.16375,0.05
3144,-0.18874999999999975,0.05
3145,0.925,0.05
3146,1.13125,0.05
3147,1.0750000000000002,0.05
3148,0.905,0.05
3149,-0.06499999999999972,0.05
3150,-0.6262499999999995,0.05
3151,0.7124999999999999,0.05
3152,1.2575,0.05
3153,1.2275,0.05
3154,0.7949999999999999,0.05
3155,1.0750000000000002,0.05
3156,0.6962499999999999,0.05
3157,1.2125000000000001,0.05
3158,0.9500000000000001,0.05
3159,1.1487500000000002,0.05
3160,1.2175,0.05
3161,-0.3624999999999994,0.05
3162,1.1525,0.05
3163,1.1187500000000001,0.05
3164,0.2812499999999998,0.05
3165,1.385,0.05
3166,1.02,0.05
3167,1.00875,0.05
3168,0.5124999999999997,0.05
3169,0.5024999999999996,0.05
3170,0.8825,0.05
3171,1.24625,0.05
3172,0.2912499999999998,0.05
3173,1.1600000000000001,0.05
3174,1.0237500000000002,0.05
3175,-0.4749999999999994,0.05
3176,1.1875,0.05
3177,0.855,0.05
3178,0.81875,0.05
3179,1.05,0.05
3180,0.85875,0.05
3181,0.86,0.05
3182,0.88,0.05
3183,1.29,0.05
3184,1.2725,0.05
3185,0.3112499999999998,0.05
3186,0.8625,0.05
3187,1.1375000000000002,0.05
3188,1.1475,0.05
3189,1.0350000000000001,0.05
3190,-2.9312500000000012,0.05
3191,1.0950000000000002,0.05
3192,0.4937499999999997,0.05
3193,1.0850000000000002,0.05
3194,1.1175000000000002,0.05
3195,1.1125,0.05
3196,1.0875000000000001,0.05
3197,1.0987500000000001,0.05
3198,1.1175000000000002,0.05
3199,1.54125,0.05
3200,0.3362499999999997,0.05
3201,1.4075,0.05
3202,0.9475,0.05
3203,1.21625,0.05
3204,0.87375,0.05
3205,1.2025000000000001,0.05
3206,1.0450000000000002,0.05
3207,1.0362500000000001,0.05
3208,1.0625,0.05
3209,0.825,0.05
3210,0.87,0.05
3211,1.065,0.05
3212,1.0350000000000001,0.05
3213,0.915,0.05
3214,1.0012500000000002,0.05
3215,1.25875,0.05
3216,1.0075,0.05
3217,1.225,0.05
3218,0.34999999999999964,0.05
3219,1.1675,0.05
3220,0.9325000000000001,0.05
3221,1.0225,0.05
3222,1.40375,0.05
3223,1.2175,0.05
3224,1.115,0.05
3225,1.18625,0.05
3226,1.01,0.05
3227,0.825,0.05
3228,1.0750000000000002,0.05
3229,1.00625,0.05
3230,1.38625,0.05
3231,0.99,0.05
3232,0.9850000000000001,0.05
3233,1.08125,0.05
3234,0.9500000000000001,0.05
3235,1.20375,0.05
3236,0.86125,0.05
3237,1.11,0.05
3238,1.215,0.05
3239,1.07625,0.05
3240,0.2487499999999998,0.05
3241,0.3787499999999997,0.05
3242,0.5862499999999998,0.05
3243,1.2075,0.05
3244,0.6574999999999999,0.05
3245,1.06125,0.05
3246,0.8962500000000001,0.05
3247,1.01625,0.05
3248,0.8925000000000001,0.05
3249,1.20875,0.05
3250,1.1487500000000002,0.05
3251,1.0025000000000002,0.05
3252,1.1600000000000001,0.05
3253,0.9100000000000001,0.05
3254,-0.25124999999999953,0.05
3255,0.96625,0.05
3256,0.6712499999999999,0.05
3257,1.4000000000000001,0.05
3258,1.045,0.05
3259,0.8975000000000001,0.05
3260,1.20375,0.05
3261,0.9700000000000001,0.05
3262,1.08125,0.05
3263,1.2650000000000001,0.05
3264,1.0012500000000002,0.05
3265,1.1675,0.05
3266,1.22625,0.05
3267,1.04,0.05
3268,0.8125,0.05
3269,1.1475,0.05
3270,1.095,0.05
3271,1.23875,0.05
3272,0.8412499999999999,0.05
3273,0.87,0.05
3274,0.8775000000000001,0.05
3275,0.7687499999999999,0.05
3276,1.0225,0.05
3277,0.80625,0.05
3278,0.7499999999999999,0.05
3279,1.26,0.05
3280,1.16625,0.05
3281,1.07,0.05
3282,0.5987499999999998,0.05
3283,1.0625,0.05
3284,1.2550000000000001,0.05
3285,1.1687500000000002,0.05
3286,0.6437499999999998,0.05
3287,0.91125,0.05
3288,-0.5124999999999991,0.05
3289,1.0950000000000002,0.05
3290,1.0100000000000002,0.05
3291,1.2025000000000001,0.05
3292,1.13125,0.05
3293,-0.04249999999999976,0.05
3294,1.26,0.05
3295,1.11625,0.05
3296,-0.6074999999999993,0.05
3297,1.17375,0.05
3298,1.33125,0.05
3299,1.29125,0.05
3300,0.6049999999999999,0.05
3301,1.0050000000000001,0.05
3302,1.09375,0.05
3303,0.95125,0.05
3304,1.21,0.05
3305,1.3325,0.05
3306,1.095,0.05
3307,1.2575,0.05
3308,0.9475,0.05
3309,0.36624999999999974,0.05
3310,1.20375,0.05
3311,1.2475,0.05
3312,1.1712500000000001,0.05
3313,1.02125,0.05
3314,1.30375,0.05
3315,1.13125,0.05
3316,0.6887499999999999,0.05
3317,1.19875,0.05
3318,1.1175000000000002,0.05
3319,1.16625,0.05
3320,1.13625,0.05
3321,1.08,0.05
3322,1.18625,0.05
3323,1.45375,0.05
3324,0.48250000000000004,0.05
3325,1.2937500000000002,0.05
3326,-0.3249999999999995,0.05
3327,1.03875,0.05
3328,1.065,0.05
3329,0.3637499999999998,0.05
3330,1.08,0.05
3331,1.0050000000000001,0.05
3332,1.07125,0.05
3333,0.8500000000000001,0.05
3334,1.18375,0.05
3335,1.1887500000000002,0.05
3336,1.1075,0.05
3337,1.2962500000000001,0.05
3338,0.855,0.05
3339,1.3225,0.05
3340,1.2725000000000002,0.05
3341,0.5312499999999998,0.05
3342,0.80875,0.05
3343,-2.830000000000001,0.05
3344,1.2537500000000001,0.05
3345,1.0012500000000002,0.05
3346,0.9650000000000001,0.05
3347,0.9825000000000002,0.05
3348,1.25875,0.05
3349,0.72125,0.05
3350,0.77625,0.05
3351,1.02125,0.05
3352,0.91625,0.05
3353,1.19375,0.05
3354,0.6174999999999998,0.05
3355,1.0237500000000002,0.05
3356,1.26375,0.05
3357,1.31875,0.05
3358,0.9550000000000001,0.05
3359,0.9950000000000001,0.05
3360,1.1600000000000001,0.05
3361,1.2725,0.05
3362,0.895,0.05
3363,1.17875,0.05
3364,0.79875,0.05
3365,0.8925000000000001,0.05
3366,-0.9124999999999999,0.05
3367,0.81875,0.05
3368,1.31875,0.05
3369,1.1725,0.05
3370,0.5262499999999998,0.05
3371,1.3575000000000002,0.05
3372,0.9675,0.05
3373,0.78125,0.05
3374,1.3450000000000002,0.05
3375,1.01125,0.05
3376,0.21750000000000003,0.05
3377,1.04,0.05
3378,1.02625,0.05
3379,0.85875,0.05
3380,1.2537500000000001,0.05
3381,1.0750000000000002,0.05
3382,1.35,0.05
3383,0.5924999999999998,0.05
3384,1.03375,0.05
3385,-2.7850000000000006,0.05
3386,1.39625,0.05
3387,-0.8325000000000002,0.05
3388,1.1425,0.05
3389,1.16625,0.05
3390,1.13125,0.05
3391,1.01875,0.05
3392,1.44875,0.05
3393,0.885,0.05
3394,1.24625,0.05
3395,1.1,0.05
3396,0.8312499999999999,0.05
3397,0.9450000000000001,0.05
3398,1.1300000000000001,0.05
3399,0.9850000000000001,0.05
3400,1.135,0.05
3401,0.5612499999999998,0.05
3402,-0.7062499999999992,0.05
3403,1.115,0.05
3404,0.9712500000000001,0.05
3405,0.42625,0.05
3406,1.53625,0.05
3407,1.02,0.05
3408,1.0025,0.05
3409,1.225,0.05
3410,1.20375,0.05
3411,1.2550000000000001,0.05
3412,1.2862500000000001,0.05
3413,1.1487500000000002,0.05
3414,1.07625,0.05
3415,1.30875,0.05
3416,1.33875,0.05
3417,0.935,0.05
3418,1.2962500000000001,0.05
3419,1.01625,0.05
3420,1.4737500000000001,0.05
3421,1.185,0.05
3422,1.2550000000000001,0.05
3423,1.0450000000000002,0.05
3424,0.9400000000000001,0.05
3425,0.87375,0.05
3426,1.3462500000000002,0.05
3427,0.2649999999999999,0.05
3428,1.3075,0.05
3429,1.11125,0.05
3430,0.88125,0.05
3431,1.3037500000000002,0.05
3432,0.96625,0.05
3433,1.11125,0.05
3434,1.0612500000000002,0.05
3435,0.09499999999999997,0.05
3436,1.2862500000000001,0.05
3437,1.225,0.05
3438,1.09,0.05
3439,1.02125,0.05
3440,1.08125,0.05
3441,0.3999999999999997,0.05
3442,1.2825000000000002,0.05
3443,1.07625,0.05
3444,1.32875,0.05
3445,1.0987500000000001,0.05
3446,1.03875,0.05
3447,0.9900000000000001,0.05
3448,0.9912500000000001,0.05
3449,1.1375000000000002,0.05
3450,1.2950000000000002,0.05
3451,0.85875,0.05
3452,1.00875,0.05
3453,1.245,0.05
3454,1.18375,0.05
3455,1.0462500000000001,0.05
3456,1.045,0.05
3457,1.02625,0.05
3458,0.39749999999999974,0.05
3459,1.1675,0.05
3460,0.5599999999999998,0.05
3461,0.825,0.05
3462,1.3625,0.05
3463,1.05125,0.05
3464,0.8350000000000001,0.05
3465,1.09,0.05
3466,1.06125,0.05
3467,0.3787499999999997,0.05
3468,1.28125,0.05
3469,0.7137499999999999,0.05
3470,1.03,0.05
3471,1.13375,0.05
3472,1.09,0.05
3473,0.9137500000000001,0.05
3474,1.3725,0.05
3475,1.48625,0.05
3476,1.0437500000000002,0.05
3477,1.1612500000000001,0.05
3478,0.82375,0.05
3479,1.1287500000000001,0.05
3480,1.4900000000000002,0.05
3481,1.30875,0.05
3482,1.1900000000000002,0.05
3483,1.2112500000000002,0.05
3484,0.4937499999999998,0.05
3485,1.13375,0.05
3486,0.06500000000000017,0.05
3487,1.06,0.05
3488,1.375,0.05
3489,1.4175,0.05
3490,0.9512500000000002,0.05
3491,1.24,0.05
3492,1.11125,0.05
3493,1.125,0.05
3494,0.2812499999999998,0.05
3495,0.9500000000000001,0.05
3496,1.1625,0.05
3497,1.1600000000000001,0.05
3498,0.72125,0.05
3499,0.5737499999999998,0.05
3500,1.07625,0.05
3501,1.1262500000000002,0.05
3502,0.7675,0.05
3503,1.26125,0.05
3504,1.28375,0.05
3505,1.31,0.05
3506,0.7112499999999999,0.05
3507,1.205,0.05
3508,0.9737500000000001,0.05
3509,0.5024999999999997,0.05
3510,1.2475,0.05
3511,0.11750000000000016,0.05
3512,0.91625,0.05
3513,0.9537500000000001,0.05
3514,1.02125,0.05
3515,1.06,0.05
3516,0.9700000000000001,0.05
3517,0.855,0.05
3518,1.26625,0.05
3519,0.7412499999999999,0.05
3520,1.13625,0.05
3521,0.2749999999999999,0.05
3522,0.91,0.05
3523,1.2437500000000001,0.05
3524,1.3987500000000002,0.05
3525,0.7687499999999999,0.05
3526,0.08499999999999996,0.05
3527,0.8775000000000001,0.05
3528,1.13625,0.05
3529,1.0075,0.05
3530,1.02625,0.05
3531,1.1625,0.05
3532,0.6349999999999998,0.05
3533,1.1625,0.05
3534,1.26,0.05
3535,1.54125,0.05
3536,0.7724999999999999,0.05
3537,1.24,0.05
3538,1.1500000000000001,0.05
3539,0.85625,0.05
3540,1.32,0.05
3541,1.11625,0.05
3542,1.20375,0.05
3543,1.1675,0.05
3544,0.7024999999999999,0.05
3545,1.4000000000000001,0.05
3546,1.03875,0.05
3547,0.915,0.05
3548,1.0237500000000002,0.05
3549,1.11625,0.05
3550,1.54125,0.05
3551,1.0950000000000002,0.05
3552,1.25,0.05
3553,0.88625,0.05
3554,1.45875,0.05
3555,1.0450000000000002,0.05
3556,0.835,0.05
3557,0.81875,0.05
3558,0.935,0.05
3559,1.345,0.05
3560,0.96625,0.05
3561,1.2025000000000001,0.05
3562,0.94625,0.05
3563,1.0025,0.05
3564,1.2087500000000002,0.05
3565,1.02625,0.05
3566,0.7037499999999999,0.05
3567,1.35,0.05
3568,1.01625,0.05
3569,0.8512500000000001,0.05
3570,0.9712500000000001,0.05
3571,0.9875,0.05
3572,1.0575,0.05
3573,1.3025,0.05
3574,0.5862499999999998,0.05
3575,0.5787499999999998,0.05
3576,1.205,0.05
3577,1.13375,0.05
3578,1.3475000000000001,0.05
3579,0.9700000000000001,0.05
3580,1.24625,0.05
3581,0.5074999999999997,0.05
3582,1.3075,0.05
3583,0.895,0.05
3584,1.0075,0.05
3585,1.425,0.05
3586,1.1375000000000002,0.05
3587,1.3475000000000001,0.05
3588,1.40375,0.05
3589,1.09375,0.05
3590,1.02125,0.05
3591,1.0437500000000002,0.05
3592,1.1125,0.05
3593,1.35,0.05
3594,0.9912500000000001,0.05
3595,1.1125,0.05
3596,1.0625,0.05
3597,1.1325,0.05
3598,1.0975000000000001,0.05
3599,1.44875,0.05
3600,1.0950000000000002,0.05
3601,1.18625,0.05
3602,1.37625,0.05
3603,1.22125,0.05
3604,1.1675,0.05
3605,0.82,0.05
3606,1.02,0.05
3607,1.3687500000000001,0.05
3608,1.0650000000000002,0.05
3609,1.17,0.05
3610,1.1600000000000001,0.05
3611,1.0100000000000002,0.05
3612,1.0437500000000002,0.05
3613,1.2537500000000001,0.05
3614,1.09,0.05
3615,1.08875,0.05
3616,1.3325,0.05
3617,1.1125,0.05
3618,0.78125,0.05
3619,1.4075,0.05
3620,1.2225000000000001,0.05
3621,1.1887500000000002,0.05
3622,1.3162500000000001,0.05
3623,0.31999999999999984,0.05
3624,1.04875,0.05
3625,1.38625,0.05
3626,1.02625,0.05
3627,0.98,0.05
3628,0.7274999999999999,0.05
3629,1.1487500000000002,0.05
3630,1.2862500000000001,0.05
3631,1.29125,0.05
3632,1.0987500000000001,0.05
3633,1.03875,0.05
3634,0.99,0.05
3635,1.1725,0.05
3636,0.6912499999999998,0.05
3637,1.345,0.05
3638,0.91125,0.05
3639,0.7449999999999999,0.05
3640,1.0975000000000001,0.05
3641,1.27625,0.05
3642,0.6299999999999999,0.05
3643,1.02625,0.05
3644,0.5262499999999998,0.05
3645,0.7274999999999999,0.05
3646,1.1475,0.05
3647,1.105,0.05
3648,0.9087500000000001,0.05
3649,1.475,0.05
3650,0.8225,0.05
3651,0.7299999999999999,0.05
3652,1.095,0.05
3653,1.22625,0.05
3654,1.1287500000000001,0.05
3655,1.08,0.05
3656,0.9587500000000001,0.05
3657,-0.019999999999999796,0.05
3658,0.86,0.05
3659,1.07125,0.05
3660,1.1275,0.05
3661,1.1075000000000002,0.05
3662,0.875,0.05
3663,1.5075,0.05
3664,0.7525,0.05
3665,1.0237500000000002,0.05
3666,1.2862500000000001,0.05
3667,1.0050000000000001,0.05
3668,1.11,0.05
3669,1.425,0.05
3670,1.1125,0.05
3671,1.0625,0.05
3672,1.26125,0.05
3673,0.9725000000000001,0.05
3674,1.4025,0.05
3675,0.9325000000000001,0.05
3676,1.3,0.05
3677,1.215,0.05
3678,1.35375,0.05
3679,1.0150000000000001,0.05
3680,1.0575,0.05
3681,1.3362500000000002,0.05
3682,0.8425000000000001,0.05
3683,1.02875,0.05
3684,1.1625,0.05
3685,1.405,0.05
3686,1.0987500000000001,0.05
3687,1.2975,0.05
3688,1.2075,0.05
3689,0.6412499999999999,0.05
3690,0.8350000000000001,0.05
3691,1.0425,0.05
3692,1.3325,0.05
3693,1.53125,0.05
3694,1.1375000000000002,0.05
3695,1.2112500000000002,0.05
3696,1.0050000000000001,0.05
3697,1.02625,0.05
3698,1.135,0.05
3699,0.96625,0.05
3700,1.24125,0.05
3701,0.7387499999999999,0.05
3702,0.82,0.05
3703,0.84125,0.05
3704,0.6799999999999999,0.05
3705,1.22125,0.05
3706,1.2225000000000001,0.05
3707,1.40875,0.05
3708,1.1300000000000001,0.05
3709,-1.0937500000000007,0.05
3710,0.9275000000000001,0.05
3711,1.4725000000000001,0.05
3712,1.0825,0.05
3713,0.9475,0.05
3714,1.0425,0.05
3715,0.8775000000000001,0.05
3716,0.99,0.05
3717,1.095,0.05
3718,0.6412499999999999,0.05
3719,1.30875,0.05
3720,1.28,0.05
3721,0.03375000000000017,0.05
3722,0.9287500000000001,0.05
3723,1.1912500000000001,0.05
3724,1.09375,0.05
3725,1.1,0.05
3726,1.145,0.05
3727,0.78,0.05
3728,0.78,0.05
3729,0.97875,0.05
3730,1.0025,0.05
3731,0.7649999999999999,0.05
3732,1.34,0.05
3733,1.21,0.05
3734,1.01875,0.05
3735,-2.905000000000001,0.05
3736,1.39625,0.05
3737,0.44999999999999973,0.05
3738,1.0437500000000002,0.05
3739,1.2112500000000002,0.05
3740,1.0375,0.05
3741,1.1800000000000002,0.05
3742,0.88,0.05
3743,0.4924999999999997,0.05
3744,0.9687500000000001,0.05
3745,0.94625,0.05
3746,0.88,0.05
3747,1.1175000000000002,0.05
3748,0.9712500000000001,0.05
3749,1.18125,0.05
3750,1.0625,0.05
3751,0.7687499999999999,0.05
3752,1.22125,0.05
3753,1.0975000000000001,0.05
3754,1.0987500000000001,0.05
3755,1.4500000000000002,0.05
3756,0.85125,0.05
3757,1.0625,0.05
3758,1.335,0.05
3759,1.295,0.05
3760,1.45875,0.05
3761,0.5562499999999998,0.05
3762,1.30875,0.05
3763,0.8900000000000001,0.05
3764,0.6812499999999999,0.05
3765,1.1887500000000002,0.05
3766,1.0550000000000002,0.05
3767,1.1125,0.05
3768,1.35,0.05
3769,0.5999999999999999,0.05
3770,0.77125,0.05
3771,0.6799999999999998,0.05
3772,1.0275,0.05
3773,0.5024999999999998,0.05
3774,0.765,0.05
3775,1.2125000000000001,0.05
3776,0.9850000000000001,0.05
3777,1.235,0.05
3778,1.2325000000000002,0.05
3779,1.08125,0.05
3780,1.155,0.05
3781,1.19,0.05
3782,0.9137500000000001,0.05
3783,1.35,0.05
3784,1.1725,0.05
3785,0.9875,0.05
3786,0.7487499999999999,0.05
3787,-2.7437500000000004,0.05
3788,0.6712499999999999,0.05
3789,1.22125,0.05
3790,0.9525000000000001,0.05
3791,0.5112499999999998,0.05
3792,0.22624999999999984,0.05
3793,1.0612500000000002,0.05
3794,1.4225,0.05
3795,0.9250000000000002,0.05
3796,1.5225000000000002,0.05
3797,1.54125,0.05
3798,0.4762499999999996,0.05
3799,1.1675,0.05
3800,0.9650000000000001,0.05
3801,1.045,0.05
3802,0.9287500000000001,0.05
3803,0.83625,0.05
3804,1.02625,0.05
3805,1.1125,0.05
3806,0.88625,0.05
3807,0.85875,0.05
3808,0.9850000000000001,0.05
3809,1.2537500000000001,0.05
3810,0.8962500000000001,0.05
3811,1.07625,0.05
3812,1.0562500000000001,0.05
3813,1.1712500000000001,0.05
3814,1.295,0.05
3815,1.085,0.05
3816,0.85625,0.05
3817,0.80625,0.05
3818,1.2937500000000002,0.05
3819,1.08125,0.05
3820,1.54125,0.05
3821,-2.8562500000000006,0.05
3822,1.30875,0.05
3823,1.455,0.05
3824,1.4800000000000002,0.05
3825,0.3112499999999998,0.05
3826,0.9325000000000001,0.05
3827,1.0550000000000002,0.05
3828,1.1887500000000002,0.05
3829,0.7699999999999999,0.05
3830,0.88,0.05
3831,0.8975000000000001,0.05
3832,0.6037499999999998,0.05
3833,1.04,0.05
3834,1.2425000000000002,0.05
3835,1.0075,0.05
3836,-0.5399999999999991,0.05
3837,0.8925000000000001,0.05
3838,1.22125,0.05
3839,1.5225000000000002,0.05
3840,1.1625,0.05
3841,1.33125,0.05
3842,1.0350000000000001,0.05
3843,0.6024999999999998,0.05
3844,1.3125,0.05
3845,1.36625,0.05
3846,1.1812500000000001,0.05
3847,0.845,0.05
3848,0.875,0.05
3849,1.23625,0.05
3850,0.5987499999999998,0.05
3851,1.495,0.05
3852,1.24,0.05
3853,1.24125,0.05
3854,1.28125,0.05
3855,1.14375,0.05
3856,0.8925000000000001,0.05
3857,0.78,0.05
3858,1.205,0.05
3859,-0.11749999999999972,0.05
3860,0.90625,0.05
3861,0.875,0.05
3862,1.33125,0.05
3863,1.135,0.05
3864,1.02,0.05
3865,1.28125,0.05
3866,1.19,0.05
3867,0.855,0.05
3868,1.355,0.05
3869,1.13125,0.05
3870,1.0375,0.05
3871,0.99,0.05
3872,0.935,0.05
3873,1.145,0.05
3874,0.605,0.05
3875,0.6949999999999998,0.05
3876,0.9950000000000001,0.05
3877,1.0012500000000002,0.05
3878,1.405,0.05
3879,0.88,0.05
3880,0.6424999999999998,0.05
3881,0.9612500000000002,0.05
3882,1.00625,0.05
3883,1.1925000000000001,0.05
3884,1.28,0.05
3885,1.03875,0.05
3886,1.29125,0.05
3887,1.23875,0.05
3888,1.1375000000000002,0.05
3889,1.115,0.05
3890,1.31125,0.05
3891,1.3125,0.05
3892,0.5362499999999999,0.05
3893,0.91,0.05
3894,1.24,0.05
3895,1.2625000000000002,0.05
3896,1.205,0.05
3897,1.06,0.05
3898,0.82375,0.05
3899,1.13375,0.05
3900,0.7149999999999999,0.05
3901,1.555,0.05
3902,1.11,0.05
3903,1.2962500000000001,0.05
3904,0.6762499999999999,0.05
3905,1.3675000000000002,0.05
3906,1.0225,0.05
3907,1.2750000000000001,0.05
3908,1.425,0.05
3909,0.8962500000000001,0.05
3910,0.9275000000000001,0.05
3911,1.185,0.05
3912,1.0775000000000001,0.05
3913,0.6950000000000001,0.05
3914,0.99,0.05
3915,1.1187500000000001,0.05
3916,1.29125,0.05
3917,1.07125,0.05
3918,0.99,0.05
3919,0.9875,0.05
3920,1.02625,0.05
3921,1.32,0.05
3922,0.8225,0.05
3923,1.11625,0.05
3924,1.06875,0.05
3925,1.48875,0.05
3926,0.8662500000000001,0.05
3927,1.2975,0.05
3928,1.4187500000000002,0.05
3929,1.1625,0.05
3930,0.7925000000000001,0.05
3931,1.2537500000000001,0.05
3932,0.8912500000000001,0.05
3933,1.24125,0.05
3934,1.1612500000000001,0.05
3935,1.3175000000000001,0.05
3936,0.8250000000000001,0.05
3937,0.8912500000000001,0.05
3938,1.39125,0.05
3939,1.2637500000000002,0.05
3940,1.29875,0.05
3941,1.03375,0.05
3942,0.845,0.05
3943,0.84375,0.05
3944,1.44875,0.05
3945,1.245,0.05
3946,1.01625,0.05
3947,1.18625,0.05
3948,0.3274999999999999,0.05
3949,1.15125,0.05
3950,1.3075,0.05
3951,0.88,0.05
3952,1.01125,0.05
3953,0.9875,0.05
3954,1.4800000000000002,0.05
3955,1.2025000000000001,0.05
3956,1.18375,0.05
3957,1.1825,0.05
3958,1.03875,0.05
3959,1.2550000000000001,0.05
3960,1.0750000000000002,0.05
3961,0.7649999999999999,0.05
3962,0.85875,0.05
3963,1.0575,0.05
3964,1.205,0.05
3965,1.49875,0.05
3966,0.935,0.05
3967,0.5262499999999997,0.05
3968,1.2937500000000002,0.05
3969,1.355,0.05
3970,1.09,0.05
3971,1.045,0.05
3972,1.07125,0.05
3973,1.1675,0.05
3974,1.3687500000000001,0.05
3975,1.1062500000000002,0.05
3976,1.1712500000000001,0.05
3977,1.3825,0.05
3978,1.0762500000000002,0.05
3979,1.13375,0.05
3980,1.28375,0.05
3981,0.8675,0.05
3982,0.85,0.05
3983,1.5274999999999999,0.05
3984,1.0525,0.05
3985,1.30875,0.05
3986,0.8975000000000001,0.05
3987,0.7637499999999999,0.05
3988,1.02125,0.05
3989,1.22625,0.05
3990,1.0875000000000001,0.05
3991,0.6912499999999999,0.05
3992,1.42625,0.05
3993,1.0075,0.05
3994,1.19,0.05
3995,1.1287500000000001,0.05
3996,1.2025000000000001,0.05
3997,0.9687500000000001,0.05
3998,1.06,0.05
3999,1.2650000000000001,0.05
4000,0.85625,0.05
4001,0.9687500000000001,0.05
4002,1.3687500000000001,0.05
4003,1.145,0.05
4004,0.8975000000000001,0.05
4005,0.9725,0.05
4006,0.7949999999999999,0.05
4007,1.04,0.05
4008,0.94625,0.05
4009,1.2575,0.05
4010,1.065,0.05
4011,1.55,0.05
4012,1.1300000000000001,0.05
4013,0.9712500000000001,0.05
4014,0.9687500000000001,0.05
4015,1.135,0.05
4016,1.135,0.05
4017,-0.0012499999999999734,0.05
4018,0.93,0.05
4019,0.7074999999999999,0.05
4020,0.96875,0.05
4021,0.4237499999999996,0.05
4022,1.185,0.05
4023,1.235,0.05
4024,1.0450000000000002,0.05
4025,1.17375,0.05
4026,1.1800000000000002,0.05
4027,1.07,0.05
4028,1.08,0.05
4029,1.1725,0.05
4030,0.86875,0.05
4031,1.045,0.05
4032,0.39624999999999977,0.05
4033,1.495,0.05
4034,1.07625,0.05
4035,1.475,0.05
4036,0.84,0.05
4037,1.22875,0.05
4038,1.38375,0.05
4039,0.9850000000000001,0.05
4040,1.13125,0.05
4041,1.22625,0.05
4042,1.11625,0.05
4043,1.33125,0.05
4044,1.24,0.05
4045,0.9275000000000001,0.05
4046,1.4275000000000002,0.05
4047,1.2075,0.05
4048,0.88,0.05
4049,1.45375,0.05
4050,0.92,0.05
4051,1.33125,0.05
4052,1.0750000000000002,0.05
4053,0.7187500000000001,0.05
4054,1.16625,0.05
4055,1.2325000000000002,0.05
4056,1.22625,0.05
4057,1.33125,0.05
4058,1.0987500000000001,0.05
4059,1.045,0.05
4060,1.1175000000000002,0.05
4061,1.53125,0.05
4062,0.43874999999999975,0.05
4063,0.88625,0.05
4064,1.07125,0.05
4065,1.1487500000000002,0.05
4066,0.895,0.05
4067,0.9825000000000002,0.05
4068,1.0037500000000001,0.05
4069,1.22875,0.05
4070,1.49875,0.05
4071,0.8324999999999999,0.05
4072,1.4225,0.05
4073,1.3725,0.05
4074,1.405,0.05
4075,1.04,0.05
4076,1.3625,0.05
4077,1.495,0.05
4078,1.06,0.05
4079,1.0212500000000002,0.05
4080,1.24,0.05
4081,1.07625,0.05
4082,1.4200000000000002,0.05
4083,1.2650000000000001,0.05
4084,1.4300000000000002,0.05
4085,1.2,0.05
4086,1.22125,0.05
4087,1.30875,0.05
4088,1.0,0.05
4089,1.3175000000000001,0.05
4090,1.0437500000000002,0.05
4091,0.9687500000000001,0.05
4092,1.0437500000000002,0.05
4093,1.13375,0.05
4094,1.1675,0.05
4095,1.2075,0.05
4096,1.3462500000000002,0.05
4097,1.165,0.05
4098,1.0250000000000001,0.05
4099,1.04,0.05
4100,0.80375,0.05
4101,1.32875,0.05
4102,0.4837499999999997,0.05
4103,-2.881250000000001,0.05
4104,0.9112500000000001,0.05
4105,1.27125,0.05
4106,1.1087500000000001,0.05
4107,1.2950000000000002,0.05
4108,0.895,0.05
4109,1.0837500000000002,0.05
4110,0.96625,0.05
4111,0.7137499999999999,0.05
4112,1.4125,0.05
4113,1.2175,0.05
4114,1.2175,0.05
4115,0.14500000000000002,0.05
4116,0.9275000000000001,0.05
4117,1.2575,0.05
4118,0.31499999999999995,0.05
4119,1.16625,0.05
4120,0.9,0.05
4121,1.3325,0.05
4122,1.29,0.05
4123,0.79625,0.05
4124,1.185,0.05
4125,1.25,0.05
4126,0.8550000000000001,0.05
4127,0.92625,0.05
4128,1.3050000000000002,0.05
4129,1.2750000000000001,0.05
4130,0.29249999999999976,0.05
4131,1.11,0.05
4132,1.21,0.05
4133,0.7125,0.05
4134,0.96625,0.05
4135,1.03875,0.05
4136,1.08875,0.05
4137,1.3887500000000002,0.05
4138,0.9450000000000001,0.05
4139,1.135,0.05
4140,0.9837500000000001,0.05
4141,1.44,0.05
4142,1.1,0.05
4143,0.43374999999999964,0.05
4144,1.0075,0.05
4145,0.91,0.05
4146,1.51375,0.05
4147,0.2587499999999998,0.05
4148,1.31375,0.05
4149,1.07625,0.05
4150,1.24125,0.05
4151,0.91125,0.05
4152,1.11125,0.05
4153,1.0237500000000002,0.05
4154,1.2537500000000001,0.05
4155,1.2650000000000001,0.05
4156,1.08,0.05
4157,0.19499999999999984,0.05
4158,1.0425,0.05
4159,1.2862500000000001,0.05
4160,1.05,0.05
4161,1.08125,0.05
4162,1.18625,0.05
4163,1.07,0.05
4164,1.08125,0.05
4165,1.165,0.05
4166,0.4049999999999996,0.05
4167,1.2275,0.05
4168,0.6937499999999999,0.05
4169,1.3725,0.05
4170,1.00625,0.05
4171,1.1687500000000002,0.05
4172,1.09375,0.05
4173,1.135,0.05
4174,0.6049999999999998,0.05
4175,0.8049999999999999,0.05
4176,1.20375,0.05
4177,1.32125,0.05
4178,0.99,0.05
4179,1.155,0.05
4180,1.02,0.05
4181,0.87,0.05
4182,1.1075,0.05
4183,1.54125,0.05
4184,1.205,0.05
4185,0.84125,0.05
4186,0.7387499999999999,0.05
4187,1.1800000000000002,0.05
4188,1.105,0.05
4189,0.8550000000000001,0.05
4190,1.05125,0.05
4191,1.0350000000000001,0.05
4192,1.2225000000000001,0.05
4193,1.07875,0.05
4194,0.7124999999999999,0.05
4195,0.6537499999999998,0.05
4196,1.38125,0.05
4197,1.0237500000000002,0.05
4198,0.9762500000000001,0.05
4199,1.12625,0.05
4200,1.2962500000000001,0.05
4201,1.33375,0.05
4202,1.3825,0.05
4203,1.0325000000000002,0.05
4204,1.3362500000000002,0.05
4205,1.1400000000000001,0.05
4206,1.1,0.05
4207,0.96,0.05
4208,1.2925,0.05
4209,0.7449999999999999,0.05
4210,1.355,0.05
4211,0.81875,0.05
4212,1.12375,0.05
4213,0.9500000000000001,0.05
4214,1.4200000000000002,0.05
4215,1.2637500000000002,0.05
4216,1.2937500000000002,0.05
4217,1.18375,0.05
4218,1.1,0.05
4219,0.905,0.05
4220,1.1912500000000001,0.05
4221,1.3362500000000002,0.05
4222,1.4125,0.05
4223,1.0150000000000001,0.05
4224,1.0437500000000002,0.05
4225,1.15375,0.05
4226,0.8049999999999999,0.05
4227,1.1475,0.05
4228,1.22625,0.05
4229,1.28125,0.05
4230,0.9062500000000001,0.05
4231,1.3175000000000001,0.05
4232,1.02,0.05
4233,1.07875,0.05
4234,0.9287500000000001,0.05
4235,1.0012500000000002,0.05
4236,0.6199999999999999,0.05
4237,0.9100000000000001,0.05
4238,1.0437500000000002,0.05
4239,1.5274999999999999,0.05
4240,1.145,0.05
4241,1.4025,0.05
4242,0.9500000000000001,0.05
4243,1.215,0.05
4244,1.27625,0.05
4245,1.13125,0.05
4246,1.2000000000000002,0.05
4247,1.1400000000000001,0.05
4248,1.385,0.05
4249,1.0037500000000001,0.05
4250,1.21,0.05
4251,0.82,0.05
4252,1.2112500000000002,0.05
4253,1.01125,0.05
4254,1.0462500000000001,0.05
4255,1.4312500000000001,0.05
4256,0.6712499999999999,0.05
4257,1.31375,0.05
4258,1.335,0.05
4259,1.2775,0.05
4260,1.19,0.05
4261,0.8487500000000001,0.05
4262,1.2200000000000002,0.05
4263,1.145,0.05
4264,1.24125,0.05
4265,1.33125,0.05
4266,0.7012499999999999,0.05
4267,0.9800000000000002,0.05
4268,1.08125,0.05
4269,1.195,0.05
4270,1.2275,0.05
4271,1.0437500000000002,0.05
4272,0.915,0.05
4273,0.9062500000000001,0.05
4274,1.435,0.05
4275,1.28875,0.05
4276,0.2649999999999999,0.05
4277,1.4900000000000002,0.05
4278,0.5237499999999997,0.05
4279,1.22625,0.05
4280,0.6537499999999998,0.05
4281,-0.32374999999999976,0.05
4282,1.0575,0.05
4283,1.17,0.05
4284,0.85875,0.05
4285,0.925,0.05
4286,0.9525000000000001,0.05
4287,1.3725,0.05
4288,1.24,0.05
4289,0.91,0.05
4290,1.15,0.05
4291,1.01625,0.05
4292,1.2437500000000001,0.05
4293,1.0037500000000001,0.05
4294,1.2650000000000001,0.05
4295,0.8350000000000001,0.05
4296,1.21,0.05
4297,0.88,0.05
4298,1.26625,0.05
4299,1.2725,0.05
4300,1.0987500000000001,0.05
4301,1.4125,0.05
4302,1.0137500000000002,0.05
4303,1.19,0.05
4304,1.4312500000000001,0.05
4305,1.27125,0.05
4306,1.0375,0.05
4307,1.0,0.05
4308,1.1300000000000001,0.05
4309,1.50875,0.05
4310,1.1075000000000002,0.05
4311,1.1500000000000001,0.05
4312,1.07625,0.05
4313,1.48625,0.05
4314,0.7449999999999999,0.05
4315,1.09,0.05
4316,1.37625,0.05
4317,0.97875,0.05
4318,1.0212500000000002,0.05
4319,1.2650000000000001,0.05
4320,0.5124999999999997,0.05
4321,0.7274999999999999,0.05
4322,1.11375,0.05
4323,0.915,0.05
4324,1.2775,0.05
4325,0.9737500000000001,0.05
4326,1.095,0.05
4327,1.11125,0.05
4328,0.83625,0.05
4329,1.05,0.05
4330,1.485,0.05
4331,0.84125,0.05
4332,1.11,0.05
4333,0.915,0.05
4334,1.0750000000000002,0.05
4335,1.0012500000000002,0.05
4336,1.1912500000000001,0.05
4337,1.1625,0.05
4338,1.3275000000000001,0.05
4339,1.26,0.05
4340,1.44375,0.05
4341,-2.8487499999999994,0.05
4342,1.1287500000000001,0.05
4343,0.9587500000000001,0.05
4344,1.05125,0.05
4345,1.03875,0.05
4346,0.84125,0.05
4347,0.6837499999999999,0.05
4348,1.445,0.05
4349,0.9900000000000001,0.05
4350,1.2975,0.05
4351,1.20875,0.05
4352,1.3462500000000002,0.05
4353,1.20375,0.05
4354,1.0150000000000001,0.05
4355,0.7949999999999999,0.05
4356,1.2650000000000001,0.05
4357,1.3675000000000002,0.05
4358,1.3025,0.05
4359,1.33375,0.05
4360,0.98,0.05
4361,1.0050000000000001,0.05
4362,0.8375,0.05
4363,1.4725000000000001,0.05
4364,1.5274999999999999,0.05
4365,1.2200000000000002,0.05
4366,1.02125,0.05
4367,0.3849999999999998,0.05
4368,0.28749999999999987,0.05
4369,1.155,0.05
4370,1.0075,0.05
4371,1.20375,0.05
4372,1.06,0.05
4373,-2.806250000000001,0.05
4374,1.06,0.05
4375,1.2275,0.05
4376,1.28,0.05
4377,1.0212500000000002,0.05
4378,1.09,0.05
4379,1.195,0.05
4380,1.24125,0.05
4381,0.6499999999999998,0.05
4382,0.99,0.05
4383,1.2525,0.05
4384,0.90625,0.05
4385,0.10499999999999976,0.05
4386,0.6699999999999999,0.05
4387,0.6912499999999998,0.05
4388,1.29125,0.05
4389,1.29125,0.05
4390,1.35375,0.05
4391,1.13125,0.05
4392,-2.89375,0.05
4393,0.8912500000000001,0.05
4394,1.1712500000000001,0.05
4395,1.07125,0.05
4396,0.9162500000000001,0.05
4397,1.07625,0.05
4398,0.82,0.05
4399,1.1612500000000001,0.05
4400,0.6937499999999999,0.05
4401,1.2625000000000002,0.05
4402,1.17375,0.05
4403,1.22625,0.05
4404,0.8562500000000001,0.05
4405,1.115,0.05
4406,1.3725,0.05
4407,0.7575,0.05
4408,1.2575,0.05
4409,1.2525,0.05
4410,1.3900000000000001,0.05
4411,0.20124999999999993,0.05
4412,1.07625,0.05
4413,0.9100000000000001,0.05
4414,1.135,0.05
4415,1.0375,0.05
4416,0.78875,0.05
4417,0.9475,0.05
4418,1.385,0.05
4419,0.9287500000000001,0.05
4420,1.07375,0.05
4421,1.07625,0.05
4422,0.5499999999999997,0.05
4423,1.4175000000000002,0.05
4424,1.2025000000000001,0.05
4425,1.13125,0.05
4426,-2.8787500000000006,0.05
4427,1.3275000000000001,0.05
4428,-2.7987500000000005,0.05
4429,1.0550000000000002,0.05
4430,1.0437500000000002,0.05
4431,0.2562500000000001,0.05
4432,1.1125,0.05
4433,1.15,0.05
4434,0.6399999999999998,0.05
4435,1.0550000000000002,0.05
4436,1.1487500000000002,0.05
4437,1.31375,0.05
4438,0.7162499999999998,0.05
4439,1.01625,0.05
4440,1.085,0.05
4441,1.2725,0.05
4442,1.045,0.05
4443,1.09375,0.05
4444,0.7299999999999999,0.05
4445,0.9700000000000001,0.05
4446,1.1725,0.05
4447,0.9850000000000001,0.05
4448,1.355,0.05
4449,-0.30624999999999947,0.05
4450,0.9837500000000001,0.05
4451,1.2975,0.05
4452,1.3462500000000002,0.05
4453,1.01,0.05
4454,1.1525,0.05
4455,0.34124999999999983,0.05
4456,1.0150000000000001,0.05
4457,1.1062500000000002,0.05
4458,1.18125,0.05
4459,1.3325,0.05
4460,1.085,0.05
4461,0.98875,0.05
4462,1.1887500000000002,0.05
4463,0.915,0.05
4464,-2.792500000000001,0.05
4465,1.18125,0.05
4466,0.9850000000000001,0.05
4467,1.13125,0.05
4468,0.8675,0.05
4469,1.4675,0.05
4470,1.1125,0.05
4471,0.935,0.05
4472,1.2637500000000002,0.05
4473,0.89375,0.05
4474,1.1812500000000001,0.05
4475,1.1525,0.05
4476,1.22875,0.05
4477,1.0025,0.05
4478,1.13625,0.05
4479,0.9450000000000001,0.05
4480,1.4300000000000002,0.05
4481,1.0075,0.05
4482,1.28375,0.05
4483,1.17375,0.05
4484,0.9975,0.05
4485,1.2637500000000002,0.05
4486,1.3675000000000002,0.05
4487,-0.7174999999999996,0.05
4488,1.45875,0.05
4489,1.15375,0.05
4490,1.0050000000000001,0.05
4491,1.07375,0.05
4492,1.40375,0.05
4493,0.9750000000000001,0.05
4494,1.2775,0.05
4495,0.9712500000000001,0.05
4496,0.9837500000000001,0.05
4497,0.9400000000000001,0.05
4498,1.2112500000000002,0.05
4499,0.4474999999999997,0.05
4500,0.3849999999999998,0.05
4501,-0.05624999999999969,0.05
4502,1.2725,0.05
4503,1.155,0.05
4504,1.2025000000000001,0.05
4505,1.33125,0.05
4506,0.5799999999999997,0.05
4507,0.9712500000000001,0.05
4508,1.36,0.05
4509,1.00625,0.05
4510,0.935,0.05
4511,1.1725,0.05
4512,0.9875,0.05
4513,0.8725,0.05
4514,1.3,0.05
4515,1.0525,0.05
4516,1.2075,0.05
4517,-0.3512499999999994,0.05
4518,1.07125,0.05
4519,0.9525000000000001,0.05
4520,0.8775000000000001,0.05
4521,0.87875,0.05
4522,1.0437500000000002,0.05
4523,1.1975,0.05
4524,1.0237500000000002,0.05
4525,1.3,0.05
4526,0.7149999999999999,0.05
4527,1.2075,0.05
4528,0.2237499999999999,0.05
4529,0.6187499999999998,0.05
4530,1.165,0.05
4531,1.20375,0.05
4532,1.12375,0.05
4533,1.06,0.05
4534,1.2375,0.05
4535,1.08,0.05
4536,1.0425,0.05
4537,1.2550000000000001,0.05
4538,0.715,0.05
4539,1.2775,0.05
4540,1.2075,0.05
4541,1.08375,0.05
4542,1.05875,0.05
4543,1.4125,0.05
4544,1.0050000000000001,0.05
4545,1.1800000000000002,0.05
4546,1.08125,0.05
4547,1.1325,0.05
4548,1.1300000000000001,0.05
4549,1.2437500000000001,0.05
4550,0.6599999999999999,0.05
4551,0.9287500000000001,0.05
4552,1.27625,0.05
4553,1.02625,0.05
4554,1.16625,0.05
4555,1.2175,0.05
4556,1.3275000000000001,0.05
4557,0.7949999999999999,0.05
4558,1.07625,0.05
4559,0.9675,0.05
4560,1.3125,0.05
4561,1.1925000000000001,0.05
4562,0.67625,0.05
4563,1.19875,0.05
4564,1.23625,0.05
4565,1.295,0.05
4566,0.93,0.05
4567,1.31375,0.05
4568,0.81375,0.05
4569,1.11,0.05
4570,1.115,0.05
4571,1.2675,0.05
4572,1.1175000000000002,0.05
4573,1.435,0.05
4574,1.3687500000000001,0.05
4575,1.2437500000000001,0.05
4576,1.1,0.05
4577,1.04,0.05
4578,0.9950000000000001,0.05
4579,1.35,0.05
4580,0.85875,0.05
4581,0.87875,0.05
4582,1.38125,0.05
4583,1.23625,0.05
4584,1.1187500000000001,0.05
4585,0.875,0.05
4586,1.3575000000000002,0.05
4587,1.24,0.05
4588,1.13125,0.05
4589,1.1300000000000001,0.05
4590,1.1912500000000001,0.05
4591,1.11125,0.05
4592,0.9325000000000001,0.05
4593,0.7749999999999999,0.05
4594,1.06,0.05
4595,1.1525,0.05
4596,1.00625,0.05
4597,1.0050000000000001,0.05
4598,0.86,0.05
4599,1.4200000000000002,0.05
4600,1.4775,0.05
4601,0.73875,0.05
4602,1.11,0.05
4603,1.0250000000000001,0.05
4604,0.9500000000000001,0.05
4605,0.8562500000000001,0.05
4606,1.15375,0.05
4607,0.6399999999999999,0.05
4608,1.0987500000000001,0.05
4609,1.04,0.05
4610,1.28875,0.05
4611,0.9587500000000001,0.05
4612,1.54125,0.05
4613,-0.2537499999999997,0.05
4614,1.15375,0.05
4615,-0.05874999999999986,0.05
4616,1.18375,0.05
4617,1.3362500000000002,0.05
4618,1.06875,0.05
4619,1.01875,0.05
4620,1.17,0.05
4621,0.73125,0.05
4622,1.1675,0.05
4623,0.6149999999999999,0.05
4624,0.9137500000000001,0.05
4625,0.8900000000000001,0.05
4626,1.13625,0.05
4627,-2.843750000000001,0.05
4628,1.13125,0.05
4629,1.54125,0.05
4630,1.09375,0.05
4631,1.1487500000000002,0.05
4632,1.27,0.05
4633,1.1,0.05
4634,1.225,0.05
4635,1.1912500000000001,0.05
4636,0.4149999999999996,0.05
4637,1.1575,0.05
4638,1.0425,0.05
4639,1.54125,0.05
4640,1.2075,0.05
4641,1.2225000000000001,0.05
4642,0.3587499999999997,0.05
4643,1.1675,0.05
4644,0.935,0.05
4645,1.2225000000000001,0.05
4646,1.2312500000000002,0.05
4647,0.6749999999999998,0.05
4648,1.1675,0.05
4649,1.2225000000000001,0.05
4650,1.3,0.05
4651,1.0625,0.05
4652,1.0662500000000001,0.05
4653,1.0250000000000001,0.05
4654,0.87375,0.05
4655,1.3462500000000002,0.05
4656,0.83,0.05
4657,0.4399999999999997,0.05
4658,0.9862500000000001,0.05
4659,1.12625,0.05
4660,1.1875,0.05
4661,0.6599999999999998,0.05
4662,1.095,0.05
4663,1.31,0.05
4664,0.5174999999999998,0.05
4665,1.2625000000000002,0.05
4666,1.15375,0.05
4667,1.385,0.05
4668,1.5037500000000001,0.05
4669,1.51375,0.05
4670,1.1675,0.05
4671,0.9850000000000001,0.05
4672,1.13625,0.05
4673,-0.00749999999999984,0.05
4674,0.8900000000000001,0.05
4675,1.00625,0.05
4676,0.5437499999999997,0.05
4677,0.9275000000000001,0.05
4678,1.26625,0.05
4679,1.125,0.05
4680,1.0025,0.05
4681,0.2812499999999998,0.05
4682,1.20375,0.05
4683,0.9837500000000001,0.05
4684,1.155,0.05
4685,1.14375,0.05
4686,1.0250000000000001,0.05
4687,0.9587500000000001,0.05
4688,1.13625,0.05
4689,0.49499999999999966,0.05
4690,1.3900000000000001,0.05
4691,1.5499999999999998,0.05
4692,0.6712499999999999,0.05
4693,1.3625,0.05
4694,1.195,0.05
4695,1.37125,0.05
4696,1.24,0.05
4697,0.9712500000000002,0.05
4698,1.3625,0.05
4699,1.1912500000000001,0.05
4700,1.215,0.05
4701,1.145,0.05
4702,1.3325,0.05
4703,1.18625,0.05
4704,1.0575,0.05
4705,1.1475,0.05
4706,0.9550000000000001,0.05
4707,1.3625,0.05
4708,1.3675000000000002,0.05
4709,1.2937500000000002,0.05
4710,1.3487500000000001,0.05
4711,1.095,0.05
4712,1.23125,0.05
4713,1.08,0.05
4714,0.9950000000000001,0.05
4715,1.44875,0.05
4716,1.1525,0.05
4717,-0.03624999999999989,0.05
4718,1.07875,0.05
4719,0.5687499999999998,0.05
4720,1.19875,0.05
4721,1.295,0.05
4722,1.4175000000000002,0.05
4723,1.3325,0.05
4724,1.0750000000000002,0.05
4725,0.73125,0.05
4726,1.2975,0.05
4727,1.28375,0.05
4728,1.06125,0.05
4729,1.19,0.05
4730,0.9525000000000001,0.05
4731,1.2637500000000002,0.05
4732,1.2025000000000001,0.05
4733,0.89,0.05
4734,1.15375,0.05
4735,1.2337500000000001,0.05
4736,0.6362499999999998,0.05
4737,0.9712500000000001,0.05
4738,1.4025,0.05
4739,1.155,0.05
4740,1.2875,0.05
4741,0.84,0.05
4742,1.22875,0.05
4743,1.4625000000000001,0.05
4744,1.355,0.05
4745,1.3362500000000002,0.05
4746,1.06125,0.05
4747,1.0975000000000001,0.05
4748,1.23625,0.05
4749,1.3800000000000001,0.05
4750,1.03125,0.05
4751,1.32125,0.05
4752,1.39375,0.05
4753,0.6487499999999998,0.05
4754,1.31375,0.05
4755,1.295,0.05
4756,1.3487500000000001,0.05
4757,1.2337500000000001,0.05
4758,1.28,0.05
4759,1.0875000000000001,0.05
4760,1.145,0.05
4761,1.18125,0.05
4762,1.245,0.05
4763,1.13625,0.05
4764,1.1887500000000002,0.05
4765,1.0625,0.05
4766,0.85625,0.05
4767,1.1175000000000002,0.05
4768,1.1725,0.05
4769,1.405,0.05
4770,1.235,0.05
4771,0.81875,0.05
4772,0.7637499999999999,0.05
4773,1.27625,0.05
4774,1.4300000000000002,0.05
4775,1.02,0.05
4776,1.1162500000000002,0.05
4777,1.45875,0.05
4778,0.91625,0.05
4779,1.0762500000000002,0.05
4780,0.6412499999999999,0.05
4781,0.9937500000000001,0.05
4782,1.0237500000000002,0.05
4783,-0.34249999999999914,0.05
4784,1.20375,0.05
4785,1.1487500000000002,0.05
4786,1.09,0.05
4787,1.44375,0.05
4788,1.2200000000000002,0.05
4789,0.78125,0.05
4790,1.04,0.05
4791,1.1675,0.05
4792,0.9712500000000002,0.05
4793,1.3275000000000001,0.05
4794,0.9450000000000001,0.05
4795,1.235,0.05
4796,0.5999999999999998,0.05
4797,1.39125,0.05
4798,1.29,0.05
4799,0.9687500000000001,0.05
4800,0.4949999999999998,0.05
4801,1.3075,0.05
4802,1.165,0.05
4803,1.27,0.05
4804,0.9525000000000001,0.05
4805,1.3137500000000002,0.05
4806,1.2550000000000001,0.05
4807,1.12,0.05
4808,0.81125,0.05
4809,1.39375,0.05
4810,1.2337500000000001,0.05
4811,1.22125,0.05
4812,1.065,0.05
4813,1.0,0.05
4814,1.18625,0.05
4815,0.84625,0.05
4816,1.2750000000000001,0.05
4817,1.2075,0.05
4818,1.1475,0.05
4819,1.25875,0.05
4820,0.99,0.05
4821,1.09,0.05
4822,1.39625,0.05
4823,1.17625,0.05
4824,1.04,0.05
4825,1.195,0.05
4826,1.22125,0.05
4827,1.10125,0.05
4828,0.93,0.05
4829,1.07875,0.05
4830,1.095,0.05
4831,0.7299999999999999,0.05
4832,1.1487500000000002,0.05
4833,0.3574999999999997,0.05
4834,1.145,0.05
4835,1.3900000000000001,0.05
4836,1.36625,0.05
4837,1.02625,0.05
4838,1.1975000000000002,0.05
4839,1.2087500000000002,0.05
4840,0.94125,0.05
4841,0.815,0.05
4842,1.2075,0.05
4843,1.30875,0.05
4844,1.4825000000000002,0.05
4845,1.43625,0.05
4846,1.38375,0.05
4847,1.3225,0.05
4848,0.83625,0.05
4849,1.21875,0.05
4850,1.36,0.05
4851,1.3,0.05
4852,0.7937500000000001,0.05
4853,0.9950000000000001,0.05
4854,1.2025000000000001,0.05
4855,0.8175,0.05
4856,1.355,0.05
4857,1.1912500000000001,0.05
4858,1.21625,0.05
4859,1.16625,0.05
4860,0.9712500000000002,0.05
4861,1.495,0.05
4862,1.215,0.05
4863,1.1175000000000002,0.05
4864,0.41375000000000006,0.05
4865,1.06875,0.05
4866,0.9687500000000001,0.05
4867,0.9975,0.05
4868,0.7675,0.05
4869,0.6724999999999999,0.05
4870,1.3137500000000002,0.05
4871,1.0550000000000002,0.05
4872,0.9325000000000001,0.05
4873,1.1287500000000001,0.05
4874,-2.9125000000000005,0.05
4875,1.2962500000000001,0.05
4876,1.28125,0.05
4877,1.08375,0.05
4878,1.195,0.05
4879,1.2525,0.05
4880,1.2675,0.05
4881,1.1300000000000001,0.05
4882,1.1300000000000001,0.05
4883,0.8925000000000001,0.05
4884,1.38125,0.05
4885,1.0350000000000001,0.05
4886,0.15500000000000047,0.05
4887,1.05125,0.05
4888,1.0987500000000001,0.05
4889,1.09,0.05
4890,1.405,0.05
4891,1.1500000000000001,0.05
4892,0.905,0.05
4893,1.1575000000000002,0.05
4894,0.7487499999999999,0.05
4895,1.1675,0.05
4896,1.13125,0.05
4897,1.4900000000000002,0.05
4898,1.2825000000000002,0.05
4899,1.13125,0.05
4900,1.165,0.05
4901,1.09375,0.05
4902,0.6037499999999998,0.05
4903,1.335,0.05
4904,1.3487500000000001,0.05
4905,1.33,0.05
4906,1.0987500000000001,0.05
4907,1.26375,0.05
4908,0.91625,0.05
4909,1.4175000000000002,0.05
4910,1.07625,0.05
4911,0.9500000000000001,0.05
4912,1.06125,0.05
4913,-2.7987499999999996,0.05
4914,1.095,0.05
4915,0.98,0.05
4916,1.0875000000000001,0.05
4917,1.295,0.05
4918,1.0350000000000001,0.05
4919,0.87875,0.05
4920,1.095,0.05
4921,1.22125,0.05
4922,0.8225,0.05
4923,0.7350000000000001,0.05
4924,1.1487500000000002,0.05
4925,0.6649999999999998,0.05
4926,1.0475,0.05
4927,1.0975000000000001,0.05
4928,0.9950000000000001,0.05
4929,1.5274999999999999,0.05
4930,1.23125,0.05
4931,1.4412500000000001,0.05
4932,0.06624999999999992,0.05
4933,1.11625,0.05
4934,0.84,0.05
4935,1.2937500000000002,0.05
4936,0.96625,0.05
4937,1.045,0.05
4938,1.08,0.05
4939,0.785,0.05
4940,0.98,0.05
4941,1.3125,0.05
4942,1.2075,0.05
4943,1.485,0.05
4944,1.24125,0.05
4945,1.365,0.05
4946,1.02125,0.05
4947,0.8875000000000002,0.05
4948,0.88,0.05
4949,1.39375,0.05
4950,-2.7175000000000007,0.05
4951,1.3325,0.05
4952,1.50875,0.05
4953,1.11625,0.05
4954,1.19375,0.05
4955,1.245,0.05
4956,1.1325,0.05
4957,1.09,0.05
4958,1.1325,0.05
4959,1.225,0.05
4960,1.49875,0.05
4961,0.9950000000000001,0.05
4962,1.4900000000000002,0.05
4963,-2.8600000000000008,0.05
4964,1.3075,0.05
4965,0.6724999999999999,0.05
4966,1.02625,0.05
4967,0.925,0.05
4968,0.9650000000000001,0.05
4969,1.2525,0.05
4970,1.2275,0.05
4971,0.98,0.05
4972,1.3800000000000001,0.05
4973,1.13125,0.05
4974,1.12125,0.05
4975,0.87,0.05
4976,1.24,0.05
4977,1.30375,0.05
4978,1.34375,0.05
4979,1.345,0.05
4980,0.5937499999999998,0.05
4981,0.09000000000000008,0.05
4982,1.3162500000000001,0.05
4983,1.15375,0.05
4984,1.19625,0.05
4985,1.0987500000000001,0.05
4986,1.40375,0.05
4987,0.9837500000000001,0.05
4988,1.3262500000000002,0.05
4989,1.5225000000000002,0.05
4990,1.2175,0.05
4991,1.01375,0.05
4992,0.9162500000000001,0.05
4993,1.03375,0.05
4994,1.19875,0.05
4995,1.36375,0.05
4996,1.20625,0.05
4997,0.9587500000000001,0.05
4998,1.1,0.05
4999,1.0875000000000001,0.05
5000,1.2225000000000001,0.05
