episode,reward,epsilon
1,-2.892500000000001,0.5
2,-3.140000000000002,0.4975
3,-3.0087499999999996,0.4950125
4,-3.23875,0.4925374375
5,-2.9487500000000004,0.49007475031250003
6,-2.9012500000000006,0.48762437656093754
7,-3.053750000000001,0.48518625467813287
8,-0.4724999999999988,0.4827603234047422
9,-3.028750000000001,0.4803465217877185
10,-2.6400000000000006,0.47794478917877986
11,-3.0950000000000015,0.47555506523288593
12,-3.2312500000000006,0.4731772899067215
13,-3.0762500000000013,0.47081140345718786
14,-2.9387500000000006,0.46845734643990194
15,-3.51875,0.46611505970770245
16,-3.075000000000002,0.4637844844091639
17,-3.010000000000001,0.4614655619871181
18,-2.84625,0.4591582341771825
19,-3.0000000000000004,0.4568624430062966
20,-3.235,0.4545781307912651
21,-2.8950000000000005,0.4523052401373088
22,1.0437500000000002,0.45004371393662224
23,-2.8687500000000004,0.44779349536693913
24,-3.14875,0.4455545278901044
25,0.6312499999999998,0.4433267552506539
26,-3.0350000000000015,0.44111012147440065
27,-3.421249999999999,0.43890457086702866
28,-2.8837500000000005,0.43671004801269353
29,-3.1975000000000016,0.4345264977726301
30,-2.80875,0.4323538652837669
31,-3.106250000000002,0.4301920959573481
32,-0.9199999999999995,0.42804113547756134
33,-3.8299999999999996,0.4259009298001735
34,-3.02125,0.42377142515117266
35,-2.9825000000000004,0.4216525680254168
36,-2.9800000000000004,0.4195443051852897
37,-2.975000000000001,0.4174465836593632
38,-2.8600000000000008,0.4153593507410664
39,-3.0674999999999994,0.4132825539873611
40,-3.4200000000000004,0.4112161412174243
41,-3.0025000000000013,0.40916006051133713
42,-3.041250000000001,0.40711426020878044
43,-2.9300000000000006,0.4050786889077365
44,-2.7687500000000003,0.40305329546319785
45,-2.8225000000000002,0.40103802898588187
46,-3.091250000000001,0.3990328388409525
47,-3.1500000000000012,0.3970376746467477
48,-3.1387500000000004,0.39505248627351397
49,-3.020000000000001,0.3930772238421464
50,-3.115000000000001,0.3911118377229357
51,-2.9862500000000005,0.389156278534321
52,-2.885000000000001,0.3872104971416494
53,-3.0512500000000014,0.38527444465594113
54,-2.892500000000001,0.38334807243266145
55,-2.986250000000001,0.3814313320704981
56,0.77,0.3795241754101456
57,-2.9475000000000007,0.37762655453309485
58,-2.890000000000001,0.3757384217604294
59,-3.001250000000001,0.3738597296516272
60,-3.0049999999999994,0.3719904310033691
61,-3.062500000000001,0.37013047884835226
62,-2.8600000000000003,0.3682798264541105
63,-2.9287500000000004,0.36643842732183995
64,-3.0387500000000003,0.3646062351852308
65,-3.1787500000000013,0.36278320400930464
66,-2.69375,0.3609692879892581
67,-2.976250000000001,0.3591644415493118
68,-0.5599999999999992,0.3573686193415653
69,-2.977500000000001,0.35558177624485743
70,-3.1574999999999998,0.3538038673636331
71,-2.96875,0.35203484802681495
72,-2.9912500000000013,0.35027467378668087
73,-3.0200000000000014,0.3485233004177475
74,-3.0100000000000007,0.34678068391565875
75,-2.8775,0.34504678049608045
76,-2.8287500000000008,0.34332154659360004
77,-2.9025,0.34160493886063203
78,-3.086250000000001,0.3398969141663289
79,-2.982500000000001,0.33819742959549726
80,-3.3325,0.33650644244751976
81,-2.767499999999999,0.3348239102352822
82,-2.950000000000001,0.3331497906841058
83,-2.9700000000000006,0.33148404173068524
84,-2.9162500000000007,0.3298266215220318
85,-3.001250000000001,0.3281774884144216
86,-2.688750000000001,0.3265366009723495
87,-2.948750000000001,0.32490391796748774
88,-3.21125,0.3232793983776503
89,-3.081250000000001,0.32166300138576204
90,-3.2000000000000015,0.3200546863788332
91,-3.0012500000000015,0.31845441294693905
92,-2.911250000000001,0.3168621408822043
93,-2.9325000000000006,0.3152778301777933
94,-2.923750000000001,0.31370144102690434
95,-3.0475000000000008,0.3121329338217698
96,-3.17125,0.31057226915266095
97,-2.9225000000000008,0.30901940780689763
98,-2.8000000000000007,0.30747431076786313
99,-3.020000000000001,0.3059369392140238
100,-2.91875,0.3044072545179537
101,-2.9775000000000014,0.3028852182453639
102,-2.8625000000000003,0.3013707921541371
103,-2.9712500000000013,0.29986393819336643
104,-2.8787500000000006,0.2983646185023996
105,-3.103750000000001,0.2968727954098876
106,-3.1450000000000014,0.29538843143283816
107,-2.982500000000001,0.29391148927567395
108,-3.2400000000000015,0.29244193182929556
109,-3.39125,0.2909797221701491
110,-2.9275000000000007,0.28952482355929837
111,-3.051250000000001,0.2880771994415019
112,-2.8662500000000004,0.28663681344429437
113,-2.8037500000000004,0.2852036293770729
114,-2.8362500000000006,0.2837776112301875
115,-2.8000000000000007,0.2823587231740366
116,-2.910000000000001,0.2809469295581664
117,-3.1412499999999994,0.2795421949103756
118,-2.7350000000000003,0.2781444839358237
119,-3.000000000000001,0.27675376151614456
120,-2.9300000000000006,0.2753699927085638
121,0.6049999999999999,0.273993142745021
122,-3.4199999999999995,0.2726231770312959
123,-2.98375,0.27126006114613943
124,0.20750000000000024,0.26990376084040874
125,-3.0837499999999998,0.2685542420362067
126,-3.017500000000001,0.26721147082602564
127,-2.9825000000000004,0.2658754134718955
128,-3.0700000000000016,0.26454603640453606
129,-2.978750000000001,0.2632233062225134
130,-3.1325000000000003,0.2619071896914008
131,-3.0162500000000003,0.2605976537429438
132,-3.0587500000000003,0.2592946654742291
133,-3.0387500000000007,0.25799819214685793
134,-3.008750000000001,0.25670820118612364
135,-2.9000000000000004,0.255424660180193
136,-3.0775000000000023,0.25414753687929204
137,-3.1337500000000005,0.2528767991948956
138,-3.145000000000001,0.2516124151989211
139,-3.055000000000001,0.2503543531229265
140,-2.9600000000000004,0.24910258135731184
141,-2.9512500000000013,0.24785706845052527
142,-2.8975,0.24661778310827265
143,-2.872500000000001,0.2453846941927313
144,-2.8937500000000003,0.24415777072176764
145,-3.028750000000001,0.2429369818681588
146,-3.0075000000000007,0.241722296958818
147,-3.010000000000001,0.2405136854740239
148,0.5787499999999999,0.23931111704665378
149,-2.956250000000001,0.23811456146142052
150,-3.016250000000001,0.2369239886541134
151,-2.7849999999999993,0.23573936871084283
152,-2.8100000000000005,0.23456067186728863
153,-2.930000000000001,0.23338786850795218
154,-2.7600000000000007,0.23222092916541243
155,-2.963750000000001,0.23105982451958537
156,-2.886250000000001,0.22990452539698744
157,-3.008749999999999,0.2287550027700025
158,-2.7925000000000004,0.22761122775615247
159,-2.8612500000000005,0.2264731716173717
160,-2.9987500000000016,0.22534080575928486
161,-2.8625000000000007,0.22421410173048845
162,-0.9200000000000002,0.223093031221836
163,-2.9699999999999998,0.2219775660657268
164,-2.991250000000001,0.22086767823539816
165,-3.04625,0.21976333984422117
166,-2.9612500000000015,0.21866452314500007
167,-2.998750000000001,0.21757120052927506
168,-2.960000000000001,0.21648334452662868
169,-2.9125000000000005,0.21540092780399553
170,-2.9087500000000013,0.21432392316497556
171,-2.9675000000000016,0.21325230354915067
172,-2.9525000000000015,0.21218604203140493
173,-2.9675000000000007,0.2111251118212479
174,-2.8812500000000005,0.21006948626214167
175,0.7512500000000001,0.20901913883083095
176,-3.2912499999999993,0.2079740431366768
177,-3.020000000000001,0.20693417292099342
178,-2.9337500000000007,0.20589950205638846
179,-2.7924999999999995,0.20487000454610652
180,-3.0100000000000016,0.20384565452337597
181,-2.9975000000000005,0.20282642625075908
182,-3.1975000000000016,0.2018122941195053
183,-2.8000000000000007,0.20080323264890776
184,-0.9349999999999996,0.1997992164856632
185,-2.7375000000000003,0.1988002204032349
186,-2.66875,0.19780621930121872
187,-2.8850000000000016,0.19681718820471264
188,-2.8862499999999995,0.19583310226368908
189,-2.8675,0.19485393675237064
190,-2.946250000000001,0.1938796670686088
191,-2.87375,0.19291026873326575
192,-2.785000000000001,0.19194571738959942
193,-2.9612500000000006,0.1909859888026514
194,-2.912500000000001,0.19003105885863816
195,-0.825,0.18908090356434498
196,-2.9050000000000007,0.18813549904652327
197,-0.34124999999999917,0.18719482155129066
198,-2.912500000000001,0.18625884744353421
199,-2.8125000000000004,0.18532755320631655
200,-3.5425000000000013,0.18440091544028497
201,-0.04499999999999971,0.18347891086308354
202,-3.016250000000001,0.18256151630876813
203,-2.861250000000001,0.1816487087272243
204,-0.31249999999999956,0.1807404651835882
205,-2.8187500000000005,0.17983676285767025
206,0.87875,0.1789375790433819
207,-3.081250000000001,0.178042891148165
208,1.3337500000000002,0.17715267669242415
209,-2.8462500000000004,0.17626691330896202
210,-2.7299999999999995,0.1753855787424172
211,-2.961250000000001,0.17450865084870512
212,-3.560000000000001,0.1736361075944616
213,0.24999999999999956,0.1727679270564893
214,-2.8849999999999993,0.17190408742120686
215,-2.830000000000001,0.1710445669841008
216,-2.855000000000001,0.1701893441491803
217,0.0025000000000001688,0.1693383974284344
218,1.33125,0.16849170544129222
219,-2.9800000000000013,0.16764924691408575
220,-2.792500000000001,0.16681100067951532
221,-0.0012499999999997513,0.16597694567611773
222,1.01125,0.16514706094773715
223,-3.100000000000001,0.16432132564299848
224,-2.9312500000000004,0.1634997190147835
225,-0.17624999999999957,0.1626822204197096
226,-2.9762499999999994,0.16186880931761105
227,-2.962500000000001,0.161059465271023
228,-2.7899999999999996,0.16025416794466787
229,0.38624999999999976,0.15945289710494454
230,-2.873750000000001,0.1586556326194198
231,-3.010000000000001,0.1578623544563227
232,-2.698750000000001,0.1570730426840411
233,-1.0874999999999988,0.1562876774706209
234,-1.0587499999999994,0.15550623908326777
235,-2.843750000000001,0.15472870788785142
236,-2.891250000000001,0.15395506434841216
237,-2.903750000000001,0.1531852890266701
238,-2.7399999999999998,0.15241936258153677
239,-0.6949999999999996,0.1516572657686291
240,-2.825,0.15089897943978595
241,-3.0700000000000003,0.15014448454258703
242,-2.830000000000001,0.1493937621198741
243,-2.8050000000000006,0.14864679330927472
244,-2.8200000000000007,0.14790355934272834
245,-0.08749999999999991,0.1471640415460147
246,-2.8887500000000004,0.14642822133828462
247,-2.7812500000000004,0.1456960802315932
248,-3.0175000000000005,0.14496759983043522
249,-2.7687500000000003,0.14424276183128304
250,-2.7625000000000006,0.14352154802212663
251,-2.6999999999999997,0.142803940282016
252,-2.8675000000000015,0.14208992058060593
253,-2.8862500000000004,0.1413794709777029
254,-2.9387500000000006,0.14067257362281438
255,1.495,0.1399692107547003
256,-2.9712500000000013,0.13926936470092682
257,-2.980000000000001,0.13857301787742218
258,-2.835000000000001,0.13788015278803506
259,-2.9525000000000006,0.1371907520240949
260,-2.956250000000001,0.1365047982639744
261,-3.1412500000000017,0.13582227427265453
262,-2.8625000000000007,0.13514316290129125
263,-2.8800000000000017,0.1344674470867848
264,-2.8925,0.13379510985135087
265,-2.9600000000000013,0.1331261343020941
266,-2.905000000000001,0.13246050363058365
267,-2.781250000000001,0.13179820111243074
268,-2.8612500000000005,0.13113921010686858
269,-2.8962500000000007,0.13048351405633424
270,-2.825000000000001,0.12983109648605257
271,-2.792500000000001,0.1291819410036223
272,-2.848750000000001,0.1285360312986042
273,-2.8000000000000007,0.12789335114211117
274,-2.7362500000000005,0.12725388438640062
275,-2.998750000000001,0.1266176149644686
276,-2.86,0.12598452688964626
277,-2.9000000000000012,0.12535460425519804
278,-2.9475000000000007,0.12472783123392205
279,-2.9237500000000014,0.12410419207775243
280,-2.880000000000001,0.12348367111736366
281,-2.786250000000001,0.12286625276177685
282,-2.900000000000001,0.12225192149796796
283,-2.61875,0.12164066189047812
284,0.8975000000000001,0.12103245858102572
285,-2.93,0.1204272962881206
286,-2.7362500000000005,0.11982515980668
287,-2.9124999999999996,0.1192260340076466
288,-3.182500000000002,0.11862990383760837
289,-2.860000000000001,0.11803675431842033
290,-3.0124999999999997,0.11744657054682822
291,-2.7875000000000005,0.11685933769409408
292,-2.9225000000000008,0.11627504100562361
293,-3.7437499999999995,0.1156936658005955
294,-2.9187500000000006,0.11511519747159252
295,-2.850000000000001,0.11453962148423455
296,-2.9175000000000013,0.11396692337681337
297,-2.956250000000001,0.11339708875992931
298,0.9750000000000001,0.11283010331612967
299,-2.910000000000001,0.11226595279954901
300,-2.930000000000001,0.11170462303555127
301,-3.1187500000000017,0.11114609992037351
302,-2.911250000000001,0.11059036942077165
303,-2.8937500000000007,0.11003741757366779
304,-2.862500000000001,0.10948723048579945
305,-3.001250000000001,0.10893979433337045
306,-2.886250000000001,0.1083950953617036
307,-2.930000000000001,0.10785311988489507
308,-3.3700000000000023,0.10731385428547059
309,-3.3887499999999995,0.10677728501404324
310,-2.987500000000001,0.10624339858897303
311,-2.8125000000000013,0.10571218159602816
312,-2.8062500000000012,0.10518362068804801
313,-2.912500000000001,0.10465770258460777
314,-2.8812500000000005,0.10413441407168474
315,-0.1937499999999992,0.10361374200132631
316,-2.918750000000001,0.10309567329131968
317,0.36499999999999977,0.10258019492486307
318,-2.6625000000000005,0.10206729395023875
319,-2.775,0.10155695748048756
320,-2.941250000000001,0.10104917269308512
321,-2.9862500000000014,0.1005439268296197
322,0.2825,0.1000412071954716
323,1.01,0.09954100115949424
324,-0.74,0.09904329615369677
325,0.17999999999999994,0.09854807967292828
326,-0.02499999999999991,0.09805533927456364
327,0.48124999999999996,0.09756506257819082
328,-2.8725000000000005,0.09707723726529986
329,0.36499999999999977,0.09659185107897336
330,-3.071250000000001,0.0961088918235785
331,-2.7875000000000005,0.0956283473644606
332,-2.8300000000000005,0.0951502056276383
333,-2.7862500000000012,0.09467445459950011
334,-3.7549999999999994,0.09420108232650261
335,-2.9162500000000007,0.09373007691487009
336,-3.1824999999999997,0.09326142653029575
337,0.2962500000000001,0.09279511939764427
338,-2.8600000000000008,0.09233114380065605
339,-3.0512500000000014,0.09186948808165277
340,-3.091249999999999,0.0914101406412445
341,-2.73625,0.09095308993803829
342,-3.0662500000000015,0.09049832448834809
343,-3.025000000000001,0.09004583286590635
344,-2.906250000000001,0.08959560370157682
345,-2.942500000000001,0.08914762568306893
346,-2.790000000000001,0.08870188755465358
347,-2.7375000000000007,0.08825837811688031
348,-2.852500000000001,0.0878170862262959
349,-2.9425000000000012,0.08737800079516442
350,-2.9125,0.08694111079118859
351,-2.843750000000001,0.08650640523723264
352,-2.930000000000001,0.08607387321104648
353,-2.9612500000000015,0.08564350384499125
354,-2.837500000000001,0.08521528632576629
355,-2.7875000000000005,0.08478920989413746
356,-2.837500000000001,0.08436526384466678
357,-3.0012500000000006,0.08394343752544345
358,-2.9675000000000007,0.08352372033781623
359,-0.12624999999999975,0.08310610173612715
360,-2.9425000000000012,0.08269057122744651
361,-2.9137500000000007,0.08227711837130927
362,-2.873750000000001,0.08186573277945272
363,-2.875000000000001,0.08145640411555546
364,-2.8362500000000006,0.08104912209497768
365,-2.9800000000000013,0.08064387648450279
366,-2.7625000000000006,0.08024065710208027
367,-3.5537500000000026,0.07983945381656987
368,-2.950000000000001,0.07944025654748703
369,-2.81875,0.0790430552647496
370,-0.8400000000000001,0.07864783998842585
371,0.42249999999999965,0.07825460078848372
372,-2.7975000000000008,0.0778633277845413
373,-2.818750000000001,0.0774740111456186
374,-2.8750000000000013,0.07708664108989051
375,-2.710000000000001,0.07670120788444106
376,-2.861250000000001,0.07631770184501885
377,-2.941250000000001,0.07593611333579375
378,-2.9062500000000004,0.07555643276911478
379,-3.354999999999999,0.07517865060526921
380,-2.930000000000001,0.07480275735224286
381,1.37625,0.07442874356548164
382,-2.8350000000000004,0.07405659984765423
383,-2.886250000000001,0.07368631684841595
384,-2.9800000000000013,0.07331788526417388
385,-3.0100000000000016,0.07295129583785301
386,-2.8612500000000005,0.07258653935866374
387,-2.8050000000000006,0.07222360666187043
388,-2.968750000000001,0.07186248862856108
389,-2.912500000000001,0.07150317618541828
390,-3.043750000000001,0.07114566030449118
391,-2.923750000000001,0.07078993200296872
392,-2.892500000000001,0.07043598234295388
393,-2.862500000000001,0.07008380243123911
394,-2.7375000000000007,0.06973338341908292
395,-0.031249999999999778,0.0693847165019875
396,-3.753749999999999,0.06903779291947756
397,-3.6462500000000015,0.06869260395488018
398,-0.33249999999999935,0.06834914093510577
399,-2.9612500000000006,0.06800739523043024
400,-2.7500000000000004,0.0676673582542781
401,-2.986250000000001,0.0673290214630067
402,-3.475000000000002,0.06699237635569168
403,-0.7724999999999997,0.06665741447391321
404,-2.6625,0.06632412740154364
405,-3.0287500000000014,0.06599250676453593
406,0.09374999999999978,0.06566254423071324
407,-2.7174999999999994,0.06533423150955968
408,-2.767500000000001,0.06500756035201188
409,0.29000000000000004,0.06468252255025182
410,-2.810000000000001,0.06435910993750056
411,-2.9425000000000012,0.06403731438781306
412,-2.8937500000000007,0.06371712781587399
413,-2.881250000000001,0.06339854217679462
414,0.5999999999999999,0.06308154946591064
415,-2.881249999999999,0.0627661417185811
416,-2.8425000000000007,0.06245231100998819
417,0.46999999999999986,0.06214004945493825
418,-2.9837500000000015,0.06182934920766356
419,-2.7562500000000005,0.06152020246162524
420,-3.3662500000000017,0.06121260144931712
421,-3.0387500000000003,0.06090653844207053
422,-3.0999999999999996,0.060602005749860174
423,-2.790000000000001,0.06029899572111087
424,-2.8562500000000006,0.059997500742505316
425,-1.2800000000000014,0.05969751323879279
426,-2.850000000000001,0.059399025672598825
427,0.08625000000000016,0.05910203054423583
428,-0.15499999999999958,0.05880652039151465
429,-3.010000000000001,0.058512487789557074
430,-2.7500000000000004,0.05821992535060929
431,-2.950000000000001,0.05792882572385624
432,-3.2087500000000015,0.05763918159523696
433,-2.850000000000001,0.057350985687260776
434,-2.848750000000001,0.05706423075882447
435,1.08875,0.05677890960503035
436,-3.2712500000000015,0.056495015057005195
437,-2.875000000000001,0.05621253998172017
438,-2.881250000000001,0.05593147728181157
439,-3.4000000000000026,0.05565181989540251
440,-3.189999999999999,0.055373560795925494
441,-3.4162499999999993,0.05509669299194587
442,-2.850000000000001,0.05482120952698614
443,-2.868750000000001,0.054547103479351204
444,-2.9625000000000012,0.05427436796195445
445,-3.021250000000001,0.05400299612214468
446,-2.7812500000000004,0.05373298114153396
447,1.42375,0.05346431623582629
448,-2.8625,0.05319699465464715
449,1.23625,0.05293100968137392
450,0.5437500000000002,0.052666354632967045
451,-2.900000000000001,0.05240302285980221
452,-3.883749999999999,0.0521410077455032
453,0.07625000000000015,0.05188030270677568
454,-3.2200000000000024,0.0516209011932418
455,1.46375,0.05136279668727559
456,-3.387500000000002,0.05110598270383922
457,-2.911250000000001,0.05085045279032002
458,-3.0625000000000013,0.05059620052636842
459,-1.058750000000001,0.050343219523736576
460,-2.9687500000000013,0.050091503426117893
461,-2.918750000000001,0.05
462,-2.843750000000001,0.05
463,-2.8425000000000007,0.05
464,0.5124999999999998,0.05
465,-2.7987500000000005,0.05
466,-2.9662500000000014,0.05
467,-2.8237500000000004,0.05
468,-2.830000000000001,0.05
469,0.16374999999999984,0.05
470,-2.84625,0.05
471,-3.351250000000002,0.05
472,0.23625000000000007,0.05
473,-2.8249999999999993,0.05
474,-3.591250000000002,0.05
475,-2.931250000000001,0.05
476,-3.1187500000000017,0.05
477,-2.8312500000000007,0.05
478,-2.7362500000000005,0.05
479,-2.775000000000001,0.05
480,-2.9800000000000013,0.05
481,-2.7500000000000004,0.05
482,-2.8425000000000007,0.05
483,0.46499999999999975,0.05
484,0.9650000000000001,0.05
485,-2.881250000000001,0.05
486,-2.980000000000001,0.05
487,-3.0625000000000018,0.05
488,-2.9312500000000012,0.05
489,-2.8000000000000007,0.05
490,-3.4674999999999994,0.05
491,-2.79375,0.05
492,-2.7675000000000005,0.05
493,-0.4949999999999992,0.05
494,-2.955000000000001,0.05
495,-2.9375000000000013,0.05
496,-2.7687500000000007,0.05
497,-3.27375,0.05
498,-2.9125000000000005,0.05
499,-3.010000000000001,0.05
500,-2.7500000000000004,0.05
501,-3.451250000000002,0.05
502,-3.5675000000000003,0.05
503,-0.41499999999999937,0.05
504,-2.911250000000001,0.05
505,0.8625,0.05
506,-2.950000000000001,0.05
507,1.2750000000000001,0.05
508,-0.4724999999999995,0.05
509,-4.101249999999999,0.05
510,-2.7987500000000005,0.05
511,-2.8000000000000007,0.05
512,-0.3299999999999996,0.05
513,-3.388750000000002,0.05
514,-2.99,0.05
515,-0.8149999999999997,0.05
516,-2.980000000000001,0.05
517,-2.8812500000000005,0.05
518,-3.0637499999999993,0.05
519,-2.77875,0.05
520,-0.22499999999999964,0.05
521,-2.8562500000000006,0.05
522,-2.818750000000001,0.05
523,-2.837500000000001,0.05
524,-2.912500000000001,0.05
525,-2.85625,0.05
526,-0.16374999999999962,0.05
527,-1.0712500000000007,0.05
528,-2.950000000000001,0.05
529,-3.1362500000000026,0.05
530,0.825,0.05
531,-2.827500000000001,0.05
532,1.5362500000000001,0.05
533,-2.8187500000000005,0.05
534,-2.6737499999999996,0.05
535,-3.7312500000000024,0.05
536,-2.9425000000000012,0.05
537,-2.9937500000000012,0.05
538,-0.7762500000000001,0.05
539,-3.130000000000001,0.05
540,-2.8000000000000007,0.05
541,-2.9075,0.05
542,-2.956250000000001,0.05
543,-2.848750000000001,0.05
544,0.42874999999999996,0.05
545,-2.843750000000001,0.05
546,-2.835,0.05
547,-2.7250000000000005,0.05
548,-2.8675000000000006,0.05
549,0.9137500000000001,0.05
550,-3.0,0.05
551,-3.058750000000001,0.05
552,-1.0187500000000005,0.05
553,-2.7937499999999997,0.05
554,-2.8612500000000005,0.05
555,-3.632500000000002,0.05
556,-0.24374999999999947,0.05
557,-0.7499999999999998,0.05
558,-2.900000000000001,0.05
559,-3.2024999999999997,0.05
560,-2.7312500000000006,0.05
561,-2.918750000000001,0.05
562,-2.8112500000000002,0.05
563,-0.1999999999999993,0.05
564,-0.03999999999999959,0.05
565,-2.8750000000000004,0.05
566,-2.8499999999999996,0.05
567,-3.185,0.05
568,-3.243749999999999,0.05
569,-3.2875000000000014,0.05
570,-2.9800000000000013,0.05
571,-2.7625000000000006,0.05
572,-3.362500000000002,0.05
573,-2.925,0.05
574,-2.8687500000000012,0.05
575,-2.9312500000000012,0.05
576,-2.950000000000001,0.05
577,-3.0500000000000016,0.05
578,-0.7849999999999997,0.05
579,0.9287500000000001,0.05
580,-2.817500000000001,0.05
581,-3.0175000000000014,0.05
582,-3.2500000000000018,0.05
583,-2.930000000000001,0.05
584,-2.900000000000001,0.05
585,-2.900000000000001,0.05
586,0.9225000000000001,0.05
587,-2.875000000000001,0.05
588,-2.7187500000000004,0.05
589,-2.9937500000000012,0.05
590,-2.9275,0.05
591,-2.900000000000001,0.05
592,-2.861250000000001,0.05
593,-2.7500000000000004,0.05
594,-3.426250000000001,0.05
595,-2.968750000000001,0.05
596,1.485,0.05
597,-2.7750000000000004,0.05
598,-3.5124999999999997,0.05
599,-2.878750000000001,0.05
600,-2.950000000000001,0.05
601,-2.912500000000001,0.05
602,-2.948750000000001,0.05
603,0.49124999999999985,0.05
604,1.43625,0.05
605,0.24624999999999986,0.05
606,-0.7087499999999995,0.05
607,0.4987499999999997,0.05
608,-0.24499999999999966,0.05
609,-2.969999999999999,0.05
610,-0.28624999999999945,0.05
611,1.13125,0.05
612,-2.8000000000000007,0.05
613,-2.8175000000000003,0.05
614,0.6425000000000001,0.05
615,-1.0300000000000005,0.05
616,-3.882499999999999,0.05
617,-2.9425000000000012,0.05
618,-2.850000000000001,0.05
619,-2.850000000000001,0.05
620,0.9750000000000001,0.05
621,-0.7162499999999994,0.05
622,-2.843750000000001,0.05
623,-3.5200000000000027,0.05
624,-2.8725000000000005,0.05
625,-2.8437500000000004,0.05
626,-3.3612500000000014,0.05
627,-2.961250000000001,0.05
628,-0.18999999999999928,0.05
629,-2.8362500000000006,0.05
630,0.4574999999999997,0.05
631,-2.63,0.05
632,1.435,0.05
633,-2.7787500000000005,0.05
634,-3.6837500000000003,0.05
635,0.5562499999999999,0.05
636,-0.5024999999999993,0.05
637,0.4212499999999997,0.05
638,-2.887500000000001,0.05
639,-0.20999999999999952,0.05
640,-3.086250000000001,0.05
641,-2.9500000000000006,0.05
642,-3.010000000000001,0.05
643,-0.2062499999999996,0.05
644,-3.3100000000000014,0.05
645,-2.862500000000001,0.05
646,-2.8725000000000005,0.05
647,-2.8362500000000006,0.05
648,-2.930000000000001,0.05
649,-2.912500000000001,0.05
650,-3.0312500000000013,0.05
651,-2.850000000000001,0.05
652,-2.900000000000001,0.05
653,0.09125000000000005,0.05
654,-3.1337500000000014,0.05
655,-2.8312500000000007,0.05
656,-2.698750000000001,0.05
657,0.32999999999999985,0.05
658,-2.850000000000001,0.05
659,-2.837500000000001,0.05
660,0.18999999999999995,0.05
661,-2.950000000000001,0.05
662,0.2200000000000002,0.05
663,0.1200000000000001,0.05
664,-2.9937500000000012,0.05
665,-2.950000000000001,0.05
666,-2.862500000000001,0.05
667,1.02625,0.05
668,0.5724999999999998,0.05
669,0.8062499999999999,0.05
670,-3.2125000000000017,0.05
671,-2.74875,0.05
672,-3.5050000000000017,0.05
673,-2.9562500000000016,0.05
674,0.38249999999999984,0.05
675,1.0550000000000002,0.05
676,-0.87375,0.05
677,-2.886250000000001,0.05
678,-2.803750000000001,0.05
679,-2.912500000000001,0.05
680,-2.7687500000000007,0.05
681,-2.8550000000000004,0.05
682,-2.7875000000000005,0.05
683,-0.5424999999999991,0.05
684,0.8049999999999999,0.05
685,-2.90125,0.05
686,-2.847500000000001,0.05
687,1.33875,0.05
688,-0.7562499999999999,0.05
689,-3.010000000000001,0.05
690,-2.8425000000000007,0.05
691,-2.818750000000001,0.05
692,0.88375,0.05
693,-2.950000000000001,0.05
694,-2.855,0.05
695,-2.951250000000001,0.05
696,-3.151249999999999,0.05
697,-2.77375,0.05
698,-2.8312500000000007,0.05
699,-0.07374999999999976,0.05
700,-3.69125,0.05
701,-3.747499999999999,0.05
702,-2.9225000000000003,0.05
703,-0.7062499999999992,0.05
704,-4.13875,0.05
705,-0.7324999999999997,0.05
706,-2.8662500000000004,0.05
707,0.7499999999999999,0.05
708,-3.40125,0.05
709,0.6425000000000001,0.05
710,0.35749999999999993,0.05
711,-3.2537500000000015,0.05
712,-2.9700000000000006,0.05
713,-2.950000000000001,0.05
714,-3.0225000000000017,0.05
715,-2.7862500000000003,0.05
716,-2.8737500000000007,0.05
717,-0.9712500000000006,0.05
718,-2.8187500000000005,0.05
719,0.6224999999999998,0.05
720,-2.8562500000000006,0.05
721,1.05,0.05
722,0.08499999999999996,0.05
723,-0.20249999999999946,0.05
724,-2.961250000000001,0.05
725,-3.0062500000000014,0.05
726,-3.0637499999999993,0.05
727,0.16249999999999987,0.05
728,-0.2924999999999993,0.05
729,-1.0325000000000004,0.05
730,0.94125,0.05
731,-2.6500000000000004,0.05
732,0.2749999999999999,0.05
733,-2.7687500000000007,0.05
734,-0.10499999999999976,0.05
735,-2.9250000000000007,0.05
736,0.9587500000000001,0.05
737,-2.9712500000000004,0.05
738,0.5499999999999997,0.05
739,-0.6712499999999995,0.05
740,1.0012500000000002,0.05
741,-0.0762499999999997,0.05
742,-2.893750000000001,0.05
743,-2.9800000000000013,0.05
744,-2.911250000000001,0.05
745,-2.930000000000001,0.05
746,-2.7987500000000005,0.05
747,0.1312500000000001,0.05
748,-2.9937500000000017,0.05
749,-0.9600000000000002,0.05
750,0.0787500000000001,0.05
751,1.04,0.05
752,-2.900000000000001,0.05
753,0.8237499999999999,0.05
754,-2.9987500000000016,0.05
755,-2.950000000000001,0.05
756,-3.2200000000000015,0.05
757,-0.42124999999999924,0.05
758,0.27249999999999974,0.05
759,-2.818750000000001,0.05
760,-0.8800000000000001,0.05
761,1.0625,0.05
762,0.8137500000000001,0.05
763,-2.73625,0.05
764,-0.4599999999999993,0.05
765,0.9,0.05
766,0.8012499999999999,0.05
767,0.79625,0.05
768,-3.272499999999999,0.05
769,-3.5112500000000026,0.05
770,1.10125,0.05
771,1.3,0.05
772,-0.825,0.05
773,-2.873750000000001,0.05
774,-3.090000000000001,0.05
775,-2.7062500000000007,0.05
776,-2.911250000000001,0.05
777,0.8437500000000001,0.05
778,-2.9000000000000012,0.05
779,1.2850000000000001,0.05
780,-2.8737500000000002,0.05
781,-2.926250000000001,0.05
782,-2.781250000000001,0.05
783,-0.93875,0.05
784,0.032500000000000195,0.05
785,-2.5862500000000006,0.05
786,-3.636249999999999,0.05
787,-3.0512500000000014,0.05
788,-0.9737500000000001,0.05
789,-2.7312500000000006,0.05
790,0.6537499999999999,0.05
791,0.9287500000000001,0.05
792,0.3999999999999997,0.05
793,-2.9687500000000013,0.05
794,-3.6087499999999997,0.05
795,-3.006250000000001,0.05
796,-2.8000000000000007,0.05
797,-2.9125000000000014,0.05
798,0.9637500000000001,0.05
799,1.385,0.05
800,0.22625000000000006,0.05
801,-2.950000000000001,0.05
802,-0.6812499999999997,0.05
803,0.4399999999999997,0.05
804,-0.9112500000000001,0.05
805,0.46999999999999975,0.05
806,-1.2412499999999997,0.05
807,-2.7875000000000005,0.05
808,0.20124999999999993,0.05
809,-0.5749999999999991,0.05
810,0.22375000000000034,0.05
811,-0.18874999999999975,0.05
812,-3.556249999999999,0.05
813,-3.0850000000000013,0.05
814,-3.0437499999999997,0.05
815,0.23125000000000018,0.05
816,-2.972500000000001,0.05
817,-0.9400000000000002,0.05
818,-2.830000000000001,0.05
819,-0.8825000000000001,0.05
820,0.84625,0.05
821,-2.9187500000000015,0.05
822,-2.896250000000001,0.05
823,-3.3762500000000024,0.05
824,0.845,0.05
825,0.7224999999999998,0.05
826,-2.8000000000000007,0.05
827,0.19874999999999998,0.05
828,-2.8900000000000006,0.05
829,-2.980000000000001,0.05
830,-1.2662500000000005,0.05
831,0.9587500000000001,0.05
832,0.41874999999999973,0.05
833,-2.9312500000000012,0.05
834,-2.8312500000000007,0.05
835,1.2337500000000001,0.05
836,-2.961250000000001,0.05
837,-2.8937500000000007,0.05
838,-2.831250000000001,0.05
839,0.19999999999999996,0.05
840,-0.9437499999999994,0.05
841,0.5387499999999997,0.05
842,-0.825,0.05
843,0.7099999999999999,0.05
844,-2.875000000000001,0.05
845,0.3774999999999997,0.05
846,-2.9575000000000005,0.05
847,1.0525000000000002,0.05
848,0.84,0.05
849,0.09624999999999995,0.05
850,-2.8999999999999995,0.05
851,-2.7874999999999996,0.05
852,1.13375,0.05
853,1.3575000000000002,0.05
854,-2.9687500000000013,0.05
855,0.9337500000000001,0.05
856,-2.9612500000000015,0.05
857,-2.950000000000001,0.05
858,1.0150000000000001,0.05
859,0.7937500000000001,0.05
860,0.9475,0.05
861,-0.6499999999999997,0.05
862,-1.5550000000000017,0.05
863,-2.843750000000001,0.05
864,-2.7500000000000004,0.05
865,0.40124999999999966,0.05
866,0.99,0.05
867,0.34124999999999983,0.05
868,-2.950000000000001,0.05
869,0.6162499999999999,0.05
870,1.14375,0.05
871,-2.912500000000001,0.05
872,-2.9150000000000014,0.05
873,-1.0199999999999998,0.05
874,-2.900000000000001,0.05
875,-2.718750000000001,0.05
876,0.7212499999999998,0.05
877,1.425,0.05
878,1.0050000000000001,0.05
879,0.93625,0.05
880,0.7187499999999999,0.05
881,-3.2112499999999997,0.05
882,-2.7862500000000003,0.05
883,0.8775000000000001,0.05
884,1.2225000000000001,0.05
885,0.6337499999999998,0.05
886,-2.806249999999999,0.05
887,-2.778750000000001,0.05
888,1.0637500000000002,0.05
889,-2.7987500000000005,0.05
890,-2.9675000000000007,0.05
891,0.855,0.05
892,-0.6612499999999992,0.05
893,-0.7412499999999997,0.05
894,0.31499999999999995,0.05
895,-3.043750000000001,0.05
896,-2.961250000000001,0.05
897,-2.7500000000000004,0.05
898,-0.6712499999999995,0.05
899,1.485,0.05
900,0.7199999999999999,0.05
901,-3.17,0.05
902,-2.7375000000000003,0.05
903,-3.0124999999999993,0.05
904,1.4125,0.05
905,0.6724999999999999,0.05
906,-2.8312500000000007,0.05
907,0.9875,0.05
908,-0.9162500000000005,0.05
909,-3.1999999999999993,0.05
910,1.0212500000000002,0.05
911,-2.818750000000001,0.05
912,1.3825,0.05
913,0.9737500000000001,0.05
914,-2.6625000000000005,0.05
915,-2.855000000000001,0.05
916,-3.2949999999999995,0.05
917,-3.8600000000000008,0.05
918,1.0012500000000002,0.05
919,-0.99,0.05
920,0.9812500000000002,0.05
921,-0.1662499999999998,0.05
922,-0.2437499999999997,0.05
923,-0.5712499999999994,0.05
924,1.11125,0.05
925,-0.11999999999999966,0.05
926,-1.0325000000000004,0.05
927,1.03375,0.05
928,1.08,0.05
929,1.0562500000000001,0.05
930,-2.918750000000001,0.05
931,0.30499999999999994,0.05
932,-2.9612500000000006,0.05
933,0.5099999999999998,0.05
934,1.2537500000000001,0.05
935,0.33499999999999974,0.05
936,-0.4262499999999996,0.05
937,-0.9775000000000003,0.05
938,-3.0312500000000013,0.05
939,-0.4399999999999993,0.05
940,0.09749999999999992,0.05
941,-2.862500000000001,0.05
942,1.08,0.05
943,-0.007499999999999618,0.05
944,-2.818750000000001,0.05
945,-2.881250000000001,0.05
946,0.83625,0.05
947,0.3174999999999999,0.05
948,0.06125000000000025,0.05
949,-3.0974999999999993,0.05
950,-2.7500000000000004,0.05
951,0.8925000000000001,0.05
952,-2.8312500000000007,0.05
953,1.4000000000000001,0.05
954,-3.4400000000000017,0.05
955,-2.960000000000001,0.05
956,1.3525,0.05
957,-3.399999999999999,0.05
958,1.105,0.05
959,-0.588749999999999,0.05
960,-2.925000000000001,0.05
961,0.7324999999999999,0.05
962,0.8212499999999999,0.05
963,1.37,0.05
964,0.40249999999999964,0.05
965,-2.8437500000000004,0.05
966,-2.836250000000001,0.05
967,0.38749999999999973,0.05
968,-0.9887500000000002,0.05
969,0.5999999999999998,0.05
970,-2.912500000000001,0.05
971,-3.1325000000000016,0.05
972,-2.718750000000001,0.05
973,-3.1712499999999997,0.05
974,-2.756250000000001,0.05
975,0.5525,0.05
976,-2.9312500000000012,0.05
977,0.5462499999999998,0.05
978,-0.5599999999999994,0.05
979,-3.101250000000001,0.05
980,-2.9487500000000004,0.05
981,-2.8562500000000006,0.05
982,-2.817500000000001,0.05
983,-2.8612500000000005,0.05
984,-2.99375,0.05
985,-2.8612500000000005,0.05
986,0.9137500000000001,0.05
987,0.17000000000000015,0.05
988,0.42874999999999974,0.05
989,0.18249999999999988,0.05
990,-2.9050000000000007,0.05
991,1.165,0.05
992,0.68375,0.05
993,0.86875,0.05
994,0.19999999999999996,0.05
995,1.1025,0.05
996,-2.9375000000000018,0.05
997,-3.0400000000000014,0.05
998,1.0425,0.05
999,-0.73125,0.05
1000,0.7199999999999999,0.05
1001,1.1600000000000001,0.05
1002,-0.08374999999999977,0.05
1003,0.036250000000000115,0.05
1004,0.68875,0.05
1005,0.1512500000000001,0.05
1006,1.08875,0.05
1007,-1.242499999999999,0.05
1008,0.78125,0.05
1009,-3.3637500000000005,0.05
1010,1.1187500000000001,0.05
1011,0.80375,0.05
1012,-0.7174999999999996,0.05
1013,-0.5199999999999994,0.05
1014,0.5062499999999998,0.05
1015,0.85625,0.05
1016,0.10999999999999988,0.05
1017,1.0325000000000002,0.05
1018,0.9500000000000001,0.05
1019,0.9337500000000001,0.05
1020,-2.885000000000001,0.05
1021,-0.46874999999999933,0.05
1022,-2.9687500000000013,0.05
1023,1.19875,0.05
1024,0.5674999999999998,0.05
1025,1.29875,0.05
1026,0.2749999999999999,0.05
1027,-0.05374999999999952,0.05
1028,-1.1375000000000006,0.05
1029,-0.47749999999999937,0.05
1030,0.39624999999999977,0.05
1031,0.7825,0.05
1032,-3.0662500000000006,0.05
1033,1.4400000000000002,0.05
1034,1.28375,0.05
1035,0.9975,0.05
1036,0.86,0.05
1037,-0.09874999999999967,0.05
1038,-0.38374999999999915,0.05
1039,0.3424999999999998,0.05
1040,-3.406249999999999,0.05
1041,1.19,0.05
1042,1.29875,0.05
1043,-2.7875000000000005,0.05
1044,0.47499999999999987,0.05
1045,-1.0712500000000007,0.05
1046,0.5674999999999998,0.05
1047,-0.14124999999999965,0.05
1048,-1.0750000000000008,0.05
1049,-0.5374999999999992,0.05
1050,0.9425,0.05
1051,-3.0812500000000016,0.05
1052,0.6724999999999999,0.05
1053,0.85875,0.05
1054,0.4412499999999997,0.05
1055,0.7774999999999999,0.05
1056,0.875,0.05
1057,-2.9312500000000012,0.05
1058,-0.7762499999999994,0.05
1059,-1.5150000000000012,0.05
1060,-0.5699999999999992,0.05
1061,-0.7412499999999997,0.05
1062,0.83625,0.05
1063,-1.2000000000000008,0.05
1064,0.79875,0.05
1065,0.39749999999999974,0.05
1066,0.1050000000000002,0.05
1067,0.9225000000000001,0.05
1068,-2.8437500000000004,0.05
1069,0.2899999999999998,0.05
1070,0.34624999999999995,0.05
1071,-0.6262499999999995,0.05
1072,0.78875,0.05
1073,0.94625,0.05
1074,-2.892500000000001,0.05
1075,1.0437500000000002,0.05
1076,-0.13499999999999956,0.05
1077,0.14375000000000004,0.05
1078,0.8925000000000001,0.05
1079,1.3975,0.05
1080,-0.37499999999999956,0.05
1081,1.235,0.05
1082,0.85875,0.05
1083,0.9825000000000002,0.05
1084,-2.7937500000000006,0.05
1085,0.4462499999999996,0.05
1086,-0.02124999999999977,0.05
1087,-2.850000000000001,0.05
1088,1.3362500000000002,0.05
1089,0.30999999999999983,0.05
1090,0.84875,0.05
1091,-2.8312500000000007,0.05
1092,-0.06624999999999948,0.05
1093,0.83,0.05
1094,-2.93125,0.05
1095,0.6774999999999999,0.05
1096,0.6049999999999999,0.05
1097,0.85,0.05
1098,-2.893750000000001,0.05
1099,0.07000000000000006,0.05
1100,1.1500000000000001,0.05
1101,1.0050000000000001,0.05
1102,0.0800000000000003,0.05
1103,-2.987500000000001,0.05
1104,0.2487499999999998,0.05
1105,-0.7374999999999996,0.05
1106,1.32125,0.05
1107,-2.8125000000000004,0.05
1108,0.9475000000000001,0.05
1109,0.7449999999999999,0.05
1110,1.0950000000000002,0.05
1111,-2.893750000000001,0.05
1112,-0.27624999999999944,0.05
1113,-0.16999999999999948,0.05
1114,-0.9850000000000001,0.05
1115,1.0250000000000001,0.05
1116,0.98875,0.05
1117,0.5049999999999998,0.05
1118,-0.25499999999999967,0.05
1119,1.0637500000000002,0.05
1120,-0.5237499999999995,0.05
1121,0.9475,0.05
1122,-0.04999999999999982,0.05
1123,0.25124999999999975,0.05
1124,-0.31124999999999936,0.05
1125,1.01375,0.05
1126,0.8049999999999999,0.05
1127,0.0475000000000001,0.05
1128,1.23625,0.05
1129,0.8525,0.05
1130,1.0050000000000001,0.05
1131,-2.987500000000001,0.05
1132,0.6587499999999998,0.05
1133,0.9875,0.05
1134,0.81375,0.05
1135,0.060000000000000275,0.05
1136,0.4087499999999997,0.05
1137,0.9587500000000001,0.05
1138,0.7137499999999999,0.05
1139,-0.9400000000000006,0.05
1140,1.1300000000000001,0.05
1141,1.2975,0.05
1142,0.2825,0.05
1143,-2.850000000000001,0.05
1144,0.08500000000000019,0.05
1145,1.485,0.05
1146,0.5999999999999998,0.05
1147,-3.2799999999999994,0.05
1148,1.20875,0.05
1149,-2.693750000000001,0.05
1150,-0.557499999999999,0.05
1151,-2.9050000000000007,0.05
1152,0.29374999999999973,0.05
1153,0.5087499999999997,0.05
1154,1.22625,0.05
1155,-0.23499999999999943,0.05
1156,-2.6375,0.05
1157,-0.15749999999999975,0.05
1158,0.8062499999999999,0.05
1159,-0.1337499999999998,0.05
1160,1.0437500000000002,0.05
1161,1.11125,0.05
1162,0.36624999999999974,0.05
1163,0.8325,0.05
1164,-0.07749999999999968,0.05
1165,1.02625,0.05
1166,-0.8024999999999995,0.05
1167,1.025,0.05
1168,0.6599999999999999,0.05
1169,1.1475,0.05
1170,0.88,0.05
1171,-0.5262499999999992,0.05
1172,1.17,0.05
1173,-0.12749999999999972,0.05
1174,-0.26249999999999973,0.05
1175,0.9225000000000001,0.05
1176,0.42374999999999985,0.05
1177,1.26,0.05
1178,0.6574999999999999,0.05
1179,1.2475,0.05
1180,-0.5162499999999994,0.05
1181,-0.39999999999999947,0.05
1182,1.0987500000000001,0.05
1183,0.88625,0.05
1184,0.5599999999999998,0.05
1185,0.84,0.05
1186,0.9137500000000001,0.05
1187,-0.5437499999999993,0.05
1188,1.15875,0.05
1189,-2.7562500000000005,0.05
1190,-2.7687500000000007,0.05
1191,-2.847499999999999,0.05
1192,-0.23874999999999957,0.05
1193,-2.893750000000001,0.05
1194,0.9725000000000001,0.05
1195,1.09375,0.05
1196,1.04,0.05
1197,1.03,0.05
1198,-0.48874999999999935,0.05
1199,-2.892500000000001,0.05
1200,1.29875,0.05
1201,-2.8550000000000004,0.05
1202,0.9825000000000002,0.05
1203,0.6387499999999998,0.05
1204,-0.5387499999999992,0.05
1205,0.5312499999999997,0.05
1206,0.8575,0.05
1207,1.0450000000000002,0.05
1208,0.9275000000000001,0.05
1209,0.22124999999999995,0.05
1210,0.915,0.05
1211,0.5087499999999998,0.05
1212,0.84375,0.05
1213,0.8725,0.05
1214,1.27875,0.05
1215,1.0825,0.05
1216,1.0925,0.05
1217,0.96125,0.05
1218,0.7525,0.05
1219,-2.806250000000001,0.05
1220,1.0525,0.05
1221,-0.031249999999999778,0.05
1222,-1.1425000000000012,0.05
1223,-2.912500000000001,0.05
1224,1.00625,0.05
1225,1.2725000000000002,0.05
1226,0.9650000000000001,0.05
1227,0.9087500000000001,0.05
1228,1.40375,0.05
1229,1.0975000000000001,0.05
1230,1.1487500000000002,0.05
1231,1.1487500000000002,0.05
1232,0.88,0.05
1233,1.0450000000000002,0.05
1234,1.3900000000000001,0.05
1235,1.5,0.05
1236,-0.18999999999999972,0.05
1237,1.36375,0.05
1238,1.205,0.05
1239,0.91,0.05
1240,0.6399999999999999,0.05
1241,0.09750000000000036,0.05
1242,0.3125,0.05
1243,1.02625,0.05
1244,-2.897500000000001,0.05
1245,1.12,0.05
1246,1.1300000000000001,0.05
1247,0.037500000000000755,0.05
1248,0.875,0.05
1249,0.9925,0.05
1250,0.8375,0.05
1251,0.79875,0.05
1252,1.01875,0.05
1253,0.915,0.05
1254,1.1187500000000001,0.05
1255,0.72625,0.05
1256,0.9837500000000001,0.05
1257,1.1300000000000001,0.05
1258,0.7925,0.05
1259,1.06125,0.05
1260,1.10125,0.05
1261,1.04,0.05
1262,1.385,0.05
1263,0.42249999999999965,0.05
1264,0.6887499999999999,0.05
1265,1.0150000000000001,0.05
1266,1.01875,0.05
1267,0.86125,0.05
1268,-2.843750000000001,0.05
1269,0.9550000000000001,0.05
1270,1.09375,0.05
1271,1.11625,0.05
1272,1.0975000000000001,0.05
1273,-1.8049999999999995,0.05
1274,0.93,0.05
1275,1.1525,0.05
1276,0.8075,0.05
1277,1.29,0.05
1278,1.125,0.05
1279,-3.5862500000000006,0.05
1280,1.0925,0.05
1281,-0.7299999999999998,0.05
1282,1.0987500000000001,0.05
1283,0.9712500000000001,0.05
1284,0.9325000000000001,0.05
1285,1.2237500000000001,0.05
1286,0.9950000000000001,0.05
1287,1.24875,0.05
1288,1.5,0.05
1289,1.485,0.05
1290,0.0050000000000001155,0.05
1291,-0.5399999999999996,0.05
1292,0.6099999999999999,0.05
1293,-2.850000000000001,0.05
1294,1.03875,0.05
1295,1.14375,0.05
1296,1.1062500000000002,0.05
1297,0.7387499999999999,0.05
1298,0.6712499999999999,0.05
1299,1.1287500000000001,0.05
1300,0.7175000000000001,0.05
1301,1.29875,0.05
1302,1.2475,0.05
1303,1.0350000000000001,0.05
1304,0.7962499999999999,0.05
1305,0.48499999999999965,0.05
1306,-2.836250000000001,0.05
1307,1.165,0.05
1308,1.1,0.05
1309,-2.8050000000000006,0.05
1310,-0.3487499999999992,0.05
1311,-0.10374999999999934,0.05
1312,0.3637499999999996,0.05
1313,1.2862500000000001,0.05
1314,0.5737499999999999,0.05
1315,0.3899999999999997,0.05
1316,1.5037500000000001,0.05
1317,1.0925,0.05
1318,0.9337500000000001,0.05
1319,1.44875,0.05
1320,0.79875,0.05
1321,0.99,0.05
1322,0.7512499999999999,0.05
1323,1.11375,0.05
1324,0.81375,0.05
1325,1.0250000000000001,0.05
1326,0.8750000000000001,0.05
1327,1.0000000000000002,0.05
1328,0.7649999999999999,0.05
1329,0.036250000000000115,0.05
1330,0.17500000000000027,0.05
1331,0.7875,0.05
1332,1.1125,0.05
1333,0.7962499999999999,0.05
1334,0.9950000000000001,0.05
1335,1.15375,0.05
1336,0.015000000000000346,0.05
1337,0.7949999999999999,0.05
1338,1.06,0.05
1339,0.4512499999999997,0.05
1340,0.7062499999999998,0.05
1341,0.7799999999999999,0.05
1342,1.0012500000000002,0.05
1343,0.695,0.05
1344,1.0025000000000002,0.05
1345,-2.7562500000000005,0.05
1346,1.00625,0.05
1347,0.1825000000000001,0.05
1348,1.225,0.05
1349,0.8775000000000001,0.05
1350,0.4524999999999997,0.05
1351,0.9425,0.05
1352,1.31375,0.05
1353,0.0025000000000001688,0.05
1354,0.7449999999999999,0.05
1355,-0.06499999999999972,0.05
1356,0.8612500000000001,0.05
1357,0.8775000000000001,0.05
1358,0.8825000000000001,0.05
1359,0.5837499999999998,0.05
1360,0.8825,0.05
1361,1.3125,0.05
1362,1.0775000000000001,0.05
1363,0.935,0.05
1364,0.5999999999999998,0.05
1365,0.5374999999999998,0.05
1366,0.84125,0.05
1367,0.8962500000000001,0.05
1368,0.9112500000000001,0.05
1369,1.19,0.05
1370,0.5674999999999998,0.05
1371,0.85875,0.05
1372,1.02875,0.05
1373,0.705,0.05
1374,0.9475,0.05
1375,0.95625,0.05
1376,1.0,0.05
1377,1.0562500000000001,0.05
1378,0.5449999999999998,0.05
1379,1.0337500000000002,0.05
1380,1.3887500000000002,0.05
1381,1.395,0.05
1382,1.3275000000000001,0.05
1383,0.9450000000000001,0.05
1384,1.23875,0.05
1385,1.27625,0.05
1386,1.3,0.05
1387,1.2275,0.05
1388,0.6412499999999998,0.05
1389,0.9850000000000001,0.05
1390,0.7299999999999999,0.05
1391,1.16625,0.05
1392,0.47374999999999967,0.05
1393,1.1487500000000002,0.05
1394,1.11,0.05
1395,0.7437499999999999,0.05
1396,0.7,0.05
1397,1.30375,0.05
1398,0.9637500000000001,0.05
1399,0.7875,0.05
1400,0.81125,0.05
1401,1.0425,0.05
1402,-0.5762499999999993,0.05
1403,-0.15999999999999948,0.05
1404,1.0875000000000001,0.05
1405,1.3487500000000001,0.05
1406,0.8049999999999999,0.05
1407,0.48999999999999966,0.05
1408,0.8925000000000001,0.05
1409,1.1487500000000002,0.05
1410,0.8225,0.05
1411,0.5112499999999996,0.05
1412,0.9225000000000001,0.05
1413,0.022500000000000187,0.05
1414,0.9375,0.05
1415,1.0350000000000001,0.05
1416,0.84375,0.05
1417,0.6900000000000001,0.05
1418,0.90375,0.05
1419,0.8975000000000001,0.05
1420,1.09375,0.05
1421,0.8225,0.05
1422,1.1800000000000002,0.05
1423,0.6912499999999999,0.05
1424,1.0250000000000001,0.05
1425,1.12625,0.05
1426,1.1175000000000002,0.05
1427,0.5612499999999998,0.05
1428,0.9275000000000001,0.05
1429,-0.05249999999999977,0.05
1430,0.725,0.05
1431,1.12375,0.05
1432,1.1525,0.05
1433,0.9425,0.05
1434,1.2537500000000001,0.05
1435,0.9712500000000001,0.05
1436,0.15124999999999988,0.05
1437,-2.8425000000000007,0.05
1438,0.9700000000000001,0.05
1439,1.235,0.05
1440,1.045,0.05
1441,1.07875,0.05
1442,0.7649999999999999,0.05
1443,1.1525,0.05
1444,0.9237500000000001,0.05
1445,1.16625,0.05
1446,1.1375000000000002,0.05
1447,-2.818750000000001,0.05
1448,1.045,0.05
1449,0.5549999999999997,0.05
1450,0.9137500000000001,0.05
1451,0.6575,0.05
1452,0.8675,0.05
1453,0.125,0.05
1454,1.2087500000000002,0.05
1455,1.5025000000000002,0.05
1456,0.91,0.05
1457,1.02,0.05
1458,0.5562499999999998,0.05
1459,0.11249999999999982,0.05
1460,0.9087500000000001,0.05
1461,0.5374999999999999,0.05
1462,1.28125,0.05
1463,0.2024999999999999,0.05
1464,-0.018749999999999822,0.05
1465,1.0637500000000002,0.05
1466,0.90375,0.05
1467,0.895,0.05
1468,0.9337500000000001,0.05
1469,0.6949999999999998,0.05
1470,0.5374999999999998,0.05
1471,0.06625000000000014,0.05
1472,1.0,0.05
1473,0.9525000000000001,0.05
1474,0.885,0.05
1475,0.8350000000000002,0.05
1476,0.8850000000000001,0.05
1477,1.26,0.05
1478,0.18874999999999997,0.05
1479,0.935,0.05
1480,0.84875,0.05
1481,-0.12999999999999967,0.05
1482,0.46999999999999975,0.05
1483,1.0025,0.05
1484,1.1162500000000002,0.05
1485,0.8225,0.05
1486,1.245,0.05
1487,0.4512499999999997,0.05
1488,0.9287500000000001,0.05
1489,0.895,0.05
1490,0.14500000000000002,0.05
1491,0.24499999999999988,0.05
1492,0.8650000000000001,0.05
1493,1.44375,0.05
1494,0.9600000000000001,0.05
1495,1.01875,0.05
1496,0.8912500000000001,0.05
1497,1.0150000000000001,0.05
1498,1.0625,0.05
1499,1.1175000000000002,0.05
1500,0.9850000000000001,0.05
1501,0.92,0.05
1502,1.0375,0.05
1503,0.9700000000000001,0.05
1504,1.2,0.05
1505,0.96625,0.05
1506,1.1125,0.05
1507,-2.891250000000001,0.05
1508,0.845,0.05
1509,1.02,0.05
1510,0.9712500000000002,0.05
1511,0.7274999999999999,0.05
1512,1.0350000000000001,0.05
1513,0.925,0.05
1514,1.4400000000000002,0.05
1515,1.1675,0.05
1516,0.96625,0.05
1517,1.1487500000000002,0.05
1518,0.9637500000000001,0.05
1519,1.25,0.05
1520,1.0275,0.05
1521,0.6475,0.05
1522,1.07125,0.05
1523,1.2075,0.05
1524,0.6412499999999998,0.05
1525,0.72625,0.05
1526,0.7025,0.05
1527,0.6774999999999999,0.05
1528,1.0425,0.05
1529,0.17999999999999972,0.05
1530,0.9650000000000001,0.05
1531,0.935,0.05
1532,0.80625,0.05
1533,0.5549999999999997,0.05
1534,0.73,0.05
1535,0.7300000000000001,0.05
1536,0.9537500000000001,0.05
1537,0.8912500000000001,0.05
1538,1.1287500000000001,0.05
1539,1.0437500000000002,0.05
1540,0.585,0.05
1541,1.34,0.05
1542,0.70875,0.05
1543,1.2650000000000001,0.05
1544,0.8475,0.05
1545,0.725,0.05
1546,0.9712500000000001,0.05
1547,1.1075,0.05
1548,-2.8187500000000005,0.05
1549,1.235,0.05
1550,0.84875,0.05
1551,0.825,0.05
1552,1.1625,0.05
1553,1.12625,0.05
1554,0.8800000000000001,0.05
1555,0.79875,0.05
1556,-0.9949999999999999,0.05
1557,0.9637500000000001,0.05
1558,0.9712500000000001,0.05
1559,0.94625,0.05
1560,1.2537500000000001,0.05
1561,0.6524999999999999,0.05
1562,0.9775,0.05
1563,0.6587499999999998,0.05
1564,0.9875,0.05
1565,1.0025,0.05
1566,1.2175,0.05
1567,1.1075000000000002,0.05
1568,0.9525000000000001,0.05
1569,1.245,0.05
1570,1.2650000000000001,0.05
1571,1.0075,0.05
1572,0.94125,0.05
1573,1.02125,0.05
1574,1.0150000000000001,0.05
1575,1.215,0.05
1576,1.0625,0.05
1577,0.85625,0.05
1578,1.0750000000000002,0.05
1579,0.81375,0.05
1580,0.8675,0.05
1581,-2.881250000000001,0.05
1582,0.725,0.05
1583,0.7875,0.05
1584,1.13875,0.05
1585,1.0987500000000001,0.05
1586,-0.5974999999999995,0.05
1587,-0.5437499999999993,0.05
1588,0.6624999999999999,0.05
1589,0.5999999999999999,0.05
1590,0.40249999999999964,0.05
1591,0.9400000000000001,0.05
1592,1.05,0.05
1593,1.4725000000000001,0.05
1594,1.2525,0.05
1595,0.7162499999999998,0.05
1596,1.1712500000000001,0.05
1597,0.7449999999999999,0.05
1598,1.30875,0.05
1599,0.03000000000000025,0.05
1600,0.3462499999999997,0.05
1601,-0.7887500000000001,0.05
1602,1.11125,0.05
1603,0.85,0.05
1604,0.2649999999999999,0.05
1605,0.87875,0.05
1606,1.28375,0.05
1607,0.93625,0.05
1608,1.045,0.05
1609,1.19,0.05
1610,1.1975,0.05
1611,0.8062499999999999,0.05
1612,0.87,0.05
1613,0.6599999999999998,0.05
1614,0.6787499999999999,0.05
1615,0.9637500000000001,0.05
1616,0.5674999999999998,0.05
1617,0.5562499999999999,0.05
1618,1.05125,0.05
1619,0.96625,0.05
1620,1.0,0.05
1621,1.22625,0.05
1622,0.7049999999999998,0.05
1623,0.93,0.05
1624,0.6174999999999998,0.05
1625,0.97875,0.05
1626,1.07,0.05
1627,1.0425,0.05
1628,1.20875,0.05
1629,0.7962499999999999,0.05
1630,0.9837500000000001,0.05
1631,1.12625,0.05
1632,1.1925000000000001,0.05
1633,1.15625,0.05
1634,1.1975,0.05
1635,0.5249999999999997,0.05
1636,1.1675,0.05
1637,0.7875,0.05
1638,1.4800000000000002,0.05
1639,0.7699999999999999,0.05
1640,1.15625,0.05
1641,0.92,0.05
1642,0.7899999999999999,0.05
1643,0.39749999999999974,0.05
1644,1.0987500000000001,0.05
1645,0.8062499999999999,0.05
1646,0.5862499999999999,0.05
1647,1.18625,0.05
1648,0.91625,0.05
1649,0.26000000000000045,0.05
1650,1.0825,0.05
1651,1.28,0.05
1652,0.28874999999999984,0.05
1653,0.98,0.05
1654,0.6587499999999998,0.05
1655,0.5849999999999997,0.05
1656,1.0625,0.05
1657,1.2075,0.05
1658,1.1600000000000001,0.05
1659,0.87375,0.05
1660,0.8925000000000001,0.05
1661,0.7449999999999999,0.05
1662,0.75625,0.05
1663,0.96625,0.05
1664,1.225,0.05
1665,1.2625000000000002,0.05
1666,0.99,0.05
1667,0.9962500000000001,0.05
1668,0.99,0.05
1669,0.4349999999999996,0.05
1670,0.8350000000000001,0.05
1671,1.2775,0.05
1672,1.3,0.05
1673,0.7050000000000001,0.05
1674,1.00625,0.05
1675,0.41624999999999956,0.05
1676,1.3162500000000001,0.05
1677,1.3487500000000001,0.05
1678,1.1925000000000001,0.05
1679,1.09375,0.05
1680,-0.6537499999999994,0.05
1681,0.9950000000000001,0.05
1682,0.28249999999999975,0.05
1683,1.3025,0.05
1684,0.9850000000000001,0.05
1685,1.0750000000000002,0.05
1686,0.88,0.05
1687,0.3362499999999997,0.05
1688,0.8775000000000001,0.05
1689,0.9112500000000001,0.05
1690,1.39125,0.05
1691,1.345,0.05
1692,1.2825000000000002,0.05
1693,0.6237499999999998,0.05
1694,0.81875,0.05
1695,1.0437500000000002,0.05
1696,0.9137500000000001,0.05
1697,-0.9112500000000001,0.05
1698,0.9487500000000001,0.05
1699,1.0450000000000002,0.05
1700,1.48125,0.05
1701,0.87875,0.05
1702,0.4287500000000002,0.05
1703,1.0075,0.05
1704,0.9900000000000001,0.05
1705,1.01,0.05
1706,0.845,0.05
1707,0.8049999999999999,0.05
1708,0.8225,0.05
1709,1.1425,0.05
1710,-0.2662499999999992,0.05
1711,1.0037500000000001,0.05
1712,0.99,0.05
1713,1.09375,0.05
1714,0.9775,0.05
1715,0.98875,0.05
1716,1.0437500000000002,0.05
1717,1.135,0.05
1718,1.3262500000000002,0.05
1719,0.8925000000000001,0.05
1720,1.06,0.05
1721,-2.6437500000000003,0.05
1722,1.04875,0.05
1723,0.9500000000000001,0.05
1724,0.84125,0.05
1725,1.11625,0.05
1726,1.2025000000000001,0.05
1727,1.1625,0.05
1728,0.865,0.05
1729,0.94125,0.05
1730,0.6649999999999998,0.05
1731,1.30875,0.05
1732,1.07875,0.05
1733,0.8962500000000001,0.05
1734,0.34499999999999975,0.05
1735,-1.1575000000000009,0.05
1736,0.94125,0.05
1737,-0.1537499999999996,0.05
1738,1.2937500000000002,0.05
1739,0.5937499999999998,0.05
1740,1.12375,0.05
1741,1.065,0.05
1742,0.93625,0.05
1743,1.0975000000000001,0.05
1744,1.4775,0.05
1745,0.6599999999999999,0.05
1746,1.0550000000000002,0.05
1747,1.5274999999999999,0.05
1748,1.0475,0.05
1749,1.0625,0.05
1750,0.9287500000000001,0.05
1751,0.96625,0.05
1752,1.2475,0.05
1753,1.09375,0.05
1754,1.11125,0.05
1755,1.1487500000000002,0.05
1756,0.8225,0.05
1757,0.3862500000000002,0.05
1758,-0.7799999999999996,0.05
1759,0.7274999999999999,0.05
1760,0.895,0.05
1761,1.1375000000000002,0.05
1762,0.040000000000000036,0.05
1763,0.6674999999999998,0.05
1764,1.0762500000000002,0.05
1765,1.15375,0.05
1766,1.08,0.05
1767,1.31125,0.05
1768,0.78,0.05
1769,0.935,0.05
1770,1.3275000000000001,0.05
1771,0.11499999999999999,0.05
1772,1.07125,0.05
1773,0.5612499999999998,0.05
1774,0.725,0.05
1775,1.175,0.05
1776,-1.1724999999999997,0.05
1777,0.9825000000000002,0.05
1778,-0.4562499999999996,0.05
1779,1.08125,0.05
1780,1.2975,0.05
1781,0.935,0.05
1782,1.11125,0.05
1783,1.0750000000000002,0.05
1784,0.6799999999999998,0.05
1785,1.0237500000000002,0.05
1786,1.25875,0.05
1787,0.72625,0.05
1788,-0.4449999999999996,0.05
1789,0.2862499999999999,0.05
1790,0.9525000000000001,0.05
1791,0.8575,0.05
1792,0.6549999999999998,0.05
1793,0.9325000000000001,0.05
1794,0.6362499999999999,0.05
1795,0.7212500000000001,0.05
1796,1.4900000000000002,0.05
1797,0.7649999999999999,0.05
1798,0.9475,0.05
1799,1.5274999999999999,0.05
1800,1.0050000000000001,0.05
1801,0.93,0.05
1802,0.6749999999999998,0.05
1803,1.13125,0.05
1804,1.135,0.05
1805,0.8375,0.05
1806,0.8637500000000001,0.05
1807,1.08125,0.05
1808,0.8062499999999999,0.05
1809,0.9475,0.05
1810,-0.09999999999999987,0.05
1811,1.045,0.05
1812,1.2825000000000002,0.05
1813,0.4262499999999996,0.05
1814,0.9387500000000001,0.05
1815,1.0450000000000002,0.05
1816,-0.14749999999999974,0.05
1817,0.5737499999999998,0.05
1818,1.08,0.05
1819,0.29125000000000045,0.05
1820,0.11624999999999996,0.05
1821,1.1687500000000002,0.05
1822,0.6312499999999999,0.05
1823,0.4824999999999998,0.05
1824,1.07875,0.05
1825,1.115,0.05
1826,1.33,0.05
1827,1.0075,0.05
1828,0.88625,0.05
1829,-2.7487500000000007,0.05
1830,1.1912500000000001,0.05
1831,0.9325000000000001,0.05
1832,0.7387499999999999,0.05
1833,0.9825000000000002,0.05
1834,-0.5599999999999994,0.05
1835,0.6224999999999998,0.05
1836,1.085,0.05
1837,1.135,0.05
1838,0.7762499999999999,0.05
1839,0.41000000000000014,0.05
1840,1.0950000000000002,0.05
1841,1.1,0.05
1842,1.19875,0.05
1843,1.1712500000000001,0.05
1844,1.1712500000000001,0.05
1845,0.8550000000000001,0.05
1846,1.21875,0.05
1847,0.0012500000000004174,0.05
1848,0.9537500000000001,0.05
1849,1.29,0.05
1850,0.2749999999999999,0.05
1851,0.012500000000000178,0.05
1852,1.28875,0.05
1853,1.09375,0.05
1854,1.27,0.05
1855,1.095,0.05
1856,1.35375,0.05
1857,1.0975000000000001,0.05
1858,-0.3299999999999994,0.05
1859,0.79875,0.05
1860,1.3525,0.05
1861,1.4175,0.05
1862,0.47499999999999976,0.05
1863,1.11125,0.05
1864,0.9687500000000001,0.05
1865,1.12375,0.05
1866,1.0075,0.05
1867,0.16500000000000004,0.05
1868,0.8675,0.05
1869,1.0825,0.05
1870,1.0350000000000001,0.05
1871,-1.0400000000000007,0.05
1872,0.10499999999999998,0.05
1873,0.875,0.05
1874,1.23875,0.05
1875,0.1625000000000001,0.05
1876,0.04500000000000015,0.05
1877,1.01375,0.05
1878,1.0237500000000002,0.05
1879,0.6549999999999998,0.05
1880,1.25,0.05
1881,1.19,0.05
1882,0.04875000000000007,0.05
1883,0.8625,0.05
1884,1.15375,0.05
1885,0.6162499999999999,0.05
1886,1.27125,0.05
1887,1.135,0.05
1888,0.9500000000000001,0.05
1889,1.0025000000000002,0.05
1890,0.90625,0.05
1891,0.8250000000000001,0.05
1892,0.78,0.05
1893,1.2475,0.05
1894,0.7149999999999999,0.05
1895,1.2375,0.05
1896,0.98875,0.05
1897,1.2225000000000001,0.05
1898,1.06,0.05
1899,1.14375,0.05
1900,1.0075,0.05
1901,0.6574999999999999,0.05
1902,0.5074999999999997,0.05
1903,0.8925000000000001,0.05
1904,1.10125,0.05
1905,0.46999999999999964,0.05
1906,0.6275,0.05
1907,0.815,0.05
1908,1.24,0.05
1909,-0.32249999999999934,0.05
1910,1.2,0.05
1911,0.5062499999999998,0.05
1912,0.85875,0.05
1913,0.6549999999999999,0.05
1914,0.9712500000000001,0.05
1915,1.12625,0.05
1916,0.5324999999999998,0.05
1917,1.2225000000000001,0.05
1918,1.095,0.05
1919,1.1375000000000002,0.05
1920,1.1800000000000002,0.05
1921,1.2850000000000001,0.05
1922,0.5137499999999997,0.05
1923,1.20375,0.05
1924,0.21499999999999986,0.05
1925,0.8725,0.05
1926,0.6487499999999998,0.05
1927,0.3849999999999998,0.05
1928,0.9850000000000001,0.05
1929,0.5737499999999998,0.05
1930,0.8049999999999999,0.05
1931,1.1687500000000002,0.05
1932,-2.843750000000001,0.05
1933,-0.02499999999999991,0.05
1934,-2.8762500000000006,0.05
1935,0.5612499999999998,0.05
1936,0.06750000000000012,0.05
1937,1.06875,0.05
1938,1.26625,0.05
1939,0.92625,0.05
1940,0.9550000000000001,0.05
1941,0.6387499999999999,0.05
1942,1.23625,0.05
1943,-2.8437500000000004,0.05
1944,0.9325000000000001,0.05
1945,0.82,0.05
1946,0.9025000000000001,0.05
1947,1.0562500000000001,0.05
1948,1.35,0.05
1949,0.34499999999999975,0.05
1950,1.26375,0.05
1951,1.3825,0.05
1952,0.365,0.05
1953,1.2875,0.05
1954,0.96625,0.05
1955,1.2937500000000002,0.05
1956,1.08,0.05
1957,1.1300000000000001,0.05
1958,1.0425,0.05
1959,1.1625,0.05
1960,1.26375,0.05
1961,0.76875,0.05
1962,1.1825,0.05
1963,0.98,0.05
1964,0.6962499999999998,0.05
1965,1.0025,0.05
1966,0.9275000000000001,0.05
1967,-0.2849999999999995,0.05
1968,0.80125,0.05
1969,0.7499999999999999,0.05
1970,1.15125,0.05
1971,0.5349999999999997,0.05
1972,-0.10999999999999965,0.05
1973,0.9637500000000001,0.05
1974,1.21875,0.05
1975,1.06,0.05
1976,1.0875000000000001,0.05
1977,0.905,0.05
1978,0.9337500000000001,0.05
1979,1.09375,0.05
1980,0.9825000000000002,0.05
1981,0.8425000000000002,0.05
1982,0.86,0.05
1983,0.93625,0.05
1984,1.2937500000000002,0.05
1985,0.725,0.05
1986,0.82375,0.05
1987,1.0825,0.05
1988,-3.246250000000001,0.05
1989,1.50875,0.05
1990,1.0,0.05
1991,1.2225000000000001,0.05
1992,1.2475,0.05
1993,1.105,0.05
1994,1.11625,0.05
1995,-0.42999999999999927,0.05
1996,0.9512500000000002,0.05
1997,0.012500000000000178,0.05
1998,-2.781250000000001,0.05
1999,0.9850000000000001,0.05
2000,0.8350000000000001,0.05
2001,1.02125,0.05
2002,1.0550000000000002,0.05
2003,0.80125,0.05
2004,0.3124999999999998,0.05
2005,1.02,0.05
2006,1.1125,0.05
2007,1.20375,0.05
2008,1.2525,0.05
2009,1.27,0.05
2010,1.06,0.05
2011,1.2775,0.05
2012,0.9500000000000001,0.05
2013,1.2750000000000001,0.05
2014,-0.7162499999999989,0.05
2015,1.0550000000000002,0.05
2016,0.7149999999999999,0.05
2017,0.85875,0.05
2018,1.3825,0.05
2019,-0.78,0.05
2020,0.6212499999999999,0.05
2021,-2.900000000000001,0.05
2022,1.3225,0.05
2023,0.84125,0.05
2024,1.205,0.05
2025,1.02,0.05
2026,1.0375,0.05
2027,1.1800000000000002,0.05
2028,0.6774999999999999,0.05
2029,0.6749999999999998,0.05
2030,1.09375,0.05
2031,1.49125,0.05
2032,0.825,0.05
2033,0.9412500000000001,0.05
2034,1.21,0.05
2035,0.9875,0.05
2036,1.1975000000000002,0.05
2037,0.4199999999999997,0.05
2038,1.24,0.05
2039,1.135,0.05
2040,0.7862499999999999,0.05
2041,0.8287500000000001,0.05
2042,0.28500000000000014,0.05
2043,1.15375,0.05
2044,0.775,0.05
2045,1.25875,0.05
2046,0.9400000000000001,0.05
2047,1.02625,0.05
2048,0.5924999999999998,0.05
2049,0.6849999999999998,0.05
2050,-0.003749999999999476,0.05
2051,1.3,0.05
2052,1.16375,0.05
2053,0.6549999999999998,0.05
2054,0.7087499999999999,0.05
2055,1.0437500000000002,0.05
2056,1.09375,0.05
2057,1.22625,0.05
2058,0.9287500000000001,0.05
2059,1.04,0.05
2060,1.2200000000000002,0.05
2061,1.01875,0.05
2062,1.0150000000000001,0.05
2063,1.0025,0.05
2064,-0.31124999999999914,0.05
2065,0.98875,0.05
2066,1.09,0.05
2067,0.9,0.05
2068,1.39625,0.05
2069,1.425,0.05
2070,1.0875000000000001,0.05
2071,-2.7875000000000005,0.05
2072,0.7875,0.05
2073,1.1475,0.05
2074,0.9237500000000001,0.05
2075,1.04,0.05
2076,-2.8000000000000007,0.05
2077,0.97875,0.05
2078,1.1875,0.05
2079,0.4524999999999997,0.05
2080,0.84875,0.05
2081,0.98875,0.05
2082,0.3474999999999997,0.05
2083,1.0987500000000001,0.05
2084,1.1375000000000002,0.05
2085,0.9775,0.05
2086,1.185,0.05
2087,0.20625000000000004,0.05
2088,1.30875,0.05
2089,1.17375,0.05
2090,0.9337500000000001,0.05
2091,1.49875,0.05
2092,0.37375,0.05
2093,-0.5049999999999997,0.05
2094,1.1150000000000002,0.05
2095,0.9062500000000001,0.05
2096,1.13125,0.05
2097,0.16625,0.05
2098,0.7699999999999999,0.05
2099,1.21,0.05
2100,0.66,0.05
2101,0.8900000000000001,0.05
2102,-0.10249999999999959,0.05
2103,0.91125,0.05
2104,0.5812499999999997,0.05
2105,-3.297499999999999,0.05
2106,0.96125,0.05
2107,1.4275000000000002,0.05
2108,1.365,0.05
2109,1.0237500000000002,0.05
2110,1.1425,0.05
2111,0.8962500000000001,0.05
2112,0.99875,0.05
2113,0.17499999999999982,0.05
2114,1.24,0.05
2115,1.0075,0.05
2116,0.4712499999999996,0.05
2117,0.5299999999999997,0.05
2118,-0.6474999999999991,0.05
2119,1.02125,0.05
2120,1.2625000000000002,0.05
2121,1.09375,0.05
2122,1.225,0.05
2123,-0.37499999999999956,0.05
2124,0.86125,0.05
2125,1.2175,0.05
2126,1.4625000000000001,0.05
2127,1.0975000000000001,0.05
2128,0.9950000000000001,0.05
2129,1.09,0.05
2130,0.98875,0.05
2131,0.36124999999999985,0.05
2132,1.0862500000000002,0.05
2133,0.9775,0.05
2134,-2.786250000000001,0.05
2135,1.5,0.05
2136,0.5374999999999998,0.05
2137,0.8662500000000001,0.05
2138,1.1075000000000002,0.05
2139,1.0025,0.05
2140,1.0575,0.05
2141,0.82375,0.05
2142,0.49499999999999966,0.05
2143,1.0025,0.05
2144,-2.990000000000001,0.05
2145,0.7649999999999999,0.05
2146,0.7575,0.05
2147,0.25124999999999975,0.05
2148,1.0275,0.05
2149,-2.7300000000000004,0.05
2150,1.19875,0.05
2151,1.2000000000000002,0.05
2152,1.0575,0.05
2153,1.27625,0.05
2154,-2.7000000000000006,0.05
2155,0.02375000000000016,0.05
2156,1.0350000000000001,0.05
2157,0.2912499999999998,0.05
2158,1.2975,0.05
2159,0.8350000000000001,0.05
2160,0.1200000000000001,0.05
2161,1.1725,0.05
2162,0.31499999999999995,0.05
2163,0.84875,0.05
2164,0.935,0.05
2165,0.48499999999999976,0.05
2166,0.9537500000000001,0.05
2167,0.8049999999999999,0.05
2168,0.7199999999999999,0.05
2169,1.185,0.05
2170,0.99,0.05
2171,0.32999999999999985,0.05
2172,-2.8937500000000003,0.05
2173,1.3,0.05
2174,1.18375,0.05
2175,1.35375,0.05
2176,1.105,0.05
2177,1.0575,0.05
2178,0.86125,0.05
2179,1.1475,0.05
2180,1.155,0.05
2181,1.3162500000000001,0.05
2182,1.4800000000000002,0.05
2183,0.91,0.05
2184,0.9875,0.05
2185,-2.762500000000001,0.05
2186,0.87,0.05
2187,1.51375,0.05
2188,0.91125,0.05
2189,0.9462500000000001,0.05
2190,0.9700000000000001,0.05
2191,0.6162499999999999,0.05
2192,1.0025,0.05
2193,0.8324999999999999,0.05
2194,0.11749999999999994,0.05
2195,0.5987499999999998,0.05
2196,0.79875,0.05
2197,1.0450000000000002,0.05
2198,0.43249999999999966,0.05
2199,0.94125,0.05
2200,0.9525000000000001,0.05
2201,0.6974999999999999,0.05
2202,0.7075000000000002,0.05
2203,1.17375,0.05
2204,0.81375,0.05
2205,1.13125,0.05
2206,0.83625,0.05
2207,1.0,0.05
2208,0.5999999999999999,0.05
2209,1.22125,0.05
2210,0.95875,0.05
2211,1.05,0.05
2212,1.24125,0.05
2213,1.1525,0.05
2214,1.08,0.05
2215,1.485,0.05
2216,1.03125,0.05
2217,-0.11499999999999977,0.05
2218,0.9700000000000001,0.05
2219,0.93,0.05
2220,1.02,0.05
2221,0.9850000000000001,0.05
2222,1.19,0.05
2223,1.03875,0.05
2224,0.96625,0.05
2225,0.9850000000000001,0.05
2226,0.37124999999999986,0.05
2227,0.85375,0.05
2228,1.09,0.05
2229,1.1400000000000001,0.05
2230,0.9525000000000001,0.05
2231,0.875,0.05
2232,1.1550000000000002,0.05
2233,0.09625000000000017,0.05
2234,0.9587500000000001,0.05
2235,1.2725,0.05
2236,1.02125,0.05
2237,0.84375,0.05
2238,0.2450000000000001,0.05
2239,1.0012500000000002,0.05
2240,-1.0937500000000004,0.05
2241,1.0750000000000002,0.05
2242,0.3624999999999998,0.05
2243,0.83625,0.05
2244,1.02125,0.05
2245,1.4125,0.05
2246,0.7599999999999999,0.05
2247,1.25875,0.05
2248,1.30375,0.05
2249,1.4212500000000001,0.05
2250,0.8912500000000001,0.05
2251,1.1475,0.05
2252,1.13375,0.05
2253,1.19875,0.05
2254,1.1675,0.05
2255,0.7212499999999998,0.05
2256,-2.7250000000000005,0.05
2257,1.0750000000000002,0.05
2258,1.09,0.05
2259,1.07625,0.05
2260,1.2775,0.05
2261,1.0987500000000001,0.05
2262,1.12625,0.05
2263,1.28,0.05
2264,0.5499999999999997,0.05
2265,1.2975,0.05
2266,0.9650000000000001,0.05
2267,-0.043749999999999734,0.05
2268,1.1625,0.05
2269,-0.8350000000000002,0.05
2270,0.79375,0.05
2271,1.165,0.05
2272,0.6737499999999998,0.05
2273,0.4212499999999997,0.05
2274,1.485,0.05
2275,1.18875,0.05
2276,1.0250000000000001,0.05
2277,0.7637499999999999,0.05
2278,1.1487500000000002,0.05
2279,1.13125,0.05
2280,0.9525000000000001,0.05
2281,-2.7937500000000006,0.05
2282,1.0475,0.05
2283,0.5799999999999997,0.05
2284,1.05,0.05
2285,1.29,0.05
2286,0.22624999999999984,0.05
2287,0.9237500000000001,0.05
2288,-0.1499999999999997,0.05
2289,1.0625,0.05
2290,0.9600000000000001,0.05
2291,0.85625,0.05
2292,1.2437500000000001,0.05
2293,1.2325000000000002,0.05
2294,-2.7300000000000004,0.05
2295,0.9937500000000001,0.05
2296,1.04,0.05
2297,1.0375,0.05
2298,0.26249999999999973,0.05
2299,0.05625000000000013,0.05
2300,1.12375,0.05
2301,1.01625,0.05
2302,0.6837499999999999,0.05
2303,1.2725,0.05
2304,1.05125,0.05
2305,1.25625,0.05
2306,1.51375,0.05
2307,0.7449999999999999,0.05
2308,-2.931250000000001,0.05
2309,0.9525000000000001,0.05
2310,1.04,0.05
2311,0.46499999999999964,0.05
2312,-0.2912499999999998,0.05
2313,0.9375,0.05
2314,0.9712500000000002,0.05
2315,0.9825000000000002,0.05
2316,1.555,0.05
2317,0.6237499999999998,0.05
2318,0.6724999999999999,0.05
2319,1.295,0.05
2320,0.6962499999999998,0.05
2321,1.4187500000000002,0.05
2322,0.6149999999999999,0.05
2323,-0.32249999999999934,0.05
2324,1.13375,0.05
2325,1.08,0.05
2326,1.0437500000000002,0.05
2327,1.18125,0.05
2328,1.03875,0.05
2329,0.91625,0.05
2330,1.1525,0.05
2331,1.07625,0.05
2332,0.9712500000000001,0.05
2333,1.2337500000000001,0.05
2334,1.00875,0.05
2335,0.7749999999999999,0.05
2336,1.2750000000000001,0.05
2337,1.3675000000000002,0.05
2338,1.0950000000000002,0.05
2339,1.085,0.05
2340,1.2,0.05
2341,1.1612500000000001,0.05
2342,1.0637500000000002,0.05
2343,1.125,0.05
2344,1.2225000000000001,0.05
2345,1.1712500000000001,0.05
2346,0.9250000000000002,0.05
2347,-1.1937499999999999,0.05
2348,0.845,0.05
2349,0.9425,0.05
2350,1.3125,0.05
2351,1.1525,0.05
2352,1.15625,0.05
2353,1.15,0.05
2354,1.00625,0.05
2355,0.8762500000000001,0.05
2356,1.0037500000000001,0.05
2357,1.0350000000000001,0.05
2358,-2.8625000000000007,0.05
2359,0.9850000000000001,0.05
2360,0.88375,0.05
2361,1.1425,0.05
2362,1.0050000000000001,0.05
2363,1.18125,0.05
2364,0.14375000000000004,0.05
2365,0.9900000000000001,0.05
2366,0.87875,0.05
2367,1.15,0.05
2368,1.1300000000000001,0.05
2369,0.86,0.05
2370,1.0012500000000002,0.05
2371,1.30875,0.05
2372,1.155,0.05
2373,0.9450000000000001,0.05
2374,-0.13124999999999964,0.05
2375,1.05875,0.05
2376,1.115,0.05
2377,1.1162500000000002,0.05
2378,0.7499999999999999,0.05
2379,1.0075,0.05
2380,1.1525,0.05
2381,1.1975,0.05
2382,1.0625,0.05
2383,1.5274999999999999,0.05
2384,0.915,0.05
2385,1.2625000000000002,0.05
2386,1.1725,0.05
2387,0.90375,0.05
2388,1.3525,0.05
2389,1.105,0.05
2390,0.5987499999999999,0.05
2391,1.205,0.05
2392,0.9837500000000001,0.05
2393,1.27,0.05
2394,1.08,0.05
2395,1.28,0.05
2396,1.02625,0.05
2397,1.5037500000000001,0.05
2398,0.8024999999999999,0.05
2399,0.9525000000000001,0.05
2400,0.9087500000000001,0.05
2401,1.0212500000000002,0.05
2402,1.0987500000000001,0.05
2403,0.9525000000000001,0.05
2404,1.145,0.05
2405,1.23,0.05
2406,1.3787500000000001,0.05
2407,0.9400000000000001,0.05
2408,1.09375,0.05
2409,0.90375,0.05
2410,1.01875,0.05
2411,1.1725,0.05
2412,0.5237499999999998,0.05
2413,0.3274999999999999,0.05
2414,0.7487499999999999,0.05
2415,0.6487499999999998,0.05
2416,1.2550000000000001,0.05
2417,0.8800000000000001,0.05
2418,0.7487499999999999,0.05
2419,1.0237500000000002,0.05
2420,1.1475,0.05
2421,1.0562500000000001,0.05
2422,1.2775,0.05
2423,0.09125000000000005,0.05
2424,0.7274999999999999,0.05
2425,1.0750000000000002,0.05
2426,0.71,0.05
2427,1.2725000000000002,0.05
2428,1.28875,0.05
2429,0.46999999999999975,0.05
2430,0.9850000000000001,0.05
2431,0.07500000000000018,0.05
2432,0.8900000000000001,0.05
2433,1.06875,0.05
2434,1.07375,0.05
2435,-2.953750000000001,0.05
2436,1.2225000000000001,0.05
2437,0.68625,0.05
2438,-2.887500000000001,0.05
2439,0.14749999999999996,0.05
2440,0.9587500000000001,0.05
2441,1.02125,0.05
2442,1.0075,0.05
2443,1.125,0.05
2444,1.205,0.05
2445,1.235,0.05
2446,0.4399999999999997,0.05
2447,1.1887500000000002,0.05
2448,1.2,0.05
2449,1.17625,0.05
2450,0.9225000000000001,0.05
2451,1.07875,0.05
2452,1.27125,0.05
2453,1.11125,0.05
2454,1.05,0.05
2455,1.12375,0.05
2456,0.46499999999999975,0.05
2457,1.235,0.05
2458,0.9900000000000001,0.05
2459,0.96625,0.05
2460,0.6849999999999999,0.05
2461,1.18625,0.05
2462,1.125,0.05
2463,-0.0012499999999997513,0.05
2464,1.31375,0.05
2465,0.745,0.05
2466,0.9975,0.05
2467,0.91125,0.05
2468,1.3475000000000001,0.05
2469,-2.8937500000000016,0.05
2470,0.8962500000000001,0.05
2471,0.8049999999999999,0.05
2472,-2.9687499999999996,0.05
2473,1.06875,0.05
2474,0.5012499999999996,0.05
2475,1.28375,0.05
2476,0.9425,0.05
2477,0.6224999999999998,0.05
2478,-2.875000000000001,0.05
2479,0.9900000000000001,0.05
2480,1.1525,0.05
2481,0.9650000000000001,0.05
2482,0.6099999999999998,0.05
2483,1.0375,0.05
2484,1.3625,0.05
2485,1.3125,0.05
2486,0.7675,0.05
2487,1.1675,0.05
2488,1.0637500000000002,0.05
2489,1.095,0.05
2490,1.13125,0.05
2491,1.21,0.05
2492,1.16625,0.05
2493,0.4574999999999997,0.05
2494,1.37625,0.05
2495,0.5449999999999997,0.05
2496,0.21875,0.05
2497,0.88,0.05
2498,0.875,0.05
2499,0.45874999999999977,0.05
2500,0.78,0.05
2501,0.36624999999999974,0.05
2502,1.0437500000000002,0.05
2503,-2.9650000000000003,0.05
2504,1.24125,0.05
2505,1.1887500000000002,0.05
2506,-2.6625000000000005,0.05
2507,0.6937499999999999,0.05
2508,0.9775,0.05
2509,1.2975,0.05
2510,0.5849999999999997,0.05
2511,1.2425000000000002,0.05
2512,0.88125,0.05
2513,-2.912500000000001,0.05
2514,1.1150000000000002,0.05
2515,-2.893750000000001,0.05
2516,0.6862499999999998,0.05
2517,1.1,0.05
2518,0.3474999999999997,0.05
2519,0.9950000000000001,0.05
2520,1.1,0.05
2521,1.2625000000000002,0.05
2522,0.35499999999999976,0.05
2523,0.6099999999999998,0.05
2524,0.5262499999999998,0.05
2525,1.1175000000000002,0.05
2526,1.13125,0.05
2527,-0.08499999999999974,0.05
2528,0.5624999999999998,0.05
2529,-0.06499999999999972,0.05
2530,0.84,0.05
2531,0.7199999999999999,0.05
2532,1.4125,0.05
2533,1.155,0.05
2534,1.33125,0.05
2535,0.9500000000000001,0.05
2536,0.84,0.05
2537,1.4075,0.05
2538,1.0925,0.05
2539,-2.7362500000000005,0.05
2540,1.00625,0.05
2541,0.9525,0.05
2542,1.22125,0.05
2543,1.24125,0.05
2544,0.895,0.05
2545,0.8562500000000001,0.05
2546,1.33,0.05
2547,-2.7500000000000004,0.05
2548,0.87875,0.05
2549,0.9650000000000001,0.05
2550,0.7462500000000002,0.05
2551,1.0550000000000002,0.05
2552,1.02625,0.05
2553,0.04375000000000018,0.05
2554,1.115,0.05
2555,1.19625,0.05
2556,1.15,0.05
2557,0.87375,0.05
2558,-2.9912500000000004,0.05
2559,1.1262500000000002,0.05
2560,-2.8800000000000012,0.05
2561,1.2,0.05
2562,0.6349999999999998,0.05
2563,1.0,0.05
2564,1.18625,0.05
2565,0.6537499999999998,0.05
2566,-2.9075,0.05
2567,1.1162500000000002,0.05
2568,1.24625,0.05
2569,0.10499999999999998,0.05
2570,0.5937499999999998,0.05
2571,1.13625,0.05
2572,0.83625,0.05
2573,1.125,0.05
2574,1.09375,0.05
2575,0.96,0.05
2576,1.05125,0.05
2577,0.8775000000000001,0.05
2578,1.07,0.05
2579,0.9500000000000001,0.05
2580,0.9750000000000001,0.05
2581,1.1125,0.05
2582,0.88,0.05
2583,0.7024999999999999,0.05
2584,1.4200000000000002,0.05
2585,1.1500000000000001,0.05
2586,0.37999999999999967,0.05
2587,0.8912500000000001,0.05
2588,0.6312499999999998,0.05
2589,1.06,0.05
2590,0.9462500000000001,0.05
2591,1.13875,0.05
2592,0.8300000000000001,0.05
2593,0.4349999999999996,0.05
2594,1.22125,0.05
2595,0.3849999999999998,0.05
2596,1.0425,0.05
2597,0.6524999999999999,0.05
2598,1.0362500000000001,0.05
2599,-2.9500000000000015,0.05
2600,1.12625,0.05
2601,-0.9437499999999999,0.05
2602,1.13375,0.05
2603,-0.17749999999999977,0.05
2604,1.0637500000000002,0.05
2605,0.7587500000000001,0.05
2606,0.93,0.05
2607,0.9062500000000001,0.05
2608,1.3362500000000002,0.05
2609,1.125,0.05
2610,0.8250000000000001,0.05
2611,1.1687500000000002,0.05
2612,-2.6800000000000006,0.05
2613,0.78,0.05
2614,0.44749999999999956,0.05
2615,1.3987500000000002,0.05
2616,1.25875,0.05
2617,1.0250000000000001,0.05
2618,1.3687500000000001,0.05
2619,0.40124999999999966,0.05
2620,0.87875,0.05
2621,0.6449999999999998,0.05
2622,0.85875,0.05
2623,0.8962500000000001,0.05
2624,1.3250000000000002,0.05
2625,1.235,0.05
2626,1.4000000000000001,0.05
2627,-2.806250000000001,0.05
2628,1.04,0.05
2629,0.8099999999999999,0.05
2630,1.1125,0.05
2631,0.6387499999999998,0.05
2632,1.28,0.05
2633,-2.6750000000000007,0.05
2634,1.1062500000000002,0.05
2635,0.6337499999999998,0.05
2636,1.24,0.05
2637,1.2212500000000002,0.05
2638,0.6574999999999999,0.05
2639,1.16625,0.05
2640,1.3625,0.05
2641,1.115,0.05
2642,1.3625,0.05
2643,1.07875,0.05
2644,1.07125,0.05
2645,0.6500000000000002,0.05
2646,1.23875,0.05
2647,0.98,0.05
2648,0.45999999999999985,0.05
2649,1.0987500000000001,0.05
2650,0.93625,0.05
2651,-0.4424999999999992,0.05
2652,0.8675,0.05
2653,1.09375,0.05
2654,1.0050000000000001,0.05
2655,1.27125,0.05
2656,1.03375,0.05
2657,0.9400000000000001,0.05
2658,1.17,0.05
2659,-2.823750000000001,0.05
2660,1.1912500000000001,0.05
2661,1.0750000000000002,0.05
2662,0.9650000000000001,0.05
2663,1.20375,0.05
2664,0.5737499999999998,0.05
2665,0.27624999999999966,0.05
2666,0.9712500000000002,0.05
2667,1.19,0.05
2668,-2.7862500000000003,0.05
2669,1.0525,0.05
2670,0.79875,0.05
2671,1.11,0.05
2672,0.87375,0.05
2673,1.17,0.05
2674,1.26625,0.05
2675,0.825,0.05
2676,1.0075,0.05
2677,0.87375,0.05
2678,-0.00374999999999992,0.05
2679,1.24,0.05
2680,1.145,0.05
2681,0.7949999999999999,0.05
2682,1.3,0.05
2683,1.48125,0.05
2684,1.2075,0.05
2685,1.2337500000000001,0.05
2686,1.2075,0.05
2687,0.8175,0.05
2688,1.22125,0.05
2689,0.40249999999999964,0.05
2690,0.935,0.05
2691,0.6974999999999999,0.05
2692,1.0350000000000001,0.05
2693,1.17875,0.05
2694,0.13874999999999993,0.05
2695,0.6937499999999999,0.05
2696,0.30374999999999996,0.05
2697,-2.9425000000000012,0.05
2698,1.17375,0.05
2699,0.9325000000000001,0.05
2700,0.2024999999999999,0.05
2701,1.235,0.05
2702,0.7199999999999999,0.05
2703,1.23625,0.05
2704,0.6587499999999998,0.05
2705,1.12375,0.05
2706,1.10125,0.05
2707,1.3125,0.05
2708,1.12625,0.05
2709,1.0575,0.05
2710,1.06125,0.05
2711,0.85875,0.05
2712,1.2737500000000002,0.05
2713,0.91625,0.05
2714,0.89875,0.05
2715,1.22625,0.05
2716,0.9450000000000001,0.05
2717,1.3775,0.05
2718,1.08,0.05
2719,1.0237500000000002,0.05
2720,1.2750000000000001,0.05
2721,1.1400000000000001,0.05
2722,0.78625,0.05
2723,0.9700000000000001,0.05
2724,-0.03749999999999987,0.05
2725,0.47624999999999984,0.05
2726,0.9475,0.05
2727,1.17,0.05
2728,-1.0462500000000008,0.05
2729,1.3175000000000001,0.05
2730,1.0975000000000001,0.05
2731,1.2425000000000002,0.05
2732,1.0437500000000002,0.05
2733,-2.8600000000000008,0.05
2734,1.2225000000000001,0.05
2735,1.17875,0.05
2736,0.6312499999999998,0.05
2737,1.1475,0.05
2738,1.11125,0.05
2739,1.25,0.05
2740,1.1712500000000001,0.05
2741,0.43874999999999975,0.05
2742,1.0025,0.05
2743,1.34375,0.05
2744,0.88,0.05
2745,1.4725000000000001,0.05
2746,1.43875,0.05
2747,1.02125,0.05
2748,1.165,0.05
2749,0.9387500000000001,0.05
2750,1.2,0.05
2751,1.0987500000000001,0.05
2752,0.78625,0.05
2753,1.095,0.05
2754,0.9687500000000001,0.05
2755,1.20875,0.05
2756,0.9712500000000001,0.05
2757,0.7699999999999999,0.05
2758,1.15375,0.05
2759,0.7699999999999999,0.05
2760,1.345,0.05
2761,1.23875,0.05
2762,1.0350000000000001,0.05
2763,0.91125,0.05
2764,0.915,0.05
2765,1.15,0.05
2766,1.26,0.05
2767,0.9225,0.05
2768,1.3250000000000002,0.05
2769,1.1875,0.05
2770,1.0,0.05
2771,1.3250000000000002,0.05
2772,1.4187500000000002,0.05
2773,-2.861250000000001,0.05
2774,1.2825000000000002,0.05
2775,1.19625,0.05
2776,1.2675,0.05
2777,1.3800000000000001,0.05
2778,1.11625,0.05
2779,1.30875,0.05
2780,1.1887500000000002,0.05
2781,0.725,0.05
2782,1.3275000000000001,0.05
2783,1.1800000000000002,0.05
2784,1.145,0.05
2785,1.06125,0.05
2786,1.26,0.05
2787,1.12375,0.05
2788,1.35,0.05
2789,0.5849999999999997,0.05
2790,1.16625,0.05
2791,1.2425000000000002,0.05
2792,1.35375,0.05
2793,1.1300000000000001,0.05
2794,0.805,0.05
2795,0.65125,0.05
2796,0.9687500000000001,0.05
2797,1.23625,0.05
2798,0.4937499999999997,0.05
2799,1.0987500000000001,0.05
2800,1.0925,0.05
2801,0.43874999999999975,0.05
2802,0.5987499999999998,0.05
2803,0.885,0.05
2804,1.0562500000000001,0.05
2805,1.1600000000000001,0.05
2806,1.47625,0.05
2807,1.07625,0.05
2808,-0.02499999999999991,0.05
2809,0.4712499999999997,0.05
2810,1.11,0.05
2811,0.06625000000000014,0.05
2812,0.8962500000000001,0.05
2813,1.06125,0.05
2814,1.095,0.05
2815,0.8775000000000001,0.05
2816,1.31375,0.05
2817,1.27,0.05
2818,1.36375,0.05
2819,0.5262499999999999,0.05
2820,1.3,0.05
2821,0.98875,0.05
2822,1.1,0.05
2823,1.0625,0.05
2824,0.8875,0.05
2825,1.2675,0.05
2826,1.1125,0.05
2827,1.3487500000000001,0.05
2828,1.32,0.05
2829,1.1125,0.05
2830,0.80125,0.05
2831,-3.060000000000001,0.05
2832,1.3250000000000002,0.05
2833,1.07625,0.05
2834,0.9775,0.05
2835,1.32,0.05
2836,1.30875,0.05
2837,0.86375,0.05
2838,1.0437500000000002,0.05
2839,0.7999999999999999,0.05
2840,1.2625000000000002,0.05
2841,0.6950000000000001,0.05
2842,1.07625,0.05
2843,0.7099999999999999,0.05
2844,1.3587500000000001,0.05
2845,1.0750000000000002,0.05
2846,0.4312499999999999,0.05
2847,0.2274999999999998,0.05
2848,1.11625,0.05
2849,0.9700000000000001,0.05
2850,0.46999999999999964,0.05
2851,1.20875,0.05
2852,0.91625,0.05
2853,-3.5462500000000015,0.05
2854,0.86,0.05
2855,1.11375,0.05
2856,0.9500000000000001,0.05
2857,0.9450000000000001,0.05
2858,1.3625,0.05
2859,0.6124999999999997,0.05
2860,1.1175000000000002,0.05
2861,0.88625,0.05
2862,0.98,0.05
2863,1.3362500000000002,0.05
2864,1.13125,0.05
2865,1.0450000000000002,0.05
2866,1.555,0.05
2867,1.26,0.05
2868,1.0437500000000002,0.05
2869,0.4949999999999998,0.05
2870,1.0987500000000001,0.05
2871,0.3287499999999999,0.05
2872,1.1,0.05
2873,1.0987500000000001,0.05
2874,1.33,0.05
2875,1.0325000000000002,0.05
2876,0.9512500000000002,0.05
2877,1.03375,0.05
2878,1.0762500000000002,0.05
2879,1.2550000000000001,0.05
2880,0.7462499999999999,0.05
2881,1.0987500000000001,0.05
2882,0.915,0.05
2883,0.2412500000000002,0.05
2884,1.12625,0.05
2885,1.11375,0.05
2886,1.28375,0.05
2887,0.825,0.05
2888,0.6937499999999999,0.05
2889,1.1625,0.05
2890,1.0250000000000001,0.05
2891,1.01125,0.05
2892,-0.3199999999999994,0.05
2893,0.3899999999999997,0.05
2894,1.23625,0.05
2895,0.7712499999999999,0.05
2896,1.35375,0.05
2897,1.16625,0.05
2898,1.1887500000000002,0.05
2899,1.2950000000000002,0.05
2900,1.245,0.05
2901,1.11625,0.05
2902,1.05125,0.05
2903,0.40249999999999986,0.05
2904,1.0437500000000002,0.05
2905,1.1,0.05
2906,0.79875,0.05
2907,1.19,0.05
2908,0.81375,0.05
2909,0.9850000000000001,0.05
2910,0.9500000000000001,0.05
2911,1.1125,0.05
2912,0.6024999999999998,0.05
2913,1.1925000000000001,0.05
2914,1.0975000000000001,0.05
2915,0.6937499999999999,0.05
2916,0.9087500000000002,0.05
2917,1.27125,0.05
2918,1.08375,0.05
2919,0.715,0.05
2920,0.17999999999999994,0.05
2921,1.2550000000000001,0.05
2922,1.4900000000000002,0.05
2923,1.0825,0.05
2924,0.9475,0.05
2925,0.78875,0.05
2926,0.5999999999999999,0.05
2927,1.1125,0.05
2928,0.7412499999999999,0.05
2929,1.1800000000000002,0.05
2930,0.98875,0.05
2931,0.5674999999999999,0.05
2932,0.9512500000000002,0.05
2933,1.1600000000000001,0.05
2934,0.1812499999999999,0.05
2935,0.2437499999999999,0.05
2936,1.3,0.05
2937,0.9175000000000001,0.05
2938,0.9850000000000001,0.05
2939,1.09375,0.05
2940,0.75125,0.05
2941,1.0750000000000002,0.05
2942,1.09375,0.05
2943,0.8400000000000001,0.05
2944,0.3374999999999997,0.05
2945,1.07875,0.05
2946,1.0562500000000001,0.05
2947,0.9287500000000001,0.05
2948,1.165,0.05
2949,1.06125,0.05
2950,0.9525000000000001,0.05
2951,0.7299999999999999,0.05
2952,1.02625,0.05
2953,1.2337500000000001,0.05
2954,1.16625,0.05
2955,1.2475,0.05
2956,1.5175,0.05
2957,0.9450000000000001,0.05
2958,1.54125,0.05
2959,1.48125,0.05
2960,1.1300000000000001,0.05
2961,1.09,0.05
2962,0.21624999999999983,0.05
2963,1.2475,0.05
2964,1.06875,0.05
2965,1.1725,0.05
2966,1.24125,0.05
2967,0.5599999999999998,0.05
2968,1.0987500000000001,0.05
2969,0.5012499999999999,0.05
2970,0.93,0.05
2971,1.32,0.05
2972,1.0750000000000002,0.05
2973,0.91125,0.05
2974,1.00625,0.05
2975,0.6949999999999998,0.05
2976,1.0250000000000001,0.05
2977,1.1287500000000001,0.05
2978,-0.1287499999999997,0.05
2979,-0.21999999999999953,0.05
2980,-2.7875000000000005,0.05
2981,0.6912499999999998,0.05
2982,1.13625,0.05
2983,1.1675,0.05
2984,1.19,0.05
2985,1.0925,0.05
2986,1.165,0.05
2987,0.925,0.05
2988,1.155,0.05
2989,1.2025000000000001,0.05
2990,1.2975,0.05
2991,1.0750000000000002,0.05
2992,0.5637499999999999,0.05
2993,1.0575,0.05
2994,1.0750000000000002,0.05
2995,1.0925,0.05
2996,0.9875,0.05
2997,1.13125,0.05
2998,0.7274999999999999,0.05
2999,0.5462499999999997,0.05
3000,1.315,0.05
3001,0.9150000000000001,0.05
3002,1.3675000000000002,0.05
3003,1.07625,0.05
3004,0.3287499999999999,0.05
3005,1.07625,0.05
3006,0.6399999999999999,0.05
3007,1.105,0.05
3008,1.1287500000000001,0.05
3009,1.13625,0.05
3010,1.1925000000000001,0.05
3011,1.30875,0.05
3012,1.1800000000000002,0.05
3013,1.20875,0.05
3014,1.0075,0.05
3015,1.1487500000000002,0.05
3016,1.0075,0.05
3017,1.13625,0.05
3018,1.11,0.05
3019,1.19625,0.05
3020,0.6937499999999999,0.05
3021,0.935,0.05
3022,1.1662500000000002,0.05
3023,1.245,0.05
3024,1.0525000000000002,0.05
3025,1.2937500000000002,0.05
3026,1.0750000000000002,0.05
3027,1.425,0.05
3028,0.4399999999999997,0.05
3029,0.7949999999999999,0.05
3030,0.8012499999999999,0.05
3031,0.9475,0.05
3032,1.0237500000000002,0.05
3033,0.18999999999999995,0.05
3034,-0.9287500000000002,0.05
3035,1.3,0.05
3036,1.4175,0.05
3037,1.1125,0.05
3038,0.7462499999999999,0.05
3039,1.2962500000000001,0.05
3040,1.18625,0.05
3041,0.9137500000000001,0.05
3042,0.9700000000000001,0.05
3043,1.2525,0.05
3044,0.93,0.05
3045,1.3125,0.05
3046,1.07,0.05
3047,0.90375,0.05
3048,0.8800000000000001,0.05
3049,0.9,0.05
3050,1.1425,0.05
3051,1.145,0.05
3052,1.07875,0.05
3053,1.215,0.05
3054,1.19,0.05
3055,1.0375,0.05
3056,1.1912500000000001,0.05
3057,1.0475,0.05
3058,1.3250000000000002,0.05
3059,1.0750000000000002,0.05
3060,0.8475,0.05
3061,1.07625,0.05
3062,1.05375,0.05
3063,1.15625,0.05
3064,0.77,0.05
3065,0.6962499999999999,0.05
3066,1.11125,0.05
3067,1.2750000000000001,0.05
3068,1.1287500000000001,0.05
3069,1.0575,0.05
3070,0.21500000000000008,0.05
3071,0.7275,0.05
3072,1.24,0.05
3073,0.93,0.05
3074,1.24875,0.05
3075,0.9750000000000001,0.05
3076,1.02625,0.05
3077,1.1400000000000001,0.05
3078,1.15,0.05
3079,1.36375,0.05
3080,1.3050000000000002,0.05
3081,1.11125,0.05
3082,1.2075,0.05
3083,1.11625,0.05
3084,1.50875,0.05
3085,1.26375,0.05
3086,1.3,0.05
3087,1.2075,0.05
3088,1.2200000000000002,0.05
3089,1.2175,0.05
3090,1.0875000000000001,0.05
3091,1.24,0.05
3092,0.98875,0.05
3093,1.1675,0.05
3094,0.30374999999999974,0.05
3095,1.2575,0.05
3096,1.48125,0.05
3097,1.46375,0.05
3098,1.29125,0.05
3099,0.80375,0.05
3100,0.9087500000000001,0.05
3101,1.0012500000000002,0.05
3102,-2.83,0.05
3103,0.9537500000000001,0.05
3104,0.31874999999999987,0.05
3105,1.345,0.05
3106,1.17875,0.05
3107,0.88125,0.05
3108,0.5899999999999997,0.05
3109,1.12375,0.05
3110,1.17875,0.05
3111,0.5924999999999998,0.05
3112,1.2,0.05
3113,1.2025000000000001,0.05
3114,1.095,0.05
3115,1.405,0.05
3116,1.3125,0.05
3117,1.155,0.05
3118,1.4175,0.05
3119,1.39375,0.05
3120,0.9800000000000002,0.05
3121,1.1887500000000002,0.05
3122,1.2525,0.05
3123,0.7149999999999999,0.05
3124,0.82375,0.05
3125,1.0950000000000002,0.05
3126,1.43625,0.05
3127,0.8012499999999999,0.05
3128,1.0625,0.05
3129,1.3987500000000002,0.05
3130,-2.8750000000000004,0.05
3131,0.865,0.05
3132,1.0337500000000002,0.05
3133,1.07625,0.05
3134,1.0250000000000001,0.05
3135,1.12375,0.05
3136,0.6799999999999998,0.05
3137,1.2625000000000002,0.05
3138,1.0325000000000002,0.05
3139,1.0550000000000002,0.05
3140,1.135,0.05
3141,1.20875,0.05
3142,1.095,0.05
3143,0.825,0.05
3144,0.87875,0.05
3145,1.0425,0.05
3146,1.18625,0.05
3147,1.045,0.05
3148,1.27625,0.05
3149,1.21625,0.05
3150,0.17999999999999994,0.05
3151,0.8125,0.05
3152,0.9650000000000001,0.05
3153,1.24125,0.05
3154,0.6149999999999999,0.05
3155,1.045,0.05
3156,1.1675,0.05
3157,1.19875,0.05
3158,1.22125,0.05
3159,1.48125,0.05
3160,1.23125,0.05
3161,1.0875,0.05
3162,0.7849999999999999,0.05
3163,1.07125,0.05
3164,0.06625000000000014,0.05
3165,-0.16999999999999948,0.05
3166,-1.0762500000000004,0.05
3167,0.9650000000000001,0.05
3168,1.335,0.05
3169,1.3137500000000002,0.05
3170,1.1800000000000002,0.05
3171,1.09,0.05
3172,0.9525000000000001,0.05
3173,1.07375,0.05
3174,1.0575,0.05
3175,0.9525000000000001,0.05
3176,0.41874999999999973,0.05
3177,1.22625,0.05
3178,0.96125,0.05
3179,1.0012500000000002,0.05
3180,1.0025,0.05
3181,1.2750000000000001,0.05
3182,1.1300000000000001,0.05
3183,0.90375,0.05
3184,1.37125,0.05
3185,-0.7937499999999995,0.05
3186,0.95875,0.05
3187,1.08,0.05
3188,-0.3974999999999995,0.05
3189,1.1125,0.05
3190,0.99,0.05
3191,0.42874999999999974,0.05
3192,1.3587500000000001,0.05
3193,-0.22499999999999942,0.05
3194,1.22125,0.05
3195,1.2937500000000002,0.05
3196,0.9637500000000001,0.05
3197,0.865,0.05
3198,1.3162500000000001,0.05
3199,0.82375,0.05
3200,1.12625,0.05
3201,0.9025000000000001,0.05
3202,1.1,0.05
3203,1.12375,0.05
3204,0.68375,0.05
3205,0.2912499999999998,0.05
3206,1.2537500000000001,0.05
3207,0.6024999999999998,0.05
3208,1.155,0.05
3209,1.5175,0.05
3210,1.22625,0.05
3211,0.5174999999999997,0.05
3212,1.45375,0.05
3213,1.0250000000000001,0.05
3214,1.0750000000000002,0.05
3215,1.145,0.05
3216,-2.9062499999999996,0.05
3217,1.13625,0.05
3218,1.30875,0.05
3219,0.90625,0.05
3220,1.13375,0.05
3221,0.6174999999999998,0.05
3222,1.0450000000000002,0.05
3223,1.4225,0.05
3224,1.0625,0.05
3225,0.5112499999999999,0.05
3226,0.8975000000000001,0.05
3227,0.85125,0.05
3228,0.91625,0.05
3229,1.11625,0.05
3230,1.1675,0.05
3231,0.9387500000000001,0.05
3232,0.935,0.05
3233,0.48249999999999993,0.05
3234,1.3175000000000001,0.05
3235,1.0150000000000001,0.05
3236,1.08375,0.05
3237,1.0025000000000002,0.05
3238,1.0625,0.05
3239,1.06875,0.05
3240,1.0025,0.05
3241,0.7487499999999999,0.05
3242,1.11625,0.05
3243,1.2862500000000001,0.05
3244,1.3487500000000001,0.05
3245,1.485,0.05
3246,-0.8500000000000003,0.05
3247,0.935,0.05
3248,1.3487500000000001,0.05
3249,0.8625,0.05
3250,1.2850000000000001,0.05
3251,1.0625,0.05
3252,0.93,0.05
3253,0.8975000000000001,0.05
3254,1.07625,0.05
3255,1.32125,0.05
3256,1.28875,0.05
3257,1.2112500000000002,0.05
3258,1.34,0.05
3259,0.91625,0.05
3260,0.6662499999999999,0.05
3261,1.08875,0.05
3262,1.155,0.05
3263,0.8262499999999999,0.05
3264,0.8925000000000001,0.05
3265,1.2537500000000001,0.05
3266,-2.875000000000001,0.05
3267,0.7137499999999999,0.05
3268,1.11625,0.05
3269,0.9837500000000001,0.05
3270,0.23749999999999982,0.05
3271,1.0425,0.05
3272,0.9525000000000001,0.05
3273,1.44875,0.05
3274,1.16625,0.05
3275,1.2675,0.05
3276,1.1675,0.05
3277,0.88375,0.05
3278,0.9525000000000001,0.05
3279,1.20375,0.05
3280,1.26625,0.05
3281,1.0012500000000002,0.05
3282,1.08,0.05
3283,1.385,0.05
3284,0.8925000000000001,0.05
3285,1.235,0.05
3286,0.9650000000000001,0.05
3287,1.32,0.05
3288,1.08875,0.05
3289,1.15125,0.05
3290,0.9175000000000001,0.05
3291,0.6074999999999999,0.05
3292,1.0950000000000002,0.05
3293,1.04,0.05
3294,1.1712500000000001,0.05
3295,0.9950000000000001,0.05
3296,1.2025000000000001,0.05
3297,1.0037500000000001,0.05
3298,1.34375,0.05
3299,0.93625,0.05
3300,1.2437500000000001,0.05
3301,1.07375,0.05
3302,1.4300000000000002,0.05
3303,0.5112499999999999,0.05
3304,0.84625,0.05
3305,1.27625,0.05
3306,1.20375,0.05
3307,1.17875,0.05
3308,0.09750000000000014,0.05
3309,1.21,0.05
3310,1.16625,0.05
3311,1.1725,0.05
3312,1.2400000000000002,0.05
3313,1.2825000000000002,0.05
3314,1.2337500000000001,0.05
3315,1.23625,0.05
3316,1.1600000000000001,0.05
3317,0.93125,0.05
3318,1.22125,0.05
3319,0.88,0.05
3320,1.295,0.05
3321,0.7875000000000001,0.05
3322,0.67625,0.05
3323,1.1287500000000001,0.05
3324,0.5999999999999998,0.05
3325,1.3587500000000001,0.05
3326,0.935,0.05
3327,1.1725,0.05
3328,0.8775000000000001,0.05
3329,0.15874999999999995,0.05
3330,1.1125,0.05
3331,0.875,0.05
3332,0.9512500000000002,0.05
3333,1.06125,0.05
3334,1.19875,0.05
3335,0.84125,0.05
3336,0.78,0.05
3337,1.205,0.05
3338,0.9500000000000001,0.05
3339,1.21,0.05
3340,1.295,0.05
3341,0.4474999999999997,0.05
3342,1.0975000000000001,0.05
3343,0.2749999999999999,0.05
3344,1.1525,0.05
3345,-2.855000000000001,0.05
3346,1.20875,0.05
3347,1.18875,0.05
3348,-0.4849999999999992,0.05
3349,1.24125,0.05
3350,1.34,0.05
3351,1.0025,0.05
3352,1.2575,0.05
3353,1.12375,0.05
3354,1.4187500000000002,0.05
3355,0.86125,0.05
3356,0.7999999999999999,0.05
3357,1.2225000000000001,0.05
3358,0.6699999999999999,0.05
3359,-0.15249999999999964,0.05
3360,-0.17249999999999943,0.05
3361,1.215,0.05
3362,1.1800000000000002,0.05
3363,1.375,0.05
3364,1.115,0.05
3365,0.80375,0.05
3366,0.9687500000000001,0.05
3367,1.1800000000000002,0.05
3368,1.29875,0.05
3369,1.18625,0.05
3370,0.8975000000000001,0.05
3371,0.9512500000000002,0.05
3372,1.555,0.05
3373,1.395,0.05
3374,0.4874999999999997,0.05
3375,1.2225000000000001,0.05
3376,0.8750000000000001,0.05
3377,1.22125,0.05
3378,0.99,0.05
3379,0.9112500000000001,0.05
3380,0.8425,0.05
3381,1.1612500000000001,0.05
3382,0.2524999999999997,0.05
3383,1.22125,0.05
3384,1.1975,0.05
3385,0.4949999999999999,0.05
3386,1.08875,0.05
3387,0.4349999999999996,0.05
3388,0.81375,0.05
3389,1.1675,0.05
3390,1.3125,0.05
3391,1.47125,0.05
3392,1.0250000000000001,0.05
3393,1.2225000000000001,0.05
3394,1.03875,0.05
3395,1.0075,0.05
3396,1.245,0.05
3397,1.15125,0.05
3398,0.9237500000000001,0.05
3399,1.03875,0.05
3400,1.02625,0.05
3401,1.4725000000000001,0.05
3402,0.8725,0.05
3403,1.3250000000000002,0.05
3404,1.135,0.05
3405,0.7525,0.05
3406,1.08875,0.05
3407,1.13375,0.05
3408,1.24,0.05
3409,1.2775,0.05
3410,1.165,0.05
3411,0.5999999999999998,0.05
3412,1.23625,0.05
3413,1.4412500000000001,0.05
3414,1.0350000000000001,0.05
3415,1.1400000000000001,0.05
3416,1.0075,0.05
3417,1.1712500000000001,0.05
3418,1.09,0.05
3419,0.8125000000000001,0.05
3420,1.13625,0.05
3421,0.9525000000000001,0.05
3422,1.3250000000000002,0.05
3423,1.06,0.05
3424,1.0875000000000001,0.05
3425,0.7875,0.05
3426,1.35,0.05
3427,0.905,0.05
3428,1.475,0.05
3429,0.4137499999999996,0.05
3430,0.9062500000000001,0.05
3431,0.9825000000000002,0.05
3432,0.8025,0.05
3433,1.08875,0.05
3434,1.0075,0.05
3435,1.0375,0.05
3436,1.2825000000000002,0.05
3437,1.4412500000000001,0.05
3438,1.215,0.05
3439,1.0050000000000001,0.05
3440,0.855,0.05
3441,0.7099999999999999,0.05
3442,0.9450000000000001,0.05
3443,1.13625,0.05
3444,0.8049999999999999,0.05
3445,0.9025000000000001,0.05
3446,1.2225000000000001,0.05
3447,1.48875,0.05
3448,0.93125,0.05
3449,1.1300000000000001,0.05
3450,1.15625,0.05
3451,0.9275000000000001,0.05
3452,1.18125,0.05
3453,0.8675,0.05
3454,1.20375,0.05
3455,1.24,0.05
3456,1.43625,0.05
3457,1.0375,0.05
3458,1.1712500000000001,0.05
3459,0.9275000000000001,0.05
3460,0.032500000000000195,0.05
3461,1.22,0.05
3462,0.87375,0.05
3463,1.1725,0.05
3464,1.02125,0.05
3465,1.5175,0.05
3466,1.2725,0.05
3467,0.745,0.05
3468,1.1525,0.05
3469,0.9750000000000001,0.05
3470,1.13375,0.05
3471,1.1712500000000001,0.05
3472,1.3250000000000002,0.05
3473,0.3537499999999998,0.05
3474,0.9912500000000001,0.05
3475,0.78,0.05
3476,1.235,0.05
3477,1.0450000000000002,0.05
3478,1.08125,0.05
3479,0.6549999999999998,0.05
3480,1.0987500000000001,0.05
3481,1.14375,0.05
3482,0.83625,0.05
3483,0.855,0.05
3484,0.79375,0.05
3485,1.09375,0.05
3486,1.26375,0.05
3487,1.295,0.05
3488,0.9275000000000001,0.05
3489,0.8900000000000001,0.05
3490,0.7324999999999999,0.05
3491,0.9875,0.05
3492,0.91125,0.05
3493,1.0012500000000002,0.05
3494,0.62125,0.05
3495,1.0,0.05
3496,0.0,0.05
3497,1.15375,0.05
3498,0.86,0.05
3499,1.13125,0.05
3500,0.6349999999999998,0.05
3501,1.07625,0.05
3502,1.0025,0.05
3503,1.1625,0.05
3504,0.8387500000000001,0.05
3505,1.0250000000000001,0.05
3506,1.11625,0.05
3507,1.05875,0.05
3508,0.9900000000000001,0.05
3509,1.0237500000000002,0.05
3510,0.7412499999999999,0.05
3511,1.00625,0.05
3512,1.37,0.05
3513,1.0350000000000001,0.05
3514,1.1125,0.05
3515,1.0750000000000002,0.05
3516,0.7525,0.05
3517,1.0237500000000002,0.05
3518,0.9225000000000001,0.05
3519,1.0425,0.05
3520,1.26375,0.05
3521,1.0037500000000001,0.05
3522,1.4575,0.05
3523,1.17,0.05
3524,1.18625,0.05
3525,0.40124999999999966,0.05
3526,1.165,0.05
3527,-0.006249999999999867,0.05
3528,0.80625,0.05
3529,1.24875,0.05
3530,1.40375,0.05
3531,1.15,0.05
3532,1.2850000000000001,0.05
3533,0.87875,0.05
3534,1.04,0.05
3535,0.9225000000000001,0.05
3536,1.3025,0.05
3537,1.19,0.05
3538,-0.2624999999999995,0.05
3539,0.98,0.05
3540,0.7699999999999999,0.05
3541,1.135,0.05
3542,1.245,0.05
3543,1.08125,0.05
3544,0.9975,0.05
3545,0.22249999999999992,0.05
3546,1.0662500000000001,0.05
3547,1.4187500000000002,0.05
3548,1.0137500000000002,0.05
3549,1.39375,0.05
3550,0.84,0.05
3551,0.9525000000000001,0.05
3552,1.08125,0.05
3553,1.2825000000000002,0.05
3554,1.1237500000000002,0.05
3555,1.18875,0.05
3556,1.2200000000000002,0.05
3557,1.12125,0.05
3558,1.2000000000000002,0.05
3559,1.32125,0.05
3560,1.1687500000000002,0.05
3561,1.0212500000000002,0.05
3562,1.195,0.05
3563,1.0875000000000001,0.05
3564,0.32499999999999973,0.05
3565,0.9,0.05
3566,0.25749999999999984,0.05
3567,1.23625,0.05
3568,-0.006249999999999867,0.05
3569,1.31,0.05
3570,1.17,0.05
3571,1.32,0.05
3572,0.935,0.05
3573,1.00625,0.05
3574,0.85125,0.05
3575,0.9962500000000001,0.05
3576,0.7825,0.05
3577,1.0987500000000001,0.05
3578,1.51375,0.05
3579,1.0637500000000002,0.05
3580,1.295,0.05
3581,1.07625,0.05
3582,1.185,0.05
3583,1.2225000000000001,0.05
3584,-0.31374999999999953,0.05
3585,1.045,0.05
3586,1.1,0.05
3587,1.20625,0.05
3588,1.50875,0.05
3589,1.235,0.05
3590,1.0950000000000002,0.05
3591,1.29,0.05
3592,1.0337500000000002,0.05
3593,1.22625,0.05
3594,1.5274999999999999,0.05
3595,1.05,0.05
3596,1.03875,0.05
3597,1.30875,0.05
3598,0.6837499999999999,0.05
3599,0.9962500000000001,0.05
3600,0.9912500000000001,0.05
3601,1.19,0.05
3602,-0.0012499999999997513,0.05
3603,-0.012499999999999956,0.05
3604,1.1125,0.05
3605,1.22125,0.05
3606,1.28375,0.05
3607,1.0450000000000002,0.05
3608,1.2537500000000001,0.05
3609,-3.3162500000000006,0.05
3610,0.8624999999999999,0.05
3611,1.20875,0.05
3612,1.155,0.05
3613,1.165,0.05
3614,1.485,0.05
3615,1.0425,0.05
3616,1.3487500000000001,0.05
3617,1.1525,0.05
3618,0.6412499999999998,0.05
3619,1.2275,0.05
3620,1.2625000000000002,0.05
3621,1.3275000000000001,0.05
3622,1.17375,0.05
3623,1.2537500000000001,0.05
3624,1.00625,0.05
3625,1.0950000000000002,0.05
3626,1.20375,0.05
3627,1.0137500000000002,0.05
3628,0.79875,0.05
3629,1.40375,0.05
3630,0.6749999999999998,0.05
3631,0.9937500000000001,0.05
3632,0.7337499999999999,0.05
3633,1.0350000000000001,0.05
3634,0.8925000000000001,0.05
3635,0.9850000000000001,0.05
3636,0.14625,0.05
3637,0.9225000000000001,0.05
3638,0.9900000000000001,0.05
3639,1.54125,0.05
3640,1.3275000000000001,0.05
3641,1.0425,0.05
3642,1.2625000000000002,0.05
3643,1.07625,0.05
3644,0.5099999999999997,0.05
3645,1.4000000000000001,0.05
3646,1.1625,0.05
3647,0.5937499999999998,0.05
3648,1.2737500000000002,0.05
3649,1.1,0.05
3650,0.5662499999999998,0.05
3651,1.05875,0.05
3652,1.1300000000000001,0.05
3653,1.3525,0.05
3654,0.97875,0.05
3655,1.0550000000000002,0.05
3656,1.09375,0.05
3657,0.7849999999999999,0.05
3658,1.195,0.05
3659,1.1300000000000001,0.05
3660,1.02625,0.05
3661,1.0975000000000001,0.05
3662,1.27125,0.05
3663,1.02125,0.05
3664,0.9962500000000001,0.05
3665,1.0987500000000001,0.05
3666,1.13125,0.05
3667,1.22875,0.05
3668,0.9800000000000001,0.05
3669,1.4087500000000002,0.05
3670,1.5450000000000002,0.05
3671,0.4212500000000001,0.05
3672,0.80125,0.05
3673,1.20375,0.05
3674,0.7687499999999999,0.05
3675,1.3025,0.05
3676,1.095,0.05
3677,1.15625,0.05
3678,0.7699999999999999,0.05
3679,1.0025,0.05
3680,0.7699999999999999,0.05
3681,1.05875,0.05
3682,1.27625,0.05
3683,0.9525000000000001,0.05
3684,1.1500000000000001,0.05
3685,1.15,0.05
3686,1.2112500000000002,0.05
3687,1.4125,0.05
3688,1.1062500000000002,0.05
3689,1.0350000000000001,0.05
3690,0.9900000000000001,0.05
3691,0.8775000000000001,0.05
3692,0.9625000000000001,0.05
3693,0.6699999999999999,0.05
3694,1.17375,0.05
3695,1.5225000000000002,0.05
3696,1.29125,0.05
3697,1.0575,0.05
3698,0.9725000000000001,0.05
3699,1.02,0.05
3700,0.9837500000000001,0.05
3701,1.0275,0.05
3702,1.0550000000000002,0.05
3703,1.33875,0.05
3704,1.0450000000000002,0.05
3705,1.0625,0.05
3706,1.5274999999999999,0.05
3707,0.25624999999999987,0.05
3708,0.8750000000000001,0.05
3709,1.2725000000000002,0.05
3710,0.8925000000000001,0.05
3711,1.3625,0.05
3712,0.84,0.05
3713,0.9525000000000001,0.05
3714,1.0837500000000002,0.05
3715,0.8150000000000001,0.05
3716,1.50875,0.05
3717,0.6174999999999998,0.05
3718,0.5237499999999997,0.05
3719,0.935,0.05
3720,0.9850000000000001,0.05
3721,1.0050000000000001,0.05
3722,1.0425,0.05
3723,1.205,0.05
3724,1.2225000000000001,0.05
3725,1.0762500000000002,0.05
3726,1.205,0.05
3727,1.27625,0.05
3728,-0.05374999999999952,0.05
3729,1.16625,0.05
3730,1.22625,0.05
3731,1.2525,0.05
3732,1.0212500000000002,0.05
3733,1.1,0.05
3734,1.1350000000000002,0.05
3735,1.115,0.05
3736,0.9700000000000001,0.05
3737,1.1475,0.05
3738,1.39125,0.05
3739,1.17875,0.05
3740,1.27625,0.05
3741,0.3949999999999998,0.05
3742,0.6887499999999999,0.05
3743,1.1887500000000002,0.05
3744,1.26625,0.05
3745,1.1262500000000002,0.05
3746,0.6949999999999998,0.05
3747,1.2175,0.05
3748,1.08125,0.05
3749,1.37625,0.05
3750,1.26625,0.05
3751,0.14124999999999988,0.05
3752,1.1800000000000002,0.05
3753,1.35,0.05
3754,1.18625,0.05
3755,1.01875,0.05
3756,0.9325000000000001,0.05
3757,0.8862500000000001,0.05
3758,1.3275000000000001,0.05
3759,1.1,0.05
3760,0.77625,0.05
3761,0.9087500000000001,0.05
3762,1.155,0.05
3763,1.0625,0.05
3764,0.7374999999999999,0.05
3765,1.23875,0.05
3766,0.6724999999999999,0.05
3767,0.8612500000000001,0.05
3768,1.1425,0.05
3769,0.9400000000000001,0.05
3770,1.2075,0.05
3771,1.29,0.05
3772,1.2575,0.05
3773,1.20375,0.05
3774,1.115,0.05
3775,1.0987500000000001,0.05
3776,1.1125,0.05
3777,1.27875,0.05
3778,1.2775,0.05
3779,1.0975000000000001,0.05
3780,0.9875,0.05
3781,0.9712500000000001,0.05
3782,1.345,0.05
3783,0.86125,0.05
3784,1.2775,0.05
3785,0.22124999999999995,0.05
3786,1.3575000000000002,0.05
3787,1.0750000000000002,0.05
3788,1.2537500000000001,0.05
3789,1.20375,0.05
3790,0.9850000000000001,0.05
3791,0.88,0.05
3792,0.96625,0.05
3793,0.7124999999999999,0.05
3794,1.31,0.05
3795,1.0550000000000002,0.05
3796,0.9337500000000001,0.05
3797,0.9112500000000001,0.05
3798,1.1300000000000001,0.05
3799,0.8225,0.05
3800,1.28,0.05
3801,1.22625,0.05
3802,1.39125,0.05
3803,1.445,0.05
3804,1.1125,0.05
3805,0.9700000000000001,0.05
3806,1.105,0.05
3807,1.2537500000000001,0.05
3808,1.335,0.05
3809,0.8675,0.05
3810,1.345,0.05
3811,1.16375,0.05
3812,1.07375,0.05
3813,1.145,0.05
3814,0.99,0.05
3815,1.29125,0.05
3816,1.0525,0.05
3817,1.08875,0.05
3818,1.01,0.05
3819,1.2175,0.05
3820,1.07,0.05
3821,1.2225000000000001,0.05
3822,1.0550000000000002,0.05
3823,1.5037500000000001,0.05
3824,0.9850000000000001,0.05
3825,1.235,0.05
3826,1.155,0.05
3827,1.06125,0.05
3828,0.9,0.05
3829,1.19875,0.05
3830,1.095,0.05
3831,1.2075,0.05
3832,0.028750000000000275,0.05
3833,1.145,0.05
3834,0.9900000000000001,0.05
3835,0.935,0.05
3836,0.9650000000000001,0.05
3837,1.1975,0.05
3838,1.3225,0.05
3839,0.9962500000000001,0.05
3840,1.2400000000000002,0.05
3841,1.06125,0.05
3842,0.46499999999999964,0.05
3843,1.20375,0.05
3844,0.83,0.05
3845,0.9750000000000001,0.05
3846,1.0975000000000001,0.05
3847,1.3825,0.05
3848,1.0075,0.05
3849,1.04125,0.05
3850,1.0250000000000001,0.05
3851,1.12375,0.05
3852,1.2725,0.05
3853,1.24125,0.05
3854,1.34375,0.05
3855,1.0575,0.05
3856,1.2075,0.05
3857,0.9337500000000001,0.05
3858,1.0012500000000002,0.05
3859,0.9650000000000001,0.05
3860,1.0575,0.05
3861,1.045,0.05
3862,1.01375,0.05
3863,1.21,0.05
3864,1.0075,0.05
3865,1.2862500000000001,0.05
3866,1.1125,0.05
3867,1.2175,0.05
3868,1.32,0.05
3869,1.48125,0.05
3870,1.1975,0.05
3871,1.0550000000000002,0.05
3872,0.9537500000000001,0.05
3873,1.2075,0.05
3874,1.0925,0.05
3875,0.96125,0.05
3876,1.0012500000000002,0.05
3877,1.105,0.05
3878,1.115,0.05
3879,0.9900000000000001,0.05
3880,0.90625,0.05
3881,0.96125,0.05
3882,-2.900000000000001,0.05
3883,0.81875,0.05
3884,0.935,0.05
3885,1.04,0.05
3886,1.04125,0.05
3887,1.1475,0.05
3888,1.06875,0.05
3889,1.31875,0.05
3890,1.2725,0.05
3891,1.3162500000000001,0.05
3892,1.0075,0.05
3893,1.13625,0.05
3894,1.3625,0.05
3895,1.245,0.05
3896,1.5225000000000002,0.05
3897,1.05125,0.05
3898,1.08125,0.05
3899,1.0925,0.05
3900,1.1300000000000001,0.05
3901,1.00625,0.05
3902,1.2975,0.05
3903,0.7775,0.05
3904,1.2400000000000002,0.05
3905,1.21,0.05
3906,1.2825000000000002,0.05
3907,1.0525,0.05
3908,1.4275000000000002,0.05
3909,1.0275,0.05
3910,1.11,0.05
3911,1.28875,0.05
3912,0.935,0.05
3913,1.12375,0.05
3914,0.9850000000000001,0.05
3915,1.13125,0.05
3916,1.0450000000000002,0.05
3917,1.32,0.05
3918,1.24,0.05
3919,1.225,0.05
3920,1.3725,0.05
3921,1.24125,0.05
3922,1.31,0.05
3923,0.2437499999999999,0.05
3924,0.8425,0.05
3925,1.1687500000000002,0.05
3926,1.0562500000000001,0.05
3927,1.2200000000000002,0.05
3928,1.1287500000000001,0.05
3929,1.155,0.05
3930,0.96625,0.05
3931,0.9837500000000001,0.05
3932,1.1700000000000002,0.05
3933,1.28375,0.05
3934,1.3987500000000002,0.05
3935,1.0975000000000001,0.05
3936,1.3625,0.05
3937,1.0525,0.05
3938,1.2725000000000002,0.05
3939,1.3025,0.05
3940,0.8775000000000001,0.05
3941,0.7462499999999999,0.05
3942,1.18625,0.05
3943,1.1600000000000001,0.05
3944,1.02125,0.05
3945,1.395,0.05
3946,1.0925,0.05
3947,1.4425000000000001,0.05
3948,1.0987500000000001,0.05
3949,1.0375,0.05
3950,1.55875,0.05
3951,1.3575000000000002,0.05
3952,1.1287500000000001,0.05
3953,1.1487500000000002,0.05
3954,1.2637500000000002,0.05
3955,1.2637500000000002,0.05
3956,1.1,0.05
3957,1.085,0.05
3958,-0.5849999999999993,0.05
3959,1.2125000000000001,0.05
3960,1.1525,0.05
3961,0.7649999999999999,0.05
3962,0.87,0.05
3963,1.06125,0.05
3964,1.0275,0.05
3965,1.07625,0.05
3966,1.1487500000000002,0.05
3967,1.2112500000000002,0.05
3968,1.1625,0.05
3969,1.335,0.05
3970,1.4000000000000001,0.05
3971,0.99,0.05
3972,1.3075,0.05
3973,1.0625,0.05
3974,1.31375,0.05
3975,1.2275,0.05
3976,1.1125,0.05
3977,0.08499999999999996,0.05
3978,1.08,0.05
3979,1.1725,0.05
3980,1.22125,0.05
3981,1.0437500000000002,0.05
3982,1.2225000000000001,0.05
3983,0.9850000000000001,0.05
3984,1.395,0.05
3985,1.11625,0.05
3986,0.6299999999999998,0.05
3987,1.1187500000000001,0.05
3988,1.13125,0.05
3989,1.3075,0.05
3990,1.0437500000000002,0.05
3991,1.13625,0.05
3992,0.8012500000000001,0.05
3993,1.1525,0.05
3994,0.9850000000000001,0.05
3995,1.3987500000000002,0.05
3996,1.32,0.05
3997,1.0525000000000002,0.05
3998,1.12625,0.05
3999,1.30875,0.05
4000,1.1612500000000001,0.05
4001,1.08125,0.05
4002,1.25875,0.05
4003,1.0425,0.05
4004,-0.8237499999999998,0.05
4005,0.7699999999999999,0.05
4006,1.4125,0.05
4007,1.28,0.05
4008,1.20875,0.05
4009,1.155,0.05
4010,1.0450000000000002,0.05
4011,1.245,0.05
4012,1.0150000000000001,0.05
4013,1.27625,0.05
4014,1.29875,0.05
4015,1.1325,0.05
4016,1.2962500000000001,0.05
4017,1.345,0.05
4018,1.09,0.05
4019,0.96625,0.05
4020,0.2825,0.05
4021,0.6074999999999998,0.05
4022,1.3,0.05
4023,1.11875,0.05
4024,1.1925000000000001,0.05
4025,0.895,0.05
4026,1.1125,0.05
4027,0.73125,0.05
4028,1.3575000000000002,0.05
4029,1.18375,0.05
4030,1.1162500000000002,0.05
4031,1.08,0.05
4032,1.4275000000000002,0.05
4033,0.2899999999999998,0.05
4034,1.3800000000000001,0.05
4035,1.04,0.05
4036,1.08125,0.05
4037,1.07625,0.05
4038,1.185,0.05
4039,0.84125,0.05
4040,0.9850000000000001,0.05
4041,1.38125,0.05
4042,0.8225,0.05
4043,1.2750000000000001,0.05
4044,1.045,0.05
4045,0.9825000000000002,0.05
4046,1.18125,0.05
4047,1.1287500000000001,0.05
4048,0.9637500000000001,0.05
4049,0.82,0.05
4050,0.5437499999999997,0.05
4051,1.1725,0.05
4052,0.5124999999999997,0.05
4053,1.1825,0.05
4054,1.17,0.05
4055,0.5137499999999997,0.05
4056,1.2575,0.05
4057,0.9525000000000001,0.05
4058,-0.41499999999999937,0.05
4059,1.04,0.05
4060,0.9287500000000001,0.05
4061,1.28875,0.05
4062,1.24125,0.05
4063,0.4824999999999998,0.05
4064,0.9687500000000001,0.05
4065,0.9237500000000001,0.05
4066,1.23875,0.05
4067,0.6724999999999999,0.05
4068,1.125,0.05
4069,1.02625,0.05
4070,0.9900000000000001,0.05
4071,1.3900000000000001,0.05
4072,0.9500000000000001,0.05
4073,1.11125,0.05
4074,1.33125,0.05
4075,1.13625,0.05
4076,1.00625,0.05
4077,1.1125,0.05
4078,1.3175000000000001,0.05
4079,1.2112500000000002,0.05
4080,1.16625,0.05
4081,1.175,0.05
4082,1.0075,0.05
4083,1.4112500000000001,0.05
4084,1.165,0.05
4085,1.1975,0.05
4086,1.21625,0.05
4087,0.6399999999999999,0.05
4088,1.33375,0.05
4089,0.91,0.05
4090,1.3225,0.05
4091,1.1875,0.05
4092,1.345,0.05
4093,0.95,0.05
4094,0.99,0.05
4095,1.1800000000000002,0.05
4096,1.2112500000000002,0.05
4097,0.9337500000000001,0.05
4098,0.8700000000000001,0.05
4099,1.32125,0.05
4100,1.08125,0.05
4101,1.115,0.05
4102,0.28749999999999987,0.05
4103,1.1725,0.05
4104,1.2087500000000002,0.05
4105,1.44,0.05
4106,1.5050000000000001,0.05
4107,-2.7312500000000006,0.05
4108,0.9712500000000001,0.05
4109,1.485,0.05
4110,0.6724999999999999,0.05
4111,1.04,0.05
4112,1.38125,0.05
4113,1.1912500000000001,0.05
4114,1.51375,0.05
4115,1.2000000000000002,0.05
4116,0.865,0.05
4117,0.2862499999999999,0.05
4118,1.2375,0.05
4119,1.025,0.05
4120,1.2537500000000001,0.05
4121,1.39375,0.05
4122,1.27,0.05
4123,1.4325,0.05
4124,1.4900000000000002,0.05
4125,1.1487500000000002,0.05
4126,1.31375,0.05
4127,0.81875,0.05
4128,0.9775,0.05
4129,1.11,0.05
4130,1.2750000000000001,0.05
4131,1.26625,0.05
4132,1.155,0.05
4133,1.2275,0.05
4134,1.3800000000000001,0.05
4135,1.185,0.05
4136,1.17375,0.05
4137,1.2937500000000002,0.05
4138,1.215,0.05
4139,1.2312500000000002,0.05
4140,0.7449999999999999,0.05
4141,0.9750000000000001,0.05
4142,1.2750000000000001,0.05
4143,1.23625,0.05
4144,0.8800000000000001,0.05
4145,1.22875,0.05
4146,1.3900000000000001,0.05
4147,0.86125,0.05
4148,1.0575,0.05
4149,0.9975,0.05
4150,1.33875,0.05
4151,1.22625,0.05
4152,0.4612499999999996,0.05
4153,0.6937499999999999,0.05
4154,0.71,0.05
4155,1.435,0.05
4156,1.1500000000000001,0.05
4157,1.0925,0.05
4158,0.88,0.05
4159,1.335,0.05
4160,0.93,0.05
4161,1.27,0.05
4162,1.08875,0.05
4163,0.9600000000000001,0.05
4164,0.7337499999999999,0.05
4165,1.3025,0.05
4166,1.08125,0.05
4167,1.1075000000000002,0.05
4168,1.1912500000000001,0.05
4169,1.21625,0.05
4170,1.0987500000000001,0.05
4171,0.6937499999999999,0.05
4172,-2.8875000000000015,0.05
4173,1.3462500000000002,0.05
4174,0.87875,0.05
4175,1.0975000000000001,0.05
4176,1.3175000000000001,0.05
4177,1.44875,0.05
4178,1.31375,0.05
4179,1.395,0.05
4180,1.205,0.05
4181,1.27625,0.05
4182,1.0137500000000002,0.05
4183,0.98875,0.05
4184,1.01875,0.05
4185,1.03375,0.05
4186,0.865,0.05
4187,0.7499999999999999,0.05
4188,1.3025,0.05
4189,0.885,0.05
4190,1.3275000000000001,0.05
4191,0.9525000000000001,0.05
4192,1.38625,0.05
4193,0.9850000000000001,0.05
4194,1.06,0.05
4195,1.21,0.05
4196,1.435,0.05
4197,1.08,0.05
4198,1.00625,0.05
4199,1.22625,0.05
4200,0.67375,0.05
4201,1.24125,0.05
4202,1.02625,0.05
4203,1.30875,0.05
4204,1.2025000000000001,0.05
4205,1.1612500000000001,0.05
4206,0.9875,0.05
4207,1.2,0.05
4208,1.07375,0.05
4209,1.07125,0.05
4210,1.245,0.05
4211,1.08,0.05
4212,1.08875,0.05
4213,1.2112500000000002,0.05
4214,1.0725,0.05
4215,1.28125,0.05
4216,1.2537500000000001,0.05
4217,1.35,0.05
4218,1.35,0.05
4219,0.475,0.05
4220,0.96625,0.05
4221,1.22625,0.05
4222,1.095,0.05
4223,1.0,0.05
4224,0.8725,0.05
4225,1.3162500000000001,0.05
4226,1.15375,0.05
4227,1.1675,0.05
4228,0.7949999999999999,0.05
4229,1.25875,0.05
4230,1.08,0.05
4231,1.4600000000000002,0.05
4232,1.135,0.05
4233,1.2750000000000001,0.05
4234,1.0550000000000002,0.05
4235,1.485,0.05
4236,1.0437500000000002,0.05
4237,1.045,0.05
4238,1.06875,0.05
4239,1.2825000000000002,0.05
4240,0.7049999999999998,0.05
4241,1.045,0.05
4242,1.0350000000000001,0.05
4243,0.88,0.05
4244,1.2575,0.05
4245,1.1912500000000001,0.05
4246,1.29125,0.05
4247,1.0437500000000002,0.05
4248,1.5037500000000001,0.05
4249,1.095,0.05
4250,1.35,0.05
4251,1.225,0.05
4252,1.0250000000000001,0.05
4253,1.38375,0.05
4254,0.9650000000000001,0.05
4255,0.99,0.05
4256,1.0550000000000002,0.05
4257,1.23875,0.05
4258,0.78375,0.05
4259,1.1300000000000001,0.05
4260,1.0,0.05
4261,0.94625,0.05
4262,1.15375,0.05
4263,1.0550000000000002,0.05
4264,1.49,0.05
4265,0.6337499999999998,0.05
4266,1.0562500000000001,0.05
4267,1.1487500000000002,0.05
4268,0.8350000000000001,0.05
4269,1.2337500000000001,0.05
4270,1.0025,0.05
4271,0.88,0.05
4272,0.2849999999999999,0.05
4273,1.25875,0.05
4274,0.6612499999999998,0.05
4275,1.38375,0.05
4276,1.2725,0.05
4277,1.2200000000000002,0.05
4278,1.28875,0.05
4279,0.9325000000000001,0.05
4280,1.1400000000000001,0.05
4281,1.20875,0.05
4282,1.38125,0.05
4283,1.0037500000000001,0.05
4284,0.7575,0.05
4285,1.095,0.05
4286,0.8675,0.05
4287,0.6249999999999999,0.05
4288,1.20375,0.05
4289,0.94625,0.05
4290,1.1625,0.05
4291,1.1,0.05
4292,1.14375,0.05
4293,1.2975,0.05
4294,1.1087500000000001,0.05
4295,1.1175000000000002,0.05
4296,1.12375,0.05
4297,1.0137500000000002,0.05
4298,1.215,0.05
4299,0.9400000000000001,0.05
4300,0.9137500000000001,0.05
4301,0.7887500000000001,0.05
4302,1.0237500000000002,0.05
4303,1.1425,0.05
4304,1.0250000000000001,0.05
4305,1.155,0.05
4306,1.295,0.05
4307,1.13125,0.05
4308,1.225,0.05
4309,1.15,0.05
4310,1.0250000000000001,0.05
4311,0.89375,0.05
4312,1.4125,0.05
4313,1.155,0.05
4314,0.8612500000000001,0.05
4315,1.0987500000000001,0.05
4316,1.07375,0.05
4317,1.1300000000000001,0.05
4318,0.5674999999999999,0.05
4319,0.9750000000000001,0.05
4320,1.43875,0.05
4321,1.50875,0.05
4322,1.13625,0.05
4323,0.98875,0.05
4324,1.475,0.05
4325,1.08125,0.05
4326,0.7849999999999999,0.05
4327,1.2225000000000001,0.05
4328,1.02625,0.05
4329,1.17,0.05
4330,0.9512500000000002,0.05
4331,1.3825,0.05
4332,1.1912500000000001,0.05
4333,1.2,0.05
4334,1.135,0.05
4335,0.57375,0.05
4336,1.185,0.05
4337,0.9275000000000001,0.05
4338,1.3887500000000002,0.05
4339,1.3137500000000002,0.05
4340,1.3125,0.05
4341,1.11,0.05
4342,1.29125,0.05
4343,1.2675,0.05
4344,1.1612500000000001,0.05
4345,1.32125,0.05
4346,1.0625,0.05
4347,1.19,0.05
4348,1.39125,0.05
4349,1.1525,0.05
4350,1.3275000000000001,0.05
4351,1.22625,0.05
4352,1.0250000000000001,0.05
4353,1.1287500000000001,0.05
4354,1.0037500000000001,0.05
4355,1.1975,0.05
4356,1.185,0.05
4357,0.7512499999999999,0.05
4358,1.07625,0.05
4359,0.6749999999999998,0.05
4360,1.3800000000000001,0.05
4361,1.25,0.05
4362,1.31125,0.05
4363,1.2675,0.05
4364,0.9875,0.05
4365,1.3725,0.05
4366,1.0350000000000001,0.05
4367,1.27625,0.05
4368,0.855,0.05
4369,1.2775,0.05
4370,1.2337500000000001,0.05
4371,0.93625,0.05
4372,1.425,0.05
4373,1.0350000000000001,0.05
4374,1.045,0.05
4375,1.27,0.05
4376,1.32125,0.05
4377,1.14625,0.05
4378,1.235,0.05
4379,1.1125,0.05
4380,1.2125000000000001,0.05
4381,1.0325000000000002,0.05
4382,1.1600000000000001,0.05
4383,1.5225000000000002,0.05
4384,1.45375,0.05
4385,1.145,0.05
4386,1.26,0.05
4387,0.85875,0.05
4388,1.1025,0.05
4389,1.51375,0.05
4390,1.2625000000000002,0.05
4391,0.6949999999999998,0.05
4392,0.9325000000000001,0.05
4393,1.0350000000000001,0.05
4394,1.21,0.05
4395,0.9450000000000001,0.05
4396,0.8925000000000001,0.05
4397,0.7337499999999999,0.05
4398,0.78625,0.05
4399,1.0350000000000001,0.05
4400,1.15375,0.05
4401,0.8375,0.05
4402,1.0425,0.05
4403,0.07125000000000004,0.05
4404,1.24625,0.05
4405,1.2275,0.05
4406,1.105,0.05
4407,1.3625,0.05
4408,1.17,0.05
4409,0.72875,0.05
4410,1.2725000000000002,0.05
4411,0.86,0.05
4412,0.8662500000000001,0.05
4413,0.765,0.05
4414,1.37625,0.05
4415,1.095,0.05
4416,0.8962500000000001,0.05
4417,-0.5074999999999994,0.05
4418,1.3987500000000002,0.05
4419,1.095,0.05
4420,1.3075,0.05
4421,0.9775,0.05
4422,1.095,0.05
4423,1.03875,0.05
4424,1.1175000000000002,0.05
4425,1.26,0.05
4426,1.0950000000000002,0.05
4427,1.0462500000000001,0.05
4428,1.2075,0.05
4429,1.45375,0.05
4430,1.23625,0.05
4431,0.6949999999999998,0.05
4432,1.02,0.05
4433,1.1887500000000002,0.05
4434,1.165,0.05
4435,1.0325000000000002,0.05
4436,1.4300000000000002,0.05
4437,1.3675000000000002,0.05
4438,1.145,0.05
4439,1.1625,0.05
4440,1.37,0.05
4441,1.18625,0.05
4442,1.0975000000000001,0.05
4443,1.435,0.05
4444,1.1500000000000001,0.05
4445,1.3987500000000002,0.05
4446,1.2750000000000001,0.05
4447,1.4312500000000001,0.05
4448,1.045,0.05
4449,1.13375,0.05
4450,1.0025000000000002,0.05
4451,1.05375,0.05
4452,1.3487500000000001,0.05
4453,1.03875,0.05
4454,1.24,0.05
4455,0.33499999999999974,0.05
4456,-0.3012499999999996,0.05
4457,1.0237500000000002,0.05
4458,0.8250000000000001,0.05
4459,1.08,0.05
4460,1.34375,0.05
4461,1.2550000000000001,0.05
4462,1.395,0.05
4463,1.2750000000000001,0.05
4464,0.9587500000000001,0.05
4465,1.19875,0.05
4466,0.98875,0.05
4467,1.3887500000000002,0.05
4468,1.0975000000000001,0.05
4469,1.01,0.05
4470,0.98875,0.05
4471,1.2750000000000001,0.05
4472,0.845,0.05
4473,1.07125,0.05
4474,1.205,0.05
4475,1.17375,0.05
4476,1.04,0.05
4477,1.0025000000000002,0.05
4478,0.91625,0.05
4479,1.1187500000000001,0.05
4480,1.02625,0.05
4481,1.0437500000000002,0.05
4482,1.23875,0.05
4483,1.07625,0.05
4484,1.2000000000000002,0.05
4485,1.0075,0.05
4486,1.385,0.05
4487,0.88375,0.05
4488,0.89,0.05
4489,1.07125,0.05
4490,1.24125,0.05
4491,1.0462500000000001,0.05
4492,1.0625,0.05
4493,-3.197500000000001,0.05
4494,1.38625,0.05
4495,0.79875,0.05
4496,-2.7500000000000004,0.05
4497,0.87375,0.05
4498,1.0450000000000002,0.05
4499,1.12,0.05
4500,1.0975000000000001,0.05
4501,1.14375,0.05
4502,1.355,0.05
4503,1.13375,0.05
4504,-2.786250000000001,0.05
4505,0.91,0.05
4506,0.61625,0.05
4507,1.155,0.05
4508,0.6362499999999999,0.05
4509,0.6337499999999998,0.05
4510,1.03875,0.05
4511,0.7774999999999999,0.05
4512,1.25875,0.05
4513,1.2625000000000002,0.05
4514,1.0950000000000002,0.05
4515,1.12625,0.05
4516,0.935,0.05
4517,1.125,0.05
4518,1.12375,0.05
4519,1.0137500000000002,0.05
4520,1.06,0.05
4521,0.5062499999999998,0.05
4522,0.9512500000000002,0.05
4523,1.30875,0.05
4524,1.1287500000000001,0.05
4525,1.00875,0.05
4526,0.73875,0.05
4527,0.6412499999999999,0.05
4528,1.2937500000000002,0.05
4529,1.175,0.05
4530,1.2550000000000001,0.05
4531,0.91625,0.05
4532,0.4887499999999997,0.05
4533,1.3687500000000001,0.05
4534,1.155,0.05
4535,1.0250000000000001,0.05
4536,1.23875,0.05
4537,0.9775,0.05
4538,1.0037500000000001,0.05
4539,1.03125,0.05
4540,0.6899999999999998,0.05
4541,1.27,0.05
4542,1.0825,0.05
4543,0.6387499999999998,0.05
4544,1.22625,0.05
4545,1.4675,0.05
4546,1.09375,0.05
4547,1.24125,0.05
4548,1.13375,0.05
4549,0.9287500000000001,0.05
4550,-0.5999999999999994,0.05
4551,1.21,0.05
4552,0.9775,0.05
4553,1.15,0.05
4554,1.205,0.05
4555,1.11,0.05
4556,1.1125,0.05
4557,1.135,0.05
4558,1.12625,0.05
4559,1.2237500000000001,0.05
4560,0.87375,0.05
4561,1.35,0.05
4562,0.8612500000000001,0.05
4563,1.15,0.05
4564,1.205,0.05
4565,1.0437500000000002,0.05
4566,0.9712500000000001,0.05
4567,1.18625,0.05
4568,1.185,0.05
4569,1.385,0.05
4570,1.25875,0.05
4571,1.1725,0.05
4572,1.36625,0.05
4573,1.4225,0.05
4574,1.0250000000000001,0.05
4575,1.28,0.05
4576,1.2075,0.05
4577,0.88625,0.05
4578,0.7149999999999999,0.05
4579,1.20375,0.05
4580,0.8350000000000001,0.05
4581,1.51375,0.05
4582,0.77,0.05
4583,1.2575,0.05
4584,1.06125,0.05
4585,0.8675,0.05
4586,1.15,0.05
4587,1.16625,0.05
4588,1.18375,0.05
4589,1.15375,0.05
4590,1.1675,0.05
4591,1.2775,0.05
4592,1.3175000000000001,0.05
4593,0.8500000000000001,0.05
4594,1.07125,0.05
4595,1.3725,0.05
4596,1.26,0.05
4597,1.3175000000000001,0.05
4598,0.5312499999999998,0.05
4599,1.11625,0.05
4600,1.34375,0.05
4601,0.6224999999999998,0.05
4602,1.05875,0.05
4603,1.23875,0.05
4604,1.0150000000000001,0.05
4605,0.9737500000000001,0.05
4606,1.14375,0.05
4607,0.8562500000000001,0.05
4608,1.1525,0.05
4609,1.0425,0.05
4610,0.9837500000000001,0.05
4611,1.15375,0.05
4612,1.11625,0.05
4613,1.2175,0.05
4614,1.28875,0.05
4615,0.9800000000000001,0.05
4616,1.3675000000000002,0.05
4617,1.0475,0.05
4618,1.04,0.05
4619,1.1125,0.05
4620,0.6112499999999997,0.05
4621,1.0050000000000001,0.05
4622,1.04,0.05
4623,1.2862500000000001,0.05
4624,0.41874999999999973,0.05
4625,1.14375,0.05
4626,1.045,0.05
4627,1.0375,0.05
4628,0.7875,0.05
4629,1.20875,0.05
4630,1.0375,0.05
4631,1.17875,0.05
4632,0.5662499999999998,0.05
4633,0.8650000000000001,0.05
4634,1.15375,0.05
4635,1.0950000000000002,0.05
4636,1.11625,0.05
4637,1.425,0.05
4638,1.30875,0.05
4639,1.105,0.05
4640,1.1425,0.05
4641,-0.5987499999999992,0.05
4642,1.225,0.05
4643,0.9525000000000001,0.05
4644,1.28875,0.05
4645,1.47125,0.05
4646,1.09375,0.05
4647,1.0350000000000001,0.05
4648,1.2225000000000001,0.05
4649,1.15125,0.05
4650,0.825,0.05
4651,0.4824999999999998,0.05
4652,1.2937500000000002,0.05
4653,1.23,0.05
4654,1.24875,0.05
4655,0.91,0.05
4656,1.1425,0.05
4657,1.18625,0.05
4658,0.96625,0.05
4659,1.0425,0.05
4660,0.99,0.05
4661,0.8075,0.05
4662,1.07625,0.05
4663,1.1175000000000002,0.05
4664,1.32625,0.05
4665,1.20375,0.05
4666,1.405,0.05
4667,1.31375,0.05
4668,0.8887500000000002,0.05
4669,1.3575000000000002,0.05
4670,1.2475,0.05
4671,1.07625,0.05
4672,1.3250000000000002,0.05
4673,1.20625,0.05
4674,1.40375,0.05
4675,0.9837500000000001,0.05
4676,0.9500000000000001,0.05
4677,1.2575,0.05
4678,0.6274999999999998,0.05
4679,1.2112500000000002,0.05
4680,1.185,0.05
4681,0.9337500000000001,0.05
4682,1.14375,0.05
4683,1.2937500000000002,0.05
4684,0.9825000000000002,0.05
4685,1.29125,0.05
4686,1.16625,0.05
4687,1.1712500000000001,0.05
4688,1.2175,0.05
4689,0.96625,0.05
4690,1.4400000000000002,0.05
4691,0.8925000000000001,0.05
4692,0.715,0.05
4693,0.9387500000000001,0.05
4694,1.3,0.05
4695,1.30875,0.05
4696,0.32000000000000006,0.05
4697,1.2937500000000002,0.05
4698,1.24,0.05
4699,1.31375,0.05
4700,1.03875,0.05
4701,0.9837500000000001,0.05
4702,-2.8737500000000007,0.05
4703,1.22625,0.05
4704,1.02625,0.05
4705,1.3487500000000001,0.05
4706,1.405,0.05
4707,1.0987500000000001,0.05
4708,0.3112499999999998,0.05
4709,1.17375,0.05
4710,0.84875,0.05
4711,0.82375,0.05
4712,1.2750000000000001,0.05
4713,1.00625,0.05
4714,0.89875,0.05
4715,0.7437499999999999,0.05
4716,1.1287500000000001,0.05
4717,1.2087500000000002,0.05
4718,1.36,0.05
4719,1.26375,0.05
4720,1.095,0.05
4721,1.4125,0.05
4722,1.1712500000000001,0.05
4723,0.8200000000000001,0.05
4724,1.0750000000000002,0.05
4725,1.385,0.05
4726,1.5225000000000002,0.05
4727,1.02625,0.05
4728,1.0375,0.05
4729,1.1625,0.05
4730,-2.900000000000001,0.05
4731,0.7324999999999999,0.05
4732,0.4462499999999996,0.05
4733,1.045,0.05
4734,1.33875,0.05
4735,0.8562500000000001,0.05
4736,1.29875,0.05
4737,1.32125,0.05
4738,1.13625,0.05
4739,0.9137500000000001,0.05
4740,1.00875,0.05
4741,1.0025000000000002,0.05
4742,0.8375000000000001,0.05
4743,1.03375,0.05
4744,0.91625,0.05
4745,1.39125,0.05
4746,-0.35374999999999956,0.05
4747,1.37,0.05
4748,-2.878750000000001,0.05
4749,0.9837500000000001,0.05
4750,1.21625,0.05
4751,1.1,0.05
4752,-2.935000000000001,0.05
4753,1.2937500000000002,0.05
4754,1.07375,0.05
4755,1.25,0.05
4756,1.01375,0.05
4757,1.0037500000000001,0.05
4758,1.0050000000000001,0.05
4759,1.4312500000000001,0.05
4760,1.0775000000000001,0.05
4761,-2.953750000000001,0.05
4762,0.6549999999999999,0.05
4763,1.0137500000000002,0.05
4764,1.30875,0.05
4765,1.34375,0.05
4766,1.3,0.05
4767,0.10499999999999998,0.05
4768,1.16625,0.05
4769,-0.24874999999999936,0.05
4770,1.26,0.05
4771,1.20625,0.05
4772,1.3687500000000001,0.05
4773,1.165,0.05
4774,1.1612500000000001,0.05
4775,1.2437500000000001,0.05
4776,1.335,0.05
4777,1.5125000000000002,0.05
4778,1.2937500000000002,0.05
4779,1.34125,0.05
4780,1.0762500000000002,0.05
4781,0.88,0.05
4782,1.105,0.05
4783,1.2937500000000002,0.05
4784,1.0012500000000002,0.05
4785,0.7875000000000001,0.05
4786,0.96125,0.05
4787,1.12125,0.05
4788,0.9712500000000002,0.05
4789,0.47499999999999964,0.05
4790,1.5274999999999999,0.05
4791,1.32,0.05
4792,0.9525000000000001,0.05
4793,1.33875,0.05
4794,1.1225,0.05
4795,1.5274999999999999,0.05
4796,0.9337500000000001,0.05
4797,1.045,0.05
4798,1.4412500000000001,0.05
4799,0.9337500000000001,0.05
4800,1.21625,0.05
4801,1.295,0.05
4802,1.11625,0.05
4803,1.13125,0.05
4804,1.1912500000000001,0.05
4805,1.1712500000000001,0.05
4806,0.8675,0.05
4807,1.18125,0.05
4808,1.06125,0.05
4809,0.7575,0.05
4810,1.0350000000000001,0.05
4811,1.2425000000000002,0.05
4812,0.9950000000000001,0.05
4813,1.02625,0.05
4814,0.7275,0.05
4815,1.0250000000000001,0.05
4816,1.31375,0.05
4817,0.875,0.05
4818,1.2750000000000001,0.05
4819,1.50875,0.05
4820,1.5037500000000001,0.05
4821,1.0437500000000002,0.05
4822,1.12375,0.05
4823,1.23625,0.05
4824,0.9962500000000001,0.05
4825,1.0325000000000002,0.05
4826,0.93,0.05
4827,0.96625,0.05
4828,1.32125,0.05
4829,1.33875,0.05
4830,1.1675,0.05
4831,1.4000000000000001,0.05
4832,1.35375,0.05
4833,1.2200000000000002,0.05
4834,-2.818750000000001,0.05
4835,1.1675,0.05
4836,1.2275,0.05
4837,0.825,0.05
4838,1.29875,0.05
4839,1.13625,0.05
4840,0.9650000000000001,0.05
4841,1.0625,0.05
4842,0.5699999999999997,0.05
4843,1.3800000000000001,0.05
4844,1.24125,0.05
4845,0.85375,0.05
4846,1.20375,0.05
4847,1.4625000000000001,0.05
4848,1.3250000000000002,0.05
4849,1.295,0.05
4850,0.45999999999999963,0.05
4851,1.1125,0.05
4852,1.2537500000000001,0.05
4853,1.3625,0.05
4854,1.2225000000000001,0.05
4855,1.1175000000000002,0.05
4856,1.4725000000000001,0.05
4857,1.08125,0.05
4858,1.185,0.05
4859,1.1912500000000001,0.05
4860,1.0350000000000001,0.05
4861,1.0625,0.05
4862,1.2537500000000001,0.05
4863,1.15625,0.05
4864,0.96625,0.05
4865,-0.21874999999999956,0.05
4866,1.35,0.05
4867,1.5,0.05
4868,1.1187500000000001,0.05
4869,1.2225000000000001,0.05
4870,1.095,0.05
4871,1.1975000000000002,0.05
4872,1.495,0.05
4873,1.22625,0.05
4874,0.8612500000000001,0.05
4875,0.9587500000000001,0.05
4876,1.4087500000000002,0.05
4877,1.195,0.05
4878,0.8425,0.05
4879,1.23,0.05
4880,1.18875,0.05
4881,0.84,0.05
4882,1.37625,0.05
4883,1.2750000000000001,0.05
4884,0.71375,0.05
4885,1.1300000000000001,0.05
4886,1.1,0.05
4887,1.18625,0.05
4888,1.1600000000000001,0.05
4889,1.1675,0.05
4890,1.2950000000000002,0.05
4891,-2.806250000000001,0.05
4892,1.18375,0.05
4893,1.1912500000000001,0.05
4894,1.0237500000000002,0.05
4895,1.2200000000000002,0.05
4896,1.07625,0.05
4897,1.44875,0.05
4898,1.3800000000000001,0.05
4899,0.8925000000000001,0.05
4900,1.21,0.05
4901,1.3725,0.05
4902,1.2,0.05
4903,1.13125,0.05
4904,1.02,0.05
4905,1.005,0.05
4906,1.15,0.05
4907,1.0425,0.05
4908,1.4187500000000002,0.05
4909,1.14375,0.05
4910,1.54125,0.05
4911,1.19,0.05
4912,0.96625,0.05
4913,1.24625,0.05
4914,1.19,0.05
4915,1.1725,0.05
4916,0.83,0.05
4917,1.245,0.05
4918,1.24125,0.05
4919,1.01875,0.05
4920,0.9712500000000001,0.05
4921,1.22125,0.05
4922,1.15875,0.05
4923,0.9637500000000001,0.05
4924,0.86,0.05
4925,0.7849999999999999,0.05
4926,1.5175,0.05
4927,0.90625,0.05
4928,0.9500000000000001,0.05
4929,1.15625,0.05
4930,1.0437500000000002,0.05
4931,1.4500000000000002,0.05
4932,0.6799999999999998,0.05
4933,1.0575,0.05
4934,0.74625,0.05
4935,1.38625,0.05
4936,1.27125,0.05
4937,0.98,0.05
4938,1.2075,0.05
4939,1.1300000000000001,0.05
4940,1.09,0.05
4941,1.3325,0.05
4942,1.5225000000000002,0.05
4943,1.28,0.05
4944,1.1175000000000002,0.05
4945,1.1425,0.05
4946,0.9512500000000002,0.05
4947,1.1400000000000001,0.05
4948,1.4200000000000002,0.05
4949,1.1062500000000002,0.05
4950,1.3675000000000002,0.05
4951,0.6099999999999998,0.05
4952,0.6749999999999998,0.05
4953,1.1912500000000001,0.05
4954,0.10875000000000012,0.05
4955,1.15375,0.05
4956,1.1887500000000002,0.05
4957,0.73375,0.05
4958,1.0450000000000002,0.05
4959,0.825,0.05
4960,1.3325,0.05
4961,1.3075,0.05
4962,1.13625,0.05
4963,1.3,0.05
4964,1.0637500000000002,0.05
4965,0.875,0.05
4966,0.9950000000000001,0.05
4967,1.44375,0.05
4968,1.205,0.05
4969,1.2625000000000002,0.05
4970,1.2475,0.05
4971,1.17,0.05
4972,0.6899999999999998,0.05
4973,1.31875,0.05
4974,0.96625,0.05
4975,1.1300000000000001,0.05
4976,1.07,0.05
4977,1.0775000000000001,0.05
4978,1.2962500000000001,0.05
4979,1.38125,0.05
4980,1.1725,0.05
4981,1.0462500000000001,0.05
4982,1.20375,0.05
4983,1.115,0.05
4984,1.1175000000000002,0.05
4985,1.2775,0.05
4986,1.24125,0.05
4987,1.3525,0.05
4988,1.3887500000000002,0.05
4989,0.9525000000000001,0.05
4990,1.28375,0.05
4991,1.2575,0.05
4992,0.08374999999999999,0.05
4993,1.22625,0.05
4994,0.9137500000000001,0.05
4995,1.0575,0.05
4996,0.935,0.05
4997,1.5,0.05
4998,1.0562500000000001,0.05
4999,1.30375,0.05
5000,1.23875,0.05
