episode,reward,epsilon
1,-3.203750000000001,0.5
2,0.9087500000000001,0.4975
3,-2.98125,0.4950125
4,-2.8350000000000004,0.4925374375
5,-3.5500000000000016,0.49007475031250003
6,-2.858750000000001,0.48762437656093754
7,-3.0762500000000013,0.48518625467813287
8,-3.1400000000000015,0.4827603234047422
9,-3.031250000000001,0.4803465217877185
10,-1.1700000000000002,0.47794478917877986
11,-3.100000000000001,0.47555506523288593
12,-2.9137500000000003,0.4731772899067215
13,-3.195000000000001,0.47081140345718786
14,-3.032500000000001,0.46845734643990194
15,-2.9125000000000005,0.46611505970770245
16,-3.0675000000000003,0.4637844844091639
17,-3.401249999999999,0.4614655619871181
18,-2.9387499999999998,0.4591582341771825
19,-3.057500000000001,0.4568624430062966
20,-3.144999999999999,0.4545781307912651
21,-3.160000000000001,0.4523052401373088
22,-3.3562500000000015,0.45004371393662224
23,-3.00125,0.44779349536693913
24,-3.0837500000000007,0.4455545278901044
25,-3.360000000000001,0.4433267552506539
26,-2.980000000000001,0.44111012147440065
27,-3.1662500000000007,0.43890457086702866
28,-2.8162500000000006,0.43671004801269353
29,-3.0000000000000013,0.4345264977726301
30,-3.1475,0.4323538652837669
31,-3.090000000000001,0.4301920959573481
32,-3.0637500000000015,0.42804113547756134
33,-3.0262500000000006,0.4259009298001735
34,-3.111250000000001,0.42377142515117266
35,-2.9912500000000017,0.4216525680254168
36,-3.1150000000000015,0.4195443051852897
37,-2.980000000000001,0.4174465836593632
38,-2.8612500000000005,0.4153593507410664
39,-3.032500000000001,0.4132825539873611
40,-2.872500000000001,0.4112161412174243
41,-2.9725000000000015,0.40916006051133713
42,-2.9074999999999998,0.40711426020878044
43,-2.9300000000000006,0.4050786889077365
44,-3.0725000000000016,0.40305329546319785
45,-2.8175000000000003,0.40103802898588187
46,-2.9562500000000007,0.3990328388409525
47,-3.0900000000000016,0.3970376746467477
48,-3.6125000000000007,0.39505248627351397
49,-2.877500000000001,0.3930772238421464
50,-3.190000000000001,0.3911118377229357
51,-2.912500000000001,0.389156278534321
52,-0.5849999999999993,0.3872104971416494
53,-2.991250000000001,0.38527444465594113
54,-3.1024999999999996,0.38334807243266145
55,-0.04499999999999971,0.3814313320704981
56,-3.1512500000000006,0.3795241754101456
57,-3.109999999999999,0.37762655453309485
58,-2.897500000000001,0.3757384217604294
59,-3.0962500000000004,0.3738597296516272
60,-3.0175000000000014,0.3719904310033691
61,-3.39875,0.37013047884835226
62,-2.9799999999999995,0.3682798264541105
63,-2.8962499999999998,0.36643842732183995
64,-2.9974999999999996,0.3646062351852308
65,-3.0100000000000007,0.36278320400930464
66,-3.0650000000000004,0.3609692879892581
67,-2.8975,0.3591644415493118
68,-2.9600000000000013,0.3573686193415653
69,-3.032500000000001,0.35558177624485743
70,-3.027500000000001,0.3538038673636331
71,-2.9650000000000007,0.35203484802681495
72,-2.977500000000001,0.35027467378668087
73,-3.0850000000000004,0.3485233004177475
74,-3.042500000000001,0.34678068391565875
75,-3.3100000000000014,0.34504678049608045
76,-2.9600000000000004,0.34332154659360004
77,-3.5837499999999998,0.34160493886063203
78,-2.8550000000000004,0.3398969141663289
79,-3.0100000000000007,0.33819742959549726
80,-2.9362500000000002,0.33650644244751976
81,-3.3925000000000005,0.3348239102352822
82,1.4225,0.3331497906841058
83,-3.0775000000000006,0.33148404173068524
84,-2.912500000000001,0.3298266215220318
85,-2.9587500000000007,0.3281774884144216
86,-3.002500000000001,0.3265366009723495
87,-2.8612500000000014,0.32490391796748774
88,-2.9237500000000005,0.3232793983776503
89,-3.1300000000000003,0.32166300138576204
90,-2.9900000000000007,0.3200546863788332
91,-2.9899999999999993,0.31845441294693905
92,-2.8087500000000003,0.3168621408822043
93,-3.4262499999999996,0.3152778301777933
94,-2.98,0.31370144102690434
95,-2.8762500000000006,0.3121329338217698
96,0.7875000000000001,0.31057226915266095
97,-3.011250000000001,0.30901940780689763
98,-3.130000000000001,0.30747431076786313
99,-2.87375,0.3059369392140238
100,-3.0562500000000012,0.3044072545179537
101,-2.8737500000000007,0.3028852182453639
102,-3.032500000000001,0.3013707921541371
103,-2.8575000000000004,0.29986393819336643
104,-2.850000000000001,0.2983646185023996
105,-3.0212500000000007,0.2968727954098876
106,-3.0087500000000005,0.29538843143283816
107,-3.6887499999999993,0.29391148927567395
108,-3.5724999999999993,0.29244193182929556
109,-3.132500000000001,0.2909797221701491
110,-3.467499999999999,0.28952482355929837
111,-3.0662499999999997,0.2880771994415019
112,-2.892500000000001,0.28663681344429437
113,-2.8850000000000002,0.2852036293770729
114,-3.038750000000001,0.2837776112301875
115,-0.08749999999999969,0.2823587231740366
116,-3.0250000000000012,0.2809469295581664
117,-2.9875000000000016,0.2795421949103756
118,-2.9037500000000005,0.2781444839358237
119,-2.7975000000000008,0.27675376151614456
120,-2.9037500000000005,0.2753699927085638
121,-0.25499999999999967,0.273993142745021
122,-2.9350000000000005,0.2726231770312959
123,-2.875000000000001,0.27126006114613943
124,-2.8625000000000007,0.26990376084040874
125,-2.9475000000000007,0.2685542420362067
126,-2.77,0.26721147082602564
127,-3.062500000000001,0.2658754134718955
128,-0.6162499999999997,0.26454603640453606
129,-0.8299999999999998,0.2632233062225134
130,-2.8600000000000008,0.2619071896914008
131,-2.868749999999999,0.2605976537429438
132,-3.021250000000001,0.2592946654742291
133,-3.3050000000000015,0.25799819214685793
134,-2.8400000000000007,0.25670820118612364
135,-2.9237499999999996,0.255424660180193
136,-2.76625,0.25414753687929204
137,-2.941250000000001,0.2528767991948956
138,-2.835,0.2516124151989211
139,-2.8662500000000013,0.2503543531229265
140,-2.953750000000001,0.24910258135731184
141,-2.7099999999999995,0.24785706845052527
142,-2.926250000000001,0.24661778310827265
143,-3.0500000000000016,0.2453846941927313
144,-2.7225000000000006,0.24415777072176764
145,-2.8325000000000005,0.2429369818681588
146,-2.8862500000000013,0.241722296958818
147,-2.980000000000001,0.2405136854740239
148,-0.7462499999999996,0.23931111704665378
149,-3.402500000000002,0.23811456146142052
150,-2.855000000000001,0.2369239886541134
151,-2.8312500000000007,0.23573936871084283
152,-2.8087500000000007,0.23456067186728863
153,-2.9350000000000005,0.23338786850795218
154,-2.812500000000001,0.23222092916541243
155,-3.279999999999999,0.23105982451958537
156,-2.9912500000000013,0.22990452539698744
157,-2.93375,0.2287550027700025
158,-2.9150000000000005,0.22761122775615247
159,-3.0325000000000015,0.2264731716173717
160,-3.0700000000000016,0.22534080575928486
161,-2.7125000000000004,0.22421410173048845
162,-2.921250000000001,0.223093031221836
163,-2.855000000000001,0.2219775660657268
164,-2.8787500000000006,0.22086767823539816
165,-2.911250000000001,0.21976333984422117
166,-3.0325000000000015,0.21866452314500007
167,-2.855000000000001,0.21757120052927506
168,-3.0400000000000005,0.21648334452662868
169,-2.8037500000000004,0.21540092780399553
170,-0.2074999999999998,0.21432392316497556
171,0.07250000000000023,0.21325230354915067
172,-2.9450000000000007,0.21218604203140493
173,-2.878750000000001,0.2111251118212479
174,-2.98375,0.21006948626214167
175,-2.976250000000001,0.20901913883083095
176,-3.6424999999999987,0.2079740431366768
177,-3.0025000000000013,0.20693417292099342
178,-2.8075000000000006,0.20589950205638846
179,-0.9612500000000004,0.20487000454610652
180,0.24,0.20384565452337597
181,0.7775000000000001,0.20282642625075908
182,-2.8274999999999992,0.2018122941195053
183,-2.9687500000000013,0.20080323264890776
184,-2.7787500000000005,0.1997992164856632
185,-2.8425000000000007,0.1988002204032349
186,1.3325,0.19780621930121872
187,-2.8737500000000007,0.19681718820471264
188,-3.0137500000000013,0.19583310226368908
189,-2.912500000000001,0.19485393675237064
190,-2.850000000000001,0.1938796670686088
191,-2.9575000000000005,0.19291026873326575
192,-2.9450000000000003,0.19194571738959942
193,-2.82875,0.1909859888026514
194,0.5074999999999998,0.19003105885863816
195,-2.933750000000001,0.18908090356434498
196,-2.8812500000000014,0.18813549904652327
197,-2.7237500000000003,0.18719482155129066
198,-2.83625,0.18625884744353421
199,-2.828750000000001,0.18532755320631655
200,-2.778750000000001,0.18440091544028497
201,-2.830000000000001,0.18347891086308354
202,-2.872500000000001,0.18256151630876813
203,-2.8775000000000004,0.1816487087272243
204,-2.9100000000000006,0.1807404651835882
205,-2.8087500000000003,0.17983676285767025
206,0.08749999999999991,0.1789375790433819
207,-2.67375,0.178042891148165
208,-2.8737500000000002,0.17715267669242415
209,-2.952500000000001,0.17626691330896202
210,-2.9350000000000014,0.1753855787424172
211,0.39624999999999977,0.17450865084870512
212,-3.0675000000000003,0.1736361075944616
213,-0.7262499999999996,0.1727679270564893
214,0.8875000000000001,0.17190408742120686
215,-2.817500000000001,0.1710445669841008
216,-3.64,0.1701893441491803
217,-2.9475000000000007,0.1693383974284344
218,-2.9350000000000005,0.16849170544129222
219,-3.0625000000000013,0.16764924691408575
220,0.5812499999999997,0.16681100067951532
221,-0.9650000000000005,0.16597694567611773
222,-3.050000000000001,0.16514706094773715
223,1.1300000000000001,0.16432132564299848
224,-2.7650000000000006,0.1634997190147835
225,-2.8425000000000007,0.1626822204197096
226,-0.20749999999999957,0.16186880931761105
227,-0.6799999999999995,0.161059465271023
228,-2.9312500000000012,0.16025416794466787
229,-2.9000000000000012,0.15945289710494454
230,0.935,0.1586556326194198
231,-2.980000000000001,0.1578623544563227
232,0.9025000000000001,0.1570730426840411
233,0.77625,0.1562876774706209
234,-2.843750000000001,0.15550623908326777
235,-2.778750000000001,0.15472870788785142
236,-2.6900000000000004,0.15395506434841216
237,-2.880000000000001,0.1531852890266701
238,-2.9050000000000007,0.15241936258153677
239,-3.100000000000002,0.1516572657686291
240,-2.8112500000000002,0.15089897943978595
241,-2.9375000000000004,0.15014448454258703
242,-2.8500000000000005,0.1493937621198741
243,-2.767500000000001,0.14864679330927472
244,-2.7987500000000005,0.14790355934272834
245,-3.398750000000001,0.1471640415460147
246,-2.7412500000000004,0.14642822133828462
247,-3.028750000000001,0.1456960802315932
248,-2.861250000000001,0.14496759983043522
249,-2.9300000000000015,0.14424276183128304
250,-2.9650000000000003,0.14352154802212663
251,-2.8100000000000005,0.142803940282016
252,1.3,0.14208992058060593
253,-2.878750000000001,0.1413794709777029
254,-2.9412499999999993,0.14067257362281438
255,-2.767500000000001,0.1399692107547003
256,-2.9987500000000007,0.13926936470092682
257,-2.8300000000000005,0.13857301787742218
258,-2.7687500000000007,0.13788015278803506
259,-2.961250000000001,0.1371907520240949
260,-2.9000000000000012,0.1365047982639744
261,-2.7375000000000007,0.13582227427265453
262,-2.866250000000001,0.13514316290129125
263,-2.85625,0.1344674470867848
264,1.51375,0.13379510985135087
265,-1.6650000000000011,0.1331261343020941
266,-2.9000000000000012,0.13246050363058365
267,-2.942500000000001,0.13179820111243074
268,1.4200000000000002,0.13113921010686858
269,1.1875,0.13048351405633424
270,-2.905000000000001,0.12983109648605257
271,-2.831250000000001,0.1291819410036223
272,-2.9537500000000003,0.1285360312986042
273,-2.8175000000000003,0.12789335114211117
274,-2.86625,0.12725388438640062
275,-3.11625,0.1266176149644686
276,0.1449999999999998,0.12598452688964626
277,-3.1062499999999993,0.12535460425519804
278,-2.9300000000000006,0.12472783123392205
279,1.2950000000000002,0.12410419207775243
280,0.7875,0.12348367111736366
281,-2.8162500000000006,0.12286625276177685
282,-2.9800000000000013,0.12225192149796796
283,-2.7800000000000002,0.12164066189047812
284,-2.950000000000001,0.12103245858102572
285,-2.85625,0.1204272962881206
286,-1.223750000000001,0.11982515980668
287,0.32374999999999976,0.1192260340076466
288,-2.7500000000000004,0.11862990383760837
289,-2.7875000000000005,0.11803675431842033
290,1.1975,0.11744657054682822
291,-1.130000000000001,0.11685933769409408
292,-2.8549999999999995,0.11627504100562361
293,-3.4412500000000024,0.1156936658005955
294,-2.8437500000000004,0.11511519747159252
295,0.8612500000000001,0.11453962148423455
296,-2.6625000000000005,0.11396692337681337
297,-2.953750000000001,0.11339708875992931
298,0.2599999999999998,0.11283010331612967
299,-2.9800000000000013,0.11226595279954901
300,-2.7425000000000006,0.11170462303555127
301,-3.111250000000002,0.11114609992037351
302,-2.867500000000001,0.11059036942077165
303,-2.9237500000000014,0.11003741757366779
304,-2.841250000000001,0.10948723048579945
305,0.7687499999999999,0.10893979433337045
306,-0.8587500000000001,0.1083950953617036
307,1.1925000000000001,0.10785311988489507
308,-2.818750000000001,0.10731385428547059
309,-2.806250000000001,0.10677728501404324
310,-0.7574999999999996,0.10624339858897303
311,-2.8612500000000005,0.10571218159602816
312,-2.880000000000001,0.10518362068804801
313,-2.892500000000001,0.10465770258460777
314,-2.912500000000001,0.10413441407168474
315,0.9275000000000001,0.10361374200132631
316,-2.961250000000001,0.10309567329131968
317,-2.905000000000001,0.10258019492486307
318,0.45499999999999974,0.10206729395023875
319,-2.980000000000001,0.10155695748048756
320,-2.8425000000000007,0.10104917269308512
321,1.20625,0.1005439268296197
322,1.4900000000000002,0.1000412071954716
323,-0.23999999999999955,0.09954100115949424
324,-2.950000000000001,0.09904329615369677
325,-0.04999999999999982,0.09854807967292828
326,-2.9312500000000012,0.09805533927456364
327,-2.935000000000001,0.09756506257819082
328,1.2950000000000002,0.09707723726529986
329,-2.911250000000001,0.09659185107897336
330,1.13125,0.0961088918235785
331,-2.837500000000001,0.0956283473644606
332,-2.7237500000000003,0.0951502056276383
333,0.93,0.09467445459950011
334,-0.37999999999999945,0.09420108232650261
335,-0.18624999999999958,0.09373007691487009
336,-2.909999999999999,0.09326142653029575
337,-2.873750000000001,0.09279511939764427
338,-0.8912500000000001,0.09233114380065605
339,-2.883750000000001,0.09186948808165277
340,0.6712499999999999,0.0914101406412445
341,0.6449999999999999,0.09095308993803829
342,-2.893750000000001,0.09049832448834809
343,-2.7974999999999994,0.09004583286590635
344,-2.9800000000000013,0.08959560370157682
345,-2.8975000000000013,0.08914762568306893
346,-2.875000000000001,0.08870188755465358
347,0.05250000000000021,0.08825837811688031
348,0.40249999999999964,0.0878170862262959
349,-2.806250000000001,0.08737800079516442
350,-2.9300000000000006,0.08694111079118859
351,-2.942500000000001,0.08650640523723264
352,-2.7487500000000007,0.08607387321104648
353,-2.9800000000000013,0.08564350384499125
354,-2.781250000000001,0.08521528632576629
355,0.5937499999999998,0.08478920989413746
356,-2.960000000000001,0.08436526384466678
357,-2.8362500000000006,0.08394343752544345
358,-2.768750000000001,0.08352372033781623
359,-2.68,0.08310610173612715
360,-2.956250000000001,0.08269057122744651
361,0.33624999999999994,0.08227711837130927
362,-2.9100000000000006,0.08186573277945272
363,-3.1987500000000018,0.08145640411555546
364,-0.597499999999999,0.08104912209497768
365,-2.7875000000000005,0.08064387648450279
366,-2.843750000000001,0.08024065710208027
367,-0.3049999999999995,0.07983945381656987
368,-2.900000000000001,0.07944025654748703
369,-2.837500000000001,0.0790430552647496
370,-2.950000000000001,0.07864783998842585
371,0.38749999999999973,0.07825460078848372
372,-2.8850000000000002,0.0778633277845413
373,-2.961250000000001,0.0774740111456186
374,0.5974999999999998,0.07708664108989051
375,-2.827500000000001,0.07670120788444106
376,0.9850000000000001,0.07631770184501885
377,1.425,0.07593611333579375
378,-1.0225000000000006,0.07555643276911478
379,-2.818750000000001,0.07517865060526921
380,-2.8800000000000012,0.07480275735224286
381,-2.8287500000000008,0.07442874356548164
382,-2.912500000000001,0.07405659984765423
383,-3.040000000000001,0.07368631684841595
384,-2.843750000000001,0.07331788526417388
385,-2.8000000000000007,0.07295129583785301
386,-2.806250000000001,0.07258653935866374
387,-2.7975000000000008,0.07222360666187043
388,1.3675000000000002,0.07186248862856108
389,-0.8612499999999998,0.07150317618541828
390,-2.7937500000000006,0.07114566030449118
391,-2.862500000000001,0.07078993200296872
392,1.2025000000000001,0.07043598234295388
393,-2.912500000000001,0.07008380243123911
394,-3.4049999999999994,0.06973338341908292
395,0.66375,0.0693847165019875
396,-2.812500000000001,0.06903779291947756
397,-2.8775000000000004,0.06869260395488018
398,-0.7812499999999998,0.06834914093510577
399,-2.8662500000000013,0.06800739523043024
400,-2.9800000000000018,0.0676673582542781
401,-0.76,0.0673290214630067
402,-3.499999999999999,0.06699237635569168
403,-2.911250000000001,0.06665741447391321
404,-3.1049999999999995,0.06632412740154364
405,-2.868750000000001,0.06599250676453593
406,-0.9000000000000001,0.06566254423071324
407,-2.8675000000000006,0.06533423150955968
408,0.2949999999999997,0.06500756035201188
409,-2.7937500000000006,0.06468252255025182
410,0.7062499999999998,0.06435910993750056
411,0.42874999999999974,0.06403731438781306
412,-0.1337499999999998,0.06371712781587399
413,1.1487500000000002,0.06339854217679462
414,-0.2624999999999995,0.06308154946591064
415,-0.8037499999999997,0.0627661417185811
416,-2.8562500000000006,0.06245231100998819
417,-2.7862500000000003,0.06214004945493825
418,-2.5562500000000004,0.06182934920766356
419,-2.812500000000001,0.06152020246162524
420,-2.81625,0.06121260144931712
421,-2.7562500000000005,0.06090653844207053
422,-3.017500000000001,0.060602005749860174
423,-3.2424999999999993,0.06029899572111087
424,-2.9800000000000013,0.059997500742505316
425,-2.812500000000001,0.05969751323879279
426,-2.7937500000000006,0.059399025672598825
427,-3.6050000000000018,0.05910203054423583
428,-2.787500000000001,0.05880652039151465
429,1.2437500000000001,0.058512487789557074
430,-2.923750000000001,0.05821992535060929
431,-2.7862500000000003,0.05792882572385624
432,-2.750000000000001,0.05763918159523696
433,0.7437499999999999,0.057350985687260776
434,-2.7600000000000007,0.05706423075882447
435,-2.950000000000001,0.05677890960503035
436,0.46374999999999966,0.056495015057005195
437,0.6099999999999998,0.05621253998172017
438,-2.7500000000000004,0.05593147728181157
439,0.4774999999999997,0.05565181989540251
440,-2.8312500000000007,0.055373560795925494
441,-2.9275000000000007,0.05509669299194587
442,-2.867500000000001,0.05482120952698614
443,-0.039999999999999813,0.054547103479351204
444,0.9875,0.05427436796195445
445,-2.9687500000000004,0.05400299612214468
446,-0.07999999999999985,0.05373298114153396
447,-0.8487500000000001,0.05346431623582629
448,-2.8949999999999996,0.05319699465464715
449,-2.912500000000001,0.05293100968137392
450,0.73125,0.052666354632967045
451,-0.20249999999999968,0.05240302285980221
452,-2.867500000000001,0.0521410077455032
453,1.4937500000000001,0.05188030270677568
454,0.07250000000000023,0.0516209011932418
455,-2.7062500000000007,0.05136279668727559
456,-0.85375,0.05110598270383922
457,0.2537499999999999,0.05085045279032002
458,0.7825,0.05059620052636842
459,-2.792500000000001,0.050343219523736576
460,-2.7687500000000007,0.050091503426117893
461,0.3574999999999997,0.05
462,-2.9100000000000006,0.05
463,1.1350000000000002,0.05
464,-2.8300000000000005,0.05
465,1.35375,0.05
466,-2.9312500000000012,0.05
467,-2.781250000000001,0.05
468,-2.7737500000000006,0.05
469,0.3112499999999998,0.05
470,-2.9225000000000008,0.05
471,1.0237500000000002,0.05
472,-2.7375000000000007,0.05
473,-0.9600000000000006,0.05
474,-3.02875,0.05
475,1.0150000000000001,0.05
476,-2.7675000000000005,0.05
477,-2.850000000000001,0.05
478,1.28375,0.05
479,1.1262500000000002,0.05
480,-2.850000000000001,0.05
481,-3.040000000000001,0.05
482,0.5837499999999998,0.05
483,0.4874999999999997,0.05
484,0.8750000000000001,0.05
485,1.2275,0.05
486,-3.0662500000000015,0.05
487,-2.7187500000000004,0.05
488,-2.9375,0.05
489,-2.75875,0.05
490,-2.875000000000001,0.05
491,-2.8250000000000006,0.05
492,-2.7562500000000005,0.05
493,-2.950000000000001,0.05
494,-2.9800000000000013,0.05
495,0.27249999999999996,0.05
496,-2.982500000000001,0.05
497,-3.261249999999999,0.05
498,1.1887500000000002,0.05
499,-0.4349999999999994,0.05
500,1.18375,0.05
501,0.9800000000000001,0.05
502,-0.5699999999999992,0.05
503,-2.806250000000001,0.05
504,-2.9225000000000008,0.05
505,0.6037499999999998,0.05
506,0.6112499999999997,0.05
507,-0.0924999999999998,0.05
508,-2.912500000000001,0.05
509,-2.7175000000000002,0.05
510,-2.980000000000001,0.05
511,0.025000000000000133,0.05
512,1.4800000000000002,0.05
513,1.2637500000000002,0.05
514,-2.903750000000001,0.05
515,-2.908750000000001,0.05
516,1.38125,0.05
517,-2.7562500000000005,0.05
518,-0.43624999999999936,0.05
519,-2.893750000000001,0.05
520,-1.1450000000000007,0.05
521,-2.93375,0.05
522,-0.0924999999999998,0.05
523,0.13124999999999987,0.05
524,-2.9112499999999994,0.05
525,-2.825,0.05
526,-2.7687499999999994,0.05
527,-0.8500000000000003,0.05
528,0.1100000000000001,0.05
529,-0.38499999999999934,0.05
530,0.49999999999999967,0.05
531,-2.825000000000001,0.05
532,0.3737499999999998,0.05
533,1.225,0.05
534,-2.900000000000001,0.05
535,-3.176249999999999,0.05
536,-2.829999999999999,0.05
537,-2.675,0.05
538,1.135,0.05
539,-2.967500000000001,0.05
540,0.8312499999999999,0.05
541,-2.7787500000000005,0.05
542,-2.900000000000001,0.05
543,-2.8000000000000007,0.05
544,-3.2512500000000024,0.05
545,-3.0812500000000003,0.05
546,0.050000000000000266,0.05
547,0.5662499999999998,0.05
548,0.45374999999999976,0.05
549,-2.850000000000001,0.05
550,1.4900000000000002,0.05
551,-3.2762500000000014,0.05
552,0.4099999999999997,0.05
553,-2.7937500000000006,0.05
554,-0.2537499999999997,0.05
555,-0.031249999999999778,0.05
556,1.0012500000000002,0.05
557,-3.526250000000001,0.05
558,0.43499999999999983,0.05
559,-2.7187500000000004,0.05
560,-3.017500000000001,0.05
561,0.83875,0.05
562,0.7149999999999999,0.05
563,0.5499999999999997,0.05
564,-0.5149999999999992,0.05
565,1.115,0.05
566,-2.8625000000000007,0.05
567,0.6662499999999998,0.05
568,-2.9725000000000015,0.05
569,-0.42749999999999955,0.05
570,0.017500000000000515,0.05
571,-3.1824999999999997,0.05
572,-3.5125000000000006,0.05
573,-3.010000000000001,0.05
574,-1.101250000000001,0.05
575,0.40374999999999983,0.05
576,-0.054999999999999716,0.05
577,0.5474999999999998,0.05
578,1.27625,0.05
579,1.2575,0.05
580,-2.7987500000000005,0.05
581,0.5499999999999999,0.05
582,-2.8237499999999995,0.05
583,-2.867500000000001,0.05
584,-2.8300000000000005,0.05
585,-2.900000000000001,0.05
586,0.7274999999999999,0.05
587,1.50875,0.05
588,0.14000000000000012,0.05
589,-1.0662500000000008,0.05
590,-0.43999999999999906,0.05
591,-2.9937500000000012,0.05
592,-0.20249999999999968,0.05
593,0.16500000000000004,0.05
594,0.053750000000000187,0.05
595,1.16625,0.05
596,-3.1637499999999994,0.05
597,-2.918750000000001,0.05
598,-3.515000000000002,0.05
599,0.042500000000000204,0.05
600,-3.0925000000000016,0.05
601,-2.998750000000001,0.05
602,-2.9325000000000006,0.05
603,1.1400000000000001,0.05
604,-1.101249999999999,0.05
605,-2.8562500000000006,0.05
606,0.80375,0.05
607,0.935,0.05
608,-2.8625000000000007,0.05
609,-2.7312500000000006,0.05
610,-2.7375000000000007,0.05
611,1.1600000000000001,0.05
612,-2.893750000000001,0.05
613,-2.7125000000000004,0.05
614,-2.8300000000000005,0.05
615,-2.9187500000000015,0.05
616,0.6774999999999999,0.05
617,-2.912500000000001,0.05
618,-2.892500000000001,0.05
619,-2.755000000000001,0.05
620,1.0950000000000002,0.05
621,0.4949999999999998,0.05
622,-3.2737499999999993,0.05
623,-0.35374999999999956,0.05
624,0.6587499999999998,0.05
625,0.5262499999999997,0.05
626,0.1775,0.05
627,-2.997500000000001,0.05
628,-3.065000000000001,0.05
629,-2.8125000000000004,0.05
630,-0.00749999999999984,0.05
631,-2.900000000000001,0.05
632,-3.2400000000000007,0.05
633,-2.7625000000000006,0.05
634,0.83,0.05
635,-2.867500000000001,0.05
636,-0.4099999999999995,0.05
637,1.3525,0.05
638,1.05,0.05
639,1.0,0.05
640,0.78125,0.05
641,0.8075,0.05
642,1.0237500000000002,0.05
643,0.011250000000000204,0.05
644,0.9950000000000001,0.05
645,-2.7375000000000007,0.05
646,0.4249999999999996,0.05
647,-1.1825000000000003,0.05
648,1.13625,0.05
649,0.9325000000000001,0.05
650,1.31,0.05
651,1.1425,0.05
652,0.4212499999999997,0.05
653,1.0325000000000002,0.05
654,-2.7175000000000002,0.05
655,-0.2524999999999995,0.05
656,1.17625,0.05
657,-0.1537499999999996,0.05
658,0.86125,0.05
659,-2.8400000000000003,0.05
660,-2.7800000000000007,0.05
661,0.5499999999999998,0.05
662,-2.8562499999999997,0.05
663,1.495,0.05
664,0.21875,0.05
665,0.11250000000000004,0.05
666,1.0625,0.05
667,1.3525,0.05
668,1.0625,0.05
669,-2.684999999999999,0.05
670,-2.850000000000001,0.05
671,-2.9375000000000004,0.05
672,0.9637500000000001,0.05
673,-0.05749999999999966,0.05
674,0.935,0.05
675,-2.7812500000000004,0.05
676,0.15749999999999997,0.05
677,-2.875000000000001,0.05
678,-2.881250000000001,0.05
679,0.38124999999999987,0.05
680,-2.980000000000001,0.05
681,-2.6800000000000006,0.05
682,-2.893750000000001,0.05
683,1.0750000000000002,0.05
684,-2.817500000000001,0.05
685,0.6725000000000001,0.05
686,-0.6012499999999992,0.05
687,1.3137500000000002,0.05
688,0.8925000000000001,0.05
689,-0.7899999999999994,0.05
690,-2.912500000000001,0.05
691,-0.3887499999999995,0.05
692,-0.10374999999999979,0.05
693,-2.986250000000001,0.05
694,-0.5374999999999992,0.05
695,1.3587500000000001,0.05
696,-3.864999999999999,0.05
697,0.7325,0.05
698,0.5999999999999999,0.05
699,-2.8350000000000004,0.05
700,0.72625,0.05
701,1.05125,0.05
702,0.018750000000000044,0.05
703,0.10000000000000031,0.05
704,0.6037499999999998,0.05
705,-1.0037500000000008,0.05
706,-2.806250000000001,0.05
707,0.375,0.05
708,-0.004999999999999893,0.05
709,-0.6412499999999992,0.05
710,1.03,0.05
711,0.8012499999999999,0.05
712,-0.5324999999999993,0.05
713,0.88,0.05
714,-2.8675000000000006,0.05
715,0.8500000000000001,0.05
716,0.6237499999999998,0.05
717,0.6674999999999998,0.05
718,-0.3474999999999995,0.05
719,0.33499999999999996,0.05
720,0.6499999999999998,0.05
721,-0.7024999999999995,0.05
722,-2.7875000000000005,0.05
723,-0.4812499999999993,0.05
724,1.555,0.05
725,1.39125,0.05
726,-2.8187500000000005,0.05
727,-2.7500000000000004,0.05
728,1.1425,0.05
729,0.9412500000000001,0.05
730,0.3837499999999998,0.05
731,0.6574999999999998,0.05
732,0.3462499999999995,0.05
733,0.9550000000000001,0.05
734,-2.9562500000000007,0.05
735,-0.5874999999999992,0.05
736,-2.8062500000000004,0.05
737,0.87875,0.05
738,0.9712500000000001,0.05
739,0.6224999999999999,0.05
740,0.6149999999999999,0.05
741,0.2487499999999998,0.05
742,0.3424999999999998,0.05
743,0.9525000000000001,0.05
744,1.20875,0.05
745,0.5087499999999997,0.05
746,0.41874999999999973,0.05
747,0.2649999999999999,0.05
748,0.78375,0.05
749,-2.9162500000000007,0.05
750,0.6574999999999999,0.05
751,-0.3199999999999994,0.05
752,0.6124999999999997,0.05
753,0.6487499999999998,0.05
754,-2.850000000000001,0.05
755,1.1600000000000001,0.05
756,-2.7237500000000003,0.05
757,1.2275,0.05
758,-2.8600000000000003,0.05
759,0.5674999999999999,0.05
760,-2.950000000000001,0.05
761,0.37250000000000005,0.05
762,-2.7000000000000006,0.05
763,-2.900000000000001,0.05
764,0.6912499999999998,0.05
765,0.86875,0.05
766,0.9337500000000001,0.05
767,-2.9725000000000006,0.05
768,0.9225,0.05
769,0.86875,0.05
770,0.6849999999999999,0.05
771,0.135,0.05
772,0.18999999999999995,0.05
773,-3.1137500000000014,0.05
774,-3.0025000000000004,0.05
775,0.6312499999999999,0.05
776,1.08375,0.05
777,-0.4962499999999992,0.05
778,-2.830000000000001,0.05
779,-3.0162499999999994,0.05
780,-3.0462500000000015,0.05
781,-2.8000000000000007,0.05
782,-2.6687499999999997,0.05
783,0.35999999999999965,0.05
784,0.8625,0.05
785,-0.14624999999999977,0.05
786,-0.3124999999999998,0.05
787,-2.848750000000001,0.05
788,-0.1649999999999996,0.05
789,0.7512499999999999,0.05
790,0.9900000000000001,0.05
791,-0.1387499999999997,0.05
792,0.14375000000000004,0.05
793,0.9100000000000001,0.05
794,-2.8275000000000006,0.05
795,0.6299999999999998,0.05
796,0.7862500000000001,0.05
797,-0.6949999999999996,0.05
798,-2.80875,0.05
799,0.87875,0.05
800,1.26,0.05
801,-3.0100000000000016,0.05
802,0.3374999999999999,0.05
803,1.06875,0.05
804,0.6937499999999999,0.05
805,1.0437500000000002,0.05
806,0.49999999999999967,0.05
807,0.9525000000000001,0.05
808,1.0575,0.05
809,1.12375,0.05
810,1.21625,0.05
811,1.49875,0.05
812,0.7699999999999999,0.05
813,1.0837500000000002,0.05
814,0.8099999999999999,0.05
815,1.16625,0.05
816,1.4625000000000001,0.05
817,0.9512500000000002,0.05
818,1.4125,0.05
819,-0.1287499999999997,0.05
820,0.82375,0.05
821,0.9550000000000001,0.05
822,0.6949999999999998,0.05
823,0.99,0.05
824,0.44999999999999973,0.05
825,0.85875,0.05
826,0.09000000000000008,0.05
827,0.82,0.05
828,0.9837500000000001,0.05
829,0.88,0.05
830,0.02499999999999991,0.05
831,0.5837499999999998,0.05
832,-0.0024999999999997247,0.05
833,0.7487499999999999,0.05
834,0.915,0.05
835,-2.6750000000000007,0.05
836,0.8900000000000001,0.05
837,0.7399999999999999,0.05
838,0.5324999999999998,0.05
839,0.94625,0.05
840,1.1500000000000001,0.05
841,0.022500000000000187,0.05
842,0.3837499999999998,0.05
843,1.01625,0.05
844,0.5262499999999997,0.05
845,1.165,0.05
846,0.2799999999999998,0.05
847,0.4837499999999997,0.05
848,-0.1599999999999997,0.05
849,0.7499999999999999,0.05
850,1.09125,0.05
851,1.33875,0.05
852,1.1775,0.05
853,1.48125,0.05
854,1.08875,0.05
855,-0.9012500000000003,0.05
856,1.4175000000000002,0.05
857,1.0137500000000002,0.05
858,0.7137499999999999,0.05
859,0.79875,0.05
860,1.13125,0.05
861,-3.1112499999999996,0.05
862,0.9675000000000001,0.05
863,1.13375,0.05
864,0.85625,0.05
865,0.4299999999999997,0.05
866,-1.0862500000000008,0.05
867,0.4449999999999996,0.05
868,-2.7312500000000006,0.05
869,0.83125,0.05
870,0.9637500000000001,0.05
871,0.7074999999999999,0.05
872,0.78875,0.05
873,-2.7687500000000007,0.05
874,1.02125,0.05
875,1.11625,0.05
876,0.7549999999999999,0.05
877,0.84,0.05
878,1.0875000000000001,0.05
879,-2.825000000000001,0.05
880,0.61,0.05
881,-0.12999999999999945,0.05
882,0.9650000000000001,0.05
883,1.4625000000000001,0.05
884,0.39624999999999977,0.05
885,0.43499999999999983,0.05
886,0.4412499999999997,0.05
887,-0.02499999999999991,0.05
888,0.81875,0.05
889,0.9875,0.05
890,1.1712500000000001,0.05
891,0.91125,0.05
892,1.07,0.05
893,-0.13124999999999964,0.05
894,-0.6437499999999996,0.05
895,-0.42624999999999913,0.05
896,0.6524999999999999,0.05
897,0.8925000000000001,0.05
898,-0.7862499999999997,0.05
899,1.2275,0.05
900,1.2025000000000001,0.05
901,0.8975000000000001,0.05
902,0.84125,0.05
903,0.2925,0.05
904,-0.1649999999999998,0.05
905,1.0237500000000002,0.05
906,0.9750000000000001,0.05
907,0.95625,0.05
908,1.0250000000000001,0.05
909,1.2950000000000002,0.05
910,0.5487499999999997,0.05
911,0.85625,0.05
912,1.3,0.05
913,0.49624999999999986,0.05
914,0.7699999999999999,0.05
915,0.9087500000000001,0.05
916,-0.6824999999999994,0.05
917,0.3949999999999998,0.05
918,1.0250000000000001,0.05
919,0.855,0.05
920,0.5074999999999997,0.05
921,1.0375,0.05
922,0.7099999999999999,0.05
923,0.5637499999999998,0.05
924,-0.35874999999999946,0.05
925,0.7049999999999998,0.05
926,0.5612499999999999,0.05
927,0.8425,0.05
928,0.4812499999999996,0.05
929,1.0987500000000001,0.05
930,1.07625,0.05
931,-0.2062499999999996,0.05
932,0.8775,0.05
933,0.9400000000000001,0.05
934,0.85375,0.05
935,1.18125,0.05
936,-2.950000000000001,0.05
937,1.0925,0.05
938,1.24,0.05
939,0.9875,0.05
940,-0.2737499999999997,0.05
941,-2.7312500000000006,0.05
942,1.0225,0.05
943,1.2937500000000002,0.05
944,1.2775,0.05
945,0.875,0.05
946,0.5949999999999998,0.05
947,1.1712500000000001,0.05
948,0.8225,0.05
949,0.7649999999999999,0.05
950,0.7875,0.05
951,0.9287500000000001,0.05
952,1.2025000000000001,0.05
953,0.7587499999999999,0.05
954,1.0075,0.05
955,1.215,0.05
956,0.84125,0.05
957,1.0012500000000002,0.05
958,1.1287500000000001,0.05
959,0.9637500000000001,0.05
960,1.2475,0.05
961,0.67125,0.05
962,1.38625,0.05
963,1.0350000000000001,0.05
964,1.29125,0.05
965,1.205,0.05
966,-0.3312499999999996,0.05
967,1.23,0.05
968,1.0025,0.05
969,-0.29624999999999946,0.05
970,1.2,0.05
971,1.18125,0.05
972,-0.5799999999999994,0.05
973,1.08125,0.05
974,0.94125,0.05
975,0.7699999999999999,0.05
976,1.2737500000000002,0.05
977,0.4512499999999997,0.05
978,0.025000000000000133,0.05
979,0.9900000000000001,0.05
980,1.2775,0.05
981,0.9450000000000001,0.05
982,0.87375,0.05
983,1.135,0.05
984,1.3262500000000002,0.05
985,1.1800000000000002,0.05
986,1.09375,0.05
987,1.095,0.05
988,0.9850000000000001,0.05
989,0.895,0.05
990,0.86125,0.05
991,0.17625000000000002,0.05
992,0.9325000000000001,0.05
993,0.43499999999999983,0.05
994,1.19875,0.05
995,1.4400000000000002,0.05
996,1.02,0.05
997,0.5112499999999998,0.05
998,1.2575,0.05
999,1.1525,0.05
1000,0.86125,0.05
1001,0.9900000000000001,0.05
1002,1.0637500000000002,0.05
1003,0.8350000000000001,0.05
1004,0.6537499999999998,0.05
1005,0.895,0.05
1006,-1.3287500000000005,0.05
1007,1.3050000000000002,0.05
1008,0.8462500000000001,0.05
1009,0.96625,0.05
1010,0.91,0.05
1011,0.775,0.05
1012,0.7587499999999999,0.05
1013,-0.043749999999999734,0.05
1014,1.1887500000000002,0.05
1015,0.5574999999999997,0.05
1016,0.6574999999999999,0.05
1017,1.3687500000000001,0.05
1018,1.0025,0.05
1019,0.875,0.05
1020,1.08875,0.05
1021,1.09,0.05
1022,1.08,0.05
1023,1.08875,0.05
1024,1.0375,0.05
1025,0.9112500000000001,0.05
1026,0.96625,0.05
1027,1.1225,0.05
1028,0.9687500000000001,0.05
1029,1.15375,0.05
1030,0.5474999999999998,0.05
1031,1.1800000000000002,0.05
1032,1.1712500000000001,0.05
1033,1.01625,0.05
1034,0.9325000000000001,0.05
1035,0.9837500000000001,0.05
1036,-0.1599999999999997,0.05
1037,0.042500000000000204,0.05
1038,-0.029999999999999805,0.05
1039,0.795,0.05
1040,0.7675,0.05
1041,1.01875,0.05
1042,1.0025,0.05
1043,0.6174999999999998,0.05
1044,1.0050000000000001,0.05
1045,1.0575,0.05
1046,1.27125,0.05
1047,1.0837500000000002,0.05
1048,-0.054999999999999716,0.05
1049,0.5612499999999998,0.05
1050,-0.6799999999999995,0.05
1051,1.0437500000000002,0.05
1052,0.6574999999999999,0.05
1053,0.8075,0.05
1054,0.8212499999999999,0.05
1055,-0.6199999999999999,0.05
1056,0.75125,0.05
1057,0.6037499999999998,0.05
1058,-0.06999999999999984,0.05
1059,1.19875,0.05
1060,-0.1649999999999996,0.05
1061,1.295,0.05
1062,1.5050000000000001,0.05
1063,1.13125,0.05
1064,-0.1349999999999998,0.05
1065,1.1487500000000002,0.05
1066,1.28875,0.05
1067,0.9850000000000001,0.05
1068,-2.8937500000000007,0.05
1069,1.13125,0.05
1070,0.43875,0.05
1071,0.6712500000000001,0.05
1072,1.175,0.05
1073,1.2200000000000002,0.05
1074,1.40375,0.05
1075,0.6475,0.05
1076,0.9475,0.05
1077,-2.787500000000001,0.05
1078,1.00875,0.05
1079,1.11,0.05
1080,0.89625,0.05
1081,0.5287499999999997,0.05
1082,0.9087500000000001,0.05
1083,-2.750000000000001,0.05
1084,0.46874999999999967,0.05
1085,1.1887500000000002,0.05
1086,-1.0100000000000005,0.05
1087,1.21,0.05
1088,1.26,0.05
1089,1.09375,0.05
1090,0.88,0.05
1091,0.3949999999999998,0.05
1092,1.12625,0.05
1093,-0.047499999999999876,0.05
1094,-0.867499999999999,0.05
1095,0.7649999999999999,0.05
1096,0.1100000000000001,0.05
1097,1.05,0.05
1098,1.0025,0.05
1099,0.36624999999999996,0.05
1100,0.7499999999999999,0.05
1101,0.5062499999999998,0.05
1102,1.485,0.05
1103,1.22875,0.05
1104,0.9650000000000001,0.05
1105,0.16999999999999993,0.05
1106,1.32875,0.05
1107,0.875,0.05
1108,-0.5599999999999994,0.05
1109,1.25875,0.05
1110,0.6387499999999998,0.05
1111,0.80375,0.05
1112,0.90125,0.05
1113,1.13375,0.05
1114,0.88,0.05
1115,-2.806250000000001,0.05
1116,0.9475,0.05
1117,0.7099999999999999,0.05
1118,1.2425000000000002,0.05
1119,1.22125,0.05
1120,0.01625000000000032,0.05
1121,1.115,0.05
1122,0.6887499999999999,0.05
1123,0.91625,0.05
1124,0.85375,0.05
1125,1.0250000000000001,0.05
1126,-0.0924999999999998,0.05
1127,0.23624999999999985,0.05
1128,0.7649999999999999,0.05
1129,0.895,0.05
1130,-2.8675000000000006,0.05
1131,1.0962500000000002,0.05
1132,0.3524999999999998,0.05
1133,0.32499999999999996,0.05
1134,0.96625,0.05
1135,1.155,0.05
1136,1.18625,0.05
1137,0.22625000000000006,0.05
1138,1.02125,0.05
1139,1.0525,0.05
1140,0.5849999999999999,0.05
1141,0.9525000000000001,0.05
1142,0.94125,0.05
1143,0.86125,0.05
1144,0.78,0.05
1145,-0.3562499999999995,0.05
1146,0.88,0.05
1147,0.79375,0.05
1148,-0.31374999999999953,0.05
1149,1.31,0.05
1150,1.5274999999999999,0.05
1151,-0.08624999999999972,0.05
1152,0.1712499999999999,0.05
1153,0.7324999999999999,0.05
1154,0.9349999999999999,0.05
1155,0.9087500000000001,0.05
1156,0.03500000000000014,0.05
1157,1.0662500000000001,0.05
1158,0.7199999999999999,0.05
1159,0.9700000000000001,0.05
1160,1.295,0.05
1161,1.1062500000000002,0.05
1162,1.37,0.05
1163,0.91,0.05
1164,1.0325000000000002,0.05
1165,0.98,0.05
1166,0.91,0.05
1167,1.115,0.05
1168,0.9325000000000001,0.05
1169,1.4175,0.05
1170,1.17875,0.05
1171,0.84125,0.05
1172,0.9637500000000001,0.05
1173,0.48999999999999966,0.05
1174,1.22625,0.05
1175,1.13125,0.05
1176,0.9712500000000001,0.05
1177,1.03375,0.05
1178,0.6699999999999999,0.05
1179,-0.006249999999999645,0.05
1180,1.175,0.05
1181,1.0975000000000001,0.05
1182,0.9512500000000002,0.05
1183,0.935,0.05
1184,0.91625,0.05
1185,1.2025000000000001,0.05
1186,0.39749999999999974,0.05
1187,-2.818750000000001,0.05
1188,0.7412499999999999,0.05
1189,1.24,0.05
1190,1.17875,0.05
1191,1.0562500000000001,0.05
1192,1.13125,0.05
1193,0.9500000000000001,0.05
1194,0.7387499999999999,0.05
1195,1.03,0.05
1196,0.8274999999999999,0.05
1197,1.08875,0.05
1198,1.0875000000000001,0.05
1199,0.6537499999999998,0.05
1200,1.2212500000000002,0.05
1201,1.3687500000000001,0.05
1202,0.8975000000000001,0.05
1203,-0.22999999999999954,0.05
1204,0.25749999999999984,0.05
1205,0.4249999999999996,0.05
1206,1.13625,0.05
1207,0.83875,0.05
1208,1.2712500000000002,0.05
1209,0.99,0.05
1210,0.72125,0.05
1211,0.5837499999999998,0.05
1212,0.8187500000000001,0.05
1213,1.0875000000000001,0.05
1214,0.6224999999999998,0.05
1215,0.79375,0.05
1216,0.5924999999999998,0.05
1217,0.82,0.05
1218,0.5599999999999998,0.05
1219,1.04125,0.05
1220,0.83625,0.05
1221,0.5812499999999998,0.05
1222,1.125,0.05
1223,0.80125,0.05
1224,0.4924999999999998,0.05
1225,1.3275000000000001,0.05
1226,0.6962499999999998,0.05
1227,0.11124999999999985,0.05
1228,1.3825,0.05
1229,1.4937500000000001,0.05
1230,-0.04499999999999926,0.05
1231,1.0862500000000002,0.05
1232,1.1612500000000001,0.05
1233,1.02,0.05
1234,0.4349999999999996,0.05
1235,0.7662499999999999,0.05
1236,1.0562500000000001,0.05
1237,1.2725000000000002,0.05
1238,0.9225000000000001,0.05
1239,1.01125,0.05
1240,1.54125,0.05
1241,0.8912500000000001,0.05
1242,0.9500000000000001,0.05
1243,1.07,0.05
1244,1.1475,0.05
1245,1.2650000000000001,0.05
1246,0.24499999999999988,0.05
1247,0.32374999999999976,0.05
1248,0.6737499999999998,0.05
1249,1.12375,0.05
1250,1.03875,0.05
1251,0.21750000000000025,0.05
1252,0.91125,0.05
1253,0.07000000000000006,0.05
1254,1.155,0.05
1255,1.2225000000000001,0.05
1256,0.6349999999999998,0.05
1257,0.7650000000000001,0.05
1258,0.8400000000000001,0.05
1259,0.7299999999999999,0.05
1260,1.0625,0.05
1261,1.02125,0.05
1262,1.1300000000000001,0.05
1263,0.30874999999999986,0.05
1264,0.9912500000000001,0.05
1265,1.0237500000000002,0.05
1266,1.3775,0.05
1267,1.2950000000000002,0.05
1268,1.22125,0.05
1269,1.01,0.05
1270,1.1675,0.05
1271,0.7875,0.05
1272,1.54125,0.05
1273,0.84125,0.05
1274,1.2200000000000002,0.05
1275,0.5574999999999997,0.05
1276,0.6024999999999998,0.05
1277,1.09375,0.05
1278,0.895,0.05
1279,1.18375,0.05
1280,1.05,0.05
1281,1.19,0.05
1282,0.7099999999999999,0.05
1283,0.9637500000000001,0.05
1284,1.0075,0.05
1285,0.89875,0.05
1286,1.30875,0.05
1287,1.02125,0.05
1288,1.0575,0.05
1289,1.38625,0.05
1290,0.9650000000000001,0.05
1291,1.0750000000000002,0.05
1292,1.3625,0.05
1293,1.04,0.05
1294,1.16625,0.05
1295,0.815,0.05
1296,0.6387499999999999,0.05
1297,1.3125,0.05
1298,0.9950000000000001,0.05
1299,1.16625,0.05
1300,1.23125,0.05
1301,1.3075,0.05
1302,0.92,0.05
1303,0.6762499999999999,0.05
1304,1.4300000000000002,0.05
1305,0.6387499999999998,0.05
1306,0.9700000000000001,0.05
1307,0.5112499999999998,0.05
1308,1.24,0.05
1309,1.16625,0.05
1310,0.8212499999999999,0.05
1311,1.2825,0.05
1312,0.3899999999999997,0.05
1313,0.7687499999999999,0.05
1314,0.78,0.05
1315,0.85375,0.05
1316,0.9337500000000001,0.05
1317,1.0,0.05
1318,0.87375,0.05
1319,0.6099999999999998,0.05
1320,1.155,0.05
1321,1.3162500000000001,0.05
1322,1.2275,0.05
1323,1.395,0.05
1324,0.8975000000000001,0.05
1325,1.5274999999999999,0.05
1326,1.0012500000000002,0.05
1327,0.5749999999999997,0.05
1328,0.85125,0.05
1329,1.11,0.05
1330,0.9637500000000001,0.05
1331,0.7137499999999999,0.05
1332,0.87375,0.05
1333,0.60125,0.05
1334,1.165,0.05
1335,0.9500000000000001,0.05
1336,0.19374999999999987,0.05
1337,0.78,0.05
1338,1.2200000000000002,0.05
1339,1.34375,0.05
1340,1.13125,0.05
1341,1.1125,0.05
1342,1.3362500000000002,0.05
1343,0.895,0.05
1344,0.9325000000000001,0.05
1345,0.7162499999999998,0.05
1346,1.09375,0.05
1347,0.19874999999999998,0.05
1348,0.79875,0.05
1349,0.91125,0.05
1350,1.1287500000000001,0.05
1351,1.2725,0.05
1352,1.33,0.05
1353,1.18375,0.05
1354,1.06875,0.05
1355,1.1912500000000001,0.05
1356,1.1600000000000001,0.05
1357,1.0050000000000001,0.05
1358,1.30875,0.05
1359,0.9525000000000001,0.05
1360,1.1087500000000001,0.05
1361,1.4175,0.05
1362,1.0987500000000001,0.05
1363,0.79,0.05
1364,0.9600000000000001,0.05
1365,1.05125,0.05
1366,1.0425,0.05
1367,1.2175,0.05
1368,0.8175,0.05
1369,1.03375,0.05
1370,1.15375,0.05
1371,1.0925,0.05
1372,1.1287500000000001,0.05
1373,1.145,0.05
1374,1.0550000000000002,0.05
1375,1.4300000000000002,0.05
1376,0.88,0.05
1377,1.2425000000000002,0.05
1378,0.7524999999999998,0.05
1379,1.23875,0.05
1380,1.0237500000000002,0.05
1381,1.2975,0.05
1382,1.09375,0.05
1383,0.6937499999999999,0.05
1384,0.6562499999999998,0.05
1385,1.0750000000000002,0.05
1386,0.935,0.05
1387,-0.6299999999999997,0.05
1388,0.5074999999999997,0.05
1389,1.1725,0.05
1390,1.2025000000000001,0.05
1391,0.4562499999999997,0.05
1392,1.0250000000000001,0.05
1393,0.2699999999999998,0.05
1394,1.5125000000000002,0.05
1395,0.9950000000000001,0.05
1396,0.8062499999999999,0.05
1397,-0.7962499999999999,0.05
1398,0.84125,0.05
1399,1.0950000000000002,0.05
1400,1.20875,0.05
1401,1.3225,0.05
1402,1.02,0.05
1403,0.6149999999999999,0.05
1404,0.3287499999999999,0.05
1405,1.06875,0.05
1406,1.1662500000000002,0.05
1407,0.49250000000000005,0.05
1408,1.0462500000000001,0.05
1409,0.86,0.05
1410,1.09375,0.05
1411,1.0525,0.05
1412,0.8962500000000001,0.05
1413,1.30375,0.05
1414,1.4025,0.05
1415,0.9275000000000001,0.05
1416,0.9600000000000001,0.05
1417,0.9875,0.05
1418,1.07875,0.05
1419,1.3137500000000002,0.05
1420,1.02625,0.05
1421,1.0275,0.05
1422,1.02125,0.05
1423,1.29125,0.05
1424,0.9112500000000001,0.05
1425,1.17375,0.05
1426,0.7462499999999999,0.05
1427,1.08,0.05
1428,1.4675,0.05
1429,0.89875,0.05
1430,1.27,0.05
1431,1.12375,0.05
1432,1.0875000000000001,0.05
1433,1.0225,0.05
1434,0.9525000000000001,0.05
1435,1.07125,0.05
1436,-0.8862500000000002,0.05
1437,0.9450000000000001,0.05
1438,1.15,0.05
1439,1.02125,0.05
1440,1.205,0.05
1441,0.8112499999999999,0.05
1442,0.5949999999999999,0.05
1443,1.07875,0.05
1444,1.11625,0.05
1445,1.22875,0.05
1446,-2.7500000000000004,0.05
1447,0.7049999999999998,0.05
1448,1.03875,0.05
1449,1.35,0.05
1450,0.7499999999999999,0.05
1451,1.06875,0.05
1452,0.6599999999999999,0.05
1453,0.7387499999999999,0.05
1454,0.9450000000000001,0.05
1455,0.89,0.05
1456,1.1175000000000002,0.05
1457,0.825,0.05
1458,1.16625,0.05
1459,0.9837500000000001,0.05
1460,0.8862500000000001,0.05
1461,1.21875,0.05
1462,0.86875,0.05
1463,1.24,0.05
1464,0.5849999999999997,0.05
1465,1.23625,0.05
1466,0.8099999999999999,0.05
1467,0.7149999999999999,0.05
1468,1.02125,0.05
1469,0.6549999999999998,0.05
1470,1.0025,0.05
1471,1.10125,0.05
1472,1.3175000000000001,0.05
1473,1.1375000000000002,0.05
1474,1.0450000000000002,0.05
1475,0.73125,0.05
1476,1.3825,0.05
1477,1.0025,0.05
1478,0.7487499999999999,0.05
1479,0.1962499999999998,0.05
1480,0.8775000000000001,0.05
1481,1.2537500000000001,0.05
1482,0.88,0.05
1483,1.2525,0.05
1484,1.00625,0.05
1485,1.1712500000000001,0.05
1486,1.17875,0.05
1487,0.9875,0.05
1488,0.8575,0.05
1489,1.1875,0.05
1490,1.2437500000000001,0.05
1491,1.2025000000000001,0.05
1492,1.29125,0.05
1493,0.7187499999999999,0.05
1494,1.0562500000000001,0.05
1495,0.9037500000000002,0.05
1496,1.15125,0.05
1497,0.6549999999999999,0.05
1498,1.0750000000000002,0.05
1499,1.17,0.05
1500,1.33,0.05
1501,0.7725,0.05
1502,0.9512500000000002,0.05
1503,1.09375,0.05
1504,0.96625,0.05
1505,1.1300000000000001,0.05
1506,1.01875,0.05
1507,1.18125,0.05
1508,0.83625,0.05
1509,1.03375,0.05
1510,0.9900000000000001,0.05
1511,1.14375,0.05
1512,1.125,0.05
1513,0.9087500000000001,0.05
1514,0.9850000000000001,0.05
1515,0.91,0.05
1516,-2.881250000000001,0.05
1517,1.08125,0.05
1518,1.1,0.05
1519,1.1287500000000001,0.05
1520,1.2075,0.05
1521,1.12375,0.05
1522,1.2437500000000001,0.05
1523,0.6275,0.05
1524,1.06125,0.05
1525,0.8250000000000001,0.05
1526,1.215,0.05
1527,1.17625,0.05
1528,1.345,0.05
1529,0.885,0.05
1530,0.9812500000000001,0.05
1531,1.0987500000000001,0.05
1532,0.5062499999999998,0.05
1533,1.2637500000000002,0.05
1534,1.20875,0.05
1535,1.08125,0.05
1536,1.01875,0.05
1537,1.0987500000000001,0.05
1538,1.17875,0.05
1539,1.15375,0.05
1540,1.09,0.05
1541,0.6412499999999998,0.05
1542,0.97875,0.05
1543,1.13125,0.05
1544,0.73,0.05
1545,-2.837500000000001,0.05
1546,0.10749999999999993,0.05
1547,0.30999999999999983,0.05
1548,0.9587500000000001,0.05
1549,1.0750000000000002,0.05
1550,1.28875,0.05
1551,1.0375,0.05
1552,1.4087500000000002,0.05
1553,1.105,0.05
1554,1.3725,0.05
1555,1.0437500000000002,0.05
1556,1.2850000000000001,0.05
1557,0.88,0.05
1558,1.07125,0.05
1559,1.40375,0.05
1560,0.10250000000000004,0.05
1561,0.7937500000000001,0.05
1562,0.4887499999999997,0.05
1563,1.08125,0.05
1564,0.7687499999999999,0.05
1565,1.17,0.05
1566,1.0425,0.05
1567,1.0425,0.05
1568,0.71,0.05
1569,1.2775,0.05
1570,1.05,0.05
1571,1.11375,0.05
1572,1.20375,0.05
1573,1.1975,0.05
1574,0.9287500000000001,0.05
1575,1.0025,0.05
1576,1.21,0.05
1577,1.15375,0.05
1578,1.23,0.05
1579,1.1175000000000002,0.05
1580,1.1712500000000001,0.05
1581,0.6237499999999998,0.05
1582,0.9850000000000001,0.05
1583,0.92125,0.05
1584,1.1300000000000001,0.05
1585,1.0550000000000002,0.05
1586,1.405,0.05
1587,0.89,0.05
1588,1.10125,0.05
1589,0.6749999999999998,0.05
1590,1.29875,0.05
1591,1.13375,0.05
1592,-0.006249999999999867,0.05
1593,1.08,0.05
1594,1.105,0.05
1595,1.1600000000000001,0.05
1596,0.46874999999999967,0.05
1597,1.2225000000000001,0.05
1598,0.8262499999999999,0.05
1599,1.1425,0.05
1600,0.935,0.05
1601,1.445,0.05
1602,1.13125,0.05
1603,0.5874999999999999,0.05
1604,1.0625,0.05
1605,0.93,0.05
1606,0.8925000000000001,0.05
1607,1.1600000000000001,0.05
1608,1.02125,0.05
1609,-2.818750000000001,0.05
1610,1.0375,0.05
1611,1.0662500000000001,0.05
1612,1.07625,0.05
1613,-2.6687500000000006,0.05
1614,1.18625,0.05
1615,0.7874999999999999,0.05
1616,1.38125,0.05
1617,1.1075,0.05
1618,0.9500000000000001,0.05
1619,1.2075,0.05
1620,0.78125,0.05
1621,-2.9287499999999995,0.05
1622,1.1800000000000002,0.05
1623,-0.6749999999999996,0.05
1624,0.935,0.05
1625,0.6024999999999998,0.05
1626,0.7212499999999998,0.05
1627,0.43499999999999983,0.05
1628,1.3675000000000002,0.05
1629,1.47625,0.05
1630,1.25875,0.05
1631,1.11125,0.05
1632,0.9700000000000001,0.05
1633,1.29875,0.05
1634,0.96625,0.05
1635,1.43875,0.05
1636,1.24125,0.05
1637,1.235,0.05
1638,1.1425,0.05
1639,1.1725,0.05
1640,0.9287500000000001,0.05
1641,1.11,0.05
1642,1.1975,0.05
1643,1.0637500000000002,0.05
1644,0.8875000000000001,0.05
1645,0.7049999999999998,0.05
1646,0.8925000000000001,0.05
1647,1.02125,0.05
1648,0.8475,0.05
1649,1.26625,0.05
1650,1.0075000000000003,0.05
1651,1.01625,0.05
1652,0.935,0.05
1653,1.1287500000000001,0.05
1654,1.0275,0.05
1655,1.2025000000000001,0.05
1656,1.1925000000000001,0.05
1657,1.2750000000000001,0.05
1658,0.6412499999999999,0.05
1659,0.9750000000000001,0.05
1660,1.095,0.05
1661,1.3825,0.05
1662,1.08,0.05
1663,0.75125,0.05
1664,1.1675,0.05
1665,0.9337500000000001,0.05
1666,1.0025,0.05
1667,1.0137500000000002,0.05
1668,0.98,0.05
1669,1.0075,0.05
1670,1.08,0.05
1671,1.08,0.05
1672,1.0450000000000002,0.05
1673,0.8775000000000001,0.05
1674,1.30375,0.05
1675,0.17000000000000037,0.05
1676,1.15375,0.05
1677,-2.900000000000001,0.05
1678,1.0,0.05
1679,0.825,0.05
1680,0.73125,0.05
1681,1.0187500000000003,0.05
1682,0.90375,0.05
1683,1.4125,0.05
1684,1.0625,0.05
1685,1.22625,0.05
1686,1.0375,0.05
1687,1.15,0.05
1688,0.9475,0.05
1689,0.6037499999999998,0.05
1690,0.85875,0.05
1691,0.8425,0.05
1692,1.2125000000000001,0.05
1693,1.4000000000000001,0.05
1694,0.3524999999999998,0.05
1695,1.00625,0.05
1696,1.0137500000000002,0.05
1697,0.9800000000000001,0.05
1698,1.11125,0.05
1699,0.5799999999999997,0.05
1700,1.295,0.05
1701,1.1062500000000002,0.05
1702,1.1712500000000001,0.05
1703,1.1475,0.05
1704,0.86,0.05
1705,1.22125,0.05
1706,1.15,0.05
1707,0.92,0.05
1708,1.0625,0.05
1709,1.045,0.05
1710,1.32,0.05
1711,1.34125,0.05
1712,1.18375,0.05
1713,1.33875,0.05
1714,0.8775000000000001,0.05
1715,0.9537500000000001,0.05
1716,1.1675,0.05
1717,0.8550000000000001,0.05
1718,1.2475,0.05
1719,0.86125,0.05
1720,1.1625,0.05
1721,1.1925000000000001,0.05
1722,0.83625,0.05
1723,0.5012499999999998,0.05
1724,1.0350000000000001,0.05
1725,0.40124999999999966,0.05
1726,0.88125,0.05
1727,1.13125,0.05
1728,1.115,0.05
1729,0.7087499999999999,0.05
1730,1.07875,0.05
1731,0.67625,0.05
1732,0.9450000000000001,0.05
1733,1.1675,0.05
1734,1.0237500000000002,0.05
1735,1.0050000000000001,0.05
1736,0.75,0.05
1737,1.0050000000000001,0.05
1738,0.785,0.05
1739,1.0987500000000001,0.05
1740,0.8225,0.05
1741,1.1725,0.05
1742,1.4412500000000001,0.05
1743,1.09375,0.05
1744,1.1687500000000002,0.05
1745,0.9137500000000001,0.05
1746,-2.7375000000000007,0.05
1747,1.1025,0.05
1748,-0.12999999999999967,0.05
1749,1.48625,0.05
1750,0.25499999999999967,0.05
1751,0.83,0.05
1752,0.88125,0.05
1753,0.39124999999999965,0.05
1754,0.5499999999999997,0.05
1755,1.3,0.05
1756,1.0325000000000002,0.05
1757,1.29,0.05
1758,1.1725,0.05
1759,1.2225000000000001,0.05
1760,1.0550000000000002,0.05
1761,1.07125,0.05
1762,0.7449999999999999,0.05
1763,1.12375,0.05
1764,1.1175000000000002,0.05
1765,1.1625,0.05
1766,1.08875,0.05
1767,1.1975,0.05
1768,0.9525000000000001,0.05
1769,1.1912500000000001,0.05
1770,1.32125,0.05
1771,0.93,0.05
1772,1.08125,0.05
1773,0.9650000000000001,0.05
1774,1.4400000000000002,0.05
1775,0.5999999999999999,0.05
1776,1.235,0.05
1777,1.06125,0.05
1778,1.3687500000000001,0.05
1779,1.2225000000000001,0.05
1780,1.19,0.05
1781,0.4324999999999999,0.05
1782,1.29,0.05
1783,0.86125,0.05
1784,1.2225000000000001,0.05
1785,0.6674999999999998,0.05
1786,0.91125,0.05
1787,1.2975,0.05
1788,0.9850000000000001,0.05
1789,0.98875,0.05
1790,1.185,0.05
1791,1.32375,0.05
1792,1.235,0.05
1793,1.02125,0.05
1794,0.87,0.05
1795,0.74625,0.05
1796,1.2725,0.05
1797,0.93,0.05
1798,-0.1499999999999997,0.05
1799,1.2750000000000001,0.05
1800,0.93,0.05
1801,1.5225000000000002,0.05
1802,1.0375,0.05
1803,0.9700000000000001,0.05
1804,1.09375,0.05
1805,0.1100000000000001,0.05
1806,1.2837500000000002,0.05
1807,1.18625,0.05
1808,0.9712500000000001,0.05
1809,1.165,0.05
1810,0.25125,0.05
1811,1.00875,0.05
1812,0.91625,0.05
1813,1.295,0.05
1814,0.0887500000000001,0.05
1815,1.34375,0.05
1816,-0.10374999999999979,0.05
1817,1.0975000000000001,0.05
1818,1.24875,0.05
1819,1.0562500000000001,0.05
1820,0.935,0.05
1821,1.0050000000000001,0.05
1822,1.0750000000000002,0.05
1823,0.7487499999999999,0.05
1824,1.0225,0.05
1825,1.1500000000000001,0.05
1826,0.9850000000000001,0.05
1827,0.9225,0.05
1828,1.0050000000000001,0.05
1829,0.03750000000000009,0.05
1830,-2.7625000000000006,0.05
1831,0.8350000000000001,0.05
1832,1.2625000000000002,0.05
1833,0.8962500000000001,0.05
1834,1.1,0.05
1835,1.4175,0.05
1836,0.5674999999999998,0.05
1837,1.1487500000000002,0.05
1838,1.28875,0.05
1839,-0.09624999999999972,0.05
1840,1.2175,0.05
1841,1.4675,0.05
1842,-0.07749999999999968,0.05
1843,1.06875,0.05
1844,1.0525,0.05
1845,0.6387499999999998,0.05
1846,0.78625,0.05
1847,1.485,0.05
1848,1.31,0.05
1849,1.0675000000000001,0.05
1850,1.5225000000000002,0.05
1851,1.2337500000000001,0.05
1852,1.20375,0.05
1853,1.1775,0.05
1854,1.53125,0.05
1855,1.29125,0.05
1856,1.555,0.05
1857,1.0987500000000001,0.05
1858,0.96625,0.05
1859,1.155,0.05
1860,-0.9662499999999998,0.05
1861,1.08125,0.05
1862,0.9237500000000001,0.05
1863,1.17375,0.05
1864,1.1475,0.05
1865,1.12375,0.05
1866,0.67625,0.05
1867,-2.8312500000000007,0.05
1868,0.9087500000000001,0.05
1869,1.34,0.05
1870,0.83625,0.05
1871,-2.818750000000001,0.05
1872,0.80375,0.05
1873,-0.4874999999999994,0.05
1874,0.9937500000000001,0.05
1875,0.745,0.05
1876,1.09,0.05
1877,0.41624999999999956,0.05
1878,1.3162500000000001,0.05
1879,1.28125,0.05
1880,1.22625,0.05
1881,0.44999999999999973,0.05
1882,1.03875,0.05
1883,1.27625,0.05
1884,0.26750000000000007,0.05
1885,1.29125,0.05
1886,0.9112500000000001,0.05
1887,1.115,0.05
1888,1.0625,0.05
1889,0.9975,0.05
1890,1.225,0.05
1891,1.245,0.05
1892,1.095,0.05
1893,0.875,0.05
1894,1.2775,0.05
1895,1.13125,0.05
1896,-2.886250000000001,0.05
1897,1.25875,0.05
1898,0.8675,0.05
1899,-2.7500000000000004,0.05
1900,0.6099999999999998,0.05
1901,1.30875,0.05
1902,1.22125,0.05
1903,1.20625,0.05
1904,1.2525,0.05
1905,0.9287500000000001,0.05
1906,0.34499999999999975,0.05
1907,0.9450000000000001,0.05
1908,-0.030000000000000027,0.05
1909,1.15625,0.05
1910,0.37999999999999967,0.05
1911,1.0550000000000002,0.05
1912,1.45875,0.05
1913,0.935,0.05
1914,1.3,0.05
1915,0.87875,0.05
1916,1.3025,0.05
1917,0.79875,0.05
1918,1.0075,0.05
1919,1.31875,0.05
1920,0.5837499999999998,0.05
1921,0.6499999999999998,0.05
1922,1.13125,0.05
1923,0.6149999999999999,0.05
1924,1.01875,0.05
1925,0.91125,0.05
1926,0.9700000000000001,0.05
1927,0.8000000000000002,0.05
1928,1.21,0.05
1929,1.20875,0.05
1930,1.35,0.05
1931,1.1125,0.05
1932,1.22125,0.05
1933,1.26125,0.05
1934,1.245,0.05
1935,1.0250000000000001,0.05
1936,1.01625,0.05
1937,0.9912500000000001,0.05
1938,0.88625,0.05
1939,1.27875,0.05
1940,1.0550000000000002,0.05
1941,1.18625,0.05
1942,1.09,0.05
1943,1.2575,0.05
1944,1.1725,0.05
1945,1.1712500000000001,0.05
1946,1.095,0.05
1947,1.245,0.05
1948,1.00625,0.05
1949,0.91125,0.05
1950,1.0,0.05
1951,1.44375,0.05
1952,-0.5374999999999992,0.05
1953,0.9225000000000001,0.05
1954,0.99125,0.05
1955,1.13625,0.05
1956,-2.825000000000001,0.05
1957,0.8762500000000001,0.05
1958,0.9875,0.05
1959,0.31999999999999984,0.05
1960,1.45375,0.05
1961,0.90625,0.05
1962,1.1125,0.05
1963,1.1,0.05
1964,0.2799999999999998,0.05
1965,0.9850000000000001,0.05
1966,1.4412500000000001,0.05
1967,1.3675000000000002,0.05
1968,-0.8425,0.05
1969,0.9525000000000001,0.05
1970,1.02625,0.05
1971,0.8900000000000001,0.05
1972,1.1687500000000002,0.05
1973,0.99,0.05
1974,1.0987500000000001,0.05
1975,1.20875,0.05
1976,0.5124999999999997,0.05
1977,1.2937500000000002,0.05
1978,1.48625,0.05
1979,1.17,0.05
1980,1.1687500000000002,0.05
1981,1.40375,0.05
1982,1.1,0.05
1983,1.2287500000000002,0.05
1984,1.20375,0.05
1985,1.1487500000000002,0.05
1986,1.4187500000000002,0.05
1987,1.30875,0.05
1988,1.5037500000000001,0.05
1989,1.435,0.05
1990,0.5312499999999998,0.05
1991,1.0625,0.05
1992,1.04,0.05
1993,0.9712500000000001,0.05
1994,0.5449999999999998,0.05
1995,0.9950000000000001,0.05
1996,1.295,0.05
1997,1.3137500000000002,0.05
1998,-0.2999999999999994,0.05
1999,1.33125,0.05
2000,0.99,0.05
2001,0.9587500000000001,0.05
2002,1.11125,0.05
2003,1.3687500000000001,0.05
2004,1.03875,0.05
2005,0.725,0.05
2006,1.08875,0.05
2007,0.80625,0.05
2008,0.6412499999999998,0.05
2009,0.6549999999999998,0.05
2010,1.03875,0.05
2011,1.31,0.05
2012,1.33375,0.05
2013,0.86,0.05
2014,0.93125,0.05
2015,0.96625,0.05
2016,1.28375,0.05
2017,0.4549999999999996,0.05
2018,0.6550000000000001,0.05
2019,1.03875,0.05
2020,0.91625,0.05
2021,0.8562500000000001,0.05
2022,1.495,0.05
2023,1.3887500000000002,0.05
2024,0.9862500000000001,0.05
2025,1.2525,0.05
2026,1.03875,0.05
2027,1.0575,0.05
2028,0.43874999999999975,0.05
2029,1.3175000000000001,0.05
2030,1.2775,0.05
2031,1.06,0.05
2032,1.0562500000000001,0.05
2033,1.2225000000000001,0.05
2034,0.9175000000000001,0.05
2035,0.87375,0.05
2036,0.85875,0.05
2037,1.205,0.05
2038,1.1525,0.05
2039,1.09375,0.05
2040,1.00625,0.05
2041,0.5599999999999998,0.05
2042,1.15375,0.05
2043,0.7437499999999999,0.05
2044,1.2625000000000002,0.05
2045,0.5449999999999997,0.05
2046,1.0562500000000001,0.05
2047,1.5137500000000002,0.05
2048,0.5949999999999998,0.05
2049,1.1500000000000001,0.05
2050,1.04875,0.05
2051,1.3125,0.05
2052,0.6674999999999998,0.05
2053,0.9,0.05
2054,1.17875,0.05
2055,1.0350000000000001,0.05
2056,1.08125,0.05
2057,1.44,0.05
2058,1.3825,0.05
2059,1.1625,0.05
2060,1.08,0.05
2061,1.07125,0.05
2062,-0.8812499999999999,0.05
2063,0.7162499999999998,0.05
2064,1.0762500000000002,0.05
2065,0.6762499999999999,0.05
2066,0.9137500000000001,0.05
2067,1.2625000000000002,0.05
2068,1.0325000000000002,0.05
2069,1.28,0.05
2070,1.2862500000000001,0.05
2071,0.7549999999999999,0.05
2072,0.8062499999999999,0.05
2073,1.1887500000000002,0.05
2074,0.83625,0.05
2075,1.38375,0.05
2076,1.07,0.05
2077,1.28875,0.05
2078,1.2025000000000001,0.05
2079,1.105,0.05
2080,1.1125,0.05
2081,0.9425000000000001,0.05
2082,1.405,0.05
2083,1.04,0.05
2084,1.17875,0.05
2085,0.7237499999999999,0.05
2086,1.38625,0.05
2087,0.09000000000000008,0.05
2088,0.9850000000000001,0.05
2089,1.02625,0.05
2090,0.82,0.05
2091,1.0237500000000002,0.05
2092,1.105,0.05
2093,1.2275,0.05
2094,1.0050000000000001,0.05
2095,0.885,0.05
2096,0.9412500000000001,0.05
2097,0.7699999999999999,0.05
2098,1.0237500000000002,0.05
2099,0.7512499999999999,0.05
2100,0.9475,0.05
2101,1.1125,0.05
2102,1.4225,0.05
2103,0.8875000000000001,0.05
2104,1.2575,0.05
2105,1.11625,0.05
2106,1.2275,0.05
2107,1.5137500000000002,0.05
2108,1.1487500000000002,0.05
2109,0.4949999999999998,0.05
2110,-0.4699999999999993,0.05
2111,0.13874999999999993,0.05
2112,0.87,0.05
2113,1.145,0.05
2114,1.09,0.05
2115,1.2087500000000002,0.05
2116,1.3162500000000001,0.05
2117,0.7875,0.05
2118,1.36375,0.05
2119,1.2937500000000002,0.05
2120,0.9687500000000001,0.05
2121,1.3225,0.05
2122,1.06125,0.05
2123,1.1525,0.05
2124,1.01875,0.05
2125,1.20375,0.05
2126,1.0775000000000001,0.05
2127,0.96625,0.05
2128,1.3625,0.05
2129,-3.336250000000002,0.05
2130,0.1100000000000001,0.05
2131,1.23625,0.05
2132,0.78,0.05
2133,1.2975,0.05
2134,1.1487500000000002,0.05
2135,1.2175,0.05
2136,0.6649999999999998,0.05
2137,0.9137500000000001,0.05
2138,0.77625,0.05
2139,1.3225,0.05
2140,0.9425000000000001,0.05
2141,1.03875,0.05
2142,0.9475,0.05
2143,1.47625,0.05
2144,1.31,0.05
2145,1.14375,0.05
2146,1.03875,0.05
2147,0.7699999999999999,0.05
2148,1.13125,0.05
2149,0.8425,0.05
2150,1.06875,0.05
2151,1.09375,0.05
2152,1.31875,0.05
2153,1.1287500000000001,0.05
2154,1.0750000000000002,0.05
2155,1.1662500000000002,0.05
2156,1.1375000000000002,0.05
2157,1.0250000000000001,0.05
2158,1.44875,0.05
2159,0.9425000000000001,0.05
2160,0.9237500000000001,0.05
2161,1.0325000000000002,0.05
2162,1.43375,0.05
2163,1.2425000000000002,0.05
2164,0.7275,0.05
2165,0.73125,0.05
2166,0.9850000000000001,0.05
2167,0.6549999999999998,0.05
2168,1.0550000000000002,0.05
2169,1.0425,0.05
2170,0.33499999999999974,0.05
2171,1.3250000000000002,0.05
2172,1.5274999999999999,0.05
2173,1.38625,0.05
2174,1.11625,0.05
2175,0.895,0.05
2176,1.2650000000000001,0.05
2177,0.84125,0.05
2178,1.25875,0.05
2179,1.29,0.05
2180,1.095,0.05
2181,0.9837500000000001,0.05
2182,1.34125,0.05
2183,1.0025,0.05
2184,1.11,0.05
2185,1.0437500000000002,0.05
2186,1.4412500000000001,0.05
2187,1.18125,0.05
2188,1.35,0.05
2189,1.2075,0.05
2190,0.5049999999999998,0.05
2191,1.2025000000000001,0.05
2192,1.08,0.05
2193,0.99,0.05
2194,1.14375,0.05
2195,0.9800000000000001,0.05
2196,1.24,0.05
2197,1.335,0.05
2198,1.47625,0.05
2199,1.15125,0.05
2200,1.35,0.05
2201,1.0075,0.05
2202,1.20625,0.05
2203,1.245,0.05
2204,1.2025000000000001,0.05
2205,0.3587499999999997,0.05
2206,0.2749999999999999,0.05
2207,1.3025,0.05
2208,1.295,0.05
2209,1.28375,0.05
2210,1.31875,0.05
2211,-2.900000000000001,0.05
2212,-0.27624999999999944,0.05
2213,0.6312499999999999,0.05
2214,0.87375,0.05
2215,1.28,0.05
2216,1.0025,0.05
2217,0.9800000000000001,0.05
2218,1.1887500000000002,0.05
2219,1.02,0.05
2220,0.9500000000000001,0.05
2221,0.9900000000000001,0.05
2222,1.33375,0.05
2223,1.11125,0.05
2224,1.11,0.05
2225,0.91625,0.05
2226,0.9837500000000001,0.05
2227,1.0975000000000001,0.05
2228,1.0075,0.05
2229,0.9837500000000001,0.05
2230,1.1500000000000001,0.05
2231,0.9475,0.05
2232,1.09375,0.05
2233,1.165,0.05
2234,1.4125,0.05
2235,1.06125,0.05
2236,1.2,0.05
2237,1.02625,0.05
2238,0.5499999999999997,0.05
2239,0.9700000000000001,0.05
2240,0.66125,0.05
2241,1.455,0.05
2242,0.18999999999999995,0.05
2243,1.0550000000000002,0.05
2244,0.93,0.05
2245,1.19,0.05
2246,1.0950000000000002,0.05
2247,1.45375,0.05
2248,0.88,0.05
2249,0.07250000000000001,0.05
2250,0.6124999999999998,0.05
2251,1.48125,0.05
2252,1.135,0.05
2253,1.2725,0.05
2254,0.85875,0.05
2255,0.87625,0.05
2256,0.90375,0.05
2257,1.15625,0.05
2258,1.07125,0.05
2259,1.3687500000000001,0.05
2260,1.1675,0.05
2261,1.1300000000000001,0.05
2262,0.9812500000000001,0.05
2263,0.6662499999999998,0.05
2264,1.1975,0.05
2265,1.2575,0.05
2266,0.7999999999999999,0.05
2267,1.14625,0.05
2268,1.1,0.05
2269,1.1175000000000002,0.05
2270,1.15375,0.05
2271,2.220446049250313e-16,0.05
2272,1.2625000000000002,0.05
2273,0.9950000000000001,0.05
2274,0.825,0.05
2275,-0.4237499999999994,0.05
2276,1.13625,0.05
2277,1.11125,0.05
2278,0.9125000000000001,0.05
2279,1.0437500000000002,0.05
2280,1.1675,0.05
2281,1.135,0.05
2282,0.935,0.05
2283,1.21625,0.05
2284,0.5124999999999997,0.05
2285,-0.4449999999999996,0.05
2286,1.1725,0.05
2287,1.0625,0.05
2288,1.0575,0.05
2289,1.13125,0.05
2290,0.895,0.05
2291,0.9850000000000001,0.05
2292,1.23625,0.05
2293,0.9712500000000001,0.05
2294,1.17875,0.05
2295,1.20375,0.05
2296,1.03375,0.05
2297,1.3687500000000001,0.05
2298,-0.17249999999999965,0.05
2299,0.89375,0.05
2300,0.49624999999999964,0.05
2301,1.0525,0.05
2302,1.0562500000000001,0.05
2303,1.375,0.05
2304,1.12625,0.05
2305,1.28375,0.05
2306,1.1525,0.05
2307,0.7462499999999999,0.05
2308,1.3625,0.05
2309,0.7849999999999999,0.05
2310,1.0375,0.05
2311,1.3075,0.05
2312,1.00625,0.05
2313,1.0012500000000002,0.05
2314,1.4300000000000002,0.05
2315,-0.1274999999999995,0.05
2316,1.5075,0.05
2317,1.4075,0.05
2318,1.045,0.05
2319,0.6174999999999998,0.05
2320,1.24,0.05
2321,0.5612499999999998,0.05
2322,1.22625,0.05
2323,1.02625,0.05
2324,1.1475,0.05
2325,0.5474999999999998,0.05
2326,1.0975000000000001,0.05
2327,1.26,0.05
2328,1.1375000000000002,0.05
2329,0.84,0.05
2330,1.3275000000000001,0.05
2331,0.78,0.05
2332,0.7387499999999999,0.05
2333,1.0975000000000001,0.05
2334,1.3025,0.05
2335,-0.41124999999999945,0.05
2336,-0.46374999999999944,0.05
2337,0.9950000000000001,0.05
2338,1.3137500000000002,0.05
2339,0.7462499999999999,0.05
2340,0.5474999999999998,0.05
2341,1.09,0.05
2342,1.155,0.05
2343,1.3262500000000002,0.05
2344,1.2575,0.05
2345,1.355,0.05
2346,1.02,0.05
2347,0.9212500000000001,0.05
2348,1.375,0.05
2349,1.3525,0.05
2350,0.9450000000000001,0.05
2351,0.85125,0.05
2352,1.11,0.05
2353,1.2337500000000001,0.05
2354,1.32125,0.05
2355,0.77,0.05
2356,1.07,0.05
2357,1.45875,0.05
2358,0.6962499999999998,0.05
2359,0.7124999999999999,0.05
2360,0.7649999999999999,0.05
2361,1.09625,0.05
2362,0.91,0.05
2363,1.2625000000000002,0.05
2364,0.855,0.05
2365,0.98875,0.05
2366,1.145,0.05
2367,1.0750000000000002,0.05
2368,1.335,0.05
2369,0.9975,0.05
2370,0.5737499999999998,0.05
2371,0.9275000000000001,0.05
2372,0.915,0.05
2373,0.5987499999999999,0.05
2374,1.4000000000000001,0.05
2375,0.9287500000000001,0.05
2376,1.02,0.05
2377,1.2475,0.05
2378,1.15375,0.05
2379,1.1712500000000001,0.05
2380,1.1600000000000001,0.05
2381,0.9137500000000001,0.05
2382,1.1875,0.05
2383,1.03125,0.05
2384,0.825,0.05
2385,1.3075,0.05
2386,1.3050000000000002,0.05
2387,1.06,0.05
2388,1.06125,0.05
2389,1.08,0.05
2390,1.1487500000000002,0.05
2391,1.2200000000000002,0.05
2392,0.9325,0.05
2393,-2.916250000000001,0.05
2394,1.28125,0.05
2395,1.18375,0.05
2396,0.6974999999999999,0.05
2397,1.32625,0.05
2398,0.5812499999999999,0.05
2399,1.205,0.05
2400,1.2637500000000002,0.05
2401,0.9700000000000001,0.05
2402,0.9275000000000001,0.05
2403,1.4000000000000001,0.05
2404,1.11625,0.05
2405,1.1487500000000002,0.05
2406,1.1300000000000001,0.05
2407,0.9737500000000001,0.05
2408,0.6549999999999999,0.05
2409,1.0425,0.05
2410,1.2175,0.05
2411,0.9700000000000001,0.05
2412,1.2437500000000001,0.05
2413,1.1775000000000002,0.05
2414,0.96875,0.05
2415,0.9725000000000001,0.05
2416,0.98875,0.05
2417,1.0075,0.05
2418,1.11375,0.05
2419,1.435,0.05
2420,1.485,0.05
2421,1.13375,0.05
2422,1.165,0.05
2423,1.17,0.05
2424,1.165,0.05
2425,0.6749999999999999,0.05
2426,1.05125,0.05
2427,1.20375,0.05
2428,1.38125,0.05
2429,1.3825,0.05
2430,1.08875,0.05
2431,0.9550000000000001,0.05
2432,0.6912499999999999,0.05
2433,1.1075,0.05
2434,0.9850000000000001,0.05
2435,1.48125,0.05
2436,0.6599999999999998,0.05
2437,1.09,0.05
2438,1.3,0.05
2439,1.1725,0.05
2440,1.0575,0.05
2441,0.9712500000000001,0.05
2442,1.0325000000000002,0.05
2443,1.2225000000000001,0.05
2444,1.1300000000000001,0.05
2445,1.245,0.05
2446,1.15,0.05
2447,0.99,0.05
2448,0.9587500000000001,0.05
2449,1.165,0.05
2450,0.79875,0.05
2451,1.0625,0.05
2452,1.3362500000000002,0.05
2453,1.1500000000000001,0.05
2454,0.3112499999999998,0.05
2455,0.9112500000000001,0.05
2456,1.1612500000000001,0.05
2457,1.07875,0.05
2458,1.315,0.05
2459,0.9850000000000001,0.05
2460,1.53125,0.05
2461,1.12625,0.05
2462,1.2237500000000001,0.05
2463,0.9875,0.05
2464,1.0525,0.05
2465,1.0075,0.05
2466,0.9337500000000001,0.05
2467,1.01625,0.05
2468,1.0150000000000001,0.05
2469,0.71,0.05
2470,1.3825,0.05
2471,1.3125,0.05
2472,0.93625,0.05
2473,0.5262499999999997,0.05
2474,1.165,0.05
2475,0.8925000000000001,0.05
2476,1.21625,0.05
2477,0.91125,0.05
2478,1.34375,0.05
2479,0.87375,0.05
2480,-0.2924999999999993,0.05
2481,0.88,0.05
2482,0.9000000000000001,0.05
2483,1.04,0.05
2484,0.905,0.05
2485,1.3475000000000001,0.05
2486,1.07875,0.05
2487,1.0050000000000001,0.05
2488,1.2950000000000002,0.05
2489,1.3,0.05
2490,1.335,0.05
2491,1.0450000000000002,0.05
2492,1.2087500000000002,0.05
2493,1.0575,0.05
2494,1.13125,0.05
2495,1.2625000000000002,0.05
2496,0.9425,0.05
2497,1.245,0.05
2498,0.71,0.05
2499,1.19875,0.05
2500,1.22125,0.05
2501,1.2950000000000002,0.05
2502,1.11125,0.05
2503,1.27625,0.05
2504,1.2437500000000001,0.05
2505,1.4225,0.05
2506,0.9525000000000001,0.05
2507,0.1399999999999999,0.05
2508,1.1800000000000002,0.05
2509,0.9700000000000001,0.05
2510,0.5799999999999998,0.05
2511,1.08875,0.05
2512,0.8875000000000001,0.05
2513,1.1875,0.05
2514,1.2950000000000002,0.05
2515,1.02625,0.05
2516,-2.787500000000001,0.05
2517,1.1612500000000001,0.05
2518,1.0025000000000002,0.05
2519,1.1487500000000002,0.05
2520,1.2975,0.05
2521,-0.11999999999999966,0.05
2522,0.85625,0.05
2523,0.7949999999999999,0.05
2524,1.315,0.05
2525,0.9825000000000002,0.05
2526,0.9325,0.05
2527,1.3325,0.05
2528,0.8150000000000001,0.05
2529,-0.16749999999999954,0.05
2530,1.225,0.05
2531,1.13125,0.05
2532,1.19625,0.05
2533,1.05,0.05
2534,1.02,0.05
2535,-2.9300000000000006,0.05
2536,1.33125,0.05
2537,1.3775,0.05
2538,0.85375,0.05
2539,1.37625,0.05
2540,1.19,0.05
2541,1.0625,0.05
2542,0.42749999999999977,0.05
2543,1.1487500000000002,0.05
2544,1.0562500000000001,0.05
2545,1.3125,0.05
2546,1.06125,0.05
2547,1.11125,0.05
2548,0.9025000000000001,0.05
2549,0.9525000000000001,0.05
2550,1.19,0.05
2551,1.1725,0.05
2552,1.085,0.05
2553,1.18375,0.05
2554,0.8562500000000001,0.05
2555,0.855,0.05
2556,1.0562500000000001,0.05
2557,1.03875,0.05
2558,1.31875,0.05
2559,1.1187500000000001,0.05
2560,0.6049999999999998,0.05
2561,1.18125,0.05
2562,0.9850000000000001,0.05
2563,1.00625,0.05
2564,1.07875,0.05
2565,1.185,0.05
2566,1.1675,0.05
2567,0.5249999999999997,0.05
2568,0.6712499999999999,0.05
2569,1.185,0.05
2570,1.4075,0.05
2571,1.11125,0.05
2572,0.9825000000000002,0.05
2573,1.2550000000000001,0.05
2574,1.22875,0.05
2575,0.9837500000000001,0.05
2576,1.23875,0.05
2577,1.0025,0.05
2578,1.0550000000000002,0.05
2579,1.07875,0.05
2580,1.21,0.05
2581,1.2975,0.05
2582,1.28125,0.05
2583,0.6349999999999998,0.05
2584,1.17375,0.05
2585,1.2750000000000001,0.05
2586,1.0625,0.05
2587,1.365,0.05
2588,0.7287500000000002,0.05
2589,1.06875,0.05
2590,0.9550000000000001,0.05
2591,1.2625,0.05
2592,1.25875,0.05
2593,0.885,0.05
2594,1.32625,0.05
2595,0.93625,0.05
2596,1.2087500000000002,0.05
2597,1.18625,0.05
2598,1.0150000000000001,0.05
2599,1.0750000000000002,0.05
2600,1.1625,0.05
2601,1.0050000000000001,0.05
2602,0.4462499999999999,0.05
2603,1.085,0.05
2604,0.88,0.05
2605,1.0975000000000001,0.05
2606,1.2175,0.05
2607,1.24,0.05
2608,1.5037500000000001,0.05
2609,1.13125,0.05
2610,0.91625,0.05
2611,0.78375,0.05
2612,1.13125,0.05
2613,1.19,0.05
2614,1.2475,0.05
2615,1.405,0.05
2616,1.07125,0.05
2617,1.3450000000000002,0.05
2618,1.22125,0.05
2619,0.88,0.05
2620,1.38125,0.05
2621,0.7074999999999999,0.05
2622,1.00625,0.05
2623,0.9600000000000001,0.05
2624,1.1287500000000001,0.05
2625,1.07,0.05
2626,0.6899999999999998,0.05
2627,0.7687499999999999,0.05
2628,0.012499999999999956,0.05
2629,1.0925,0.05
2630,1.3675000000000002,0.05
2631,1.0775000000000001,0.05
2632,0.935,0.05
2633,1.2937500000000002,0.05
2634,1.095,0.05
2635,1.335,0.05
2636,0.9925,0.05
2637,1.01,0.05
2638,0.98875,0.05
2639,0.4887499999999997,0.05
2640,1.4625000000000001,0.05
2641,1.0050000000000001,0.05
2642,1.1075,0.05
2643,1.28125,0.05
2644,1.20375,0.05
2645,1.155,0.05
2646,0.9587500000000001,0.05
2647,1.27,0.05
2648,1.05,0.05
2649,1.3075,0.05
2650,-2.6374999999999997,0.05
2651,0.6399999999999998,0.05
2652,1.1287500000000001,0.05
2653,1.02,0.05
2654,1.24125,0.05
2655,1.0250000000000001,0.05
2656,0.9975,0.05
2657,1.07375,0.05
2658,0.5187499999999997,0.05
2659,0.8900000000000001,0.05
2660,1.1300000000000001,0.05
2661,1.11125,0.05
2662,1.2575,0.05
2663,1.0425,0.05
2664,1.14125,0.05
2665,1.15,0.05
2666,0.7775,0.05
2667,0.8099999999999999,0.05
2668,1.00625,0.05
2669,1.3250000000000002,0.05
2670,1.0987500000000001,0.05
2671,1.0925000000000002,0.05
2672,1.2837500000000002,0.05
2673,1.08875,0.05
2674,1.00625,0.05
2675,1.295,0.05
2676,1.28875,0.05
2677,0.9375,0.05
2678,1.2537500000000001,0.05
2679,0.91625,0.05
2680,0.8675,0.05
2681,1.1687500000000002,0.05
2682,1.51375,0.05
2683,1.225,0.05
2684,0.99,0.05
2685,0.9975,0.05
2686,1.0212500000000002,0.05
2687,1.4675,0.05
2688,1.2537500000000001,0.05
2689,0.9462500000000001,0.05
2690,0.9800000000000001,0.05
2691,1.15375,0.05
2692,1.2637500000000002,0.05
2693,1.1487500000000002,0.05
2694,1.08875,0.05
2695,1.32125,0.05
2696,0.7687499999999999,0.05
2697,0.9937500000000001,0.05
2698,0.9325000000000001,0.05
2699,1.02625,0.05
2700,1.15375,0.05
2701,1.3,0.05
2702,1.0950000000000002,0.05
2703,0.9225000000000001,0.05
2704,0.9687500000000001,0.05
2705,-0.007499999999999618,0.05
2706,0.8350000000000001,0.05
2707,1.31875,0.05
2708,1.13625,0.05
2709,1.4975,0.05
2710,0.9700000000000001,0.05
2711,1.23125,0.05
2712,1.2750000000000001,0.05
2713,0.895,0.05
2714,1.20375,0.05
2715,0.90625,0.05
2716,1.2775,0.05
2717,1.1675,0.05
2718,0.9512500000000002,0.05
2719,0.84,0.05
2720,1.0625,0.05
2721,1.30875,0.05
2722,1.24625,0.05
2723,1.45375,0.05
2724,0.98875,0.05
2725,1.15375,0.05
2726,1.34375,0.05
2727,1.3487500000000001,0.05
2728,1.42625,0.05
2729,1.3137500000000002,0.05
2730,1.2175,0.05
2731,0.9712500000000002,0.05
2732,1.24,0.05
2733,0.86125,0.05
2734,-2.7487500000000007,0.05
2735,1.0025000000000002,0.05
2736,1.1675,0.05
2737,0.9500000000000001,0.05
2738,1.59625,0.05
2739,1.36375,0.05
2740,1.06,0.05
2741,1.06875,0.05
2742,1.485,0.05
2743,0.9825000000000002,0.05
2744,0.9850000000000001,0.05
2745,0.8975000000000001,0.05
2746,1.1712500000000001,0.05
2747,0.88,0.05
2748,1.205,0.05
2749,1.2200000000000002,0.05
2750,1.03875,0.05
2751,1.2437500000000001,0.05
2752,0.9500000000000001,0.05
2753,1.1300000000000001,0.05
2754,0.6412499999999999,0.05
2755,0.85875,0.05
2756,-0.1649999999999996,0.05
2757,1.24,0.05
2758,1.38125,0.05
2759,0.8800000000000001,0.05
2760,0.9912500000000001,0.05
2761,1.0825,0.05
2762,1.2775,0.05
2763,1.06,0.05
2764,1.25875,0.05
2765,-2.7000000000000006,0.05
2766,1.20625,0.05
2767,1.03375,0.05
2768,0.88,0.05
2769,1.135,0.05
2770,0.8675,0.05
2771,1.4800000000000002,0.05
2772,1.3125,0.05
2773,0.98875,0.05
2774,0.9812500000000002,0.05
2775,0.88,0.05
2776,1.34375,0.05
2777,1.155,0.05
2778,1.02,0.05
2779,1.2712500000000002,0.05
2780,1.24125,0.05
2781,1.07875,0.05
2782,1.045,0.05
2783,0.6612499999999999,0.05
2784,1.3262500000000002,0.05
2785,0.865,0.05
2786,0.7699999999999999,0.05
2787,1.24875,0.05
2788,1.07875,0.05
2789,1.2475,0.05
2790,1.32125,0.05
2791,1.39625,0.05
2792,1.27875,0.05
2793,0.99,0.05
2794,0.755,0.05
2795,-0.31249999999999933,0.05
2796,-0.6887499999999995,0.05
2797,1.115,0.05
2798,1.18625,0.05
2799,1.00875,0.05
2800,1.2025000000000001,0.05
2801,1.1675,0.05
2802,1.13375,0.05
2803,1.14125,0.05
2804,1.02125,0.05
2805,1.0,0.05
2806,0.9162500000000001,0.05
2807,1.235,0.05
2808,1.165,0.05
2809,1.1487500000000002,0.05
2810,0.9687500000000001,0.05
2811,0.8900000000000001,0.05
2812,0.25499999999999967,0.05
2813,0.8900000000000001,0.05
2814,1.2275,0.05
2815,1.24,0.05
2816,0.8375,0.05
2817,0.895,0.05
2818,1.13625,0.05
2819,1.31375,0.05
2820,1.23875,0.05
2821,0.7825000000000001,0.05
2822,1.1675,0.05
2823,1.16625,0.05
2824,1.29,0.05
2825,1.1625,0.05
2826,1.53125,0.05
2827,0.9137500000000001,0.05
2828,1.3625,0.05
2829,0.9837500000000001,0.05
2830,1.3175000000000001,0.05
2831,1.11125,0.05
2832,-0.26374999999999926,0.05
2833,1.50875,0.05
2834,1.1712500000000001,0.05
2835,1.2025000000000001,0.05
2836,1.18625,0.05
2837,1.205,0.05
2838,1.18125,0.05
2839,1.1125,0.05
2840,0.94125,0.05
2841,0.6024999999999998,0.05
2842,1.11125,0.05
2843,1.2437500000000001,0.05
2844,1.0762500000000002,0.05
2845,0.3849999999999998,0.05
2846,0.9337500000000001,0.05
2847,1.20375,0.05
2848,1.05,0.05
2849,1.1712500000000001,0.05
2850,1.115,0.05
2851,0.725,0.05
2852,1.0525,0.05
2853,1.3462500000000002,0.05
2854,0.9700000000000001,0.05
2855,1.33375,0.05
2856,1.3475000000000001,0.05
2857,0.9962500000000001,0.05
2858,0.9287500000000001,0.05
2859,1.2075,0.05
2860,0.5674999999999998,0.05
2861,1.08,0.05
2862,1.3075,0.05
2863,1.3,0.05
2864,1.095,0.05
2865,0.8187500000000001,0.05
2866,1.1500000000000001,0.05
2867,1.045,0.05
2868,1.435,0.05
2869,1.185,0.05
2870,1.4325,0.05
2871,1.08125,0.05
2872,0.9275000000000001,0.05
2873,1.33875,0.05
2874,1.2225000000000001,0.05
2875,0.9700000000000001,0.05
2876,0.81875,0.05
2877,1.0012500000000002,0.05
2878,0.5612499999999998,0.05
2879,0.9525000000000001,0.05
2880,0.85875,0.05
2881,1.26375,0.05
2882,1.1400000000000001,0.05
2883,1.0625,0.05
2884,1.2475,0.05
2885,-2.842500000000001,0.05
2886,0.9700000000000001,0.05
2887,0.98875,0.05
2888,1.0975000000000001,0.05
2889,0.13375000000000004,0.05
2890,0.7699999999999999,0.05
2891,1.07875,0.05
2892,1.3675000000000002,0.05
2893,1.18625,0.05
2894,1.01625,0.05
2895,0.85,0.05
2896,0.5287499999999997,0.05
2897,1.08875,0.05
2898,0.91625,0.05
2899,1.34125,0.05
2900,1.07125,0.05
2901,1.21625,0.05
2902,1.1725,0.05
2903,1.3275000000000001,0.05
2904,1.15,0.05
2905,0.11874999999999991,0.05
2906,1.485,0.05
2907,1.01875,0.05
2908,0.7875,0.05
2909,1.3800000000000001,0.05
2910,0.26,0.05
2911,0.7324999999999999,0.05
2912,1.105,0.05
2913,1.0987500000000001,0.05
2914,1.07625,0.05
2915,1.12375,0.05
2916,1.0050000000000001,0.05
2917,1.08125,0.05
2918,0.7999999999999999,0.05
2919,1.25,0.05
2920,1.3125,0.05
2921,1.2175,0.05
2922,1.205,0.05
2923,1.155,0.05
2924,1.31125,0.05
2925,1.1425,0.05
2926,1.44875,0.05
2927,1.3050000000000002,0.05
2928,1.07625,0.05
2929,0.8225,0.05
2930,1.2000000000000002,0.05
2931,1.1625,0.05
2932,1.135,0.05
2933,1.02625,0.05
2934,1.08875,0.05
2935,0.9325000000000001,0.05
2936,1.2525,0.05
2937,1.3362500000000002,0.05
2938,1.1300000000000001,0.05
2939,1.22625,0.05
2940,0.94125,0.05
2941,1.07625,0.05
2942,1.37,0.05
2943,1.18125,0.05
2944,1.2337500000000001,0.05
2945,1.25875,0.05
2946,1.18625,0.05
2947,-0.1699999999999997,0.05
2948,1.22125,0.05
2949,0.9712500000000001,0.05
2950,1.07125,0.05
2951,1.0950000000000002,0.05
2952,0.9725,0.05
2953,0.9912500000000001,0.05
2954,0.5237499999999997,0.05
2955,1.0237500000000002,0.05
2956,0.9837500000000001,0.05
2957,1.1625,0.05
2958,1.1712500000000001,0.05
2959,1.46375,0.05
2960,1.3725,0.05
2961,0.91,0.05
2962,0.81875,0.05
2963,1.2950000000000002,0.05
2964,1.3825,0.05
2965,1.1912500000000001,0.05
2966,1.1912500000000001,0.05
2967,1.0450000000000002,0.05
2968,0.8612500000000001,0.05
2969,0.5862499999999998,0.05
2970,1.03875,0.05
2971,1.3075,0.05
2972,0.32375,0.05
2973,1.345,0.05
2974,1.185,0.05
2975,0.8925000000000001,0.05
2976,1.2775,0.05
2977,0.036250000000000115,0.05
2978,1.27875,0.05
2979,0.9287500000000001,0.05
2980,1.0425,0.05
2981,0.94125,0.05
2982,1.01625,0.05
2983,1.07,0.05
2984,1.45,0.05
2985,1.13125,0.05
2986,1.2437500000000001,0.05
2987,0.8925000000000001,0.05
2988,1.1475,0.05
2989,1.0975000000000001,0.05
2990,1.3575000000000002,0.05
2991,1.29875,0.05
2992,1.0762500000000002,0.05
2993,1.205,0.05
2994,1.2862500000000001,0.05
2995,1.18625,0.05
2996,-0.4912499999999993,0.05
2997,0.795,0.05
2998,0.6537499999999999,0.05
2999,1.2750000000000001,0.05
3000,1.4375,0.05
3001,1.2,0.05
3002,1.0425,0.05
3003,1.0237500000000002,0.05
3004,1.2962500000000001,0.05
3005,0.7237499999999998,0.05
3006,-2.812500000000001,0.05
3007,1.20375,0.05
3008,1.1975,0.05
3009,1.01625,0.05
3010,1.36375,0.05
3011,1.3675000000000002,0.05
3012,1.0150000000000001,0.05
3013,1.3625,0.05
3014,0.8350000000000001,0.05
3015,1.2275,0.05
3016,1.18375,0.05
3017,1.2175,0.05
3018,1.045,0.05
3019,1.01625,0.05
3020,0.9700000000000001,0.05
3021,0.84125,0.05
3022,1.05,0.05
3023,1.19875,0.05
3024,0.3424999999999998,0.05
3025,0.9850000000000001,0.05
3026,0.6887499999999999,0.05
3027,0.98875,0.05
3028,1.20375,0.05
3029,1.30375,0.05
3030,1.0525,0.05
3031,1.5225000000000002,0.05
3032,1.2962500000000001,0.05
3033,1.20375,0.05
3034,-0.5324999999999993,0.05
3035,0.8912500000000001,0.05
3036,1.14375,0.05
3037,1.2575,0.05
3038,1.335,0.05
3039,1.0550000000000002,0.05
3040,1.0237500000000002,0.05
3041,1.25875,0.05
3042,1.1600000000000001,0.05
3043,1.1487500000000002,0.05
3044,1.2725000000000002,0.05
3045,0.8925000000000001,0.05
3046,1.1075,0.05
3047,1.26,0.05
3048,1.22625,0.05
3049,1.29,0.05
3050,0.9125000000000001,0.05
3051,1.35375,0.05
3052,1.1475000000000002,0.05
3053,1.1300000000000001,0.05
3054,1.2575,0.05
3055,1.2275,0.05
3056,1.16625,0.05
3057,0.9900000000000001,0.05
3058,1.2200000000000002,0.05
3059,1.115,0.05
3060,1.1675,0.05
3061,1.105,0.05
3062,1.29875,0.05
3063,1.1187500000000001,0.05
3064,1.155,0.05
3065,1.2537500000000001,0.05
3066,0.9700000000000002,0.05
3067,1.0550000000000002,0.05
3068,1.31375,0.05
3069,1.39375,0.05
3070,1.0250000000000001,0.05
3071,1.1,0.05
3072,1.07625,0.05
3073,0.935,0.05
3074,0.905,0.05
3075,1.1875,0.05
3076,1.4400000000000002,0.05
3077,1.2425000000000002,0.05
3078,1.13125,0.05
3079,1.01625,0.05
3080,1.4575,0.05
3081,1.0137500000000002,0.05
3082,1.24,0.05
3083,0.8962500000000001,0.05
3084,1.23625,0.05
3085,1.2962500000000001,0.05
3086,1.2225000000000001,0.05
3087,0.9187500000000001,0.05
3088,0.9900000000000001,0.05
3089,1.08,0.05
3090,1.0437500000000002,0.05
3091,1.00625,0.05
3092,1.4125,0.05
3093,1.55,0.05
3094,1.18625,0.05
3095,1.3,0.05
3096,1.1725,0.05
3097,0.4462499999999996,0.05
3098,1.22125,0.05
3099,1.395,0.05
3100,1.1350000000000002,0.05
3101,1.2575,0.05
3102,0.85875,0.05
3103,0.9275000000000001,0.05
3104,1.31875,0.05
3105,0.9525000000000001,0.05
3106,0.80625,0.05
3107,0.93625,0.05
3108,0.7875,0.05
3109,1.1625,0.05
3110,1.3050000000000002,0.05
3111,1.2025000000000001,0.05
3112,1.28875,0.05
3113,1.12625,0.05
3114,-2.7187500000000004,0.05
3115,1.3275000000000001,0.05
3116,0.4887499999999997,0.05
3117,1.13125,0.05
3118,0.94125,0.05
3119,0.9975,0.05
3120,1.5637500000000002,0.05
3121,1.2200000000000002,0.05
3122,1.24125,0.05
3123,1.0250000000000001,0.05
3124,1.0625,0.05
3125,1.17625,0.05
3126,1.1525,0.05
3127,1.28875,0.05
3128,1.25625,0.05
3129,0.9137500000000001,0.05
3130,1.15,0.05
3131,1.24125,0.05
3132,1.135,0.05
3133,1.2537500000000001,0.05
3134,0.20124999999999993,0.05
3135,0.9587500000000001,0.05
3136,1.36375,0.05
3137,1.29875,0.05
3138,1.3587500000000001,0.05
3139,0.9850000000000001,0.05
3140,0.8975000000000001,0.05
3141,1.33125,0.05
3142,0.5487499999999997,0.05
3143,1.0625,0.05
3144,1.1975,0.05
3145,1.3075,0.05
3146,1.2400000000000002,0.05
3147,1.2725,0.05
3148,-2.8000000000000007,0.05
3149,1.11125,0.05
3150,1.3175000000000001,0.05
3151,1.04,0.05
3152,1.0275,0.05
3153,0.9900000000000001,0.05
3154,1.31,0.05
3155,0.30874999999999986,0.05
3156,1.15625,0.05
3157,0.885,0.05
3158,0.7825000000000001,0.05
3159,1.3125,0.05
3160,1.1187500000000001,0.05
3161,1.4125,0.05
3162,1.4675,0.05
3163,1.25875,0.05
3164,1.1600000000000001,0.05
3165,1.0662500000000001,0.05
3166,1.1325,0.05
3167,1.1725,0.05
3168,1.4187500000000002,0.05
3169,1.1,0.05
3170,1.1925000000000001,0.05
3171,1.30875,0.05
3172,1.35,0.05
3173,0.93,0.05
3174,0.6425000000000001,0.05
3175,1.28125,0.05
3176,1.1,0.05
3177,1.3675000000000002,0.05
3178,1.18625,0.05
3179,0.99,0.05
3180,0.77625,0.05
3181,1.3050000000000002,0.05
3182,0.96625,0.05
3183,0.7699999999999999,0.05
3184,0.9287500000000001,0.05
3185,0.9475000000000001,0.05
3186,1.1600000000000001,0.05
3187,1.2725,0.05
3188,1.1287500000000001,0.05
3189,1.1125,0.05
3190,1.0437500000000002,0.05
3191,1.2637500000000002,0.05
3192,1.24125,0.05
3193,1.01875,0.05
3194,1.2575,0.05
3195,1.2087500000000002,0.05
3196,1.375,0.05
3197,1.1125,0.05
3198,1.1400000000000001,0.05
3199,1.25,0.05
3200,1.53625,0.05
3201,1.1262500000000002,0.05
3202,0.93,0.05
3203,1.3125,0.05
3204,1.02625,0.05
3205,0.8612500000000001,0.05
3206,1.0050000000000001,0.05
3207,0.91125,0.05
3208,0.4249999999999998,0.05
3209,1.13625,0.05
3210,1.1062500000000002,0.05
3211,1.135,0.05
3212,0.81875,0.05
3213,1.1725,0.05
3214,0.4212499999999997,0.05
3215,1.3725,0.05
3216,1.0862500000000002,0.05
3217,1.1875,0.05
3218,0.02375000000000016,0.05
3219,1.2675,0.05
3220,0.705,0.05
3221,1.0750000000000002,0.05
3222,1.1487500000000002,0.05
3223,1.39125,0.05
3224,1.2637500000000002,0.05
3225,1.21625,0.05
3226,1.385,0.05
3227,0.91625,0.05
3228,0.9712500000000001,0.05
3229,1.3825,0.05
3230,1.17,0.05
3231,1.315,0.05
3232,1.225,0.05
3233,1.2575,0.05
3234,1.16625,0.05
3235,0.9325000000000001,0.05
3236,1.1,0.05
3237,0.745,0.05
3238,1.17,0.05
3239,1.2200000000000002,0.05
3240,0.9137500000000001,0.05
3241,1.2225000000000001,0.05
3242,1.245,0.05
3243,1.07375,0.05
3244,0.88,0.05
3245,1.01875,0.05
3246,1.13875,0.05
3247,1.2200000000000002,0.05
3248,1.4700000000000002,0.05
3249,1.4000000000000001,0.05
3250,1.0212500000000002,0.05
3251,1.26375,0.05
3252,1.02625,0.05
3253,1.0987500000000001,0.05
3254,1.06125,0.05
3255,1.1425,0.05
3256,1.10125,0.05
3257,1.2000000000000002,0.05
3258,1.24,0.05
3259,1.3075,0.05
3260,1.1925000000000001,0.05
3261,0.78,0.05
3262,0.7387499999999999,0.05
3263,1.205,0.05
3264,1.15,0.05
3265,0.9700000000000001,0.05
3266,1.1625,0.05
3267,1.365,0.05
3268,1.2075,0.05
3269,1.2637500000000002,0.05
3270,1.1500000000000001,0.05
3271,1.07875,0.05
3272,1.22625,0.05
3273,1.08125,0.05
3274,1.33125,0.05
3275,1.07125,0.05
3276,1.215,0.05
3277,0.3587499999999997,0.05
3278,0.39624999999999977,0.05
3279,1.2525,0.05
3280,1.3275000000000001,0.05
3281,1.3325,0.05
3282,1.5225000000000002,0.05
3283,1.09,0.05
3284,1.12625,0.05
3285,1.1287500000000001,0.05
3286,1.51375,0.05
3287,1.205,0.05
3288,1.34375,0.05
3289,0.9687500000000001,0.05
3290,1.1400000000000001,0.05
3291,1.0237500000000002,0.05
3292,1.0350000000000001,0.05
3293,1.24125,0.05
3294,0.9512500000000002,0.05
3295,0.88625,0.05
3296,1.19375,0.05
3297,1.27125,0.05
3298,0.98875,0.05
3299,1.11125,0.05
3300,1.115,0.05
3301,1.01625,0.05
3302,1.12625,0.05
3303,1.1175000000000002,0.05
3304,1.2625000000000002,0.05
3305,1.07875,0.05
3306,1.36375,0.05
3307,1.0662500000000001,0.05
3308,1.4300000000000002,0.05
3309,0.7199999999999999,0.05
3310,1.06,0.05
3311,1.15,0.05
3312,0.9712500000000001,0.05
3313,1.1,0.05
3314,1.01875,0.05
3315,1.095,0.05
3316,1.0075,0.05
3317,0.4762499999999996,0.05
3318,1.11125,0.05
3319,0.6699999999999999,0.05
3320,1.0525,0.05
3321,1.5225000000000002,0.05
3322,1.3350000000000002,0.05
3323,1.2525,0.05
3324,0.5612499999999998,0.05
3325,1.00625,0.05
3326,1.3,0.05
3327,1.05,0.05
3328,1.2325000000000002,0.05
3329,1.375,0.05
3330,0.7825,0.05
3331,1.1425,0.05
3332,1.05125,0.05
3333,0.8362499999999999,0.05
3334,-0.07499999999999973,0.05
3335,-0.5074999999999994,0.05
3336,1.1,0.05
3337,1.08875,0.05
3338,0.98875,0.05
3339,0.875,0.05
3340,1.3362500000000002,0.05
3341,1.1975,0.05
3342,1.2550000000000001,0.05
3343,1.3800000000000001,0.05
3344,1.0,0.05
3345,1.27625,0.05
3346,1.18625,0.05
3347,1.0175,0.05
3348,1.1075,0.05
3349,1.00625,0.05
3350,1.2825000000000002,0.05
3351,1.1625,0.05
3352,1.395,0.05
3353,1.0437500000000002,0.05
3354,1.00875,0.05
3355,0.9337500000000001,0.05
3356,1.29875,0.05
3357,1.28125,0.05
3358,0.4624999999999997,0.05
3359,1.16625,0.05
3360,1.3625,0.05
3361,1.1612500000000001,0.05
3362,1.1487500000000002,0.05
3363,0.6862499999999998,0.05
3364,0.14625,0.05
3365,0.9137500000000001,0.05
3366,0.9912500000000001,0.05
3367,1.1725,0.05
3368,1.09375,0.05
3369,1.0925,0.05
3370,0.8750000000000001,0.05
3371,1.02625,0.05
3372,0.88,0.05
3373,1.0750000000000002,0.05
3374,1.355,0.05
3375,1.45875,0.05
3376,0.5787499999999998,0.05
3377,1.33125,0.05
3378,1.25875,0.05
3379,0.6799999999999998,0.05
3380,1.20625,0.05
3381,1.04,0.05
3382,1.21,0.05
3383,1.0575,0.05
3384,0.9687500000000001,0.05
3385,0.9287500000000001,0.05
3386,1.11375,0.05
3387,0.96625,0.05
3388,1.3075,0.05
3389,1.24125,0.05
3390,1.125,0.05
3391,1.15625,0.05
3392,1.16625,0.05
3393,1.16625,0.05
3394,1.33125,0.05
3395,1.2425000000000002,0.05
3396,1.04,0.05
3397,1.33375,0.05
3398,1.2200000000000002,0.05
3399,1.2425000000000002,0.05
3400,0.79875,0.05
3401,1.27625,0.05
3402,1.3262500000000002,0.05
3403,1.28875,0.05
3404,1.18375,0.05
3405,1.2225000000000001,0.05
3406,0.9175000000000001,0.05
3407,1.3,0.05
3408,1.1187500000000001,0.05
3409,0.91625,0.05
3410,1.2525,0.05
3411,1.28125,0.05
3412,1.145,0.05
3413,0.9637500000000001,0.05
3414,0.7124999999999999,0.05
3415,0.7325,0.05
3416,1.02,0.05
3417,1.07625,0.05
3418,1.2750000000000001,0.05
3419,1.1075,0.05
3420,1.08,0.05
3421,1.2825000000000002,0.05
3422,0.96875,0.05
3423,1.27875,0.05
3424,1.36375,0.05
3425,1.205,0.05
3426,1.12625,0.05
3427,1.11625,0.05
3428,1.345,0.05
3429,1.07,0.05
3430,1.02625,0.05
3431,1.05,0.05
3432,1.2337500000000001,0.05
3433,1.4400000000000002,0.05
3434,0.7512499999999999,0.05
3435,1.385,0.05
3436,0.7437499999999999,0.05
3437,0.9850000000000001,0.05
3438,0.7449999999999999,0.05
3439,1.33875,0.05
3440,0.9950000000000001,0.05
3441,0.8937500000000002,0.05
3442,0.915,0.05
3443,0.8775000000000001,0.05
3444,0.855,0.05
3445,1.2600000000000002,0.05
3446,1.1625,0.05
3447,0.9387500000000001,0.05
3448,1.1125,0.05
3449,1.0450000000000002,0.05
3450,1.02625,0.05
3451,0.9962500000000001,0.05
3452,0.8375,0.05
3453,0.93,0.05
3454,1.15375,0.05
3455,0.89375,0.05
3456,1.4800000000000002,0.05
3457,1.2750000000000001,0.05
3458,1.26625,0.05
3459,1.26375,0.05
3460,1.2000000000000002,0.05
3461,1.425,0.05
3462,1.06125,0.05
3463,1.28125,0.05
3464,1.15,0.05
3465,0.86,0.05
3466,0.7675,0.05
3467,1.1625,0.05
3468,1.13625,0.05
3469,1.4412500000000001,0.05
3470,1.0625,0.05
3471,1.31375,0.05
3472,0.9650000000000001,0.05
3473,0.7749999999999999,0.05
3474,1.09375,0.05
3475,0.9787500000000001,0.05
3476,1.3687500000000001,0.05
3477,0.96625,0.05
3478,1.2200000000000002,0.05
3479,1.02125,0.05
3480,1.1287500000000001,0.05
3481,0.9750000000000001,0.05
3482,1.2650000000000001,0.05
3483,0.935,0.05
3484,1.5012500000000002,0.05
3485,0.8037500000000001,0.05
3486,1.16625,0.05
3487,1.5,0.05
3488,0.98875,0.05
3489,0.7699999999999999,0.05
3490,0.06125000000000025,0.05
3491,1.2075,0.05
3492,-2.7875,0.05
3493,1.1400000000000001,0.05
3494,1.1,0.05
3495,1.02,0.05
3496,1.3900000000000001,0.05
3497,1.18625,0.05
3498,1.3625,0.05
3499,1.38625,0.05
3500,1.185,0.05
3501,1.3250000000000002,0.05
3502,1.4312500000000001,0.05
3503,0.8875,0.05
3504,1.0137500000000002,0.05
3505,0.9900000000000001,0.05
3506,0.4712499999999996,0.05
3507,1.205,0.05
3508,1.35375,0.05
3509,1.1375000000000002,0.05
3510,0.9950000000000001,0.05
3511,1.2,0.05
3512,1.0750000000000002,0.05
3513,1.0775000000000001,0.05
3514,1.1175000000000002,0.05
3515,1.5274999999999999,0.05
3516,1.1025,0.05
3517,1.2725000000000002,0.05
3518,0.9287500000000001,0.05
3519,1.38125,0.05
3520,0.48999999999999966,0.05
3521,1.155,0.05
3522,1.03375,0.05
3523,1.31875,0.05
3524,0.9137500000000001,0.05
3525,1.4275000000000002,0.05
3526,1.0475,0.05
3527,1.16625,0.05
3528,0.5687499999999998,0.05
3529,-0.6987499999999993,0.05
3530,1.27625,0.05
3531,0.94125,0.05
3532,1.17625,0.05
3533,1.23,0.05
3534,0.9900000000000001,0.05
3535,1.13625,0.05
3536,0.935,0.05
3537,1.245,0.05
3538,1.1912500000000001,0.05
3539,1.4300000000000002,0.05
3540,1.3362500000000002,0.05
3541,0.9212500000000001,0.05
3542,1.54125,0.05
3543,0.4924999999999997,0.05
3544,1.145,0.05
3545,1.5637500000000002,0.05
3546,0.855,0.05
3547,1.1625,0.05
3548,-2.893750000000001,0.05
3549,0.9875,0.05
3550,1.07375,0.05
3551,1.0075,0.05
3552,1.07125,0.05
3553,1.0987500000000001,0.05
3554,1.0637500000000002,0.05
3555,1.5137500000000002,0.05
3556,1.17375,0.05
3557,1.0212500000000002,0.05
3558,0.9400000000000001,0.05
3559,1.1300000000000001,0.05
3560,0.9425,0.05
3561,0.87,0.05
3562,1.18625,0.05
3563,1.01875,0.05
3564,1.1487500000000002,0.05
3565,1.195,0.05
3566,1.03875,0.05
3567,1.29875,0.05
3568,1.2175,0.05
3569,1.335,0.05
3570,1.22125,0.05
3571,1.0350000000000001,0.05
3572,1.1675,0.05
3573,1.23125,0.05
3574,1.1625,0.05
3575,1.445,0.05
3576,1.1300000000000001,0.05
3577,1.09,0.05
3578,-0.1499999999999997,0.05
3579,1.16625,0.05
3580,1.3250000000000002,0.05
3581,1.38625,0.05
3582,1.2337500000000001,0.05
3583,1.25,0.05
3584,1.0525000000000002,0.05
3585,0.5737499999999998,0.05
3586,-2.912500000000001,0.05
3587,1.2200000000000002,0.05
3588,1.3,0.05
3589,1.13625,0.05
3590,1.0575,0.05
3591,0.9850000000000001,0.05
3592,1.0987500000000001,0.05
3593,0.9237500000000001,0.05
3594,1.14375,0.05
3595,0.9337500000000001,0.05
3596,1.08875,0.05
3597,1.3325,0.05
3598,0.89875,0.05
3599,1.1325,0.05
3600,-0.04874999999999985,0.05
3601,0.935,0.05
3602,1.0925,0.05
3603,0.93,0.05
3604,1.3125,0.05
3605,0.9962500000000001,0.05
3606,1.0550000000000002,0.05
3607,1.095,0.05
3608,1.05,0.05
3609,1.32,0.05
3610,1.355,0.05
3611,0.6449999999999998,0.05
3612,1.08,0.05
3613,1.28125,0.05
3614,1.20875,0.05
3615,1.1300000000000001,0.05
3616,1.3825,0.05
3617,1.23125,0.05
3618,1.1287500000000001,0.05
3619,1.24,0.05
3620,1.2937500000000002,0.05
3621,1.485,0.05
3622,1.1287500000000001,0.05
3623,1.23875,0.05
3624,1.0950000000000002,0.05
3625,0.7875,0.05
3626,1.235,0.05
3627,1.4725000000000001,0.05
3628,1.0250000000000001,0.05
3629,1.44875,0.05
3630,0.8125,0.05
3631,1.4125,0.05
3632,1.44875,0.05
3633,1.1675,0.05
3634,1.44375,0.05
3635,1.0275,0.05
3636,1.31375,0.05
3637,1.405,0.05
3638,0.88,0.05
3639,1.29875,0.05
3640,1.17,0.05
3641,0.9650000000000001,0.05
3642,1.135,0.05
3643,1.045,0.05
3644,1.19,0.05
3645,1.11625,0.05
3646,0.89875,0.05
3647,1.31875,0.05
3648,0.8925000000000001,0.05
3649,1.15,0.05
3650,1.07125,0.05
3651,1.3162500000000001,0.05
3652,1.02625,0.05
3653,1.13625,0.05
3654,1.02,0.05
3655,1.0212500000000002,0.05
3656,0.935,0.05
3657,0.8562500000000001,0.05
3658,0.87,0.05
3659,0.6774999999999999,0.05
3660,1.04,0.05
3661,1.08,0.05
3662,-2.7550000000000012,0.05
3663,1.36375,0.05
3664,1.34125,0.05
3665,1.02125,0.05
3666,0.8350000000000001,0.05
3667,1.23625,0.05
3668,0.96125,0.05
3669,0.9087500000000001,0.05
3670,1.2200000000000002,0.05
3671,0.7075,0.05
3672,1.43625,0.05
3673,1.04,0.05
3674,1.135,0.05
3675,-0.1949999999999994,0.05
3676,0.9450000000000001,0.05
3677,1.13125,0.05
3678,1.1487500000000002,0.05
3679,0.9712500000000001,0.05
3680,1.1887500000000002,0.05
3681,1.1500000000000001,0.05
3682,1.2,0.05
3683,1.4412500000000001,0.05
3684,1.23125,0.05
3685,1.0237500000000002,0.05
3686,1.10125,0.05
3687,1.02,0.05
3688,0.9750000000000001,0.05
3689,1.13625,0.05
3690,0.98875,0.05
3691,1.295,0.05
3692,0.9850000000000001,0.05
3693,0.9475,0.05
3694,1.3325,0.05
3695,1.045,0.05
3696,1.07,0.05
3697,1.32375,0.05
3698,1.2750000000000001,0.05
3699,1.1375000000000002,0.05
3700,1.24,0.05
3701,0.9712500000000001,0.05
3702,1.02625,0.05
3703,1.155,0.05
3704,0.93,0.05
3705,1.0350000000000001,0.05
3706,-2.7625000000000006,0.05
3707,1.04,0.05
3708,0.9175,0.05
3709,-2.9425000000000012,0.05
3710,1.29125,0.05
3711,1.0625,0.05
3712,1.1600000000000001,0.05
3713,1.0562500000000001,0.05
3714,1.1725,0.05
3715,0.83,0.05
3716,1.0575,0.05
3717,1.105,0.05
3718,1.1350000000000002,0.05
3719,1.3075,0.05
3720,1.08375,0.05
3721,1.05875,0.05
3722,1.33375,0.05
3723,1.08375,0.05
3724,1.1625,0.05
3725,1.40375,0.05
3726,1.24125,0.05
3727,1.33125,0.05
3728,0.12249999999999983,0.05
3729,-2.840000000000001,0.05
3730,1.21875,0.05
3731,1.0550000000000002,0.05
3732,1.2537500000000001,0.05
3733,1.1287500000000001,0.05
3734,1.355,0.05
3735,0.84875,0.05
3736,-0.338749999999999,0.05
3737,1.2775,0.05
3738,1.1375000000000002,0.05
3739,1.1300000000000001,0.05
3740,1.4725000000000001,0.05
3741,0.96625,0.05
3742,1.33,0.05
3743,1.245,0.05
3744,1.09375,0.05
3745,1.2225000000000001,0.05
3746,1.0075,0.05
3747,0.9775,0.05
3748,0.81,0.05
3749,1.03,0.05
3750,1.2225000000000001,0.05
3751,0.8425,0.05
3752,-2.7687500000000007,0.05
3753,1.4800000000000002,0.05
3754,-0.5374999999999992,0.05
3755,1.3,0.05
3756,1.1612500000000001,0.05
3757,1.155,0.05
3758,1.3175000000000001,0.05
3759,1.15375,0.05
3760,0.935,0.05
3761,1.0925,0.05
3762,1.1712500000000001,0.05
3763,0.6662499999999999,0.05
3764,1.13125,0.05
3765,0.8225,0.05
3766,1.17625,0.05
3767,1.0750000000000002,0.05
3768,1.155,0.05
3769,0.6762499999999999,0.05
3770,1.1612500000000001,0.05
3771,1.1975,0.05
3772,0.7024999999999998,0.05
3773,1.18375,0.05
3774,0.8062499999999999,0.05
3775,1.4000000000000001,0.05
3776,0.925,0.05
3777,1.0575,0.05
3778,-3.4400000000000026,0.05
3779,1.30875,0.05
3780,0.905,0.05
3781,1.50875,0.05
3782,1.0,0.05
3783,1.4900000000000002,0.05
3784,1.2225000000000001,0.05
3785,1.4800000000000002,0.05
3786,1.13125,0.05
3787,1.345,0.05
3788,1.5362500000000001,0.05
3789,1.28875,0.05
3790,1.2075,0.05
3791,1.2087500000000002,0.05
3792,1.1800000000000002,0.05
3793,0.9712500000000001,0.05
3794,1.4625000000000001,0.05
3795,1.0025,0.05
3796,1.1,0.05
3797,1.1125,0.05
3798,1.2025000000000001,0.05
3799,1.4175,0.05
3800,1.27875,0.05
3801,1.20375,0.05
3802,1.4625000000000001,0.05
3803,0.96625,0.05
3804,1.205,0.05
3805,0.9712500000000001,0.05
3806,1.1487500000000002,0.05
3807,1.33,0.05
3808,1.2337500000000001,0.05
3809,1.23875,0.05
3810,1.1712500000000001,0.05
3811,1.0650000000000002,0.05
3812,-2.850000000000001,0.05
3813,1.195,0.05
3814,1.33125,0.05
3815,1.2637500000000002,0.05
3816,1.23625,0.05
3817,-2.823750000000001,0.05
3818,1.3987500000000002,0.05
3819,1.0012500000000002,0.05
3820,0.88125,0.05
3821,0.3299999999999996,0.05
3822,1.36375,0.05
3823,1.13125,0.05
3824,-3.067500000000001,0.05
3825,1.3125,0.05
3826,1.0250000000000001,0.05
3827,1.475,0.05
3828,1.03125,0.05
3829,1.3675000000000002,0.05
3830,1.4525000000000001,0.05
3831,0.9962500000000001,0.05
3832,0.8925000000000001,0.05
3833,1.28875,0.05
3834,0.8775000000000001,0.05
3835,0.7074999999999999,0.05
3836,-0.3249999999999995,0.05
3837,1.225,0.05
3838,1.1,0.05
3839,1.3075,0.05
3840,1.13625,0.05
3841,1.30875,0.05
3842,1.2637500000000002,0.05
3843,1.0450000000000002,0.05
3844,1.2025000000000001,0.05
3845,0.7825000000000001,0.05
3846,0.99,0.05
3847,1.08125,0.05
3848,0.79875,0.05
3849,1.1500000000000001,0.05
3850,0.9800000000000001,0.05
3851,1.0425,0.05
3852,1.115,0.05
3853,1.2437500000000001,0.05
3854,1.2725000000000002,0.05
3855,0.8375,0.05
3856,1.23625,0.05
3857,0.99,0.05
3858,0.8125,0.05
3859,1.3025,0.05
3860,1.04375,0.05
3861,1.1487500000000002,0.05
3862,1.4800000000000002,0.05
3863,1.43625,0.05
3864,1.2275,0.05
3865,0.98875,0.05
3866,1.23625,0.05
3867,0.5274999999999997,0.05
3868,0.8012499999999999,0.05
3869,1.155,0.05
3870,1.24125,0.05
3871,1.1712500000000001,0.05
3872,1.5037500000000001,0.05
3873,1.07,0.05
3874,0.9425000000000001,0.05
3875,0.9450000000000001,0.05
3876,1.1487500000000002,0.05
3877,1.11125,0.05
3878,1.15375,0.05
3879,1.3275000000000001,0.05
3880,1.0425,0.05
3881,1.5137500000000002,0.05
3882,1.045,0.05
3883,1.445,0.05
3884,0.94125,0.05
3885,1.2475,0.05
3886,1.06125,0.05
3887,1.23625,0.05
3888,1.1487500000000002,0.05
3889,1.2750000000000001,0.05
3890,1.185,0.05
3891,0.9525000000000001,0.05
3892,1.2775,0.05
3893,1.15,0.05
3894,0.6049999999999999,0.05
3895,1.12375,0.05
3896,0.9587500000000001,0.05
3897,1.31375,0.05
3898,1.0275,0.05
3899,0.11500000000000021,0.05
3900,0.8350000000000001,0.05
3901,1.25875,0.05
3902,1.35375,0.05
3903,1.4900000000000002,0.05
3904,1.1075,0.05
3905,1.1300000000000001,0.05
3906,0.9525000000000001,0.05
3907,1.28875,0.05
3908,1.02125,0.05
3909,1.2475,0.05
3910,0.9850000000000001,0.05
3911,1.12625,0.05
3912,1.3462500000000002,0.05
3913,1.08,0.05
3914,1.27875,0.05
3915,1.4675,0.05
3916,0.96625,0.05
3917,0.935,0.05
3918,0.8962500000000001,0.05
3919,1.1912500000000001,0.05
3920,1.2325000000000002,0.05
3921,1.1125,0.05
3922,0.99,0.05
3923,0.8049999999999999,0.05
3924,1.09,0.05
3925,1.3025,0.05
3926,1.2425000000000002,0.05
3927,1.33,0.05
3928,1.1300000000000001,0.05
3929,1.19,0.05
3930,1.0987500000000001,0.05
3931,1.2025000000000001,0.05
3932,0.8212499999999999,0.05
3933,0.6574999999999999,0.05
3934,0.915,0.05
3935,0.5512499999999999,0.05
3936,1.105,0.05
3937,0.93,0.05
3938,1.145,0.05
3939,0.82875,0.05
3940,1.1087500000000001,0.05
3941,1.3262500000000002,0.05
3942,1.27625,0.05
3943,1.01875,0.05
3944,1.07375,0.05
3945,0.815,0.05
3946,0.9337500000000001,0.05
3947,1.01125,0.05
3948,0.9800000000000001,0.05
3949,0.90375,0.05
3950,1.00625,0.05
3951,1.10375,0.05
3952,1.2775,0.05
3953,1.0425,0.05
3954,1.145,0.05
3955,1.18375,0.05
3956,1.32,0.05
3957,1.15375,0.05
3958,1.3462500000000002,0.05
3959,1.13125,0.05
3960,1.2225000000000001,0.05
3961,1.07625,0.05
3962,0.5737499999999999,0.05
3963,1.0637500000000002,0.05
3964,1.1912500000000001,0.05
3965,1.1712500000000001,0.05
3966,1.5225000000000002,0.05
3967,0.9837500000000001,0.05
3968,1.0750000000000002,0.05
3969,1.17875,0.05
3970,1.02,0.05
3971,1.14375,0.05
3972,1.32125,0.05
3973,1.2275,0.05
3974,0.9825000000000002,0.05
3975,1.0425,0.05
3976,0.9275000000000001,0.05
3977,1.07375,0.05
3978,1.22125,0.05
3979,1.06,0.05
3980,1.095,0.05
3981,1.2750000000000001,0.05
3982,1.4912500000000002,0.05
3983,0.82375,0.05
3984,1.0450000000000002,0.05
3985,1.13125,0.05
3986,1.115,0.05
3987,1.1675,0.05
3988,1.20875,0.05
3989,1.02125,0.05
3990,1.2225000000000001,0.05
3991,1.105,0.05
3992,1.0137500000000002,0.05
3993,1.2825000000000002,0.05
3994,1.3075,0.05
3995,1.18375,0.05
3996,0.6412499999999999,0.05
3997,0.9850000000000001,0.05
3998,1.13375,0.05
3999,-0.1387499999999997,0.05
4000,0.7675,0.05
4001,1.33125,0.05
4002,1.0762500000000002,0.05
4003,1.26,0.05
4004,1.0637500000000002,0.05
4005,0.7962499999999999,0.05
4006,1.24125,0.05
4007,0.5999999999999998,0.05
4008,1.24875,0.05
4009,1.07125,0.05
4010,1.13125,0.05
4011,0.3474999999999999,0.05
4012,1.27,0.05
4013,0.83625,0.05
4014,1.3675000000000002,0.05
4015,1.21,0.05
4016,1.145,0.05
4017,1.485,0.05
4018,1.1725,0.05
4019,1.3775000000000002,0.05
4020,1.1487500000000002,0.05
4021,1.25875,0.05
4022,1.24,0.05
4023,1.1487500000000002,0.05
4024,0.99,0.05
4025,1.18625,0.05
4026,1.4300000000000002,0.05
4027,1.07,0.05
4028,1.145,0.05
4029,1.0987500000000001,0.05
4030,1.2225000000000001,0.05
4031,1.1725,0.05
4032,1.095,0.05
4033,1.0025,0.05
4034,1.0425,0.05
4035,1.225,0.05
4036,0.90375,0.05
4037,0.7187500000000001,0.05
4038,1.3275000000000001,0.05
4039,1.08125,0.05
4040,1.5687499999999999,0.05
4041,1.405,0.05
4042,1.20375,0.05
4043,1.3625,0.05
4044,1.21,0.05
4045,1.3887500000000002,0.05
4046,1.09,0.05
4047,1.20375,0.05
4048,1.3275000000000001,0.05
4049,0.7699999999999999,0.05
4050,1.1300000000000001,0.05
4051,1.38625,0.05
4052,1.4075,0.05
4053,0.8850000000000001,0.05
4054,1.08125,0.05
4055,1.1125,0.05
4056,1.09375,0.05
4057,1.23125,0.05
4058,1.06125,0.05
4059,0.7437500000000001,0.05
4060,1.08125,0.05
4061,0.6912499999999998,0.05
4062,1.115,0.05
4063,1.0425,0.05
4064,1.35,0.05
4065,0.9425,0.05
4066,1.0325000000000002,0.05
4067,0.94625,0.05
4068,1.07625,0.05
4069,1.10125,0.05
4070,1.4775,0.05
4071,1.2625000000000002,0.05
4072,1.20375,0.05
4073,0.8125,0.05
4074,1.0575,0.05
4075,1.2537500000000001,0.05
4076,1.0625,0.05
4077,0.6037499999999998,0.05
4078,1.15625,0.05
4079,0.7325,0.05
4080,1.1675,0.05
4081,1.2225000000000001,0.05
4082,1.1287500000000001,0.05
4083,1.1812500000000001,0.05
4084,1.0762500000000002,0.05
4085,1.1287500000000001,0.05
4086,1.18625,0.05
4087,0.9850000000000001,0.05
4088,1.1912500000000001,0.05
4089,0.6512499999999998,0.05
4090,0.9712500000000001,0.05
4091,1.09875,0.05
4092,1.485,0.05
4093,1.1675,0.05
4094,1.2337500000000001,0.05
4095,1.23625,0.05
4096,1.11,0.05
4097,1.1487500000000002,0.05
4098,1.48125,0.05
4099,1.2200000000000002,0.05
4100,1.03875,0.05
4101,1.45375,0.05
4102,0.23499999999999988,0.05
4103,1.0750000000000002,0.05
4104,1.13375,0.05
4105,1.0650000000000002,0.05
4106,1.4325,0.05
4107,1.25875,0.05
4108,1.53125,0.05
4109,0.9512500000000002,0.05
4110,1.4912500000000002,0.05
4111,1.54125,0.05
4112,1.0037500000000001,0.05
4113,1.3275000000000001,0.05
4114,1.1725,0.05
4115,1.1975000000000002,0.05
4116,-3.04375,0.05
4117,1.2537500000000001,0.05
4118,1.2275,0.05
4119,1.17875,0.05
4120,1.33,0.05
4121,1.435,0.05
4122,1.385,0.05
4123,1.2175,0.05
4124,1.27,0.05
4125,1.095,0.05
4126,1.31,0.05
4127,1.15125,0.05
4128,1.135,0.05
4129,0.9850000000000001,0.05
4130,1.185,0.05
4131,1.3262500000000002,0.05
4132,1.1625,0.05
4133,-0.4424999999999992,0.05
4134,1.0875000000000001,0.05
4135,1.2625000000000002,0.05
4136,1.38375,0.05
4137,1.0025,0.05
4138,1.0050000000000001,0.05
4139,1.555,0.05
4140,1.23625,0.05
4141,1.2750000000000001,0.05
4142,1.2637500000000002,0.05
4143,1.2675,0.05
4144,1.18125,0.05
4145,1.045,0.05
4146,0.9387500000000001,0.05
4147,0.88,0.05
4148,1.20375,0.05
4149,1.45875,0.05
4150,1.33,0.05
4151,0.0475000000000001,0.05
4152,1.045,0.05
4153,1.02,0.05
4154,1.53125,0.05
4155,1.2937500000000002,0.05
4156,1.0075,0.05
4157,0.4137499999999996,0.05
4158,1.13375,0.05
4159,0.895,0.05
4160,1.1675,0.05
4161,1.30375,0.05
4162,1.185,0.05
4163,1.11,0.05
4164,1.1125,0.05
4165,1.1625,0.05
4166,1.13625,0.05
4167,1.2825000000000002,0.05
4168,1.1712500000000001,0.05
4169,1.0975000000000001,0.05
4170,1.0375,0.05
4171,1.17,0.05
4172,1.135,0.05
4173,1.2625000000000002,0.05
4174,0.6049999999999998,0.05
4175,1.18625,0.05
4176,1.2225000000000001,0.05
4177,0.8775000000000001,0.05
4178,1.07625,0.05
4179,1.1175000000000002,0.05
4180,0.895,0.05
4181,0.6312499999999998,0.05
4182,1.45375,0.05
4183,1.32625,0.05
4184,1.23875,0.05
4185,1.0437500000000002,0.05
4186,1.0825,0.05
4187,1.03875,0.05
4188,0.8225,0.05
4189,1.20875,0.05
4190,0.5124999999999998,0.05
4191,0.9700000000000002,0.05
4192,1.3,0.05
4193,1.365,0.05
4194,1.2962500000000001,0.05
4195,1.07125,0.05
4196,1.15,0.05
4197,0.8975000000000001,0.05
4198,1.1075,0.05
4199,1.1912500000000001,0.05
4200,1.3025,0.05
4201,1.2950000000000002,0.05
4202,1.45375,0.05
4203,1.0325000000000002,0.05
4204,1.29125,0.05
4205,1.3800000000000001,0.05
4206,1.26375,0.05
4207,1.3125,0.05
4208,1.2175,0.05
4209,1.19875,0.05
4210,1.2275,0.05
4211,1.1487500000000002,0.05
4212,1.1300000000000001,0.05
4213,1.1725,0.05
4214,1.24875,0.05
4215,1.1625,0.05
4216,1.1725,0.05
4217,1.1,0.05
4218,1.15375,0.05
4219,0.9775000000000001,0.05
4220,0.935,0.05
4221,1.02875,0.05
4222,1.1125,0.05
4223,1.3487500000000001,0.05
4224,1.39375,0.05
4225,0.89875,0.05
4226,0.96875,0.05
4227,1.0325000000000002,0.05
4228,1.2825000000000002,0.05
4229,-0.44624999999999937,0.05
4230,1.22125,0.05
4231,1.24,0.05
4232,1.0462500000000001,0.05
4233,1.11625,0.05
4234,1.2550000000000001,0.05
4235,1.2950000000000002,0.05
4236,1.08125,0.05
4237,1.13625,0.05
4238,1.06125,0.05
4239,1.0575,0.05
4240,1.2825000000000002,0.05
4241,1.0562500000000001,0.05
4242,1.29125,0.05
4243,1.06875,0.05
4244,1.0025,0.05
4245,1.15375,0.05
4246,1.1675,0.05
4247,0.8274999999999999,0.05
4248,1.0425,0.05
4249,0.85,0.05
4250,1.30875,0.05
4251,1.23625,0.05
4252,-0.8625,0.05
4253,0.5112499999999998,0.05
4254,0.815,0.05
4255,1.13625,0.05
4256,1.20375,0.05
4257,1.24625,0.05
4258,1.3487500000000001,0.05
4259,1.5225000000000002,0.05
4260,1.2225000000000001,0.05
4261,1.4412500000000001,0.05
4262,1.2200000000000002,0.05
4263,1.0,0.05
4264,0.9550000000000001,0.05
4265,1.1,0.05
4266,1.19375,0.05
4267,1.26,0.05
4268,1.1525,0.05
4269,1.0212500000000002,0.05
4270,1.04,0.05
4271,-2.6125000000000003,0.05
4272,1.0987500000000001,0.05
4273,1.1300000000000001,0.05
4274,1.1675,0.05
4275,1.2112500000000002,0.05
4276,0.90625,0.05
4277,1.095,0.05
4278,1.3275000000000001,0.05
4279,1.435,0.05
4280,1.07,0.05
4281,1.0625,0.05
4282,1.2737500000000002,0.05
4283,1.2075,0.05
4284,1.245,0.05
4285,0.9837500000000001,0.05
4286,0.91625,0.05
4287,0.81875,0.05
4288,1.25875,0.05
4289,1.0450000000000002,0.05
4290,0.9325000000000001,0.05
4291,1.4200000000000002,0.05
4292,1.4225,0.05
4293,1.0237500000000002,0.05
4294,1.24,0.05
4295,1.3275000000000001,0.05
4296,1.33125,0.05
4297,1.1400000000000001,0.05
4298,1.09375,0.05
4299,1.1612500000000001,0.05
4300,1.19875,0.05
4301,0.9337500000000001,0.05
4302,1.33,0.05
4303,1.20375,0.05
4304,0.9900000000000001,0.05
4305,1.4125,0.05
4306,0.895,0.05
4307,0.88,0.05
4308,1.3,0.05
4309,0.8375,0.05
4310,0.67,0.05
4311,1.205,0.05
4312,0.9137500000000001,0.05
4313,1.385,0.05
4314,1.1712500000000001,0.05
4315,0.935,0.05
4316,0.7487499999999999,0.05
4317,1.37,0.05
4318,1.405,0.05
4319,1.14625,0.05
4320,1.2750000000000001,0.05
4321,1.49875,0.05
4322,0.9287500000000001,0.05
4323,1.205,0.05
4324,0.765,0.05
4325,0.9850000000000001,0.05
4326,1.11125,0.05
4327,1.3525,0.05
4328,0.82375,0.05
4329,1.3262500000000002,0.05
4330,1.1175000000000002,0.05
4331,1.21625,0.05
4332,1.50875,0.05
4333,1.01875,0.05
4334,1.1062500000000002,0.05
4335,1.1175000000000002,0.05
4336,0.9850000000000001,0.05
4337,1.1125,0.05
4338,1.29125,0.05
4339,1.42625,0.05
4340,0.7274999999999999,0.05
4341,0.93,0.05
4342,1.07875,0.05
4343,1.27625,0.05
4344,0.9700000000000001,0.05
4345,1.10125,0.05
4346,0.84125,0.05
4347,1.155,0.05
4348,1.40875,0.05
4349,1.045,0.05
4350,1.15125,0.05
4351,1.1725,0.05
4352,1.0075,0.05
4353,1.1,0.05
4354,1.22625,0.05
4355,1.13625,0.05
4356,1.03875,0.05
4357,1.39375,0.05
4358,0.07000000000000006,0.05
4359,1.2937500000000002,0.05
4360,1.5037500000000001,0.05
4361,1.3687500000000001,0.05
4362,1.1400000000000001,0.05
4363,1.385,0.05
4364,1.24,0.05
4365,1.39125,0.05
4366,1.53625,0.05
4367,1.31375,0.05
4368,1.405,0.05
4369,1.20875,0.05
4370,1.11125,0.05
4371,1.1725,0.05
4372,0.92125,0.05
4373,1.19,0.05
4374,1.135,0.05
4375,1.155,0.05
4376,1.26625,0.05
4377,1.5175,0.05
4378,1.3487500000000001,0.05
4379,1.405,0.05
4380,0.8900000000000001,0.05
4381,0.19625000000000004,0.05
4382,1.2675,0.05
4383,0.26749999999999985,0.05
4384,0.9875,0.05
4385,1.21,0.05
4386,1.3125,0.05
4387,1.5499999999999998,0.05
4388,0.9650000000000001,0.05
4389,0.9675,0.05
4390,0.915,0.05
4391,1.1712500000000001,0.05
4392,1.25875,0.05
4393,1.08,0.05
4394,1.3450000000000002,0.05
4395,1.095,0.05
4396,1.2850000000000001,0.05
4397,1.41375,0.05
4398,0.9900000000000001,0.05
4399,0.9700000000000001,0.05
4400,1.24,0.05
4401,1.18125,0.05
4402,1.0350000000000001,0.05
4403,0.8425,0.05
4404,1.105,0.05
4405,1.07625,0.05
4406,1.13625,0.05
4407,0.7037499999999999,0.05
4408,0.8612500000000001,0.05
4409,1.28,0.05
4410,1.01875,0.05
4411,1.35,0.05
4412,0.83875,0.05
4413,-0.4099999999999995,0.05
4414,1.435,0.05
4415,1.2087500000000002,0.05
4416,1.2825,0.05
4417,1.1675,0.05
4418,1.24625,0.05
4419,1.33125,0.05
4420,1.28875,0.05
4421,0.9700000000000001,0.05
4422,0.71,0.05
4423,1.2075,0.05
4424,1.16625,0.05
4425,1.25875,0.05
4426,1.1675,0.05
4427,0.9637500000000001,0.05
4428,0.93,0.05
4429,1.2337500000000001,0.05
4430,1.145,0.05
4431,0.21999999999999997,0.05
4432,1.2225000000000001,0.05
4433,1.07875,0.05
4434,1.12375,0.05
4435,1.13125,0.05
4436,1.14125,0.05
4437,1.33125,0.05
4438,1.25875,0.05
4439,0.84,0.05
4440,1.1725,0.05
4441,0.9175000000000001,0.05
4442,0.9325000000000001,0.05
4443,1.11,0.05
4444,0.9,0.05
4445,1.135,0.05
4446,0.98875,0.05
4447,1.06,0.05
4448,0.9512500000000002,0.05
4449,1.33875,0.05
4450,0.91625,0.05
4451,1.2537500000000001,0.05
4452,1.3900000000000001,0.05
4453,1.08125,0.05
4454,1.07375,0.05
4455,1.1125,0.05
4456,1.165,0.05
4457,1.33125,0.05
4458,1.05,0.05
4459,1.125,0.05
4460,1.02125,0.05
4461,1.0562500000000001,0.05
4462,1.13625,0.05
4463,1.2337500000000001,0.05
4464,0.9750000000000001,0.05
4465,0.99,0.05
4466,1.24125,0.05
4467,0.8962500000000001,0.05
4468,1.38125,0.05
4469,1.35,0.05
4470,0.7687499999999999,0.05
4471,1.39125,0.05
4472,1.0012500000000002,0.05
4473,1.1487500000000002,0.05
4474,1.0562500000000001,0.05
4475,1.145,0.05
4476,1.02,0.05
4477,1.24125,0.05
4478,1.31375,0.05
4479,1.0362500000000001,0.05
4480,1.02625,0.05
4481,0.5099999999999997,0.05
4482,1.3675000000000002,0.05
4483,1.1225,0.05
4484,1.0437500000000002,0.05
4485,1.1125,0.05
4486,1.1887500000000002,0.05
4487,1.2175,0.05
4488,1.1575,0.05
4489,1.08,0.05
4490,1.19625,0.05
4491,1.08125,0.05
4492,1.2962500000000001,0.05
4493,0.6499999999999998,0.05
4494,1.17875,0.05
4495,1.54125,0.05
4496,1.1125,0.05
4497,1.37625,0.05
4498,1.2225000000000001,0.05
4499,0.5837499999999998,0.05
4500,1.3337500000000002,0.05
4501,1.31875,0.05
4502,1.19625,0.05
4503,1.07875,0.05
4504,1.47625,0.05
4505,1.1487500000000002,0.05
4506,1.4175,0.05
4507,1.18125,0.05
4508,1.155,0.05
4509,1.20375,0.05
4510,1.2000000000000002,0.05
4511,1.5037500000000001,0.05
4512,1.3275000000000001,0.05
4513,1.40875,0.05
4514,0.9525000000000001,0.05
4515,1.1525,0.05
4516,1.5225000000000002,0.05
4517,1.2437500000000001,0.05
4518,1.2275,0.05
4519,1.3275000000000001,0.05
4520,1.0950000000000002,0.05
4521,1.2537500000000001,0.05
4522,0.9087500000000001,0.05
4523,1.1487500000000002,0.05
4524,0.86125,0.05
4525,1.01875,0.05
4526,1.1125,0.05
4527,1.4000000000000001,0.05
4528,0.99,0.05
4529,1.13625,0.05
4530,1.02125,0.05
4531,1.19625,0.05
4532,1.07875,0.05
4533,0.90625,0.05
4534,1.1575000000000002,0.05
4535,1.115,0.05
4536,1.51375,0.05
4537,1.135,0.05
4538,1.19875,0.05
4539,1.2075,0.05
4540,1.19,0.05
4541,1.165,0.05
4542,1.08,0.05
4543,1.18125,0.05
4544,1.21625,0.05
4545,1.1487500000000002,0.05
4546,0.8975000000000001,0.05
4547,1.2725,0.05
4548,1.27,0.05
4549,1.13125,0.05
4550,1.0437500000000002,0.05
4551,1.3137500000000002,0.05
4552,1.2075,0.05
4553,1.4000000000000001,0.05
4554,1.1,0.05
4555,1.02125,0.05
4556,1.18375,0.05
4557,1.27,0.05
4558,1.5,0.05
4559,1.13125,0.05
4560,1.0237500000000002,0.05
4561,1.29125,0.05
4562,1.105,0.05
4563,1.02125,0.05
4564,1.45375,0.05
4565,1.33,0.05
4566,1.30875,0.05
4567,1.2075,0.05
4568,1.01875,0.05
4569,1.07625,0.05
4570,1.0750000000000002,0.05
4571,1.02125,0.05
4572,1.32125,0.05
4573,1.48625,0.05
4574,1.35375,0.05
4575,1.0025,0.05
4576,1.0775000000000001,0.05
4577,0.96875,0.05
4578,1.33875,0.05
4579,0.8062499999999999,0.05
4580,1.27625,0.05
4581,1.3325,0.05
4582,1.0100000000000002,0.05
4583,1.3675000000000002,0.05
4584,1.2525,0.05
4585,1.16625,0.05
4586,1.23875,0.05
4587,0.88125,0.05
4588,1.2000000000000002,0.05
4589,1.1912500000000001,0.05
4590,1.4412500000000001,0.05
4591,1.22625,0.05
4592,1.1,0.05
4593,1.45875,0.05
4594,0.6437499999999999,0.05
4595,1.2537500000000001,0.05
4596,1.25125,0.05
4597,0.5487499999999998,0.05
4598,1.13625,0.05
4599,0.88,0.05
4600,1.0575,0.05
4601,1.0137500000000002,0.05
4602,0.84875,0.05
4603,1.1600000000000001,0.05
4604,1.28125,0.05
4605,1.25875,0.05
4606,1.47625,0.05
4607,1.28,0.05
4608,1.05125,0.05
4609,1.2750000000000001,0.05
4610,1.00625,0.05
4611,0.9700000000000001,0.05
4612,0.6887499999999999,0.05
4613,1.215,0.05
4614,0.9525000000000001,0.05
4615,1.0450000000000002,0.05
4616,0.6487499999999998,0.05
4617,1.2000000000000002,0.05
4618,0.84875,0.05
4619,1.07375,0.05
4620,1.2625000000000002,0.05
4621,0.9700000000000001,0.05
4622,1.07125,0.05
4623,0.87875,0.05
4624,1.07375,0.05
4625,1.19375,0.05
4626,0.7575,0.05
4627,1.1500000000000001,0.05
4628,1.295,0.05
4629,1.0987500000000001,0.05
4630,1.2225000000000001,0.05
4631,0.8650000000000001,0.05
4632,1.17,0.05
4633,1.1612500000000001,0.05
4634,1.35,0.05
4635,1.33375,0.05
4636,1.4575,0.05
4637,1.2550000000000001,0.05
4638,1.155,0.05
4639,1.31875,0.05
4640,1.2862500000000001,0.05
4641,1.08125,0.05
4642,0.6024999999999998,0.05
4643,0.9500000000000001,0.05
4644,1.29,0.05
4645,1.19875,0.05
4646,-2.830000000000001,0.05
4647,1.2337500000000001,0.05
4648,1.0987500000000001,0.05
4649,1.01125,0.05
4650,1.4225,0.05
4651,1.2,0.05
4652,1.2937500000000002,0.05
4653,1.31375,0.05
4654,0.82,0.05
4655,1.135,0.05
4656,1.18625,0.05
4657,1.04125,0.05
4658,1.28125,0.05
4659,0.7049999999999998,0.05
4660,0.96,0.05
4661,1.2075,0.05
4662,1.36375,0.05
4663,1.24875,0.05
4664,1.1525,0.05
4665,0.9650000000000001,0.05
4666,0.99,0.05
4667,1.5137500000000002,0.05
4668,1.28125,0.05
4669,1.2275,0.05
4670,1.26125,0.05
4671,-2.718750000000001,0.05
4672,1.38125,0.05
4673,1.29125,0.05
4674,1.0462500000000001,0.05
4675,1.03875,0.05
4676,1.09375,0.05
4677,1.1900000000000002,0.05
4678,1.27625,0.05
4679,1.14375,0.05
4680,-0.17249999999999965,0.05
4681,1.00875,0.05
4682,1.2275,0.05
4683,1.28125,0.05
4684,1.115,0.05
4685,1.0437500000000002,0.05
4686,1.0237500000000002,0.05
4687,1.4075,0.05
4688,1.39125,0.05
4689,1.5,0.05
4690,0.9850000000000001,0.05
4691,0.9337500000000001,0.05
4692,0.7674999999999998,0.05
4693,1.1912500000000001,0.05
4694,1.2337500000000001,0.05
4695,1.16625,0.05
4696,1.205,0.05
4697,0.9525000000000001,0.05
4698,1.455,0.05
4699,1.105,0.05
4700,1.2550000000000001,0.05
4701,1.07875,0.05
4702,0.80375,0.05
4703,1.1525,0.05
4704,1.01875,0.05
4705,0.17000000000000015,0.05
4706,1.42625,0.05
4707,1.445,0.05
4708,1.1487500000000002,0.05
4709,0.8049999999999999,0.05
4710,0.9512500000000002,0.05
4711,0.82375,0.05
4712,1.15375,0.05
4713,0.5787499999999999,0.05
4714,1.1887500000000002,0.05
4715,1.0237500000000002,0.05
4716,0.7075,0.05
4717,1.30875,0.05
4718,1.1,0.05
4719,1.1487500000000002,0.05
4720,1.205,0.05
4721,1.1375000000000002,0.05
4722,1.1975,0.05
4723,0.8049999999999999,0.05
4724,1.0975000000000001,0.05
4725,1.2337500000000001,0.05
4726,1.13625,0.05
4727,0.7462499999999999,0.05
4728,1.1175000000000002,0.05
4729,1.3725,0.05
4730,0.9737500000000001,0.05
4731,1.20875,0.05
4732,1.195,0.05
4733,1.20625,0.05
4734,1.3687500000000001,0.05
4735,1.1725,0.05
4736,1.24,0.05
4737,1.0425,0.05
4738,0.9587500000000001,0.05
4739,1.1887500000000002,0.05
4740,0.9425000000000001,0.05
4741,1.13625,0.05
4742,1.0562500000000001,0.05
4743,1.15,0.05
4744,0.9325000000000001,0.05
4745,1.30875,0.05
4746,0.9325000000000001,0.05
4747,1.38625,0.05
4748,1.0425,0.05
4749,1.26375,0.05
4750,1.2275,0.05
4751,0.87375,0.05
4752,1.25875,0.05
4753,1.06125,0.05
4754,1.245,0.05
4755,1.155,0.05
4756,1.3525,0.05
4757,1.25875,0.05
4758,1.02625,0.05
4759,1.28125,0.05
4760,1.1725,0.05
4761,1.2337500000000001,0.05
4762,1.15,0.05
4763,1.1725,0.05
4764,1.1025,0.05
4765,1.48125,0.05
4766,1.19875,0.05
4767,1.1675,0.05
4768,1.29,0.05
4769,1.2225000000000001,0.05
4770,1.1287500000000001,0.05
4771,1.3362500000000002,0.05
4772,1.41375,0.05
4773,1.29125,0.05
4774,0.85875,0.05
4775,1.125,0.05
4776,1.1500000000000001,0.05
4777,0.9900000000000001,0.05
4778,1.23,0.05
4779,1.485,0.05
4780,1.3362500000000002,0.05
4781,0.9650000000000001,0.05
4782,0.77375,0.05
4783,1.35,0.05
4784,1.2550000000000001,0.05
4785,1.07375,0.05
4786,0.915,0.05
4787,1.2850000000000001,0.05
4788,1.07875,0.05
4789,1.295,0.05
4790,1.185,0.05
4791,0.91625,0.05
4792,1.1475000000000002,0.05
4793,1.0237500000000002,0.05
4794,1.02625,0.05
4795,1.1125,0.05
4796,1.2325000000000002,0.05
4797,0.85875,0.05
4798,1.4000000000000001,0.05
4799,1.4937500000000001,0.05
4800,0.5512499999999997,0.05
4801,1.12625,0.05
4802,1.2275,0.05
4803,1.33875,0.05
4804,1.045,0.05
4805,1.2200000000000002,0.05
4806,1.1062500000000002,0.05
4807,0.9137500000000001,0.05
4808,1.2237500000000001,0.05
4809,1.1175000000000002,0.05
4810,1.07,0.05
4811,0.78,0.05
4812,1.10375,0.05
4813,1.145,0.05
4814,1.0875000000000001,0.05
4815,1.1700000000000002,0.05
4816,0.96625,0.05
4817,1.3487500000000001,0.05
4818,1.2937500000000002,0.05
4819,1.23625,0.05
4820,1.3987500000000002,0.05
4821,1.31375,0.05
4822,0.915,0.05
4823,1.09,0.05
4824,0.7512500000000001,0.05
4825,1.215,0.05
4826,1.2775,0.05
4827,1.25875,0.05
4828,1.05875,0.05
4829,1.1675,0.05
4830,1.2225000000000001,0.05
4831,1.2962500000000001,0.05
4832,1.28125,0.05
4833,0.77,0.05
4834,1.05,0.05
4835,1.11625,0.05
4836,1.0750000000000002,0.05
4837,0.80625,0.05
4838,1.3175000000000001,0.05
4839,1.1912500000000001,0.05
4840,1.45375,0.05
4841,1.215,0.05
4842,1.0987500000000001,0.05
4843,1.19,0.05
4844,1.36375,0.05
4845,1.07875,0.05
4846,1.0212500000000002,0.05
4847,1.1125,0.05
4848,1.215,0.05
4849,1.04,0.05
4850,1.0925,0.05
4851,1.095,0.05
4852,1.0,0.05
4853,1.23625,0.05
4854,1.11125,0.05
4855,1.23875,0.05
4856,0.93625,0.05
4857,1.07625,0.05
4858,1.06875,0.05
4859,1.04,0.05
4860,1.01625,0.05
4861,0.82,0.05
4862,1.38125,0.05
4863,1.20875,0.05
4864,1.24,0.05
4865,1.2725000000000002,0.05
4866,1.2625000000000002,0.05
4867,1.0550000000000002,0.05
4868,1.2825,0.05
4869,1.08125,0.05
4870,0.7324999999999999,0.05
4871,1.2275,0.05
4872,0.9525000000000001,0.05
4873,1.1975,0.05
4874,1.0625,0.05
4875,1.07125,0.05
4876,1.2,0.05
4877,1.0350000000000001,0.05
4878,1.0425,0.05
4879,1.2175,0.05
4880,1.195,0.05
4881,1.155,0.05
4882,1.3,0.05
4883,1.1812500000000001,0.05
4884,-0.2749999999999997,0.05
4885,1.09,0.05
4886,0.85,0.05
4887,1.215,0.05
4888,1.34,0.05
4889,0.86875,0.05
4890,1.3675000000000002,0.05
4891,1.20875,0.05
4892,1.2375,0.05
4893,1.10125,0.05
4894,1.095,0.05
4895,1.24,0.05
4896,1.29875,0.05
4897,1.0925,0.05
4898,1.4300000000000002,0.05
4899,1.28875,0.05
4900,1.115,0.05
4901,1.1475,0.05
4902,1.2775,0.05
4903,0.905,0.05
4904,1.07625,0.05
4905,1.095,0.05
4906,1.31375,0.05
4907,0.935,0.05
4908,1.01625,0.05
4909,1.25875,0.05
4910,1.2225000000000001,0.05
4911,1.0775000000000001,0.05
4912,1.165,0.05
4913,0.6962499999999999,0.05
4914,0.765,0.05
4915,1.08875,0.05
4916,1.475,0.05
4917,1.22125,0.05
4918,1.0625,0.05
4919,1.2175,0.05
4920,0.7675,0.05
4921,1.3825,0.05
4922,0.9325000000000001,0.05
4923,1.0962500000000002,0.05
4924,1.28125,0.05
4925,1.2725,0.05
4926,0.7925,0.05
4927,1.17,0.05
4928,1.405,0.05
4929,0.87375,0.05
4930,1.2337500000000001,0.05
4931,-0.49999999999999933,0.05
4932,1.1475,0.05
4933,0.6962499999999999,0.05
4934,1.2962500000000001,0.05
4935,1.145,0.05
4936,1.27125,0.05
4937,0.9775,0.05
4938,1.1875,0.05
4939,1.155,0.05
4940,1.0750000000000002,0.05
4941,0.96125,0.05
4942,0.96625,0.05
4943,1.2775,0.05
4944,1.27625,0.05
4945,1.2375,0.05
4946,1.15625,0.05
4947,1.245,0.05
4948,0.96625,0.05
4949,1.16625,0.05
4950,1.15375,0.05
4951,1.13375,0.05
4952,-3.148750000000001,0.05
4953,1.2625000000000002,0.05
4954,0.98875,0.05
4955,1.405,0.05
4956,1.25875,0.05
4957,1.18625,0.05
4958,0.9137500000000001,0.05
4959,0.012500000000000178,0.05
4960,0.9850000000000001,0.05
4961,1.205,0.05
4962,1.08125,0.05
4963,0.6887499999999999,0.05
4964,0.7849999999999999,0.05
4965,1.11625,0.05
4966,0.5837499999999998,0.05
4967,1.1812500000000001,0.05
4968,1.22125,0.05
4969,1.4675,0.05
4970,-2.8062500000000004,0.05
4971,1.35,0.05
4972,1.295,0.05
4973,1.4187500000000002,0.05
4974,0.7575,0.05
4975,1.22125,0.05
4976,1.29125,0.05
4977,0.88,0.05
4978,0.03500000000000014,0.05
4979,0.6412499999999999,0.05
4980,0.5799999999999997,0.05
4981,1.34375,0.05
4982,1.2975,0.05
4983,1.2225000000000001,0.05
4984,1.2075,0.05
4985,1.3137500000000002,0.05
4986,1.39375,0.05
4987,1.3625,0.05
4988,1.02625,0.05
4989,1.21625,0.05
4990,0.9975,0.05
4991,1.21625,0.05
4992,1.15,0.05
4993,1.475,0.05
4994,1.2525,0.05
4995,0.9450000000000001,0.05
4996,1.2850000000000001,0.05
4997,1.21,0.05
4998,0.7087499999999999,0.05
4999,1.22625,0.05
5000,1.13125,0.05
